piece,dataset,beat_fmeasure,beat_cemgil,beat_cemgil_max,beat_cemgil_bt_legacy,beat_cmlc,beat_cmlt,beat_amlc,beat_amlt,downbeat_fmeasure,downbeat_cemgil,downbeat_cemgil_max,downbeat_cemgil_bt_legacy,downbeat_cmlc,downbeat_cmlt,downbeat_amlc,downbeat_amlt,beat_diag_count,beat_diag_ibi_lt_140ms,beat_diag_ibi_lt_200ms,beat_diag_log_ibi_jump_p95,downbeat_diag_count,downbeat_diag_ibi_lt_140ms,downbeat_diag_ibi_lt_200ms,downbeat_diag_log_ibi_jump_p95,downbeats_off_beat
smc/smc_001/track.npy,smc,0.5970149253731343,0.43728304299821963,0.462781651693979,0.4500323473460993,0.15384615384615385,0.46153846153846156,0.18181818181818182,0.46153846153846156,nan,nan,nan,nan,nan,nan,nan,nan,43.0,0.0,0.0,0.6931471805599453,35.0,0.0,0.0,0.8395907089682235,0.0
smc/smc_002/track.npy,smc,0.4768211920529801,0.3495118214223927,0.3495118214223927,0.3495118214223927,0.0,0.0,0.0,0.0,nan,nan,nan,nan,nan,nan,nan,nan,131.0,0.0,0.0,0.18523371143522765,44.0,0.0,0.0,0.07919951737093442,0.0
smc/smc_003/track.npy,smc,0.6373626373626373,0.5493954208488814,0.5493954208488814,0.5493954208488814,0.22641509433962265,0.37735849056603776,0.22641509433962265,0.37735849056603776,nan,nan,nan,nan,nan,nan,nan,nan,64.0,0.0,0.0,0.36415183192620204,38.0,0.0,0.0,0.8925420362948988,0.0
smc/smc_004/track.npy,smc,0.6097560975609756,0.47896110461462227,0.5399508256671859,0.5094559651409041,0.1836734693877551,0.24489795918367346,0.1836734693877551,0.3384615384615385,nan,nan,nan,nan,nan,nan,nan,nan,49.0,0.0,0.0,0.693147180559951,20.0,0.0,0.0,1.09097095095769,0.0
smc/smc_005/track.npy,smc,0.2978723404255319,0.15450206598883004,0.15450206598883004,0.15450206598883004,0.08333333333333333,0.3333333333333333,0.08333333333333333,0.3333333333333333,nan,nan,nan,nan,nan,nan,nan,nan,27.0,0.0,0.0,1.1513452128245294,18.0,0.0,0.0,1.1435436635789533,0.0
smc/smc_006/track.npy,smc,0.8253968253968254,0.713629929557838,0.713629929557838,0.713629929557838,0.3333333333333333,0.5833333333333334,0.3333333333333333,0.5833333333333334,nan,nan,nan,nan,nan,nan,nan,nan,34.0,0.0,0.0,0.519807834204753,23.0,0.0,0.0,0.7170527014134978,0.0
smc/smc_007/track.npy,smc,0.5161290322580646,0.34766489406473045,0.36809029641058605,0.3578775952376583,0.28125,0.5625,0.28125,0.5625,nan,nan,nan,nan,nan,nan,nan,nan,35.0,0.0,0.0,0.6629746218384147,21.0,0.0,0.0,1.4094999159375927,0.0
smc/smc_008/track.npy,smc,0.4444444444444445,0.3310071130223581,0.39105608951933446,0.36103160127084627,0.0,0.0,0.175,0.375,nan,nan,nan,nan,nan,nan,nan,nan,35.0,0.0,0.0,0.6063248776607373,12.0,0.0,0.0,0.7069407081474012,0.0
smc/smc_009/track.npy,smc,0.6086956521739131,0.4151541308810109,0.4151541308810109,0.4151541308810109,0.0847457627118644,0.2033898305084746,0.0847457627118644,0.2033898305084746,nan,nan,nan,nan,nan,nan,nan,nan,70.0,0.0,0.014492753623188406,1.0799201556559608,32.0,0.0,0.0,1.5720340262437766,0.0
smc/smc_010/track.npy,smc,0.8888888888888888,0.6478015565662147,0.6478015565662147,0.6478015565662147,1.0,1.0,1.0,1.0,nan,nan,nan,nan,nan,nan,nan,nan,50.0,0.0,0.0,0.09401173965345423,17.0,0.0,0.0,0.0493982809230521,0.0
smc/smc_011/track.npy,smc,0.8113207547169811,0.6601999921870134,0.6601999921870134,0.6601999921870134,0.34545454545454546,0.6909090909090909,0.34545454545454546,0.6909090909090909,nan,nan,nan,nan,nan,nan,nan,nan,62.0,0.0,0.0,0.31845373111853337,23.0,0.0,0.0,1.1786549963416444,0.0
smc/smc_012/track.npy,smc,0.27956989247311825,0.2125087313855073,0.25997092468593697,0.23623982803572213,0.11764705882352941,0.21568627450980393,0.14,0.21568627450980393,nan,nan,nan,nan,nan,nan,nan,nan,49.0,0.0,0.0,0.8203625504251181,13.0,0.0,0.0,0.4952792646429681,0.0
smc/smc_013/track.npy,smc,0.8846153846153847,0.7161291744248508,0.7161291744248508,0.7161291744248508,0.5178571428571429,0.7142857142857143,0.5178571428571429,0.7142857142857143,nan,nan,nan,nan,nan,nan,nan,nan,56.0,0.0,0.0,0.22328109282774092,25.0,0.0,0.0,0.7177532044517672,0.0
smc/smc_014/track.npy,smc,0.4871794871794872,0.37089670482656967,0.37089670482656967,0.37089670482656967,0.15555555555555556,0.3111111111111111,0.15555555555555556,0.3111111111111111,nan,nan,nan,nan,nan,nan,nan,nan,38.0,0.05405405405405406,0.05405405405405406,2.0673331532877803,25.0,0.0,0.0,1.81933383201797,0.0
smc/smc_015/track.npy,smc,0.4666666666666667,0.4278159968385696,0.45179719878275276,0.43980659781066117,0.02564102564102564,0.02564102564102564,0.24390243902439024,0.5121951219512195,nan,nan,nan,nan,nan,nan,nan,nan,41.0,0.0,0.0,0.5652874070101281,14.0,0.0,0.0,0.39627148923449795,0.0
smc/smc_016/track.npy,smc,0.6933333333333332,0.5617201530276708,0.5617201530276708,0.5617201530276708,0.34146341463414637,0.4634146341463415,0.34146341463414637,0.4634146341463415,nan,nan,nan,nan,nan,nan,nan,nan,38.0,0.0,0.0,1.1349799328389831,15.0,0.0,0.0,1.0792862116172155,0.0
smc/smc_017/track.npy,smc,0.6250000000000001,0.522749566329449,0.522749566329449,0.522749566329449,0.2037037037037037,0.4444444444444444,0.2037037037037037,0.4444444444444444,nan,nan,nan,nan,nan,nan,nan,nan,61.0,0.0,0.0,0.6342783644041946,32.0,0.0,0.0,1.1266911928050098,0.0
smc/smc_018/track.npy,smc,0.3877551020408163,0.29941617675737153,0.3345904212100954,0.3170032989837335,0.08163265306122448,0.16326530612244897,0.08163265306122448,0.16326530612244897,nan,nan,nan,nan,nan,nan,nan,nan,61.0,0.0,0.0,1.2343457084842464,40.0,0.0,0.0,1.3283794904131023,0.0
smc/smc_019/track.npy,smc,0.6153846153846153,0.42858895047229806,0.582693384865316,0.5056411676688071,0.047619047619047616,0.09523809523809523,0.28888888888888886,0.7777777777777778,nan,nan,nan,nan,nan,nan,nan,nan,48.0,0.0,0.0,0.7217375767619137,20.0,0.0,0.0,1.3796697534130493,0.0
smc/smc_021/track.npy,smc,0.41726618705035967,0.30570679183529603,0.30570679183529603,0.30570679183529603,0.2558139534883721,0.29069767441860467,0.2558139534883721,0.29069767441860467,nan,nan,nan,nan,nan,nan,nan,nan,90.0,0.29213483146067415,0.4157303370786517,1.7197688916014826,43.0,0.11904761904761904,0.23809523809523808,1.5581446180465508,0.0
smc/smc_022/track.npy,smc,0.925,0.7401348115495938,0.7401348115495938,0.7401348115495938,0.47619047619047616,0.7857142857142857,0.47619047619047616,0.7857142857142857,nan,nan,nan,nan,nan,nan,nan,nan,51.0,0.0,0.0,0.5265391015973738,35.0,0.0,0.0,0.6663176014857735,0.0
smc/smc_023/track.npy,smc,0.5405405405405405,0.47919684809604557,0.6848435017456053,0.5820201749208254,0.0,0.0,0.20754716981132076,0.4716981132075472,nan,nan,nan,nan,nan,nan,nan,nan,59.0,0.0,0.0,0.73695290492887,21.0,0.0,0.0,1.0633685072532866,0.0
smc/smc_024/track.npy,smc,0.7619047619047621,0.6739364810696213,0.6739364810696213,0.6739364810696213,0.18666666666666668,0.41333333333333333,0.18666666666666668,0.41333333333333333,nan,nan,nan,nan,nan,nan,nan,nan,56.0,0.0,0.0,0.768269686055091,29.0,0.0,0.0,1.8043437413498828,0.0
smc/smc_026/track.npy,smc,0.358974358974359,0.27836507856863396,0.27836507856863396,0.27836507856863396,0.27586206896551724,0.27586206896551724,0.27586206896551724,0.27586206896551724,nan,nan,nan,nan,nan,nan,nan,nan,11.0,0.0,0.0,1.5095443771111445,8.0,0.0,0.0,1.1568314608474732,0.0
smc/smc_027/track.npy,smc,0.8000000000000002,0.5796825770747478,0.5796825770747478,0.5796825770747478,0.2972972972972973,0.7567567567567568,0.2972972972972973,0.7567567567567568,nan,nan,nan,nan,nan,nan,nan,nan,38.0,0.0,0.0,0.43883195575227285,10.0,0.0,0.0,0.39233803432903197,0.0
smc/smc_028/track.npy,smc,0.591304347826087,0.4553687887387579,0.4553687887387579,0.4553687887387579,0.11290322580645161,0.3870967741935484,0.1509433962264151,0.3870967741935484,nan,nan,nan,nan,nan,nan,nan,nan,60.0,0.0,0.0,0.5357134838135291,20.0,0.0,0.0,0.46790924979040704,0.0
smc/smc_030/track.npy,smc,0.7551020408163266,0.6061555280003403,0.6061555280003403,0.6061555280003403,0.11206896551724138,0.3706896551724138,0.11206896551724138,0.3706896551724138,nan,nan,nan,nan,nan,nan,nan,nan,95.0,0.02127659574468085,0.031914893617021274,1.0189533249334461,31.0,0.0,0.0,1.009035731049366,0.0
smc/smc_032/track.npy,smc,0.6292134831460674,0.46789335320789965,0.46789335320789965,0.46789335320789965,0.42592592592592593,0.46296296296296297,0.42592592592592593,0.46296296296296297,nan,nan,nan,nan,nan,nan,nan,nan,36.0,0.0,0.02857142857142857,1.8976285211952402,16.0,0.0,0.0,1.580404332066223,0.0
smc/smc_033/track.npy,smc,0.4545454545454546,0.2972883894170134,0.2972883894170134,0.2972883894170134,0.16981132075471697,0.20754716981132076,0.16981132075471697,0.20754716981132076,nan,nan,nan,nan,nan,nan,nan,nan,40.0,0.0,0.0,0.6839414866189379,18.0,0.0,0.0,0.9063754724804464,0.0
smc/smc_034/track.npy,smc,0.918918918918919,0.6564623150824815,0.6564623150824815,0.6564623150824815,1.0,1.0,1.0,1.0,nan,nan,nan,nan,nan,nan,nan,nan,41.0,0.0,0.0,0.08374458574411095,11.0,0.0,0.0,0.043124521408540326,0.0
smc/smc_035/track.npy,smc,0.6176470588235294,0.40649204646565384,0.40649204646565384,0.40649204646565384,0.5,0.9411764705882353,0.5,0.9411764705882353,nan,nan,nan,nan,nan,nan,nan,nan,36.0,0.0,0.0,0.3358366149164673,9.0,0.0,0.0,0.026855419479733682,0.0
smc/smc_036/track.npy,smc,0.6464646464646465,0.4828975586265842,0.5165894364070855,0.4997434975168349,0.12698412698412698,0.25396825396825395,0.12698412698412698,0.25396825396825395,nan,nan,nan,nan,nan,nan,nan,nan,65.0,0.0,0.140625,0.9584258708396359,29.0,0.0,0.0,1.328192219252887,0.0
smc/smc_037/track.npy,smc,0.5538461538461539,0.42672236986980877,0.42672236986980877,0.42672236986980877,0.23529411764705882,0.3235294117647059,0.23529411764705882,0.3235294117647059,nan,nan,nan,nan,nan,nan,nan,nan,36.0,0.0,0.0,0.6349793843236098,12.0,0.0,0.0,0.9426966471195647,0.0
smc/smc_038/track.npy,smc,0.5473684210526315,0.45930362665125796,0.5072467401567857,0.48327518340402187,0.1016949152542373,0.1694915254237288,0.1267605633802817,0.4084507042253521,nan,nan,nan,nan,nan,nan,nan,nan,69.0,0.0,0.0,0.4070859612346189,23.0,0.0,0.0,0.5179430915348548,0.0
smc/smc_041/track.npy,smc,0.6666666666666667,0.5189415974329425,0.5189415974329425,0.5189415974329425,0.21951219512195122,0.5121951219512195,0.21951219512195122,0.5121951219512195,nan,nan,nan,nan,nan,nan,nan,nan,45.0,0.0,0.0,0.6122183834035727,11.0,0.0,0.0,0.28284988125235744,0.0
smc/smc_042/track.npy,smc,0.7096774193548386,0.504894257374069,0.5426926816049797,0.5237934694895243,0.2857142857142857,0.4,0.2857142857142857,0.4,nan,nan,nan,nan,nan,nan,nan,nan,39.0,0.0,0.0,0.7314538434391245,23.0,0.0,0.0,0.9130066566729653,0.0
smc/smc_043/track.npy,smc,0.6739130434782609,0.5676011558906926,0.5676011558906926,0.5676011558906926,0.18,0.48,0.18,0.48,nan,nan,nan,nan,nan,nan,nan,nan,48.0,0.0,0.0,0.6456362798379791,23.0,0.0,0.0,0.9122007466226293,0.0
smc/smc_044/track.npy,smc,0.5897435897435898,0.3894956847727935,0.3894956847727935,0.3894956847727935,0.2558139534883721,0.4883720930232558,0.2558139534883721,0.4883720930232558,nan,nan,nan,nan,nan,nan,nan,nan,39.0,0.0,0.0,0.8404884657307399,26.0,0.0,0.0,1.04232095903508,0.0
smc/smc_046/track.npy,smc,0.631578947368421,0.45560509445392977,0.45560509445392977,0.45560509445392977,0.42105263157894735,0.8157894736842105,0.42105263157894735,0.8157894736842105,nan,nan,nan,nan,nan,nan,nan,nan,44.0,0.0,0.0,0.5646466049352498,11.0,0.0,0.0,0.12168296146659582,0.0
smc/smc_047/track.npy,smc,0.3846153846153846,0.29227166343989386,0.3572924069541684,0.32478203519703114,0.0196078431372549,0.0392156862745098,0.2962962962962963,0.4074074074074074,nan,nan,nan,nan,nan,nan,nan,nan,30.0,0.06896551724137931,0.06896551724137931,2.8429626321981765,17.0,0.0625,0.0625,3.1461714994599514,0.0
smc/smc_048/track.npy,smc,0.28571428571428564,0.20096236572043238,0.20096236572043238,0.20096236572043238,0.6363636363636364,0.7272727272727273,0.6363636363636364,0.7272727272727273,nan,nan,nan,nan,nan,nan,nan,nan,24.0,0.0,0.0,0.42822882304416116,17.0,0.0,0.0,0.7949624056527382,0.0
smc/smc_051/track.npy,smc,0.5591397849462365,0.42680679621406364,0.42680679621406364,0.42680679621406364,0.25,0.4107142857142857,0.25,0.4107142857142857,nan,nan,nan,nan,nan,nan,nan,nan,65.0,0.0,0.015625,1.0756636869286875,28.0,0.0,0.0,1.5781993714124298,0.0
smc/smc_052/track.npy,smc,0.660377358490566,0.477972224535272,0.477972224535272,0.477972224535272,0.2830188679245283,0.7924528301886793,0.2830188679245283,0.7924528301886793,nan,nan,nan,nan,nan,nan,nan,nan,60.0,0.0,0.0,0.3862872005866627,19.0,0.0,0.0,0.8697763015264909,0.0
smc/smc_054/track.npy,smc,0.9714285714285714,0.7426862225789665,0.7426862225789665,0.7426862225789665,1.0,1.0,1.0,1.0,nan,nan,nan,nan,nan,nan,nan,nan,35.0,0.0,0.0,0.07278623601866231,9.0,0.0,0.0,0.01050987905107965,0.0
smc/smc_055/track.npy,smc,0.5079365079365079,0.38982553456281854,0.38982553456281854,0.38982553456281854,0.10256410256410256,0.3333333333333333,0.10256410256410256,0.3333333333333333,nan,nan,nan,nan,nan,nan,nan,nan,28.0,0.037037037037037035,0.07407407407407407,3.7148321736363226,10.0,0.0,0.0,1.1189558567686897,0.0
smc/smc_056/track.npy,smc,0.3511450381679389,0.27699007235957457,0.27699007235957457,0.27699007235957457,0.08333333333333333,0.25,0.08333333333333333,0.25,nan,nan,nan,nan,nan,nan,nan,nan,88.0,0.10344827586206896,0.16091954022988506,1.4071528092789023,48.0,0.0425531914893617,0.0851063829787234,1.2258553024472727,0.0
smc/smc_057/track.npy,smc,0.31884057971014496,0.21082115710717375,0.21082115710717375,0.21082115710717375,0.11428571428571428,0.34285714285714286,0.11428571428571428,0.34285714285714286,nan,nan,nan,nan,nan,nan,nan,nan,37.0,0.0,0.0,0.6106067727733652,18.0,0.0,0.0,1.0881459626654908,0.0
smc/smc_058/track.npy,smc,0.626865671641791,0.4894598212800696,0.4894598212800696,0.4894598212800696,0.2777777777777778,0.6388888888888888,0.2777777777777778,0.6388888888888888,nan,nan,nan,nan,nan,nan,nan,nan,32.0,0.0,0.0,0.6015537127291941,19.0,0.0,0.0,0.8060560200110781,0.0
smc/smc_059/track.npy,smc,0.3684210526315789,0.26710846923806775,0.4456031606672907,0.3563558149526792,0.0,0.0,0.04054054054054054,0.10135135135135136,nan,nan,nan,nan,nan,nan,nan,nan,153.0,0.08552631578947369,0.45394736842105265,0.9729550745276561,42.0,0.0,0.0,0.7511843491595969,0.0
smc/smc_060/track.npy,smc,0.22641509433962262,0.14596728187268898,0.14596728187268898,0.14596728187268898,0.024390243902439025,0.024390243902439025,0.047619047619047616,0.047619047619047616,nan,nan,nan,nan,nan,nan,nan,nan,13.0,0.0,0.0,1.517585713150683,9.0,0.0,0.0,0.9081816229825533,0.0
smc/smc_061/track.npy,smc,0.693877551020408,0.5354777599529184,0.5354777599529184,0.5354777599529184,0.19230769230769232,0.5384615384615384,0.19230769230769232,0.5384615384615384,nan,nan,nan,nan,nan,nan,nan,nan,29.0,0.0,0.0,0.8028612000138585,14.0,0.0,0.0,1.0622506822294198,0.0
smc/smc_063/track.npy,smc,0.5205479452054794,0.40774740033595747,0.40774740033595747,0.40774740033595747,0.1568627450980392,0.29411764705882354,0.1568627450980392,0.29411764705882354,nan,nan,nan,nan,nan,nan,nan,nan,25.0,0.0,0.0,1.543977532357958,16.0,0.0,0.0,1.8535089336094412,0.0
smc/smc_064/track.npy,smc,0.07547169811320756,0.05545986095517641,0.15051576164947328,0.10298781130232484,0.0,0.0,0.07142857142857142,0.07142857142857142,nan,nan,nan,nan,nan,nan,nan,nan,35.0,0.0,0.029411764705882353,1.7916432092997496,17.0,0.0,0.0625,1.949576950731352,0.0
smc/smc_065/track.npy,smc,0.875,0.6215986146794903,0.6215986146794903,0.6215986146794903,0.8604651162790697,0.8604651162790697,0.8604651162790697,0.8604651162790697,nan,nan,nan,nan,nan,nan,nan,nan,43.0,0.0,0.0,0.16907633004393896,11.0,0.0,0.0,0.049858785581066774,0.0
smc/smc_066/track.npy,smc,0.49180327868852464,0.411186427305511,0.411186427305511,0.411186427305511,0.2647058823529412,0.5882352941176471,0.2647058823529412,0.5882352941176471,nan,nan,nan,nan,nan,nan,nan,nan,38.0,0.0,0.0,0.7232298175888959,12.0,0.0,0.0,0.8033559492565628,0.0
smc/smc_067/track.npy,smc,0.7157894736842104,0.49365338087298166,0.49365338087298166,0.49365338087298166,0.28,0.7,0.28,0.7,nan,nan,nan,nan,nan,nan,nan,nan,49.0,0.0,0.0,0.6002771715737522,14.0,0.0,0.0,0.33209134938500134,0.0
smc/smc_068/track.npy,smc,0.7499999999999999,0.5343475436588029,0.5343475436588029,0.5343475436588029,0.6037735849056604,0.6415094339622641,0.6037735849056604,0.6415094339622641,nan,nan,nan,nan,nan,nan,nan,nan,51.0,0.0,0.0,0.45573611680930265,17.0,0.0,0.0,0.5564024586153768,0.0
smc/smc_069/track.npy,smc,0.8282828282828283,0.6599136980281921,0.6599136980281921,0.6599136980281921,0.43137254901960786,0.8431372549019608,0.43137254901960786,0.8431372549019608,nan,nan,nan,nan,nan,nan,nan,nan,58.0,0.0,0.0,0.28920183397087557,19.0,0.0,0.0,1.1581303877706883,0.0
smc/smc_071/track.npy,smc,0.7777777777777778,0.6060593257457054,0.6060593257457054,0.6060593257457054,0.30434782608695654,0.8478260869565217,0.30434782608695654,0.8478260869565217,nan,nan,nan,nan,nan,nan,nan,nan,50.0,0.0,0.0,0.34139565429792296,19.0,0.0,0.0,0.4180481208242357,0.0
smc/smc_072/track.npy,smc,0.8085106382978723,0.624218288496962,0.624218288496962,0.624218288496962,0.16363636363636364,0.43636363636363634,0.16363636363636364,0.43636363636363634,nan,nan,nan,nan,nan,nan,nan,nan,67.0,0.030303030303030304,0.045454545454545456,1.309002047890922,22.0,0.0,0.0,0.6617490856257547,0.0
smc/smc_073/track.npy,smc,0.7857142857142858,0.6056807210985896,0.6056807210985896,0.6056807210985896,0.3488372093023256,0.7209302325581395,0.3488372093023256,0.7209302325581395,nan,nan,nan,nan,nan,nan,nan,nan,49.0,0.0,0.0,0.5158096640085943,21.0,0.0,0.0,0.7765589354610897,0.0
smc/smc_074/track.npy,smc,0.5675675675675675,0.38779378684986293,0.38779378684986293,0.38779378684986293,0.018867924528301886,0.05660377358490566,0.038461538461538464,0.07407407407407407,nan,nan,nan,nan,nan,nan,nan,nan,24.0,0.0,0.0,0.9497954637697404,16.0,0.0,0.0,1.0072180993553588,0.0
smc/smc_075/track.npy,smc,0.5517241379310344,0.37549406403264485,0.37549406403264485,0.37549406403264485,0.44680851063829785,0.5957446808510638,0.44680851063829785,0.5957446808510638,nan,nan,nan,nan,nan,nan,nan,nan,47.0,0.0,0.0,0.7018964751261082,20.0,0.0,0.0,1.4656520932922439,0.0
smc/smc_076/track.npy,smc,0.5057471264367817,0.2977985376414075,0.29877446457559675,0.29828650110850213,0.1276595744680851,0.19148936170212766,0.1276595744680851,0.2,nan,nan,nan,nan,nan,nan,nan,nan,44.0,0.046511627906976744,0.06976744186046512,2.7560403482043303,28.0,0.037037037037037035,0.037037037037037035,2.6264472190228685,0.0
smc/smc_079/track.npy,smc,0.6211180124223602,0.5701677913175965,0.6430638607633935,0.606615826040495,0.009259259259259259,0.009259259259259259,0.3333333333333333,0.6111111111111112,nan,nan,nan,nan,nan,nan,nan,nan,62.0,0.0,0.0,0.14518200984449975,46.0,0.0,0.0,1.0147569003391879,0.0
smc/smc_080/track.npy,smc,0.39999999999999997,0.2939203233918617,0.3033311015192357,0.2986257124555487,0.0,0.0,0.13043478260869565,0.2608695652173913,nan,nan,nan,nan,nan,nan,nan,nan,55.0,0.0,0.0,0.5900370264039418,26.0,0.0,0.0,1.464977697606054,0.0
smc/smc_082/track.npy,smc,0.8440366972477065,0.6697104175912271,0.6697104175912271,0.6697104175912271,0.42105263157894735,0.543859649122807,0.42105263157894735,0.543859649122807,nan,nan,nan,nan,nan,nan,nan,nan,55.0,0.0,0.0,0.6900988111340682,28.0,0.0,0.0,0.7289740882100619,0.0
smc/smc_084/track.npy,smc,0.07142857142857142,0.06719411469658608,0.11758970071902564,0.09239190770780586,0.0,0.0,0.0,0.0,nan,nan,nan,nan,nan,nan,nan,nan,3.0,0.0,0.0,0.221671880702754,1.0,0.0,0.0,nan,0.0
smc/smc_085/track.npy,smc,0.34375,0.20086145334704156,0.20086145334704156,0.20086145334704156,0.21875,0.5625,0.21875,0.5625,nan,nan,nan,nan,nan,nan,nan,nan,34.0,0.0,0.0,0.5718486572721605,12.0,0.0,0.0,0.35879187306298443,0.0
smc/smc_086/track.npy,smc,0.7529411764705882,0.6630047477377253,0.6630047477377253,0.6630047477377253,0.13333333333333333,0.4222222222222222,0.13333333333333333,0.4222222222222222,nan,nan,nan,nan,nan,nan,nan,nan,48.0,0.02127659574468085,0.02127659574468085,0.7497285875649806,20.0,0.0,0.0,1.300409448993723,0.0
smc/smc_087/track.npy,smc,0.7938931297709925,0.6266952928839371,0.6266952928839371,0.6266952928839371,0.22535211267605634,0.43661971830985913,0.22535211267605634,0.43661971830985913,nan,nan,nan,nan,nan,nan,nan,nan,77.0,0.0,0.0,0.657162433696953,20.0,0.0,0.0,0.46983915698857465,0.0
smc/smc_088/track.npy,smc,0.45333333333333337,0.3547871612675709,0.3547871612675709,0.3547871612675709,0.17073170731707318,0.43902439024390244,0.17073170731707318,0.43902439024390244,nan,nan,nan,nan,nan,nan,nan,nan,46.0,0.0,0.0,0.495323399325349,23.0,0.0,0.0,1.3312345839368644,0.0
smc/smc_089/track.npy,smc,0.2903225806451613,0.19967234389445157,0.33458608976908105,0.2671292168317663,0.0,0.0,0.12,0.2,nan,nan,nan,nan,nan,nan,nan,nan,15.0,0.07142857142857142,0.07142857142857142,2.6087362595153456,5.0,0.0,0.0,1.5262083022216846,0.0
smc/smc_092/track.npy,smc,0.6619718309859154,0.5558695962006583,0.5558695962006583,0.5558695962006583,0.08108108108108109,0.24324324324324326,0.08108108108108109,0.24324324324324326,nan,nan,nan,nan,nan,nan,nan,nan,80.0,0.05063291139240506,0.20253164556962025,0.9435646101559574,30.0,0.0,0.0,1.5081353454860194,0.0
smc/smc_093/track.npy,smc,0.6614173228346457,0.5425870680384062,0.5425870680384062,0.5425870680384062,0.15789473684210525,0.23684210526315788,0.27450980392156865,0.27450980392156865,nan,nan,nan,nan,nan,nan,nan,nan,57.0,0.017857142857142856,0.03571428571428571,0.8754687373539043,24.0,0.043478260869565216,0.08695652173913043,2.868915104308921,0.0
smc/smc_095/track.npy,smc,0.7073170731707318,0.5645046439260613,0.5645046439260613,0.5645046439260613,0.2765957446808511,0.46808510638297873,0.2765957446808511,0.46808510638297873,nan,nan,nan,nan,nan,nan,nan,nan,38.0,0.0,0.0,0.7228999044817116,12.0,0.0,0.0,0.5579870698868902,0.0
smc/smc_096/track.npy,smc,0.9075630252100839,0.6828098982645173,0.6828098982645173,0.6828098982645173,0.3870967741935484,0.8064516129032258,0.3870967741935484,0.8064516129032258,nan,nan,nan,nan,nan,nan,nan,nan,65.0,0.0,0.0,0.6876412028416397,34.0,0.0,0.0,1.0963318751233768,0.0
smc/smc_098/track.npy,smc,0.6799999999999999,0.5032036329703098,0.5032036329703098,0.5032036329703098,0.27450980392156865,0.43137254901960786,0.27450980392156865,0.43137254901960786,nan,nan,nan,nan,nan,nan,nan,nan,51.0,0.0,0.0,0.6328180246661107,23.0,0.0,0.0,1.0874389880699826,0.0
smc/smc_099/track.npy,smc,0.49275362318840576,0.4034480818766396,0.4034480818766396,0.4034480818766396,0.2222222222222222,0.5833333333333334,0.2222222222222222,0.5833333333333334,nan,nan,nan,nan,nan,nan,nan,nan,41.0,0.0,0.0,0.44364388045408987,22.0,0.0,0.0,0.9754390242226303,0.0
smc/smc_100/track.npy,smc,0.43373493975903615,0.3111215993165878,0.3135320926898738,0.3123268460032308,0.06521739130434782,0.2608695652173913,0.0684931506849315,0.2608695652173913,nan,nan,nan,nan,nan,nan,nan,nan,49.0,0.14583333333333334,0.16666666666666666,2.44234703536922,22.0,0.047619047619047616,0.047619047619047616,2.779375294670515,0.0
smc/smc_101/track.npy,smc,0.6666666666666667,0.5112489089327565,0.5112489089327565,0.5112489089327565,0.23728813559322035,0.423728813559322,0.23728813559322035,0.423728813559322,nan,nan,nan,nan,nan,nan,nan,nan,55.0,0.0,0.0,0.6962842551711096,29.0,0.0,0.0,1.140847194370604,0.0
smc/smc_103/track.npy,smc,0.5591397849462365,0.44840181413589536,0.44840181413589536,0.44840181413589536,0.09259259259259259,0.3148148148148148,0.10256410256410256,0.3148148148148148,nan,nan,nan,nan,nan,nan,nan,nan,44.0,0.0,0.0,0.8420428300130838,22.0,0.0,0.0,1.1275223936758667,0.0
smc/smc_104/track.npy,smc,0.5866666666666667,0.4544612939019125,0.4544612939019125,0.4544612939019125,0.3076923076923077,0.5641025641025641,0.3076923076923077,0.5641025641025641,nan,nan,nan,nan,nan,nan,nan,nan,38.0,0.0,0.0,0.4364019863385187,12.0,0.0,0.0,0.3660033716205784,0.0
smc/smc_105/track.npy,smc,0.23636363636363636,0.16338584638393447,0.16509482815176704,0.16424033726785076,0.0273972602739726,0.0547945205479452,0.08108108108108109,0.21621621621621623,nan,nan,nan,nan,nan,nan,nan,nan,44.0,0.0,0.0,0.7149424880697229,25.0,0.0,0.0,0.7380004909463171,0.0
smc/smc_106/track.npy,smc,0.49275362318840576,0.3872797107604423,0.3872797107604423,0.3872797107604423,0.3888888888888889,0.75,0.3888888888888889,0.75,nan,nan,nan,nan,nan,nan,nan,nan,38.0,0.0,0.0,0.22091637613951784,10.0,0.0,0.0,0.3002442417307594,0.0
smc/smc_109/track.npy,smc,0.4565217391304348,0.3654822368886548,0.3654822368886548,0.3654822368886548,0.07407407407407407,0.16666666666666666,0.07407407407407407,0.16666666666666666,nan,nan,nan,nan,nan,nan,nan,nan,58.0,0.017543859649122806,0.017543859649122806,0.9994712672442817,24.0,0.0,0.0,1.4148887709218192,0.0
smc/smc_111/track.npy,smc,0.5111111111111111,0.4275002704215925,0.4275002704215925,0.4275002704215925,0.14583333333333334,0.3958333333333333,0.14583333333333334,0.3958333333333333,nan,nan,nan,nan,nan,nan,nan,nan,50.0,0.0,0.0,0.44373111122441117,21.0,0.0,0.0,1.2902548976735442,0.0
smc/smc_113/track.npy,smc,0.3793103448275862,0.28880121807616776,0.28880121807616776,0.28880121807616776,0.12903225806451613,0.3548387096774194,0.12903225806451613,0.3548387096774194,nan,nan,nan,nan,nan,nan,nan,nan,35.0,0.0,0.0,0.700005592457225,17.0,0.0,0.0,0.8343184959536409,0.0
smc/smc_114/track.npy,smc,0.37499999999999994,0.3051329956445052,0.3051329956445052,0.3051329956445052,0.07894736842105263,0.10526315789473684,0.08108108108108109,0.10526315789473684,nan,nan,nan,nan,nan,nan,nan,nan,29.0,0.0,0.0,1.5322511083216699,18.0,0.0,0.0,2.037341343919973,0.0
smc/smc_116/track.npy,smc,0.20202020202020202,0.15604123220457186,0.16128044560010682,0.15866083890233934,0.05,0.1,0.05,0.1,nan,nan,nan,nan,nan,nan,nan,nan,68.0,0.0,0.0,0.4262972238252144,29.0,0.0,0.0,1.163215299537217,0.0
smc/smc_117/track.npy,smc,0.39473684210526316,0.3178888280263591,0.3178888280263591,0.3178888280263591,0.0975609756097561,0.24390243902439024,0.0975609756097561,0.24390243902439024,nan,nan,nan,nan,nan,nan,nan,nan,47.0,0.0,0.0,0.6865892159953457,19.0,0.0,0.0,1.206751215706222,0.0
smc/smc_118/track.npy,smc,0.3116883116883117,0.2302965218671522,0.2302965218671522,0.2302965218671522,0.11363636363636363,0.1590909090909091,0.11363636363636363,0.1590909090909091,nan,nan,nan,nan,nan,nan,nan,nan,51.0,0.0,0.0,0.6778586954318704,28.0,0.0,0.0,1.2397792280456363,0.0
smc/smc_119/track.npy,smc,0.27906976744186046,0.23921837562897447,0.26388014857756914,0.2515492621032718,0.1111111111111111,0.24074074074074073,0.1111111111111111,0.24074074074074073,nan,nan,nan,nan,nan,nan,nan,nan,61.0,0.03333333333333333,0.03333333333333333,1.284348263437211,20.0,0.0,0.0,0.7366335840113073,0.0
smc/smc_120/track.npy,smc,0.9215686274509803,0.7018198606904463,0.7018198606904463,0.7018198606904463,0.4716981132075472,0.8113207547169812,0.4716981132075472,0.8113207547169812,nan,nan,nan,nan,nan,nan,nan,nan,52.0,0.0,0.0,0.12767245481693823,30.0,0.0,0.0,0.9292232563487093,0.0
smc/smc_121/track.npy,smc,0.3636363636363636,0.2281146548729997,0.2281146548729997,0.2281146548729997,0.08333333333333333,0.16666666666666666,0.08333333333333333,0.28205128205128205,nan,nan,nan,nan,nan,nan,nan,nan,27.0,0.0,0.0,1.2742435022983993,14.0,0.0,0.0,1.1720433588980808,0.0
smc/smc_124/track.npy,smc,0.3111111111111111,0.23116209617365052,0.23116209617365052,0.23116209617365052,0.07894736842105263,0.13157894736842105,0.07894736842105263,0.13157894736842105,nan,nan,nan,nan,nan,nan,nan,nan,8.0,0.0,0.0,2.7269879072141077,3.0,0.0,0.0,1.1583840319680272,0.0
smc/smc_126/track.npy,smc,0.7397260273972601,0.4456303096858189,0.4456303096858189,0.4456303096858189,0.8421052631578947,0.8421052631578947,0.8421052631578947,0.8421052631578947,nan,nan,nan,nan,nan,nan,nan,nan,35.0,0.0,0.0,0.1370291787997663,19.0,0.0,0.0,0.7310178699258708,0.0
smc/smc_127/track.npy,smc,0.4800000000000001,0.38544135629558157,0.38544135629558157,0.38544135629558157,0.09090909090909091,0.20454545454545456,0.09090909090909091,0.21311475409836064,nan,nan,nan,nan,nan,nan,nan,nan,48.0,0.0851063829787234,0.0851063829787234,1.9250203521561646,17.0,0.0,0.0,0.6703636432690911,0.0
smc/smc_130/track.npy,smc,0.4799999999999999,0.3860203260785839,0.3860203260785839,0.3860203260785839,0.04,0.14,0.14,0.24,nan,nan,nan,nan,nan,nan,nan,nan,57.0,0.0,0.0,0.7845646249345762,37.0,0.0,0.0,1.365211085737275,0.0
smc/smc_133/track.npy,smc,0.5544554455445545,0.39322338668745,0.39322338668745,0.39322338668745,0.1111111111111111,0.25396825396825395,0.1111111111111111,0.25396825396825395,nan,nan,nan,nan,nan,nan,nan,nan,78.0,0.0,0.0,1.044590183851914,25.0,0.0,0.0,0.7363622690514962,0.0
smc/smc_135/track.npy,smc,0.813953488372093,0.6826370302083955,0.6826370302083955,0.6826370302083955,0.41304347826086957,0.6956521739130435,0.41304347826086957,0.6956521739130435,nan,nan,nan,nan,nan,nan,nan,nan,40.0,0.0,0.0,0.5808520153167357,22.0,0.0,0.0,1.0890917131795865,0.0
smc/smc_137/track.npy,smc,0.7391304347826089,0.5815685393705002,0.5815685393705002,0.5815685393705002,0.32,0.5466666666666666,0.32,0.5466666666666666,nan,nan,nan,nan,nan,nan,nan,nan,74.0,0.0,0.0,1.0986122886681067,33.0,0.0,0.0,1.7838925785769537,0.0
smc/smc_139/track.npy,smc,0.4090909090909091,0.29214928835297926,0.4104798996298033,0.3513145939913913,0.0,0.0,0.15384615384615385,0.38461538461538464,nan,nan,nan,nan,nan,nan,nan,nan,74.0,0.0136986301369863,0.0136986301369863,1.110627097022395,30.0,0.0,0.0,1.126011262856225,0.0
smc/smc_140/track.npy,smc,0.6190476190476191,0.37413591450202227,0.37413591450202227,0.37413591450202227,0.19696969696969696,0.45454545454545453,0.19696969696969696,0.45454545454545453,nan,nan,nan,nan,nan,nan,nan,nan,78.0,0.0,0.0,0.3791466182497085,26.0,0.0,0.0,0.3284694219197046,0.0
smc/smc_142/track.npy,smc,0.2318840579710145,0.18715571311381426,0.26318013401146617,0.2251679235626402,0.023255813953488372,0.023255813953488372,0.38461538461538464,0.4230769230769231,nan,nan,nan,nan,nan,nan,nan,nan,35.0,0.0,0.0,0.43487874527131265,17.0,0.0,0.0,1.231162114351821,0.0
smc/smc_143/track.npy,smc,0.4642857142857143,0.3646873934928706,0.3646873934928706,0.3646873934928706,0.16666666666666666,0.5,0.16666666666666666,0.5,nan,nan,nan,nan,nan,nan,nan,nan,69.0,0.058823529411764705,0.07352941176470588,1.3353246500812863,17.0,0.0,0.0,1.4984135872123974,0.0
smc/smc_146/track.npy,smc,0.6666666666666666,0.45550339910972837,0.45550339910972837,0.45550339910972837,1.0,1.0,1.0,1.0,nan,nan,nan,nan,nan,nan,nan,nan,37.0,0.0,0.0,0.25190189516302947,25.0,0.0,0.0,1.1229619689127026,0.0
smc/smc_147/track.npy,smc,0.3655913978494624,0.23223684767085676,0.26595250557795824,0.24909467662440749,0.017241379310344827,0.034482758620689655,0.02857142857142857,0.034482758620689655,nan,nan,nan,nan,nan,nan,nan,nan,40.0,0.0,0.0,0.46977888497957165,10.0,0.0,0.0,0.22917371609264608,0.0
smc/smc_148/track.npy,smc,0.15151515151515152,0.12288637831317825,0.12288637831317825,0.12288637831317825,0.023255813953488372,0.023255813953488372,0.09523809523809523,0.09523809523809523,nan,nan,nan,nan,nan,nan,nan,nan,24.0,0.0,0.0,1.9498347346898879,14.0,0.0,0.0,1.820946301681941,0.0
smc/smc_149/track.npy,smc,0.38655462184873945,0.28430183039377543,0.3916165966895917,0.33795921354168357,0.02631578947368421,0.05263157894736842,0.047058823529411764,0.3058823529411765,nan,nan,nan,nan,nan,nan,nan,nan,84.0,0.0,0.0,0.4593294893436676,45.0,0.0,0.0,1.3942197097419957,0.0
smc/smc_150/track.npy,smc,0.9375,0.7746097252282313,0.7746097252282313,0.7746097252282313,0.546875,0.90625,0.546875,0.90625,nan,nan,nan,nan,nan,nan,nan,nan,72.0,0.0,0.0,0.21511137961694138,29.0,0.0,0.0,1.1246297468855575,0.0
smc/smc_151/track.npy,smc,0.6013071895424836,0.4186875105698558,0.4186875105698558,0.4186875105698558,0.1038961038961039,0.38961038961038963,0.1038961038961039,0.38961038961038963,nan,nan,nan,nan,nan,nan,nan,nan,89.0,0.06818181818181818,0.07954545454545454,1.4869298726242874,35.0,0.0,0.0,1.8081010248238594,0.0
smc/smc_152/track.npy,smc,0.5925925925925926,0.5045342781616389,0.5045342781616389,0.5045342781616389,0.041666666666666664,0.14583333333333334,0.06060606060606061,0.14583333333333334,nan,nan,nan,nan,nan,nan,nan,nan,37.0,0.05555555555555555,0.05555555555555555,1.7565199547755252,18.0,0.0,0.0,0.6184247998483158,0.0
smc/smc_153/track.npy,smc,0.3137254901960785,0.24927120528547064,0.423446592086463,0.3363588986859668,0.16363636363636364,0.21818181818181817,0.2222222222222222,0.37037037037037035,nan,nan,nan,nan,nan,nan,nan,nan,55.0,0.0,0.0,0.7259370033829367,32.0,0.0,0.0,1.1283492603667638,0.0
smc/smc_154/track.npy,smc,0.3294117647058824,0.23771309835478785,0.24056795620974936,0.2391405272822686,0.0,0.0,0.03773584905660377,0.07936507936507936,nan,nan,nan,nan,nan,nan,nan,nan,56.0,0.14545454545454545,0.2545454545454545,1.8023985862425786,21.0,0.0,0.0,1.4463948444505221,0.0
smc/smc_157/track.npy,smc,0.42352941176470593,0.27657692363355707,0.27657692363355707,0.27657692363355707,0.1590909090909091,0.5454545454545454,0.1590909090909091,0.5454545454545454,nan,nan,nan,nan,nan,nan,nan,nan,48.0,0.0,0.0,0.3260726382023082,17.0,0.0,0.0,1.4112610829654753,0.0
smc/smc_158/track.npy,smc,0.3793103448275862,0.3072733609982187,0.3072733609982187,0.3072733609982187,0.0,0.0,0.05714285714285714,0.08571428571428572,nan,nan,nan,nan,nan,nan,nan,nan,40.0,0.07692307692307693,0.1282051282051282,2.240422364790379,27.0,0.07692307692307693,0.11538461538461539,2.5642420369171837,0.0
smc/smc_159/track.npy,smc,0.4878048780487805,0.3977599602220848,0.5930239406947446,0.4953919504584147,0.0,0.0,0.5,0.9285714285714286,nan,nan,nan,nan,nan,nan,nan,nan,32.0,0.0,0.0,0.6525348017704792,20.0,0.0,0.0,0.8656874713505432,0.0
smc/smc_161/track.npy,smc,0.5079365079365079,0.3795143686275156,0.3795143686275156,0.3795143686275156,0.8,0.8,0.8,0.8,nan,nan,nan,nan,nan,nan,nan,nan,28.0,0.0,0.0,0.11778303565638706,7.0,0.0,0.0,0.039942956516014004,0.0
smc/smc_166/track.npy,smc,0.46153846153846156,0.372877302195282,0.372877302195282,0.372877302195282,0.08695652173913043,0.15217391304347827,0.08695652173913043,0.15217391304347827,nan,nan,nan,nan,nan,nan,nan,nan,36.0,0.0,0.0,0.693836578675792,20.0,0.0,0.0,0.7086692596616965,0.0
smc/smc_167/track.npy,smc,0.40740740740740733,0.27397888617319077,0.27397888617319077,0.27397888617319077,0.09090909090909091,0.21212121212121213,0.17073170731707318,0.2926829268292683,nan,nan,nan,nan,nan,nan,nan,nan,39.0,0.0,0.0,0.7349929409381678,22.0,0.0,0.0,1.387871779006638,0.0
smc/smc_168/track.npy,smc,0.29411764705882354,0.2568617326811799,0.2568617326811799,0.2568617326811799,0.0,0.0,0.06666666666666667,0.16216216216216217,nan,nan,nan,nan,nan,nan,nan,nan,16.0,0.0,0.0,1.7739569355090685,12.0,0.0,0.0,1.793533865242946,0.0
smc/smc_169/track.npy,smc,0.6103896103896104,0.5273002041135105,0.5273002041135105,0.5273002041135105,0.030927835051546393,0.15463917525773196,0.07017543859649122,0.17543859649122806,nan,nan,nan,nan,nan,nan,nan,nan,69.0,0.058823529411764705,0.058823529411764705,1.609437912434095,31.0,0.03333333333333333,0.03333333333333333,2.4880215647079087,0.0
smc/smc_170/track.npy,smc,0.7128712871287128,0.580979160894371,0.580979160894371,0.580979160894371,0.39655172413793105,0.6206896551724138,0.39655172413793105,0.6206896551724138,nan,nan,nan,nan,nan,nan,nan,nan,64.0,0.07936507936507936,0.14285714285714285,1.1890376133472187,36.0,0.0,0.0,0.7224064935376854,0.0
smc/smc_171/track.npy,smc,0.4222222222222222,0.33584603924409256,0.4969023455681552,0.4163741924061239,0.0,0.0,0.2,0.7,nan,nan,nan,nan,nan,nan,nan,nan,69.0,0.0,0.0,0.27191948518530346,27.0,0.0,0.0,1.4126358044202907,0.0
smc/smc_172/track.npy,smc,0.3191489361702128,0.24871343147800162,0.24871343147800162,0.24871343147800162,0.18,0.24,0.18,0.24,nan,nan,nan,nan,nan,nan,nan,nan,55.0,0.07407407407407407,0.1111111111111111,2.024615333865176,23.0,0.0,0.0,1.1719435617536598,0.0
smc/smc_173/track.npy,smc,0.619718309859155,0.4445201975303349,0.6380991538817455,0.5413096757060403,0.0,0.0,0.44680851063829785,0.8936170212765957,nan,nan,nan,nan,nan,nan,nan,nan,54.0,0.0,0.0,0.28760452446045964,22.0,0.0,0.0,1.0866283824627225,0.0
smc/smc_174/track.npy,smc,0.2553191489361702,0.18929473229250163,0.23007261648461808,0.20968367438855984,0.041666666666666664,0.08333333333333333,0.041666666666666664,0.08333333333333333,nan,nan,nan,nan,nan,nan,nan,nan,55.0,0.0,0.0,0.7425927629468121,26.0,0.0,0.0,1.1785979956901849,0.0
smc/smc_175/track.npy,smc,0.2580645161290323,0.2116075745318951,0.25203448653971494,0.23182103053580502,0.05555555555555555,0.05555555555555555,0.17142857142857143,0.2,nan,nan,nan,nan,nan,nan,nan,nan,15.0,0.07142857142857142,0.07142857142857142,2.6324199397230643,11.0,0.1,0.1,3.081127684196929,0.0
smc/smc_176/track.npy,smc,0.3548387096774193,0.24057613958299137,0.2434636949140203,0.24201991724850586,0.13333333333333333,0.13333333333333333,0.13333333333333333,0.13333333333333333,nan,nan,nan,nan,nan,nan,nan,nan,18.0,0.0,0.0,0.956269223668067,12.0,0.0,0.0,0.8646179861614679,0.0
smc/smc_178/track.npy,smc,0.45945945945945943,0.31861591672633444,0.3725199879280781,0.3455679523272063,0.018867924528301886,0.018867924528301886,0.16981132075471697,0.2830188679245283,nan,nan,nan,nan,nan,nan,nan,nan,58.0,0.0,0.017543859649122806,1.1561090859045735,19.0,0.0,0.0,0.39612679270857204,0.0
smc/smc_179/track.npy,smc,0.4782608695652174,0.3471224236902183,0.349773439819396,0.34844793175480715,0.28,0.52,0.28,0.52,nan,nan,nan,nan,nan,nan,nan,nan,28.0,0.0,0.0,0.6379515595155393,15.0,0.0,0.0,1.2423297888985683,0.0
smc/smc_181/track.npy,smc,0.42276422764227634,0.27927425158619557,0.27927425158619557,0.27927425158619557,0.011111111111111112,0.011111111111111112,0.044444444444444446,0.044444444444444446,nan,nan,nan,nan,nan,nan,nan,nan,98.0,0.0,0.0,0.7244233802657689,33.0,0.0,0.0,0.45764511577028466,0.0
smc/smc_182/track.npy,smc,0.7951807228915663,0.5803538756780547,0.5803538756780547,0.5803538756780547,0.5476190476190477,0.9285714285714286,0.5476190476190477,0.9285714285714286,nan,nan,nan,nan,nan,nan,nan,nan,47.0,0.0,0.0,0.19197367307420335,20.0,0.0,0.0,1.2217748485624937,0.0
smc/smc_184/track.npy,smc,0.7,0.5623086492727162,0.5623086492727162,0.5623086492727162,0.7647058823529411,0.7647058823529411,0.7647058823529411,0.7647058823529411,nan,nan,nan,nan,nan,nan,nan,nan,26.0,0.0,0.0,0.10890622772328085,11.0,0.0,0.0,0.7661729241841153,0.0
smc/smc_187/track.npy,smc,0.2040816326530612,0.1717987392670403,0.1717987392670403,0.1717987392670403,0.26666666666666666,0.3333333333333333,0.26666666666666666,0.3333333333333333,nan,nan,nan,nan,nan,nan,nan,nan,34.0,0.09090909090909091,0.12121212121212122,2.567474382172715,27.0,0.07692307692307693,0.11538461538461539,2.4719989455605087,0.0
smc/smc_188/track.npy,smc,1.0,0.7446381626058425,0.7446381626058425,0.7446381626058425,1.0,1.0,1.0,1.0,nan,nan,nan,nan,nan,nan,nan,nan,32.0,0.0,0.0,0.13051227594979978,8.0,0.0,0.0,0.1101224070251483,0.0
smc/smc_190/track.npy,smc,0.5897435897435898,0.4147294456692461,0.4147294456692461,0.4147294456692461,0.4791666666666667,0.4791666666666667,0.4791666666666667,0.4791666666666667,nan,nan,nan,nan,nan,nan,nan,nan,53.0,0.0,0.0,0.46301666403646524,20.0,0.0,0.0,0.7713094379278962,0.0
smc/smc_192/track.npy,smc,0.11594202898550723,0.11079452324516201,0.14556661841562757,0.1281805708303948,0.0196078431372549,0.0196078431372549,0.0196078431372549,0.0392156862745098,nan,nan,nan,nan,nan,nan,nan,nan,52.0,0.47058823529411764,0.7058823529411765,1.9810014688665964,24.0,0.30434782608695654,0.43478260869565216,2.867900632663518,0.0
smc/smc_193/track.npy,smc,0.7659574468085107,0.5335950889728188,0.5335950889728188,0.5335950889728188,0.27450980392156865,0.5490196078431373,0.27450980392156865,0.5490196078431373,nan,nan,nan,nan,nan,nan,nan,nan,54.0,0.018867924528301886,0.03773584905660377,1.2331854654370455,23.0,0.0,0.0,0.7419373447293807,0.0
smc/smc_194/track.npy,smc,0.0,0.0,0.0,0.0,0.0,0.0,0.0,0.0,nan,nan,nan,nan,nan,nan,nan,nan,1.0,0.0,0.0,nan,1.0,0.0,0.0,nan,0.0
smc/smc_195/track.npy,smc,0.5151515151515151,0.41470935273488563,0.41470935273488563,0.41470935273488563,0.11428571428571428,0.22857142857142856,0.12903225806451613,0.25806451612903225,nan,nan,nan,nan,nan,nan,nan,nan,46.0,0.0,0.0,1.773611996526204,28.0,0.0,0.0,1.3880560751867037,0.0
smc/smc_197/track.npy,smc,0.18181818181818182,0.12046771826779286,0.12844106678761552,0.12445439252770418,0.0,0.0,0.0,0.0,nan,nan,nan,nan,nan,nan,nan,nan,95.0,0.0,0.010638297872340425,0.8057799700014904,31.0,0.0,0.0,0.3737454753135292,0.0
smc/smc_198/track.npy,smc,0.7818181818181817,0.5644605719826365,0.5644605719826365,0.5644605719826365,0.6833333333333333,0.6833333333333333,0.6833333333333333,0.6833333333333333,nan,nan,nan,nan,nan,nan,nan,nan,72.0,0.0,0.0,0.17973668842645113,20.0,0.0,0.0,0.4648597432104293,0.0
smc/smc_199/track.npy,smc,0.41025641025641024,0.27595117758117826,0.4041810157593226,0.34006609667025045,0.0,0.0,0.10126582278481013,0.31645569620253167,nan,nan,nan,nan,nan,nan,nan,nan,85.0,0.05952380952380952,0.14285714285714285,1.3115929154141885,27.0,0.0,0.038461538461538464,1.4920120735230709,0.0
smc/smc_202/track.npy,smc,0.10909090909090909,0.05182126428375319,0.11601320229184947,0.08391723328780133,0.03125,0.03125,0.06349206349206349,0.07936507936507936,nan,nan,nan,nan,nan,nan,nan,nan,24.0,0.043478260869565216,0.043478260869565216,4.596858771377629,17.0,0.0,0.0,1.6295705492132617,0.0
smc/smc_203/track.npy,smc,0.26666666666666666,0.17350215033769298,0.17350215033769298,0.17350215033769298,0.1794871794871795,0.48717948717948717,0.1794871794871795,0.48717948717948717,nan,nan,nan,nan,nan,nan,nan,nan,41.0,0.0,0.0,0.7824671227238007,22.0,0.0,0.0,0.7791198682625116,0.0
smc/smc_204/track.npy,smc,0.3963963963963964,0.31235976489637757,0.31235976489637757,0.31235976489637757,0.05263157894736842,0.17543859649122806,0.05263157894736842,0.17543859649122806,nan,nan,nan,nan,nan,nan,nan,nan,63.0,0.0,0.0,0.8109302162163219,28.0,0.0,0.0,1.377154330326312,0.0
smc/smc_205/track.npy,smc,0.6333333333333333,0.49194671010910285,0.593160380782722,0.5425535454459125,0.038461538461538464,0.15384615384615385,0.21686746987951808,0.5542168674698795,nan,nan,nan,nan,nan,nan,nan,nan,92.0,0.02197802197802198,0.03296703296703297,0.7909196960750698,27.0,0.0,0.0,0.6778889975129044,0.0
smc/smc_206/track.npy,smc,0.605263157894737,0.45856969340541376,0.45856969340541376,0.45856969340541376,0.23809523809523808,0.47619047619047616,0.23809523809523808,0.47619047619047616,nan,nan,nan,nan,nan,nan,nan,nan,48.0,0.0,0.0,0.5350594114906464,27.0,0.0,0.0,0.7599190862720245,0.0
smc/smc_207/track.npy,smc,0.722689075630252,0.5689254292498448,0.5689254292498448,0.5689254292498448,0.19402985074626866,0.5223880597014925,0.19402985074626866,0.5223880597014925,nan,nan,nan,nan,nan,nan,nan,nan,57.0,0.0,0.0,0.7121953755306379,17.0,0.0,0.0,0.5579691779250912,0.0
smc/smc_208/track.npy,smc,0.6451612903225806,0.5042401642982467,0.5042401642982467,0.5042401642982467,0.8387096774193549,0.8387096774193549,0.8387096774193549,0.8387096774193549,nan,nan,nan,nan,nan,nan,nan,nan,35.0,0.0,0.0,0.39432552343315763,26.0,0.0,0.0,0.7508760411583989,0.0
smc/smc_209/track.npy,smc,0.6410256410256411,0.45698220132936346,0.45698220132936346,0.45698220132936346,0.475,0.825,0.475,0.825,nan,nan,nan,nan,nan,nan,nan,nan,40.0,0.0,0.0,0.594339134602784,14.0,0.0,0.0,0.5055641210028053,0.0
smc/smc_211/track.npy,smc,0.5806451612903225,0.3772527428757333,0.3772527428757333,0.3772527428757333,0.5102040816326531,0.5510204081632653,0.5102040816326531,0.5510204081632653,nan,nan,nan,nan,nan,nan,nan,nan,47.0,0.0,0.0,0.6154205877982467,24.0,0.0,0.0,1.5121644563630596,0.0
smc/smc_212/track.npy,smc,0.3636363636363636,0.2869251708361564,0.2869251708361564,0.2869251708361564,0.16666666666666666,0.2916666666666667,0.16666666666666666,0.2916666666666667,nan,nan,nan,nan,nan,nan,nan,nan,21.0,0.0,0.0,1.467729455755035,15.0,0.0,0.0,1.6255133963433783,0.0
smc/smc_213/track.npy,smc,0.45333333333333337,0.340619269656937,0.340619269656937,0.340619269656937,0.42105263157894735,0.7631578947368421,0.42105263157894735,0.7631578947368421,nan,nan,nan,nan,nan,nan,nan,nan,42.0,0.0,0.0,0.3776200372884588,21.0,0.0,0.0,0.4059310533023638,0.0
smc/smc_214/track.npy,smc,0.30303030303030304,0.17329280954493614,0.2723172721420425,0.22280504084348932,0.0,0.0,0.08333333333333333,0.25,nan,nan,nan,nan,nan,nan,nan,nan,9.0,0.0,0.0,1.4246145799505636,9.0,0.0,0.0,1.4246145799505636,0.0
smc/smc_215/track.npy,smc,0.59375,0.4655576309387028,0.4655576309387028,0.4655576309387028,0.18181818181818182,0.42424242424242425,0.18181818181818182,0.42424242424242425,nan,nan,nan,nan,nan,nan,nan,nan,42.0,0.0,0.0,0.8604589699505234,14.0,0.0,0.0,0.6157496128880343,0.0
smc/smc_216/track.npy,smc,0.3555555555555555,0.23562572447636934,0.34610543428611,0.2908655793812397,0.0,0.0,0.08450704225352113,0.28169014084507044,nan,nan,nan,nan,nan,nan,nan,nan,61.0,0.0,0.0,0.7292006832641684,28.0,0.0,0.0,1.2961464065683024,0.0
smc/smc_217/track.npy,smc,0.6969696969696969,0.4151868831572516,0.4151868831572516,0.4151868831572516,0.2,0.34285714285714286,0.2,0.34285714285714286,nan,nan,nan,nan,nan,nan,nan,nan,37.0,0.0,0.027777777777777776,1.0954266907632975,24.0,0.0,0.0,1.2761857106089485,0.0
smc/smc_219/track.npy,smc,0.6055045871559633,0.5108090024553816,0.5108090024553816,0.5108090024553816,0.15,0.5,0.15,0.5,nan,nan,nan,nan,nan,nan,nan,nan,68.0,0.1044776119402985,0.1791044776119403,1.2267565778693128,34.0,0.030303030303030304,0.06060606060606061,1.974218767876715,0.0
smc/smc_220/track.npy,smc,0.42016806722689076,0.28572510128126055,0.28572510128126055,0.28572510128126055,0.05194805194805195,0.05194805194805195,0.05194805194805195,0.05194805194805195,nan,nan,nan,nan,nan,nan,nan,nan,87.0,0.0,0.03488372093023256,0.9343092373768414,36.0,0.0,0.0,1.5062742752927671,0.0
smc/smc_221/track.npy,smc,0.3595505617977528,0.22111733238679285,0.30888859402185914,0.265002963204326,0.0,0.0,0.22033898305084745,0.4067796610169492,nan,nan,nan,nan,nan,nan,nan,nan,66.0,0.0,0.0,0.35225563902918744,26.0,0.0,0.0,1.2283446362955632,0.0
smc/smc_222/track.npy,smc,0.29411764705882354,0.1772659626154253,0.22476822548146327,0.20101709404844428,0.13953488372093023,0.13953488372093023,0.13953488372093023,0.1836734693877551,nan,nan,nan,nan,nan,nan,nan,nan,50.0,0.0,0.0,0.5075670038489174,16.0,0.0,0.0,0.8010225661718435,0.0
smc/smc_223/track.npy,smc,0.5999999999999999,0.48213470682843623,0.48213470682843623,0.48213470682843623,0.3191489361702128,0.3191489361702128,0.3191489361702128,0.3191489361702128,nan,nan,nan,nan,nan,nan,nan,nan,54.0,0.0,0.0,0.6388601506671501,21.0,0.0,0.0,1.4143740495907393,0.0
smc/smc_224/track.npy,smc,0.19753086419753088,0.15449275658811357,0.20146256387903522,0.1779776602335744,0.045454545454545456,0.09090909090909091,0.045454545454545456,0.09090909090909091,nan,nan,nan,nan,nan,nan,nan,nan,52.0,0.0,0.0,0.6716772974776878,22.0,0.0,0.0,1.0910788148465507,0.0
smc/smc_225/track.npy,smc,0.4927536231884058,0.41289207847652387,0.41289207847652387,0.41289207847652387,0.09090909090909091,0.09090909090909091,0.20408163265306123,0.24489795918367346,nan,nan,nan,nan,nan,nan,nan,nan,53.0,0.0,0.0,0.7049124292650483,18.0,0.0,0.0,0.5253655382965754,0.0
smc/smc_226/track.npy,smc,0.47058823529411764,0.3480976986925564,0.3480976986925564,0.3480976986925564,0.3055555555555556,0.5277777777777778,0.3055555555555556,0.5277777777777778,nan,nan,nan,nan,nan,nan,nan,nan,40.0,0.0,0.0,0.9808292530117285,22.0,0.0,0.0,1.0057630624939884,0.0
smc/smc_227/track.npy,smc,0.22222222222222218,0.14780645400474374,0.20671358293017242,0.1772600184674581,0.10526315789473684,0.10526315789473684,0.21052631578947367,0.21052631578947367,nan,nan,nan,nan,nan,nan,nan,nan,19.0,0.0,0.0,1.3573779261921644,15.0,0.0,0.0,1.049438206037306,0.0
smc/smc_229/track.npy,smc,0.7816091954022988,0.5483176341996051,0.5483176341996051,0.5483176341996051,0.8181818181818182,0.9090909090909091,0.8181818181818182,0.9090909090909091,nan,nan,nan,nan,nan,nan,nan,nan,48.0,0.0,0.0,0.479273402722039,16.0,0.0,0.0,1.4499531297004322,0.0
smc/smc_232/track.npy,smc,0.6727272727272727,0.5380525964572487,0.5380525964572487,0.5380525964572487,0.25,0.421875,0.25,0.421875,nan,nan,nan,nan,nan,nan,nan,nan,54.0,0.0,0.018867924528301886,1.3081654752941232,27.0,0.0,0.0,1.459380802337476,0.0
smc/smc_235/track.npy,smc,0.4640000000000001,0.3658456301860746,0.39414813320089326,0.3799968816934839,0.0,0.0,0.10112359550561797,0.30337078651685395,nan,nan,nan,nan,nan,nan,nan,nan,106.0,0.0,0.0,0.43084012678540823,36.0,0.0,0.0,1.1149021737479587,0.0
smc/smc_236/track.npy,smc,0.48275862068965525,0.3200521620021599,0.3200521620021599,0.3200521620021599,0.125,0.125,0.125,0.125,nan,nan,nan,nan,nan,nan,nan,nan,61.0,0.0,0.0,0.712352484753846,32.0,0.0,0.0,0.8050028137691139,0.0
smc/smc_237/track.npy,smc,0.28571428571428575,0.2243670323054294,0.2243670323054294,0.2243670323054294,0.1794871794871795,0.3333333333333333,0.1794871794871795,0.3333333333333333,nan,nan,nan,nan,nan,nan,nan,nan,39.0,0.0,0.0,0.755060448981552,16.0,0.0,0.0,1.845045523738449,0.0
smc/smc_239/track.npy,smc,0.33333333333333337,0.2106435307878881,0.3010413409825957,0.2558424358852419,0.10526315789473684,0.21052631578947367,0.2,0.23636363636363636,nan,nan,nan,nan,nan,nan,nan,nan,41.0,0.0,0.0,0.4735928787717125,19.0,0.0,0.0,1.2757789330815408,0.0
smc/smc_241/track.npy,smc,0.21739130434782608,0.1368192515268962,0.17521402190299853,0.15601663671494737,0.16326530612244897,0.1836734693877551,0.16326530612244897,0.1836734693877551,nan,nan,nan,nan,nan,nan,nan,nan,56.0,0.0,0.0,0.6996467341314235,29.0,0.0,0.0,0.6141511309680128,0.0
smc/smc_242/track.npy,smc,0.6666666666666666,0.4922820633843247,0.4922820633843247,0.4922820633843247,0.2222222222222222,0.8,0.2222222222222222,0.8,nan,nan,nan,nan,nan,nan,nan,nan,52.0,0.0,0.0,0.5334073705059733,13.0,0.0,0.0,0.10747420551881692,0.0
smc/smc_243/track.npy,smc,0.7857142857142857,0.6264913956813036,0.6264913956813036,0.6264913956813036,0.6551724137931034,0.7931034482758621,0.6551724137931034,0.7931034482758621,nan,nan,nan,nan,nan,nan,nan,nan,33.0,0.0,0.0,0.509319598530992,17.0,0.0,0.0,0.816258953118282,0.0
smc/smc_244/track.npy,smc,0.14814814814814814,0.09544755169121404,0.15448465953411972,0.12496610561266688,0.0,0.0,0.3125,0.34375,nan,nan,nan,nan,nan,nan,nan,nan,23.0,0.0,0.0,0.5245244681241519,10.0,0.0,0.0,0.807177425951684,0.0
smc/smc_248/track.npy,smc,0.5238095238095238,0.3792373354195207,0.3792373354195207,0.3792373354195207,0.09615384615384616,0.28846153846153844,0.09615384615384616,0.28846153846153844,nan,nan,nan,nan,nan,nan,nan,nan,38.0,0.02702702702702703,0.02702702702702703,1.850740255683837,21.0,0.0,0.0,1.3975225265347033,0.0
smc/smc_249/track.npy,smc,0.7951807228915662,0.6572733495872025,0.6572733495872025,0.6572733495872025,0.5957446808510638,0.6170212765957447,0.5957446808510638,0.6170212765957447,nan,nan,nan,nan,nan,nan,nan,nan,64.0,0.0,0.0,0.1859132434918723,21.0,0.0,0.0,0.4273377071735003,0.0
smc/smc_251/track.npy,smc,0.5611510791366907,0.46572724477843214,0.5531910768885615,0.5094591608334968,0.06666666666666667,0.12,0.12,0.2755905511811024,nan,nan,nan,nan,nan,nan,nan,nan,76.0,0.0,0.02666666666666667,0.6186279932492674,30.0,0.0,0.0,0.7719550579052427,0.0
smc/smc_252/track.npy,smc,0.9259259259259259,0.6537561201618032,0.6537561201618032,0.6537561201618032,1.0,1.0,1.0,1.0,nan,nan,nan,nan,nan,nan,nan,nan,61.0,0.0,0.0,0.09266700609834352,16.0,0.0,0.0,0.0784830667621735,0.0
smc/smc_253/track.npy,smc,0.55,0.42313220585116723,0.42313220585116723,0.42313220585116723,0.3902439024390244,0.5121951219512195,0.3902439024390244,0.5121951219512195,nan,nan,nan,nan,nan,nan,nan,nan,49.0,0.0,0.0,0.4340405042723422,20.0,0.0,0.0,1.2740949487049917,0.0
smc/smc_254/track.npy,smc,0.16470588235294117,0.12934976762483366,0.19610224667447734,0.16272600714965552,0.0,0.0,0.25,0.39285714285714285,nan,nan,nan,nan,nan,nan,nan,nan,36.0,0.0,0.0,0.8056998406949483,17.0,0.0,0.0,1.013392306409046,0.0
smc/smc_255/track.npy,smc,0.619718309859155,0.5154181449205776,0.5154181449205776,0.5154181449205776,0.13513513513513514,0.35135135135135137,0.13513513513513514,0.35135135135135137,nan,nan,nan,nan,nan,nan,nan,nan,44.0,0.0,0.0,0.6513713786866503,25.0,0.0,0.0,1.2166847085543517,0.0
smc/smc_256/track.npy,smc,0.5614035087719298,0.4517827584846939,0.5614714689877726,0.5066271137362333,0.05555555555555555,0.05555555555555555,0.42857142857142855,0.6666666666666666,nan,nan,nan,nan,nan,nan,nan,nan,25.0,0.0,0.0,0.47681428461000364,16.0,0.0,0.0,1.098556530081846,0.0
smc/smc_257/track.npy,smc,0.5846153846153845,0.41164010132612844,0.41164010132612844,0.41164010132612844,0.10294117647058823,0.19117647058823528,0.10294117647058823,0.1935483870967742,nan,nan,nan,nan,nan,nan,nan,nan,75.0,0.02702702702702703,0.16216216216216217,1.4666923347821053,33.0,0.0,0.09375,2.6733593641121134,0.0
smc/smc_258/track.npy,smc,0.288,0.21305847212578075,0.25213068210984063,0.23259457711781067,0.0136986301369863,0.0273972602739726,0.02912621359223301,0.0970873786407767,nan,nan,nan,nan,nan,nan,nan,nan,84.0,0.0,0.0,0.7198658721452749,48.0,0.0,0.0,1.271436132211662,0.0
smc/smc_259/track.npy,smc,0.4788732394366198,0.32003040193188065,0.32003040193188065,0.32003040193188065,0.26666666666666666,0.4444444444444444,0.26666666666666666,0.4444444444444444,nan,nan,nan,nan,nan,nan,nan,nan,51.0,0.0,0.0,0.49935538101456767,27.0,0.0,0.0,1.1822667406252674,0.0
smc/smc_260/track.npy,smc,0.7008547008547009,0.5268142038151707,0.5268142038151707,0.5268142038151707,0.140625,0.40625,0.140625,0.40625,nan,nan,nan,nan,nan,nan,nan,nan,75.0,0.1891891891891892,0.2702702702702703,1.8921428538415128,36.0,0.11428571428571428,0.11428571428571428,2.5857740487141685,0.0
smc/smc_261/track.npy,smc,0.4615384615384615,0.3294834309112267,0.3294834309112267,0.3294834309112267,0.21428571428571427,0.5714285714285714,0.21428571428571427,0.5714285714285714,nan,nan,nan,nan,nan,nan,nan,nan,49.0,0.0,0.0,0.6333920630215096,24.0,0.0,0.0,1.019472374981325,0.0
smc/smc_262/track.npy,smc,0.574468085106383,0.4249209624524589,0.4249209624524589,0.4249209624524589,0.07936507936507936,0.20634920634920634,0.07936507936507936,0.20634920634920634,nan,nan,nan,nan,nan,nan,nan,nan,38.0,0.0,0.0,0.8866036736070506,21.0,0.0,0.0,1.3628266752596232,0.0
smc/smc_263/track.npy,smc,0.5454545454545455,0.4099661938640544,0.4099661938640544,0.4099661938640544,0.13513513513513514,0.2702702702702703,0.13513513513513514,0.2702702702702703,nan,nan,nan,nan,nan,nan,nan,nan,45.0,0.0,0.0,0.6609365876597337,17.0,0.0,0.0,0.6341049167634916,0.0
smc/smc_264/track.npy,smc,0.391304347826087,0.3001890903785368,0.4770407041989371,0.388614897288737,0.010416666666666666,0.010416666666666666,0.17708333333333334,0.53125,nan,nan,nan,nan,nan,nan,nan,nan,104.0,0.11650485436893204,0.13592233009708737,1.3436191526826684,26.0,0.0,0.0,1.012155246835314,0.0
smc/smc_265/track.npy,smc,0.8271604938271606,0.6248549034614904,0.6248549034614904,0.6248549034614904,0.23809523809523808,0.7261904761904762,0.23809523809523808,0.7261904761904762,nan,nan,nan,nan,nan,nan,nan,nan,87.0,0.0,0.0,0.25191702377224195,29.0,0.0,0.0,0.5369625946370741,0.0
smc/smc_266/track.npy,smc,0.5479452054794521,0.43477653722472903,0.43477653722472903,0.43477653722472903,0.2222222222222222,0.28888888888888886,0.2222222222222222,0.3090909090909091,nan,nan,nan,nan,nan,nan,nan,nan,51.0,0.0,0.0,0.8677135931623158,28.0,0.0,0.0,1.1170312435159393,0.0
smc/smc_269/track.npy,smc,0.6875,0.4783532472222634,0.4783532472222634,0.4783532472222634,0.6666666666666666,0.7272727272727273,0.6666666666666666,0.7272727272727273,nan,nan,nan,nan,nan,nan,nan,nan,34.0,0.0,0.0,0.6037617693361707,19.0,0.0,0.0,1.0530779153630243,0.0
smc/smc_271/track.npy,smc,1.0,0.8738058222690994,0.8738058222690994,0.8738058222690994,1.0,1.0,1.0,1.0,nan,nan,nan,nan,nan,nan,nan,nan,68.0,0.0,0.0,0.06899287148696243,17.0,0.0,0.0,0.019691852182234505,0.0
smc/smc_272/track.npy,smc,0.6408839779005524,0.604437976785285,0.604437976785285,0.604437976785285,0.0,0.0,0.5245901639344263,0.5245901639344263,nan,nan,nan,nan,nan,nan,nan,nan,68.0,0.0,0.0,0.06899287148694999,17.0,0.0,0.0,0.00865806274311598,0.0
smc/smc_273/track.npy,smc,1.0,0.8484715124220423,0.8484715124220423,0.8484715124220423,1.0,1.0,1.0,1.0,nan,nan,nan,nan,nan,nan,nan,nan,64.0,0.0,0.0,0.031748698314585266,16.0,0.0,0.0,0.015873349156290024,0.0
smc/smc_274/track.npy,smc,0.0,5.3368860053363815e-05,0.8617761557504078,0.43091476230523057,0.0,0.0,0.9879518072289156,0.9879518072289156,nan,nan,nan,nan,nan,nan,nan,nan,95.0,0.0,0.0,0.09531017980433462,24.0,0.0,0.0,0.023810648693718073,0.0
smc/smc_275/track.npy,smc,0.4946236559139785,0.39875867144394445,0.39875867144394445,0.39875867144394445,0.0,0.0,0.0,0.0,nan,nan,nan,nan,nan,nan,nan,nan,80.0,0.0,0.0,0.08004270767353612,27.0,0.0,0.0,0.0266682470821611,0.0
smc/smc_276/track.npy,smc,0.6666666666666666,0.5806439517829892,0.8709659273523324,0.7258049395676608,0.0,0.0,1.0,1.0,nan,nan,nan,nan,nan,nan,nan,nan,63.0,0.0,0.0,0.06252035698133829,16.0,0.0,0.0,0.00784317746102714,0.0
smc/smc_277/track.npy,smc,0.6326530612244898,0.6116612666410017,0.6474990721179374,0.6295801693794696,0.0,0.0,0.3582089552238806,0.5373134328358209,nan,nan,nan,nan,nan,nan,nan,nan,71.0,0.014285714285714285,0.04285714285714286,0.9964180072707932,18.0,0.0,0.0,0.701880860528699,0.0
smc/smc_278/track.npy,smc,0.9917355371900827,0.85354213355614,0.85354213355614,0.85354213355614,0.9836065573770492,0.9836065573770492,0.9836065573770492,0.9836065573770492,nan,nan,nan,nan,nan,nan,nan,nan,70.0,0.0,0.0,0.0689928714869561,18.0,0.0,0.0,0.019652103838999263,0.0
smc/smc_279/track.npy,smc,0.8429752066115703,0.7120170160104679,0.7120170160104679,0.7120170160104679,0.7540983606557377,0.819672131147541,0.7540983606557377,0.819672131147541,nan,nan,nan,nan,nan,nan,nan,nan,68.0,0.0,0.0,0.2878667915190911,18.0,0.0,0.0,0.1148802759984221,0.0
smc/smc_280/track.npy,smc,1.0,0.8347079527530004,0.8347079527530004,0.8347079527530004,1.0,1.0,1.0,1.0,nan,nan,nan,nan,nan,nan,nan,nan,57.0,0.0,0.0,0.05715841383994874,15.0,0.0,0.0,0.014184634991956813,0.0
smc/smc_281/track.npy,smc,1.0,0.9040660207624528,0.9040660207624528,0.9040660207624528,1.0,1.0,1.0,1.0,nan,nan,nan,nan,nan,nan,nan,nan,59.0,0.0,0.0,0.07010548093626061,15.0,0.0,0.0,0.1678875861458947,0.0
smc/smc_282/track.npy,smc,0.9818181818181818,0.8340384070416634,0.8340384070416634,0.8340384070416634,0.6909090909090909,0.9636363636363636,0.6909090909090909,0.9636363636363636,nan,nan,nan,nan,nan,nan,nan,nan,63.0,0.0,0.0,0.0625203569813354,16.0,0.0,0.0,0.01562531790308197,0.0
smc/smc_283/track.npy,smc,0.9245283018867924,0.812737524525643,0.812737524525643,0.812737524525643,0.7678571428571429,0.7678571428571429,0.7678571428571429,0.7678571428571429,nan,nan,nan,nan,nan,nan,nan,nan,70.0,0.0,0.0,0.15292672948206226,17.0,0.0,0.0,0.284980060315703,0.0
smc/smc_284/track.npy,smc,1.0,0.8585498277805489,0.8585498277805489,0.8585498277805489,1.0,1.0,1.0,1.0,nan,nan,nan,nan,nan,nan,nan,nan,66.0,0.0,0.0,0.06669137449867674,16.0,0.0,0.0,0.016577514638110708,0.0
smc/smc_285/track.npy,smc,1.0,0.8290265520155943,0.8290265520155943,0.8290265520155943,1.0,1.0,1.0,1.0,nan,nan,nan,nan,nan,nan,nan,nan,80.0,0.0,0.0,0.08004270767353472,20.0,0.0,0.0,2.220446049250313e-16,0.0
smc/smc_286/track.npy,smc,1.0,0.9429627471216064,0.9429627471216064,0.9429627471216064,1.0,1.0,1.0,1.0,nan,nan,nan,nan,nan,nan,nan,nan,55.0,0.0,0.0,0.05884050002293223,14.0,0.0,0.0,0.01470614738969619,0.0
smc/smc_287/track.npy,smc,1.0,0.8093962284045785,0.8093962284045785,0.8093962284045785,0.8166666666666667,0.9833333333333333,0.8166666666666667,0.9833333333333333,nan,nan,nan,nan,nan,nan,nan,nan,68.0,0.0,0.0,0.03390155167568665,17.0,0.0,0.0,0.008510689667909133,0.0
smc/smc_288/track.npy,smc,0.9565217391304348,0.8688609855474522,0.8688609855474522,0.8688609855474522,0.6949152542372882,0.9152542372881356,0.6949152542372882,0.9152542372881356,nan,nan,nan,nan,nan,nan,nan,nan,64.0,0.0,0.0,0.13791939118800012,16.0,0.0,0.0,0.022783026683598367,0.0
smc/smc_289/track.npy,smc,1.0,0.8151444857959242,0.8151444857959242,0.8151444857959242,1.0,1.0,1.0,1.0,nan,nan,nan,nan,nan,nan,nan,nan,66.0,0.0,0.0,0.03390155167568665,16.0,0.0,0.0,0.027659846542171244,0.0
gtzan/gtzan_blues_00000/track.npy,gtzan,0.9811320754716981,0.7342468240239024,0.7342468240239024,0.7342468240239024,0.9811320754716981,0.9811320754716981,0.9811320754716981,0.9811320754716981,0.9285714285714286,0.6889324592871123,0.6889324592871123,0.6889324592871123,1.0,1.0,1.0,1.0,63.0,0.0,0.0,0.08338160893904922,16.0,0.0,0.0,0.02105340919783314,0.0
gtzan/gtzan_blues_00001/track.npy,gtzan,0.9824561403508771,0.918082940379869,0.918082940379869,0.918082940379869,0.5862068965517241,0.9310344827586207,0.5862068965517241,0.9310344827586207,0.6666666666666666,0.6241452111890676,0.7785753711413119,0.7013602911651897,0.14285714285714285,0.14285714285714285,0.5,0.5,43.0,0.0,0.0,0.7621400520469015,19.0,0.0,0.0,0.7971263879317491,0.0
gtzan/gtzan_blues_00002/track.npy,gtzan,0.9923664122137404,0.8758415987112917,0.8758415987112917,0.8758415987112917,0.9848484848484849,0.9848484848484849,0.9848484848484849,0.9848484848484849,0.9696969696969697,0.8571075746230984,0.8571075746230984,0.8571075746230984,0.9411764705882353,0.9411764705882353,0.9411764705882353,0.9411764705882353,79.0,0.0,0.0,0.10536051565781435,20.0,0.0,0.0,0.0266682470821607,0.0
gtzan/gtzan_blues_00003/track.npy,gtzan,0.7536231884057971,0.6389455202430231,0.6389455202430231,0.6389455202430231,0.18604651162790697,0.3488372093023256,0.18604651162790697,0.3488372093023256,0.45454545454545453,0.3260627091281542,0.555576801376469,0.44081975525231165,0.0,0.0,0.5625,0.5625,58.0,0.017543859649122806,0.07017543859649122,1.037987666851676,22.0,0.0,0.047619047619047616,0.7664612402569986,0.0
gtzan/gtzan_blues_00004/track.npy,gtzan,0.9464285714285714,0.6840449362728418,0.6840449362728418,0.6840449362728418,1.0,1.0,1.0,1.0,0.9285714285714286,0.6948667451105948,0.6948667451105948,0.6948667451105948,1.0,1.0,1.0,1.0,67.0,0.0,0.0,0.09097177820572788,17.0,0.0,0.0,0.022298052504914956,0.0
gtzan/gtzan_blues_00005/track.npy,gtzan,0.896551724137931,0.753209190592649,0.753209190592649,0.753209190592649,1.0,1.0,1.0,1.0,0.08695652173913043,0.07022711480717014,0.11975057912779047,0.0949888469674803,0.0,0.0,0.125,0.125,35.0,0.0,0.0,0.06899287148695006,19.0,0.0,0.0,0.8417460779710255,0.0
gtzan/gtzan_blues_00006/track.npy,gtzan,0.6376811594202899,0.5542986979768557,0.5542986979768557,0.5542986979768557,0.18421052631578946,0.4473684210526316,0.18421052631578946,0.4473684210526316,0.07692307692307691,0.04782236525634335,0.10047399519363975,0.07414818022499155,0.0,0.0,0.05555555555555555,0.05555555555555555,46.0,0.0,0.0,0.9911051054825234,21.0,0.0,0.0,1.4960698276674795,0.0
gtzan/gtzan_blues_00007/track.npy,gtzan,0.9743589743589743,0.8992203243302394,0.8992203243302394,0.8992203243302394,1.0,1.0,1.0,1.0,0.29629629629629634,0.2910673381134434,0.4600456189299876,0.3755564785217155,0.0,0.0,0.15789473684210525,0.21052631578947367,47.0,0.0,0.0,0.06062462181643815,22.0,0.0,0.0,1.1094278406447347,0.0
gtzan/gtzan_blues_00008/track.npy,gtzan,0.971830985915493,0.8546807228707124,0.8546807228707124,0.8546807228707124,0.971830985915493,0.971830985915493,0.971830985915493,0.971830985915493,0.6111111111111113,0.5225641706959403,0.554115885656296,0.5383400281761181,0.5263157894736842,0.5263157894736842,0.5263157894736842,0.5263157894736842,85.0,0.0,0.0,0.11122563511023142,22.0,0.0,0.0,0.679860250683945,0.0
gtzan/gtzan_blues_00009/track.npy,gtzan,0.7058823529411764,0.5806899462688471,0.5806899462688471,0.5806899462688471,0.9428571428571428,0.9428571428571428,0.9428571428571428,0.9428571428571428,0.17391304347826086,0.16941003652985592,0.4227173855544614,0.2960637110421587,0.0,0.0,0.058823529411764705,0.11764705882352941,42.0,0.0,0.0,0.11139541825455286,18.0,0.0,0.0,1.2774969162065344,0.0
gtzan/gtzan_blues_00010/track.npy,gtzan,0.6666666666666666,0.613117153505519,0.8595245903884366,0.7363208719469778,0.014705882352941176,0.014705882352941176,0.4264705882352941,0.8529411764705882,0.2564102564102564,0.21418094436866533,0.37491361656671696,0.29454728046769113,0.0,0.0,0.06666666666666667,0.1,78.0,0.0,0.012987012987012988,0.4446922326986854,37.0,0.0,0.0,1.4177202414076373,0.0
gtzan/gtzan_blues_00011/track.npy,gtzan,0.6478873239436619,0.5918372218801473,0.5918372218801473,0.5918372218801473,0.06382978723404255,0.10638297872340426,0.06382978723404255,0.10638297872340426,0.5806451612903226,0.5092126484181677,0.7784669383437497,0.6438397933809588,0.10526315789473684,0.15789473684210525,0.2608695652173913,0.5217391304347826,56.0,0.0,0.0,1.0445450673978383,22.0,0.0,0.0,0.7311779623268998,0.0
gtzan/gtzan_blues_00012/track.npy,gtzan,0.8717948717948718,0.7693431541260048,0.7693431541260048,0.7693431541260048,0.8205128205128205,0.9743589743589743,0.8205128205128205,0.9743589743589743,0.3333333333333333,0.24090646844532304,0.37097973152041985,0.30594309998287145,0.07142857142857142,0.07142857142857142,0.2631578947368421,0.3684210526315789,47.0,0.0,0.0,0.0621412099483529,19.0,0.0,0.0,1.2511637092788914,0.0
gtzan/gtzan_blues_00013/track.npy,gtzan,0.5839416058394161,0.4949686552375982,0.7098198408883492,0.6023942480629737,0.0,0.0,0.5978260869565217,0.6956521739130435,0.196078431372549,0.15633039522930878,0.2214253661088454,0.18887788066907707,0.0,0.0,0.05128205128205128,0.07692307692307693,110.0,0.0,0.0,0.2231435513142066,45.0,0.0,0.0,1.3862943611198832,0.0
gtzan/gtzan_blues_00014/track.npy,gtzan,0.8250000000000001,0.6871130057121352,0.6871130057121352,0.6871130057121352,0.24444444444444444,0.6,0.24444444444444444,0.6,0.37037037037037035,0.28171591438653876,0.4560124895411993,0.36886420196386904,0.0,0.0,0.2631578947368421,0.42105263157894735,56.0,0.03636363636363636,0.05454545454545454,1.0121935085531117,25.0,0.041666666666666664,0.041666666666666664,2.2445490597993376,0.0
gtzan/gtzan_blues_00015/track.npy,gtzan,0.9024390243902439,0.8246227574927973,0.8246227574927973,0.8246227574927973,0.6829268292682927,0.9512195121951219,0.6829268292682927,0.9512195121951219,0.380952380952381,0.3704713877159322,0.3704713877159322,0.3704713877159322,0.2727272727272727,0.2727272727272727,0.2727272727272727,0.2727272727272727,49.0,0.0,0.0,0.06669137449867281,12.0,0.0,0.0,0.058173442720847617,0.0
gtzan/gtzan_blues_00016/track.npy,gtzan,0.6446280991735538,0.5336904687204161,0.7535427818651652,0.6436166252927906,0.0379746835443038,0.0379746835443038,0.5662650602409639,0.7951807228915663,0.20833333333333334,0.1945020564301606,0.3800879604449651,0.28729500843756284,0.0,0.0,0.05263157894736842,0.07894736842105263,96.0,0.0,0.0,0.13353139262452585,43.0,0.0,0.0,1.3694872428035068,0.0
gtzan/gtzan_blues_00017/track.npy,gtzan,1.0,0.8256914563644991,0.8256914563644991,0.8256914563644991,1.0,1.0,1.0,1.0,0.0,1.0768549793761659e-15,6.724079888199041e-14,3.415882693068329e-14,0.0,0.0,0.0,0.0,85.0,0.0,0.0,0.11712729560176613,21.0,0.0,0.0,0.05798725765034892,0.0
gtzan/gtzan_blues_00018/track.npy,gtzan,0.7529411764705882,0.5723259157569177,0.5723259157569177,0.5723259157569177,0.27450980392156865,0.45098039215686275,0.27450980392156865,0.45098039215686275,0.5185185185185185,0.4068784871900825,0.515314600061247,0.46109654362566477,0.05555555555555555,0.05555555555555555,0.2222222222222222,0.5555555555555556,58.0,0.0,0.03508771929824561,0.6351813510242725,23.0,0.0,0.0,1.5712166996139012,0.0
gtzan/gtzan_blues_00019/track.npy,gtzan,0.6103896103896104,0.5670941068239688,0.8433279370380733,0.705211021931021,0.0,0.0,0.49514563106796117,0.8737864077669902,0.631578947368421,0.598288699503654,0.8558484645242932,0.7270685820139736,0.0,0.0,1.0,1.0,123.0,0.0,0.01639344262295082,0.18232155679396644,30.0,0.0,0.0,0.06360643004075044,0.0
gtzan/gtzan_blues_00020/track.npy,gtzan,0.6190476190476191,0.5174493614605352,0.6925853699276042,0.6050173656940697,0.06306306306306306,0.06306306306306306,0.19469026548672566,0.5929203539823009,0.10526315789473685,0.10366861914746721,0.10366861914746721,0.10366861914746721,0.023255813953488372,0.023255813953488372,0.023255813953488372,0.023255813953488372,131.0,0.03076923076923077,0.3153846153846154,0.5765183141154533,55.0,0.018518518518518517,0.07407407407407407,1.672769307115213,0.0
gtzan/gtzan_blues_00021/track.npy,gtzan,0.9761904761904762,0.6652271813026154,0.6652271813026154,0.6652271813026154,1.0,1.0,1.0,1.0,1.0,0.6805139055973034,0.6805139055973034,0.6805139055973034,1.0,1.0,1.0,1.0,50.0,0.0,0.0,0.06669137449866863,13.0,0.0,0.0,0.038166643003335166,0.0
gtzan/gtzan_blues_00022/track.npy,gtzan,0.7017543859649124,0.5276014097654165,0.5276014097654165,0.5276014097654165,0.1506849315068493,0.2876712328767123,0.1506849315068493,0.2876712328767123,0.23809523809523805,0.1924518028087659,0.25160534471336216,0.22202857376106402,0.0,0.0,0.0,0.0,87.0,0.023255813953488372,0.26744186046511625,0.784331368841785,39.0,0.0,0.02631578947368421,1.1873190839349348,0.0
gtzan/gtzan_blues_00023/track.npy,gtzan,0.509090909090909,0.40206902322927357,0.445376589159281,0.42372280619427727,0.13043478260869565,0.21739130434782608,0.16049382716049382,0.2962962962962963,0.2222222222222222,0.1698844100616968,0.25558311058192806,0.21273376032181243,0.0,0.0,0.11538461538461539,0.11538461538461539,78.0,0.012987012987012988,0.05194805194805195,1.080250483209018,30.0,0.0,0.0,1.6308912635791388,0.0
gtzan/gtzan_blues_00024/track.npy,gtzan,0.6829268292682928,0.5024340428724329,0.6481429669540206,0.5752885049132268,0.05,0.0875,0.18823529411764706,0.6352941176470588,0.6923076923076923,0.49680905263718395,0.5025164151997686,0.49966273391847627,0.22580645161290322,0.3225806451612903,0.22580645161290322,0.36585365853658536,91.0,0.0,0.0,0.6582591918861848,37.0,0.0,0.0,1.3253863972271567,0.0
gtzan/gtzan_blues_00025/track.npy,gtzan,0.6346153846153846,0.4617750837361939,0.5299685184373419,0.4958718010867679,0.203125,0.203125,0.203125,0.4050632911392405,0.14285714285714285,0.10953377901337813,0.16559424711640175,0.13756401306488994,0.0,0.0,0.0,0.0,71.0,0.0,0.0,0.25131442828090056,35.0,0.0,0.0,1.244379988975359,0.0
gtzan/gtzan_blues_00026/track.npy,gtzan,0.9253731343283583,0.7840670869394609,0.7840670869394609,0.7840670869394609,0.7352941176470589,0.9411764705882353,0.7352941176470589,0.9411764705882353,0.1904761904761905,0.10053881489012133,0.18162636703551258,0.14108259096281695,0.0,0.0,0.0,0.0,41.0,0.0,0.0,0.08049417570899188,15.0,0.0,0.0,1.5549002458199574,0.0
gtzan/gtzan_blues_00027/track.npy,gtzan,0.6753246753246753,0.5231967109472166,0.5231967109472166,0.5231967109472166,0.6666666666666666,0.8461538461538461,0.6666666666666666,0.8461538461538461,0.07692307692307693,0.031170056214611108,0.1602032202916999,0.0956866382531555,0.0625,0.0625,0.125,0.125,46.0,0.0,0.0,0.32663264424834004,19.0,0.0,0.0,1.3593267669760212,0.0
gtzan/gtzan_blues_00028/track.npy,gtzan,0.6615384615384615,0.5835690518340018,0.8732810046093655,0.7284250282216836,0.0,0.0,0.7126436781609196,0.9540229885057471,1.0,0.8873555370530047,0.8873555370530047,0.8873555370530047,1.0,1.0,1.0,1.0,104.0,0.0,0.0,0.20496493053069445,26.0,0.0,0.0,0.035091319811270026,0.0
gtzan/gtzan_blues_00029/track.npy,gtzan,0.41666666666666663,0.2997886362199193,0.4259801493578924,0.36288439278890583,0.10294117647058823,0.16176470588235295,0.14705882352941177,0.20588235294117646,0.14285714285714288,0.10631210312094985,0.10631210312094985,0.10631210312094985,0.13793103448275862,0.1724137931034483,0.13793103448275862,0.1724137931034483,78.0,0.012987012987012988,0.14285714285714285,1.0920598869283742,36.0,0.0,0.02857142857142857,1.8850795013669381,0.0
gtzan/gtzan_blues_00030/track.npy,gtzan,0.0,5.492487517995205e-06,0.5685924679133135,0.2842989802004158,0.0,0.0,0.9347826086956522,0.9565217391304348,0.0,1.2151907234930933e-05,1.5958783162077302e-05,1.4055345198504117e-05,1.0,1.0,1.0,1.0,55.0,0.0,0.0,0.109199291964993,14.0,0.0,0.0,0.05059244161885773,0.0
gtzan/gtzan_blues_00031/track.npy,gtzan,0.4583333333333333,0.4079979339577124,0.4079979339577124,0.4079979339577124,0.2857142857142857,0.5102040816326531,0.3125,0.5102040816326531,0.0,0.00977866235795163,0.06350390224794444,0.03664128230294804,0.0,0.0,0.08695652173913043,0.08695652173913043,57.0,0.0,0.0,0.15415067982725705,24.0,0.0,0.0,0.7648793554426816,0.0
gtzan/gtzan_blues_00032/track.npy,gtzan,0.2650602409638554,0.19188243432313276,0.19622527123684433,0.19405385277998854,0.038461538461538464,0.057692307692307696,0.12903225806451613,0.12903225806451613,0.07142857142857144,0.02384505248574883,0.13443166324561856,0.0791383578656837,0.0,0.0,0.0,0.0,39.0,0.0,0.0,0.8226757696870572,20.0,0.0,0.0,1.5309545062072927,0.0
gtzan/gtzan_blues_00033/track.npy,gtzan,0.6923076923076924,0.514690600470466,0.6227254298140921,0.568708015142279,0.2,0.2,0.5128205128205128,0.6410256410256411,0.5714285714285715,0.44517032382282384,0.44517032382282384,0.44517032382282384,0.25,0.25,0.25,0.25,51.0,0.0,0.0,0.1591716296295683,15.0,0.0,0.0,0.17630113224544522,0.0
gtzan/gtzan_blues_00034/track.npy,gtzan,0.7640449438202247,0.5887863279678501,0.5887863279678501,0.5887863279678501,0.46,0.48,0.46,0.48,0.20689655172413793,0.15804037996206888,0.41237677345188817,0.2852085767069785,0.05263157894736842,0.05263157894736842,0.15789473684210525,0.15789473684210525,63.0,0.0,0.0,0.6931471805599453,25.0,0.0,0.0,1.2175111530248481,0.0
gtzan/gtzan_blues_00035/track.npy,gtzan,0.7961165048543689,0.6565133252244033,0.6565133252244033,0.6565133252244033,0.36363636363636365,0.509090909090909,0.36363636363636365,0.509090909090909,0.4117647058823529,0.31137884038052827,0.5035418524537852,0.4074603464171568,0.15,0.2,0.15,0.35,59.0,0.0,0.034482758620689655,1.2917472897161233,26.0,0.0,0.04,2.228137074881464,0.0
gtzan/gtzan_blues_00036/track.npy,gtzan,0.042105263157894736,0.027289091714369655,0.5238788954059466,0.2755839935601581,0.041666666666666664,0.0625,0.4583333333333333,0.7291666666666666,0.0,0.0019175312734514267,0.0023746736306485003,0.0021461024520499634,0.25,0.375,0.25,0.375,58.0,0.0,0.0,0.13592375537856036,22.0,0.0,0.0,1.3490325056878527,0.0
gtzan/gtzan_blues_00037/track.npy,gtzan,0.8181818181818182,0.6704774774672808,0.6704774774672808,0.6704774774672808,0.2,0.6,0.2,0.6,0.08333333333333333,0.0455062022222475,0.44623949147918657,0.24587284685071703,0.0,0.0,0.125,0.125,42.0,0.024390243902439025,0.024390243902439025,1.362373601672154,21.0,0.0,0.0,1.150166523099148,0.0
gtzan/gtzan_blues_00038/track.npy,gtzan,0.2571428571428572,0.19244300986048685,0.19244300986048685,0.19244300986048685,0.0,0.0,0.014084507042253521,0.014084507042253521,0.0,6.089169513130397e-06,0.02646706025883399,0.01323657471417356,0.0,0.0,0.0,0.0,45.0,0.0,0.0,0.6559713843538036,22.0,0.0,0.0,0.7494737291573599,0.0
gtzan/gtzan_blues_00039/track.npy,gtzan,0.7654320987654321,0.6602570873668018,0.664762299294266,0.6625096933305339,0.3958333333333333,0.3958333333333333,0.3958333333333333,0.3958333333333333,0.5185185185185185,0.4553705718322889,0.4553705718322889,0.4553705718322889,0.375,0.375,0.375,0.375,43.0,0.0,0.0,0.3794896217049066,15.0,0.0,0.0,0.40296160674505116,0.0
gtzan/gtzan_blues_00040/track.npy,gtzan,0.9859154929577464,0.8375098875540531,0.8375098875540531,0.8375098875540531,0.6111111111111112,0.9305555555555556,0.6111111111111112,0.9305555555555556,1.0,0.8540743276084849,0.8540743276084849,0.8540743276084849,1.0,1.0,1.0,1.0,87.0,0.0,0.0,0.1878285974523167,21.0,0.0,0.0,0.1008046991219638,0.0
gtzan/gtzan_blues_00041/track.npy,gtzan,1.0,0.8885202755748228,0.8885202755748228,0.8885202755748228,1.0,1.0,1.0,1.0,0.0,1.745770296117868e-114,0.8618928494181647,0.43094642470908234,0.0,0.0,0.9230769230769231,0.9230769230769231,63.0,0.0,0.0,0.044451762570828834,16.0,0.0,0.0,0.04561009316938962,0.0
gtzan/gtzan_blues_00042/track.npy,gtzan,0.4842105263157895,0.3986851731711687,0.3986851731711687,0.3986851731711687,0.0,0.0,0.0,0.0,0.631578947368421,0.4831446900016225,0.6626919381296377,0.5729183140656301,0.0,0.0,0.8461538461538461,0.8461538461538461,84.0,0.0,0.0,0.6632942174102643,17.0,0.0,0.0,0.9446753791156512,0.0
gtzan/gtzan_blues_00043/track.npy,gtzan,0.9906542056074767,0.9550972874270642,0.9550972874270642,0.9550972874270642,0.9814814814814815,0.9814814814814815,0.9814814814814815,0.9814814814814815,1.0,0.96584543653414,0.96584543653414,0.96584543653414,1.0,1.0,1.0,1.0,65.0,0.0,0.0,0.08275541554774235,16.0,0.0,0.0,0.025483337827267444,0.0
gtzan/gtzan_blues_00044/track.npy,gtzan,0.6666666666666666,0.5349559795140013,0.8024339673118898,0.6686949734129455,0.0,0.0,1.0,1.0,0.0,2.088792414127606e-09,2.2187485045260233e-09,2.153770459326815e-09,0.0,0.0,0.09523809523809523,0.09523809523809523,51.0,0.0,0.0,0.03390155167568665,27.0,0.0,0.0,0.7068227272473855,0.0
gtzan/gtzan_blues_00045/track.npy,gtzan,0.735632183908046,0.6824482944742475,0.7315227467693131,0.7069855206217803,0.045454545454545456,0.13636363636363635,0.34375,0.5625,0.5185185185185186,0.49611788188020217,0.49611788188020217,0.49611788188020217,0.14285714285714285,0.17857142857142858,0.14285714285714285,0.17857142857142858,80.0,0.0,0.06329113924050633,0.848713200283776,31.0,0.0,0.03333333333333333,1.3959415728948787,0.0
gtzan/gtzan_blues_00046/track.npy,gtzan,1.0,0.9128908579470383,0.9128908579470383,0.9128908579470383,1.0,1.0,1.0,1.0,1.0,0.884577186691087,0.884577186691087,0.884577186691087,1.0,1.0,1.0,1.0,61.0,0.0,0.0,0.08004270767353472,15.0,0.0,0.0,0.030275505896295307,0.0
gtzan/gtzan_blues_00047/track.npy,gtzan,1.0,0.8552155716374368,0.8552155716374368,0.8552155716374368,0.9523809523809523,0.9841269841269841,0.9523809523809523,0.9841269841269841,0.975609756097561,0.8342027822194047,0.8342027822194047,0.8342027822194047,0.9523809523809523,0.9523809523809523,0.9523809523809523,0.9523809523809523,76.0,0.0,0.0,0.10008345855698919,25.0,0.0,0.0,0.03442771363162116,0.0
gtzan/gtzan_blues_00048/track.npy,gtzan,1.0,0.800537848380474,0.800537848380474,0.800537848380474,1.0,1.0,1.0,1.0,1.0,0.808113220393557,0.808113220393557,0.808113220393557,1.0,1.0,1.0,1.0,61.0,0.0,0.0,0.04082199452025792,15.0,0.0,0.0,0.02418650823859768,0.0
gtzan/gtzan_blues_00049/track.npy,gtzan,0.8070175438596492,0.6729582576166241,0.6729582576166241,0.6729582576166241,0.41935483870967744,0.6774193548387096,0.41935483870967744,0.6774193548387096,0.7058823529411764,0.648134599434969,0.6838322424576507,0.6659834209463098,0.3,0.4,0.46153846153846156,0.46153846153846156,36.0,0.0,0.0,0.2967995590063609,11.0,0.0,0.0,0.7265735447683496,0.0
gtzan/gtzan_blues_00050/track.npy,gtzan,1.0,0.8716939253288826,0.8716939253288826,0.8716939253288826,1.0,1.0,1.0,1.0,1.0,0.8556288437919636,0.8556288437919636,0.8556288437919636,1.0,1.0,1.0,1.0,68.0,0.0,0.0,0.04822262703580377,17.0,0.0,0.0,0.03509131981127034,0.0
gtzan/gtzan_blues_00051/track.npy,gtzan,0.9878048780487805,0.930614316482035,0.930614316482035,0.930614316482035,0.9518072289156626,0.9518072289156626,0.9518072289156626,0.9518072289156626,0.9500000000000001,0.8984518678728641,0.8984518678728641,0.8984518678728641,0.95,0.95,0.95,0.95,99.0,0.0,0.0,0.13353139262452013,24.0,0.0,0.0,0.033309090395361195,0.0
gtzan/gtzan_blues_00052/track.npy,gtzan,0.5526315789473685,0.48089263431140966,0.48089263431140966,0.48089263431140966,0.01818181818181818,0.01818181818181818,0.01818181818181818,0.01818181818181818,0.4347826086956522,0.35743231924553565,0.5456983524171014,0.4515653358313185,0.0,0.0,0.1111111111111111,0.1111111111111111,65.0,0.0,0.0,0.6931471805599453,21.0,0.0,0.0,0.6347778737062598,0.0
gtzan/gtzan_blues_00053/track.npy,gtzan,1.0,0.8810493797056251,0.8810493797056251,0.8810493797056251,1.0,1.0,1.0,1.0,1.0,0.8367746868550912,0.8367746868550912,0.8367746868550912,1.0,1.0,1.0,1.0,51.0,0.0,0.0,0.03461541255703999,12.0,0.0,0.0,0.01784080699348038,0.0
gtzan/gtzan_blues_00054/track.npy,gtzan,0.9868421052631579,0.9303670613454958,0.9303670613454958,0.9303670613454958,0.9868421052631579,0.9868421052631579,0.9868421052631579,0.9868421052631579,1.0,0.9189814826264703,0.9189814826264703,0.9189814826264703,1.0,1.0,1.0,1.0,91.0,0.0,0.0,0.11778303565638307,22.0,0.0,0.0,0.03104610378458929,0.0
gtzan/gtzan_blues_00055/track.npy,gtzan,0.9636363636363636,0.765601001595303,0.765601001595303,0.765601001595303,0.6181818181818182,0.9636363636363636,0.6181818181818182,0.9636363636363636,0.9230769230769231,0.7596597676811224,0.7596597676811224,0.7596597676811224,1.0,1.0,1.0,1.0,67.0,0.0,0.0,0.12783337150988563,16.0,0.0,0.0,0.06507210855795563,0.0
gtzan/gtzan_blues_00056/track.npy,gtzan,0.6567164179104478,0.6029999619836479,0.6029999619836479,0.6029999619836479,0.045454545454545456,0.18181818181818182,0.045454545454545456,0.18181818181818182,0.625,0.578904468989176,0.8298991037898764,0.7044017863895262,0.0,0.0,0.8181818181818182,0.8181818181818182,49.0,0.0,0.0,1.0760521191958232,13.0,0.0,0.0,0.03992684481087522,0.0
gtzan/gtzan_blues_00057/track.npy,gtzan,1.0,0.9511621516052053,0.9511621516052053,0.9511621516052053,0.8717948717948718,0.9743589743589743,0.8717948717948718,0.9743589743589743,1.0,0.9609222500839443,0.9609222500839443,0.9609222500839443,1.0,1.0,1.0,1.0,93.0,0.0,0.0,0.06453852113757053,23.0,0.0,0.0,0.04512043528046866,0.0
gtzan/gtzan_blues_00058/track.npy,gtzan,1.0,0.9531904130010459,0.9531904130010459,0.9531904130010459,1.0,1.0,1.0,1.0,1.0,0.9494085938587411,0.9494085938587411,0.9494085938587411,1.0,1.0,1.0,1.0,53.0,0.0,0.0,0.07022591773454984,13.0,0.0,0.0,0.02643325706815558,0.0
gtzan/gtzan_blues_00059/track.npy,gtzan,1.0,0.9450204600660482,0.9450204600660482,0.9450204600660482,1.0,1.0,1.0,1.0,1.0,0.9598408078420644,0.9598408078420644,0.9598408078420644,1.0,1.0,1.0,1.0,54.0,0.0,0.0,0.08989906606879017,14.0,0.0,0.0,0.018018505502678465,0.0
gtzan/gtzan_blues_00060/track.npy,gtzan,0.9919999999999999,0.8474003830280338,0.8474003830280338,0.8474003830280338,0.9841269841269841,0.9841269841269841,0.9841269841269841,0.9841269841269841,0.967741935483871,0.8106437122037776,0.8106437122037776,0.8106437122037776,0.9375,0.9375,0.9375,0.9375,75.0,0.0,0.0,0.10008345855698364,19.0,0.0,0.0,0.027455320723781554,0.0
gtzan/gtzan_blues_00061/track.npy,gtzan,1.0,0.9559939884910733,0.9559939884910733,0.9559939884910733,1.0,1.0,1.0,1.0,1.0,0.9663560587707971,0.9663560587707971,0.9663560587707971,1.0,1.0,1.0,1.0,66.0,0.0,0.0,0.044451762570840825,17.0,0.0,0.0,0.01432855734624313,0.0
gtzan/gtzan_blues_00062/track.npy,gtzan,1.0,0.9389443240699886,0.9389443240699886,0.9389443240699886,1.0,1.0,1.0,1.0,0.0,2.763625950874196e-149,0.898178463078775,0.4490892315393875,0.0,0.0,0.9166666666666666,0.9166666666666666,57.0,0.0,0.0,0.03774032798285287,14.0,0.0,0.0,0.022957567791697733,0.0
gtzan/gtzan_blues_00063/track.npy,gtzan,1.0,0.8985452781554277,0.8985452781554277,0.8985452781554277,1.0,1.0,1.0,1.0,1.0,0.8912552688418687,0.8912552688418687,0.8912552688418687,1.0,1.0,1.0,1.0,46.0,0.0,0.0,0.060624621816434944,11.0,0.0,0.0,0.022745797359606225,0.0
gtzan/gtzan_blues_00064/track.npy,gtzan,1.0,0.9629467122444335,0.9629467122444335,0.9629467122444335,1.0,1.0,1.0,1.0,1.0,0.9767421255667428,0.9767421255667428,0.9767421255667428,1.0,1.0,1.0,1.0,78.0,0.0,0.0,0.0648100997051248,20.0,0.0,0.0,0.013072081567352853,0.0
gtzan/gtzan_blues_00065/track.npy,gtzan,1.0,0.9241910804682114,0.9241910804682114,0.9241910804682114,1.0,1.0,1.0,1.0,1.0,0.9165403194245699,0.9165403194245699,0.9165403194245699,1.0,1.0,1.0,1.0,54.0,0.0,0.0,0.03636764417088045,14.0,0.0,0.0,0.02690745291992467,0.0
gtzan/gtzan_blues_00066/track.npy,gtzan,1.0,0.8823630232211164,0.8823630232211164,0.8823630232211164,1.0,1.0,1.0,1.0,1.0,0.9089145801812644,0.9089145801812644,0.9089145801812644,1.0,1.0,1.0,1.0,82.0,0.0,0.0,0.059861774903470326,21.0,0.0,0.0,0.015116857157896018,0.0
gtzan/gtzan_blues_00067/track.npy,gtzan,1.0,0.9503692727243906,0.9503692727243906,0.9503692727243906,1.0,1.0,1.0,1.0,1.0,0.9427507579086639,0.9427507579086639,0.9427507579086639,1.0,1.0,1.0,1.0,81.0,0.0,0.0,0.05406722127028396,20.0,0.0,0.0,0.013605652055778716,0.0
gtzan/gtzan_blues_00068/track.npy,gtzan,1.0,0.8394823185587841,0.8394823185587841,0.8394823185587841,1.0,1.0,1.0,1.0,1.0,0.8725559304344872,0.8725559304344872,0.8725559304344872,1.0,1.0,1.0,1.0,81.0,0.0,0.0,0.05406722127028396,20.0,0.0,0.0,0.013605652055779571,0.0
gtzan/gtzan_blues_00069/track.npy,gtzan,1.0,0.9503175953207356,0.9503175953207356,0.9503175953207356,1.0,1.0,1.0,1.0,1.0,0.9757938760260447,0.9757938760260447,0.9757938760260447,1.0,1.0,1.0,1.0,40.0,0.0,0.0,0.05796354423076833,10.0,0.0,0.0,0.010862994386355858,0.0
gtzan/gtzan_blues_00070/track.npy,gtzan,0.9838709677419355,0.9226286406921591,0.9226286406921591,0.9226286406921591,0.9193548387096774,0.9838709677419355,0.9193548387096774,0.9838709677419355,1.0,0.9315230589193031,0.9315230589193031,0.9315230589193031,1.0,1.0,1.0,1.0,74.0,0.0,0.0,0.10008345855698497,18.0,0.0,0.0,0.024391453124158274,0.0
gtzan/gtzan_blues_00071/track.npy,gtzan,0.9354838709677419,0.7240617434389834,0.7240617434389834,0.7240617434389834,0.5967741935483871,0.9354838709677419,0.5967741935483871,0.9354838709677419,0.4864864864864864,0.4085047276930937,0.5976587819909006,0.5030817548419971,0.14285714285714285,0.19047619047619047,0.25806451612903225,0.3870967741935484,74.0,0.0,0.0,0.15415067982725889,24.0,0.0,0.0,0.7172262885207276,0.0
gtzan/gtzan_blues_00072/track.npy,gtzan,0.8484848484848485,0.7901621022854902,0.7901621022854902,0.7901621022854902,0.4594594594594595,0.5945945945945946,0.4594594594594595,0.5945945945945946,0.7777777777777778,0.7132889101952009,0.7801639458968143,0.7467264280460075,0.2727272727272727,0.2727272727272727,0.3076923076923077,0.5384615384615384,47.0,0.0,0.0,1.0386857822754278,14.0,0.0,0.0,0.6842972883553656,0.0
gtzan/gtzan_blues_00073/track.npy,gtzan,1.0,0.8786566939590555,0.8786566939590555,0.8786566939590555,1.0,1.0,1.0,1.0,1.0,0.8993186838577898,0.8993186838577898,0.8993186838577898,1.0,1.0,1.0,1.0,49.0,0.0,0.0,0.06669137449867538,12.0,0.0,0.0,0.06765639817241126,0.0
gtzan/gtzan_blues_00074/track.npy,gtzan,0.9787234042553191,0.9062054286252041,0.9062054286252041,0.9062054286252041,0.9787234042553191,0.9787234042553191,0.9787234042553191,0.9787234042553191,1.0,0.9709434813485528,0.9709434813485528,0.9709434813485528,1.0,1.0,1.0,1.0,56.0,0.0,0.0,0.07410797215372038,14.0,0.0,0.0,0.04111369766431261,0.0
gtzan/gtzan_blues_00075/track.npy,gtzan,1.0,0.9398658794792595,0.9398658794792595,0.9398658794792595,1.0,1.0,1.0,1.0,1.0,0.9483639423102763,0.9483639423102763,0.9483639423102763,1.0,1.0,1.0,1.0,59.0,0.0,0.0,0.03922071315328459,15.0,0.0,0.0,0.019608471388376247,0.0
gtzan/gtzan_blues_00076/track.npy,gtzan,0.9791666666666666,0.9437218073592052,0.9437218073592052,0.9437218073592052,1.0,1.0,1.0,1.0,1.0,0.9506843314679007,0.9506843314679007,0.9506843314679007,1.0,1.0,1.0,1.0,58.0,0.0,0.0,0.08837136137518242,19.0,0.0,0.0,0.028523291558748134,0.0
gtzan/gtzan_blues_00077/track.npy,gtzan,0.9838709677419355,0.9235658290627179,0.9235658290627179,0.9235658290627179,0.9838709677419355,0.9838709677419355,0.9838709677419355,0.9838709677419355,1.0,0.9191707321273853,0.9191707321273853,0.9191707321273853,1.0,1.0,1.0,1.0,74.0,0.0,0.0,0.07187214664382913,18.0,0.0,0.0,0.012270092591815496,0.0
gtzan/gtzan_blues_00078/track.npy,gtzan,0.8131868131868132,0.7197762343047301,0.7197762343047301,0.7197762343047301,0.07,0.36,0.2073170731707317,0.36,0.1492537313432836,0.13237837730081833,0.13300785210678884,0.13269311470380357,0.0,0.0,0.0,0.0,102.0,0.06930693069306931,0.19801980198019803,0.9210562408643863,50.0,0.0,0.04081632653061224,1.3965466520858427,0.0
gtzan/gtzan_blues_00079/track.npy,gtzan,0.9924812030075187,0.883323179949179,0.883323179949179,0.883323179949179,0.9850746268656716,0.9850746268656716,0.9850746268656716,0.9850746268656716,0.9696969696969697,0.8798051580638565,0.8798051580638565,0.8798051580638565,0.9411764705882353,0.9411764705882353,0.9411764705882353,0.9411764705882353,80.0,0.0,0.0,0.10536051565782445,20.0,0.0,0.0,0.02917223503288885,0.0
gtzan/gtzan_blues_00080/track.npy,gtzan,1.0,0.9567477564874911,0.9567477564874911,0.9567477564874911,1.0,1.0,1.0,1.0,1.0,0.9787823703370534,0.9787823703370534,0.9787823703370534,1.0,1.0,1.0,1.0,58.0,0.0,0.0,0.039220713153284764,14.0,0.0,0.0,0.014189708344721323,0.0
gtzan/gtzan_blues_00081/track.npy,gtzan,0.8304093567251463,0.7459676575583217,0.7459676575583217,0.7459676575583217,0.686046511627907,0.7209302325581395,0.686046511627907,0.7209302325581395,0.6976744186046512,0.5872047666365003,0.5872047666365003,0.5872047666365003,0.6363636363636364,0.7272727272727273,0.6363636363636364,0.7272727272727273,102.0,0.0,0.019801980198019802,0.40673099850736905,26.0,0.0,0.0,0.2744037511888145,0.0
gtzan/gtzan_blues_00082/track.npy,gtzan,0.9811320754716981,0.9192761912985682,0.9192761912985682,0.9192761912985682,0.9811320754716981,0.9811320754716981,0.9811320754716981,0.9811320754716981,0.9285714285714286,0.873341360321363,0.873341360321363,0.873341360321363,1.0,1.0,1.0,1.0,63.0,0.0,0.0,0.08338160893905311,16.0,0.0,0.0,0.04255961441879628,0.0
gtzan/gtzan_blues_00083/track.npy,gtzan,1.0,0.9762869524862402,0.9762869524862402,0.9762869524862402,1.0,1.0,1.0,1.0,1.0,0.9825640896664727,0.9825640896664727,0.9825640896664727,1.0,1.0,1.0,1.0,66.0,0.0,0.0,0.044451762570840825,16.0,0.0,0.0,0.01109304873062449,0.0
gtzan/gtzan_blues_00084/track.npy,gtzan,1.0,0.9213881399636669,0.9213881399636669,0.9213881399636669,1.0,1.0,1.0,1.0,1.0,0.9080482362730735,0.9080482362730735,0.9080482362730735,1.0,1.0,1.0,1.0,56.0,0.0,0.0,0.074107972153717,14.0,0.0,0.0,0.01834913866819654,0.0
gtzan/gtzan_blues_00085/track.npy,gtzan,0.8411214953271028,0.7545196924841364,0.7545196924841364,0.7545196924841364,0.16666666666666666,0.5,0.16666666666666666,0.5,0.8823529411764706,0.8231351946162526,0.8231351946162526,0.8231351946162526,0.3157894736842105,0.631578947368421,0.3157894736842105,0.631578947368421,53.0,0.038461538461538464,0.038461538461538464,1.1256458993032372,22.0,0.0,0.0,0.729722097533177,0.0
gtzan/gtzan_blues_00086/track.npy,gtzan,0.9902912621359222,0.9322100330146175,0.9322100330146175,0.9322100330146175,0.9807692307692307,0.9807692307692307,0.9807692307692307,0.9807692307692307,0.5,0.48021522300505026,0.6950123698207697,0.58761379641291,0.26666666666666666,0.26666666666666666,0.26666666666666666,0.4666666666666667,62.0,0.0,0.0,0.0800427076735365,19.0,0.0,0.0,0.7134332038545073,0.0
gtzan/gtzan_blues_00087/track.npy,gtzan,0.9659863945578231,0.9085893336445954,0.9085893336445954,0.9085893336445954,0.6351351351351351,0.9324324324324325,0.6351351351351351,0.9324324324324325,1.0,0.9591226722587414,0.9591226722587414,0.9591226722587414,1.0,1.0,1.0,1.0,89.0,0.0,0.0,0.1791801668337681,22.0,0.0,0.0,0.058884436756869225,0.0
gtzan/gtzan_blues_00088/track.npy,gtzan,0.18072289156626503,0.1283960051628786,0.7024924391403079,0.41544422215159327,0.0,0.0,0.25263157894736843,0.5263157894736842,0.09090909090909093,0.0933195767912351,0.0933195767912351,0.0933195767912351,0.2692307692307692,0.6153846153846154,0.2692307692307692,0.6153846153846154,114.0,0.13274336283185842,0.34513274336283184,0.8754687373539156,30.0,0.10344827586206896,0.13793103448275862,2.3131708761920744,0.0
gtzan/gtzan_blues_00089/track.npy,gtzan,0.9777777777777777,0.8685573962727422,0.8685573962727422,0.8685573962727422,1.0,1.0,1.0,1.0,0.4444444444444444,0.3563675341178814,0.5302926768780926,0.443330105497987,0.0,0.0,0.08,0.2,54.0,0.0,0.0,0.10919929196499209,28.0,0.0,0.0,1.1751196364731242,0.0
gtzan/gtzan_blues_00090/track.npy,gtzan,0.9074074074074074,0.7925633927745184,0.7925633927745184,0.7925633927745184,0.5084745762711864,0.6610169491525424,0.5084745762711864,0.6610169491525424,0.7407407407407408,0.6561838392968737,0.6561838392968737,0.6561838392968737,0.4666666666666667,0.4666666666666667,0.4666666666666667,0.4666666666666667,61.0,0.0,0.0,0.24512245803298235,15.0,0.0,0.0,0.5134996323327238,0.0
gtzan/gtzan_blues_00091/track.npy,gtzan,0.7826086956521738,0.7224858929334287,0.7224858929334287,0.7224858929334287,0.46153846153846156,0.46153846153846156,0.46153846153846156,0.46153846153846156,0.1142857142857143,0.09944823266356244,0.3078410119943646,0.20364462232896352,0.0,0.0,0.16,0.16,49.0,0.0,0.0,0.6809005822038692,25.0,0.0,0.0,0.7145646939790928,0.0
gtzan/gtzan_blues_00092/track.npy,gtzan,0.40963855421686746,0.3587227241253752,0.4296853190440761,0.3942040215847257,0.0,0.0,0.030303030303030304,0.030303030303030304,0.42857142857142855,0.391166646563072,0.4547473969512628,0.42295702175716743,0.0,0.0,0.0,0.0,40.0,0.0,0.0,0.05835056930464744,13.0,0.0,0.0,0.0444517625708345,0.0
gtzan/gtzan_blues_00093/track.npy,gtzan,0.48387096774193555,0.4267578719312287,0.4267578719312287,0.4267578719312287,0.13513513513513514,0.21621621621621623,0.13513513513513514,0.21621621621621623,0.35294117647058826,0.30035136749841235,0.30035136749841235,0.30035136749841235,0.2222222222222222,0.3333333333333333,0.2222222222222222,0.3333333333333333,31.0,0.0,0.0,0.3859490424403929,10.0,0.0,0.0,0.2579813451642087,0.0
gtzan/gtzan_blues_00094/track.npy,gtzan,0.9767441860465116,0.8082047742862595,0.8082047742862595,0.8082047742862595,1.0,1.0,1.0,1.0,0.9090909090909091,0.7731580425509047,0.7731580425509047,0.7731580425509047,1.0,1.0,1.0,1.0,52.0,0.0,0.0,0.0689928714869561,13.0,0.0,0.0,0.025975486403260084,0.0
gtzan/gtzan_blues_00095/track.npy,gtzan,0.5555555555555556,0.45849508437686015,0.5519393299421731,0.5052172071595167,0.07246376811594203,0.18840579710144928,0.15942028985507245,0.18840579710144928,0.33333333333333326,0.29979167489552566,0.29979167489552566,0.29979167489552566,0.18181818181818182,0.36363636363636365,0.18181818181818182,0.36363636363636365,84.0,0.060240963855421686,0.2289156626506024,0.8926684001108607,26.0,0.0,0.04,1.811130712397908,0.0
gtzan/gtzan_blues_00096/track.npy,gtzan,0.7241379310344828,0.5963989311646073,0.621987337783617,0.6091931344741122,0.3333333333333333,0.3333333333333333,0.3877551020408163,0.3877551020408163,0.5,0.4433628519114259,0.5065384771196443,0.4749506645155351,0.0,0.0,0.11764705882352941,0.17647058823529413,43.0,0.0,0.0,0.5877866649021195,22.0,0.0,0.0,1.0464332198132793,0.0
gtzan/gtzan_blues_00097/track.npy,gtzan,1.0,0.91544641770231,0.91544641770231,0.91544641770231,0.8181818181818182,0.98989898989899,0.8181818181818182,0.98989898989899,1.0,0.9190986262469424,0.9190986262469424,0.9190986262469424,1.0,1.0,1.0,1.0,119.0,0.0,0.0,0.16705408466316868,30.0,0.0,0.0,0.03271021407059046,0.0
gtzan/gtzan_blues_00098/track.npy,gtzan,1.0,0.9741122893049946,0.9741122893049946,0.9741122893049946,1.0,1.0,1.0,1.0,1.0,0.978624431759992,0.978624431759992,0.978624431759992,1.0,1.0,1.0,1.0,63.0,0.0,0.0,0.04255961441880263,16.0,0.0,0.0,0.024796760388695435,0.0
gtzan/gtzan_blues_00099/track.npy,gtzan,1.0,0.8524109914504486,0.8524109914504486,0.8524109914504486,1.0,1.0,1.0,1.0,1.0,0.8456367678723319,0.8456367678723319,0.8456367678723319,1.0,1.0,1.0,1.0,46.0,0.0,0.0,0.06062462181644356,15.0,0.0,0.0,0.043347167836315315,0.0
gtzan/gtzan_classical_00000/track.npy,gtzan,0.9210526315789475,0.804962850667186,0.804962850667186,0.804962850667186,0.5384615384615384,0.8461538461538461,0.5384615384615384,0.8461538461538461,0.4000000000000001,0.38539712952210026,0.598908712159605,0.4921529208408526,0.3,0.3,0.5,0.5,45.0,0.0,0.0,0.2134060207729671,12.0,0.0,0.0,0.40015344137442094,0.0
gtzan/gtzan_classical_00001/track.npy,gtzan,0.5945945945945945,0.4755948955229422,0.4755948955229422,0.4755948955229422,0.1702127659574468,0.1702127659574468,0.4444444444444444,0.4444444444444444,0.3225806451612903,0.24785045248644616,0.24785045248644616,0.24785045248644616,0.125,0.125,0.13333333333333333,0.2,36.0,0.0,0.0,0.49984735654035095,20.0,0.0,0.0,1.256893607265378,0.0
gtzan/gtzan_classical_00002/track.npy,gtzan,0.75177304964539,0.6111641281049147,0.6111641281049147,0.6111641281049147,0.03614457831325301,0.21686746987951808,0.27586206896551724,0.3275862068965517,0.4583333333333333,0.38500226128358256,0.45735277192129126,0.4211775166024369,0.18518518518518517,0.18518518518518517,0.18518518518518517,0.18518518518518517,67.0,0.06060606060606061,0.07575757575757576,1.187398252767412,32.0,0.0,0.0,1.1324196082584195,0.0
gtzan/gtzan_classical_00003/track.npy,gtzan,0.6153846153846153,0.5073951406617965,0.5073951406617965,0.5073951406617965,0.4074074074074074,0.7407407407407407,0.4074074074074074,0.7407407407407407,0.4761904761904762,0.4078816736238748,0.4078816736238748,0.4078816736238748,0.0,0.0,0.14285714285714285,0.14285714285714285,30.0,0.0,0.0,0.4963403315560011,16.0,0.0,0.0,1.182432019151644,0.0
gtzan/gtzan_classical_00004/track.npy,gtzan,0.6470588235294118,0.5101116863768983,0.7651675295653135,0.637639607971106,0.0,0.0,1.0,1.0,0.6923076923076924,0.5126209944131769,0.7404525474857,0.6265367709494385,0.0,0.0,1.0,1.0,41.0,0.0,0.0,0.08026224672988204,11.0,0.0,0.0,0.04239770904642096,0.0
gtzan/gtzan_classical_00005/track.npy,gtzan,0.7234042553191489,0.5535588243736705,0.5535588243736705,0.5535588243736705,0.12048192771084337,0.3253012048192771,0.12048192771084337,0.3253012048192771,0.4878048780487805,0.38421533981571754,0.38421533981571754,0.38421533981571754,0.2727272727272727,0.3181818181818182,0.2727272727272727,0.3181818181818182,94.0,0.021505376344086023,0.25806451612903225,0.8451905869647138,25.0,0.0,0.0,0.5275410328695043,0.0
gtzan/gtzan_classical_00006/track.npy,gtzan,0.5714285714285715,0.42736899450954274,0.42736899450954274,0.42736899450954274,0.35,0.4,0.35,0.4,0.08333333333333333,0.04310587001518113,0.3176624909908114,0.18038418050299626,0.07142857142857142,0.07142857142857142,0.07142857142857142,0.07142857142857142,38.0,0.0,0.0,0.65320317692814,21.0,0.0,0.0,1.5644561984269116,0.0
gtzan/gtzan_classical_00007/track.npy,gtzan,0.5785123966942148,0.427356739904528,0.4665572471719564,0.4469569935382422,0.15789473684210525,0.15789473684210525,0.15789473684210525,0.3707865168539326,0.2553191489361702,0.17313354503157924,0.23117434908524198,0.2021539470584106,0.0,0.0,0.08,0.08,94.0,0.0,0.0,0.2876820724517808,31.0,0.0,0.0,0.5211798479927707,0.0
gtzan/gtzan_classical_00008/track.npy,gtzan,0.76,0.5856049282435826,0.5856049282435826,0.5856049282435826,0.07142857142857142,0.32142857142857145,0.11363636363636363,0.3409090909090909,0.75,0.5718999753726162,0.5718999753726162,0.5718999753726162,0.4444444444444444,0.4444444444444444,0.4444444444444444,0.4444444444444444,55.0,0.05555555555555555,0.09259259259259259,1.4697823484723038,23.0,0.0,0.0,0.8690378470236112,0.0
gtzan/gtzan_classical_00009/track.npy,gtzan,0.2916666666666667,0.19913151959281808,0.19913151959281808,0.19913151959281808,0.32,0.64,0.32,0.64,0.25,0.18602877098688156,0.18602877098688156,0.18602877098688156,0.2,0.2,0.2,0.36363636363636365,28.0,0.0,0.0,0.32417994501287,13.0,0.0,0.0,0.9101214143100778,0.0
gtzan/gtzan_classical_00010/track.npy,gtzan,0.38,0.2833024234534648,0.4215340170465273,0.35241822024999603,0.21428571428571427,0.25,0.21428571428571427,0.26785714285714285,0.21052631578947367,0.14965120522876763,0.20915229654900716,0.17940175088888738,0.0,0.0,0.1111111111111111,0.2222222222222222,64.0,0.031746031746031744,0.031746031746031744,1.0077363279634282,33.0,0.0,0.0,0.7282385003712127,0.0
gtzan/gtzan_classical_00011/track.npy,gtzan,0.7666666666666666,0.6060881638620741,0.6060881638620741,0.6060881638620741,0.5,0.78125,0.5,0.78125,0.608695652173913,0.40490141872403307,0.5579107311489173,0.4814060749364752,0.13333333333333333,0.26666666666666666,0.13333333333333333,0.3333333333333333,34.0,0.0,0.0,0.6901281238582463,18.0,0.0,0.0,0.9234234059333732,0.0
gtzan/gtzan_classical_00012/track.npy,gtzan,0.37931034482758624,0.2836882701117243,0.2836882701117243,0.2836882701117243,0.02631578947368421,0.02631578947368421,0.05,0.1,0.19999999999999998,0.19457493017792615,0.24293918898636133,0.21875705958214375,0.09090909090909091,0.09090909090909091,0.09090909090909091,0.09090909090909091,24.0,0.043478260869565216,0.08695652173913043,1.8212313205877682,14.0,0.0,0.0,1.2998890135146193,0.0
gtzan/gtzan_classical_00013/track.npy,gtzan,0.7578947368421053,0.633779422201778,0.633779422201778,0.633779422201778,0.36538461538461536,0.5769230769230769,0.36538461538461536,0.5769230769230769,0.27027027027027023,0.16849760880614265,0.18776741355629384,0.17813251118121826,0.10526315789473684,0.15789473684210525,0.10526315789473684,0.15789473684210525,54.0,0.0,0.0,0.20479441264601203,24.0,0.0,0.0,1.1535762470138942,0.0
gtzan/gtzan_classical_00014/track.npy,gtzan,0.64,0.47422218100112523,0.5418217942779714,0.5080219876395483,0.09836065573770492,0.18032786885245902,0.2564102564102564,0.48717948717948717,0.7647058823529413,0.5885141086277575,0.5885141086277575,0.5885141086277575,0.21052631578947367,0.42105263157894735,0.2413793103448276,0.42105263157894735,58.0,0.0,0.03508771929824561,0.693147180559945,29.0,0.0,0.0,1.5020132522778784,0.0
gtzan/gtzan_classical_00015/track.npy,gtzan,0.36363636363636365,0.2872141841599793,0.2872141841599793,0.2872141841599793,0.06060606060606061,0.12121212121212122,0.06060606060606061,0.15151515151515152,0.33333333333333337,0.2643221209430808,0.277996430785506,0.2711592758642934,0.06666666666666667,0.06666666666666667,0.35294117647058826,0.35294117647058826,34.0,0.12121212121212122,0.21212121212121213,1.4611810136537022,15.0,0.0,0.0,0.8236451310320161,0.0
gtzan/gtzan_classical_00016/track.npy,gtzan,0.8311688311688312,0.6719786984038585,0.6719786984038585,0.6719786984038585,0.6428571428571429,0.7142857142857143,0.6428571428571429,0.7142857142857143,0.5555555555555556,0.41610653968797867,0.41610653968797867,0.41610653968797867,0.13636363636363635,0.22727272727272727,0.13636363636363635,0.22727272727272727,43.0,0.0,0.0,0.6931471805599453,25.0,0.0,0.0,1.4702221190222513,0.0
gtzan/gtzan_classical_00017/track.npy,gtzan,0.6335403726708074,0.5078592375937178,0.5078592375937178,0.5078592375937178,0.10227272727272728,0.2727272727272727,0.10227272727272728,0.2727272727272727,0.5660377358490566,0.43890652254104723,0.5321118341975856,0.4855091783693164,0.11428571428571428,0.11428571428571428,0.6571428571428571,0.7428571428571429,97.0,0.19791666666666666,0.3541666666666667,1.9666080105014112,40.0,0.05128205128205128,0.10256410256410256,2.2349445473077947,0.0
gtzan/gtzan_classical_00018/track.npy,gtzan,0.26666666666666666,0.19605007703751612,0.3037325907720517,0.2498913339047839,0.0,0.0,0.11764705882352941,0.29411764705882354,0.3333333333333333,0.26864814241964025,0.40297221362946034,0.33581017802455027,0.0,0.0,0.5,0.5,15.0,0.0,0.0,1.4616142174386353,5.0,0.0,0.0,0.535464522788295,0.0
gtzan/gtzan_classical_00019/track.npy,gtzan,0.5301204819277109,0.37033771606926924,0.37033771606926924,0.37033771606926924,0.11627906976744186,0.23255813953488372,0.11627906976744186,0.23255813953488372,0.08,0.07703548627953939,0.0962893466491356,0.0866624164643375,0.06666666666666667,0.06666666666666667,0.06666666666666667,0.06666666666666667,44.0,0.13953488372093023,0.18604651162790697,1.4058826839624912,16.0,0.0,0.0,1.737858269432719,0.0
gtzan/gtzan_classical_00020/track.npy,gtzan,0.6464646464646464,0.4591540654501746,0.5096503607697613,0.484402213109968,0.06779661016949153,0.23728813559322035,0.25,0.45,0.6486486486486486,0.44501417826568895,0.46628091685863343,0.4556475475621612,0.15,0.25,0.15,0.25,49.0,0.0,0.0,0.7027216732796682,19.0,0.0,0.0,1.1153486900417797,0.0
gtzan/gtzan_classical_00021/track.npy,gtzan,0.656084656084656,0.5012765382721871,0.5437825695194054,0.5225295538957963,0.026785714285714284,0.08035714285714286,0.18181818181818182,0.2987012987012987,0.8679245283018867,0.6823235443139938,0.6823235443139938,0.6823235443139938,0.4642857142857143,0.7857142857142857,0.4642857142857143,0.7857142857142857,89.0,0.10227272727272728,0.23863636363636365,0.8938178760220968,28.0,0.0,0.0,0.709264159758266,0.0
gtzan/gtzan_classical_00022/track.npy,gtzan,0.5964912280701754,0.4819650942178718,0.5892454004736956,0.5356052473457837,0.136986301369863,0.136986301369863,0.18518518518518517,0.48148148148148145,0.48275862068965514,0.382524753017085,0.4120585406065702,0.3972916468118276,0.10526315789473684,0.10526315789473684,0.3684210526315789,0.5263157894736842,86.0,0.0,0.0,0.5446032691518857,23.0,0.0,0.0,0.6567795363890696,0.0
gtzan/gtzan_classical_00023/track.npy,gtzan,0.2758620689655173,0.21330172914820414,0.244181225963005,0.2287414775556046,0.05128205128205128,0.05128205128205128,0.3157894736842105,0.42105263157894735,0.23076923076923078,0.19907291218679882,0.26681264463078164,0.23294277840879024,0.15384615384615385,0.15384615384615385,0.15384615384615385,0.23076923076923078,24.0,0.0,0.0,0.6450080128707262,15.0,0.0,0.0,0.9120169270424394,0.0
gtzan/gtzan_classical_00024/track.npy,gtzan,0.7567567567567568,0.6323173698678475,0.6323173698678475,0.6323173698678475,0.109375,0.421875,0.109375,0.421875,0.8695652173913043,0.7118656773404524,0.7118656773404524,0.7118656773404524,0.375,0.7083333333333334,0.375,0.7083333333333334,55.0,0.05555555555555555,0.05555555555555555,1.558144618046558,30.0,0.06896551724137931,0.06896551724137931,2.462844030802508,0.0
gtzan/gtzan_classical_00025/track.npy,gtzan,0.6616541353383458,0.5621758292541338,0.5621758292541338,0.5621758292541338,0.11538461538461539,0.3333333333333333,0.11538461538461539,0.3333333333333333,0.4242424242424242,0.37742682733832905,0.6130396824073465,0.49523325487283776,0.10526315789473684,0.10526315789473684,0.2631578947368421,0.37037037037037035,95.0,0.07446808510638298,0.23404255319148937,0.9382696385929303,24.0,0.0,0.0,0.6822058985244586,0.0
gtzan/gtzan_classical_00026/track.npy,gtzan,0.39603960396039606,0.3128034011527365,0.38742474256816867,0.3501140718604526,0.015873015873015872,0.015873015873015872,0.23684210526315788,0.47368421052631576,0.5405405405405405,0.4494439687454944,0.4494439687454944,0.4494439687454944,0.14285714285714285,0.42857142857142855,0.14285714285714285,0.42857142857142855,58.0,0.08771929824561403,0.2982456140350877,2.2377844848957125,28.0,0.037037037037037035,0.037037037037037035,1.7448372330422983,0.0
gtzan/gtzan_classical_00027/track.npy,gtzan,0.0,1.0293746473319458e-12,0.5606642513067398,0.2803321256538846,0.0,0.0,0.7333333333333333,0.7333333333333333,0.0,3.646857794491221e-18,5.267657516831233e-18,4.457257655661226e-18,0.625,0.625,0.625,0.625,25.0,0.0,0.0,0.2594026187205094,6.0,0.0,0.0,0.10237567481896706,0.0
gtzan/gtzan_classical_00028/track.npy,gtzan,0.7323943661971832,0.577604859728397,0.577604859728397,0.577604859728397,0.5135135135135135,0.5405405405405406,0.5135135135135135,0.5405405405405406,0.7500000000000001,0.5761211827396406,0.5761211827396406,0.5761211827396406,0.46153846153846156,0.46153846153846156,0.46153846153846156,0.46153846153846156,46.0,0.0,0.0,0.5934083376135582,16.0,0.0,0.0,0.7760420190452754,0.0
gtzan/gtzan_classical_00029/track.npy,gtzan,0.6749999999999999,0.49471616999015094,0.49471616999015094,0.49471616999015094,0.1568627450980392,0.35294117647058826,0.1568627450980392,0.35294117647058826,0.27586206896551724,0.21180217502451482,0.3379589178730554,0.2748805464487851,0.0,0.0,0.047619047619047616,0.047619047619047616,71.0,0.14285714285714285,0.24285714285714285,1.1709890813412809,29.0,0.03571428571428571,0.03571428571428571,1.4363919673137258,0.0
gtzan/gtzan_classical_00030/track.npy,gtzan,0.577319587628866,0.4308529073763962,0.4308529073763962,0.4308529073763962,0.38,0.62,0.38,0.62,0.3,0.27524679315401795,0.33490385267100375,0.3050753229125108,0.03571428571428571,0.03571428571428571,0.2857142857142857,0.2857142857142857,57.0,0.0,0.0,0.22314355131420707,34.0,0.0,0.0,1.1142845919274988,0.0
gtzan/gtzan_classical_00031/track.npy,gtzan,0.7368421052631581,0.6316516317721222,0.6316516317721222,0.6316516317721222,0.6530612244897959,0.6530612244897959,0.6530612244897959,0.6530612244897959,0.3043478260869565,0.26411845959192654,0.3363422197099967,0.30023033965096163,0.0,0.0,0.058823529411764705,0.08823529411764706,70.0,0.028985507246376812,0.2028985507246377,0.7956439439903983,48.0,0.02127659574468085,0.0851063829787234,1.2004663707279646,0.0
gtzan/gtzan_classical_00032/track.npy,gtzan,0.05714285714285715,0.05660692399184099,0.09977440483999815,0.07819066441591957,0.08333333333333333,0.08333333333333333,0.13043478260869565,0.17391304347826086,0.0,8.429221556371298e-15,3.2164143550401916e-09,1.6082113921308739e-09,0.25,0.25,0.25,0.25,12.0,0.09090909090909091,0.09090909090909091,3.084236376735556,4.0,0.0,0.0,0.4250700994035172,0.0
gtzan/gtzan_classical_00033/track.npy,gtzan,0.07017543859649122,0.0705220983186094,0.07381228200320197,0.07216719016090568,0.0,0.0,0.09090909090909091,0.18181818181818182,0.0,1.6313191316581343e-08,0.010462499769432096,0.005231258041311707,0.09090909090909091,0.09090909090909091,0.09090909090909091,0.09090909090909091,15.0,0.0,0.0,2.16560206769629,10.0,0.0,0.0,2.377385904436947,0.0
gtzan/gtzan_classical_00034/track.npy,gtzan,0.2153846153846154,0.15194685084116533,0.18089804364514772,0.16642244724315652,0.05263157894736842,0.07894736842105263,0.1509433962264151,0.16981132075471697,0.09090909090909091,0.02629943701027299,0.030451978944721583,0.028375707977497285,0.06666666666666667,0.06666666666666667,0.06666666666666667,0.06666666666666667,43.0,0.0,0.0,0.4744579795951134,20.0,0.0,0.0,1.5037605810063925,0.0
gtzan/gtzan_classical_00035/track.npy,gtzan,0.746031746031746,0.6188014438832204,0.6188014438832204,0.6188014438832204,0.47619047619047616,0.5714285714285714,0.47619047619047616,0.5714285714285714,0.5925925925925926,0.48546163520311963,0.517304390074305,0.5013830126387123,0.15151515151515152,0.21212121212121213,0.1951219512195122,0.24390243902439024,79.0,0.05128205128205128,0.1282051282051282,0.8570349479386946,39.0,0.02631578947368421,0.02631578947368421,1.1499771820811782,0.0
gtzan/gtzan_classical_00036/track.npy,gtzan,0.4444444444444444,0.3815288440786756,0.3815288440786756,0.3815288440786756,0.14285714285714285,0.19047619047619047,0.14285714285714285,0.19047619047619047,0.20000000000000004,0.11524581473436053,0.14405726841795066,0.1296515415761556,0.0,0.0,0.0,0.0,17.0,0.0,0.0,1.2168934863128473,5.0,0.0,0.0,0.9510818388567381,0.0
gtzan/gtzan_classical_00037/track.npy,gtzan,0.2531645569620253,0.1974593115102467,0.1974593115102467,0.1974593115102467,0.0,0.0,0.1111111111111111,0.1111111111111111,0.07407407407407408,0.0701242042558966,0.09646585750650452,0.08329503088120056,0.14285714285714285,0.21428571428571427,0.14285714285714285,0.21428571428571427,30.0,0.0,0.0,0.4278811225544249,17.0,0.0,0.0,0.9694525004372325,0.0
gtzan/gtzan_classical_00038/track.npy,gtzan,0.273972602739726,0.20223736417383456,0.2642978017885282,0.2332675829811814,0.023809523809523808,0.023809523809523808,0.09836065573770492,0.11475409836065574,0.07692307692307691,0.05914509112444424,0.06989873181189028,0.06452191146816727,0.0,0.0,0.05555555555555555,0.05555555555555555,45.0,0.11363636363636363,0.1590909090909091,1.6002263835433195,20.0,0.05263157894736842,0.05263157894736842,1.9206332905742636,0.0
gtzan/gtzan_classical_00039/track.npy,gtzan,0.22222222222222224,0.1692564497884913,0.17539263579622824,0.17232454279235976,0.0,0.0,0.058823529411764705,0.058823529411764705,0.1111111111111111,0.0388334000221954,0.1777505290182658,0.1082919645202306,0.0,0.0,0.09090909090909091,0.09090909090909091,29.0,0.0,0.07142857142857142,2.1098579937494017,17.0,0.0,0.0,1.2847762464533374,0.0
gtzan/gtzan_classical_00040/track.npy,gtzan,0.13333333333333333,0.13932920735476065,0.19383278315407687,0.16658099525441877,0.0,0.0,0.14285714285714285,0.19047619047619047,0.0,0.0002226346004947127,0.09524372337269289,0.0477331789865938,0.1111111111111111,0.1111111111111111,0.1111111111111111,0.1111111111111111,21.0,0.0,0.0,0.5719096058292391,9.0,0.0,0.0,0.5835852301080561,0.0
gtzan/gtzan_classical_00041/track.npy,gtzan,0.23255813953488372,0.19210381629921006,0.22483666568294342,0.20847024099107675,0.0,0.0,0.0,0.0,0.11764705882352941,0.10250141624438085,0.12446600543767575,0.11348371084102829,0.0,0.0,0.0,0.0,26.0,0.04,0.12,2.122108284149344,15.0,0.07142857142857142,0.07142857142857142,2.5270163301422146,0.0
gtzan/gtzan_classical_00042/track.npy,gtzan,0.7529411764705882,0.5088433439314906,0.5088433439314906,0.5088433439314906,0.18181818181818182,0.5454545454545454,0.18181818181818182,0.5454545454545454,0.8125000000000001,0.5064835048350291,0.5064835048350291,0.5064835048350291,0.5,0.5555555555555556,0.5,0.5555555555555556,55.0,0.0,0.0,0.843622282720123,23.0,0.0,0.0,1.0782034170369026,0.0
gtzan/gtzan_classical_00043/track.npy,gtzan,0.6741573033707866,0.5268495463814209,0.5268495463814209,0.5268495463814209,0.17647058823529413,0.37254901960784315,0.2631578947368421,0.37254901960784315,0.5454545454545455,0.44463325475686144,0.47293988400125925,0.45878656937906037,0.38461538461538464,0.38461538461538464,0.4444444444444444,0.4444444444444444,49.0,0.0,0.0,0.6245123666084124,12.0,0.0,0.0,0.4614849301494501,0.0
gtzan/gtzan_classical_00044/track.npy,gtzan,0.1923076923076923,0.14175096673202,0.2104249198202919,0.17608794327615596,0.0,0.0,0.06060606060606061,0.06060606060606061,0.23529411764705882,0.14250325247324563,0.22696654608894673,0.18473489928109618,0.0,0.0,0.25,0.25,25.0,0.0,0.0,1.1913730116160495,11.0,0.0,0.0,1.19727191205476,0.0
gtzan/gtzan_classical_00045/track.npy,gtzan,0.8607594936708861,0.7055923867103518,0.7055923867103518,0.7055923867103518,0.975,0.975,0.975,0.975,0.4,0.33597706901654756,0.5965049388168183,0.46624100391668294,0.0,0.0,0.3,0.6,47.0,0.0,0.0,0.06413488830632462,25.0,0.0,0.0,1.0608011281718848,0.0
gtzan/gtzan_classical_00046/track.npy,gtzan,0.18918918918918917,0.13254369599718263,0.20338190829468877,0.1679628021459357,0.0,0.0,0.19230769230769232,0.23076923076923078,0.15384615384615383,0.12203736304977213,0.16698768554372095,0.14451252429674655,0.14285714285714285,0.2857142857142857,0.14285714285714285,0.2857142857142857,27.0,0.0,0.0,0.40874686222760803,18.0,0.0,0.0,0.6697437036652558,0.0
gtzan/gtzan_classical_00047/track.npy,gtzan,0.0,1.7190935476240144e-10,0.16062797945166646,0.0803139898117879,0.0,0.0,0.0,0.0,0.0,4.375859002872597e-10,5.348272114622063e-10,4.86206555874733e-10,0.0,0.0,0.0,0.0,12.0,0.0,0.0,2.6570616721437843,9.0,0.0,0.0,1.1154226410287988,0.0
gtzan/gtzan_classical_00048/track.npy,gtzan,0.4415584415584415,0.30730728866231527,0.31765789954963136,0.31248259410597334,0.17073170731707318,0.34146341463414637,0.17073170731707318,0.34146341463414637,0.25,0.18402435945276396,0.22821146534636866,0.2061179123995663,0.0,0.0,0.13043478260869565,0.13043478260869565,49.0,0.041666666666666664,0.08333333333333333,1.5804767421905142,27.0,0.0,0.038461538461538464,1.178818926868132,0.0
gtzan/gtzan_classical_00049/track.npy,gtzan,0.5423728813559322,0.3473298433030529,0.3473298433030529,0.3473298433030529,0.12903225806451613,0.2903225806451613,0.12903225806451613,0.2903225806451613,0.2857142857142857,0.2217770042389646,0.2487394031227965,0.23525820368088055,0.07692307692307693,0.07692307692307693,0.3333333333333333,0.3333333333333333,40.0,0.0,0.0,1.1237465383707417,18.0,0.0,0.0,1.7658795511543783,0.0
gtzan/gtzan_classical_00050/track.npy,gtzan,0.411764705882353,0.33750927893798854,0.33750927893798854,0.33750927893798854,0.19230769230769232,0.19230769230769232,0.19230769230769232,0.19230769230769232,0.15384615384615385,0.12250362263530051,0.17694967713987853,0.14972664988758952,0.0,0.0,0.4,0.4,9.0,0.0,0.0,1.60840031195097,6.0,0.0,0.0,1.736745527132286,0.0
gtzan/gtzan_classical_00051/track.npy,gtzan,0.717948717948718,0.5841469920078753,0.5841469920078753,0.5841469920078753,0.41304347826086957,0.5217391304347826,0.41304347826086957,0.5217391304347826,0.31249999999999994,0.28093371844482457,0.4147396478202365,0.3478366831325305,0.047619047619047616,0.047619047619047616,0.047619047619047616,0.047619047619047616,38.0,0.0,0.0,1.2982370311339295,23.0,0.0,0.0,1.3633048428951962,0.0
gtzan/gtzan_classical_00052/track.npy,gtzan,0.7288135593220341,0.5653730237381093,0.5653730237381093,0.5653730237381093,0.15384615384615385,0.4,0.15384615384615385,0.4,0.0851063829787234,0.04515130393222443,0.34153745679550856,0.1933443803638665,0.0,0.0,0.015873015873015872,0.015873015873015872,83.0,0.08536585365853659,0.2926829268292683,0.8109302162163285,22.0,0.0,0.0,1.5249458086531626,0.0
gtzan/gtzan_classical_00053/track.npy,gtzan,0.8395061728395062,0.6280171125619529,0.6280171125619529,0.6280171125619529,0.5,0.6222222222222222,0.5,0.6222222222222222,0.8148148148148148,0.6156084506813758,0.6156084506813758,0.6156084506813758,0.5666666666666667,0.6666666666666666,0.5666666666666667,0.6666666666666666,91.0,0.0,0.0,0.4605170185988086,31.0,0.0,0.0,0.5883558401077091,0.0
gtzan/gtzan_classical_00054/track.npy,gtzan,0.8695652173913043,0.6400047049957155,0.6400047049957155,0.6400047049957155,0.5135135135135135,0.7567567567567568,0.5135135135135135,0.7567567567567568,0.5882352941176471,0.3626375185504437,0.3626375185504437,0.3626375185504437,0.6666666666666666,0.6666666666666666,0.6666666666666666,0.6666666666666666,32.0,0.0,0.0,0.421556420718325,8.0,0.0,0.0,0.261608225995941,0.0
gtzan/gtzan_classical_00055/track.npy,gtzan,0.6666666666666667,0.4609709919513429,0.4609709919513429,0.4609709919513429,0.7727272727272727,0.7727272727272727,0.7727272727272727,0.7727272727272727,0.39999999999999997,0.1737612869668946,0.28960214494482434,0.23168171595585946,0.0,0.0,0.8,0.8,17.0,0.0,0.0,0.16500705499172272,4.0,0.0,0.0,0.056833402829854225,0.0
gtzan/gtzan_classical_00056/track.npy,gtzan,0.4705882352941176,0.30531665146838727,0.39909431651715443,0.35220548399277085,0.10869565217391304,0.10869565217391304,0.43478260869565216,0.5217391304347826,0.6086956521739131,0.4077140913885889,0.4077140913885889,0.4077140913885889,0.2857142857142857,0.35714285714285715,0.2857142857142857,0.35714285714285715,22.0,0.0,0.0,0.28945578075910927,9.0,0.0,0.0,1.1221610231164245,0.0
gtzan/gtzan_classical_00057/track.npy,gtzan,0.31460674157303375,0.2325471047542025,0.2451949767042816,0.23887104072924203,0.044444444444444446,0.06666666666666667,0.04597701149425287,0.08888888888888889,0.1818181818181818,0.1559257419101587,0.1559257419101587,0.1559257419101587,0.0,0.0,0.09090909090909091,0.09090909090909091,53.0,0.0,0.019230769230769232,0.5972199218336048,25.0,0.0,0.0,1.4428309603426617,0.0
gtzan/gtzan_classical_00058/track.npy,gtzan,0.7924528301886793,0.602166730201196,0.602166730201196,0.602166730201196,0.75,0.8214285714285714,0.75,0.8214285714285714,0.7777777777777778,0.6634839607284228,0.6634839607284228,0.6634839607284228,0.7777777777777778,0.7777777777777778,0.7777777777777778,0.7777777777777778,31.0,0.0,0.0,0.6049251649563154,11.0,0.0,0.0,0.2382188372877514,0.0
gtzan/gtzan_classical_00059/track.npy,gtzan,0.6037735849056605,0.5709067377478433,0.6383399349909131,0.6046233363693783,0.2807017543859649,0.42105263157894735,0.2807017543859649,0.42105263157894735,0.32432432432432434,0.30786364180653586,0.4161103616908643,0.3619870017487001,0.041666666666666664,0.041666666666666664,0.16,0.28,67.0,0.0,0.015151515151515152,0.7333528417727185,29.0,0.0,0.0,1.5280258503640718,0.0
gtzan/gtzan_classical_00060/track.npy,gtzan,0.6842105263157895,0.6029077285485257,0.6747627844369976,0.6388352564927616,0.15625,0.359375,0.15625,0.359375,0.38888888888888895,0.35870796824448076,0.4100020938926134,0.38435503106854707,0.08333333333333333,0.08333333333333333,0.125,0.125,74.0,0.0273972602739726,0.0684931506849315,0.9198764082162866,29.0,0.03571428571428571,0.03571428571428571,1.1628618762960412,0.0
gtzan/gtzan_classical_00061/track.npy,gtzan,0.7572815533980582,0.6884372293105158,0.817793419133569,0.7531153242220423,0.203125,0.203125,0.6666666666666666,0.6666666666666666,0.8648648648648648,0.7743486175329396,0.7743486175329396,0.7743486175329396,0.42857142857142855,0.5714285714285714,0.42857142857142855,0.5714285714285714,45.0,0.0,0.0,0.05129329438755148,27.0,0.0,0.0,1.1160040313799797,0.0
gtzan/gtzan_classical_00062/track.npy,gtzan,0.46153846153846156,0.3435436979454275,0.42234967923553507,0.3829466885904813,0.05128205128205128,0.05128205128205128,0.2597402597402597,0.2597402597402597,0.5925925925925926,0.35823846703190154,0.35823846703190154,0.35823846703190154,0.4666666666666667,0.4666666666666667,0.4666666666666667,0.4666666666666667,47.0,0.0,0.0,0.44265597749525704,18.0,0.0,0.0,1.3901704077538812,0.0
gtzan/gtzan_classical_00063/track.npy,gtzan,0.9473684210526315,0.8067505050480861,0.8067505050480861,0.8067505050480861,0.7692307692307693,0.8974358974358975,0.7692307692307693,0.8974358974358975,0.4615384615384615,0.41906782661793673,0.5058238073225462,0.46244581697024145,0.0625,0.0625,0.2631578947368421,0.47368421052631576,45.0,0.0,0.0,0.3271872212248666,20.0,0.0,0.0,1.385368193358924,0.0
gtzan/gtzan_classical_00064/track.npy,gtzan,0.5357142857142857,0.4659000275587833,0.6865895142971543,0.5762447709279688,0.0,0.0,0.47368421052631576,0.8947368421052632,0.6,0.49339445963820233,0.7048492280545747,0.5991218438463886,0.0,0.0,1.0,1.0,23.0,0.0,0.0,0.37001835911241565,8.0,0.0,0.0,0.22713444137180455,0.0
gtzan/gtzan_classical_00065/track.npy,gtzan,0.5393258426966292,0.47282339474430135,0.47282339474430135,0.47282339474430135,0.07407407407407407,0.16666666666666666,0.07407407407407407,0.16666666666666666,0.2777777777777778,0.24245512198962127,0.24245512198962127,0.24245512198962127,0.04,0.04,0.04,0.04,70.0,0.10144927536231885,0.2463768115942029,1.1044419241569035,32.0,0.0,0.0,2.1670697577088833,0.0
gtzan/gtzan_classical_00066/track.npy,gtzan,0.8041237113402061,0.7384411823841678,0.7384411823841678,0.7384411823841678,0.46296296296296297,0.5370370370370371,0.46296296296296297,0.5370370370370371,0.7200000000000001,0.6645658664410871,0.6645658664410871,0.6645658664410871,0.5,0.5,0.5,0.5,46.0,0.0,0.0,0.6107309927981874,11.0,0.0,0.0,0.5298261705386498,0.0
gtzan/gtzan_classical_00067/track.npy,gtzan,0.8387096774193549,0.7249596910311364,0.7249596910311364,0.7249596910311364,0.3333333333333333,0.7916666666666666,0.3333333333333333,0.7916666666666666,0.6896551724137931,0.6396913841178178,0.6396913841178178,0.6396913841178178,0.2222222222222222,0.3333333333333333,0.2222222222222222,0.3333333333333333,55.0,0.0,0.0,0.5931664454476495,21.0,0.0,0.0,0.9361985685369653,0.0
gtzan/gtzan_classical_00068/track.npy,gtzan,0.6346153846153846,0.5677845862391236,0.8557912604178096,0.7117879233284666,0.0,0.0,0.9714285714285714,0.9714285714285714,0.6315789473684211,0.567992382495746,0.640759457350618,0.604375919923182,0.09523809523809523,0.2857142857142857,0.09523809523809523,0.2857142857142857,42.0,0.0,0.0,0.08701137698962802,24.0,0.0,0.0,1.126292078719882,0.0
gtzan/gtzan_classical_00069/track.npy,gtzan,0.8571428571428571,0.5466100601587037,0.5466100601587037,0.5466100601587037,1.0,1.0,1.0,1.0,0.4,0.22570782025158684,0.32453055240673734,0.2751191863291621,0.0,0.0,0.15384615384615385,0.46153846153846156,33.0,0.0,0.0,0.12901293143444661,16.0,0.0,0.0,1.1335035701449454,0.0
gtzan/gtzan_classical_00070/track.npy,gtzan,0.8035714285714285,0.6890753203191223,0.6890753203191223,0.6890753203191223,0.42424242424242425,0.5151515151515151,0.42424242424242425,0.5151515151515151,0.8108108108108109,0.7167524559263446,0.7167524559263446,0.7167524559263446,0.5454545454545454,0.5454545454545454,0.5454545454545454,0.5454545454545454,59.0,0.0,0.0,0.2750833868772723,20.0,0.0,0.0,0.24842793275621183,0.0
gtzan/gtzan_classical_00071/track.npy,gtzan,0.6774193548387097,0.5709095095966733,0.605124895997259,0.5880172027969661,0.10606060606060606,0.2878787878787879,0.10606060606060606,0.2878787878787879,0.39215686274509803,0.33232747695880305,0.33232747695880305,0.33232747695880305,0.16129032258064516,0.1935483870967742,0.16129032258064516,0.1935483870967742,79.0,0.01282051282051282,0.20512820512820512,1.02236414482465,35.0,0.0,0.08823529411764706,1.431871945040754,0.0
gtzan/gtzan_classical_00072/track.npy,gtzan,0.8275862068965517,0.6877090133496133,0.6877090133496133,0.6877090133496133,0.3125,0.6041666666666666,0.3125,0.6041666666666666,0.5161290322580646,0.4835627793807485,0.4835627793807485,0.4835627793807485,0.21052631578947367,0.21052631578947367,0.21052631578947367,0.21052631578947367,50.0,0.0,0.0,0.5056611296009089,21.0,0.0,0.0,1.3628453913469316,0.0
gtzan/gtzan_classical_00073/track.npy,gtzan,0.9,0.7656950305456146,0.7656950305456146,0.7656950305456146,0.7777777777777778,0.7777777777777778,0.7777777777777778,0.7777777777777778,0.8484848484848485,0.7312251168041689,0.7312251168041689,0.7312251168041689,0.7777777777777778,0.7777777777777778,0.7777777777777778,0.7777777777777778,57.0,0.0,0.0,0.18232155679395912,19.0,0.0,0.0,0.14046716365896791,0.0
gtzan/gtzan_classical_00074/track.npy,gtzan,0.84375,0.6904601896896799,0.6904601896896799,0.6904601896896799,0.08955223880597014,0.5074626865671642,0.08955223880597014,0.5074626865671642,0.391304347826087,0.3619011879805712,0.5585675357966448,0.460234361888608,0.06896551724137931,0.06896551724137931,0.15151515151515152,0.30303030303030304,77.0,0.11842105263157894,0.11842105263157894,1.5040773967762764,39.0,0.05263157894736842,0.05263157894736842,1.1285342243723129,0.0
gtzan/gtzan_classical_00075/track.npy,gtzan,0.4126984126984127,0.2654531170525128,0.3986506587338093,0.33205188789316104,0.0,0.0,0.13043478260869565,0.30434782608695654,0.3636363636363636,0.21918633535758517,0.3221354304161288,0.27066088288685697,0.0,0.0,0.17391304347826086,0.21739130434782608,21.0,0.0,0.0,1.2011498582674465,13.0,0.0,0.0,1.3318256264378818,0.0
gtzan/gtzan_classical_00076/track.npy,gtzan,0.8750000000000001,0.7194766055833673,0.7194766055833673,0.7194766055833673,0.16666666666666666,0.5277777777777778,0.16666666666666666,0.5277777777777778,0.8750000000000001,0.6829928126261063,0.6829928126261063,0.6829928126261063,0.3888888888888889,0.5555555555555556,0.3888888888888889,0.5555555555555556,63.0,0.0,0.0,0.28768207245179567,16.0,0.0,0.0,0.7100270317311477,0.0
gtzan/gtzan_classical_00077/track.npy,gtzan,0.625,0.46087063038416987,0.46087063038416987,0.46087063038416987,0.07692307692307693,0.15384615384615385,0.24,0.24,0.5454545454545454,0.3901215038271829,0.3901215038271829,0.3901215038271829,0.08333333333333333,0.08333333333333333,0.21052631578947367,0.3157894736842105,36.0,0.0,0.0,0.7190849708137464,17.0,0.0,0.0,0.9263560180110606,0.0
gtzan/gtzan_classical_00078/track.npy,gtzan,0.6666666666666667,0.5625806510273984,0.7123234920476424,0.6374520715375205,0.1111111111111111,0.14814814814814814,0.5333333333333333,0.6666666666666666,0.631578947368421,0.5775955921935434,0.5775955921935434,0.5775955921935434,0.16666666666666666,0.25,0.23076923076923078,0.5384615384615384,19.0,0.0,0.0,0.708891345199672,14.0,0.0,0.0,0.760889623964436,0.0
gtzan/gtzan_classical_00079/track.npy,gtzan,0.7956989247311829,0.7132254593930795,0.7132254593930795,0.7132254593930795,0.28846153846153844,0.4807692307692308,0.28846153846153844,0.4807692307692308,0.4444444444444444,0.40965410600610747,0.5954854925732058,0.5025697992896566,0.04,0.04,0.16,0.4,58.0,0.05263157894736842,0.05263157894736842,1.1888013163704145,29.0,0.07142857142857142,0.07142857142857142,2.5008771273721155,0.0
gtzan/gtzan_classical_00080/track.npy,gtzan,0.27272727272727276,0.21124404202315047,0.230939523054765,0.22109178253895773,0.1111111111111111,0.1111111111111111,0.1111111111111111,0.1111111111111111,0.0,4.015372793611631e-34,7.026902388820354e-34,5.521137591215992e-34,0.0,0.0,0.0,0.0,5.0,0.0,0.0,2.9393696025033793,2.0,0.0,0.0,0.0,0.0
gtzan/gtzan_classical_00081/track.npy,gtzan,0.822429906542056,0.6725172460208577,0.6725172460208577,0.6725172460208577,0.31666666666666665,0.5833333333333334,0.31666666666666665,0.5833333333333334,0.4375,0.34737427228488676,0.34737427228488676,0.34737427228488676,0.15,0.15,0.15,0.15,60.0,0.0,0.0,0.6726642617177441,28.0,0.0,0.0,1.142750454632525,0.0
gtzan/gtzan_classical_00082/track.npy,gtzan,0.85,0.6785603494423862,0.6785603494423862,0.6785603494423862,0.17391304347826086,0.5217391304347826,0.17391304347826086,0.5217391304347826,0.2580645161290323,0.22648241826551682,0.573117507666345,0.3997999629659309,0.0,0.0,0.13043478260869565,0.21052631578947367,44.0,0.0,0.0,0.7313592678040963,23.0,0.0,0.0,1.2237754316221152,0.0
gtzan/gtzan_classical_00083/track.npy,gtzan,0.5490196078431372,0.42467283269273254,0.42467283269273254,0.42467283269273254,0.20588235294117646,0.3235294117647059,0.20588235294117646,0.3235294117647059,0.4444444444444444,0.29210920260305173,0.29210920260305173,0.29210920260305173,0.0,0.0,0.23529411764705882,0.23529411764705882,22.0,0.047619047619047616,0.047619047619047616,2.7671813221808215,12.0,0.0,0.0,1.5759413931515203,0.0
gtzan/gtzan_classical_00084/track.npy,gtzan,0.5714285714285715,0.5017365037316809,0.5017365037316809,0.5017365037316809,0.28888888888888886,0.37777777777777777,0.28888888888888886,0.37777777777777777,0.43749999999999994,0.3444318032776243,0.3740129923530168,0.35922239781532056,0.14285714285714285,0.14285714285714285,0.14285714285714285,0.23809523809523808,42.0,0.024390243902439025,0.024390243902439025,1.1884512976840516,22.0,0.0,0.0,1.5164116330587345,0.0
gtzan/gtzan_classical_00085/track.npy,gtzan,0.9333333333333333,0.7946808258370792,0.7946808258370792,0.7946808258370792,0.9777777777777777,0.9777777777777777,0.9777777777777777,0.9777777777777777,0.29268292682926833,0.22855071376651312,0.3626096008108698,0.29558015728869147,0.0,0.0,0.06666666666666667,0.1,54.0,0.0,0.0,0.07145896398214577,35.0,0.0,0.0,0.711496319228143,0.0
gtzan/gtzan_classical_00086/track.npy,gtzan,0.923076923076923,0.8155258852838679,0.8155258852838679,0.8155258852838679,0.5510204081632653,0.7142857142857143,0.5510204081632653,0.7142857142857143,0.16216216216216217,0.14417422346033737,0.2647432114582231,0.20445871745928024,0.0,0.0,0.0,0.0,59.0,0.017241379310344827,0.017241379310344827,0.6931471805599424,35.0,0.029411764705882353,0.029411764705882353,1.1748658391121825,0.0
gtzan/gtzan_classical_00087/track.npy,gtzan,0.7346938775510204,0.6148814650622786,0.6148814650622786,0.6148814650622786,0.4,0.72,0.4,0.72,0.43478260869565216,0.3993461699469894,0.3993461699469894,0.3993461699469894,0.0,0.0,0.13333333333333333,0.13333333333333333,28.0,0.0,0.0,0.5057749469366086,17.0,0.0,0.0,1.6711337851141246,0.0
gtzan/gtzan_classical_00088/track.npy,gtzan,0.9263157894736842,0.8328761161364472,0.8328761161364472,0.8328761161364472,0.6862745098039216,0.7254901960784313,0.6862745098039216,0.7254901960784313,0.5945945945945945,0.5562522538997502,0.761200551911414,0.6587264029055822,0.0,0.0,0.34615384615384615,0.6153846153846154,58.0,0.017543859649122806,0.017543859649122806,0.7845033705854068,29.0,0.0,0.0,0.7351819493798022,0.0
gtzan/gtzan_classical_00089/track.npy,gtzan,0.923076923076923,0.7683766301691803,0.7683766301691803,0.7683766301691803,0.7560975609756098,0.8780487804878049,0.7560975609756098,0.8780487804878049,0.30303030303030304,0.2803821301360987,0.4037166054454237,0.3420493677907612,0.0,0.0,0.17391304347826086,0.21739130434782608,45.0,0.0,0.0,0.06669137449867363,26.0,0.0,0.0,0.7793854074551084,0.0
gtzan/gtzan_classical_00090/track.npy,gtzan,0.5945945945945946,0.480110968847313,0.480110968847313,0.480110968847313,0.2857142857142857,0.38095238095238093,0.2857142857142857,0.38095238095238093,0.47058823529411764,0.4117357370326506,0.4117357370326506,0.4117357370326506,0.5,0.6,0.5,0.6,19.0,0.0,0.0,1.6138606394277542,12.0,0.0,0.0,1.7124125674377326,0.0
gtzan/gtzan_classical_00091/track.npy,gtzan,0.8611111111111112,0.7662169772620058,0.7662169772620058,0.7662169772620058,0.7837837837837838,0.8378378378378378,0.7837837837837838,0.8378378378378378,0.5714285714285714,0.5073861478583389,0.6390586129889871,0.573222380423663,0.05555555555555555,0.05555555555555555,0.47368421052631576,0.5789473684210527,43.0,0.0,0.0,0.31177962403084225,22.0,0.0,0.0,1.0284691066860299,0.0
gtzan/gtzan_classical_00092/track.npy,gtzan,0.5227272727272728,0.3532949083586682,0.5269462185152832,0.4401205634369757,0.017241379310344827,0.017241379310344827,0.6666666666666666,0.9,0.5789473684210527,0.3985193938816734,0.5101055567479915,0.45431247531483243,0.08695652173913043,0.13043478260869565,0.4827586206896552,0.6206896551724138,36.0,0.0,0.0,0.14432676433359454,26.0,0.0,0.0,0.7096201217505471,0.0
gtzan/gtzan_classical_00093/track.npy,gtzan,0.8771929824561403,0.8050078055513683,0.8050078055513683,0.8050078055513683,0.39655172413793105,0.7758620689655172,0.39655172413793105,0.7758620689655172,0.1379310344827586,0.1377587284033905,0.6567304924927457,0.39724461044806814,0.06666666666666667,0.06666666666666667,0.4666666666666667,0.6,67.0,0.0,0.0,0.3285040669720375,18.0,0.0,0.0,0.4007176826788513,0.0
gtzan/gtzan_classical_00094/track.npy,gtzan,0.5230769230769231,0.36995069189179963,0.36995069189179963,0.36995069189179963,0.20588235294117646,0.29411764705882354,0.20588235294117646,0.29411764705882354,0.4615384615384615,0.3653348171781695,0.3653348171781695,0.3653348171781695,0.2,0.4,0.2,0.4,39.0,0.0,0.0,0.7972975408419819,20.0,0.0,0.0,1.4503735465023333,0.0
gtzan/gtzan_classical_00095/track.npy,gtzan,0.4827586206896552,0.34500367545758714,0.34500367545758714,0.34500367545758714,0.09090909090909091,0.2727272727272727,0.09090909090909091,0.2727272727272727,0.4,0.3737187486513667,0.3737187486513667,0.3737187486513667,0.16666666666666666,0.3333333333333333,0.16666666666666666,0.3333333333333333,27.0,0.0,0.07692307692307693,1.427413951275415,14.0,0.0,0.0,1.3530385168371322,0.0
gtzan/gtzan_classical_00096/track.npy,gtzan,0.7906976744186046,0.6485020844520852,0.6485020844520852,0.6485020844520852,0.1917808219178082,0.4383561643835616,0.1917808219178082,0.4383561643835616,0.5641025641025641,0.47747470135549575,0.47747470135549575,0.47747470135549575,0.2,0.25,0.2,0.25,94.0,0.06451612903225806,0.23655913978494625,1.1266891587677605,25.0,0.041666666666666664,0.041666666666666664,2.9325683472527158,0.0
gtzan/gtzan_classical_00097/track.npy,gtzan,0.5420560747663552,0.4275526581768574,0.6483897728017992,0.5379712154893284,0.15625,0.171875,0.15625,0.3764705882352941,0.3934426229508197,0.2943792871721374,0.2943792871721374,0.2943792871721374,0.07692307692307693,0.1282051282051282,0.07692307692307693,0.1282051282051282,72.0,0.028169014084507043,0.028169014084507043,1.1681394643190584,43.0,0.023809523809523808,0.023809523809523808,1.4384801142904564,0.0
gtzan/gtzan_classical_00098/track.npy,gtzan,0.9876543209876543,0.8611346669976171,0.8611346669976171,0.8611346669976171,0.975609756097561,0.975609756097561,0.975609756097561,0.975609756097561,0.0,5.342089917556794e-185,0.8258813590847867,0.41294067954239333,0.0,0.0,0.8181818181818182,0.8181818181818182,49.0,0.0,0.0,0.09750110491057397,13.0,0.0,0.0,0.043652830198889714,0.0
gtzan/gtzan_classical_00099/track.npy,gtzan,0.8253968253968255,0.7273666555487267,0.7273666555487267,0.7273666555487267,0.5428571428571428,0.6,0.5428571428571428,0.6,0.7777777777777777,0.7290874425887691,0.7290874425887691,0.7290874425887691,0.7,0.7,0.7,0.7,28.0,0.0,0.0,0.6325050704704046,10.0,0.0,0.0,1.0326016986901105,0.0
gtzan/gtzan_country_00000/track.npy,gtzan,0.9577464788732395,0.9149493314425325,0.9149493314425325,0.9149493314425325,0.9444444444444444,0.9444444444444444,0.9444444444444444,0.9444444444444444,1.0,0.908972093206544,0.908972093206544,0.908972093206544,1.0,1.0,1.0,1.0,42.0,0.0,0.0,0.055649279289068876,11.0,0.0,0.0,0.01408473988173875,0.0
gtzan/gtzan_country_00001/track.npy,gtzan,0.9217391304347826,0.8735377939054627,0.8735377939054627,0.8735377939054627,0.22950819672131148,0.8360655737704918,0.22950819672131148,0.8360655737704918,0.962962962962963,0.9408373729001023,0.9408373729001023,0.9408373729001023,0.7857142857142857,0.9285714285714286,0.7857142857142857,0.9285714285714286,73.0,0.1111111111111111,0.1111111111111111,1.6094379124341267,18.0,0.11764705882352941,0.11764705882352941,3.138196944955201,0.0
gtzan/gtzan_country_00002/track.npy,gtzan,0.9852941176470589,0.9397629184379855,0.9397629184379855,0.9397629184379855,0.5507246376811594,0.9565217391304348,0.5507246376811594,0.9565217391304348,1.0,0.9637333961175758,0.9637333961175758,0.9637333961175758,1.0,1.0,1.0,1.0,81.0,0.0,0.0,0.05978306265427745,20.0,0.0,0.0,0.02739897418811632,0.0
gtzan/gtzan_country_00003/track.npy,gtzan,0.9850746268656716,0.9453589150346756,0.9453589150346756,0.9453589150346756,0.9705882352941176,0.9705882352941176,0.9705882352941176,0.9705882352941176,1.0,0.9638574892583439,0.9638574892583439,0.9638574892583439,1.0,1.0,1.0,1.0,40.0,0.0,0.0,0.03077809321038192,10.0,0.0,0.0,0.006688988150797659,0.0
gtzan/gtzan_country_00004/track.npy,gtzan,0.8672566371681416,0.8202176371188327,0.8202176371188327,0.8202176371188327,0.109375,0.671875,0.109375,0.671875,0.625,0.5792584500552332,0.5792584500552332,0.5792584500552332,0.3157894736842105,0.47368421052631576,0.3157894736842105,0.47368421052631576,76.0,0.22666666666666666,0.22666666666666666,1.8718021769015896,21.0,0.25,0.25,3.2298113853656862,0.0
gtzan/gtzan_country_00005/track.npy,gtzan,1.0,0.9814207735781131,0.9814207735781131,0.9814207735781131,1.0,1.0,1.0,1.0,1.0,0.975468529143732,0.975468529143732,0.975468529143732,1.0,1.0,1.0,1.0,66.0,0.0,0.0,0.04445176257083376,16.0,0.0,0.0,0.025331379907229654,0.0
gtzan/gtzan_country_00006/track.npy,gtzan,0.7454545454545455,0.7134897428231342,0.7134897428231342,0.7134897428231342,0.12698412698412698,0.746031746031746,0.12698412698412698,0.746031746031746,0.7142857142857143,0.6764453407589537,0.6764453407589537,0.6764453407589537,0.25,0.6875,0.25,0.6875,74.0,0.2328767123287671,0.2328767123287671,1.9095425048844135,18.0,0.17647058823529413,0.17647058823529413,3.2958368660043114,0.0
gtzan/gtzan_country_00007/track.npy,gtzan,0.6031746031746031,0.5393394508356711,0.8249678982872259,0.6821536745614485,0.0,0.0,0.9761904761904762,0.9761904761904762,0.4705882352941177,0.4709558022441012,0.7180757811606978,0.5945157917023995,0.0,0.0,1.0,1.0,51.0,0.0,0.0,0.12379855236071126,13.0,0.0,0.0,0.04575507574070753,0.0
gtzan/gtzan_country_00008/track.npy,gtzan,0.8,0.7751219155677431,0.7751219155677431,0.7751219155677431,0.21428571428571427,0.47619047619047616,0.21428571428571427,0.47619047619047616,0.8235294117647058,0.7872925327889139,0.7872925327889139,0.7872925327889139,0.5,0.5,0.5,0.5,47.0,0.10869565217391304,0.10869565217391304,1.6856860562775844,11.0,0.0,0.0,0.420308242810601,0.0
gtzan/gtzan_country_00009/track.npy,gtzan,1.0,0.9704378394219331,0.9704378394219331,0.9704378394219331,1.0,1.0,1.0,1.0,1.0,0.9793659942779829,0.9793659942779829,0.9793659942779829,1.0,1.0,1.0,1.0,49.0,0.0,0.0,0.05501391164319852,12.0,0.0,0.0,0.008067942891709663,0.0
gtzan/gtzan_country_00010/track.npy,gtzan,0.9846153846153847,0.9275024964413288,0.9275024964413288,0.9275024964413288,0.9696969696969697,0.9696969696969697,0.9696969696969697,0.9696969696969697,0.0,1.0651982352503562e-295,0.8988403760835336,0.4494201880417668,0.0,0.0,0.875,0.875,40.0,0.0,0.0,0.08004270767353597,10.0,0.0,0.0,0.01333353086946516,0.0
gtzan/gtzan_country_00011/track.npy,gtzan,0.967741935483871,0.8834824136033226,0.8834824136033226,0.8834824136033226,0.7659574468085106,0.9361702127659575,0.7659574468085106,0.9361702127659575,0.8333333333333334,0.7597230126135162,0.7597230126135162,0.7597230126135162,0.75,0.75,0.75,0.75,56.0,0.0,0.0,0.07696104113613016,14.0,0.0,0.0,0.23117546888923168,0.0
gtzan/gtzan_country_00012/track.npy,gtzan,0.7903225806451611,0.657749878145972,0.6957828099283703,0.6767663440371712,0.0958904109589041,0.3561643835616438,0.37254901960784315,0.43137254901960786,0.9714285714285714,0.8001735359687223,0.8001735359687223,0.8001735359687223,0.6111111111111112,0.8888888888888888,0.6111111111111112,0.8888888888888888,66.0,0.015384615384615385,0.015384615384615385,0.6318789205917797,21.0,0.0,0.0,0.700473220652018,0.0
gtzan/gtzan_country_00013/track.npy,gtzan,1.0,0.9594431022563193,0.9594431022563193,0.9594431022563193,1.0,1.0,1.0,1.0,1.0,0.9461002405093809,0.9461002405093809,0.9461002405093809,1.0,1.0,1.0,1.0,60.0,0.0,0.0,0.04255961441880263,15.0,0.0,0.0,0.11000515586701295,0.0
gtzan/gtzan_country_00014/track.npy,gtzan,0.9649122807017544,0.7273883315566106,0.7273883315566106,0.7273883315566106,0.49122807017543857,0.9649122807017544,0.49122807017543857,0.9649122807017544,1.0,0.7417893609566348,0.7417893609566348,0.7417893609566348,1.0,1.0,1.0,1.0,69.0,0.0,0.0,0.2744368457017568,17.0,0.0,0.0,0.04933710342126161,0.0
gtzan/gtzan_country_00015/track.npy,gtzan,0.723404255319149,0.6343765806063896,0.6343765806063896,0.6343765806063896,0.11392405063291139,0.3924050632911392,0.11392405063291139,0.3924050632911392,0.5652173913043479,0.5092699635650978,0.5092699635650978,0.5092699635650978,0.1,0.2,0.1,0.2,91.0,0.1111111111111111,0.3,0.8741465256110157,36.0,0.02857142857142857,0.11428571428571428,2.0065942615567045,0.0
gtzan/gtzan_country_00016/track.npy,gtzan,0.6716417910447761,0.6361342594655582,0.9471332301581669,0.7916337448118625,0.0,0.0,1.0,1.0,0.43478260869565216,0.42492607652414033,0.6374911056598299,0.5312085910919851,0.043478260869565216,0.08695652173913043,0.13043478260869565,0.24444444444444444,54.0,0.0,0.0,0.06899287148695368,30.0,0.0,0.0,1.1063046861386614,0.0
gtzan/gtzan_country_00017/track.npy,gtzan,0.88,0.778485799884489,0.778485799884489,0.778485799884489,0.11688311688311688,0.4935064935064935,0.11688311688311688,0.4935064935064935,1.0,0.9691342573725898,0.9691342573725898,0.9691342573725898,1.0,1.0,1.0,1.0,90.0,0.10112359550561797,0.10112359550561797,1.4469189829363018,23.0,0.0,0.0,0.014598799421154884,0.0
gtzan/gtzan_country_00018/track.npy,gtzan,0.9172932330827067,0.867270595384453,0.867270595384453,0.867270595384453,0.5416666666666666,0.7083333333333334,0.5416666666666666,0.7083333333333334,0.8571428571428572,0.8201988195956352,0.8201988195956352,0.8201988195956352,0.5789473684210527,0.6842105263157895,0.5789473684210527,0.6842105263157895,76.0,0.0,0.0,0.38285887287105685,19.0,0.0,0.0,0.6931270634658676,0.0
gtzan/gtzan_country_00019/track.npy,gtzan,1.0,0.9295392369070566,0.9295392369070566,0.9295392369070566,1.0,1.0,1.0,1.0,1.0,0.9102344097180851,0.9102344097180851,0.9102344097180851,1.0,1.0,1.0,1.0,43.0,0.0,0.0,0.08701137698962924,10.0,0.0,0.0,0.03494246960312229,0.0
gtzan/gtzan_country_00020/track.npy,gtzan,1.0,0.9551146569771295,0.9551146569771295,0.9551146569771295,1.0,1.0,1.0,1.0,1.0,0.9662288784945496,0.9662288784945496,0.9662288784945496,1.0,1.0,1.0,1.0,52.0,0.0,0.0,0.06899287148695166,13.0,0.0,0.0,0.017241806434504903,0.0
gtzan/gtzan_country_00021/track.npy,gtzan,0.891566265060241,0.7783445748260297,0.7783445748260297,0.7783445748260297,0.5,0.7272727272727273,0.5,0.7272727272727273,0.9166666666666666,0.7860137541869986,0.7860137541869986,0.7860137541869986,0.6153846153846154,0.6923076923076923,0.6153846153846154,0.6923076923076923,45.0,0.0,0.0,0.6913453300096764,16.0,0.0,0.0,0.6995693790938134,0.0
gtzan/gtzan_country_00022/track.npy,gtzan,0.9259259259259259,0.7636316492868334,0.7636316492868334,0.7636316492868334,0.9285714285714286,0.9285714285714286,0.9285714285714286,0.9285714285714286,1.0,0.7088245548949184,0.7088245548949184,0.7088245548949184,1.0,1.0,1.0,1.0,42.0,0.0,0.0,0.06453852113757264,12.0,0.0,0.0,0.7747343093191639,0.0
gtzan/gtzan_country_00023/track.npy,gtzan,1.0,0.7904857901826827,0.7904857901826827,0.7904857901826827,1.0,1.0,1.0,1.0,1.0,0.7102738849214321,0.7102738849214321,0.7102738849214321,1.0,1.0,1.0,1.0,42.0,0.0,0.0,0.05690326350891769,11.0,0.0,0.0,0.044923587573509706,0.0
gtzan/gtzan_country_00024/track.npy,gtzan,0.9199999999999999,0.8595075460461427,0.8595075460461427,0.8595075460461427,0.39622641509433965,0.7358490566037735,0.39622641509433965,0.7358490566037735,0.7692307692307693,0.7355119769243382,0.7355119769243382,0.7355119769243382,0.46153846153846156,0.6153846153846154,0.46153846153846156,0.6153846153846154,52.0,0.0,0.0,0.6836731464209179,14.0,0.0,0.0,0.6995302663063246,0.0
gtzan/gtzan_country_00025/track.npy,gtzan,0.9333333333333333,0.8360815329118008,0.8360815329118008,0.8360815329118008,0.8333333333333334,0.9666666666666667,0.8333333333333334,0.9666666666666667,1.0,0.8927353897672726,0.8927353897672726,0.8927353897672726,1.0,1.0,1.0,1.0,36.0,0.0,0.0,0.04762804898925502,9.0,0.0,0.0,0.05312292871164929,0.0
gtzan/gtzan_country_00026/track.npy,gtzan,0.9302325581395349,0.7544677772191085,0.7544677772191085,0.7544677772191085,0.3111111111111111,0.7777777777777778,0.3111111111111111,0.7777777777777778,0.6086956521739131,0.5214048250407384,0.5214048250407384,0.5214048250407384,0.25,0.5,0.25,0.5,50.0,0.02040816326530612,0.02040816326530612,0.826703685379175,13.0,0.0,0.0,0.6652918770529421,0.0
gtzan/gtzan_country_00027/track.npy,gtzan,1.0,0.9225389693459217,0.9225389693459217,0.9225389693459217,1.0,1.0,1.0,1.0,0.47619047619047616,0.44252047036376957,0.6192881156235567,0.5309042929936632,0.36363636363636365,0.36363636363636365,0.36363636363636365,0.36363636363636365,47.0,0.0,0.0,0.03174869831458181,15.0,0.0,0.0,0.7163142398414797,0.0
gtzan/gtzan_country_00028/track.npy,gtzan,1.0,0.9320473959970365,0.9320473959970365,0.9320473959970365,1.0,1.0,1.0,1.0,1.0,0.9369878885020098,0.9369878885020098,0.9369878885020098,1.0,1.0,1.0,1.0,45.0,0.0,0.0,0.14318012315544934,11.0,0.0,0.0,0.02264247674975972,0.0
gtzan/gtzan_country_00029/track.npy,gtzan,0.8421052631578947,0.6392067578775793,0.6392067578775793,0.6392067578775793,0.9736842105263158,0.9736842105263158,0.9736842105263158,0.9736842105263158,0.9,0.7354243811151817,0.7354243811151817,0.7354243811151817,1.0,1.0,1.0,1.0,46.0,0.0,0.0,0.05614667734398174,12.0,0.0,0.0,0.014987375148000975,0.0
gtzan/gtzan_country_00030/track.npy,gtzan,1.0,0.9080373262091138,0.9080373262091138,0.9080373262091138,1.0,1.0,1.0,1.0,1.0,0.8544894362108699,0.8544894362108699,0.8544894362108699,1.0,1.0,1.0,1.0,39.0,0.0,0.0,0.05770729508228145,10.0,0.0,0.0,0.02419652525582174,0.0
gtzan/gtzan_country_00031/track.npy,gtzan,0.8641975308641976,0.8253785726714922,0.8253785726714922,0.8253785726714922,0.3695652173913043,0.5,0.3695652173913043,0.5,1.0,0.9380616498985096,0.9380616498985096,0.9380616498985096,1.0,1.0,1.0,1.0,43.0,0.0,0.0,0.6931471805599453,13.0,0.0,0.0,0.00930239266231253,0.0
gtzan/gtzan_country_00032/track.npy,gtzan,1.0,0.8979643749546928,0.8979643749546928,0.8979643749546928,1.0,1.0,1.0,1.0,1.0,0.875548222283058,0.875548222283058,0.875548222283058,1.0,1.0,1.0,1.0,49.0,0.0,0.0,0.06453852113757107,17.0,0.0,0.0,0.021739986636405417,0.0
gtzan/gtzan_country_00033/track.npy,gtzan,1.0,0.9465502310961988,0.9465502310961988,0.9465502310961988,1.0,1.0,1.0,1.0,1.0,0.9160086435565156,0.9160086435565156,0.9160086435565156,1.0,1.0,1.0,1.0,46.0,0.0,0.0,0.06062462181643702,12.0,0.0,0.0,0.023486254481702835,0.0
gtzan/gtzan_country_00034/track.npy,gtzan,0.7863247863247863,0.6363213331238845,0.6363213331238845,0.6363213331238845,0.041666666666666664,0.275,0.15,0.275,0.7586206896551724,0.5177696538391615,0.5177696538391615,0.5177696538391615,0.2,0.5,0.2,0.5,134.0,0.3308270676691729,0.556390977443609,1.02503474509582,34.0,0.24242424242424243,0.24242424242424243,2.661357375236194,0.0
gtzan/gtzan_country_00035/track.npy,gtzan,0.6000000000000001,0.22617030989120437,0.2888239517615792,0.2574971308263918,0.047619047619047616,0.047619047619047616,0.6956521739130435,0.782608695652174,0.4848484848484849,0.17003023055481342,0.22210996430796898,0.1960700974313912,0.0,0.0,0.5833333333333334,0.5833333333333334,61.0,0.0,0.0,0.6626357840518312,16.0,0.0,0.0,0.39998564234353917,0.0
gtzan/gtzan_country_00036/track.npy,gtzan,0.8941176470588235,0.7943714991358893,0.7943714991358893,0.7943714991358893,0.23404255319148937,0.6170212765957447,0.23404255319148937,0.6170212765957447,0.7333333333333334,0.6701271310268869,0.6757398366226569,0.6729334838247719,0.2222222222222222,0.2222222222222222,0.30434782608695654,0.30434782608695654,46.0,0.0,0.0,0.709338146285037,24.0,0.0,0.0,1.192005786042701,0.0
gtzan/gtzan_country_00037/track.npy,gtzan,1.0,0.876860019588641,0.876860019588641,0.876860019588641,1.0,1.0,1.0,1.0,1.0,0.8647636804478072,0.8647636804478072,0.8647636804478072,1.0,1.0,1.0,1.0,49.0,0.0,0.0,0.06453852113756409,16.0,0.0,0.0,0.03630271841845784,0.0
gtzan/gtzan_country_00038/track.npy,gtzan,0.9922480620155039,0.9341208702117644,0.9341208702117644,0.9341208702117644,0.9846153846153847,0.9846153846153847,0.9846153846153847,0.9846153846153847,1.0,0.9592662187543918,0.9592662187543918,0.9592662187543918,1.0,1.0,1.0,1.0,79.0,0.0,0.0,0.051293294387558364,20.0,0.0,0.0,0.025642430613337097,0.0
gtzan/gtzan_country_00039/track.npy,gtzan,0.6433566433566433,0.5675884612137367,0.5745526236269848,0.5710705424203608,0.11688311688311688,0.2077922077922078,0.13636363636363635,0.25757575757575757,0.5641025641025641,0.4802581129369906,0.4802581129369906,0.4802581129369906,0.25,0.45,0.25,0.45,74.0,0.0547945205479452,0.1643835616438356,1.139434283188364,24.0,0.08695652173913043,0.17391304347826086,2.4253668646963495,0.0
gtzan/gtzan_country_00040/track.npy,gtzan,0.8226950354609929,0.448061947484421,0.448061947484421,0.448061947484421,0.2926829268292683,0.4146341463414634,0.2926829268292683,0.4146341463414634,0.55,0.32054561800446896,0.3633321639123452,0.34193889095840707,0.19230769230769232,0.19230769230769232,0.19230769230769232,0.4074074074074074,98.0,0.28865979381443296,0.28865979381443296,1.252762968495358,31.0,0.26666666666666666,0.26666666666666666,2.641367527784778,0.0
gtzan/gtzan_country_00041/track.npy,gtzan,0.9818181818181818,0.8937385678270681,0.8937385678270681,0.8937385678270681,0.9818181818181818,0.9818181818181818,0.9818181818181818,0.9818181818181818,1.0,0.8610651317412336,0.8610651317412336,0.8610651317412336,1.0,1.0,1.0,1.0,66.0,0.0,0.0,0.0870113769896318,16.0,0.0,0.0,0.021739986636407187,0.0
gtzan/gtzan_country_00042/track.npy,gtzan,0.8505747126436781,0.7224084449599122,0.7224084449599122,0.7224084449599122,0.17045454545454544,0.5227272727272727,0.17045454545454544,0.5227272727272727,0.923076923076923,0.8907619390854737,0.8907619390854737,0.8907619390854737,0.5714285714285714,0.6666666666666666,0.5714285714285714,0.6666666666666666,111.0,0.17272727272727273,0.18181818181818182,1.1786549963416326,22.0,0.0,0.0,0.7153165753940061,0.0
gtzan/gtzan_country_00043/track.npy,gtzan,0.9310344827586207,0.6428801537113603,0.6428801537113603,0.6428801537113603,0.8103448275862069,0.9655172413793104,0.8103448275862069,0.9655172413793104,1.0,0.6450796987202904,0.6450796987202904,0.6450796987202904,1.0,1.0,1.0,1.0,69.0,0.0,0.0,0.22084696685586505,17.0,0.0,0.0,0.04990988221107305,0.0
gtzan/gtzan_country_00044/track.npy,gtzan,0.9846153846153847,0.9286908989762829,0.9286908989762829,0.9286908989762829,0.9696969696969697,0.9696969696969697,0.9696969696969697,0.9696969696969697,1.0,0.9278826516181657,0.9278826516181657,0.9278826516181657,1.0,1.0,1.0,1.0,39.0,0.0,0.0,0.02611403853904489,10.0,0.0,0.0,0.010791943209935602,0.0
gtzan/gtzan_country_00045/track.npy,gtzan,0.9696969696969697,0.9517216452753144,0.9517216452753144,0.9517216452753144,0.9696969696969697,0.9696969696969697,0.9696969696969697,0.9696969696969697,0.8888888888888888,0.879257902074745,0.879257902074745,0.879257902074745,1.0,1.0,1.0,1.0,40.0,0.0,0.0,0.025975486403264747,10.0,0.0,0.0,0.010832893332800138,0.0
gtzan/gtzan_country_00046/track.npy,gtzan,0.9,0.8641102103117059,0.8641102103117059,0.8641102103117059,0.24615384615384617,0.6615384615384615,0.24615384615384617,0.6615384615384615,0.7804878048780487,0.7493595620483844,0.7493595620483844,0.7493595620483844,0.25,0.3333333333333333,0.30303030303030304,0.3333333333333333,67.0,0.0,0.0,0.6931471805599473,28.0,0.0,0.0,1.111656095702012,0.0
gtzan/gtzan_country_00047/track.npy,gtzan,0.8596491228070176,0.762716849429013,0.762716849429013,0.762716849429013,0.22580645161290322,0.5645161290322581,0.22580645161290322,0.5645161290322581,1.0,0.948729420241044,0.948729420241044,0.948729420241044,1.0,1.0,1.0,1.0,62.0,0.04918032786885246,0.04918032786885246,1.5040773967762717,19.0,0.0,0.0,0.15838352618428533,0.0
gtzan/gtzan_country_00048/track.npy,gtzan,0.9375000000000001,0.6788357806650787,0.6788357806650787,0.6788357806650787,0.7346938775510204,0.8775510204081632,0.7346938775510204,0.8775510204081632,0.7826086956521738,0.5478050104976755,0.5478050104976755,0.5478050104976755,0.75,0.75,0.75,0.75,57.0,0.0,0.0,0.0800427076735365,14.0,0.0,0.0,0.5511769192895574,0.0
gtzan/gtzan_country_00049/track.npy,gtzan,0.9791666666666666,0.9252377790340507,0.9252377790340507,0.9252377790340507,1.0,1.0,1.0,1.0,1.0,0.9408212854074547,0.9408212854074547,0.9408212854074547,1.0,1.0,1.0,1.0,57.0,0.0,0.0,0.2102991542464714,14.0,0.0,0.0,0.028291053225922975,0.0
gtzan/gtzan_country_00050/track.npy,gtzan,1.0,0.9790654874632349,0.9790654874632349,0.9790654874632349,1.0,1.0,1.0,1.0,1.0,0.9786121863383684,0.9786121863383684,0.9786121863383684,1.0,1.0,1.0,1.0,60.0,0.0,0.0,0.039220713153287345,15.0,0.0,0.0,0.009891510207075016,0.0
gtzan/gtzan_country_00051/track.npy,gtzan,1.0,0.9593302439649771,0.9593302439649771,0.9593302439649771,1.0,1.0,1.0,1.0,1.0,0.9829742659852784,0.9829742659852784,0.9829742659852784,1.0,1.0,1.0,1.0,32.0,0.0,0.0,0.06848941768195646,8.0,0.0,0.0,0.014912808713061165,0.0
gtzan/gtzan_country_00052/track.npy,gtzan,1.0,0.7351806520421993,0.7351806520421993,0.7351806520421993,1.0,1.0,1.0,1.0,1.0,0.8975330998956963,0.8975330998956963,0.8975330998956963,1.0,1.0,1.0,1.0,36.0,0.0,0.0,0.16820511287799758,12.0,0.0,0.0,0.020187096759854348,0.0
gtzan/gtzan_country_00053/track.npy,gtzan,1.0,0.9799372049233401,0.9799372049233401,0.9799372049233401,1.0,1.0,1.0,1.0,1.0,0.9713351804585478,0.9713351804585478,0.9713351804585478,1.0,1.0,1.0,1.0,90.0,0.0,0.0,0.06062462181643574,22.0,0.0,0.0,0.015037877364540226,0.0
gtzan/gtzan_country_00054/track.npy,gtzan,1.0,0.9586916627485202,0.9586916627485202,0.9586916627485202,1.0,1.0,1.0,1.0,1.0,0.9342584834307109,0.9342584834307109,0.9342584834307109,1.0,1.0,1.0,1.0,38.0,0.0,0.0,0.02531780798429384,10.0,0.0,0.0,0.016733645330760702,0.0
gtzan/gtzan_country_00055/track.npy,gtzan,1.0,0.9612635178844172,0.9612635178844172,0.9612635178844172,1.0,1.0,1.0,1.0,1.0,0.9439842794347671,0.9439842794347671,0.9439842794347671,1.0,1.0,1.0,1.0,66.0,0.0,0.0,0.08062743482681112,17.0,0.0,0.0,0.02197890671877495,0.0
gtzan/gtzan_country_00056/track.npy,gtzan,0.9253731343283583,0.8234362965787997,0.8234362965787997,0.8234362965787997,0.9117647058823529,0.9117647058823529,0.9117647058823529,0.9117647058823529,0.9565217391304348,0.8228068910135226,0.8228068910135226,0.8228068910135226,0.9166666666666666,0.9166666666666666,0.9166666666666666,0.9166666666666666,40.0,0.0,0.0,0.05406722127027935,13.0,0.0,0.0,0.018182319083191067,0.0
gtzan/gtzan_country_00057/track.npy,gtzan,1.0,0.9226634285070817,0.9226634285070817,0.9226634285070817,1.0,1.0,1.0,1.0,0.47058823529411764,0.4341963354377317,0.7162574977327835,0.5752269165852576,0.1,0.1,0.3076923076923077,0.38461538461538464,34.0,0.0,0.0,0.04546237407675928,13.0,0.0,0.0,0.6874974029329795,0.0
gtzan/gtzan_country_00058/track.npy,gtzan,0.9894736842105264,0.8777317205130014,0.8777317205130014,0.8777317205130014,0.9791666666666666,0.9791666666666666,0.9791666666666666,0.9791666666666666,1.0,0.9183055845010447,0.9183055845010447,0.9183055845010447,1.0,1.0,1.0,1.0,57.0,0.0,0.0,0.03818444353398114,14.0,0.0,0.0,0.009478743954544799,0.0
gtzan/gtzan_country_00059/track.npy,gtzan,1.0,0.9741232803657645,0.9741232803657645,0.9741232803657645,1.0,1.0,1.0,1.0,1.0,0.9732199327659662,0.9732199327659662,0.9732199327659662,1.0,1.0,1.0,1.0,34.0,0.0,0.0,0.04593831277791791,8.0,0.0,0.0,0.015661764682053936,0.0
gtzan/gtzan_country_00060/track.npy,gtzan,0.8787878787878788,0.8258429489305544,0.8258429489305544,0.8258429489305544,0.4594594594594595,0.6486486486486487,0.4594594594594595,0.6486486486486487,0.761904761904762,0.7169474569948512,0.7169474569948512,0.7169474569948512,0.5454545454545454,0.5454545454545454,0.5454545454545454,0.5454545454545454,43.0,0.0,0.0,0.7282385003712115,13.0,0.0,0.0,0.6289721636186839,0.0
gtzan/gtzan_country_00061/track.npy,gtzan,0.7761194029850745,0.7343125173185754,0.7910747440292698,0.7626936306739226,0.0975609756097561,0.24390243902439024,0.3333333333333333,0.5882352941176471,0.47058823529411764,0.4243046840127052,0.5649757576533362,0.4946402208330207,0.0,0.0,0.3076923076923077,0.38461538461538464,51.0,0.0,0.0,0.7137664677626849,13.0,0.0,0.0,0.40882645581087007,0.0
gtzan/gtzan_country_00062/track.npy,gtzan,0.9931972789115647,0.9617551725806223,0.9617551725806223,0.9617551725806223,0.9864864864864865,0.9864864864864865,0.9864864864864865,0.9864864864864865,0.972972972972973,0.9326489015780441,0.9326489015780441,0.9326489015780441,0.9473684210526315,0.9473684210526315,0.9473684210526315,0.9473684210526315,89.0,0.0,0.0,0.11778303565638945,23.0,0.0,0.0,0.014598799421152386,0.0
gtzan/gtzan_country_00063/track.npy,gtzan,0.9859154929577464,0.9685388707126924,0.9685388707126924,0.9685388707126924,0.9722222222222222,0.9722222222222222,0.9722222222222222,0.9722222222222222,0.9411764705882353,0.9322017064301297,0.9322017064301297,0.9322017064301297,0.8888888888888888,0.8888888888888888,0.8888888888888888,0.8888888888888888,42.0,0.0,0.0,0.02817087696670073,10.0,0.0,0.0,0.007017572658646554,0.0
gtzan/gtzan_country_00064/track.npy,gtzan,0.9818181818181818,0.9574345796582648,0.9574345796582648,0.9574345796582648,0.9642857142857143,0.9642857142857143,0.9642857142857143,0.9642857142857143,1.0,0.9457221507550957,0.9457221507550957,0.9457221507550957,1.0,1.0,1.0,1.0,34.0,0.0,0.0,0.043920104723731236,8.0,0.0,0.0,0.011049836186585671,0.0
gtzan/gtzan_country_00065/track.npy,gtzan,0.7499999999999999,0.6866918284268821,0.8347385066766632,0.7607151675517727,0.14,0.2,0.5,0.6666666666666666,0.8333333333333333,0.7775978941784908,0.7775978941784908,0.7775978941784908,0.46153846153846156,0.5384615384615384,0.46153846153846156,0.5384615384615384,35.0,0.0,0.0,0.701068231478417,13.0,0.0,0.0,1.047165077086793,0.0
gtzan/gtzan_country_00066/track.npy,gtzan,0.6950354609929078,0.6496347219155318,0.9019258223570693,0.7757802721363005,0.04395604395604396,0.06593406593406594,0.84,0.84,0.6666666666666667,0.6282829068331375,0.7783215907100108,0.7033022487715741,0.13043478260869565,0.13043478260869565,0.6153846153846154,0.6153846153846154,68.0,0.0,0.0,0.22314355131420816,17.0,0.0,0.0,0.3169636492066069,0.0
gtzan/gtzan_country_00067/track.npy,gtzan,0.9259259259259259,0.7331196230126804,0.7331196230126804,0.7331196230126804,1.0,1.0,1.0,1.0,1.0,0.6300545889407172,0.6300545889407172,0.6300545889407172,1.0,1.0,1.0,1.0,32.0,0.0,0.0,0.09507234368251374,8.0,0.0,0.0,0.0618670613776342,0.0
gtzan/gtzan_country_00068/track.npy,gtzan,0.9210526315789475,0.7930660668192633,0.7930660668192633,0.7930660668192633,0.6829268292682927,0.6829268292682927,0.6829268292682927,0.6829268292682927,0.6153846153846153,0.5571904898975995,0.6384172118377461,0.5978038508676728,0.17647058823529413,0.17647058823529413,0.23529411764705882,0.4117647058823529,48.0,0.0,0.0,0.1112256351102256,20.0,0.0,0.0,0.7010985552976825,0.0
gtzan/gtzan_country_00069/track.npy,gtzan,1.0,0.8624283892690365,0.8624283892690365,0.8624283892690365,1.0,1.0,1.0,1.0,1.0,0.8754485196611768,0.8754485196611768,0.8754485196611768,1.0,1.0,1.0,1.0,57.0,0.0,0.0,0.14310084364067288,19.0,0.0,0.0,0.05377779838726146,0.0
gtzan/gtzan_country_00070/track.npy,gtzan,0.6666666666666666,0.6216751282374687,0.9325126916204909,0.7770939099289798,0.0,0.0,1.0,1.0,0.6470588235294118,0.6058519577522242,0.9363166619807101,0.7710843098664671,0.0,0.0,1.0,1.0,56.0,0.0,0.0,0.03684808350506908,14.0,0.0,0.0,0.022128123106150463,0.0
gtzan/gtzan_country_00071/track.npy,gtzan,1.0,0.8691566768919576,0.8691566768919576,0.8691566768919576,1.0,1.0,1.0,1.0,1.0,0.9132281239027095,0.9132281239027095,0.9132281239027095,1.0,1.0,1.0,1.0,37.0,0.0,0.0,0.07112849552365434,9.0,0.0,0.0,0.03586783123886785,0.0
gtzan/gtzan_country_00072/track.npy,gtzan,1.0,0.9388365149629404,0.9388365149629404,0.9388365149629404,1.0,1.0,1.0,1.0,1.0,0.9095147878810859,0.9095147878810859,0.9095147878810859,1.0,1.0,1.0,1.0,75.0,0.0,0.0,0.07080936005532051,19.0,0.0,0.0,0.025001302205417186,0.0
gtzan/gtzan_country_00073/track.npy,gtzan,0.8750000000000001,0.8325051350533962,0.8325051350533962,0.8325051350533962,0.5396825396825397,0.5396825396825397,0.5396825396825397,0.5396825396825397,0.7142857142857143,0.6742659340071285,0.6742659340071285,0.6742659340071285,0.5,0.5,0.5,0.5,59.0,0.0,0.0,0.6678293725756551,14.0,0.0,0.0,0.5303195033926807,0.0
gtzan/gtzan_country_00074/track.npy,gtzan,1.0,0.8340641861496041,0.8340641861496041,0.8340641861496041,1.0,1.0,1.0,1.0,0.7777777777777778,0.6720836947143414,0.6720836947143414,0.6720836947143414,0.2727272727272727,0.2727272727272727,0.2727272727272727,0.3076923076923077,39.0,0.0,0.0,0.13477750257464974,14.0,0.0,0.0,0.858755057141685,0.0
gtzan/gtzan_country_00075/track.npy,gtzan,1.0,0.9557992487864226,0.9557992487864226,0.9557992487864226,1.0,1.0,1.0,1.0,1.0,0.9317950467219763,0.9317950467219763,0.9317950467219763,1.0,1.0,1.0,1.0,48.0,0.0,0.0,0.06403398009851108,12.0,0.0,0.0,0.028358986481495766,0.0
gtzan/gtzan_country_00076/track.npy,gtzan,0.8571428571428571,0.7867924663782229,0.7867924663782229,0.7867924663782229,0.4,0.5,0.4,0.5,0.7857142857142856,0.7218753412254,0.7218753412254,0.7218753412254,0.4,0.4666666666666667,0.4,0.4666666666666667,54.0,0.0,0.0,0.6567172737501753,16.0,0.0,0.0,0.691368680439792,0.0
gtzan/gtzan_country_00077/track.npy,gtzan,0.6619718309859155,0.6106931031031476,0.652423844119257,0.6315584736112023,0.039473684210526314,0.23684210526315788,0.045454545454545456,0.23684210526315788,0.6842105263157895,0.6289186528372895,0.6289186528372895,0.6289186528372895,0.3157894736842105,0.5263157894736842,0.3157894736842105,0.5263157894736842,85.0,0.09523809523809523,0.09523809523809523,1.372941221857437,24.0,0.0,0.0,0.6463591862714252,0.0
gtzan/gtzan_country_00078/track.npy,gtzan,0.8771929824561403,0.6935288010638327,0.6935288010638327,0.6935288010638327,0.8620689655172413,0.8620689655172413,0.8620689655172413,0.8620689655172413,0.8571428571428571,0.5849082721779855,0.5849082721779855,0.5849082721779855,1.0,1.0,1.0,1.0,35.0,0.0,0.0,0.3417746417150358,9.0,0.0,0.0,0.28211098739034157,0.0
gtzan/gtzan_country_00079/track.npy,gtzan,1.0,0.8852248794023784,0.8852248794023784,0.8852248794023784,1.0,1.0,1.0,1.0,1.0,0.8796669025063354,0.8796669025063354,0.8796669025063354,1.0,1.0,1.0,1.0,42.0,0.0,0.0,0.06001037993363508,14.0,0.0,0.0,0.031865448547083994,0.0
gtzan/gtzan_country_00080/track.npy,gtzan,0.6666666666666666,0.6468830620894129,0.9703245931320021,0.8086038276107075,0.0,0.0,1.0,1.0,0.6875000000000001,0.6661542779626901,0.9689516770366402,0.8175529774996652,0.0,0.0,1.0,1.0,49.0,0.0,0.0,0.032789822822996084,13.0,0.0,0.0,0.020375770440037244,0.0
gtzan/gtzan_country_00081/track.npy,gtzan,1.0,0.9325063832796608,0.9325063832796608,0.9325063832796608,0.72,0.9733333333333334,0.72,0.9733333333333334,1.0,0.9369987362376937,0.9369987362376937,0.9369987362376937,1.0,1.0,1.0,1.0,90.0,0.0,0.0,0.23638877806422554,22.0,0.0,0.0,0.029852963149680556,0.0
gtzan/gtzan_country_00082/track.npy,gtzan,0.7152317880794702,0.6743465050445422,0.8965145392082889,0.7854305221264155,0.1134020618556701,0.1134020618556701,0.7962962962962963,0.7962962962962963,0.6666666666666666,0.6367169407274483,0.6367169407274483,0.6367169407274483,0.3333333333333333,0.3333333333333333,0.3333333333333333,0.3333333333333333,66.0,0.0,0.0,0.5290200294875359,29.0,0.0,0.0,1.3737055977245445,0.0
gtzan/gtzan_country_00083/track.npy,gtzan,1.0,0.9585421415101477,0.9585421415101477,0.9585421415101477,1.0,1.0,1.0,1.0,1.0,0.9559788810709702,0.9559788810709702,0.9559788810709702,1.0,1.0,1.0,1.0,37.0,0.0,0.0,0.04879016416943127,10.0,0.0,0.0,0.010054593637715832,0.0
gtzan/gtzan_country_00084/track.npy,gtzan,0.8091603053435116,0.7609277938576154,0.7609277938576154,0.7609277938576154,0.1388888888888889,0.4027777777777778,0.23728813559322035,0.4027777777777778,0.918918918918919,0.8791482427212824,0.8791482427212824,0.8791482427212824,0.5789473684210527,0.7894736842105263,0.5789473684210527,0.7894736842105263,72.0,0.11267605633802817,0.11267605633802817,1.3905955686070322,24.0,0.0,0.0,0.7062966031374355,0.0
gtzan/gtzan_country_00085/track.npy,gtzan,1.0,0.968839590667119,0.968839590667119,0.968839590667119,1.0,1.0,1.0,1.0,0.0,0.0,0.9834946108663616,0.4917473054331808,0.0,0.0,1.0,1.0,37.0,0.0,0.0,0.06274616885989978,9.0,0.0,0.0,0.006079046076383055,0.0
gtzan/gtzan_country_00086/track.npy,gtzan,0.8214285714285714,0.7673179381168499,0.7831879087176856,0.7752529234172678,0.22448979591836735,0.40816326530612246,0.2714285714285714,0.4142857142857143,0.6046511627906976,0.5644322617308408,0.5973591603349179,0.5808957110328794,0.24,0.24,0.24,0.2777777777777778,89.0,0.0,0.0,0.6539264674066648,23.0,0.0,0.0,0.673344553263766,0.0
gtzan/gtzan_country_00087/track.npy,gtzan,1.0,0.9447972336154193,0.9447972336154193,0.9447972336154193,1.0,1.0,1.0,1.0,1.0,0.9353459940681362,0.9353459940681362,0.9353459940681362,1.0,1.0,1.0,1.0,39.0,0.0,0.0,0.07691856522456639,9.0,0.0,0.0,0.33346604152451353,0.0
gtzan/gtzan_country_00088/track.npy,gtzan,1.0,0.9757093471543967,0.9757093471543967,0.9757093471543967,1.0,1.0,1.0,1.0,1.0,0.989470565951157,0.989470565951157,0.989470565951157,1.0,1.0,1.0,1.0,53.0,0.0,0.0,0.035091319811275556,13.0,0.0,0.0,0.008810629682155513,0.0
gtzan/gtzan_country_00089/track.npy,gtzan,1.0,0.9332354625992271,0.9332354625992271,0.9332354625992271,1.0,1.0,1.0,1.0,1.0,0.9768478879076966,0.9768478879076966,0.9768478879076966,1.0,1.0,1.0,1.0,37.0,0.0,0.0,0.04879016416943094,10.0,0.0,0.0,0.006079046076382133,0.0
gtzan/gtzan_country_00090/track.npy,gtzan,0.9444444444444444,0.9028969510303341,0.9028969510303341,0.9028969510303341,0.45614035087719296,0.7894736842105263,0.45614035087719296,0.7894736842105263,0.896551724137931,0.843937624885262,0.843937624885262,0.843937624885262,0.4,0.8,0.4,0.8,62.0,0.0,0.0,0.1325988805001055,16.0,0.0,0.0,0.3944501131008321,0.0
gtzan/gtzan_country_00091/track.npy,gtzan,0.5,0.4632610141112173,0.4632610141112173,0.4632610141112173,0.0,0.0,0.0,0.0,0.4,0.36800703182984945,0.5584125616805163,0.4632097967551829,0.0,0.0,0.0,0.0,58.0,0.0,0.0,0.07696104113613333,20.0,0.0,0.0,0.027529247944367147,0.0
gtzan/gtzan_country_00092/track.npy,gtzan,0.35294117647058826,0.3080590113052286,0.5922492242451914,0.45015411777521,0.3382352941176471,0.3382352941176471,0.6323529411764706,0.6323529411764706,0.35294117647058826,0.29959876807256275,0.29959876807256275,0.29959876807256275,0.5294117647058824,0.9411764705882353,0.5294117647058824,0.9411764705882353,82.0,0.0,0.0,0.11122563511022465,20.0,0.0,0.0,0.2734427799118026,0.0
gtzan/gtzan_country_00093/track.npy,gtzan,0.9428571428571428,0.7931188392399414,0.7931188392399414,0.7931188392399414,1.0,1.0,1.0,1.0,0.9565217391304348,0.7170822353378392,0.7170822353378392,0.7170822353378392,0.9166666666666666,0.9166666666666666,0.9166666666666666,0.9166666666666666,43.0,0.0,0.0,0.06062462181643358,14.0,0.0,0.0,0.046634956755065814,0.0
gtzan/gtzan_country_00094/track.npy,gtzan,1.0,0.9635374404415264,0.9635374404415264,0.9635374404415264,1.0,1.0,1.0,1.0,1.0,0.9596964356497962,0.9596964356497962,0.9596964356497962,1.0,1.0,1.0,1.0,57.0,0.0,0.0,0.03774032798285287,14.0,0.0,0.0,0.013834885795695223,0.0
gtzan/gtzan_country_00095/track.npy,gtzan,0.9473684210526315,0.8433450420727946,0.8433450420727946,0.8433450420727946,0.23684210526315788,0.8947368421052632,0.23684210526315788,0.8947368421052632,1.0,0.9576883702914913,0.9576883702914913,0.9576883702914913,1.0,1.0,1.0,1.0,45.0,0.045454545454545456,0.045454545454545456,2.044413861082979,11.0,0.0,0.0,0.007490671729157672,0.0
gtzan/gtzan_country_00096/track.npy,gtzan,1.0,0.9686597750666909,0.9686597750666909,0.9686597750666909,1.0,1.0,1.0,1.0,1.0,0.9728527709688293,0.9728527709688293,0.9728527709688293,1.0,1.0,1.0,1.0,58.0,0.0,0.0,0.048655795148997205,14.0,0.0,0.0,0.0192313619278885,0.0
gtzan/gtzan_country_00097/track.npy,gtzan,0.5079365079365079,0.48376356339148907,0.48376356339148907,0.48376356339148907,0.0,0.0,0.0,0.0,0.4210526315789474,0.3952706840554185,0.6042504675191442,0.4997605757872814,0.0,0.0,0.0,0.0,56.0,0.0,0.0,0.146968286305979,18.0,0.0,0.0,0.025001302205416742,0.0
gtzan/gtzan_country_00098/track.npy,gtzan,0.8372093023255813,0.8072977241096393,0.8072977241096393,0.8072977241096393,0.28,0.44,0.28,0.44,1.0,0.9849659750657005,0.9849659750657005,0.9849659750657005,1.0,1.0,1.0,1.0,42.0,0.0,0.0,0.7140007762173283,15.0,0.0,0.0,0.0944347545559877,0.0
gtzan/gtzan_country_00099/track.npy,gtzan,0.991869918699187,0.9639621140016731,0.9639621140016731,0.9639621140016731,0.9838709677419355,0.9838709677419355,0.9838709677419355,0.9838709677419355,1.0,0.969598047454035,0.969598047454035,0.969598047454035,1.0,1.0,1.0,1.0,74.0,0.0,0.0,0.10008345855698456,18.0,0.0,0.0,0.012270092591814302,0.0
gtzan/gtzan_disco_00000/track.npy,gtzan,1.0,0.9366842920157118,0.9366842920157118,0.9366842920157118,1.0,1.0,1.0,1.0,1.0,0.9257259691674422,0.9257259691674422,0.9257259691674422,1.0,1.0,1.0,1.0,58.0,0.0,0.0,0.07696104113612845,15.0,0.0,0.0,0.023134893867233962,0.0
gtzan/gtzan_disco_00001/track.npy,gtzan,0.6233766233766235,0.5985364016383357,0.8614362290906691,0.7299863153645023,0.0,0.0,0.288135593220339,0.6949152542372882,0.6153846153846154,0.5907789726850636,0.8533474049895363,0.7220631888372999,0.0,0.0,0.4,0.8,71.0,0.17142857142857143,0.17142857142857143,1.8718021769015807,18.0,0.23529411764705882,0.23529411764705882,3.248434627109749,0.0
gtzan/gtzan_disco_00002/track.npy,gtzan,0.5614035087719298,0.5240154148291801,0.7226301963505006,0.6233228055898403,0.0,0.0,0.05263157894736842,0.618421052631579,0.5581395348837209,0.5132505369625605,0.7119281641738743,0.6125893505682174,0.0,0.0,0.15789473684210525,0.631578947368421,91.0,0.37777777777777777,0.37777777777777777,1.8718021769015898,25.0,0.4166666666666667,0.4166666666666667,3.2580965380214577,0.0
gtzan/gtzan_disco_00003/track.npy,gtzan,1.0,0.9565136290568512,0.9565136290568512,0.9565136290568512,1.0,1.0,1.0,1.0,1.0,0.9572556852936838,0.9572556852936838,0.9572556852936838,1.0,1.0,1.0,1.0,64.0,0.0,0.0,0.08338160893905101,16.0,0.0,0.0,0.021053409197830948,0.0
gtzan/gtzan_disco_00004/track.npy,gtzan,0.9189189189189189,0.8739448943785055,0.8739448943785055,0.8739448943785055,0.26666666666666666,0.8333333333333334,0.26666666666666666,0.8333333333333334,0.5714285714285715,0.5025143085676097,0.5025143085676097,0.5025143085676097,0.26666666666666666,0.4666666666666667,0.26666666666666666,0.4666666666666667,70.0,0.13043478260869565,0.13043478260869565,1.818293765666195,17.0,0.0,0.0,0.6572418744886593,0.0
gtzan/gtzan_disco_00005/track.npy,gtzan,0.8666666666666666,0.4902969863954021,0.4902969863954021,0.4902969863954021,0.9565217391304348,0.9565217391304348,0.9565217391304348,0.9565217391304348,1.0,0.570621468222961,0.570621468222961,0.570621468222961,1.0,1.0,1.0,1.0,55.0,0.0,0.0,0.182321556793954,13.0,0.0,0.0,0.04505357887673672,0.0
gtzan/gtzan_disco_00006/track.npy,gtzan,1.0,0.8739027834074032,0.8739027834074032,0.8739027834074032,1.0,1.0,1.0,1.0,0.8148148148148148,0.7156921028218909,0.7156921028218909,0.7156921028218909,0.7142857142857143,0.7142857142857143,0.7142857142857143,0.7142857142857143,62.0,0.0,0.0,0.040821994520261584,16.0,0.0,0.0,0.2926689751598251,0.0
gtzan/gtzan_disco_00007/track.npy,gtzan,0.9814814814814815,0.6657022124978693,0.6657022124978693,0.6657022124978693,0.9814814814814815,0.9814814814814815,0.9814814814814815,0.9814814814814815,1.0,0.6614347586939455,0.6614347586939455,0.6614347586939455,1.0,1.0,1.0,1.0,65.0,0.0,0.0,0.19018186876583776,16.0,0.0,0.0,0.04390186723309433,0.0
gtzan/gtzan_disco_00008/track.npy,gtzan,1.0,0.8727973424306654,0.8727973424306654,0.8727973424306654,1.0,1.0,1.0,1.0,1.0,0.8995892010323824,0.8995892010323824,0.8995892010323824,1.0,1.0,1.0,1.0,61.0,0.0,0.0,0.08004270767353472,15.0,0.0,0.0,0.024305307384394702,0.0
gtzan/gtzan_disco_00009/track.npy,gtzan,1.0,0.9433018336476657,0.9433018336476657,0.9433018336476657,1.0,1.0,1.0,1.0,1.0,0.9226441256483018,0.9226441256483018,0.9226441256483018,1.0,1.0,1.0,1.0,65.0,0.0,0.0,0.08256620073254511,16.0,0.0,0.0,0.02520994348665352,0.0
gtzan/gtzan_disco_00010/track.npy,gtzan,1.0,0.9651734260513051,0.9651734260513051,0.9651734260513051,1.0,1.0,1.0,1.0,1.0,0.9746930053546496,0.9746930053546496,0.9746930053546496,1.0,1.0,1.0,1.0,54.0,0.0,0.0,0.07145896398214968,14.0,0.0,0.0,0.038651202147833526,0.0
gtzan/gtzan_disco_00011/track.npy,gtzan,1.0,0.9432789752957106,0.9432789752957106,0.9432789752957106,1.0,1.0,1.0,1.0,1.0,0.9543326907358145,0.9543326907358145,0.9543326907358145,1.0,1.0,1.0,1.0,47.0,0.0,0.0,0.03174869831458238,12.0,0.0,0.0,0.015748356968139844,0.0
gtzan/gtzan_disco_00012/track.npy,gtzan,0.7500000000000001,0.7110836884487858,0.7110836884487858,0.7110836884487858,0.0410958904109589,0.5342465753424658,0.0410958904109589,0.5342465753424658,0.7272727272727273,0.682921875796529,0.682921875796529,0.682921875796529,0.19047619047619047,0.47619047619047616,0.19047619047619047,0.47619047619047616,88.0,0.3563218390804598,0.3563218390804598,1.9095425048844357,26.0,0.28,0.28,3.282268783043912,0.0
gtzan/gtzan_disco_00013/track.npy,gtzan,0.9863013698630138,0.8358749519003627,0.8358749519003627,0.8358749519003627,0.972972972972973,0.972972972972973,0.972972972972973,0.972972972972973,1.0,0.9032426772959656,0.9032426772959656,0.9032426772959656,1.0,1.0,1.0,1.0,44.0,0.0,0.0,0.05884050002293223,11.0,0.0,0.0,0.01929982647214392,0.0
gtzan/gtzan_disco_00014/track.npy,gtzan,1.0,0.9322991877887348,0.9322991877887348,0.9322991877887348,1.0,1.0,1.0,1.0,1.0,0.8299881964126701,0.8299881964126701,0.8299881964126701,1.0,1.0,1.0,1.0,52.0,0.0,0.0,0.08518883221641266,13.0,0.0,0.0,0.03896902339660563,0.0
gtzan/gtzan_disco_00015/track.npy,gtzan,0.8727272727272728,0.7723065679662856,0.7723065679662856,0.7723065679662856,0.4406779661016949,0.7288135593220338,0.4406779661016949,0.7288135593220338,0.6666666666666667,0.6220682997648639,0.6220682997648639,0.6220682997648639,0.4117647058823529,0.5882352941176471,0.4117647058823529,0.5882352941176471,69.0,0.10294117647058823,0.11764705882352941,1.832581463748331,19.0,0.2222222222222222,0.2222222222222222,3.583518938456132,0.0
gtzan/gtzan_disco_00016/track.npy,gtzan,1.0,0.944429902183811,0.944429902183811,0.944429902183811,1.0,1.0,1.0,1.0,0.0,1.576366048917497e-126,0.9101375996075557,0.45506879980377785,0.0,0.0,0.9230769230769231,0.9230769230769231,62.0,0.0,0.0,0.0408219945202581,16.0,0.0,0.0,0.01380983017959503,0.0
gtzan/gtzan_disco_00017/track.npy,gtzan,0.99009900990099,0.9705572852550526,0.9705572852550526,0.9705572852550526,0.9803921568627451,0.9803921568627451,0.9803921568627451,0.9803921568627451,1.0,0.9830205909201742,0.9830205909201742,0.9830205909201742,1.0,1.0,1.0,1.0,62.0,0.0,0.0,0.08338160893905111,16.0,0.0,0.0,0.013952562094062988,0.0
gtzan/gtzan_disco_00018/track.npy,gtzan,1.0,0.965045478417871,0.965045478417871,0.965045478417871,1.0,1.0,1.0,1.0,1.0,0.9727720693455827,0.9727720693455827,0.9727720693455827,1.0,1.0,1.0,1.0,62.0,0.0,0.0,0.04082199452025613,15.0,0.0,0.0,0.010362787035546694,0.0
gtzan/gtzan_disco_00019/track.npy,gtzan,1.0,0.9499652998463928,0.9499652998463928,0.9499652998463928,1.0,1.0,1.0,1.0,0.6060606060606061,0.5787526315308563,0.5787526315308563,0.5787526315308563,0.1,0.1,0.2,0.2,59.0,0.0,0.0,0.039220713153283904,23.0,0.0,0.0,1.3962446919730584,0.0
gtzan/gtzan_disco_00020/track.npy,gtzan,0.9850746268656716,0.9352843625917666,0.9352843625917666,0.9352843625917666,0.9705882352941176,0.9705882352941176,0.9705882352941176,0.9705882352941176,0.9411764705882353,0.8899952168959416,0.8899952168959416,0.8899952168959416,0.8888888888888888,0.8888888888888888,0.8888888888888888,0.8888888888888888,40.0,0.0,0.0,0.052857256653149866,10.0,0.0,0.0,0.013245226750020711,0.0
gtzan/gtzan_disco_00021/track.npy,gtzan,0.989010989010989,0.9057960482020784,0.9057960482020784,0.9057960482020784,0.9782608695652174,0.9782608695652174,0.9782608695652174,0.9782608695652174,1.0,0.8987124662150546,0.8987124662150546,0.8987124662150546,1.0,1.0,1.0,1.0,55.0,0.0,0.0,0.08660898955536638,14.0,0.0,0.0,0.009132483563274358,0.0
gtzan/gtzan_disco_00022/track.npy,gtzan,1.0,0.9661731648050713,0.9661731648050713,0.9661731648050713,1.0,1.0,1.0,1.0,1.0,0.9695021220420493,0.9695021220420493,0.9695021220420493,1.0,1.0,1.0,1.0,60.0,0.0,0.0,0.04082199452025603,15.0,0.0,0.0,0.014030468194768372,0.0
gtzan/gtzan_disco_00023/track.npy,gtzan,0.7933884297520661,0.7462627805553548,0.7462627805553548,0.7462627805553548,0.0684931506849315,0.6575342465753424,0.0684931506849315,0.6575342465753424,0.611111111111111,0.535765431007144,0.5644784891012784,0.5501219600542112,0.08333333333333333,0.2916666666666667,0.125,0.2916666666666667,85.0,0.3333333333333333,0.3333333333333333,1.871802176901593,30.0,0.3793103448275862,0.3793103448275862,3.2513002079715103,0.0
gtzan/gtzan_disco_00024/track.npy,gtzan,1.0,0.938090514923318,0.938090514923318,0.938090514923318,1.0,1.0,1.0,1.0,1.0,0.9206405157533564,0.9206405157533564,0.9206405157533564,1.0,1.0,1.0,1.0,64.0,0.0,0.0,0.07816855301079795,16.0,0.0,0.0,0.039803968972394986,0.0
gtzan/gtzan_disco_00025/track.npy,gtzan,1.0,0.9855688706594093,0.9855688706594093,0.9855688706594093,1.0,1.0,1.0,1.0,0.14814814814814817,0.14722695003968997,0.19875638255358147,0.1729916662966357,0.0,0.0,0.07142857142857142,0.07142857142857142,62.0,0.0,0.0,0.04082199452025792,16.0,0.0,0.0,1.0848190224360412,0.0
gtzan/gtzan_disco_00026/track.npy,gtzan,0.7692307692307693,0.737544790833874,0.737544790833874,0.737544790833874,0.05,0.6125,0.05,0.6125,0.7499999999999999,0.7158907072864268,0.7158907072864268,0.7158907072864268,0.2,0.6,0.2,0.6,92.0,0.3516483516483517,0.3516483516483517,1.832581463748331,23.0,0.36363636363636365,0.36363636363636365,3.218875824868222,0.0
gtzan/gtzan_disco_00027/track.npy,gtzan,0.9565217391304348,0.8792638139580119,0.8792638139580119,0.8792638139580119,1.0,1.0,1.0,1.0,1.0,0.8062641909264158,0.8062641909264158,0.8062641909264158,1.0,1.0,1.0,1.0,56.0,0.0,0.0,0.19660925487604278,14.0,0.0,0.0,0.04609110720026709,0.0
gtzan/gtzan_disco_00028/track.npy,gtzan,1.0,0.9769599061830159,0.9769599061830159,0.9769599061830159,1.0,1.0,1.0,1.0,1.0,0.9858474764949291,0.9858474764949291,0.9858474764949291,1.0,1.0,1.0,1.0,61.0,0.0,0.0,0.04082199452025792,15.0,0.0,0.0,0.010152371464019594,0.0
gtzan/gtzan_disco_00029/track.npy,gtzan,1.0,0.8979909969672487,0.8979909969672487,0.8979909969672487,1.0,1.0,1.0,1.0,1.0,0.9291291438421293,0.9291291438421293,0.9291291438421293,1.0,1.0,1.0,1.0,53.0,0.0,0.0,0.06899287148694377,14.0,0.0,0.0,0.008733679968754926,0.0
gtzan/gtzan_disco_00030/track.npy,gtzan,0.7402597402597402,0.40415714781885564,0.40415714781885564,0.40415714781885564,0.041237113402061855,0.17525773195876287,0.041237113402061855,0.17525773195876287,0.43137254901960786,0.2254953486656357,0.3073309792998637,0.2664131639827497,0.05405405405405406,0.13513513513513514,0.05405405405405406,0.35135135135135137,114.0,0.40707964601769914,0.40707964601769914,1.4816045409241996,44.0,0.4418604651162791,0.4418604651162791,2.832022811621529,0.0
gtzan/gtzan_disco_00031/track.npy,gtzan,1.0,0.9405503044845416,0.9405503044845416,0.9405503044845416,1.0,1.0,1.0,1.0,0.0,1.5178480577975687e-123,0.9232074379994749,0.46160371899973746,0.0,0.0,0.9230769230769231,0.9230769230769231,62.0,0.0,0.0,0.32097019842271407,15.0,0.0,0.0,0.058466190380832554,0.0
gtzan/gtzan_disco_00032/track.npy,gtzan,0.9787234042553191,0.9099256455292447,0.9099256455292447,0.9099256455292447,0.9787234042553191,0.9787234042553191,0.9787234042553191,0.9787234042553191,1.0,0.9258849224404062,0.9258849224404062,0.9258849224404062,1.0,1.0,1.0,1.0,56.0,0.0,0.0,0.05046900344265628,14.0,0.0,0.0,0.018349138668196197,0.0
gtzan/gtzan_disco_00033/track.npy,gtzan,0.24299065420560748,0.2374139929781754,0.6964109608253087,0.4669124769017421,0.24074074074074073,0.24074074074074073,0.7037037037037037,0.7037037037037037,0.23076923076923078,0.2174599561235741,0.2174599561235741,0.2174599561235741,1.0,1.0,1.0,1.0,64.0,0.0,0.0,0.04255961441880263,16.0,0.0,0.0,0.021506205220963737,0.0
gtzan/gtzan_disco_00034/track.npy,gtzan,0.9818181818181818,0.9619342076710484,0.9619342076710484,0.9619342076710484,0.9818181818181818,0.9818181818181818,0.9818181818181818,0.9818181818181818,1.0,0.9776204564802344,0.9776204564802344,0.9776204564802344,1.0,1.0,1.0,1.0,66.0,0.0,0.0,0.04445176257083394,16.0,0.0,0.0,0.014712891168665584,0.0
gtzan/gtzan_disco_00035/track.npy,gtzan,0.9174311926605505,0.8594336241502922,0.8594336241502922,0.8594336241502922,0.5344827586206896,0.7931034482758621,0.5344827586206896,0.7931034482758621,0.8571428571428571,0.7579348941862755,0.7579348941862755,0.7579348941862755,0.5333333333333333,0.6666666666666666,0.5333333333333333,0.6666666666666666,69.0,0.11764705882352941,0.11764705882352941,1.6582280766035575,18.0,0.0,0.0,0.4190401588466275,0.0
gtzan/gtzan_disco_00036/track.npy,gtzan,0.650887573964497,0.3704371752238585,0.3704371752238585,0.3704371752238585,0.017857142857142856,0.017857142857142856,0.017857142857142856,0.017857142857142856,0.6666666666666666,0.3568246336746917,0.3568246336746917,0.3568246336746917,0.06666666666666667,0.5,0.06666666666666667,0.5,133.0,0.49242424242424243,0.49242424242424243,1.2237754316221365,37.0,0.5,0.5,2.8129955526765227,0.0
gtzan/gtzan_disco_00037/track.npy,gtzan,1.0,0.7778591859701746,0.7778591859701746,0.7778591859701746,1.0,1.0,1.0,1.0,1.0,0.7927146691745944,0.7927146691745944,0.7927146691745944,1.0,1.0,1.0,1.0,66.0,0.0,0.0,0.13976194237516415,16.0,0.0,0.0,0.0579778764796184,0.0
gtzan/gtzan_disco_00038/track.npy,gtzan,0.9444444444444444,0.9094390324527529,0.9094390324527529,0.9094390324527529,0.3684210526315789,0.8070175438596491,0.3684210526315789,0.8070175438596491,0.4242424242424242,0.41200566464605937,0.6945412533420225,0.5532734589940409,0.1,0.2,0.16,0.28,70.0,0.11594202898550725,0.11594202898550725,1.7917594692280545,23.0,0.18181818181818182,0.18181818181818182,3.1570004211501126,0.0
gtzan/gtzan_disco_00039/track.npy,gtzan,0.9787234042553191,0.9392787968961805,0.9392787968961805,0.9392787968961805,0.9787234042553191,0.9787234042553191,0.9787234042553191,0.9787234042553191,1.0,0.947179901715795,0.947179901715795,0.947179901715795,1.0,1.0,1.0,1.0,56.0,0.0,0.0,0.074107972153717,14.0,0.0,0.0,0.013402731802965188,0.0
gtzan/gtzan_disco_00040/track.npy,gtzan,0.8976377952755905,0.5687743092273853,0.5687743092273853,0.5687743092273853,0.2,0.6714285714285714,0.2,0.6714285714285714,0.8571428571428571,0.6119310550259763,0.6119310550259763,0.6119310550259763,0.2,0.75,0.2,0.75,82.0,0.16049382716049382,0.16049382716049382,1.43741052607109,23.0,0.22727272727272727,0.22727272727272727,2.8213788864092164,0.0
gtzan/gtzan_disco_00041/track.npy,gtzan,0.5753424657534247,0.5658450444895331,0.5658450444895331,0.5658450444895331,0.058823529411764705,0.1568627450980392,0.058823529411764705,0.1568627450980392,0.5882352941176471,0.5812293329170599,0.8867959858002205,0.7340126593586402,0.0,0.0,1.0,1.0,59.0,0.13793103448275862,0.13793103448275862,2.2745791723554,14.0,0.0,0.0,0.0838146582672185,0.0
gtzan/gtzan_disco_00042/track.npy,gtzan,0.9885057471264368,0.8847188034382635,0.8847188034382635,0.8847188034382635,0.9772727272727273,0.9772727272727273,0.9772727272727273,0.9772727272727273,1.0,0.888009002540966,0.888009002540966,0.888009002540966,1.0,1.0,1.0,1.0,52.0,0.0,0.0,0.06899287148694999,13.0,0.0,0.0,0.03053340310726599,0.0
gtzan/gtzan_disco_00043/track.npy,gtzan,1.0,0.9709670362347419,0.9709670362347419,0.9709670362347419,1.0,1.0,1.0,1.0,1.0,0.9816418145277971,0.9816418145277971,0.9816418145277971,1.0,1.0,1.0,1.0,64.0,0.0,0.0,0.04255961441879885,16.0,0.0,0.0,0.01439902738243651,0.0
gtzan/gtzan_disco_00044/track.npy,gtzan,1.0,0.9853343380263633,0.9853343380263633,0.9853343380263633,1.0,1.0,1.0,1.0,1.0,0.9819599195439684,0.9819599195439684,0.9819599195439684,1.0,1.0,1.0,1.0,61.0,0.0,0.0,0.04082199452025829,15.0,0.0,0.0,0.010256500167190107,0.0
gtzan/gtzan_disco_00045/track.npy,gtzan,0.9357798165137614,0.9220151826198661,0.9220151826198661,0.9220151826198661,0.29310344827586204,0.8275862068965517,0.29310344827586204,0.8275862068965517,0.962962962962963,0.9509071416274056,0.9509071416274056,0.9509071416274056,0.5714285714285714,0.9285714285714286,0.5714285714285714,0.9285714285714286,71.0,0.12857142857142856,0.12857142857142856,1.791759469228077,16.0,0.06666666666666667,0.06666666666666667,3.171585864890333,0.0
gtzan/gtzan_disco_00046/track.npy,gtzan,1.0,0.9667439277760611,0.9667439277760611,0.9667439277760611,1.0,1.0,1.0,1.0,1.0,0.9606825141123831,0.9606825141123831,0.9606825141123831,1.0,1.0,1.0,1.0,61.0,0.0,0.0,0.040821994520261584,15.0,0.0,0.0,0.01403046819477086,0.0
gtzan/gtzan_disco_00047/track.npy,gtzan,0.08888888888888889,0.0828861862363385,0.10037306844065728,0.09162962733849789,0.08333333333333333,0.125,0.125,0.125,0.0,0.002170874700579092,0.0023993878269558382,0.002285131263767465,0.0,0.0,0.0625,0.0625,29.0,0.0,0.0,1.3248200880600962,20.0,0.0,0.0,0.9181307310319569,0.0
gtzan/gtzan_disco_00048/track.npy,gtzan,1.0,0.9271924904626374,0.9271924904626374,0.9271924904626374,1.0,1.0,1.0,1.0,1.0,0.937157798160887,0.937157798160887,0.937157798160887,1.0,1.0,1.0,1.0,51.0,0.0,0.0,0.03390155167568665,13.0,0.0,0.0,0.008438868645864794,0.0
gtzan/gtzan_disco_00049/track.npy,gtzan,1.0,0.9677960097488959,0.9677960097488959,0.9677960097488959,1.0,1.0,1.0,1.0,1.0,0.9760340470706838,0.9760340470706838,0.9760340470706838,1.0,1.0,1.0,1.0,60.0,0.0,0.0,0.04082199452025426,15.0,0.0,0.0,0.009950330853167965,0.0
gtzan/gtzan_disco_00050/track.npy,gtzan,0.989010989010989,0.9502694596991724,0.9502694596991724,0.9502694596991724,0.9782608695652174,0.9782608695652174,0.9782608695652174,0.9782608695652174,1.0,0.96636509570261,0.96636509570261,0.96636509570261,1.0,1.0,1.0,1.0,55.0,0.0,0.0,0.03636764417088045,14.0,0.0,0.0,0.017398698692359996,0.0
gtzan/gtzan_disco_00051/track.npy,gtzan,0.9777777777777777,0.9145189799538711,0.9145189799538711,0.9145189799538711,0.9565217391304348,0.9565217391304348,0.9565217391304348,0.9565217391304348,0.9565217391304348,0.9234166376745471,0.9234166376745471,0.9234166376745471,0.9166666666666666,0.9166666666666666,0.9166666666666666,0.9166666666666666,55.0,0.0,0.0,0.03636764417088045,14.0,0.0,0.0,0.017398698692359247,0.0
gtzan/gtzan_disco_00052/track.npy,gtzan,1.0,0.9046488698117071,0.9046488698117071,0.9046488698117071,1.0,1.0,1.0,1.0,1.0,0.8957689549773767,0.8957689549773767,0.8957689549773767,1.0,1.0,1.0,1.0,63.0,0.0,0.0,0.04255961441880263,16.0,0.0,0.0,0.021053409197830712,0.0
gtzan/gtzan_disco_00053/track.npy,gtzan,0.7719298245614035,0.41477204237331566,0.41477204237331566,0.41477204237331566,0.2807017543859649,0.8771929824561403,0.2807017543859649,0.8771929824561403,0.7857142857142857,0.5351489937744546,0.5351489937744546,0.5351489937744546,1.0,1.0,1.0,1.0,69.0,0.0,0.0,0.18843513277207535,17.0,0.0,0.0,0.05049611960507302,0.0
gtzan/gtzan_disco_00054/track.npy,gtzan,1.0,0.953874792810652,0.953874792810652,0.953874792810652,1.0,1.0,1.0,1.0,1.0,0.9278805540853065,0.9278805540853065,0.9278805540853065,1.0,1.0,1.0,1.0,57.0,0.0,0.0,0.03774032798285287,14.0,0.0,0.0,0.019048194970694148,0.0
gtzan/gtzan_disco_00055/track.npy,gtzan,1.0,0.8120782675121537,0.8120782675121537,0.8120782675121537,1.0,1.0,1.0,1.0,1.0,0.728120595466553,0.728120595466553,0.728120595466553,1.0,1.0,1.0,1.0,65.0,0.0,0.0,0.12414721217947026,16.0,0.0,0.0,0.02950607854611318,0.0
gtzan/gtzan_disco_00056/track.npy,gtzan,1.0,0.9599915176714089,0.9599915176714089,0.9599915176714089,1.0,1.0,1.0,1.0,1.0,0.9679728293276217,0.9679728293276217,0.9679728293276217,1.0,1.0,1.0,1.0,44.0,0.0,0.0,0.05739112317927005,11.0,0.0,0.0,0.007380107297622507,0.0
gtzan/gtzan_disco_00057/track.npy,gtzan,1.0,0.9575354229198602,0.9575354229198602,0.9575354229198602,1.0,1.0,1.0,1.0,1.0,0.9464151445401394,0.9464151445401394,0.9464151445401394,1.0,1.0,1.0,1.0,59.0,0.0,0.0,0.039220713153283904,15.0,0.0,0.0,0.009852296443013109,0.0
gtzan/gtzan_disco_00058/track.npy,gtzan,1.0,0.9799025312694669,0.9799025312694669,0.9799025312694669,1.0,1.0,1.0,1.0,1.0,0.9718797435897651,0.9718797435897651,0.9718797435897651,1.0,1.0,1.0,1.0,66.0,0.0,0.0,0.0806274348268032,17.0,0.0,0.0,0.010965300228508612,0.0
gtzan/gtzan_disco_00059/track.npy,gtzan,1.0,0.9679949454787611,0.9679949454787611,0.9679949454787611,1.0,1.0,1.0,1.0,1.0,0.9668082777240729,0.9668082777240729,0.9668082777240729,1.0,1.0,1.0,1.0,63.0,0.0,0.0,0.04255961441880263,15.0,0.0,0.0,0.014616414681513853,0.0
gtzan/gtzan_disco_00060/track.npy,gtzan,1.0,0.8270668617746914,0.8270668617746914,0.8270668617746914,1.0,1.0,1.0,1.0,1.0,0.7113924838986,0.7113924838986,0.7113924838986,1.0,1.0,1.0,1.0,64.0,0.0,0.0,0.16537795006123054,16.0,0.0,0.0,0.03243527575315408,0.0
gtzan/gtzan_disco_00061/track.npy,gtzan,1.0,0.9777398948789712,0.9777398948789712,0.9777398948789712,1.0,1.0,1.0,1.0,1.0,0.9857261581761028,0.9857261581761028,0.9857261581761028,1.0,1.0,1.0,1.0,63.0,0.0,0.0,0.042559614418795966,16.0,0.0,0.0,0.010471299867296136,0.0
gtzan/gtzan_disco_00062/track.npy,gtzan,0.989010989010989,0.9669654710024651,0.9669654710024651,0.9669654710024651,0.9782608695652174,0.9782608695652174,0.9782608695652174,0.9782608695652174,1.0,0.9599447159430228,0.9599447159430228,0.9599447159430228,1.0,1.0,1.0,1.0,55.0,0.0,0.0,0.03636764417088045,14.0,0.0,0.0,0.018182319083190214,0.0
gtzan/gtzan_disco_00063/track.npy,gtzan,1.0,0.9751728350958436,0.9751728350958436,0.9751728350958436,1.0,1.0,1.0,1.0,1.0,0.97056581175731,0.97056581175731,0.97056581175731,1.0,1.0,1.0,1.0,65.0,0.0,0.0,0.08701137698963138,16.0,0.0,0.0,0.021739986636406767,0.0
gtzan/gtzan_disco_00064/track.npy,gtzan,1.0,0.9762997978634445,0.9762997978634445,0.9762997978634445,1.0,1.0,1.0,1.0,1.0,0.9717727943674266,0.9717727943674266,0.9717727943674266,1.0,1.0,1.0,1.0,61.0,0.0,0.0,0.04082199452025829,15.0,0.0,0.0,0.020408871631206547,0.0
gtzan/gtzan_disco_00065/track.npy,gtzan,1.0,0.9383408168899824,0.9383408168899824,0.9383408168899824,1.0,1.0,1.0,1.0,1.0,0.9181049610329407,0.9181049610329407,0.9181049610329407,1.0,1.0,1.0,1.0,66.0,0.0,0.0,0.08701137698962733,16.0,0.0,0.0,0.022223136784709125,0.0
gtzan/gtzan_disco_00066/track.npy,gtzan,1.0,0.9716705373161564,0.9716705373161564,0.9716705373161564,1.0,1.0,1.0,1.0,1.0,0.9708546930084881,0.9708546930084881,0.9708546930084881,1.0,1.0,1.0,1.0,67.0,0.0,0.0,0.044451762570840825,16.0,0.0,0.0,0.011173300598126046,0.0
gtzan/gtzan_disco_00067/track.npy,gtzan,1.0,0.9543403328919977,0.9543403328919977,0.9543403328919977,1.0,1.0,1.0,1.0,1.0,0.9541234639645637,0.9541234639645637,0.9541234639645637,1.0,1.0,1.0,1.0,50.0,0.0,0.0,0.03390155167568665,12.0,0.0,0.0,0.008368249670516841,0.0
gtzan/gtzan_disco_00068/track.npy,gtzan,1.0,0.9000911708418855,0.9000911708418855,0.9000911708418855,1.0,1.0,1.0,1.0,1.0,0.8429092150193916,0.8429092150193916,0.8429092150193916,1.0,1.0,1.0,1.0,54.0,0.0,0.0,0.07145896398213997,13.0,0.0,0.0,0.017859041301039658,0.0
gtzan/gtzan_disco_00069/track.npy,gtzan,0.9263157894736842,0.8917316052558358,0.8917316052558358,0.8917316052558358,0.6078431372549019,0.7254901960784313,0.6078431372549019,0.7254901960784313,0.9166666666666666,0.8804315493458531,0.8804315493458531,0.8804315493458531,0.38461538461538464,0.6923076923076923,0.38461538461538464,0.6923076923076923,61.0,0.0,0.0,0.6931471805599441,17.0,0.0,0.0,0.6841785105771857,0.0
gtzan/gtzan_disco_00070/track.npy,gtzan,1.0,0.9230555571076685,0.9230555571076685,0.9230555571076685,1.0,1.0,1.0,1.0,1.0,0.9245207403815572,0.9245207403815572,0.9245207403815572,1.0,1.0,1.0,1.0,55.0,0.0,0.0,0.036367644170877234,14.0,0.0,0.0,0.02242156465215947,0.0
gtzan/gtzan_disco_00071/track.npy,gtzan,1.0,0.9750518899298466,0.9750518899298466,0.9750518899298466,1.0,1.0,1.0,1.0,1.0,0.9877021054850212,0.9877021054850212,0.9877021054850212,1.0,1.0,1.0,1.0,57.0,0.0,0.0,0.03774032798285398,14.0,0.0,0.0,0.009478743954544556,0.0
gtzan/gtzan_disco_00072/track.npy,gtzan,0.8702290076335879,0.7922886331692435,0.7922886331692435,0.7922886331692435,0.5675675675675675,0.581081081081081,0.5675675675675675,0.581081081081081,0.7272727272727273,0.6511689771693148,0.6511689771693148,0.6511689771693148,0.5789473684210527,0.5789473684210527,0.5789473684210527,0.5789473684210527,86.0,0.058823529411764705,0.2,0.5835610333570994,22.0,0.0,0.0,0.4689298269910342,0.0
gtzan/gtzan_disco_00073/track.npy,gtzan,1.0,0.9693976304651534,0.9693976304651534,0.9693976304651534,1.0,1.0,1.0,1.0,1.0,0.9729836465930196,0.9729836465930196,0.9729836465930196,1.0,1.0,1.0,1.0,57.0,0.0,0.0,0.03774032798285287,14.0,0.0,0.0,0.009478743954545288,0.0
gtzan/gtzan_disco_00074/track.npy,gtzan,1.0,0.967516599835662,0.967516599835662,0.967516599835662,1.0,1.0,1.0,1.0,1.0,0.9603578524754659,0.9603578524754659,0.9603578524754659,1.0,1.0,1.0,1.0,56.0,0.0,0.0,0.07410797215372356,14.0,0.0,0.0,0.018692133012152425,0.0
gtzan/gtzan_disco_00075/track.npy,gtzan,1.0,0.9656239343163516,0.9656239343163516,0.9656239343163516,1.0,1.0,1.0,1.0,1.0,0.9588945942755067,0.9588945942755067,0.9588945942755067,1.0,1.0,1.0,1.0,67.0,0.0,0.0,0.08701137698962769,17.0,0.0,0.0,0.033152207316900065,0.0
gtzan/gtzan_disco_00076/track.npy,gtzan,1.0,0.9818768423412884,0.9818768423412884,0.9818768423412884,1.0,1.0,1.0,1.0,0.5517241379310345,0.5481926194965054,0.676706610416503,0.6124496149565042,0.3125,0.4375,0.3125,0.4375,63.0,0.0,0.0,0.04255961441880263,20.0,0.0,0.0,1.1271856611121658,0.0
gtzan/gtzan_disco_00077/track.npy,gtzan,0.9896907216494846,0.9644964247507558,0.9644964247507558,0.9644964247507558,0.9795918367346939,0.9795918367346939,0.9795918367346939,0.9795918367346939,0.9600000000000001,0.9248514346910572,0.9248514346910572,0.9248514346910572,0.9230769230769231,0.9230769230769231,0.9230769230769231,0.9230769230769231,59.0,0.0,0.0,0.03922071315328459,15.0,0.0,0.0,0.019418085857102807,0.0
gtzan/gtzan_disco_00078/track.npy,gtzan,1.0,0.9506106051924461,0.9506106051924461,0.9506106051924461,1.0,1.0,1.0,1.0,1.0,0.9143182614702181,0.9143182614702181,0.9143182614702181,1.0,1.0,1.0,1.0,59.0,0.0,0.0,0.09729788698305211,14.0,0.0,0.0,0.23024797290583127,0.0
gtzan/gtzan_disco_00079/track.npy,gtzan,1.0,0.9798092522330782,0.9798092522330782,0.9798092522330782,1.0,1.0,1.0,1.0,1.0,0.9853429514495595,0.9853429514495595,0.9853429514495595,1.0,1.0,1.0,1.0,61.0,0.0,0.0,0.04082199452025829,16.0,0.0,0.0,0.010050335853501392,0.0
gtzan/gtzan_disco_00080/track.npy,gtzan,1.0,0.9499373344452522,0.9499373344452522,0.9499373344452522,1.0,1.0,1.0,1.0,1.0,0.9365310645086291,0.9365310645086291,0.9365310645086291,1.0,1.0,1.0,1.0,50.0,0.0,0.0,0.06453852113756964,13.0,0.0,0.0,0.012346306295186404,0.0
gtzan/gtzan_disco_00081/track.npy,gtzan,0.9906542056074767,0.9126596492649661,0.9126596492649661,0.9126596492649661,0.8888888888888888,0.9629629629629629,0.8888888888888888,0.9629629629629629,0.962962962962963,0.8686342736203712,0.8686342736203712,0.8686342736203712,0.9285714285714286,0.9285714285714286,0.9285714285714286,0.9285714285714286,64.0,0.0,0.0,0.17176583389215125,16.0,0.0,0.0,0.02902685636024179,0.0
gtzan/gtzan_disco_00082/track.npy,gtzan,1.0,0.8947764037424428,0.8947764037424428,0.8947764037424428,1.0,1.0,1.0,1.0,1.0,0.9153872462933516,0.9153872462933516,0.9153872462933516,1.0,1.0,1.0,1.0,62.0,0.0,0.0,0.0408219945202581,15.0,0.0,0.0,0.010256500167190707,0.0
gtzan/gtzan_disco_00083/track.npy,gtzan,0.9320388349514563,0.9164772293854256,0.9164772293854256,0.9164772293854256,0.7454545454545455,0.7454545454545455,0.7454545454545455,0.7454545454545455,0.6666666666666667,0.6514524438456619,0.8485962660137059,0.7500243549296839,0.14285714285714285,0.14285714285714285,0.34782608695652173,0.6521739130434783,73.0,0.0,0.0,0.6190392084062243,26.0,0.0,0.0,1.3833816482413248,0.0
gtzan/gtzan_disco_00084/track.npy,gtzan,1.0,0.9584780494175871,0.9584780494175871,0.9584780494175871,1.0,1.0,1.0,1.0,1.0,0.9470270250663972,0.9470270250663972,0.9470270250663972,1.0,1.0,1.0,1.0,57.0,0.0,0.0,0.03774032798285287,14.0,0.0,0.0,0.013834885795695794,0.0
gtzan/gtzan_disco_00085/track.npy,gtzan,1.0,0.9734322803793402,0.9734322803793402,0.9734322803793402,1.0,1.0,1.0,1.0,1.0,0.9675020328672382,0.9675020328672382,0.9675020328672382,1.0,1.0,1.0,1.0,62.0,0.0,0.0,0.04082199452025792,16.0,0.0,0.0,0.003589775058517427,0.0
gtzan/gtzan_disco_00086/track.npy,gtzan,1.0,0.9628558616525471,0.9628558616525471,0.9628558616525471,1.0,1.0,1.0,1.0,1.0,0.9827588903918959,0.9827588903918959,0.9827588903918959,1.0,1.0,1.0,1.0,63.0,0.0,0.0,0.04255961441879885,16.0,0.0,0.0,0.014023095434700414,0.0
gtzan/gtzan_disco_00087/track.npy,gtzan,1.0,0.9368760415703091,0.9368760415703091,0.9368760415703091,1.0,1.0,1.0,1.0,1.0,0.9638946416842008,0.9638946416842008,0.9638946416842008,1.0,1.0,1.0,1.0,53.0,0.0,0.0,0.05391330407651196,13.0,0.0,0.0,0.0220664170837786,0.0
gtzan/gtzan_disco_00088/track.npy,gtzan,1.0,0.9543674926465662,0.9543674926465662,0.9543674926465662,1.0,1.0,1.0,1.0,1.0,0.9550941922703273,0.9550941922703273,0.9550941922703273,1.0,1.0,1.0,1.0,62.0,0.0,0.0,0.04082199452025613,15.0,0.0,0.0,0.01036278703554816,0.0
gtzan/gtzan_disco_00089/track.npy,gtzan,0.9908256880733944,0.8799415056074626,0.8799415056074626,0.8799415056074626,0.9818181818181818,0.9818181818181818,0.9818181818181818,0.9818181818181818,0.962962962962963,0.7293350353849201,0.7293350353849201,0.7293350353849201,0.9285714285714286,0.9285714285714286,0.9285714285714286,0.9285714285714286,65.0,0.0,0.0,0.17435338714477366,17.0,0.0,0.0,0.035609908552314495,0.0
gtzan/gtzan_disco_00090/track.npy,gtzan,1.0,0.9744384262102428,0.9744384262102428,0.9744384262102428,1.0,1.0,1.0,1.0,1.0,0.9639837957043705,0.9639837957043705,0.9639837957043705,1.0,1.0,1.0,1.0,64.0,0.0,0.0,0.04255961441879885,16.0,0.0,0.0,0.010695289116747775,0.0
gtzan/gtzan_disco_00091/track.npy,gtzan,1.0,0.9683850160097336,0.9683850160097336,0.9683850160097336,1.0,1.0,1.0,1.0,1.0,0.9708880812044353,0.9708880812044353,0.9708880812044353,1.0,1.0,1.0,1.0,50.0,0.0,0.0,0.03390155167568665,12.0,0.0,0.0,0.012932591218598346,0.0
gtzan/gtzan_disco_00092/track.npy,gtzan,1.0,0.9282495202286483,0.9282495202286483,0.9282495202286483,1.0,1.0,1.0,1.0,1.0,0.9278479038093024,0.9278479038093024,0.9278479038093024,1.0,1.0,1.0,1.0,58.0,0.0,0.0,0.0769610411361272,14.0,0.0,0.0,0.019315387696034476,0.0
gtzan/gtzan_disco_00093/track.npy,gtzan,1.0,0.9757636489134099,0.9757636489134099,0.9757636489134099,1.0,1.0,1.0,1.0,1.0,0.9631811663071861,0.9631811663071861,0.9631811663071861,1.0,1.0,1.0,1.0,55.0,0.0,0.0,0.03774032798284745,13.0,0.0,0.0,0.013954394058538211,0.0
gtzan/gtzan_disco_00094/track.npy,gtzan,1.0,0.7595417971955353,0.7595417971955353,0.7595417971955353,1.0,1.0,1.0,1.0,0.0,1.780901885671521e-89,0.6818254293816997,0.3409127146908498,0.0,0.0,1.0,1.0,70.0,0.0,0.0,0.26014914761966773,17.0,0.0,0.0,0.061171561068263644,0.0
gtzan/gtzan_disco_00095/track.npy,gtzan,1.0,0.928677888197442,0.928677888197442,0.928677888197442,1.0,1.0,1.0,1.0,1.0,0.886162127132435,0.886162127132435,0.886162127132435,1.0,1.0,1.0,1.0,60.0,0.0,0.0,0.040821994520261584,15.0,0.0,0.0,0.02020270731751932,0.0
gtzan/gtzan_disco_00096/track.npy,gtzan,1.0,0.9323532173065674,0.9323532173065674,0.9323532173065674,1.0,1.0,1.0,1.0,1.0,0.9412154234201074,0.9412154234201074,0.9412154234201074,1.0,1.0,1.0,1.0,51.0,0.0,0.0,0.03390155167568665,13.0,0.0,0.0,0.008583743691391255,0.0
gtzan/gtzan_disco_00097/track.npy,gtzan,1.0,0.9756784703157738,0.9756784703157738,0.9756784703157738,1.0,1.0,1.0,1.0,1.0,0.989080892414849,0.989080892414849,0.989080892414849,1.0,1.0,1.0,1.0,66.0,0.0,0.0,0.08701137698962988,17.0,0.0,0.0,0.025054937492381024,0.0
gtzan/gtzan_disco_00098/track.npy,gtzan,0.9902912621359222,0.840977022395153,0.840977022395153,0.840977022395153,0.9807692307692307,0.9807692307692307,0.9807692307692307,0.9807692307692307,1.0,0.8465117655241519,0.8465117655241519,0.8465117655241519,1.0,1.0,1.0,1.0,62.0,0.0,0.0,0.040821994520259794,15.0,0.0,0.0,0.010194022945286974,0.0
gtzan/gtzan_disco_00099/track.npy,gtzan,0.9902912621359222,0.8310723657964824,0.8310723657964824,0.8310723657964824,0.9807692307692307,0.9807692307692307,0.9807692307692307,0.9807692307692307,1.0,0.8333618445013025,0.8333618445013025,0.8333618445013025,1.0,1.0,1.0,1.0,62.0,0.0,0.0,0.040821994520259794,15.0,0.0,0.0,0.010194022945286974,0.0
gtzan/gtzan_hiphop_00000/track.npy,gtzan,1.0,0.9677325724951583,0.9677325724951583,0.9677325724951583,1.0,1.0,1.0,1.0,1.0,0.9715034480142037,0.9715034480142037,0.9715034480142037,1.0,1.0,1.0,1.0,60.0,0.0,0.0,0.08004270767353472,15.0,0.0,0.0,0.009950330853168632,0.0
gtzan/gtzan_hiphop_00001/track.npy,gtzan,0.9870129870129869,0.8864903560927766,0.8864903560927766,0.8864903560927766,0.9743589743589743,0.9743589743589743,0.9743589743589743,0.9743589743589743,1.0,0.8861080798849436,0.8861080798849436,0.8861080798849436,1.0,1.0,1.0,1.0,45.0,0.0,0.0,0.06062462181643516,11.0,0.0,0.0,0.02730908080366596,0.0
gtzan/gtzan_hiphop_00002/track.npy,gtzan,1.0,0.9074251317946583,0.9074251317946583,0.9074251317946583,1.0,1.0,1.0,1.0,1.0,0.870854152232903,0.870854152232903,0.870854152232903,1.0,1.0,1.0,1.0,50.0,0.0,0.0,0.06669137449867313,12.0,0.0,0.0,0.008298802814694861,0.0
gtzan/gtzan_hiphop_00003/track.npy,gtzan,0.9873417721518987,0.969825668525072,0.969825668525072,0.969825668525072,0.975,0.975,0.975,0.975,0.0,4.972774231293998e-224,0.9424205072291137,0.4712102536145569,0.0,0.0,0.9,0.9,46.0,0.0,0.0,0.03077165866675558,12.0,0.0,0.0,0.004280177243130676,0.0
gtzan/gtzan_hiphop_00004/track.npy,gtzan,1.0,0.9792533634672249,0.9792533634672249,0.9792533634672249,1.0,1.0,1.0,1.0,0.0,6.60250715781118e-207,0.9381876633224596,0.4690938316612298,0.0,0.0,0.9,0.9,48.0,0.0,0.0,0.0566013465589275,12.0,0.0,0.0,1.0325074129013949e-15,0.0
gtzan/gtzan_hiphop_00005/track.npy,gtzan,0.9747899159663865,0.8826068545311624,0.8826068545311624,0.8826068545311624,0.9666666666666667,0.9666666666666667,0.9666666666666667,0.9666666666666667,0.9333333333333333,0.8925662318008057,0.8925662318008057,0.8925662318008057,1.0,1.0,1.0,1.0,70.0,0.0,0.0,0.09531017980432906,18.0,0.0,0.0,0.026734658634515823,0.0
gtzan/gtzan_hiphop_00006/track.npy,gtzan,0.9879518072289156,0.9682103984105589,0.9682103984105589,0.9682103984105589,0.9761904761904762,0.9761904761904762,0.9761904761904762,0.9761904761904762,0.0,1.9294172647963243e-189,0.8779606118561996,0.4389803059280998,0.0,0.0,0.8181818181818182,0.8181818181818182,50.0,0.0,0.0,0.06669137449866491,13.0,0.0,0.0,0.012517651077862457,0.0
gtzan/gtzan_hiphop_00007/track.npy,gtzan,0.8623853211009174,0.8328233490956605,0.8328233490956605,0.8328233490956605,0.23728813559322035,0.7966101694915254,0.23728813559322035,0.7966101694915254,0.8571428571428571,0.8469580601804605,0.8469580601804605,0.8469580601804605,0.3333333333333333,0.8666666666666667,0.3333333333333333,0.8666666666666667,70.0,0.14492753623188406,0.14492753623188406,1.8182937656662277,17.0,0.125,0.125,3.2088254890147048,0.0
gtzan/gtzan_hiphop_00008/track.npy,gtzan,0.9859154929577464,0.871591479263683,0.871591479263683,0.871591479263683,0.9722222222222222,0.9722222222222222,0.9722222222222222,0.9722222222222222,0.4761904761904762,0.4380121266764854,0.4380121266764854,0.4380121266764854,0.25,0.25,0.25,0.25,42.0,0.0,0.0,0.08455738802806134,15.0,0.0,0.0,1.0058134292114913,0.0
gtzan/gtzan_hiphop_00009/track.npy,gtzan,0.9655172413793104,0.8892757287398732,0.8892757287398732,0.8892757287398732,0.9545454545454546,0.9545454545454546,0.9545454545454546,0.9545454545454546,0.9523809523809523,0.8482949571904518,0.8482949571904518,0.8482949571904518,0.9090909090909091,0.9090909090909091,0.9090909090909091,0.9090909090909091,52.0,0.0,0.0,0.06899287148694999,13.0,0.0,0.0,0.00858374369139181,0.0
gtzan/gtzan_hiphop_00010/track.npy,gtzan,0.9876543209876543,0.9290939695910246,0.9290939695910246,0.9290939695910246,0.975609756097561,0.975609756097561,0.975609756097561,0.975609756097561,1.0,0.9746027849816059,0.9746027849816059,0.9746027849816059,1.0,1.0,1.0,1.0,48.0,0.0,0.0,0.0645385211375723,12.0,0.0,0.0,0.01241466500431134,0.0
gtzan/gtzan_hiphop_00011/track.npy,gtzan,0.9534883720930233,0.9266771859218316,0.9266771859218316,0.9266771859218316,0.4666666666666667,0.8222222222222222,0.4666666666666667,0.8222222222222222,0.8695652173913044,0.8300109830700952,0.8300109830700952,0.8300109830700952,0.5384615384615384,0.6153846153846154,0.5384615384615384,0.6153846153846154,58.0,0.0,0.0,0.7013446362656961,19.0,0.0,0.0,0.7048074070379179,0.0
gtzan/gtzan_hiphop_00012/track.npy,gtzan,0.9879518072289156,0.9323689350927278,0.9323689350927278,0.9323689350927278,0.9761904761904762,0.9761904761904762,0.9761904761904762,0.9761904761904762,1.0,0.9378415005039598,0.9378415005039598,0.9378415005039598,1.0,1.0,1.0,1.0,49.0,0.0,0.0,0.06453852113757383,12.0,0.0,0.0,0.020847275403618006,0.0
gtzan/gtzan_hiphop_00013/track.npy,gtzan,1.0,0.9683773238788385,0.9683773238788385,0.9683773238788385,1.0,1.0,1.0,1.0,1.0,0.9721822210898462,0.9721822210898462,0.9721822210898462,1.0,1.0,1.0,1.0,51.0,0.0,0.0,0.03390155167568665,13.0,0.0,0.0,0.012730123990841391,0.0
gtzan/gtzan_hiphop_00014/track.npy,gtzan,0.9821428571428571,0.9271771923441287,0.9271771923441287,0.9271771923441287,1.0,1.0,1.0,1.0,0.9285714285714286,0.9025242993140485,0.9025242993140485,0.9025242993140485,1.0,1.0,1.0,1.0,67.0,0.0,0.0,0.09097177820571678,17.0,0.0,0.0,0.05712382416276541,0.0
gtzan/gtzan_hiphop_00015/track.npy,gtzan,1.0,0.9083774702249133,0.9083774702249133,0.9083774702249133,1.0,1.0,1.0,1.0,1.0,0.8962051374563622,0.8962051374563622,0.8962051374563622,1.0,1.0,1.0,1.0,50.0,0.0,0.0,0.0666913744986708,12.0,0.0,0.0,0.008230499136515301,0.0
gtzan/gtzan_hiphop_00016/track.npy,gtzan,1.0,0.9594127876589846,0.9594127876589846,0.9594127876589846,1.0,1.0,1.0,1.0,1.0,0.9424372890033526,0.9424372890033526,0.9424372890033526,1.0,1.0,1.0,1.0,51.0,0.0,0.0,0.03390155167568665,13.0,0.0,0.0,0.008438868645865516,0.0
gtzan/gtzan_hiphop_00017/track.npy,gtzan,0.9876543209876543,0.9590163754363233,0.9590163754363233,0.9590163754363233,0.975609756097561,0.975609756097561,0.975609756097561,0.975609756097561,1.0,0.9719054486050739,0.9719054486050739,0.9719054486050739,1.0,1.0,1.0,1.0,49.0,0.0,0.0,0.032789822822992656,12.0,0.0,0.0,0.0162605208717805,0.0
gtzan/gtzan_hiphop_00018/track.npy,gtzan,0.8210526315789474,0.6762506382686553,0.6762506382686553,0.6762506382686553,0.49019607843137253,0.7254901960784313,0.49019607843137253,0.7254901960784313,0.5142857142857142,0.4801915374518565,0.632746374818214,0.5564689561350353,0.08333333333333333,0.08333333333333333,0.16666666666666666,0.4583333333333333,60.0,0.0,0.06779661016949153,1.244150087443659,28.0,0.0,0.0,1.4394744017508814,0.0
gtzan/gtzan_hiphop_00019/track.npy,gtzan,1.0,0.9517754512119732,0.9517754512119732,0.9517754512119732,1.0,1.0,1.0,1.0,1.0,0.9287265770462745,0.9287265770462745,0.9287265770462745,1.0,1.0,1.0,1.0,51.0,0.0,0.0,0.033901551675685405,13.0,0.0,0.0,0.016807118316380487,0.0
gtzan/gtzan_hiphop_00020/track.npy,gtzan,0.9072164948453607,0.8605895390515673,0.8605895390515673,0.8605895390515673,0.7142857142857143,0.9591836734693877,0.7142857142857143,0.9591836734693877,0.8799999999999999,0.8220187940475202,0.8220187940475202,0.8220187940475202,0.9230769230769231,0.9230769230769231,0.9230769230769231,0.9230769230769231,58.0,0.0,0.0,0.15490335062489619,14.0,0.0,0.0,0.06690644036358487,0.0
gtzan/gtzan_hiphop_00021/track.npy,gtzan,1.0,0.9708225212655469,0.9708225212655469,0.9708225212655469,1.0,1.0,1.0,1.0,1.0,0.9766744533541635,0.9766744533541635,0.9766744533541635,1.0,1.0,1.0,1.0,50.0,0.0,0.0,0.06669137449867674,12.0,0.0,0.0,0.008438868645864406,0.0
gtzan/gtzan_hiphop_00022/track.npy,gtzan,1.0,0.9632072394476183,0.9632072394476183,0.9632072394476183,1.0,1.0,1.0,1.0,1.0,0.9508233291388503,0.9508233291388503,0.9508233291388503,1.0,1.0,1.0,1.0,50.0,0.0,0.0,0.06669137449866686,13.0,0.0,0.0,0.01680711831638082,0.0
gtzan/gtzan_hiphop_00023/track.npy,gtzan,0.9873417721518987,0.9394764424633282,0.9394764424633282,0.9394764424633282,0.975,0.975,0.975,0.975,1.0,0.9596200716315779,0.9596200716315779,0.9596200716315779,1.0,1.0,1.0,1.0,47.0,0.0,0.0,0.06252035698133512,12.0,0.0,0.0,0.007843177461026174,0.0
gtzan/gtzan_hiphop_00024/track.npy,gtzan,1.0,0.9711480169992467,0.9711480169992467,0.9711480169992467,1.0,1.0,1.0,1.0,1.0,0.9779365547433382,0.9779365547433382,0.9779365547433382,1.0,1.0,1.0,1.0,51.0,0.0,0.0,0.05405135262371029,13.0,0.0,0.0,0.021241430159469332,0.0
gtzan/gtzan_hiphop_00025/track.npy,gtzan,1.0,0.9372255435563783,0.9372255435563783,0.9372255435563783,1.0,1.0,1.0,1.0,1.0,0.9589062228824848,0.9589062228824848,0.9589062228824848,1.0,1.0,1.0,1.0,53.0,0.0,0.0,0.08840973981998762,13.0,0.0,0.0,0.017699577099402175,0.0
gtzan/gtzan_hiphop_00026/track.npy,gtzan,1.0,0.8817417815959058,0.8817417815959058,0.8817417815959058,1.0,1.0,1.0,1.0,1.0,0.7953920297158693,0.7953920297158693,0.7953920297158693,1.0,1.0,1.0,1.0,52.0,0.0,0.0,0.12085449798951267,13.0,0.0,0.0,0.017021995836536297,0.0
gtzan/gtzan_hiphop_00027/track.npy,gtzan,1.0,0.9637393630495363,0.9637393630495363,0.9637393630495363,1.0,1.0,1.0,1.0,0.0,7.56673152493384e-227,0.9405902217681749,0.47029511088408743,0.0,0.0,1.0,1.0,46.0,0.0,0.0,0.06062462181643358,11.0,0.0,0.0,0.007604599385219468,0.0
gtzan/gtzan_hiphop_00028/track.npy,gtzan,0.7894736842105263,0.5709522701093613,0.5709522701093613,0.5709522701093613,1.0,1.0,1.0,1.0,0.6666666666666666,0.43199971906755813,0.43199971906755813,0.43199971906755813,1.0,1.0,1.0,1.0,45.0,0.0,0.0,0.11441035117774434,11.0,0.0,0.0,0.044650866604517336,0.0
gtzan/gtzan_hiphop_00029/track.npy,gtzan,1.0,0.9793528667326667,0.9793528667326667,0.9793528667326667,1.0,1.0,1.0,1.0,1.0,0.9858156641150616,0.9858156641150616,0.9858156641150616,1.0,1.0,1.0,1.0,48.0,0.0,0.0,0.06252035698133257,12.0,0.0,0.0,0.012029265793706731,0.0
gtzan/gtzan_hiphop_00030/track.npy,gtzan,0.6622516556291391,0.6246534580199862,0.6390147895436209,0.6318341237818035,0.5,0.6447368421052632,0.5,0.6447368421052632,0.5263157894736842,0.5072468450917855,0.5072468450917855,0.5072468450917855,0.8421052631578947,0.8421052631578947,0.8421052631578947,0.8421052631578947,91.0,0.0,0.011111111111111112,0.1823215567939509,22.0,0.0,0.0,0.12789592977450373,0.0
gtzan/gtzan_hiphop_00031/track.npy,gtzan,1.0,0.9596720872445523,0.9596720872445523,0.9596720872445523,1.0,1.0,1.0,1.0,1.0,0.9482221272706868,0.9482221272706868,0.9482221272706868,1.0,1.0,1.0,1.0,50.0,0.0,0.0,0.06669137449867257,12.0,0.0,0.0,0.008368249670516841,0.0
gtzan/gtzan_hiphop_00032/track.npy,gtzan,0.9879518072289156,0.6802021417767041,0.6802021417767041,0.6802021417767041,0.9761904761904762,0.9761904761904762,0.9761904761904762,0.9761904761904762,1.0,0.7418830311867506,0.7418830311867506,0.7418830311867506,1.0,1.0,1.0,1.0,51.0,0.0,0.0,0.035091319811273114,13.0,0.0,0.0,0.037184075839531094,0.0
gtzan/gtzan_hiphop_00033/track.npy,gtzan,1.0,0.9291384362148668,0.9291384362148668,0.9291384362148668,1.0,1.0,1.0,1.0,1.0,0.9556467092133415,0.9556467092133415,0.9556467092133415,1.0,1.0,1.0,1.0,49.0,0.0,0.0,0.09531017980432775,12.0,0.0,0.0,0.016260520871780648,0.0
gtzan/gtzan_hiphop_00034/track.npy,gtzan,0.926829268292683,0.7799766274509345,0.7799766274509345,0.7799766274509345,0.9512195121951219,0.975609756097561,0.9512195121951219,0.975609756097561,0.9,0.8212867767933956,0.8212867767933956,0.8212867767933956,1.0,1.0,1.0,1.0,50.0,0.0,0.0,0.06669137449867313,12.0,0.0,0.0,0.026035961096837194,0.0
gtzan/gtzan_hiphop_00035/track.npy,gtzan,1.0,0.9679554498840317,0.9679554498840317,0.9679554498840317,1.0,1.0,1.0,1.0,1.0,0.9594181542629889,0.9594181542629889,0.9594181542629889,1.0,1.0,1.0,1.0,43.0,0.0,0.0,0.0555698511548145,11.0,0.0,0.0,0.00701757265864722,0.0
gtzan/gtzan_hiphop_00036/track.npy,gtzan,1.0,0.9011995670804968,0.9011995670804968,0.9011995670804968,1.0,1.0,1.0,1.0,1.0,0.9048066859058378,0.9048066859058378,0.9048066859058378,1.0,1.0,1.0,1.0,58.0,0.0,0.0,0.15569867238923868,15.0,0.0,0.0,0.0386157018231831,0.0
gtzan/gtzan_hiphop_00037/track.npy,gtzan,1.0,0.9730235551624906,0.9730235551624906,0.9730235551624906,1.0,1.0,1.0,1.0,1.0,0.9783447560139279,0.9783447560139279,0.9783447560139279,1.0,1.0,1.0,1.0,38.0,0.0,0.0,0.08322943670521518,10.0,0.0,0.0,0.15350165480247982,0.0
gtzan/gtzan_hiphop_00038/track.npy,gtzan,1.0,0.9766108363528131,0.9766108363528131,0.9766108363528131,1.0,1.0,1.0,1.0,1.0,0.9843052248316129,0.9843052248316129,0.9843052248316129,1.0,1.0,1.0,1.0,42.0,0.0,0.0,0.032264306824242237,11.0,0.0,0.0,0.007604599385219934,0.0
gtzan/gtzan_hiphop_00039/track.npy,gtzan,1.0,0.9749892227848846,0.9749892227848846,0.9749892227848846,1.0,1.0,1.0,1.0,1.0,0.9652755954553562,0.9652755954553562,0.9652755954553562,1.0,1.0,1.0,1.0,49.0,0.0,0.0,0.031748698314585266,13.0,0.0,0.0,0.015873349156290184,0.0
gtzan/gtzan_hiphop_00040/track.npy,gtzan,1.0,0.921785265002424,0.921785265002424,0.921785265002424,1.0,1.0,1.0,1.0,1.0,0.968630963574363,0.968630963574363,0.968630963574363,1.0,1.0,1.0,1.0,41.0,0.0,0.0,0.0779615414697104,10.0,0.0,0.0,0.01333353086946546,0.0
gtzan/gtzan_hiphop_00041/track.npy,gtzan,0.9873417721518987,0.9505173987673525,0.9505173987673525,0.9505173987673525,0.975,0.975,0.975,0.975,1.0,0.928223881790801,0.928223881790801,0.928223881790801,1.0,1.0,1.0,1.0,50.0,0.0,0.0,0.20519089827856732,12.0,0.0,0.0,0.2974859335749937,0.0
gtzan/gtzan_hiphop_00042/track.npy,gtzan,1.0,0.7597326746424863,0.7597326746424863,0.7597326746424863,1.0,1.0,1.0,1.0,0.0,4.3807753832434986e-219,0.6856729208779463,0.34283646043897315,0.0,0.0,0.9,0.9,47.0,0.0,0.0,0.06062462181643358,12.0,0.0,0.0,0.019366385030665293,0.0
gtzan/gtzan_hiphop_00043/track.npy,gtzan,1.0,0.9357791643271899,0.9357791643271899,0.9357791643271899,1.0,1.0,1.0,1.0,1.0,0.9244717016531092,0.9244717016531092,0.9244717016531092,1.0,1.0,1.0,1.0,47.0,0.0,0.0,0.20842118784556013,12.0,0.0,0.0,0.12128372247684106,0.0
gtzan/gtzan_hiphop_00044/track.npy,gtzan,0.7526881720430109,0.6167496167554025,0.6167496167554025,0.6167496167554025,0.5,0.54,0.5,0.54,0.22222222222222224,0.12628046126061387,0.13588085014905654,0.1310806557048352,0.07142857142857142,0.07142857142857142,0.07142857142857142,0.07142857142857142,43.0,0.0,0.0,0.4248831939652715,14.0,0.0,0.0,0.7341613927766433,0.0
gtzan/gtzan_hiphop_00045/track.npy,gtzan,1.0,0.9749892227848846,0.9749892227848846,0.9749892227848846,1.0,1.0,1.0,1.0,1.0,0.9652755954553562,0.9652755954553562,0.9652755954553562,1.0,1.0,1.0,1.0,49.0,0.0,0.0,0.031748698314585266,13.0,0.0,0.0,0.015873349156290184,0.0
gtzan/gtzan_hiphop_00046/track.npy,gtzan,0.975609756097561,0.9477516299083583,0.9477516299083583,0.9477516299083583,0.975609756097561,0.975609756097561,0.975609756097561,0.975609756097561,0.9090909090909091,0.8869139702269563,0.8869139702269563,0.8869139702269563,1.0,1.0,1.0,1.0,49.0,0.0,0.0,0.064538521137571,13.0,0.0,0.0,0.028050141332617462,0.0
gtzan/gtzan_hiphop_00047/track.npy,gtzan,0.9876543209876543,0.9665569932083189,0.9665569932083189,0.9665569932083189,0.975609756097561,0.975609756097561,0.975609756097561,0.975609756097561,1.0,0.9802543942398667,0.9802543942398667,0.9802543942398667,1.0,1.0,1.0,1.0,48.0,0.0,0.0,0.03278982282299164,12.0,0.0,0.0,0.008097210232620555,0.0
gtzan/gtzan_hiphop_00048/track.npy,gtzan,1.0,0.9660676741415025,0.9660676741415025,0.9660676741415025,1.0,1.0,1.0,1.0,1.0,0.9538894680532062,0.9538894680532062,0.9538894680532062,1.0,1.0,1.0,1.0,49.0,0.0,0.0,0.05501391164319658,12.0,0.0,0.0,0.012514904666114315,0.0
gtzan/gtzan_hiphop_00049/track.npy,gtzan,0.9523809523809523,0.9238079212317303,0.9238079212317303,0.9238079212317303,0.7619047619047619,0.9285714285714286,0.7619047619047619,0.9285714285714286,0.9090909090909091,0.8664130070179688,0.8664130070179688,0.8664130070179688,1.0,1.0,1.0,1.0,51.0,0.0,0.0,0.03390155167568665,13.0,0.0,0.0,0.01694955831377365,0.0
gtzan/gtzan_hiphop_00050/track.npy,gtzan,0.9879518072289156,0.903787499167544,0.903787499167544,0.903787499167544,0.9761904761904762,0.9761904761904762,0.9761904761904762,0.9761904761904762,1.0,0.9240184723345879,0.9240184723345879,0.9240184723345879,1.0,1.0,1.0,1.0,49.0,0.0,0.0,0.06453852113757087,12.0,0.0,0.0,0.01272031998805406,0.0
gtzan/gtzan_hiphop_00051/track.npy,gtzan,1.0,0.8726386213298145,0.8726386213298145,0.8726386213298145,1.0,1.0,1.0,1.0,1.0,0.8940925957488333,0.8940925957488333,0.8940925957488333,1.0,1.0,1.0,1.0,53.0,0.0,0.0,0.0689928714869546,13.0,0.0,0.0,0.021873341022465576,0.0
gtzan/gtzan_hiphop_00052/track.npy,gtzan,1.0,0.9428402976425357,0.9428402976425357,0.9428402976425357,1.0,1.0,1.0,1.0,1.0,0.9797171671874263,0.9797171671874263,0.9797171671874263,1.0,1.0,1.0,1.0,53.0,0.0,0.0,0.06899287148694694,13.0,0.0,0.0,0.008733679968755625,0.0
gtzan/gtzan_hiphop_00053/track.npy,gtzan,1.0,0.9834070592971985,0.9834070592971985,0.9834070592971985,1.0,1.0,1.0,1.0,1.0,0.9969991430116477,0.9969991430116477,0.9969991430116477,1.0,1.0,1.0,1.0,55.0,0.0,0.0,0.03636764417088045,13.0,0.0,0.0,1.6653345369377348e-15,0.0
gtzan/gtzan_hiphop_00054/track.npy,gtzan,0.7777777777777777,0.7686565677898096,0.7686565677898096,0.7686565677898096,0.08064516129032258,0.7258064516129032,0.08064516129032258,0.7258064516129032,0.8799999999999999,0.861993684906077,0.861993684906077,0.861993684906077,0.6153846153846154,0.9230769230769231,0.6153846153846154,0.9230769230769231,73.0,0.2222222222222222,0.2222222222222222,1.8718021769016069,15.0,0.07142857142857142,0.07142857142857142,3.2694717121496715,0.0
gtzan/gtzan_hiphop_00055/track.npy,gtzan,1.0,0.9608677699524019,0.9608677699524019,0.9608677699524019,1.0,1.0,1.0,1.0,1.0,0.9499958469113766,0.9499958469113766,0.9499958469113766,1.0,1.0,1.0,1.0,41.0,0.0,0.0,0.027398974188118708,10.0,0.0,0.0,0.006825965070401008,0.0
gtzan/gtzan_hiphop_00056/track.npy,gtzan,1.0,0.9841318765605177,0.9841318765605177,0.9841318765605177,1.0,1.0,1.0,1.0,0.0,1.8458790245070234e-188,0.9570902426568868,0.4785451213284434,0.0,0.0,1.0,1.0,50.0,0.0,0.0,0.03390155167568665,12.0,0.0,0.0,1.4432899320127035e-15,0.0
gtzan/gtzan_hiphop_00057/track.npy,gtzan,0.989247311827957,0.8197421366112086,0.8197421366112086,0.8197421366112086,0.9787234042553191,0.9787234042553191,0.9787234042553191,0.9787234042553191,1.0,0.7261176116663596,0.7261176116663596,0.7261176116663596,1.0,1.0,1.0,1.0,55.0,0.0,0.0,0.12488757722630514,14.0,0.0,0.0,0.018349138668196097,0.0
gtzan/gtzan_hiphop_00058/track.npy,gtzan,0.9736842105263158,0.8874961947091667,0.8874961947091667,0.8874961947091667,1.0,1.0,1.0,1.0,1.0,0.8075337815310409,0.8075337815310409,0.8075337815310409,1.0,1.0,1.0,1.0,46.0,0.0,0.0,0.06062462181643523,11.0,0.0,0.0,0.015151805020603315,0.0
gtzan/gtzan_hiphop_00059/track.npy,gtzan,1.0,0.9426488197788945,0.9426488197788945,0.9426488197788945,1.0,1.0,1.0,1.0,1.0,0.9675339053500854,0.9675339053500854,0.9675339053500854,1.0,1.0,1.0,1.0,46.0,0.0,0.0,0.030771658666758572,11.0,0.0,0.0,0.007662872745569205,0.0
gtzan/gtzan_hiphop_00060/track.npy,gtzan,1.0,0.9126381503091655,0.9126381503091655,0.9126381503091655,1.0,1.0,1.0,1.0,1.0,0.9246269904687874,0.9246269904687874,0.9246269904687874,1.0,1.0,1.0,1.0,46.0,0.0,0.0,0.030771658666758572,11.0,0.0,0.0,0.007547205635383425,0.0
gtzan/gtzan_hiphop_00061/track.npy,gtzan,1.0,0.9559293789421025,0.9559293789421025,0.9559293789421025,1.0,1.0,1.0,1.0,1.0,0.9689918738916505,0.9689918738916505,0.9689918738916505,1.0,1.0,1.0,1.0,46.0,0.0,0.0,0.06252035698133519,12.0,0.0,0.0,0.015504186535966302,0.0
gtzan/gtzan_hiphop_00062/track.npy,gtzan,0.9736842105263158,0.9337045237587994,0.9337045237587994,0.9337045237587994,1.0,1.0,1.0,1.0,0.0,2.2494136430966027e-203,0.77240557961775,0.386202789808875,0.0,0.0,0.8,0.8,46.0,0.0,0.0,0.0927677551637305,12.0,0.0,0.0,0.040015306219421544,0.0
gtzan/gtzan_hiphop_00063/track.npy,gtzan,1.0,0.9708406084302342,0.9708406084302342,0.9708406084302342,1.0,1.0,1.0,1.0,0.0,8.393323775920465e-218,0.8737435487052019,0.43687177435260094,0.0,0.0,0.8,0.8,47.0,0.0,0.0,0.06252035698133487,12.0,0.0,0.0,0.00784317746102684,0.0
gtzan/gtzan_hiphop_00064/track.npy,gtzan,0.9859154929577464,0.963888401234996,0.963888401234996,0.963888401234996,0.9722222222222222,0.9722222222222222,0.9722222222222222,0.9722222222222222,1.0,0.985564014672605,0.985564014672605,0.985564014672605,1.0,1.0,1.0,1.0,44.0,0.0,0.0,0.05715841383994978,11.0,0.0,0.0,0.007168489478612816,0.0
gtzan/gtzan_hiphop_00065/track.npy,gtzan,0.9195402298850576,0.9025350780103663,0.9025350780103663,0.9025350780103663,0.3404255319148936,0.723404255319149,0.3404255319148936,0.723404255319149,0.8695652173913044,0.8555837489626816,0.8555837489626816,0.8555837489626816,0.46153846153846156,0.46153846153846156,0.46153846153846156,0.46153846153846156,56.0,0.01818181818181818,0.01818181818181818,0.7949298748698874,17.0,0.0,0.0,0.6955568320691249,0.0
gtzan/gtzan_hiphop_00066/track.npy,gtzan,0.9736842105263158,0.947261339842328,0.947261339842328,0.947261339842328,0.9487179487179487,0.9487179487179487,0.9487179487179487,0.9487179487179487,1.0,0.9839349541341194,0.9839349541341194,0.9839349541341194,1.0,1.0,1.0,1.0,46.0,0.0,0.0,0.06062462181643358,11.0,0.0,0.0,0.012225632376700754,0.0
gtzan/gtzan_hiphop_00067/track.npy,gtzan,1.0,0.9753969047405657,0.9753969047405657,0.9753969047405657,1.0,1.0,1.0,1.0,1.0,0.9883306861863819,0.9883306861863819,0.9883306861863819,1.0,1.0,1.0,1.0,49.0,0.0,0.0,0.05501391164319744,12.0,0.0,0.0,0.00809721023261969,0.0
gtzan/gtzan_hiphop_00068/track.npy,gtzan,1.0,0.9663168160383583,0.9663168160383583,0.9663168160383583,1.0,1.0,1.0,1.0,1.0,0.9538948093632579,0.9538948093632579,0.9538948093632579,1.0,1.0,1.0,1.0,49.0,0.0,0.0,0.06453852113756905,13.0,0.0,0.0,0.01619495140083177,0.0
gtzan/gtzan_hiphop_00069/track.npy,gtzan,0.9767441860465116,0.804511531767258,0.804511531767258,0.804511531767258,0.9767441860465116,0.9767441860465116,0.9767441860465116,0.9767441860465116,1.0,0.8027611034936414,0.8027611034936414,0.8027611034936414,1.0,1.0,1.0,1.0,51.0,0.0,0.0,0.03390155167568665,13.0,0.0,0.0,0.012730123990841391,0.0
gtzan/gtzan_hiphop_00070/track.npy,gtzan,1.0,0.975969507451215,0.975969507451215,0.975969507451215,1.0,1.0,1.0,1.0,1.0,0.9802694018712892,0.9802694018712892,0.9802694018712892,1.0,1.0,1.0,1.0,49.0,0.0,0.0,0.06453852113756986,12.0,0.0,0.0,0.012414665004311584,0.0
gtzan/gtzan_hiphop_00071/track.npy,gtzan,0.9620253164556962,0.9148486869571342,0.9148486869571342,0.9148486869571342,0.975,0.975,0.975,0.975,0.0,2.647035307559249e-192,0.9089014235511781,0.45445071177558904,0.0,0.0,0.9,0.9,48.0,0.0,0.0,0.05508772344174734,12.0,0.0,0.0,0.008003370775624819,0.0
gtzan/gtzan_hiphop_00072/track.npy,gtzan,1.0,0.9562858986628715,0.9562858986628715,0.9562858986628715,1.0,1.0,1.0,1.0,1.0,0.9637443273255506,0.9637443273255506,0.9637443273255506,1.0,1.0,1.0,1.0,49.0,0.0,0.0,0.032789822822996084,12.0,0.0,0.0,0.01639380977567571,0.0
gtzan/gtzan_hiphop_00073/track.npy,gtzan,0.7722772277227723,0.7511004609162731,0.7511004609162731,0.7511004609162731,0.24193548387096775,0.4032258064516129,0.24193548387096775,0.4032258064516129,0.7692307692307693,0.7458708333142329,0.8322659435356881,0.7890683884249605,0.1875,0.25,0.21052631578947367,0.5789473684210527,70.0,0.13043478260869565,0.13043478260869565,1.7712632409136642,18.0,0.058823529411764705,0.058823529411764705,2.740457854484001,0.0
gtzan/gtzan_hiphop_00074/track.npy,gtzan,1.0,0.9112808969498564,0.9112808969498564,0.9112808969498564,1.0,1.0,1.0,1.0,1.0,0.8605845504971958,0.8605845504971958,0.8605845504971958,1.0,1.0,1.0,1.0,50.0,0.0,0.0,0.0659378758222903,13.0,0.0,0.0,0.03348007778905143,0.0
gtzan/gtzan_hiphop_00075/track.npy,gtzan,1.0,0.9700986922260559,0.9700986922260559,0.9700986922260559,1.0,1.0,1.0,1.0,0.631578947368421,0.5964070854376127,0.6402732699583308,0.6183401776979718,0.6,0.6,0.6,0.6,46.0,0.0,0.0,0.06062462181643358,12.0,0.0,0.0,0.6778797084291567,0.0
gtzan/gtzan_hiphop_00076/track.npy,gtzan,1.0,0.9169537771236879,0.9169537771236879,0.9169537771236879,1.0,1.0,1.0,1.0,1.0,0.9112515238587285,0.9112515238587285,0.9112515238587285,1.0,1.0,1.0,1.0,49.0,0.0,0.0,0.08741498730911075,12.0,0.0,0.0,0.008163310639160759,0.0
gtzan/gtzan_hiphop_00077/track.npy,gtzan,0.7706422018348624,0.6815092315336991,0.6815092315336991,0.6815092315336991,0.11666666666666667,0.5333333333333333,0.11666666666666667,0.5333333333333333,0.47058823529411764,0.3649316819914117,0.37879155834403944,0.37186162016772556,0.047619047619047616,0.14285714285714285,0.047619047619047616,0.14285714285714285,69.0,0.16176470588235295,0.17647058823529413,1.8600359629555896,24.0,0.17391304347826086,0.17391304347826086,3.013534634119473,0.0
gtzan/gtzan_hiphop_00078/track.npy,gtzan,1.0,0.9169537771236879,0.9169537771236879,0.9169537771236879,1.0,1.0,1.0,1.0,1.0,0.9112515238587285,0.9112515238587285,0.9112515238587285,1.0,1.0,1.0,1.0,49.0,0.0,0.0,0.08741498730911075,12.0,0.0,0.0,0.008163310639160759,0.0
gtzan/gtzan_hiphop_00079/track.npy,gtzan,0.9772727272727273,0.9058682188563435,0.9058682188563435,0.9058682188563435,1.0,1.0,1.0,1.0,1.0,0.9102052493085119,0.9102052493085119,0.9102052493085119,1.0,1.0,1.0,1.0,53.0,0.0,0.0,0.10549099313746882,14.0,0.0,0.0,0.03006505705515043,0.0
gtzan/gtzan_hiphop_00080/track.npy,gtzan,0.6595744680851063,0.5530141982579779,0.5530141982579779,0.5530141982579779,0.25925925925925924,0.4444444444444444,0.25925925925925924,0.4444444444444444,0.34782608695652173,0.3157252150010668,0.3157252150010668,0.3157252150010668,0.23076923076923078,0.3076923076923077,0.23076923076923078,0.3076923076923077,63.0,0.016129032258064516,0.08064516129032258,1.2163953243244907,16.0,0.0,0.0,0.7425729782556689,0.0
gtzan/gtzan_hiphop_00081/track.npy,gtzan,0.988235294117647,0.9117403807289765,0.9117403807289765,0.9117403807289765,0.9767441860465116,0.9767441860465116,0.9767441860465116,0.9767441860465116,1.0,0.8759376177761269,0.8759376177761269,0.8759376177761269,1.0,1.0,1.0,1.0,52.0,0.0,0.0,0.0689928714869547,13.0,0.0,0.0,0.012730123990841169,0.0
gtzan/gtzan_hiphop_00082/track.npy,gtzan,1.0,0.8840800966406367,0.8840800966406367,0.8840800966406367,1.0,1.0,1.0,1.0,1.0,0.869755935021865,0.869755935021865,0.869755935021865,1.0,1.0,1.0,1.0,53.0,0.0,0.0,0.08840973981998834,13.0,0.0,0.0,0.017544309650908363,0.0
gtzan/gtzan_hiphop_00083/track.npy,gtzan,1.0,0.9223721569376164,0.9223721569376164,0.9223721569376164,1.0,1.0,1.0,1.0,1.0,0.9060860617873895,0.9060860617873895,0.9060860617873895,1.0,1.0,1.0,1.0,52.0,0.0,0.0,0.06899287148695239,13.0,0.0,0.0,0.017241806434506513,0.0
gtzan/gtzan_hiphop_00084/track.npy,gtzan,0.7850467289719626,0.6572697503282786,0.6572697503282786,0.6572697503282786,0.2,0.55,0.2,0.55,0.7586206896551724,0.6492046061994002,0.6492046061994002,0.6492046061994002,0.35294117647058826,0.5294117647058824,0.35294117647058826,0.5294117647058824,70.0,0.043478260869565216,0.15942028985507245,1.2557490903461244,19.0,0.0,0.05555555555555555,1.9068322982087673,0.0
gtzan/gtzan_hiphop_00085/track.npy,gtzan,1.0,0.8717471031693362,0.8717471031693362,0.8717471031693362,1.0,1.0,1.0,1.0,1.0,0.890952733482634,0.890952733482634,0.890952733482634,1.0,1.0,1.0,1.0,56.0,0.0,0.0,0.07410797215372468,14.0,0.0,0.0,0.013326272708396703,0.0
gtzan/gtzan_hiphop_00086/track.npy,gtzan,1.0,0.9683044623544842,0.9683044623544842,0.9683044623544842,1.0,1.0,1.0,1.0,1.0,0.9660000160627643,0.9660000160627643,0.9660000160627643,1.0,1.0,1.0,1.0,49.0,0.0,0.0,0.032789822822996084,12.0,0.0,0.0,0.008230499136516745,0.0
gtzan/gtzan_hiphop_00087/track.npy,gtzan,1.0,0.9579756700014255,0.9579756700014255,0.9579756700014255,1.0,1.0,1.0,1.0,1.0,0.952529862563097,0.952529862563097,0.952529862563097,1.0,1.0,1.0,1.0,51.0,0.0,0.0,0.03390155167568665,13.0,0.0,0.0,0.008438868645865849,0.0
gtzan/gtzan_hiphop_00088/track.npy,gtzan,1.0,0.9784623202943946,0.9784623202943946,0.9784623202943946,1.0,1.0,1.0,1.0,1.0,0.9829756200140961,0.9829756200140961,0.9829756200140961,1.0,1.0,1.0,1.0,58.0,0.0,0.0,0.07696104113612678,14.0,0.0,0.0,0.009661910911738403,0.0
gtzan/gtzan_hiphop_00089/track.npy,gtzan,0.9904761904761905,0.9665573272226942,0.9665573272226942,0.9665573272226942,0.9811320754716981,0.9811320754716981,0.9811320754716981,0.9811320754716981,1.0,0.97733769454845,0.97733769454845,0.97733769454845,1.0,1.0,1.0,1.0,64.0,0.0,0.0,0.08338160893905111,16.0,0.0,0.0,0.014247064284090484,0.0
gtzan/gtzan_hiphop_00090/track.npy,gtzan,1.0,0.9680930692259494,0.9680930692259494,0.9680930692259494,1.0,1.0,1.0,1.0,1.0,0.9758142788244021,0.9758142788244021,0.9758142788244021,1.0,1.0,1.0,1.0,58.0,0.0,0.0,0.07696104113612845,15.0,0.0,0.0,0.009569451016152253,0.0
gtzan/gtzan_hiphop_00091/track.npy,gtzan,1.0,0.9304200694531776,0.9304200694531776,0.9304200694531776,1.0,1.0,1.0,1.0,1.0,0.918729169177483,0.918729169177483,0.918729169177483,1.0,1.0,1.0,1.0,51.0,0.0,0.0,0.03390155167568665,13.0,0.0,0.0,0.012730123990841113,0.0
gtzan/gtzan_hiphop_00092/track.npy,gtzan,1.0,0.918124516660934,0.918124516660934,0.918124516660934,1.0,1.0,1.0,1.0,1.0,0.8760316175179749,0.8760316175179749,0.8760316175179749,1.0,1.0,1.0,1.0,57.0,0.0,0.0,0.07696104113612678,14.0,0.0,0.0,0.009478743954543133,0.0
gtzan/gtzan_hiphop_00093/track.npy,gtzan,1.0,0.9795732148591832,0.9795732148591832,0.9795732148591832,1.0,1.0,1.0,1.0,1.0,0.9718081924827072,0.9718081924827072,0.9718081924827072,1.0,1.0,1.0,1.0,59.0,0.0,0.0,0.039220713153287345,15.0,0.0,0.0,0.009852296443010555,0.0
gtzan/gtzan_hiphop_00094/track.npy,gtzan,0.8493150684931507,0.7872967868487396,0.7872967868487396,0.7872967868487396,0.2619047619047619,0.47619047619047616,0.2619047619047619,0.47619047619047616,0.5925925925925926,0.5536879013203908,0.7933343579772533,0.6735111296488221,0.0,0.0,0.42105263157894735,0.6842105263157895,51.0,0.0,0.0,0.7178397931503145,25.0,0.0,0.0,0.7406258203361807,0.0
gtzan/gtzan_hiphop_00095/track.npy,gtzan,1.0,0.9677801308790283,0.9677801308790283,0.9677801308790283,1.0,1.0,1.0,1.0,1.0,0.954177702047439,0.954177702047439,0.954177702047439,1.0,1.0,1.0,1.0,56.0,0.0,0.0,0.07410797215372678,14.0,0.0,0.0,0.01851904776723732,0.0
gtzan/gtzan_hiphop_00096/track.npy,gtzan,0.8125,0.729741687460606,0.729741687460606,0.729741687460606,0.47058823529411764,0.6666666666666666,0.47058823529411764,0.6666666666666666,0.88,0.7709243594628419,0.7709243594628419,0.7709243594628419,0.35714285714285715,0.6428571428571429,0.35714285714285715,0.6428571428571429,62.0,0.01639344262295082,0.01639344262295082,0.7756078569468269,17.0,0.0,0.0,0.49636470284554834,0.0
gtzan/gtzan_hiphop_00097/track.npy,gtzan,0.9215686274509803,0.8194762802394904,0.8194762802394904,0.8194762802394904,0.7636363636363637,0.7636363636363637,0.7636363636363637,0.7636363636363637,0.8333333333333333,0.7437052678409334,0.7437052678409334,0.7437052678409334,0.7692307692307693,0.7692307692307693,0.7692307692307693,0.7692307692307693,64.0,0.015873015873015872,0.12698412698412698,0.5871655389022025,16.0,0.0,0.0,0.4033082300766066,0.0
gtzan/gtzan_hiphop_00098/track.npy,gtzan,1.0,0.9445813183061312,0.9445813183061312,0.9445813183061312,1.0,1.0,1.0,1.0,1.0,0.9721925797959682,0.9721925797959682,0.9721925797959682,1.0,1.0,1.0,1.0,54.0,0.0,0.0,0.07145896398214668,14.0,0.0,0.0,0.008810629682154885,0.0
gtzan/gtzan_hiphop_00099/track.npy,gtzan,0.989010989010989,0.8650518382519233,0.8650518382519233,0.8650518382519233,0.9782608695652174,0.9782608695652174,0.9782608695652174,0.9782608695652174,0.0,6.685816460170985e-159,0.8279373926735641,0.41396869633678207,0.0,0.0,0.8333333333333334,0.8333333333333334,55.0,0.0,0.0,0.07145896398214968,14.0,0.0,0.0,0.01801850550267947,0.0
gtzan/gtzan_jazz_00000/track.npy,gtzan,0.36363636363636365,0.29718862239501304,0.4609747557242619,0.37908168905963746,0.11764705882352941,0.16176470588235295,0.11764705882352941,0.3088235294117647,0.12,0.10042132389565923,0.15607423094643585,0.12824777742104754,0.0,0.0,0.0,0.0,80.0,0.10126582278481013,0.16455696202531644,0.8686146852207726,42.0,0.0975609756097561,0.14634146341463414,1.546334192729969,0.0
gtzan/gtzan_jazz_00001/track.npy,gtzan,0.3373493975903614,0.2513286268185951,0.3608331062541879,0.3060808665363915,0.037037037037037035,0.037037037037037035,0.1111111111111111,0.21052631578947367,0.1081081081081081,0.055811643695968,0.13424808486546558,0.09502986428071679,0.0,0.0,0.0,0.0,64.0,0.1111111111111111,0.15873015873015872,1.7422117576905236,34.0,0.030303030303030304,0.030303030303030304,1.6442652226748957,0.0
gtzan/gtzan_jazz_00002/track.npy,gtzan,0.5384615384615384,0.4334728863917603,0.4334728863917603,0.4334728863917603,0.0975609756097561,0.1951219512195122,0.13513513513513514,0.21621621621621623,0.35714285714285715,0.26977086368863235,0.29251115499000035,0.28114100933931635,0.16666666666666666,0.16666666666666666,0.16666666666666666,0.2631578947368421,45.0,0.11363636363636363,0.13636363636363635,1.9430113953679644,23.0,0.045454545454545456,0.09090909090909091,2.197224577336218,0.0
gtzan/gtzan_jazz_00004/track.npy,gtzan,0.7916666666666666,0.6004680464515215,0.6004680464515215,0.6004680464515215,0.6153846153846154,0.6153846153846154,0.6153846153846154,0.6153846153846154,0.7999999999999999,0.5768971094947329,0.5768971094947329,0.5768971094947329,0.625,0.625,0.625,0.625,29.0,0.0,0.0,0.6959744154520833,10.0,0.0,0.0,0.4359634121788198,0.0
gtzan/gtzan_jazz_00005/track.npy,gtzan,0.6504065040650406,0.5786923080706284,0.7830867059644299,0.6808895070175291,0.10126582278481013,0.10126582278481013,0.5747126436781609,0.7011494252873564,0.2941176470588235,0.2691732408329753,0.33895889547496455,0.3040660681539699,0.0,0.0,0.0,0.0,99.0,0.0,0.0,0.2231435513142186,25.0,0.0,0.0,0.5873135810379131,0.0
gtzan/gtzan_jazz_00006/track.npy,gtzan,0.9523809523809523,0.8582173544158943,0.8582173544158943,0.8582173544158943,0.5272727272727272,0.8181818181818182,0.5272727272727272,0.8181818181818182,0.0,2.1046543332164084e-103,0.8524696889038478,0.4262348444519239,0.0,0.0,0.6153846153846154,0.8461538461538461,62.0,0.0,0.0,0.09097177820571717,16.0,0.0,0.0,0.6931471805599442,0.0
gtzan/gtzan_jazz_00007/track.npy,gtzan,0.9411764705882353,0.769038152279233,0.769038152279233,0.769038152279233,0.9615384615384616,0.9615384615384616,0.9615384615384616,0.9615384615384616,0.8571428571428571,0.6677552488241395,0.6677552488241395,0.6677552488241395,1.0,1.0,1.0,1.0,30.0,0.0,0.0,0.04167269640057017,8.0,0.0,0.0,0.03498307275858997,0.0
gtzan/gtzan_jazz_00008/track.npy,gtzan,0.989010989010989,0.9069954963526602,0.9069954963526602,0.9069954963526602,0.9130434782608695,0.9565217391304348,0.9130434782608695,0.9565217391304348,0.9166666666666666,0.8393963932816425,0.8393963932816425,0.8393963932816425,0.8333333333333334,0.8333333333333334,0.8333333333333334,0.8333333333333334,54.0,0.0,0.0,0.08989906606879416,14.0,0.0,0.0,0.24423937442331753,0.0
gtzan/gtzan_jazz_00011/track.npy,gtzan,1.0,0.9093627166890028,0.9093627166890028,0.9093627166890028,1.0,1.0,1.0,1.0,1.0,0.891475285349706,0.891475285349706,0.891475285349706,1.0,1.0,1.0,1.0,102.0,0.0,0.009900990099009901,0.13400986517533892,25.0,0.0,0.0,0.033901551675681124,0.0
gtzan/gtzan_jazz_00012/track.npy,gtzan,1.0,0.8647418843109336,0.8647418843109336,0.8647418843109336,1.0,1.0,1.0,1.0,0.0,1.5921988398561136e-140,0.8581309391260099,0.42906546956300495,0.0,0.0,0.9166666666666666,0.9166666666666666,54.0,0.0,0.0,0.15085040932957272,14.0,0.0,0.0,0.19935297106683372,0.0
gtzan/gtzan_jazz_00013/track.npy,gtzan,0.6145251396648045,0.5244968677186186,0.830754101633994,0.6776254846763063,0.00847457627118644,0.00847457627118644,0.14049586776859505,0.768595041322314,0.11940298507462686,0.11675309967320181,0.3267997112624332,0.2217764054678175,0.0,0.0,0.0425531914893617,0.06382978723404255,143.0,0.0,0.4859154929577465,0.4054651081081646,58.0,0.0,0.12280701754385964,1.3862943611198895,0.0
gtzan/gtzan_jazz_00015/track.npy,gtzan,0.5957446808510638,0.5006864169023851,0.6573708413517623,0.5790286291270736,0.03225806451612903,0.053763440860215055,0.21052631578947367,0.6210526315789474,0.2926829268292683,0.24371885609391397,0.30280220434647837,0.27326053022019614,0.0,0.0,0.03225806451612903,0.03225806451612903,114.0,0.0,0.017699115044247787,0.353044509215788,30.0,0.0,0.0,0.46754667340549994,0.0
gtzan/gtzan_jazz_00016/track.npy,gtzan,0.8275862068965517,0.6383837674590567,0.6383837674590567,0.6383837674590567,0.6206896551724138,0.8275862068965517,0.6206896551724138,0.8275862068965517,0.6363636363636364,0.5605789547043124,0.7364033995962405,0.6484911771502764,0.07142857142857142,0.07142857142857142,0.4666666666666667,0.8666666666666667,35.0,0.0,0.0,0.6130283449852332,18.0,0.0,0.0,0.829814170618929,0.0
gtzan/gtzan_jazz_00017/track.npy,gtzan,0.9213483146067416,0.7460116518944078,0.7460116518944078,0.7460116518944078,0.29213483146067415,0.7528089887640449,0.29213483146067415,0.7528089887640449,0.9090909090909091,0.7068147029888223,0.7068147029888223,0.7068147029888223,1.0,1.0,1.0,1.0,106.0,0.0,0.01904761904761905,0.40084935930815696,26.0,0.0,0.0,0.09180754925312411,0.0
gtzan/gtzan_jazz_00019/track.npy,gtzan,0.36585365853658536,0.24696069908078958,0.292250776302214,0.2696057376915018,0.045454545454545456,0.09090909090909091,0.045454545454545456,0.09090909090909091,0.5625,0.4001392693379881,0.4001392693379881,0.4001392693379881,0.21052631578947367,0.3157894736842105,0.21052631578947367,0.3157894736842105,55.0,0.037037037037037035,0.07407407407407407,1.4927334459130972,24.0,0.0,0.0,1.3251426634867927,0.0
gtzan/gtzan_jazz_00021/track.npy,gtzan,0.4819277108433735,0.3510363814622805,0.4706971675148669,0.41086677448857367,0.017391304347826087,0.05217391304347826,0.017391304347826087,0.11304347826086956,0.17391304347826086,0.13635081597233734,0.24494401407356037,0.19064741502294885,0.0,0.0,0.07142857142857142,0.08928571428571429,128.0,0.13385826771653545,0.5118110236220472,1.003907997011816,59.0,0.017241379310344827,0.1724137931034483,1.394458760023945,0.0
gtzan/gtzan_jazz_00022/track.npy,gtzan,0.4772727272727273,0.3938061328129025,0.5092200644008961,0.45151309860689925,0.03773584905660377,0.07547169811320754,0.34285714285714286,0.4,0.3076923076923077,0.28382355444329915,0.3756494589902881,0.32973650671679366,0.23076923076923078,0.23076923076923078,0.23076923076923078,0.46153846153846156,47.0,0.0,0.043478260869565216,1.307916586409414,21.0,0.0,0.05,1.9889275341389974,0.0
gtzan/gtzan_jazz_00023/track.npy,gtzan,0.6136363636363638,0.516393004634319,0.516393004634319,0.516393004634319,0.25,0.38461538461538464,0.25,0.38461538461538464,0.35714285714285715,0.36082744749325063,0.4535700674190304,0.40719875745614054,0.05263157894736842,0.05263157894736842,0.3684210526315789,0.5263157894736842,62.0,0.06557377049180328,0.09836065573770492,1.1799208867408586,23.0,0.045454545454545456,0.045454545454545456,2.2335922215070934,0.0
gtzan/gtzan_jazz_00024/track.npy,gtzan,0.7155963302752294,0.6028405849948903,0.6028405849948903,0.6028405849948903,0.28125,0.4375,0.28125,0.4375,0.5,0.4057184268204187,0.5792561518919529,0.4924872893561858,0.04,0.04,0.24,0.56,81.0,0.075,0.1125,1.1066165594354627,33.0,0.03125,0.0625,1.4667067545773658,0.0
gtzan/gtzan_jazz_00025/track.npy,gtzan,1.0,0.9032943119970691,0.9032943119970691,0.9032943119970691,1.0,1.0,1.0,1.0,0.5185185185185185,0.47349602855973777,0.509591001102086,0.49154351483091185,0.15625,0.1875,0.15625,0.1875,102.0,0.0,0.0,0.13353139262452585,39.0,0.0,0.0,1.3896002215101326,0.0
gtzan/gtzan_jazz_00026/track.npy,gtzan,0.30508474576271183,0.24900082297442208,0.30040553273606696,0.2747031778552445,0.075,0.075,0.1,0.15,0.22222222222222224,0.21775659061294547,0.21775659061294547,0.21775659061294547,0.0,0.0,0.0,0.0,21.0,0.05,0.05,2.436912414466136,10.0,0.0,0.0,1.4669124391717052,0.0
gtzan/gtzan_jazz_00027/track.npy,gtzan,0.7692307692307693,0.7178530726552049,0.7966250484115145,0.7572390605333597,0.14583333333333334,0.23958333333333334,0.14583333333333334,0.42016806722689076,0.2439024390243902,0.22572676948865247,0.3100407150348323,0.2678837422617424,0.0,0.0,0.20689655172413793,0.20689655172413793,108.0,0.0,0.34579439252336447,0.541088794896984,29.0,0.0,0.0,0.5715561762268876,0.0
gtzan/gtzan_jazz_00028/track.npy,gtzan,0.9940119760479043,0.9205003879916376,0.9205003879916376,0.9205003879916376,0.9523809523809523,0.9761904761904762,0.9523809523809523,0.9761904761904762,1.0,0.9282549085085265,0.9282549085085265,0.9282549085085265,1.0,1.0,1.0,1.0,101.0,0.0,0.0,0.13353139262452585,25.0,0.0,0.0,0.03442771363161978,0.0
gtzan/gtzan_jazz_00029/track.npy,gtzan,0.33663366336633666,0.2349125203668052,0.5597648149674954,0.3973386676671503,0.027522935779816515,0.06422018348623854,0.027522935779816515,0.3119266055045872,0.08450704225352113,0.05465018427354194,0.1124138834091214,0.08353203384133166,0.041666666666666664,0.0625,0.041666666666666664,0.0625,133.0,0.17424242424242425,0.38636363636363635,1.0986122886681242,56.0,0.03636363636363636,0.03636363636363636,1.4639765769228033,0.0
gtzan/gtzan_jazz_00030/track.npy,gtzan,0.29850746268656714,0.22645241767137084,0.22645241767137084,0.22645241767137084,0.13953488372093023,0.18604651162790697,0.13953488372093023,0.18604651162790697,0.08695652173913043,0.08222090606599046,0.10506004663987671,0.09364047635293359,0.07692307692307693,0.07692307692307693,0.07692307692307693,0.07692307692307693,32.0,0.0,0.0,1.116833860617633,16.0,0.0,0.0,1.4314155432565592,0.0
gtzan/gtzan_jazz_00031/track.npy,gtzan,0.8475836431226766,0.7106516644342845,0.7106516644342845,0.7106516644342845,0.051470588235294115,0.36764705882352944,0.051470588235294115,0.36764705882352944,0.27272727272727276,0.22488738429654395,0.30797473763948485,0.2664310609680144,0.037037037037037035,0.09259259259259259,0.037037037037037035,0.09259259259259259,152.0,0.1986754966887417,0.6688741721854304,0.9317847142058224,59.0,0.034482758620689655,0.2413793103448276,1.3758825839098234,0.0
gtzan/gtzan_jazz_00032/track.npy,gtzan,0.8349514563106796,0.7078456997333696,0.7078456997333696,0.7078456997333696,0.5,0.7037037037037037,0.5,0.7037037037037037,0.41176470588235287,0.34116750656989114,0.3874918868081916,0.36432969668904136,0.09523809523809523,0.09523809523809523,0.12,0.16,60.0,0.0,0.0,0.29680674232476184,24.0,0.0,0.0,1.1257569924899633,0.0
gtzan/gtzan_jazz_00033/track.npy,gtzan,1.0,0.9283553156190292,0.9283553156190292,0.9283553156190292,1.0,1.0,1.0,1.0,1.0,0.9367976843704963,0.9367976843704963,0.9367976843704963,1.0,1.0,1.0,1.0,48.0,0.0,0.0,0.03174869831458238,12.0,0.0,0.0,0.01581710267162245,0.0
gtzan/gtzan_jazz_00034/track.npy,gtzan,0.9937888198757764,0.9568148149906532,0.9568148149906532,0.9568148149906532,0.9876543209876543,0.9876543209876543,0.9876543209876543,0.9876543209876543,1.0,0.974356040393751,0.974356040393751,0.974356040393751,1.0,1.0,1.0,1.0,98.0,0.0,0.0,0.06453852113758152,25.0,0.0,0.0,0.03066082808357726,0.0
gtzan/gtzan_jazz_00035/track.npy,gtzan,1.0,0.7794960363692532,0.7794960363692532,0.7794960363692532,1.0,1.0,1.0,1.0,0.15999999999999998,0.14165961000710334,0.335414409867727,0.23853700993741517,0.0,0.0,0.058823529411764705,0.058823529411764705,35.0,0.0,0.0,0.0476280489892559,20.0,0.0,0.0,1.3695835575485888,0.0
gtzan/gtzan_jazz_00036/track.npy,gtzan,0.2875816993464052,0.1337053154171154,0.1972608260053459,0.16548307071123064,0.009900990099009901,0.009900990099009901,0.009900990099009901,0.038834951456310676,0.0,0.0026205564347241417,0.0034074454065404613,0.0030140009206323015,0.0,0.0,0.2,0.6,119.0,0.0,0.025423728813559324,0.3364722366212205,30.0,0.0,0.0,0.4514463951255714,0.0
gtzan/gtzan_jazz_00037/track.npy,gtzan,1.0,0.9529301337467003,0.9529301337467003,0.9529301337467003,1.0,1.0,1.0,1.0,1.0,0.9577437013631203,0.9577437013631203,0.9577437013631203,1.0,1.0,1.0,1.0,49.0,0.0,0.0,0.06453852113757454,12.0,0.0,0.0,0.01639380977567541,0.0
gtzan/gtzan_jazz_00038/track.npy,gtzan,0.9672131147540983,0.8250346071845889,0.8250346071845889,0.8250346071845889,0.967741935483871,0.967741935483871,0.967741935483871,0.967741935483871,1.0,0.8347767638098463,0.8347767638098463,0.8347767638098463,1.0,1.0,1.0,1.0,66.0,0.0,0.0,0.10536051565781435,17.0,0.0,0.0,0.3095989102590402,0.0
gtzan/gtzan_jazz_00039/track.npy,gtzan,1.0,0.9736213309892182,0.9736213309892182,0.9736213309892182,1.0,1.0,1.0,1.0,1.0,0.9776383708400816,0.9776383708400816,0.9776383708400816,1.0,1.0,1.0,1.0,99.0,0.0,0.0,0.06453852113758152,24.0,0.0,0.0,0.016529301951213132,0.0
gtzan/gtzan_jazz_00040/track.npy,gtzan,1.0,0.8715915537655451,0.8715915537655451,0.8715915537655451,1.0,1.0,1.0,1.0,1.0,0.8743655262967402,0.8743655262967402,0.8743655262967402,1.0,1.0,1.0,1.0,50.0,0.0,0.0,0.03390155167568276,12.0,0.0,0.0,0.017605747512731446,0.0
gtzan/gtzan_jazz_00041/track.npy,gtzan,1.0,0.9402451129602362,0.9402451129602362,0.9402451129602362,1.0,1.0,1.0,1.0,0.0,3.64020467077444e-14,7.435684120428417e-13,3.8998522937529305e-13,0.0,0.0,0.0,0.0,95.0,0.0,0.0,0.12516314295400344,23.0,0.0,0.0,0.01574835696814164,0.0
gtzan/gtzan_jazz_00042/track.npy,gtzan,1.0,0.8577951446866561,0.8577951446866561,0.8577951446866561,1.0,1.0,1.0,1.0,0.3333333333333333,0.31200745369927474,0.5116861167290064,0.4118467852141406,0.0,0.0,0.29411764705882354,0.29411764705882354,37.0,0.0,0.0,0.04879016416943123,20.0,0.0,0.0,1.0748944476711773,0.0
gtzan/gtzan_jazz_00043/track.npy,gtzan,0.96875,0.8543438873107371,0.8543438873107371,0.8543438873107371,0.875,0.96875,0.875,0.96875,1.0,0.8619604008316558,0.8619604008316558,0.8619604008316558,1.0,1.0,1.0,1.0,77.0,0.0,0.0,0.10008345855698031,19.0,0.0,0.0,0.03970983737568223,0.0
gtzan/gtzan_jazz_00044/track.npy,gtzan,0.9647058823529412,0.8650283611261057,0.8650283611261057,0.8650283611261057,0.8863636363636364,0.8863636363636364,0.8863636363636364,0.8863636363636364,0.9523809523809523,0.8822257107192768,0.8822257107192768,0.8822257107192768,0.9090909090909091,0.9090909090909091,0.9090909090909091,0.9090909090909091,49.0,0.0,0.0,0.10697431266847675,12.0,0.0,0.0,0.022237589037054126,0.0
gtzan/gtzan_jazz_00045/track.npy,gtzan,0.9180327868852459,0.820487939133377,0.820487939133377,0.820487939133377,0.967741935483871,0.967741935483871,0.967741935483871,0.967741935483871,0.875,0.8042916143720312,0.8042916143720312,0.8042916143720312,1.0,1.0,1.0,1.0,38.0,0.0,0.0,0.06583998675774605,10.0,0.0,0.0,0.19613548525707525,0.0
gtzan/gtzan_jazz_00046/track.npy,gtzan,1.0,0.9561436080197591,0.9561436080197591,0.9561436080197591,0.9333333333333333,0.9888888888888889,0.9333333333333333,0.9888888888888889,1.0,0.9694005458349437,0.9694005458349437,0.9694005458349437,1.0,1.0,1.0,1.0,108.0,0.0,0.0,0.14310084364068332,27.0,0.0,0.0,0.018018505502680665,0.0
gtzan/gtzan_jazz_00047/track.npy,gtzan,0.9647058823529412,0.8098282926091658,0.8098282926091658,0.8098282926091658,0.27586206896551724,0.7586206896551724,0.27586206896551724,0.7586206896551724,0.4666666666666667,0.41756110200263574,0.5931151301874517,0.5053381160950436,0.05263157894736842,0.05263157894736842,0.20930232558139536,0.3023255813953488,99.0,0.0,0.0,0.43531807125783417,45.0,0.0,0.0,1.1428333524805325,0.0
gtzan/gtzan_jazz_00048/track.npy,gtzan,0.9906542056074767,0.7942531503831174,0.7942531503831174,0.7942531503831174,0.9814814814814815,0.9814814814814815,0.9814814814814815,0.9814814814814815,1.0,0.8115990070601533,0.8115990070601533,0.8115990070601533,1.0,1.0,1.0,1.0,61.0,0.0,0.0,0.09522773964760442,16.0,0.0,0.0,0.6953410064119195,0.0
gtzan/gtzan_jazz_00049/track.npy,gtzan,0.5306122448979592,0.42013138221830787,0.42013138221830787,0.42013138221830787,0.16129032258064516,0.22580645161290322,0.2,0.4,0.35294117647058826,0.2954847137928329,0.4267982727829753,0.3611414932879041,0.0,0.0,0.16666666666666666,0.4166666666666667,35.0,0.029411764705882353,0.08823529411764706,1.9095264486900834,14.0,0.0,0.0,0.7783932951576384,0.0
gtzan/gtzan_jazz_00050/track.npy,gtzan,0.9545454545454546,0.7907514957892647,0.7907514957892647,0.7907514957892647,0.8333333333333334,0.8939393939393939,0.8333333333333334,0.8939393939393939,0.2105263157894737,0.1914995273789497,0.26951785334801376,0.23050869036348173,0.0,0.0,0.0,0.0,79.0,0.0,0.0,0.2724343415272633,20.0,0.0,0.0,0.05384655626174017,0.0
gtzan/gtzan_jazz_00051/track.npy,gtzan,1.0,0.9331557484979964,0.9331557484979964,0.9331557484979964,1.0,1.0,1.0,1.0,1.0,0.9261607436447606,0.9261607436447606,0.9261607436447606,1.0,1.0,1.0,1.0,48.0,0.0,0.0,0.031748698314585266,12.0,0.0,0.0,0.015873349156290222,0.0
gtzan/gtzan_jazz_00052/track.npy,gtzan,0.9438202247191012,0.792297462487491,0.792297462487491,0.792297462487491,0.9777777777777777,0.9777777777777777,0.9777777777777777,0.9777777777777777,1.0,0.79024554892848,0.79024554892848,0.79024554892848,1.0,1.0,1.0,1.0,54.0,0.0,0.0,0.14842000511827175,13.0,0.0,0.0,0.04008492258645646,0.0
gtzan/gtzan_jazz_00053/track.npy,gtzan,0.9937888198757764,0.9488712932768827,0.9488712932768827,0.9488712932768827,0.9876543209876543,0.9876543209876543,0.9876543209876543,0.9876543209876543,1.0,0.9637574736069799,0.9637574736069799,0.9637574736069799,1.0,1.0,1.0,1.0,98.0,0.0,0.0,0.13353139262452285,25.0,0.0,0.0,0.03226086221822219,0.0
gtzan/gtzan_jazz_00054/track.npy,gtzan,0.7415730337078651,0.6477462310830129,0.6477462310830129,0.6477462310830129,0.35555555555555557,0.5111111111111111,0.35555555555555557,0.5111111111111111,0.5833333333333334,0.5373277593042278,0.5373277593042278,0.5373277593042278,0.3076923076923077,0.3076923076923077,0.3076923076923077,0.3076923076923077,55.0,0.018518518518518517,0.018518518518518517,0.9409737021644106,16.0,0.0,0.0,0.5120450826789102,0.0
gtzan/gtzan_jazz_00055/track.npy,gtzan,1.0,0.7789504939818002,0.7789504939818002,0.7789504939818002,1.0,1.0,1.0,1.0,0.5454545454545455,0.40630180426610224,0.455832121456023,0.4310669628610626,0.0,0.0,0.26666666666666666,0.3333333333333333,35.0,0.0,0.0,0.0476280489892559,18.0,0.0,0.0,1.4321427158495967,0.0
gtzan/gtzan_jazz_00056/track.npy,gtzan,0.5975609756097561,0.4928054598334053,0.7241574945634442,0.6084814771984248,0.03571428571428571,0.044642857142857144,0.09821428571428571,0.44642857142857145,0.5714285714285715,0.5019298341763583,0.7034267627920486,0.6026782984842034,0.0,0.0,0.4827586206896552,0.8620689655172413,135.0,0.14925373134328357,0.3656716417910448,1.0524356639864298,35.0,0.08823529411764706,0.08823529411764706,2.4722746042692845,0.0
gtzan/gtzan_jazz_00057/track.npy,gtzan,0.8181818181818181,0.7451994144072617,0.7771990131630088,0.7611992137851352,0.2564102564102564,0.358974358974359,0.2564102564102564,0.48148148148148145,0.64,0.588102967693954,0.5898436964869075,0.5889733320904307,0.26666666666666666,0.26666666666666666,0.26666666666666666,0.26666666666666666,31.0,0.0,0.0,0.7091475219063895,18.0,0.0,0.0,1.139112660637346,0.0
gtzan/gtzan_jazz_00058/track.npy,gtzan,0.7027027027027027,0.648714213985705,0.8795478257131641,0.7641310198494345,0.08333333333333333,0.08333333333333333,0.5436893203883495,0.8252427184466019,0.5945945945945945,0.5476309387919847,0.8722038453399782,0.7099173920659814,0.0,0.0,0.8,0.84,118.0,0.0,0.017094017094017096,0.18232155679395912,29.0,0.0,0.0,0.4977048353121301,0.0
gtzan/gtzan_jazz_00059/track.npy,gtzan,0.9111111111111111,0.802068197032482,0.802068197032482,0.802068197032482,0.5777777777777777,0.7555555555555555,0.5777777777777777,0.7555555555555555,0.75,0.6033056562586719,0.6033056562586719,0.6033056562586719,0.5833333333333334,0.5833333333333334,0.5833333333333334,0.5833333333333334,56.0,0.0,0.05454545454545454,0.8543391150013433,14.0,0.0,0.0,0.5599437366292618,0.0
gtzan/gtzan_jazz_00060/track.npy,gtzan,1.0,0.9228764730866035,0.9228764730866035,0.9228764730866035,1.0,1.0,1.0,1.0,1.0,0.8903389296493451,0.8903389296493451,0.8903389296493451,1.0,1.0,1.0,1.0,49.0,0.0,0.0,0.06453852113756964,12.0,0.0,0.0,0.024313959215140003,0.0
gtzan/gtzan_jazz_00061/track.npy,gtzan,0.9261744966442953,0.7152540703670293,0.7152540703670293,0.7152540703670293,0.30666666666666664,0.7733333333333333,0.30666666666666664,0.7733333333333333,0.5384615384615384,0.4212335332513607,0.4212335332513607,0.4212335332513607,0.03571428571428571,0.10714285714285714,0.07142857142857142,0.10714285714285714,90.0,0.0,0.0,0.26233164118485935,33.0,0.0,0.0,1.0938275631600343,0.0
gtzan/gtzan_jazz_00062/track.npy,gtzan,0.9516129032258065,0.827322275144035,0.827322275144035,0.827322275144035,0.8709677419354839,0.967741935483871,0.8709677419354839,0.967741935483871,1.0,0.8322565143591584,0.8322565143591584,0.8322565143591584,1.0,1.0,1.0,1.0,69.0,0.0,0.0,0.10377739852756677,17.0,0.0,0.0,0.20002269717524762,0.0
gtzan/gtzan_jazz_00063/track.npy,gtzan,0.9216589861751152,0.836423262124403,0.836423262124403,0.836423262124403,0.11304347826086956,0.6521739130434783,0.11304347826086956,0.6521739130434783,0.888888888888889,0.8152497468173384,0.8152497468173384,0.8152497468173384,0.5172413793103449,0.7931034482758621,0.5172413793103449,0.7931034482758621,139.0,0.11594202898550725,0.2826086956521739,1.0986122886680798,34.0,0.030303030303030304,0.030303030303030304,1.5670696300097489,0.0
gtzan/gtzan_jazz_00064/track.npy,gtzan,0.9941520467836257,0.9431041595089487,0.9431041595089487,0.9431041595089487,0.9883720930232558,0.9883720930232558,0.9883720930232558,0.9883720930232558,1.0,0.9487729524718587,0.9487729524718587,0.9487729524718587,1.0,1.0,1.0,1.0,103.0,0.0,0.0,0.14310084364067022,25.0,0.0,0.0,0.03442771363162288,0.0
gtzan/gtzan_jazz_00065/track.npy,gtzan,1.0,0.9725911935372844,0.9725911935372844,0.9725911935372844,1.0,1.0,1.0,1.0,1.0,0.9776383708400816,0.9776383708400816,0.9776383708400816,1.0,1.0,1.0,1.0,99.0,0.0,0.0,0.06453852113758152,24.0,0.0,0.0,0.016529301951213132,0.0
gtzan/gtzan_jazz_00066/track.npy,gtzan,0.40650406504065034,0.31608820111552505,0.44212060213729865,0.37910440162641185,0.0,0.0,0.10416666666666667,0.3958333333333333,0.8571428571428571,0.7335911160693218,0.7335911160693218,0.7335911160693218,0.5,0.8888888888888888,0.5,0.8888888888888888,56.0,0.01818181818181818,0.03636363636363636,1.2519786544025644,21.0,0.0,0.0,0.7020859467839171,0.0
gtzan/gtzan_jazz_00067/track.npy,gtzan,1.0,0.8898195814656196,0.8898195814656196,0.8898195814656196,1.0,1.0,1.0,1.0,1.0,0.9038509459063878,0.9038509459063878,0.9038509459063878,1.0,1.0,1.0,1.0,50.0,0.0,0.0,0.0552149365106272,12.0,0.0,0.0,0.008368249670517858,0.0
gtzan/gtzan_jazz_00068/track.npy,gtzan,1.0,0.8526435745047534,0.8526435745047534,0.8526435745047534,1.0,1.0,1.0,1.0,0.27272727272727276,0.27176448996664465,0.4913262935423718,0.3815453917545082,0.0,0.0,0.3333333333333333,0.3333333333333333,37.0,0.0,0.0,0.04879016416943275,18.0,0.0,0.0,1.117182418279112,0.0
gtzan/gtzan_jazz_00069/track.npy,gtzan,0.953125,0.838082796907452,0.838082796907452,0.838082796907452,0.875,0.953125,0.875,0.953125,1.0,0.8148743720255236,0.8148743720255236,0.8148743720255236,1.0,1.0,1.0,1.0,77.0,0.0,0.0,0.1541506798272596,19.0,0.0,0.0,0.06552824172404043,0.0
gtzan/gtzan_jazz_00070/track.npy,gtzan,0.8860759493670886,0.7958987354125574,0.7958987354125574,0.7958987354125574,0.22727272727272727,0.6136363636363636,0.22727272727272727,0.6136363636363636,0.7407407407407406,0.6695402941645916,0.7266851755133493,0.6981127348389704,0.1875,0.375,0.19047619047619047,0.38095238095238093,44.0,0.0,0.0,0.6931471805599452,22.0,0.0,0.0,0.7112834416577866,0.0
gtzan/gtzan_jazz_00071/track.npy,gtzan,0.9180327868852459,0.8152452882460038,0.8152452882460038,0.8152452882460038,0.967741935483871,0.967741935483871,0.967741935483871,0.967741935483871,0.875,0.8339178545118896,0.8339178545118896,0.8339178545118896,1.0,1.0,1.0,1.0,38.0,0.0,0.0,0.050010420574661374,10.0,0.0,0.0,0.19613548525707525,0.0
gtzan/gtzan_jazz_00072/track.npy,gtzan,1.0,0.9642779804874059,0.9642779804874059,0.9642779804874059,1.0,1.0,1.0,1.0,1.0,0.9694005458349437,0.9694005458349437,0.9694005458349437,1.0,1.0,1.0,1.0,108.0,0.0,0.0,0.12585262576893558,27.0,0.0,0.0,0.018018505502680665,0.0
gtzan/gtzan_jazz_00073/track.npy,gtzan,0.9441624365482234,0.8115011417193353,0.8115011417193353,0.8115011417193353,0.12871287128712872,0.7128712871287128,0.12871287128712872,0.7128712871287128,0.1818181818181818,0.1657203161608519,0.6941953512380372,0.42995783369944457,0.03225806451612903,0.03225806451612903,0.1935483870967742,0.5483870967741935,121.0,0.06666666666666667,0.18333333333333332,0.899776507072764,39.0,0.05263157894736842,0.05263157894736842,2.3856645308520306,0.0
gtzan/gtzan_jazz_00074/track.npy,gtzan,0.9142857142857143,0.7902550191589478,0.7902550191589478,0.7902550191589478,0.6666666666666666,0.8611111111111112,0.6666666666666666,0.8611111111111112,0.7058823529411765,0.639201820124643,0.639201820124643,0.639201820124643,0.6666666666666666,0.6666666666666666,0.6666666666666666,0.6666666666666666,43.0,0.0,0.0,0.39204208777602156,11.0,0.0,0.0,0.33051457712593235,0.0
gtzan/gtzan_jazz_00075/track.npy,gtzan,0.9885057471264368,0.7766258066825571,0.7766258066825571,0.7766258066825571,0.2988505747126437,0.8505747126436781,0.2988505747126437,0.8505747126436781,1.0,0.7179248011028583,0.7179248011028583,0.7179248011028583,1.0,1.0,1.0,1.0,105.0,0.0,0.0,0.20763936477825307,26.0,0.0,0.0,0.06675402395445018,0.0
gtzan/gtzan_jazz_00076/track.npy,gtzan,0.96,0.7604404489222063,0.7604404489222063,0.7604404489222063,1.0,1.0,1.0,1.0,1.0,0.70277284485657,0.70277284485657,0.70277284485657,1.0,1.0,1.0,1.0,31.0,0.0,0.0,0.07384103305915092,8.0,0.0,0.0,0.04009093592073604,0.0
gtzan/gtzan_jazz_00077/track.npy,gtzan,0.7457627118644068,0.5856150193180738,0.5856150193180738,0.5856150193180738,0.08,0.36,0.08,0.36,0.1904761904761905,0.16807768608110296,0.16807768608110296,0.16807768608110296,0.17391304347826086,0.17391304347826086,0.17391304347826086,0.17391304347826086,122.0,0.24793388429752067,0.2809917355371901,1.3862943611198904,34.0,0.18181818181818182,0.21212121212121213,2.756840365271641,0.0
gtzan/gtzan_jazz_00078/track.npy,gtzan,1.0,0.877099631085614,0.877099631085614,0.877099631085614,1.0,1.0,1.0,1.0,1.0,0.8624821793189397,0.8624821793189397,0.8624821793189397,1.0,1.0,1.0,1.0,81.0,0.0,0.0,0.11122563511022457,21.0,0.0,0.0,0.04265341667359565,0.0
gtzan/gtzan_jazz_00079/track.npy,gtzan,1.0,0.9398942075430785,0.9398942075430785,0.9398942075430785,1.0,1.0,1.0,1.0,1.0,0.9391124985174032,0.9391124985174032,0.9391124985174032,1.0,1.0,1.0,1.0,54.0,0.0,0.0,0.03636764417088045,14.0,0.0,0.0,0.009087027139428189,0.0
gtzan/gtzan_jazz_00080/track.npy,gtzan,0.7424242424242424,0.702428640263409,0.8691537900294523,0.7857912151464306,0.1686746987951807,0.1686746987951807,0.4489795918367347,0.7142857142857143,0.6046511627906977,0.5846188189738111,0.5859733195041231,0.585296069238967,0.18181818181818182,0.22727272727272727,0.18181818181818182,0.22727272727272727,59.0,0.0,0.0,0.6660259392193996,26.0,0.0,0.0,1.3288559996831972,0.0
gtzan/gtzan_jazz_00081/track.npy,gtzan,1.0,0.9667421532296837,0.9667421532296837,0.9667421532296837,1.0,1.0,1.0,1.0,1.0,0.963882258991888,0.963882258991888,0.963882258991888,1.0,1.0,1.0,1.0,57.0,0.0,0.0,0.07696104113612845,14.0,0.0,0.0,0.023496796707433563,0.0
gtzan/gtzan_jazz_00082/track.npy,gtzan,0.8961748633879781,0.795744059958367,0.795744059958367,0.795744059958367,0.26732673267326734,0.6138613861386139,0.26732673267326734,0.6138613861386139,0.6530612244897959,0.6089406195295395,0.6953333355285853,0.6521369775290624,0.2413793103448276,0.27586206896551724,0.38461538461538464,0.41025641025641024,120.0,0.17647058823529413,0.21008403361344538,1.2527629684953512,34.0,0.0,0.0,0.6202729182186713,0.0
gtzan/gtzan_jazz_00083/track.npy,gtzan,0.7850467289719625,0.6465464141622955,0.6465464141622955,0.6465464141622955,0.3225806451612903,0.4838709677419355,0.3225806451612903,0.4838709677419355,0.38461538461538464,0.3461576388254721,0.3461576388254721,0.3461576388254721,0.3125,0.3125,0.3125,0.3125,71.0,0.0,0.0,0.6567795363890648,18.0,0.0,0.0,0.6886019816637204,0.0
gtzan/gtzan_jazz_00084/track.npy,gtzan,1.0,0.9099846796279474,0.9099846796279474,0.9099846796279474,1.0,1.0,1.0,1.0,1.0,0.8867012170600536,0.8867012170600536,0.8867012170600536,1.0,1.0,1.0,1.0,62.0,0.0,0.0,0.08020965273681212,15.0,0.0,0.0,0.02468023578834356,0.0
gtzan/gtzan_jazz_00085/track.npy,gtzan,0.8870967741935484,0.7783690943937791,0.7783690943937791,0.7783690943937791,0.6818181818181818,0.7121212121212122,0.6818181818181818,0.7121212121212122,0.7500000000000001,0.706518848577171,0.706518848577171,0.706518848577171,0.7058823529411765,0.7058823529411765,0.7058823529411765,0.7058823529411765,68.0,0.014925373134328358,0.014925373134328358,0.7336975965126438,17.0,0.0,0.0,0.5850813975162618,0.0
gtzan/gtzan_jazz_00086/track.npy,gtzan,0.616822429906542,0.4974928086337947,0.5100429884870868,0.5037678985604408,0.0625,0.234375,0.0625,0.234375,0.3428571428571428,0.30881475070433817,0.4826749900583833,0.39574487038136075,0.043478260869565216,0.043478260869565216,0.30434782608695654,0.5652173913043478,73.0,0.013888888888888888,0.09722222222222222,1.0091154053174676,29.0,0.0,0.0,0.7396671961948386,0.0
gtzan/gtzan_jazz_00087/track.npy,gtzan,0.7956989247311828,0.7193987723144725,0.7574376904754812,0.7384182313949768,0.32727272727272727,0.32727272727272727,0.5,0.5,0.4666666666666667,0.40519816580255186,0.6447381476091167,0.5249681567058343,0.1875,0.1875,0.1875,0.3125,38.0,0.0,0.0,0.1785618170693514,16.0,0.0,0.0,1.1840812248473247,0.0
gtzan/gtzan_jazz_00088/track.npy,gtzan,1.0,0.9541885763735976,0.9541885763735976,0.9541885763735976,1.0,1.0,1.0,1.0,1.0,0.9500943933102659,0.9500943933102659,0.9500943933102659,1.0,1.0,1.0,1.0,64.0,0.0,0.0,0.08478878886108625,16.0,0.0,0.0,0.025209943486651645,0.0
gtzan/gtzan_jazz_00089/track.npy,gtzan,0.782608695652174,0.6276634787061091,0.6276634787061091,0.6276634787061091,1.0,1.0,1.0,1.0,1.0,0.7107024969699839,0.7107024969699839,0.7107024969699839,1.0,1.0,1.0,1.0,28.0,0.0,0.0,0.09582469865351514,7.0,0.0,0.0,0.01385703466142596,0.0
gtzan/gtzan_jazz_00090/track.npy,gtzan,0.9909909909909909,0.929011496598486,0.929011496598486,0.929011496598486,0.9821428571428571,0.9821428571428571,0.9821428571428571,0.9821428571428571,1.0,0.9299379582278369,0.9299379582278369,0.9299379582278369,1.0,1.0,1.0,1.0,64.0,0.0,0.0,0.13140341190358792,22.0,0.0,0.0,0.3087072217254173,0.0
gtzan/gtzan_jazz_00091/track.npy,gtzan,0.9166666666666666,0.8064963111621154,0.8064963111621154,0.8064963111621154,1.0,1.0,1.0,1.0,0.8333333333333334,0.7724546799007154,0.7724546799007154,0.7724546799007154,1.0,1.0,1.0,1.0,29.0,0.0,0.0,0.10847920425099591,7.0,0.0,0.0,0.045955272703554456,0.0
gtzan/gtzan_jazz_00092/track.npy,gtzan,0.8636363636363636,0.647005435560136,0.647005435560136,0.647005435560136,1.0,1.0,1.0,1.0,0.6,0.514282100152404,0.514282100152404,0.514282100152404,1.0,1.0,1.0,1.0,27.0,0.0,0.0,0.10522917397360707,6.0,0.0,0.0,0.04682935193432796,0.0
gtzan/gtzan_jazz_00093/track.npy,gtzan,0.6601941747572816,0.5919653063458644,0.8966533316709406,0.7443093190084025,0.0,0.0,1.0,1.0,0.6923076923076924,0.5333948516964925,0.7704592302282669,0.6519270409623796,0.0,0.0,1.0,1.0,46.0,0.0,0.0,0.2799880782936482,12.0,0.0,0.0,0.39736673125713623,0.0
gtzan/gtzan_jazz_00094/track.npy,gtzan,0.7341772151898733,0.6718481397522527,0.8510069780966002,0.7614275589244264,0.08,0.16,0.4827586206896552,0.7241379310344828,0.5714285714285715,0.5098391114595707,0.6453678748172805,0.5776034931384256,0.13333333333333333,0.2,0.13333333333333333,0.24,34.0,0.0,0.0,0.7020583628432268,20.0,0.0,0.0,1.0864040220166655,0.0
gtzan/gtzan_jazz_00095/track.npy,gtzan,0.5571428571428572,0.47798991215073344,0.6912941762652883,0.5846420442080109,0.03333333333333333,0.05555555555555555,0.1919191919191919,0.48484848484848486,0.2916666666666667,0.2580129670480668,0.4045368889787223,0.33127492801339453,0.0,0.0,0.08571428571428572,0.11428571428571428,103.0,0.049019607843137254,0.14705882352941177,0.9162907318741726,40.0,0.02564102564102564,0.10256410256410256,1.6080504811204104,0.0
gtzan/gtzan_jazz_00096/track.npy,gtzan,0.8085106382978723,0.6755589358624743,0.6870253818507969,0.6812921588566356,0.41818181818181815,0.41818181818181815,0.41818181818181815,0.41818181818181815,0.75,0.628705980622375,0.6350797442434708,0.631892862432923,0.42857142857142855,0.42857142857142855,0.42857142857142855,0.42857142857142855,51.0,0.0,0.0,0.24108420212614023,13.0,0.0,0.0,0.37540821318525325,0.0
gtzan/gtzan_jazz_00097/track.npy,gtzan,0.5777777777777778,0.49662260450922463,0.49662260450922463,0.49662260450922463,0.34782608695652173,0.6956521739130435,0.34782608695652173,0.6956521739130435,0.2857142857142857,0.17982097875357636,0.208623780687612,0.1942223797205942,0.3333333333333333,0.3333333333333333,0.3333333333333333,0.3333333333333333,28.0,0.0,0.0,0.42146912960500277,11.0,0.0,0.0,1.1899154575239708,0.0
gtzan/gtzan_jazz_00098/track.npy,gtzan,0.9852941176470589,0.8468591142290461,0.8468591142290461,0.8468591142290461,0.9705882352941176,0.9705882352941176,0.9705882352941176,0.9705882352941176,0.9411764705882353,0.8515870312620525,0.8515870312620525,0.8515870312620525,1.0,1.0,1.0,1.0,81.0,0.0,0.0,0.11122563511022676,20.0,0.0,0.0,0.02708421765794842,0.0
gtzan/gtzan_jazz_00099/track.npy,gtzan,0.8247422680412371,0.7425249547025939,0.7443751682689883,0.7434500614857911,0.2982456140350877,0.40350877192982454,0.425,0.425,0.4666666666666667,0.42225909837147735,0.4529970772556662,0.43762808781357176,0.2631578947368421,0.2631578947368421,0.2631578947368421,0.2631578947368421,52.0,0.0,0.0,0.09335789908495645,15.0,0.0,0.0,0.6817701409641994,0.0
gtzan/gtzan_metal_00000/track.npy,gtzan,1.0,0.8908031865276527,0.8908031865276527,0.8908031865276527,1.0,1.0,1.0,1.0,1.0,0.8706888308781784,0.8706888308781784,0.8706888308781784,1.0,1.0,1.0,1.0,47.0,0.0,0.0,0.06252035698133404,12.0,0.0,0.0,0.03149866705937123,0.0
gtzan/gtzan_metal_00001/track.npy,gtzan,0.3790849673202614,0.2893413044868992,0.6094851829134497,0.44941324370017444,0.022727272727272728,0.07954545454545454,0.11363636363636363,0.29545454545454547,0.17391304347826086,0.10279163212697288,0.1256500961235439,0.11422086412525839,0.13793103448275862,0.27586206896551724,0.13793103448275862,0.27586206896551724,108.0,0.19626168224299065,0.32710280373831774,1.2405654274529985,37.0,0.1111111111111111,0.16666666666666666,2.3401340358802587,0.0
gtzan/gtzan_metal_00002/track.npy,gtzan,1.0,0.911486491401369,0.911486491401369,0.911486491401369,1.0,1.0,1.0,1.0,1.0,0.8881483058668699,0.8881483058668699,0.8881483058668699,1.0,1.0,1.0,1.0,56.0,0.0,0.0,0.07410797215372356,14.0,0.0,0.0,0.018692133012152425,0.0
gtzan/gtzan_metal_00003/track.npy,gtzan,0.7272727272727273,0.6025329304507484,0.6025329304507484,0.6025329304507484,0.0875,0.2625,0.10810810810810811,0.2702702702702703,0.32,0.24250999168473533,0.24250999168473533,0.24250999168473533,0.06666666666666667,0.1,0.06666666666666667,0.1,82.0,0.13580246913580246,0.2345679012345679,1.0986122886681005,35.0,0.0,0.029411764705882353,1.1860913283942704,0.0
gtzan/gtzan_metal_00004/track.npy,gtzan,0.14285714285714288,0.13770144267846277,0.23061109496375004,0.18415626882110642,0.0,0.0,0.024096385542168676,0.12048192771084337,0.05128205128205128,0.04258332593306184,0.04258332593306184,0.04258332593306184,0.28,0.36,0.28,0.36,97.0,0.19791666666666666,0.2916666666666667,1.1179738450093821,30.0,0.13793103448275862,0.20689655172413793,2.897658163482489,0.0
gtzan/gtzan_metal_00005/track.npy,gtzan,0.9922480620155039,0.9310438724951624,0.9310438724951624,0.9310438724951624,0.9846153846153847,0.9846153846153847,0.9846153846153847,0.9846153846153847,1.0,0.9211205141504151,0.9211205141504151,0.9211205141504151,1.0,1.0,1.0,1.0,78.0,0.0,0.0,0.10536051565782689,20.0,0.0,0.0,0.0392207131532811,0.0
gtzan/gtzan_metal_00006/track.npy,gtzan,0.96,0.7835204905864327,0.7835204905864327,0.7835204905864327,0.96,0.96,0.96,0.96,1.0,0.8036813228341532,0.8036813228341532,0.8036813228341532,1.0,1.0,1.0,1.0,60.0,0.0,0.0,0.0800427076735363,15.0,0.0,0.0,0.0558556966908442,0.0
gtzan/gtzan_metal_00007/track.npy,gtzan,0.9365079365079365,0.8124951227499201,0.8124951227499201,0.8124951227499201,0.42857142857142855,0.9365079365079365,0.42857142857142855,0.9365079365079365,0.22222222222222224,0.17629598407505276,0.5009024794175955,0.3385992317463241,0.06896551724137931,0.06896551724137931,0.1935483870967742,0.22580645161290322,76.0,0.0,0.0,0.15217388354894568,32.0,0.0,0.0,1.3192869042250797,0.0
gtzan/gtzan_metal_00008/track.npy,gtzan,1.0,0.9260532863529722,0.9260532863529722,0.9260532863529722,1.0,1.0,1.0,1.0,1.0,0.942303971694685,0.942303971694685,0.942303971694685,1.0,1.0,1.0,1.0,59.0,0.0,0.0,0.08004270767353541,15.0,0.0,0.0,0.01960847138837656,0.0
gtzan/gtzan_metal_00009/track.npy,gtzan,1.0,0.9418636859486097,0.9418636859486097,0.9418636859486097,1.0,1.0,1.0,1.0,0.5555555555555556,0.5426278704901759,0.5824710382117197,0.5625494543509478,0.041666666666666664,0.08333333333333333,0.041666666666666664,0.16666666666666666,57.0,0.0,0.0,0.07696104113612776,28.0,0.0,0.0,1.1081665580011828,0.0
gtzan/gtzan_metal_00010/track.npy,gtzan,0.4519230769230769,0.31677561024682177,0.5649840388935291,0.44087982457017544,0.008264462809917356,0.049586776859504134,0.049586776859504134,0.17355371900826447,0.1643835616438356,0.12370148510738908,0.1671208251743537,0.14541115514087138,0.02,0.02,0.02,0.04,146.0,0.16551724137931034,0.5379310344827586,1.088263357945052,62.0,0.08196721311475409,0.21311475409836064,1.791759469228055,0.0
gtzan/gtzan_metal_00011/track.npy,gtzan,0.45226130653266333,0.3379808211207229,0.4741840724797609,0.4060824468002419,0.015037593984962405,0.03759398496240601,0.03007518796992481,0.09774436090225563,0.13559322033898305,0.11279843875424675,0.17604918459827737,0.14442381167626206,0.0,0.0,0.00980392156862745,0.00980392156862745,159.0,0.189873417721519,0.6645569620253164,1.0528855575961467,117.0,0.10344827586206896,0.5172413793103449,1.4121264984842383,0.0
gtzan/gtzan_metal_00012/track.npy,gtzan,1.0,0.9372916290799176,0.9372916290799176,0.9372916290799176,1.0,1.0,1.0,1.0,1.0,0.9185885820353383,0.9185885820353383,0.9185885820353383,1.0,1.0,1.0,1.0,84.0,0.0,0.0,0.11122563511022432,21.0,0.0,0.0,0.05564815969443963,0.0
gtzan/gtzan_metal_00013/track.npy,gtzan,0.7910447761194029,0.6073627532965707,0.6073627532965707,0.6073627532965707,0.5064935064935064,0.5584415584415584,0.5064935064935064,0.5584415584415584,0.46428571428571436,0.35127219982412233,0.35884192487138095,0.35505706234775164,0.047619047619047616,0.09523809523809523,0.07142857142857142,0.11904761904761904,99.0,0.09183673469387756,0.2653061224489796,0.8002254603688582,51.0,0.06,0.18,1.4341764658755096,0.0
gtzan/gtzan_metal_00014/track.npy,gtzan,0.6966292134831461,0.6414387509709245,0.850649455221266,0.7460441030960953,0.1206896551724138,0.1206896551724138,0.7868852459016393,0.7868852459016393,0.3529411764705882,0.3304606871398608,0.4730148982318188,0.4017377926858398,0.0,0.0,0.0,0.0,64.0,0.0,0.0,0.10008345855698476,28.0,0.0,0.0,1.1664348850068746,0.0
gtzan/gtzan_metal_00015/track.npy,gtzan,0.5490196078431373,0.40314219675701385,0.6774739423011845,0.5403080695290992,0.0,0.0,0.14150943396226415,0.5283018867924528,0.30434782608695654,0.192718278633036,0.24010745271949416,0.21641286567626508,0.0,0.0,0.05714285714285714,0.14285714285714285,134.0,0.16541353383458646,0.39849624060150374,0.8399725507282242,44.0,0.023255813953488372,0.13953488372093023,1.4896668241076685,0.0
gtzan/gtzan_metal_00016/track.npy,gtzan,0.7647058823529412,0.6976807545945007,0.8218099981273987,0.7597453763609497,0.1746031746031746,0.23809523809523808,0.6233766233766234,0.6233766233766234,0.6923076923076923,0.6243462638890518,0.799511504893937,0.7119288843914944,0.1875,0.1875,0.631578947368421,0.631578947368421,70.0,0.0,0.0,0.1652449993346498,18.0,0.0,0.0,0.5042812382538713,0.0
gtzan/gtzan_metal_00017/track.npy,gtzan,0.3469387755102041,0.24181278904005235,0.5972595274739833,0.4195361582570178,0.06542056074766354,0.1308411214953271,0.2336448598130841,0.4766355140186916,0.16393442622950818,0.12167405669370528,0.12167405669370528,0.12167405669370528,0.15789473684210525,0.2894736842105263,0.15789473684210525,0.2894736842105263,136.0,0.17037037037037037,0.4222222222222222,0.847297860387195,47.0,0.0,0.021739130434782608,1.4531288044394395,0.0
gtzan/gtzan_metal_00018/track.npy,gtzan,0.37681159420289856,0.2849947063879147,0.4417330114080622,0.36336385889798845,0.0,0.0,0.13541666666666666,0.2916666666666667,0.11764705882352941,0.10780590069781625,0.16176231896346596,0.1347841098306411,0.0,0.0,0.024390243902439025,0.024390243902439025,116.0,0.043478260869565216,0.2608695652173913,0.762140052046895,53.0,0.0,0.057692307692307696,1.5561162176987429,0.0
gtzan/gtzan_metal_00019/track.npy,gtzan,0.4682926829268293,0.2641265726259544,0.4954479649408314,0.37978726878339286,0.0,0.0,0.043478260869565216,0.21739130434782608,0.1935483870967742,0.12250187595264535,0.12250187595264535,0.12250187595264535,0.07692307692307693,0.15384615384615385,0.07692307692307693,0.15384615384615385,134.0,0.13533834586466165,0.45112781954887216,0.8472978603871992,44.0,0.0,0.046511627906976744,1.6988589404555996,0.0
gtzan/gtzan_metal_00020/track.npy,gtzan,0.6617647058823529,0.5954731724328921,0.616397217672122,0.605935195052507,0.2077922077922078,0.3246753246753247,0.2077922077922078,0.3246753246753247,0.6285714285714286,0.5718699773432894,0.5718699773432894,0.5718699773432894,0.2,0.35,0.26666666666666666,0.4,81.0,0.025,0.125,0.8507061470817198,20.0,0.0,0.0,0.6828906803927558,0.0
gtzan/gtzan_metal_00021/track.npy,gtzan,1.0,0.9267497767080665,0.9267497767080665,0.9267497767080665,1.0,1.0,1.0,1.0,1.0,0.9518409786540277,0.9518409786540277,0.9518409786540277,1.0,1.0,1.0,1.0,54.0,0.0,0.0,0.07410797215372045,13.0,0.0,0.0,0.018349138668196208,0.0
gtzan/gtzan_metal_00022/track.npy,gtzan,0.9298245614035088,0.6393828868509466,0.6393828868509466,0.6393828868509466,1.0,1.0,1.0,1.0,0.8571428571428571,0.6367976298703761,0.6367976298703761,0.6367976298703761,1.0,1.0,1.0,1.0,69.0,0.0,0.0,0.16602841325890869,17.0,0.0,0.0,0.06002102219229993,0.0
gtzan/gtzan_metal_00023/track.npy,gtzan,0.9917355371900827,0.9107124586725762,0.9107124586725762,0.9107124586725762,0.9836065573770492,0.9836065573770492,0.9836065573770492,0.9836065573770492,1.0,0.9330522443448395,0.9330522443448395,0.9330522443448395,1.0,1.0,1.0,1.0,72.0,0.0,0.0,0.09531017980433143,18.0,0.0,0.0,0.03593200922606282,0.0
gtzan/gtzan_metal_00024/track.npy,gtzan,1.0,0.934857995107235,0.934857995107235,0.934857995107235,1.0,1.0,1.0,1.0,1.0,0.935410567192705,0.935410567192705,0.935410567192705,1.0,1.0,1.0,1.0,56.0,0.0,0.0,0.07410797215372038,14.0,0.0,0.0,0.009302392662315029,0.0
gtzan/gtzan_metal_00025/track.npy,gtzan,0.9827586206896551,0.826594500811408,0.826594500811408,0.826594500811408,1.0,1.0,1.0,1.0,1.0,0.7671598245992532,0.7671598245992532,0.7671598245992532,1.0,1.0,1.0,1.0,69.0,0.0,0.0,0.2336148511815086,17.0,0.0,0.0,0.026998744130517737,0.0
gtzan/gtzan_metal_00026/track.npy,gtzan,0.8796296296296297,0.6999429795259665,0.6999429795259665,0.6999429795259665,0.17699115044247787,0.4336283185840708,0.17699115044247787,0.4336283185840708,0.41666666666666663,0.348732781447686,0.348732781447686,0.348732781447686,0.15217391304347827,0.15217391304347827,0.15217391304347827,0.15217391304347827,126.0,0.064,0.4,0.7621400520469054,53.0,0.0,0.17307692307692307,1.570457141699244,0.0
gtzan/gtzan_metal_00027/track.npy,gtzan,0.883495145631068,0.7244098512735299,0.7244098512735299,0.7244098512735299,0.2336448598130841,0.6448598130841121,0.2336448598130841,0.6448598130841121,0.6451612903225806,0.5275669896078499,0.5275669896078499,0.5275669896078499,0.1111111111111111,0.3055555555555556,0.1111111111111111,0.3055555555555556,120.0,0.0,0.04201680672268908,0.27849522409865357,44.0,0.0,0.0,1.4307461236907313,0.0
gtzan/gtzan_metal_00028/track.npy,gtzan,0.65,0.5570809523893605,0.622701209475977,0.5898910809326687,0.11764705882352941,0.22549019607843138,0.11764705882352941,0.22549019607843138,0.4090909090909091,0.3545480853105457,0.4043652375998176,0.37945666145518164,0.06666666666666667,0.23333333333333334,0.06666666666666667,0.23333333333333334,117.0,0.1896551724137931,0.4396551724137931,1.112568293358599,36.0,0.05714285714285714,0.17142857142857143,2.247479470962437,0.0
gtzan/gtzan_metal_00029/track.npy,gtzan,1.0,0.8709654117458868,0.8709654117458868,0.8709654117458868,1.0,1.0,1.0,1.0,1.0,0.8584624220181092,0.8584624220181092,0.8584624220181092,1.0,1.0,1.0,1.0,61.0,0.0,0.0,0.08004270767353472,15.0,0.0,0.0,0.031090587070032205,0.0
gtzan/gtzan_metal_00030/track.npy,gtzan,1.0,0.9657618802229585,0.9657618802229585,0.9657618802229585,1.0,1.0,1.0,1.0,1.0,0.9642260991475984,0.9642260991475984,0.9642260991475984,1.0,1.0,1.0,1.0,66.0,0.0,0.0,0.0870113769896318,16.0,0.0,0.0,0.021978906718775133,0.0
gtzan/gtzan_metal_00031/track.npy,gtzan,1.0,0.9098952892670183,0.9098952892670183,0.9098952892670183,1.0,1.0,1.0,1.0,1.0,0.8798799375838582,0.8798799375838582,0.8798799375838582,1.0,1.0,1.0,1.0,69.0,0.0,0.0,0.07763624943447991,18.0,0.0,0.0,0.02642070301046273,0.0
gtzan/gtzan_metal_00032/track.npy,gtzan,0.9931972789115647,0.7825958728084067,0.7825958728084067,0.7825958728084067,0.972972972972973,0.972972972972973,0.972972972972973,0.972972972972973,0.972972972972973,0.7497444688138034,0.7497444688138034,0.7497444688138034,0.9473684210526315,0.9473684210526315,0.9473684210526315,0.9473684210526315,87.0,0.0,0.0,0.11778303565638115,21.0,0.0,0.0,0.04505765404766703,0.0
gtzan/gtzan_metal_00033/track.npy,gtzan,0.7172413793103448,0.5965983460738571,0.7871586706231705,0.6918785083485137,0.10752688172043011,0.10752688172043011,0.4854368932038835,0.7766990291262136,0.25000000000000006,0.2157162175551044,0.2956739655115138,0.2556950915333091,0.0,0.0,0.17142857142857143,0.2,111.0,0.0,0.0,0.1670540846631774,40.0,0.0,0.0,1.6549458987399384,0.0
gtzan/gtzan_metal_00034/track.npy,gtzan,0.6474820143884892,0.5748110286142418,0.5748110286142418,0.5748110286142418,0.36486486486486486,0.4189189189189189,0.36486486486486486,0.4189189189189189,0.05128205128205128,0.05126718972761148,0.3131056210564022,0.18218640539200684,0.0,0.0,0.36363636363636365,0.5454545454545454,88.0,0.022988505747126436,0.14942528735632185,1.2750813730172106,26.0,0.0,0.12,2.150252880136478,0.0
gtzan/gtzan_metal_00035/track.npy,gtzan,0.9607843137254902,0.8932309252963435,0.8932309252963435,0.8932309252963435,0.8846153846153846,0.8846153846153846,0.8846153846153846,0.8846153846153846,0.9600000000000001,0.9128274403889418,0.9128274403889418,0.9128274403889418,0.9230769230769231,0.9230769230769231,0.9230769230769231,0.9230769230769231,69.0,0.0,0.04411764705882353,0.5987496159583832,17.0,0.0,0.0,0.49538875060085746,0.0
gtzan/gtzan_metal_00036/track.npy,gtzan,0.6941176470588236,0.5902867513802124,0.5948273617345885,0.5925570565574004,0.18018018018018017,0.27927927927927926,0.18018018018018017,0.27927927927927926,0.5777777777777778,0.5007014193509699,0.5007014193509699,0.5007014193509699,0.0967741935483871,0.16129032258064516,0.0967741935483871,0.16129032258064516,123.0,0.32786885245901637,0.5573770491803278,0.8472978603872008,37.0,0.027777777777777776,0.16666666666666666,1.851960677866704,0.0
gtzan/gtzan_metal_00037/track.npy,gtzan,0.9473684210526315,0.8819366459153983,0.8819366459153983,0.8819366459153983,0.5087719298245614,0.9298245614035088,0.5087719298245614,0.9298245614035088,0.5,0.44197090850980464,0.44197090850980464,0.44197090850980464,0.5714285714285714,0.5714285714285714,0.5714285714285714,0.5714285714285714,68.0,0.0,0.0,0.256200439046798,17.0,0.0,0.0,0.13524743098231815,0.0
gtzan/gtzan_metal_00038/track.npy,gtzan,0.6857142857142857,0.6043932519168818,0.6218244309902368,0.6131088414535593,0.25396825396825395,0.30158730158730157,0.25396825396825395,0.30158730158730157,0.2857142857142857,0.23329053637783195,0.27089768021547317,0.2520941082966526,0.0,0.0,0.058823529411764705,0.058823529411764705,71.0,0.02857142857142857,0.11428571428571428,1.0089394599867594,20.0,0.0,0.0,1.078682591956695,0.0
gtzan/gtzan_metal_00039/track.npy,gtzan,0.6756756756756758,0.6475918014718917,0.9468207863576789,0.7972062939147853,0.0,0.0,1.0,1.0,0.6666666666666666,0.6362045495548532,0.9144486689423791,0.7753266092486162,0.0,0.0,0.9166666666666666,0.9166666666666666,58.0,0.0,0.0,0.08004270767353472,14.0,0.0,0.0,0.014527984737426773,0.0
gtzan/gtzan_metal_00040/track.npy,gtzan,0.6569343065693432,0.6088529160347276,0.9128106642669933,0.7608317901508604,0.0,0.0,0.5604395604395604,0.9560439560439561,0.0,1.620730508641198e-10,1.620730508641198e-10,1.620730508641198e-10,0.0,0.0,0.0,0.0,109.0,0.0,0.009259259259259259,0.20763936477824618,27.0,0.0,0.0,0.05052730585039596,0.0
gtzan/gtzan_metal_00041/track.npy,gtzan,1.0,0.9474962042708005,0.9474962042708005,0.9474962042708005,1.0,1.0,1.0,1.0,1.0,0.9516686379832922,0.9516686379832922,0.9516686379832922,1.0,1.0,1.0,1.0,59.0,0.0,0.0,0.03922071315328459,15.0,0.0,0.0,0.028987536873252284,0.0
gtzan/gtzan_metal_00042/track.npy,gtzan,1.0,0.9420435371394537,0.9420435371394537,0.9420435371394537,1.0,1.0,1.0,1.0,1.0,0.9186160035456926,0.9186160035456926,0.9186160035456926,1.0,1.0,1.0,1.0,65.0,0.0,0.0,0.08275541554774564,17.0,0.0,0.0,0.032435275753154004,0.0
gtzan/gtzan_metal_00043/track.npy,gtzan,0.9873417721518987,0.9497459491460662,0.9497459491460662,0.9497459491460662,0.975,0.975,0.975,0.975,1.0,0.9754056336100575,0.9754056336100575,0.9754056336100575,1.0,1.0,1.0,1.0,47.0,0.0,0.0,0.03174869831458238,12.0,0.0,0.0,0.012218927110677538,0.0
gtzan/gtzan_metal_00044/track.npy,gtzan,0.8571428571428571,0.796185252933435,0.796185252933435,0.796185252933435,0.8571428571428571,0.8571428571428571,0.8571428571428571,0.8571428571428571,0.8461538461538461,0.774750513076856,0.774750513076856,0.774750513076856,1.0,1.0,1.0,1.0,59.0,0.0,0.0,0.08512544004017908,15.0,0.0,0.0,0.12232713564046657,0.0
gtzan/gtzan_metal_00045/track.npy,gtzan,0.6944444444444445,0.6455786051737314,0.8712536406290295,0.7584161229013805,0.08695652173913043,0.08695652173913043,0.5294117647058824,0.803921568627451,0.5555555555555556,0.5111969703648584,0.7234879327129219,0.6173424515388901,0.0,0.0,0.5,0.6666666666666666,56.0,0.0,0.0,0.08004270767354056,14.0,0.0,0.0,0.385122071404459,0.0
gtzan/gtzan_metal_00046/track.npy,gtzan,0.6824644549763035,0.5597470196990607,0.6112860029762519,0.5855165113376564,0.0782608695652174,0.28695652173913044,0.0782608695652174,0.28695652173913044,0.3380281690140845,0.28255043173437944,0.31269624285137915,0.29762333729287926,0.0425531914893617,0.1276595744680851,0.0425531914893617,0.1276595744680851,139.0,0.21739130434782608,0.463768115942029,1.0290031870763983,57.0,0.03571428571428571,0.125,2.172684257614334,0.0
gtzan/gtzan_metal_00047/track.npy,gtzan,0.7586206896551724,0.6860681087726989,0.6860681087726989,0.6860681087726989,0.6436781609195402,0.6781609195402298,0.6436781609195402,0.6781609195402298,0.5151515151515151,0.4735275361104059,0.5346140630683053,0.5040707995893556,0.06666666666666667,0.13333333333333333,0.1111111111111111,0.2,104.0,0.0,0.0,0.3791117221208604,52.0,0.0,0.0,1.3247344617375607,0.0
gtzan/gtzan_metal_00048/track.npy,gtzan,0.7039106145251396,0.6155362314682853,0.6155362314682853,0.6155362314682853,0.37362637362637363,0.5494505494505495,0.37362637362637363,0.5494505494505495,0.43749999999999994,0.37272677227091994,0.37272677227091994,0.37272677227091994,0.07142857142857142,0.11904761904761904,0.07142857142857142,0.11904761904761904,108.0,0.07476635514018691,0.18691588785046728,1.053031899469627,52.0,0.0,0.0,1.293720838994412,0.0
gtzan/gtzan_metal_00049/track.npy,gtzan,0.384180790960452,0.28815419849489415,0.565297621340743,0.42672590991781856,0.042105263157894736,0.12631578947368421,0.15789473684210525,0.3684210526315789,0.3214285714285714,0.24798550406651382,0.24798550406651382,0.24798550406651382,0.17142857142857143,0.3142857142857143,0.17142857142857143,0.3142857142857143,114.0,0.17699115044247787,0.3805309734513274,1.2494967178500962,43.0,0.19047619047619047,0.2619047619047619,2.164963715118021,0.0
gtzan/gtzan_metal_00050/track.npy,gtzan,0.7918781725888325,0.6932501544410485,0.6932501544410485,0.6932501544410485,0.1650485436893204,0.4174757281553398,0.1650485436893204,0.4174757281553398,0.4615384615384615,0.445466494856632,0.445466494856632,0.445466494856632,0.07142857142857142,0.09523809523809523,0.07142857142857142,0.09523809523809523,124.0,0.21951219512195122,0.35772357723577236,1.1825959697550994,50.0,0.10204081632653061,0.20408163265306123,2.302585092994052,0.0
gtzan/gtzan_metal_00051/track.npy,gtzan,0.888888888888889,0.805647030822113,0.805647030822113,0.805647030822113,0.4835164835164835,0.5824175824175825,0.4835164835164835,0.5824175824175825,0.5555555555555556,0.5030583086304722,0.5030583086304722,0.5030583086304722,0.125,0.15625,0.125,0.15625,95.0,0.0425531914893617,0.07446808510638298,0.825477273884672,40.0,0.0,0.0,1.5510273788416837,0.0
gtzan/gtzan_metal_00052/track.npy,gtzan,0.7457627118644068,0.6963921265642026,0.8284975714616198,0.7624448490129112,0.14414414414414414,0.1981981981981982,0.14414414414414414,0.5801526717557252,0.6521739130434783,0.6077444741573035,0.6077444741573035,0.6077444741573035,0.1,0.3333333333333333,0.1,0.3333333333333333,125.0,0.008064516129032258,0.5241935483870968,0.6880178511211904,34.0,0.0,0.15151515151515152,2.1042730307585114,0.0
gtzan/gtzan_metal_00053/track.npy,gtzan,0.7459459459459459,0.6411979454718201,0.6411979454718201,0.6411979454718201,0.17307692307692307,0.2692307692307692,0.17307692307692307,0.2692307692307692,0.3793103448275862,0.3265924675083235,0.3265924675083235,0.3265924675083235,0.09375,0.125,0.09375,0.125,105.0,0.125,0.2692307692307692,0.9546984324191115,39.0,0.05263157894736842,0.13157894736842105,2.0374662773405188,0.0
gtzan/gtzan_metal_00054/track.npy,gtzan,0.5632183908045978,0.4308769865622837,0.49446632796255396,0.4626716572624188,0.019230769230769232,0.04807692307692308,0.22857142857142856,0.44285714285714284,0.03636363636363637,0.020455958495589843,0.026002792301002834,0.023229375398296337,0.06896551724137931,0.10344827586206896,0.10344827586206896,0.1724137931034483,81.0,0.0625,0.15,1.2827687593288901,36.0,0.05714285714285714,0.11428571428571428,2.1128001046113454,0.0
gtzan/gtzan_metal_00055/track.npy,gtzan,0.9929078014184397,0.9270266186409408,0.9270266186409408,0.9270266186409408,0.9859154929577465,0.9859154929577465,0.9859154929577465,0.9859154929577465,1.0,0.9050059704777619,0.9050059704777619,0.9050059704777619,1.0,1.0,1.0,1.0,84.0,0.0,0.0,0.11122563511022676,21.0,0.0,0.0,0.06165758771960285,0.0
gtzan/gtzan_metal_00056/track.npy,gtzan,0.9285714285714286,0.8638034551330304,0.8638034551330304,0.8638034551330304,0.7222222222222222,0.7222222222222222,0.7222222222222222,0.7222222222222222,0.7906976744186046,0.712034232873173,0.712034232873173,0.712034232873173,0.7391304347826086,0.7391304347826086,0.7391304347826086,0.7391304347826086,96.0,0.0,0.010526315789473684,0.33274341070198704,24.0,0.0,0.0,0.18406513051578535,0.0
gtzan/gtzan_metal_00057/track.npy,gtzan,1.0,0.9117620470291262,0.9117620470291262,0.9117620470291262,1.0,1.0,1.0,1.0,1.0,0.8418464967386023,0.8418464967386023,0.8418464967386023,1.0,1.0,1.0,1.0,64.0,0.0,0.0,0.08701137698962991,16.0,0.0,0.0,0.03208831455150109,0.0
gtzan/gtzan_metal_00058/track.npy,gtzan,1.0,0.9568614030412349,0.9568614030412349,0.9568614030412349,1.0,1.0,1.0,1.0,1.0,0.9451111348154827,0.9451111348154827,0.9451111348154827,1.0,1.0,1.0,1.0,73.0,0.0,0.0,0.09531017980432294,19.0,0.0,0.0,0.038734535700274624,0.0
gtzan/gtzan_metal_00059/track.npy,gtzan,0.7708333333333333,0.7118590754939574,0.7118590754939574,0.7118590754939574,0.36363636363636365,0.4909090909090909,0.36363636363636365,0.4909090909090909,0.4,0.3869919417695763,0.5999654962048193,0.4934787189871978,0.0,0.0,0.2,0.48,73.0,0.027777777777777776,0.1388888888888889,1.023846421682634,33.0,0.0,0.0625,1.5749414766906256,0.0
gtzan/gtzan_metal_00060/track.npy,gtzan,1.0,0.9327381064390057,0.9327381064390057,0.9327381064390057,1.0,1.0,1.0,1.0,1.0,0.948810507756263,0.948810507756263,0.948810507756263,1.0,1.0,1.0,1.0,45.0,0.0,0.0,0.060624621816436144,12.0,0.0,0.0,0.018984709230367876,0.0
gtzan/gtzan_metal_00061/track.npy,gtzan,1.0,0.9214168109490819,0.9214168109490819,0.9214168109490819,0.6043956043956044,0.9560439560439561,0.6043956043956044,0.9560439560439561,1.0,0.935532079931627,0.935532079931627,0.935532079931627,1.0,1.0,1.0,1.0,109.0,0.0,0.009259259259259259,0.20763936477824618,27.0,0.0,0.0,0.05052730585039596,0.0
gtzan/gtzan_metal_00062/track.npy,gtzan,1.0,0.9525665545534068,0.9525665545534068,0.9525665545534068,1.0,1.0,1.0,1.0,1.0,0.9516686379832922,0.9516686379832922,0.9516686379832922,1.0,1.0,1.0,1.0,59.0,0.0,0.0,0.03922071315328459,15.0,0.0,0.0,0.028987536873252284,0.0
gtzan/gtzan_metal_00063/track.npy,gtzan,1.0,0.9472190252644043,0.9472190252644043,0.9472190252644043,1.0,1.0,1.0,1.0,1.0,0.9186160035456926,0.9186160035456926,0.9186160035456926,1.0,1.0,1.0,1.0,65.0,0.0,0.0,0.08275541554774564,17.0,0.0,0.0,0.032435275753154004,0.0
gtzan/gtzan_metal_00064/track.npy,gtzan,1.0,0.9595805129857806,0.9595805129857806,0.9595805129857806,1.0,1.0,1.0,1.0,1.0,0.9754056336100575,0.9754056336100575,0.9754056336100575,1.0,1.0,1.0,1.0,47.0,0.0,0.0,0.03174869831458238,12.0,0.0,0.0,0.012218927110677538,0.0
gtzan/gtzan_metal_00065/track.npy,gtzan,0.8571428571428571,0.8226761562729578,0.8226761562729578,0.8226761562729578,0.8571428571428571,0.8571428571428571,0.8571428571428571,0.8571428571428571,0.8461538461538461,0.810795993739724,0.810795993739724,0.810795993739724,1.0,1.0,1.0,1.0,59.0,0.0,0.0,0.08512544004017908,15.0,0.0,0.0,0.12232713564046657,0.0
gtzan/gtzan_metal_00066/track.npy,gtzan,0.704225352112676,0.6826598166628343,0.9200998156196609,0.8013798161412475,0.08695652173913043,0.08695652173913043,0.5510204081632653,0.8367346938775511,0.5555555555555556,0.5138595863964014,0.7324904983894204,0.6231750423929109,0.0,0.0,0.5,0.6666666666666666,56.0,0.0,0.0,0.08004270767354056,14.0,0.0,0.0,0.385122071404459,0.0
gtzan/gtzan_metal_00067/track.npy,gtzan,1.0,0.9800249203707285,0.9800249203707285,0.9800249203707285,1.0,1.0,1.0,1.0,0.0,6.65021885309887e-108,0.9320418032843706,0.4660209016421853,0.0,0.0,0.9285714285714286,0.9285714285714286,67.0,0.0,0.0,0.04445176257084003,16.0,0.0,0.0,0.011049836186585293,0.0
gtzan/gtzan_metal_00068/track.npy,gtzan,1.0,0.9822853818497101,0.9822853818497101,0.9822853818497101,1.0,1.0,1.0,1.0,1.0,0.9946115962746556,0.9946115962746556,0.9946115962746556,1.0,1.0,1.0,1.0,83.0,0.0,0.0,0.05406722127028396,20.0,0.0,0.0,0.027084217657948,0.0
gtzan/gtzan_metal_00069/track.npy,gtzan,1.0,0.943585898100829,0.943585898100829,0.943585898100829,1.0,1.0,1.0,1.0,1.0,0.9330766592138435,0.9330766592138435,0.9330766592138435,1.0,1.0,1.0,1.0,82.0,0.0,0.0,0.057158413839947464,20.0,0.0,0.0,0.04291993081646622,0.0
gtzan/gtzan_metal_00070/track.npy,gtzan,1.0,0.943398222459901,0.943398222459901,0.943398222459901,1.0,1.0,1.0,1.0,1.0,0.939740885802481,0.939740885802481,0.939740885802481,1.0,1.0,1.0,1.0,58.0,0.0,0.0,0.04865579514899718,15.0,0.0,0.0,0.023473235753068752,0.0
gtzan/gtzan_metal_00071/track.npy,gtzan,1.0,0.9766668890208722,0.9766668890208722,0.9766668890208722,1.0,1.0,1.0,1.0,1.0,0.9802918553569597,0.9802918553569597,0.9802918553569597,1.0,1.0,1.0,1.0,42.0,0.0,0.0,0.02817087696670073,11.0,0.0,0.0,0.007067167223092197,0.0
gtzan/gtzan_metal_00072/track.npy,gtzan,1.0,0.9109803921527616,0.9109803921527616,0.9109803921527616,1.0,1.0,1.0,1.0,1.0,0.9167762564478966,0.9167762564478966,0.9167762564478966,1.0,1.0,1.0,1.0,60.0,0.0,0.0,0.04082199452025603,15.0,0.0,0.0,0.020081482951009755,0.0
gtzan/gtzan_metal_00073/track.npy,gtzan,0.738095238095238,0.6832917904552227,0.8564493980488376,0.7698705942520301,0.16981132075471697,0.16981132075471697,0.7213114754098361,0.7213114754098361,0.7272727272727273,0.6845964617502747,0.8308856527542219,0.7577410572522483,0.21428571428571427,0.21428571428571427,0.6666666666666666,0.6666666666666666,63.0,0.0,0.0,0.10008345855698919,16.0,0.0,0.0,0.5031021893210567,0.0
gtzan/gtzan_metal_00074/track.npy,gtzan,0.9902912621359222,0.9474201838627313,0.9474201838627313,0.9474201838627313,0.9807692307692307,0.9807692307692307,0.9807692307692307,0.9807692307692307,0.46153846153846156,0.45330643626445755,0.6065379652686781,0.5299222007665678,0.38461538461538464,0.38461538461538464,0.46153846153846156,0.46153846153846156,63.0,0.0,0.0,0.04255961441879497,16.0,0.0,0.0,0.2903474093300281,0.0
gtzan/gtzan_metal_00075/track.npy,gtzan,1.0,0.9465919994055575,0.9465919994055575,0.9465919994055575,1.0,1.0,1.0,1.0,1.0,0.924751712148663,0.924751712148663,0.924751712148663,1.0,1.0,1.0,1.0,56.0,0.0,0.0,0.03774032798285071,14.0,0.0,0.0,0.009478743954543184,0.0
gtzan/gtzan_metal_00076/track.npy,gtzan,0.9586776859504132,0.911699965062264,0.911699965062264,0.911699965062264,0.7301587301587301,0.8571428571428571,0.7301587301587301,0.8571428571428571,0.7333333333333334,0.7011641884169569,0.7011641884169569,0.7011641884169569,0.6875,0.6875,0.6875,0.6875,89.0,0.056818181818181816,0.1590909090909091,0.8296457103803258,23.0,0.0,0.0,0.4653632496892331,0.0
gtzan/gtzan_metal_00077/track.npy,gtzan,0.8840579710144928,0.8241688464623258,0.8241688464623258,0.8241688464623258,0.5394736842105263,0.631578947368421,0.5394736842105263,0.631578947368421,0.7804878048780487,0.7210094349772225,0.8326047328514322,0.7768070839143273,0.2,0.28,0.5161290322580645,0.5806451612903226,95.0,0.0425531914893617,0.1595744680851064,0.783317011427213,31.0,0.0,0.0,0.7259185005433703,0.0
gtzan/gtzan_metal_00078/track.npy,gtzan,0.9820359281437125,0.8989032222781617,0.8989032222781617,0.8989032222781617,0.9285714285714286,0.9523809523809523,0.9285714285714286,0.9523809523809523,0.5625000000000001,0.470639395622062,0.5867959638636455,0.5287176797428538,0.09302325581395349,0.13953488372093023,0.09302325581395349,0.23255813953488372,101.0,0.0,0.0,0.29145610525006455,50.0,0.0,0.0,1.3622911246002896,0.0
gtzan/gtzan_metal_00079/track.npy,gtzan,1.0,0.924490229641206,0.924490229641206,0.924490229641206,1.0,1.0,1.0,1.0,1.0,0.9253955342850504,0.9253955342850504,0.9253955342850504,1.0,1.0,1.0,1.0,62.0,0.0,0.0,0.04082199452025603,15.0,0.0,0.0,0.010256500167187044,0.0
gtzan/gtzan_metal_00080/track.npy,gtzan,0.8095238095238095,0.7782413588119804,0.8118631447434126,0.7950522517776966,0.28,0.36,0.47058823529411764,0.47058823529411764,0.8181818181818181,0.7857593917160268,0.7857593917160268,0.7857593917160268,0.3076923076923077,0.38461538461538464,0.4444444444444444,0.4444444444444444,41.0,0.0,0.0,0.027398974188118708,11.0,0.0,0.0,0.0068259650704007415,0.0
gtzan/gtzan_metal_00081/track.npy,gtzan,0.9579831932773109,0.8731013568305461,0.8731013568305461,0.8731013568305461,0.8387096774193549,0.8387096774193549,0.8387096774193549,0.8387096774193549,0.0689655172413793,0.05397962332702662,0.6440457190749912,0.34901267120100893,0.0,0.0,0.7857142857142857,0.7857142857142857,63.0,0.0,0.0,0.10008345855698919,16.0,0.0,0.0,0.337788281362801,0.0
gtzan/gtzan_metal_00082/track.npy,gtzan,1.0,0.9736574732238937,0.9736574732238937,0.9736574732238937,1.0,1.0,1.0,1.0,1.0,0.9858984939176713,0.9858984939176713,0.9858984939176713,1.0,1.0,1.0,1.0,61.0,0.0,0.0,0.08004270767353472,16.0,0.0,0.0,0.013952562094062778,0.0
gtzan/gtzan_metal_00083/track.npy,gtzan,1.0,0.9527569255073418,0.9527569255073418,0.9527569255073418,1.0,1.0,1.0,1.0,1.0,0.9503087990876685,0.9503087990876685,0.9503087990876685,1.0,1.0,1.0,1.0,59.0,0.0,0.0,0.04082199452025499,15.0,0.0,0.0,0.019686133751496703,0.0
gtzan/gtzan_metal_00084/track.npy,gtzan,0.9919999999999999,0.957537646960375,0.957537646960375,0.957537646960375,0.9841269841269841,0.9841269841269841,0.9841269841269841,0.9841269841269841,0.967741935483871,0.919176563833545,0.919176563833545,0.919176563833545,0.9375,0.9375,0.9375,0.9375,75.0,0.0,0.0,0.10008345855698919,19.0,0.0,0.0,0.01242251999855909,0.0
gtzan/gtzan_metal_00085/track.npy,gtzan,1.0,0.9281230358881986,0.9281230358881986,0.9281230358881986,1.0,1.0,1.0,1.0,1.0,0.9262244960086325,0.9262244960086325,0.9262244960086325,1.0,1.0,1.0,1.0,51.0,0.0,0.0,0.03509131981127132,12.0,0.0,0.0,0.03499641117642358,0.0
gtzan/gtzan_metal_00086/track.npy,gtzan,1.0,0.9496799234132932,0.9496799234132932,0.9496799234132932,1.0,1.0,1.0,1.0,1.0,0.9229047512685857,0.9229047512685857,0.9229047512685857,1.0,1.0,1.0,1.0,61.0,0.0,0.0,0.04082199452025792,15.0,0.0,0.0,0.030584187957527775,0.0
gtzan/gtzan_metal_00087/track.npy,gtzan,1.0,0.9374080461139572,0.9374080461139572,0.9374080461139572,1.0,1.0,1.0,1.0,1.0,0.935329889067613,0.935329889067613,0.935329889067613,1.0,1.0,1.0,1.0,95.0,0.0,0.0,0.13353139262452585,23.0,0.0,0.0,0.03174869831458105,0.0
gtzan/gtzan_metal_00088/track.npy,gtzan,1.0,0.9449519197040983,0.9449519197040983,0.9449519197040983,1.0,1.0,1.0,1.0,1.0,0.953168286315993,0.953168286315993,0.953168286315993,1.0,1.0,1.0,1.0,58.0,0.0,0.0,0.039220713153287345,15.0,0.0,0.0,0.019494240069611025,0.0
gtzan/gtzan_metal_00089/track.npy,gtzan,0.7441860465116279,0.6771476549913674,0.8437475469442769,0.7604476009678222,0.16666666666666666,0.16666666666666666,0.7142857142857143,0.7142857142857143,0.5454545454545454,0.4942206559352048,0.8340957982396272,0.664158227087416,0.0,0.0,0.8,0.8,67.0,0.0,0.0,0.10008345855698919,17.0,0.0,0.0,0.22902060017646572,0.0
gtzan/gtzan_metal_00090/track.npy,gtzan,1.0,0.9060328012570643,0.9060328012570643,0.9060328012570643,1.0,1.0,1.0,1.0,1.0,0.8991084645263591,0.8991084645263591,0.8991084645263591,1.0,1.0,1.0,1.0,90.0,0.0,0.0,0.11778303565638433,23.0,0.0,0.0,0.04445176257083289,0.0
gtzan/gtzan_metal_00091/track.npy,gtzan,0.7819548872180451,0.6708896285544743,0.6708896285544743,0.6708896285544743,0.11842105263157894,0.4473684210526316,0.11842105263157894,0.4473684210526316,0.8125000000000001,0.7872012573729998,0.7872012573729998,0.7872012573729998,0.5,0.6666666666666666,0.5,0.6666666666666666,87.0,0.09302325581395349,0.22093023255813954,1.1393211812176525,22.0,0.0,0.09523809523809523,2.4643399765696334,0.0
gtzan/gtzan_metal_00092/track.npy,gtzan,0.888888888888889,0.8363342386291448,0.8363342386291448,0.8363342386291448,0.4057971014492754,0.6521739130434783,0.4057971014492754,0.6521739130434783,0.3157894736842105,0.29002540294200685,0.37081210919394625,0.33041875606797655,0.0,0.0,0.18518518518518517,0.2962962962962963,79.0,0.0,0.05128205128205128,0.6681210865846129,28.0,0.0,0.0,1.026789171167419,0.0
gtzan/gtzan_metal_00093/track.npy,gtzan,0.9444444444444444,0.8982853157795664,0.8982853157795664,0.8982853157795664,0.7361111111111112,0.8888888888888888,0.7361111111111112,0.8888888888888888,1.0,0.9337850311957528,0.9337850311957528,0.9337850311957528,1.0,1.0,1.0,1.0,86.0,0.0,0.0,0.34714403603127764,21.0,0.0,0.0,0.030406000372448352,0.0
gtzan/gtzan_metal_00094/track.npy,gtzan,0.7142857142857142,0.6212589115694293,0.6212589115694293,0.6212589115694293,0.43243243243243246,0.4864864864864865,0.43243243243243246,0.4864864864864865,0.631578947368421,0.5431397399382112,0.5431397399382112,0.5431397399382112,0.36363636363636365,0.6363636363636364,0.36363636363636365,0.6363636363636364,88.0,0.022988505747126436,0.14942528735632185,1.2750813730172106,26.0,0.0,0.12,2.150252880136478,0.0
gtzan/gtzan_metal_00095/track.npy,gtzan,0.8285714285714286,0.7208215072024531,0.7208215072024531,0.7208215072024531,0.3684210526315789,0.7105263157894737,0.3684210526315789,0.7105263157894737,0.608695652173913,0.5317144287310908,0.532134464880697,0.5319244468058939,0.13333333333333333,0.2,0.13333333333333333,0.26666666666666666,46.0,0.022222222222222223,0.022222222222222223,0.8612990623903787,19.0,0.0,0.0,1.4996410122607493,0.0
gtzan/gtzan_metal_00096/track.npy,gtzan,0.810126582278481,0.7410688473511468,0.7410688473511468,0.7410688473511468,0.6190476190476191,0.6190476190476191,0.6190476190476191,0.6190476190476191,0.6666666666666666,0.6404750584412822,0.6404750584412822,0.6404750584412822,0.6363636363636364,0.6363636363636364,0.6363636363636364,0.6363636363636364,53.0,0.0,0.0,0.19442868585425022,14.0,0.0,0.0,0.41531632666854723,0.0
gtzan/gtzan_metal_00097/track.npy,gtzan,0.9315068493150686,0.8594987044651985,0.8594987044651985,0.8594987044651985,0.717948717948718,0.717948717948718,0.717948717948718,0.717948717948718,0.9473684210526316,0.8464679799913346,0.8464679799913346,0.8464679799913346,0.7,0.7,0.7,0.7,52.0,0.0,0.0,0.05281895417305053,13.0,0.0,0.0,0.3489602296563018,0.0
gtzan/gtzan_metal_00098/track.npy,gtzan,0.88,0.8528297043253182,0.8528297043253182,0.8528297043253182,0.40476190476190477,0.5714285714285714,0.40476190476190477,0.5714285714285714,0.6666666666666666,0.6528471561298472,0.8132610683069725,0.7330541122184099,0.0625,0.0625,0.6875,0.6875,48.0,0.0,0.0,0.6931471805599498,19.0,0.0,0.0,1.646567486395919,0.0
gtzan/gtzan_metal_00099/track.npy,gtzan,0.7142857142857143,0.6210924825402451,0.8280067089531791,0.7245495957467121,0.12962962962962962,0.12962962962962962,0.7796610169491526,0.7796610169491526,0.7272727272727273,0.6207800810917443,0.854865278230061,0.7378226796609026,0.14285714285714285,0.14285714285714285,0.8,0.8,60.0,0.0,0.0,0.10008345855698919,15.0,0.0,0.0,0.3040873546177509,0.0
gtzan/gtzan_pop_00000/track.npy,gtzan,0.7088607594936709,0.6862706871831152,0.7540170673874087,0.720143877285262,0.13725490196078433,0.19607843137254902,0.2727272727272727,0.6,0.7000000000000001,0.6902599588386347,0.9007020259096173,0.795480992374126,0.07692307692307693,0.07692307692307693,0.46153846153846156,0.8461538461538461,56.0,0.10909090909090909,0.10909090909090909,1.6745100820757166,14.0,0.0,0.0,0.6956402617289721,0.0
gtzan/gtzan_pop_00001/track.npy,gtzan,0.9213483146067416,0.5895467267976975,0.5895467267976975,0.5895467267976975,0.9777777777777777,0.9777777777777777,0.9777777777777777,0.9777777777777777,0.8695652173913043,0.5277140339955476,0.5277140339955476,0.5277140339955476,0.9166666666666666,0.9166666666666666,0.9166666666666666,0.9166666666666666,54.0,0.0,0.0,0.14310084364067654,14.0,0.0,0.0,0.04813241577799239,0.0
gtzan/gtzan_pop_00002/track.npy,gtzan,0.9904761904761905,0.9613944757377304,0.9613944757377304,0.9613944757377304,0.9811320754716981,0.9811320754716981,0.9811320754716981,0.9811320754716981,1.0,0.97473127982119,0.97473127982119,0.97473127982119,1.0,1.0,1.0,1.0,64.0,0.0,0.0,0.04255961441880263,16.0,0.0,0.0,0.010471299867297001,0.0
gtzan/gtzan_pop_00003/track.npy,gtzan,0.9743589743589743,0.9427507518381291,0.9427507518381291,0.9427507518381291,0.9743589743589743,0.9743589743589743,0.9743589743589743,0.9743589743589743,0.9,0.8855293810747474,0.8855293810747474,0.8855293810747474,1.0,1.0,1.0,1.0,47.0,0.0,0.0,0.05465402918649869,12.0,0.0,0.0,0.02066381966951755,0.0
gtzan/gtzan_pop_00004/track.npy,gtzan,1.0,0.9819830725609997,0.9819830725609997,0.9819830725609997,1.0,1.0,1.0,1.0,1.0,0.9852901011944751,0.9852901011944751,0.9852901011944751,1.0,1.0,1.0,1.0,40.0,0.0,0.0,0.026668247082163494,10.0,0.0,0.0,0.006688988150796549,0.0
gtzan/gtzan_pop_00005/track.npy,gtzan,1.0,0.9421272048797976,0.9421272048797976,0.9421272048797976,1.0,1.0,1.0,1.0,1.0,0.8735637657190054,0.8735637657190054,0.8735637657190054,1.0,1.0,1.0,1.0,44.0,0.0,0.0,0.10131222560099586,11.0,0.0,0.0,0.1550883384391292,0.0
gtzan/gtzan_pop_00006/track.npy,gtzan,0.9743589743589743,0.93410868126024,0.93410868126024,0.93410868126024,0.9743589743589743,0.9743589743589743,0.9743589743589743,0.9743589743589743,0.9,0.8660355827692683,0.8660355827692683,0.8660355827692683,1.0,1.0,1.0,1.0,47.0,0.0,0.0,0.030771658666755797,12.0,0.0,0.0,0.020663819669518,0.0
gtzan/gtzan_pop_00007/track.npy,gtzan,0.8437499999999999,0.8067976216055459,0.8067976216055459,0.8067976216055459,0.24324324324324326,0.43243243243243246,0.24324324324324326,0.43243243243243246,0.6666666666666666,0.6259498477605191,0.7388399469933451,0.682394897376932,0.08333333333333333,0.08333333333333333,0.5833333333333334,0.5833333333333334,45.0,0.0,0.0,0.7117045390424074,15.0,0.0,0.0,1.0803857463595126,0.0
gtzan/gtzan_pop_00008/track.npy,gtzan,1.0,0.9862173367570239,0.9862173367570239,0.9862173367570239,1.0,1.0,1.0,1.0,1.0,0.984938491353697,0.984938491353697,0.984938491353697,1.0,1.0,1.0,1.0,42.0,0.0,0.0,0.029540825676106143,10.0,0.0,0.0,0.0070175726586469865,0.0
gtzan/gtzan_pop_00009/track.npy,gtzan,0.8863636363636364,0.6353105602774676,0.6353105602774676,0.6353105602774676,0.9555555555555556,0.9555555555555556,0.9555555555555556,0.9555555555555556,0.8571428571428572,0.6131983085100488,0.6131983085100488,0.6131983085100488,0.9090909090909091,0.9090909090909091,0.9090909090909091,0.9090909090909091,54.0,0.0,0.0,0.17589066646366663,14.0,0.0,0.0,0.06608799674490234,0.0
gtzan/gtzan_pop_00010/track.npy,gtzan,0.9777777777777777,0.8384514271490635,0.8384514271490635,0.8384514271490635,0.9777777777777777,0.9777777777777777,0.9777777777777777,0.9777777777777777,1.0,0.8387166418645692,0.8387166418645692,0.8387166418645692,1.0,1.0,1.0,1.0,54.0,0.0,0.0,0.14310084364067355,13.0,0.0,0.0,0.0444517625708345,0.0
gtzan/gtzan_pop_00011/track.npy,gtzan,0.14545454545454545,0.0968508545175426,0.16309581303960582,0.12997333377857423,0.1,0.16666666666666666,0.1,0.2,0.0,0.011365644102604044,0.014465365221496057,0.012915504662050051,0.25,0.25,0.25,0.25,37.0,0.0,0.0,0.20808096747258525,10.0,0.0,0.0,0.18309512883453924,0.0
gtzan/gtzan_pop_00012/track.npy,gtzan,0.9397590361445782,0.7928170228881302,0.7928170228881302,0.7928170228881302,0.9523809523809523,0.9523809523809523,0.9523809523809523,0.9523809523809523,0.962962962962963,0.8323381705958612,0.8323381705958612,0.8323381705958612,0.9285714285714286,0.9285714285714286,0.9285714285714286,0.9285714285714286,50.0,0.0,0.0,0.06669137449867223,17.0,0.0,0.0,0.033152207316899995,0.0
gtzan/gtzan_pop_00013/track.npy,gtzan,1.0,0.9773875021393972,0.9773875021393972,0.9773875021393972,1.0,1.0,1.0,1.0,1.0,0.9984847201768172,0.9984847201768172,0.9984847201768172,1.0,1.0,1.0,1.0,36.0,0.0,0.0,0.04762804898925715,9.0,0.0,0.0,1.043609643147647e-15,0.0
gtzan/gtzan_pop_00014/track.npy,gtzan,0.9896907216494846,0.9159436978006997,0.9159436978006997,0.9159436978006997,0.9795918367346939,0.9795918367346939,0.9795918367346939,0.9795918367346939,1.0,0.9179734581745138,0.9179734581745138,0.9179734581745138,1.0,1.0,1.0,1.0,59.0,0.0,0.0,0.07696104113612678,15.0,0.0,0.0,0.02707475048323828,0.0
gtzan/gtzan_pop_00015/track.npy,gtzan,1.0,0.9348464482564918,0.9348464482564918,0.9348464482564918,1.0,1.0,1.0,1.0,1.0,0.9400779088422325,0.9400779088422325,0.9400779088422325,1.0,1.0,1.0,1.0,52.0,0.0,0.0,0.06899287148695085,13.0,0.0,0.0,0.008658062743116257,0.0
gtzan/gtzan_pop_00016/track.npy,gtzan,0.8913043478260869,0.8607311758688695,0.8607311758688695,0.8607311758688695,0.8260869565217391,0.9130434782608695,0.8260869565217391,0.9130434782608695,0.8333333333333334,0.8182745295660724,0.8182745295660724,0.8182745295660724,1.0,1.0,1.0,1.0,55.0,0.0,0.0,0.33029312539393546,14.0,0.0,0.0,0.16270122476774188,0.0
gtzan/gtzan_pop_00017/track.npy,gtzan,0.8695652173913043,0.6925924836344358,0.6925924836344358,0.6925924836344358,0.9782608695652174,0.9782608695652174,0.9782608695652174,0.9782608695652174,0.8333333333333334,0.6968855127929526,0.6968855127929526,0.6968855127929526,1.0,1.0,1.0,1.0,56.0,0.0,0.0,0.14842000511827452,14.0,0.0,0.0,0.05862836944886091,0.0
gtzan/gtzan_pop_00018/track.npy,gtzan,1.0,0.8644719734869373,0.8644719734869373,0.8644719734869373,1.0,1.0,1.0,1.0,1.0,0.8754840406154477,0.8754840406154477,0.8754840406154477,1.0,1.0,1.0,1.0,61.0,0.0,0.0,0.04082199452025792,15.0,0.0,0.0,0.010152371464018529,0.0
gtzan/gtzan_pop_00019/track.npy,gtzan,0.9069767441860465,0.8827259913072159,0.8827259913072159,0.8827259913072159,0.2765957446808511,0.8297872340425532,0.2765957446808511,0.8297872340425532,0.9090909090909091,0.8854575641961818,0.8854575641961818,0.8854575641961818,0.5833333333333334,0.8333333333333334,0.5833333333333334,0.8333333333333334,55.0,0.14814814814814814,0.14814814814814814,2.0794415416798135,14.0,0.15384615384615385,0.15384615384615385,3.473518043241757,0.0
gtzan/gtzan_pop_00020/track.npy,gtzan,0.8666666666666667,0.596984420776655,0.596984420776655,0.596984420776655,1.0,1.0,1.0,1.0,0.7272727272727273,0.48623608914835786,0.48623608914835786,0.48623608914835786,1.0,1.0,1.0,1.0,54.0,0.0,0.0,0.1970769770643018,13.0,0.0,0.0,0.05406722127027619,0.0
gtzan/gtzan_pop_00021/track.npy,gtzan,0.988235294117647,0.9497178243368031,0.9497178243368031,0.9497178243368031,0.9767441860465116,0.9767441860465116,0.9767441860465116,0.9767441860465116,1.0,0.9481465319698216,0.9481465319698216,0.9481465319698216,1.0,1.0,1.0,1.0,50.0,0.0,0.0,0.03390155167568665,13.0,0.0,0.0,0.012730123990840836,0.0
gtzan/gtzan_pop_00022/track.npy,gtzan,1.0,0.7978249063732072,0.7978249063732072,0.7978249063732072,1.0,1.0,1.0,1.0,1.0,0.7749577127361515,0.7749577127361515,0.7749577127361515,1.0,1.0,1.0,1.0,52.0,0.0,0.0,0.06899287148695335,13.0,0.0,0.0,0.008658062743115591,0.0
gtzan/gtzan_pop_00023/track.npy,gtzan,1.0,0.9386545731290663,0.9386545731290663,0.9386545731290663,1.0,1.0,1.0,1.0,1.0,0.9284433676915412,0.9284433676915412,0.9284433676915412,1.0,1.0,1.0,1.0,52.0,0.0,0.0,0.06899287148695335,13.0,0.0,0.0,0.00858374369139192,0.0
gtzan/gtzan_pop_00024/track.npy,gtzan,0.8990825688073394,0.8558331231560409,0.8558331231560409,0.8558331231560409,0.3,0.6833333333333333,0.3,0.6833333333333333,0.6428571428571429,0.6192221466852086,0.6192221466852086,0.6192221466852086,0.25,0.3125,0.25,0.3125,70.0,0.15942028985507245,0.15942028985507245,1.8580749272979336,19.0,0.0,0.0,0.7029033555053115,0.0
gtzan/gtzan_pop_00025/track.npy,gtzan,1.0,0.9677551773674065,0.9677551773674065,0.9677551773674065,1.0,1.0,1.0,1.0,1.0,0.9621984355035761,0.9621984355035761,0.9621984355035761,1.0,1.0,1.0,1.0,38.0,0.0,0.0,0.05001042057466251,9.0,0.0,0.0,4.440892098500626e-16,0.0
gtzan/gtzan_pop_00026/track.npy,gtzan,0.9841269841269841,0.9660719740482716,0.9660719740482716,0.9660719740482716,0.96875,0.96875,0.96875,0.96875,1.0,0.9770180127892066,0.9770180127892066,0.9770180127892066,1.0,1.0,1.0,1.0,38.0,0.0,0.0,0.02531780798429384,10.0,0.0,0.0,0.006349227678658531,0.0
gtzan/gtzan_pop_00027/track.npy,gtzan,1.0,0.9776226884043884,0.9776226884043884,0.9776226884043884,1.0,1.0,1.0,1.0,1.0,0.9821219799512682,0.9821219799512682,0.9821219799512682,1.0,1.0,1.0,1.0,42.0,0.0,0.0,0.02817087696670073,10.0,0.0,0.0,0.007017572658646554,0.0
gtzan/gtzan_pop_00028/track.npy,gtzan,1.0,0.9808044614512454,0.9808044614512454,0.9808044614512454,1.0,1.0,1.0,1.0,1.0,0.9822196365817247,0.9822196365817247,0.9822196365817247,1.0,1.0,1.0,1.0,51.0,0.0,0.0,0.03390155167568665,13.0,0.0,0.0,0.008438868645865183,0.0
gtzan/gtzan_pop_00029/track.npy,gtzan,1.0,0.9595864616845743,0.9595864616845743,0.9595864616845743,1.0,1.0,1.0,1.0,1.0,0.9295458562350508,0.9295458562350508,0.9295458562350508,1.0,1.0,1.0,1.0,40.0,0.0,0.0,0.026668247082165475,10.0,0.0,0.0,0.013333530869465603,0.0
gtzan/gtzan_pop_00030/track.npy,gtzan,1.0,0.9566946768366371,0.9566946768366371,0.9566946768366371,1.0,1.0,1.0,1.0,1.0,0.9678080582051167,0.9678080582051167,0.9678080582051167,1.0,1.0,1.0,1.0,48.0,0.0,0.0,0.03252954169588951,12.0,0.0,0.0,0.015873349156289795,0.0
gtzan/gtzan_pop_00031/track.npy,gtzan,1.0,0.783170828645585,0.783170828645585,0.783170828645585,1.0,1.0,1.0,1.0,1.0,0.778108800882597,0.778108800882597,0.778108800882597,1.0,1.0,1.0,1.0,48.0,0.0,0.0,0.031748698314584545,12.0,0.0,0.0,0.015873349156290222,0.0
gtzan/gtzan_pop_00032/track.npy,gtzan,1.0,0.9743993901330844,0.9743993901330844,0.9743993901330844,1.0,1.0,1.0,1.0,1.0,0.9905445012787244,0.9905445012787244,0.9905445012787244,1.0,1.0,1.0,1.0,48.0,0.0,0.0,0.031748698314585266,12.0,0.0,0.0,0.007905179507113247,0.0
gtzan/gtzan_pop_00033/track.npy,gtzan,0.5853658536585366,0.5437639951130205,0.5801433493605712,0.5619536722367959,0.6097560975609756,0.6097560975609756,0.6097560975609756,0.6097560975609756,0.5454545454545454,0.5333859399095222,0.5333859399095222,0.5333859399095222,1.0,1.0,1.0,1.0,50.0,0.0,0.0,0.06818734754104921,13.0,0.0,0.0,0.01659817721821094,0.0
gtzan/gtzan_pop_00034/track.npy,gtzan,0.9873417721518987,0.9616551889807016,0.9616551889807016,0.9616551889807016,0.975,0.975,0.975,0.975,1.0,0.9713892986464672,0.9713892986464672,0.9713892986464672,1.0,1.0,1.0,1.0,48.0,0.0,0.0,0.031748698314585266,12.0,0.0,0.0,0.01238586408267411,0.0
gtzan/gtzan_pop_00035/track.npy,gtzan,0.8444444444444444,0.6983868313941646,0.6983868313941646,0.6983868313941646,1.0,1.0,1.0,1.0,0.6363636363636364,0.5639058324981767,0.5639058324981767,0.5639058324981767,1.0,1.0,1.0,1.0,54.0,0.0,0.0,0.2151113796169471,13.0,0.0,0.0,0.06745209757018572,0.0
gtzan/gtzan_pop_00036/track.npy,gtzan,1.0,0.9827239794176995,0.9827239794176995,0.9827239794176995,1.0,1.0,1.0,1.0,1.0,0.9823386052652319,0.9823386052652319,0.9823386052652319,1.0,1.0,1.0,1.0,49.0,0.0,0.0,0.032789822822996084,12.0,0.0,0.0,0.008163310639161536,0.0
gtzan/gtzan_pop_00037/track.npy,gtzan,1.0,0.9411279580160401,0.9411279580160401,0.9411279580160401,1.0,1.0,1.0,1.0,1.0,0.9213074693942819,0.9213074693942819,0.9213074693942819,1.0,1.0,1.0,1.0,52.0,0.0,0.0,0.06899287148695005,13.0,0.0,0.0,0.01739174271186955,0.0
gtzan/gtzan_pop_00038/track.npy,gtzan,1.0,0.9590318275134799,0.9590318275134799,0.9590318275134799,1.0,1.0,1.0,1.0,1.0,0.974626717164679,0.974626717164679,0.974626717164679,1.0,1.0,1.0,1.0,47.0,0.0,0.0,0.06252035698133257,11.0,0.0,0.0,0.012415368098401932,0.0
gtzan/gtzan_pop_00039/track.npy,gtzan,1.0,0.9581581488590805,0.9581581488590805,0.9581581488590805,1.0,1.0,1.0,1.0,1.0,0.960076713809848,0.960076713809848,0.960076713809848,1.0,1.0,1.0,1.0,41.0,0.0,0.0,0.05556985115480462,11.0,0.0,0.0,0.0069204428445743815,0.0
gtzan/gtzan_pop_00040/track.npy,gtzan,0.9,0.8442314301880608,0.8442314301880608,0.8442314301880608,0.30303030303030304,0.7272727272727273,0.30303030303030304,0.7272727272727273,0.8571428571428571,0.8107646806533176,0.8107646806533176,0.8107646806533176,0.75,0.75,0.75,0.75,38.0,0.05405405405405406,0.05405405405405406,2.497407233283253,11.0,0.0,0.0,0.4311183755234953,0.0
gtzan/gtzan_pop_00041/track.npy,gtzan,0.8301886792452831,0.7087308407217396,0.7087308407217396,0.7087308407217396,0.23333333333333334,0.5333333333333333,0.23333333333333334,0.5333333333333333,0.5555555555555556,0.4998852910048092,0.7087106462359963,0.6042979686204027,0.0,0.0,0.9166666666666666,0.9166666666666666,38.0,0.0,0.0,0.7022390916026636,14.0,0.0,0.0,0.018018505502678694,0.0
gtzan/gtzan_pop_00042/track.npy,gtzan,1.0,0.9859214092888888,0.9859214092888888,0.9859214092888888,1.0,1.0,1.0,1.0,1.0,0.9859670057551371,0.9859670057551371,0.9859670057551371,1.0,1.0,1.0,1.0,47.0,0.0,0.0,0.03077165866675551,12.0,0.0,0.0,0.007782140442055385,0.0
gtzan/gtzan_pop_00043/track.npy,gtzan,0.6666666666666666,0.5205776395876295,0.7738246104556722,0.6472011250216508,0.0,0.0,0.9821428571428571,0.9821428571428571,0.6341463414634146,0.49896960175071,0.7576945804362633,0.6283320910934866,0.0,0.0,0.9285714285714286,0.9285714285714286,67.0,0.0,0.0,0.044451762570840825,17.0,0.0,0.0,0.022223136784709774,0.0
gtzan/gtzan_pop_00044/track.npy,gtzan,0.98989898989899,0.9633901847081273,0.9633901847081273,0.9633901847081273,0.98,0.98,0.98,0.98,1.0,0.9760921068625668,0.9760921068625668,0.9760921068625668,1.0,1.0,1.0,1.0,60.0,0.0,0.0,0.039220713153283904,15.0,0.0,0.0,0.01980262729617932,0.0
gtzan/gtzan_pop_00045/track.npy,gtzan,1.0,0.9875497152781636,0.9875497152781636,0.9875497152781636,1.0,1.0,1.0,1.0,1.0,0.9853308162348446,0.9853308162348446,0.9853308162348446,1.0,1.0,1.0,1.0,44.0,0.0,0.0,0.028987536873252895,11.0,0.0,0.0,0.007326040092074049,0.0
gtzan/gtzan_pop_00046/track.npy,gtzan,1.0,0.9844336085990101,0.9844336085990101,0.9844336085990101,1.0,1.0,1.0,1.0,1.0,0.9828238885932019,0.9828238885932019,0.9828238885932019,1.0,1.0,1.0,1.0,44.0,0.0,0.0,0.029852963149681833,11.0,0.0,0.0,0.007326040092074049,0.0
gtzan/gtzan_pop_00047/track.npy,gtzan,0.8695652173913043,0.7855042762565908,0.7855042762565908,0.7855042762565908,0.9782608695652174,0.9782608695652174,0.9782608695652174,0.9782608695652174,0.8181818181818182,0.809713368256973,0.809713368256973,0.809713368256973,1.0,1.0,1.0,1.0,56.0,0.0,0.0,0.14375045795207464,14.0,0.0,0.0,0.06394872460027318,0.0
gtzan/gtzan_pop_00048/track.npy,gtzan,0.9811320754716981,0.9582276797263716,0.9582276797263716,0.9582276797263716,0.9629629629629629,0.9629629629629629,0.9629629629629629,0.9629629629629629,0.962962962962963,0.9452942574370125,0.9452942574370125,0.9452942574370125,0.9285714285714286,0.9285714285714286,0.9285714285714286,0.9285714285714286,64.0,0.0,0.0,0.04255961441880263,16.0,0.0,0.0,0.010695289116748085,0.0
gtzan/gtzan_pop_00049/track.npy,gtzan,0.6944444444444444,0.6803866208227795,0.935304426732101,0.8078455237774402,0.06382978723404255,0.06382978723404255,0.5306122448979592,0.8775510204081632,0.3529411764705882,0.36109936346325283,0.5429044275258749,0.4520018954945638,0.0,0.0,0.5454545454545454,0.5454545454545454,56.0,0.01818181818181818,0.01818181818181818,0.6874563443064915,14.0,0.0,0.0,0.3057298570358864,0.0
gtzan/gtzan_pop_00050/track.npy,gtzan,0.9152542372881356,0.861633406280072,0.861633406280072,0.861633406280072,0.9666666666666667,0.9666666666666667,0.9666666666666667,0.9666666666666667,1.0,0.962668756875556,0.962668756875556,0.962668756875556,1.0,1.0,1.0,1.0,47.0,0.13043478260869565,0.13043478260869565,1.3350010667323442,12.0,0.0,0.0,0.6735198488997705,0.0
gtzan/gtzan_pop_00051/track.npy,gtzan,0.5242718446601942,0.5180058279695866,0.5180058279695866,0.5180058279695866,0.14545454545454545,0.7818181818181819,0.14545454545454545,0.7818181818181819,0.4,0.40040782154423255,0.40040782154423255,0.40040782154423255,0.6153846153846154,0.8461538461538461,0.6153846153846154,0.8461538461538461,68.0,0.16417910447761194,0.16417910447761194,1.9095425048844135,17.0,0.125,0.125,3.2865344733420203,0.0
gtzan/gtzan_pop_00052/track.npy,gtzan,0.9545454545454546,0.8545950739685825,0.8545950739685825,0.8545950739685825,0.9772727272727273,0.9772727272727273,0.9772727272727273,0.9772727272727273,0.0,8.662043201035056e-177,0.8654662949740108,0.4327331474870054,0.0,0.0,0.9090909090909091,0.9090909090909091,52.0,0.0,0.0,0.08518883221641702,13.0,0.0,0.0,0.0042918718456964045,0.0
gtzan/gtzan_pop_00053/track.npy,gtzan,0.24000000000000005,0.14364408641210835,0.192747056899314,0.1681955716557112,0.020833333333333332,0.020833333333333332,0.03773584905660377,0.09433962264150944,0.18181818181818182,0.11081610324132024,0.11081610324132024,0.11081610324132024,0.0,0.0,0.125,0.3125,58.0,0.0,0.0,0.58797510997987,19.0,0.0,0.0,1.6394017769075293,0.0
gtzan/gtzan_pop_00054/track.npy,gtzan,1.0,0.9596009047842183,0.9596009047842183,0.9596009047842183,1.0,1.0,1.0,1.0,1.0,0.9578425819170363,0.9578425819170363,0.9578425819170363,1.0,1.0,1.0,1.0,49.0,0.0,0.0,0.032789822822996084,12.0,0.0,0.0,0.008163310639162202,0.0
gtzan/gtzan_pop_00055/track.npy,gtzan,0.9885057471264368,0.9543918720895479,0.9543918720895479,0.9543918720895479,0.9772727272727273,0.9772727272727273,0.9772727272727273,0.9772727272727273,0.9523809523809523,0.9376262607223287,0.9376262607223287,0.9376262607223287,0.9090909090909091,0.9090909090909091,0.9090909090909091,0.9090909090909091,52.0,0.0,0.0,0.06899287148695475,13.0,0.0,0.0,0.008733679968755959,0.0
gtzan/gtzan_pop_00056/track.npy,gtzan,1.0,0.9572406732432175,0.9572406732432175,0.9572406732432175,1.0,1.0,1.0,1.0,1.0,0.9527089360841666,0.9527089360841666,0.9527089360841666,1.0,1.0,1.0,1.0,45.0,0.0,0.0,0.029852963149683033,12.0,0.0,0.0,0.007434978487517901,0.0
gtzan/gtzan_pop_00057/track.npy,gtzan,0.9655172413793104,0.8793794565515247,0.8793794565515247,0.8793794565515247,0.9545454545454546,0.9545454545454546,0.9545454545454546,0.9545454545454546,1.0,0.9470229311440853,0.9470229311440853,0.9470229311440853,1.0,1.0,1.0,1.0,52.0,0.0,0.0,0.09110640274987628,13.0,0.0,0.0,0.0129127750629488,0.0
gtzan/gtzan_pop_00058/track.npy,gtzan,0.9879518072289156,0.9232427012507761,0.9232427012507761,0.9232427012507761,0.9761904761904762,0.9761904761904762,0.9761904761904762,0.9761904761904762,1.0,0.9442934912962739,0.9442934912962739,0.9442934912962739,1.0,1.0,1.0,1.0,50.0,0.0,0.0,0.032789822822996084,12.0,0.0,0.0,0.01272031998805306,0.0
gtzan/gtzan_pop_00059/track.npy,gtzan,1.0,0.9620950426393104,0.9620950426393104,0.9620950426393104,1.0,1.0,1.0,1.0,1.0,0.9632593534919638,0.9632593534919638,0.9632593534919638,1.0,1.0,1.0,1.0,45.0,0.0,0.0,0.029852963149684365,12.0,0.0,0.0,0.00743497848751874,0.0
gtzan/gtzan_pop_00060/track.npy,gtzan,0.9512195121951219,0.892570801141396,0.892570801141396,0.892570801141396,0.9512195121951219,0.9512195121951219,0.9512195121951219,0.9512195121951219,1.0,0.9400251790246692,0.9400251790246692,0.9400251790246692,1.0,1.0,1.0,1.0,49.0,0.0,0.0,0.032789822822996084,12.0,0.0,0.0,0.008163310639162202,0.0
gtzan/gtzan_pop_00061/track.npy,gtzan,0.9302325581395349,0.9014889874781271,0.9014889874781271,0.9014889874781271,0.21739130434782608,0.7391304347826086,0.21739130434782608,0.7391304347826086,0.4,0.37683576208051667,0.3918913845358364,0.3843635733081765,0.0,0.0,0.05263157894736842,0.05263157894736842,54.0,0.0,0.0,0.6904408167572745,17.0,0.0,0.0,0.4813535009178298,0.0
gtzan/gtzan_pop_00062/track.npy,gtzan,0.8493150684931509,0.6846268082692256,0.6846268082692256,0.6846268082692256,0.5,0.7,0.5,0.7,0.7777777777777777,0.627885219381853,0.627885219381853,0.627885219381853,0.6,0.6,0.6,0.6,48.0,0.02127659574468085,0.02127659574468085,0.9028677115420153,12.0,0.0,0.0,0.582753818522639,0.0
gtzan/gtzan_pop_00063/track.npy,gtzan,0.6753246753246753,0.6208017882727972,0.9312863207328889,0.7760440545028431,0.0,0.0,1.0,1.0,0.7000000000000001,0.6913046598838766,0.9786920854264701,0.8349983726551733,0.0,0.0,1.0,1.0,62.0,0.0,0.0,0.2114223439987492,15.0,0.0,0.0,0.03879284224584542,0.0
gtzan/gtzan_pop_00064/track.npy,gtzan,0.8807339449541284,0.7518978707501839,0.7518978707501839,0.7518978707501839,0.4,0.8545454545454545,0.4,0.8545454545454545,0.7586206896551724,0.681232983288684,0.681232983288684,0.681232983288684,0.4,0.6666666666666666,0.4,0.6666666666666666,66.0,0.0,0.0,0.09531017980432288,17.0,0.0,0.0,0.305648568741127,0.0
gtzan/gtzan_pop_00065/track.npy,gtzan,0.888888888888889,0.8507162128312563,0.8507162128312563,0.8507162128312563,0.3,0.6,0.3,0.6,0.6666666666666666,0.6383648669063354,0.9078841708201758,0.7731245188632556,0.0,0.0,0.9166666666666666,0.9166666666666666,39.0,0.0,0.0,0.7200395181612983,14.0,0.0,0.0,0.009569451016152253,0.0
gtzan/gtzan_pop_00066/track.npy,gtzan,1.0,0.9683759578746195,0.9683759578746195,0.9683759578746195,1.0,1.0,1.0,1.0,1.0,0.9452221171633011,0.9452221171633011,0.9452221171633011,1.0,1.0,1.0,1.0,41.0,0.0,0.0,0.03006579889633385,11.0,0.0,0.0,0.006825965070400164,0.0
gtzan/gtzan_pop_00067/track.npy,gtzan,0.6814814814814814,0.6456152459620319,0.6456152459620319,0.6456152459620319,0.022727272727272728,0.3977272727272727,0.022727272727272728,0.3977272727272727,0.33333333333333337,0.28870553465284404,0.5190232797123983,0.4038644071826212,0.03333333333333333,0.06666666666666667,0.06666666666666667,0.3333333333333333,106.0,0.4666666666666667,0.4666666666666667,1.853411828587724,36.0,0.4857142857142857,0.4857142857142857,3.2386784521643794,0.0
gtzan/gtzan_pop_00068/track.npy,gtzan,1.0,0.9356313203840534,0.9356313203840534,0.9356313203840534,1.0,1.0,1.0,1.0,1.0,0.9446034178165992,0.9446034178165992,0.9446034178165992,1.0,1.0,1.0,1.0,32.0,0.0,0.0,0.043068638055317444,8.0,0.0,0.0,0.01467407828901851,0.0
gtzan/gtzan_pop_00069/track.npy,gtzan,1.0,0.9769239399610599,0.9769239399610599,0.9769239399610599,1.0,1.0,1.0,1.0,1.0,0.9764477326381837,0.9764477326381837,0.9764477326381837,1.0,1.0,1.0,1.0,53.0,0.0,0.0,0.07145896398214513,13.0,0.0,0.0,0.008810629682155457,0.0
gtzan/gtzan_pop_00070/track.npy,gtzan,0.7954545454545455,0.7787973912139066,0.8249847209797074,0.801891056096807,0.15384615384615385,0.3269230769230769,0.15384615384615385,0.4722222222222222,0.9600000000000001,0.9430300158989137,0.9430300158989137,0.9430300158989137,0.6153846153846154,0.8461538461538461,0.6153846153846154,0.8461538461538461,44.0,0.023255813953488372,0.023255813953488372,0.7541981014605338,16.0,0.0,0.0,0.9357486937559258,0.0
gtzan/gtzan_pop_00071/track.npy,gtzan,0.6814814814814814,0.640846120080522,0.640846120080522,0.640846120080522,0.022727272727272728,0.36363636363636365,0.022727272727272728,0.36363636363636365,0.33333333333333337,0.2833767976008802,0.5107165317593687,0.39704666468012445,0.03333333333333333,0.06666666666666667,0.06666666666666667,0.3333333333333333,106.0,0.4666666666666667,0.4666666666666667,1.853411828587724,36.0,0.4857142857142857,0.4857142857142857,3.2386784521643794,0.0
gtzan/gtzan_pop_00072/track.npy,gtzan,0.9400000000000001,0.9276060368161594,0.9276060368161594,0.9276060368161594,0.5576923076923077,0.9230769230769231,0.5576923076923077,0.9230769230769231,0.6428571428571429,0.6227185825103377,0.7080391543211392,0.6653788684157385,0.25,0.3125,0.25,0.3125,65.0,0.109375,0.109375,1.8718021769015896,22.0,0.047619047619047616,0.047619047619047616,2.488908785171676,0.0
gtzan/gtzan_pop_00073/track.npy,gtzan,1.0,0.9799426952324194,0.9799426952324194,0.9799426952324194,1.0,1.0,1.0,1.0,1.0,0.9818813622961778,0.9818813622961778,0.9818813622961778,1.0,1.0,1.0,1.0,64.0,0.0,0.0,0.04255961441880263,16.0,0.0,0.0,0.014399027382435583,0.0
gtzan/gtzan_pop_00074/track.npy,gtzan,0.9714285714285714,0.933523858424243,0.933523858424243,0.933523858424243,1.0,1.0,1.0,1.0,1.0,0.9357184000552609,0.9357184000552609,0.9357184000552609,1.0,1.0,1.0,1.0,42.0,0.0,0.0,0.05556985115481031,10.0,0.0,0.0,0.006968669316094023,0.0
gtzan/gtzan_pop_00075/track.npy,gtzan,1.0,0.9762161419605508,0.9762161419605508,0.9762161419605508,1.0,1.0,1.0,1.0,1.0,0.9699367449025258,0.9699367449025258,0.9699367449025258,1.0,1.0,1.0,1.0,47.0,0.0,0.0,0.03174869831458469,12.0,0.0,0.0,0.00784317746102684,0.0
gtzan/gtzan_pop_00076/track.npy,gtzan,0.24615384615384614,0.11248699111445297,0.24716189846178555,0.17982444478811926,0.0,0.0,0.4,0.4666666666666667,0.0,1.049677342836166e-16,2.3788469399777857e-06,1.1894234700413767e-06,0.09090909090909091,0.09090909090909091,0.09090909090909091,0.09090909090909091,52.0,0.0784313725490196,0.09803921568627451,2.023426392000341,15.0,0.07142857142857142,0.07142857142857142,1.531836446068114,0.0
gtzan/gtzan_pop_00077/track.npy,gtzan,0.989247311827957,0.8936141309433372,0.8936141309433372,0.8936141309433372,0.9787234042553191,0.9787234042553191,0.9787234042553191,0.9787234042553191,0.9565217391304348,0.8858999003847615,0.8858999003847615,0.8858999003847615,0.9166666666666666,0.9166666666666666,0.9166666666666666,0.9166666666666666,56.0,0.0,0.0,0.03636764417088045,14.0,0.0,0.0,0.009216655104923754,0.0
gtzan/gtzan_pop_00078/track.npy,gtzan,1.0,0.9415802872046338,0.9415802872046338,0.9415802872046338,1.0,1.0,1.0,1.0,1.0,0.9296375358571953,0.9296375358571953,0.9296375358571953,1.0,1.0,1.0,1.0,53.0,0.0,0.0,0.05204209564911583,14.0,0.0,0.0,0.021440437885311404,0.0
gtzan/gtzan_pop_00079/track.npy,gtzan,1.0,0.9340243472112439,0.9340243472112439,0.9340243472112439,1.0,1.0,1.0,1.0,1.0,0.951777373401184,0.951777373401184,0.951777373401184,1.0,1.0,1.0,1.0,56.0,0.0,0.0,0.074107972153717,14.0,0.0,0.0,0.018771491093655703,0.0
gtzan/gtzan_pop_00080/track.npy,gtzan,0.9130434782608695,0.8096955370635411,0.8096955370635411,0.8096955370635411,1.0,1.0,1.0,1.0,0.9090909090909091,0.8401833934782807,0.8401833934782807,0.8401833934782807,1.0,1.0,1.0,1.0,55.0,0.0,0.0,0.1401305405447616,14.0,0.0,0.0,0.0682141593798182,0.0
gtzan/gtzan_pop_00081/track.npy,gtzan,1.0,0.9852252906167828,0.9852252906167828,0.9852252906167828,1.0,1.0,1.0,1.0,1.0,0.9773909406016342,0.9773909406016342,0.9773909406016342,1.0,1.0,1.0,1.0,36.0,0.0,0.0,0.24815366274238906,9.0,0.0,0.0,0.006079046076382211,0.0
gtzan/gtzan_pop_00082/track.npy,gtzan,0.9906542056074767,0.9595076006252589,0.9595076006252589,0.9595076006252589,0.9814814814814815,0.9814814814814815,0.9814814814814815,0.9814814814814815,1.0,0.968209501961401,0.968209501961401,0.968209501961401,1.0,1.0,1.0,1.0,64.0,0.0,0.0,0.04255961441880263,16.0,0.0,0.0,0.010582109330537664,0.0
gtzan/gtzan_pop_00083/track.npy,gtzan,1.0,0.9648202086610236,0.9648202086610236,0.9648202086610236,1.0,1.0,1.0,1.0,1.0,0.9698309486786727,0.9698309486786727,0.9698309486786727,1.0,1.0,1.0,1.0,62.0,0.0,0.0,0.04082199452025561,16.0,0.0,0.0,0.013952562094063778,0.0
gtzan/gtzan_pop_00084/track.npy,gtzan,1.0,0.941766460526119,0.941766460526119,0.941766460526119,1.0,1.0,1.0,1.0,1.0,0.9120779573836245,0.9120779573836245,0.9120779573836245,1.0,1.0,1.0,1.0,50.0,0.0,0.0,0.06669137449866863,12.0,0.0,0.0,0.012932591218598823,0.0
gtzan/gtzan_pop_00085/track.npy,gtzan,0.94,0.8851293997249631,0.8851293997249631,0.8851293997249631,0.96,0.96,0.96,0.96,0.0,6.028509678243803e-118,0.8763882865674334,0.4381941432837167,0.0,0.0,1.0,1.0,60.0,0.0,0.0,0.08004270767353472,15.0,0.0,0.0,0.028329197832104386,0.0
gtzan/gtzan_pop_00086/track.npy,gtzan,1.0,0.9709591994804011,0.9709591994804011,0.9709591994804011,1.0,1.0,1.0,1.0,1.0,0.9478912907726231,0.9478912907726231,0.9478912907726231,1.0,1.0,1.0,1.0,66.0,0.0,0.0,0.044451762570840825,17.0,0.0,0.0,0.01432855734624212,0.0
gtzan/gtzan_pop_00087/track.npy,gtzan,1.0,0.895697172701223,0.895697172701223,0.895697172701223,1.0,1.0,1.0,1.0,1.0,0.87244656994035,0.87244656994035,0.87244656994035,1.0,1.0,1.0,1.0,51.0,0.0,0.0,0.03390155167568665,13.0,0.0,0.0,0.008510689667909133,0.0
gtzan/gtzan_pop_00088/track.npy,gtzan,1.0,0.9510827076099292,0.9510827076099292,0.9510827076099292,1.0,1.0,1.0,1.0,1.0,0.9297790450320849,0.9297790450320849,0.9297790450320849,1.0,1.0,1.0,1.0,50.0,0.0,0.0,0.08529359794734603,12.0,0.0,0.0,0.034882945715118435,0.0
gtzan/gtzan_pop_00089/track.npy,gtzan,1.0,0.9626727916935375,0.9626727916935375,0.9626727916935375,1.0,1.0,1.0,1.0,1.0,0.9681311820035685,0.9681311820035685,0.9681311820035685,1.0,1.0,1.0,1.0,50.0,0.0,0.0,0.06669137449867363,13.0,0.0,0.0,0.008368249670517858,0.0
gtzan/gtzan_pop_00090/track.npy,gtzan,1.0,0.8996980416317365,0.8996980416317365,0.8996980416317365,1.0,1.0,1.0,1.0,1.0,0.9001443236900251,0.9001443236900251,0.9001443236900251,1.0,1.0,1.0,1.0,51.0,0.0,0.0,0.03390155167568665,13.0,0.0,0.0,0.008510689667908633,0.0
gtzan/gtzan_pop_00091/track.npy,gtzan,0.9142857142857143,0.847453408923702,0.847453408923702,0.847453408923702,0.5789473684210527,0.8421052631578947,0.5789473684210527,0.8421052631578947,0.8571428571428571,0.7925255775237476,0.7925255775237476,0.7925255775237476,0.375,0.6875,0.375,0.6875,68.0,0.14925373134328357,0.14925373134328357,1.8006231208708607,19.0,0.16666666666666666,0.16666666666666666,3.2286338577020994,0.0
gtzan/gtzan_pop_00092/track.npy,gtzan,1.0,0.9270383814637431,0.9270383814637431,0.9270383814637431,1.0,1.0,1.0,1.0,1.0,0.790220550517758,0.790220550517758,0.790220550517758,1.0,1.0,1.0,1.0,55.0,0.0,0.0,0.14092583390178465,13.0,0.0,0.0,0.05455898425043404,0.0
gtzan/gtzan_pop_00093/track.npy,gtzan,1.0,0.9795094665529083,0.9795094665529083,0.9795094665529083,1.0,1.0,1.0,1.0,1.0,0.9838151807380014,0.9838151807380014,0.9838151807380014,1.0,1.0,1.0,1.0,67.0,0.0,0.0,0.044451762570840825,17.0,0.0,0.0,0.011173300598127045,0.0
gtzan/gtzan_pop_00094/track.npy,gtzan,1.0,0.9664497624432183,0.9664497624432183,0.9664497624432183,1.0,1.0,1.0,1.0,1.0,0.9609618324512579,0.9609618324512579,0.9609618324512579,1.0,1.0,1.0,1.0,38.0,0.0,0.0,0.05001042057466308,9.0,0.0,0.0,0.012500162764231937,0.0
gtzan/gtzan_pop_00095/track.npy,gtzan,1.0,0.9650736317752071,0.9650736317752071,0.9650736317752071,1.0,1.0,1.0,1.0,1.0,0.94849959955433,0.94849959955433,0.94849959955433,1.0,1.0,1.0,1.0,53.0,0.0,0.0,0.06899287148694999,14.0,0.0,0.0,0.02144043788531023,0.0
gtzan/gtzan_pop_00096/track.npy,gtzan,1.0,0.9576663759751012,0.9576663759751012,0.9576663759751012,1.0,1.0,1.0,1.0,1.0,0.9592583131746929,0.9592583131746929,0.9592583131746929,1.0,1.0,1.0,1.0,46.0,0.0,0.0,0.06062462181643358,12.0,0.0,0.0,0.015151805020602116,0.0
gtzan/gtzan_pop_00097/track.npy,gtzan,1.0,0.9127686429116867,0.9127686429116867,0.9127686429116867,1.0,1.0,1.0,1.0,1.0,0.9213171824300656,0.9213171824300656,0.9213171824300656,1.0,1.0,1.0,1.0,50.0,0.0,0.0,0.06669137449867218,12.0,0.0,0.0,0.01652930195121079,0.0
gtzan/gtzan_pop_00098/track.npy,gtzan,0.8421052631578948,0.8218741154844138,0.8218741154844138,0.8218741154844138,0.10606060606060606,0.7272727272727273,0.10606060606060606,0.7272727272727273,0.8,0.7748493371024178,0.7748493371024178,0.7748493371024178,0.16666666666666666,0.6666666666666666,0.16666666666666666,0.6666666666666666,76.0,0.25333333333333335,0.25333333333333335,1.8718021769016,21.0,0.3,0.3,3.267665989037634,0.0
gtzan/gtzan_pop_00099/track.npy,gtzan,1.0,0.9701129395166342,0.9701129395166342,0.9701129395166342,1.0,1.0,1.0,1.0,1.0,0.9818071709315811,0.9818071709315811,0.9818071709315811,1.0,1.0,1.0,1.0,39.0,0.0,0.0,0.026668247082165475,10.0,0.0,0.0,0.006600684031351711,0.0
gtzan/gtzan_reggae_00000/track.npy,gtzan,1.0,0.9680347401167965,0.9680347401167965,0.9680347401167965,1.0,1.0,1.0,1.0,0.46153846153846156,0.4452142701659416,0.6180596716389881,0.5316369709024649,0.07407407407407407,0.07407407407407407,0.1111111111111111,0.2222222222222222,61.0,0.0,0.0,0.04082199452026194,34.0,0.0,0.0,1.238616005940798,0.0
gtzan/gtzan_reggae_00001/track.npy,gtzan,0.9014084507042254,0.8222690079785245,0.8222690079785245,0.8222690079785245,0.6153846153846154,0.6666666666666666,0.6153846153846154,0.6666666666666666,0.7272727272727273,0.6517061283433523,0.6862875602744217,0.668996844308887,0.2857142857142857,0.2857142857142857,0.2857142857142857,0.3333333333333333,46.0,0.0,0.0,0.5793491979097696,16.0,0.0,0.0,0.8423010201365734,0.0
gtzan/gtzan_reggae_00002/track.npy,gtzan,0.9822485207100593,0.9475887336687945,0.9475887336687945,0.9475887336687945,0.9418604651162791,0.9418604651162791,0.9418604651162791,0.9418604651162791,0.9767441860465117,0.9358686788475663,0.9358686788475663,0.9358686788475663,0.9545454545454546,0.9545454545454546,0.9545454545454546,0.9545454545454546,99.0,0.0,0.0,0.13544528282775586,25.0,0.0,0.0,0.03277673273523933,0.0
gtzan/gtzan_reggae_00003/track.npy,gtzan,0.8518518518518519,0.8067224760304206,0.8067224760304206,0.8067224760304206,0.36065573770491804,0.5245901639344263,0.36065573770491804,0.5245901639344263,0.06451612903225808,0.06443553425319871,0.863325779060918,0.46388065665705835,0.0,0.0,0.75,0.75,60.0,0.0,0.0,0.6968510724485044,20.0,0.0,0.0,0.6950105585597284,0.0
gtzan/gtzan_reggae_00004/track.npy,gtzan,0.9807692307692307,0.9553098501382057,0.9553098501382057,0.9553098501382057,0.9807692307692307,0.9807692307692307,0.9807692307692307,0.9807692307692307,0.4375,0.42990551906176877,0.7055115052702521,0.5677085121660104,0.15789473684210525,0.15789473684210525,0.21052631578947367,0.3157894736842105,63.0,0.0,0.0,0.042559614418796854,26.0,0.0,0.0,1.0986122886681073,0.0
gtzan/gtzan_reggae_00005/track.npy,gtzan,0.9763779527559054,0.9326078587969944,0.9326078587969944,0.9326078587969944,0.46153846153846156,0.9076923076923077,0.46153846153846156,0.9076923076923077,0.0,1.3316914980626419e-76,0.9255454135995945,0.46277270679979726,0.0,0.0,0.9375,0.9375,76.0,0.0,0.0,0.12624940076118457,19.0,0.0,0.0,0.025975486403260452,0.0
gtzan/gtzan_reggae_00006/track.npy,gtzan,0.8623853211009175,0.8341428841505875,0.8341428841505875,0.8341428841505875,0.4032258064516129,0.5161290322580645,0.4032258064516129,0.5161290322580645,0.3448275862068966,0.30722579261331656,0.5631603317739989,0.4351930621936577,0.1875,0.1875,0.3333333333333333,0.3333333333333333,60.0,0.0,0.0,0.10008345855698203,16.0,0.0,0.0,0.4167916753475362,0.0
gtzan/gtzan_reggae_00007/track.npy,gtzan,0.8749999999999999,0.8299816601695691,0.8299816601695691,0.8299816601695691,0.3548387096774194,0.5806451612903226,0.3548387096774194,0.5806451612903226,0.3448275862068966,0.33185319979909733,0.4826314290528763,0.4072423144259868,0.125,0.125,0.3333333333333333,0.3333333333333333,61.0,0.0,0.0,0.744440474947496,16.0,0.0,0.0,0.5034054149950982,0.0
gtzan/gtzan_reggae_00008/track.npy,gtzan,0.9876543209876543,0.928751164768933,0.928751164768933,0.928751164768933,0.9753086419753086,0.9753086419753086,0.9753086419753086,0.9753086419753086,0.9523809523809523,0.9050062549113912,0.9050062549113912,0.9050062549113912,1.0,1.0,1.0,1.0,97.0,0.0,0.0,0.08272590768250793,25.0,0.0,0.0,0.04643438348954325,0.0
gtzan/gtzan_reggae_00009/track.npy,gtzan,1.0,0.9530390407717493,0.9530390407717493,0.9530390407717493,1.0,1.0,1.0,1.0,0.5116279069767442,0.49164663787118124,0.49164663787118124,0.49164663787118124,0.07692307692307693,0.15384615384615385,0.07692307692307693,0.15384615384615385,79.0,0.0,0.0,0.1722769623316651,32.0,0.0,0.0,1.3352964527317426,0.0
gtzan/gtzan_reggae_00010/track.npy,gtzan,1.0,0.9334131994694085,0.9334131994694085,0.9334131994694085,1.0,1.0,1.0,1.0,1.0,0.9544649866654537,0.9544649866654537,0.9544649866654537,1.0,1.0,1.0,1.0,57.0,0.0,0.0,0.04968689085341578,14.0,0.0,0.0,0.019048194970695764,0.0
gtzan/gtzan_reggae_00011/track.npy,gtzan,1.0,0.9575018141812466,0.9575018141812466,0.9575018141812466,1.0,1.0,1.0,1.0,0.41025641025641024,0.38471839288589255,0.5913086694153176,0.4880135311506051,0.0,0.0,0.2222222222222222,0.25925925925925924,63.0,0.0,0.0,0.04255961441879885,28.0,0.0,0.0,1.3758230612525946,0.0
gtzan/gtzan_reggae_00012/track.npy,gtzan,0.6707317073170732,0.6004650446103409,0.8952374136601705,0.7478512291352557,0.0,0.0,1.0,1.0,0.65,0.5888734400611851,0.9059591385556695,0.7474162893084273,0.0,0.0,1.0,1.0,66.0,0.0,0.0,0.08701137698962769,16.0,0.0,0.0,0.011049836186584727,0.0
gtzan/gtzan_reggae_00013/track.npy,gtzan,1.0,0.9687401721761012,0.9687401721761012,0.9687401721761012,1.0,1.0,1.0,1.0,1.0,0.9646162287841574,0.9646162287841574,0.9646162287841574,1.0,1.0,1.0,1.0,62.0,0.0,0.0,0.04082199452025613,16.0,0.0,0.0,0.013952562094063932,0.0
gtzan/gtzan_reggae_00014/track.npy,gtzan,0.9908256880733944,0.7356712595435808,0.7356712595435808,0.7356712595435808,0.9818181818181818,0.9818181818181818,0.9818181818181818,0.9818181818181818,1.0,0.8141081036856297,0.8141081036856297,0.8141081036856297,1.0,1.0,1.0,1.0,66.0,0.0,0.0,0.08701137698962659,16.0,0.0,0.0,0.010929070532190405,0.0
gtzan/gtzan_reggae_00015/track.npy,gtzan,1.0,0.9017794949886122,0.9017794949886122,0.9017794949886122,1.0,1.0,1.0,1.0,0.0,2.424586277777624e-28,3.252783527046711e-28,2.8386849024121677e-28,0.0,0.0,0.0,0.0,63.0,0.0,0.0,0.04255961441879885,16.0,0.0,0.0,0.014247064284091268,0.0
gtzan/gtzan_reggae_00016/track.npy,gtzan,0.7878787878787878,0.6678358553241442,0.7771563247198598,0.7224960900220021,0.29310344827586204,0.3620689655172414,0.29310344827586204,0.43902439024390244,0.6060606060606061,0.5365550351757559,0.5365550351757559,0.5365550351757559,0.15789473684210525,0.2631578947368421,0.15789473684210525,0.2631578947368421,48.0,0.0,0.0,0.7107950536175958,21.0,0.0,0.0,1.35774319423395,0.0
gtzan/gtzan_reggae_00017/track.npy,gtzan,0.9904761904761905,0.6818516324588659,0.6818516324588659,0.6818516324588659,0.9811320754716981,0.9811320754716981,0.9811320754716981,0.9811320754716981,0.0,1.8793517864651162e-34,4.812353064466958e-24,2.4061765323274465e-24,0.0,0.0,0.0,0.0,63.0,0.0,0.0,0.04255961441880263,16.0,0.0,0.0,0.03153257196179948,0.0
gtzan/gtzan_reggae_00018/track.npy,gtzan,0.8256880733944955,0.7274167229262017,0.7382380277890876,0.7328273753576446,0.40625,0.40625,0.4222222222222222,0.4222222222222222,0.0,8.936623270329352e-75,0.7035725164886306,0.3517862582443153,0.0,0.0,0.4,0.4,58.0,0.0,0.0,0.05264373348542556,14.0,0.0,0.0,0.32201850764154616,0.0
gtzan/gtzan_reggae_00019/track.npy,gtzan,0.6666666666666666,0.5606273461000095,0.8409410191500143,0.7007841826250119,0.0,0.0,1.0,1.0,0.6363636363636364,0.5450184756315589,0.8564576045638782,0.7007380400977186,0.0,0.0,1.0,1.0,36.0,0.0,0.0,0.04879016416943205,9.0,0.0,0.0,0.012195273093818427,0.0
gtzan/gtzan_reggae_00020/track.npy,gtzan,1.0,0.967893229029008,0.967893229029008,0.967893229029008,1.0,1.0,1.0,1.0,1.0,0.9695491655713079,0.9695491655713079,0.9695491655713079,1.0,1.0,1.0,1.0,63.0,0.0,0.0,0.04255961441880263,16.0,0.0,0.0,0.024942353400838627,0.0
gtzan/gtzan_reggae_00021/track.npy,gtzan,0.8596491228070176,0.6904935888080234,0.6904935888080234,0.6904935888080234,0.3230769230769231,0.49230769230769234,0.32653061224489793,0.49230769230769234,0.4444444444444445,0.4015927446904096,0.5411544568811145,0.47137360078576207,0.2,0.2,0.2,0.2,61.0,0.0,0.0,0.2159610952306918,24.0,0.0,0.0,1.1147052570598182,0.0
gtzan/gtzan_reggae_00022/track.npy,gtzan,0.9026548672566372,0.8861924690239232,0.8861924690239232,0.8861924690239232,0.6557377049180327,0.6557377049180327,0.6557377049180327,0.6557377049180327,0.13333333333333333,0.13329167317640528,0.18176137251327992,0.1575265228448426,0.0,0.0,0.14285714285714285,0.14285714285714285,58.0,0.0,0.0,0.04879016416943971,16.0,0.0,0.0,0.33841814661400643,0.0
gtzan/gtzan_reggae_00023/track.npy,gtzan,1.0,0.940680244851844,0.940680244851844,0.940680244851844,1.0,1.0,1.0,1.0,0.0,1.6167798759577875e-112,0.9418187693230972,0.4709093846615486,0.0,0.0,1.0,1.0,65.0,0.0,0.0,0.04445176257084008,16.0,0.0,0.0,0.021739986636405535,0.0
gtzan/gtzan_reggae_00024/track.npy,gtzan,0.9824561403508771,0.9033187275643664,0.9033187275643664,0.9033187275643664,0.9655172413793104,0.9655172413793104,0.9655172413793104,0.9655172413793104,0.4827586206896552,0.4628899949853989,0.5800905339121316,0.5214902644487652,0.4,0.4,0.4,0.4,70.0,0.0,0.0,0.09531017980431992,18.0,0.0,0.0,0.30988220925081655,0.0
gtzan/gtzan_reggae_00025/track.npy,gtzan,0.98989898989899,0.9271562874284084,0.9271562874284084,0.9271562874284084,0.98,0.98,0.98,0.98,0.5925925925925926,0.5439117777888998,0.6421723406062592,0.5930420591975795,0.4,0.4,0.4,0.4,60.0,0.0,0.0,0.08004270767353472,18.0,0.0,0.0,0.6931476882124911,0.0
gtzan/gtzan_reggae_00026/track.npy,gtzan,0.9913043478260869,0.890127094926996,0.890127094926996,0.890127094926996,0.9827586206896551,0.9827586206896551,0.9827586206896551,0.9827586206896551,0.9655172413793104,0.919182888592899,0.919182888592899,0.919182888592899,0.9333333333333333,0.9333333333333333,0.9333333333333333,0.9333333333333333,69.0,0.0,0.0,0.09097177820573162,18.0,0.0,0.0,0.02325686216426731,0.0
gtzan/gtzan_reggae_00027/track.npy,gtzan,0.9824561403508771,0.8069838826328503,0.8069838826328503,0.8069838826328503,0.9824561403508771,0.9824561403508771,0.9824561403508771,0.9824561403508771,1.0,0.9240737646942836,0.9240737646942836,0.9240737646942836,1.0,1.0,1.0,1.0,68.0,0.0,0.0,0.21293805268414315,17.0,0.0,0.0,0.029216415455121103,0.0
gtzan/gtzan_reggae_00028/track.npy,gtzan,0.761904761904762,0.7390493472674154,0.8661704963627844,0.8026099218150999,0.24615384615384617,0.24615384615384617,0.3,0.6,0.7692307692307693,0.7531504458055713,0.8684160714414442,0.8107832586235078,0.25,0.25,0.3,0.6,47.0,0.0,0.0,0.10536051565783122,12.0,0.0,0.0,0.6938221444007965,0.0
gtzan/gtzan_reggae_00029/track.npy,gtzan,0.9026548672566371,0.8859287694607323,0.8859287694607323,0.8859287694607323,0.4032258064516129,0.6612903225806451,0.4032258064516129,0.6612903225806451,0.896551724137931,0.8759138032162572,0.8759138032162572,0.8759138032162572,0.4375,0.6875,0.4375,0.6875,64.0,0.0,0.0,0.1000834585569827,16.0,0.0,0.0,0.6931471805599462,0.0
gtzan/gtzan_reggae_00030/track.npy,gtzan,0.9921259842519685,0.9667883434314912,0.9667883434314912,0.9667883434314912,0.984375,0.984375,0.984375,0.984375,0.0,7.421276624804481e-21,7.421276624804481e-21,7.421276624804481e-21,0.0,0.0,0.0,0.0,76.0,0.0,0.013333333333333334,0.051293294387558364,19.0,0.0,0.0,0.015254782218801435,0.0
gtzan/gtzan_reggae_00031/track.npy,gtzan,0.7428571428571429,0.7069506763172719,0.8716368139347108,0.7892937451259914,0.06060606060606061,0.18181818181818182,0.5897435897435898,0.6923076923076923,0.8148148148148148,0.7760383932553351,0.803854218519366,0.7899463058873506,0.375,0.375,0.45454545454545453,0.45454545454545453,50.0,0.0,0.0,0.6931471805599498,14.0,0.0,0.0,0.6895168043427018,0.0
gtzan/gtzan_reggae_00032/track.npy,gtzan,0.7766990291262136,0.7486705545805025,0.7791988426433707,0.7639346986119366,0.20634920634920634,0.30158730158730157,0.325,0.475,0.742857142857143,0.7245045152245159,0.7245045152245159,0.7245045152245159,0.47368421052631576,0.5789473684210527,0.47368421052631576,0.5789473684210527,53.0,0.0,0.0,0.6804882765678052,25.0,0.0,0.0,1.1191061145621781,0.0
gtzan/gtzan_reggae_00033/track.npy,gtzan,0.9863013698630138,0.9551563252497981,0.9551563252497981,0.9551563252497981,0.972972972972973,0.972972972972973,0.972972972972973,0.972972972972973,1.0,0.9663168795829071,0.9663168795829071,0.9663168795829071,1.0,1.0,1.0,1.0,44.0,0.0,0.0,0.05884050002293476,11.0,0.0,0.0,0.014663208202278044,0.0
gtzan/gtzan_reggae_00034/track.npy,gtzan,0.6722689075630253,0.6418082308720982,0.9546897434219137,0.798248987147006,0.0,0.0,1.0,1.0,0.6666666666666666,0.6391963859734755,0.9587945789602133,0.7989954824668444,0.0,0.0,1.0,1.0,47.0,0.0,0.0,0.031748698314585266,12.0,0.0,0.0,0.007843177461025457,0.0
gtzan/gtzan_reggae_00035/track.npy,gtzan,0.817391304347826,0.778808703225297,0.7981010140866426,0.7884548586559699,0.08823529411764706,0.38235294117647056,0.3191489361702128,0.44680851063829785,0.30303030303030304,0.291117823090049,0.6003776503450278,0.4457477367175384,0.058823529411764705,0.058823529411764705,0.125,0.25,54.0,0.0,0.0,0.7205461547480602,20.0,0.0,0.0,1.0895624531481953,0.0
gtzan/gtzan_reggae_00036/track.npy,gtzan,0.7500000000000001,0.6995124523961195,0.8012900579018104,0.7504012551489649,0.2465753424657534,0.2465753424657534,0.574468085106383,0.574468085106383,0.972972972972973,0.903551324552424,0.903551324552424,0.903551324552424,0.9473684210526315,0.9473684210526315,0.9473684210526315,0.9473684210526315,58.0,0.0,0.0,0.3100279627354494,24.0,0.0,0.0,0.6780285031367878,0.0
gtzan/gtzan_reggae_00037/track.npy,gtzan,1.0,0.9644604035057656,0.9644604035057656,0.9644604035057656,0.984375,0.984375,0.984375,0.984375,0.05405405405405405,0.054037164801245444,0.5399041121619603,0.2969706384816029,0.0,0.0,0.3333333333333333,0.3333333333333333,77.0,0.0,0.0,0.0659303436383848,26.0,0.0,0.0,1.3718047250464152,0.0
gtzan/gtzan_reggae_00038/track.npy,gtzan,0.963855421686747,0.9125658589439378,0.9125658589439378,0.9125658589439378,0.5116279069767442,0.8604651162790697,0.5116279069767442,0.8604651162790697,0.5,0.46464347421131474,0.7600823666656448,0.6123629204384797,0.0,0.0,0.34615384615384615,0.4230769230769231,54.0,0.0,0.0,0.7259370033829342,34.0,0.0,0.0,1.5955882500617506,0.0
gtzan/gtzan_reggae_00039/track.npy,gtzan,0.6526315789473685,0.5645508653118554,0.7915847117080623,0.6780677885099589,0.0,0.0,0.875,0.875,0.6666666666666666,0.590631702207529,0.8859475533112935,0.7382896277594113,0.0,0.0,1.0,1.0,38.0,0.0,0.0,0.14196392023468207,10.0,0.0,0.0,0.11492996667397715,0.0
gtzan/gtzan_reggae_00040/track.npy,gtzan,0.8860759493670887,0.7602616407767521,0.7602616407767521,0.7602616407767521,0.825,0.85,0.825,0.85,0.8421052631578948,0.6834468481596623,0.6834468481596623,0.6834468481596623,0.9,0.9,0.9,0.9,47.0,0.0,0.0,0.2831092455979735,12.0,0.0,0.0,0.1130593197204966,0.0
gtzan/gtzan_reggae_00041/track.npy,gtzan,0.9312977099236641,0.8851849354777712,0.8851849354777712,0.8851849354777712,0.5428571428571428,0.7428571428571429,0.5428571428571428,0.7428571428571429,0.6666666666666665,0.6373055128498859,0.6694084872157543,0.6533570000328202,0.25,0.4,0.25,0.4,82.0,0.0,0.1111111111111111,0.48677370618092064,25.0,0.0,0.041666666666666664,1.1775828545397138,0.0
gtzan/gtzan_reggae_00042/track.npy,gtzan,1.0,0.9003778422302732,0.9003778422302732,0.9003778422302732,1.0,1.0,1.0,1.0,0.0,4.3637767007482723e-128,0.8913936626990021,0.44569683134950105,0.0,0.0,1.0,1.0,61.0,0.0,0.0,0.08004270767353816,15.0,0.0,0.0,0.030095460883691926,0.0
gtzan/gtzan_reggae_00043/track.npy,gtzan,1.0,0.7427124182922771,0.7427124182922771,0.7427124182922771,1.0,1.0,1.0,1.0,1.0,0.7490469133716899,0.7490469133716899,0.7490469133716899,1.0,1.0,1.0,1.0,78.0,0.0,0.0,0.06481009970512236,19.0,0.0,0.0,0.02597548640326014,0.0
gtzan/gtzan_reggae_00044/track.npy,gtzan,0.8115942028985507,0.7305830779519332,0.7305830779519332,0.7305830779519332,0.0684931506849315,0.410958904109589,0.13846153846153847,0.410958904109589,0.631578947368421,0.6239916655509531,0.6815487889431798,0.6527702272470665,0.25,0.4,0.25,0.4,72.0,0.09859154929577464,0.09859154929577464,1.3217558399823428,23.0,0.0,0.0,1.108368463613475,0.0
gtzan/gtzan_reggae_00045/track.npy,gtzan,0.6666666666666666,0.6274253869889488,0.9411380804834232,0.784281733736186,0.0,0.0,1.0,1.0,0.6399999999999999,0.6079751729867133,0.9499612077917395,0.7789681903892265,0.0,0.0,1.0,1.0,41.0,0.0,0.0,0.05406722127027726,10.0,0.0,0.0,0.013513719166723604,0.0
gtzan/gtzan_reggae_00046/track.npy,gtzan,0.9929078014184397,0.8410397168021826,0.8410397168021826,0.8410397168021826,0.9859154929577465,0.9859154929577465,0.9859154929577465,0.9859154929577465,1.0,0.8418698510547986,0.8418698510547986,0.8418698510547986,1.0,1.0,1.0,1.0,84.0,0.0,0.0,0.11122563511022432,21.0,0.0,0.0,0.028170876966696713,0.0
gtzan/gtzan_reggae_00047/track.npy,gtzan,0.9572649572649572,0.8167415608971675,0.8167415608971675,0.8167415608971675,0.8360655737704918,0.8360655737704918,0.8360655737704918,0.8360655737704918,0.5,0.46908102265640234,0.8337971614228948,0.6514390920396486,0.0,0.0,0.41379310344827586,0.6896551724137931,68.0,0.0,0.0,0.2451224580329858,28.0,0.0,0.0,0.7085991168547701,0.0
gtzan/gtzan_reggae_00048/track.npy,gtzan,0.6956521739130435,0.5926713901860122,0.796125626556585,0.6943985083712987,0.0547945205479452,0.1095890410958904,0.40476190476190477,0.7142857142857143,0.0,2.783785366618468e-61,0.6437410794443829,0.32187053972219143,0.0,0.0,0.058823529411764705,0.11764705882352941,50.0,0.02040816326530612,0.02040816326530612,0.6649763035932494,13.0,0.0,0.0,0.6931471805599465,0.0
gtzan/gtzan_reggae_00049/track.npy,gtzan,0.7633587786259541,0.6831807545005332,0.7213682311621,0.7022744928313166,0.08974358974358974,0.2692307692307692,0.24528301886792453,0.49056603773584906,0.3888888888888889,0.3364184827054815,0.47135532141065317,0.4038869020580673,0.10526315789473684,0.15789473684210525,0.16666666666666666,0.2222222222222222,61.0,0.0,0.0,0.7576857016975156,20.0,0.0,0.0,1.08942300997953,0.0
gtzan/gtzan_reggae_00050/track.npy,gtzan,0.6666666666666666,0.6421869735770512,0.9632804603653458,0.8027337169711986,0.0,0.0,1.0,1.0,0.6666666666666666,0.6452806503353004,0.9679209755029505,0.8066008129191254,0.0,0.0,1.0,1.0,47.0,0.0,0.0,0.03174869831458238,12.0,0.0,0.0,0.015748356968139178,0.0
gtzan/gtzan_reggae_00051/track.npy,gtzan,1.0,0.985136177885068,0.985136177885068,0.985136177885068,1.0,1.0,1.0,1.0,1.0,0.9894153513756918,0.9894153513756918,0.9894153513756918,1.0,1.0,1.0,1.0,64.0,0.0,0.0,0.04255961441880263,16.0,0.0,0.0,0.010695289116749013,0.0
gtzan/gtzan_reggae_00052/track.npy,gtzan,1.0,0.9343033705166098,0.9343033705166098,0.9343033705166098,1.0,1.0,1.0,1.0,1.0,0.9401107797611455,0.9401107797611455,0.9401107797611455,1.0,1.0,1.0,1.0,50.0,0.0,0.0,0.06669137449867565,12.0,0.0,0.0,0.008298802814695916,0.0
gtzan/gtzan_reggae_00053/track.npy,gtzan,0.9921259842519685,0.9274383411546909,0.9274383411546909,0.9274383411546909,0.96875,0.96875,0.96875,0.96875,0.0,5.322403839318138e-79,0.9261384651730056,0.4630692325865028,0.0,0.0,1.0,1.0,76.0,0.0,0.0,0.07021682183215107,19.0,0.0,0.0,0.020851470565812297,0.0
gtzan/gtzan_reggae_00054/track.npy,gtzan,0.8301886792452831,0.7639913740309964,0.7639913740309964,0.7639913740309964,0.45901639344262296,0.45901639344262296,0.45901639344262296,0.45901639344262296,0.0,1.7689179312936885e-82,0.7027823625784335,0.35139118128921676,0.0,0.0,0.5,0.5,58.0,0.0,0.0,0.1484902756007253,15.0,0.0,0.0,0.28968139222253425,0.0
gtzan/gtzan_reggae_00055/track.npy,gtzan,0.8807339449541284,0.8573174425997079,0.8573174425997079,0.8573174425997079,0.8727272727272727,0.8727272727272727,0.8727272727272727,0.8727272727272727,0.8571428571428571,0.8231708883048201,0.8231708883048201,0.8231708883048201,1.0,1.0,1.0,1.0,66.0,0.0,0.0,0.042559614418798554,17.0,0.0,0.0,0.01401950283923975,0.0
gtzan/gtzan_reggae_00056/track.npy,gtzan,0.9922480620155039,0.9262514156322427,0.9262514156322427,0.9262514156322427,0.8923076923076924,0.9692307692307692,0.8923076923076924,0.9692307692307692,0.0,1.610166338874209e-76,0.8724694428125503,0.43623472140627517,0.0,0.0,0.8823529411764706,0.8823529411764706,77.0,0.0,0.0,0.105360515657833,20.0,0.0,0.0,0.013072081567353159,0.0
gtzan/gtzan_reggae_00057/track.npy,gtzan,1.0,0.958223209748257,0.958223209748257,0.958223209748257,1.0,1.0,1.0,1.0,1.0,0.9497350837527703,0.9497350837527703,0.9497350837527703,1.0,1.0,1.0,1.0,97.0,0.0,0.0,0.08584395292706672,25.0,0.0,0.0,0.030226758678242704,0.0
gtzan/gtzan_reggae_00058/track.npy,gtzan,1.0,0.8649816160317317,0.8649816160317317,0.8649816160317317,1.0,1.0,1.0,1.0,1.0,0.8285889582931981,0.8285889582931981,0.8285889582931981,1.0,1.0,1.0,1.0,62.0,0.0,0.0,0.04082199452025613,16.0,0.0,0.0,0.02061928720273698,0.0
gtzan/gtzan_reggae_00059/track.npy,gtzan,0.7889908256880733,0.7699344973160375,0.8149416252789529,0.7924380612974952,0.21875,0.328125,0.21875,0.4666666666666667,0.875,0.8576064627327767,0.8576064627327767,0.8576064627327767,0.3125,0.6875,0.3125,0.6875,58.0,0.017543859649122806,0.017543859649122806,0.7620852311948734,20.0,0.0,0.0,1.2409743718726827,0.0
gtzan/gtzan_reggae_00060/track.npy,gtzan,1.0,0.923334550107516,0.923334550107516,0.923334550107516,1.0,1.0,1.0,1.0,1.0,0.9593488697097611,0.9593488697097611,0.9593488697097611,1.0,1.0,1.0,1.0,57.0,0.0,0.0,0.07696104113612892,14.0,0.0,0.0,0.019048194970695275,0.0
gtzan/gtzan_reggae_00061/track.npy,gtzan,1.0,0.9776106259647728,0.9776106259647728,0.9776106259647728,1.0,1.0,1.0,1.0,1.0,0.9744519561875015,0.9744519561875015,0.9744519561875015,1.0,1.0,1.0,1.0,46.0,0.0,0.0,0.030771658666758572,11.0,0.0,0.0,0.007662872745569871,0.0
gtzan/gtzan_reggae_00062/track.npy,gtzan,0.6595744680851063,0.6359585856237058,0.9641952749778764,0.8000769303007911,0.0,0.0,1.0,1.0,0.6956521739130436,0.6832772490283223,0.9822110454782134,0.8327441472532678,0.0,0.0,1.0,1.0,38.0,0.0,0.0,0.050010420574661374,10.0,0.0,0.0,0.010398438121990013,0.0
gtzan/gtzan_reggae_00063/track.npy,gtzan,0.6725663716814159,0.6447733172371326,0.9586761164183119,0.8017247168277222,0.0,0.0,1.0,1.0,0.6896551724137931,0.659323710688216,0.9560193804979132,0.8076715455930646,0.0,0.0,1.0,1.0,46.0,0.0,0.0,0.030771658666755797,12.0,0.0,0.0,0.01941843523024905,0.0
gtzan/gtzan_reggae_00064/track.npy,gtzan,0.6728971962616822,0.6632163855716333,0.9856132396689551,0.8244148126202941,0.0,0.0,1.0,1.0,0.6666666666666666,0.6611518485978141,0.9917277728967212,0.8264398107472677,0.0,0.0,1.0,1.0,43.0,0.0,0.0,0.028987536873251674,10.0,0.0,0.0,1.1102230246251565e-15,0.0
gtzan/gtzan_reggae_00065/track.npy,gtzan,0.6727272727272727,0.6362366632363531,0.9457572021080862,0.7909969326722197,0.0,0.0,1.0,1.0,0.6666666666666666,0.6386959404225906,0.9580439106338859,0.7983699255282383,0.0,0.0,1.0,1.0,44.0,0.0,0.0,0.058840500022933506,11.0,0.0,0.0,0.007380107297622507,0.0
gtzan/gtzan_reggae_00066/track.npy,gtzan,1.0,0.9711432134313105,0.9711432134313105,0.9711432134313105,1.0,1.0,1.0,1.0,0.0,4.006443509761962e-302,0.8966642865319545,0.44833214326597726,0.0,0.0,0.875,0.875,40.0,0.0,0.0,0.05264373348541618,10.0,0.0,0.0,0.010934987339047526,0.0
gtzan/gtzan_reggae_00067/track.npy,gtzan,0.9312977099236641,0.8940178042998908,0.8940178042998908,0.8940178042998908,0.2857142857142857,0.7285714285714285,0.2857142857142857,0.7285714285714285,0.6521739130434783,0.6291847361559827,0.8437846344106623,0.7364846852833224,0.10344827586206896,0.1724137931034483,0.2727272727272727,0.5757575757575758,73.0,0.0,0.0,0.7213404360906293,32.0,0.0,0.0,0.6931471805599468,0.0
gtzan/gtzan_reggae_00068/track.npy,gtzan,1.0,0.9410721056200458,0.9410721056200458,0.9410721056200458,1.0,1.0,1.0,1.0,1.0,0.917159290599932,0.917159290599932,0.917159290599932,1.0,1.0,1.0,1.0,69.0,0.0,0.0,0.09097177820572468,18.0,0.0,0.0,0.022989518224699246,0.0
gtzan/gtzan_reggae_00069/track.npy,gtzan,0.8070175438596491,0.7340333039147584,0.7340333039147584,0.7340333039147584,0.14754098360655737,0.4426229508196721,0.14754098360655737,0.4426229508196721,0.6315789473684211,0.5936517538948135,0.6221436570504635,0.6078977054726384,0.13043478260869565,0.30434782608695654,0.1724137931034483,0.30434782608695654,61.0,0.0,0.08333333333333333,1.0521474224892922,27.0,0.0,0.07692307692307693,2.098563472635381,0.0
gtzan/gtzan_reggae_00070/track.npy,gtzan,0.735042735042735,0.674825353485651,0.8687927814804908,0.7718090674830709,0.10810810810810811,0.14864864864864866,0.37209302325581395,0.7441860465116279,0.5161290322580646,0.5089769846621002,0.717194842023868,0.613085913342984,0.0,0.0,0.3333333333333333,0.6666666666666666,50.0,0.0,0.0,0.6832873736216025,13.0,0.0,0.0,0.4752410483112167,0.0
gtzan/gtzan_reggae_00071/track.npy,gtzan,0.6666666666666666,0.6336322728005356,0.9504484092008034,0.7920403410006696,0.0,0.0,1.0,1.0,0.6666666666666666,0.6340391476871845,0.9510587215307769,0.7925489346089807,0.0,0.0,1.0,1.0,35.0,0.0,0.0,0.046520015634893525,9.0,0.0,0.0,0.011696039763191734,0.0
gtzan/gtzan_reggae_00072/track.npy,gtzan,1.0,0.9680628147998024,0.9680628147998024,0.9680628147998024,1.0,1.0,1.0,1.0,1.0,0.9752903178344846,0.9752903178344846,0.9752903178344846,1.0,1.0,1.0,1.0,42.0,0.0,0.0,0.0295408256761061,11.0,0.0,0.0,0.011198774248302087,0.0
gtzan/gtzan_reggae_00073/track.npy,gtzan,1.0,0.9173534293491997,0.9173534293491997,0.9173534293491997,1.0,1.0,1.0,1.0,1.0,0.9416954766230642,0.9416954766230642,0.9416954766230642,1.0,1.0,1.0,1.0,42.0,0.0,0.0,0.056903263508920186,10.0,0.0,0.0,0.013986241974739855,0.0
gtzan/gtzan_reggae_00074/track.npy,gtzan,1.0,0.8702260261690838,0.8702260261690838,0.8702260261690838,1.0,1.0,1.0,1.0,1.0,0.810769641349866,0.810769641349866,0.810769641349866,1.0,1.0,1.0,1.0,42.0,0.0,0.0,0.05556985115481223,10.0,0.0,0.0,0.013986241974739999,0.0
gtzan/gtzan_reggae_00075/track.npy,gtzan,0.6593406593406593,0.549138609851311,0.8192067786306443,0.6841726942409776,0.0,0.0,0.967741935483871,0.967741935483871,0.38709677419354843,0.2975257862717447,0.5836004936739194,0.44056313997283203,0.125,0.1875,0.3125,0.4375,37.0,0.0,0.0,0.05584931339249007,20.0,0.0,0.0,0.8056259854394217,0.0
gtzan/gtzan_reggae_00076/track.npy,gtzan,1.0,0.9407062661565466,0.9407062661565466,0.9407062661565466,1.0,1.0,1.0,1.0,0.0,5.1794644444928485e-307,0.8054418370160892,0.4027209185080446,0.0,0.0,0.7777777777777778,0.7777777777777778,40.0,0.0,0.0,0.05264373348542556,10.0,0.0,0.0,0.01307208156735291,0.0
gtzan/gtzan_reggae_00077/track.npy,gtzan,0.9203539823008848,0.8870024156869286,0.8870024156869286,0.8870024156869286,0.39344262295081966,0.7049180327868853,0.39344262295081966,0.7049180327868853,0.7692307692307693,0.7355501607102095,0.7355501607102095,0.7355501607102095,0.25,0.3333333333333333,0.25,0.3333333333333333,65.0,0.0,0.0,0.6907374254020318,30.0,0.0,0.0,1.2677519227336225,0.0
gtzan/gtzan_reggae_00078/track.npy,gtzan,0.8421052631578948,0.8139412640819392,0.8139412640819392,0.8139412640819392,0.18181818181818182,0.45454545454545453,0.22916666666666666,0.45454545454545453,0.7368421052631579,0.7197859144513707,0.7197859144513707,0.7197859144513707,0.18181818181818182,0.3181818181818182,0.18181818181818182,0.3181818181818182,55.0,0.0,0.0,0.6931471805599396,25.0,0.0,0.0,1.0986122886681127,0.0
gtzan/gtzan_reggae_00079/track.npy,gtzan,0.8037383177570093,0.7182072756501413,0.7182072756501413,0.7182072756501413,0.375,0.375,0.375,0.375,0.7692307692307693,0.7137232635074209,0.7378690957148648,0.7257961796111428,0.375,0.375,0.4,0.4,55.0,0.0,0.0,0.2434252804318372,13.0,0.0,0.0,0.35609768776532025,0.0
gtzan/gtzan_reggae_00080/track.npy,gtzan,1.0,0.9635928859411871,0.9635928859411871,0.9635928859411871,1.0,1.0,1.0,1.0,1.0,0.9569950554044706,0.9569950554044706,0.9569950554044706,1.0,1.0,1.0,1.0,50.0,0.0,0.0,0.03390155167568556,12.0,0.0,0.0,0.008368249670516414,0.0
gtzan/gtzan_reggae_00081/track.npy,gtzan,1.0,0.9602726454813351,0.9602726454813351,0.9602726454813351,1.0,1.0,1.0,1.0,1.0,0.9827619893233674,0.9827619893233674,0.9827619893233674,1.0,1.0,1.0,1.0,51.0,0.0,0.0,0.06669137449867549,13.0,0.0,0.0,0.008368249670517858,0.0
gtzan/gtzan_reggae_00082/track.npy,gtzan,1.0,0.9602726454813351,0.9602726454813351,0.9602726454813351,1.0,1.0,1.0,1.0,1.0,0.9827619893233674,0.9827619893233674,0.9827619893233674,1.0,1.0,1.0,1.0,51.0,0.0,0.0,0.06669137449867549,13.0,0.0,0.0,0.008368249670517858,0.0
gtzan/gtzan_reggae_00083/track.npy,gtzan,0.9285714285714286,0.8068835145200552,0.8068835145200552,0.8068835145200552,1.0,1.0,1.0,1.0,0.47058823529411764,0.40197055399499115,0.47537004415553613,0.43867029907526367,0.1,0.1,0.2,0.3076923076923077,31.0,0.0,0.0,0.2818374458341771,12.0,0.0,0.0,2.0599357562750753,0.0
gtzan/gtzan_reggae_00084/track.npy,gtzan,0.923076923076923,0.8757544973155814,0.8757544973155814,0.8757544973155814,0.3877551020408163,0.7142857142857143,0.3877551020408163,0.7142857142857143,0.7333333333333334,0.6623594618871952,0.6623594618871952,0.6623594618871952,0.05263157894736842,0.15789473684210525,0.19047619047619047,0.2857142857142857,57.0,0.0,0.0,0.6694160943869628,22.0,0.0,0.0,1.102381756722481,0.0
gtzan/gtzan_reggae_00085/track.npy,gtzan,0.8721804511278196,0.7570230376994918,0.7570230376994918,0.7570230376994918,0.2465753424657534,0.5205479452054794,0.2465753424657534,0.5205479452054794,0.9090909090909091,0.828861971669385,0.828861971669385,0.828861971669385,0.6666666666666666,0.6666666666666666,0.6666666666666666,0.6666666666666666,74.0,0.0,0.0,0.35667494393872956,19.0,0.0,0.0,0.15894171812017133,0.0
gtzan/gtzan_reggae_00087/track.npy,gtzan,1.0,0.9751270055971704,0.9751270055971704,0.9751270055971704,1.0,1.0,1.0,1.0,1.0,0.9848920990691367,0.9848920990691367,0.9848920990691367,1.0,1.0,1.0,1.0,41.0,0.0,0.0,0.0555698511548115,10.0,0.0,0.0,0.006920442844573482,0.0
gtzan/gtzan_reggae_00088/track.npy,gtzan,1.0,0.9322483253066011,0.9322483253066011,0.9322483253066011,1.0,1.0,1.0,1.0,1.0,0.8549683535908479,0.8549683535908479,0.8549683535908479,1.0,1.0,1.0,1.0,54.0,0.0,0.0,0.11332868530700158,13.0,0.0,0.0,0.05406722127027619,0.0
gtzan/gtzan_reggae_00089/track.npy,gtzan,0.9919999999999999,0.888977231721303,0.888977231721303,0.888977231721303,0.9841269841269841,0.9841269841269841,0.9841269841269841,0.9841269841269841,0.0,6.512456520964943e-83,0.8507660937634626,0.4253830468817313,0.0,0.0,0.875,0.875,75.0,0.0,0.0,0.10536051565783033,19.0,0.0,0.0,0.025001302205416964,0.0
gtzan/gtzan_reggae_00090/track.npy,gtzan,0.6666666666666666,0.6056090191084628,0.9084135286626941,0.7570112738855784,0.0,0.0,1.0,1.0,0.3448275862068966,0.3284672109365937,0.520601129318844,0.4245341701277188,0.0,0.0,0.15384615384615385,0.16129032258064516,39.0,0.0,0.0,0.025975486403261507,14.0,0.0,0.0,1.3926841592186603,0.0
gtzan/gtzan_reggae_00091/track.npy,gtzan,0.9285714285714286,0.8776456580226099,0.8776456580226099,0.8776456580226099,0.4,0.7333333333333333,0.4,0.7333333333333333,0.7000000000000001,0.6515778851817771,0.8397695072616792,0.7456736962217281,0.04,0.12,0.4482758620689655,0.6896551724137931,62.0,0.0,0.0,0.670254506559838,31.0,0.0,0.0,0.724874585065199,0.0
gtzan/gtzan_reggae_00092/track.npy,gtzan,0.9203539823008848,0.6752220101364064,0.6752220101364064,0.6752220101364064,0.6885245901639344,0.6885245901639344,0.6885245901639344,0.6885245901639344,0.6666666666666667,0.5027420463524146,0.6991000698053184,0.6009210580788664,0.06896551724137931,0.13793103448275862,0.2903225806451613,0.6774193548387096,59.0,0.0,0.0,0.09531017980431444,33.0,0.0,0.0,0.7051959563494763,0.0
gtzan/gtzan_reggae_00093/track.npy,gtzan,0.9729729729729729,0.880686411070404,0.880686411070404,0.880686411070404,0.48,0.92,0.48,0.92,0.7894736842105263,0.7135336259261253,0.7135336259261253,0.7135336259261253,0.3684210526315789,0.7368421052631579,0.3684210526315789,0.7368421052631579,82.0,0.0,0.0,0.6340611416768486,21.0,0.0,0.0,0.4019813543335794,0.0
gtzan/gtzan_reggae_00094/track.npy,gtzan,1.0,0.9626326981602921,0.9626326981602921,0.9626326981602921,1.0,1.0,1.0,1.0,1.0,0.9612121665505557,0.9612121665505557,0.9612121665505557,1.0,1.0,1.0,1.0,64.0,0.0,0.0,0.04255961441880244,16.0,0.0,0.0,0.021053409197833717,0.0
gtzan/gtzan_reggae_00095/track.npy,gtzan,0.9122807017543859,0.8820471031282558,0.8820471031282558,0.8820471031282558,0.24193548387096775,0.7903225806451613,0.24193548387096775,0.7903225806451613,0.7407407407407408,0.7223387947833841,0.7223387947833841,0.7223387947833841,0.6428571428571429,0.6428571428571429,0.6428571428571429,0.6428571428571429,73.0,0.1527777777777778,0.1527777777777778,1.7917594692280547,16.0,0.06666666666666667,0.06666666666666667,1.1285792616892516,0.0
gtzan/gtzan_reggae_00096/track.npy,gtzan,0.9864864864864865,0.8488484265650098,0.8488484265650098,0.8488484265650098,0.28378378378378377,0.8648648648648649,0.28378378378378377,0.8648648648648649,1.0,0.8964656951011682,0.8964656951011682,0.8964656951011682,1.0,1.0,1.0,1.0,89.0,0.0,0.0,0.28916148317009294,22.0,0.0,0.0,0.030582903120740662,0.0
gtzan/gtzan_reggae_00097/track.npy,gtzan,0.43749999999999994,0.39022067156597773,0.39022067156597773,0.39022067156597773,0.047619047619047616,0.047619047619047616,0.047619047619047616,0.047619047619047616,0.21052631578947364,0.13191371677680888,0.17148242426859797,0.15169807052270343,0.0,0.0,0.0,0.0,47.0,0.0,0.0,0.46793059317945895,15.0,0.0,0.0,0.3863706977250121,0.0
gtzan/gtzan_reggae_00098/track.npy,gtzan,0.9023255813953489,0.7343240825502356,0.7343240825502356,0.7343240825502356,0.14782608695652175,0.5217391304347826,0.14782608695652175,0.5217391304347826,0.9019607843137256,0.7668856874868679,0.7668856874868679,0.7668856874868679,0.5,0.8846153846153846,0.5,0.8846153846153846,135.0,0.1044776119402985,0.2462686567164179,1.0116009116785023,32.0,0.06451612903225806,0.06451612903225806,2.477095431261045,0.0
gtzan/gtzan_reggae_00099/track.npy,gtzan,0.7547169811320755,0.7058688301151262,0.7610216434080284,0.7334452367615774,0.17346938775510204,0.23469387755102042,0.39344262295081966,0.5081967213114754,0.25,0.21853706789662874,0.21853706789662874,0.21853706789662874,0.12,0.12,0.5333333333333333,0.6,71.0,0.0,0.0,0.7411728051640674,18.0,0.0,0.0,0.4170777503029306,0.0
gtzan/gtzan_rock_00000/track.npy,gtzan,0.8791208791208792,0.7787338157902906,0.7787338157902906,0.7787338157902906,0.7843137254901961,0.7843137254901961,0.7843137254901961,0.7843137254901961,0.8695652173913044,0.7388742077731314,0.7388742077731314,0.7388742077731314,0.7692307692307693,0.7692307692307693,0.7692307692307693,0.7692307692307693,50.0,0.0,0.0,0.08221299349612285,12.0,0.0,0.0,0.025675389286761774,0.0
gtzan/gtzan_rock_00001/track.npy,gtzan,1.0,0.8477068656857489,0.8477068656857489,0.8477068656857489,1.0,1.0,1.0,1.0,1.0,0.7912709643590257,0.7912709643590257,0.7912709643590257,1.0,1.0,1.0,1.0,38.0,0.0,0.0,0.050010420574662096,9.0,0.0,0.0,0.012578782206860683,0.0
gtzan/gtzan_rock_00002/track.npy,gtzan,1.0,0.9550879159488829,0.9550879159488829,0.9550879159488829,1.0,1.0,1.0,1.0,1.0,0.953860848624799,0.953860848624799,0.953860848624799,1.0,1.0,1.0,1.0,53.0,0.0,0.0,0.052042095649112774,13.0,0.0,0.0,0.017621943375155658,0.0
gtzan/gtzan_rock_00003/track.npy,gtzan,1.0,0.9437071366567238,0.9437071366567238,0.9437071366567238,1.0,1.0,1.0,1.0,0.5454545454545454,0.5146683020261373,0.6685474855679615,0.5916078937970495,0.16666666666666666,0.3333333333333333,0.16666666666666666,0.3333333333333333,48.0,0.0,0.0,0.054827442314645744,15.0,0.0,0.0,0.7201899723979099,0.0
gtzan/gtzan_rock_00004/track.npy,gtzan,1.0,0.8999472183285209,0.8999472183285209,0.8999472183285209,1.0,1.0,1.0,1.0,1.0,0.8826943062210222,0.8826943062210222,0.8826943062210222,1.0,1.0,1.0,1.0,39.0,0.0,0.0,0.031593256543233667,10.0,0.0,0.0,0.0195445960729701,0.0
gtzan/gtzan_rock_00005/track.npy,gtzan,0.6666666666666667,0.6148512511947521,0.7848606748697065,0.6998559630322293,0.109375,0.1875,0.345679012345679,0.5432098765432098,0.48275862068965514,0.45728184168327163,0.45728184168327163,0.45728184168327163,0.10526315789473684,0.21052631578947367,0.10526315789473684,0.21052631578947367,75.0,0.0,0.0,0.6931471805599453,22.0,0.0,0.0,1.9469453837955417,0.0
gtzan/gtzan_rock_00006/track.npy,gtzan,0.8363636363636364,0.7118506101672466,0.7118506101672466,0.7118506101672466,0.5483870967741935,0.5483870967741935,0.5483870967741935,0.5483870967741935,0.28571428571428575,0.28284088887568515,0.5736924918419721,0.42826669035882864,0.0,0.0,0.625,0.625,40.0,0.0,0.0,0.1891852637718861,11.0,0.0,0.0,0.7072516546349117,0.0
gtzan/gtzan_rock_00007/track.npy,gtzan,1.0,0.8562880602270367,0.8562880602270367,0.8562880602270367,1.0,1.0,1.0,1.0,1.0,0.8751040743751816,0.8751040743751816,0.8751040743751816,1.0,1.0,1.0,1.0,45.0,0.0,0.0,0.056033615887316514,12.0,0.0,0.0,0.023085918335637546,0.0
gtzan/gtzan_rock_00008/track.npy,gtzan,0.7027027027027027,0.6475091353183241,0.6475091353183241,0.6475091353183241,0.35135135135135137,0.7027027027027027,0.35135135135135137,0.7027027027027027,0.6,0.5985343609190096,0.5985343609190096,0.5985343609190096,0.5,0.8,0.5,0.8,45.0,0.0,0.0,0.22812813544174929,12.0,0.0,0.0,0.373148155382108,0.0
gtzan/gtzan_rock_00009/track.npy,gtzan,1.0,0.9380204456395712,0.9380204456395712,0.9380204456395712,1.0,1.0,1.0,1.0,0.0,0.0,0.8843406715461712,0.4421703357730856,0.0,0.0,0.875,0.875,38.0,0.0,0.0,0.025317807984290654,9.0,0.0,0.0,0.012500162764231626,0.0
gtzan/gtzan_rock_00010/track.npy,gtzan,0.9210526315789475,0.7911383892890411,0.7911383892890411,0.7911383892890411,0.5365853658536586,0.6829268292682927,0.5365853658536586,0.6829268292682927,0.8421052631578948,0.6888393001660763,0.6888393001660763,0.6888393001660763,0.6,0.6,0.6,0.6,48.0,0.0,0.0,0.7136964112010337,13.0,0.0,0.0,0.689710740916064,0.0
gtzan/gtzan_rock_00011/track.npy,gtzan,1.0,0.8664922228438587,0.8664922228438587,0.8664922228438587,1.0,1.0,1.0,1.0,1.0,0.8397254852046006,0.8397254852046006,0.8397254852046006,1.0,1.0,1.0,1.0,58.0,0.0,0.0,0.04794252790339598,14.0,0.0,0.0,0.028987536873253394,0.0
gtzan/gtzan_rock_00012/track.npy,gtzan,1.0,0.9691259752978844,0.9691259752978844,0.9691259752978844,1.0,1.0,1.0,1.0,1.0,0.9722427484408608,0.9722427484408608,0.9722427484408608,1.0,1.0,1.0,1.0,57.0,0.0,0.0,0.04950654192883543,14.0,0.0,0.0,0.009478743954543279,0.0
gtzan/gtzan_rock_00013/track.npy,gtzan,1.0,0.8673013262502166,0.8673013262502166,0.8673013262502166,1.0,1.0,1.0,1.0,1.0,0.9321944858225878,0.9321944858225878,0.9321944858225878,1.0,1.0,1.0,1.0,46.0,0.0,0.0,0.06252035698133765,11.0,0.0,0.0,0.022814677766171652,0.0
gtzan/gtzan_rock_00014/track.npy,gtzan,0.7476635514018691,0.6248209630433937,0.6248209630433937,0.6248209630433937,0.2033898305084746,0.4576271186440678,0.2033898305084746,0.4576271186440678,0.12903225806451615,0.08375407387173188,0.14917883688360356,0.11646645537766773,0.10526315789473684,0.10526315789473684,0.10526315789473684,0.10526315789473684,71.0,0.0,0.0,0.7731898882334856,23.0,0.0,0.0,1.9859154836690078,0.0
gtzan/gtzan_rock_00015/track.npy,gtzan,0.9655172413793104,0.7835404610275265,0.7835404610275265,0.7835404610275265,0.9772727272727273,0.9772727272727273,0.9772727272727273,0.9772727272727273,1.0,0.8438114377937403,0.8438114377937403,0.8438114377937403,1.0,1.0,1.0,1.0,52.0,0.0,0.0,0.07145896398214668,13.0,0.0,0.0,0.035364118438095504,0.0
gtzan/gtzan_rock_00016/track.npy,gtzan,0.7768595041322314,0.6870758163707008,0.6870758163707008,0.6870758163707008,0.7704918032786885,0.7704918032786885,0.7704918032786885,0.7704918032786885,0.7333333333333333,0.6428691802428222,0.6428691802428222,0.6428691802428222,1.0,1.0,1.0,1.0,73.0,0.0,0.0,0.09531017980432294,19.0,0.0,0.0,0.038734535700274624,0.0
gtzan/gtzan_rock_00017/track.npy,gtzan,1.0,0.9207635660924973,0.9207635660924973,0.9207635660924973,1.0,1.0,1.0,1.0,1.0,0.8850016184119114,0.8850016184119114,0.8850016184119114,1.0,1.0,1.0,1.0,61.0,0.0,0.0,0.08004270767353472,16.0,0.0,0.0,0.010152371464018418,0.0
gtzan/gtzan_rock_00018/track.npy,gtzan,0.9591836734693877,0.9020463873961172,0.9020463873961172,0.9020463873961172,0.9795918367346939,0.9795918367346939,0.9795918367346939,0.9795918367346939,0.9166666666666666,0.9029272382102502,0.9029272382102502,0.9029272382102502,1.0,1.0,1.0,1.0,59.0,0.0,0.0,0.07696104113612678,15.0,0.0,0.0,0.027569861639020636,0.0
gtzan/gtzan_rock_00019/track.npy,gtzan,1.0,0.9087436615415169,0.9087436615415169,0.9087436615415169,1.0,1.0,1.0,1.0,1.0,0.9088959998798993,0.9088959998798993,0.9088959998798993,1.0,1.0,1.0,1.0,63.0,0.0,0.0,0.0800427076735366,16.0,0.0,0.0,0.28095152464894624,0.0
gtzan/gtzan_rock_00020/track.npy,gtzan,0.6868686868686867,0.6010229736924574,0.7120302817834111,0.6565266277379342,0.1724137931034483,0.29310344827586204,0.38271604938271603,0.38271604938271603,0.3555555555555555,0.3017971396004432,0.3593875514991317,0.33059234554978745,0.0,0.0,0.02857142857142857,0.05714285714285714,75.0,0.0,0.0,0.5027547961725575,45.0,0.0,0.0,1.2824498794855435,0.0
gtzan/gtzan_rock_00021/track.npy,gtzan,0.6511627906976744,0.577938204936872,0.577938204936872,0.577938204936872,0.05063291139240506,0.13924050632911392,0.28,0.44,0.0909090909090909,0.09232689401018815,0.28592380046464266,0.18912534723741542,0.041666666666666664,0.08333333333333333,0.08333333333333333,0.125,61.0,0.0,0.03333333333333333,0.7259370033829355,28.0,0.0,0.037037037037037035,1.6981538060338566,0.0
gtzan/gtzan_rock_00022/track.npy,gtzan,0.9102564102564102,0.8339545175925372,0.8339545175925372,0.8339545175925372,0.5783132530120482,0.7469879518072289,0.5783132530120482,0.7469879518072289,0.2222222222222222,0.19284847318513196,0.3830400889285378,0.2879442810568349,0.0,0.0,0.07317073170731707,0.14634146341463414,91.0,0.0,0.0,0.33099269887794674,39.0,0.0,0.0,1.3862943611198877,0.0
gtzan/gtzan_rock_00023/track.npy,gtzan,0.9253731343283582,0.8596279941384815,0.8596279941384815,0.8596279941384815,0.7777777777777778,0.7777777777777778,0.7777777777777778,0.7777777777777778,0.823529411764706,0.784254176080807,0.784254176080807,0.784254176080807,0.8888888888888888,0.8888888888888888,0.8888888888888888,0.8888888888888888,42.0,0.0,0.0,0.24798037872497783,10.0,0.0,0.0,0.42038970415040977,0.0
gtzan/gtzan_rock_00024/track.npy,gtzan,0.9105691056910569,0.6675845420675631,0.6675845420675631,0.6675845420675631,0.6935483870967742,0.9032258064516129,0.6935483870967742,0.9032258064516129,0.9333333333333333,0.6562037516349364,0.6562037516349364,0.6562037516349364,1.0,1.0,1.0,1.0,76.0,0.0,0.0,0.10193042854228217,19.0,0.0,0.0,0.03902638957214017,0.0
gtzan/gtzan_rock_00025/track.npy,gtzan,0.8602150537634408,0.688604838014978,0.688604838014978,0.688604838014978,0.32,0.72,0.32,0.72,0.8,0.6353079420654663,0.6353079420654663,0.6353079420654663,0.35714285714285715,0.5714285714285714,0.35714285714285715,0.5714285714285714,58.0,0.0,0.07017543859649122,1.1437527627918043,17.0,0.0,0.0,0.8445222882286254,0.0
gtzan/gtzan_rock_00026/track.npy,gtzan,1.0,0.939797815479716,0.939797815479716,0.939797815479716,1.0,1.0,1.0,1.0,1.0,0.928723255374237,0.928723255374237,0.928723255374237,1.0,1.0,1.0,1.0,57.0,0.0,0.0,0.03818444353398141,14.0,0.0,0.0,0.028269381111485765,0.0
gtzan/gtzan_rock_00027/track.npy,gtzan,0.8771929824561403,0.7192475897400618,0.7192475897400618,0.7192475897400618,0.5238095238095238,0.5873015873015873,0.5238095238095238,0.5873015873015873,0.411764705882353,0.353860954863548,0.4473963418332609,0.40062864834840445,0.05555555555555555,0.1111111111111111,0.06451612903225806,0.1935483870967742,64.0,0.0,0.0,0.5785245794964535,23.0,0.0,0.0,1.3987168811184518,0.0
gtzan/gtzan_rock_00028/track.npy,gtzan,1.0,0.9132619826581528,0.9132619826581528,0.9132619826581528,1.0,1.0,1.0,1.0,1.0,0.9220197558516194,0.9220197558516194,0.9220197558516194,1.0,1.0,1.0,1.0,69.0,0.0,0.0,0.09531017980433143,17.0,0.0,0.0,0.014989431148163911,0.0
gtzan/gtzan_rock_00029/track.npy,gtzan,0.7547169811320754,0.7096134285559522,0.7096134285559522,0.7096134285559522,0.7547169811320755,0.7547169811320755,0.7547169811320755,0.7547169811320755,0.7142857142857143,0.6616164478150773,0.6616164478150773,0.6616164478150773,1.0,1.0,1.0,1.0,64.0,0.0,0.0,0.04255961441879885,16.0,0.0,0.0,0.12306009275722729,0.0
gtzan/gtzan_rock_00030/track.npy,gtzan,0.6875,0.6286533489152558,0.6286533489152558,0.6286533489152558,0.6666666666666666,0.6666666666666666,0.6666666666666666,0.6666666666666666,0.6666666666666666,0.6031765939190946,0.6031765939190946,0.6031765939190946,1.0,1.0,1.0,1.0,58.0,0.0,0.0,0.07482123939932223,15.0,0.0,0.0,0.023022859509705004,0.0
gtzan/gtzan_rock_00031/track.npy,gtzan,1.0,0.8317054724000884,0.8317054724000884,0.8317054724000884,1.0,1.0,1.0,1.0,1.0,0.8720777982035952,0.8720777982035952,0.8720777982035952,1.0,1.0,1.0,1.0,59.0,0.0,0.0,0.0775773744436097,15.0,0.0,0.0,0.02359541477330219,0.0
gtzan/gtzan_rock_00032/track.npy,gtzan,0.9870129870129869,0.8017190327475225,0.8017190327475225,0.8017190327475225,0.9743589743589743,0.9743589743589743,0.9743589743589743,0.9743589743589743,0.9473684210526316,0.7297047377489407,0.7297047377489407,0.7297047377489407,0.9,0.9,0.9,0.9,46.0,0.0,0.0,0.06062462181643358,11.0,0.0,0.0,0.030771658666754353,0.0
gtzan/gtzan_rock_00033/track.npy,gtzan,1.0,0.9109900775879594,0.9109900775879594,0.9109900775879594,1.0,1.0,1.0,1.0,1.0,0.927505040468145,0.927505040468145,0.927505040468145,1.0,1.0,1.0,1.0,60.0,0.0,0.0,0.07696104113612777,15.0,0.0,0.0,0.11328156657629833,0.0
gtzan/gtzan_rock_00034/track.npy,gtzan,1.0,0.9691676277721215,0.9691676277721215,0.9691676277721215,1.0,1.0,1.0,1.0,1.0,0.9852132282369243,0.9852132282369243,0.9852132282369243,1.0,1.0,1.0,1.0,35.0,0.0,0.0,0.0229895182247023,9.0,0.0,0.0,0.01147467434510141,0.0
gtzan/gtzan_rock_00035/track.npy,gtzan,1.0,0.9424983399811859,0.9424983399811859,0.9424983399811859,1.0,1.0,1.0,1.0,1.0,0.924510491247294,0.924510491247294,0.924510491247294,1.0,1.0,1.0,1.0,66.0,0.0,0.0,0.0870113769896352,16.0,0.0,0.0,0.010929070532190355,0.0
gtzan/gtzan_rock_00036/track.npy,gtzan,0.8115942028985507,0.6810221699413634,0.6810221699413634,0.6810221699413634,0.24390243902439024,0.4634146341463415,0.24390243902439024,0.4634146341463415,0.7368421052631579,0.6342568849529462,0.7170664136431205,0.6756616492980334,0.16666666666666666,0.16666666666666666,0.6923076923076923,0.6923076923076923,53.0,0.07692307692307693,0.07692307692307693,1.704748092238424,15.0,0.0,0.0,0.682948634738802,0.0
gtzan/gtzan_rock_00037/track.npy,gtzan,0.9906542056074767,0.9458256684710492,0.9458256684710492,0.9458256684710492,0.9814814814814815,0.9814814814814815,0.9814814814814815,0.9814814814814815,1.0,0.9359278897916526,0.9359278897916526,0.9359278897916526,1.0,1.0,1.0,1.0,65.0,0.0,0.0,0.04445176257084001,16.0,0.0,0.0,0.03243527575315385,0.0
gtzan/gtzan_rock_00038/track.npy,gtzan,0.9491525423728813,0.9066224686539914,0.9066224686539914,0.9066224686539914,0.7741935483870968,0.8064516129032258,0.7741935483870968,0.8064516129032258,0.8571428571428571,0.8150402321071633,0.8150402321071633,0.8150402321071633,0.8571428571428571,0.8571428571428571,0.8571428571428571,0.8571428571428571,40.0,0.02564102564102564,0.02564102564102564,0.9806013105420259,10.0,0.0,0.0,0.45238328829856006,0.0
gtzan/gtzan_rock_00039/track.npy,gtzan,0.9166666666666666,0.7899705883716696,0.7899705883716696,0.7899705883716696,0.9166666666666666,0.9166666666666666,0.9166666666666666,0.9166666666666666,0.9333333333333333,0.7830906255591484,0.7830906255591484,0.7830906255591484,1.0,1.0,1.0,1.0,73.0,0.0,0.0,0.15037707700956798,18.0,0.0,0.0,0.03561301864919886,0.0
gtzan/gtzan_rock_00040/track.npy,gtzan,0.6506024096385543,0.5607649700925156,0.5607649700925156,0.5607649700925156,0.3333333333333333,0.5111111111111111,0.3333333333333333,0.5111111111111111,0.4615384615384615,0.42252803575320724,0.42252803575320724,0.42252803575320724,0.13333333333333333,0.26666666666666666,0.13333333333333333,0.26666666666666666,55.0,0.0,0.0,0.1850897339317865,20.0,0.0,0.0,1.2523097585468441,0.0
gtzan/gtzan_rock_00041/track.npy,gtzan,1.0,0.9587463208886436,0.9587463208886436,0.9587463208886436,1.0,1.0,1.0,1.0,0.0,2.5469926139607847e-137,0.9223059517990013,0.46115297589950066,0.0,0.0,0.9166666666666666,0.9166666666666666,59.0,0.0,0.0,0.03922071315328459,15.0,0.0,0.0,0.009852296443011532,0.0
gtzan/gtzan_rock_00042/track.npy,gtzan,0.8955223880597014,0.8586964525017197,0.8586964525017197,0.8586964525017197,0.8823529411764706,0.8823529411764706,0.8823529411764706,0.8823529411764706,0.9411764705882353,0.8941167719573757,0.8941167719573757,0.8941167719573757,0.8888888888888888,0.8888888888888888,0.8888888888888888,0.8888888888888888,41.0,0.0,0.0,0.05406722127027935,11.0,0.0,0.0,0.047676484237056484,0.0
gtzan/gtzan_rock_00043/track.npy,gtzan,0.6605504587155963,0.6204245353811415,0.7078491893837721,0.6641368623824568,0.0,0.0,0.5675675675675675,0.7027027027027027,0.3703703703703704,0.360061673420402,0.540092510130603,0.4500770917755025,0.0,0.0,0.7777777777777778,0.7777777777777778,43.0,0.0,0.0,0.38566248081198506,11.0,0.0,0.0,0.12188655640660646,0.0
gtzan/gtzan_rock_00044/track.npy,gtzan,0.8974358974358975,0.8188164824597313,0.8188164824597313,0.8188164824597313,0.95,0.95,0.95,0.95,0.9,0.8225830117941004,0.8225830117941004,0.8225830117941004,1.0,1.0,1.0,1.0,48.0,0.0,0.0,0.09237332013101457,12.0,0.0,0.0,0.04350102398015298,0.0
gtzan/gtzan_rock_00045/track.npy,gtzan,0.888888888888889,0.7705936318876828,0.7705936318876828,0.7705936318876828,0.325,0.6,0.325,0.6,0.5384615384615385,0.46910710193820054,0.771086123336265,0.6200966126372328,0.0,0.0,0.5555555555555556,0.6111111111111112,47.0,0.0,0.0,0.8803587226480923,22.0,0.0,0.0,1.4133796913270353,0.0
gtzan/gtzan_rock_00046/track.npy,gtzan,1.0,0.7832538457254999,0.7832538457254999,0.7832538457254999,1.0,1.0,1.0,1.0,1.0,0.74995023653811,0.74995023653811,0.74995023653811,1.0,1.0,1.0,1.0,51.0,0.0,0.0,0.06899287148694377,13.0,0.0,0.0,0.025105921131076292,0.0
gtzan/gtzan_rock_00047/track.npy,gtzan,0.9130434782608695,0.7743588226022039,0.7743588226022039,0.7743588226022039,0.8913043478260869,0.9565217391304348,0.8913043478260869,0.9565217391304348,0.9166666666666666,0.735864545782391,0.735864545782391,0.735864545782391,1.0,1.0,1.0,1.0,55.0,0.0,0.0,0.07410797215372038,14.0,0.0,0.0,0.036337580148452016,0.0
gtzan/gtzan_rock_00048/track.npy,gtzan,0.9818181818181818,0.8877314497520254,0.8877314497520254,0.8877314497520254,1.0,1.0,1.0,1.0,0.0,4.5380294912542295e-105,0.8602098391034334,0.4301049195517167,0.0,0.0,0.9285714285714286,0.9285714285714286,66.0,0.0,0.0,0.044451762570840825,17.0,0.0,0.0,0.024891290501571225,0.0
gtzan/gtzan_rock_00049/track.npy,gtzan,1.0,0.9165775210079095,0.9165775210079095,0.9165775210079095,1.0,1.0,1.0,1.0,1.0,0.9223639054361029,0.9223639054361029,0.9223639054361029,1.0,1.0,1.0,1.0,42.0,0.0,0.0,0.1168713048079471,10.0,0.0,0.0,0.018484529823711834,0.0
gtzan/gtzan_rock_00050/track.npy,gtzan,1.0,0.9754744811735316,0.9754744811735316,0.9754744811735316,1.0,1.0,1.0,1.0,1.0,0.9742293342722662,0.9742293342722662,0.9742293342722662,1.0,1.0,1.0,1.0,62.0,0.0,0.0,0.042559614418795744,16.0,0.0,0.0,0.01409827532973721,0.0
gtzan/gtzan_rock_00051/track.npy,gtzan,0.9135802469135803,0.8862867664731446,0.8862867664731446,0.8862867664731446,0.18181818181818182,0.8409090909090909,0.18181818181818182,0.8409090909090909,0.7499999999999999,0.7347834395760929,0.7347834395760929,0.7347834395760929,0.2,0.6,0.2,0.6,53.0,0.15384615384615385,0.15384615384615385,2.1400661634962708,18.0,0.4117647058823529,0.4117647058823529,3.5263605246161664,0.0
gtzan/gtzan_rock_00052/track.npy,gtzan,1.0,0.918601768520437,0.918601768520437,0.918601768520437,1.0,1.0,1.0,1.0,1.0,0.8611534954910759,0.8611534954910759,0.8611534954910759,1.0,1.0,1.0,1.0,49.0,0.0,0.0,0.13665379117228918,13.0,0.0,0.0,0.06672455514776032,0.0
gtzan/gtzan_rock_00053/track.npy,gtzan,1.0,0.9420417833405859,0.9420417833405859,0.9420417833405859,1.0,1.0,1.0,1.0,1.0,0.923493508397797,0.923493508397797,0.923493508397797,1.0,1.0,1.0,1.0,60.0,0.0,0.0,0.08004270767353498,15.0,0.0,0.0,0.020000666706669824,0.0
gtzan/gtzan_rock_00054/track.npy,gtzan,0.8444444444444444,0.7020180930076596,0.7020180930076596,0.7020180930076596,0.5555555555555556,0.8222222222222222,0.5555555555555556,0.8222222222222222,0.7407407407407408,0.6137730390435787,0.6137730390435787,0.6137730390435787,0.5333333333333333,0.7333333333333333,0.5333333333333333,0.7333333333333333,55.0,0.0,0.0,0.3356201520519701,18.0,0.0,0.0,1.3908816457869406,0.0
gtzan/gtzan_rock_00055/track.npy,gtzan,0.9908256880733944,0.9366200968285461,0.9366200968285461,0.9366200968285461,0.9818181818181818,0.9818181818181818,0.9818181818181818,0.9818181818181818,1.0,0.959818169357404,0.959818169357404,0.959818169357404,1.0,1.0,1.0,1.0,65.0,0.0,0.0,0.08275541554774814,16.0,0.0,0.0,0.010810916104217288,0.0
gtzan/gtzan_rock_00056/track.npy,gtzan,0.9824561403508771,0.900562500440122,0.900562500440122,0.900562500440122,1.0,1.0,1.0,1.0,0.9285714285714286,0.8879814644571054,0.8879814644571054,0.8879814644571054,1.0,1.0,1.0,1.0,69.0,0.0,0.0,0.19516595386169366,17.0,0.0,0.0,0.0723078223429274,0.0
gtzan/gtzan_rock_00057/track.npy,gtzan,1.0,0.9753790511358171,0.9753790511358171,0.9753790511358171,1.0,1.0,1.0,1.0,1.0,0.9761266523976675,0.9761266523976675,0.9761266523976675,1.0,1.0,1.0,1.0,63.0,0.0,0.0,0.04255961441879497,16.0,0.0,0.0,0.020834086902843385,0.0
gtzan/gtzan_rock_00058/track.npy,gtzan,0.7906976744186046,0.5658734115691405,0.5658734115691405,0.5658734115691405,0.3541666666666667,0.5208333333333334,0.3541666666666667,0.5208333333333334,0.5714285714285715,0.43367605425003136,0.43367605425003136,0.43367605425003136,0.3333333333333333,0.3333333333333333,0.3333333333333333,0.3333333333333333,43.0,0.0,0.0,0.6359887667199995,10.0,0.0,0.0,0.6481765124682803,0.0
gtzan/gtzan_rock_00059/track.npy,gtzan,1.0,0.9385127894844226,0.9385127894844226,0.9385127894844226,1.0,1.0,1.0,1.0,1.0,0.9470602916282232,0.9470602916282232,0.9470602916282232,1.0,1.0,1.0,1.0,58.0,0.0,0.0,0.07696104113613172,19.0,0.0,0.0,0.012903404835908738,0.0
gtzan/gtzan_rock_00060/track.npy,gtzan,0.92,0.7666198314494272,0.7666198314494272,0.7666198314494272,0.32894736842105265,0.75,0.32894736842105265,0.75,0.5789473684210527,0.5029912335802328,0.5029912335802328,0.5029912335802328,0.3,0.35,0.3,0.35,90.0,0.06741573033707865,0.06741573033707865,1.3217558399823186,24.0,0.0,0.0,0.5079677030739931,0.0
gtzan/gtzan_rock_00061/track.npy,gtzan,0.6117647058823529,0.5919677871903554,0.8084974610465342,0.7002326241184448,0.0392156862745098,0.0392156862745098,0.38235294117647056,0.5882352941176471,0.0,5.105797881304462e-33,1.9054623692353523e-09,9.527311846176762e-10,0.0,0.0,0.07692307692307693,0.07692307692307693,39.0,0.0,0.0,1.1487471876705742,16.0,0.0,0.0,2.0187110403238924,0.0
gtzan/gtzan_rock_00062/track.npy,gtzan,1.0,0.8972178123774385,0.8972178123774385,0.8972178123774385,1.0,1.0,1.0,1.0,1.0,0.8992438628746796,0.8992438628746796,0.8992438628746796,1.0,1.0,1.0,1.0,62.0,0.0,0.0,0.08338160893904585,16.0,0.0,0.0,0.020619287202736092,0.0
gtzan/gtzan_rock_00063/track.npy,gtzan,0.8260869565217392,0.7625461075886462,0.7625461075886462,0.7625461075886462,0.25,0.4807692307692308,0.25,0.4807692307692308,0.8666666666666666,0.7816692285446675,0.7816692285446675,0.7816692285446675,0.47058823529411764,0.5882352941176471,0.47058823529411764,0.5882352941176471,50.0,0.04081632653061224,0.04081632653061224,1.64115151914423,19.0,0.0,0.0,0.6847701406661088,0.0
gtzan/gtzan_rock_00064/track.npy,gtzan,0.7875000000000001,0.7245328970577676,0.7996163548748642,0.7620746259663158,0.1134020618556701,0.30927835051546393,0.128,0.392,0.2702702702702703,0.24540621408101312,0.26354106399510896,0.25447363903806103,0.0,0.0,0.08,0.08,110.0,0.009174311926605505,0.3761467889908257,0.7120088689134138,27.0,0.0,0.0,0.5427981145498205,0.0
gtzan/gtzan_rock_00065/track.npy,gtzan,0.8125000000000001,0.7944449967739685,0.7944449967739685,0.7944449967739685,0.2631578947368421,0.4473684210526316,0.2631578947368421,0.4473684210526316,0.47058823529411764,0.45393592242716124,0.5946051746838861,0.5242705485555237,0.2,0.2,0.3,0.3,48.0,0.02127659574468085,0.02127659574468085,1.2627635584121744,14.0,0.0,0.0,2.362858957927128,0.0
gtzan/gtzan_rock_00066/track.npy,gtzan,1.0,0.8961068564993543,0.8961068564993543,0.8961068564993543,1.0,1.0,1.0,1.0,0.0,1.4846465471086757e-304,0.8709064288574052,0.4354532144287026,0.0,0.0,0.875,0.875,38.0,0.0,0.0,0.025975486403261278,9.0,0.0,0.0,0.01716899010467358,0.0
gtzan/gtzan_rock_00067/track.npy,gtzan,1.0,0.9370126039702243,0.9370126039702243,0.9370126039702243,1.0,1.0,1.0,1.0,0.2608695652173913,0.22957979165130468,0.594057315681057,0.41181855366618086,0.25,0.25,0.5,0.5,53.0,0.0,0.0,0.035729481991071566,14.0,0.0,0.0,0.3005358032259958,0.0
gtzan/gtzan_rock_00068/track.npy,gtzan,1.0,0.9455503345775633,0.9455503345775633,0.9455503345775633,1.0,1.0,1.0,1.0,0.4666666666666667,0.4326151214056858,0.4326151214056858,0.4326151214056858,0.17647058823529413,0.17647058823529413,0.17647058823529413,0.17647058823529413,63.0,0.0,0.0,0.08338160893904922,15.0,0.0,0.0,0.06817259025497523,0.0
gtzan/gtzan_rock_00069/track.npy,gtzan,1.0,0.9129539360021296,0.9129539360021296,0.9129539360021296,1.0,1.0,1.0,1.0,1.0,0.9107062583153174,0.9107062583153174,0.9107062583153174,1.0,1.0,1.0,1.0,85.0,0.0,0.0,0.11122563511022676,29.0,0.0,0.0,0.05578055981063887,0.0
gtzan/gtzan_rock_00070/track.npy,gtzan,0.8455284552845528,0.7944825358976244,0.7944825358976244,0.7944825358976244,0.2,0.5,0.22641509433962265,0.5,0.39024390243902435,0.38487764512825523,0.5441373603537399,0.4645075027409976,0.0,0.0,0.11764705882352941,0.17647058823529413,67.0,0.0,0.0,0.6931471805599474,22.0,0.0,0.0,1.6305897829120932,0.0
gtzan/gtzan_rock_00071/track.npy,gtzan,1.0,0.9798897400476194,0.9798897400476194,0.9798897400476194,1.0,1.0,1.0,1.0,1.0,0.9803069330578597,0.9803069330578597,0.9803069330578597,1.0,1.0,1.0,1.0,56.0,0.0,0.0,0.07410797215372261,14.0,0.0,0.0,0.018692133012152667,0.0
gtzan/gtzan_rock_00072/track.npy,gtzan,0.988235294117647,0.952739641705147,0.952739641705147,0.952739641705147,0.9767441860465116,0.9767441860465116,0.9767441860465116,0.9767441860465116,1.0,0.9595774836150975,0.9595774836150975,0.9595774836150975,1.0,1.0,1.0,1.0,51.0,0.0,0.0,0.0554322508166763,13.0,0.0,0.0,0.008658062743115202,0.0
gtzan/gtzan_rock_00073/track.npy,gtzan,1.0,0.9765920906070114,0.9765920906070114,0.9765920906070114,1.0,1.0,1.0,1.0,1.0,0.9661652511358316,0.9661652511358316,0.9661652511358316,1.0,1.0,1.0,1.0,47.0,0.0,0.0,0.03174869831458414,12.0,0.0,0.0,0.00784317746102714,0.0
gtzan/gtzan_rock_00074/track.npy,gtzan,1.0,0.9596275108937111,0.9596275108937111,0.9596275108937111,1.0,1.0,1.0,1.0,1.0,0.9632096046737417,0.9632096046737417,0.9632096046737417,1.0,1.0,1.0,1.0,56.0,0.0,0.0,0.07410797215372095,14.0,0.0,0.0,0.018692133012152574,0.0
gtzan/gtzan_rock_00075/track.npy,gtzan,1.0,0.9774711968818849,0.9774711968818849,0.9774711968818849,1.0,1.0,1.0,1.0,1.0,0.9705887145471719,0.9705887145471719,0.9705887145471719,1.0,1.0,1.0,1.0,60.0,0.0,0.0,0.08004270767353472,15.0,0.0,0.0,0.02000066670667009,0.0
gtzan/gtzan_rock_00076/track.npy,gtzan,1.0,0.975235099812305,0.975235099812305,0.975235099812305,1.0,1.0,1.0,1.0,1.0,0.9807543211940393,0.9807543211940393,0.9807543211940393,1.0,1.0,1.0,1.0,48.0,0.0,0.0,0.03174869831458238,12.0,0.0,0.0,7.771561172376096e-16,0.0
gtzan/gtzan_rock_00077/track.npy,gtzan,0.9662921348314608,0.93722602637437,0.93722602637437,0.93722602637437,0.9555555555555556,0.9555555555555556,0.9555555555555556,0.9555555555555556,1.0,0.9773912614084328,0.9773912614084328,0.9773912614084328,1.0,1.0,1.0,1.0,53.0,0.0,0.0,0.07145896398214668,13.0,0.0,0.0,0.017857617400007075,0.0
gtzan/gtzan_rock_00078/track.npy,gtzan,1.0,0.9733263244952085,0.9733263244952085,0.9733263244952085,1.0,1.0,1.0,1.0,1.0,0.9788657262600235,0.9788657262600235,0.9788657262600235,1.0,1.0,1.0,1.0,49.0,0.0,0.0,0.032789822822996084,13.0,0.0,0.0,0.008163310639161092,0.0
gtzan/gtzan_rock_00079/track.npy,gtzan,1.0,0.9786504127195286,0.9786504127195286,0.9786504127195286,1.0,1.0,1.0,1.0,1.0,0.9571571740715658,0.9571571740715658,0.9571571740715658,1.0,1.0,1.0,1.0,63.0,0.0,0.0,0.042559614418795966,16.0,0.0,0.0,0.01409827532973453,0.0
gtzan/gtzan_rock_00080/track.npy,gtzan,1.0,0.9758338979475666,0.9758338979475666,0.9758338979475666,1.0,1.0,1.0,1.0,1.0,0.9835753217936841,0.9835753217936841,0.9835753217936841,1.0,1.0,1.0,1.0,59.0,0.0,0.0,0.0800427076735365,15.0,0.0,0.0,0.009852296443012198,0.0
gtzan/gtzan_rock_00081/track.npy,gtzan,1.0,0.9600894513789825,0.9600894513789825,0.9600894513789825,1.0,1.0,1.0,1.0,1.0,0.9799640786912404,0.9799640786912404,0.9799640786912404,1.0,1.0,1.0,1.0,60.0,0.0,0.0,0.0467051014932525,15.0,0.0,0.0,0.029676466604798724,0.0
gtzan/gtzan_rock_00082/track.npy,gtzan,1.0,0.9460207737399337,0.9460207737399337,0.9460207737399337,1.0,1.0,1.0,1.0,1.0,0.9507487655709251,0.9507487655709251,0.9507487655709251,1.0,1.0,1.0,1.0,50.0,0.0,0.0,0.05342647672746885,13.0,0.0,0.0,0.016427961614765896,0.0
gtzan/gtzan_rock_00083/track.npy,gtzan,1.0,0.9428282261215847,0.9428282261215847,0.9428282261215847,1.0,1.0,1.0,1.0,1.0,0.9320496229277672,0.9320496229277672,0.9320496229277672,1.0,1.0,1.0,1.0,61.0,0.0,0.0,0.08004270767353472,15.0,0.0,0.0,0.014172505805419185,0.0
gtzan/gtzan_rock_00084/track.npy,gtzan,1.0,0.9642718218960182,0.9642718218960182,0.9642718218960182,1.0,1.0,1.0,1.0,1.0,0.9625265526461672,0.9625265526461672,0.9625265526461672,1.0,1.0,1.0,1.0,65.0,0.0,0.0,0.08701137698963138,17.0,0.0,0.0,0.021506205220964324,0.0
gtzan/gtzan_rock_00085/track.npy,gtzan,0.975609756097561,0.887276186540128,0.887276186540128,0.887276186540128,1.0,1.0,1.0,1.0,1.0,0.9402775959072792,0.9402775959072792,0.9402775959072792,1.0,1.0,1.0,1.0,49.0,0.0,0.0,0.09844007281325629,13.0,0.0,0.0,0.016260520871779538,0.0
gtzan/gtzan_rock_00086/track.npy,gtzan,1.0,0.9492255606328582,0.9492255606328582,0.9492255606328582,1.0,1.0,1.0,1.0,0.4242424242424242,0.40254101473179166,0.5933455959479796,0.4979433053398856,0.2,0.2,0.2,0.28,69.0,0.0,0.029411764705882353,0.1455309132055136,25.0,0.0,0.0,1.1545540350037142,0.0
gtzan/gtzan_rock_00087/track.npy,gtzan,0.9908256880733944,0.9087571383559069,0.9087571383559069,0.9087571383559069,0.9818181818181818,0.9818181818181818,0.9818181818181818,0.9818181818181818,0.962962962962963,0.8828478111366939,0.8828478111366939,0.8828478111366939,0.9285714285714286,0.9285714285714286,0.9285714285714286,0.9285714285714286,65.0,0.0,0.0,0.08701137698962949,16.0,0.0,0.0,0.03291665739585888,0.0
gtzan/gtzan_rock_00088/track.npy,gtzan,1.0,0.9400096706872315,0.9400096706872315,0.9400096706872315,1.0,1.0,1.0,1.0,1.0,0.95025710359172,0.95025710359172,0.95025710359172,1.0,1.0,1.0,1.0,46.0,0.0,0.0,0.06062462181644273,11.0,0.0,0.0,0.015384918839479633,0.0
gtzan/gtzan_rock_00089/track.npy,gtzan,1.0,0.9595534481421307,0.9595534481421307,0.9595534481421307,1.0,1.0,1.0,1.0,1.0,0.9577254648579604,0.9577254648579604,0.9577254648579604,1.0,1.0,1.0,1.0,54.0,0.0,0.0,0.03636764417088045,13.0,0.0,0.0,0.018265728875695164,0.0
gtzan/gtzan_rock_00090/track.npy,gtzan,0.99009900990099,0.8361972952068336,0.8361972952068336,0.8361972952068336,0.9803921568627451,0.9803921568627451,0.9803921568627451,0.9803921568627451,1.0,0.8428551997265109,0.8428551997265109,0.8428551997265109,1.0,1.0,1.0,1.0,61.0,0.0,0.0,0.04082199452025792,16.0,0.0,0.0,0.013809830179595053,0.0
gtzan/gtzan_rock_00091/track.npy,gtzan,0.8636363636363635,0.7131143379490652,0.7131143379490652,0.7131143379490652,0.2916666666666667,0.6527777777777778,0.2916666666666667,0.6527777777777778,0.9375,0.7693069423425147,0.7693069423425147,0.7693069423425147,0.47058823529411764,0.8235294117647058,0.47058823529411764,0.8235294117647058,86.0,0.07058823529411765,0.15294117647058825,1.4955036347002568,23.0,0.045454545454545456,0.045454545454545456,2.1041341542701915,0.0
gtzan/gtzan_rock_00092/track.npy,gtzan,0.7006369426751593,0.6736901118525525,0.9221403728335607,0.7979152423430566,0.0196078431372549,0.0784313725490196,0.3486238532110092,0.8532110091743119,0.65,0.6264101717528222,0.6264101717528222,0.6264101717528222,0.14814814814814814,0.25925925925925924,0.14814814814814814,0.25925925925925924,113.0,0.0,0.08928571428571429,0.6718673733505496,30.0,0.0,0.0,1.9965538818740678,0.0
gtzan/gtzan_rock_00093/track.npy,gtzan,0.9662921348314606,0.8420765273345565,0.8420765273345565,0.8420765273345565,0.8260869565217391,0.8913043478260869,0.8260869565217391,0.8913043478260869,0.9090909090909091,0.8305463036358609,0.8305463036358609,0.8305463036358609,0.8181818181818182,0.8181818181818182,0.8181818181818182,0.8181818181818182,58.0,0.0,0.017543859649122806,0.6931471805599448,14.0,0.0,0.0,0.567806250114387,0.0
gtzan/gtzan_rock_00094/track.npy,gtzan,0.6153846153846154,0.5770348699915553,0.6026400444327904,0.5898374572121728,0.5869565217391305,0.5869565217391305,0.5869565217391305,0.5869565217391305,0.36363636363636365,0.329631968033131,0.42260500646831045,0.3761184872507207,0.0,0.0,0.19047619047619047,0.19047619047619047,55.0,0.0,0.0,0.14310084364067793,25.0,0.0,0.0,1.1084131200008887,0.0
gtzan/gtzan_rock_00095/track.npy,gtzan,0.5517241379310344,0.5276679957971637,0.6042559645865703,0.5659619801918669,0.4888888888888889,0.4888888888888889,0.4888888888888889,0.4888888888888889,0.5714285714285713,0.5480914989003929,0.5480914989003929,0.5480914989003929,0.9090909090909091,0.9090909090909091,0.9090909090909091,0.9090909090909091,59.0,0.017241379310344827,0.017241379310344827,0.8251353243947804,15.0,0.0,0.0,0.5863313620793522,0.0
gtzan/gtzan_rock_00096/track.npy,gtzan,1.0,0.8861988908553654,0.8861988908553654,0.8861988908553654,1.0,1.0,1.0,1.0,1.0,0.8786388830625325,0.8786388830625325,0.8786388830625325,1.0,1.0,1.0,1.0,58.0,0.0,0.0,0.0769610411361272,14.0,0.0,0.0,0.01969584154688816,0.0
gtzan/gtzan_rock_00097/track.npy,gtzan,0.9906542056074767,0.9361128942500849,0.9361128942500849,0.9361128942500849,0.9814814814814815,0.9814814814814815,0.9814814814814815,0.9814814814814815,1.0,0.9497268243068376,0.9497268243068376,0.9497268243068376,1.0,1.0,1.0,1.0,65.0,0.0,0.0,0.04255961441880263,16.0,0.0,0.0,0.010735758562362658,0.0
gtzan/gtzan_rock_00098/track.npy,gtzan,0.8260869565217391,0.7447707704413371,0.7447707704413371,0.7447707704413371,0.6739130434782609,0.8478260869565217,0.6739130434782609,0.8478260869565217,0.8333333333333334,0.7398764004582338,0.7398764004582338,0.7398764004582338,1.0,1.0,1.0,1.0,55.0,0.0,0.0,0.31992870721952843,14.0,0.0,0.0,0.11356854812132465,0.0
gtzan/gtzan_rock_00099/track.npy,gtzan,0.4752475247524752,0.40799450312567914,0.5899647271389928,0.498979615132336,0.21568627450980393,0.4117647058823529,0.38,0.46,0.0,2.55802133548743e-06,0.32116053158097096,0.16058154480115322,0.3076923076923077,0.3076923076923077,0.3076923076923077,0.3076923076923077,66.0,0.0,0.0,0.6931471805599443,16.0,0.0,0.0,1.975362060096524,0.0
