piece,dataset,beat_fmeasure,beat_cemgil,beat_cemgil_max,beat_cemgil_bt_legacy,beat_cmlc,beat_cmlt,beat_amlc,beat_amlt,downbeat_fmeasure,downbeat_cemgil,downbeat_cemgil_max,downbeat_cemgil_bt_legacy,downbeat_cmlc,downbeat_cmlt,downbeat_amlc,downbeat_amlt,beat_diag_count,beat_diag_ibi_lt_140ms,beat_diag_ibi_lt_200ms,beat_diag_log_ibi_jump_p95,downbeat_diag_count,downbeat_diag_ibi_lt_140ms,downbeat_diag_ibi_lt_200ms,downbeat_diag_log_ibi_jump_p95,downbeats_off_beat
smc/smc_001/track.npy,smc,0.5283018867924528,0.41208019262843215,0.41208019262843215,0.41208019262843215,0.6428571428571429,0.6428571428571429,0.6428571428571429,0.6428571428571429,nan,nan,nan,nan,nan,nan,nan,nan,29.0,0.0,0.0,0.04889372425272443,7.0,0.0,0.0,0.2008407475410364,0.0
smc/smc_002/track.npy,smc,0.35789473684210527,0.2949649513139191,0.3687061885693684,0.33183556994164376,0.0,0.0,0.0,0.0,nan,nan,nan,nan,nan,nan,nan,nan,66.0,0.0,0.0,0.07267255450129767,22.0,0.0,0.0,0.07773034761553635,0.0
smc/smc_003/track.npy,smc,0.5333333333333333,0.4579301826905779,0.4579301826905779,0.4579301826905779,0.2894736842105263,0.5,0.2894736842105263,0.5,nan,nan,nan,nan,nan,nan,nan,nan,40.0,0.0,0.0,0.14917069940044494,13.0,0.0,0.0,0.20835059068754525,0.0
smc/smc_004/track.npy,smc,0.42857142857142855,0.28785448316057494,0.28971335982430796,0.2887839214924415,0.030303030303030304,0.09090909090909091,0.13043478260869565,0.13043478260869565,nan,nan,nan,nan,nan,nan,nan,nan,25.0,0.0,0.0,0.2590206911820086,9.0,0.0,0.0,0.243276554187992,0.0
smc/smc_005/track.npy,smc,0.2456140350877193,0.12690825822708252,0.16075046042082825,0.14382935932395538,0.0,0.0,0.022222222222222223,0.022222222222222223,nan,nan,nan,nan,nan,nan,nan,nan,38.0,0.0,0.0,0.143423729521268,13.0,0.0,0.0,0.1426150446022465,0.0
smc/smc_006/track.npy,smc,0.3157894736842105,0.2467100511595804,0.3197416877392714,0.2832258694494259,0.027777777777777776,0.027777777777777776,0.047619047619047616,0.047619047619047616,nan,nan,nan,nan,nan,nan,nan,nan,24.0,0.0,0.0,0.17537800973004097,8.0,0.0,0.0,0.09571791789725648,0.0
smc/smc_007/track.npy,smc,0.4918032786885246,0.30793088838437616,0.30793088838437616,0.30793088838437616,0.6451612903225806,0.6451612903225806,0.6451612903225806,0.6451612903225806,nan,nan,nan,nan,nan,nan,nan,nan,35.0,0.0,0.0,0.07275935428243001,12.0,0.0,0.0,0.07631324599404463,0.0
smc/smc_008/track.npy,smc,0.3636363636363637,0.2606108388227841,0.29844613560381167,0.27952848721329787,0.0,0.0,0.018867924528301886,0.018867924528301886,nan,nan,nan,nan,nan,nan,nan,nan,61.0,0.0,0.0,0.12136085700425506,16.0,0.0,0.0,0.025436412871375078,0.0
smc/smc_009/track.npy,smc,0.4393939393939394,0.31308974355388874,0.31308974355388874,0.31308974355388874,0.0,0.0,0.0,0.0,nan,nan,nan,nan,nan,nan,nan,nan,113.0,0.0,0.0,0.11778303565638348,38.0,0.0,0.0,0.056356703448267834,0.0
smc/smc_010/track.npy,smc,0.9111111111111111,0.6598474503377092,0.6598474503377092,0.6598474503377092,1.0,1.0,1.0,1.0,nan,nan,nan,nan,nan,nan,nan,nan,50.0,0.0,0.0,0.07598723350818011,17.0,0.0,0.0,0.0493982809230521,0.0
smc/smc_011/track.npy,smc,0.7047619047619048,0.5813612219702003,0.5813612219702003,0.5813612219702003,0.3333333333333333,0.6111111111111112,0.3333333333333333,0.6111111111111112,nan,nan,nan,nan,nan,nan,nan,nan,61.0,0.0,0.0,0.09844007281325348,20.0,0.0,0.0,0.17627449590515362,0.0
smc/smc_012/track.npy,smc,0.45098039215686275,0.3351409492978078,0.3351409492978078,0.3351409492978078,0.3333333333333333,0.6078431372549019,0.3333333333333333,0.6078431372549019,nan,nan,nan,nan,nan,nan,nan,nan,58.0,0.0,0.0,0.12360692630726537,15.0,0.0,0.0,0.08501364398118905,0.0
smc/smc_013/track.npy,smc,0.8947368421052632,0.666186872311845,0.666186872311845,0.666186872311845,0.4827586206896552,0.896551724137931,0.4827586206896552,0.896551724137931,nan,nan,nan,nan,nan,nan,nan,nan,66.0,0.0,0.0,0.14980254929626996,17.0,0.0,0.0,0.314602197089939,0.0
smc/smc_014/track.npy,smc,0.3939393939393939,0.27923959149604577,0.35697892080307875,0.31810925614956226,0.0,0.0,0.43478260869565216,0.5652173913043478,nan,nan,nan,nan,nan,nan,nan,nan,24.0,0.0,0.0,0.1133092716006826,8.0,0.0,0.0,0.14783401801632207,0.0
smc/smc_015/track.npy,smc,0.28,0.2371481565770374,0.2371481565770374,0.2371481565770374,0.13793103448275862,0.13793103448275862,0.13793103448275862,0.13793103448275862,nan,nan,nan,nan,nan,nan,nan,nan,32.0,0.0,0.0,0.17054918507655184,11.0,0.0,0.0,0.2124980919069742,0.0
smc/smc_016/track.npy,smc,0.8780487804878049,0.6872193064647583,0.6872193064647583,0.6872193064647583,0.8292682926829268,0.975609756097561,0.8292682926829268,0.975609756097561,nan,nan,nan,nan,nan,nan,nan,nan,47.0,0.0,0.0,0.09056691976788028,12.0,0.0,0.0,0.050463425145388936,0.0
smc/smc_017/track.npy,smc,0.37499999999999994,0.28987807406744415,0.3759315066152621,0.3329047903413531,0.0,0.0,0.36363636363636365,0.5,nan,nan,nan,nan,nan,nan,nan,nan,25.0,0.0,0.0,0.18230542172741201,7.0,0.0,0.0,0.157977128350166,0.0
smc/smc_018/track.npy,smc,0.136986301369863,0.11770154329534616,0.17003031312787317,0.14386592821160965,0.0,0.0,0.3333333333333333,0.375,nan,nan,nan,nan,nan,nan,nan,nan,27.0,0.0,0.0,0.1296390497527838,7.0,0.0,0.0,0.1628374677390059,0.0
smc/smc_019/track.npy,smc,0.4545454545454546,0.33276387132444984,0.5115498386907906,0.42215685500762024,0.0,0.0,0.7111111111111111,0.7555555555555555,nan,nan,nan,nan,nan,nan,nan,nan,46.0,0.0,0.0,0.17540684007650417,12.0,0.0,0.0,0.4053403332603694,0.0
smc/smc_021/track.npy,smc,0.4761904761904762,0.3659704534927051,0.3659704534927051,0.3659704534927051,0.4339622641509434,0.5849056603773585,0.4339622641509434,0.5849056603773585,nan,nan,nan,nan,nan,nan,nan,nan,57.0,0.0,0.0,0.09888173698772153,15.0,0.0,0.0,0.11281671229904029,0.0
smc/smc_022/track.npy,smc,0.49180327868852464,0.3440230423509958,0.3440230423509958,0.3440230423509958,0.0,0.0,0.21739130434782608,0.2608695652173913,nan,nan,nan,nan,nan,nan,nan,nan,25.0,0.0,0.0,0.16075740591203885,6.0,0.0,0.0,0.22795326869773258,0.0
smc/smc_023/track.npy,smc,0.4819277108433735,0.4090909131899358,0.615562827012524,0.5123268701012299,0.0,0.0,0.27419354838709675,0.27419354838709675,nan,nan,nan,nan,nan,nan,nan,nan,72.0,0.0,0.0,0.1298714343517122,18.0,0.0,0.0,0.2917388996465671,0.0
smc/smc_024/track.npy,smc,0.547008547008547,0.48131359265806434,0.5183385088109096,0.49982605073448694,0.013333333333333334,0.013333333333333334,0.38095238095238093,0.5238095238095238,nan,nan,nan,nan,nan,nan,nan,nan,46.0,0.0,0.0,0.1153451908313745,15.0,0.0,0.0,0.2684524758181702,0.0
smc/smc_026/track.npy,smc,0.7719298245614034,0.541815501122641,0.541815501122641,0.541815501122641,0.6206896551724138,0.7931034482758621,0.6206896551724138,0.7931034482758621,nan,nan,nan,nan,nan,nan,nan,nan,33.0,0.0,0.0,0.18211107478705812,11.0,0.0,0.0,0.3251545262028131,0.0
smc/smc_027/track.npy,smc,0.8918918918918919,0.6652801529050522,0.6652801529050522,0.6652801529050522,1.0,1.0,1.0,1.0,nan,nan,nan,nan,nan,nan,nan,nan,41.0,0.0,0.0,0.08493453826141481,11.0,0.0,0.0,0.2246068977616832,0.0
smc/smc_028/track.npy,smc,0.25806451612903225,0.18479581339360485,0.2757231277319109,0.23025947056275786,0.0,0.0,0.16129032258064516,0.4838709677419355,nan,nan,nan,nan,nan,nan,nan,nan,35.0,0.0,0.0,0.2460767944139501,12.0,0.0,0.0,0.23335391245201462,0.0
smc/smc_030/track.npy,smc,0.5977011494252874,0.4973195235058406,0.745917488879788,0.6216185061928143,0.0,0.0,0.5862068965517241,0.9310344827586207,nan,nan,nan,nan,nan,nan,nan,nan,66.0,0.0,0.0,0.0666913744986816,22.0,0.0,0.0,0.03554104281683218,0.0
smc/smc_032/track.npy,smc,0.5378151260504201,0.39146979937390375,0.39146979937390375,0.39146979937390375,0.38461538461538464,0.38461538461538464,0.38461538461538464,0.38461538461538464,nan,nan,nan,nan,nan,nan,nan,nan,71.0,0.0,0.0,0.10449107418252268,18.0,0.0,0.0,0.13108539071449174,0.0
smc/smc_033/track.npy,smc,0.594059405940594,0.3780168551319186,0.3780168551319186,0.3780168551319186,0.22641509433962265,0.6037735849056604,0.22641509433962265,0.6037735849056604,nan,nan,nan,nan,nan,nan,nan,nan,57.0,0.0,0.0,0.16098468832680915,19.0,0.0,0.0,0.21901721577830985,0.0
smc/smc_034/track.npy,smc,0.8648648648648649,0.6172976412626794,0.6172976412626794,0.6172976412626794,1.0,1.0,1.0,1.0,nan,nan,nan,nan,nan,nan,nan,nan,42.0,0.0,0.0,0.08416707362431207,11.0,0.0,0.0,0.041166171193834825,0.0
smc/smc_035/track.npy,smc,0.6470588235294118,0.4012310738839448,0.4012310738839448,0.4012310738839448,0.6176470588235294,0.9705882352941176,0.6176470588235294,0.9705882352941176,nan,nan,nan,nan,nan,nan,nan,nan,38.0,0.0,0.0,0.1166707433018995,10.0,0.0,0.0,0.04424687464158871,0.0
smc/smc_036/track.npy,smc,0.4210526315789474,0.34202467987855817,0.4763325541272158,0.409178617002887,0.0,0.0,0.42857142857142855,0.42857142857142855,nan,nan,nan,nan,nan,nan,nan,nan,24.0,0.0,0.0,0.08810034278205164,8.0,0.0,0.0,0.1654909879774603,0.0
smc/smc_037/track.npy,smc,0.6461538461538462,0.5081507446063821,0.5081507446063821,0.5081507446063821,0.6764705882352942,0.6764705882352942,0.6764705882352942,0.6764705882352942,nan,nan,nan,nan,nan,nan,nan,nan,34.0,0.0,0.0,0.1599713747975384,8.0,0.0,0.0,0.15717287364531102,0.0
smc/smc_038/track.npy,smc,0.462962962962963,0.3665359431053123,0.5382924615846992,0.45241420234500573,0.0,0.0,0.25,0.75,nan,nan,nan,nan,nan,nan,nan,nan,82.0,0.0,0.0,0.0872093970504465,27.0,0.0,0.0,0.07995516425948423,0.0
smc/smc_041/track.npy,smc,0.8915662650602411,0.7442358926534468,0.7442358926534468,0.7442358926534468,0.9761904761904762,0.9761904761904762,0.9761904761904762,0.9761904761904762,nan,nan,nan,nan,nan,nan,nan,nan,48.0,0.0,0.0,0.07232066157962902,12.0,0.0,0.0,0.026844980214159257,0.0
smc/smc_042/track.npy,smc,0.6,0.4297380060429671,0.662604178540206,0.5461710922915866,0.0,0.0,1.0,1.0,nan,nan,nan,nan,nan,nan,nan,nan,61.0,0.0,0.0,0.08961215868968553,16.0,0.0,0.0,0.07194598860918189,0.0
smc/smc_043/track.npy,smc,0.2535211267605634,0.22441379136056636,0.22441379136056636,0.22441379136056636,0.0,0.0,0.04,0.12,nan,nan,nan,nan,nan,nan,nan,nan,24.0,0.0,0.0,0.18626043358111743,6.0,0.0,0.0,0.20753285976943733,0.0
smc/smc_044/track.npy,smc,0.43478260869565216,0.3002241546676636,0.33978969629507416,0.3200069254813689,0.11627906976744186,0.11627906976744186,0.5384615384615384,0.5384615384615384,nan,nan,nan,nan,nan,nan,nan,nan,29.0,0.0,0.0,0.17163745171750872,8.0,0.0,0.0,0.15646168875417166,0.0
smc/smc_046/track.npy,smc,0.6052631578947368,0.44078608041771206,0.44078608041771206,0.44078608041771206,0.5,0.868421052631579,0.5,0.868421052631579,nan,nan,nan,nan,nan,nan,nan,nan,43.0,0.0,0.0,0.11778303565638357,11.0,0.0,0.0,0.11938906707928987,0.0
smc/smc_047/track.npy,smc,0.16666666666666666,0.13782806865490535,0.21105479529187537,0.17444143197339035,0.0,0.0,0.15384615384615385,0.19230769230769232,nan,nan,nan,nan,nan,nan,nan,nan,23.0,0.0,0.0,0.18879407129957043,8.0,0.0,0.0,0.1910182568576278,0.0
smc/smc_048/track.npy,smc,0.3076923076923077,0.22815939406128832,0.22815939406128832,0.22815939406128832,0.6,0.6,0.6,0.6,nan,nan,nan,nan,nan,nan,nan,nan,22.0,0.0,0.0,0.10909750001128107,6.0,0.0,0.0,0.12448549374379883,0.0
smc/smc_051/track.npy,smc,0.7027027027027027,0.5586983948519496,0.5586983948519496,0.5586983948519496,1.0,1.0,1.0,1.0,nan,nan,nan,nan,nan,nan,nan,nan,41.0,0.0,0.0,0.08214804859332504,10.0,0.0,0.0,0.03590577215122868,0.0
smc/smc_052/track.npy,smc,0.6226415094339622,0.4226292915527986,0.4226292915527986,0.4226292915527986,0.2830188679245283,0.7735849056603774,0.2830188679245283,0.7735849056603774,nan,nan,nan,nan,nan,nan,nan,nan,61.0,0.0,0.0,0.08961215868968525,15.0,0.0,0.0,0.0924591457972313,0.0
smc/smc_054/track.npy,smc,0.904109589041096,0.6952422804663505,0.6952422804663505,0.6952422804663505,0.9210526315789473,0.9210526315789473,0.9210526315789473,0.9210526315789473,nan,nan,nan,nan,nan,nan,nan,nan,43.0,0.0,0.0,0.0909717782057268,11.0,0.0,0.0,0.12723204983726685,0.0
smc/smc_055/track.npy,smc,0.6666666666666666,0.5379608973257759,0.5379608973257759,0.5379608973257759,0.8205128205128205,0.8205128205128205,0.8205128205128205,0.8205128205128205,nan,nan,nan,nan,nan,nan,nan,nan,45.0,0.0,0.0,0.08711449413624191,12.0,0.0,0.0,0.05086512118433997,0.0
smc/smc_056/track.npy,smc,0.1794871794871795,0.15961527255701782,0.15961527255701782,0.15961527255701782,0.0,0.0,0.034482758620689655,0.034482758620689655,nan,nan,nan,nan,nan,nan,nan,nan,21.0,0.0,0.0,0.14249260849349035,7.0,0.0,0.0,0.11716544554274172,0.0
smc/smc_057/track.npy,smc,0.21428571428571427,0.10767570824827913,0.15221169389885308,0.12994370107356612,0.0,0.0,0.47619047619047616,0.5238095238095238,nan,nan,nan,nan,nan,nan,nan,nan,25.0,0.0,0.0,0.19226082189937116,9.0,0.0,0.0,0.23893465752062276,0.0
smc/smc_058/track.npy,smc,0.31250000000000006,0.2233422023404433,0.2233422023404433,0.2233422023404433,0.2222222222222222,0.25,0.2222222222222222,0.25,nan,nan,nan,nan,nan,nan,nan,nan,32.0,0.0,0.0,0.138947995268179,11.0,0.0,0.0,0.2567050705845241,0.0
smc/smc_059/track.npy,smc,0.11320754716981132,0.07882833314214477,0.1403133425230926,0.10957083783261869,0.03125,0.046875,0.03125,0.0625,nan,nan,nan,nan,nan,nan,nan,nan,70.0,0.0,0.0,0.11660259608885983,18.0,0.0,0.0,0.1954949953820765,0.0
smc/smc_060/track.npy,smc,0.19444444444444445,0.12397710538070224,0.14921468257410112,0.13659589397740168,0.0,0.0,0.0,0.0,nan,nan,nan,nan,nan,nan,nan,nan,36.0,0.0,0.0,0.12343118530937573,12.0,0.0,0.0,0.12246391497373345,0.0
smc/smc_061/track.npy,smc,0.7391304347826085,0.5825182191439017,0.5825182191439017,0.5825182191439017,0.782608695652174,0.9565217391304348,0.782608695652174,0.9565217391304348,nan,nan,nan,nan,nan,nan,nan,nan,26.0,0.0,0.0,0.11975011680919201,9.0,0.0,0.0,0.06878241659064965,0.0
smc/smc_063/track.npy,smc,0.7843137254901961,0.517128852924486,0.517128852924486,0.517128852924486,0.5490196078431373,0.9215686274509803,0.5490196078431373,0.9215686274509803,nan,nan,nan,nan,nan,nan,nan,nan,59.0,0.0,0.0,0.11778303565638104,14.0,0.0,0.0,0.06834785319724053,0.0
smc/smc_064/track.npy,smc,0.02631578947368421,0.02849507115025075,0.058620069250477726,0.043557570200364236,0.0,0.0,0.1568627450980392,0.37254901960784315,nan,nan,nan,nan,nan,nan,nan,nan,57.0,0.0,0.0,0.11778303565638626,15.0,0.0,0.0,0.0638011607713144,0.0
smc/smc_065/track.npy,smc,0.9534883720930233,0.6906900494968379,0.6906900494968379,0.6906900494968379,1.0,1.0,1.0,1.0,nan,nan,nan,nan,nan,nan,nan,nan,49.0,0.0,0.0,0.06562758927813586,13.0,0.0,0.0,0.033550361667456285,0.0
smc/smc_066/track.npy,smc,0.5263157894736842,0.4671900366552071,0.4671900366552071,0.4671900366552071,0.3,0.6,0.3,0.6,nan,nan,nan,nan,nan,nan,nan,nan,34.0,0.0,0.0,0.16545385019714706,12.0,0.0,0.0,0.14402829293489028,0.0
smc/smc_067/track.npy,smc,0.8316831683168315,0.5818713904666696,0.5818713904666696,0.5818713904666696,0.8823529411764706,0.9411764705882353,0.8823529411764706,0.9411764705882353,nan,nan,nan,nan,nan,nan,nan,nan,58.0,0.0,0.0,0.0942625151773258,15.0,0.0,0.0,0.05063110490464757,0.0
smc/smc_068/track.npy,smc,0.5750000000000001,0.4291255582958506,0.6357415678457046,0.5324335630707776,0.0,0.0,1.0,1.0,nan,nan,nan,nan,nan,nan,nan,nan,31.0,0.0,0.0,0.07303376739665443,11.0,0.0,0.0,0.06629723718296021,0.0
smc/smc_069/track.npy,smc,0.7083333333333334,0.5538398308019165,0.5538398308019165,0.5538398308019165,0.3958333333333333,0.7291666666666666,0.3958333333333333,0.7291666666666666,nan,nan,nan,nan,nan,nan,nan,nan,55.0,0.0,0.0,0.19569141377333182,14.0,0.0,0.0,0.16072013956677783,0.0
smc/smc_071/track.npy,smc,0.9130434782608695,0.6714696629892334,0.6714696629892334,0.6714696629892334,1.0,1.0,1.0,1.0,nan,nan,nan,nan,nan,nan,nan,nan,52.0,0.0,0.0,0.10039709603680841,18.0,0.0,0.0,0.06539195144497825,0.0
smc/smc_072/track.npy,smc,0.6495726495726496,0.49589743687041354,0.7633935325505723,0.6296454847104929,0.0,0.0,0.717948717948718,0.9615384615384616,nan,nan,nan,nan,nan,nan,nan,nan,90.0,0.0,0.0,0.09097177820573141,23.0,0.0,0.0,0.13747099062860157,0.0
smc/smc_073/track.npy,smc,0.9156626506024096,0.7100525117802695,0.7100525117802695,0.7100525117802695,0.9285714285714286,0.9285714285714286,0.9285714285714286,0.9285714285714286,nan,nan,nan,nan,nan,nan,nan,nan,48.0,0.0,0.0,0.0947552406197426,12.0,0.0,0.0,0.05514893990490953,0.0
smc/smc_074/track.npy,smc,0.45333333333333337,0.33896392972975325,0.33896392972975325,0.33896392972975325,0.0,0.0,0.2962962962962963,0.2962962962962963,nan,nan,nan,nan,nan,nan,nan,nan,24.0,0.0,0.0,0.34496565000978,8.0,0.0,0.0,0.3492016233795815,0.0
smc/smc_075/track.npy,smc,0.37681159420289856,0.20629138974112385,0.3143170852090307,0.26030423747507725,0.0,0.0,0.5652173913043478,0.7391304347826086,nan,nan,nan,nan,nan,nan,nan,nan,25.0,0.0,0.0,0.07983459105315248,6.0,0.0,0.0,0.07920281451758117,0.0
smc/smc_076/track.npy,smc,0.208955223880597,0.13179027058939013,0.1344182785127183,0.13310427455105422,0.0,0.0,0.043478260869565216,0.08695652173913043,nan,nan,nan,nan,nan,nan,nan,nan,22.0,0.0,0.0,0.13475119603393698,6.0,0.0,0.0,0.0936504680507627,0.0
smc/smc_079/track.npy,smc,0.5802469135802469,0.4923620015109968,0.6017786121911953,0.547070306851096,0.009259259259259259,0.009259259259259259,0.3148148148148148,0.6666666666666666,nan,nan,nan,nan,nan,nan,nan,nan,63.0,0.0,0.0,0.11332868530700091,21.0,0.0,0.0,0.10585544865695863,0.0
smc/smc_080/track.npy,smc,0.16216216216216214,0.08249979632576253,0.1308569117251226,0.10667835402544257,0.0,0.0,0.16666666666666666,0.2777777777777778,nan,nan,nan,nan,nan,nan,nan,nan,21.0,0.0,0.0,0.1459158371565159,7.0,0.0,0.0,0.08785808325297494,0.0
smc/smc_082/track.npy,smc,0.8,0.5975530170733968,0.5975530170733968,0.5975530170733968,0.603448275862069,0.603448275862069,0.603448275862069,0.603448275862069,nan,nan,nan,nan,nan,nan,nan,nan,62.0,0.0,0.0,0.12378776599383134,16.0,0.0,0.0,0.27981050518535566,0.0
smc/smc_084/track.npy,smc,0.0909090909090909,0.08723124966697794,0.08723124966697794,0.08723124966697794,0.04,0.04,0.04,0.04,nan,nan,nan,nan,nan,nan,nan,nan,22.0,0.0,0.0,0.1314727063498415,8.0,0.0,0.0,0.13044926454655958,0.0
smc/smc_085/track.npy,smc,0.40625,0.28462189658004655,0.28462189658004655,0.28462189658004655,0.3125,0.65625,0.3125,0.65625,nan,nan,nan,nan,nan,nan,nan,nan,37.0,0.0,0.0,0.08246578273658617,13.0,0.0,0.0,0.07516182820197814,0.0
smc/smc_086/track.npy,smc,0.65,0.5624650377602678,0.5624650377602678,0.5624650377602678,0.3,0.7,0.3,0.7,nan,nan,nan,nan,nan,nan,nan,nan,47.0,0.0,0.0,0.12746196134666604,12.0,0.0,0.0,0.11262223334025784,0.0
smc/smc_087/track.npy,smc,0.8547008547008548,0.6544148773320148,0.6544148773320148,0.6544148773320148,0.8,0.8,0.8,0.8,nan,nan,nan,nan,nan,nan,nan,nan,62.0,0.0,0.0,0.06911617611171607,16.0,0.0,0.0,0.15162388417443223,0.0
smc/smc_088/track.npy,smc,0.35616438356164387,0.27072384789901766,0.27072384789901766,0.27072384789901766,0.1794871794871795,0.3076923076923077,0.1794871794871795,0.3076923076923077,nan,nan,nan,nan,nan,nan,nan,nan,44.0,0.0,0.0,0.1534722433669566,11.0,0.0,0.0,0.28512845481834503,0.0
smc/smc_089/track.npy,smc,0.17391304347826086,0.09320346596231603,0.11217550164451125,0.10268948380341364,0.0,0.0,0.04,0.04,nan,nan,nan,nan,nan,nan,nan,nan,21.0,0.0,0.0,0.11460791209227723,7.0,0.0,0.0,0.05255149532643029,0.0
smc/smc_092/track.npy,smc,0.2795698924731183,0.24078413503576265,0.36309282092388057,0.3019384779798216,0.0,0.0,0.0,0.0,nan,nan,nan,nan,nan,nan,nan,nan,22.0,0.0,0.0,0.07060682233236246,5.0,0.0,0.0,0.06408875060561421,0.0
smc/smc_093/track.npy,smc,0.8874172185430463,0.698511606568197,0.698511606568197,0.698511606568197,0.35526315789473684,0.868421052631579,0.35526315789473684,0.868421052631579,nan,nan,nan,nan,nan,nan,nan,nan,86.0,0.0,0.0,0.08646691178204322,22.0,0.0,0.0,0.06619151295586491,0.0
smc/smc_095/track.npy,smc,0.7741935483870968,0.5884490623015322,0.5884490623015322,0.5884490623015322,0.8936170212765957,0.8936170212765957,0.8936170212765957,0.8936170212765957,nan,nan,nan,nan,nan,nan,nan,nan,52.0,0.0,0.0,0.10265415406008625,18.0,0.0,0.0,0.06113803088335337,0.0
smc/smc_096/track.npy,smc,0.43373493975903615,0.3347239963499296,0.3347239963499296,0.3347239963499296,0.0,0.0,0.0,0.0,nan,nan,nan,nan,nan,nan,nan,nan,23.0,0.0,0.0,0.07061756721395185,6.0,0.0,0.0,0.03851937998813213,0.0
smc/smc_098/track.npy,smc,0.3188405797101449,0.2238799448762587,0.2238799448762587,0.2238799448762587,0.0,0.0,0.041666666666666664,0.041666666666666664,nan,nan,nan,nan,nan,nan,nan,nan,24.0,0.0,0.0,0.09609291316778477,6.0,0.0,0.0,0.19532888207108334,0.0
smc/smc_099/track.npy,smc,0.5373134328358209,0.39718619942480937,0.39718619942480937,0.39718619942480937,0.4117647058823529,0.7647058823529411,0.4117647058823529,0.7647058823529411,nan,nan,nan,nan,nan,nan,nan,nan,38.0,0.0,0.0,0.08836420208190127,13.0,0.0,0.0,0.07413188668297,0.0
smc/smc_100/track.npy,smc,0.36363636363636365,0.24954889644973638,0.24954889644973638,0.24954889644973638,0.175,0.325,0.175,0.325,nan,nan,nan,nan,nan,nan,nan,nan,44.0,0.0,0.0,0.11955113353139296,11.0,0.0,0.0,0.19462823965512793,0.0
smc/smc_101/track.npy,smc,0.23076923076923078,0.17720555416989958,0.17885432455250652,0.17802993936120304,0.0,0.0,0.0,0.0,nan,nan,nan,nan,nan,nan,nan,nan,21.0,0.0,0.0,0.12143454810001166,6.0,0.0,0.0,0.16718549029551832,0.0
smc/smc_103/track.npy,smc,0.4418604651162791,0.32163005228657,0.32163005228657,0.32163005228657,0.018518518518518517,0.05555555555555555,0.25,0.375,nan,nan,nan,nan,nan,nan,nan,nan,36.0,0.0,0.0,0.10309333404902224,12.0,0.0,0.0,0.15890313784844762,0.0
smc/smc_104/track.npy,smc,0.3225806451612903,0.21695388196526808,0.2755925913251779,0.246273236645223,0.05128205128205128,0.05128205128205128,0.21739130434782608,0.43478260869565216,nan,nan,nan,nan,nan,nan,nan,nan,28.0,0.0,0.0,0.1762692176576548,10.0,0.0,0.0,0.35449390431309225,0.0
smc/smc_105/track.npy,smc,0.14,0.09002838927684309,0.14217984875770312,0.1161041190172731,0.0,0.0,0.02702702702702703,0.05405405405405406,nan,nan,nan,nan,nan,nan,nan,nan,30.0,0.0,0.0,0.18853285060326716,10.0,0.0,0.0,0.2282969171339706,0.0
smc/smc_106/track.npy,smc,0.35185185185185186,0.2734896478449904,0.39487529666987187,0.33418247225743114,0.0,0.0,0.4583333333333333,0.6111111111111112,nan,nan,nan,nan,nan,nan,nan,nan,81.0,0.0,0.0,0.08374458574410786,21.0,0.0,0.0,0.14448226876204087,0.0
smc/smc_109/track.npy,smc,0.17910447761194026,0.12468617414636302,0.13091044538565513,0.1277983097660091,0.02631578947368421,0.02631578947368421,0.02631578947368421,0.02631578947368421,nan,nan,nan,nan,nan,nan,nan,nan,33.0,0.0,0.0,0.10602045730166652,11.0,0.0,0.0,0.0957294007816448,0.0
smc/smc_111/track.npy,smc,0.21212121212121213,0.1744361690878592,0.1744361690878592,0.1744361690878592,0.0,0.0,0.125,0.125,nan,nan,nan,nan,nan,nan,nan,nan,21.0,0.0,0.0,0.1599573982906302,6.0,0.0,0.0,0.11768007519965419,0.0
smc/smc_113/track.npy,smc,0.23880597014925375,0.13716318873450886,0.17018395639281655,0.1536735725636627,0.0,0.0,0.0,0.0,nan,nan,nan,nan,nan,nan,nan,nan,45.0,0.0,0.0,0.08537199601206397,15.0,0.0,0.0,0.046557250671626825,0.0
smc/smc_114/track.npy,smc,0.4242424242424242,0.3381257715735033,0.3381257715735033,0.3381257715735033,0.2631578947368421,0.2631578947368421,0.2631578947368421,0.2631578947368421,nan,nan,nan,nan,nan,nan,nan,nan,32.0,0.0,0.0,0.16829646584021424,11.0,0.0,0.0,0.22903887275863663,0.0
smc/smc_116/track.npy,smc,0.032786885245901634,0.026305190525796187,0.13657415306189527,0.08143967179384573,0.0,0.0,0.045454545454545456,0.13636363636363635,nan,nan,nan,nan,nan,nan,nan,nan,25.0,0.0,0.0,0.13562762324888855,7.0,0.0,0.0,0.08903916939519445,0.0
smc/smc_117/track.npy,smc,0.31578947368421045,0.21601167265015092,0.21601167265015092,0.21601167265015092,0.0,0.0,0.18181818181818182,0.22727272727272727,nan,nan,nan,nan,nan,nan,nan,nan,25.0,0.0,0.0,0.17079204599360368,9.0,0.0,0.0,0.14407647396571727,0.0
smc/smc_118/track.npy,smc,0.17857142857142858,0.13255464694945487,0.14552973975590758,0.13904219335268123,0.030303030303030304,0.030303030303030304,0.08695652173913043,0.08695652173913043,nan,nan,nan,nan,nan,nan,nan,nan,27.0,0.0,0.0,0.16387271647587756,7.0,0.0,0.0,0.13821796653061505,0.0
smc/smc_119/track.npy,smc,0.23684210526315788,0.1999939518930166,0.1999939518930166,0.1999939518930166,0.2727272727272727,0.2727272727272727,0.2727272727272727,0.2727272727272727,nan,nan,nan,nan,nan,nan,nan,nan,51.0,0.0,0.0,0.13174456177634947,17.0,0.0,0.0,0.3581585668363546,0.0
smc/smc_120/track.npy,smc,0.897196261682243,0.6576487536208001,0.6576487536208001,0.6576487536208001,0.9629629629629629,0.9629629629629629,0.9629629629629629,0.9629629629629629,nan,nan,nan,nan,nan,nan,nan,nan,62.0,0.0,0.0,0.09252016311468489,15.0,0.0,0.0,0.054936220091314956,0.0
smc/smc_121/track.npy,smc,0.2,0.11680002062423583,0.11680002062423583,0.11680002062423583,0.0,0.0,0.10256410256410256,0.15384615384615385,nan,nan,nan,nan,nan,nan,nan,nan,36.0,0.0,0.0,0.10575871690671472,9.0,0.0,0.0,0.3056793264997332,0.0
smc/smc_124/track.npy,smc,0.17647058823529413,0.14529373443394691,0.14529373443394691,0.14529373443394691,0.07894736842105263,0.07894736842105263,0.07894736842105263,0.07894736842105263,nan,nan,nan,nan,nan,nan,nan,nan,33.0,0.0,0.0,0.1223785138673677,11.0,0.0,0.0,0.09893556445377433,0.0
smc/smc_126/track.npy,smc,0.7105263157894737,0.42951712859666036,0.42951712859666036,0.42951712859666036,1.0,1.0,1.0,1.0,nan,nan,nan,nan,nan,nan,nan,nan,43.0,0.0,0.0,0.08894748601649724,11.0,0.0,0.0,0.07496681291092865,0.0
smc/smc_127/track.npy,smc,0.39534883720930236,0.258055777693857,0.33107664039954166,0.29456620904669933,0.03636363636363636,0.07272727272727272,0.2459016393442623,0.3442622950819672,nan,nan,nan,nan,nan,nan,nan,nan,61.0,0.0,0.0,0.16449919222739243,15.0,0.0,0.0,0.24009087222945902,0.0
smc/smc_130/track.npy,smc,0.20833333333333331,0.1667590847169762,0.1667590847169762,0.1667590847169762,0.08,0.12,0.08,0.125,nan,nan,nan,nan,nan,nan,nan,nan,26.0,0.0,0.0,0.1355357917367194,7.0,0.0,0.0,0.20531889439876977,0.0
smc/smc_133/track.npy,smc,0.3333333333333333,0.23784002617591302,0.2965253384784061,0.2671826823271596,0.0,0.0,0.0,0.0,nan,nan,nan,nan,nan,nan,nan,nan,66.0,0.0,0.0,0.06899287148695518,22.0,0.0,0.0,0.044012536643173436,0.0
smc/smc_135/track.npy,smc,0.5789473684210527,0.478699131780323,0.478699131780323,0.478699131780323,0.21739130434782608,0.21739130434782608,0.21739130434782608,0.23333333333333334,nan,nan,nan,nan,nan,nan,nan,nan,34.0,0.0,0.0,0.17702496592332742,12.0,0.0,0.0,0.3466436482173778,0.0
smc/smc_137/track.npy,smc,0.5565217391304348,0.45317190116147654,0.4940632037294688,0.47361755244547266,0.0,0.0,0.35,0.625,nan,nan,nan,nan,nan,nan,nan,nan,45.0,0.0,0.0,0.1083268814228984,15.0,0.0,0.0,0.11113616599201574,0.0
smc/smc_139/track.npy,smc,0.4571428571428571,0.3379697575947859,0.5311968248267752,0.43458329121078054,0.0,0.0,0.7659574468085106,0.9361702127659575,nan,nan,nan,nan,nan,nan,nan,nan,54.0,0.0,0.0,0.08328177864296502,13.0,0.0,0.0,0.027398974188113545,0.0
smc/smc_140/track.npy,smc,0.5689655172413793,0.33382086455785076,0.33382086455785076,0.33382086455785076,0.18333333333333332,0.36666666666666664,0.18333333333333332,0.36666666666666664,nan,nan,nan,nan,nan,nan,nan,nan,69.0,0.0,0.0,0.13701941438772863,23.0,0.0,0.0,0.2591087000077249,0.0
smc/smc_142/track.npy,smc,0.40963855421686746,0.31205032216498424,0.31205032216498424,0.31205032216498424,0.3953488372093023,0.5581395348837209,0.3953488372093023,0.5581395348837209,nan,nan,nan,nan,nan,nan,nan,nan,45.0,0.0,0.0,0.11895123912188453,11.0,0.0,0.0,0.3040949878892037,0.0
smc/smc_143/track.npy,smc,0.5192307692307693,0.3929671246470971,0.3929671246470971,0.3929671246470971,0.34615384615384615,0.75,0.34615384615384615,0.75,nan,nan,nan,nan,nan,nan,nan,nan,59.0,0.0,0.0,0.09237332013101347,15.0,0.0,0.0,0.02230575751429793,0.0
smc/smc_146/track.npy,smc,0.5,0.3637434394312672,0.3637434394312672,0.3637434394312672,0.4,0.7714285714285715,0.4,0.7714285714285715,nan,nan,nan,nan,nan,nan,nan,nan,40.0,0.0,0.0,0.09128660350945984,13.0,0.0,0.0,0.08757724723032356,0.0
smc/smc_147/track.npy,smc,0.32989690721649484,0.22953248455915523,0.310364541517261,0.2699485130382081,0.0,0.0,0.0,0.0,nan,nan,nan,nan,nan,nan,nan,nan,44.0,0.0,0.0,0.0888506805651521,11.0,0.0,0.0,0.01994560285131035,0.0
smc/smc_148/track.npy,smc,0.15151515151515152,0.08521658306135078,0.11508196565150347,0.10014927435642712,0.0,0.0,0.5217391304347826,0.5217391304347826,nan,nan,nan,nan,nan,nan,nan,nan,26.0,0.0,0.0,0.17452759595434883,9.0,0.0,0.0,0.13302610643073015,0.0
smc/smc_149/track.npy,smc,0.15151515151515152,0.104341557104851,0.12763055961534875,0.11598605836009987,0.0,0.0,0.2608695652173913,0.30434782608695654,nan,nan,nan,nan,nan,nan,nan,nan,25.0,0.0,0.0,0.2028461570663094,9.0,0.0,0.0,0.18263671864391964,0.0
smc/smc_150/track.npy,smc,0.4888888888888889,0.38347265010286996,0.4044725290998951,0.39397258960138254,0.0,0.0,0.3125,0.3125,nan,nan,nan,nan,nan,nan,nan,nan,29.0,0.0,0.0,0.2409336560914796,8.0,0.0,0.0,0.3182640401274235,0.0
smc/smc_151/track.npy,smc,0.6274509803921569,0.4870395005992563,0.4870395005992563,0.4870395005992563,0.22077922077922077,0.6363636363636364,0.22077922077922077,0.6363636363636364,nan,nan,nan,nan,nan,nan,nan,nan,89.0,0.0,0.0,0.09531017980432435,29.0,0.0,0.0,0.1020451582425798,0.0
smc/smc_152/track.npy,smc,0.5352112676056338,0.4291497315394849,0.6482900199851793,0.5387198757623322,0.0,0.0,0.5,0.8333333333333334,nan,nan,nan,nan,nan,nan,nan,nan,27.0,0.0,0.0,0.17669342319127404,9.0,0.0,0.0,0.1373610922448092,0.0
smc/smc_153/track.npy,smc,0.05128205128205128,0.03584434470235432,0.32531718163055723,0.18058076316645577,0.0,0.0,0.037037037037037035,0.037037037037037035,nan,nan,nan,nan,nan,nan,nan,nan,25.0,0.0,0.0,0.14007030869113996,8.0,0.0,0.0,0.24840163909552682,0.0
smc/smc_154/track.npy,smc,0.4590163934426229,0.3371401324067386,0.3371401324067386,0.3371401324067386,0.46875,0.71875,0.46875,0.71875,nan,nan,nan,nan,nan,nan,nan,nan,32.0,0.0,0.0,0.12709734345799353,11.0,0.0,0.0,0.36167705138075334,0.0
smc/smc_157/track.npy,smc,0.4943820224719101,0.3670880218576087,0.3670880218576087,0.3670880218576087,0.3111111111111111,0.7777777777777778,0.3111111111111111,0.7777777777777778,nan,nan,nan,nan,nan,nan,nan,nan,52.0,0.0,0.0,0.10265415406008228,13.0,0.0,0.0,0.039093340843331825,0.0
smc/smc_158/track.npy,smc,0.08333333333333333,0.07234503998635407,0.09132718143600627,0.08183611071118016,0.04,0.08,0.12,0.12,nan,nan,nan,nan,nan,nan,nan,nan,29.0,0.0,0.0,0.19478009200477486,10.0,0.0,0.0,0.15487010007816843,0.0
smc/smc_159/track.npy,smc,0.41558441558441556,0.32427792412462014,0.40465262900171206,0.3644652765631661,0.0,0.0,0.25925925925925924,0.4444444444444444,nan,nan,nan,nan,nan,nan,nan,nan,26.0,0.0,0.0,0.24432727179231353,9.0,0.0,0.0,0.2544872410434712,0.0
smc/smc_161/track.npy,smc,0.5352112676056338,0.3547314165159482,0.3547314165159482,0.3547314165159482,0.75,0.8055555555555556,0.75,0.8055555555555556,nan,nan,nan,nan,nan,nan,nan,nan,40.0,0.0,0.0,0.12315603257712715,10.0,0.0,0.0,0.10834890974498507,0.0
smc/smc_166/track.npy,smc,0.9130434782608695,0.7091051754282343,0.7091051754282343,0.7091051754282343,0.5,0.9347826086956522,0.5,0.9347826086956522,nan,nan,nan,nan,nan,nan,nan,nan,53.0,0.0,0.0,0.10678705014902717,18.0,0.0,0.0,0.05567477246860869,0.0
smc/smc_167/track.npy,smc,0.24489795918367344,0.169418315290995,0.21285890895535267,0.19113861212317385,0.0,0.0,0.17857142857142858,0.17857142857142858,nan,nan,nan,nan,nan,nan,nan,nan,31.0,0.0,0.0,0.17327453173437643,11.0,0.0,0.0,0.199501935571128,0.0
smc/smc_168/track.npy,smc,0.5263157894736842,0.3626501933749586,0.3626501933749586,0.3626501933749586,1.0,1.0,1.0,1.0,nan,nan,nan,nan,nan,nan,nan,nan,22.0,0.0,0.0,0.1137588853566579,8.0,0.0,0.0,0.08054159696675478,0.0
smc/smc_169/track.npy,smc,0.4122137404580153,0.33385723559264663,0.4022768384653986,0.3680670370290226,0.0,0.0,0.1875,0.20833333333333334,nan,nan,nan,nan,nan,nan,nan,nan,38.0,0.0,0.0,0.15552054626842016,13.0,0.0,0.0,0.2362604685285568,0.0
smc/smc_170/track.npy,smc,0.46875,0.31724612698872645,0.4721802820297163,0.39471320450922137,0.0,0.0,0.6363636363636364,0.8636363636363636,nan,nan,nan,nan,nan,nan,nan,nan,24.0,0.0,0.0,0.247875331664669,6.0,0.0,0.0,0.045096266631309695,0.0
smc/smc_171/track.npy,smc,0.19607843137254902,0.16358851581184378,0.25099796230277954,0.20729323905731167,0.0,0.0,0.047619047619047616,0.047619047619047616,nan,nan,nan,nan,nan,nan,nan,nan,24.0,0.0,0.0,0.10423687286522448,6.0,0.0,0.0,0.07369979217878773,0.0
smc/smc_172/track.npy,smc,0.35443037974683544,0.26052172789266226,0.26052172789266226,0.26052172789266226,0.20454545454545456,0.20454545454545456,0.20454545454545456,0.20454545454545456,nan,nan,nan,nan,nan,nan,nan,nan,41.0,0.0,0.0,0.08211224292107737,10.0,0.0,0.0,0.19857832904287798,0.0
smc/smc_173/track.npy,smc,0.611111111111111,0.4025242894845725,0.6300352746819504,0.5162797820832614,0.0,0.0,0.9791666666666666,0.9791666666666666,nan,nan,nan,nan,nan,nan,nan,nan,55.0,0.0,0.0,0.0831658141534106,14.0,0.0,0.0,0.04015165214798144,0.0
smc/smc_174/track.npy,smc,0.0923076923076923,0.07493951407401203,0.08368629373140908,0.07931290390271056,0.0,0.0,0.08695652173913043,0.08695652173913043,nan,nan,nan,nan,nan,nan,nan,nan,22.0,0.0,0.0,0.12268267093113538,6.0,0.0,0.0,0.0989060424222667,0.0
smc/smc_175/track.npy,smc,0.14545454545454545,0.11211194858811553,0.21672403433736184,0.1644179914627387,0.0,0.0,0.2972972972972973,0.2972972972972973,nan,nan,nan,nan,nan,nan,nan,nan,43.0,0.0,0.0,0.12014431184206426,11.0,0.0,0.0,0.13556551043269022,0.0
smc/smc_176/track.npy,smc,0.3478260869565218,0.24428973052385225,0.3104320018530323,0.2773608661884423,0.022222222222222223,0.022222222222222223,0.5833333333333334,0.625,nan,nan,nan,nan,nan,nan,nan,nan,28.0,0.0,0.0,0.13721867871012192,10.0,0.0,0.0,0.11622047519973742,0.0
smc/smc_178/track.npy,smc,0.2641509433962264,0.18037444832197208,0.22761537526344097,0.2039949117927065,0.0,0.0,0.0,0.0,nan,nan,nan,nan,nan,nan,nan,nan,37.0,0.0,0.0,0.08845022866867415,12.0,0.0,0.0,0.07261437870915884,0.0
smc/smc_179/track.npy,smc,0.24390243902439024,0.20838050751692186,0.23265884902978115,0.2205196782733515,0.09523809523809523,0.14285714285714285,0.09523809523809523,0.14285714285714285,nan,nan,nan,nan,nan,nan,nan,nan,23.0,0.0,0.0,0.2170645052378255,8.0,0.0,0.0,0.3212658562307255,0.0
smc/smc_181/track.npy,smc,0.30952380952380953,0.19892800009093467,0.23059496820378125,0.21476148414735796,0.0,0.0,0.0,0.0,nan,nan,nan,nan,nan,nan,nan,nan,58.0,0.0,0.0,0.09839030090133473,20.0,0.0,0.0,0.20856725548496416,0.0
smc/smc_182/track.npy,smc,0.6000000000000001,0.44817474795223383,0.44817474795223383,0.44817474795223383,0.3170731707317073,0.36585365853658536,0.3793103448275862,0.3793103448275862,nan,nan,nan,nan,nan,nan,nan,nan,32.0,0.0,0.0,0.20575921289998528,8.0,0.0,0.0,0.38866839902870665,0.0
smc/smc_184/track.npy,smc,0.6666666666666667,0.486566671313542,0.486566671313542,0.486566671313542,0.6470588235294118,0.6470588235294118,0.6470588235294118,0.6470588235294118,nan,nan,nan,nan,nan,nan,nan,nan,36.0,0.0,0.0,0.11140905026989026,12.0,0.0,0.0,0.16358469104996065,0.0
smc/smc_187/track.npy,smc,0.2553191489361702,0.21560146408334674,0.2738721300518188,0.24473679706758278,0.0,0.0,0.0,0.0,nan,nan,nan,nan,nan,nan,nan,nan,32.0,0.0,0.0,0.10379679368163883,11.0,0.0,0.0,0.05866460206711283,0.0
smc/smc_188/track.npy,smc,1.0,0.7762629501700621,0.7762629501700621,0.7762629501700621,1.0,1.0,1.0,1.0,nan,nan,nan,nan,nan,nan,nan,nan,31.0,0.0,0.0,0.11843857853617015,8.0,0.0,0.0,0.1101224070251483,0.0
smc/smc_190/track.npy,smc,0.4444444444444444,0.35619857266335414,0.5179271154235683,0.4370628440434612,0.0,0.0,0.5166666666666667,0.75,nan,nan,nan,nan,nan,nan,nan,nan,70.0,0.0,0.0,0.08534072942619932,18.0,0.0,0.0,0.1011342856257651,0.0
smc/smc_192/track.npy,smc,0.25,0.20913566023871,0.20913566023871,0.20913566023871,0.3181818181818182,0.4090909090909091,0.3181818181818182,0.4090909090909091,nan,nan,nan,nan,nan,nan,nan,nan,25.0,0.0,0.0,0.09927923371320437,7.0,0.0,0.0,0.24112165012067371,0.0
smc/smc_193/track.npy,smc,0.3548387096774194,0.3003465700692219,0.3409356408588161,0.320641105464019,0.0,0.0,0.45454545454545453,0.5,nan,nan,nan,nan,nan,nan,nan,nan,22.0,0.0,0.0,0.13130363982113658,6.0,0.0,0.0,0.15760323778714658,0.0
smc/smc_194/track.npy,smc,0.17241379310344826,0.12514892416675738,0.12514892416675738,0.12514892416675738,0.0,0.0,0.08695652173913043,0.17391304347826086,nan,nan,nan,nan,nan,nan,nan,nan,27.0,0.0,0.0,0.10040736254604654,9.0,0.0,0.0,0.09484265539849976,0.0
smc/smc_195/track.npy,smc,0.27586206896551724,0.2010855052765215,0.29157395270821945,0.2463297289923705,0.0,0.0,0.0,0.0,nan,nan,nan,nan,nan,nan,nan,nan,27.0,0.0,0.0,0.08650363192863432,9.0,0.0,0.0,0.0830110059137798,0.0
smc/smc_197/track.npy,smc,0.18823529411764706,0.15815586094308418,0.15815586094308418,0.15815586094308418,0.0,0.0,0.0,0.0,nan,nan,nan,nan,nan,nan,nan,nan,73.0,0.0,0.0,0.07410797215372678,24.0,0.0,0.0,0.06720794261609951,0.0
smc/smc_198/track.npy,smc,0.8316831683168315,0.5574159690127741,0.5574159690127741,0.5574159690127741,0.803921568627451,0.803921568627451,0.803921568627451,0.803921568627451,nan,nan,nan,nan,nan,nan,nan,nan,54.0,0.0,0.0,0.2513346424892795,14.0,0.0,0.0,0.3590307572618573,0.0
smc/smc_199/track.npy,smc,0.19047619047619047,0.14046125768379672,0.14208824321125268,0.1412747504475247,0.025,0.05,0.08695652173913043,0.13043478260869565,nan,nan,nan,nan,nan,nan,nan,nan,25.0,0.0,0.0,0.11954515064977708,8.0,0.0,0.0,0.20510530960442414,0.0
smc/smc_202/track.npy,smc,0.0784313725490196,0.050078587759824544,0.052288822263952754,0.05118370501188865,0.0,0.0,0.05263157894736842,0.15789473684210525,nan,nan,nan,nan,nan,nan,nan,nan,22.0,0.0,0.0,0.12978977260005747,8.0,0.0,0.0,0.0748025541676261,0.0
smc/smc_203/track.npy,smc,0.3095238095238095,0.20117073899665808,0.20117073899665808,0.20117073899665808,0.15555555555555556,0.35555555555555557,0.15555555555555556,0.35555555555555557,nan,nan,nan,nan,nan,nan,nan,nan,55.0,0.0,0.0,0.1288215286477258,14.0,0.0,0.0,0.23092728255547026,0.0
smc/smc_204/track.npy,smc,0.2702702702702703,0.2279805225022878,0.24316837269434102,0.23557444759831442,0.0,0.0,0.1111111111111111,0.18518518518518517,nan,nan,nan,nan,nan,nan,nan,nan,23.0,0.0,0.0,0.13353139262452152,8.0,0.0,0.0,0.18743147037973368,0.0
smc/smc_205/track.npy,smc,0.5454545454545455,0.413288433794282,0.6167578160293701,0.515023124911826,0.0,0.0,0.2777777777777778,0.7555555555555555,nan,nan,nan,nan,nan,nan,nan,nan,104.0,0.0,0.0,0.11122563511022113,26.0,0.0,0.0,0.06336378418463591,0.0
smc/smc_206/track.npy,smc,0.39436619718309857,0.33816614371076115,0.33816614371076115,0.33816614371076115,0.21621621621621623,0.3783783783783784,0.21621621621621623,0.3783783783783784,nan,nan,nan,nan,nan,nan,nan,nan,45.0,0.0,0.0,0.16451372790314928,15.0,0.0,0.0,0.20422055210946216,0.0
smc/smc_207/track.npy,smc,0.7941176470588236,0.6489671288721574,0.6489671288721574,0.6489671288721574,0.463768115942029,0.8115942028985508,0.463768115942029,0.8115942028985508,nan,nan,nan,nan,nan,nan,nan,nan,78.0,0.0,0.0,0.08087743298991334,20.0,0.0,0.0,0.13571935976819002,0.0
smc/smc_208/track.npy,smc,0.5573770491803278,0.39445382394722794,0.39445382394722794,0.39445382394722794,0.2903225806451613,0.6451612903225806,0.2903225806451613,0.6451612903225806,nan,nan,nan,nan,nan,nan,nan,nan,34.0,0.0,0.0,0.1440586535597511,12.0,0.0,0.0,0.19628470606042853,0.0
smc/smc_209/track.npy,smc,0.4571428571428572,0.3448517769297615,0.385585527554832,0.36521865224229677,0.35,0.375,0.35,0.375,nan,nan,nan,nan,nan,nan,nan,nan,35.0,0.0,0.0,0.17974099023267145,12.0,0.0,0.0,0.26183704111341394,0.0
smc/smc_211/track.npy,smc,0.4772727272727273,0.31165038887180063,0.31165038887180063,0.31165038887180063,0.4489795918367347,0.46938775510204084,0.4489795918367347,0.46938775510204084,nan,nan,nan,nan,nan,nan,nan,nan,43.0,0.0,0.0,0.14403937022293767,15.0,0.0,0.0,0.30587400550559596,0.0
smc/smc_212/track.npy,smc,0.19672131147540983,0.1307326669785406,0.15439723539519262,0.14256495118686663,0.08108108108108109,0.1891891891891892,0.10638297872340426,0.1891891891891892,nan,nan,nan,nan,nan,nan,nan,nan,42.0,0.0,0.0,0.10419801598830303,14.0,0.0,0.0,0.23303910480779388,0.0
smc/smc_213/track.npy,smc,0.35616438356164387,0.28255273935711955,0.28255273935711955,0.28255273935711955,0.42105263157894735,0.6578947368421053,0.42105263157894735,0.6578947368421053,nan,nan,nan,nan,nan,nan,nan,nan,40.0,0.0,0.0,0.14016290176829282,10.0,0.0,0.0,0.20307662673072327,0.0
smc/smc_214/track.npy,smc,0.0,0.0004534284944998681,0.33431833045202347,0.16738587947326167,0.0,0.0,0.36,0.56,nan,nan,nan,nan,nan,nan,nan,nan,29.0,0.0,0.0,0.10957148945149153,10.0,0.0,0.0,0.14634050584024566,0.0
smc/smc_215/track.npy,smc,0.3103448275862069,0.21795071630904558,0.2811847332083361,0.24956772475869082,0.030303030303030304,0.030303030303030304,0.03125,0.03125,nan,nan,nan,nan,nan,nan,nan,nan,29.0,0.0,0.0,0.1934094358723267,9.0,0.0,0.0,0.1829586109158094,0.0
smc/smc_216/track.npy,smc,0.13559322033898305,0.08254140391094078,0.1541483210248558,0.11834486246789828,0.0,0.0,0.043478260869565216,0.08695652173913043,nan,nan,nan,nan,nan,nan,nan,nan,27.0,0.0,0.0,0.1454403708315033,9.0,0.0,0.0,0.18952964784416837,0.0
smc/smc_217/track.npy,smc,0.45945945945945943,0.2931708432570657,0.3025609806885349,0.2978659119728003,0.16279069767441862,0.16279069767441862,0.16279069767441862,0.16279069767441862,nan,nan,nan,nan,nan,nan,nan,nan,46.0,0.0,0.0,0.11122563511022612,16.0,0.0,0.0,0.3379591958727802,0.0
smc/smc_219/track.npy,smc,0.37837837837837834,0.3014790276679309,0.3421794513757794,0.32182923952185516,0.0,0.0,0.28,0.48,nan,nan,nan,nan,nan,nan,nan,nan,29.0,0.0,0.0,0.18794298021235858,10.0,0.0,0.0,0.28999115693359784,0.0
smc/smc_220/track.npy,smc,0.273972602739726,0.19437033917758365,0.2568647129660574,0.2256175260718205,0.0,0.0,0.06451612903225806,0.06451612903225806,nan,nan,nan,nan,nan,nan,nan,nan,34.0,0.0,0.0,0.1339959836618191,12.0,0.0,0.0,0.19045177817788406,0.0
smc/smc_221/track.npy,smc,0.2857142857142857,0.1967127080617041,0.2936566529949178,0.24518468052831094,0.0,0.0,0.21311475409836064,0.45901639344262296,nan,nan,nan,nan,nan,nan,nan,nan,68.0,0.0,0.0,0.0825468836226706,17.0,0.0,0.0,0.2170865982383285,0.0
smc/smc_222/track.npy,smc,0.2168674698795181,0.15568617748565888,0.24692936890707776,0.20130777319636833,0.0,0.0,0.15517241379310345,0.3275862068965517,nan,nan,nan,nan,nan,nan,nan,nan,66.0,0.0,0.0,0.1177830356563834,17.0,0.0,0.0,0.16777933584299318,0.0
smc/smc_223/track.npy,smc,0.4150943396226416,0.2571874018752319,0.3043567235692911,0.2807720627222615,0.0,0.0,0.3,0.4,nan,nan,nan,nan,nan,nan,nan,nan,22.0,0.0,0.0,0.08954999325830289,7.0,0.0,0.0,0.06206383608183068,0.0
smc/smc_224/track.npy,smc,0.1791044776119403,0.12527522452697676,0.17430073030285,0.1497879774149134,0.13513513513513514,0.1891891891891892,0.13513513513513514,0.1891891891891892,nan,nan,nan,nan,nan,nan,nan,nan,34.0,0.0,0.0,0.1054208608543391,12.0,0.0,0.0,0.1080682080002123,0.0
smc/smc_225/track.npy,smc,0.3711340206185567,0.3111598236266193,0.3210837398929558,0.31612178175978756,0.0,0.0,0.08333333333333333,0.1527777777777778,nan,nan,nan,nan,nan,nan,nan,nan,83.0,0.0,0.0,0.11778303565638104,28.0,0.0,0.0,0.06084426824294465,0.0
smc/smc_226/track.npy,smc,0.36,0.25105070056678314,0.3115867099169521,0.28131870524186764,0.0,0.0,0.5,0.5555555555555556,nan,nan,nan,nan,nan,nan,nan,nan,21.0,0.0,0.0,0.12527099578354892,7.0,0.0,0.0,0.020944480577092504,0.0
smc/smc_227/track.npy,smc,0.2727272727272727,0.1594865917434051,0.1594865917434051,0.1594865917434051,0.18421052631578946,0.23684210526315788,0.18421052631578946,0.23684210526315788,nan,nan,nan,nan,nan,nan,nan,nan,32.0,0.0,0.0,0.19902583908451366,11.0,0.0,0.0,0.27028962573829785,0.0
smc/smc_229/track.npy,smc,0.5274725274725275,0.37483017742791325,0.37483017742791325,0.37483017742791325,0.3829787234042553,0.723404255319149,0.3829787234042553,0.723404255319149,nan,nan,nan,nan,nan,nan,nan,nan,52.0,0.0,0.0,0.16028881686144197,13.0,0.0,0.0,0.2794195444336246,0.0
smc/smc_232/track.npy,smc,0.21686746987951808,0.17171734827407178,0.17751441179431257,0.17461588003419218,0.0,0.0,0.21875,0.21875,nan,nan,nan,nan,nan,nan,nan,nan,22.0,0.0,0.0,0.1537367795444679,8.0,0.0,0.0,0.15397311939967734,0.0
smc/smc_235/track.npy,smc,0.38596491228070173,0.23042748098401927,0.35692816627312374,0.29367782362857153,0.0,0.0,0.19230769230769232,0.5256410256410257,nan,nan,nan,nan,nan,nan,nan,nan,90.0,0.0,0.0,0.11158818367159701,22.0,0.0,0.0,0.14988689859604615,0.0
smc/smc_236/track.npy,smc,0.28888888888888886,0.1600974373652871,0.19206501300348428,0.17608122518438568,0.0,0.0,0.0,0.0,nan,nan,nan,nan,nan,nan,nan,nan,65.0,0.0,0.0,0.09660033629928268,22.0,0.0,0.0,0.15021470757007593,0.0
smc/smc_237/track.npy,smc,0.26229508196721313,0.18716728028804888,0.18716728028804888,0.18716728028804888,0.0,0.0,0.391304347826087,0.391304347826087,nan,nan,nan,nan,nan,nan,nan,nan,26.0,0.0,0.0,0.0884286862658566,9.0,0.0,0.0,0.12454777950580637,0.0
smc/smc_239/track.npy,smc,0.11764705882352941,0.07334818487432697,0.12252660636387286,0.09793739561909992,0.14285714285714285,0.25,0.14285714285714285,0.25,nan,nan,nan,nan,nan,nan,nan,nan,26.0,0.0,0.0,0.11718289710456319,7.0,0.0,0.0,0.13847033907254402,0.0
smc/smc_241/track.npy,smc,0.1081081081081081,0.06350748594111548,0.14748670081975782,0.10549709338043664,0.023255813953488372,0.023255813953488372,0.06451612903225806,0.06451612903225806,nan,nan,nan,nan,nan,nan,nan,nan,34.0,0.0,0.0,0.14037010831786834,12.0,0.0,0.0,0.15411154466971044,0.0
smc/smc_242/track.npy,smc,0.7333333333333333,0.5577756558498301,0.5577756558498301,0.5577756558498301,0.6444444444444445,0.9555555555555556,0.6444444444444445,0.9555555555555556,nan,nan,nan,nan,nan,nan,nan,nan,52.0,0.0,0.0,0.08125017248342745,13.0,0.0,0.0,0.08192387903514264,0.0
smc/smc_243/track.npy,smc,0.5660377358490566,0.43483207878203484,0.43483207878203484,0.43483207878203484,0.2962962962962963,0.5555555555555556,0.2962962962962963,0.5555555555555556,nan,nan,nan,nan,nan,nan,nan,nan,28.0,0.0,0.0,0.15823243770253312,7.0,0.0,0.0,0.2410974523777999,0.0
smc/smc_244/track.npy,smc,0.09302325581395347,0.051475629714115796,0.07899267332849996,0.06523415152130788,0.0,0.0,0.09375,0.125,nan,nan,nan,nan,nan,nan,nan,nan,28.0,0.0,0.0,0.25294105774122455,7.0,0.0,0.0,0.4228756982313616,0.0
smc/smc_248/track.npy,smc,0.4155844155844156,0.30170622991190793,0.3308602422156332,0.31628323606377057,0.0,0.0,0.2692307692307692,0.5384615384615384,nan,nan,nan,nan,nan,nan,nan,nan,29.0,0.0,0.0,0.2941638042614846,10.0,0.0,0.0,0.3620282131698748,0.0
smc/smc_249/track.npy,smc,0.3728813559322034,0.32507031890958443,0.32507031890958443,0.32507031890958443,0.0,0.0,0.2608695652173913,0.34782608695652173,nan,nan,nan,nan,nan,nan,nan,nan,26.0,0.0,0.0,0.28026096263041617,9.0,0.0,0.0,0.22244179480789325,0.0
smc/smc_251/track.npy,smc,0.28888888888888886,0.20398703232351245,0.27681370158543706,0.24040036695447475,0.0,0.0,0.1875,0.1875,nan,nan,nan,nan,nan,nan,nan,nan,31.0,0.0,0.0,0.13353139262452263,10.0,0.0,0.0,0.20967291235607124,0.0
smc/smc_252/track.npy,smc,0.9074074074074074,0.6341876335109272,0.6341876335109272,0.6341876335109272,1.0,1.0,1.0,1.0,nan,nan,nan,nan,nan,nan,nan,nan,61.0,0.0,0.0,0.06522953715216818,16.0,0.0,0.0,0.06252035698133407,0.0
smc/smc_253/track.npy,smc,0.6666666666666666,0.501147581270373,0.501147581270373,0.501147581270373,0.7948717948717948,0.7948717948717948,0.7948717948717948,0.7948717948717948,nan,nan,nan,nan,nan,nan,nan,nan,44.0,0.0,0.0,0.0720766925404242,11.0,0.0,0.0,0.035811593173978015,0.0
smc/smc_254/track.npy,smc,0.19512195121951217,0.15179972743944756,0.2056011644402308,0.1787004459398392,0.0,0.0,0.17857142857142858,0.25,nan,nan,nan,nan,nan,nan,nan,nan,28.0,0.0,0.0,0.2568696732421033,7.0,0.0,0.0,0.30948345705650215,0.0
smc/smc_255/track.npy,smc,0.34782608695652173,0.3261707390698488,0.3261707390698488,0.3261707390698488,0.16216216216216217,0.3783783783783784,0.16216216216216217,0.3783783783783784,nan,nan,nan,nan,nan,nan,nan,nan,38.0,0.0,0.0,0.14164226912755792,13.0,0.0,0.0,0.10927530521517104,0.0
smc/smc_256/track.npy,smc,0.5483870967741936,0.4816262220385025,0.5783838336897827,0.5300050278641426,0.16666666666666666,0.2222222222222222,0.2692307692307692,0.34615384615384615,nan,nan,nan,nan,nan,nan,nan,nan,29.0,0.0,0.0,0.25201362228804075,8.0,0.0,0.0,0.3152290645289605,0.0
smc/smc_257/track.npy,smc,0.32608695652173914,0.23558189821097267,0.2437083235393374,0.23964511087515505,0.0,0.0,0.11764705882352941,0.23529411764705882,nan,nan,nan,nan,nan,nan,nan,nan,28.0,0.0,0.0,0.1425671122874086,10.0,0.0,0.0,0.1385408517410075,0.0
smc/smc_258/track.npy,smc,0.19354838709677416,0.14014476460120806,0.1449660398167752,0.14255540220899163,0.019230769230769232,0.019230769230769232,0.0196078431372549,0.0392156862745098,nan,nan,nan,nan,nan,nan,nan,nan,47.0,0.0,0.0,0.10350680675181304,16.0,0.0,0.0,0.13789103618649062,0.0
smc/smc_259/track.npy,smc,0.4923076923076924,0.3635968617743251,0.3635968617743251,0.3635968617743251,0.41025641025641024,0.5384615384615384,0.41025641025641024,0.5384615384615384,nan,nan,nan,nan,nan,nan,nan,nan,46.0,0.0,0.0,0.1650381683352395,12.0,0.0,0.0,0.3480070243808218,0.0
smc/smc_260/track.npy,smc,0.43243243243243246,0.3214140622022949,0.3214140622022949,0.3214140622022949,0.0,0.0,0.15384615384615385,0.3076923076923077,nan,nan,nan,nan,nan,nan,nan,nan,24.0,0.0,0.0,0.1623462177543692,6.0,0.0,0.0,0.162341870154834,0.0
smc/smc_261/track.npy,smc,0.35714285714285715,0.21951918642072096,0.3235019589357993,0.2715105726782601,0.0,0.0,0.25,0.6,nan,nan,nan,nan,nan,nan,nan,nan,23.0,0.0,0.0,0.1541506798272585,6.0,0.0,0.0,0.118091416021662,0.0
smc/smc_262/track.npy,smc,0.43956043956043955,0.3112901367736201,0.37533562894871014,0.3433128828611651,0.0,0.0,0.4838709677419355,0.4838709677419355,nan,nan,nan,nan,nan,nan,nan,nan,31.0,0.0,0.0,0.1805095432553442,11.0,0.0,0.0,0.3274812971919777,0.0
smc/smc_263/track.npy,smc,0.23529411764705882,0.1064619370923139,0.12205896486920174,0.11426045098075782,0.034482758620689655,0.034482758620689655,0.03571428571428571,0.03571428571428571,nan,nan,nan,nan,nan,nan,nan,nan,25.0,0.0,0.0,0.13890964651432977,9.0,0.0,0.0,0.15811857567718954,0.0
smc/smc_264/track.npy,smc,0.4285714285714286,0.32379470080393324,0.4881922676115893,0.40599348420776127,0.0,0.0,0.2976190476190476,0.6547619047619048,nan,nan,nan,nan,nan,nan,nan,nan,95.0,0.0,0.0,0.10008345855698533,24.0,0.0,0.0,0.10523988833756093,0.0
smc/smc_265/track.npy,smc,0.8757396449704142,0.6442136792974261,0.6442136792974261,0.6442136792974261,0.32941176470588235,0.8588235294117647,0.32941176470588235,0.8588235294117647,nan,nan,nan,nan,nan,nan,nan,nan,95.0,0.0,0.0,0.11122563511024208,32.0,0.0,0.0,0.14387652520114685,0.0
smc/smc_266/track.npy,smc,0.30188679245283023,0.22081903381691828,0.243418086776156,0.23211856029653716,0.21428571428571427,0.25,0.21428571428571427,0.25,nan,nan,nan,nan,nan,nan,nan,nan,28.0,0.0,0.0,0.14235603975848563,9.0,0.0,0.0,0.20847501805523552,0.0
smc/smc_269/track.npy,smc,0.5573770491803278,0.41673330967777533,0.41673330967777533,0.41673330967777533,0.7096774193548387,0.7741935483870968,0.7096774193548387,0.7741935483870968,nan,nan,nan,nan,nan,nan,nan,nan,35.0,0.0,0.0,0.11753692585831939,9.0,0.0,0.0,0.08839075470175632,0.0
smc/smc_271/track.npy,smc,1.0,0.8901934451989809,0.8901934451989809,0.8901934451989809,1.0,1.0,1.0,1.0,nan,nan,nan,nan,nan,nan,nan,nan,69.0,0.0,0.0,0.06899287148695155,17.0,0.0,0.0,0.017241806434507123,0.0
smc/smc_272/track.npy,smc,0.6408839779005524,0.6009573443878384,0.6009573443878384,0.6009573443878384,0.0,0.0,0.5245901639344263,0.5245901639344263,nan,nan,nan,nan,nan,nan,nan,nan,69.0,0.0,0.0,0.06899287148694894,18.0,0.0,0.0,0.00865806274311598,0.0
smc/smc_273/track.npy,smc,1.0,0.8586647345464792,0.8586647345464792,0.8586647345464792,1.0,1.0,1.0,1.0,nan,nan,nan,nan,nan,nan,nan,nan,64.0,0.0,0.0,0.06295108622184184,16.0,0.0,0.0,0.015873349156290024,0.0
smc/smc_274/track.npy,smc,0.0,5.7938240860369945e-05,0.8586883474931581,0.4293731428670093,0.0,0.0,0.9879518072289156,0.9879518072289156,nan,nan,nan,nan,nan,nan,nan,nan,95.0,0.0,0.0,0.09531017980432588,24.0,0.0,0.0,0.011976191046716527,0.0
smc/smc_275/track.npy,smc,0.47311827956989244,0.3946873341510029,0.3946873341510029,0.3946873341510029,0.0,0.0,0.0,0.0,nan,nan,nan,nan,nan,nan,nan,nan,80.0,0.0,0.0,0.08004270767353612,27.0,0.0,0.0,0.0266682470821607,0.0
smc/smc_276/track.npy,smc,0.6666666666666666,0.5647870363421645,0.8471805540889374,0.705983795215551,0.0,0.0,1.0,1.0,nan,nan,nan,nan,nan,nan,nan,nan,63.0,0.0,0.0,0.06252035698134367,16.0,0.0,0.0,0.029142991904903805,0.0
smc/smc_277/track.npy,smc,0.673913043478261,0.5110443994917976,0.7305004685072503,0.620772433999524,0.0,0.0,1.0,1.0,nan,nan,nan,nan,nan,nan,nan,nan,67.0,0.0,0.0,0.07145896398214968,17.0,0.0,0.0,0.15411050604589993,0.0
smc/smc_278/track.npy,smc,1.0,0.8503862174454522,0.8503862174454522,0.8503862174454522,1.0,1.0,1.0,1.0,nan,nan,nan,nan,nan,nan,nan,nan,69.0,0.0,0.0,0.06899287148695256,17.0,0.0,0.0,0.019966865819286365,0.0
smc/smc_279/track.npy,smc,0.7540983606557377,0.657570202240607,0.657570202240607,0.657570202240607,0.7377049180327869,0.7704918032786885,0.7377049180327869,0.7704918032786885,nan,nan,nan,nan,nan,nan,nan,nan,69.0,0.0,0.0,0.07145896398214253,18.0,0.0,0.0,0.0936476412466406,0.0
smc/smc_280/track.npy,smc,1.0,0.8363358455327403,0.8363358455327403,0.8363358455327403,1.0,1.0,1.0,1.0,nan,nan,nan,nan,nan,nan,nan,nan,57.0,0.0,0.0,0.057158413839948824,15.0,0.0,0.0,0.0071174677688643495,0.0
smc/smc_281/track.npy,smc,0.9814814814814815,0.7711921908933955,0.7711921908933955,0.7711921908933955,1.0,1.0,1.0,1.0,nan,nan,nan,nan,nan,nan,nan,nan,62.0,0.0,0.0,0.08961215868968535,16.0,0.0,0.0,0.05448818528406996,0.0
smc/smc_282/track.npy,smc,0.9818181818181818,0.8340384070416634,0.8340384070416634,0.8340384070416634,0.6909090909090909,0.9636363636363636,0.6909090909090909,0.9636363636363636,nan,nan,nan,nan,nan,nan,nan,nan,63.0,0.0,0.0,0.0625203569813354,16.0,0.0,0.0,0.01562531790308197,0.0
smc/smc_283/track.npy,smc,0.98,0.8576123041778567,0.8576123041778567,0.8576123041778567,1.0,1.0,1.0,1.0,nan,nan,nan,nan,nan,nan,nan,nan,56.0,0.0,0.0,0.057158413839950385,14.0,0.0,0.0,0.007117467768864005,0.0
smc/smc_284/track.npy,smc,1.0,0.8585498277805491,0.8585498277805491,0.8585498277805491,1.0,1.0,1.0,1.0,nan,nan,nan,nan,nan,nan,nan,nan,66.0,0.0,0.0,0.06669137449867674,16.0,0.0,0.0,0.024692612590371192,0.0
smc/smc_285/track.npy,smc,1.0,0.8290265520155945,0.8290265520155945,0.8290265520155945,1.0,1.0,1.0,1.0,nan,nan,nan,nan,nan,nan,nan,nan,80.0,0.0,0.0,0.04670510149325222,20.0,0.0,0.0,2.220446049250313e-16,0.0
smc/smc_286/track.npy,smc,1.0,0.9479597414973561,0.9479597414973561,0.9479597414973561,1.0,1.0,1.0,1.0,nan,nan,nan,nan,nan,nan,nan,nan,59.0,0.0,0.0,0.0588405000229363,15.0,0.0,0.0,0.03325876522575315,0.0
smc/smc_287/track.npy,smc,1.0,0.8122785807827626,0.8122785807827626,0.8122785807827626,0.8166666666666667,0.9833333333333333,0.8166666666666667,0.9833333333333333,nan,nan,nan,nan,nan,nan,nan,nan,68.0,0.0,0.0,0.05879136082682258,17.0,0.0,0.0,0.008510689667909133,0.0
smc/smc_288/track.npy,smc,1.0,0.8774413044050542,0.8774413044050542,0.8774413044050542,1.0,1.0,1.0,1.0,nan,nan,nan,nan,nan,nan,nan,nan,67.0,0.0,0.0,0.06669137449867611,17.0,0.0,0.0,0.028043776906319044,0.0
smc/smc_289/track.npy,smc,0.9827586206896551,0.8098463996097307,0.8098463996097307,0.8098463996097307,1.0,1.0,1.0,1.0,nan,nan,nan,nan,nan,nan,nan,nan,66.0,0.0,0.0,0.061772901075222986,16.0,0.0,0.0,0.02240106489369318,0.0
gtzan/gtzan_blues_00000/track.npy,gtzan,0.9811320754716981,0.7585617218398295,0.7585617218398295,0.7585617218398295,0.9811320754716981,0.9811320754716981,0.9811320754716981,0.9811320754716981,0.9285714285714286,0.6889324592871123,0.6889324592871123,0.6889324592871123,1.0,1.0,1.0,1.0,63.0,0.0,0.0,0.08338160893904922,16.0,0.0,0.0,0.02105340919783314,0.0
gtzan/gtzan_blues_00001/track.npy,gtzan,1.0,0.9077399401416264,0.9077399401416264,0.9077399401416264,1.0,1.0,1.0,1.0,1.0,0.9431070998188693,0.9431070998188693,0.9431070998188693,1.0,1.0,1.0,1.0,34.0,0.0,0.0,0.05526709410549985,8.0,0.0,0.0,0.025594419546380587,0.0
gtzan/gtzan_blues_00002/track.npy,gtzan,0.9923664122137404,0.8815220678229625,0.8815220678229625,0.8815220678229625,0.9848484848484849,0.9848484848484849,0.9848484848484849,0.9848484848484849,0.9696969696969697,0.8571075746230984,0.8571075746230984,0.8571075746230984,0.9411764705882353,0.9411764705882353,0.9411764705882353,0.9411764705882353,79.0,0.0,0.0,0.06432588014779018,20.0,0.0,0.0,0.028709094890527434,0.0
gtzan/gtzan_blues_00003/track.npy,gtzan,0.6133333333333333,0.5204619786618696,0.7358544473651822,0.6281582130135259,0.0,0.0,0.7843137254901961,0.7843137254901961,0.5263157894736842,0.37754629477996804,0.6104839879167928,0.4940151413483804,0.0,0.0,0.6923076923076923,0.6923076923076923,56.0,0.0,0.0,0.06858956730934976,14.0,0.0,0.0,0.1315188613235748,0.0
gtzan/gtzan_blues_00004/track.npy,gtzan,0.9464285714285714,0.6113901789314385,0.6113901789314385,0.6113901789314385,1.0,1.0,1.0,1.0,0.9285714285714286,0.5759265873913552,0.5759265873913552,0.5759265873913552,1.0,1.0,1.0,1.0,67.0,0.0,0.0,0.09017969796250057,17.0,0.0,0.0,0.03706661494422693,0.0
gtzan/gtzan_blues_00005/track.npy,gtzan,0.896551724137931,0.7825735546636254,0.7825735546636254,0.7825735546636254,1.0,1.0,1.0,1.0,0.0,9.889856925597914e-98,7.416690224204861e-88,3.708345112596923e-88,0.0,0.0,0.0,0.0,35.0,0.0,0.0,0.0674412807955287,9.0,0.0,0.0,0.032749326722479426,0.0
gtzan/gtzan_blues_00006/track.npy,gtzan,0.7419354838709677,0.5965968088536667,0.5965968088536667,0.5965968088536667,0.6129032258064516,0.9354838709677419,0.6129032258064516,0.9354838709677419,0.22222222222222224,0.13504546483140514,0.20163850211531656,0.16834198347336085,0.0,0.0,0.0,0.0,37.0,0.0,0.0,0.10290552219961202,12.0,0.0,0.0,0.06069251912830845,0.0
gtzan/gtzan_blues_00007/track.npy,gtzan,1.0,0.8826506176337341,0.8826506176337341,0.8826506176337341,0.6923076923076923,0.9743589743589743,0.6923076923076923,0.9743589743589743,1.0,0.9110733938248303,0.9110733938248303,0.9110733938248303,1.0,1.0,1.0,1.0,47.0,0.0,0.0,0.06252035698133715,12.0,0.0,0.0,0.05874859137060782,0.0
gtzan/gtzan_blues_00008/track.npy,gtzan,0.8827586206896552,0.7445212366847141,0.7445212366847141,0.7445212366847141,0.43243243243243246,0.7972972972972973,0.43243243243243246,0.7972972972972973,0.5,0.40600643917219725,0.4441673920905061,0.4250869156313517,0.42105263157894735,0.42105263157894735,0.42105263157894735,0.42105263157894735,88.0,0.0,0.0,0.12167876599306043,22.0,0.0,0.0,0.25861020296599907,0.0
gtzan/gtzan_blues_00009/track.npy,gtzan,0.8059701492537314,0.6543044514221826,0.6543044514221826,0.6543044514221826,0.9705882352941176,0.9705882352941176,0.9705882352941176,0.9705882352941176,0.0,6.111225164493229e-252,0.666979334166731,0.3334896670833655,0.0,0.0,1.0,1.0,40.0,0.0,0.0,0.09856066901583219,10.0,0.0,0.0,0.11206288306809284,0.0
gtzan/gtzan_blues_00010/track.npy,gtzan,0.6732673267326732,0.5961835362568135,0.8947793500824339,0.7454814431696237,0.0,0.0,1.0,1.0,0.0,2.0108031798778866e-16,2.507183128028994e-16,2.25899315395344e-16,0.0,0.0,0.0,0.0,80.0,0.0,0.0,0.10536051565782922,20.0,0.0,0.0,0.04082199452025548,0.0
gtzan/gtzan_blues_00011/track.npy,gtzan,0.5106382978723404,0.46623091185801424,0.46623091185801424,0.46623091185801424,0.0,0.0,0.0,0.0,0.6666666666666666,0.6001742443416478,0.8966114287181222,0.748392836529885,0.0,0.0,0.9583333333333334,0.9583333333333334,83.0,0.0,0.0,0.11122563511023142,28.0,0.0,0.0,0.037565563907222044,0.0
gtzan/gtzan_blues_00012/track.npy,gtzan,0.8461538461538461,0.7264130558684049,0.7264130558684049,0.7264130558684049,0.8205128205128205,0.9743589743589743,0.8205128205128205,0.9743589743589743,0.8000000000000002,0.6296263275356171,0.6296263275356171,0.6296263275356171,1.0,1.0,1.0,1.0,47.0,0.0,0.0,0.08640272750107972,12.0,0.0,0.0,0.0430294611803294,0.0
gtzan/gtzan_blues_00013/track.npy,gtzan,0.8131868131868132,0.7091993251243224,0.7091993251243224,0.7091993251243224,0.6304347826086957,0.8478260869565217,0.6304347826086957,0.8478260869565217,0.0,2.956818965677955e-40,0.12318821553880044,0.06159410776940022,0.0,0.0,0.36363636363636365,0.36363636363636365,55.0,0.0,0.0,0.07145896398214788,14.0,0.0,0.0,0.0702044781248039,0.0
gtzan/gtzan_blues_00014/track.npy,gtzan,0.9428571428571428,0.7701080476952218,0.7701080476952218,0.7701080476952218,1.0,1.0,1.0,1.0,0.0,1.82152908614605e-258,0.5716389575457762,0.2858194787728881,0.0,0.0,0.7777777777777778,0.7777777777777778,42.0,0.0,0.0,0.08589080038217389,11.0,0.0,0.0,0.05029204230030264,0.0
gtzan/gtzan_blues_00015/track.npy,gtzan,0.9024390243902439,0.7809117181445515,0.7809117181445515,0.7809117181445515,0.6829268292682927,0.9512195121951219,0.6829268292682927,0.9512195121951219,0.380952380952381,0.3704713877159322,0.3704713877159322,0.3704713877159322,0.2727272727272727,0.2727272727272727,0.2727272727272727,0.2727272727272727,49.0,0.0,0.0,0.0666913744986732,12.0,0.0,0.0,0.06290003380965581,0.0
gtzan/gtzan_blues_00016/track.npy,gtzan,0.9397590361445782,0.7624103608199906,0.7624103608199906,0.7624103608199906,0.9761904761904762,0.9761904761904762,0.9761904761904762,0.9761904761904762,1.0,0.8358435932277425,0.8358435932277425,0.8358435932277425,1.0,1.0,1.0,1.0,50.0,0.0,0.0,0.0666913744986717,13.0,0.0,0.0,0.0333387365299358,0.0
gtzan/gtzan_blues_00017/track.npy,gtzan,0.9230769230769231,0.7699471419038073,0.7699471419038073,0.7699471419038073,0.625,0.9027777777777778,0.625,0.9027777777777778,0.0,4.663712528459271e-16,0.16457570310224812,0.0822878515511243,0.0,0.0,0.2222222222222222,0.2222222222222222,86.0,0.0,0.0,0.11778303565638115,21.0,0.0,0.0,0.07873588483071886,0.0
gtzan/gtzan_blues_00018/track.npy,gtzan,0.8823529411764706,0.7058954236847752,0.7058954236847752,0.7058954236847752,1.0,1.0,1.0,1.0,0.8888888888888888,0.6947506462484194,0.6947506462484194,0.6947506462484194,1.0,1.0,1.0,1.0,41.0,0.0,0.0,0.059446843223308565,11.0,0.0,0.0,0.045740508591794876,0.0
gtzan/gtzan_blues_00019/track.npy,gtzan,0.0,1.0920732716076445e-06,0.8310467271095868,0.4155239095914292,0.0,0.0,0.9615384615384616,0.9615384615384616,0.0,7.097552850408525e-07,7.212232403682989e-07,7.154892627045757e-07,1.0,1.0,1.0,1.0,62.0,0.0,0.0,0.08338160893905111,16.0,0.0,0.0,0.03449657967761023,0.0
gtzan/gtzan_blues_00020/track.npy,gtzan,0.5913043478260869,0.4761788080910032,0.485629051459775,0.4809039297753891,0.3793103448275862,0.5862068965517241,0.3793103448275862,0.5862068965517241,0.0,7.214639645951133e-07,8.293666019527125e-07,7.75415283273913e-07,0.2857142857142857,0.2857142857142857,0.2857142857142857,0.2857142857142857,69.0,0.0,0.0,0.09400865932473995,17.0,0.0,0.0,0.038974935177232106,0.0
gtzan/gtzan_blues_00021/track.npy,gtzan,0.9761904761904762,0.6804950113890369,0.6804950113890369,0.6804950113890369,1.0,1.0,1.0,1.0,1.0,0.6480363250000262,0.6480363250000262,0.6480363250000262,1.0,1.0,1.0,1.0,50.0,0.0,0.0,0.0666913744986746,13.0,0.0,0.0,0.02968455345069959,0.0
gtzan/gtzan_blues_00022/track.npy,gtzan,0.975609756097561,0.7923247107230814,0.7923247107230814,0.7923247107230814,1.0,1.0,1.0,1.0,0.0,7.707488646194928e-47,1.626950914096972e-43,8.138608314807958e-44,0.0,0.0,0.0,0.0,49.0,0.0,0.0,0.0666913744986758,12.0,0.0,0.0,0.041158072493508,0.0
gtzan/gtzan_blues_00023/track.npy,gtzan,0.5526315789473684,0.43143454685714744,0.43143454685714744,0.43143454685714744,0.5853658536585366,0.5853658536585366,0.5853658536585366,0.5853658536585366,0.5263157894736842,0.40710431892404547,0.40710431892404547,0.40710431892404547,0.6,0.6,0.6,0.6,43.0,0.0,0.0,0.141650517063031,11.0,0.0,0.0,0.22389120809454,0.0
gtzan/gtzan_blues_00024/track.npy,gtzan,0.9767441860465116,0.7148332980941223,0.7148332980941223,0.7148332980941223,1.0,1.0,1.0,1.0,0.6249999999999999,0.5213259110813124,0.7582922343000909,0.6398090726907016,0.0,0.0,1.0,1.0,51.0,0.0,0.0,0.0689928714869561,13.0,0.0,0.0,0.03467915089259477,0.0
gtzan/gtzan_blues_00025/track.npy,gtzan,0.8354430379746836,0.6072200062655817,0.6072200062655817,0.6072200062655817,0.975,0.975,0.975,0.975,0.0,3.9151050627854596e-42,4.642502468049523e-41,2.517006487164035e-41,0.0,0.0,0.0,0.0,47.0,0.0,0.0,0.06810200141707691,12.0,0.0,0.0,0.10716496798856719,0.0
gtzan/gtzan_blues_00026/track.npy,gtzan,0.8656716417910447,0.7789263683029849,0.7789263683029849,0.7789263683029849,0.7352941176470589,0.9411764705882353,0.7352941176470589,0.9411764705882353,0.125,0.1011964560834862,0.13492860811131493,0.11806253209740056,0.0,0.0,0.0,0.0,41.0,0.0,0.0,0.08271542611223624,10.0,0.0,0.0,0.06551710741079343,0.0
gtzan/gtzan_blues_00027/track.npy,gtzan,0.6753246753246753,0.47058727729380695,0.47058727729380695,0.47058727729380695,0.6410256410256411,0.8205128205128205,0.6410256410256411,0.8205128205128205,0.0,1.1043029628549931e-39,0.03961450283609176,0.01980725141804588,0.0,0.0,0.2222222222222222,0.2222222222222222,46.0,0.0,0.0,0.10155255792171926,11.0,0.0,0.0,0.10764847192168525,0.0
gtzan/gtzan_blues_00028/track.npy,gtzan,0.38888888888888895,0.33365193092951173,0.42738944337371176,0.38052068715161175,0.0,0.0,0.0,0.0,0.5,0.39926167127224915,0.39926167127224915,0.39926167127224915,0.0,0.0,0.0,0.0,34.0,0.0,0.0,0.07983676969752704,8.0,0.0,0.0,0.015784506005548926,0.0
gtzan/gtzan_blues_00029/track.npy,gtzan,0.3925233644859813,0.2786088547867613,0.3733068682323817,0.3259578615095715,0.21818181818181817,0.41818181818181815,0.2727272727272727,0.41818181818181815,0.3076923076923077,0.21118110614980606,0.21118110614980606,0.21118110614980606,0.7692307692307693,0.7692307692307693,0.7692307692307693,0.7692307692307693,65.0,0.0,0.0,0.09917229052185694,16.0,0.0,0.0,0.10735129267751534,0.0
gtzan/gtzan_blues_00030/track.npy,gtzan,0.0,2.366269079448569e-06,0.5914055747084443,0.2957039704887619,0.0,0.0,0.9782608695652174,0.9782608695652174,0.0,2.732015603953345e-07,2.732015603953345e-07,2.732015603953345e-07,1.0,1.0,1.0,1.0,55.0,0.0,0.0,0.07410797215372092,14.0,0.0,0.0,0.027512624902192744,0.0
gtzan/gtzan_blues_00031/track.npy,gtzan,0.5154639175257733,0.4669636589983528,0.4669636589983528,0.4669636589983528,0.5510204081632653,0.5510204081632653,0.5510204081632653,0.5510204081632653,0.0,1.607291539971599e-23,1.231980564641466e-12,6.159902823287695e-13,0.0,0.0,0.25,0.25,57.0,0.0,0.0,0.07496389284844451,14.0,0.0,0.0,0.042292389920501564,0.0
gtzan/gtzan_blues_00032/track.npy,gtzan,0.24324324324324326,0.20323028569248305,0.20323028569248305,0.20323028569248305,0.0,0.0,0.2692307692307692,0.2692307692307692,0.0,0.00012186151789526146,0.09922179383438381,0.049671827676139535,0.0,0.0,0.5,0.5,26.0,0.0,0.0,0.13869636885613856,9.0,0.0,0.0,0.18964478674555882,0.0
gtzan/gtzan_blues_00033/track.npy,gtzan,0.9230769230769231,0.7084268448501441,0.7084268448501441,0.7084268448501441,0.46153846153846156,0.9076923076923077,0.46153846153846156,0.9076923076923077,0.8125,0.6323912835226283,0.6323912835226283,0.6323912835226283,1.0,1.0,1.0,1.0,78.0,0.0,0.0,0.105360515657833,19.0,0.0,0.0,0.03881575237521001,0.0
gtzan/gtzan_blues_00034/track.npy,gtzan,0.6923076923076923,0.5789063418538867,0.5789063418538867,0.5789063418538867,0.717948717948718,0.717948717948718,0.717948717948718,0.717948717948718,0.0,4.0405307871109854e-120,0.5438159859574287,0.2719079929787144,0.0,0.0,0.9,0.9,46.0,0.0,0.0,0.11355740411137906,11.0,0.0,0.0,0.06674172936832665,0.0
gtzan/gtzan_blues_00035/track.npy,gtzan,0.766355140186916,0.6029358226962112,0.6029358226962112,0.6029358226962112,0.4727272727272727,0.7272727272727273,0.4727272727272727,0.7272727272727273,0.5185185185185186,0.3777897261827987,0.41446321478760834,0.39612647048520355,0.42857142857142855,0.42857142857142855,0.46153846153846156,0.46153846153846156,63.0,0.0,0.0,0.12783337150988605,16.0,0.0,0.0,0.238946630181294,0.0
gtzan/gtzan_blues_00036/track.npy,gtzan,0.06315789473684211,0.05332747949675293,0.4639017781429103,0.2586146288198316,0.041666666666666664,0.0625,0.22916666666666666,0.5625,0.0,0.0005583375640963045,0.0006640025504905127,0.0006111700572934086,0.4166666666666667,0.6666666666666666,0.4166666666666667,0.6666666666666666,58.0,0.0,0.0,0.09767459256838631,15.0,0.0,0.0,0.1527479314891808,0.0
gtzan/gtzan_blues_00037/track.npy,gtzan,0.9523809523809523,0.7303046520439908,0.7303046520439908,0.7303046520439908,0.96875,0.96875,0.96875,0.96875,0.0,6.733583528656e-312,0.7368658550624134,0.3684329275312067,0.0,0.0,0.875,0.875,38.0,0.0,0.0,0.07598590697792032,10.0,0.0,0.0,0.048336028928276896,0.0
gtzan/gtzan_blues_00038/track.npy,gtzan,0.33707865168539325,0.24273599794598152,0.2451264447058878,0.24393122132593464,0.0,0.0,0.0,0.0,0.0,5.737276512232213e-10,0.08701485977643256,0.0435074301750801,0.0,0.0,0.0,0.0,64.0,0.0,0.0,0.08701137698963579,16.0,0.0,0.0,0.056556028606250135,0.0
gtzan/gtzan_blues_00039/track.npy,gtzan,0.611111111111111,0.5345814974120362,0.8018722461178935,0.6682268717649649,0.0,0.0,0.9583333333333334,0.9583333333333334,0.6666666666666666,0.5617573164237529,0.8426359746356293,0.7021966455296911,0.0,0.0,1.0,1.0,29.0,0.0,0.0,0.08549529635474488,10.0,0.0,0.0,0.0401903754070079,0.0
gtzan/gtzan_blues_00040/track.npy,gtzan,0.9444444444444445,0.7627340473693174,0.7627340473693174,0.7627340473693174,0.8648648648648649,0.8648648648648649,0.8648648648648649,0.8648648648648649,0.8888888888888888,0.7326334401552973,0.7326334401552973,0.7326334401552973,0.8888888888888888,0.8888888888888888,0.8888888888888888,0.8888888888888888,89.0,0.0,0.0,0.09604533112207897,22.0,0.0,0.0,0.14632776969755204,0.0
gtzan/gtzan_blues_00041/track.npy,gtzan,1.0,0.8865506983437019,0.8865506983437019,0.8865506983437019,1.0,1.0,1.0,1.0,0.0,5.043123903133646e-110,0.824439287894388,0.412219643947194,0.0,0.0,0.9230769230769231,0.9230769230769231,63.0,0.0,0.0,0.08701137698962769,16.0,0.0,0.0,0.03566837297974927,0.0
gtzan/gtzan_blues_00042/track.npy,gtzan,0.3870967741935484,0.3012740225447066,0.3735797879478697,0.33742690524628816,0.0,0.0,0.0,0.0,0.631578947368421,0.45368242622617466,0.6393676459740748,0.5465250361001247,0.0,0.0,0.8461538461538461,0.8461538461538461,44.0,0.0,0.0,0.06053541572675902,15.0,0.0,0.0,0.05416430475903554,0.0
gtzan/gtzan_blues_00043/track.npy,gtzan,0.9906542056074767,0.9449407838001369,0.9449407838001369,0.9449407838001369,0.9814814814814815,0.9814814814814815,0.9814814814814815,0.9814814814814815,1.0,0.9417381850160234,0.9417381850160234,0.9417381850160234,1.0,1.0,1.0,1.0,65.0,0.0,0.0,0.08701137698963138,16.0,0.0,0.0,0.032435275753153504,0.0
gtzan/gtzan_blues_00044/track.npy,gtzan,0.6666666666666666,0.5273110604083455,0.7909665886596975,0.6591388245340215,0.0,0.0,1.0,1.0,0.0,5.230758567544923e-10,8.107675779694631e-10,6.669217173619777e-10,0.0,0.0,1.0,1.0,51.0,0.0,0.0,0.06899287148695117,13.0,0.0,0.0,0.025425554994726485,0.0
gtzan/gtzan_blues_00045/track.npy,gtzan,0.6826347305389222,0.600540712295288,0.7162426346124763,0.6583916734538822,0.0,0.0,0.7543859649122807,0.7543859649122807,0.5116279069767441,0.4717816948358325,0.6995383521116826,0.5856600234737576,0.0,0.0,0.8,0.8,68.0,0.0,0.0,0.11778303565638115,17.0,0.0,0.0,0.16680316897244238,0.0
gtzan/gtzan_blues_00046/track.npy,gtzan,1.0,0.9159203910040844,0.9159203910040844,0.9159203910040844,1.0,1.0,1.0,1.0,1.0,0.884577186691087,0.884577186691087,0.884577186691087,1.0,1.0,1.0,1.0,61.0,0.0,0.0,0.08004270767353472,15.0,0.0,0.0,0.030275505896295307,0.0
gtzan/gtzan_blues_00047/track.npy,gtzan,1.0,0.8267291632287247,0.8267291632287247,0.8267291632287247,0.9523809523809523,0.9841269841269841,0.9523809523809523,0.9841269841269841,1.0,0.8309988845359436,0.8309988845359436,0.8309988845359436,1.0,1.0,1.0,1.0,76.0,0.0,0.0,0.10008345855698919,26.0,0.0,0.0,0.034486176071170105,0.0
gtzan/gtzan_blues_00048/track.npy,gtzan,1.0,0.7962022923117419,0.7962022923117419,0.7962022923117419,1.0,1.0,1.0,1.0,1.0,0.8157050445459847,0.8157050445459847,0.8157050445459847,1.0,1.0,1.0,1.0,61.0,0.0,0.0,0.04082199452025603,15.0,0.0,0.0,0.040574520810828664,0.0
gtzan/gtzan_blues_00049/track.npy,gtzan,0.8846153846153846,0.7271203854579503,0.7271203854579503,0.7271203854579503,1.0,1.0,1.0,1.0,0.8571428571428571,0.7870205850281765,0.7870205850281765,0.7870205850281765,1.0,1.0,1.0,1.0,31.0,0.0,0.0,0.07227547333069707,8.0,0.0,0.0,0.04959609113653096,0.0
gtzan/gtzan_blues_00050/track.npy,gtzan,1.0,0.8712455338714472,0.8712455338714472,0.8712455338714472,1.0,1.0,1.0,1.0,1.0,0.8704492914809386,0.8704492914809386,0.8704492914809386,1.0,1.0,1.0,1.0,68.0,0.0,0.0,0.09097177820572677,17.0,0.0,0.0,0.03509131981127034,0.0
gtzan/gtzan_blues_00051/track.npy,gtzan,0.9878048780487805,0.9243343289788398,0.9243343289788398,0.9243343289788398,0.9518072289156626,0.9518072289156626,0.9518072289156626,0.9518072289156626,0.9500000000000001,0.8990695625778271,0.8990695625778271,0.8990695625778271,0.95,0.95,0.95,0.95,99.0,0.0,0.0,0.06453852113756975,24.0,0.0,0.0,0.04799014710211043,0.0
gtzan/gtzan_blues_00052/track.npy,gtzan,0.47619047619047616,0.4280882558750928,0.4280882558750928,0.4280882558750928,0.0,0.0,0.0,0.0,0.3846153846153846,0.3615399330236808,0.5433387637077375,0.45243934836570915,0.0,0.0,0.0,0.0,75.0,0.0,0.0,0.10008345855698213,25.0,0.0,0.0,0.03278982282299158,0.0
gtzan/gtzan_blues_00053/track.npy,gtzan,1.0,0.8739903745262387,0.8739903745262387,0.8739903745262387,1.0,1.0,1.0,1.0,1.0,0.8367746868550912,0.8367746868550912,0.8367746868550912,1.0,1.0,1.0,1.0,51.0,0.0,0.0,0.06899287148694377,12.0,0.0,0.0,0.01784080699348038,0.0
gtzan/gtzan_blues_00054/track.npy,gtzan,0.9868421052631579,0.9074258477540591,0.9074258477540591,0.9074258477540591,0.9868421052631579,0.9868421052631579,0.9868421052631579,0.9868421052631579,1.0,0.9218125331660952,0.9218125331660952,0.9218125331660952,1.0,1.0,1.0,1.0,91.0,0.0,0.0,0.09491967012040678,22.0,0.0,0.0,0.03104610378458926,0.0
gtzan/gtzan_blues_00055/track.npy,gtzan,0.9636363636363636,0.7532555764432992,0.7532555764432992,0.7532555764432992,0.6181818181818182,0.9636363636363636,0.6181818181818182,0.9636363636363636,0.9230769230769231,0.7269877014442521,0.7269877014442521,0.7269877014442521,1.0,1.0,1.0,1.0,67.0,0.0,0.0,0.08701137698963579,16.0,0.0,0.0,0.06507210855795563,0.0
gtzan/gtzan_blues_00056/track.npy,gtzan,0.9333333333333332,0.8337500149933901,0.8337500149933901,0.8337500149933901,0.9130434782608695,0.9130434782608695,0.9130434782608695,0.9130434782608695,1.0,0.9262471503826817,0.9262471503826817,0.9262471503826817,1.0,1.0,1.0,1.0,26.0,0.0,0.0,0.0885533973414464,6.0,0.0,0.0,0.02467249419166187,0.0
gtzan/gtzan_blues_00057/track.npy,gtzan,1.0,0.9631617961854164,0.9631617961854164,0.9631617961854164,1.0,1.0,1.0,1.0,1.0,0.9718948005858891,0.9718948005858891,0.9718948005858891,1.0,1.0,1.0,1.0,93.0,0.0,0.0,0.06062462181643369,23.0,0.0,0.0,0.030771658666753354,0.0
gtzan/gtzan_blues_00058/track.npy,gtzan,1.0,0.9521049231873758,0.9521049231873758,0.9521049231873758,1.0,1.0,1.0,1.0,1.0,0.9494085938587411,0.9494085938587411,0.9494085938587411,1.0,1.0,1.0,1.0,53.0,0.0,0.0,0.07145896398214607,13.0,0.0,0.0,0.02643325706815558,0.0
gtzan/gtzan_blues_00059/track.npy,gtzan,1.0,0.9381774863290913,0.9381774863290913,0.9381774863290913,1.0,1.0,1.0,1.0,1.0,0.9598408078420644,0.9598408078420644,0.9598408078420644,1.0,1.0,1.0,1.0,54.0,0.0,0.0,0.07410797215371995,14.0,0.0,0.0,0.02201853184043938,0.0
gtzan/gtzan_blues_00060/track.npy,gtzan,0.9919999999999999,0.8486378546273488,0.8486378546273488,0.8486378546273488,0.9841269841269841,0.9841269841269841,0.9841269841269841,0.9841269841269841,0.967741935483871,0.8106437122037776,0.8106437122037776,0.8106437122037776,0.9375,0.9375,0.9375,0.9375,75.0,0.0,0.0,0.10008345855698667,19.0,0.0,0.0,0.027455320723781554,0.0
gtzan/gtzan_blues_00061/track.npy,gtzan,1.0,0.941819168669133,0.941819168669133,0.941819168669133,1.0,1.0,1.0,1.0,1.0,0.9403536851733582,0.9403536851733582,0.9403536851733582,1.0,1.0,1.0,1.0,66.0,0.0,0.0,0.09037771802331052,17.0,0.0,0.0,0.033152207316900426,0.0
gtzan/gtzan_blues_00062/track.npy,gtzan,1.0,0.9283738282790032,0.9283738282790032,0.9283738282790032,1.0,1.0,1.0,1.0,0.0,2.7583890690744765e-149,0.901851967919307,0.4509259839596535,0.0,0.0,0.9166666666666666,0.9166666666666666,57.0,0.0,0.0,0.07696104113612923,14.0,0.0,0.0,0.022957567791697733,0.0
gtzan/gtzan_blues_00063/track.npy,gtzan,1.0,0.9012249626163833,0.9012249626163833,0.9012249626163833,1.0,1.0,1.0,1.0,1.0,0.8912552688418687,0.8912552688418687,0.8912552688418687,1.0,1.0,1.0,1.0,46.0,0.0,0.0,0.05614667734398237,11.0,0.0,0.0,0.022745797359606225,0.0
gtzan/gtzan_blues_00064/track.npy,gtzan,1.0,0.9532578694370855,0.9532578694370855,0.9532578694370855,1.0,1.0,1.0,1.0,1.0,0.9648724235521522,0.9648724235521522,0.9648724235521522,1.0,1.0,1.0,1.0,78.0,0.0,0.0,0.06557128059195805,20.0,0.0,0.0,0.02597548640326014,0.0
gtzan/gtzan_blues_00065/track.npy,gtzan,1.0,0.9134368479677366,0.9134368479677366,0.9134368479677366,1.0,1.0,1.0,1.0,1.0,0.904078659622405,0.904078659622405,0.904078659622405,1.0,1.0,1.0,1.0,54.0,0.0,0.0,0.07145896398214968,14.0,0.0,0.0,0.026907452919925356,0.0
gtzan/gtzan_blues_00066/track.npy,gtzan,1.0,0.8949270072959044,0.8949270072959044,0.8949270072959044,1.0,1.0,1.0,1.0,1.0,0.9207624101994252,0.9207624101994252,0.9207624101994252,1.0,1.0,1.0,1.0,82.0,0.0,0.0,0.1112256351102221,21.0,0.0,0.0,0.027065702567938603,0.0
gtzan/gtzan_blues_00067/track.npy,gtzan,1.0,0.9402520157229433,0.9402520157229433,0.9402520157229433,1.0,1.0,1.0,1.0,1.0,0.9455875215114219,0.9455875215114219,0.9455875215114219,1.0,1.0,1.0,1.0,81.0,0.0,0.0,0.05406722127028396,20.0,0.0,0.0,0.013605652055778716,0.0
gtzan/gtzan_blues_00068/track.npy,gtzan,1.0,0.8467514388420104,0.8467514388420104,0.8467514388420104,1.0,1.0,1.0,1.0,1.0,0.8765188448613876,0.8765188448613876,0.8765188448613876,1.0,1.0,1.0,1.0,81.0,0.0,0.0,0.05406722127028396,20.0,0.0,0.0,0.013633802567262964,0.0
gtzan/gtzan_blues_00069/track.npy,gtzan,1.0,0.9503175953207356,0.9503175953207356,0.9503175953207356,1.0,1.0,1.0,1.0,1.0,0.9757938760260447,0.9757938760260447,0.9757938760260447,1.0,1.0,1.0,1.0,40.0,0.0,0.0,0.07827371640028577,10.0,0.0,0.0,0.013158084577511142,0.0
gtzan/gtzan_blues_00070/track.npy,gtzan,0.967741935483871,0.8836359055346685,0.8836359055346685,0.8836359055346685,0.9193548387096774,0.967741935483871,0.9193548387096774,0.967741935483871,1.0,0.8932746141390948,0.8932746141390948,0.8932746141390948,1.0,1.0,1.0,1.0,74.0,0.0,0.0,0.10008345855698275,18.0,0.0,0.0,0.042952716436111246,0.0
gtzan/gtzan_blues_00071/track.npy,gtzan,0.9047619047619047,0.7006390110192359,0.7006390110192359,0.7006390110192359,0.578125,0.859375,0.578125,0.859375,0.5625,0.4723335917778132,0.4723335917778132,0.4723335917778132,0.6875,0.6875,0.6875,0.6875,76.0,0.0,0.0,0.1163654640291877,19.0,0.0,0.0,0.27577694655430346,0.0
gtzan/gtzan_blues_00072/track.npy,gtzan,0.9310344827586207,0.8600898111261149,0.8600898111261149,0.8600898111261149,1.0,1.0,1.0,1.0,1.0,0.8776619926978358,0.8776619926978358,0.8776619926978358,1.0,1.0,1.0,1.0,34.0,0.0,0.0,0.06805478753176401,8.0,0.0,0.0,0.01716790874510582,0.0
gtzan/gtzan_blues_00073/track.npy,gtzan,1.0,0.8632575195742441,0.8632575195742441,0.8632575195742441,1.0,1.0,1.0,1.0,1.0,0.8944961857331037,0.8944961857331037,0.8944961857331037,1.0,1.0,1.0,1.0,49.0,0.0,0.0,0.06669137449867121,12.0,0.0,0.0,0.03347305598987314,0.0
gtzan/gtzan_blues_00074/track.npy,gtzan,0.9787234042553191,0.8970717079565861,0.8970717079565861,0.8970717079565861,0.9787234042553191,0.9787234042553191,0.9787234042553191,0.9787234042553191,1.0,0.9709434813485528,0.9709434813485528,0.9709434813485528,1.0,1.0,1.0,1.0,56.0,0.0,0.0,0.07410797215372045,14.0,0.0,0.0,0.04111369766431261,0.0
gtzan/gtzan_blues_00075/track.npy,gtzan,1.0,0.94158708077548,0.94158708077548,0.94158708077548,1.0,1.0,1.0,1.0,1.0,0.9492956122185107,0.9492956122185107,0.9492956122185107,1.0,1.0,1.0,1.0,59.0,0.0,0.0,0.03922071315328459,15.0,0.0,0.0,0.019608471388376247,0.0
gtzan/gtzan_blues_00076/track.npy,gtzan,1.0,0.9607944639968138,0.9607944639968138,0.9607944639968138,1.0,1.0,1.0,1.0,1.0,0.9499287388012374,0.9499287388012374,0.9499287388012374,1.0,1.0,1.0,1.0,58.0,0.0,0.0,0.07696104113613,19.0,0.0,0.0,0.025975486403261482,0.0
gtzan/gtzan_blues_00077/track.npy,gtzan,0.9838709677419355,0.9235658290627179,0.9235658290627179,0.9235658290627179,0.9838709677419355,0.9838709677419355,0.9838709677419355,0.9838709677419355,1.0,0.9191707321273853,0.9191707321273853,0.9191707321273853,1.0,1.0,1.0,1.0,74.0,0.0,0.0,0.07187214664382913,18.0,0.0,0.0,0.012270092591815496,0.0
gtzan/gtzan_blues_00078/track.npy,gtzan,0.6666666666666666,0.5993095312258843,0.8989635847193428,0.7491365579726135,0.0,0.0,1.0,1.0,0.0,3.4307744628399334e-08,5.289110630211564e-08,4.359942546525749e-08,0.0,0.0,1.0,1.0,61.0,0.0,0.0,0.10008345855698275,15.0,0.0,0.0,0.09735891057479445,0.0
gtzan/gtzan_blues_00079/track.npy,gtzan,0.9924812030075187,0.8786023867526491,0.8786023867526491,0.8786023867526491,0.9850746268656716,0.9850746268656716,0.9850746268656716,0.9850746268656716,0.9696969696969697,0.8615004489701933,0.8615004489701933,0.8615004489701933,0.9411764705882353,0.9411764705882353,0.9411764705882353,0.9411764705882353,80.0,0.0,0.0,0.1053605156578254,20.0,0.0,0.0,0.027398974188113878,0.0
gtzan/gtzan_blues_00080/track.npy,gtzan,1.0,0.9588471794979074,0.9588471794979074,0.9588471794979074,1.0,1.0,1.0,1.0,1.0,0.9903755384472236,0.9903755384472236,0.9903755384472236,1.0,1.0,1.0,1.0,58.0,0.0,0.0,0.048655795148997205,14.0,0.0,0.0,0.01950375934617556,0.0
gtzan/gtzan_blues_00081/track.npy,gtzan,0.5864661654135338,0.5260351824422356,0.7209962886308783,0.6235157355365569,0.0,0.0,0.6808510638297872,0.7021276595744681,0.0,0.0004123281650691307,0.052125010090410984,0.026268669127740056,0.0,0.0,0.6666666666666666,0.6666666666666666,55.0,0.0,0.0,0.07341280596158753,14.0,0.0,0.0,0.11895037358939395,0.0
gtzan/gtzan_blues_00082/track.npy,gtzan,0.9811320754716981,0.898240281507866,0.898240281507866,0.898240281507866,0.9811320754716981,0.9811320754716981,0.9811320754716981,0.9811320754716981,0.9285714285714286,0.8310081417732746,0.8310081417732746,0.8310081417732746,1.0,1.0,1.0,1.0,63.0,0.0,0.0,0.08338160893904922,16.0,0.0,0.0,0.04618658988123751,0.0
gtzan/gtzan_blues_00083/track.npy,gtzan,1.0,0.9695450541735556,0.9695450541735556,0.9695450541735556,1.0,1.0,1.0,1.0,1.0,0.9808354331326402,0.9808354331326402,0.9808354331326402,1.0,1.0,1.0,1.0,66.0,0.0,0.0,0.044451762570840825,16.0,0.0,0.0,0.015040743263430696,0.0
gtzan/gtzan_blues_00084/track.npy,gtzan,1.0,0.9199937073504265,0.9199937073504265,0.9199937073504265,1.0,1.0,1.0,1.0,1.0,0.9080482362730735,0.9080482362730735,0.9080482362730735,1.0,1.0,1.0,1.0,56.0,0.0,0.0,0.07410797215372189,14.0,0.0,0.0,0.01834913866819654,0.0
gtzan/gtzan_blues_00085/track.npy,gtzan,1.0,0.8804502880482833,0.8804502880482833,0.8804502880482833,1.0,1.0,1.0,1.0,1.0,0.9177997410829728,0.9177997410829728,0.9177997410829728,1.0,1.0,1.0,1.0,72.0,0.0,0.0,0.09531017980433143,18.0,0.0,0.0,0.027385500885837577,0.0
gtzan/gtzan_blues_00086/track.npy,gtzan,0.9902912621359222,0.9343836873927505,0.9343836873927505,0.9343836873927505,0.9807692307692307,0.9807692307692307,0.9807692307692307,0.9807692307692307,1.0,0.9600236963911277,0.9600236963911277,0.9600236963911277,1.0,1.0,1.0,1.0,62.0,0.0,0.0,0.0800427076735348,16.0,0.0,0.0,0.030568565398424275,0.0
gtzan/gtzan_blues_00087/track.npy,gtzan,1.0,0.9198719162921998,0.9198719162921998,0.9198719162921998,1.0,1.0,1.0,1.0,1.0,0.9127478520798206,0.9127478520798206,0.9127478520798206,1.0,1.0,1.0,1.0,88.0,0.0,0.0,0.11778303565638115,22.0,0.0,0.0,0.030165779074521042,0.0
gtzan/gtzan_blues_00088/track.npy,gtzan,0.0,0.0066845462816252635,0.7232428709202181,0.3649637086009217,0.0,0.0,0.323943661971831,0.8591549295774648,0.0,7.513776150818574e-05,8.453672276813727e-05,7.98372421381615e-05,0.5555555555555556,0.8888888888888888,0.5555555555555556,0.8888888888888888,85.0,0.0,0.0,0.11778303565638307,21.0,0.0,0.0,0.045950128275915984,0.0
gtzan/gtzan_blues_00089/track.npy,gtzan,0.6567164179104478,0.5531739637647213,0.8423330811871892,0.6977535224759552,0.0,0.0,1.0,1.0,0.0,4.457884179227718e-42,1.569216120814526e-35,7.84608283301472e-36,0.0,0.0,1.0,1.0,27.0,0.0,0.0,0.06838506451592313,6.0,0.0,0.0,0.03336129387319547,0.0
gtzan/gtzan_blues_00090/track.npy,gtzan,1.0,0.8972497523712456,0.8972497523712456,0.8972497523712456,1.0,1.0,1.0,1.0,1.0,0.8731076257607805,0.8731076257607805,0.8731076257607805,1.0,1.0,1.0,1.0,71.0,0.0,0.0,0.09531017980431444,18.0,0.0,0.0,0.023810648693718434,0.0
gtzan/gtzan_blues_00091/track.npy,gtzan,1.0,0.9419636491754494,0.9419636491754494,0.9419636491754494,1.0,1.0,1.0,1.0,0.0,1.846764577859352e-116,0.8647706208333977,0.43238531041669886,0.0,0.0,0.9230769230769231,0.9230769230769231,63.0,0.0,0.0,0.08338160893905011,16.0,0.0,0.0,0.010471299867295536,0.0
gtzan/gtzan_blues_00092/track.npy,gtzan,0.40963855421686746,0.36536066845910947,0.43529603966204333,0.40032835406057643,0.0,0.0,0.0,0.0,0.42857142857142855,0.3894379900292392,0.45364734279336916,0.42154266641130417,0.0,0.0,0.0,0.0,40.0,0.0,0.0,0.057651369300194114,13.0,0.0,0.0,0.048547748028128446,0.0
gtzan/gtzan_blues_00093/track.npy,gtzan,0.49230769230769234,0.43280926309065243,0.43280926309065243,0.43280926309065243,0.32432432432432434,0.32432432432432434,0.32432432432432434,0.32432432432432434,0.375,0.32946643203317205,0.32946643203317205,0.32946643203317205,0.3333333333333333,0.3333333333333333,0.3333333333333333,0.3333333333333333,34.0,0.0,0.0,0.15986976176125448,9.0,0.0,0.0,0.29553763928261945,0.0
gtzan/gtzan_blues_00094/track.npy,gtzan,0.9767441860465116,0.8001692228860802,0.8001692228860802,0.8001692228860802,1.0,1.0,1.0,1.0,0.9090909090909091,0.7828279886652081,0.7828279886652081,0.7828279886652081,1.0,1.0,1.0,1.0,52.0,0.0,0.0,0.0689928714869561,13.0,0.0,0.0,0.02521186455768365,0.0
gtzan/gtzan_blues_00095/track.npy,gtzan,0.34782608695652173,0.22988606428802721,0.3889934068689916,0.3094397355785094,0.25862068965517243,0.39655172413793105,0.27586206896551724,0.46551724137931033,0.42857142857142855,0.23901007353773332,0.23901007353773332,0.23901007353773332,1.0,1.0,1.0,1.0,69.0,0.0,0.0,0.09531017980432288,17.0,0.0,0.0,0.10327874151083108,0.0
gtzan/gtzan_blues_00096/track.npy,gtzan,0.547945205479452,0.4466419915014277,0.673162333136778,0.5599021623191028,0.0,0.0,0.8775510204081632,0.8775510204081632,0.631578947368421,0.502373576358089,0.6112701598005653,0.5568218680793271,0.0,0.0,0.9230769230769231,0.9230769230769231,57.0,0.0,0.0,0.07696104113612721,14.0,0.0,0.0,0.06041119110715366,0.0
gtzan/gtzan_blues_00097/track.npy,gtzan,0.5,0.42952073379361355,0.42952073379361355,0.42952073379361355,0.0,0.0,0.0,0.0,0.48484848484848486,0.3839378778021828,0.3839378778021828,0.3839378778021828,0.0,0.0,0.0,0.0,40.0,0.0,0.0,0.10821358464023523,10.0,0.0,0.0,0.03953176503580559,0.0
gtzan/gtzan_blues_00098/track.npy,gtzan,1.0,0.9731891405147317,0.9731891405147317,0.9731891405147317,1.0,1.0,1.0,1.0,1.0,0.978624431759992,0.978624431759992,0.978624431759992,1.0,1.0,1.0,1.0,63.0,0.0,0.0,0.04255961441880263,16.0,0.0,0.0,0.024796760388695435,0.0
gtzan/gtzan_blues_00099/track.npy,gtzan,1.0,0.8667834538086898,0.8667834538086898,0.8667834538086898,1.0,1.0,1.0,1.0,1.0,0.8861081512601141,0.8861081512601141,0.8861081512601141,1.0,1.0,1.0,1.0,46.0,0.0,0.0,0.06252035698133473,15.0,0.0,0.0,0.03517851554812868,0.0
gtzan/gtzan_classical_00000/track.npy,gtzan,0.9487179487179487,0.7557199475148129,0.7557199475148129,0.7557199475148129,1.0,1.0,1.0,1.0,0.0,4.5983889849860453e-203,0.7446679961692926,0.3723339980846463,0.0,0.0,0.9,0.9,47.0,0.0,0.0,0.06626080382644617,12.0,0.0,0.0,0.059369223224055266,0.0
gtzan/gtzan_classical_00001/track.npy,gtzan,0.4411764705882353,0.28130844859176696,0.33861057557070257,0.30995951208123473,0.0,0.0,0.6666666666666666,0.6666666666666666,0.26086956521739124,0.1740968057984529,0.26694843555762776,0.22052262067804035,0.0,0.0,0.625,0.625,25.0,0.0,0.0,0.10998765506286602,9.0,0.0,0.0,0.2577481969433894,0.0
gtzan/gtzan_classical_00002/track.npy,gtzan,0.3846153846153846,0.2963350948163753,0.45959753582712487,0.37796631532175007,0.0,0.0,0.0,0.0,0.0,5.3991583974396703e-45,0.4059494995545066,0.2029747497772533,0.0,0.0,0.0,0.0,24.0,0.0,0.0,0.08183699417714677,8.0,0.0,0.0,0.1448595302654806,0.0
gtzan/gtzan_classical_00003/track.npy,gtzan,0.4444444444444445,0.3119081688535483,0.3154187479931468,0.31366345842334753,0.3333333333333333,0.3333333333333333,0.4444444444444444,0.4444444444444444,0.3333333333333333,0.32725796819023434,0.4347874759982321,0.3810227220942332,0.42857142857142855,0.42857142857142855,0.42857142857142855,0.42857142857142855,23.0,0.0,0.0,0.2670627852490443,6.0,0.0,0.0,0.518981738444487,0.0
gtzan/gtzan_classical_00004/track.npy,gtzan,0.6470588235294118,0.49357735727452395,0.740366035911751,0.6169716965931374,0.0,0.0,1.0,1.0,0.6923076923076924,0.48994534884384033,0.7076988372188805,0.5988220930313604,0.0,0.0,1.0,1.0,41.0,0.0,0.0,0.08483564687730023,11.0,0.0,0.0,0.04239770904642096,0.0
gtzan/gtzan_classical_00005/track.npy,gtzan,0.9137931034482759,0.7168808729207428,0.7168808729207428,0.7168808729207428,0.46551724137931033,0.8793103448275862,0.46551724137931033,0.8793103448275862,0.8947368421052632,0.7224314503255233,0.7224314503255233,0.7224314503255233,1.0,1.0,1.0,1.0,69.0,0.0,0.0,0.09531017980432288,23.0,0.0,0.0,0.07637297878457405,0.0
gtzan/gtzan_classical_00006/track.npy,gtzan,0.37288135593220345,0.26669546599589083,0.4034623716348092,0.33507891881535,0.0,0.0,0.8,0.9,0.0,7.067579200816753e-38,1.0601368801225128e-37,8.83447400102094e-38,0.0,0.0,1.0,1.0,23.0,0.0,0.0,0.09097177820572469,6.0,0.0,0.0,0.07023408410723424,0.0
gtzan/gtzan_classical_00007/track.npy,gtzan,0.8000000000000002,0.5167583608098062,0.5167583608098062,0.5167583608098062,0.5111111111111111,0.8444444444444444,0.5111111111111111,0.8444444444444444,0.3783783783783784,0.26687997439775996,0.26687997439775996,0.26687997439775996,0.0,0.0,0.0,0.0,53.0,0.0,0.0,0.0689928714869561,18.0,0.0,0.0,0.06636940284668327,0.0
gtzan/gtzan_classical_00008/track.npy,gtzan,0.9911504424778761,0.7849224589605478,0.7849224589605478,0.7849224589605478,0.8596491228070176,0.9649122807017544,0.8596491228070176,0.9649122807017544,1.0,0.758933765782358,0.758933765782358,0.758933765782358,1.0,1.0,1.0,1.0,68.0,0.0,0.0,0.09097177820573288,17.0,0.0,0.0,0.0705184130219472,0.0
gtzan/gtzan_classical_00009/track.npy,gtzan,0.24999999999999994,0.13721002973961105,0.13721002973961105,0.13721002973961105,0.36,0.64,0.36,0.64,0.0,7.008808000821319e-10,0.008669741477181775,0.004334871089031287,0.125,0.125,0.125,0.125,26.0,0.0,0.0,0.12527242604707062,9.0,0.0,0.0,0.36979216755240096,0.0
gtzan/gtzan_classical_00010/track.npy,gtzan,0.17241379310344826,0.14026404149229235,0.163896355488115,0.15208019849020366,0.0,0.0,0.0,0.0,0.12500000000000003,0.06638700008989201,0.10621919820706924,0.08630309914848062,0.0,0.0,0.4,0.4,16.0,0.0,0.0,0.1580174210334557,6.0,0.0,0.0,0.13575022525968827,0.0
gtzan/gtzan_classical_00011/track.npy,gtzan,0.6153846153846154,0.49705634532484444,0.49705634532484444,0.49705634532484444,0.5454545454545454,0.8484848484848485,0.5454545454545454,0.8484848484848485,0.2105263157894737,0.13152347907865825,0.1718674762665654,0.15169547767261182,0.0,0.0,0.0,0.0,38.0,0.0,0.0,0.14216690280786604,13.0,0.0,0.0,0.16322156057600656,0.0
gtzan/gtzan_classical_00012/track.npy,gtzan,0.42857142857142855,0.3368642735563669,0.5098486302433249,0.42335645189984594,0.0,0.0,0.8947368421052632,0.8947368421052632,0.26666666666666666,0.25062511386099356,0.4030718415717515,0.32684847771637254,0.0,0.0,0.0,0.0,22.0,0.0,0.0,0.12093412885513924,8.0,0.0,0.0,0.08278030076357418,0.0
gtzan/gtzan_classical_00013/track.npy,gtzan,0.5952380952380952,0.4747636649137457,0.4747636649137457,0.4747636649137457,0.17307692307692307,0.3076923076923077,0.1875,0.3076923076923077,0.3448275862068966,0.2551190992996131,0.2551190992996131,0.2551190992996131,0.3333333333333333,0.3333333333333333,0.3333333333333333,0.3333333333333333,36.0,0.0,0.0,0.1678148720485162,12.0,0.0,0.0,0.394179934323062,0.0
gtzan/gtzan_classical_00014/track.npy,gtzan,0.7377049180327869,0.5645039361803541,0.5645039361803541,0.5645039361803541,0.3770491803278688,0.7704918032786885,0.3770491803278688,0.7704918032786885,0.8666666666666667,0.6194998463339739,0.6194998463339739,0.6194998463339739,1.0,1.0,1.0,1.0,74.0,0.0,0.0,0.10245813425236493,18.0,0.0,0.0,0.06619038131376855,0.0
gtzan/gtzan_classical_00015/track.npy,gtzan,0.13043478260869568,0.09313848208008825,0.09313848208008825,0.09313848208008825,0.0,0.0,0.125,0.125,0.14285714285714285,0.11555112870285665,0.16177158018399931,0.13866135444342798,0.0,0.0,1.0,1.0,16.0,0.0,0.0,0.1446090637080945,6.0,0.0,0.0,0.029470836280769217,0.0
gtzan/gtzan_classical_00016/track.npy,gtzan,0.4727272727272727,0.35296505186560906,0.35296505186560906,0.35296505186560906,0.0,0.0,0.0,0.0,0.0,1.0497729892642023e-45,1.616254430614901e-14,8.081272153074505e-15,0.0,0.0,0.0,0.0,16.0,0.0,0.0,0.04382343966062253,5.0,0.0,0.0,0.027846128665919068,0.0
gtzan/gtzan_classical_00017/track.npy,gtzan,0.7050359712230216,0.5198362804098889,0.5198362804098889,0.5198362804098889,0.2876712328767123,0.547945205479452,0.2876712328767123,0.547945205479452,0.6857142857142857,0.49179189748902186,0.49179189748902186,0.49179189748902186,0.8333333333333334,0.8333333333333334,0.8333333333333334,0.8333333333333334,73.0,0.0,0.0,0.1112256351102221,19.0,0.0,0.0,0.17409750830643672,0.0
gtzan/gtzan_classical_00018/track.npy,gtzan,0.1754385964912281,0.15085229864746974,0.18160651790753807,0.1662294082775039,0.0,0.0,0.0,0.0,0.375,0.36988483746042594,0.36988483746042594,0.36988483746042594,1.0,1.0,1.0,1.0,29.0,0.0,0.0,0.12014431184206319,10.0,0.0,0.0,0.050392921869821,0.0
gtzan/gtzan_classical_00019/track.npy,gtzan,0.5822784810126582,0.44712125084329557,0.44712125084329557,0.44712125084329557,0.65,0.775,0.65,0.775,0.0,0.01938192485233049,0.025217539351882205,0.022299732102106347,0.3,0.3,0.3,0.3,46.0,0.0,0.0,0.11441035117774397,12.0,0.0,0.0,0.05559410470916611,0.0
gtzan/gtzan_classical_00020/track.npy,gtzan,0.2972972972972973,0.22698396949935876,0.3732625276205615,0.30012324855996014,0.0,0.0,0.0,0.0,0.32000000000000006,0.2301805454685481,0.38363424244758015,0.3069073939580641,0.0,0.0,0.0,0.0,17.0,0.0,0.0,0.0964602661875602,5.0,0.0,0.0,0.04350362935454899,0.0
gtzan/gtzan_classical_00021/track.npy,gtzan,0.5714285714285714,0.43778329176473507,0.6542885468231611,0.5460359192939481,0.0,0.0,0.5357142857142857,0.8392857142857143,0.5714285714285714,0.41097328902175867,0.616459933532638,0.5137166112771983,0.0,0.0,1.0,1.0,68.0,0.0,0.0,0.0899816779017017,17.0,0.0,0.0,0.04425960275346068,0.0
gtzan/gtzan_classical_00022/track.npy,gtzan,0.24137931034482757,0.22251789225940954,0.24822336974402687,0.2353706310017182,0.0,0.0,0.05,0.05,0.5,0.4741389639684861,0.6896566748632526,0.5818978194158693,0.0,0.0,0.8333333333333334,0.8333333333333334,20.0,0.0,0.0,0.17469349627822686,7.0,0.0,0.0,0.10098742846710879,0.0
gtzan/gtzan_classical_00023/track.npy,gtzan,0.24561403508771928,0.1628773914258218,0.24919518174452773,0.20603628658517475,0.0,0.0,0.42105263157894735,0.7368421052631579,0.3157894736842105,0.2392640145782154,0.37883468974884105,0.30904935216352825,0.0,0.0,0.8333333333333334,0.8333333333333334,22.0,0.0,0.0,0.12442990688919428,7.0,0.0,0.0,0.15270042190843652,0.0
gtzan/gtzan_classical_00024/track.npy,gtzan,0.8346456692913385,0.6380214487268644,0.6380214487268644,0.6380214487268644,0.359375,0.8125,0.359375,0.8125,0.7906976744186046,0.6358090754403942,0.6358090754403942,0.6358090754403942,0.9545454545454546,0.9545454545454546,0.9545454545454546,0.9545454545454546,76.0,0.0,0.0,0.1000834585569849,26.0,0.0,0.0,0.06633793492203985,0.0
gtzan/gtzan_classical_00025/track.npy,gtzan,0.7818181818181819,0.6586227630847432,0.6586227630847432,0.6586227630847432,0.6363636363636364,0.7818181818181819,0.6363636363636364,0.7818181818181819,0.0,1.0699474882768634e-91,0.6836423304035585,0.34182116520177924,0.0,0.0,1.0,1.0,66.0,0.0,0.0,0.0870113769896318,16.0,0.0,0.0,0.03681591499134315,0.0
gtzan/gtzan_classical_00026/track.npy,gtzan,0.15584415584415587,0.14205633594391065,0.15997946771872879,0.15101790183131972,0.0,0.0,0.0,0.0,0.0,2.7708664282543846e-20,0.09069084936580618,0.04534542468290309,0.0,0.0,0.0,0.0,17.0,0.0,0.0,0.19323173066015145,4.0,0.0,0.0,0.13943994159746864,0.0
gtzan/gtzan_classical_00027/track.npy,gtzan,0.043478260869565216,0.02237230484581123,0.3427679437067803,0.18257012427629576,0.0,0.0,0.26666666666666666,0.26666666666666666,0.0,9.436659194915554e-16,1.415498879237333e-15,1.1795823993644442e-15,0.0,0.0,1.0,1.0,18.0,0.0,0.0,0.08027556099786862,4.0,0.0,0.0,0.026452246205319562,0.0
gtzan/gtzan_classical_00028/track.npy,gtzan,0.6956521739130436,0.5392668211861612,0.5392668211861612,0.5392668211861612,0.5714285714285714,0.7428571428571429,0.5714285714285714,0.7428571428571429,0.6086956521739131,0.40171411478835706,0.40171411478835706,0.40171411478835706,0.6666666666666666,0.6666666666666666,0.6666666666666666,0.6666666666666666,41.0,0.0,0.0,0.08722421273628204,14.0,0.0,0.0,0.1069163632892666,0.0
gtzan/gtzan_classical_00029/track.npy,gtzan,0.5977011494252874,0.4709384329508636,0.696117450135032,0.5835279415429477,0.0,0.0,0.6896551724137931,0.9137931034482759,0.0,1.371154716640223e-90,1.8103864697024437e-87,9.058788122095419e-88,0.0,0.0,0.0,0.0,72.0,0.0,0.0,0.11122563511022444,18.0,0.0,0.0,0.07713229456609254,0.0
gtzan/gtzan_classical_00030/track.npy,gtzan,0.3142857142857143,0.21885457069152786,0.2841126567570519,0.25148361372428985,0.0,0.0,0.4,0.44,0.0,0.017313100692331673,0.025303762550330903,0.021308431621331288,0.0,0.0,0.2857142857142857,0.2857142857142857,25.0,0.0,0.0,0.11320705339760828,9.0,0.0,0.0,0.2574381837643042,0.0
gtzan/gtzan_classical_00031/track.npy,gtzan,0.7272727272727273,0.6291329345501788,0.6291329345501788,0.6291329345501788,0.6415094339622641,0.6415094339622641,0.6415094339622641,0.6415094339622641,0.08,0.06151090037816762,0.08093539523443108,0.07122314780629935,0.0,0.0,0.0,0.0,67.0,0.0,0.0,0.11122563511022529,17.0,0.0,0.0,0.15392895329323664,0.0
gtzan/gtzan_classical_00032/track.npy,gtzan,0.13636363636363635,0.1001989485559167,0.14183245903279038,0.12101570379435353,0.0,0.0,0.08695652173913043,0.08695652173913043,0.0,2.740486363015828e-10,0.01616772949234035,0.008083864883194495,0.0,0.0,0.0,0.0,25.0,0.0,0.0,0.12230380231647527,9.0,0.0,0.0,0.045328660419345336,0.0
gtzan/gtzan_classical_00033/track.npy,gtzan,0.03508771929824561,0.030130339900352354,0.05786651891733717,0.04399842940884476,0.0,0.0,0.0,0.0,0.14285714285714288,0.03367801093655248,0.052388017012414974,0.043033013974483725,0.0,0.0,0.0,0.0,16.0,0.0,0.0,0.1289350410979895,4.0,0.0,0.0,0.0866900433056089,0.0
gtzan/gtzan_classical_00034/track.npy,gtzan,0.13636363636363638,0.12285328998288997,0.1323119222218761,0.12758260610238303,0.0,0.0,0.17647058823529413,0.17647058823529413,0.0,2.299678049853068e-08,3.36717422202195e-08,2.833426135937509e-08,0.42857142857142855,0.42857142857142855,0.42857142857142855,0.42857142857142855,20.0,0.0,0.0,0.19316528003367783,6.0,0.0,0.0,0.19178788242862477,0.0
gtzan/gtzan_classical_00035/track.npy,gtzan,0.7666666666666667,0.643717811983978,0.643717811983978,0.643717811983978,0.47619047619047616,0.6190476190476191,0.47619047619047616,0.6190476190476191,0.7500000000000001,0.6260518905157453,0.6260518905157453,0.6260518905157453,0.5714285714285714,0.7142857142857143,0.5714285714285714,0.7142857142857143,69.0,0.0,0.0,0.10008345855698919,23.0,0.0,0.0,0.1823215567939549,0.0
gtzan/gtzan_classical_00036/track.npy,gtzan,0.42105263157894735,0.24410797486737448,0.24410797486737448,0.24410797486737448,0.47619047619047616,0.47619047619047616,0.47619047619047616,0.47619047619047616,0.20000000000000004,0.0556074600906387,0.09618580169490902,0.07589663089277386,0.4,0.4,0.4,0.4,20.0,0.0,0.0,0.12368560586120697,6.0,0.0,0.0,0.19869411427075062,0.0
gtzan/gtzan_classical_00037/track.npy,gtzan,0.1643835616438356,0.10884389944051136,0.11366571392681443,0.11125480668366289,0.0,0.0,0.0,0.0,0.10526315789473684,0.05915422004048777,0.09280780126792032,0.07598101065420404,0.0,0.0,0.5714285714285714,0.5714285714285714,22.0,0.0,0.0,0.15535248168865454,7.0,0.0,0.0,0.15105473638993883,0.0
gtzan/gtzan_classical_00038/track.npy,gtzan,0.18867924528301885,0.13399429943146735,0.1875211685529128,0.16075773399219007,0.0,0.0,0.0,0.0,0.0,1.3891408514961395e-145,0.07591244188984202,0.03795622094492101,0.0,0.0,0.42857142857142855,0.7142857142857143,27.0,0.0,0.0,0.16550068513644348,9.0,0.0,0.0,0.14269683868208022,0.0
gtzan/gtzan_classical_00039/track.npy,gtzan,0.09523809523809523,0.0823236554571328,0.14835940151368016,0.11534152848540648,0.0,0.0,0.2857142857142857,0.42857142857142855,0.0,1.7160238684667956e-29,2.6966089361621074e-29,2.2063164023144515e-29,0.0,0.0,0.75,0.75,17.0,0.0,0.0,0.13434087131826758,5.0,0.0,0.0,0.09637018539057163,0.0
gtzan/gtzan_classical_00040/track.npy,gtzan,0.1090909090909091,0.09153640702616282,0.1350601334316858,0.1132982702289243,0.0,0.0,0.05263157894736842,0.05263157894736842,0.0,0.012305772119486677,0.01722808096728135,0.014766926543384013,0.0,0.0,0.6,0.6,20.0,0.0,0.0,0.2478482335500863,7.0,0.0,0.0,0.18819512164648458,0.0
gtzan/gtzan_classical_00041/track.npy,gtzan,0.049999999999999996,0.05133391566858745,0.12219588839867754,0.08676490203363249,0.08695652173913043,0.08695652173913043,0.08695652173913043,0.08695652173913043,0.0,3.3270975608691413e-198,1.52888168060987e-21,7.64440840304935e-22,0.0,0.0,0.16666666666666666,0.3333333333333333,21.0,0.0,0.0,0.16624756593319528,7.0,0.0,0.0,0.12975279945452703,0.0
gtzan/gtzan_classical_00042/track.npy,gtzan,0.9135802469135802,0.6228289459043768,0.6228289459043768,0.6228289459043768,0.975609756097561,0.975609756097561,0.975609756097561,0.975609756097561,0.888888888888889,0.6165870918153143,0.6165870918153143,0.6165870918153143,0.9285714285714286,0.9285714285714286,0.9285714285714286,0.9285714285714286,48.0,0.0,0.0,0.06252035698133257,16.0,0.0,0.0,0.042307041839277776,0.0
gtzan/gtzan_classical_00043/track.npy,gtzan,0.792079207920792,0.5133056397769681,0.5133056397769681,0.5133056397769681,0.3333333333333333,0.803921568627451,0.3333333333333333,0.803921568627451,0.8799999999999999,0.5697173990778336,0.5697173990778336,0.5697173990778336,0.9230769230769231,0.9230769230769231,0.9230769230769231,0.9230769230769231,61.0,0.0,0.0,0.09531017980432399,15.0,0.0,0.0,0.11695805924038806,0.0
gtzan/gtzan_classical_00044/track.npy,gtzan,0.20408163265306123,0.15127863301928743,0.16680882648919673,0.15904372975424208,0.0,0.0,0.17647058823529413,0.29411764705882354,0.14285714285714285,0.1421446398846697,0.19900249583853757,0.17057356786160363,0.0,0.0,0.6,0.6,18.0,0.0,0.0,0.12922908503739589,6.0,0.0,0.0,0.12528904126931617,0.0
gtzan/gtzan_classical_00045/track.npy,gtzan,0.9113924050632911,0.7288538321437614,0.7288538321437614,0.7288538321437614,0.975,0.975,0.975,0.975,0.0,1.9090165294772193e-199,0.7199171088754633,0.35995855443773167,0.0,0.0,0.9,0.9,47.0,0.0,0.0,0.06252035698133758,12.0,0.0,0.0,0.04039031565657815,0.0
gtzan/gtzan_classical_00046/track.npy,gtzan,0.1951219512195122,0.1511373299029851,0.20410047660095523,0.17761890325197016,0.0,0.0,0.1724137931034483,0.3793103448275862,0.09090909090909091,0.05462912223341784,0.07884942495634345,0.06673927359488065,0.0,0.0,0.625,0.625,35.0,0.0,0.0,0.1026541540600829,9.0,0.0,0.0,0.07113025799152152,0.0
gtzan/gtzan_classical_00047/track.npy,gtzan,0.11764705882352941,0.11211595548276626,0.15580359501839988,0.13395977525058306,0.0,0.0,0.13333333333333333,0.13333333333333333,0.0,3.395511040638632e-18,2.1196098395334966e-15,1.0615026752870676e-15,0.0,0.0,0.0,0.0,18.0,0.0,0.0,0.0968968754424107,5.0,0.0,0.0,0.13668675913229048,0.0
gtzan/gtzan_classical_00048/track.npy,gtzan,0.2545454545454545,0.19577926816425265,0.29102323644097333,0.243401252302613,0.0,0.0,0.7368421052631579,0.7368421052631579,0.0,5.428927596068924e-23,1.9992820095001403e-15,9.996410318947082e-16,0.0,0.0,0.0,0.0,23.0,0.0,0.0,0.1160721712527541,8.0,0.0,0.0,0.10068331368858402,0.0
gtzan/gtzan_classical_00049/track.npy,gtzan,0.41304347826086957,0.2636838240883871,0.39843251399691615,0.3310581690426516,0.0,0.0,0.4918032786885246,0.5573770491803278,0.3478260869565218,0.20996330702916222,0.29707701133915493,0.2535201591841586,0.0,0.0,0.6666666666666666,0.6666666666666666,73.0,0.0,0.0,0.10008345855698492,18.0,0.0,0.0,0.05843681549109522,0.0
gtzan/gtzan_classical_00050/track.npy,gtzan,0.25,0.13474865326843558,0.1996276144748786,0.1671881338716571,0.0,0.0,0.7857142857142857,0.7857142857142857,0.0,2.3443083420696724e-107,4.004663478181403e-32,2.0023317390907014e-32,0.0,0.0,0.8,0.8,17.0,0.0,0.0,0.05849620668160923,6.0,0.0,0.0,0.09438220540930517,0.0
gtzan/gtzan_classical_00051/track.npy,gtzan,0.5066666666666666,0.40160085614792435,0.5632438710365256,0.482422363592225,0.021739130434782608,0.021739130434782608,0.6206896551724138,0.6206896551724138,0.3,0.29811819000620854,0.3722970430471794,0.33520761652669395,0.0,0.0,0.14285714285714285,0.14285714285714285,34.0,0.0,0.0,0.07049037702865577,11.0,0.0,0.0,0.03641120676707769,0.0
gtzan/gtzan_classical_00052/track.npy,gtzan,0.33333333333333337,0.22391506444678788,0.24507818540818327,0.23449662492748558,0.0,0.0,0.0,0.0,0.1111111111111111,0.0902885308713493,0.10927435232378756,0.09978144159756844,0.0,0.0,0.0,0.0,15.0,0.0,0.0,0.05236798551731643,5.0,0.0,0.0,0.016703366200523904,0.0
gtzan/gtzan_classical_00053/track.npy,gtzan,0.6518518518518519,0.5137175054181428,0.7705762480083521,0.6421468767132474,0.0,0.0,1.0,1.0,0.6222222222222223,0.5079943102501784,0.7619914653752676,0.634992887812723,0.0,0.0,1.0,1.0,55.0,0.0,0.0,0.07145896398214788,19.0,0.0,0.0,0.024216563781322708,0.0
gtzan/gtzan_classical_00054/track.npy,gtzan,0.8378378378378378,0.6197153512575807,0.6197153512575807,0.6197153512575807,0.8378378378378378,0.8378378378378378,0.8378378378378378,0.8378378378378378,0.7777777777777778,0.545193835705003,0.545193835705003,0.545193835705003,1.0,1.0,1.0,1.0,42.0,0.0,0.0,0.09502283792169659,10.0,0.0,0.0,0.26344870198245685,0.0
gtzan/gtzan_classical_00055/track.npy,gtzan,0.6956521739130435,0.43491316554721116,0.43491316554721116,0.43491316554721116,0.75,0.8333333333333334,0.75,0.8333333333333334,0.4705882352941177,0.20737343703200095,0.32048622086763784,0.2639298289498194,0.0,0.0,0.8333333333333334,0.8333333333333334,29.0,0.0,0.0,0.1100081455213852,8.0,0.0,0.0,0.056996674700857286,0.0
gtzan/gtzan_classical_00056/track.npy,gtzan,0.3225806451612903,0.2296344188976542,0.2932063047349112,0.2614203618162827,0.0,0.0,0.17391304347826086,0.17391304347826086,0.22222222222222224,0.2006236943301373,0.2006236943301373,0.2006236943301373,0.0,0.0,0.0,0.0,20.0,0.0,0.0,0.11466276896294335,5.0,0.0,0.0,0.16412627547625627,0.0
gtzan/gtzan_classical_00057/track.npy,gtzan,0.13559322033898305,0.10906314440183724,0.15686990407862933,0.13296652424023328,0.0,0.0,0.0,0.0,0.13333333333333333,0.1306931564409013,0.21782192740150216,0.17425754192120174,0.0,0.0,0.0,0.0,18.0,0.0,0.0,0.15929065625577377,5.0,0.0,0.0,0.17302247290450218,0.0
gtzan/gtzan_classical_00058/track.npy,gtzan,0.8571428571428571,0.632555438597051,0.632555438597051,0.632555438597051,0.9642857142857143,0.9642857142857143,0.9642857142857143,0.9642857142857143,0.8888888888888888,0.760353957414623,0.760353957414623,0.760353957414623,1.0,1.0,1.0,1.0,35.0,0.0,0.0,0.07620027368802205,12.0,0.0,0.0,0.1502946827543369,0.0
gtzan/gtzan_classical_00059/track.npy,gtzan,0.42424242424242425,0.39669298568941863,0.4876619528664231,0.4421774692779209,0.32,0.48,0.4,0.48,0.0,4.622595768375298e-08,0.31291394959051905,0.15645699790823836,0.46153846153846156,0.46153846153846156,0.46153846153846156,0.46153846153846156,59.0,0.0,0.0,0.11622962254757788,14.0,0.0,0.0,0.1441890495938734,0.0
gtzan/gtzan_classical_00060/track.npy,gtzan,0.6938775510204083,0.60988476715552,0.60988476715552,0.60988476715552,0.34,0.64,0.34,0.64,0.3333333333333333,0.30346151577014313,0.4065144674302733,0.3549879916002082,0.3333333333333333,0.3333333333333333,0.5,0.5,53.0,0.0,0.0,0.26678255536774054,13.0,0.0,0.0,0.3453220251709137,0.0
gtzan/gtzan_classical_00061/track.npy,gtzan,0.9375,0.7962477179704401,0.7962477179704401,0.7962477179704401,0.75,0.9375,0.75,0.9375,1.0,0.7899573953862541,0.7899573953862541,0.7899573953862541,1.0,1.0,1.0,1.0,76.0,0.0,0.0,0.10193042854228294,19.0,0.0,0.0,0.05077364513251474,0.0
gtzan/gtzan_classical_00062/track.npy,gtzan,0.449438202247191,0.30832514308186576,0.30832514308186576,0.30832514308186576,0.2,0.2,0.2,0.2,0.5833333333333334,0.3749722034334784,0.3749722034334784,0.3749722034334784,0.6666666666666666,0.9166666666666666,0.6666666666666666,0.9166666666666666,58.0,0.0,0.0,0.08428905095169775,14.0,0.0,0.0,0.133641985156503,0.0
gtzan/gtzan_classical_00063/track.npy,gtzan,0.3773584905660377,0.32759825693861383,0.32759825693861383,0.32759825693861383,0.0,0.0,0.1,0.1,0.15384615384615383,0.15341406944197614,0.2492978628432112,0.20135596614259366,0.0,0.0,0.0,0.0,17.0,0.0,0.0,0.11840604923974853,4.0,0.0,0.0,0.05496628194673975,0.0
gtzan/gtzan_classical_00064/track.npy,gtzan,0.42857142857142855,0.3669801821172801,0.5408128999623075,0.4538965410397938,0.0,0.0,0.47368421052631576,0.8421052631578947,0.5,0.39514625786854374,0.5644946540979195,0.47982045598323164,0.0,0.0,1.0,1.0,23.0,0.0,0.0,0.16941815195804566,8.0,0.0,0.0,0.21444928184448914,0.0
gtzan/gtzan_classical_00065/track.npy,gtzan,0.3908045977011494,0.33161967125524194,0.41215262083801846,0.3718861460466302,0.0,0.0,0.0,0.0,0.41379310344827586,0.35673748645665043,0.43105779613511924,0.39389764129588484,0.0,0.0,0.0,0.0,62.0,0.0,0.0,0.08338160893905235,21.0,0.0,0.0,0.0432486028386282,0.0
gtzan/gtzan_classical_00066/track.npy,gtzan,0.8073394495412846,0.6861095438814002,0.6861095438814002,0.6861095438814002,0.43636363636363634,0.9454545454545454,0.43636363636363634,0.9454545454545454,0.8571428571428571,0.7125357220588899,0.7125357220588899,0.7125357220588899,1.0,1.0,1.0,1.0,63.0,0.0,0.0,0.109199291964993,16.0,0.0,0.0,0.1691730605357108,0.0
gtzan/gtzan_classical_00067/track.npy,gtzan,0.7659574468085106,0.595342449905905,0.595342449905905,0.595342449905905,0.42857142857142855,0.6326530612244898,0.42857142857142855,0.6326530612244898,0.6086956521739131,0.5216951640521136,0.5216951640521136,0.5216951640521136,0.4166666666666667,0.4166666666666667,0.4166666666666667,0.4166666666666667,55.0,0.0,0.0,0.16094160509323405,14.0,0.0,0.0,0.261526882501246,0.0
gtzan/gtzan_classical_00068/track.npy,gtzan,0.6538461538461539,0.5696088895941688,0.8585409350403721,0.7140749123172705,0.0,0.0,0.9714285714285714,0.9714285714285714,0.3448275862068966,0.26304241355987357,0.40579102598578937,0.3344167197728315,0.0,0.0,0.0,0.0,41.0,0.0,0.0,0.08692300768927981,14.0,0.0,0.0,0.04131639415723429,0.0
gtzan/gtzan_classical_00069/track.npy,gtzan,0.5238095238095237,0.34076963311527214,0.5111544496729082,0.4259620413940902,0.0,0.0,1.0,1.0,0.0,4.683542304729868e-72,7.025313457094802e-72,5.854427880912334e-72,0.0,0.0,0.0,0.0,17.0,0.0,0.0,0.12507559670258678,6.0,0.0,0.0,0.10245195438154717,0.0
gtzan/gtzan_classical_00070/track.npy,gtzan,1.0,0.7718966095705716,0.7718966095705716,0.7718966095705716,1.0,1.0,1.0,1.0,1.0,0.7926420381012175,0.7926420381012175,0.7926420381012175,1.0,1.0,1.0,1.0,80.0,0.0,0.0,0.10624028357569132,27.0,0.0,0.0,0.05406722127027588,0.0
gtzan/gtzan_classical_00071/track.npy,gtzan,0.7272727272727274,0.6138494689565431,0.6138494689565431,0.6138494689565431,0.5689655172413793,0.5689655172413793,0.5689655172413793,0.5689655172413793,0.5789473684210527,0.4945259382475861,0.4945259382475861,0.4945259382475861,0.65,0.65,0.65,0.65,64.0,0.0,0.0,0.13292286584351518,22.0,0.0,0.0,0.14387972645841426,0.0
gtzan/gtzan_classical_00072/track.npy,gtzan,0.75,0.5396492139000008,0.5396492139000008,0.5396492139000008,0.5,0.8541666666666666,0.5,0.8541666666666666,0.75,0.4976229443044413,0.4976229443044413,0.4976229443044413,1.0,1.0,1.0,1.0,58.0,0.0,0.0,0.08004270767353472,14.0,0.0,0.0,0.03374803118403904,0.0
gtzan/gtzan_classical_00073/track.npy,gtzan,0.8888888888888888,0.7228166357485685,0.7228166357485685,0.7228166357485685,0.6851851851851852,0.9629629629629629,0.6851851851851852,0.9629629629629629,0.8333333333333334,0.7052702965401904,0.7052702965401904,0.7052702965401904,1.0,1.0,1.0,1.0,65.0,0.0,0.0,0.08004270767353472,22.0,0.0,0.0,0.0700593341578204,0.0
gtzan/gtzan_classical_00074/track.npy,gtzan,0.7883211678832117,0.6367099612585654,0.6367099612585654,0.6367099612585654,0.4,0.7571428571428571,0.4,0.7571428571428571,0.17142857142857143,0.16546398538170226,0.3414998102555882,0.2534818978186452,0.2222222222222222,0.2222222222222222,0.5555555555555556,0.5555555555555556,83.0,0.0,0.0,0.11122563511023142,21.0,0.0,0.0,0.1203254571451425,0.0
gtzan/gtzan_classical_00075/track.npy,gtzan,0.3235294117647059,0.21670960164226508,0.327447872969686,0.27207873730597554,0.0,0.0,0.4782608695652174,0.6956521739130435,0.10526315789473685,0.03707437128485755,0.05413893583218905,0.0456066535585233,0.0,0.0,0.2857142857142857,0.2857142857142857,26.0,0.0,0.0,0.12156533907846176,9.0,0.0,0.0,0.11189213028746403,0.0
gtzan/gtzan_classical_00076/track.npy,gtzan,0.9577464788732395,0.7517235698916619,0.7517235698916619,0.7517235698916619,0.6388888888888888,0.8888888888888888,0.6388888888888888,0.8888888888888888,0.8571428571428571,0.7283664931846876,0.7283664931846876,0.7283664931846876,0.9444444444444444,0.9444444444444444,0.9444444444444444,0.9444444444444444,77.0,0.0,0.0,0.11778303565638115,19.0,0.0,0.0,0.1857386415911889,0.0
gtzan/gtzan_classical_00077/track.npy,gtzan,0.29090909090909095,0.17736635856626684,0.17736635856626684,0.17736635856626684,0.0,0.0,0.21052631578947367,0.21052631578947367,0.4,0.1984868440631395,0.29773026609470926,0.24810855507892438,0.0,0.0,0.4,0.4,19.0,0.0,0.0,0.17137983593088893,6.0,0.0,0.0,0.2583918167937286,0.0
gtzan/gtzan_classical_00078/track.npy,gtzan,0.7777777777777778,0.5663690512623495,0.5663690512623495,0.5663690512623495,0.9629629629629629,0.9629629629629629,0.9629629629629629,0.9629629629629629,0.5714285714285714,0.46089611748142223,0.46089611748142223,0.46089611748142223,1.0,1.0,1.0,1.0,33.0,0.0,0.0,0.12452213987318397,9.0,0.0,0.0,0.0992122624778055,0.0
gtzan/gtzan_classical_00079/track.npy,gtzan,0.2857142857142857,0.2814812669061034,0.2814812669061034,0.2814812669061034,0.0,0.0,0.05,0.05,0.5000000000000001,0.49057002350011497,0.713556397818349,0.602063210659232,0.0,0.0,0.8333333333333334,0.8333333333333334,18.0,0.0,0.0,0.18754822799878257,6.0,0.0,0.0,0.1529891075003552,0.0
gtzan/gtzan_classical_00080/track.npy,gtzan,0.31250000000000006,0.22614762638763353,0.31464017584366394,0.27039390111564876,0.0,0.0,0.2857142857142857,0.2857142857142857,0.0,7.05442886597153e-40,1.0956571491004226e-24,5.4782857455021165e-25,0.0,0.0,0.2,0.4,16.0,0.0,0.0,0.1032933824618438,6.0,0.0,0.0,0.09583148076255563,0.0
gtzan/gtzan_classical_00081/track.npy,gtzan,0.3636363636363636,0.28945547836834895,0.3998449106609134,0.3446501945146312,0.0,0.0,0.0,0.0,0.0,0.012970650035822043,0.02004555005536134,0.01650810004559169,0.0,0.0,0.0,0.0,21.0,0.0,0.0,0.1324234403493947,6.0,0.0,0.0,0.1593856699517348,0.0
gtzan/gtzan_classical_00082/track.npy,gtzan,0.8571428571428571,0.6787258828231748,0.6787258828231748,0.6787258828231748,0.5434782608695652,0.8695652173913043,0.5434782608695652,0.8695652173913043,0.0,7.69373752297592e-37,0.4080352176705485,0.20401760883527426,0.0,0.0,0.6363636363636364,0.6363636363636364,55.0,0.0,0.0,0.07410797215372297,13.0,0.0,0.0,0.08099043294813102,0.0
gtzan/gtzan_classical_00083/track.npy,gtzan,0.24,0.20180060092801902,0.24887776711686907,0.22533918402244404,0.0,0.0,0.6470588235294118,0.6470588235294118,0.14285714285714285,0.12910101112474132,0.2008237950829309,0.1649624031038361,0.0,0.0,0.4,0.4,20.0,0.0,0.0,0.12804484628011759,7.0,0.0,0.0,0.16682384128769215,0.0
gtzan/gtzan_classical_00084/track.npy,gtzan,0.26666666666666666,0.25496193926038396,0.2606730833055377,0.2578175112829608,0.0,0.0,0.0,0.0,0.13333333333333333,0.11169145617540922,0.12134989515105683,0.11652067566323303,0.0,0.0,0.0,0.0,18.0,0.0,0.0,0.13001891238385246,4.0,0.0,0.0,0.03742162720490448,0.0
gtzan/gtzan_classical_00085/track.npy,gtzan,0.5538461538461539,0.4554820682781414,0.5674160515327503,0.5114490599054459,0.0,0.0,0.5652173913043478,0.5652173913043478,0.11764705882352942,0.07135654820148464,0.1102783017659308,0.09081742498370772,0.0,0.0,0.5,0.5,22.0,0.0,0.0,0.10591679754998919,7.0,0.0,0.0,0.22294622656116536,0.0
gtzan/gtzan_classical_00086/track.npy,gtzan,1.0,0.8629829682547419,0.8629829682547419,0.8629829682547419,1.0,1.0,1.0,1.0,0.0,5.9667271600767844e-43,7.048593807634911e-42,3.8226332618212945e-42,0.0,0.0,0.0,0.0,51.0,0.0,0.0,0.06899287148695096,13.0,0.0,0.0,0.04154589793322633,0.0
gtzan/gtzan_classical_00087/track.npy,gtzan,0.25,0.193120512000273,0.21849972122022332,0.20581011661024817,0.08,0.08,0.2,0.2,0.3333333333333333,0.23406588099817616,0.35109882149726424,0.2925823512477202,0.0,0.0,0.75,0.75,18.0,0.0,0.0,0.2462051845965919,5.0,0.0,0.0,0.03621095552364206,0.0
gtzan/gtzan_classical_00088/track.npy,gtzan,0.9772727272727273,0.8352196440184886,0.8352196440184886,0.8352196440184886,1.0,1.0,1.0,1.0,1.0,0.8747587092430164,0.8747587092430164,0.8747587092430164,1.0,1.0,1.0,1.0,52.0,0.0,0.0,0.07145896398214346,13.0,0.0,0.0,0.030879783446715825,0.0
gtzan/gtzan_classical_00089/track.npy,gtzan,0.926829268292683,0.7860886430684636,0.7860886430684636,0.7860886430684636,1.0,1.0,1.0,1.0,1.0,0.8171005905976528,0.8171005905976528,0.8171005905976528,1.0,1.0,1.0,1.0,49.0,0.0,0.0,0.06604551849034213,12.0,0.0,0.0,0.03220880272936222,0.0
gtzan/gtzan_classical_00090/track.npy,gtzan,0.0,1.988126221300077e-20,0.299058226244263,0.1495291131221315,0.0,0.0,0.9047619047619048,0.9047619047619048,0.0,2.9775412291649215e-27,4.168509664869103e-27,3.573025447017012e-27,1.0,1.0,1.0,1.0,25.0,0.0,0.0,0.05218575317056909,8.0,0.0,0.0,0.03448617607116983,0.0
gtzan/gtzan_classical_00091/track.npy,gtzan,0.8108108108108109,0.6474498857077519,0.6474498857077519,0.6474498857077519,0.7837837837837838,0.8108108108108109,0.7837837837837838,0.8108108108108109,0.8000000000000002,0.661381520982832,0.661381520982832,0.661381520982832,1.0,1.0,1.0,1.0,45.0,0.0,0.0,0.1165407836565275,12.0,0.0,0.0,0.1292670141711235,0.0
gtzan/gtzan_classical_00092/track.npy,gtzan,0.44943820224719105,0.2779663249677361,0.35760269395010325,0.3177845094589197,0.0,0.0,0.3870967741935484,0.7096774193548387,0.3478260869565218,0.1677709032163118,0.1677709032163118,0.1677709032163118,0.0,0.0,0.5,0.5,36.0,0.0,0.0,0.12915774424391982,9.0,0.0,0.0,0.09429024202617382,0.0
gtzan/gtzan_classical_00093/track.npy,gtzan,0.7333333333333333,0.6394884499615278,0.6394884499615278,0.6394884499615278,0.3387096774193548,0.6612903225806451,0.3387096774193548,0.6612903225806451,0.3333333333333333,0.3233241268199457,0.46571640210157506,0.3945202644607604,0.3125,0.3125,0.3125,0.3125,74.0,0.0,0.0,0.11095064965717702,19.0,0.0,0.0,0.24492115034089523,0.0
gtzan/gtzan_classical_00094/track.npy,gtzan,0.35294117647058826,0.2699263226836548,0.4048894840254822,0.3374079033545685,0.0,0.0,0.4117647058823529,0.7647058823529411,0.25000000000000006,0.2079599088522528,0.33273585416360446,0.27034788150792866,0.0,0.0,1.0,1.0,21.0,0.0,0.0,0.203508620242041,7.0,0.0,0.0,0.24985543024402154,0.0
gtzan/gtzan_classical_00095/track.npy,gtzan,0.14545454545454545,0.09791248131598959,0.12185848278571476,0.10988548205085218,0.09090909090909091,0.12121212121212122,0.13636363636363635,0.13636363636363635,0.26666666666666666,0.19485266938655352,0.24940790658245435,0.22213028798450393,0.375,0.75,0.375,0.75,26.0,0.0,0.0,0.09108812341359858,9.0,0.0,0.0,0.04004550359110224,0.0
gtzan/gtzan_classical_00096/track.npy,gtzan,0.6890756302521008,0.4945098673852595,0.4945098673852595,0.4945098673852595,0.30158730158730157,0.5396825396825397,0.30158730158730157,0.5396825396825397,0.47058823529411764,0.338564876235226,0.338564876235226,0.338564876235226,0.3684210526315789,0.3684210526315789,0.3684210526315789,0.3684210526315789,76.0,0.0,0.0,0.12547565300796573,19.0,0.0,0.0,0.13179615169663,0.0
gtzan/gtzan_classical_00097/track.npy,gtzan,0.23728813559322032,0.18124420856781676,0.18124420856781676,0.18124420856781676,0.0,0.0,0.0,0.0,0.14814814814814814,0.09556128908113146,0.1612596753244093,0.12841048220277038,0.0,0.0,0.0,0.0,19.0,0.0,0.0,0.13659482572199738,6.0,0.0,0.0,0.10693358218169824,0.0
gtzan/gtzan_classical_00098/track.npy,gtzan,1.0,0.8706629373039163,0.8706629373039163,0.8706629373039163,1.0,1.0,1.0,1.0,0.0,1.9111231170392847e-199,0.851254153879388,0.425627076939694,0.0,0.0,0.9,0.9,48.0,0.0,0.0,0.06453852113757189,12.0,0.0,0.0,0.04999085136791943,0.0
gtzan/gtzan_classical_00099/track.npy,gtzan,0.6857142857142857,0.5911770871219834,0.5911770871219834,0.5911770871219834,0.7428571428571429,0.7428571428571429,0.7428571428571429,0.7428571428571429,0.7058823529411765,0.6169259217998379,0.6169259217998379,0.6169259217998379,0.8888888888888888,0.8888888888888888,0.8888888888888888,0.8888888888888888,39.0,0.0,0.0,0.11441035117774673,10.0,0.0,0.0,0.34677990279118537,0.0
gtzan/gtzan_country_00000/track.npy,gtzan,0.9577464788732395,0.8973989666163856,0.8973989666163856,0.8973989666163856,0.9444444444444444,0.9444444444444444,0.9444444444444444,0.9444444444444444,1.0,0.8437730197047044,0.8437730197047044,0.8437730197047044,1.0,1.0,1.0,1.0,42.0,0.0,0.0,0.058412398059803354,11.0,0.0,0.0,0.029417465814487002,0.0
gtzan/gtzan_country_00001/track.npy,gtzan,0.9814814814814815,0.8657921489092627,0.8657921489092627,0.8657921489092627,1.0,1.0,1.0,1.0,0.9230769230769231,0.8772380641005536,0.8772380641005536,0.8772380641005536,1.0,1.0,1.0,1.0,65.0,0.0,0.0,0.04445176257083282,16.0,0.0,0.0,0.03208831455150174,0.0
gtzan/gtzan_country_00002/track.npy,gtzan,0.9927007299270074,0.9473208251086053,0.9473208251086053,0.9473208251086053,0.9855072463768116,0.9855072463768116,0.9855072463768116,0.9855072463768116,1.0,0.9637333961175758,0.9637333961175758,0.9637333961175758,1.0,1.0,1.0,1.0,82.0,0.0,0.0,0.05406722127028396,20.0,0.0,0.0,0.02739897418811632,0.0
gtzan/gtzan_country_00003/track.npy,gtzan,0.9850746268656716,0.9453589150346756,0.9453589150346756,0.9453589150346756,0.9705882352941176,0.9705882352941176,0.9705882352941176,0.9705882352941176,1.0,0.9638574892583439,0.9638574892583439,0.9638574892583439,1.0,1.0,1.0,1.0,40.0,0.0,0.0,0.026668247082165475,10.0,0.0,0.0,0.01095054324029264,0.0
gtzan/gtzan_country_00004/track.npy,gtzan,1.0,0.915682485942507,0.915682485942507,0.915682485942507,1.0,1.0,1.0,1.0,1.0,0.8714044723812562,0.8714044723812562,0.8714044723812562,1.0,1.0,1.0,1.0,59.0,0.0,0.0,0.03922071315328468,15.0,0.0,0.0,0.019608471388376337,0.0
gtzan/gtzan_country_00005/track.npy,gtzan,1.0,0.8904050745824492,0.8904050745824492,0.8904050745824492,1.0,1.0,1.0,1.0,1.0,0.8949465998915253,0.8949465998915253,0.8949465998915253,1.0,1.0,1.0,1.0,66.0,0.0,0.0,0.08701137698963152,16.0,0.0,0.0,0.03315220731689983,0.0
gtzan/gtzan_country_00006/track.npy,gtzan,0.9787234042553191,0.9310993363688665,0.9310993363688665,0.9310993363688665,1.0,1.0,1.0,1.0,1.0,0.9177215659050733,0.9177215659050733,0.9177215659050733,1.0,1.0,1.0,1.0,57.0,0.0,0.0,0.07410797215372356,14.0,0.0,0.0,0.018519047767237944,0.0
gtzan/gtzan_country_00007/track.npy,gtzan,0.634920634920635,0.557611023029617,0.8078140253879847,0.6827125242088008,0.0,0.0,0.9523809523809523,0.9523809523809523,0.5882352941176471,0.5215378339056967,0.7571618965355671,0.639349865220632,0.0,0.0,1.0,1.0,51.0,0.0,0.0,0.0689928714869561,13.0,0.0,0.0,0.021133683149031468,0.0
gtzan/gtzan_country_00008/track.npy,gtzan,0.7761194029850746,0.6396057600873346,0.6396057600873346,0.6396057600873346,0.46153846153846156,0.46153846153846156,0.46153846153846156,0.46153846153846156,0.8235294117647058,0.552067669776447,0.552067669776447,0.552067669776447,0.5,0.5,0.5,0.5,44.0,0.0,0.0,0.09077375814492408,11.0,0.0,0.0,0.4174092795886193,0.0
gtzan/gtzan_country_00009/track.npy,gtzan,1.0,0.9724755424701308,0.9724755424701308,0.9724755424701308,1.0,1.0,1.0,1.0,1.0,0.9793659942779829,0.9793659942779829,0.9793659942779829,1.0,1.0,1.0,1.0,49.0,0.0,0.0,0.05501391164319852,12.0,0.0,0.0,0.008067942891709663,0.0
gtzan/gtzan_country_00010/track.npy,gtzan,0.9846153846153847,0.9209625948885054,0.9209625948885054,0.9209625948885054,0.9696969696969697,0.9696969696969697,0.9696969696969697,0.9696969696969697,0.0,1.0651982352503562e-295,0.8988403760835336,0.4494201880417668,0.0,0.0,0.875,0.875,40.0,0.0,0.0,0.05406722127027551,10.0,0.0,0.0,0.011007940917930954,0.0
gtzan/gtzan_country_00011/track.npy,gtzan,0.9787234042553191,0.887691476292566,0.887691476292566,0.887691476292566,0.9583333333333334,0.9583333333333334,0.9583333333333334,0.9583333333333334,1.0,0.8796618600221269,0.8796618600221269,0.8796618600221269,1.0,1.0,1.0,1.0,57.0,0.0,0.0,0.07696104113612678,14.0,0.0,0.0,0.028170876966696956,0.0
gtzan/gtzan_country_00012/track.npy,gtzan,0.9178082191780822,0.7540321701425966,0.7540321701425966,0.7540321701425966,0.8493150684931506,0.8904109589041096,0.8493150684931506,0.8904109589041096,0.8888888888888888,0.7695932851422153,0.7695932851422153,0.7695932851422153,1.0,1.0,1.0,1.0,88.0,0.0,0.0,0.11778303565638903,22.0,0.0,0.0,0.029413885206292806,0.0
gtzan/gtzan_country_00013/track.npy,gtzan,1.0,0.9470208837642718,0.9470208837642718,0.9470208837642718,1.0,1.0,1.0,1.0,1.0,0.9274470617862774,0.9274470617862774,0.9274470617862774,1.0,1.0,1.0,1.0,64.0,0.0,0.0,0.04255961441880263,16.0,0.0,0.0,0.03553251895105624,0.0
gtzan/gtzan_country_00014/track.npy,gtzan,1.0,0.8462735262175191,0.8462735262175191,0.8462735262175191,1.0,1.0,1.0,1.0,1.0,0.8316894236164416,0.8316894236164416,0.8316894236164416,1.0,1.0,1.0,1.0,69.0,0.0,0.0,0.048109119609070994,17.0,0.0,0.0,0.02668547091135449,0.0
gtzan/gtzan_country_00015/track.npy,gtzan,0.9193548387096774,0.7698525215899219,0.7698525215899219,0.7698525215899219,0.8225806451612904,0.9193548387096774,0.8225806451612904,0.9193548387096774,0.9375,0.7531651697088938,0.7531651697088938,0.7531651697088938,1.0,1.0,1.0,1.0,74.0,0.0,0.0,0.10008345855698497,19.0,0.0,0.0,0.044457796642445445,0.0
gtzan/gtzan_country_00016/track.npy,gtzan,0.6716417910447761,0.627832647249175,0.9347730508006323,0.7813028490249037,0.0,0.0,1.0,1.0,0.0,1.5487404109978305e-41,0.6460068950226384,0.3230034475113192,0.0,0.0,0.0,0.0,54.0,0.0,0.0,0.07145896398214968,13.0,0.0,0.0,0.01785761740000602,0.0
gtzan/gtzan_country_00017/track.npy,gtzan,0.9931972789115647,0.7191278414658103,0.7191278414658103,0.7191278414658103,0.8378378378378378,0.9054054054054054,0.8378378378378378,0.9054054054054054,1.0,0.7361509448123323,0.7361509448123323,0.7361509448123323,1.0,1.0,1.0,1.0,88.0,0.0,0.0,0.11778303565638115,22.0,0.0,0.0,0.015523708339545922,0.0
gtzan/gtzan_country_00018/track.npy,gtzan,1.0,0.9397912624745737,0.9397912624745737,0.9397912624745737,1.0,1.0,1.0,1.0,0.972972972972973,0.9181599379963007,0.9181599379963007,0.9181599379963007,0.9473684210526315,0.9473684210526315,0.9473684210526315,0.9473684210526315,87.0,0.0,0.0,0.11122563511023142,21.0,0.0,0.0,0.030096297465491566,0.0
gtzan/gtzan_country_00019/track.npy,gtzan,1.0,0.9105039489647948,0.9105039489647948,0.9105039489647948,1.0,1.0,1.0,1.0,1.0,0.8595315795061,0.8595315795061,0.8595315795061,1.0,1.0,1.0,1.0,43.0,0.0,0.0,0.08701137698962924,10.0,0.0,0.0,0.03499604786576027,0.0
gtzan/gtzan_country_00020/track.npy,gtzan,1.0,0.9559575939494938,0.9559575939494938,0.9559575939494938,1.0,1.0,1.0,1.0,1.0,0.9662288784945496,0.9662288784945496,0.9662288784945496,1.0,1.0,1.0,1.0,52.0,0.0,0.0,0.06899287148694377,13.0,0.0,0.0,0.017241806434504903,0.0
gtzan/gtzan_country_00021/track.npy,gtzan,0.9662921348314608,0.8354773741068457,0.8354773741068457,0.8354773741068457,0.9777777777777777,0.9777777777777777,0.9777777777777777,0.9777777777777777,1.0,0.8574695500221803,0.8574695500221803,0.8574695500221803,1.0,1.0,1.0,1.0,54.0,0.0,0.0,0.07145896398214803,13.0,0.0,0.0,0.009132483563272342,0.0
gtzan/gtzan_country_00022/track.npy,gtzan,0.9615384615384616,0.793002097336327,0.793002097336327,0.793002097336327,1.0,1.0,1.0,1.0,1.0,0.7088245548949184,0.7088245548949184,0.7088245548949184,1.0,1.0,1.0,1.0,31.0,0.0,0.0,0.04133241564844211,8.0,0.0,0.0,0.03999222963397159,0.0
gtzan/gtzan_country_00023/track.npy,gtzan,1.0,0.792976310854035,0.792976310854035,0.792976310854035,1.0,1.0,1.0,1.0,1.0,0.7102738849214321,0.7102738849214321,0.7102738849214321,1.0,1.0,1.0,1.0,42.0,0.0,0.0,0.05414235276450593,11.0,0.0,0.0,0.044923587573509706,0.0
gtzan/gtzan_country_00024/track.npy,gtzan,0.9906542056074767,0.9097718075600345,0.9097718075600345,0.9097718075600345,0.9814814814814815,0.9814814814814815,0.9814814814814815,0.9814814814814815,0.962962962962963,0.8950290454140999,0.8950290454140999,0.8950290454140999,0.9285714285714286,0.9285714285714286,0.9285714285714286,0.9285714285714286,64.0,0.0,0.0,0.08701137698962969,16.0,0.0,0.0,0.021357480818073253,0.0
gtzan/gtzan_country_00025/track.npy,gtzan,0.9333333333333333,0.8299453582753179,0.8299453582753179,0.8299453582753179,0.8333333333333334,0.9666666666666667,0.8333333333333334,0.9666666666666667,1.0,0.8602959291408422,0.8602959291408422,0.8602959291408422,1.0,1.0,1.0,1.0,36.0,0.0,0.0,0.04879016416943113,9.0,0.0,0.0,0.05312292871164929,0.0
gtzan/gtzan_country_00026/track.npy,gtzan,1.0,0.773765346017558,0.773765346017558,0.773765346017558,1.0,1.0,1.0,1.0,1.0,0.8099603868034418,0.8099603868034418,0.8099603868034418,1.0,1.0,1.0,1.0,54.0,0.0,0.0,0.07145896398214968,14.0,0.0,0.0,0.017930017046209074,0.0
gtzan/gtzan_country_00027/track.npy,gtzan,1.0,0.9151892131747618,0.9151892131747618,0.9151892131747618,1.0,1.0,1.0,1.0,0.0,4.688156374362231e-218,0.9011617598440533,0.45058087992202667,0.0,0.0,0.9,0.9,47.0,0.0,0.0,0.05636602524798031,12.0,0.0,0.0,0.024087023264794876,0.0
gtzan/gtzan_country_00028/track.npy,gtzan,1.0,0.9337945611145093,0.9337945611145093,0.9337945611145093,1.0,1.0,1.0,1.0,1.0,0.8991971252956243,0.8991971252956243,0.8991971252956243,1.0,1.0,1.0,1.0,45.0,0.0,0.0,0.08456227498879954,11.0,0.0,0.0,0.027103463842270335,0.0
gtzan/gtzan_country_00029/track.npy,gtzan,0.868421052631579,0.6452291522018385,0.6452291522018385,0.6452291522018385,0.9736842105263158,0.9736842105263158,0.9736842105263158,0.9736842105263158,0.9,0.7354243811151817,0.7354243811151817,0.7354243811151817,1.0,1.0,1.0,1.0,46.0,0.0,0.0,0.060624621816436325,12.0,0.0,0.0,0.014987375148000975,0.0
gtzan/gtzan_country_00030/track.npy,gtzan,1.0,0.9041523969204529,0.9041523969204529,0.9041523969204529,1.0,1.0,1.0,1.0,1.0,0.8491311049612136,0.8491311049612136,0.8491311049612136,1.0,1.0,1.0,1.0,39.0,0.0,0.0,0.05264373348542556,10.0,0.0,0.0,0.02419652525582174,0.0
gtzan/gtzan_country_00031/track.npy,gtzan,1.0,0.9462175757801365,0.9462175757801365,0.9462175757801365,1.0,1.0,1.0,1.0,1.0,0.9380616498985096,0.9380616498985096,0.9380616498985096,1.0,1.0,1.0,1.0,55.0,0.0,0.0,0.07410797215372678,13.0,0.0,0.0,0.00930239266231253,0.0
gtzan/gtzan_country_00032/track.npy,gtzan,1.0,0.9090027329412727,0.9090027329412727,0.9090027329412727,1.0,1.0,1.0,1.0,1.0,0.8923020188888933,0.8923020188888933,0.8923020188888933,1.0,1.0,1.0,1.0,49.0,0.0,0.0,0.06453852113757033,17.0,0.0,0.0,0.02197890671877408,0.0
gtzan/gtzan_country_00033/track.npy,gtzan,1.0,0.950542324574461,0.950542324574461,0.950542324574461,1.0,1.0,1.0,1.0,1.0,0.9541634432498552,0.9541634432498552,0.9541634432498552,1.0,1.0,1.0,1.0,46.0,0.0,0.0,0.05614667734398154,12.0,0.0,0.0,0.015151805020601872,0.0
gtzan/gtzan_country_00034/track.npy,gtzan,0.631578947368421,0.499543321378463,0.7452745708789462,0.6224089461287046,0.0,0.0,0.9473684210526315,0.9473684210526315,0.6666666666666666,0.516740661953808,0.7751109929307118,0.6459258274422599,0.0,0.0,1.0,1.0,69.0,0.0,0.0,0.09097177820572214,17.0,0.0,0.0,0.033522692038641375,0.0
gtzan/gtzan_country_00035/track.npy,gtzan,0.512,0.19381866685669036,0.2918911567625877,0.24285491180963903,0.0,0.0,0.9761904761904762,0.9761904761904762,0.5161290322580645,0.18890616069832372,0.2928045490824018,0.24085535489036275,0.0,0.0,1.0,1.0,49.0,0.0,0.0,0.06669137449867538,12.0,0.0,0.0,0.016529301951211068,0.0
gtzan/gtzan_country_00036/track.npy,gtzan,0.676056338028169,0.6011410129365269,0.889187748301946,0.7451643806192365,0.0,0.0,1.0,1.0,0.6666666666666666,0.5614569652164085,0.8421854478246128,0.7018212065205107,0.0,0.0,1.0,1.0,29.0,0.0,0.0,0.08691755022962978,7.0,0.0,0.0,0.036955377575104274,0.0
gtzan/gtzan_country_00037/track.npy,gtzan,1.0,0.8862117251239522,0.8862117251239522,0.8862117251239522,1.0,1.0,1.0,1.0,1.0,0.8647636804478072,0.8647636804478072,0.8647636804478072,1.0,1.0,1.0,1.0,49.0,0.0,0.0,0.05501391164319355,16.0,0.0,0.0,0.03630271841845784,0.0
gtzan/gtzan_country_00038/track.npy,gtzan,0.9922480620155039,0.9177128722791618,0.9177128722791618,0.9177128722791618,0.9846153846153847,0.9846153846153847,0.9846153846153847,0.9846153846153847,1.0,0.9533259873136797,0.9533259873136797,0.9533259873136797,1.0,1.0,1.0,1.0,78.0,0.0,0.0,0.051293294387558364,20.0,0.0,0.0,0.025642430613337097,0.0
gtzan/gtzan_country_00039/track.npy,gtzan,0.6950354609929078,0.594834257627611,0.594834257627611,0.594834257627611,0.23376623376623376,0.45454545454545453,0.23376623376623376,0.45454545454545453,0.45714285714285713,0.3698734912426091,0.3698734912426091,0.3698734912426091,0.3684210526315789,0.3684210526315789,0.3684210526315789,0.3684210526315789,72.0,0.0,0.0,0.11778303565638115,18.0,0.0,0.0,0.18563312874514168,0.0
gtzan/gtzan_country_00040/track.npy,gtzan,0.94017094017094,0.5163523176912534,0.5163523176912534,0.5163523176912534,0.9830508474576272,0.9830508474576272,0.9830508474576272,0.9830508474576272,0.9285714285714286,0.5102980961259787,0.5102980961259787,0.5102980961259787,1.0,1.0,1.0,1.0,70.0,0.0,0.0,0.07902817433211287,17.0,0.0,0.0,0.04706751085798557,0.0
gtzan/gtzan_country_00041/track.npy,gtzan,1.0,0.9181243191824003,0.9181243191824003,0.9181243191824003,1.0,1.0,1.0,1.0,1.0,0.9262390204435594,0.9262390204435594,0.9262390204435594,1.0,1.0,1.0,1.0,66.0,0.0,0.0,0.08701137698962957,16.0,0.0,0.0,0.021823608665236645,0.0
gtzan/gtzan_country_00042/track.npy,gtzan,0.3137254901960785,0.28353266015900624,0.3912111033635742,0.3373718817612902,0.0,0.0,0.0,0.0,0.32,0.3102458734779486,0.38523471651508334,0.34774029499651593,0.0,0.0,0.0,0.0,19.0,0.0,0.0,0.1668498950262937,5.0,0.0,0.0,0.1831740713678066,0.0
gtzan/gtzan_country_00043/track.npy,gtzan,0.896551724137931,0.5908978544536894,0.5908978544536894,0.5908978544536894,0.9310344827586207,0.9482758620689655,0.9310344827586207,0.9482758620689655,0.9285714285714286,0.5865867025495621,0.5865867025495621,0.5865867025495621,1.0,1.0,1.0,1.0,69.0,0.0,0.0,0.048790164169438446,17.0,0.0,0.0,0.03851992855835707,0.0
gtzan/gtzan_country_00044/track.npy,gtzan,0.9846153846153847,0.9198489787600321,0.9198489787600321,0.9198489787600321,0.9696969696969697,0.9696969696969697,0.9696969696969697,0.9696969696969697,1.0,0.9024055788616621,0.9024055788616621,0.9024055788616621,1.0,1.0,1.0,1.0,39.0,0.0,0.0,0.052928431042391526,10.0,0.0,0.0,0.02631730831737361,0.0
gtzan/gtzan_country_00045/track.npy,gtzan,0.9696969696969697,0.9409760179093432,0.9409760179093432,0.9409760179093432,0.9696969696969697,0.9696969696969697,0.9696969696969697,0.9696969696969697,0.8888888888888888,0.8553148258797431,0.8553148258797431,0.8553148258797431,1.0,1.0,1.0,1.0,40.0,0.0,0.0,0.05264373348541618,10.0,0.0,0.0,0.010776991376197916,0.0
gtzan/gtzan_country_00046/track.npy,gtzan,0.9923664122137404,0.9543435057744283,0.9543435057744283,0.9543435057744283,0.9848484848484849,0.9848484848484849,0.9848484848484849,0.9848484848484849,1.0,0.9657253519099955,0.9657253519099955,0.9657253519099955,1.0,1.0,1.0,1.0,79.0,0.0,0.0,0.105360515657833,20.0,0.0,0.0,0.026317308317372917,0.0
gtzan/gtzan_country_00047/track.npy,gtzan,1.0,0.8906775127738308,0.8906775127738308,0.8906775127738308,1.0,1.0,1.0,1.0,1.0,0.9102651760230743,0.9102651760230743,0.9102651760230743,1.0,1.0,1.0,1.0,75.0,0.0,0.0,0.10008345855698919,18.0,0.0,0.0,0.027954469934741696,0.0
gtzan/gtzan_country_00048/track.npy,gtzan,0.9696969696969697,0.6944610782017824,0.6944610782017824,0.6944610782017824,0.98,0.98,0.98,0.98,0.9166666666666666,0.6685580153778243,0.6685580153778243,0.6685580153778243,1.0,1.0,1.0,1.0,60.0,0.0,0.0,0.0800427076735365,15.0,0.0,0.0,0.03325051464138061,0.0
gtzan/gtzan_country_00049/track.npy,gtzan,1.0,0.9093684200609323,0.9093684200609323,0.9093684200609323,1.0,1.0,1.0,1.0,1.0,0.9277204790556236,0.9277204790556236,0.9277204790556236,1.0,1.0,1.0,1.0,57.0,0.0,0.0,0.076961041136131,14.0,0.0,0.0,0.02315340186889431,0.0
gtzan/gtzan_country_00050/track.npy,gtzan,1.0,0.9758319998336793,0.9758319998336793,0.9758319998336793,1.0,1.0,1.0,1.0,1.0,0.9786121863383684,0.9786121863383684,0.9786121863383684,1.0,1.0,1.0,1.0,60.0,0.0,0.0,0.039220713153287345,15.0,0.0,0.0,0.009891510207075016,0.0
gtzan/gtzan_country_00051/track.npy,gtzan,1.0,0.963682210535918,0.963682210535918,0.963682210535918,1.0,1.0,1.0,1.0,1.0,0.9829742659852784,0.9829742659852784,0.9829742659852784,1.0,1.0,1.0,1.0,32.0,0.0,0.0,0.042559614418796896,8.0,0.0,0.0,0.014912808713061165,0.0
gtzan/gtzan_country_00052/track.npy,gtzan,1.0,0.7669227287484738,0.7669227287484738,0.7669227287484738,1.0,1.0,1.0,1.0,1.0,0.8975330998956963,0.8975330998956963,0.8975330998956963,1.0,1.0,1.0,1.0,36.0,0.0,0.0,0.07061756721395308,12.0,0.0,0.0,0.020187096759854348,0.0
gtzan/gtzan_country_00053/track.npy,gtzan,1.0,0.9404158818982745,0.9404158818982745,0.9404158818982745,1.0,1.0,1.0,1.0,1.0,0.9505479912006392,0.9505479912006392,0.9505479912006392,1.0,1.0,1.0,1.0,90.0,0.0,0.0,0.09777759081240278,22.0,0.0,0.0,0.031046103784587876,0.0
gtzan/gtzan_country_00054/track.npy,gtzan,1.0,0.9504042097399117,0.9504042097399117,0.9504042097399117,1.0,1.0,1.0,1.0,1.0,0.9210845598546598,0.9210845598546598,0.9210845598546598,1.0,1.0,1.0,1.0,38.0,0.0,0.0,0.0841346946173035,10.0,0.0,0.0,0.039435534535124724,0.0
gtzan/gtzan_country_00055/track.npy,gtzan,1.0,0.952160183379313,0.952160183379313,0.952160183379313,1.0,1.0,1.0,1.0,1.0,0.9235350104852393,0.9235350104852393,0.9235350104852393,1.0,1.0,1.0,1.0,66.0,0.0,0.0,0.0870113769896318,17.0,0.0,0.0,0.02197890671877577,0.0
gtzan/gtzan_country_00056/track.npy,gtzan,1.0,0.8799266239885105,0.8799266239885105,0.8799266239885105,1.0,1.0,1.0,1.0,1.0,0.8243508214469517,0.8243508214469517,0.8243508214469517,1.0,1.0,1.0,1.0,41.0,0.0,0.0,0.054376340527246166,14.0,0.0,0.0,0.04073726834266948,0.0
gtzan/gtzan_country_00057/track.npy,gtzan,0.7605633802816901,0.6864507288946384,0.7592354157423478,0.7228430723184931,0.32558139534883723,0.32558139534883723,0.4909090909090909,0.4909090909090909,0.4444444444444444,0.41007431680230216,0.7057154560892617,0.5578948864457819,0.0,0.0,0.5384615384615384,0.5384615384615384,49.0,0.0,0.0,0.1103752518792744,12.0,0.0,0.0,0.3673299527536811,0.0
gtzan/gtzan_country_00058/track.npy,gtzan,0.9894736842105264,0.8594653021831394,0.8594653021831394,0.8594653021831394,0.9791666666666666,0.9791666666666666,0.9791666666666666,0.9791666666666666,1.0,0.8836179747458606,0.8836179747458606,0.8836179747458606,1.0,1.0,1.0,1.0,57.0,0.0,0.0,0.03774032798285054,14.0,0.0,0.0,0.009478743954544799,0.0
gtzan/gtzan_country_00059/track.npy,gtzan,0.9655172413793104,0.9245444542232942,0.9245444542232942,0.9245444542232942,1.0,1.0,1.0,1.0,1.0,0.8893925525493153,0.8893925525493153,0.8893925525493153,1.0,1.0,1.0,1.0,34.0,0.0,0.0,0.10029865272026234,8.0,0.0,0.0,0.01569441987590886,0.0
gtzan/gtzan_country_00060/track.npy,gtzan,0.983050847457627,0.8984634832277306,0.8984634832277306,0.8984634832277306,0.9666666666666667,0.9666666666666667,0.9666666666666667,0.9666666666666667,1.0,0.94597383396285,0.94597383396285,0.94597383396285,1.0,1.0,1.0,1.0,35.0,0.0,0.0,0.04696322897663577,11.0,0.0,0.0,0.01251246172625826,0.0
gtzan/gtzan_country_00061/track.npy,gtzan,0.6493506493506493,0.6224160284778328,0.8940594553128829,0.7582377418953579,0.0,0.0,1.0,1.0,0.6,0.5618284418717943,0.8848602963752248,0.7233443691235095,0.0,0.0,1.0,1.0,61.0,0.0,0.0,0.08004270767354893,16.0,0.0,0.0,0.02390184028975094,0.0
gtzan/gtzan_country_00062/track.npy,gtzan,1.0,0.9679059537192991,0.9679059537192991,0.9679059537192991,1.0,1.0,1.0,1.0,1.0,0.965330561873501,0.965330561873501,0.965330561873501,1.0,1.0,1.0,1.0,88.0,0.0,0.0,0.11778303565638604,22.0,0.0,0.0,0.029413885206292806,0.0
gtzan/gtzan_country_00063/track.npy,gtzan,0.9859154929577464,0.9638195388063612,0.9638195388063612,0.9638195388063612,0.9722222222222222,0.9722222222222222,0.9722222222222222,0.9722222222222222,0.9411764705882353,0.9210200943064364,0.9210200943064364,0.9210200943064364,0.8888888888888888,0.8888888888888888,0.8888888888888888,0.8888888888888888,42.0,0.0,0.0,0.05556985115481211,10.0,0.0,0.0,0.01154720771410734,0.0
gtzan/gtzan_country_00064/track.npy,gtzan,0.9818181818181818,0.9540158591132766,0.9540158591132766,0.9540158591132766,0.9642857142857143,0.9642857142857143,0.9642857142857143,0.9642857142857143,1.0,0.9322914628997848,0.9322914628997848,0.9322914628997848,1.0,1.0,1.0,1.0,34.0,0.0,0.0,0.06517727213197069,8.0,0.0,0.0,0.021978906718775115,0.0
gtzan/gtzan_country_00065/track.npy,gtzan,0.64,0.6073912060310285,0.9110868090465426,0.7592390075387856,0.0,0.0,1.0,1.0,0.631578947368421,0.5917342635040787,0.9369125838814578,0.7643234236927683,0.0,0.0,1.0,1.0,30.0,0.0,0.0,0.0747471114606064,7.0,0.0,0.0,0.05767840066677379,0.0
gtzan/gtzan_country_00066/track.npy,gtzan,0.6715328467153284,0.6220649882702334,0.9263359026859341,0.7742004454780838,0.0,0.0,1.0,1.0,0.6470588235294118,0.5916553197970509,0.914376403322715,0.753015861559883,0.0,0.0,1.0,1.0,53.0,0.0,0.0,0.07410797215372045,13.0,0.0,0.0,0.21647336516981697,0.0
gtzan/gtzan_country_00067/track.npy,gtzan,0.9259259259259259,0.7488872481356047,0.7488872481356047,0.7488872481356047,1.0,1.0,1.0,1.0,1.0,0.6940099204134805,0.6940099204134805,0.6940099204134805,1.0,1.0,1.0,1.0,32.0,0.0,0.0,0.08359190854358588,8.0,0.0,0.0,0.06217239160838178,0.0
gtzan/gtzan_country_00068/track.npy,gtzan,0.8205128205128205,0.6894585771115105,0.6894585771115105,0.6894585771115105,0.5348837209302325,0.5348837209302325,0.5348837209302325,0.5348837209302325,0.7999999999999999,0.7371901879428101,0.7371901879428101,0.7371901879428101,0.45454545454545453,0.45454545454545453,0.45454545454545453,0.45454545454545453,57.0,0.0,0.0,0.11778303565638604,14.0,0.0,0.0,0.2805628775754668,0.0
gtzan/gtzan_country_00069/track.npy,gtzan,1.0,0.8546300281544974,0.8546300281544974,0.8546300281544974,1.0,1.0,1.0,1.0,1.0,0.900815173271079,0.900815173271079,0.900815173271079,1.0,1.0,1.0,1.0,57.0,0.0,0.0,0.07410797215371753,19.0,0.0,0.0,0.02815818705470964,0.0
gtzan/gtzan_country_00070/track.npy,gtzan,0.6666666666666666,0.6210978477736432,0.9316467707996408,0.7763723092866419,0.0,0.0,1.0,1.0,0.6470588235294118,0.6058519577522242,0.9363166619807101,0.7710843098664671,0.0,0.0,1.0,1.0,56.0,0.0,0.0,0.03774032798284659,14.0,0.0,0.0,0.022128123106150463,0.0
gtzan/gtzan_country_00071/track.npy,gtzan,1.0,0.8246052359018371,0.8246052359018371,0.8246052359018371,1.0,1.0,1.0,1.0,1.0,0.8294007436860584,0.8294007436860584,0.8294007436860584,1.0,1.0,1.0,1.0,37.0,0.0,0.0,0.0711284955236537,9.0,0.0,0.0,0.030557958109047656,0.0
gtzan/gtzan_country_00072/track.npy,gtzan,1.0,0.9382518973853328,0.9382518973853328,0.9382518973853328,1.0,1.0,1.0,1.0,1.0,0.9095147878810859,0.9095147878810859,0.9095147878810859,1.0,1.0,1.0,1.0,75.0,0.0,0.0,0.05129329438755066,19.0,0.0,0.0,0.025001302205417453,0.0
gtzan/gtzan_country_00073/track.npy,gtzan,1.0,0.9415423068912591,0.9415423068912591,0.9415423068912591,1.0,1.0,1.0,1.0,1.0,0.9335700689746603,0.9335700689746603,0.9335700689746603,1.0,1.0,1.0,1.0,75.0,0.0,0.0,0.10008345855698533,19.0,0.0,0.0,0.025317807984291563,0.0
gtzan/gtzan_country_00074/track.npy,gtzan,1.0,0.8231342858725604,0.8231342858725604,0.8231342858725604,1.0,1.0,1.0,1.0,1.0,0.825303694087227,0.825303694087227,0.825303694087227,1.0,1.0,1.0,1.0,34.0,0.0,0.0,0.0789833948172484,9.0,0.0,0.0,0.03824592107875851,0.0
gtzan/gtzan_country_00075/track.npy,gtzan,1.0,0.9557992487864226,0.9557992487864226,0.9557992487864226,1.0,1.0,1.0,1.0,1.0,0.9317950467219763,0.9317950467219763,0.9317950467219763,1.0,1.0,1.0,1.0,48.0,0.0,0.0,0.06403398009851108,12.0,0.0,0.0,0.028358986481495766,0.0
gtzan/gtzan_country_00076/track.npy,gtzan,1.0,0.9009287535408214,0.9009287535408214,0.9009287535408214,1.0,1.0,1.0,1.0,1.0,0.9150663513841492,0.9150663513841492,0.9150663513841492,1.0,1.0,1.0,1.0,73.0,0.0,0.0,0.09531017980433143,19.0,0.0,0.0,0.03619988634029686,0.0
gtzan/gtzan_country_00077/track.npy,gtzan,0.7631578947368421,0.5667689156246999,0.5667689156246999,0.5667689156246999,0.23684210526315788,0.6578947368421053,0.23684210526315788,0.6578947368421053,0.7368421052631579,0.59908103599369,0.59908103599369,0.59908103599369,1.0,1.0,1.0,1.0,91.0,0.0,0.0,0.09491967012040281,23.0,0.0,0.0,0.04512043528046933,0.0
gtzan/gtzan_country_00078/track.npy,gtzan,0.8771929824561403,0.685211225608634,0.685211225608634,0.685211225608634,0.8620689655172413,0.8620689655172413,0.8620689655172413,0.8620689655172413,0.8571428571428571,0.5849082721784449,0.5849082721784449,0.5849082721784449,1.0,1.0,1.0,1.0,35.0,0.0,0.0,0.12697395030520894,9.0,0.0,0.0,0.11362773783611971,0.0
gtzan/gtzan_country_00079/track.npy,gtzan,1.0,0.9017044883626275,0.9017044883626275,0.9017044883626275,1.0,1.0,1.0,1.0,1.0,0.9032838766672305,0.9032838766672305,0.9032838766672305,1.0,1.0,1.0,1.0,41.0,0.0,0.0,0.05572870742332395,14.0,0.0,0.0,0.037010141199963695,0.0
gtzan/gtzan_country_00080/track.npy,gtzan,0.6666666666666666,0.6459109576341638,0.9688664364491,0.807388697041632,0.0,0.0,1.0,1.0,0.6875000000000001,0.6661542779626901,0.9689516770366402,0.8175529774996652,0.0,0.0,1.0,1.0,49.0,0.0,0.0,0.06453852113757223,13.0,0.0,0.0,0.020375770440037244,0.0
gtzan/gtzan_country_00081/track.npy,gtzan,0.9866666666666668,0.9002658502062386,0.9002658502062386,0.9002658502062386,0.6533333333333333,0.9733333333333334,0.6533333333333333,0.9733333333333334,0.9444444444444444,0.9010941789806404,0.9010941789806404,0.9010941789806404,1.0,1.0,1.0,1.0,90.0,0.0,0.0,0.06062462181643833,22.0,0.0,0.0,0.04662558457832518,0.0
gtzan/gtzan_country_00082/track.npy,gtzan,0.6712328767123288,0.6222033468181694,0.9269559835222195,0.7745796651701944,0.0,0.0,1.0,1.0,0.6666666666666666,0.63286502591276,0.9492975388691399,0.7910812823909499,0.0,0.0,1.0,1.0,59.0,0.0,0.0,0.08004270767353508,15.0,0.0,0.0,0.02347323575307146,0.0
gtzan/gtzan_country_00083/track.npy,gtzan,1.0,0.9609386792703493,0.9609386792703493,0.9609386792703493,1.0,1.0,1.0,1.0,1.0,0.9559788810709702,0.9559788810709702,0.9559788810709702,1.0,1.0,1.0,1.0,37.0,0.0,0.0,0.04879016416943127,10.0,0.0,0.0,0.010054593637715832,0.0
gtzan/gtzan_country_00084/track.npy,gtzan,0.9444444444444444,0.7844209832724918,0.7844209832724918,0.7844209832724918,0.625,0.8472222222222222,0.625,0.8472222222222222,0.8888888888888888,0.8201463548195328,0.8201463548195328,0.8201463548195328,1.0,1.0,1.0,1.0,87.0,0.0,0.0,0.11778303565638329,22.0,0.0,0.0,0.04259024229111347,0.0
gtzan/gtzan_country_00085/track.npy,gtzan,1.0,0.9455803099447018,0.9455803099447018,0.9455803099447018,1.0,1.0,1.0,1.0,0.0,0.0,0.9184779473434038,0.4592389736717019,0.0,0.0,1.0,1.0,36.0,0.0,0.0,0.04879016416943133,9.0,0.0,0.0,0.01466811089065311,0.0
gtzan/gtzan_country_00086/track.npy,gtzan,0.6621621621621622,0.6240174293457782,0.9328745095217283,0.7784459694337533,0.0,0.0,0.98,0.98,0.6842105263157895,0.6330140414322645,0.9251743682471557,0.77909420483971,0.0,0.0,1.0,1.0,60.0,0.0,0.0,0.046705101493249385,15.0,0.0,0.0,0.03342356660623876,0.0
gtzan/gtzan_country_00087/track.npy,gtzan,1.0,0.9405082504830438,0.9405082504830438,0.9405082504830438,1.0,1.0,1.0,1.0,1.0,0.9422352771034115,0.9422352771034115,0.9422352771034115,1.0,1.0,1.0,1.0,36.0,0.0,0.0,0.04879016416943316,9.0,0.0,0.0,0.012048338516175084,0.0
gtzan/gtzan_country_00088/track.npy,gtzan,1.0,0.9645381205004125,0.9645381205004125,0.9645381205004125,1.0,1.0,1.0,1.0,1.0,0.9787884661861196,0.9787884661861196,0.9787884661861196,1.0,1.0,1.0,1.0,53.0,0.0,0.0,0.06899287148694377,13.0,0.0,0.0,0.01317746966653155,0.0
gtzan/gtzan_country_00089/track.npy,gtzan,1.0,0.9332354625992271,0.9332354625992271,0.9332354625992271,1.0,1.0,1.0,1.0,1.0,0.9768478879076966,0.9768478879076966,0.9768478879076966,1.0,1.0,1.0,1.0,37.0,0.0,0.0,0.04879016416943181,10.0,0.0,0.0,0.013995111363460315,0.0
gtzan/gtzan_country_00090/track.npy,gtzan,1.0,0.9650901323155486,0.9650901323155486,0.9650901323155486,1.0,1.0,1.0,1.0,1.0,0.9340068037572937,0.9340068037572937,0.9340068037572937,1.0,1.0,1.0,1.0,68.0,0.0,0.0,0.07985883756301054,17.0,0.0,0.0,0.022472855852058226,0.0
gtzan/gtzan_country_00091/track.npy,gtzan,0.5,0.4632610141112173,0.4632610141112173,0.4632610141112173,0.0,0.0,0.0,0.0,0.4,0.36800703182984945,0.5584125616805163,0.4632097967551829,0.0,0.0,0.0,0.0,58.0,0.0,0.0,0.07696104113613,20.0,0.0,0.0,0.025642430613337736,0.0
gtzan/gtzan_country_00092/track.npy,gtzan,0.39416058394160586,0.31711660680783643,0.5593064115084473,0.4382115091581419,0.34782608695652173,0.34782608695652173,0.34782608695652173,0.5507246376811594,0.4117647058823529,0.31294646343868154,0.31294646343868154,0.31294646343868154,1.0,1.0,1.0,1.0,83.0,0.0,0.0,0.11122563511022421,20.0,0.0,0.0,0.11927660139863724,0.0
gtzan/gtzan_country_00093/track.npy,gtzan,0.9428571428571428,0.7795638664223373,0.7795638664223373,0.7795638664223373,1.0,1.0,1.0,1.0,0.9166666666666666,0.7368833690471056,0.7368833690471056,0.7368833690471056,1.0,1.0,1.0,1.0,43.0,0.0,0.0,0.08701137698962802,15.0,0.0,0.0,0.05136117030638386,0.0
gtzan/gtzan_country_00094/track.npy,gtzan,1.0,0.9568646525890984,0.9568646525890984,0.9568646525890984,1.0,1.0,1.0,1.0,1.0,0.9542374484761479,0.9542374484761479,0.9542374484761479,1.0,1.0,1.0,1.0,57.0,0.0,0.0,0.03774032798285287,14.0,0.0,0.0,0.023273578128122113,0.0
gtzan/gtzan_country_00095/track.npy,gtzan,1.0,0.8748571293291256,0.8748571293291256,0.8748571293291256,1.0,1.0,1.0,1.0,1.0,0.9576883702914913,0.9576883702914913,0.9576883702914913,1.0,1.0,1.0,1.0,45.0,0.0,0.0,0.115242064103847,11.0,0.0,0.0,0.007490671729157672,0.0
gtzan/gtzan_country_00096/track.npy,gtzan,1.0,0.9681555835776562,0.9681555835776562,0.9681555835776562,1.0,1.0,1.0,1.0,1.0,0.9708360050126906,0.9708360050126906,0.9708360050126906,1.0,1.0,1.0,1.0,58.0,0.0,0.0,0.07696104113612678,14.0,0.0,0.0,0.0192313619278885,0.0
gtzan/gtzan_country_00097/track.npy,gtzan,0.41025641025641024,0.38228196772125367,0.4809353787460933,0.43160867323367347,0.0,0.0,0.0,0.0,0.6666666666666666,0.6258452497544126,0.8537295806456354,0.739787415200024,0.0,0.0,0.875,0.875,28.0,0.0,0.0,0.037740327982848945,9.0,0.0,0.0,0.01691658119951722,0.0
gtzan/gtzan_country_00098/track.npy,gtzan,1.0,0.9679925365167489,0.9679925365167489,0.9679925365167489,1.0,1.0,1.0,1.0,1.0,0.9800224411188677,0.9800224411188677,0.9800224411188677,1.0,1.0,1.0,1.0,60.0,0.0,0.0,0.08004270767353498,15.0,0.0,0.0,0.02382276163758038,0.0
gtzan/gtzan_country_00099/track.npy,gtzan,1.0,0.9710728693419017,0.9710728693419017,0.9710728693419017,1.0,1.0,1.0,1.0,1.0,0.969598047454035,0.969598047454035,0.969598047454035,1.0,1.0,1.0,1.0,73.0,0.0,0.0,0.04879016416943971,18.0,0.0,0.0,0.012270092591814302,0.0
gtzan/gtzan_disco_00000/track.npy,gtzan,1.0,0.9364333524670037,0.9364333524670037,0.9364333524670037,1.0,1.0,1.0,1.0,1.0,0.9257259691674458,0.9257259691674458,0.9257259691674458,1.0,1.0,1.0,1.0,58.0,0.0,0.0,0.04865579514899204,15.0,0.0,0.0,0.022912959335388935,0.0
gtzan/gtzan_disco_00001/track.npy,gtzan,0.6666666666666666,0.6332117649941754,0.9400256984914884,0.7866187317428319,0.0,0.0,0.9795918367346939,0.9795918367346939,0.6666666666666666,0.62467667690221,0.9370150153533149,0.7808458461277624,0.0,0.0,1.0,1.0,59.0,0.0,0.0,0.03922071315328459,14.0,0.0,0.0,0.019418085857102807,0.0
gtzan/gtzan_disco_00002/track.npy,gtzan,0.6713286713286714,0.6192692368781968,0.9224531249964819,0.7708611809373394,0.0,0.0,1.0,1.0,0.6666666666666666,0.6130492524830584,0.9195738787245876,0.7663115656038231,0.0,0.0,1.0,1.0,57.0,0.0,0.0,0.07696104113612678,15.0,0.0,0.0,0.019048194970695764,0.0
gtzan/gtzan_disco_00003/track.npy,gtzan,1.0,0.9485320312490844,0.9485320312490844,0.9485320312490844,1.0,1.0,1.0,1.0,1.0,0.9385031246884303,0.9385031246884303,0.9385031246884303,1.0,1.0,1.0,1.0,64.0,0.0,0.0,0.04255961441880244,16.0,0.0,0.0,0.024796760388694713,0.0
gtzan/gtzan_disco_00004/track.npy,gtzan,1.0,0.950210752403797,0.950210752403797,0.950210752403797,1.0,1.0,1.0,1.0,1.0,0.953666091101754,0.953666091101754,0.953666091101754,1.0,1.0,1.0,1.0,61.0,0.0,0.0,0.040821994520261584,15.0,0.0,0.0,0.014172505805419363,0.0
gtzan/gtzan_disco_00005/track.npy,gtzan,0.4333333333333334,0.21789241342431268,0.21789241342431268,0.21789241342431268,0.0,0.0,0.0,0.0,0.5333333333333333,0.25277869530995106,0.26114569219356326,0.25696219375175716,0.0,0.0,0.0,0.0,19.0,0.0,0.0,0.05008206750761836,5.0,0.0,0.0,0.009022617599637517,0.0
gtzan/gtzan_disco_00006/track.npy,gtzan,0.9433962264150944,0.8205912551258551,0.8205912551258551,0.8205912551258551,0.7407407407407407,0.8888888888888888,0.7407407407407407,0.8888888888888888,0.8148148148148148,0.7078128874694939,0.7078128874694939,0.7078128874694939,0.7142857142857143,0.7142857142857143,0.7142857142857143,0.7142857142857143,64.0,0.0,0.0,0.05972137144655187,16.0,0.0,0.0,0.2831535231176311,0.0
gtzan/gtzan_disco_00007/track.npy,gtzan,0.9444444444444444,0.631885400918565,0.631885400918565,0.631885400918565,0.9814814814814815,0.9814814814814815,0.9814814814814815,0.9814814814814815,0.9230769230769231,0.6261904351891722,0.6261904351891722,0.6261904351891722,1.0,1.0,1.0,1.0,65.0,0.0,0.0,0.07948862430222793,16.0,0.0,0.0,0.03174869831458024,0.0
gtzan/gtzan_disco_00008/track.npy,gtzan,1.0,0.8550106982523006,0.8550106982523006,0.8550106982523006,1.0,1.0,1.0,1.0,1.0,0.8798383742724735,0.8798383742724735,0.8798383742724735,1.0,1.0,1.0,1.0,61.0,0.0,0.0,0.08004270767353472,15.0,0.0,0.0,0.018337583094195878,0.0
gtzan/gtzan_disco_00009/track.npy,gtzan,1.0,0.9293887689294364,0.9293887689294364,0.9293887689294364,1.0,1.0,1.0,1.0,1.0,0.9150463108442063,0.9150463108442063,0.9150463108442063,1.0,1.0,1.0,1.0,65.0,0.0,0.0,0.04426254775562244,16.0,0.0,0.0,0.021506205220965375,0.0
gtzan/gtzan_disco_00010/track.npy,gtzan,1.0,0.9719701491693211,0.9719701491693211,0.9719701491693211,1.0,1.0,1.0,1.0,1.0,0.9822880803524779,0.9822880803524779,0.9822880803524779,1.0,1.0,1.0,1.0,54.0,0.0,0.0,0.07145896398214968,14.0,0.0,0.0,0.017857617400007686,0.0
gtzan/gtzan_disco_00011/track.npy,gtzan,1.0,0.8854685650056618,0.8854685650056618,0.8854685650056618,1.0,1.0,1.0,1.0,1.0,0.8883654236731721,0.8883654236731721,0.8883654236731721,1.0,1.0,1.0,1.0,47.0,0.0,0.0,0.06413488830631835,12.0,0.0,0.0,0.037055262541901196,0.0
gtzan/gtzan_disco_00012/track.npy,gtzan,0.8297872340425532,0.7725598129628227,0.7725598129628227,0.7725598129628227,1.0,1.0,1.0,1.0,0.8333333333333334,0.7549696639070231,0.7549696639070231,0.7549696639070231,1.0,1.0,1.0,1.0,57.0,0.0,0.0,0.04968689085341236,14.0,0.0,0.0,0.027360813959691886,0.0
gtzan/gtzan_disco_00013/track.npy,gtzan,0.9863013698630138,0.8358749519003627,0.8358749519003627,0.8358749519003627,0.972972972972973,0.972972972972973,0.972972972972973,0.972972972972973,1.0,0.9032426772959656,0.9032426772959656,0.9032426772959656,1.0,1.0,1.0,1.0,44.0,0.0,0.0,0.05884050002293223,11.0,0.0,0.0,0.01929982647214392,0.0
gtzan/gtzan_disco_00014/track.npy,gtzan,1.0,0.9460396213635984,0.9460396213635984,0.9460396213635984,1.0,1.0,1.0,1.0,1.0,0.883700800387137,0.883700800387137,0.883700800387137,1.0,1.0,1.0,1.0,52.0,0.0,0.0,0.05373717323289435,13.0,0.0,0.0,0.01294993458881033,0.0
gtzan/gtzan_disco_00015/track.npy,gtzan,0.9215686274509803,0.8154948419565111,0.8154948419565111,0.8154948419565111,0.9215686274509803,0.9215686274509803,0.9215686274509803,0.9215686274509803,0.9230769230769231,0.8519889149237538,0.8519889149237538,0.8519889149237538,1.0,1.0,1.0,1.0,61.0,0.0,0.0,0.04082199452025829,15.0,0.0,0.0,0.020202707317519764,0.0
gtzan/gtzan_disco_00016/track.npy,gtzan,1.0,0.9327726694271957,0.9327726694271957,0.9327726694271957,1.0,1.0,1.0,1.0,0.0,8.628288802481871e-126,0.9057330080062798,0.4528665040031399,0.0,0.0,0.9230769230769231,0.9230769230769231,62.0,0.0,0.0,0.08004270767353472,16.0,0.0,0.0,0.010256500167189769,0.0
gtzan/gtzan_disco_00017/track.npy,gtzan,0.99009900990099,0.9712737185799808,0.9712737185799808,0.9712737185799808,0.9803921568627451,0.9803921568627451,0.9803921568627451,0.9803921568627451,1.0,0.9830205909201742,0.9830205909201742,0.9830205909201742,1.0,1.0,1.0,1.0,62.0,0.0,0.0,0.044600714144807665,16.0,0.0,0.0,0.010362787035546828,0.0
gtzan/gtzan_disco_00018/track.npy,gtzan,1.0,0.9608030797311993,0.9608030797311993,0.9608030797311993,1.0,1.0,1.0,1.0,1.0,0.9727720693455827,0.9727720693455827,0.9727720693455827,1.0,1.0,1.0,1.0,62.0,0.0,0.0,0.04460071414480756,15.0,0.0,0.0,0.010362787035546694,0.0
gtzan/gtzan_disco_00019/track.npy,gtzan,1.0,0.9278223379228183,0.9278223379228183,0.9278223379228183,1.0,1.0,1.0,1.0,1.0,0.9246941749779025,0.9246941749779025,0.9246941749779025,1.0,1.0,1.0,1.0,59.0,0.0,0.0,0.08004270767353613,15.0,0.0,0.0,0.023705097274325067,0.0
gtzan/gtzan_disco_00020/track.npy,gtzan,0.9850746268656716,0.9363564298880973,0.9363564298880973,0.9363564298880973,0.9705882352941176,0.9705882352941176,0.9705882352941176,0.9705882352941176,0.9411764705882353,0.8871480178990427,0.8871480178990427,0.8871480178990427,0.8888888888888888,0.8888888888888888,0.8888888888888888,0.8888888888888888,40.0,0.0,0.0,0.026668247082165475,10.0,0.0,0.0,0.011007940917930722,0.0
gtzan/gtzan_disco_00021/track.npy,gtzan,0.989010989010989,0.9045130566033338,0.9045130566033338,0.9045130566033338,0.9782608695652174,0.9782608695652174,0.9782608695652174,0.9782608695652174,1.0,0.8978975987626694,0.8978975987626694,0.8978975987626694,1.0,1.0,1.0,1.0,55.0,0.0,0.0,0.07410797215371707,14.0,0.0,0.0,0.01320490954723683,0.0
gtzan/gtzan_disco_00022/track.npy,gtzan,1.0,0.9661731648050713,0.9661731648050713,0.9661731648050713,1.0,1.0,1.0,1.0,1.0,0.9695021220420493,0.9695021220420493,0.9695021220420493,1.0,1.0,1.0,1.0,60.0,0.0,0.0,0.04082199452025603,15.0,0.0,0.0,0.014030468194768372,0.0
gtzan/gtzan_disco_00023/track.npy,gtzan,1.0,0.9062333632390683,0.9062333632390683,0.9062333632390683,1.0,1.0,1.0,1.0,1.0,0.895838451004442,0.895838451004442,0.895838451004442,1.0,1.0,1.0,1.0,57.0,0.0,0.0,0.07696104113612845,14.0,0.0,0.0,0.013834885795695372,0.0
gtzan/gtzan_disco_00024/track.npy,gtzan,1.0,0.8691633745088915,0.8691633745088915,0.8691633745088915,1.0,1.0,1.0,1.0,1.0,0.8744072171821988,0.8744072171821988,0.8744072171821988,1.0,1.0,1.0,1.0,64.0,0.0,0.0,0.04435715516322393,16.0,0.0,0.0,0.021357480818073243,0.0
gtzan/gtzan_disco_00025/track.npy,gtzan,1.0,0.9773981209814131,0.9773981209814131,0.9773981209814131,1.0,1.0,1.0,1.0,0.0,1.8675439038776193e-30,2.300326405868109e-30,2.083935154872864e-30,0.0,0.0,0.0,0.0,62.0,0.0,0.0,0.044600714144804085,16.0,0.0,0.0,0.020619287202734628,0.0
gtzan/gtzan_disco_00026/track.npy,gtzan,1.0,0.9588082280840362,0.9588082280840362,0.9588082280840362,1.0,1.0,1.0,1.0,1.0,0.954520943048569,0.954520943048569,0.954520943048569,1.0,1.0,1.0,1.0,60.0,0.0,0.0,0.08004270767353472,15.0,0.0,0.0,0.009950330853167965,0.0
gtzan/gtzan_disco_00027/track.npy,gtzan,0.989010989010989,0.936203130414986,0.936203130414986,0.936203130414986,0.9782608695652174,0.9782608695652174,0.9782608695652174,0.9782608695652174,1.0,0.9447009833070816,0.9447009833070816,0.9447009833070816,1.0,1.0,1.0,1.0,55.0,0.0,0.0,0.03774032798284808,14.0,0.0,0.0,0.022744430924665653,0.0
gtzan/gtzan_disco_00028/track.npy,gtzan,1.0,0.9804553089293571,0.9804553089293571,0.9804553089293571,1.0,1.0,1.0,1.0,1.0,0.9858474764949291,0.9858474764949291,0.9858474764949291,1.0,1.0,1.0,1.0,61.0,0.0,0.0,0.04082199452025792,15.0,0.0,0.0,0.010152371464019594,0.0
gtzan/gtzan_disco_00029/track.npy,gtzan,1.0,0.895573510438672,0.895573510438672,0.895573510438672,1.0,1.0,1.0,1.0,1.0,0.9291291438421293,0.9291291438421293,0.9291291438421293,1.0,1.0,1.0,1.0,53.0,0.0,0.0,0.052680257828912114,14.0,0.0,0.0,0.008733679968754926,0.0
gtzan/gtzan_disco_00030/track.npy,gtzan,0.9203539823008849,0.31800214675559274,0.31800214675559274,0.31800214675559274,0.5087719298245614,0.9473684210526315,0.5087719298245614,0.9473684210526315,0.8571428571428571,0.31008504035427936,0.31008504035427936,0.31008504035427936,1.0,1.0,1.0,1.0,68.0,0.0,0.0,0.0909717782057276,17.0,0.0,0.0,0.01133829742484146,0.0
gtzan/gtzan_disco_00031/track.npy,gtzan,1.0,0.9491614786775442,0.9491614786775442,0.9491614786775442,1.0,1.0,1.0,1.0,0.0,3.0099684670688736e-123,0.9142505202226878,0.4571252601113439,0.0,0.0,0.9230769230769231,0.9230769230769231,62.0,0.0,0.0,0.08338160893904585,15.0,0.0,0.0,0.031090587070031407,0.0
gtzan/gtzan_disco_00032/track.npy,gtzan,0.989247311827957,0.9207038005741608,0.9207038005741608,0.9207038005741608,0.9787234042553191,0.9787234042553191,0.9787234042553191,0.9787234042553191,1.0,0.925884922440408,0.925884922440408,0.925884922440408,1.0,1.0,1.0,1.0,55.0,0.0,0.0,0.03636764417088045,14.0,0.0,0.0,0.018349138668196197,0.0
gtzan/gtzan_disco_00033/track.npy,gtzan,0.24299065420560748,0.23897603931008066,0.6912274520613171,0.46510174568569884,0.24074074074074073,0.24074074074074073,0.7037037037037037,0.7037037037037037,0.23076923076923078,0.22388656830804574,0.22388656830804574,0.22388656830804574,1.0,1.0,1.0,1.0,64.0,0.0,0.0,0.044451762570834094,16.0,0.0,0.0,0.03208831455150074,0.0
gtzan/gtzan_disco_00034/track.npy,gtzan,0.9818181818181818,0.9608411995637627,0.9608411995637627,0.9608411995637627,0.9818181818181818,0.9818181818181818,0.9818181818181818,0.9818181818181818,1.0,0.9729961914109488,0.9729961914109488,0.9729961914109488,1.0,1.0,1.0,1.0,66.0,0.0,0.0,0.044451762570840825,16.0,0.0,0.0,0.014712891168665584,0.0
gtzan/gtzan_disco_00035/track.npy,gtzan,0.9803921568627451,0.9088967132108262,0.9088967132108262,0.9088967132108262,0.9803921568627451,0.9803921568627451,0.9803921568627451,0.9803921568627451,1.0,0.9371835383593816,0.9371835383593816,0.9371835383593816,1.0,1.0,1.0,1.0,61.0,0.0,0.0,0.040821994520261584,15.0,0.0,0.0,0.010152371464019594,0.0
gtzan/gtzan_disco_00036/track.npy,gtzan,0.9824561403508771,0.5611036174454236,0.5611036174454236,0.5611036174454236,1.0,1.0,1.0,1.0,1.0,0.5593554783289344,0.5593554783289344,0.5593554783289344,1.0,1.0,1.0,1.0,68.0,0.0,0.0,0.04445176257083586,17.0,0.0,0.0,0.028720763474392896,0.0
gtzan/gtzan_disco_00037/track.npy,gtzan,1.0,0.971462501809609,0.971462501809609,0.971462501809609,1.0,1.0,1.0,1.0,1.0,0.9792181176025204,0.9792181176025204,0.9792181176025204,1.0,1.0,1.0,1.0,66.0,0.0,0.0,0.08701137698962713,16.0,0.0,0.0,0.014712891168665428,0.0
gtzan/gtzan_disco_00038/track.npy,gtzan,0.923076923076923,0.8827730990355906,0.8827730990355906,0.8827730990355906,0.660377358490566,0.9056603773584906,0.660377358490566,0.9056603773584906,0.23076923076923078,0.22468767314057592,0.6498538819752154,0.4372707775578957,0.3076923076923077,0.3076923076923077,0.6153846153846154,0.6153846153846154,64.0,0.0,0.0,0.16980479823449107,16.0,0.0,0.0,0.32659583299961037,0.0
gtzan/gtzan_disco_00039/track.npy,gtzan,0.9787234042553191,0.9476271997433752,0.9476271997433752,0.9476271997433752,0.9787234042553191,0.9787234042553191,0.9787234042553191,0.9787234042553191,1.0,0.9561588197532771,0.9561588197532771,0.9561588197532771,1.0,1.0,1.0,1.0,56.0,0.0,0.0,0.074107972153717,14.0,0.0,0.0,0.022515014656632203,0.0
gtzan/gtzan_disco_00040/track.npy,gtzan,1.0,0.6513483069202662,0.6513483069202662,0.6513483069202662,1.0,1.0,1.0,1.0,1.0,0.6456043473531363,0.6456043473531363,0.6456043473531363,1.0,1.0,1.0,1.0,69.0,0.0,0.0,0.08135417511385773,18.0,0.0,0.0,0.05193777541525382,0.0
gtzan/gtzan_disco_00041/track.npy,gtzan,0.4,0.2935350349125372,0.3669187936405478,0.3302269142765425,0.0,0.0,0.0,0.0,0.7058823529411764,0.5348669141413073,0.7377124986624469,0.6362897064018771,0.0,0.0,1.0,1.0,40.0,0.0,0.0,0.08004270767353101,14.0,0.0,0.0,0.026907452919924458,0.0
gtzan/gtzan_disco_00042/track.npy,gtzan,0.9885057471264368,0.7994193964808116,0.7994193964808116,0.7994193964808116,0.9772727272727273,0.9772727272727273,0.9772727272727273,0.9772727272727273,1.0,0.7256915717132891,0.7256915717132891,0.7256915717132891,1.0,1.0,1.0,1.0,52.0,0.0,0.0,0.06899287148694999,13.0,0.0,0.0,0.03524662343109347,0.0
gtzan/gtzan_disco_00043/track.npy,gtzan,1.0,0.9689340736602179,0.9689340736602179,0.9689340736602179,1.0,1.0,1.0,1.0,1.0,0.9816418145277971,0.9816418145277971,0.9816418145277971,1.0,1.0,1.0,1.0,64.0,0.0,0.0,0.04255961441879885,16.0,0.0,0.0,0.010695289116748663,0.0
gtzan/gtzan_disco_00044/track.npy,gtzan,1.0,0.9853343380263633,0.9853343380263633,0.9853343380263633,1.0,1.0,1.0,1.0,1.0,0.9819599195439684,0.9819599195439684,0.9819599195439684,1.0,1.0,1.0,1.0,61.0,0.0,0.0,0.04082199452025829,15.0,0.0,0.0,0.010256500167190107,0.0
gtzan/gtzan_disco_00045/track.npy,gtzan,1.0,0.982494486071594,0.982494486071594,0.982494486071594,1.0,1.0,1.0,1.0,1.0,0.9810538913072198,0.9810538913072198,0.9810538913072198,1.0,1.0,1.0,1.0,62.0,0.0,0.0,0.040821994520261584,15.0,0.0,0.0,0.014317448752796022,0.0
gtzan/gtzan_disco_00046/track.npy,gtzan,1.0,0.9650730112765383,0.9650730112765383,0.9650730112765383,1.0,1.0,1.0,1.0,1.0,0.9537203620310378,0.9537203620310378,0.9537203620310378,1.0,1.0,1.0,1.0,61.0,0.0,0.0,0.040821994520261584,15.0,0.0,0.0,0.01403046819477086,0.0
gtzan/gtzan_disco_00047/track.npy,gtzan,0.10256410256410256,0.10832506010421149,0.14344656838617725,0.12588581424519438,0.14285714285714285,0.19047619047619047,0.14285714285714285,0.19047619047619047,0.0,0.004144396524292811,0.005065373529691214,0.004604885026992012,0.0,0.0,0.3333333333333333,0.3333333333333333,23.0,0.0,0.0,0.26028309826366525,8.0,0.0,0.0,0.22359511220507178,0.0
gtzan/gtzan_disco_00048/track.npy,gtzan,1.0,0.9271924904626374,0.9271924904626374,0.9271924904626374,1.0,1.0,1.0,1.0,1.0,0.937157798160887,0.937157798160887,0.937157798160887,1.0,1.0,1.0,1.0,51.0,0.0,0.0,0.03390155167568665,13.0,0.0,0.0,0.008438868645864794,0.0
gtzan/gtzan_disco_00049/track.npy,gtzan,1.0,0.9677960097488959,0.9677960097488959,0.9677960097488959,1.0,1.0,1.0,1.0,1.0,0.9760340470706838,0.9760340470706838,0.9760340470706838,1.0,1.0,1.0,1.0,60.0,0.0,0.0,0.04082199452025426,15.0,0.0,0.0,0.009950330853167965,0.0
gtzan/gtzan_disco_00050/track.npy,gtzan,1.0,0.9600225361444599,0.9600225361444599,0.9600225361444599,1.0,1.0,1.0,1.0,1.0,0.96636509570261,0.96636509570261,0.96636509570261,1.0,1.0,1.0,1.0,54.0,0.0,0.0,0.03636764417088045,14.0,0.0,0.0,0.017398698692359996,0.0
gtzan/gtzan_disco_00051/track.npy,gtzan,0.9777777777777777,0.9145189799538711,0.9145189799538711,0.9145189799538711,0.9565217391304348,0.9565217391304348,0.9565217391304348,0.9565217391304348,0.9565217391304348,0.9234166376745471,0.9234166376745471,0.9234166376745471,0.9166666666666666,0.9166666666666666,0.9166666666666666,0.9166666666666666,55.0,0.0,0.0,0.03636764417088045,14.0,0.0,0.0,0.017398698692359247,0.0
gtzan/gtzan_disco_00052/track.npy,gtzan,1.0,0.9008509056758439,0.9008509056758439,0.9008509056758439,1.0,1.0,1.0,1.0,1.0,0.8957689549773767,0.8957689549773767,0.8957689549773767,1.0,1.0,1.0,1.0,63.0,0.0,0.0,0.04255961441880263,16.0,0.0,0.0,0.021053409197832385,0.0
gtzan/gtzan_disco_00053/track.npy,gtzan,0.8173913043478261,0.4358944858125584,0.4358944858125584,0.4358944858125584,0.3793103448275862,0.896551724137931,0.3793103448275862,0.896551724137931,0.8571428571428571,0.4651050751975913,0.4651050751975913,0.4651050751975913,1.0,1.0,1.0,1.0,70.0,0.0,0.0,0.09531017980432288,17.0,0.0,0.0,0.026685470911355577,0.0
gtzan/gtzan_disco_00054/track.npy,gtzan,1.0,0.9424009601881548,0.9424009601881548,0.9424009601881548,1.0,1.0,1.0,1.0,1.0,0.9520725245433752,0.9520725245433752,0.9520725245433752,1.0,1.0,1.0,1.0,57.0,0.0,0.0,0.07696104113612728,14.0,0.0,0.0,0.019048194970694148,0.0
gtzan/gtzan_disco_00055/track.npy,gtzan,1.0,0.7896348431158541,0.7896348431158541,0.7896348431158541,1.0,1.0,1.0,1.0,1.0,0.7110200789023531,0.7110200789023531,0.7110200789023531,1.0,1.0,1.0,1.0,65.0,0.0,0.0,0.08701137698963579,16.0,0.0,0.0,0.02158802871636986,0.0
gtzan/gtzan_disco_00056/track.npy,gtzan,1.0,0.955781193805896,0.955781193805896,0.955781193805896,1.0,1.0,1.0,1.0,1.0,0.9679728293276217,0.9679728293276217,0.9679728293276217,1.0,1.0,1.0,1.0,44.0,0.0,0.0,0.05884050002293281,11.0,0.0,0.0,0.011775731352866534,0.0
gtzan/gtzan_disco_00057/track.npy,gtzan,1.0,0.9575354229198602,0.9575354229198602,0.9575354229198602,1.0,1.0,1.0,1.0,1.0,0.9464151445401394,0.9464151445401394,0.9464151445401394,1.0,1.0,1.0,1.0,59.0,0.0,0.0,0.039220713153283904,15.0,0.0,0.0,0.009852296443013109,0.0
gtzan/gtzan_disco_00058/track.npy,gtzan,1.0,0.9738184987413092,0.9738184987413092,0.9738184987413092,1.0,1.0,1.0,1.0,1.0,0.9675699800144841,0.9675699800144841,0.9675699800144841,1.0,1.0,1.0,1.0,66.0,0.0,0.0,0.08701137698962036,17.0,0.0,0.0,0.014244021388165617,0.0
gtzan/gtzan_disco_00059/track.npy,gtzan,1.0,0.9673093715750235,0.9673093715750235,0.9673093715750235,1.0,1.0,1.0,1.0,1.0,0.961277805969763,0.961277805969763,0.961277805969763,1.0,1.0,1.0,1.0,63.0,0.0,0.0,0.08338160893904922,15.0,0.0,0.0,0.020834086902842452,0.0
gtzan/gtzan_disco_00060/track.npy,gtzan,0.9814814814814815,0.7644871164902768,0.7644871164902768,0.7644871164902768,1.0,1.0,1.0,1.0,0.9230769230769231,0.7436852105855701,0.7436852105855701,0.7436852105855701,1.0,1.0,1.0,1.0,64.0,0.0,0.0,0.08701137698963579,16.0,0.0,0.0,0.03220975097207945,0.0
gtzan/gtzan_disco_00061/track.npy,gtzan,1.0,0.9759466174629072,0.9759466174629072,0.9759466174629072,1.0,1.0,1.0,1.0,1.0,0.9789373222438603,0.9789373222438603,0.9789373222438603,1.0,1.0,1.0,1.0,63.0,0.0,0.0,0.04255961441879641,16.0,0.0,0.0,0.010471299867296136,0.0
gtzan/gtzan_disco_00062/track.npy,gtzan,1.0,0.9752271964686536,0.9752271964686536,0.9752271964686536,1.0,1.0,1.0,1.0,1.0,0.9725471931204469,0.9725471931204469,0.9725471931204469,1.0,1.0,1.0,1.0,54.0,0.0,0.0,0.03636764417088045,14.0,0.0,0.0,0.018182319083191678,0.0
gtzan/gtzan_disco_00063/track.npy,gtzan,1.0,0.9751728350958436,0.9751728350958436,0.9751728350958436,1.0,1.0,1.0,1.0,1.0,0.97056581175731,0.97056581175731,0.97056581175731,1.0,1.0,1.0,1.0,65.0,0.0,0.0,0.08701137698963138,16.0,0.0,0.0,0.021739986636406767,0.0
gtzan/gtzan_disco_00064/track.npy,gtzan,1.0,0.9774315365578846,0.9774315365578846,0.9774315365578846,1.0,1.0,1.0,1.0,1.0,0.9717727943674266,0.9717727943674266,0.9717727943674266,1.0,1.0,1.0,1.0,61.0,0.0,0.0,0.040821994520261584,15.0,0.0,0.0,0.020408871631206547,0.0
gtzan/gtzan_disco_00065/track.npy,gtzan,1.0,0.9383408168899824,0.9383408168899824,0.9383408168899824,1.0,1.0,1.0,1.0,1.0,0.9181049610329407,0.9181049610329407,0.9181049610329407,1.0,1.0,1.0,1.0,66.0,0.0,0.0,0.08701137698962733,16.0,0.0,0.0,0.022223136784709125,0.0
gtzan/gtzan_disco_00066/track.npy,gtzan,1.0,0.9712478381811708,0.9712478381811708,0.9712478381811708,1.0,1.0,1.0,1.0,1.0,0.9691638964685472,0.9691638964685472,0.9691638964685472,1.0,1.0,1.0,1.0,67.0,0.0,0.0,0.044451762570840825,16.0,0.0,0.0,0.022223136784710124,0.0
gtzan/gtzan_disco_00067/track.npy,gtzan,1.0,0.9529090127515044,0.9529090127515044,0.9529090127515044,1.0,1.0,1.0,1.0,1.0,0.9541234639645637,0.9541234639645637,0.9541234639645637,1.0,1.0,1.0,1.0,50.0,0.0,0.0,0.03390155167568665,12.0,0.0,0.0,0.008368249670516841,0.0
gtzan/gtzan_disco_00068/track.npy,gtzan,1.0,0.9000911708418855,0.9000911708418855,0.9000911708418855,1.0,1.0,1.0,1.0,1.0,0.8429092150193916,0.8429092150193916,0.8429092150193916,1.0,1.0,1.0,1.0,54.0,0.0,0.0,0.07145896398213997,13.0,0.0,0.0,0.017859041301039658,0.0
gtzan/gtzan_disco_00069/track.npy,gtzan,1.0,0.9589103002478265,0.9589103002478265,0.9589103002478265,1.0,1.0,1.0,1.0,1.0,0.9604707811045671,0.9604707811045671,0.9604707811045671,1.0,1.0,1.0,1.0,53.0,0.0,0.0,0.036367644170877234,13.0,0.0,0.0,0.008968669982759359,0.0
gtzan/gtzan_disco_00070/track.npy,gtzan,1.0,0.9230555571076685,0.9230555571076685,0.9230555571076685,1.0,1.0,1.0,1.0,1.0,0.9245207403815572,0.9245207403815572,0.9245207403815572,1.0,1.0,1.0,1.0,55.0,0.0,0.0,0.036367644170877234,14.0,0.0,0.0,0.02242156465215947,0.0
gtzan/gtzan_disco_00071/track.npy,gtzan,1.0,0.9763286062735118,0.9763286062735118,0.9763286062735118,1.0,1.0,1.0,1.0,1.0,0.9826924849932976,0.9826924849932976,0.9826924849932976,1.0,1.0,1.0,1.0,57.0,0.0,0.0,0.037740327982853906,14.0,0.0,0.0,0.019048194970693332,0.0
gtzan/gtzan_disco_00072/track.npy,gtzan,1.0,0.9387632208892522,0.9387632208892522,0.9387632208892522,1.0,1.0,1.0,1.0,1.0,0.914273353219837,0.914273353219837,0.914273353219837,1.0,1.0,1.0,1.0,69.0,0.0,0.0,0.09097177820573288,17.0,0.0,0.0,0.022728251077556206,0.0
gtzan/gtzan_disco_00073/track.npy,gtzan,1.0,0.9631020184879926,0.9631020184879926,0.9631020184879926,1.0,1.0,1.0,1.0,1.0,0.9602647547402724,0.9602647547402724,0.9602647547402724,1.0,1.0,1.0,1.0,57.0,0.0,0.0,0.03774032798285287,14.0,0.0,0.0,0.009478743954543956,0.0
gtzan/gtzan_disco_00074/track.npy,gtzan,1.0,0.967516599835662,0.967516599835662,0.967516599835662,1.0,1.0,1.0,1.0,1.0,0.9603578524754659,0.9603578524754659,0.9603578524754659,1.0,1.0,1.0,1.0,56.0,0.0,0.0,0.07410797215372356,14.0,0.0,0.0,0.018692133012152425,0.0
gtzan/gtzan_disco_00075/track.npy,gtzan,1.0,0.958173104297199,0.958173104297199,0.958173104297199,1.0,1.0,1.0,1.0,1.0,0.9588945942755067,0.9588945942755067,0.9588945942755067,1.0,1.0,1.0,1.0,67.0,0.0,0.0,0.08701137698962769,17.0,0.0,0.0,0.033152207316900065,0.0
gtzan/gtzan_disco_00076/track.npy,gtzan,1.0,0.9729779643203343,0.9729779643203343,0.9729779643203343,1.0,1.0,1.0,1.0,1.0,0.973123279966205,0.973123279966205,0.973123279966205,1.0,1.0,1.0,1.0,63.0,0.0,0.0,0.08338160893904922,16.0,0.0,0.0,0.021277398447286378,0.0
gtzan/gtzan_disco_00077/track.npy,gtzan,0.9896907216494846,0.9627547490588277,0.9627547490588277,0.9627547490588277,0.9795918367346939,0.9795918367346939,0.9795918367346939,0.9795918367346939,0.9600000000000001,0.9219517315061252,0.9219517315061252,0.9219517315061252,0.9230769230769231,0.9230769230769231,0.9230769230769231,0.9230769230769231,59.0,0.0,0.0,0.03922071315328459,15.0,0.0,0.0,0.023473235753071194,0.0
gtzan/gtzan_disco_00078/track.npy,gtzan,1.0,0.8953418210348706,0.8953418210348706,0.8953418210348706,1.0,1.0,1.0,1.0,1.0,0.9009774296323483,0.9009774296323483,0.9009774296323483,1.0,1.0,1.0,1.0,64.0,0.0,0.0,0.08682988858709884,16.0,0.0,0.0,0.025243035723769253,0.0
gtzan/gtzan_disco_00079/track.npy,gtzan,1.0,0.9737522221119181,0.9737522221119181,0.9737522221119181,1.0,1.0,1.0,1.0,1.0,0.9716799865790885,0.9716799865790885,0.9716799865790885,1.0,1.0,1.0,1.0,61.0,0.0,0.0,0.04082199452025829,16.0,0.0,0.0,0.010050335853501392,0.0
gtzan/gtzan_disco_00080/track.npy,gtzan,1.0,0.9460411815725347,0.9460411815725347,0.9460411815725347,1.0,1.0,1.0,1.0,1.0,0.9365310645086291,0.9365310645086291,0.9365310645086291,1.0,1.0,1.0,1.0,50.0,0.0,0.0,0.05381558182590868,13.0,0.0,0.0,0.012346306295186404,0.0
gtzan/gtzan_disco_00081/track.npy,gtzan,0.9629629629629629,0.87068916594515,0.87068916594515,0.87068916594515,0.9444444444444444,0.9629629629629629,0.9444444444444444,0.9629629629629629,1.0,0.8451937396509728,0.8451937396509728,0.8451937396509728,1.0,1.0,1.0,1.0,65.0,0.0,0.0,0.08701137698962991,17.0,0.0,0.0,0.027985874971122295,0.0
gtzan/gtzan_disco_00082/track.npy,gtzan,1.0,0.8938413944011921,0.8938413944011921,0.8938413944011921,1.0,1.0,1.0,1.0,1.0,0.9391378919228596,0.9391378919228596,0.9391378919228596,1.0,1.0,1.0,1.0,62.0,0.0,0.0,0.08338160893904922,15.0,0.0,0.0,0.010256500167190707,0.0
gtzan/gtzan_disco_00083/track.npy,gtzan,1.0,0.9711195716428446,0.9711195716428446,0.9711195716428446,1.0,1.0,1.0,1.0,1.0,0.9640938813625416,0.9640938813625416,0.9640938813625416,1.0,1.0,1.0,1.0,58.0,0.0,0.0,0.07696104113612845,14.0,0.0,0.0,0.014104034855646905,0.0
gtzan/gtzan_disco_00084/track.npy,gtzan,1.0,0.9436063797542814,0.9436063797542814,0.9436063797542814,1.0,1.0,1.0,1.0,1.0,0.931605172715346,0.931605172715346,0.931605172715346,1.0,1.0,1.0,1.0,57.0,0.0,0.0,0.0769610411361243,14.0,0.0,0.0,0.01904819497069455,0.0
gtzan/gtzan_disco_00085/track.npy,gtzan,1.0,0.9738774259609807,0.9738774259609807,0.9738774259609807,1.0,1.0,1.0,1.0,1.0,0.9675020328672382,0.9675020328672382,0.9675020328672382,1.0,1.0,1.0,1.0,62.0,0.0,0.0,0.040821994520261584,16.0,0.0,0.0,0.003589775058517427,0.0
gtzan/gtzan_disco_00086/track.npy,gtzan,1.0,0.9628558616525471,0.9628558616525471,0.9628558616525471,1.0,1.0,1.0,1.0,1.0,0.9827588903918959,0.9827588903918959,0.9827588903918959,1.0,1.0,1.0,1.0,63.0,0.0,0.0,0.04255961441879885,16.0,0.0,0.0,0.014023095434700414,0.0
gtzan/gtzan_disco_00087/track.npy,gtzan,1.0,0.937681514677235,0.937681514677235,0.937681514677235,1.0,1.0,1.0,1.0,1.0,0.9638946416842008,0.9638946416842008,0.9638946416842008,1.0,1.0,1.0,1.0,53.0,0.0,0.0,0.036367644170877234,13.0,0.0,0.0,0.02643325706815547,0.0
gtzan/gtzan_disco_00088/track.npy,gtzan,1.0,0.9543674926465662,0.9543674926465662,0.9543674926465662,1.0,1.0,1.0,1.0,1.0,0.9550941922703273,0.9550941922703273,0.9550941922703273,1.0,1.0,1.0,1.0,62.0,0.0,0.0,0.04082199452025613,15.0,0.0,0.0,0.01036278703554816,0.0
gtzan/gtzan_disco_00089/track.npy,gtzan,0.9908256880733944,0.9070700500362489,0.9070700500362489,0.9070700500362489,0.9818181818181818,0.9818181818181818,0.9818181818181818,0.9818181818181818,0.962962962962963,0.8028842750019701,0.8028842750019701,0.8028842750019701,0.9285714285714286,0.9285714285714286,0.9285714285714286,0.9285714285714286,65.0,0.0,0.0,0.08701137698962935,17.0,0.0,0.0,0.021739986636405584,0.0
gtzan/gtzan_disco_00090/track.npy,gtzan,1.0,0.9621933533381561,0.9621933533381561,0.9621933533381561,1.0,1.0,1.0,1.0,1.0,0.9615176745308855,0.9615176745308855,0.9615176745308855,1.0,1.0,1.0,1.0,64.0,0.0,0.0,0.0870113769896316,16.0,0.0,0.0,0.025209943486650982,0.0
gtzan/gtzan_disco_00091/track.npy,gtzan,1.0,0.966261631092304,0.966261631092304,0.966261631092304,1.0,1.0,1.0,1.0,1.0,0.9708880812044353,0.9708880812044353,0.9708880812044353,1.0,1.0,1.0,1.0,50.0,0.0,0.0,0.06669137449867164,12.0,0.0,0.0,0.012932591218598346,0.0
gtzan/gtzan_disco_00092/track.npy,gtzan,1.0,0.9170408565771823,0.9170408565771823,0.9170408565771823,1.0,1.0,1.0,1.0,1.0,0.8928051739880553,0.8928051739880553,0.8928051739880553,1.0,1.0,1.0,1.0,58.0,0.0,0.0,0.07696104113612845,14.0,0.0,0.0,0.019231361927887415,0.0
gtzan/gtzan_disco_00093/track.npy,gtzan,1.0,0.9760197508026561,0.9760197508026561,0.9760197508026561,1.0,1.0,1.0,1.0,1.0,0.9631811663071861,0.9631811663071861,0.9631811663071861,1.0,1.0,1.0,1.0,55.0,0.0,0.0,0.0377403279828471,13.0,0.0,0.0,0.013954394058538211,0.0
gtzan/gtzan_disco_00094/track.npy,gtzan,0.9491525423728815,0.7263891576252728,0.7263891576252728,0.7263891576252728,0.7666666666666667,0.9,0.7666666666666667,0.9,0.13333333333333333,0.131646181622183,0.5566736734305165,0.3441599275263498,0.2,0.2,0.7333333333333333,0.7333333333333333,72.0,0.0,0.0,0.11172930953664806,18.0,0.0,0.0,0.22821017058834273,0.0
gtzan/gtzan_disco_00095/track.npy,gtzan,1.0,0.928677888197442,0.928677888197442,0.928677888197442,1.0,1.0,1.0,1.0,1.0,0.886162127132435,0.886162127132435,0.886162127132435,1.0,1.0,1.0,1.0,60.0,0.0,0.0,0.040821994520261584,15.0,0.0,0.0,0.02020270731751932,0.0
gtzan/gtzan_disco_00096/track.npy,gtzan,1.0,0.9296205871341159,0.9296205871341159,0.9296205871341159,1.0,1.0,1.0,1.0,1.0,0.9305333236550709,0.9305333236550709,0.9305333236550709,1.0,1.0,1.0,1.0,51.0,0.0,0.0,0.06899287148694377,13.0,0.0,0.0,0.012839088525345488,0.0
gtzan/gtzan_disco_00097/track.npy,gtzan,1.0,0.9761184919789306,0.9761184919789306,0.9761184919789306,1.0,1.0,1.0,1.0,1.0,0.989080892414849,0.989080892414849,0.989080892414849,1.0,1.0,1.0,1.0,66.0,0.0,0.0,0.08701137698962988,17.0,0.0,0.0,0.025054937492381024,0.0
gtzan/gtzan_disco_00098/track.npy,gtzan,0.9902912621359222,0.8182305467101822,0.8182305467101822,0.8182305467101822,0.9807692307692307,0.9807692307692307,0.9807692307692307,0.9807692307692307,1.0,0.808183076431339,0.808183076431339,0.808183076431339,1.0,1.0,1.0,1.0,62.0,0.0,0.0,0.04255961441879497,15.0,0.0,0.0,0.014254971530894086,0.0
gtzan/gtzan_disco_00099/track.npy,gtzan,0.9902912621359222,0.807939667898111,0.807939667898111,0.807939667898111,0.9807692307692307,0.9807692307692307,0.9807692307692307,0.9807692307692307,1.0,0.7935031212554022,0.7935031212554022,0.7935031212554022,1.0,1.0,1.0,1.0,62.0,0.0,0.0,0.04255961441879497,15.0,0.0,0.0,0.014254971530894086,0.0
gtzan/gtzan_hiphop_00000/track.npy,gtzan,1.0,0.9653412779540322,0.9653412779540322,0.9653412779540322,1.0,1.0,1.0,1.0,1.0,0.9715034480142037,0.9715034480142037,0.9715034480142037,1.0,1.0,1.0,1.0,60.0,0.0,0.0,0.04670510149324627,15.0,0.0,0.0,0.009950330853168632,0.0
gtzan/gtzan_hiphop_00001/track.npy,gtzan,0.9870129870129869,0.8855911418685181,0.8855911418685181,0.8855911418685181,0.9743589743589743,0.9743589743589743,0.9743589743589743,0.9743589743589743,1.0,0.9166575131334461,0.9166575131334461,0.9166575131334461,1.0,1.0,1.0,1.0,45.0,0.0,0.0,0.0625203569813354,11.0,0.0,0.0,0.02281467776617152,0.0
gtzan/gtzan_hiphop_00002/track.npy,gtzan,1.0,0.9110730018597979,0.9110730018597979,0.9110730018597979,1.0,1.0,1.0,1.0,1.0,0.870854152232903,0.870854152232903,0.870854152232903,1.0,1.0,1.0,1.0,50.0,0.0,0.0,0.05521493651062061,12.0,0.0,0.0,0.012825577339778267,0.0
gtzan/gtzan_hiphop_00003/track.npy,gtzan,0.9873417721518987,0.9677454605305487,0.9677454605305487,0.9677454605305487,0.975,0.975,0.975,0.975,0.0,1.2652602255976961e-220,0.931223727517815,0.4656118637589075,0.0,0.0,0.9,0.9,46.0,0.0,0.0,0.030771658666758156,12.0,0.0,0.0,0.012029265793704566,0.0
gtzan/gtzan_hiphop_00004/track.npy,gtzan,1.0,0.9836694075973214,0.9836694075973214,0.9836694075973214,1.0,1.0,1.0,1.0,0.0,2.1376023983594888e-203,0.9258189162260976,0.4629094581130488,0.0,0.0,0.9,0.9,48.0,0.0,0.0,0.056601346558928,12.0,0.0,0.0,0.016129381929884216,0.0
gtzan/gtzan_hiphop_00005/track.npy,gtzan,0.9747899159663865,0.8754164177630532,0.8754164177630532,0.8754164177630532,0.9666666666666667,0.9666666666666667,0.9666666666666667,0.9666666666666667,0.9333333333333333,0.8599708044776094,0.8599708044776094,0.8599708044776094,1.0,1.0,1.0,1.0,70.0,0.0,0.0,0.09531017980432555,18.0,0.0,0.0,0.014758467587802165,0.0
gtzan/gtzan_hiphop_00006/track.npy,gtzan,0.9879518072289156,0.9659704905328679,0.9659704905328679,0.9659704905328679,0.9761904761904762,0.9761904761904762,0.9761904761904762,0.9761904761904762,0.0,2.1354058117790182e-194,0.8929168791232701,0.44645843956163506,0.0,0.0,0.8181818181818182,0.8181818181818182,50.0,0.0,0.0,0.06669137449867145,13.0,0.0,0.0,0.00829880281469536,0.0
gtzan/gtzan_hiphop_00007/track.npy,gtzan,0.94,0.920818213031894,0.920818213031894,0.920818213031894,0.96,0.96,0.96,0.96,0.9230769230769231,0.9121086801943421,0.9121086801943421,0.9121086801943421,1.0,1.0,1.0,1.0,60.0,0.0,0.0,0.08004270767353495,15.0,0.0,0.0,0.010050335853501857,0.0
gtzan/gtzan_hiphop_00008/track.npy,gtzan,0.8641975308641976,0.7803070998360866,0.7803070998360866,0.7803070998360866,0.5777777777777777,0.5777777777777777,0.5777777777777777,0.5777777777777777,0.6,0.5387327739510263,0.5387327739510263,0.5387327739510263,0.5454545454545454,0.5454545454545454,0.5454545454545454,0.5454545454545454,52.0,0.0,0.0,0.11778303565638115,13.0,0.0,0.0,0.3429893455406664,0.0
gtzan/gtzan_hiphop_00009/track.npy,gtzan,0.9655172413793104,0.8892757287398732,0.8892757287398732,0.8892757287398732,0.9545454545454546,0.9545454545454546,0.9545454545454546,0.9545454545454546,0.9523809523809523,0.8482949571904518,0.8482949571904518,0.8482949571904518,0.9090909090909091,0.9090909090909091,0.9090909090909091,0.9090909090909091,52.0,0.0,0.0,0.06899287148694999,13.0,0.0,0.0,0.00858374369139181,0.0
gtzan/gtzan_hiphop_00010/track.npy,gtzan,0.9876543209876543,0.937498829998302,0.937498829998302,0.937498829998302,0.975609756097561,0.975609756097561,0.975609756097561,0.975609756097561,1.0,0.9746027849816059,0.9746027849816059,0.9746027849816059,1.0,1.0,1.0,1.0,48.0,0.0,0.0,0.06453852113757264,12.0,0.0,0.0,0.01241466500431134,0.0
gtzan/gtzan_hiphop_00011/track.npy,gtzan,1.0,0.968077772221211,0.968077772221211,0.968077772221211,1.0,1.0,1.0,1.0,1.0,0.9759519937793438,0.9759519937793438,0.9759519937793438,1.0,1.0,1.0,1.0,50.0,0.0,0.0,0.06669137449867565,12.0,0.0,0.0,0.008298802814696415,0.0
gtzan/gtzan_hiphop_00012/track.npy,gtzan,0.9879518072289156,0.9258991607756355,0.9258991607756355,0.9258991607756355,0.9761904761904762,0.9761904761904762,0.9761904761904762,0.9761904761904762,1.0,0.9378415005039598,0.9378415005039598,0.9378415005039598,1.0,1.0,1.0,1.0,49.0,0.0,0.0,0.06604551849034383,12.0,0.0,0.0,0.020847275403618006,0.0
gtzan/gtzan_hiphop_00013/track.npy,gtzan,1.0,0.9613163274914329,0.9613163274914329,0.9613163274914329,1.0,1.0,1.0,1.0,1.0,0.9721822210898462,0.9721822210898462,0.9721822210898462,1.0,1.0,1.0,1.0,51.0,0.0,0.0,0.03390155167568665,13.0,0.0,0.0,0.012730123990841391,0.0
gtzan/gtzan_hiphop_00014/track.npy,gtzan,1.0,0.92016206285075,0.92016206285075,0.92016206285075,1.0,1.0,1.0,1.0,1.0,0.9072340015184873,0.9072340015184873,0.9072340015184873,1.0,1.0,1.0,1.0,67.0,0.0,0.0,0.04610636502207505,17.0,0.0,0.0,0.03953167957860817,0.0
gtzan/gtzan_hiphop_00015/track.npy,gtzan,1.0,0.9083774702249133,0.9083774702249133,0.9083774702249133,1.0,1.0,1.0,1.0,1.0,0.8962051374563622,0.8962051374563622,0.8962051374563622,1.0,1.0,1.0,1.0,50.0,0.0,0.0,0.0666913744986708,12.0,0.0,0.0,0.008230499136515301,0.0
gtzan/gtzan_hiphop_00016/track.npy,gtzan,1.0,0.9578909905956005,0.9578909905956005,0.9578909905956005,1.0,1.0,1.0,1.0,1.0,0.9621867025098432,0.9621867025098432,0.9621867025098432,1.0,1.0,1.0,1.0,51.0,0.0,0.0,0.0666913744986743,13.0,0.0,0.0,0.008438868645865072,0.0
gtzan/gtzan_hiphop_00017/track.npy,gtzan,0.9876543209876543,0.9596139357196235,0.9596139357196235,0.9596139357196235,0.975609756097561,0.975609756097561,0.975609756097561,0.975609756097561,1.0,0.9743255677524394,0.9743255677524394,0.9743255677524394,1.0,1.0,1.0,1.0,49.0,0.0,0.0,0.03278982282299309,12.0,0.0,0.0,0.008163310639160759,0.0
gtzan/gtzan_hiphop_00018/track.npy,gtzan,0.9772727272727273,0.7476682056437615,0.7476682056437615,0.7476682056437615,1.0,1.0,1.0,1.0,1.0,0.81408164875413,0.81408164875413,0.81408164875413,1.0,1.0,1.0,1.0,53.0,0.0,0.0,0.07145896398214668,13.0,0.0,0.0,0.03942305293972387,0.0
gtzan/gtzan_hiphop_00019/track.npy,gtzan,1.0,0.9382977549793748,0.9382977549793748,0.9382977549793748,1.0,1.0,1.0,1.0,1.0,0.8996825283587438,0.8996825283587438,0.8996825283587438,1.0,1.0,1.0,1.0,51.0,0.0,0.0,0.06669137449867243,13.0,0.0,0.0,0.016807118316381542,0.0
gtzan/gtzan_hiphop_00020/track.npy,gtzan,0.9896907216494846,0.9238400246285712,0.9238400246285712,0.9238400246285712,0.9795918367346939,0.9795918367346939,0.9795918367346939,0.9795918367346939,0.9600000000000001,0.8960012070606465,0.8960012070606465,0.8960012070606465,0.9230769230769231,0.9230769230769231,0.9230769230769231,0.9230769230769231,58.0,0.0,0.0,0.07696104113612678,14.0,0.0,0.0,0.023724338814370166,0.0
gtzan/gtzan_hiphop_00021/track.npy,gtzan,1.0,0.9621646524848393,0.9621646524848393,0.9621646524848393,1.0,1.0,1.0,1.0,1.0,0.9627626516219593,0.9627626516219593,0.9627626516219593,1.0,1.0,1.0,1.0,50.0,0.0,0.0,0.055214936510630155,12.0,0.0,0.0,0.021552095632557503,0.0
gtzan/gtzan_hiphop_00022/track.npy,gtzan,1.0,0.9523645482808079,0.9523645482808079,0.9523645482808079,1.0,1.0,1.0,1.0,1.0,0.9508233291388503,0.9508233291388503,0.9508233291388503,1.0,1.0,1.0,1.0,50.0,0.0,0.0,0.06818734754105672,13.0,0.0,0.0,0.01680711831638093,0.0
gtzan/gtzan_hiphop_00023/track.npy,gtzan,0.9367088607594937,0.8562946165230995,0.8562946165230995,0.8562946165230995,0.975,0.975,0.975,0.975,0.9,0.8614438534535745,0.8614438534535745,0.8614438534535745,1.0,1.0,1.0,1.0,47.0,0.0,0.0,0.06252035698133372,12.0,0.0,0.0,0.03974057877851837,0.0
gtzan/gtzan_hiphop_00024/track.npy,gtzan,1.0,0.9674671982253356,0.9674671982253356,0.9674671982253356,1.0,1.0,1.0,1.0,1.0,0.9682666086290329,0.9682666086290329,0.9682666086290329,1.0,1.0,1.0,1.0,51.0,0.0,0.0,0.05405135262371029,13.0,0.0,0.0,0.021241430159469332,0.0
gtzan/gtzan_hiphop_00025/track.npy,gtzan,1.0,0.9446954554334684,0.9446954554334684,0.9446954554334684,1.0,1.0,1.0,1.0,1.0,0.9589062228824848,0.9589062228824848,0.9589062228824848,1.0,1.0,1.0,1.0,53.0,0.0,0.0,0.07145896398214385,13.0,0.0,0.0,0.017699577099402175,0.0
gtzan/gtzan_hiphop_00026/track.npy,gtzan,1.0,0.8810591969180193,0.8810591969180193,0.8810591969180193,1.0,1.0,1.0,1.0,1.0,0.8471214468204643,0.8471214468204643,0.8471214468204643,1.0,1.0,1.0,1.0,52.0,0.0,0.0,0.0689928714869561,13.0,0.0,0.0,0.021313867682231924,0.0
gtzan/gtzan_hiphop_00027/track.npy,gtzan,1.0,0.9499037279371237,0.9499037279371237,0.9499037279371237,1.0,1.0,1.0,1.0,0.0,7.56673152493384e-227,0.9405902217681749,0.47029511088408743,0.0,0.0,1.0,1.0,46.0,0.0,0.0,0.060624621816434944,11.0,0.0,0.0,0.007604599385218802,0.0
gtzan/gtzan_hiphop_00028/track.npy,gtzan,0.7105263157894737,0.4967200110029644,0.4967200110029644,0.4967200110029644,1.0,1.0,1.0,1.0,0.6666666666666666,0.4113246799945702,0.4113246799945702,0.4113246799945702,1.0,1.0,1.0,1.0,44.0,0.0,0.0,0.08701137698963808,11.0,0.0,0.0,0.029852963149680688,0.0
gtzan/gtzan_hiphop_00029/track.npy,gtzan,0.975,0.9000973274854884,0.9000973274854884,0.9000973274854884,1.0,1.0,1.0,1.0,1.0,0.913701032761975,0.913701032761975,0.913701032761975,1.0,1.0,1.0,1.0,47.0,0.0,0.0,0.06413488830632702,12.0,0.0,0.0,0.03199220277190783,0.0
gtzan/gtzan_hiphop_00030/track.npy,gtzan,0.6266666666666667,0.5756198933820689,0.5950667629936516,0.5853433281878602,0.49333333333333335,0.6266666666666667,0.49333333333333335,0.6266666666666667,0.631578947368421,0.575594602458767,0.575594602458767,0.575594602458767,1.0,1.0,1.0,1.0,90.0,0.0,0.0,0.11778303565638337,22.0,0.0,0.0,0.07380651669397556,0.0
gtzan/gtzan_hiphop_00031/track.npy,gtzan,1.0,0.9591142210760906,0.9591142210760906,0.9591142210760906,1.0,1.0,1.0,1.0,1.0,0.9482221272706868,0.9482221272706868,0.9482221272706868,1.0,1.0,1.0,1.0,50.0,0.0,0.0,0.06669137449867565,12.0,0.0,0.0,0.008368249670516841,0.0
gtzan/gtzan_hiphop_00032/track.npy,gtzan,0.9879518072289156,0.6933592123316755,0.6933592123316755,0.6933592123316755,0.9761904761904762,0.9761904761904762,0.9761904761904762,0.9761904761904762,1.0,0.7646250076566784,0.7646250076566784,0.7646250076566784,1.0,1.0,1.0,1.0,51.0,0.0,0.0,0.033901551675683005,13.0,0.0,0.0,0.033273249726572085,0.0
gtzan/gtzan_hiphop_00033/track.npy,gtzan,1.0,0.9386857390232992,0.9386857390232992,0.9386857390232992,1.0,1.0,1.0,1.0,1.0,0.9556467092133415,0.9556467092133415,0.9556467092133415,1.0,1.0,1.0,1.0,49.0,0.0,0.0,0.06453852113757563,12.0,0.0,0.0,0.016260520871780648,0.0
gtzan/gtzan_hiphop_00034/track.npy,gtzan,0.926829268292683,0.7706177674674778,0.7706177674674778,0.7706177674674778,0.9512195121951219,0.975609756097561,0.9512195121951219,0.975609756097561,0.9,0.7853355700085892,0.7853355700085892,0.7853355700085892,1.0,1.0,1.0,1.0,50.0,0.0,0.0,0.06669137449867313,12.0,0.0,0.0,0.016408350465467385,0.0
gtzan/gtzan_hiphop_00035/track.npy,gtzan,1.0,0.9679554498840317,0.9679554498840317,0.9679554498840317,1.0,1.0,1.0,1.0,1.0,0.9594181542629889,0.9594181542629889,0.9594181542629889,1.0,1.0,1.0,1.0,43.0,0.0,0.0,0.0555698511548145,11.0,0.0,0.0,0.00701757265864722,0.0
gtzan/gtzan_hiphop_00036/track.npy,gtzan,1.0,0.9292946668502323,0.9292946668502323,0.9292946668502323,1.0,1.0,1.0,1.0,1.0,0.9172081423190145,0.9172081423190145,0.9172081423190145,1.0,1.0,1.0,1.0,59.0,0.0,0.0,0.0775773744436097,15.0,0.0,0.0,0.02335900443430697,0.0
gtzan/gtzan_hiphop_00037/track.npy,gtzan,1.0,0.9730235551624906,0.9730235551624906,0.9730235551624906,1.0,1.0,1.0,1.0,1.0,0.9783447560139279,0.9783447560139279,0.9783447560139279,1.0,1.0,1.0,1.0,35.0,0.0,0.0,0.08940548557421352,9.0,0.0,0.0,0.19576056624003374,0.0
gtzan/gtzan_hiphop_00038/track.npy,gtzan,1.0,0.9766108363528131,0.9766108363528131,0.9766108363528131,1.0,1.0,1.0,1.0,1.0,0.9782936802415405,0.9782936802415405,0.9782936802415405,1.0,1.0,1.0,1.0,47.0,0.0,0.0,0.060624621816434895,12.0,0.0,0.0,0.0076045993852194346,0.0
gtzan/gtzan_hiphop_00039/track.npy,gtzan,1.0,0.8859196317418367,0.8859196317418367,0.8859196317418367,1.0,1.0,1.0,1.0,1.0,0.872138271906109,0.872138271906109,0.872138271906109,1.0,1.0,1.0,1.0,49.0,0.0,0.0,0.06252035698133657,13.0,0.0,0.0,0.04367641308467124,0.0
gtzan/gtzan_hiphop_00040/track.npy,gtzan,0.9714285714285714,0.8985041394487898,0.8985041394487898,0.8985041394487898,1.0,1.0,1.0,1.0,1.0,0.9656058146401552,0.9656058146401552,0.9656058146401552,1.0,1.0,1.0,1.0,41.0,0.0,0.0,0.0779615414697104,10.0,0.0,0.0,0.01333353086946546,0.0
gtzan/gtzan_hiphop_00041/track.npy,gtzan,0.9367088607594937,0.8650073888846548,0.8650073888846548,0.8650073888846548,0.975,0.975,0.975,0.975,0.9,0.8640764956777304,0.8640764956777304,0.8640764956777304,1.0,1.0,1.0,1.0,48.0,0.0,0.0,0.0640339800985118,12.0,0.0,0.0,0.05479084818539006,0.0
gtzan/gtzan_hiphop_00042/track.npy,gtzan,1.0,0.7597326746424863,0.7597326746424863,0.7597326746424863,1.0,1.0,1.0,1.0,0.0,4.3807753832434986e-219,0.6856729208779463,0.34283646043897315,0.0,0.0,0.9,0.9,47.0,0.0,0.0,0.06062462181643358,12.0,0.0,0.0,0.019366385030665293,0.0
gtzan/gtzan_hiphop_00043/track.npy,gtzan,1.0,0.9028498001078897,0.9028498001078897,0.9028498001078897,1.0,1.0,1.0,1.0,1.0,0.8626947736569004,0.8626947736569004,0.8626947736569004,1.0,1.0,1.0,1.0,45.0,0.0,0.0,0.06062462181643592,11.0,0.0,0.0,0.019353714595249726,0.0
gtzan/gtzan_hiphop_00044/track.npy,gtzan,0.8125,0.6729533990330352,0.6729533990330352,0.6729533990330352,0.7,0.7,0.7,0.7,0.08333333333333334,0.023169775037766127,0.03271027064155218,0.027940022839659153,0.0,0.0,0.0,0.0,52.0,0.0,0.0,0.16338458885843765,13.0,0.0,0.0,0.3884230997182955,0.0
gtzan/gtzan_hiphop_00045/track.npy,gtzan,1.0,0.8859196317418367,0.8859196317418367,0.8859196317418367,1.0,1.0,1.0,1.0,1.0,0.872138271906109,0.872138271906109,0.872138271906109,1.0,1.0,1.0,1.0,49.0,0.0,0.0,0.06252035698133657,13.0,0.0,0.0,0.04367641308467124,0.0
gtzan/gtzan_hiphop_00046/track.npy,gtzan,0.9876543209876543,0.9710215861104666,0.9710215861104666,0.9710215861104666,0.975609756097561,0.975609756097561,0.975609756097561,0.975609756097561,0.9523809523809523,0.9368785142375528,0.9368785142375528,0.9368785142375528,0.9090909090909091,0.9090909090909091,0.9090909090909091,0.9090909090909091,48.0,0.0,0.0,0.056601346558924764,12.0,0.0,0.0,0.01676251373322384,0.0
gtzan/gtzan_hiphop_00047/track.npy,gtzan,0.9876543209876543,0.9694583042556135,0.9694583042556135,0.9694583042556135,0.975609756097561,0.975609756097561,0.975609756097561,0.975609756097561,1.0,0.9802543942398667,0.9802543942398667,0.9802543942398667,1.0,1.0,1.0,1.0,48.0,0.0,0.0,0.032789822822991296,12.0,0.0,0.0,0.008097210232620555,0.0
gtzan/gtzan_hiphop_00048/track.npy,gtzan,1.0,0.96612792213091,0.96612792213091,0.96612792213091,1.0,1.0,1.0,1.0,1.0,0.9727425273620728,0.9727425273620728,0.9727425273620728,1.0,1.0,1.0,1.0,49.0,0.0,0.0,0.03278982282299224,12.0,0.0,0.0,0.008032171697264173,0.0
gtzan/gtzan_hiphop_00049/track.npy,gtzan,0.9523809523809523,0.9198331632351247,0.9198331632351247,0.9198331632351247,0.7619047619047619,0.9285714285714286,0.7619047619047619,0.9285714285714286,0.9090909090909091,0.8577726703769332,0.8577726703769332,0.8577726703769332,1.0,1.0,1.0,1.0,51.0,0.0,0.0,0.03390155167568665,13.0,0.0,0.0,0.012730123990841058,0.0
gtzan/gtzan_hiphop_00050/track.npy,gtzan,0.9879518072289156,0.9129162617067401,0.9129162617067401,0.9129162617067401,0.9761904761904762,0.9761904761904762,0.9761904761904762,0.9761904761904762,1.0,0.9145141020294496,0.9145141020294496,0.9145141020294496,1.0,1.0,1.0,1.0,49.0,0.0,0.0,0.055347430299000834,12.0,0.0,0.0,0.01272031998805406,0.0
gtzan/gtzan_hiphop_00051/track.npy,gtzan,1.0,0.8728391886256843,0.8728391886256843,0.8728391886256843,1.0,1.0,1.0,1.0,1.0,0.9156389522141871,0.9156389522141871,0.9156389522141871,1.0,1.0,1.0,1.0,53.0,0.0,0.0,0.06899287148695155,13.0,0.0,0.0,0.021873341022465576,0.0
gtzan/gtzan_hiphop_00052/track.npy,gtzan,1.0,0.9291157282129638,0.9291157282129638,0.9291157282129638,1.0,1.0,1.0,1.0,1.0,0.9303040431104094,0.9303040431104094,0.9303040431104094,1.0,1.0,1.0,1.0,53.0,0.0,0.0,0.0702259177345404,13.0,0.0,0.0,0.030687320301032217,0.0
gtzan/gtzan_hiphop_00053/track.npy,gtzan,1.0,0.9820765109990425,0.9820765109990425,0.9820765109990425,1.0,1.0,1.0,1.0,1.0,0.9969991430116477,0.9969991430116477,0.9969991430116477,1.0,1.0,1.0,1.0,55.0,0.0,0.0,0.03691671769566711,13.0,0.0,0.0,1.6653345369377348e-15,0.0
gtzan/gtzan_hiphop_00054/track.npy,gtzan,0.967741935483871,0.912646375000954,0.912646375000954,0.912646375000954,0.9787234042553191,0.9787234042553191,0.9787234042553191,0.9787234042553191,1.0,0.8999415197033747,0.8999415197033747,0.8999415197033747,1.0,1.0,1.0,1.0,57.0,0.0,0.0,0.03774032798285287,14.0,0.0,0.0,0.02307774405092379,0.0
gtzan/gtzan_hiphop_00055/track.npy,gtzan,1.0,0.9403403338768939,0.9403403338768939,0.9403403338768939,1.0,1.0,1.0,1.0,1.0,0.9499958469113766,0.9499958469113766,0.9499958469113766,1.0,1.0,1.0,1.0,41.0,0.0,0.0,0.05309520152086981,10.0,0.0,0.0,0.006825965070401008,0.0
gtzan/gtzan_hiphop_00056/track.npy,gtzan,1.0,0.9785420505634658,0.9785420505634658,0.9785420505634658,1.0,1.0,1.0,1.0,0.0,9.865757029209769e-189,0.9625259441042002,0.4812629720521001,0.0,0.0,1.0,1.0,50.0,0.0,0.0,0.06669137449866491,12.0,0.0,0.0,0.016807118316381597,0.0
gtzan/gtzan_hiphop_00057/track.npy,gtzan,0.989247311827957,0.7885408303610124,0.7885408303610124,0.7885408303610124,0.9787234042553191,0.9787234042553191,0.9787234042553191,0.9787234042553191,0.0,1.6280712362777953e-150,0.8152231967507751,0.4076115983753876,0.0,0.0,1.0,1.0,55.0,0.0,0.0,0.07410797215372356,13.0,0.0,0.0,0.01834913866819654,0.0
gtzan/gtzan_hiphop_00058/track.npy,gtzan,0.9866666666666666,0.8997778656779589,0.8997778656779589,0.8997778656779589,0.9736842105263158,0.9736842105263158,0.9736842105263158,0.9736842105263158,1.0,0.8229913390112655,0.8229913390112655,0.8229913390112655,1.0,1.0,1.0,1.0,45.0,0.0,0.0,0.06062462181643358,11.0,0.0,0.0,0.015151805020603315,0.0
gtzan/gtzan_hiphop_00059/track.npy,gtzan,1.0,0.946852563667879,0.946852563667879,0.946852563667879,1.0,1.0,1.0,1.0,1.0,0.9675339053500854,0.9675339053500854,0.9675339053500854,1.0,1.0,1.0,1.0,46.0,0.0,0.0,0.030771658666758572,11.0,0.0,0.0,0.007662872745569205,0.0
gtzan/gtzan_hiphop_00060/track.npy,gtzan,1.0,0.9084344064201808,0.9084344064201808,0.9084344064201808,1.0,1.0,1.0,1.0,1.0,0.9068778496041854,0.9068778496041854,0.9068778496041854,1.0,1.0,1.0,1.0,46.0,0.0,0.0,0.030771658666758572,11.0,0.0,0.0,0.007547205635383603,0.0
gtzan/gtzan_hiphop_00061/track.npy,gtzan,1.0,0.9422987452159719,0.9422987452159719,0.9422987452159719,1.0,1.0,1.0,1.0,1.0,0.9653672449104811,0.9653672449104811,0.9653672449104811,1.0,1.0,1.0,1.0,46.0,0.0,0.0,0.06252035698133519,12.0,0.0,0.0,0.015504186535966302,0.0
gtzan/gtzan_hiphop_00062/track.npy,gtzan,0.9473684210526315,0.829637454619828,0.829637454619828,0.829637454619828,1.0,1.0,1.0,1.0,0.0,1.0659239973018931e-207,0.71185091467066,0.35592545733533,0.0,0.0,0.8,0.8,46.0,0.0,0.0,0.0878953756585668,12.0,0.0,0.0,0.031010236742559667,0.0
gtzan/gtzan_hiphop_00063/track.npy,gtzan,1.0,0.8522060043817058,0.8522060043817058,0.8522060043817058,1.0,1.0,1.0,1.0,0.0,2.2993979377672792e-200,0.6868902766359178,0.3434451383179589,0.0,0.0,0.8,0.8,47.0,0.0,0.0,0.06413488830632279,12.0,0.0,0.0,0.05491575759611435,0.0
gtzan/gtzan_hiphop_00064/track.npy,gtzan,0.9859154929577464,0.963888401234996,0.963888401234996,0.963888401234996,0.9722222222222222,0.9722222222222222,0.9722222222222222,0.9722222222222222,1.0,0.985564014672605,0.985564014672605,0.985564014672605,1.0,1.0,1.0,1.0,44.0,0.0,0.0,0.05715841383994978,11.0,0.0,0.0,0.007168489478612816,0.0
gtzan/gtzan_hiphop_00065/track.npy,gtzan,1.0,0.9665568448583809,0.9665568448583809,0.9665568448583809,1.0,1.0,1.0,1.0,1.0,0.9815782733995432,0.9815782733995432,0.9815782733995432,1.0,1.0,1.0,1.0,49.0,0.0,0.0,0.05501391164319175,13.0,0.0,0.0,0.016064861638162065,0.0
gtzan/gtzan_hiphop_00066/track.npy,gtzan,0.9736842105263158,0.9479361338278391,0.9479361338278391,0.9479361338278391,0.9487179487179487,0.9487179487179487,0.9487179487179487,0.9487179487179487,1.0,0.9787956250944934,0.9787956250944934,0.9787956250944934,1.0,1.0,1.0,1.0,46.0,0.0,0.0,0.06062462181643358,11.0,0.0,0.0,0.012225632376700577,0.0
gtzan/gtzan_hiphop_00067/track.npy,gtzan,1.0,0.9753969047405657,0.9753969047405657,0.9753969047405657,1.0,1.0,1.0,1.0,1.0,0.9883306861863819,0.9883306861863819,0.9883306861863819,1.0,1.0,1.0,1.0,49.0,0.0,0.0,0.05501391164319744,12.0,0.0,0.0,0.00809721023261969,0.0
gtzan/gtzan_hiphop_00068/track.npy,gtzan,1.0,0.969527453807341,0.969527453807341,0.969527453807341,1.0,1.0,1.0,1.0,1.0,0.9667373604391889,0.9667373604391889,0.9667373604391889,1.0,1.0,1.0,1.0,49.0,0.0,0.0,0.032789822822994585,13.0,0.0,0.0,0.01619495140083177,0.0
gtzan/gtzan_hiphop_00069/track.npy,gtzan,0.9767441860465116,0.8063846268049454,0.8063846268049454,0.8063846268049454,0.9767441860465116,0.9767441860465116,0.9767441860465116,0.9767441860465116,1.0,0.7984081558446637,0.7984081558446637,0.7984081558446637,1.0,1.0,1.0,1.0,51.0,0.0,0.0,0.03390155167568665,13.0,0.0,0.0,0.012730123990841391,0.0
gtzan/gtzan_hiphop_00070/track.npy,gtzan,1.0,0.9580594162953749,0.9580594162953749,0.9580594162953749,1.0,1.0,1.0,1.0,1.0,0.9671404025849848,0.9671404025849848,0.9671404025849848,1.0,1.0,1.0,1.0,48.0,0.0,0.0,0.06453852113757563,12.0,0.0,0.0,0.020511875236931595,0.0
gtzan/gtzan_hiphop_00071/track.npy,gtzan,1.0,0.9359569480141753,0.9359569480141753,0.9359569480141753,1.0,1.0,1.0,1.0,0.0,9.447279347923743e-200,0.9040396299387436,0.4520198149693718,0.0,0.0,1.0,1.0,47.0,0.0,0.0,0.06252035698133483,11.0,0.0,0.0,0.03354656575994414,0.0
gtzan/gtzan_hiphop_00072/track.npy,gtzan,1.0,0.9421988128462689,0.9421988128462689,0.9421988128462689,1.0,1.0,1.0,1.0,1.0,0.9531073865998148,0.9531073865998148,0.9531073865998148,1.0,1.0,1.0,1.0,49.0,0.0,0.0,0.032789822822996084,12.0,0.0,0.0,0.008163310639161554,0.0
gtzan/gtzan_hiphop_00073/track.npy,gtzan,0.9230769230769231,0.849053573897506,0.849053573897506,0.849053573897506,1.0,1.0,1.0,1.0,1.0,0.8452424859298132,0.8452424859298132,0.8452424859298132,1.0,1.0,1.0,1.0,47.0,0.0,0.0,0.06375574127334534,12.0,0.0,0.0,0.027480806885098776,0.0
gtzan/gtzan_hiphop_00074/track.npy,gtzan,1.0,0.9187678702401865,0.9187678702401865,0.9187678702401865,1.0,1.0,1.0,1.0,1.0,0.8864586428628595,0.8864586428628595,0.8864586428628595,1.0,1.0,1.0,1.0,49.0,0.0,0.0,0.032789822822996084,12.0,0.0,0.0,0.008298802814693529,0.0
gtzan/gtzan_hiphop_00075/track.npy,gtzan,0.9473684210526315,0.8828100670594176,0.8828100670594176,0.8828100670594176,1.0,1.0,1.0,1.0,0.7777777777777778,0.7766097213422823,0.7766097213422823,0.7766097213422823,1.0,1.0,1.0,1.0,45.0,0.0,0.0,0.08710479493447477,11.0,0.0,0.0,0.04763756254650468,0.0
gtzan/gtzan_hiphop_00076/track.npy,gtzan,0.975609756097561,0.8813024875875612,0.8813024875875612,0.8813024875875612,1.0,1.0,1.0,1.0,0.9,0.8505535941522588,0.8505535941522588,0.8505535941522588,1.0,1.0,1.0,1.0,49.0,0.0,0.0,0.0335680330198752,12.0,0.0,0.0,0.04169007057242667,0.0
gtzan/gtzan_hiphop_00077/track.npy,gtzan,0.5151515151515151,0.4026423133564116,0.4026423133564116,0.4026423133564116,0.0,0.0,0.0,0.0,0.5555555555555556,0.4514149461610972,0.47207726693106294,0.46174610654608006,0.0,0.0,0.0,0.0,20.0,0.0,0.0,0.06913295459366443,5.0,0.0,0.0,0.024265361845563226,0.0
gtzan/gtzan_hiphop_00078/track.npy,gtzan,0.975609756097561,0.8813024875875612,0.8813024875875612,0.8813024875875612,1.0,1.0,1.0,1.0,0.9,0.8505535941522588,0.8505535941522588,0.8505535941522588,1.0,1.0,1.0,1.0,49.0,0.0,0.0,0.0335680330198752,12.0,0.0,0.0,0.04169007057242667,0.0
gtzan/gtzan_hiphop_00079/track.npy,gtzan,0.8863636363636365,0.7326549621941555,0.7326549621941555,0.7326549621941555,1.0,1.0,1.0,1.0,0.9090909090909091,0.6953396249893783,0.6953396249893783,0.6953396249893783,1.0,1.0,1.0,1.0,53.0,0.0,0.0,0.03636764417086924,14.0,0.0,0.0,0.03419206996368377,0.0
gtzan/gtzan_hiphop_00080/track.npy,gtzan,0.925,0.7578895383455445,0.7578895383455445,0.7578895383455445,1.0,1.0,1.0,1.0,0.9,0.7503886143151138,0.7503886143151138,0.7503886143151138,1.0,1.0,1.0,1.0,48.0,0.0,0.0,0.06453852113757563,12.0,0.0,0.0,0.028445400307972938,0.0
gtzan/gtzan_hiphop_00081/track.npy,gtzan,0.988235294117647,0.9020431659153074,0.9020431659153074,0.9020431659153074,0.9767441860465116,0.9767441860465116,0.9767441860465116,0.9767441860465116,1.0,0.8791707221197083,0.8791707221197083,0.8791707221197083,1.0,1.0,1.0,1.0,52.0,0.0,0.0,0.03390155167568665,13.0,0.0,0.0,0.029609679829986357,0.0
gtzan/gtzan_hiphop_00082/track.npy,gtzan,0.9772727272727273,0.803108277360246,0.803108277360246,0.803108277360246,1.0,1.0,1.0,1.0,0.9090909090909091,0.7527297981106277,0.7527297981106277,0.7527297981106277,1.0,1.0,1.0,1.0,53.0,0.0,0.0,0.07145896398214585,13.0,0.0,0.0,0.03957565480265074,0.0
gtzan/gtzan_hiphop_00083/track.npy,gtzan,1.0,0.9258503586276328,0.9258503586276328,0.9258503586276328,1.0,1.0,1.0,1.0,1.0,0.9060860617873895,0.9060860617873895,0.9060860617873895,1.0,1.0,1.0,1.0,52.0,0.0,0.0,0.06899287148695164,13.0,0.0,0.0,0.017241806434506513,0.0
gtzan/gtzan_hiphop_00084/track.npy,gtzan,0.9473684210526315,0.73741316526498,0.73741316526498,0.73741316526498,0.5625,0.9583333333333334,0.5625,0.9583333333333334,1.0,0.7227248407017184,0.7227248407017184,0.7227248407017184,1.0,1.0,1.0,1.0,57.0,0.0,0.0,0.07696104113612845,14.0,0.0,0.0,0.028291053225922635,0.0
gtzan/gtzan_hiphop_00085/track.npy,gtzan,1.0,0.8846072726165876,0.8846072726165876,0.8846072726165876,1.0,1.0,1.0,1.0,1.0,0.8953599451217439,0.8953599451217439,0.8953599451217439,1.0,1.0,1.0,1.0,55.0,0.0,0.0,0.037740327982846635,14.0,0.0,0.0,0.022329813880406363,0.0
gtzan/gtzan_hiphop_00086/track.npy,gtzan,1.0,0.9683237898840129,0.9683237898840129,0.9683237898840129,1.0,1.0,1.0,1.0,1.0,0.9708225141874527,0.9708225141874527,0.9708225141874527,1.0,1.0,1.0,1.0,49.0,0.0,0.0,0.03356803301987543,12.0,0.0,0.0,0.008230499136516745,0.0
gtzan/gtzan_hiphop_00087/track.npy,gtzan,1.0,0.9478729460810705,0.9478729460810705,0.9478729460810705,1.0,1.0,1.0,1.0,1.0,0.952529862563097,0.952529862563097,0.952529862563097,1.0,1.0,1.0,1.0,51.0,0.0,0.0,0.03390155167568665,13.0,0.0,0.0,0.008438868645865849,0.0
gtzan/gtzan_hiphop_00088/track.npy,gtzan,1.0,0.9757867888202427,0.9757867888202427,0.9757867888202427,1.0,1.0,1.0,1.0,1.0,0.9722734941174879,0.9722734941174879,0.9722734941174879,1.0,1.0,1.0,1.0,58.0,0.0,0.0,0.07696104113612678,14.0,0.0,0.0,0.023724338814368848,0.0
gtzan/gtzan_hiphop_00089/track.npy,gtzan,0.9904761904761905,0.9667880264380665,0.9667880264380665,0.9667880264380665,0.9811320754716981,0.9811320754716981,0.9811320754716981,0.9811320754716981,1.0,0.97733769454845,0.97733769454845,0.97733769454845,1.0,1.0,1.0,1.0,64.0,0.0,0.0,0.08338160893905111,16.0,0.0,0.0,0.014247064284090484,0.0
gtzan/gtzan_hiphop_00090/track.npy,gtzan,1.0,0.9661129920790453,0.9661129920790453,0.9661129920790453,1.0,1.0,1.0,1.0,1.0,0.9758142788244021,0.9758142788244021,0.9758142788244021,1.0,1.0,1.0,1.0,58.0,0.0,0.0,0.07696104113612845,15.0,0.0,0.0,0.009569451016152253,0.0
gtzan/gtzan_hiphop_00091/track.npy,gtzan,1.0,0.9172807486594616,0.9172807486594616,0.9172807486594616,1.0,1.0,1.0,1.0,1.0,0.8822247954249428,0.8822247954249428,0.8822247954249428,1.0,1.0,1.0,1.0,51.0,0.0,0.0,0.03390155167568665,13.0,0.0,0.0,0.012730123990841113,0.0
gtzan/gtzan_hiphop_00092/track.npy,gtzan,1.0,0.9246753204013249,0.9246753204013249,0.9246753204013249,1.0,1.0,1.0,1.0,1.0,0.9310900173943751,0.9310900173943751,0.9310900173943751,1.0,1.0,1.0,1.0,57.0,0.0,0.0,0.07696104113612715,14.0,0.0,0.0,0.0190481949706941,0.0
gtzan/gtzan_hiphop_00093/track.npy,gtzan,1.0,0.9778681980229361,0.9778681980229361,0.9778681980229361,1.0,1.0,1.0,1.0,1.0,0.9718081924827072,0.9718081924827072,0.9718081924827072,1.0,1.0,1.0,1.0,59.0,0.0,0.0,0.039220713153287345,15.0,0.0,0.0,0.009852296443010555,0.0
gtzan/gtzan_hiphop_00094/track.npy,gtzan,1.0,0.9135135006674592,0.9135135006674592,0.9135135006674592,1.0,1.0,1.0,1.0,0.0,0.0,0.8410338806200179,0.42051694031000897,0.0,0.0,0.875,0.875,37.0,0.0,0.0,0.05001042057466319,9.0,0.0,0.0,0.00619197024792153,0.0
gtzan/gtzan_hiphop_00095/track.npy,gtzan,1.0,0.9641184945699236,0.9641184945699236,0.9641184945699236,1.0,1.0,1.0,1.0,1.0,0.954177702047439,0.954177702047439,0.954177702047439,1.0,1.0,1.0,1.0,55.0,0.0,0.0,0.07410797215372678,14.0,0.0,0.0,0.01851904776723732,0.0
gtzan/gtzan_hiphop_00096/track.npy,gtzan,0.989010989010989,0.7763568916075024,0.7763568916075024,0.7763568916075024,0.9782608695652174,0.9782608695652174,0.9782608695652174,0.9782608695652174,0.9565217391304348,0.7290685712975649,0.7290685712975649,0.7290685712975649,0.9166666666666666,0.9166666666666666,0.9166666666666666,0.9166666666666666,55.0,0.0,0.0,0.074107972153717,14.0,0.0,0.0,0.03529851020092701,0.0
gtzan/gtzan_hiphop_00097/track.npy,gtzan,0.9894736842105264,0.8759709843402728,0.8759709843402728,0.8759709843402728,0.9791666666666666,0.9791666666666666,0.9791666666666666,0.9791666666666666,0.9565217391304348,0.8700194671239383,0.8700194671239383,0.8700194671239383,0.9166666666666666,0.9166666666666666,0.9166666666666666,0.9166666666666666,57.0,0.0,0.0,0.07410797215372045,15.0,0.0,0.0,0.026561029075538006,0.0
gtzan/gtzan_hiphop_00098/track.npy,gtzan,1.0,0.9422343709114291,0.9422343709114291,0.9422343709114291,1.0,1.0,1.0,1.0,1.0,0.9678084905917047,0.9678084905917047,0.9678084905917047,1.0,1.0,1.0,1.0,54.0,0.0,0.0,0.06899287148694999,14.0,0.0,0.0,0.008810629682155713,0.0
gtzan/gtzan_hiphop_00099/track.npy,gtzan,0.989010989010989,0.8935047024178632,0.8935047024178632,0.8935047024178632,0.9782608695652174,0.9782608695652174,0.9782608695652174,0.9782608695652174,0.0,2.3838725324487075e-160,0.8494837491389201,0.42474187456946005,0.0,0.0,0.8333333333333334,0.8333333333333334,55.0,0.0,0.0,0.03636764417088045,14.0,0.0,0.0,0.00904983551991842,0.0
gtzan/gtzan_jazz_00000/track.npy,gtzan,0.14285714285714288,0.11719145153734734,0.18576669447376234,0.15147907300555485,0.0,0.0,0.037037037037037035,0.037037037037037035,0.0,1.818892038078574e-13,6.960853839148555e-09,3.4805178641761812e-09,0.0,0.0,0.0,0.0,21.0,0.0,0.0,0.13234464801674742,5.0,0.0,0.0,0.12074600573194663,0.0
gtzan/gtzan_jazz_00001/track.npy,gtzan,0.2173913043478261,0.1756136369881267,0.21598670177858945,0.1958001693833581,0.0,0.0,0.058823529411764705,0.058823529411764705,0.14285714285714288,0.04297399347960885,0.060163590871452385,0.05156879217553062,0.25,0.25,0.25,0.25,20.0,0.0,0.0,0.17418038872093614,7.0,0.0,0.0,0.195854018338974,0.0
gtzan/gtzan_jazz_00002/track.npy,gtzan,0.32727272727272727,0.26650241117513834,0.26650241117513834,0.26650241117513834,0.0,0.0,0.0,0.0,0.28571428571428575,0.16922532747945843,0.17086356665128735,0.1700444470653729,0.0,0.0,0.0,0.0,17.0,0.0,0.0,0.09662577189753736,4.0,0.0,0.0,0.04323265282184865,0.0
gtzan/gtzan_jazz_00004/track.npy,gtzan,0.5641025641025641,0.4585086923999299,0.687763038599895,0.5731358654999125,0.0,0.0,1.0,1.0,0.6666666666666666,0.5430884181673505,0.8146326272510258,0.6788605227091882,0.0,0.0,1.0,1.0,16.0,0.0,0.0,0.18066911732876084,5.0,0.0,0.0,0.023236783997141706,0.0
gtzan/gtzan_jazz_00005/track.npy,gtzan,0.6370370370370371,0.5738929903168594,0.8541745318072342,0.7140337610620469,0.0,0.0,0.7252747252747253,0.8901098901098901,0.27027027027027023,0.24945362027359738,0.3076594646541996,0.2785565424638985,0.0,0.0,0.0,0.0,111.0,0.0,0.0,1.2656542480726785e-14,28.0,0.0,0.0,0.05942342047080068,0.0
gtzan/gtzan_jazz_00006/track.npy,gtzan,0.9818181818181818,0.8546329647058462,0.8546329647058462,0.8546329647058462,1.0,1.0,1.0,1.0,0.0,2.0335620560906672e-99,0.8136910689746897,0.40684553448734484,0.0,0.0,0.9285714285714286,0.9285714285714286,67.0,0.0,0.0,0.09097177820572291,17.0,0.0,0.0,0.040044688029564714,0.0
gtzan/gtzan_jazz_00007/track.npy,gtzan,0.9411764705882353,0.7321051681830251,0.7321051681830251,0.7321051681830251,0.9615384615384616,0.9615384615384616,0.9615384615384616,0.9615384615384616,0.8571428571428571,0.6343637595560645,0.6343637595560645,0.6343637595560645,1.0,1.0,1.0,1.0,30.0,0.0,0.0,0.07631066137792061,8.0,0.0,0.0,0.047519124084665965,0.0
gtzan/gtzan_jazz_00008/track.npy,gtzan,0.989010989010989,0.8868852255251451,0.8868852255251451,0.8868852255251451,0.9782608695652174,0.9782608695652174,0.9782608695652174,0.9782608695652174,1.0,0.8720838619233756,0.8720838619233756,0.8720838619233756,1.0,1.0,1.0,1.0,54.0,0.0,0.0,0.07410797215372189,14.0,0.0,0.0,0.027398974188115006,0.0
gtzan/gtzan_jazz_00011/track.npy,gtzan,1.0,0.9006131315192537,0.9006131315192537,0.9006131315192537,1.0,1.0,1.0,1.0,1.0,0.9065195030413459,0.9065195030413459,0.9065195030413459,1.0,1.0,1.0,1.0,102.0,0.0,0.0,0.06899287148694966,25.0,0.0,0.0,0.051293294387549454,0.0
gtzan/gtzan_jazz_00012/track.npy,gtzan,1.0,0.8254093823019187,0.8254093823019187,0.8254093823019187,1.0,1.0,1.0,1.0,0.0,1.5921990203507063e-140,0.8173564742314802,0.4086782371157401,0.0,0.0,0.9166666666666666,0.9166666666666666,57.0,0.0,0.0,0.07496389284844343,15.0,0.0,0.0,0.03955008377982159,0.0
gtzan/gtzan_jazz_00013/track.npy,gtzan,0.14634146341463414,0.12329215448935263,0.7243140534006245,0.42380310394498855,0.11290322580645161,0.11290322580645161,0.5161290322580645,0.7903225806451613,0.05714285714285715,0.051648339752452595,0.12597784071507084,0.08881309023376172,0.05,0.05,0.05,0.05,75.0,0.0,0.0,0.10008345855698919,19.0,0.0,0.0,0.06789851570422424,0.0
gtzan/gtzan_jazz_00015/track.npy,gtzan,0.39344262295081966,0.25486337064323744,0.35828948094704394,0.30657642579514066,0.0,0.0,0.010526315789473684,0.021052631578947368,0.24390243902439027,0.1435083703011556,0.1782982782529509,0.16090332427705323,0.0,0.0,0.04,0.04,89.0,0.0,0.0,0.11778303565638604,30.0,0.0,0.0,0.039730717102552285,0.0
gtzan/gtzan_jazz_00016/track.npy,gtzan,0.8813559322033899,0.7050563579498264,0.7050563579498264,0.7050563579498264,0.9666666666666667,0.9666666666666667,0.9666666666666667,0.9666666666666667,0.875,0.7752158331105203,0.7752158331105203,0.7752158331105203,1.0,1.0,1.0,1.0,36.0,0.0,0.0,0.08036699295827189,9.0,0.0,0.0,0.05657601611008325,0.0
gtzan/gtzan_jazz_00017/track.npy,gtzan,0.7356321839080459,0.5063142208743556,0.5063142208743556,0.5063142208743556,0.16853932584269662,0.4044943820224719,0.16853932584269662,0.4044943820224719,0.5581395348837208,0.3998903955134714,0.3998903955134714,0.3998903955134714,0.4090909090909091,0.8181818181818182,0.4090909090909091,0.8181818181818182,102.0,0.0,0.0,0.06899287148695299,25.0,0.0,0.0,0.10645317702794452,0.0
gtzan/gtzan_jazz_00019/track.npy,gtzan,0.7733333333333334,0.5140984057831053,0.5140984057831053,0.5140984057831053,0.631578947368421,0.9473684210526315,0.631578947368421,0.9473684210526315,0.8799999999999999,0.6144081532893277,0.6144081532893277,0.6144081532893277,0.9230769230769231,0.9230769230769231,0.9230769230769231,0.9230769230769231,45.0,0.0,0.0,0.12100307486947642,15.0,0.0,0.0,0.06352602053767578,0.0
gtzan/gtzan_jazz_00021/track.npy,gtzan,0.3220338983050848,0.24439414647748778,0.33402631551050127,0.2892102309939945,0.014925373134328358,0.05970149253731343,0.014925373134328358,0.05970149253731343,0.0,0.0037068162940326324,0.0706985366775018,0.037202676485767215,0.0,0.0,0.058823529411764705,0.058823529411764705,80.0,0.0,0.0,0.1112256351102221,20.0,0.0,0.0,0.0657833648601762,0.0
gtzan/gtzan_jazz_00022/track.npy,gtzan,0.5,0.399957485916532,0.5219438081446953,0.46095064703061367,0.0,0.0,0.45161290322580644,0.45161290322580644,0.24999999999999994,0.18081930484920972,0.26458784665990825,0.22270357575455899,0.0,0.0,0.16666666666666666,0.16666666666666666,37.0,0.0,0.0,0.1355273374071889,13.0,0.0,0.0,0.1570154510742663,0.0
gtzan/gtzan_jazz_00023/track.npy,gtzan,0.8285714285714286,0.7077469805856342,0.7077469805856342,0.7077469805856342,0.6944444444444444,0.75,0.6944444444444444,0.75,0.7058823529411765,0.6399544426463182,0.6399544426463182,0.6399544426463182,0.5555555555555556,0.5555555555555556,0.5555555555555556,0.5555555555555556,41.0,0.0,0.0,0.1310240096608946,10.0,0.0,0.0,0.1432457995854645,0.0
gtzan/gtzan_jazz_00024/track.npy,gtzan,0.43333333333333335,0.32732092539897184,0.32732092539897184,0.32732092539897184,0.0,0.0,0.0,0.0,0.39999999999999997,0.3300134941793655,0.3300134941793655,0.3300134941793655,0.0,0.0,0.0,0.0,19.0,0.0,0.0,0.10133910458474443,5.0,0.0,0.0,0.17011515446823472,0.0
gtzan/gtzan_jazz_00025/track.npy,gtzan,0.6456692913385828,0.5552608401271922,0.817566867285558,0.6864138537063751,0.0,0.0,0.9523809523809523,0.9523809523809523,0.060606060606060615,0.05414049342917017,0.08121074014375526,0.06767561678646272,0.0,0.0,1.0,1.0,51.0,0.0,0.0,0.0689928714869537,13.0,0.0,0.0,0.0688253000629353,0.0
gtzan/gtzan_jazz_00026/track.npy,gtzan,0.21818181818181814,0.16376896799483617,0.18972635789817907,0.17674766294650762,0.0,0.0,0.05,0.1,0.0,2.0469802069649283e-54,4.576872085420342e-12,2.288436042710171e-12,0.0,0.0,0.0,0.0,17.0,0.0,0.0,0.19074540262661088,5.0,0.0,0.0,0.21824322118925504,0.0
gtzan/gtzan_jazz_00027/track.npy,gtzan,0.9421487603305784,0.8421737363293275,0.8421737363293275,0.8421737363293275,0.7049180327868853,0.9180327868852459,0.7049180327868853,0.9180327868852459,0.0,7.247639676858039e-21,0.19672457048211694,0.09836228524105847,0.0,0.0,0.26666666666666666,0.26666666666666666,72.0,0.0,0.0,0.09531017980433143,18.0,0.0,0.0,0.10375647256584399,0.0
gtzan/gtzan_jazz_00028/track.npy,gtzan,0.970059880239521,0.8653365748025602,0.8653365748025602,0.8653365748025602,0.6190476190476191,0.9047619047619048,0.6190476190476191,0.9047619047619048,0.9523809523809523,0.8696605543399549,0.8696605543399549,0.8696605543399549,1.0,1.0,1.0,1.0,100.0,0.0,0.0,0.06453852113757307,25.0,0.0,0.0,0.06321399846256917,0.0
gtzan/gtzan_jazz_00029/track.npy,gtzan,0.4171779141104295,0.3174119979154243,0.4189753013179087,0.3681936496166665,0.0,0.0,0.010869565217391304,0.021739130434782608,0.0,0.00013675461683119815,0.003899932196560181,0.0020183434066956894,0.08333333333333333,0.08333333333333333,0.375,0.5,85.0,0.0,0.0,0.11778303565638115,29.0,0.0,0.0,0.0714589639821429,0.0
gtzan/gtzan_jazz_00030/track.npy,gtzan,0.23333333333333336,0.18621901371310862,0.19523050144599882,0.1907247575795537,0.0,0.0,0.22727272727272727,0.22727272727272727,0.0,1.3768057795233854e-41,0.14195865007117534,0.07097932503558767,0.0,0.0,0.2,0.2,20.0,0.0,0.0,0.17531651465879622,5.0,0.0,0.0,0.160491580605185,0.0
gtzan/gtzan_jazz_00031/track.npy,gtzan,0.6086956521739131,0.4927000263736235,0.5896281364762436,0.5411640814249336,0.058823529411764705,0.058823529411764705,0.2676056338028169,0.5633802816901409,0.3846153846153846,0.3267815105133459,0.48550395847697114,0.40614273449515853,0.0,0.0,0.8333333333333334,0.8333333333333334,85.0,0.0,0.0,0.11778303565638115,22.0,0.0,0.0,0.04201931641822545,0.0
gtzan/gtzan_jazz_00032/track.npy,gtzan,0.8571428571428571,0.7310032516246805,0.7310032516246805,0.7310032516246805,0.5370370370370371,0.7777777777777778,0.5370370370370371,0.7777777777777778,0.5599999999999999,0.42536374823196427,0.42536374823196427,0.42536374823196427,0.5384615384615384,0.5384615384615384,0.5384615384615384,0.5384615384615384,62.0,0.0,0.0,0.08879092424476565,15.0,0.0,0.0,0.18697714312579805,0.0
gtzan/gtzan_jazz_00033/track.npy,gtzan,1.0,0.9375469365836434,0.9375469365836434,0.9375469365836434,1.0,1.0,1.0,1.0,1.0,0.9485479941120373,0.9485479941120373,0.9485479941120373,1.0,1.0,1.0,1.0,47.0,0.0,0.0,0.031748698314585266,12.0,0.0,0.0,0.01581710267162245,0.0
gtzan/gtzan_jazz_00034/track.npy,gtzan,0.5046728971962617,0.48270937626214433,0.48270937626214433,0.48270937626214433,0.0,0.0,0.0,0.0,0.5185185185185185,0.4963464898504305,0.4963464898504305,0.4963464898504305,0.0,0.0,0.0,0.0,33.0,0.0,0.0,0.04348511193974014,9.0,0.0,0.0,0.010810916104215806,0.0
gtzan/gtzan_jazz_00035/track.npy,gtzan,0.6818181818181819,0.5471205746371666,0.8024435094678443,0.6747820420525055,0.0,0.0,1.0,1.0,0.0,0.0,0.5150802217687633,0.25754011088438167,0.0,0.0,0.0,0.0,18.0,0.0,0.0,0.06152654681469473,5.0,0.0,0.0,0.01730034070063613,0.0
gtzan/gtzan_jazz_00036/track.npy,gtzan,0.2929936305732484,0.1322819263867507,0.1938284827876212,0.16305520458718595,0.0,0.0,0.0,0.0,0.05128205128205129,0.014801378654740772,0.021968639986100123,0.018385009320420448,0.0,0.0,0.4230769230769231,0.6923076923076923,125.0,0.0,0.0,1.4876988529977098e-14,31.0,0.0,0.0,0.04799614435421186,0.0
gtzan/gtzan_jazz_00037/track.npy,gtzan,1.0,0.9535426361772775,0.9535426361772775,0.9535426361772775,1.0,1.0,1.0,1.0,1.0,0.9649333146437262,0.9649333146437262,0.9649333146437262,1.0,1.0,1.0,1.0,49.0,0.0,0.0,0.03278982282299141,12.0,0.0,0.0,0.01639380977567541,0.0
gtzan/gtzan_jazz_00038/track.npy,gtzan,0.9354838709677419,0.82179923612269,0.82179923612269,0.82179923612269,0.9354838709677419,0.9354838709677419,0.9354838709677419,0.9354838709677419,0.9333333333333333,0.8368819825712033,0.8368819825712033,0.8368819825712033,1.0,1.0,1.0,1.0,74.0,0.0,0.0,0.10008345855698919,18.0,0.0,0.0,0.03409321324813663,0.0
gtzan/gtzan_jazz_00039/track.npy,gtzan,1.0,0.9598150999466115,0.9598150999466115,0.9598150999466115,1.0,1.0,1.0,1.0,1.0,0.9606558794165831,0.9606558794165831,0.9606558794165831,1.0,1.0,1.0,1.0,99.0,0.0,0.0,0.06453852113757264,24.0,0.0,0.0,0.03278982282299306,0.0
gtzan/gtzan_jazz_00040/track.npy,gtzan,1.0,0.8993765359863731,0.8993765359863731,0.8993765359863731,1.0,1.0,1.0,1.0,1.0,0.9050621167870936,0.9050621167870936,0.9050621167870936,1.0,1.0,1.0,1.0,50.0,0.0,0.0,0.05521493651062557,12.0,0.0,0.0,0.013041405964648397,0.0
gtzan/gtzan_jazz_00041/track.npy,gtzan,0.9367088607594937,0.8329620660684358,0.8329620660684358,0.8329620660684358,0.620253164556962,0.9240506329113924,0.620253164556962,0.9240506329113924,0.0,1.3849965162858769e-08,1.8623078763389826e-08,1.6236521963124296e-08,0.05,0.05,0.05,0.05,94.0,0.0,0.0,0.06453852113756975,23.0,0.0,0.0,0.048790164169433825,0.0
gtzan/gtzan_jazz_00042/track.npy,gtzan,0.9206349206349206,0.7898100944654646,0.7898100944654646,0.7898100944654646,0.53125,0.90625,0.53125,0.90625,0.0,5.488059389360871e-92,0.4848392711069658,0.2424196355534829,0.0,0.0,0.375,0.375,38.0,0.0,0.0,0.1345020895899487,10.0,0.0,0.0,0.27744418276305866,0.0
gtzan/gtzan_jazz_00043/track.npy,gtzan,0.9375,0.7795106534914195,0.7795106534914195,0.7795106534914195,0.875,0.921875,0.875,0.921875,0.9375,0.7843986680389865,0.7843986680389865,0.7843986680389865,1.0,1.0,1.0,1.0,77.0,0.0,0.0,0.10166657568723965,19.0,0.0,0.0,0.05129329438754855,0.0
gtzan/gtzan_jazz_00044/track.npy,gtzan,0.9885057471264368,0.8922119867949112,0.8922119867949112,0.8922119867949112,0.9772727272727273,0.9772727272727273,0.9772727272727273,0.9772727272727273,1.0,0.9092248919357883,0.9092248919357883,0.9092248919357883,1.0,1.0,1.0,1.0,51.0,0.0,0.0,0.07145896398214724,13.0,0.0,0.0,0.030762288439713792,0.0
gtzan/gtzan_jazz_00045/track.npy,gtzan,0.8524590163934426,0.7830471177892324,0.7830471177892324,0.7830471177892324,0.967741935483871,0.967741935483871,0.967741935483871,0.967741935483871,0.75,0.7063454651103598,0.7063454651103598,0.7063454651103598,1.0,1.0,1.0,1.0,36.0,0.0,0.0,0.07476524934219321,9.0,0.0,0.0,0.03548457442094428,0.0
gtzan/gtzan_jazz_00046/track.npy,gtzan,1.0,0.952834586554785,0.952834586554785,0.952834586554785,1.0,1.0,1.0,1.0,1.0,0.9650803775144277,0.9650803775144277,0.9650803775144277,1.0,1.0,1.0,1.0,108.0,0.0,0.0,0.05174465361522024,27.0,0.0,0.0,0.03269781643723221,0.0
gtzan/gtzan_jazz_00047/track.npy,gtzan,0.8095238095238094,0.6832797285895784,0.6832797285895784,0.6832797285895784,0.5747126436781609,0.6206896551724138,0.5747126436781609,0.6206896551724138,0.04761904761904762,0.047571377477049835,0.614442680756669,0.3310070291168594,0.045454545454545456,0.045454545454545456,0.6666666666666666,0.6666666666666666,98.0,0.0,0.0,0.11778303565638115,24.0,0.0,0.0,0.07615300482660069,0.0
gtzan/gtzan_jazz_00048/track.npy,gtzan,1.0,0.7937525630299981,0.7937525630299981,0.7937525630299981,1.0,1.0,1.0,1.0,1.0,0.78953428892266,0.78953428892266,0.78953428892266,1.0,1.0,1.0,1.0,65.0,0.0,0.0,0.04445176257084042,17.0,0.0,0.0,0.03597442944746976,0.0
gtzan/gtzan_jazz_00049/track.npy,gtzan,0.42105263157894735,0.3345945473272407,0.44013889849509374,0.38736672291116725,0.0,0.0,0.3076923076923077,0.5641025641025641,0.4,0.296018465946714,0.3456910828798076,0.3208547744132608,0.0,0.0,0.3,0.5,49.0,0.0,0.0,0.09235974099680051,13.0,0.0,0.0,0.2264336735013739,0.0
gtzan/gtzan_jazz_00050/track.npy,gtzan,0.9923664122137404,0.818079482344312,0.818079482344312,0.818079482344312,0.9848484848484849,0.9848484848484849,0.9848484848484849,0.9848484848484849,0.2631578947368421,0.21514745440124794,0.30280012100916376,0.25897378770520585,0.0,0.0,0.0,0.0,79.0,0.0,0.0,0.1000834585569732,20.0,0.0,0.0,0.05328007840005379,0.0
gtzan/gtzan_jazz_00051/track.npy,gtzan,1.0,0.9399230291599283,0.9399230291599283,0.9399230291599283,1.0,1.0,1.0,1.0,1.0,0.9485479941120373,0.9485479941120373,0.9485479941120373,1.0,1.0,1.0,1.0,47.0,0.0,0.0,0.031748698314585266,12.0,0.0,0.0,0.01581710267162245,0.0
gtzan/gtzan_jazz_00052/track.npy,gtzan,0.9662921348314608,0.8513601568362675,0.8513601568362675,0.8513601568362675,0.9777777777777777,0.9777777777777777,0.9777777777777777,0.9777777777777777,1.0,0.8772093768435631,0.8772093768435631,0.8772093768435631,1.0,1.0,1.0,1.0,54.0,0.0,0.0,0.07145896398214502,13.0,0.0,0.0,0.026948776941601083,0.0
gtzan/gtzan_jazz_00053/track.npy,gtzan,0.5046728971962617,0.4756489160239731,0.4756489160239731,0.4756489160239731,0.0,0.0,0.0,0.0,0.5185185185185185,0.48683348905344465,0.48683348905344465,0.48683348905344465,0.0,0.0,0.0,0.0,33.0,0.0,0.0,0.043022363179267706,9.0,0.0,0.0,0.014564276303185571,0.0
gtzan/gtzan_jazz_00054/track.npy,gtzan,0.4067796610169491,0.3331692861476427,0.3449872178271986,0.33907825198742064,0.0,0.0,0.0,0.0,0.39999999999999997,0.3783954742688671,0.42762676235994873,0.40301111831440795,0.0,0.0,0.0,0.0,18.0,0.0,0.0,0.08262559618554646,5.0,0.0,0.0,0.08379957234006474,0.0
gtzan/gtzan_jazz_00055/track.npy,gtzan,0.6818181818181819,0.5453109043301793,0.7997893263509295,0.6725501153405544,0.0,0.0,1.0,1.0,0.0,1.3328888866978415e-98,8.738151371690405e-89,4.369075686511647e-89,0.0,0.0,1.0,1.0,18.0,0.0,0.0,0.050097850991071266,5.0,0.0,0.0,0.01730034070063613,0.0
gtzan/gtzan_jazz_00056/track.npy,gtzan,0.39534883720930236,0.33591755141749124,0.42878167422986774,0.3823496128236795,0.0,0.0,0.058823529411764705,0.058823529411764705,0.3636363636363637,0.3378463271506552,0.45194863618708053,0.39489748166886784,0.0,0.0,0.0,0.0,41.0,0.0,0.0,0.11382318375055275,11.0,0.0,0.0,0.02988330150087609,0.0
gtzan/gtzan_jazz_00057/track.npy,gtzan,0.9873417721518987,0.8963238261481502,0.8963238261481502,0.8963238261481502,0.975,0.975,0.975,0.975,1.0,0.9108385707033687,0.9108385707033687,0.9108385707033687,1.0,1.0,1.0,1.0,48.0,0.0,0.0,0.06453852113757563,12.0,0.0,0.0,0.024661937678917233,0.0
gtzan/gtzan_jazz_00058/track.npy,gtzan,0.6496815286624203,0.6077971223548512,0.9102137610787537,0.7590054417168024,0.0,0.0,0.8761904761904762,0.9142857142857143,0.6666666666666666,0.6243172953696325,0.90709868537138,0.7657079903705063,0.0,0.0,0.9615384615384616,0.9615384615384616,125.0,0.0,0.0,1.4876988529977098e-14,31.0,0.0,0.0,0.04799614435421186,0.0
gtzan/gtzan_jazz_00059/track.npy,gtzan,1.0,0.9199082312312931,0.9199082312312931,0.9199082312312931,1.0,1.0,1.0,1.0,1.0,0.9152308198852777,0.9152308198852777,0.9152308198852777,1.0,1.0,1.0,1.0,54.0,0.0,0.0,0.07145896398214352,14.0,0.0,0.0,0.035091319811270574,0.0
gtzan/gtzan_jazz_00060/track.npy,gtzan,1.0,0.9298802377659066,0.9298802377659066,0.9298802377659066,1.0,1.0,1.0,1.0,1.0,0.9308046745760283,0.9308046745760283,0.9308046745760283,1.0,1.0,1.0,1.0,49.0,0.0,0.0,0.05501391164319744,12.0,0.0,0.0,0.029146078218310886,0.0
gtzan/gtzan_jazz_00061/track.npy,gtzan,0.912751677852349,0.7026627905171422,0.7026627905171422,0.7026627905171422,0.37333333333333335,0.8666666666666667,0.37333333333333335,0.8666666666666667,0.27906976744186046,0.2366887831809418,0.32831024763592853,0.28249951540843515,0.0,0.0,0.0,0.0,90.0,0.0,0.0,0.11778303565638115,22.0,0.0,0.0,0.0458095360312932,0.0
gtzan/gtzan_jazz_00062/track.npy,gtzan,0.9354838709677419,0.8256412222197184,0.8256412222197184,0.8256412222197184,0.9354838709677419,0.9354838709677419,0.9354838709677419,0.9354838709677419,0.9333333333333333,0.8384953953361142,0.8384953953361142,0.8384953953361142,1.0,1.0,1.0,1.0,74.0,0.0,0.0,0.10008345855698919,18.0,0.0,0.0,0.01863757993582238,0.0
gtzan/gtzan_jazz_00063/track.npy,gtzan,0.5,0.46490463140845434,0.46490463140845434,0.46490463140845434,0.0,0.0,0.0,0.0,0.5294117647058824,0.4809523006527886,0.4809523006527886,0.4809523006527886,0.0,0.0,0.0,0.0,41.0,0.0,0.0,0.05406722127027709,10.0,0.0,0.0,0.024687526535139854,0.0
gtzan/gtzan_jazz_00064/track.npy,gtzan,0.9941520467836257,0.8451466638679315,0.8451466638679315,0.8451466638679315,0.9767441860465116,0.9767441860465116,0.9767441860465116,0.9767441860465116,1.0,0.8612388020565795,0.8612388020565795,0.8612388020565795,1.0,1.0,1.0,1.0,102.0,0.0,0.0,0.06899287148694991,25.0,0.0,0.0,0.05129329438755492,0.0
gtzan/gtzan_jazz_00065/track.npy,gtzan,1.0,0.9587849624946775,0.9587849624946775,0.9587849624946775,1.0,1.0,1.0,1.0,1.0,0.9606558794165831,0.9606558794165831,0.9606558794165831,1.0,1.0,1.0,1.0,99.0,0.0,0.0,0.06453852113757264,24.0,0.0,0.0,0.03278982282299306,0.0
gtzan/gtzan_jazz_00066/track.npy,gtzan,0.3358778625954198,0.26135247972895753,0.34205485621332377,0.3017036679711407,0.013333333333333334,0.013333333333333334,0.013333333333333334,0.013333333333333334,0.7222222222222222,0.5837846962614246,0.5837846962614246,0.5837846962614246,1.0,1.0,1.0,1.0,67.0,0.0,0.0,0.09097177820573288,22.0,0.0,0.0,0.04593457304997728,0.0
gtzan/gtzan_jazz_00067/track.npy,gtzan,1.0,0.8953374794182403,0.8953374794182403,0.8953374794182403,1.0,1.0,1.0,1.0,1.0,0.9050621167870936,0.9050621167870936,0.9050621167870936,1.0,1.0,1.0,1.0,50.0,0.0,0.0,0.06669137449867218,12.0,0.0,0.0,0.013041405964648397,0.0
gtzan/gtzan_jazz_00068/track.npy,gtzan,1.0,0.8204287807140918,0.8204287807140918,0.8204287807140918,1.0,1.0,1.0,1.0,0.0,0.0,0.67575256279154,0.33787628139577,0.0,0.0,0.75,0.75,37.0,0.0,0.0,0.07232066157962458,9.0,0.0,0.0,0.010435224486584379,0.0
gtzan/gtzan_jazz_00069/track.npy,gtzan,0.921875,0.8079123662490808,0.8079123662490808,0.8079123662490808,0.453125,0.90625,0.453125,0.90625,0.9375,0.8243118903782551,0.8243118903782551,0.8243118903782551,1.0,1.0,1.0,1.0,77.0,0.0,0.0,0.10166657568724019,19.0,0.0,0.0,0.0412302686220621,0.0
gtzan/gtzan_jazz_00070/track.npy,gtzan,1.0,0.8955335192163048,0.8955335192163048,0.8955335192163048,1.0,1.0,1.0,1.0,1.0,0.9259085233094241,0.9259085233094241,0.9259085233094241,1.0,1.0,1.0,1.0,52.0,0.0,0.0,0.0689928714869561,13.0,0.0,0.0,0.022066417083779377,0.0
gtzan/gtzan_jazz_00071/track.npy,gtzan,0.8852459016393444,0.7836044486203441,0.7836044486203441,0.7836044486203441,0.967741935483871,0.967741935483871,0.967741935483871,0.967741935483871,0.75,0.7520248940951317,0.7520248940951317,0.7520248940951317,1.0,1.0,1.0,1.0,36.0,0.0,0.0,0.06836985184685476,9.0,0.0,0.0,0.038082003623969546,0.0
gtzan/gtzan_jazz_00072/track.npy,gtzan,1.0,0.952834586554785,0.952834586554785,0.952834586554785,1.0,1.0,1.0,1.0,1.0,0.9650803775144277,0.9650803775144277,0.9650803775144277,1.0,1.0,1.0,1.0,108.0,0.0,0.0,0.06899287148695493,27.0,0.0,0.0,0.03269781643723221,0.0
gtzan/gtzan_jazz_00073/track.npy,gtzan,0.5,0.35351140820168964,0.41676847276859685,0.3851399404851432,0.0,0.0,0.0,0.0,0.0,1.6973569681675884e-23,0.5447501898306931,0.27237509491534656,0.0,0.0,0.9583333333333334,0.9583333333333334,87.0,0.0,0.0,0.11778303565639092,29.0,0.0,0.0,0.05155077393630314,0.0
gtzan/gtzan_jazz_00074/track.npy,gtzan,0.9705882352941176,0.8116321763998534,0.8116321763998534,0.8116321763998534,1.0,1.0,1.0,1.0,1.0,0.8492321591976832,0.8492321591976832,0.8492321591976832,1.0,1.0,1.0,1.0,41.0,0.0,0.0,0.05823667586302845,10.0,0.0,0.0,0.025026083743230117,0.0
gtzan/gtzan_jazz_00075/track.npy,gtzan,0.32380952380952377,0.25761830908426064,0.25761830908426064,0.25761830908426064,0.0,0.0,0.0,0.0,0.3076923076923077,0.23270393275413243,0.23270393275413243,0.23270393275413243,0.0,0.0,0.0,0.0,21.0,0.0,0.0,0.08354793516663486,5.0,0.0,0.0,0.04503448216064416,0.0
gtzan/gtzan_jazz_00076/track.npy,gtzan,0.9019607843137256,0.7099764527673987,0.7099764527673987,0.7099764527673987,0.9615384615384616,0.9615384615384616,0.9615384615384616,0.9615384615384616,1.0,0.8531244237917939,0.8531244237917939,0.8531244237917939,1.0,1.0,1.0,1.0,32.0,0.0,0.0,0.0625923275649828,8.0,0.0,0.0,0.03231627506240642,0.0
gtzan/gtzan_jazz_00077/track.npy,gtzan,0.6322580645161291,0.4833583130123732,0.4833583130123732,0.4833583130123732,0.14102564102564102,0.5,0.14102564102564102,0.5,0.10256410256410256,0.07837321483679907,0.07837321483679907,0.07837321483679907,0.2,0.2,0.2,0.2,93.0,0.0,0.0,0.11778303565639159,24.0,0.0,0.0,0.11026234636056101,0.0
gtzan/gtzan_jazz_00078/track.npy,gtzan,0.9852941176470589,0.8075400469336742,0.8075400469336742,0.8075400469336742,0.8529411764705882,0.9705882352941176,0.8529411764705882,0.9705882352941176,1.0,0.7827174243090295,0.7827174243090295,0.7827174243090295,1.0,1.0,1.0,1.0,81.0,0.0,0.0,0.11122563511022432,21.0,0.0,0.0,0.05537442942701047,0.0
gtzan/gtzan_jazz_00079/track.npy,gtzan,1.0,0.9250024455319564,0.9250024455319564,0.9250024455319564,1.0,1.0,1.0,1.0,1.0,0.9391124985174032,0.9391124985174032,0.9391124985174032,1.0,1.0,1.0,1.0,54.0,0.0,0.0,0.03636764417088045,14.0,0.0,0.0,0.009087027139428189,0.0
gtzan/gtzan_jazz_00080/track.npy,gtzan,0.6719999999999999,0.6292188298844319,0.9363375444428753,0.7827781871636537,0.0,0.0,1.0,1.0,0.6875000000000001,0.6537305826538021,0.9508808474964394,0.8023057150751207,0.0,0.0,1.0,1.0,50.0,0.0,0.0,0.06669137449867266,13.0,0.0,0.0,0.012587683993449339,0.0
gtzan/gtzan_jazz_00081/track.npy,gtzan,1.0,0.9582480768762197,0.9582480768762197,0.9582480768762197,1.0,1.0,1.0,1.0,1.0,0.963882258991888,0.963882258991888,0.963882258991888,1.0,1.0,1.0,1.0,57.0,0.0,0.0,0.07696104113612845,14.0,0.0,0.0,0.023496796707433563,0.0
gtzan/gtzan_jazz_00082/track.npy,gtzan,0.5090909090909091,0.4374327076662135,0.4374327076662135,0.4374327076662135,0.0,0.0,0.0,0.0,0.5185185185185185,0.4716230009720248,0.4716230009720248,0.4716230009720248,0.0,0.0,0.0,0.0,33.0,0.0,0.0,0.06669962429366166,8.0,0.0,0.0,0.026105014837264517,0.0
gtzan/gtzan_jazz_00083/track.npy,gtzan,0.6172839506172839,0.48527807776875787,0.48527807776875787,0.48527807776875787,0.37777777777777777,0.37777777777777777,0.37777777777777777,0.37777777777777777,0.5263157894736842,0.424257831247859,0.424257831247859,0.424257831247859,0.4,0.4,0.4,0.4,44.0,0.0,0.0,0.07397552174514578,11.0,0.0,0.0,0.21219595549576356,0.0
gtzan/gtzan_jazz_00084/track.npy,gtzan,1.0,0.9123060385061718,0.9123060385061718,0.9123060385061718,1.0,1.0,1.0,1.0,1.0,0.8681756574488371,0.8681756574488371,0.8681756574488371,1.0,1.0,1.0,1.0,61.0,0.0,0.0,0.08037659780008775,15.0,0.0,0.0,0.02468023578834356,0.0
gtzan/gtzan_jazz_00085/track.npy,gtzan,0.900763358778626,0.8181650869321934,0.8181650869321934,0.8181650869321934,0.6515151515151515,0.8636363636363636,0.6515151515151515,0.8636363636363636,0.6666666666666667,0.6356059977103903,0.6356059977103903,0.6356059977103903,0.7058823529411765,0.7058823529411765,0.7058823529411765,0.7058823529411765,79.0,0.0,0.0,0.10653353954831128,19.0,0.0,0.0,0.0896257933031011,0.0
gtzan/gtzan_jazz_00086/track.npy,gtzan,0.4210526315789474,0.27810471761153305,0.27810471761153305,0.27810471761153305,0.0,0.0,0.0,0.0,0.13333333333333333,0.12746633091107956,0.21244388485179924,0.16995510788143942,0.0,0.0,0.0,0.0,17.0,0.0,0.0,0.09636133081483053,4.0,0.0,0.0,0.03751890830175366,0.0
gtzan/gtzan_jazz_00087/track.npy,gtzan,0.4225352112676056,0.3842310063751359,0.5296804685847454,0.45695573747994067,0.0,0.0,0.0,0.0,0.4444444444444445,0.40174019567918673,0.4949715671903601,0.44835588143477345,0.0,0.0,0.0,0.0,18.0,0.0,0.0,0.10858573338678017,5.0,0.0,0.0,0.26169638891951774,0.0
gtzan/gtzan_jazz_00088/track.npy,gtzan,1.0,0.9431321866418361,0.9431321866418361,0.9431321866418361,1.0,1.0,1.0,1.0,1.0,0.9451459564410883,0.9451459564410883,0.9451459564410883,1.0,1.0,1.0,1.0,64.0,0.0,0.0,0.04255961441880263,16.0,0.0,0.0,0.025209943486651138,0.0
gtzan/gtzan_jazz_00089/track.npy,gtzan,0.8260869565217391,0.6247681318285089,0.6247681318285089,0.6247681318285089,1.0,1.0,1.0,1.0,1.0,0.6367280138896462,0.6367280138896462,0.6367280138896462,1.0,1.0,1.0,1.0,28.0,0.0,0.0,0.06909778443286,7.0,0.0,0.0,0.01659029237205507,0.0
gtzan/gtzan_jazz_00090/track.npy,gtzan,1.0,0.936793591124158,0.936793591124158,0.936793591124158,1.0,1.0,1.0,1.0,1.0,0.9310707074575143,0.9310707074575143,0.9310707074575143,1.0,1.0,1.0,1.0,68.0,0.0,0.0,0.09097177820572469,23.0,0.0,0.0,0.015267472130788107,0.0
gtzan/gtzan_jazz_00091/track.npy,gtzan,0.851063829787234,0.6881238319239273,0.6881238319239273,0.6881238319239273,0.9583333333333334,0.9583333333333334,0.9583333333333334,0.9583333333333334,0.6666666666666666,0.5770706774940836,0.5770706774940836,0.5770706774940836,1.0,1.0,1.0,1.0,27.0,0.0,0.0,0.11122563511022529,7.0,0.0,0.0,0.02561435901137665,0.0
gtzan/gtzan_jazz_00092/track.npy,gtzan,0.8181818181818182,0.55057749301052,0.55057749301052,0.55057749301052,1.0,1.0,1.0,1.0,0.6,0.514282100152404,0.514282100152404,0.514282100152404,1.0,1.0,1.0,1.0,26.0,0.0,0.0,0.08618429088259061,6.0,0.0,0.0,0.04682935193432796,0.0
gtzan/gtzan_jazz_00093/track.npy,gtzan,0.6407766990291262,0.5207592790993966,0.7887971433414356,0.6547782112204161,0.0,0.0,1.0,1.0,0.6923076923076924,0.4750355300628272,0.6861624323129727,0.5805989811879,0.0,0.0,1.0,1.0,41.0,0.0,0.0,0.1082135846402307,11.0,0.0,0.0,0.03644687024609787,0.0
gtzan/gtzan_jazz_00094/track.npy,gtzan,0.6666666666666666,0.5658003984503611,0.8487005976755416,0.7072504980629514,0.0,0.0,1.0,1.0,0.4545454545454546,0.32120392972061035,0.4331044187156152,0.3771541742181128,0.0,0.0,0.0,0.0,30.0,0.0,0.0,0.06062462181643442,10.0,0.0,0.0,0.03746019029209595,0.0
gtzan/gtzan_jazz_00095/track.npy,gtzan,0.3548387096774193,0.27641555291068926,0.38351845120646694,0.3299670020585781,0.02702702702702703,0.02702702702702703,0.02702702702702703,0.02702702702702703,0.2631578947368421,0.19197763251068065,0.24203767829562634,0.21700765540315348,0.0,0.0,0.48,0.84,87.0,0.0,0.0,0.11778303565638507,29.0,0.0,0.0,0.06510188511177899,0.0
gtzan/gtzan_jazz_00096/track.npy,gtzan,0.9818181818181818,0.8104902686766084,0.8104902686766084,0.8104902686766084,1.0,1.0,1.0,1.0,1.0,0.791228403187648,0.791228403187648,0.791228403187648,1.0,1.0,1.0,1.0,66.0,0.0,0.0,0.0909717782057249,17.0,0.0,0.0,0.03326335273342305,0.0
gtzan/gtzan_jazz_00097/track.npy,gtzan,0.5238095238095238,0.4340735454292937,0.4340735454292937,0.4340735454292937,0.5909090909090909,0.5909090909090909,0.5909090909090909,0.5909090909090909,0.4000000000000001,0.33975015394872987,0.42293665064857167,0.38134340229865077,0.6,0.6,0.6,0.6,24.0,0.0,0.0,0.09038406146826927,6.0,0.0,0.0,0.19908801129315457,0.0
gtzan/gtzan_jazz_00098/track.npy,gtzan,0.9705882352941176,0.8535224567273434,0.8535224567273434,0.8535224567273434,0.9705882352941176,0.9705882352941176,0.9705882352941176,0.9705882352941176,0.9411764705882353,0.8400295263134442,0.8400295263134442,0.8400295263134442,1.0,1.0,1.0,1.0,81.0,0.0,0.0,0.05437634052725127,20.0,0.0,0.0,0.05406722127027494,0.0
gtzan/gtzan_jazz_00099/track.npy,gtzan,1.0,0.8826139165771185,0.8826139165771185,0.8826139165771185,1.0,1.0,1.0,1.0,1.0,0.9104403906811661,0.9104403906811661,0.9104403906811661,1.0,1.0,1.0,1.0,68.0,0.0,0.0,0.09097177820573288,23.0,0.0,0.0,0.03030534949532898,0.0
gtzan/gtzan_metal_00000/track.npy,gtzan,0.9743589743589743,0.8295896713546994,0.8295896713546994,0.8295896713546994,1.0,1.0,1.0,1.0,1.0,0.805763812805696,0.805763812805696,0.805763812805696,1.0,1.0,1.0,1.0,47.0,0.0,0.0,0.06252035698133829,12.0,0.0,0.0,0.05216906961815609,0.0
gtzan/gtzan_metal_00001/track.npy,gtzan,0.13953488372093023,0.11053562359377868,0.6276064866627965,0.3690710551282876,0.13846153846153847,0.13846153846153847,0.59375,0.78125,0.1818181818181818,0.12772018725594525,0.12772018725594525,0.12772018725594525,0.9411764705882353,0.9411764705882353,0.9411764705882353,0.9411764705882353,77.0,0.0,0.0,0.10536051565782856,20.0,0.0,0.0,0.0652153109682928,0.0
gtzan/gtzan_metal_00002/track.npy,gtzan,1.0,0.9014329777056961,0.9014329777056961,0.9014329777056961,1.0,1.0,1.0,1.0,1.0,0.9106415969891255,0.9106415969891255,0.9106415969891255,1.0,1.0,1.0,1.0,56.0,0.0,0.0,0.07410797215372356,14.0,0.0,0.0,0.018596936127449542,0.0
gtzan/gtzan_metal_00003/track.npy,gtzan,0.6557377049180327,0.5538619421838734,0.8240384984145568,0.688950220299215,0.0,0.0,0.9523809523809523,0.9523809523809523,0.0,1.5810812622993367e-10,2.3679556753612e-10,1.9745184688302683e-10,0.0,0.0,0.9090909090909091,0.9090909090909091,50.0,0.0,0.0,0.06453852113757264,13.0,0.0,0.0,0.03306086226088889,0.0
gtzan/gtzan_metal_00004/track.npy,gtzan,0.0,0.015422686175418927,0.15310909976472659,0.08426589297007275,0.0,0.0,0.10344827586206896,0.3275862068965517,0.0,0.020878698267823983,0.020878698267823983,0.020878698267823983,0.9333333333333333,0.9333333333333333,0.9333333333333333,0.9333333333333333,69.0,0.0,0.0,0.09097177820572647,17.0,0.0,0.0,0.03480728653490509,0.0
gtzan/gtzan_metal_00005/track.npy,gtzan,0.9922480620155039,0.9318905625500994,0.9318905625500994,0.9318905625500994,0.9846153846153847,0.9846153846153847,0.9846153846153847,0.9846153846153847,1.0,0.9204989894819838,0.9204989894819838,0.9204989894819838,1.0,1.0,1.0,1.0,78.0,0.0,0.0,0.10536051565782034,20.0,0.0,0.0,0.02760324284844175,0.0
gtzan/gtzan_metal_00006/track.npy,gtzan,0.96,0.7853354379445334,0.7853354379445334,0.7853354379445334,0.96,0.96,0.96,0.96,1.0,0.8023794862214588,0.8023794862214588,0.8023794862214588,1.0,1.0,1.0,1.0,60.0,0.0,0.0,0.08004270767353472,15.0,0.0,0.0,0.030153038170689418,0.0
gtzan/gtzan_metal_00007/track.npy,gtzan,0.8372093023255814,0.6122058966252881,0.6122058966252881,0.6122058966252881,0.3333333333333333,0.7727272727272727,0.3333333333333333,0.7727272727272727,0.06060606060606061,0.044009046804710156,0.5174321485679233,0.28072059768631674,0.11764705882352941,0.11764705882352941,0.7647058823529411,0.7647058823529411,79.0,0.0,0.0,0.11778303565638115,20.0,0.0,0.0,0.18380298233404382,0.0
gtzan/gtzan_metal_00008/track.npy,gtzan,1.0,0.9215252779009077,0.9215252779009077,0.9215252779009077,1.0,1.0,1.0,1.0,1.0,0.9264765325166895,0.9264765325166895,0.9264765325166895,1.0,1.0,1.0,1.0,59.0,0.0,0.0,0.08004270767353472,15.0,0.0,0.0,0.01960847138837656,0.0
gtzan/gtzan_metal_00009/track.npy,gtzan,1.0,0.9162886192206473,0.9162886192206473,0.9162886192206473,1.0,1.0,1.0,1.0,1.0,0.9133504098919384,0.9133504098919384,0.9133504098919384,1.0,1.0,1.0,1.0,57.0,0.0,0.0,0.07696104113612678,14.0,0.0,0.0,0.03262401201857523,0.0
gtzan/gtzan_metal_00010/track.npy,gtzan,0.3660130718954248,0.2924908444012118,0.3834752004220747,0.33798302241164324,0.06896551724137931,0.14942528735632185,0.06896551724137931,0.14942528735632185,0.15384615384615383,0.12597460063617907,0.14637244112754821,0.13617352088186363,0.21739130434782608,0.21739130434782608,0.21739130434782608,0.21739130434782608,80.0,0.0,0.0,0.11778303565638115,20.0,0.0,0.0,0.09243117383728632,0.0
gtzan/gtzan_metal_00011/track.npy,gtzan,0.17777777777777776,0.12786661909844874,0.15130635666014347,0.13958648787929612,0.0,0.0,0.0,0.0,0.0,4.713237428921592e-18,0.08642598649744955,0.043212993248724775,0.0,0.0,0.25,0.25,29.0,0.0,0.0,0.0947800941120194,10.0,0.0,0.0,0.06682493551596701,0.0
gtzan/gtzan_metal_00012/track.npy,gtzan,1.0,0.9387282945656129,0.9387282945656129,0.9387282945656129,1.0,1.0,1.0,1.0,1.0,0.9323101807281183,0.9323101807281183,0.9323101807281183,1.0,1.0,1.0,1.0,84.0,0.0,0.0,0.11122563511022676,21.0,0.0,0.0,0.027818695393038072,0.0
gtzan/gtzan_metal_00013/track.npy,gtzan,0.9913043478260869,0.8069387192694716,0.8069387192694716,0.8069387192694716,0.9827586206896551,0.9827586206896551,0.9827586206896551,0.9827586206896551,1.0,0.8043292111997997,0.8043292111997997,0.8043292111997997,1.0,1.0,1.0,1.0,70.0,0.0,0.0,0.09531017980432432,17.0,0.0,0.0,0.049909882211073696,0.0
gtzan/gtzan_metal_00014/track.npy,gtzan,0.6136363636363635,0.5497252504685819,0.7329509657509983,0.6413381081097901,0.12280701754385964,0.12280701754385964,0.36065573770491804,0.6885245901639344,0.2727272727272727,0.27973506760774125,0.3990921807021892,0.33941362415496523,0.14285714285714285,0.14285714285714285,0.4,0.4,63.0,0.0,0.0,0.10536051565782412,16.0,0.0,0.0,0.2657105931761662,0.0
gtzan/gtzan_metal_00015/track.npy,gtzan,0.39316239316239315,0.28754406530105187,0.5588310065417946,0.4231875359214232,0.0,0.0,0.18571428571428572,0.3010752688172043,0.2857142857142857,0.1804277064209292,0.2727299718611913,0.22657883914106025,0.0,0.0,0.2857142857142857,0.2857142857142857,81.0,0.0,0.0,0.11778303565639263,20.0,0.0,0.0,0.13568598369546866,0.0
gtzan/gtzan_metal_00016/track.npy,gtzan,1.0,0.9164003238061604,0.9164003238061604,0.9164003238061604,1.0,1.0,1.0,1.0,1.0,0.9321371336849877,0.9321371336849877,0.9321371336849877,1.0,1.0,1.0,1.0,46.0,0.0,0.0,0.06423579651413494,12.0,0.0,0.0,0.04343529316334424,0.0
gtzan/gtzan_metal_00017/track.npy,gtzan,0.42038216560509556,0.3008952782852768,0.40168352223488085,0.3512894002600788,0.011235955056179775,0.011235955056179775,0.011363636363636364,0.011363636363636364,0.08695652173913043,0.06783764271079085,0.06783764271079085,0.06783764271079085,0.5217391304347826,0.6521739130434783,0.5217391304347826,0.6521739130434783,82.0,0.0,0.0,0.111225635110227,28.0,0.0,0.0,0.05406722127027461,0.0
gtzan/gtzan_metal_00018/track.npy,gtzan,0.34782608695652173,0.27968567429633967,0.39811736315120444,0.33890151872377205,0.0,0.0,0.1566265060240964,0.21686746987951808,0.07142857142857142,0.06339878407610534,0.07969916524003806,0.0715489746580717,0.0,0.0,0.0,0.0,88.0,0.0,0.0,0.11778303565638115,22.0,0.0,0.0,0.09933954508989429,0.0
gtzan/gtzan_metal_00019/track.npy,gtzan,0.4585987261146497,0.2823401044852878,0.37153393365173043,0.32693701906850914,0.0,0.0,0.0,0.0,0.08888888888888888,0.027525120571149784,0.027525120571149784,0.027525120571149784,0.4782608695652174,0.7391304347826086,0.4782608695652174,0.7391304347826086,80.0,0.0,0.0,0.11122563511022676,27.0,0.0,0.0,0.07073169045346794,0.0
gtzan/gtzan_metal_00020/track.npy,gtzan,0.6239999999999999,0.5588201182068111,0.6384863437936237,0.5986532310002174,0.2077922077922078,0.2077922077922078,0.5,0.5208333333333334,0.625,0.5775715764189752,0.6583427386415931,0.6179571575302841,0.2,0.2,0.5833333333333334,0.6666666666666666,58.0,0.0,0.0,0.08338160893905111,15.0,0.0,0.0,0.16995347080335382,0.0
gtzan/gtzan_metal_00021/track.npy,gtzan,1.0,0.9189720486118337,0.9189720486118337,0.9189720486118337,1.0,1.0,1.0,1.0,1.0,0.9382443720475979,0.9382443720475979,0.9382443720475979,1.0,1.0,1.0,1.0,54.0,0.0,0.0,0.0726510176593531,13.0,0.0,0.0,0.022750063867074066,0.0
gtzan/gtzan_metal_00022/track.npy,gtzan,0.9824561403508771,0.7531159300729704,0.7531159300729704,0.7531159300729704,1.0,1.0,1.0,1.0,0.9285714285714286,0.7384027743382051,0.7384027743382051,0.7384027743382051,1.0,1.0,1.0,1.0,69.0,0.0,0.0,0.0909717782057284,17.0,0.0,0.0,0.026685470911353548,0.0
gtzan/gtzan_metal_00023/track.npy,gtzan,1.0,0.894995358419055,0.894995358419055,0.894995358419055,1.0,1.0,1.0,1.0,1.0,0.922402759826078,0.922402759826078,0.922402759826078,1.0,1.0,1.0,1.0,73.0,0.0,0.0,0.09531017980432921,18.0,0.0,0.0,0.03593200922606282,0.0
gtzan/gtzan_metal_00024/track.npy,gtzan,1.0,0.9397180757357455,0.9397180757357455,0.9397180757357455,1.0,1.0,1.0,1.0,1.0,0.9414019115932072,0.9414019115932072,0.9414019115932072,1.0,1.0,1.0,1.0,55.0,0.0,0.0,0.07410797215372103,14.0,0.0,0.0,0.009302392662315029,0.0
gtzan/gtzan_metal_00025/track.npy,gtzan,0.9827586206896551,0.7738717877653182,0.7738717877653182,0.7738717877653182,1.0,1.0,1.0,1.0,1.0,0.7582515173777548,0.7582515173777548,0.7582515173777548,1.0,1.0,1.0,1.0,69.0,0.0,0.0,0.07831729399483978,17.0,0.0,0.0,0.038359457840436914,0.0
gtzan/gtzan_metal_00026/track.npy,gtzan,0.7167630057803468,0.6149399122819391,0.6149399122819391,0.6149399122819391,0.1941747572815534,0.2621359223300971,0.34285714285714286,0.37142857142857144,0.40909090909090906,0.3278134800940372,0.3278134800940372,0.3278134800940372,0.2692307692307692,0.2692307692307692,0.3888888888888889,0.3888888888888889,81.0,0.0,0.0,0.1112256351102221,21.0,0.0,0.0,0.13237988978779874,0.0
gtzan/gtzan_metal_00027/track.npy,gtzan,0.5430463576158939,0.4301887061170534,0.5162732357386693,0.47323097092786137,0.0,0.0,0.42592592592592593,0.42592592592592593,0.21621621621621623,0.20731269053299817,0.20731269053299817,0.20731269053299817,0.0,0.0,0.38461538461538464,0.38461538461538464,51.0,0.0,0.0,0.08701137698963365,13.0,0.0,0.0,0.2045214647280244,0.0
gtzan/gtzan_metal_00028/track.npy,gtzan,0.735042735042735,0.6087848609459086,0.6087848609459086,0.6087848609459086,0.3728813559322034,0.711864406779661,0.3728813559322034,0.711864406779661,0.4137931034482759,0.32798490219108345,0.32798490219108345,0.32798490219108345,0.6,0.6,0.6,0.6,71.0,0.0,0.0,0.09531017980433143,18.0,0.0,0.0,0.1924901707370249,0.0
gtzan/gtzan_metal_00029/track.npy,gtzan,1.0,0.8537957144745156,0.8537957144745156,0.8537957144745156,1.0,1.0,1.0,1.0,1.0,0.8477602961215034,0.8477602961215034,0.8477602961215034,1.0,1.0,1.0,1.0,61.0,0.0,0.0,0.08004270767353472,15.0,0.0,0.0,0.020493037859818774,0.0
gtzan/gtzan_metal_00030/track.npy,gtzan,1.0,0.9351768849133948,0.9351768849133948,0.9351768849133948,1.0,1.0,1.0,1.0,1.0,0.9375809643989265,0.9375809643989265,0.9375809643989265,1.0,1.0,1.0,1.0,66.0,0.0,0.0,0.0903777180233046,16.0,0.0,0.0,0.02604831147097629,0.0
gtzan/gtzan_metal_00031/track.npy,gtzan,1.0,0.9032973184063017,0.9032973184063017,0.9032973184063017,1.0,1.0,1.0,1.0,1.0,0.8669065548452445,0.8669065548452445,0.8669065548452445,1.0,1.0,1.0,1.0,69.0,0.0,0.0,0.09097177820572608,18.0,0.0,0.0,0.02642070301046273,0.0
gtzan/gtzan_metal_00032/track.npy,gtzan,0.9931972789115647,0.7779217226887725,0.7779217226887725,0.7779217226887725,0.972972972972973,0.972972972972973,0.972972972972973,0.972972972972973,0.972972972972973,0.7484362963017139,0.7484362963017139,0.7484362963017139,0.9473684210526315,0.9473684210526315,0.9473684210526315,0.9473684210526315,87.0,0.0,0.0,0.11778303565638115,21.0,0.0,0.0,0.056433484280013234,0.0
gtzan/gtzan_metal_00033/track.npy,gtzan,1.0,0.7831691154361148,0.7831691154361148,0.7831691154361148,1.0,1.0,1.0,1.0,1.0,0.7527698229238031,0.7527698229238031,0.7527698229238031,1.0,1.0,1.0,1.0,62.0,0.0,0.0,0.08338160893905111,16.0,0.0,0.0,0.024172617215141745,0.0
gtzan/gtzan_metal_00034/track.npy,gtzan,0.564885496183206,0.5098216844085286,0.5098216844085286,0.5098216844085286,0.4090909090909091,0.5454545454545454,0.4090909090909091,0.5454545454545454,0.0,1.003349488143344e-20,0.3798083746851424,0.1899041873425712,0.0,0.0,0.5,0.75,80.0,0.0,0.0,0.10536051565782446,20.0,0.0,0.0,0.056267779191381706,0.0
gtzan/gtzan_metal_00035/track.npy,gtzan,0.98989898989899,0.910408025234196,0.910408025234196,0.910408025234196,0.98,0.98,0.98,0.98,1.0,0.9295169557778014,0.9295169557778014,0.9295169557778014,1.0,1.0,1.0,1.0,59.0,0.0,0.0,0.0775773744436097,15.0,0.0,0.0,0.029558802241543725,0.0
gtzan/gtzan_metal_00036/track.npy,gtzan,1.0,0.837315830797052,0.837315830797052,0.837315830797052,1.0,1.0,1.0,1.0,1.0,0.8320786761358441,0.8320786761358441,0.8320786761358441,1.0,1.0,1.0,1.0,71.0,0.0,0.0,0.09531017980432288,17.0,0.0,0.0,0.04652001563489213,0.0
gtzan/gtzan_metal_00037/track.npy,gtzan,0.9107142857142856,0.8398161589515264,0.8398161589515264,0.8398161589515264,0.5087719298245614,0.8596491228070176,0.5087719298245614,0.8596491228070176,0.5,0.44197090850980464,0.5208379287172484,0.48140441861352656,0.5714285714285714,0.5714285714285714,0.5714285714285714,0.5714285714285714,67.0,0.0,0.0,0.09444249948461171,17.0,0.0,0.0,0.2161878042741835,0.0
gtzan/gtzan_metal_00038/track.npy,gtzan,0.8048780487804876,0.6842298750933484,0.6842298750933484,0.6842298750933484,0.7619047619047619,0.7619047619047619,0.7619047619047619,0.7619047619047619,0.24999999999999994,0.18883895910747062,0.2439444661231283,0.21639171261529946,0.0,0.0,0.07692307692307693,0.07692307692307693,48.0,0.0,0.0,0.0666913744986715,16.0,0.0,0.0,0.040213373627803396,0.0
gtzan/gtzan_metal_00039/track.npy,gtzan,0.6666666666666666,0.6338436514457017,0.9349760935471532,0.7844098724964275,0.0,0.0,0.98,0.98,0.6666666666666666,0.6362045495548532,0.8990421915986336,0.7676233705767435,0.0,0.0,0.9166666666666666,0.9166666666666666,60.0,0.0,0.0,0.08004270767353472,15.0,0.0,0.0,0.014030468194768372,0.0
gtzan/gtzan_metal_00040/track.npy,gtzan,0.4155844155844156,0.3777125968163465,0.4715992763638583,0.42465593659010237,0.0,0.0,0.0,0.0,0.0,1.597435491478595e-10,7.547203494328958e-10,4.5723194929037766e-10,0.0,0.0,0.0,0.0,37.0,0.0,0.0,0.056385506564724415,9.0,0.0,0.0,0.020629110055140135,0.0
gtzan/gtzan_metal_00041/track.npy,gtzan,1.0,0.9460565644067097,0.9460565644067097,0.9460565644067097,1.0,1.0,1.0,1.0,1.0,0.9375319399948285,0.9375319399948285,0.9375319399948285,1.0,1.0,1.0,1.0,59.0,0.0,0.0,0.07696104113612712,15.0,0.0,0.0,0.02347323575307115,0.0
gtzan/gtzan_metal_00042/track.npy,gtzan,1.0,0.9414112114696664,0.9414112114696664,0.9414112114696664,1.0,1.0,1.0,1.0,1.0,0.9244851618159611,0.9244851618159611,0.9244851618159611,1.0,1.0,1.0,1.0,65.0,0.0,0.0,0.08701137698962769,17.0,0.0,0.0,0.032435275753154004,0.0
gtzan/gtzan_metal_00043/track.npy,gtzan,0.9873417721518987,0.9068187339614101,0.9068187339614101,0.9068187339614101,0.975,0.975,0.975,0.975,1.0,0.9566713337531649,0.9566713337531649,0.9566713337531649,1.0,1.0,1.0,1.0,47.0,0.0,0.0,0.06252035698133372,12.0,0.0,0.0,0.02336695025229697,0.0
gtzan/gtzan_metal_00044/track.npy,gtzan,1.0,0.9066165423569212,0.9066165423569212,0.9066165423569212,1.0,1.0,1.0,1.0,1.0,0.8758932974494354,0.8758932974494354,0.8758932974494354,1.0,1.0,1.0,1.0,59.0,0.0,0.0,0.04804980384342861,15.0,0.0,0.0,0.019765349515694218,0.0
gtzan/gtzan_metal_00045/track.npy,gtzan,0.6578947368421052,0.6151205501772113,0.9141801509093821,0.7646503505432967,0.0,0.0,0.9607843137254902,0.9607843137254902,0.631578947368421,0.58046509049268,0.8525790253306816,0.7165220579116809,0.0,0.0,0.8461538461538461,0.8461538461538461,60.0,0.0,0.0,0.08004270767353579,15.0,0.0,0.0,0.028409138313875495,0.0
gtzan/gtzan_metal_00046/track.npy,gtzan,0.46153846153846156,0.33366898437817805,0.4169605505805119,0.375314767479345,0.0,0.0,0.0,0.0,0.6530612244897959,0.5017293881099777,0.5017293881099777,0.5017293881099777,0.6,0.88,0.6,0.88,88.0,0.0,0.0,0.11778303565638115,30.0,0.0,0.0,0.05608946665104322,0.0
gtzan/gtzan_metal_00047/track.npy,gtzan,0.5098039215686274,0.33474289517143746,0.3854891721786192,0.3601160336750283,0.022988505747126436,0.034482758620689655,0.022988505747126436,0.034482758620689655,0.6976744186046512,0.4091172674505815,0.4091172674505815,0.4091172674505815,0.8181818181818182,0.8181818181818182,0.8181818181818182,0.8181818181818182,78.0,0.0,0.0,0.1112256351102221,26.0,0.0,0.0,0.06296782615747663,0.0
gtzan/gtzan_metal_00048/track.npy,gtzan,0.4276729559748428,0.329230562835547,0.4020811211400288,0.3656558419877879,0.0,0.0,0.0,0.0,0.711111111111111,0.5067479702992811,0.5067479702992811,0.5067479702992811,0.8695652173913043,0.8695652173913043,0.8695652173913043,0.8695652173913043,82.0,0.0,0.0,0.11122563511022432,28.0,0.0,0.0,0.049810733872794215,0.0
gtzan/gtzan_metal_00049/track.npy,gtzan,0.4722222222222222,0.27063524699715613,0.35579010757076496,0.3132126772839605,0.012195121951219513,0.012195121951219513,0.012345679012345678,0.012345679012345678,0.23809523809523808,0.15917761376478504,0.15917761376478504,0.15917761376478504,1.0,1.0,1.0,1.0,74.0,0.0,0.0,0.10245813425236053,25.0,0.0,0.0,0.06321399846257075,0.0
gtzan/gtzan_metal_00050/track.npy,gtzan,0.6338028169014084,0.5750196081155104,0.6513837315863173,0.613201669850914,0.0,0.0,0.75,0.75,0.1714285714285714,0.1692682600417775,0.24684954589425886,0.20805890296801818,0.0,0.0,1.0,1.0,57.0,0.0,0.0,0.09236573184943926,14.0,0.0,0.0,0.09585929906157785,0.0
gtzan/gtzan_metal_00051/track.npy,gtzan,0.6715328467153284,0.6359271156012337,0.9469784194264058,0.7914527675138198,0.0,0.0,1.0,1.0,0.0,4.297756597939652e-10,6.35320540564992e-10,5.325481001794787e-10,0.0,0.0,0.9166666666666666,0.9166666666666666,55.0,0.0,0.0,0.07410797215372045,14.0,0.0,0.0,0.05360550348905889,0.0
gtzan/gtzan_metal_00052/track.npy,gtzan,1.0,0.9437914345372478,0.9437914345372478,0.9437914345372478,0.7424242424242424,0.9848484848484849,0.7424242424242424,0.9848484848484849,1.0,0.9513051817558058,0.9513051817558058,0.9513051817558058,1.0,1.0,1.0,1.0,80.0,0.0,0.0,0.06438872911262897,20.0,0.0,0.0,0.04280877853275798,0.0
gtzan/gtzan_metal_00053/track.npy,gtzan,0.6103896103896104,0.5155683923759619,0.5712484457136252,0.5434084190447935,0.0,0.0,0.6346153846153846,0.6346153846153846,0.4102564102564103,0.35539310485964964,0.53308961991173,0.4442413623856898,0.0,0.0,0.6923076923076923,0.6923076923076923,61.0,0.0,0.0,0.08701137698962849,16.0,0.0,0.0,0.11571415459427407,0.0
gtzan/gtzan_metal_00054/track.npy,gtzan,0.5256410256410257,0.39815110284378014,0.5971422352226676,0.49764666903322385,0.0,0.0,0.5384615384615384,0.9615384615384616,0.0,6.314310107454263e-05,9.471465161181395e-05,7.892887634317828e-05,0.0,0.0,1.0,1.0,62.0,0.0,0.0,0.08356309734158542,15.0,0.0,0.0,0.035323430802246876,0.0
gtzan/gtzan_metal_00055/track.npy,gtzan,1.0,0.9346640784458626,0.9346640784458626,0.9346640784458626,1.0,1.0,1.0,1.0,1.0,0.9149093179163825,0.9149093179163825,0.9149093179163825,1.0,1.0,1.0,1.0,85.0,0.0,0.0,0.11122563511022676,21.0,0.0,0.0,0.044102378741950346,0.0
gtzan/gtzan_metal_00056/track.npy,gtzan,0.6666666666666666,0.6206919118778514,0.9310378649681306,0.7758648884229911,0.0,0.0,1.0,1.0,0.0,3.560369201315866e-10,5.502388765669975e-10,4.5313789834929207e-10,0.0,0.0,1.0,1.0,54.0,0.0,0.0,0.07410797215372089,13.0,0.0,0.0,0.027358391419536054,0.0
gtzan/gtzan_metal_00057/track.npy,gtzan,1.0,0.9118013464506867,0.9118013464506867,0.9118013464506867,1.0,1.0,1.0,1.0,1.0,0.8563488500531165,0.8563488500531165,0.8563488500531165,1.0,1.0,1.0,1.0,64.0,0.0,0.0,0.0870113769896317,16.0,0.0,0.0,0.03208831455150109,0.0
gtzan/gtzan_metal_00058/track.npy,gtzan,1.0,0.9518938115065326,0.9518938115065326,0.9518938115065326,1.0,1.0,1.0,1.0,1.0,0.9403488604042118,0.9403488604042118,0.9403488604042118,1.0,1.0,1.0,1.0,73.0,0.0,0.0,0.09769681918065587,19.0,0.0,0.0,0.0360191362150253,0.0
gtzan/gtzan_metal_00059/track.npy,gtzan,0.6557377049180327,0.5831900797124004,0.8893648715614108,0.7362774756369056,0.0,0.0,1.0,1.0,0.0,1.1011653076104275e-48,3.0595449886569246e-48,2.080355148133676e-48,0.0,0.0,1.0,1.0,24.0,0.0,0.0,0.04959694113937379,6.0,0.0,0.0,0.020354908076494406,0.0
gtzan/gtzan_metal_00060/track.npy,gtzan,1.0,0.9251050750542671,0.9251050750542671,0.9251050750542671,1.0,1.0,1.0,1.0,1.0,0.948810507756263,0.948810507756263,0.948810507756263,1.0,1.0,1.0,1.0,45.0,0.0,0.0,0.060624621816436144,12.0,0.0,0.0,0.018984709230367876,0.0
gtzan/gtzan_metal_00061/track.npy,gtzan,0.5081967213114754,0.47214358156213937,0.47214358156213937,0.47214358156213937,0.0,0.0,0.0,0.0,0.5333333333333333,0.5122119724722342,0.5122119724722342,0.5122119724722342,0.0,0.0,0.0,0.0,37.0,0.0,0.0,0.056385506564724415,9.0,0.0,0.0,0.020629110055140135,0.0
gtzan/gtzan_metal_00062/track.npy,gtzan,1.0,0.951126914689316,0.951126914689316,0.951126914689316,1.0,1.0,1.0,1.0,1.0,0.9375319399948285,0.9375319399948285,0.9375319399948285,1.0,1.0,1.0,1.0,59.0,0.0,0.0,0.07696104113612712,15.0,0.0,0.0,0.02347323575307115,0.0
gtzan/gtzan_metal_00063/track.npy,gtzan,1.0,0.9465866995946172,0.9465866995946172,0.9465866995946172,1.0,1.0,1.0,1.0,1.0,0.9244851618159611,0.9244851618159611,0.9244851618159611,1.0,1.0,1.0,1.0,65.0,0.0,0.0,0.08701137698962769,17.0,0.0,0.0,0.032435275753154004,0.0
gtzan/gtzan_metal_00064/track.npy,gtzan,1.0,0.9254413151617277,0.9254413151617277,0.9254413151617277,1.0,1.0,1.0,1.0,1.0,0.9566713337531649,0.9566713337531649,0.9566713337531649,1.0,1.0,1.0,1.0,47.0,0.0,0.0,0.06252035698133372,12.0,0.0,0.0,0.02336695025229697,0.0
gtzan/gtzan_metal_00065/track.npy,gtzan,1.0,0.9405923886396339,0.9405923886396339,0.9405923886396339,1.0,1.0,1.0,1.0,1.0,0.9110442423207085,0.9110442423207085,0.9110442423207085,1.0,1.0,1.0,1.0,59.0,0.0,0.0,0.04804980384342861,15.0,0.0,0.0,0.019765349515694218,0.0
gtzan/gtzan_metal_00066/track.npy,gtzan,0.6666666666666666,0.6412507491003011,0.9581744471295454,0.7997125981149232,0.0,0.0,0.98,0.98,0.631578947368421,0.5881715520062084,0.8647604677747435,0.7264660098904759,0.0,0.0,0.8461538461538461,0.8461538461538461,60.0,0.0,0.0,0.08004270767353579,15.0,0.0,0.0,0.028409138313875495,0.0
gtzan/gtzan_metal_00067/track.npy,gtzan,1.0,0.9731583558713182,0.9731583558713182,0.9731583558713182,1.0,1.0,1.0,1.0,0.0,4.289123155145376e-107,0.9213012060065952,0.4606506030032976,0.0,0.0,0.9285714285714286,0.9285714285714286,67.0,0.0,0.0,0.044451762570840825,16.0,0.0,0.0,0.02604831147097694,0.0
gtzan/gtzan_metal_00068/track.npy,gtzan,1.0,0.9799089070178133,0.9799089070178133,0.9799089070178133,1.0,1.0,1.0,1.0,1.0,0.9903824119919493,0.9903824119919493,0.9903824119919493,1.0,1.0,1.0,1.0,83.0,0.0,0.0,0.057158413839947464,20.0,0.0,0.0,0.02702867238791882,0.0
gtzan/gtzan_metal_00069/track.npy,gtzan,0.9558823529411765,0.8844317237196423,0.8844317237196423,0.8844317237196423,0.7058823529411765,0.9411764705882353,0.7058823529411765,0.9411764705882353,0.9411764705882353,0.8462240213365326,0.8462240213365326,0.8462240213365326,1.0,1.0,1.0,1.0,82.0,0.0,0.0,0.057158413839947464,20.0,0.0,0.0,0.05417837355398653,0.0
gtzan/gtzan_metal_00070/track.npy,gtzan,1.0,0.9301273971547616,0.9301273971547616,0.9301273971547616,1.0,1.0,1.0,1.0,1.0,0.8976162796885084,0.8976162796885084,0.8976162796885084,1.0,1.0,1.0,1.0,58.0,0.0,0.0,0.07696104113612678,15.0,0.0,0.0,0.029100675043995827,0.0
gtzan/gtzan_metal_00071/track.npy,gtzan,1.0,0.9732598920344421,0.9732598920344421,0.9732598920344421,1.0,1.0,1.0,1.0,1.0,0.9776028340821085,0.9776028340821085,0.9776028340821085,1.0,1.0,1.0,1.0,42.0,0.0,0.0,0.057158413839949906,11.0,0.0,0.0,0.00706716722309233,0.0
gtzan/gtzan_metal_00072/track.npy,gtzan,1.0,0.9141752375083899,0.9141752375083899,0.9141752375083899,1.0,1.0,1.0,1.0,1.0,0.9167762564478966,0.9167762564478966,0.9167762564478966,1.0,1.0,1.0,1.0,60.0,0.0,0.0,0.04082199452025603,15.0,0.0,0.0,0.028164215359152582,0.0
gtzan/gtzan_metal_00073/track.npy,gtzan,0.673913043478261,0.6254380724331604,0.9264078172774091,0.7759229448552847,0.0,0.0,1.0,1.0,0.6666666666666666,0.6335381010049207,0.8993783510482833,0.766458226026602,0.0,0.0,0.9375,0.9375,73.0,0.0,0.0,0.0720501719868813,19.0,0.0,0.0,0.03636764417087472,0.0
gtzan/gtzan_metal_00074/track.npy,gtzan,0.9142857142857143,0.865785913599119,0.865785913599119,0.865785913599119,0.5370370370370371,0.8888888888888888,0.5370370370370371,0.8888888888888888,0.5384615384615384,0.5301633484062324,0.5631693977345407,0.5466663730703865,0.5384615384615384,0.5384615384615384,0.5384615384615384,0.5384615384615384,65.0,0.0,0.0,0.12851641425597687,16.0,0.0,0.0,0.3114662353261987,0.0
gtzan/gtzan_metal_00075/track.npy,gtzan,1.0,0.9446933652227355,0.9446933652227355,0.9446933652227355,1.0,1.0,1.0,1.0,1.0,0.9225516038328755,0.9225516038328755,0.9225516038328755,1.0,1.0,1.0,1.0,56.0,0.0,0.0,0.07410797215372678,14.0,0.0,0.0,0.009478743954543184,0.0
gtzan/gtzan_metal_00076/track.npy,gtzan,1.0,0.905295201340381,0.905295201340381,0.905295201340381,1.0,1.0,1.0,1.0,1.0,0.9214505208442338,0.9214505208442338,0.9214505208442338,1.0,1.0,1.0,1.0,70.0,0.0,0.0,0.09531017980432288,17.0,0.0,0.0,0.02707312148197012,0.0
gtzan/gtzan_metal_00077/track.npy,gtzan,1.0,0.9461609901017997,0.9461609901017997,0.9461609901017997,1.0,1.0,1.0,1.0,1.0,0.9359084365230167,0.9359084365230167,0.9359084365230167,1.0,1.0,1.0,1.0,75.0,0.0,0.0,0.10008345855698275,19.0,0.0,0.0,0.012578782206859929,0.0
gtzan/gtzan_metal_00078/track.npy,gtzan,0.6612903225806451,0.6294129797255871,0.9517952376165122,0.7906041086710496,0.0,0.0,1.0,1.0,0.0,8.66136722643008e-12,1.2785827810444405e-11,1.0723597518437242e-11,0.0,0.0,0.9090909090909091,0.9090909090909091,50.0,0.0,0.0,0.06669137449867674,13.0,0.0,0.0,0.016667052485212275,0.0
gtzan/gtzan_metal_00079/track.npy,gtzan,1.0,0.9274989646552237,0.9274989646552237,0.9274989646552237,1.0,1.0,1.0,1.0,1.0,0.9430761838819277,0.9430761838819277,0.9430761838819277,1.0,1.0,1.0,1.0,62.0,0.0,0.0,0.08338160893904922,15.0,0.0,0.0,0.02061928720273436,0.0
gtzan/gtzan_metal_00080/track.npy,gtzan,0.8095238095238095,0.7696133882947512,0.8031849971343865,0.7863991927145688,0.28,0.36,0.47058823529411764,0.47058823529411764,0.8181818181818181,0.7857593917160268,0.7857593917160268,0.7857593917160268,0.3076923076923077,0.38461538461538464,0.4444444444444444,0.4444444444444444,41.0,0.0,0.0,0.055569851154810154,11.0,0.0,0.0,0.0068259650704007415,0.0
gtzan/gtzan_metal_00081/track.npy,gtzan,0.9579831932773109,0.8515865197232032,0.8515865197232032,0.8515865197232032,0.8387096774193549,0.8387096774193549,0.8387096774193549,0.8387096774193549,0.0689655172413793,0.05397962332702662,0.6440457190749912,0.34901267120100893,0.0,0.0,0.7857142857142857,0.7857142857142857,63.0,0.0,0.0,0.10008345855698919,16.0,0.0,0.0,0.337788281362801,0.0
gtzan/gtzan_metal_00082/track.npy,gtzan,1.0,0.9705615096136827,0.9705615096136827,0.9705615096136827,1.0,1.0,1.0,1.0,1.0,0.9858984939176713,0.9858984939176713,0.9858984939176713,1.0,1.0,1.0,1.0,61.0,0.0,0.0,0.08338160893904922,16.0,0.0,0.0,0.013952562094062778,0.0
gtzan/gtzan_metal_00083/track.npy,gtzan,0.98989898989899,0.9381722195400436,0.9381722195400436,0.9381722195400436,0.98,0.98,0.98,0.98,0.9600000000000001,0.9084508193191438,0.9084508193191438,0.9084508193191438,0.9230769230769231,0.9230769230769231,0.9230769230769231,0.9230769230769231,59.0,0.0,0.0,0.04082199452025499,15.0,0.0,0.0,0.03325051464138048,0.0
gtzan/gtzan_metal_00084/track.npy,gtzan,0.9919999999999999,0.9587557711113913,0.9587557711113913,0.9587557711113913,0.9841269841269841,0.9841269841269841,0.9841269841269841,0.9841269841269841,0.967741935483871,0.9188231746852239,0.9188231746852239,0.9188231746852239,0.9375,0.9375,0.9375,0.9375,75.0,0.0,0.0,0.10008345855698142,19.0,0.0,0.0,0.02745532072377778,0.0
gtzan/gtzan_metal_00085/track.npy,gtzan,1.0,0.9376868497697405,0.9376868497697405,0.9376868497697405,1.0,1.0,1.0,1.0,1.0,0.9262244960086325,0.9262244960086325,0.9262244960086325,1.0,1.0,1.0,1.0,51.0,0.0,0.0,0.06669137449867243,12.0,0.0,0.0,0.03499641117642358,0.0
gtzan/gtzan_metal_00086/track.npy,gtzan,1.0,0.9478874087728951,0.9478874087728951,0.9478874087728951,1.0,1.0,1.0,1.0,1.0,0.9229047512685857,0.9229047512685857,0.9229047512685857,1.0,1.0,1.0,1.0,61.0,0.0,0.0,0.0408219945202581,15.0,0.0,0.0,0.030584187957527775,0.0
gtzan/gtzan_metal_00087/track.npy,gtzan,1.0,0.9153934796935592,0.9153934796935592,0.9153934796935592,1.0,1.0,1.0,1.0,1.0,0.9117039016418254,0.9117039016418254,0.9117039016418254,1.0,1.0,1.0,1.0,96.0,0.0,0.0,0.0645385211375722,24.0,0.0,0.0,0.04800921918636242,0.0
gtzan/gtzan_metal_00088/track.npy,gtzan,1.0,0.9449519197040983,0.9449519197040983,0.9449519197040983,1.0,1.0,1.0,1.0,1.0,0.953168286315993,0.953168286315993,0.953168286315993,1.0,1.0,1.0,1.0,58.0,0.0,0.0,0.039220713153287345,15.0,0.0,0.0,0.019494240069611025,0.0
gtzan/gtzan_metal_00089/track.npy,gtzan,0.6666666666666666,0.602124615285545,0.9106939963475057,0.7564093058165253,0.0,0.0,0.984375,0.984375,0.6666666666666666,0.6011538921566686,0.8891931316336088,0.7451735118951387,0.0,0.0,0.9375,0.9375,77.0,0.0,0.0,0.10008345855698919,19.0,0.0,0.0,0.05064373281875606,0.0
gtzan/gtzan_metal_00090/track.npy,gtzan,1.0,0.8806026416398098,0.8806026416398098,0.8806026416398098,1.0,1.0,1.0,1.0,1.0,0.8773048323570795,0.8773048323570795,0.8773048323570795,1.0,1.0,1.0,1.0,89.0,0.0,0.0,0.11778303565638115,23.0,0.0,0.0,0.04512043528046933,0.0
gtzan/gtzan_metal_00091/track.npy,gtzan,1.0,0.9085718772977164,0.9085718772977164,0.9085718772977164,1.0,1.0,1.0,1.0,1.0,0.889146744436513,0.889146744436513,0.889146744436513,1.0,1.0,1.0,1.0,68.0,0.0,0.0,0.0909717782057283,17.0,0.0,0.0,0.045985113241823014,0.0
gtzan/gtzan_metal_00092/track.npy,gtzan,0.9739130434782608,0.8922824448216921,0.8922824448216921,0.8922824448216921,0.4827586206896552,0.9482758620689655,0.4827586206896552,0.9482758620689655,0.0,1.2639151308312137e-17,0.37866803917262193,0.18933401958631096,0.0,0.0,0.4666666666666667,0.4666666666666667,68.0,0.0,0.0,0.1097593552471226,17.0,0.0,0.0,0.16170761094296113,0.0
gtzan/gtzan_metal_00093/track.npy,gtzan,1.0,0.9466887625382017,0.9466887625382017,0.9466887625382017,1.0,1.0,1.0,1.0,1.0,0.9237816912190558,0.9237816912190558,0.9237816912190558,1.0,1.0,1.0,1.0,86.0,0.0,0.0,0.10363548311615514,21.0,0.0,0.0,0.042559614418797576,0.0
gtzan/gtzan_metal_00094/track.npy,gtzan,0.696969696969697,0.5831770268510417,0.5831770268510417,0.5831770268510417,0.5151515151515151,0.6666666666666666,0.5151515151515151,0.6666666666666666,0.6875,0.5516972546057008,0.5516972546057008,0.5516972546057008,1.0,1.0,1.0,1.0,80.0,0.0,0.0,0.10536051565782446,20.0,0.0,0.0,0.056267779191381706,0.0
gtzan/gtzan_metal_00095/track.npy,gtzan,0.9375,0.76141297152299,0.76141297152299,0.76141297152299,1.0,1.0,1.0,1.0,0.875,0.7273211196843423,0.7273211196843423,0.7273211196843423,1.0,1.0,1.0,1.0,38.0,0.0,0.0,0.11456116630739921,10.0,0.0,0.0,0.031073459743105027,0.0
gtzan/gtzan_metal_00096/track.npy,gtzan,0.8169014084507041,0.7464290847347519,0.7464290847347519,0.7464290847347519,0.7027027027027027,0.7027027027027027,0.7027027027027027,0.7027027027027027,0.7368421052631577,0.7078934856456275,0.7078934856456275,0.7078934856456275,0.7,0.7,0.7,0.7,40.0,0.0,0.0,0.09190348871753257,10.0,0.0,0.0,0.037253390338057794,0.0
gtzan/gtzan_metal_00097/track.npy,gtzan,1.0,0.9220541294805602,0.9220541294805602,0.9220541294805602,1.0,1.0,1.0,1.0,1.0,0.9225730883796727,0.9225730883796727,0.9225730883796727,1.0,1.0,1.0,1.0,40.0,0.0,0.0,0.053082651135830126,10.0,0.0,0.0,0.03946666578863269,0.0
gtzan/gtzan_metal_00098/track.npy,gtzan,1.0,0.9680662319711748,0.9680662319711748,0.9680662319711748,1.0,1.0,1.0,1.0,1.0,0.9673902713133473,0.9673902713133473,0.9673902713133473,1.0,1.0,1.0,1.0,39.0,0.0,0.0,0.0512932943875503,10.0,0.0,0.0,0.017279215996004144,0.0
gtzan/gtzan_metal_00099/track.npy,gtzan,0.6823529411764705,0.5876577585460707,0.8187876578064494,0.7032227081762601,0.10909090909090909,0.10909090909090909,0.7966101694915254,0.7966101694915254,0.6363636363636364,0.5452766244903322,0.7975867939117485,0.6714317092010403,0.14285714285714285,0.14285714285714285,0.8,0.8,61.0,0.0,0.0,0.10008345855698919,15.0,0.0,0.0,0.2892161004523809,0.0
gtzan/gtzan_pop_00000/track.npy,gtzan,0.5952380952380952,0.48634190489996,0.7179526817424666,0.6021472933212133,0.0,0.0,0.5178571428571429,0.9464285714285714,0.6666666666666666,0.46659713039664913,0.7489316629444884,0.6077643966705688,0.0,0.0,0.9285714285714286,0.9285714285714286,67.0,0.0,0.0,0.09097177820572828,16.0,0.0,0.0,0.044451762570833143,0.0
gtzan/gtzan_pop_00001/track.npy,gtzan,0.9438202247191012,0.5549850893059378,0.5549850893059378,0.5549850893059378,0.9777777777777777,0.9777777777777777,0.9777777777777777,0.9777777777777777,0.9565217391304348,0.5682864024323351,0.5682864024323351,0.5682864024323351,0.9166666666666666,0.9166666666666666,0.9166666666666666,0.9166666666666666,54.0,0.0,0.0,0.07145896398214266,14.0,0.0,0.0,0.03540192705091634,0.0
gtzan/gtzan_pop_00002/track.npy,gtzan,1.0,0.9657633026924728,0.9657633026924728,0.9657633026924728,1.0,1.0,1.0,1.0,1.0,0.9728696497078315,0.9728696497078315,0.9728696497078315,1.0,1.0,1.0,1.0,63.0,0.0,0.0,0.04255961441880263,16.0,0.0,0.0,0.014247064284090484,0.0
gtzan/gtzan_pop_00003/track.npy,gtzan,0.9870129870129869,0.8557713293103734,0.8557713293103734,0.8557713293103734,0.9743589743589743,0.9743589743589743,0.9743589743589743,0.9743589743589743,0.9473684210526316,0.7753466809775329,0.7753466809775329,0.7753466809775329,0.9,0.9,0.9,0.9,46.0,0.0,0.0,0.06223599670659789,11.0,0.0,0.0,0.04314315950900953,0.0
gtzan/gtzan_pop_00004/track.npy,gtzan,1.0,0.9819830725609997,0.9819830725609997,0.9819830725609997,1.0,1.0,1.0,1.0,1.0,0.9852901011944751,0.9852901011944751,0.9852901011944751,1.0,1.0,1.0,1.0,40.0,0.0,0.0,0.026668247082163494,10.0,0.0,0.0,0.006688988150796549,0.0
gtzan/gtzan_pop_00005/track.npy,gtzan,1.0,0.9357433576027562,0.9357433576027562,0.9357433576027562,1.0,1.0,1.0,1.0,1.0,0.8735637657190054,0.8735637657190054,0.8735637657190054,1.0,1.0,1.0,1.0,44.0,0.0,0.0,0.07074393647503532,11.0,0.0,0.0,0.1550883384391292,0.0
gtzan/gtzan_pop_00006/track.npy,gtzan,0.9870129870129869,0.9380125354006729,0.9380125354006729,0.9380125354006729,0.9743589743589743,0.9743589743589743,0.9743589743589743,0.9743589743589743,0.9473684210526316,0.9112625411794476,0.9112625411794476,0.9112625411794476,0.9,0.9,0.9,0.9,46.0,0.0,0.0,0.030771658666755797,11.0,0.0,0.0,0.007722046093911583,0.0
gtzan/gtzan_pop_00007/track.npy,gtzan,1.0,0.9359070241684116,0.9359070241684116,0.9359070241684116,1.0,1.0,1.0,1.0,1.0,0.9835888515311022,0.9835888515311022,0.9835888515311022,1.0,1.0,1.0,1.0,32.0,0.0,0.0,0.09595197926222042,8.0,0.0,0.0,0.003957792825633577,0.0
gtzan/gtzan_pop_00008/track.npy,gtzan,1.0,0.9855258741434907,0.9855258741434907,0.9855258741434907,1.0,1.0,1.0,1.0,1.0,0.9819133424194892,0.9819133424194892,0.9819133424194892,1.0,1.0,1.0,1.0,42.0,0.0,0.0,0.05556985115481057,10.0,0.0,0.0,0.0070175726586469865,0.0
gtzan/gtzan_pop_00009/track.npy,gtzan,0.9885057471264368,0.716718723792963,0.716718723792963,0.716718723792963,0.9772727272727273,0.9772727272727273,0.9772727272727273,0.9772727272727273,0.9523809523809523,0.6686780906994836,0.6686780906994836,0.6686780906994836,0.9090909090909091,0.9090909090909091,0.9090909090909091,0.9090909090909091,53.0,0.0,0.0,0.08840973981998845,14.0,0.0,0.0,0.03947194083845762,0.0
gtzan/gtzan_pop_00010/track.npy,gtzan,0.9887640449438202,0.9126322072962683,0.9126322072962683,0.9126322072962683,0.9777777777777777,0.9777777777777777,0.9777777777777777,0.9777777777777777,1.0,0.9256348919779908,0.9256348919779908,0.9256348919779908,1.0,1.0,1.0,1.0,53.0,0.0,0.0,0.07145896398214668,13.0,0.0,0.0,0.01341314369138269,0.0
gtzan/gtzan_pop_00011/track.npy,gtzan,0.14545454545454545,0.10494828477352186,0.17966548405959196,0.14230688441655692,0.06666666666666667,0.13333333333333333,0.2,0.23333333333333334,0.0,0.011365644102604044,0.014465365221496057,0.012915504662050051,0.375,0.375,0.375,0.375,37.0,0.0,0.0,0.08990798972571287,10.0,0.0,0.0,0.0820611775806614,0.0
gtzan/gtzan_pop_00012/track.npy,gtzan,0.9397590361445782,0.7649728524164207,0.7649728524164207,0.7649728524164207,0.9523809523809523,0.9523809523809523,0.9523809523809523,0.9523809523809523,0.962962962962963,0.7986643584567564,0.7986643584567564,0.7986643584567564,0.9285714285714286,0.9285714285714286,0.9285714285714286,0.9285714285714286,50.0,0.0,0.0,0.06669137449867218,17.0,0.0,0.0,0.025855437949360426,0.0
gtzan/gtzan_pop_00013/track.npy,gtzan,1.0,0.9773875021393972,0.9773875021393972,0.9773875021393972,1.0,1.0,1.0,1.0,1.0,0.9984847201768172,0.9984847201768172,0.9984847201768172,1.0,1.0,1.0,1.0,36.0,0.0,0.0,0.04762804898925715,9.0,0.0,0.0,1.043609643147647e-15,0.0
gtzan/gtzan_pop_00014/track.npy,gtzan,0.9896907216494846,0.9163576710623662,0.9163576710623662,0.9163576710623662,0.9795918367346939,0.9795918367346939,0.9795918367346939,0.9795918367346939,1.0,0.9179734581745138,0.9179734581745138,0.9179734581745138,1.0,1.0,1.0,1.0,58.0,0.0,0.0,0.048655795148997205,14.0,0.0,0.0,0.013968163869005661,0.0
gtzan/gtzan_pop_00015/track.npy,gtzan,1.0,0.9377652098646578,0.9377652098646578,0.9377652098646578,1.0,1.0,1.0,1.0,1.0,0.9400779088422325,0.9400779088422325,0.9400779088422325,1.0,1.0,1.0,1.0,52.0,0.0,0.0,0.06899287148695085,13.0,0.0,0.0,0.008658062743116257,0.0
gtzan/gtzan_pop_00016/track.npy,gtzan,0.9130434782608695,0.8450587861274655,0.8450587861274655,0.8450587861274655,0.8478260869565217,0.9347826086956522,0.8478260869565217,0.9347826086956522,0.9166666666666666,0.7965132833246574,0.7965132833246574,0.7965132833246574,1.0,1.0,1.0,1.0,55.0,0.0,0.0,0.07251856725077428,14.0,0.0,0.0,0.027150989065951037,0.0
gtzan/gtzan_pop_00017/track.npy,gtzan,0.9130434782608695,0.6700504257892534,0.6700504257892534,0.6700504257892534,0.9782608695652174,0.9782608695652174,0.9782608695652174,0.9782608695652174,1.0,0.6278271730210475,0.6278271730210475,0.6278271730210475,1.0,1.0,1.0,1.0,56.0,0.0,0.0,0.07410797215372247,14.0,0.0,0.0,0.036367644170874014,0.0
gtzan/gtzan_pop_00018/track.npy,gtzan,1.0,0.8460492951135129,0.8460492951135129,0.8460492951135129,1.0,1.0,1.0,1.0,1.0,0.8567314800101935,0.8567314800101935,0.8567314800101935,1.0,1.0,1.0,1.0,61.0,0.0,0.0,0.04082199452025792,15.0,0.0,0.0,0.010152371464018529,0.0
gtzan/gtzan_pop_00019/track.npy,gtzan,1.0,0.9725009975112215,0.9725009975112215,0.9725009975112215,1.0,1.0,1.0,1.0,1.0,0.9740033206158,0.9740033206158,0.9740033206158,1.0,1.0,1.0,1.0,47.0,0.0,0.0,0.030771658666758572,12.0,0.0,0.0,0.015504186535965091,0.0
gtzan/gtzan_pop_00020/track.npy,gtzan,0.8444444444444444,0.5777810469553046,0.5777810469553046,0.5777810469553046,1.0,1.0,1.0,1.0,0.8181818181818182,0.5490411016338492,0.5490411016338492,0.5490411016338492,1.0,1.0,1.0,1.0,54.0,0.0,0.0,0.07145896398214803,13.0,0.0,0.0,0.0273989741881146,0.0
gtzan/gtzan_pop_00021/track.npy,gtzan,0.988235294117647,0.9460670208320485,0.9460670208320485,0.9460670208320485,0.9767441860465116,0.9767441860465116,0.9767441860465116,0.9767441860465116,1.0,0.9481465319698216,0.9481465319698216,0.9481465319698216,1.0,1.0,1.0,1.0,50.0,0.0,0.0,0.03390155167568665,13.0,0.0,0.0,0.016878338315077124,0.0
gtzan/gtzan_pop_00022/track.npy,gtzan,1.0,0.7916515565136959,0.7916515565136959,0.7916515565136959,1.0,1.0,1.0,1.0,1.0,0.7749577127361515,0.7749577127361515,0.7749577127361515,1.0,1.0,1.0,1.0,52.0,0.0,0.0,0.053737173232896396,13.0,0.0,0.0,0.008658062743115591,0.0
gtzan/gtzan_pop_00023/track.npy,gtzan,0.988235294117647,0.926273074627914,0.926273074627914,0.926273074627914,0.9767441860465116,0.9767441860465116,0.9767441860465116,0.9767441860465116,1.0,0.9284433676915431,0.9284433676915431,0.9284433676915431,1.0,1.0,1.0,1.0,51.0,0.0,0.0,0.0689928714869457,13.0,0.0,0.0,0.012839088525345876,0.0
gtzan/gtzan_pop_00024/track.npy,gtzan,1.0,0.9468332962419956,0.9468332962419956,0.9468332962419956,1.0,1.0,1.0,1.0,1.0,0.9683615733050174,0.9683615733050174,0.9683615733050174,1.0,1.0,1.0,1.0,59.0,0.0,0.0,0.039220713153283904,15.0,0.0,0.0,0.009756174945365648,0.0
gtzan/gtzan_pop_00025/track.npy,gtzan,1.0,0.9730325565928537,0.9730325565928537,0.9730325565928537,1.0,1.0,1.0,1.0,1.0,0.9621984355035761,0.9621984355035761,0.9621984355035761,1.0,1.0,1.0,1.0,38.0,0.0,0.0,0.05001042057466166,9.0,0.0,0.0,4.440892098500626e-16,0.0
gtzan/gtzan_pop_00026/track.npy,gtzan,0.9841269841269841,0.9402093086236372,0.9402093086236372,0.9402093086236372,0.96875,0.96875,0.96875,0.96875,1.0,0.9015605364457222,0.9015605364457222,0.9015605364457222,1.0,1.0,1.0,1.0,38.0,0.0,0.0,0.04975355649842791,10.0,0.0,0.0,0.03349200711504442,0.0
gtzan/gtzan_pop_00027/track.npy,gtzan,0.9859154929577464,0.9615941849194695,0.9615941849194695,0.9615941849194695,0.9722222222222222,0.9722222222222222,0.9722222222222222,0.9722222222222222,1.0,0.9821219799512682,0.9821219799512682,0.9821219799512682,1.0,1.0,1.0,1.0,43.0,0.0,0.0,0.05556985115481089,10.0,0.0,0.0,0.007017572658646554,0.0
gtzan/gtzan_pop_00028/track.npy,gtzan,1.0,0.9719458537193768,0.9719458537193768,0.9719458537193768,1.0,1.0,1.0,1.0,1.0,0.9451549667878262,0.9451549667878262,0.9451549667878262,1.0,1.0,1.0,1.0,51.0,0.0,0.0,0.034615412557038185,13.0,0.0,0.0,0.02946720939163716,0.0
gtzan/gtzan_pop_00029/track.npy,gtzan,1.0,0.9630424351379689,0.9630424351379689,0.9630424351379689,1.0,1.0,1.0,1.0,1.0,0.9295458562350508,0.9295458562350508,0.9295458562350508,1.0,1.0,1.0,1.0,40.0,0.0,0.0,0.026668247082165475,10.0,0.0,0.0,0.013333530869465603,0.0
gtzan/gtzan_pop_00030/track.npy,gtzan,1.0,0.9546823256275079,0.9546823256275079,0.9546823256275079,1.0,1.0,1.0,1.0,1.0,0.9528517909380441,0.9528517909380441,0.9528517909380441,1.0,1.0,1.0,1.0,48.0,0.0,0.0,0.05508772344174716,12.0,0.0,0.0,0.015873349156290222,0.0
gtzan/gtzan_pop_00031/track.npy,gtzan,1.0,0.7688759579414799,0.7688759579414799,0.7688759579414799,1.0,1.0,1.0,1.0,1.0,0.778108800882597,0.778108800882597,0.778108800882597,1.0,1.0,1.0,1.0,48.0,0.0,0.0,0.031748698314585266,12.0,0.0,0.0,0.015873349156290222,0.0
gtzan/gtzan_pop_00032/track.npy,gtzan,0.9873417721518987,0.9593037211520393,0.9593037211520393,0.9593037211520393,0.975,0.975,0.975,0.975,1.0,0.9905445012787244,0.9905445012787244,0.9905445012787244,1.0,1.0,1.0,1.0,47.0,0.0,0.0,0.031748698314585266,12.0,0.0,0.0,0.007905179507113247,0.0
gtzan/gtzan_pop_00033/track.npy,gtzan,0.5853658536585366,0.5657133021666506,0.5953958865961417,0.5805545943813961,0.6097560975609756,0.6097560975609756,0.6097560975609756,0.6097560975609756,0.5454545454545454,0.5308880402838363,0.5308880402838363,0.5308880402838363,1.0,1.0,1.0,1.0,50.0,0.0,0.0,0.06669137449867264,13.0,0.0,0.0,0.016807118316381542,0.0
gtzan/gtzan_pop_00034/track.npy,gtzan,0.9873417721518987,0.9616551889807016,0.9616551889807016,0.9616551889807016,0.975,0.975,0.975,0.975,1.0,0.9713892986464672,0.9713892986464672,0.9713892986464672,1.0,1.0,1.0,1.0,48.0,0.0,0.0,0.031748698314585266,12.0,0.0,0.0,0.01238586408267411,0.0
gtzan/gtzan_pop_00035/track.npy,gtzan,0.9555555555555556,0.770728314886724,0.770728314886724,0.770728314886724,1.0,1.0,1.0,1.0,0.9090909090909091,0.7601240774560233,0.7601240774560233,0.7601240774560233,1.0,1.0,1.0,1.0,54.0,0.0,0.0,0.03774032798284927,13.0,0.0,0.0,0.022874056428155765,0.0
gtzan/gtzan_pop_00036/track.npy,gtzan,1.0,0.9722635036314421,0.9722635036314421,0.9722635036314421,1.0,1.0,1.0,1.0,1.0,0.9750959879931772,0.9750959879931772,0.9750959879931772,1.0,1.0,1.0,1.0,49.0,0.0,0.0,0.032789822822996084,12.0,0.0,0.0,0.016393809775676487,0.0
gtzan/gtzan_pop_00037/track.npy,gtzan,0.9885057471264368,0.9250389343582074,0.9250389343582074,0.9250389343582074,0.9772727272727273,0.9772727272727273,0.9772727272727273,0.9772727272727273,1.0,0.9358294937380471,0.9358294937380471,0.9358294937380471,1.0,1.0,1.0,1.0,52.0,0.0,0.0,0.06899287148695168,13.0,0.0,0.0,0.01739174271186955,0.0
gtzan/gtzan_pop_00038/track.npy,gtzan,1.0,0.9590318275134799,0.9590318275134799,0.9590318275134799,1.0,1.0,1.0,1.0,1.0,0.974626717164679,0.974626717164679,0.974626717164679,1.0,1.0,1.0,1.0,47.0,0.0,0.0,0.06252035698133257,11.0,0.0,0.0,0.012415368098401932,0.0
gtzan/gtzan_pop_00039/track.npy,gtzan,1.0,0.9630726091517947,0.9630726091517947,0.9630726091517947,1.0,1.0,1.0,1.0,1.0,0.96935958325164,0.96935958325164,0.96935958325164,1.0,1.0,1.0,1.0,41.0,0.0,0.0,0.055569851154804874,11.0,0.0,0.0,0.006920442844573715,0.0
gtzan/gtzan_pop_00040/track.npy,gtzan,0.9818181818181818,0.9022283195708484,0.9022283195708484,0.9022283195708484,0.9642857142857143,0.9642857142857143,0.9642857142857143,0.9642857142857143,0.923076923076923,0.8731311945497267,0.8731311945497267,0.8731311945497267,0.8571428571428571,0.8571428571428571,0.8571428571428571,0.8571428571428571,33.0,0.0,0.0,0.021978906718776725,9.0,0.0,0.0,0.018544430500013455,0.0
gtzan/gtzan_pop_00041/track.npy,gtzan,0.6176470588235294,0.480198980312606,0.6939019232070749,0.5870504517598405,0.0,0.0,0.9777777777777777,0.9777777777777777,0.5555555555555556,0.4385914196275875,0.5754910261306129,0.5070412228791001,0.0,0.0,0.9166666666666666,0.9166666666666666,54.0,0.0,0.0,0.07145896398214803,14.0,0.0,0.0,0.027398974188115544,0.0
gtzan/gtzan_pop_00042/track.npy,gtzan,1.0,0.9859214092888888,0.9859214092888888,0.9859214092888888,1.0,1.0,1.0,1.0,1.0,0.9859670057551371,0.9859670057551371,0.9859670057551371,1.0,1.0,1.0,1.0,47.0,0.0,0.0,0.03077165866675551,12.0,0.0,0.0,0.007782140442055385,0.0
gtzan/gtzan_pop_00043/track.npy,gtzan,0.6545454545454545,0.4995420733947708,0.7425259364635066,0.6210340049291387,0.0,0.0,0.9821428571428571,0.9821428571428571,0.5853658536585367,0.47411501017526664,0.7199524228587383,0.5970337165170024,0.0,0.0,0.9285714285714286,0.9285714285714286,67.0,0.0,0.0,0.044451762570840825,17.0,0.0,0.0,0.02906652786768906,0.0
gtzan/gtzan_pop_00044/track.npy,gtzan,0.98989898989899,0.9537393791855224,0.9537393791855224,0.9537393791855224,0.98,0.98,0.98,0.98,1.0,0.9760921068625668,0.9760921068625668,0.9760921068625668,1.0,1.0,1.0,1.0,60.0,0.0,0.0,0.039220713153283904,15.0,0.0,0.0,0.01980262729617932,0.0
gtzan/gtzan_pop_00045/track.npy,gtzan,1.0,0.9875497152781636,0.9875497152781636,0.9875497152781636,1.0,1.0,1.0,1.0,1.0,0.9853308162348446,0.9853308162348446,0.9853308162348446,1.0,1.0,1.0,1.0,44.0,0.0,0.0,0.028987536873252895,11.0,0.0,0.0,0.007326040092074049,0.0
gtzan/gtzan_pop_00046/track.npy,gtzan,1.0,0.9860583503801106,0.9860583503801106,0.9860583503801106,1.0,1.0,1.0,1.0,1.0,0.9895033825821713,0.9895033825821713,0.9895033825821713,1.0,1.0,1.0,1.0,44.0,0.0,0.0,0.028987536873256704,11.0,0.0,0.0,0.007326040092074049,0.0
gtzan/gtzan_pop_00047/track.npy,gtzan,0.9347826086956522,0.7882638137062803,0.7882638137062803,0.7882638137062803,0.9782608695652174,0.9782608695652174,0.9782608695652174,0.9782608695652174,1.0,0.7991739009232112,0.7991739009232112,0.7991739009232112,1.0,1.0,1.0,1.0,56.0,0.0,0.0,0.07410797215372356,14.0,0.0,0.0,0.04093621132968295,0.0
gtzan/gtzan_pop_00048/track.npy,gtzan,0.9811320754716981,0.9558045568818562,0.9558045568818562,0.9558045568818562,0.9629629629629629,0.9629629629629629,0.9629629629629629,0.9629629629629629,0.962962962962963,0.9452942574370125,0.9452942574370125,0.9452942574370125,0.9285714285714286,0.9285714285714286,0.9285714285714286,0.9285714285714286,64.0,0.0,0.0,0.04255961441880263,16.0,0.0,0.0,0.010695289116748085,0.0
gtzan/gtzan_pop_00049/track.npy,gtzan,0.6666666666666666,0.6534882350473039,0.9680407228106529,0.8107644789289784,0.0,0.0,0.98,0.98,0.6666666666666666,0.6540679817657538,0.9376169872588176,0.7958424845122857,0.0,0.0,0.9166666666666666,0.9166666666666666,60.0,0.0,0.0,0.039220713153283904,15.0,0.0,0.0,0.019608471388376025,0.0
gtzan/gtzan_pop_00050/track.npy,gtzan,1.0,0.9567596555233678,0.9567596555233678,0.9567596555233678,1.0,1.0,1.0,1.0,1.0,0.9701831876131465,0.9701831876131465,0.9701831876131465,1.0,1.0,1.0,1.0,33.0,0.0,0.0,0.11510237998805799,9.0,0.0,0.0,0.28694830571051144,0.0
gtzan/gtzan_pop_00051/track.npy,gtzan,0.4042553191489362,0.3311578878494382,0.3311578878494382,0.3311578878494382,0.4375,0.9166666666666666,0.4375,0.9166666666666666,0.43478260869565216,0.316318143369912,0.316318143369912,0.316318143369912,0.9166666666666666,0.9166666666666666,0.9166666666666666,0.9166666666666666,56.0,0.0,0.0,0.051431253803434086,14.0,0.0,0.0,0.027459654826162937,0.0
gtzan/gtzan_pop_00052/track.npy,gtzan,0.9772727272727273,0.8799833611270009,0.8799833611270009,0.8799833611270009,0.9772727272727273,0.9772727272727273,0.9772727272727273,0.9772727272727273,0.0,2.110729553945956e-177,0.8787156299570642,0.4393578149785321,0.0,0.0,0.9090909090909091,0.9090909090909091,52.0,0.0,0.0,0.0689928714869537,13.0,0.0,0.0,0.008583743691392032,0.0
gtzan/gtzan_pop_00053/track.npy,gtzan,0.2682926829268293,0.16965194028767036,0.22622152103326998,0.19793673066047018,0.0,0.0,0.09090909090909091,0.14545454545454545,0.2,0.17797312710777557,0.17797312710777557,0.17797312710777557,0.0,0.0,0.2857142857142857,0.2857142857142857,66.0,0.0,0.0,0.13018552899738256,17.0,0.0,0.0,0.1688497787325596,0.0
gtzan/gtzan_pop_00054/track.npy,gtzan,1.0,0.9643811135060018,0.9643811135060018,0.9643811135060018,1.0,1.0,1.0,1.0,1.0,0.9578425819170363,0.9578425819170363,0.9578425819170363,1.0,1.0,1.0,1.0,49.0,0.0,0.0,0.032789822822996084,12.0,0.0,0.0,0.02084727540361714,0.0
gtzan/gtzan_pop_00055/track.npy,gtzan,0.9885057471264368,0.9388428313940552,0.9388428313940552,0.9388428313940552,0.9772727272727273,0.9772727272727273,0.9772727272727273,0.9772727272727273,0.9523809523809523,0.930779009978896,0.930779009978896,0.930779009978896,0.9090909090909091,0.9090909090909091,0.9090909090909091,0.9090909090909091,52.0,0.0,0.0,0.06899287148694999,13.0,0.0,0.0,0.013062711340312838,0.0
gtzan/gtzan_pop_00056/track.npy,gtzan,1.0,0.9601155220880104,0.9601155220880104,0.9601155220880104,1.0,1.0,1.0,1.0,1.0,0.9633458768099004,0.9633458768099004,0.9633458768099004,1.0,1.0,1.0,1.0,45.0,0.0,0.0,0.029852963149683033,12.0,0.0,0.0,0.007434978487517901,0.0
gtzan/gtzan_pop_00057/track.npy,gtzan,0.9655172413793104,0.8976019296089447,0.8976019296089447,0.8976019296089447,0.9545454545454546,0.9545454545454546,0.9545454545454546,0.9545454545454546,1.0,0.9470229311440853,0.9470229311440853,0.9470229311440853,1.0,1.0,1.0,1.0,52.0,0.0,0.0,0.06899287148695304,13.0,0.0,0.0,0.0129127750629488,0.0
gtzan/gtzan_pop_00058/track.npy,gtzan,0.9879518072289156,0.9132407604113979,0.9132407604113979,0.9132407604113979,0.9761904761904762,0.9761904761904762,0.9761904761904762,0.9761904761904762,1.0,0.9165689547765957,0.9165689547765957,0.9165689547765957,1.0,1.0,1.0,1.0,50.0,0.0,0.0,0.03351244657724098,12.0,0.0,0.0,0.012720319988053893,0.0
gtzan/gtzan_pop_00059/track.npy,gtzan,1.0,0.9572682986385674,0.9572682986385674,0.9572682986385674,1.0,1.0,1.0,1.0,1.0,0.9537549831868256,0.9537549831868256,0.9537549831868256,1.0,1.0,1.0,1.0,45.0,0.0,0.0,0.029852963149684237,12.0,0.0,0.0,0.007434978487518085,0.0
gtzan/gtzan_pop_00060/track.npy,gtzan,0.9512195121951219,0.9036709043046651,0.9036709043046651,0.9036709043046651,0.9512195121951219,0.9512195121951219,0.9512195121951219,0.9512195121951219,1.0,0.9612990604761409,0.9612990604761409,0.9612990604761409,1.0,1.0,1.0,1.0,49.0,0.0,0.0,0.032789822822996084,12.0,0.0,0.0,0.02084727540361714,0.0
gtzan/gtzan_pop_00061/track.npy,gtzan,1.0,0.9487230351195564,0.9487230351195564,0.9487230351195564,1.0,1.0,1.0,1.0,1.0,0.953257181086761,0.953257181086761,0.953257181086761,1.0,1.0,1.0,1.0,48.0,0.0,0.0,0.05660134655892196,12.0,0.0,0.0,0.01241466500431134,0.0
gtzan/gtzan_pop_00062/track.npy,gtzan,0.9850746268656716,0.7824401677965941,0.7824401677965941,0.7824401677965941,0.9705882352941176,0.9705882352941176,0.9705882352941176,0.9705882352941176,0.9411764705882353,0.771138123801165,0.771138123801165,0.771138123801165,0.8888888888888888,0.8888888888888888,0.8888888888888888,0.8888888888888888,41.0,0.0,0.0,0.05406722127027458,11.0,0.0,0.0,0.01757301867512888,0.0
gtzan/gtzan_pop_00063/track.npy,gtzan,0.6493506493506493,0.5690739551867425,0.8502338246403379,0.7096538899135403,0.0,0.0,0.9803921568627451,0.9803921568627451,0.7000000000000001,0.6032617628515776,0.9109667800170095,0.7571142714342936,0.0,0.0,1.0,1.0,61.0,0.0,0.0,0.08338160893905115,15.0,0.0,0.0,0.03045920748470856,0.0
gtzan/gtzan_pop_00064/track.npy,gtzan,0.8545454545454546,0.7435356842278948,0.7435356842278948,0.7435356842278948,0.375,0.8392857142857143,0.375,0.8392857142857143,0.689655172413793,0.6433847958978601,0.6433847958978601,0.6433847958978601,0.4,0.6666666666666666,0.4,0.6666666666666666,67.0,0.0,0.0,0.09097177820573203,17.0,0.0,0.0,0.27116463807334684,0.0
gtzan/gtzan_pop_00065/track.npy,gtzan,1.0,0.933082842588068,0.933082842588068,0.933082842588068,1.0,1.0,1.0,1.0,1.0,0.9575473003595069,0.9575473003595069,0.9575473003595069,1.0,1.0,1.0,1.0,29.0,0.0,0.0,0.06647001505738638,7.0,0.0,0.0,0.009569451016151254,0.0
gtzan/gtzan_pop_00066/track.npy,gtzan,1.0,0.9683759578746195,0.9683759578746195,0.9683759578746195,1.0,1.0,1.0,1.0,1.0,0.9452221171633011,0.9452221171633011,0.9452221171633011,1.0,1.0,1.0,1.0,41.0,0.0,0.0,0.03006579889633385,11.0,0.0,0.0,0.006825965070400164,0.0
gtzan/gtzan_pop_00067/track.npy,gtzan,0.6382978723404256,0.5448624013648049,0.5448624013648049,0.5448624013648049,0.6170212765957447,0.851063829787234,0.6170212765957447,0.851063829787234,0.0,2.813408208568409e-129,0.5885086528846647,0.29425432644233235,0.0,0.0,1.0,1.0,57.0,0.0,0.0,0.04082199452025426,14.0,0.0,0.0,0.03846628082779642,0.0
gtzan/gtzan_pop_00068/track.npy,gtzan,1.0,0.9210522452569905,0.9210522452569905,0.9210522452569905,1.0,1.0,1.0,1.0,1.0,0.9446034178165992,0.9446034178165992,0.9446034178165992,1.0,1.0,1.0,1.0,32.0,0.0,0.0,0.043068638055317444,8.0,0.0,0.0,0.01467407828901851,0.0
gtzan/gtzan_pop_00069/track.npy,gtzan,1.0,0.9240784437340313,0.9240784437340313,0.9240784437340313,1.0,1.0,1.0,1.0,1.0,0.9346377597175458,0.9346377597175458,0.9346377597175458,1.0,1.0,1.0,1.0,53.0,0.0,0.0,0.08840973981998995,13.0,0.0,0.0,0.021988783359532693,0.0
gtzan/gtzan_pop_00070/track.npy,gtzan,1.0,0.9708404769719972,0.9708404769719972,0.9708404769719972,1.0,1.0,1.0,1.0,1.0,0.9690584343075308,0.9690584343075308,0.9690584343075308,1.0,1.0,1.0,1.0,62.0,0.0,0.0,0.0833816089390533,16.0,0.0,0.0,0.010471299867297001,0.0
gtzan/gtzan_pop_00071/track.npy,gtzan,0.6595744680851063,0.5473311884796904,0.5473311884796904,0.5473311884796904,0.6808510638297872,0.8936170212765957,0.6808510638297872,0.8936170212765957,0.0,2.7886728394877944e-129,0.598519636045138,0.299259818022569,0.0,0.0,1.0,1.0,57.0,0.0,0.0,0.04082199452025426,14.0,0.0,0.0,0.03846628082779642,0.0
gtzan/gtzan_pop_00072/track.npy,gtzan,1.0,0.9835287304963839,0.9835287304963839,0.9835287304963839,1.0,1.0,1.0,1.0,1.0,0.982315739308472,0.982315739308472,0.982315739308472,1.0,1.0,1.0,1.0,58.0,0.0,0.0,0.07696104113612845,14.0,0.0,0.0,0.009661910911737626,0.0
gtzan/gtzan_pop_00073/track.npy,gtzan,1.0,0.9713558229740427,0.9713558229740427,0.9713558229740427,1.0,1.0,1.0,1.0,1.0,0.955055606724129,0.955055606724129,0.955055606724129,1.0,1.0,1.0,1.0,64.0,0.0,0.0,0.04255961441880263,16.0,0.0,0.0,0.02127739844728573,0.0
gtzan/gtzan_pop_00074/track.npy,gtzan,0.9714285714285714,0.9335129763196475,0.9335129763196475,0.9335129763196475,1.0,1.0,1.0,1.0,1.0,0.9728114617251038,0.9728114617251038,0.9728114617251038,1.0,1.0,1.0,1.0,42.0,0.0,0.0,0.05556985115481211,10.0,0.0,0.0,0.006968669316094023,0.0
gtzan/gtzan_pop_00075/track.npy,gtzan,1.0,0.9753322118464144,0.9753322118464144,0.9753322118464144,1.0,1.0,1.0,1.0,1.0,0.9771263581831298,0.9771263581831298,0.9771263581831298,1.0,1.0,1.0,1.0,47.0,0.0,0.0,0.03174869831458469,12.0,0.0,0.0,0.007843177461026741,0.0
gtzan/gtzan_pop_00076/track.npy,gtzan,0.0,3.3117855751071514e-06,0.23164602850114963,0.11582467014336237,0.041666666666666664,0.041666666666666664,0.8333333333333334,0.8333333333333334,0.0,1.2968211435923698e-05,1.7290948581231568e-05,1.5129580008577632e-05,1.0,1.0,1.0,1.0,28.0,0.0,0.0,0.0918075492531238,7.0,0.0,0.0,0.02553461596014852,0.0
gtzan/gtzan_pop_00077/track.npy,gtzan,0.989247311827957,0.8936141309433372,0.8936141309433372,0.8936141309433372,0.9787234042553191,0.9787234042553191,0.9787234042553191,0.9787234042553191,0.9565217391304348,0.8858999003847615,0.8858999003847615,0.8858999003847615,0.9166666666666666,0.9166666666666666,0.9166666666666666,0.9166666666666666,56.0,0.0,0.0,0.03636764417088045,14.0,0.0,0.0,0.009216655104923754,0.0
gtzan/gtzan_pop_00078/track.npy,gtzan,1.0,0.9480175895872669,0.9480175895872669,0.9480175895872669,1.0,1.0,1.0,1.0,1.0,0.9296375358571953,0.9296375358571953,0.9296375358571953,1.0,1.0,1.0,1.0,53.0,0.0,0.0,0.035091319811275556,14.0,0.0,0.0,0.021440437885311404,0.0
gtzan/gtzan_pop_00079/track.npy,gtzan,1.0,0.919243848737722,0.919243848737722,0.919243848737722,1.0,1.0,1.0,1.0,1.0,0.9052663994261452,0.9052663994261452,0.9052663994261452,1.0,1.0,1.0,1.0,56.0,0.0,0.0,0.0514312538034348,14.0,0.0,0.0,0.027908788117076328,0.0
gtzan/gtzan_pop_00080/track.npy,gtzan,0.9347826086956522,0.7423896807167665,0.7423896807167665,0.7423896807167665,1.0,1.0,1.0,1.0,0.9090909090909091,0.7555191248576157,0.7555191248576157,0.7555191248576157,1.0,1.0,1.0,1.0,55.0,0.0,0.0,0.07145896398214475,14.0,0.0,0.0,0.02645746614440276,0.0
gtzan/gtzan_pop_00081/track.npy,gtzan,1.0,0.9828110848594312,0.9828110848594312,0.9828110848594312,1.0,1.0,1.0,1.0,1.0,0.9713628179457736,0.9713628179457736,0.9713628179457736,1.0,1.0,1.0,1.0,36.0,0.0,0.0,0.048790164169431494,9.0,0.0,0.0,0.006079046076382211,0.0
gtzan/gtzan_pop_00082/track.npy,gtzan,1.0,0.9685595591217235,0.9685595591217235,0.9685595591217235,1.0,1.0,1.0,1.0,1.0,0.968209501961401,0.968209501961401,0.968209501961401,1.0,1.0,1.0,1.0,63.0,0.0,0.0,0.04255961441880263,16.0,0.0,0.0,0.010582109330537664,0.0
gtzan/gtzan_pop_00083/track.npy,gtzan,1.0,0.9682671585830112,0.9682671585830112,0.9682671585830112,1.0,1.0,1.0,1.0,1.0,0.9698309486786727,0.9698309486786727,0.9698309486786727,1.0,1.0,1.0,1.0,62.0,0.0,0.0,0.04082199452025477,16.0,0.0,0.0,0.01036278703554816,0.0
gtzan/gtzan_pop_00084/track.npy,gtzan,1.0,0.9414860244755024,0.9414860244755024,0.9414860244755024,1.0,1.0,1.0,1.0,1.0,0.9204325398812354,0.9204325398812354,0.9204325398812354,1.0,1.0,1.0,1.0,50.0,0.0,0.0,0.06669137449867159,12.0,0.0,0.0,0.016667052485211904,0.0
gtzan/gtzan_pop_00085/track.npy,gtzan,1.0,0.9235790148756895,0.9235790148756895,0.9235790148756895,1.0,1.0,1.0,1.0,0.0,1.8180261933745305e-128,0.9226862175323082,0.4613431087661541,0.0,0.0,1.0,1.0,60.0,0.0,0.0,0.08004270767353472,15.0,0.0,0.0,0.010050335853501591,0.0
gtzan/gtzan_pop_00086/track.npy,gtzan,1.0,0.9684674799757692,0.9684674799757692,0.9684674799757692,1.0,1.0,1.0,1.0,1.0,0.9570645415411436,0.9570645415411436,0.9570645415411436,1.0,1.0,1.0,1.0,66.0,0.0,0.0,0.08701137698962402,17.0,0.0,0.0,0.01432855734624212,0.0
gtzan/gtzan_pop_00087/track.npy,gtzan,1.0,0.8980478148587646,0.8980478148587646,0.8980478148587646,1.0,1.0,1.0,1.0,1.0,0.8850936624241736,0.8850936624241736,0.8850936624241736,1.0,1.0,1.0,1.0,51.0,0.0,0.0,0.03390155167568665,13.0,0.0,0.0,0.008510689667909133,0.0
gtzan/gtzan_pop_00088/track.npy,gtzan,1.0,0.9510827076099292,0.9510827076099292,0.9510827076099292,1.0,1.0,1.0,1.0,1.0,0.9297790450320849,0.9297790450320849,0.9297790450320849,1.0,1.0,1.0,1.0,50.0,0.0,0.0,0.05521493651062487,12.0,0.0,0.0,0.01666705248521135,0.0
gtzan/gtzan_pop_00089/track.npy,gtzan,1.0,0.9626727916935375,0.9626727916935375,0.9626727916935375,1.0,1.0,1.0,1.0,1.0,0.9681311820035685,0.9681311820035685,0.9681311820035685,1.0,1.0,1.0,1.0,50.0,0.0,0.0,0.06669137449867363,13.0,0.0,0.0,0.008368249670517858,0.0
gtzan/gtzan_pop_00090/track.npy,gtzan,1.0,0.9190693879532361,0.9190693879532361,0.9190693879532361,1.0,1.0,1.0,1.0,1.0,0.9001443236900251,0.9001443236900251,0.9001443236900251,1.0,1.0,1.0,1.0,51.0,0.0,0.0,0.03390155167568665,13.0,0.0,0.0,0.008510689667908633,0.0
gtzan/gtzan_pop_00091/track.npy,gtzan,1.0,0.9244541848141449,0.9244541848141449,0.9244541848141449,1.0,1.0,1.0,1.0,1.0,0.9246131737777056,0.9246131737777056,0.9246131737777056,1.0,1.0,1.0,1.0,58.0,0.0,0.0,0.07696104113612678,14.0,0.0,0.0,0.009569451016152253,0.0
gtzan/gtzan_pop_00092/track.npy,gtzan,1.0,0.9054225861081207,0.9054225861081207,0.9054225861081207,1.0,1.0,1.0,1.0,1.0,0.8892447946685546,0.8892447946685546,0.8892447946685546,1.0,1.0,1.0,1.0,55.0,0.0,0.0,0.03636764417088045,13.0,0.0,0.0,0.027150989065950815,0.0
gtzan/gtzan_pop_00093/track.npy,gtzan,1.0,0.9818727272780594,0.9818727272780594,0.9818727272780594,1.0,1.0,1.0,1.0,1.0,0.9838151807380014,0.9838151807380014,0.9838151807380014,1.0,1.0,1.0,1.0,67.0,0.0,0.0,0.044451762570840825,17.0,0.0,0.0,0.011173300598127045,0.0
gtzan/gtzan_pop_00094/track.npy,gtzan,1.0,0.9406697183758734,0.9406697183758734,0.9406697183758734,1.0,1.0,1.0,1.0,1.0,0.8960512317288113,0.8960512317288113,0.8960512317288113,1.0,1.0,1.0,1.0,38.0,0.0,0.0,0.05033113902788482,9.0,0.0,0.0,0.03380064471176453,0.0
gtzan/gtzan_pop_00095/track.npy,gtzan,1.0,0.9731277986133521,0.9731277986133521,0.9731277986133521,1.0,1.0,1.0,1.0,1.0,0.9613380277070359,0.9613380277070359,0.9613380277070359,1.0,1.0,1.0,1.0,53.0,0.0,0.0,0.053275141896710065,14.0,0.0,0.0,0.017544309650909796,0.0
gtzan/gtzan_pop_00096/track.npy,gtzan,1.0,0.9576663759751012,0.9576663759751012,0.9576663759751012,1.0,1.0,1.0,1.0,1.0,0.9592583131746929,0.9592583131746929,0.9592583131746929,1.0,1.0,1.0,1.0,46.0,0.0,0.0,0.06062462181643358,12.0,0.0,0.0,0.015151805020602116,0.0
gtzan/gtzan_pop_00097/track.npy,gtzan,1.0,0.9251021335705725,0.9251021335705725,0.9251021335705725,1.0,1.0,1.0,1.0,1.0,0.9392991795272956,0.9392991795272956,0.9392991795272956,1.0,1.0,1.0,1.0,50.0,0.0,0.0,0.032789822822996084,12.0,0.0,0.0,0.008230499136515301,0.0
gtzan/gtzan_pop_00098/track.npy,gtzan,1.0,0.9707007996202899,0.9707007996202899,0.9707007996202899,1.0,1.0,1.0,1.0,1.0,0.9544249733895586,0.9544249733895586,0.9544249733895586,1.0,1.0,1.0,1.0,57.0,0.0,0.0,0.07696104113612776,15.0,0.0,0.0,0.009569451016152253,0.0
gtzan/gtzan_pop_00099/track.npy,gtzan,1.0,0.9701129395166342,0.9701129395166342,0.9701129395166342,1.0,1.0,1.0,1.0,1.0,0.9818071709315811,0.9818071709315811,0.9818071709315811,1.0,1.0,1.0,1.0,39.0,0.0,0.0,0.026668247082165475,10.0,0.0,0.0,0.006600684031351711,0.0
gtzan/gtzan_reggae_00000/track.npy,gtzan,1.0,0.951786128867185,0.951786128867185,0.951786128867185,1.0,1.0,1.0,1.0,1.0,0.9804296867461934,0.9804296867461934,0.9804296867461934,1.0,1.0,1.0,1.0,61.0,0.0,0.0,0.08338160893904922,15.0,0.0,0.0,0.030771658666753778,0.0
gtzan/gtzan_reggae_00001/track.npy,gtzan,0.9846153846153847,0.8880732205939165,0.8880732205939165,0.8880732205939165,0.9696969696969697,0.9696969696969697,0.9696969696969697,0.9696969696969697,1.0,0.8960959264721093,0.8960959264721093,0.8960959264721093,1.0,1.0,1.0,1.0,39.0,0.0,0.0,0.05731216818392253,9.0,0.0,0.0,0.02848112490855245,0.0
gtzan/gtzan_reggae_00002/track.npy,gtzan,0.6666666666666666,0.6435062442434977,0.9652593663377462,0.8043828052906219,0.0,0.0,1.0,1.0,0.6666666666666666,0.6401865859626193,0.9602798789439291,0.8002332324532742,0.0,0.0,1.0,1.0,51.0,0.0,0.0,0.06899287148695392,13.0,0.0,0.0,0.017241806434505957,0.0
gtzan/gtzan_reggae_00003/track.npy,gtzan,0.991869918699187,0.939439711777049,0.939439711777049,0.939439711777049,0.9838709677419355,0.9838709677419355,0.9838709677419355,0.9838709677419355,0.0,1.7199217679369257e-85,0.8930956335112945,0.44654781675564725,0.0,0.0,0.9333333333333333,0.9333333333333333,75.0,0.0,0.0,0.10008345855698156,19.0,0.0,0.0,0.012422519998557313,0.0
gtzan/gtzan_reggae_00004/track.npy,gtzan,0.9807692307692307,0.9437286396036697,0.9437286396036697,0.9437286396036697,0.9807692307692307,0.9807692307692307,0.9807692307692307,0.9807692307692307,0.0,3.220560399928119e-119,0.9009528618468596,0.4504764309234298,0.0,0.0,0.9230769230769231,0.9230769230769231,63.0,0.0,0.0,0.08338160893904922,16.0,0.0,0.0,0.024423861961358845,0.0
gtzan/gtzan_reggae_00005/track.npy,gtzan,1.0,0.9252437200820189,0.9252437200820189,0.9252437200820189,1.0,1.0,1.0,1.0,0.0,2.0863983559044314e-76,0.8885955250021517,0.44429776250107583,0.0,0.0,0.8823529411764706,0.8823529411764706,79.0,0.0,0.0,0.10536051565782376,20.0,0.0,0.0,0.015007592292739645,0.0
gtzan/gtzan_reggae_00006/track.npy,gtzan,0.9523809523809523,0.8901268921283676,0.8901268921283676,0.8901268921283676,0.78125,0.890625,0.78125,0.890625,0.125,0.10689371907196714,0.7663953454539069,0.436644532262937,0.1875,0.1875,0.75,0.75,77.0,0.0,0.0,0.10008345855698919,19.0,0.0,0.0,0.20754790871898252,0.0
gtzan/gtzan_reggae_00007/track.npy,gtzan,0.9841269841269841,0.8903689249684661,0.8903689249684661,0.8903689249684661,0.96875,0.96875,0.96875,0.96875,1.0,0.9345791365179575,0.9345791365179575,0.9345791365179575,1.0,1.0,1.0,1.0,76.0,0.0,0.0,0.10536051565782382,19.0,0.0,0.0,0.03783650495031636,0.0
gtzan/gtzan_reggae_00008/track.npy,gtzan,0.48148148148148145,0.45090302653775144,0.45090302653775144,0.45090302653775144,0.0,0.0,0.0,0.0,0.42857142857142855,0.4092373588676451,0.4092373588676451,0.4092373588676451,0.0,0.0,0.0,0.0,33.0,0.0,0.0,0.054011816538657706,9.0,0.0,0.0,0.016172859245601367,0.0
gtzan/gtzan_reggae_00009/track.npy,gtzan,1.0,0.9627993963265751,0.9627993963265751,0.9627993963265751,1.0,1.0,1.0,1.0,1.0,0.9592501712363346,0.9592501712363346,0.9592501712363346,1.0,1.0,1.0,1.0,79.0,0.0,0.0,0.105360515657833,20.0,0.0,0.0,0.02631730831737348,0.0
gtzan/gtzan_reggae_00010/track.npy,gtzan,1.0,0.9280611353302871,0.9280611353302871,0.9280611353302871,1.0,1.0,1.0,1.0,1.0,0.9584837351026941,0.9584837351026941,0.9584837351026941,1.0,1.0,1.0,1.0,57.0,0.0,0.0,0.07696104113613,14.0,0.0,0.0,0.019048194970695764,0.0
gtzan/gtzan_reggae_00011/track.npy,gtzan,1.0,0.9358391777593691,0.9358391777593691,0.9358391777593691,1.0,1.0,1.0,1.0,0.0,8.729679240724019e-119,0.9598994320957479,0.47994971604787395,0.0,0.0,1.0,1.0,63.0,0.0,0.0,0.08338160893905311,16.0,0.0,0.0,0.02105340919783194,0.0
gtzan/gtzan_reggae_00012/track.npy,gtzan,0.6625766871165644,0.5505824456774737,0.8069472821550161,0.6787648639162449,0.0,0.0,0.8545454545454545,0.9454545454545454,0.6,0.5062961788046653,0.7789171981610234,0.6426066884828443,0.0,0.0,0.8461538461538461,0.8461538461538461,65.0,0.0,0.0,0.09057573808411896,16.0,0.0,0.0,0.18655643553869483,0.0
gtzan/gtzan_reggae_00013/track.npy,gtzan,1.0,0.9671445803872732,0.9671445803872732,0.9671445803872732,1.0,1.0,1.0,1.0,1.0,0.9646162287841574,0.9646162287841574,0.9646162287841574,1.0,1.0,1.0,1.0,61.0,0.0,0.0,0.04082199452025829,16.0,0.0,0.0,0.013952562094063932,0.0
gtzan/gtzan_reggae_00014/track.npy,gtzan,0.9908256880733944,0.751218552616462,0.751218552616462,0.751218552616462,0.9818181818181818,0.9818181818181818,0.9818181818181818,0.9818181818181818,1.0,0.8141081036856297,0.8141081036856297,0.8141081036856297,1.0,1.0,1.0,1.0,66.0,0.0,0.0,0.08701137698962769,16.0,0.0,0.0,0.010929070532190405,0.0
gtzan/gtzan_reggae_00015/track.npy,gtzan,1.0,0.9044771966776252,0.9044771966776252,0.9044771966776252,1.0,1.0,1.0,1.0,0.0,4.203745449325041e-28,4.203745449325041e-28,4.203745449325041e-28,0.0,0.0,0.0,0.0,63.0,0.0,0.0,0.04255961441879885,16.0,0.0,0.0,0.02105340919783194,0.0
gtzan/gtzan_reggae_00016/track.npy,gtzan,0.627906976744186,0.5518797613258967,0.7892822690284513,0.6705810151771741,0.0,0.0,0.5517241379310345,0.7931034482758621,0.4761904761904762,0.4654171942698812,0.5568667850317885,0.5111419896508349,0.0,0.0,0.42857142857142855,0.42857142857142855,34.0,0.0,0.0,0.19199031662911076,9.0,0.0,0.0,0.292538207308558,0.0
gtzan/gtzan_reggae_00017/track.npy,gtzan,0.9904761904761905,0.6697908047829894,0.6697908047829894,0.6697908047829894,0.9811320754716981,0.9811320754716981,0.9811320754716981,0.9811320754716981,0.0,1.8793517864651162e-34,4.812353064466958e-24,2.4061765323274465e-24,0.0,0.0,0.0,0.0,63.0,0.0,0.0,0.08338160893905167,16.0,0.0,0.0,0.024654200896950324,0.0
gtzan/gtzan_reggae_00018/track.npy,gtzan,0.8793103448275861,0.768354777844447,0.768354777844447,0.768354777844447,0.609375,0.609375,0.609375,0.609375,0.20689655172413793,0.14921541672616462,0.5953112123945715,0.3722633145603681,0.0,0.0,0.6,0.6,65.0,0.0,0.0,0.13734061745755824,16.0,0.0,0.0,0.32761023658816063,0.0
gtzan/gtzan_reggae_00019/track.npy,gtzan,0.6666666666666666,0.5546128430319179,0.8319192645478768,0.6932660537898974,0.0,0.0,1.0,1.0,0.6363636363636364,0.5450184756315589,0.8564576045638782,0.7007380400977186,0.0,0.0,1.0,1.0,36.0,0.0,0.0,0.07410797215372177,9.0,0.0,0.0,0.012195273093818427,0.0
gtzan/gtzan_reggae_00020/track.npy,gtzan,1.0,0.9718473868301305,0.9718473868301305,0.9718473868301305,1.0,1.0,1.0,1.0,1.0,0.9668068699563577,0.9668068699563577,0.9668068699563577,1.0,1.0,1.0,1.0,63.0,0.0,0.0,0.04255961441880263,16.0,0.0,0.0,0.025091077803730395,0.0
gtzan/gtzan_reggae_00021/track.npy,gtzan,0.9846153846153847,0.7972007650840397,0.7972007650840397,0.7972007650840397,0.8307692307692308,0.9692307692307692,0.8307692307692308,0.9692307692307692,0.0,4.804043197703295e-72,0.7839599005842431,0.39197995029212157,0.0,0.0,0.9375,0.9375,77.0,0.0,0.0,0.10536051565782412,19.0,0.0,0.0,0.02862453175326415,0.0
gtzan/gtzan_reggae_00022/track.npy,gtzan,0.8928571428571428,0.8609008984141425,0.8609008984141425,0.8609008984141425,0.6229508196721312,0.6229508196721312,0.6229508196721312,0.6229508196721312,0.20689655172413793,0.20685345501007443,0.28565477120438854,0.2462541131072315,0.0,0.0,0.23076923076923078,0.23076923076923078,57.0,0.0,0.0,0.07410797215372171,15.0,0.0,0.0,0.3213931446577422,0.0
gtzan/gtzan_reggae_00023/track.npy,gtzan,1.0,0.9373563236576097,0.9373563236576097,0.9373563236576097,1.0,1.0,1.0,1.0,0.0,1.193453853017992e-112,0.949482371006231,0.4747411855031155,0.0,0.0,1.0,1.0,65.0,0.0,0.0,0.08701137698962788,16.0,0.0,0.0,0.02158802871636805,0.0
gtzan/gtzan_reggae_00024/track.npy,gtzan,0.9137931034482758,0.8321060079613221,0.8321060079613221,0.8321060079613221,0.43333333333333335,0.85,0.43333333333333335,0.85,0.4137931034482759,0.3949481640384196,0.5331783285060757,0.46406324627224765,0.4,0.4,0.4666666666666667,0.4666666666666667,72.0,0.0,0.0,0.09531017980432759,18.0,0.0,0.0,0.21268161439828695,0.0
gtzan/gtzan_reggae_00025/track.npy,gtzan,0.9306930693069307,0.855134011491808,0.855134011491808,0.855134011491808,0.5192307692307693,0.8846153846153846,0.5192307692307693,0.8846153846153846,0.5599999999999999,0.4884917698439347,0.5548298774634999,0.5216608236537172,0.46153846153846156,0.46153846153846156,0.46153846153846156,0.46153846153846156,62.0,0.0,0.0,0.12783337150988605,16.0,0.0,0.0,0.345106036241992,0.0
gtzan/gtzan_reggae_00026/track.npy,gtzan,0.9913043478260869,0.8821679737144869,0.8821679737144869,0.8821679737144869,0.9827586206896551,0.9827586206896551,0.9827586206896551,0.9827586206896551,0.9655172413793104,0.8891093046927154,0.8891093046927154,0.8891093046927154,0.9333333333333333,0.9333333333333333,0.9333333333333333,0.9333333333333333,69.0,0.0,0.0,0.09097177820572866,18.0,0.0,0.0,0.03438819460594611,0.0
gtzan/gtzan_reggae_00027/track.npy,gtzan,0.9649122807017544,0.6934103882472794,0.6934103882472794,0.6934103882472794,0.9824561403508771,0.9824561403508771,0.9824561403508771,0.9824561403508771,1.0,0.7077834365183008,0.7077834365183008,0.7077834365183008,1.0,1.0,1.0,1.0,68.0,0.0,0.0,0.08998167790169867,17.0,0.0,0.0,0.048230109021921284,0.0
gtzan/gtzan_reggae_00028/track.npy,gtzan,0.9,0.8612163030699393,0.8612163030699393,0.8612163030699393,0.6923076923076923,0.6923076923076923,0.6923076923076923,0.6923076923076923,0.8666666666666666,0.8346779723219464,0.8346779723219464,0.8346779723219464,0.6875,0.6875,0.6875,0.6875,62.0,0.0,0.0,0.105360515657833,16.0,0.0,0.0,0.25606339881060103,0.0
gtzan/gtzan_reggae_00029/track.npy,gtzan,1.0,0.9772565828349886,0.9772565828349886,0.9772565828349886,1.0,1.0,1.0,1.0,1.0,0.963760165259282,0.963760165259282,0.963760165259282,1.0,1.0,1.0,1.0,75.0,0.0,0.0,0.10008345855697516,19.0,0.0,0.0,0.025001302205416964,0.0
gtzan/gtzan_reggae_00030/track.npy,gtzan,1.0,0.9612247549456159,0.9612247549456159,0.9612247549456159,1.0,1.0,1.0,1.0,0.0,1.2792233562435007e-19,1.3860373911364435e-19,1.332630373689972e-19,0.0,0.0,0.0,0.0,76.0,0.0,0.0,0.10008345855698145,19.0,0.0,0.0,0.028158187054710838,0.0
gtzan/gtzan_reggae_00031/track.npy,gtzan,0.6666666666666666,0.6346499311406316,0.9519748967109475,0.7933124139257896,0.0,0.0,1.0,1.0,0.6666666666666666,0.6363845896611647,0.9545768844917472,0.795480737076456,0.0,0.0,1.0,1.0,40.0,0.0,0.0,0.026668247082163445,10.0,0.0,0.0,0.006629192178107734,0.0
gtzan/gtzan_reggae_00032/track.npy,gtzan,0.7070707070707072,0.6827829477781733,0.8538867487291669,0.76833484825367,0.15873015873015872,0.15873015873015872,0.6666666666666666,0.6666666666666666,0.64,0.6232709098595578,0.7989645675789923,0.7111177387192751,0.1875,0.1875,0.6666666666666666,0.6666666666666666,49.0,0.0,0.0,0.09006583333948902,12.0,0.0,0.0,0.34235866388899056,0.0
gtzan/gtzan_reggae_00033/track.npy,gtzan,0.9863013698630138,0.9595539438848582,0.9595539438848582,0.9595539438848582,0.972972972972973,0.972972972972973,0.972972972972973,0.972972972972973,1.0,0.9663168795829071,0.9663168795829071,0.9663168795829071,1.0,1.0,1.0,1.0,44.0,0.0,0.0,0.05884050002293476,11.0,0.0,0.0,0.014663208202278044,0.0
gtzan/gtzan_reggae_00034/track.npy,gtzan,0.6722689075630253,0.6492120829628665,0.9657029734070794,0.807457528184973,0.0,0.0,1.0,1.0,0.6666666666666666,0.6391963859734755,0.9587945789602133,0.7989954824668444,0.0,0.0,1.0,1.0,47.0,0.0,0.0,0.0563660252479836,12.0,0.0,0.0,0.007843177461025457,0.0
gtzan/gtzan_reggae_00035/track.npy,gtzan,0.6666666666666666,0.6123234365453835,0.918485154818075,0.7654042956817293,0.0,0.0,1.0,1.0,0.0,5.527626487983726e-71,0.6437496031558539,0.32187480157792697,0.0,0.0,0.0,0.0,41.0,0.0,0.0,0.05823667586303031,10.0,0.0,0.0,0.006825965070401008,0.0
gtzan/gtzan_reggae_00036/track.npy,gtzan,0.743801652892562,0.6920925262682918,0.7685654657619275,0.7303289960151096,0.273972602739726,0.273972602739726,0.5416666666666666,0.5416666666666666,0.7333333333333334,0.6950589052906441,0.7284181636118259,0.711738534451235,0.2777777777777778,0.2777777777777778,0.5833333333333334,0.5833333333333334,55.0,0.0,0.0,0.07851897935298588,14.0,0.0,0.0,0.31098206516756977,0.0
gtzan/gtzan_reggae_00037/track.npy,gtzan,0.984375,0.9527475104381005,0.9527475104381005,0.9527475104381005,0.984375,0.984375,0.984375,0.984375,0.0,1.8935045655927048e-81,0.9376975694031229,0.46884878470156144,0.0,0.0,0.9375,0.9375,77.0,0.0,0.0,0.10008345855698275,20.0,0.0,0.0,0.025317807984290147,0.0
gtzan/gtzan_reggae_00038/track.npy,gtzan,1.0,0.9228161121266265,0.9228161121266265,0.9228161121266265,1.0,1.0,1.0,1.0,0.0,9.831765264121962e-212,0.9198179699129833,0.45990898495649163,0.0,0.0,0.9,0.9,48.0,0.0,0.0,0.06252035698133261,12.0,0.0,0.0,0.015873349156290222,0.0
gtzan/gtzan_reggae_00039/track.npy,gtzan,0.625,0.5357965396465149,0.7853404947749929,0.6605685172107538,0.0,0.0,0.90625,0.90625,0.6666666666666666,0.5974553902067693,0.8961830853101539,0.7468192377584616,0.0,0.0,1.0,1.0,39.0,0.0,0.0,0.07428845698592046,10.0,0.0,0.0,0.13720112151348474,0.0
gtzan/gtzan_reggae_00040/track.npy,gtzan,0.8051948051948051,0.6872341804439958,0.6872341804439958,0.6872341804439958,0.8205128205128205,0.8205128205128205,0.8205128205128205,0.8205128205128205,0.7777777777777778,0.6841150492139524,0.6841150492139524,0.6841150492139524,1.0,1.0,1.0,1.0,46.0,0.0,0.0,0.09237332013101499,11.0,0.0,0.0,0.04314315950900957,0.0
gtzan/gtzan_reggae_00041/track.npy,gtzan,1.0,0.939844459087514,0.939844459087514,0.939844459087514,1.0,1.0,1.0,1.0,1.0,0.9232164140211473,0.9232164140211473,0.9232164140211473,1.0,1.0,1.0,1.0,73.0,0.0,0.0,0.09769681918065609,19.0,0.0,0.0,0.04209090511304106,0.0
gtzan/gtzan_reggae_00042/track.npy,gtzan,1.0,0.88385245370532,0.88385245370532,0.88385245370532,1.0,1.0,1.0,1.0,0.0,1.0520997654410047e-128,0.9222946261740305,0.46114731308701523,0.0,0.0,1.0,1.0,61.0,0.0,0.0,0.08338160893904939,15.0,0.0,0.0,0.03045920748470885,0.0
gtzan/gtzan_reggae_00043/track.npy,gtzan,1.0,0.738176199890793,0.738176199890793,0.738176199890793,1.0,1.0,1.0,1.0,1.0,0.7490469133716899,0.7490469133716899,0.7490469133716899,1.0,1.0,1.0,1.0,77.0,0.0,0.0,0.051293294387558364,19.0,0.0,0.0,0.02597548640326014,0.0
gtzan/gtzan_reggae_00044/track.npy,gtzan,0.8188976377952756,0.7712331433461797,0.7712331433461797,0.7712331433461797,0.4383561643835616,0.4383561643835616,0.4383561643835616,0.4383561643835616,0.7741935483870968,0.751915325597419,0.751915325597419,0.751915325597419,0.4444444444444444,0.4444444444444444,0.4444444444444444,0.4444444444444444,61.0,0.0,0.0,0.11778303565638115,15.0,0.0,0.0,0.27676390545168694,0.0
gtzan/gtzan_reggae_00045/track.npy,gtzan,0.6666666666666666,0.6218651066724767,0.9327976600087151,0.7773313833405959,0.0,0.0,1.0,1.0,0.6399999999999999,0.6079751729867133,0.9499612077917395,0.7789681903892265,0.0,0.0,1.0,1.0,41.0,0.0,0.0,0.05406722127027935,10.0,0.0,0.0,0.013513719166723604,0.0
gtzan/gtzan_reggae_00046/track.npy,gtzan,0.9027777777777778,0.7931199839033028,0.7931199839033028,0.7931199839033028,0.589041095890411,0.8493150684931506,0.589041095890411,0.8493150684931506,0.6285714285714287,0.5911539767138839,0.5911539767138839,0.5911539767138839,0.5555555555555556,0.5555555555555556,0.5555555555555556,0.5555555555555556,87.0,0.0,0.0,0.10277908238556852,21.0,0.0,0.0,0.16257382661081635,0.0
gtzan/gtzan_reggae_00047/track.npy,gtzan,1.0,0.7969835267241624,0.7969835267241624,0.7969835267241624,1.0,1.0,1.0,1.0,0.0,2.945214268339568e-78,0.7384564060562024,0.3692282030281012,0.0,0.0,0.875,0.875,73.0,0.0,0.0,0.10008345855698053,19.0,0.0,0.0,0.06373583790569169,0.0
gtzan/gtzan_reggae_00048/track.npy,gtzan,0.6055045871559632,0.5220902186643114,0.7903865807083452,0.6562383996863284,0.0,0.0,1.0,1.0,0.0,3.426100722591572e-52,0.48793388773533414,0.24396694386766707,0.0,0.0,0.0,0.0,44.0,0.0,0.0,0.08569203923096819,11.0,0.0,0.0,0.027703045458403824,0.0
gtzan/gtzan_reggae_00049/track.npy,gtzan,0.6101694915254238,0.5622970165012094,0.8209307260256218,0.6916138712634157,0.0,0.0,0.55,0.875,0.20689655172413793,0.1826882159901959,0.33537898464440413,0.25903360031730005,0.0,0.0,0.4,0.4,48.0,0.0,0.0,0.10265415406008281,12.0,0.0,0.0,0.11997767961913539,0.0
gtzan/gtzan_reggae_00050/track.npy,gtzan,0.6666666666666666,0.6403929745813594,0.9605894618717868,0.8004912182265731,0.0,0.0,1.0,1.0,0.6666666666666666,0.6548318959551855,0.9822478439327783,0.8185398699439819,0.0,0.0,1.0,1.0,47.0,0.0,0.0,0.06252035698133512,12.0,0.0,0.0,0.0156929893888623,0.0
gtzan/gtzan_reggae_00051/track.npy,gtzan,1.0,0.9822231904029206,0.9822231904029206,0.9822231904029206,1.0,1.0,1.0,1.0,1.0,0.9894153513756918,0.9894153513756918,0.9894153513756918,1.0,1.0,1.0,1.0,64.0,0.0,0.0,0.04255961441879885,16.0,0.0,0.0,0.010695289116749013,0.0
gtzan/gtzan_reggae_00052/track.npy,gtzan,1.0,0.9490581652866407,0.9490581652866407,0.9490581652866407,1.0,1.0,1.0,1.0,1.0,0.9401107797611455,0.9401107797611455,0.9401107797611455,1.0,1.0,1.0,1.0,50.0,0.0,0.0,0.06669137449867313,12.0,0.0,0.0,0.008298802814695916,0.0
gtzan/gtzan_reggae_00053/track.npy,gtzan,1.0,0.9169897509498766,0.9169897509498766,0.9169897509498766,1.0,1.0,1.0,1.0,0.0,1.198860692580935e-75,0.9204080120238414,0.4602040060119207,0.0,0.0,0.9375,0.9375,76.0,0.0,0.0,0.10008345855698919,19.0,0.0,0.0,0.02577740615414602,0.0
gtzan/gtzan_reggae_00054/track.npy,gtzan,0.8518518518518519,0.748722844059981,0.748722844059981,0.748722844059981,0.5081967213114754,0.5081967213114754,0.5081967213114754,0.5081967213114754,0.0,4.3939013990936037e-82,0.7912754967890139,0.39563774839450694,0.0,0.0,0.5714285714285714,0.5714285714285714,60.0,0.0,0.0,0.10979836140847377,15.0,0.0,0.0,0.2868759513818254,0.0
gtzan/gtzan_reggae_00055/track.npy,gtzan,0.8888888888888888,0.8661572387476185,0.8661572387476185,0.8661572387476185,0.8888888888888888,0.8888888888888888,0.8888888888888888,0.8888888888888888,0.8571428571428571,0.8231708883048201,0.8231708883048201,0.8231708883048201,1.0,1.0,1.0,1.0,65.0,0.0,0.0,0.08701137698962036,17.0,0.0,0.0,0.01401950283923975,0.0
gtzan/gtzan_reggae_00056/track.npy,gtzan,1.0,0.9252063870153908,0.9252063870153908,0.9252063870153908,1.0,1.0,1.0,1.0,0.0,1.1684867420227749e-74,0.8606390795138735,0.43031953975693676,0.0,0.0,0.8823529411764706,0.8823529411764706,78.0,0.0,0.0,0.10536051565782856,20.0,0.0,0.0,0.03871451218069183,0.0
gtzan/gtzan_reggae_00057/track.npy,gtzan,0.4905660377358491,0.46813457130349684,0.46813457130349684,0.46813457130349684,0.0,0.0,0.0,0.0,0.4615384615384615,0.43761738409385964,0.43761738409385964,0.43761738409385964,0.0,0.0,0.0,0.0,32.0,0.0,0.0,0.044016769786838404,8.0,0.0,0.0,0.02150620522096347,0.0
gtzan/gtzan_reggae_00058/track.npy,gtzan,1.0,0.8534798513480919,0.8534798513480919,0.8534798513480919,1.0,1.0,1.0,1.0,1.0,0.8518846484698315,0.8518846484698315,0.8518846484698315,1.0,1.0,1.0,1.0,62.0,0.0,0.0,0.08020965273681044,16.0,0.0,0.0,0.024035847093649094,0.0
gtzan/gtzan_reggae_00059/track.npy,gtzan,0.96875,0.8174266971367851,0.8174266971367851,0.8174266971367851,0.453125,0.9375,0.453125,0.9375,1.0,0.8274508971091139,0.8274508971091139,0.8274508971091139,1.0,1.0,1.0,1.0,77.0,0.0,0.0,0.105360515657833,20.0,0.0,0.0,0.041760056956055044,0.0
gtzan/gtzan_reggae_00060/track.npy,gtzan,1.0,0.9161254651943312,0.9161254651943312,0.9161254651943312,1.0,1.0,1.0,1.0,1.0,0.951428561122145,0.951428561122145,0.951428561122145,1.0,1.0,1.0,1.0,57.0,0.0,0.0,0.07696104113612776,14.0,0.0,0.0,0.023153401868895945,0.0
gtzan/gtzan_reggae_00061/track.npy,gtzan,1.0,0.9829543139183228,0.9829543139183228,0.9829543139183228,1.0,1.0,1.0,1.0,1.0,0.9798102874371553,0.9798102874371553,0.9798102874371553,1.0,1.0,1.0,1.0,46.0,0.0,0.0,0.030771658666758572,11.0,0.0,0.0,0.007662872745569871,0.0
gtzan/gtzan_reggae_00062/track.npy,gtzan,0.6382978723404255,0.5990385137860728,0.9082196821917877,0.7536290979889302,0.0,0.0,1.0,1.0,0.6956521739130436,0.6832772490283223,0.9822110454782134,0.8327441472532678,0.0,0.0,1.0,1.0,38.0,0.0,0.0,0.07647981560086953,10.0,0.0,0.0,0.010398438121990013,0.0
gtzan/gtzan_reggae_00063/track.npy,gtzan,0.6725663716814159,0.6378756757806125,0.9484204126737085,0.7931480442271606,0.0,0.0,1.0,1.0,0.6896551724137931,0.6563448647976403,0.9517000539565785,0.8040224593771095,0.0,0.0,1.0,1.0,46.0,0.0,0.0,0.05614667734398195,12.0,0.0,0.0,0.027140481324159353,0.0
gtzan/gtzan_reggae_00064/track.npy,gtzan,0.6728971962616822,0.6597420757968407,0.9804500293091937,0.8200960525530172,0.0,0.0,1.0,1.0,0.6666666666666666,0.6593591677479134,0.98903875162187,0.8241989596848918,0.0,0.0,1.0,1.0,43.0,0.0,0.0,0.057158413839948685,10.0,0.0,0.0,0.011794843528373972,0.0
gtzan/gtzan_reggae_00065/track.npy,gtzan,0.6727272727272727,0.6362559080264303,0.9457858092284713,0.7910208586274508,0.0,0.0,1.0,1.0,0.6666666666666666,0.6395931040379276,0.9593896560568914,0.7994913800474095,0.0,0.0,1.0,1.0,44.0,0.0,0.0,0.058840500022934665,11.0,0.0,0.0,0.0073801072976233065,0.0
gtzan/gtzan_reggae_00066/track.npy,gtzan,1.0,0.9722415858498454,0.9722415858498454,0.9722415858498454,1.0,1.0,1.0,1.0,0.0,4.006443509761962e-302,0.8966642865319516,0.4483321432659758,0.0,0.0,0.875,0.875,40.0,0.0,0.0,0.052643733485423554,10.0,0.0,0.0,0.013245226750020633,0.0
gtzan/gtzan_reggae_00067/track.npy,gtzan,1.0,0.9669532568513649,0.9669532568513649,0.9669532568513649,1.0,1.0,1.0,1.0,0.0,4.1772391477585024e-67,0.9107904429014629,0.45539522145073147,0.0,0.0,0.8888888888888888,0.8888888888888888,84.0,0.0,0.0,0.1112256351102221,21.0,0.0,0.0,0.029550209179929315,0.0
gtzan/gtzan_reggae_00068/track.npy,gtzan,1.0,0.9417486735705216,0.9417486735705216,0.9417486735705216,1.0,1.0,1.0,1.0,1.0,0.9178475254280235,0.9178475254280235,0.9178475254280235,1.0,1.0,1.0,1.0,69.0,0.0,0.0,0.09097177820572816,18.0,0.0,0.0,0.02298951822470041,0.0
gtzan/gtzan_reggae_00069/track.npy,gtzan,0.9661016949152543,0.8432666508173643,0.8432666508173643,0.8432666508173643,0.8360655737704918,0.8360655737704918,0.8360655737704918,0.8360655737704918,0.896551724137931,0.8052552738747143,0.8052552738747143,0.8052552738747143,0.8,0.8,0.8,0.8,63.0,0.0,0.0,0.14660347419186348,16.0,0.0,0.0,0.32597140186493206,0.0
gtzan/gtzan_reggae_00070/track.npy,gtzan,0.6666666666666666,0.6267780997057885,0.9401671495586746,0.7834726246322316,0.0,0.0,1.0,1.0,0.6896551724137931,0.6620043059164606,0.959906243578868,0.8109552747476643,0.0,0.0,1.0,1.0,44.0,0.0,0.0,0.057391123179269525,11.0,0.0,0.0,0.007326040092074049,0.0
gtzan/gtzan_reggae_00071/track.npy,gtzan,0.6666666666666666,0.6271979853093458,0.9407969779640186,0.7839974816366821,0.0,0.0,1.0,1.0,0.6666666666666666,0.6340391476871845,0.9510587215307769,0.7925489346089807,0.0,0.0,1.0,1.0,35.0,0.0,0.0,0.046963228976639015,9.0,0.0,0.0,0.011696039763191734,0.0
gtzan/gtzan_reggae_00072/track.npy,gtzan,1.0,0.9569316515843499,0.9569316515843499,0.9569316515843499,1.0,1.0,1.0,1.0,1.0,0.9497516017501061,0.9497516017501061,0.9497516017501061,1.0,1.0,1.0,1.0,42.0,0.0,0.0,0.05556985115480967,11.0,0.0,0.0,0.013986241974739678,0.0
gtzan/gtzan_reggae_00073/track.npy,gtzan,1.0,0.9207106607039253,0.9207106607039253,0.9207106607039253,1.0,1.0,1.0,1.0,1.0,0.9416954766230642,0.9416954766230642,0.9416954766230642,1.0,1.0,1.0,1.0,42.0,0.0,0.0,0.05556985115481223,10.0,0.0,0.0,0.013986241974739855,0.0
gtzan/gtzan_reggae_00074/track.npy,gtzan,1.0,0.8674918669985916,0.8674918669985916,0.8674918669985916,1.0,1.0,1.0,1.0,1.0,0.810769641349866,0.810769641349866,0.810769641349866,1.0,1.0,1.0,1.0,42.0,0.0,0.0,0.05556985115481211,10.0,0.0,0.0,0.013986241974739999,0.0
gtzan/gtzan_reggae_00075/track.npy,gtzan,0.6593406593406593,0.5465147626720251,0.8152925148058079,0.6809036387389165,0.0,0.0,0.967741935483871,0.967741935483871,0.0,6.628029388260121e-76,0.5234135824052051,0.26170679120260254,0.0,0.0,0.0,0.0,37.0,0.0,0.0,0.07232066157962672,10.0,0.0,0.0,0.016096908093678804,0.0
gtzan/gtzan_reggae_00076/track.npy,gtzan,1.0,0.9347152471587354,0.9347152471587354,0.9347152471587354,1.0,1.0,1.0,1.0,0.0,8.29473727103931e-309,0.8290081611521757,0.41450408057608784,0.0,0.0,0.7777777777777778,0.7777777777777778,40.0,0.0,0.0,0.052643733485423484,10.0,0.0,0.0,0.006557400546160164,0.0
gtzan/gtzan_reggae_00077/track.npy,gtzan,0.6593406593406593,0.625650792834704,0.9489037024659678,0.7872772476503359,0.0,0.0,1.0,1.0,0.6956521739130436,0.6574118020632547,0.9450294654659286,0.8012206337645916,0.0,0.0,1.0,1.0,37.0,0.0,0.0,0.05723968604837816,10.0,0.0,0.0,0.010191982871267921,0.0
gtzan/gtzan_reggae_00078/track.npy,gtzan,0.6666666666666666,0.6304313735217288,0.9456470602825933,0.788039216902161,0.0,0.0,1.0,1.0,0.6666666666666666,0.6465618781708148,0.9698428172562222,0.8082023477135185,0.0,0.0,1.0,1.0,40.0,0.0,0.0,0.05765136930019464,10.0,0.0,0.0,0.013158084577510387,0.0
gtzan/gtzan_reggae_00079/track.npy,gtzan,0.8888888888888888,0.8013478130812277,0.8013478130812277,0.8013478130812277,0.671875,0.671875,0.671875,0.671875,0.8275862068965517,0.7690962538332995,0.7690962538332995,0.7690962538332995,0.6875,0.6875,0.6875,0.6875,65.0,0.0,0.0,0.10008345855698263,16.0,0.0,0.0,0.2637544693888482,0.0
gtzan/gtzan_reggae_00080/track.npy,gtzan,1.0,0.9618810732553281,0.9618810732553281,0.9618810732553281,1.0,1.0,1.0,1.0,1.0,0.9569950554044706,0.9569950554044706,0.9569950554044706,1.0,1.0,1.0,1.0,50.0,0.0,0.0,0.03390155167568354,12.0,0.0,0.0,0.008368249670516414,0.0
gtzan/gtzan_reggae_00081/track.npy,gtzan,1.0,0.9746454981181889,0.9746454981181889,0.9746454981181889,1.0,1.0,1.0,1.0,1.0,0.9827619893233674,0.9827619893233674,0.9827619893233674,1.0,1.0,1.0,1.0,51.0,0.0,0.0,0.06669137449867305,13.0,0.0,0.0,0.008368249670517858,0.0
gtzan/gtzan_reggae_00082/track.npy,gtzan,1.0,0.9746454981181889,0.9746454981181889,0.9746454981181889,1.0,1.0,1.0,1.0,1.0,0.9827619893233674,0.9827619893233674,0.9827619893233674,1.0,1.0,1.0,1.0,51.0,0.0,0.0,0.06669137449867305,13.0,0.0,0.0,0.008368249670517858,0.0
gtzan/gtzan_reggae_00083/track.npy,gtzan,0.9454545454545454,0.7833617407369228,0.7833617407369228,0.7833617407369228,0.9642857142857143,0.9642857142857143,0.9642857142857143,0.9642857142857143,0.7692307692307692,0.6020568589205956,0.6020568589205956,0.6020568589205956,0.8571428571428571,0.8571428571428571,0.8571428571428571,0.8571428571428571,32.0,0.0,0.0,0.0674412807955315,8.0,0.0,0.0,0.1628145002785943,0.0
gtzan/gtzan_reggae_00084/track.npy,gtzan,1.0,0.9492115083392326,0.9492115083392326,0.9492115083392326,1.0,1.0,1.0,1.0,1.0,0.9211714603066189,0.9211714603066189,0.9211714603066189,1.0,1.0,1.0,1.0,50.0,0.0,0.0,0.06899287148694377,13.0,0.0,0.0,0.016807118316381375,0.0
gtzan/gtzan_reggae_00085/track.npy,gtzan,0.9726027397260274,0.7911681907915223,0.7911681907915223,0.7911681907915223,0.6164383561643836,0.9041095890410958,0.6164383561643836,0.9041095890410958,1.0,0.7802881405359811,0.7802881405359811,0.7802881405359811,1.0,1.0,1.0,1.0,87.0,0.0,0.0,0.11778303565638115,22.0,0.0,0.0,0.028615398082168585,0.0
gtzan/gtzan_reggae_00087/track.npy,gtzan,1.0,0.9751270055971704,0.9751270055971704,0.9751270055971704,1.0,1.0,1.0,1.0,1.0,0.9848920990691367,0.9848920990691367,0.9848920990691367,1.0,1.0,1.0,1.0,41.0,0.0,0.0,0.0555698511548115,10.0,0.0,0.0,0.006920442844573482,0.0
gtzan/gtzan_reggae_00088/track.npy,gtzan,1.0,0.9690658699271735,0.9690658699271735,0.9690658699271735,1.0,1.0,1.0,1.0,1.0,0.9628033539417921,0.9628033539417921,0.9628033539417921,1.0,1.0,1.0,1.0,54.0,0.0,0.0,0.03636764417088045,13.0,0.0,0.0,0.018018505502678694,0.0
gtzan/gtzan_reggae_00089/track.npy,gtzan,0.9919999999999999,0.8996370156963193,0.8996370156963193,0.8996370156963193,0.9841269841269841,0.9841269841269841,0.9841269841269841,0.9841269841269841,0.0,9.710109962990668e-83,0.8381973875575526,0.4190986937787763,0.0,0.0,0.875,0.875,75.0,0.0,0.0,0.10008345855698375,19.0,0.0,0.0,0.025001302205416964,0.0
gtzan/gtzan_reggae_00090/track.npy,gtzan,0.6666666666666666,0.5864046300884916,0.8796069451327374,0.7330057876106145,0.0,0.0,1.0,1.0,0.6666666666666666,0.5523835892356976,0.8285753838535465,0.690479486544622,0.0,0.0,1.0,1.0,39.0,0.0,0.0,0.05156338220712575,10.0,0.0,0.0,0.010584259094491863,0.0
gtzan/gtzan_reggae_00091/track.npy,gtzan,1.0,0.9192566008286165,0.9192566008286165,0.9192566008286165,1.0,1.0,1.0,1.0,1.0,0.9471435284154386,0.9471435284154386,0.9471435284154386,1.0,1.0,1.0,1.0,72.0,0.0,0.0,0.09531017980432953,18.0,0.0,0.0,0.024171026965335074,0.0
gtzan/gtzan_reggae_00092/track.npy,gtzan,1.0,0.7252350965420049,0.7252350965420049,0.7252350965420049,1.0,1.0,1.0,1.0,1.0,0.7143175866008346,0.7143175866008346,0.7143175866008346,1.0,1.0,1.0,1.0,73.0,0.0,0.0,0.09531017980432288,19.0,0.0,0.0,0.024156331888083638,0.0
gtzan/gtzan_reggae_00093/track.npy,gtzan,1.0,0.8868190748471304,0.8868190748471304,0.8868190748471304,1.0,1.0,1.0,1.0,1.0,0.8830177055141204,0.8830177055141204,0.8830177055141204,1.0,1.0,1.0,1.0,90.0,0.0,0.0,0.060624621816455004,23.0,0.0,0.0,0.045809536031293896,0.0
gtzan/gtzan_reggae_00094/track.npy,gtzan,1.0,0.9192780649924864,0.9192780649924864,0.9192780649924864,1.0,1.0,1.0,1.0,1.0,0.8940704998039014,0.8940704998039014,0.8940704998039014,1.0,1.0,1.0,1.0,64.0,0.0,0.0,0.04435715516322752,16.0,0.0,0.0,0.032501873902646077,0.0
gtzan/gtzan_reggae_00095/track.npy,gtzan,1.0,0.8492961071021307,0.8492961071021307,0.8492961071021307,1.0,1.0,1.0,1.0,0.7692307692307693,0.6211318615695137,0.6211318615695137,0.6211318615695137,0.6923076923076923,0.6923076923076923,0.6923076923076923,0.6923076923076923,62.0,0.0,0.0,0.04255961441879497,15.0,0.0,0.0,0.02480911560840496,0.0
gtzan/gtzan_reggae_00096/track.npy,gtzan,1.0,0.8110048398178419,0.8110048398178419,0.8110048398178419,0.6486486486486487,0.9594594594594594,0.6486486486486487,0.9594594594594594,1.0,0.8323750894277708,0.8323750894277708,0.8323750894277708,1.0,1.0,1.0,1.0,89.0,0.0,0.0,0.06062462181643462,22.0,0.0,0.0,0.031046103784585343,0.0
gtzan/gtzan_reggae_00097/track.npy,gtzan,0.3333333333333333,0.3101212490408362,0.38945459181862063,0.3497879204297284,0.0,0.0,0.0,0.0,0.625,0.5324332739914522,0.7444780696933491,0.6384556718424006,0.0,0.0,0.8181818181818182,0.8181818181818182,39.0,0.0,0.0,0.0632704687276179,13.0,0.0,0.0,0.05974601439601096,0.0
gtzan/gtzan_reggae_00098/track.npy,gtzan,0.5074626865671642,0.4188736250298124,0.4188736250298124,0.4188736250298124,0.0,0.0,0.0,0.0,0.5294117647058824,0.45198297063449333,0.45198297063449333,0.45198297063449333,0.0,0.0,0.0,0.0,41.0,0.0,0.0,0.08223809823697305,11.0,0.0,0.0,0.024189432948720488,0.0
gtzan/gtzan_reggae_00099/track.npy,gtzan,0.6621621621621622,0.6289638458709509,0.9402691604270972,0.784616503149024,0.0,0.0,0.98,0.98,0.0,2.4144813037230564e-08,3.722325343239712e-08,3.068403323481384e-08,0.0,0.0,1.0,1.0,60.0,0.0,0.0,0.08004270767353472,15.0,0.0,0.0,0.029796496613201273,0.0
gtzan/gtzan_rock_00000/track.npy,gtzan,0.8039215686274509,0.7102301766195351,0.7102301766195351,0.7102301766195351,0.803921568627451,0.803921568627451,0.803921568627451,0.803921568627451,0.7692307692307693,0.6650628571660712,0.6650628571660712,0.6650628571660712,1.0,1.0,1.0,1.0,61.0,0.0,0.0,0.08037659780009274,15.0,0.0,0.0,0.024182839658786724,0.0
gtzan/gtzan_rock_00001/track.npy,gtzan,1.0,0.80533233748034,0.80533233748034,0.80533233748034,1.0,1.0,1.0,1.0,1.0,0.7310061638186053,0.7310061638186053,0.7310061638186053,1.0,1.0,1.0,1.0,38.0,0.0,0.0,0.05066874880235409,9.0,0.0,0.0,0.02328939471096469,0.0
gtzan/gtzan_rock_00002/track.npy,gtzan,1.0,0.9550879159488829,0.9550879159488829,0.9550879159488829,1.0,1.0,1.0,1.0,1.0,0.953860848624799,0.953860848624799,0.953860848624799,1.0,1.0,1.0,1.0,53.0,0.0,0.0,0.052042095649112774,13.0,0.0,0.0,0.017621943375155658,0.0
gtzan/gtzan_rock_00003/track.npy,gtzan,1.0,0.9263780543303944,0.9263780543303944,0.9263780543303944,1.0,1.0,1.0,1.0,0.0,9.963990585164042e-210,0.8583099590655612,0.4291549795327806,0.0,0.0,0.9,0.9,48.0,0.0,0.0,0.06403398009851405,12.0,0.0,0.0,0.02799670386044629,0.0
gtzan/gtzan_rock_00004/track.npy,gtzan,1.0,0.8928293796519877,0.8928293796519877,0.8928293796519877,1.0,1.0,1.0,1.0,1.0,0.8489277802466878,0.8489277802466878,0.8489277802466878,1.0,1.0,1.0,1.0,39.0,0.0,0.0,0.031593256543234555,10.0,0.0,0.0,0.017249505881813995,0.0
gtzan/gtzan_rock_00005/track.npy,gtzan,0.8192771084337348,0.7704083236077077,0.7704083236077077,0.7704083236077077,0.6428571428571429,0.8095238095238095,0.6428571428571429,0.8095238095238095,0.8000000000000002,0.7531659706075325,0.7531659706075325,0.7531659706075325,1.0,1.0,1.0,1.0,50.0,0.0,0.0,0.06669137449867363,12.0,0.0,0.0,0.09833178388467644,0.0
gtzan/gtzan_rock_00006/track.npy,gtzan,0.638888888888889,0.5318349773227607,0.7723844398030278,0.6521097085628943,0.0,0.0,0.75,0.9583333333333334,0.5555555555555556,0.5297968823789989,0.7163795123286895,0.6230881973538442,0.0,0.0,0.9166666666666666,0.9166666666666666,57.0,0.0,0.0,0.07696104113612992,15.0,0.0,0.0,0.03803070912082589,0.0
gtzan/gtzan_rock_00007/track.npy,gtzan,1.0,0.8333812272638921,0.8333812272638921,0.8333812272638921,1.0,1.0,1.0,1.0,1.0,0.8751040743751816,0.8751040743751816,0.8751040743751816,1.0,1.0,1.0,1.0,45.0,0.0,0.0,0.06062462181643358,12.0,0.0,0.0,0.023085918335637546,0.0
gtzan/gtzan_rock_00008/track.npy,gtzan,0.7297297297297297,0.6465494735549595,0.6465494735549595,0.6465494735549595,0.4864864864864865,0.8648648648648649,0.4864864864864865,0.8648648648648649,0.6,0.601425066592441,0.601425066592441,0.601425066592441,1.0,1.0,1.0,1.0,45.0,0.0,0.0,0.1213608570042648,12.0,0.0,0.0,0.030637566320356975,0.0
gtzan/gtzan_rock_00009/track.npy,gtzan,1.0,0.9380204456395712,0.9380204456395712,0.9380204456395712,1.0,1.0,1.0,1.0,0.0,0.0,0.8843406715461712,0.4421703357730856,0.0,0.0,0.875,0.875,38.0,0.0,0.0,0.025317807984290654,9.0,0.0,0.0,0.012500162764231626,0.0
gtzan/gtzan_rock_00010/track.npy,gtzan,1.0,0.8463817109789532,0.8463817109789532,0.8463817109789532,1.0,1.0,1.0,1.0,1.0,0.7664188614917239,0.7664188614917239,0.7664188614917239,1.0,1.0,1.0,1.0,42.0,0.0,0.0,0.05556985115481223,11.0,0.0,0.0,0.024744181092240587,0.0
gtzan/gtzan_rock_00011/track.npy,gtzan,1.0,0.8573258722146676,0.8573258722146676,0.8573258722146676,1.0,1.0,1.0,1.0,1.0,0.8397254852046006,0.8397254852046006,0.8397254852046006,1.0,1.0,1.0,1.0,58.0,0.0,0.0,0.07482123939932353,14.0,0.0,0.0,0.028987536873253394,0.0
gtzan/gtzan_rock_00012/track.npy,gtzan,1.0,0.9666738718673956,0.9666738718673956,0.9666738718673956,1.0,1.0,1.0,1.0,1.0,0.9722427484408608,0.9722427484408608,0.9722427484408608,1.0,1.0,1.0,1.0,57.0,0.0,0.0,0.03818444353398141,14.0,0.0,0.0,0.009478743954543501,0.0
gtzan/gtzan_rock_00013/track.npy,gtzan,1.0,0.8607692834726616,0.8607692834726616,0.8607692834726616,1.0,1.0,1.0,1.0,1.0,0.9086421151853215,0.9086421151853215,0.9086421151853215,1.0,1.0,1.0,1.0,46.0,0.0,0.0,0.06252035698133257,11.0,0.0,0.0,0.019749528667943436,0.0
gtzan/gtzan_rock_00014/track.npy,gtzan,0.5238095238095238,0.42075993380225674,0.42075993380225674,0.42075993380225674,0.1875,0.1875,0.1875,0.1875,0.0,1.4527250378340956e-09,8.384522503190858e-09,4.918623770512477e-09,0.0,0.0,0.0,0.0,43.0,0.0,0.0,0.08004270767353472,11.0,0.0,0.0,0.20669374508859814,0.0
gtzan/gtzan_rock_00015/track.npy,gtzan,0.9655172413793104,0.7714316330858056,0.7714316330858056,0.7714316330858056,0.9772727272727273,0.9772727272727273,0.9772727272727273,0.9772727272727273,1.0,0.851939459523657,0.851939459523657,0.851939459523657,1.0,1.0,1.0,1.0,52.0,0.0,0.0,0.05431151919471519,13.0,0.0,0.0,0.02643325706815619,0.0
gtzan/gtzan_rock_00016/track.npy,gtzan,0.7768595041322314,0.6881372041507787,0.6881372041507787,0.6881372041507787,0.7704918032786885,0.7704918032786885,0.7704918032786885,0.7704918032786885,0.7333333333333333,0.6428372397796401,0.6428372397796401,0.6428372397796401,1.0,1.0,1.0,1.0,73.0,0.0,0.0,0.09769681918065587,19.0,0.0,0.0,0.0360191362150253,0.0
gtzan/gtzan_rock_00017/track.npy,gtzan,0.9803921568627451,0.921007438189699,0.921007438189699,0.921007438189699,0.9803921568627451,0.9803921568627451,0.9803921568627451,0.9803921568627451,0.9230769230769231,0.8729090877269644,0.8729090877269644,0.8729090877269644,1.0,1.0,1.0,1.0,61.0,0.0,0.0,0.08004270767353472,16.0,0.0,0.0,0.010152371464018418,0.0
gtzan/gtzan_rock_00018/track.npy,gtzan,0.9795918367346939,0.899804299597067,0.899804299597067,0.899804299597067,0.9795918367346939,0.9795918367346939,0.9795918367346939,0.9795918367346939,1.0,0.9233869142502802,0.9233869142502802,0.9233869142502802,1.0,1.0,1.0,1.0,59.0,0.0,0.0,0.07696104113612678,15.0,0.0,0.0,0.029558802241544613,0.0
gtzan/gtzan_rock_00019/track.npy,gtzan,0.9292929292929293,0.8320778084754147,0.8320778084754147,0.8320778084754147,0.72,0.9,0.72,0.9,0.7199999999999999,0.6380239060180956,0.6380239060180956,0.6380239060180956,0.6923076923076923,0.6923076923076923,0.6923076923076923,0.6923076923076923,59.0,0.0,0.0,0.1226023220923319,15.0,0.0,0.0,0.13899196224905302,0.0
gtzan/gtzan_rock_00020/track.npy,gtzan,0.975609756097561,0.8356251359062248,0.8356251359062248,0.8356251359062248,1.0,1.0,1.0,1.0,1.0,0.8770634313642022,0.8770634313642022,0.8770634313642022,1.0,1.0,1.0,1.0,50.0,0.0,0.0,0.06669137449867363,12.0,0.0,0.0,0.02101912280274819,0.0
gtzan/gtzan_rock_00021/track.npy,gtzan,0.453781512605042,0.3952335132925171,0.49253635599299717,0.44388493464275713,0.0,0.0,0.375,0.65,0.06666666666666667,0.07667059564408873,0.24639379401888117,0.16153219483148495,0.0,0.0,0.3,0.6,47.0,0.0,0.0,0.17447741416330081,12.0,0.0,0.0,0.23374203683328623,0.0
gtzan/gtzan_rock_00022/track.npy,gtzan,0.624,0.5402126941914172,0.5402126941914172,0.5402126941914172,0.0,0.0,0.5714285714285714,0.5714285714285714,0.0,1.1601984324374572e-11,0.33753989887728414,0.16876994944444307,0.0,0.0,0.4,0.4,50.0,0.0,0.0,0.08418569340210008,12.0,0.0,0.0,0.06798495964112791,0.0
gtzan/gtzan_rock_00023/track.npy,gtzan,0.810810810810811,0.755766696601938,0.755766696601938,0.755766696601938,0.4883720930232558,0.4883720930232558,0.4883720930232558,0.4883720930232558,0.7368421052631579,0.731824909080145,0.731824909080145,0.731824909080145,0.5454545454545454,0.5454545454545454,0.5454545454545454,0.5454545454545454,49.0,0.0,0.0,0.10008345855697795,12.0,0.0,0.0,0.3627512768078061,0.0
gtzan/gtzan_rock_00024/track.npy,gtzan,0.9105691056910569,0.656646537444637,0.656646537444637,0.656646537444637,0.6935483870967742,0.9193548387096774,0.6935483870967742,0.9193548387096774,0.9333333333333333,0.6565898912909897,0.6565898912909897,0.6565898912909897,1.0,1.0,1.0,1.0,75.0,0.0,0.0,0.10008345855698533,19.0,0.0,0.0,0.041785053998607324,0.0
gtzan/gtzan_rock_00025/track.npy,gtzan,0.9885057471264368,0.7873642996242812,0.7873642996242812,0.7873642996242812,0.9772727272727273,0.9772727272727273,0.9772727272727273,0.9772727272727273,1.0,0.7835236995753253,0.7835236995753253,0.7835236995753253,1.0,1.0,1.0,1.0,52.0,0.0,0.0,0.07145896398214502,13.0,0.0,0.0,0.04363853649092042,0.0
gtzan/gtzan_rock_00026/track.npy,gtzan,1.0,0.9429981878727829,0.9429981878727829,0.9429981878727829,1.0,1.0,1.0,1.0,1.0,0.9392412812909455,0.9392412812909455,0.9392412812909455,1.0,1.0,1.0,1.0,57.0,0.0,0.0,0.04968689085341488,14.0,0.0,0.0,0.018868484304384148,0.0
gtzan/gtzan_rock_00027/track.npy,gtzan,0.9279999999999999,0.8037159063143132,0.8037159063143132,0.8037159063143132,0.5873015873015873,0.9206349206349206,0.5873015873015873,0.9206349206349206,0.5806451612903225,0.48910388746548644,0.48910388746548644,0.48910388746548644,0.625,0.625,0.625,0.625,74.0,0.0,0.0,0.10245813425236593,18.0,0.0,0.0,0.1068355483657001,0.0
gtzan/gtzan_rock_00028/track.npy,gtzan,0.9824561403508771,0.8272160421088258,0.8272160421088258,0.8272160421088258,1.0,1.0,1.0,1.0,0.9285714285714286,0.8277999166922623,0.8277999166922623,0.8277999166922623,1.0,1.0,1.0,1.0,69.0,0.0,0.0,0.09400865932473995,17.0,0.0,0.0,0.03823589528199075,0.0
gtzan/gtzan_rock_00029/track.npy,gtzan,0.6226415094339622,0.5698539704512974,0.5698539704512974,0.5698539704512974,0.37735849056603776,0.6226415094339622,0.37735849056603776,0.6226415094339622,0.2857142857142857,0.2167576833065636,0.2167576833065636,0.2167576833065636,0.35714285714285715,0.5714285714285714,0.35714285714285715,0.5714285714285714,64.0,0.0,0.0,0.11665939286377804,16.0,0.0,0.0,0.06972893905582508,0.0
gtzan/gtzan_rock_00030/track.npy,gtzan,0.6875,0.6286533489152558,0.6286533489152558,0.6286533489152558,0.6666666666666666,0.6666666666666666,0.6666666666666666,0.6666666666666666,0.6666666666666666,0.6031765939190946,0.6031765939190946,0.6031765939190946,1.0,1.0,1.0,1.0,58.0,0.0,0.0,0.07482123939932223,15.0,0.0,0.0,0.023022859509705004,0.0
gtzan/gtzan_rock_00031/track.npy,gtzan,1.0,0.8289126272759749,0.8289126272759749,0.8289126272759749,1.0,1.0,1.0,1.0,1.0,0.8473618249650164,0.8473618249650164,0.8473618249650164,1.0,1.0,1.0,1.0,59.0,0.0,0.0,0.0775773744436097,15.0,0.0,0.0,0.023823920920618944,0.0
gtzan/gtzan_rock_00032/track.npy,gtzan,0.9870129870129869,0.8163554682786067,0.8163554682786067,0.8163554682786067,0.9743589743589743,0.9743589743589743,0.9743589743589743,0.9743589743589743,0.9473684210526316,0.7297047377489407,0.7297047377489407,0.7297047377489407,0.9,0.9,0.9,0.9,46.0,0.0,0.0,0.06062462181643358,11.0,0.0,0.0,0.030771658666754353,0.0
gtzan/gtzan_rock_00033/track.npy,gtzan,1.0,0.9088032324479913,0.9088032324479913,0.9088032324479913,1.0,1.0,1.0,1.0,1.0,0.926495731400891,0.926495731400891,0.926495731400891,1.0,1.0,1.0,1.0,60.0,0.0,0.0,0.049328154355628574,15.0,0.0,0.0,0.04537162512243141,0.0
gtzan/gtzan_rock_00034/track.npy,gtzan,0.9310344827586207,0.8257024509045544,0.8257024509045544,0.8257024509045544,1.0,1.0,1.0,1.0,0.8571428571428571,0.8621445547396095,0.8621445547396095,0.8621445547396095,1.0,1.0,1.0,1.0,35.0,0.0,0.0,0.06782180756065957,9.0,0.0,0.0,0.034941437075412474,0.0
gtzan/gtzan_rock_00035/track.npy,gtzan,1.0,0.9576564952329296,0.9576564952329296,0.9576564952329296,1.0,1.0,1.0,1.0,0.0,5.039114520440162e-110,0.873384930225125,0.4366924651125625,0.0,0.0,0.8571428571428571,0.8571428571428571,66.0,0.0,0.0,0.08701137698963153,17.0,0.0,0.0,0.021739986636407905,0.0
gtzan/gtzan_rock_00036/track.npy,gtzan,0.5714285714285714,0.37707262695446614,0.5411509767034859,0.45911180182897604,0.0,0.0,0.6071428571428571,0.8928571428571429,0.5714285714285714,0.3999292846812838,0.6045086366314446,0.5022189606563642,0.0,0.0,0.9285714285714286,0.9285714285714286,67.0,0.0,0.0,0.09097177820573288,17.0,0.0,0.0,0.047880371317920674,0.0
gtzan/gtzan_rock_00037/track.npy,gtzan,0.9906542056074767,0.9472262698303363,0.9472262698303363,0.9472262698303363,0.9814814814814815,0.9814814814814815,0.9814814814814815,0.9814814814814815,1.0,0.9405521548609391,0.9405521548609391,0.9405521548609391,1.0,1.0,1.0,1.0,64.0,0.0,0.0,0.04255961441880263,16.0,0.0,0.0,0.03243527575315385,0.0
gtzan/gtzan_rock_00038/track.npy,gtzan,1.0,0.9275559136788224,0.9275559136788224,0.9275559136788224,1.0,1.0,1.0,1.0,1.0,0.9458714873471973,0.9458714873471973,0.9458714873471973,1.0,1.0,1.0,1.0,34.0,0.0,0.0,0.04445176257083336,9.0,0.0,0.0,0.009396939443294512,0.0
gtzan/gtzan_rock_00039/track.npy,gtzan,0.9166666666666666,0.7839623462901621,0.7839623462901621,0.7839623462901621,0.9166666666666666,0.9166666666666666,0.9166666666666666,0.9166666666666666,0.9333333333333333,0.7830906255591484,0.7830906255591484,0.7830906255591484,1.0,1.0,1.0,1.0,73.0,0.0,0.0,0.09531017980432666,18.0,0.0,0.0,0.03561301864919886,0.0
gtzan/gtzan_rock_00040/track.npy,gtzan,0.4262295081967213,0.37091896947130937,0.384312977486078,0.3776159734786937,0.0,0.0,0.34782608695652173,0.34782608695652173,0.0,1.358113885465337e-10,2.1729822167445393e-10,1.7655480511049383e-10,0.0,0.0,1.0,1.0,28.0,0.0,0.0,0.0890214316351553,7.0,0.0,0.0,0.0730661056475637,0.0
gtzan/gtzan_rock_00041/track.npy,gtzan,1.0,0.9489443206054518,0.9489443206054518,0.9489443206054518,1.0,1.0,1.0,1.0,0.0,2.5469926139607847e-137,0.9223059517990013,0.46115297589950066,0.0,0.0,0.9166666666666666,0.9166666666666666,59.0,0.0,0.0,0.03922071315328459,15.0,0.0,0.0,0.009852296443011532,0.0
gtzan/gtzan_rock_00042/track.npy,gtzan,0.8955223880597014,0.8608426057198113,0.8608426057198113,0.8608426057198113,0.8823529411764706,0.8823529411764706,0.8823529411764706,0.8823529411764706,0.9411764705882353,0.9025751405227931,0.9025751405227931,0.9025751405227931,0.8888888888888888,0.8888888888888888,0.8888888888888888,0.8888888888888888,41.0,0.0,0.0,0.05454454914554569,11.0,0.0,0.0,0.03898067985551584,0.0
gtzan/gtzan_rock_00043/track.npy,gtzan,0.6422018348623852,0.5962541889749884,0.6939817442187013,0.6451179665968448,0.0,0.0,0.5675675675675675,0.6756756756756757,0.3703703703703704,0.3600616734204009,0.5400925101306013,0.45007709177550115,0.0,0.0,0.7777777777777778,0.7777777777777778,43.0,0.0,0.0,0.26826398659467976,11.0,0.0,0.0,0.31261421135007467,0.0
gtzan/gtzan_rock_00044/track.npy,gtzan,0.9090909090909091,0.7449087205600601,0.7449087205600601,0.7449087205600601,0.9743589743589743,0.9743589743589743,0.9743589743589743,0.9743589743589743,0.9,0.7714430245236289,0.7714430245236289,0.7714430245236289,1.0,1.0,1.0,1.0,46.0,0.0,0.0,0.06453852113757264,11.0,0.0,0.0,0.04710516526986756,0.0
gtzan/gtzan_rock_00045/track.npy,gtzan,0.5510204081632654,0.40885406256249834,0.6084112205773443,0.5086326415699214,0.0,0.0,0.5757575757575758,0.7727272727272727,0.5,0.36117723676287633,0.5104085423649808,0.4357928895639286,0.0,0.0,0.75,0.75,78.0,0.0,0.0,0.1084661456574667,19.0,0.0,0.0,0.08820953907798043,0.0
gtzan/gtzan_rock_00046/track.npy,gtzan,1.0,0.772823566988268,0.772823566988268,0.772823566988268,1.0,1.0,1.0,1.0,1.0,0.7708165091044628,0.7708165091044628,0.7708165091044628,1.0,1.0,1.0,1.0,51.0,0.0,0.0,0.06899287148694377,13.0,0.0,0.0,0.01280381052844326,0.0
gtzan/gtzan_rock_00047/track.npy,gtzan,0.9130434782608695,0.7772036337371658,0.7772036337371658,0.7772036337371658,0.8478260869565217,0.9347826086956522,0.8478260869565217,0.9347826086956522,0.9166666666666666,0.7815047142521717,0.7815047142521717,0.7815047142521717,1.0,1.0,1.0,1.0,55.0,0.0,0.0,0.07145896398214475,14.0,0.0,0.0,0.031426313649218815,0.0
gtzan/gtzan_rock_00048/track.npy,gtzan,0.9818181818181818,0.8933745371984128,0.8933745371984128,0.8933745371984128,1.0,1.0,1.0,1.0,0.0,1.7583815122425084e-102,0.8653143610364362,0.4326571805182181,0.0,0.0,0.9285714285714286,0.9285714285714286,66.0,0.0,0.0,0.08701137698962769,17.0,0.0,0.0,0.036371099952156906,0.0
gtzan/gtzan_rock_00049/track.npy,gtzan,1.0,0.9098067723106898,0.9098067723106898,0.9098067723106898,1.0,1.0,1.0,1.0,1.0,0.9223639054361029,0.9223639054361029,0.9223639054361029,1.0,1.0,1.0,1.0,42.0,0.0,0.0,0.055649279289071145,10.0,0.0,0.0,0.020806095653510326,0.0
gtzan/gtzan_rock_00050/track.npy,gtzan,1.0,0.9679798786024351,0.9679798786024351,0.9679798786024351,1.0,1.0,1.0,1.0,1.0,0.9574704606485345,0.9574704606485345,0.9574704606485345,1.0,1.0,1.0,1.0,62.0,0.0,0.0,0.0425596144187962,16.0,0.0,0.0,0.020694467097774068,0.0
gtzan/gtzan_rock_00051/track.npy,gtzan,1.0,0.9701247038422259,0.9701247038422259,0.9701247038422259,1.0,1.0,1.0,1.0,1.0,0.9797112527681239,0.9797112527681239,0.9797112527681239,1.0,1.0,1.0,1.0,45.0,0.0,0.0,0.05884050002293278,11.0,0.0,0.0,0.007326040092073205,0.0
gtzan/gtzan_rock_00052/track.npy,gtzan,1.0,0.9254968140112096,0.9254968140112096,0.9254968140112096,1.0,1.0,1.0,1.0,1.0,0.8584504410990655,0.8584504410990655,0.8584504410990655,1.0,1.0,1.0,1.0,49.0,0.0,0.0,0.06453852113757264,13.0,0.0,0.0,0.029297082133026398,0.0
gtzan/gtzan_rock_00053/track.npy,gtzan,1.0,0.9457538894841868,0.9457538894841868,0.9457538894841868,1.0,1.0,1.0,1.0,1.0,0.923493508397797,0.923493508397797,0.923493508397797,1.0,1.0,1.0,1.0,60.0,0.0,0.0,0.0800427076735365,15.0,0.0,0.0,0.020000666706669824,0.0
gtzan/gtzan_rock_00054/track.npy,gtzan,0.7912087912087912,0.5871369207154062,0.5871369207154062,0.5871369207154062,0.9565217391304348,0.9565217391304348,0.9565217391304348,0.9565217391304348,0.75,0.5742039979820285,0.5742039979820285,0.5742039979820285,1.0,1.0,1.0,1.0,55.0,0.0,0.0,0.08517786101621212,14.0,0.0,0.0,0.07977485197665438,0.0
gtzan/gtzan_rock_00055/track.npy,gtzan,0.9818181818181818,0.929722125356639,0.929722125356639,0.929722125356639,0.9818181818181818,0.9818181818181818,0.9818181818181818,0.9818181818181818,1.0,0.959818169357404,0.959818169357404,0.959818169357404,1.0,1.0,1.0,1.0,66.0,0.0,0.0,0.08062743482680822,16.0,0.0,0.0,0.010810916104217288,0.0
gtzan/gtzan_rock_00056/track.npy,gtzan,1.0,0.8388084977974305,0.8388084977974305,0.8388084977974305,1.0,1.0,1.0,1.0,1.0,0.833560138382631,0.833560138382631,0.833560138382631,1.0,1.0,1.0,1.0,69.0,0.0,0.0,0.09097177820573162,17.0,0.0,0.0,0.045985113241823715,0.0
gtzan/gtzan_rock_00057/track.npy,gtzan,1.0,0.9753790511358171,0.9753790511358171,0.9753790511358171,1.0,1.0,1.0,1.0,1.0,0.9761266523976675,0.9761266523976675,0.9761266523976675,1.0,1.0,1.0,1.0,63.0,0.0,0.0,0.04255961441879497,16.0,0.0,0.0,0.020834086902843385,0.0
gtzan/gtzan_rock_00058/track.npy,gtzan,0.9166666666666666,0.6163808272166785,0.6163808272166785,0.6163808272166785,1.0,1.0,1.0,1.0,0.9166666666666666,0.5238343439227288,0.5238343439227288,0.5238343439227288,1.0,1.0,1.0,1.0,57.0,0.0,0.0,0.076961041136131,14.0,0.0,0.0,0.019130620101431184,0.0
gtzan/gtzan_rock_00059/track.npy,gtzan,0.6666666666666666,0.6154987148300671,0.9232480722451006,0.7693733935375839,0.0,0.0,1.0,1.0,0.6666666666666666,0.6222168129272888,0.9333252193909332,0.7777710161591109,0.0,0.0,1.0,1.0,29.0,0.0,0.0,0.09716374845364742,10.0,0.0,0.0,0.012874454093510356,0.0
gtzan/gtzan_rock_00060/track.npy,gtzan,1.0,0.8547578737946024,0.8547578737946024,0.8547578737946024,0.581081081081081,0.9594594594594594,0.581081081081081,0.9594594594594594,1.0,0.8142823499440638,0.8142823499440638,0.8142823499440638,1.0,1.0,1.0,1.0,88.0,0.0,0.0,0.11778303565638115,22.0,0.0,0.0,0.07637297878457236,0.0
gtzan/gtzan_rock_00061/track.npy,gtzan,0.6753246753246753,0.6501489347973618,0.9627205380653242,0.806434736431343,0.0,0.0,1.0,1.0,0.0,1.0691289849618615e-34,5.174324212197839e-30,2.5872155625481674e-30,0.0,0.0,1.0,1.0,31.0,0.0,0.0,0.04082199452025609,8.0,0.0,0.0,0.01398869696409627,0.0
gtzan/gtzan_rock_00062/track.npy,gtzan,1.0,0.894230455103554,0.894230455103554,0.894230455103554,1.0,1.0,1.0,1.0,1.0,0.8992438628746796,0.8992438628746796,0.8992438628746796,1.0,1.0,1.0,1.0,62.0,0.0,0.0,0.08338160893904585,16.0,0.0,0.0,0.020619287202736092,0.0
gtzan/gtzan_rock_00063/track.npy,gtzan,1.0,0.9133387408308116,0.9133387408308116,0.9133387408308116,1.0,1.0,1.0,1.0,1.0,0.8732797625635856,0.8732797625635856,0.8732797625635856,1.0,1.0,1.0,1.0,63.0,0.0,0.0,0.08338160893905311,15.0,0.0,0.0,0.035893813128799364,0.0
gtzan/gtzan_rock_00064/track.npy,gtzan,0.9218749999999999,0.8316660045514721,0.8316660045514721,0.8316660045514721,0.6153846153846154,0.8923076923076924,0.6153846153846154,0.8923076923076924,0.20689655172413793,0.19192881504280815,0.19192881504280815,0.19192881504280815,0.0,0.0,0.0,0.0,78.0,0.0,0.0,0.11286498524676886,19.0,0.0,0.0,0.09382160158501161,0.0
gtzan/gtzan_rock_00065/track.npy,gtzan,0.8799999999999999,0.8527444986521424,0.8527444986521424,0.8527444986521424,0.38461538461538464,0.7692307692307693,0.38461538461538464,0.7692307692307693,0.4615384615384615,0.4465319782765796,0.5139236292851103,0.48022780378084495,0.2857142857142857,0.2857142857142857,0.5,0.5,29.0,0.0,0.0,0.26461482722235796,7.0,0.0,0.0,0.2993921306554891,0.0
gtzan/gtzan_rock_00066/track.npy,gtzan,1.0,0.8551900885161894,0.8551900885161894,0.8551900885161894,1.0,1.0,1.0,1.0,0.0,1.4846465471086757e-304,0.8343932943261786,0.4171966471630893,0.0,0.0,0.875,0.875,38.0,0.0,0.0,0.05163090416201752,9.0,0.0,0.0,0.023251886376107818,0.0
gtzan/gtzan_rock_00067/track.npy,gtzan,0.875,0.8283059115657082,0.8283059115657082,0.8283059115657082,0.6818181818181818,0.6818181818181818,0.6818181818181818,0.6818181818181818,0.09999999999999999,0.082257756239866,0.687855839209645,0.3850567977247555,0.0,0.0,0.6,0.6,39.0,0.0,0.0,0.19028502725065005,10.0,0.0,0.0,0.5977683283316423,0.0
gtzan/gtzan_rock_00068/track.npy,gtzan,1.0,0.94067232067585,0.94067232067585,0.94067232067585,1.0,1.0,1.0,1.0,0.4666666666666667,0.4326151214056858,0.4326151214056858,0.4326151214056858,0.17647058823529413,0.17647058823529413,0.17647058823529413,0.17647058823529413,63.0,0.0,0.0,0.04652001563490016,15.0,0.0,0.0,0.06817259025497523,0.0
gtzan/gtzan_rock_00069/track.npy,gtzan,1.0,0.9021290093404809,0.9021290093404809,0.9021290093404809,1.0,1.0,1.0,1.0,1.0,0.9023113499807712,0.9023113499807712,0.9023113499807712,1.0,1.0,1.0,1.0,85.0,0.0,0.0,0.11122563511022629,29.0,0.0,0.0,0.05177710363394736,0.0
gtzan/gtzan_rock_00070/track.npy,gtzan,1.0,0.9116771904159201,0.9116771904159201,0.9116771904159201,1.0,1.0,1.0,1.0,0.28571428571428575,0.2286548530524571,0.3201167942734399,0.2743858236629485,0.0,0.0,0.0,0.0,85.0,0.0,0.0,0.11712729560176613,22.0,0.0,0.0,0.04387148396394552,0.0
gtzan/gtzan_rock_00071/track.npy,gtzan,1.0,0.9793636271894964,0.9793636271894964,0.9793636271894964,1.0,1.0,1.0,1.0,1.0,0.9803069330578597,0.9803069330578597,0.9803069330578597,1.0,1.0,1.0,1.0,56.0,0.0,0.0,0.03774032798285071,14.0,0.0,0.0,0.018692133012152667,0.0
gtzan/gtzan_rock_00072/track.npy,gtzan,0.988235294117647,0.952739641705147,0.952739641705147,0.952739641705147,0.9767441860465116,0.9767441860465116,0.9767441860465116,0.9767441860465116,1.0,0.9595774836150975,0.9595774836150975,0.9595774836150975,1.0,1.0,1.0,1.0,51.0,0.0,0.0,0.0554322508166763,13.0,0.0,0.0,0.008658062743115202,0.0
gtzan/gtzan_rock_00073/track.npy,gtzan,1.0,0.9765920906070114,0.9765920906070114,0.9765920906070114,1.0,1.0,1.0,1.0,1.0,0.9661652511358316,0.9661652511358316,0.9661652511358316,1.0,1.0,1.0,1.0,47.0,0.0,0.0,0.03174869831457955,12.0,0.0,0.0,0.00784317746102714,0.0
gtzan/gtzan_rock_00074/track.npy,gtzan,1.0,0.9602743722790859,0.9602743722790859,0.9602743722790859,1.0,1.0,1.0,1.0,1.0,0.9727052971811353,0.9727052971811353,0.9727052971811353,1.0,1.0,1.0,1.0,56.0,0.0,0.0,0.07410797215372095,14.0,0.0,0.0,0.0186921330121534,0.0
gtzan/gtzan_rock_00075/track.npy,gtzan,1.0,0.9739188260155622,0.9739188260155622,0.9739188260155622,1.0,1.0,1.0,1.0,1.0,0.9607967897625537,0.9607967897625537,0.9607967897625537,1.0,1.0,1.0,1.0,60.0,0.0,0.0,0.08004270767353498,15.0,0.0,0.0,0.02000066670666929,0.0
gtzan/gtzan_rock_00076/track.npy,gtzan,1.0,0.9722975223769195,0.9722975223769195,0.9722975223769195,1.0,1.0,1.0,1.0,1.0,0.9690040114524974,0.9690040114524974,0.9690040114524974,1.0,1.0,1.0,1.0,48.0,0.0,0.0,0.031748698314584545,12.0,0.0,0.0,0.012414665004312722,0.0
gtzan/gtzan_rock_00077/track.npy,gtzan,0.9662921348314608,0.93722602637437,0.93722602637437,0.93722602637437,0.9555555555555556,0.9555555555555556,0.9555555555555556,0.9555555555555556,1.0,0.9773912614084328,0.9773912614084328,0.9773912614084328,1.0,1.0,1.0,1.0,53.0,0.0,0.0,0.07145896398214668,13.0,0.0,0.0,0.017857617400007075,0.0
gtzan/gtzan_rock_00078/track.npy,gtzan,1.0,0.9733263244952085,0.9733263244952085,0.9733263244952085,1.0,1.0,1.0,1.0,1.0,0.9788657262600235,0.9788657262600235,0.9788657262600235,1.0,1.0,1.0,1.0,49.0,0.0,0.0,0.032789822822996084,13.0,0.0,0.0,0.008163310639161092,0.0
gtzan/gtzan_rock_00079/track.npy,gtzan,1.0,0.9786504127195286,0.9786504127195286,0.9786504127195286,1.0,1.0,1.0,1.0,1.0,0.9571571740715658,0.9571571740715658,0.9571571740715658,1.0,1.0,1.0,1.0,63.0,0.0,0.0,0.042559614418795966,16.0,0.0,0.0,0.01409827532973453,0.0
gtzan/gtzan_rock_00080/track.npy,gtzan,1.0,0.9763268940117509,0.9763268940117509,0.9763268940117509,1.0,1.0,1.0,1.0,1.0,0.9835753217936841,0.9835753217936841,0.9835753217936841,1.0,1.0,1.0,1.0,59.0,0.0,0.0,0.039220713153287345,15.0,0.0,0.0,0.009852296443012198,0.0
gtzan/gtzan_rock_00081/track.npy,gtzan,1.0,0.9551708792154885,0.9551708792154885,0.9551708792154885,1.0,1.0,1.0,1.0,1.0,0.9692619527946321,0.9692619527946321,0.9692619527946321,1.0,1.0,1.0,1.0,60.0,0.0,0.0,0.08004270767353498,15.0,0.0,0.0,0.029852963149681222,0.0
gtzan/gtzan_rock_00082/track.npy,gtzan,1.0,0.9310045789602126,0.9310045789602126,0.9310045789602126,1.0,1.0,1.0,1.0,1.0,0.9507487655709251,0.9507487655709251,0.9507487655709251,1.0,1.0,1.0,1.0,50.0,0.0,0.0,0.06453852113757354,13.0,0.0,0.0,0.016427961614765896,0.0
gtzan/gtzan_rock_00083/track.npy,gtzan,1.0,0.9272323589821777,0.9272323589821777,0.9272323589821777,1.0,1.0,1.0,1.0,1.0,0.9320496229277672,0.9320496229277672,0.9320496229277672,1.0,1.0,1.0,1.0,61.0,0.0,0.0,0.08004270767353472,15.0,0.0,0.0,0.014172505805419185,0.0
gtzan/gtzan_rock_00084/track.npy,gtzan,1.0,0.9620635831085173,0.9620635831085173,0.9620635831085173,1.0,1.0,1.0,1.0,1.0,0.9540090601800916,0.9540090601800916,0.9540090601800916,1.0,1.0,1.0,1.0,65.0,0.0,0.0,0.0870113769896318,17.0,0.0,0.0,0.021506205220964324,0.0
gtzan/gtzan_rock_00085/track.npy,gtzan,1.0,0.9028943893351032,0.9028943893351032,0.9028943893351032,1.0,1.0,1.0,1.0,1.0,0.9057316843390457,0.9057316843390457,0.9057316843390457,1.0,1.0,1.0,1.0,49.0,0.0,0.0,0.0645385211375722,13.0,0.0,0.0,0.016260520871779927,0.0
gtzan/gtzan_rock_00086/track.npy,gtzan,0.9464285714285715,0.8608262664800399,0.8608262664800399,0.8608262664800399,0.5263157894736842,0.8947368421052632,0.5263157894736842,0.8947368421052632,0.3703703703703704,0.34612544508134857,0.5911640177656862,0.46864473142351737,0.35714285714285715,0.35714285714285715,0.42857142857142855,0.42857142857142855,68.0,0.0,0.0,0.1335313926245194,17.0,0.0,0.0,0.2800317230792482,0.0
gtzan/gtzan_rock_00087/track.npy,gtzan,0.9908256880733944,0.9109131584919692,0.9109131584919692,0.9109131584919692,0.9818181818181818,0.9818181818181818,0.9818181818181818,0.9818181818181818,0.962962962962963,0.8828478111366939,0.8828478111366939,0.8828478111366939,0.9285714285714286,0.9285714285714286,0.9285714285714286,0.9285714285714286,65.0,0.0,0.0,0.08701137698962402,16.0,0.0,0.0,0.03291665739585888,0.0
gtzan/gtzan_rock_00088/track.npy,gtzan,1.0,0.9161375335468025,0.9161375335468025,0.9161375335468025,1.0,1.0,1.0,1.0,1.0,0.9332930660055638,0.9332930660055638,0.9332930660055638,1.0,1.0,1.0,1.0,46.0,0.0,0.0,0.056293233291155514,11.0,0.0,0.0,0.01533794015600276,0.0
gtzan/gtzan_rock_00089/track.npy,gtzan,1.0,0.9652714412336969,0.9652714412336969,0.9652714412336969,1.0,1.0,1.0,1.0,1.0,0.9599255731737479,0.9599255731737479,0.9599255731737479,1.0,1.0,1.0,1.0,54.0,0.0,0.0,0.03636764417088045,13.0,0.0,0.0,0.018265728875695164,0.0
gtzan/gtzan_rock_00090/track.npy,gtzan,0.99009900990099,0.8291127931930418,0.8291127931930418,0.8291127931930418,0.9803921568627451,0.9803921568627451,0.9803921568627451,0.9803921568627451,1.0,0.8263633818428714,0.8263633818428714,0.8263633818428714,1.0,1.0,1.0,1.0,61.0,0.0,0.0,0.08338160893904922,16.0,0.0,0.0,0.024035847093648158,0.0
gtzan/gtzan_rock_00091/track.npy,gtzan,0.9166666666666666,0.556288252519519,0.556288252519519,0.556288252519519,0.5166666666666667,0.9333333333333333,0.5166666666666667,0.9333333333333333,0.9333333333333333,0.5906803272000085,0.5906803272000085,0.5906803272000085,1.0,1.0,1.0,1.0,72.0,0.0,0.0,0.09531017980432499,18.0,0.0,0.0,0.01493480545846776,0.0
gtzan/gtzan_rock_00092/track.npy,gtzan,1.0,0.9222028236093194,0.9222028236093194,0.9222028236093194,1.0,1.0,1.0,1.0,1.0,0.9386048072104181,0.9386048072104181,0.9386048072104181,1.0,1.0,1.0,1.0,66.0,0.0,0.0,0.08701137698962988,16.0,0.0,0.0,0.021978906718775483,0.0
gtzan/gtzan_rock_00093/track.npy,gtzan,0.9885057471264368,0.9000124074968361,0.9000124074968361,0.9000124074968361,0.9772727272727273,0.9772727272727273,0.9772727272727273,0.9772727272727273,1.0,0.9395208119609152,0.9395208119609152,0.9395208119609152,1.0,1.0,1.0,1.0,52.0,0.0,0.0,0.06899287148695264,13.0,0.0,0.0,0.017391742711869385,0.0
gtzan/gtzan_rock_00094/track.npy,gtzan,0.5652173913043478,0.5124251917496949,0.5732587856909285,0.5428419887203118,0.5652173913043478,0.5652173913043478,0.5652173913043478,0.5652173913043478,0.0,9.694543030948037e-79,0.47361463894148775,0.23680731947074388,0.0,0.0,1.0,1.0,56.0,0.0,0.0,0.07410797215371706,14.0,0.0,0.0,0.06657027598389298,0.0
gtzan/gtzan_rock_00095/track.npy,gtzan,0.5411764705882354,0.5204351567063623,0.5993116648795461,0.5598734107929542,0.5116279069767442,0.5116279069767442,0.5116279069767442,0.5116279069767442,0.5714285714285713,0.5480914989003929,0.5480914989003929,0.5480914989003929,0.9090909090909091,0.9090909090909091,0.9090909090909091,0.9090909090909091,51.0,0.0,0.0,0.06899287148694751,13.0,0.0,0.0,0.008583743691392809,0.0
gtzan/gtzan_rock_00096/track.npy,gtzan,1.0,0.8813619536896738,0.8813619536896738,0.8813619536896738,1.0,1.0,1.0,1.0,1.0,0.8786388830625325,0.8786388830625325,0.8786388830625325,1.0,1.0,1.0,1.0,58.0,0.0,0.0,0.07696104113612715,14.0,0.0,0.0,0.01969584154688816,0.0
gtzan/gtzan_rock_00097/track.npy,gtzan,1.0,0.9414870368240104,0.9414870368240104,0.9414870368240104,1.0,1.0,1.0,1.0,1.0,0.9415184796033798,0.9415184796033798,0.9415184796033798,1.0,1.0,1.0,1.0,64.0,0.0,0.0,0.04255961441880263,16.0,0.0,0.0,0.025209943486651645,0.0
gtzan/gtzan_rock_00098/track.npy,gtzan,1.0,0.8547703096510596,0.8547703096510596,0.8547703096510596,1.0,1.0,1.0,1.0,1.0,0.8757359441931714,0.8757359441931714,0.8757359441931714,1.0,1.0,1.0,1.0,55.0,0.0,0.0,0.07410797215371892,14.0,0.0,0.0,0.04944266828616091,0.0
gtzan/gtzan_rock_00099/track.npy,gtzan,0.5599999999999999,0.45429642268255144,0.5138849005911479,0.48409066163684966,0.27450980392156865,0.5098039215686274,0.36,0.5098039215686274,0.24000000000000002,0.2029439050675492,0.31947343289273533,0.2612086689801423,0.6153846153846154,0.6153846153846154,0.6153846153846154,0.6153846153846154,60.0,0.0,0.0,0.08338160893905197,15.0,0.0,0.0,0.2973626252275456,0.0
