piece,dataset,beat_fmeasure,beat_cemgil,beat_cemgil_max,beat_cemgil_bt_legacy,beat_cmlc,beat_cmlt,beat_amlc,beat_amlt,downbeat_fmeasure,downbeat_cemgil,downbeat_cemgil_max,downbeat_cemgil_bt_legacy,downbeat_cmlc,downbeat_cmlt,downbeat_amlc,downbeat_amlt,beat_diag_count,beat_diag_ibi_lt_140ms,beat_diag_ibi_lt_200ms,beat_diag_log_ibi_jump_p95,downbeat_diag_count,downbeat_diag_ibi_lt_140ms,downbeat_diag_ibi_lt_200ms,downbeat_diag_log_ibi_jump_p95,downbeats_off_beat
asap/Bach_Fugue_bwv_873_Lisiecki13M/track.npy,asap,0.8468468468468469,0.7154680860684255,0.7154680860684255,0.7154680860684255,0.22996515679442509,0.8083623693379791,0.22996515679442509,0.8083623693379791,0.24539877300613494,0.21405727748849074,0.2978156046441,0.2559364410662954,0.010416666666666666,0.020833333333333332,0.010416666666666666,0.020833333333333332,300.0,0.0,0.0,0.10536051565782412,100.0,0.0,0.0,0.06687388593600088,0.0
asap/Bach_Fugue_bwv_874_BianF01/track.npy,asap,0.05687203791469194,0.03275937838041417,0.03275937838041417,0.03275937838041417,0.11403508771929824,0.22807017543859648,0.11403508771929824,0.22807017543859648,0.0,0.0037035642171156474,0.00440314601021527,0.004053355113665459,0.0625,0.125,0.0625,0.125,117.0,0.0,0.0,0.18758620193348682,39.0,0.0,0.0,0.20362010374473533,0.0
asap/Bach_Fugue_bwv_874_Kurz01M/track.npy,asap,0.386317907444668,0.35004978808950654,0.5817543330958971,0.4659020605927018,0.0,0.0,0.0,0.0,0.6486486486486487,0.5764626965284062,0.8327307407275131,0.7045967186279596,0.0,0.0,0.95,0.95,412.0,0.0,0.0,0.09531017980441216,103.0,0.0,0.0,0.04652001563489283,0.0
asap/Bach_Fugue_bwv_874_WongWY01M/track.npy,asap,0.356,0.323712801670314,0.5279513048745291,0.4258320532724216,0.0,0.0,0.0,0.0,0.4295302013422819,0.3965741151506943,0.5723599966041637,0.484467055877429,0.0,0.0,0.49504950495049505,0.6732673267326733,414.0,0.0,0.0,0.08701137698964323,104.0,0.0,0.0,0.12683405846581006,0.0
asap/Bach_Fugue_bwv_875_Ahfat01M/track.npy,asap,0.38709677419354843,0.3229305634090559,0.5701109090586196,0.44652073623383776,0.0,0.0,0.3445378151260504,0.5630252100840336,0.0761904761904762,0.06822242555265008,0.12248500034377191,0.09535371294821099,0.0,0.0,0.012658227848101266,0.012658227848101266,246.0,0.0,0.0,0.10536051565784188,82.0,0.0,0.0,0.10099288270032096,0.0
asap/Bach_Fugue_bwv_875_CaoJ01M/track.npy,asap,0.620253164556962,0.5655311798956855,0.8472265019496934,0.7063788409226894,0.0,0.0,0.7009345794392523,0.9112149532710281,0.16666666666666666,0.1478873584258058,0.21778048962647897,0.1828339240261424,0.0,0.0,0.0,0.0,223.0,0.0,0.0,0.07696104113613988,74.0,0.0,0.0,0.05908184380625231,0.0
asap/Bach_Fugue_bwv_883_GuoE01M/track.npy,asap,0.630695443645084,0.5761036759418279,0.8666006764461337,0.7213521761939807,0.0,0.0,0.4679715302491103,0.9377224199288257,0.0,4.158874813091034e-89,4.96688477677729e-89,4.5628797949341626e-89,0.0,0.0,0.0,0.0,573.0,0.0,0.0,0.08701137698961359,144.0,0.0,0.0,0.05182506786459708,0.0
asap/Bach_Fugue_bwv_883_Herbert02/track.npy,asap,0.0036429872495446266,0.00929251686861748,0.009476214036884038,0.00938436545275076,0.02888086642599278,0.2490974729241877,0.02888086642599278,0.2490974729241877,0.0,0.002248119745494716,0.0029566396896969294,0.0026023797175958228,0.0,0.0,0.0,0.0,282.0,0.0,0.0,0.09816722531773249,94.0,0.0,0.0,0.050978774179444034,0.0
asap/Bach_Fugue_bwv_883_KaiRuiR03/track.npy,asap,0.007246376811594202,0.0036915370559021596,0.27525531114039614,0.13947342409814914,0.014285714285714285,0.02142857142857143,0.4642857142857143,0.6035714285714285,0.0,3.1802522953542496e-67,3.972957853234898e-08,1.986478926617449e-08,0.0,0.0,0.5,0.7285714285714285,288.0,0.0,0.0,0.07145896398218121,72.0,0.0,0.0,0.0362201757114184,0.0
asap/Bach_Fugue_bwv_883_Khmara04/track.npy,asap,0.004784688995215311,0.006499693202823198,0.007559070031295433,0.0070293816170593154,0.0,0.0,0.008880994671403197,0.010657193605683837,0.009569377990430622,0.009217452323274651,0.01100827161166358,0.010112861967469116,0.0,0.0,0.10638297872340426,0.15602836879432624,573.0,0.0,0.0,0.09097177820577373,144.0,0.0,0.0,0.055880458394469534,0.0
asap/Bach_Fugue_bwv_883_LuM01M/track.npy,asap,0.9477477477477477,0.8419834016898177,0.8419834016898177,0.8419834016898177,0.9330985915492958,0.9330985915492958,0.9330985915492958,0.9330985915492958,0.26993865030674846,0.24477479633772914,0.3523822302007373,0.29857851326923324,0.0,0.0,0.0,0.0,291.0,0.0,0.0,0.09237332013103408,97.0,0.0,0.0,0.08465394365706773,0.0
asap/Bach_Fugue_bwv_885_Guo01M/track.npy,asap,0.9170124481327799,0.8246131260550115,0.8246131260550115,0.8246131260550115,0.7892561983471075,0.8801652892561983,0.7892561983471075,0.8801652892561983,0.07453416149068322,0.06636459245137373,0.06636459245137373,0.06636459245137373,0.06172839506172839,0.07407407407407407,0.225,0.7375,247.0,0.0,0.0,0.08716653034789765,83.0,0.0,0.0,0.06899287148695421,0.0
asap/Bach_Fugue_bwv_885_Huang04M/track.npy,asap,0.9437751004016064,0.8552656580911433,0.8552656580911433,0.8552656580911433,0.8274509803921568,0.9137254901960784,0.8274509803921568,0.9137254901960784,0.9036144578313252,0.822407498443139,0.822407498443139,0.822407498443139,0.8352941176470589,0.8705882352941177,0.8352941176470589,0.8705882352941177,261.0,0.0,0.0,0.09869598107152852,87.0,0.0,0.0,0.05578337017091312,0.0
asap/Bach_Fugue_bwv_885_JeonH01M/track.npy,asap,0.9282700421940929,0.7962286504178924,0.7962286504178924,0.7962286504178924,0.7842323651452282,0.8838174273858921,0.7842323651452282,0.8838174273858921,0.10062893081761007,0.0779139387727042,0.0779139387727042,0.0779139387727042,0.08641975308641975,0.08641975308641975,0.325,0.7125,241.0,0.0,0.0,0.07145896398214699,81.0,0.0,0.0,0.05874403685799824,0.0
asap/Bach_Fugue_bwv_885_SINKEV06/track.npy,asap,0.22088353413654616,0.13552772476074706,0.13552772476074706,0.13552772476074706,0.054474708171206226,0.48638132295719844,0.054474708171206226,0.48638132295719844,0.012048192771084336,0.007490497609727666,0.011451601801469256,0.00947104970559846,0.023529411764705882,0.03529411764705882,0.08235294117647059,0.08235294117647059,267.0,0.0,0.0,0.08500130981891868,89.0,0.0,0.0,0.0938713281252694,0.0
asap/Bach_Prelude_bwv_857_Bult-ItoS02M/track.npy,asap,0.10285714285714286,0.07787882058911225,0.4502409935775974,0.2640599070833548,0.0,0.0,0.22340425531914893,0.5212765957446809,0.07692307692307691,0.08142522426191892,0.09330071318711684,0.08736296872451788,0.0,0.0,0.12195121951219512,0.12195121951219512,99.0,0.0,0.0,0.11948517358997311,33.0,0.0,0.0,0.1460054623652628,0.0
asap/Bach_Prelude_bwv_857_Lan01M/track.npy,asap,0.6294820717131474,0.5723378323315741,0.8785076259336292,0.7254227291326016,0.0,0.0,0.9294117647058824,0.9294117647058824,0.625,0.5541149893941111,0.748308613701569,0.6512118015478401,0.0,0.0,0.9069767441860465,0.9069767441860465,178.0,0.0,0.0,0.09237332013104077,45.0,0.0,0.0,0.06252035698133274,0.0
asap/Bach_Prelude_bwv_857_Lisiecki04M/track.npy,asap,0.15686274509803919,0.1380461043192494,0.4252897462372248,0.28166792527823714,0.012195121951219513,0.012195121951219513,0.2839506172839506,0.41975308641975306,0.15384615384615383,0.12980734541980873,0.15976187402210498,0.14478460972095686,0.38095238095238093,0.38095238095238093,0.38095238095238093,0.38095238095238093,75.0,0.0,0.0,0.12719893285289183,19.0,0.0,0.0,0.1989605551115794,0.0
asap/Bach_Prelude_bwv_857_ToA01M/track.npy,asap,0.5217391304347826,0.47603389441941096,0.6826793367556065,0.5793566155875087,0.0,0.0,0.34502923976608185,0.8187134502923976,0.53125,0.4842474146625077,0.5735955493292493,0.5289214819958785,0.0,0.0,0.813953488372093,0.813953488372093,178.0,0.0,0.0,0.09763846956391387,45.0,0.0,0.0,0.10291649152029939,0.0
asap/Bach_Prelude_bwv_857_WangA01M/track.npy,asap,0.5049180327868853,0.44017699656133397,0.6923254503031928,0.5662512234322634,0.0,0.0,0.5067264573991032,0.5067264573991032,0.4675324675324676,0.3995453840516666,0.6154347447606874,0.507490064406177,0.0,0.0,0.5178571428571429,0.5178571428571429,230.0,0.0,0.0,0.10536051565784188,58.0,0.0,0.0,0.08047941858538428,0.0
asap/Bach_Prelude_bwv_857_YuP01M/track.npy,asap,0.552,0.4780402508156929,0.7026060790388696,0.5903231649272813,0.0,0.0,0.6863905325443787,0.8165680473372781,0.5079365079365079,0.45687247800460834,0.580419961651529,0.5186462198280687,0.0,0.0,0.9047619047619048,0.9047619047619048,177.0,0.0,0.0,0.10104023121635572,44.0,0.0,0.0,0.08509411682306163,0.0
asap/Bach_Prelude_bwv_864_SunD01M/track.npy,asap,0.9392265193370166,0.8738734322262496,0.8738734322262496,0.8738734322262496,0.9139784946236559,0.9139784946236559,0.9139784946236559,0.9139784946236559,0.0,8.345756446922244e-125,0.8633638497943789,0.43168192489718943,0.0,0.0,0.9130434782608695,0.9130434782608695,101.0,0.0,0.0,0.08961215868968014,25.0,0.0,0.0,0.02999344462255017,0.0
asap/Bach_Prelude_bwv_865_Rizikov01M/track.npy,asap,0.35820895522388063,0.3099008100909884,0.3106156474236355,0.31025822875731196,0.0,0.0,0.0,0.0,0.17647058823529413,0.15258060482957267,0.1569748882381316,0.15477774653385212,0.0,0.0,0.0392156862745098,0.0392156862745098,136.0,0.0,0.0,0.09249021876524506,46.0,0.0,0.0,0.06118777774193259,0.0
asap/Bach_Prelude_bwv_865_Teo01M/track.npy,asap,0.35000000000000003,0.26674373985294075,0.2745507001485843,0.2706472200007625,0.0,0.0,0.0,0.0,0.14035087719298245,0.10612370027689712,0.10612370027689712,0.10612370027689712,0.09375,0.28125,0.125,0.28125,137.0,0.0,0.0,0.09531017980432491,35.0,0.0,0.0,0.04673901372412905,0.0
asap/Bach_Prelude_bwv_865_ZhangE01M/track.npy,asap,0.3877551020408163,0.33454119418875905,0.408918985301777,0.371730089745268,0.0,0.0,0.013245033112582781,0.013245033112582781,0.3636363636363637,0.2879400955451545,0.3585669114335886,0.32325350348937154,0.0,0.0,0.0,0.0,130.0,0.0,0.0,0.08701137698962819,44.0,0.0,0.0,0.04196419909903351,0.0
asap/Bach_Prelude_bwv_867_HuNY01M/track.npy,asap,0.36401673640167365,0.31942336226542606,0.5254067243947582,0.42241504333009217,0.0,0.0,0.0,0.0,0.3361344537815126,0.2946758030985312,0.3480368429573075,0.3213563230279194,0.0,0.0,0.0,0.0,397.0,0.0,0.0,0.10008345855697481,99.0,0.0,0.0,0.07264450390879376,0.0
asap/Bach_Prelude_bwv_867_Sham01M/track.npy,asap,0.34947368421052627,0.29342428392903447,0.4852195550077523,0.3893219194683934,0.0,0.0,0.0,0.0,0.319327731092437,0.2832444340632911,0.37979980018180837,0.33152211712254975,0.0,0.0,0.0,0.0,395.0,0.0,0.0,0.09531017980434109,99.0,0.0,0.0,0.07762190334353482,0.0
asap/Bach_Prelude_bwv_875_Ahfat01M/track.npy,asap,0.6902173913043479,0.5765087899465221,0.5765087899465221,0.5765087899465221,0.4416243654822335,0.5888324873096447,0.4416243654822335,0.5888324873096447,0.5203252032520325,0.45601393430949333,0.45601393430949333,0.45601393430949333,0.5,0.5151515151515151,0.5,0.5151515151515151,208.0,0.0,0.0,0.10536051565784188,70.0,0.0,0.0,0.056335851769215975,0.0
asap/Bach_Prelude_bwv_875_CaoJ01M/track.npy,asap,0.7005347593582887,0.5912922578210393,0.5912922578210393,0.5912922578210393,0.5,0.5148514851485149,0.5,0.5148514851485149,0.5714285714285715,0.5024390703391889,0.5024390703391889,0.5024390703391889,0.5147058823529411,0.5147058823529411,0.5147058823529411,0.5147058823529411,213.0,0.0,0.0,0.1112256351102816,71.0,0.0,0.0,0.060679458336974856,0.0
asap/Bach_Prelude_bwv_875_HONG04M/track.npy,asap,0.5564304461942258,0.44253253046325886,0.44253253046325886,0.44253253046325886,0.291866028708134,0.3253588516746411,0.291866028708134,0.3253588516746411,0.078125,0.06417337172398636,0.11302823283336626,0.08860080227867631,0.0,0.0,0.15714285714285714,0.34285714285714286,220.0,0.0,0.0,0.11778303565640336,74.0,0.0,0.0,0.05892155508391776,0.0
asap/Balakirev_Islamey_CHEN10M/track.npy,asap,0.5591689250225835,0.4189236446439348,0.4189236446439348,0.4189236446439348,0.024472573839662448,0.350210970464135,0.024472573839662448,0.350210970464135,0.2639455782312925,0.19701163023495943,0.19701163023495943,0.19701163023495943,0.027848101265822784,0.1670886075949367,0.027848101265822784,0.1670886075949367,1199.0,0.0,0.0,0.11778303565644266,400.0,0.0,0.0,0.1076839333844508,0.0
asap/Balakirev_Islamey_Na08M/track.npy,asap,0.5428571428571428,0.4111589888234275,0.4111589888234275,0.4111589888234275,0.03583916083916084,0.3339160839160839,0.03583916083916084,0.3339160839160839,0.24687933425797504,0.1867632810707307,0.20096633427330088,0.1938648076720158,0.031413612565445025,0.14397905759162305,0.031413612565445025,0.14397905759162305,1159.0,0.0,0.0,0.11778303565644266,387.0,0.0,0.0,0.08952315299335376,0.0
asap/Balakirev_Islamey_Yi04M/track.npy,asap,0.5093833780160858,0.39339322764583406,0.39339322764583406,0.39339322764583406,0.02899751449875725,0.31897265948632975,0.02899751449875725,0.31897265948632975,0.3310901749663526,0.27332187892859866,0.27332187892859866,0.27332187892859866,0.04466501240694789,0.22580645161290322,0.04466501240694789,0.22580645161290322,1216.0,0.0,0.0,0.11778303565610715,406.0,0.0,0.0,0.0898723235170006,0.0
asap/Beethoven_Piano_Sonatas_24-2_Lisiecki05M/track.npy,asap,0.22462203023758096,0.1680869125010885,0.17064680300557478,0.16936685775333166,0.0028328611898017,0.0028328611898017,0.005681818181818182,0.005681818181818182,0.1869158878504673,0.16387014073532555,0.16757342973083808,0.16572178523308181,0.0,0.0,0.0,0.0,114.0,0.0,0.0,0.11237652333289581,38.0,0.0,0.0,0.12298245481358738,0.0
asap/Beethoven_Piano_Sonatas_4-1_Chon03M/track.npy,asap,0.7321178120617111,0.606378329397748,0.606378329397748,0.606378329397748,0.1020979020979021,0.7006993006993008,0.1020979020979021,0.7006993006993008,0.3177570093457944,0.27494866543171326,0.3535813022298135,0.3142649838307634,0.0,0.0,0.1452513966480447,0.4860335195530726,727.0,0.0,0.0,0.09531017980431941,182.0,0.0,0.0,0.09337819364452567,0.0
asap/Beethoven_Piano_Sonatas_4-1_LeeE02M/track.npy,asap,0.6878531073446329,0.582625990917438,0.582625990917438,0.582625990917438,0.10267229254571027,0.6582278481012658,0.10267229254571027,0.6582278481012658,0.3007518796992481,0.25272088471349496,0.3264276479376456,0.28957426632557026,0.0,0.0,0.11797752808988764,0.550561797752809,717.0,0.0,0.0,0.09097177820571434,179.0,0.0,0.0,0.10763066419235015,0.0
asap/Beethoven_Piano_Sonatas_4-1_LiA04M/track.npy,asap,0.6509635974304069,0.5322534761990019,0.5322534761990019,0.5322534761990019,0.08579465541490858,0.5991561181434599,0.08579465541490858,0.5991561181434599,0.26136363636363635,0.21832462654435586,0.29518074438379843,0.25675268546407715,0.0,0.0,0.1404494382022472,0.43258426966292135,702.0,0.0,0.0,0.09531017980430556,175.0,0.0,0.0,0.11203556114140992,0.0
asap/Beethoven_Piano_Sonatas_4-1_SirajA02M/track.npy,asap,0.5852272727272728,0.4756135642311286,0.4756135642311286,0.4756135642311286,0.0449438202247191,0.5407303370786517,0.0449438202247191,0.5407303370786517,0.27169811320754716,0.2280739266314633,0.28918109974526135,0.2586275131883623,0.0,0.0,0.10674157303370786,0.47752808988764045,708.0,0.0,0.0,0.09531017980430556,177.0,0.0,0.0,0.0924710465074222,0.0
asap/Chopin_Ballades_4_ChenC04M/track.npy,asap,0.2177700348432056,0.17406591203091157,0.1768972351293,0.1754815735801058,0.011976047904191617,0.06287425149700598,0.011976047904191617,0.06287425149700598,0.2203023758099352,0.17812385456827004,0.17812385456827004,0.17812385456827004,0.05416666666666667,0.175,0.05416666666666667,0.175,670.0,0.0,0.0,0.1177830356566203,224.0,0.0,0.0,0.10861282818466605,0.0
asap/Chopin_Ballades_4_Kociuban07M/track.npy,asap,0.25816249050873197,0.19502699485681332,0.19502699485681332,0.19502699485681332,0.005980861244019139,0.05263157894736842,0.011961722488038277,0.07180020811654526,0.21579961464354527,0.1703175041071333,0.1703175041071333,0.1703175041071333,0.017985611510791366,0.05755395683453238,0.033264033264033266,0.12058212058212059,840.0,0.0,0.0,0.1177830356566203,280.0,0.0,0.0,0.11290077065400489,0.0
asap/Chopin_Ballades_4_Levitsky18M/track.npy,asap,0.229126213592233,0.1802277562656038,0.1802277562656038,0.1802277562656038,0.007272727272727273,0.08727272727272728,0.012727272727272728,0.10363636363636364,0.2358490566037736,0.19861935018867546,0.19861935018867546,0.19861935018867546,0.025,0.1,0.02717391304347826,0.10869565217391304,554.0,0.0,0.0,0.12169468491275756,185.0,0.0,0.0,0.14238783588798226,0.0
asap/Chopin_Ballades_4_LuEric04M/track.npy,asap,0.22826908541194257,0.17059451755352412,0.19750664261079026,0.1840505800821572,0.0035587188612099642,0.03202846975088968,0.010676156583629894,0.0711743772241993,0.19193857965451058,0.14461818881276875,0.16491682439938896,0.15476750660607885,0.014234875444839857,0.060498220640569395,0.04384133611691023,0.1524008350730689,846.0,0.0,0.0,0.1177830356566203,282.0,0.0,0.0,0.1387432661577796,0.0
asap/Chopin_Ballades_4_MiyashitaM04M/track.npy,asap,0.2533733133433283,0.19684743624797812,0.200332817708401,0.19859012697818956,0.00936768149882904,0.02459016393442623,0.009384775808133473,0.06047966631908238,0.22857142857142856,0.17618867962631046,0.19497392605781916,0.1855813028420648,0.021052631578947368,0.05263157894736842,0.04801670146137787,0.162839248434238,856.0,0.0,0.0,0.1177830356566203,286.0,0.0,0.0,0.12895696980282662,0.0
asap/Chopin_Ballades_4_Mizumoto02M/track.npy,asap,0.25093914350112695,0.19469186372138456,0.19571739714880895,0.19520463043509675,0.0023501762632197414,0.011750881316098707,0.008342022940563087,0.0667361835245047,0.22944550669216063,0.17364578119305826,0.19263947686962965,0.18314262903134396,0.0176678445229682,0.04946996466431095,0.045936395759717315,0.13569937369519833,854.0,0.0,0.0,0.11778303565644266,284.0,0.0,0.0,0.14645223309010438,0.0
asap/Chopin_Ballades_4_Nikiforov13M/track.npy,asap,0.25705329153605017,0.19706151906681407,0.20847858763894053,0.2027700533528773,0.007537688442211055,0.05527638190954774,0.014598540145985401,0.08029197080291971,0.22178217821782178,0.18395964780841975,0.19242515891848777,0.18819240336345378,0.007547169811320755,0.033962264150943396,0.05219206680584551,0.12317327766179541,799.0,0.0,0.0,0.11778303565647819,266.0,0.0,0.0,0.12852895305669443,0.0
asap/Chopin_Etudes_op_25_11_KimSuyeon03M/track.npy,asap,0.7263294422827498,0.5902349465570278,0.5902349465570278,0.5902349465570278,0.1341772151898734,0.6556962025316456,0.1341772151898734,0.6556962025316456,0.6875000000000001,0.5792067678542271,0.5792067678542271,0.5792067678542271,0.40816326530612246,0.7551020408163265,0.40816326530612246,0.7551020408163265,405.0,0.0,0.0,0.08701137698964323,101.0,0.0,0.0,0.07246838080411148,0.0
asap/Chopin_Etudes_op_25_11_KyykhynenT10M/track.npy,asap,0.4478442280945758,0.35341644376864817,0.35341644376864817,0.35341644376864817,0.007957559681697613,0.023872679045092837,0.17543859649122806,0.26608187134502925,0.31578947368421056,0.27044027779118407,0.3306866632061489,0.3005634704986665,0.06140350877192982,0.06140350877192982,0.24338624338624337,0.2962962962962963,347.0,0.0,0.0,0.11551288712187026,115.0,0.0,0.0,0.0963052051930613,0.0
asap/Chopin_Etudes_op_25_11_Lisiecki07M/track.npy,asap,0.3867595818815331,0.3221459280015793,0.34225270208552805,0.3321993150435537,0.0,0.0,0.12755102040816327,0.42857142857142855,0.11180124223602485,0.0886565925794601,0.09585741975779048,0.09225700616862528,0.0,0.0,0.030303030303030304,0.06060606060606061,199.0,0.0,0.0,0.11333897274064808,67.0,0.0,0.0,0.09605506684836967,0.0
asap/Chopin_Etudes_op_25_11_MiyashitaM03M/track.npy,asap,0.719128329297821,0.6198618810103624,0.6198618810103624,0.6198618810103624,0.1492204899777283,0.5991091314031181,0.1492204899777283,0.5991091314031181,0.6570048309178743,0.5888574651181824,0.5888574651181824,0.5888574651181824,0.4642857142857143,0.6517857142857143,0.4642857142857143,0.6517857142857143,465.0,0.0,0.0,0.11778303565637263,116.0,0.0,0.0,0.09412755508632206,0.0
asap/Chopin_Etudes_op_25_11_Richardson_2013_08M/track.npy,asap,0.775609756097561,0.6346464245890067,0.6346464245890067,0.6346464245890067,0.26410835214446954,0.6636568848758465,0.26410835214446954,0.6636568848758465,0.7902439024390244,0.6382126851048562,0.6382126851048562,0.6382126851048562,0.7909090909090909,0.7909090909090909,0.7909090909090909,0.7909090909090909,458.0,0.0,0.0,0.09097177820577373,114.0,0.0,0.0,0.07129466678700361,0.0
asap/Chopin_Etudes_op_25_11_Richardson_2015_03M/track.npy,asap,0.7076537013801757,0.5915220876145486,0.5915220876145486,0.5915220876145486,0.16904761904761906,0.6095238095238096,0.16904761904761906,0.6095238095238096,0.64,0.5518902321532746,0.5518902321532746,0.5518902321532746,0.38095238095238093,0.6761904761904762,0.38095238095238093,0.6761904761904762,425.0,0.0,0.0,0.11122563511020256,106.0,0.0,0.0,0.10811606758702465,0.0
asap/Chopin_Etudes_op_25_11_Sham02M/track.npy,asap,0.6762936221419975,0.5585856582640932,0.5585856582640932,0.5585856582640932,0.10816777041942605,0.5827814569536424,0.10816777041942605,0.5827814569536424,0.5961538461538461,0.5075257593551947,0.5075257593551947,0.5075257593551947,0.3008849557522124,0.6283185840707964,0.3008849557522124,0.6283185840707964,464.0,0.0,0.0,0.09531017980433143,116.0,0.0,0.0,0.08121132311646671,0.0
asap/Chopin_Etudes_op_25_11_Shychko03M/track.npy,asap,0.7184713375796179,0.581433383457539,0.581433383457539,0.581433383457539,0.09046454767726161,0.6943765281173594,0.09046454767726161,0.6943765281173594,0.5612244897959183,0.4914195261193796,0.4914195261193796,0.4914195261193796,0.3235294117647059,0.6078431372549019,0.3235294117647059,0.6078431372549019,420.0,0.0,0.0,0.08701137698964323,105.0,0.0,0.0,0.07176747566511021,0.0
asap/Chopin_Etudes_op_25_11_Song02M/track.npy,asap,0.773170731707317,0.6602342395975136,0.6602342395975136,0.6602342395975136,0.1425339366515837,0.6809954751131222,0.1425339366515837,0.6809954751131222,0.7281553398058251,0.6431774829181724,0.6431774829181724,0.6431774829181724,0.5135135135135135,0.6846846846846847,0.5135135135135135,0.6846846846846847,455.0,0.0,0.0,0.09097177820577373,114.0,0.0,0.0,0.09787223821180717,0.0
asap/Chopin_Etudes_op_25_11_WangA02M/track.npy,asap,0.46572361262241574,0.37699699360745775,0.3792954447665571,0.3781462191870074,0.05330882352941176,0.1488970588235294,0.05330882352941176,0.1488970588235294,0.28363636363636363,0.20706052808703948,0.32224871389039716,0.26465462098871834,0.0,0.0,0.13368983957219252,0.5454545454545454,555.0,0.0,0.0,0.11778303565639003,185.0,0.0,0.0,0.07510269365553265,0.0
asap/Chopin_Etudes_op_25_1_LeeN03M/track.npy,asap,0.38709677419354843,0.3127930757057181,0.3280484380148175,0.32042075686026783,0.0053475935828877,0.0053475935828877,0.17204301075268819,0.3548387096774194,0.1282051282051282,0.11498972876387976,0.12908045070218505,0.1220350897330324,0.0,0.0,0.1935483870967742,0.25806451612903225,95.0,0.0,0.0,0.12102014655945027,32.0,0.0,0.0,0.15535237080963055,0.0
asap/Chopin_Etudes_op_25_1_TongB02M/track.npy,asap,0.3505154639175257,0.27228212130122764,0.3445285626119934,0.3084053419566105,0.0106951871657754,0.0106951871657754,0.11538461538461539,0.47115384615384615,0.07317073170731707,0.03187960448838115,0.033606543422113264,0.032743073955247205,0.02127659574468085,0.02127659574468085,0.08571428571428572,0.08571428571428572,108.0,0.0,0.0,0.11621289740006896,36.0,0.0,0.0,0.13282523680960717,0.0
asap/Chopin_Etudes_op_25_1_TuanS04M/track.npy,asap,0.37762237762237755,0.29084698941043013,0.37549003356125743,0.3331685114858438,0.0,0.0,0.21212121212121213,0.48484848484848486,0.049999999999999996,0.032912674431846506,0.04619322727276696,0.03955295085230673,0.0,0.0,0.06060606060606061,0.09090909090909091,103.0,0.0,0.0,0.1242977166775816,35.0,0.0,0.0,0.13589380516325833,0.0
asap/Chopin_Etudes_op_25_1_Wong03M/track.npy,asap,0.2785714285714286,0.229815540237448,0.23846872535111943,0.2341421327942837,0.0106951871657754,0.0106951871657754,0.06451612903225806,0.23655913978494625,0.07692307692307691,0.07409121829685447,0.10507481803360712,0.08958301816523079,0.0,0.0,0.12903225806451613,0.25806451612903225,96.0,0.0,0.0,0.11192955615513459,32.0,0.0,0.0,0.10653883574803581,0.0
asap/Haydn_Keyboard_Sonatas_31-1_Song05M/track.npy,asap,0.5411764705882354,0.4541483252974607,0.48996562038675706,0.4720569728421089,0.09064327485380116,0.2953216374269006,0.09064327485380116,0.2953216374269006,0.1807909604519774,0.15499063517047515,0.18737455144640675,0.17118259330844093,0.008771929824561403,0.017543859649122806,0.008771929824561403,0.017543859649122806,349.0,0.0,0.0,0.11778303565644266,116.0,0.0,0.0,0.12649411347774003,0.0
asap/Haydn_Keyboard_Sonatas_48-1_GarritsonL02M/track.npy,asap,0.19612903225806452,0.1607878279250988,0.1607878279250988,0.1607878279250988,0.0020964360587002098,0.0020964360587002098,0.030201342281879196,0.20134228187919462,0.14728682170542634,0.12810398513975702,0.12810398513975702,0.12810398513975702,0.0,0.0,0.04040404040404041,0.20202020202020202,302.0,0.0,0.0,0.12381460504340563,101.0,0.0,0.0,0.12697413918130282,0.0
asap/Haydn_Keyboard_Sonatas_48-1_PrjevalskayaM02M/track.npy,asap,0.2454308093994778,0.1988668664927443,0.1988668664927443,0.1988668664927443,0.0021008403361344537,0.0021008403361344537,0.041379310344827586,0.21379310344827587,0.25098039215686274,0.21206354660734325,0.21206354660734325,0.21206354660734325,0.0,0.0,0.0625,0.23958333333333334,293.0,0.0,0.0,0.11702142088610488,97.0,0.0,0.0,0.12878415606090113,0.0
asap/Rachmaninoff_Preludes_op_23_4_ChenGuang12M/track.npy,asap,0.27518427518427513,0.24437100099708212,0.24437100099708212,0.24437100099708212,0.008888888888888889,0.06666666666666667,0.027472527472527472,0.11607142857142858,0.24999999999999994,0.2206892954430709,0.2206892954430709,0.2206892954430709,0.04,0.08,0.04918032786885246,0.08108108108108109,184.0,0.0,0.0,0.1307392645030188,62.0,0.0,0.0,0.1254478635306496,0.0
asap/Rachmaninoff_Preludes_op_23_4_WuuE07M/track.npy,asap,0.22443890274314213,0.18994825818321182,0.18994825818321182,0.18994825818321182,0.008928571428571428,0.05357142857142857,0.01694915254237288,0.0847457627118644,0.16417910447761194,0.15829522666712093,0.15829522666712093,0.15829522666712093,0.02666666666666667,0.09333333333333334,0.03389830508474576,0.09333333333333334,181.0,0.0,0.0,0.11934675763255294,61.0,0.0,0.0,0.13542578348238926,0.0
asap/Schubert_Moment_Musical_no_1_MunA10M/track.npy,asap,0.20324005891016197,0.16473335556518892,0.17481694948359416,0.16977515252439154,0.0022172949002217295,0.0022172949002217295,0.039473684210526314,0.13157894736842105,0.14096916299559473,0.12035290371643827,0.12035290371643827,0.12035290371643827,0.006622516556291391,0.006622516556291391,0.05263157894736842,0.21052631578947367,231.0,0.0,0.0,0.11778303565636984,77.0,0.0,0.0,0.1296291583463806,0.0
ballroom/ballroom_Albums-Ballroom_Classics4-05/track.npy,ballroom,0.8947368421052632,0.6777499513436493,0.6777499513436493,0.6777499513436493,0.9487179487179487,0.9487179487179487,0.9487179487179487,0.9487179487179487,0.8799999999999999,0.7596361112440632,0.7596361112440632,0.7596361112440632,0.9230769230769231,0.9230769230769231,0.9230769230769231,0.9230769230769231,46.0,0.0,0.0,0.08069985482729428,16.0,0.0,0.0,0.04191458458285091,0.0
ballroom/ballroom_Albums-Ballroom_Magic-02/track.npy,ballroom,0.9444444444444444,0.8668505669226495,0.8668505669226495,0.8668505669226495,0.8888888888888888,0.9722222222222222,0.8888888888888888,0.9722222222222222,1.0,0.9624688705419651,0.9624688705419651,0.9624688705419651,1.0,1.0,1.0,1.0,44.0,0.0,0.0,0.08569203923096819,15.0,0.0,0.0,0.02324586626356203,0.0
ballroom/ballroom_Albums-Ballroom_Magic-07/track.npy,ballroom,0.9906542056074767,0.7602801307484703,0.7602801307484703,0.7602801307484703,0.9814814814814815,0.9814814814814815,0.9814814814814815,0.9814814814814815,0.0,6.949717426070541e-25,9.33414462246197e-25,8.141931024266256e-25,0.0,0.0,0.0,0.0,64.0,0.0,0.0,0.0870113769896275,16.0,0.0,0.0,0.0324352757531539,0.0
ballroom/ballroom_Albums-Cafe_Paradiso-01/track.npy,ballroom,1.0,0.9192794203203942,0.9192794203203942,0.9192794203203942,1.0,1.0,1.0,1.0,1.0,0.9518035774214436,0.9518035774214436,0.9518035774214436,1.0,1.0,1.0,1.0,51.0,0.0,0.0,0.0666913744986708,13.0,0.0,0.0,0.01694955831377265,0.0
ballroom/ballroom_Albums-Cafe_Paradiso-06/track.npy,ballroom,1.0,0.9240382948899079,0.9240382948899079,0.9240382948899079,1.0,1.0,1.0,1.0,1.0,0.928847986026227,0.928847986026227,0.928847986026227,1.0,1.0,1.0,1.0,62.0,0.0,0.0,0.08338160893905688,16.0,0.0,0.0,0.010256500167190059,0.0
ballroom/ballroom_Albums-Cafe_Paradiso-07/track.npy,ballroom,0.9902912621359222,0.9324106728156353,0.9324106728156353,0.9324106728156353,0.9807692307692307,0.9807692307692307,0.9807692307692307,0.9807692307692307,1.0,0.9516587341706997,0.9516587341706997,0.9516587341706997,1.0,1.0,1.0,1.0,63.0,0.0,0.0,0.08338160893905311,16.0,0.0,0.0,0.020619287202735946,0.0
ballroom/ballroom_Albums-Cafe_Paradiso-12/track.npy,ballroom,0.9876543209876543,0.8690406444986354,0.8690406444986354,0.8690406444986354,0.975609756097561,0.975609756097561,0.975609756097561,0.975609756097561,0.9523809523809523,0.8311780801182481,0.8311780801182481,0.8311780801182481,0.9090909090909091,0.9090909090909091,0.9090909090909091,0.9090909090909091,49.0,0.0,0.0,0.06453852113757563,13.0,0.0,0.0,0.019952931099997684,0.0
ballroom/ballroom_Albums-Chrisanne1-03/track.npy,ballroom,0.9855072463768115,0.6887010453358036,0.6887010453358036,0.6887010453358036,0.9714285714285714,0.9714285714285714,0.9714285714285714,0.9714285714285714,0.9565217391304348,0.772032481100074,0.772032481100074,0.772032481100074,0.9166666666666666,0.9166666666666666,0.9166666666666666,0.9166666666666666,42.0,0.0,0.0,0.08455738802806617,14.0,0.0,0.0,0.03604549890661815,0.0
ballroom/ballroom_Albums-Chrisanne1-07/track.npy,ballroom,0.9932885906040269,0.8392328991802415,0.8392328991802415,0.8392328991802415,0.96,0.9733333333333334,0.96,0.9733333333333334,0.9795918367346939,0.8520218919818902,0.8520218919818902,0.8520218919818902,0.96,0.96,0.96,0.96,90.0,0.0,0.0,0.11778303565638293,30.0,0.0,0.0,0.0405361635529615,0.0
ballroom/ballroom_Albums-Chrisanne1-08/track.npy,ballroom,0.9931972789115647,0.8623539349574164,0.8623539349574164,0.8623539349574164,0.9864864864864865,0.9864864864864865,0.9864864864864865,0.9864864864864865,1.0,0.8718952316830284,0.8718952316830284,0.8718952316830284,1.0,1.0,1.0,1.0,89.0,0.0,0.0,0.11778303565638193,30.0,0.0,0.0,0.04082199452025544,0.0
ballroom/ballroom_Albums-Chrisanne3-01/track.npy,ballroom,1.0,0.8621849163817115,0.8621849163817115,0.8621849163817115,1.0,1.0,1.0,1.0,1.0,0.8483375524741884,0.8483375524741884,0.8483375524741884,1.0,1.0,1.0,1.0,43.0,0.0,0.0,0.08223809823697514,15.0,0.0,0.0,0.03788413528261734,0.0
ballroom/ballroom_Albums-Chrisanne3-03/track.npy,ballroom,1.0,0.8690484179491811,0.8690484179491811,0.8690484179491811,1.0,1.0,1.0,1.0,0.0,4.761262703552381e-49,1.6144352370485407e-14,8.072176185242703e-15,0.0,0.0,0.75,0.75,44.0,0.0,0.0,0.08701137698963049,14.0,0.0,0.0,0.02854076593187581,0.0
ballroom/ballroom_Albums-Commitments-08/track.npy,ballroom,0.9571428571428571,0.879329253460415,0.879329253460415,0.879329253460415,0.9178082191780822,0.9178082191780822,0.9178082191780822,0.9178082191780822,0.9142857142857143,0.8307536464249329,0.8307536464249329,0.8307536464249329,0.8421052631578947,0.8421052631578947,0.8421052631578947,0.8421052631578947,86.0,0.0,0.0,0.11122563511022607,22.0,0.0,0.0,0.06783861493636648,0.0
ballroom/ballroom_Albums-Commitments-11/track.npy,ballroom,0.9866666666666666,0.9040688319848188,0.9040688319848188,0.9040688319848188,0.9736842105263158,0.9736842105263158,0.9736842105263158,0.9736842105263158,1.0,0.972260795326583,0.972260795326583,0.972260795326583,1.0,1.0,1.0,1.0,45.0,0.0,0.0,0.08961215868969052,15.0,0.0,0.0,0.017619530785853137,0.0
ballroom/ballroom_Albums-Fire-02/track.npy,ballroom,0.9885057471264368,0.9439379495453447,0.9439379495453447,0.9439379495453447,0.9772727272727273,0.9772727272727273,0.9772727272727273,0.9772727272727273,0.9523809523809523,0.9146059435819486,0.9146059435819486,0.9146059435819486,0.9090909090909091,0.9090909090909091,0.9090909090909091,0.9090909090909091,53.0,0.0,0.0,0.06899287148695155,14.0,0.0,0.0,0.02125442737299681,0.0
ballroom/ballroom_Albums-Fire-03/track.npy,ballroom,0.975609756097561,0.9392943374569507,0.9392943374569507,0.9392943374569507,0.9523809523809523,0.9523809523809523,0.9523809523809523,0.9523809523809523,0.9523809523809523,0.93186977536518,0.93186977536518,0.93186977536518,0.9090909090909091,0.9090909090909091,0.9090909090909091,0.9090909090909091,50.0,0.0,0.0,0.06453852113757458,13.0,0.0,0.0,0.00813026043589099,0.0
ballroom/ballroom_Albums-Fire-12/track.npy,ballroom,0.9868421052631579,0.9280130293459944,0.9280130293459944,0.9280130293459944,0.974025974025974,0.974025974025974,0.974025974025974,0.974025974025974,1.0,0.9211839644825599,0.9211839644825599,0.9211839644825599,1.0,1.0,1.0,1.0,92.0,0.0,0.0,0.11778303565638115,23.0,0.0,0.0,0.04512043528047138,0.0
ballroom/ballroom_Albums-GloriaEstefan_MiTierra-01/track.npy,ballroom,0.9722222222222222,0.8859018354329942,0.8859018354329942,0.8859018354329942,0.9722222222222222,0.9722222222222222,0.9722222222222222,0.9722222222222222,1.0,0.9011872198165247,0.9011872198165247,0.9011872198165247,1.0,1.0,1.0,1.0,44.0,0.0,0.0,0.08701137698962802,11.0,0.0,0.0,0.014347625370251027,0.0
ballroom/ballroom_Albums-GloriaEstefan_MiTierra-08/track.npy,ballroom,0.9459459459459459,0.8170738863877494,0.8170738863877494,0.8170738863877494,0.972972972972973,0.972972972972973,0.972972972972973,0.972972972972973,1.0,0.8300361792926247,0.8300361792926247,0.8300361792926247,1.0,1.0,1.0,1.0,45.0,0.0,0.0,0.11496594795971142,11.0,0.0,0.0,0.029899192184915525,0.0
ballroom/ballroom_Albums-GloriaEstefan_MiTierra-11/track.npy,ballroom,0.9863013698630138,0.9211622571035328,0.9211622571035328,0.9211622571035328,0.972972972972973,0.972972972972973,0.972972972972973,0.972972972972973,1.0,0.9567955530612104,0.9567955530612104,0.9567955530612104,1.0,1.0,1.0,1.0,44.0,0.0,0.0,0.08327154362780956,11.0,0.0,0.0,0.025995004212336022,0.0
ballroom/ballroom_Albums-Latin_Jam2-02/track.npy,ballroom,1.0,0.9683131943619867,0.9683131943619867,0.9683131943619867,1.0,1.0,1.0,1.0,1.0,0.953287028055992,0.953287028055992,0.953287028055992,1.0,1.0,1.0,1.0,52.0,0.0,0.0,0.06899287148695475,13.0,0.0,0.0,0.0217220894142649,0.0
ballroom/ballroom_Albums-Latin_Jam2-06/track.npy,ballroom,0.9906542056074767,0.9535491386738438,0.9535491386738438,0.9535491386738438,0.9814814814814815,0.9814814814814815,0.9814814814814815,0.9814814814814815,0.962962962962963,0.9054291615763004,0.9054291615763004,0.9054291615763004,0.9285714285714286,0.9285714285714286,0.9285714285714286,0.9285714285714286,65.0,0.0,0.0,0.08701137698962769,17.0,0.0,0.0,0.035229704511689997,0.0
ballroom/ballroom_Albums-Latin_Jam2-11/track.npy,ballroom,1.0,0.9561156962930315,0.9561156962930315,0.9561156962930315,1.0,1.0,1.0,1.0,1.0,0.9638772313440754,0.9638772313440754,0.9638772313440754,1.0,1.0,1.0,1.0,88.0,0.0,0.0,0.11778303565638354,22.0,0.0,0.0,0.02972829116250871,0.0
ballroom/ballroom_Albums-Latin_Jam3-04/track.npy,ballroom,1.0,0.9643706490769196,0.9643706490769196,0.9643706490769196,1.0,1.0,1.0,1.0,1.0,0.9457773050108618,0.9457773050108618,0.9457773050108618,1.0,1.0,1.0,1.0,51.0,0.0,0.0,0.06669137449867363,13.0,0.0,0.0,0.008368249670517358,0.0
ballroom/ballroom_Albums-Latin_Jam3-06/track.npy,ballroom,1.0,0.9872116693955203,0.9872116693955203,0.9872116693955203,1.0,1.0,1.0,1.0,1.0,0.9580393212027278,0.9580393212027278,0.9580393212027278,1.0,1.0,1.0,1.0,50.0,0.0,0.0,0.06669137449867074,12.0,0.0,0.0,0.016667052485211102,0.0
ballroom/ballroom_Albums-Latin_Jam3-07/track.npy,ballroom,0.9885057471264368,0.9308620821008352,0.9308620821008352,0.9308620821008352,0.9772727272727273,0.9772727272727273,0.9772727272727273,0.9772727272727273,1.0,0.9149407299172924,0.9149407299172924,0.9149407299172924,1.0,1.0,1.0,1.0,53.0,0.0,0.0,0.03509131981127328,13.0,0.0,0.0,0.013062711340311228,0.0
ballroom/ballroom_Albums-Latin_Jam4-10/track.npy,ballroom,0.9931972789115647,0.9233618176344192,0.9233618176344192,0.9233618176344192,0.9864864864864865,0.9864864864864865,0.9864864864864865,0.9864864864864865,0.972972972972973,0.894752618988095,0.894752618988095,0.894752618988095,0.9473684210526315,0.9473684210526315,0.9473684210526315,0.9473684210526315,89.0,0.0,0.0,0.1177830356563853,23.0,0.0,0.0,0.029413885206293955,0.0
ballroom/ballroom_Albums-Latin_Jam5-01/track.npy,ballroom,1.0,0.9732933707062495,0.9732933707062495,0.9732933707062495,1.0,1.0,1.0,1.0,1.0,0.9725360281311549,0.9725360281311549,0.9725360281311549,1.0,1.0,1.0,1.0,50.0,0.0,0.0,0.06669137449866863,13.0,0.0,0.0,0.016667052485209943,0.0
ballroom/ballroom_Albums-Latin_Jam5-02/track.npy,ballroom,1.0,0.9629009324118984,0.9629009324118984,0.9629009324118984,1.0,1.0,1.0,1.0,1.0,0.967722554771327,0.967722554771327,0.967722554771327,1.0,1.0,1.0,1.0,62.0,0.0,0.0,0.08338160893904928,16.0,0.0,0.0,0.02061928720273698,0.0
ballroom/ballroom_Albums-Latin_Jam5-06/track.npy,ballroom,1.0,0.9471912398889275,0.9471912398889275,0.9471912398889275,1.0,1.0,1.0,1.0,0.0,1.0225933141362688e-47,2.842560671543788e-47,1.9325769928400283e-47,0.0,0.0,0.0,0.0,51.0,0.0,0.0,0.06669137449867307,13.0,0.0,0.0,0.016598177218210275,0.0
ballroom/ballroom_Albums-Macumba-05/track.npy,ballroom,0.9879518072289156,0.9732819850695016,0.9732819850695016,0.9732819850695016,0.9761904761904762,0.9761904761904762,0.9761904761904762,0.9761904761904762,1.0,0.9586396552729642,0.9586396552729642,0.9586396552729642,1.0,1.0,1.0,1.0,51.0,0.0,0.0,0.06669137449867193,13.0,0.0,0.0,0.01666705248521194,0.0
ballroom/ballroom_Albums-Macumba-10/track.npy,ballroom,1.0,0.9396649716478762,0.9396649716478762,0.9396649716478762,1.0,1.0,1.0,1.0,1.0,0.9697896309442628,0.9697896309442628,0.9697896309442628,1.0,1.0,1.0,1.0,49.0,0.0,0.0,0.06453852113756964,12.0,0.0,0.0,0.01241466500431194,0.0
ballroom/ballroom_Albums-Macumba-14/track.npy,ballroom,1.0,0.9732699822766647,0.9732699822766647,0.9732699822766647,1.0,1.0,1.0,1.0,0.0,5.947218495864002e-64,0.9521498390257741,0.47607491951288705,0.0,0.0,0.9444444444444444,0.9444444444444444,87.0,0.0,0.0,0.057158413839957234,21.0,0.0,0.0,0.044019494360911265,0.0
ballroom/ballroom_Albums-Mambo_Kings-03/track.npy,ballroom,0.9894736842105264,0.9350025050587902,0.9350025050587902,0.9350025050587902,0.9791666666666666,0.9791666666666666,0.9791666666666666,0.9791666666666666,1.0,0.9573410762880239,0.9573410762880239,0.9573410762880239,1.0,1.0,1.0,1.0,58.0,0.0,0.0,0.07696104113613333,15.0,0.0,0.0,0.02280409111062876,0.0
ballroom/ballroom_Albums-Mambo_Kings-12/track.npy,ballroom,0.9263157894736843,0.8615188593509343,0.8615188593509343,0.8615188593509343,0.8333333333333334,0.9375,0.8333333333333334,0.9375,0.0,7.67188204999581e-43,0.7172291468190184,0.3586145734095092,0.0,0.0,0.8333333333333334,0.8333333333333334,57.0,0.0,0.0,0.07696104113612875,14.0,0.0,0.0,0.1081126422392407,0.0
ballroom/ballroom_Albums-Pais_Tropical-09/track.npy,ballroom,0.9879518072289156,0.9538013390352404,0.9538013390352404,0.9538013390352404,0.9761904761904762,0.9761904761904762,0.9761904761904762,0.9761904761904762,1.0,0.9365999579539919,0.9365999579539919,0.9365999579539919,1.0,1.0,1.0,1.0,51.0,0.0,0.0,0.06669137449867674,13.0,0.0,0.0,0.016598177218211496,0.0
ballroom/ballroom_Albums-Pais_Tropical-14/track.npy,ballroom,1.0,0.9626686106053105,0.9626686106053105,0.9626686106053105,1.0,1.0,1.0,1.0,1.0,0.9619488184201482,0.9619488184201482,0.9619488184201482,1.0,1.0,1.0,1.0,85.0,0.0,0.0,0.11122563511022544,22.0,0.0,0.0,0.027779564107074002,0.0
ballroom/ballroom_Albums-Secret_Garden-02/track.npy,ballroom,0.7945205479452055,0.6273969780004839,0.6273969780004839,0.6273969780004839,0.972972972972973,0.972972972972973,0.972972972972973,0.972972972972973,0.75,0.6904597769966591,0.6904597769966591,0.6904597769966591,1.0,1.0,1.0,1.0,44.0,0.0,0.0,0.117783035656386,15.0,0.0,0.0,0.03210928704841846,0.0
ballroom/ballroom_Albums-Secret_Garden-06/track.npy,ballroom,0.7567567567567567,0.58939346155292,0.58939346155292,0.58939346155292,0.8378378378378378,0.8378378378378378,0.8378378378378378,0.8378378378378378,0.8333333333333334,0.6818872632263794,0.6818872632263794,0.6818872632263794,0.8333333333333334,0.8333333333333334,0.8333333333333334,0.8333333333333334,44.0,0.0,0.0,0.11425111537436614,15.0,0.0,0.0,0.10401057885651699,0.0
ballroom/ballroom_Albums-Step_By_Step-06/track.npy,ballroom,0.9642857142857143,0.8226990673861861,0.8226990673861861,0.8226990673861861,0.9310344827586207,0.9310344827586207,0.9310344827586207,0.9310344827586207,0.962962962962963,0.8039457328720808,0.8039457328720808,0.8039457328720808,0.9285714285714286,0.9285714285714286,0.9285714285714286,0.9285714285714286,68.0,0.0,0.0,0.08701137698963157,17.0,0.0,0.0,0.03862161258156599,0.0
ballroom/ballroom_Albums-StrictlyDancing_Tango-09/track.npy,ballroom,0.9719626168224299,0.8313008987292515,0.8313008987292515,0.8313008987292515,0.9454545454545454,0.9454545454545454,0.9454545454545454,0.9454545454545454,1.0,0.8844100347636774,0.8844100347636774,0.8844100347636774,1.0,1.0,1.0,1.0,65.0,0.0,0.0,0.08338160893905688,16.0,0.0,0.0,0.03174869831458149,0.0
ballroom/ballroom_Media-100614/track.npy,ballroom,0.5084745762711864,0.4474877329909875,0.4474877329909875,0.4474877329909875,0.0,0.0,0.0,0.0,0.5333333333333333,0.4906864251835719,0.4906864251835719,0.4906864251835719,0.0,0.0,0.0,0.0,36.0,0.0,0.0,0.09386733792442525,9.0,0.0,0.0,0.020021685481236742,0.0
ballroom/ballroom_Media-103313/track.npy,ballroom,0.3269230769230769,0.291130153256889,0.291130153256889,0.291130153256889,0.0,0.0,0.0,0.0,0.3846153846153846,0.35243413462941575,0.35243413462941575,0.35243413462941575,0.0,0.0,0.0,0.0,22.0,0.0,0.0,0.04085015560238538,6.0,0.0,0.0,0.005782335224340071,0.0
ballroom/ballroom_Media-103314/track.npy,ballroom,0.9655172413793104,0.8303637354979484,0.8303637354979484,0.8303637354979484,0.7666666666666667,0.9222222222222223,0.7666666666666667,0.9222222222222223,0.9767441860465117,0.8371015737590765,0.8371015737590765,0.8371015737590765,0.9545454545454546,0.9545454545454546,0.9545454545454546,0.9545454545454546,107.0,0.0,0.0,0.05519429718955265,27.0,0.0,0.0,0.05200726141396885,0.0
ballroom/ballroom_Media-103407/track.npy,ballroom,0.962962962962963,0.9192959826253604,0.9192959826253604,0.9192959826253604,0.9285714285714286,0.9285714285714286,0.9285714285714286,0.9285714285714286,0.962962962962963,0.8599872344065763,0.8599872344065763,0.8599872344065763,0.9285714285714286,0.9285714285714286,0.9285714285714286,0.9285714285714286,66.0,0.0,0.0,0.08338160893905688,17.0,0.0,0.0,0.04082199452025479,0.0
ballroom/ballroom_Media-103417/track.npy,ballroom,0.9690721649484536,0.9371984441894566,0.9371984441894566,0.9371984441894566,0.94,0.94,0.94,0.94,0.9600000000000001,0.9309090222716264,0.9309090222716264,0.9309090222716264,0.9230769230769231,0.9230769230769231,0.9230769230769231,0.9230769230769231,59.0,0.0,0.0,0.0741079721537242,15.0,0.0,0.0,0.027908788117076155,0.0
ballroom/ballroom_Media-103504/track.npy,ballroom,0.9425287356321839,0.8297637581784728,0.8297637581784728,0.8297637581784728,0.9333333333333333,0.9333333333333333,0.9333333333333333,0.9333333333333333,0.9523809523809523,0.8370361381438685,0.8370361381438685,0.8370361381438685,0.9090909090909091,0.9090909090909091,0.9090909090909091,0.9090909090909091,54.0,0.0,0.0,0.06772704814339969,14.0,0.0,0.0,0.045692619252992256,0.0
ballroom/ballroom_Media-103515/track.npy,ballroom,0.9640287769784173,0.9269323664358917,0.9269323664358917,0.9269323664358917,0.9305555555555556,0.9305555555555556,0.9305555555555556,0.9305555555555556,0.9714285714285714,0.9182548487806743,0.9182548487806743,0.9182548487806743,0.9444444444444444,0.9444444444444444,0.9444444444444444,0.9444444444444444,85.0,0.0,0.0,0.105360515657833,21.0,0.0,0.0,0.028353195062921954,0.0
ballroom/ballroom_Media-103601/track.npy,ballroom,0.9702970297029703,0.9472752594249223,0.9472752594249223,0.9472752594249223,0.9423076923076923,0.9423076923076923,0.9423076923076923,0.9423076923076923,0.9600000000000001,0.9379258269172271,0.9379258269172271,0.9379258269172271,0.9230769230769231,0.9230769230769231,0.9230769230769231,0.9230769230769231,62.0,0.0,0.0,0.039220713153287345,16.0,0.0,0.0,0.02927038230011363,0.0
ballroom/ballroom_Media-103602/track.npy,ballroom,0.9433962264150944,0.8992813415457216,0.8992813415457216,0.8992813415457216,0.8909090909090909,0.9090909090909091,0.8909090909090909,0.9090909090909091,0.888888888888889,0.8688909315574399,0.8688909315574399,0.8688909315574399,0.9285714285714286,0.9285714285714286,0.9285714285714286,0.9285714285714286,66.0,0.0,0.0,0.0833816089390528,17.0,0.0,0.0,0.023911036952998687,0.0
ballroom/ballroom_Media-103615/track.npy,ballroom,0.62,0.5452590690794343,0.8148704200940806,0.6800647445867575,0.0,0.0,0.8955223880597015,0.9104477611940298,0.6666666666666666,0.6059395657003009,0.8709868490755597,0.7384632073879303,0.0,0.0,0.9375,0.9375,80.0,0.0,0.0,0.10008345855698919,20.0,0.0,0.0,0.02752924794436717,0.0
ballroom/ballroom_Media-103705/track.npy,ballroom,0.9662921348314606,0.8943480758288936,0.8943480758288936,0.8943480758288936,0.9347826086956522,0.9347826086956522,0.9347826086956522,0.9347826086956522,0.9565217391304348,0.8960405259558805,0.8960405259558805,0.8960405259558805,0.9166666666666666,0.9166666666666666,0.9166666666666666,0.9166666666666666,54.0,0.0,0.0,0.08360046295614071,14.0,0.0,0.0,0.0338948674057095,0.0
ballroom/ballroom_Media-103712/track.npy,ballroom,0.9647058823529412,0.7850433602109834,0.7850433602109834,0.7850433602109834,0.9318181818181818,0.9318181818181818,0.9318181818181818,0.9318181818181818,0.9523809523809523,0.7284381456632403,0.7284381456632403,0.7284381456632403,0.9090909090909091,0.9090909090909091,0.9090909090909091,0.9090909090909091,53.0,0.0,0.0,0.06669137449867674,14.0,0.0,0.0,0.04031908412933471,0.0
ballroom/ballroom_Media-103715/track.npy,ballroom,0.6222222222222222,0.5543378677542466,0.8409878576073068,0.6976628626807767,0.0,0.0,0.9344262295081968,0.9344262295081968,0.6086956521739131,0.575824792923213,0.8558891103642271,0.7158569516437201,0.0,0.0,0.8125,0.8125,73.0,0.0,0.0,0.09097177820573288,19.0,0.0,0.0,0.034685557987890414,0.0
ballroom/ballroom_Media-103807/track.npy,ballroom,0.9772727272727273,0.9272803182137792,0.9272803182137792,0.9272803182137792,0.9555555555555556,0.9555555555555556,0.9555555555555556,0.9555555555555556,0.9523809523809523,0.930557870884502,0.930557870884502,0.930557870884502,0.9090909090909091,0.9090909090909091,0.9090909090909091,0.9090909090909091,54.0,0.0,0.0,0.06899287148695049,14.0,0.0,0.0,0.017014752084260253,0.0
ballroom/ballroom_Media-103912/track.npy,ballroom,0.961038961038961,0.8704241716028868,0.8704241716028868,0.8704241716028868,0.925,0.925,0.925,0.925,0.9473684210526316,0.9059953547268281,0.9059953547268281,0.9059953547268281,0.9,0.9,0.9,0.9,48.0,0.0,0.0,0.08776864357650918,12.0,0.0,0.0,0.05386169579851533,0.0
ballroom/ballroom_Media-104003/track.npy,ballroom,0.9534883720930233,0.9127039209664837,0.9127039209664837,0.9127039209664837,0.9111111111111111,0.9111111111111111,0.9111111111111111,0.9111111111111111,0.9523809523809523,0.8754787538815646,0.8754787538815646,0.8754787538815646,0.9090909090909091,0.9090909090909091,0.9090909090909091,0.9090909090909091,54.0,0.0,0.0,0.06669137449867263,14.0,0.0,0.0,0.019730012178326928,0.0
ballroom/ballroom_Media-104005/track.npy,ballroom,0.9523809523809524,0.8284470659485412,0.8284470659485412,0.8284470659485412,0.9302325581395349,0.9302325581395349,0.9302325581395349,0.9302325581395349,0.9090909090909091,0.7380222025825547,0.7380222025825547,0.7380222025825547,1.0,1.0,1.0,1.0,51.0,0.0,0.0,0.06453852113756926,13.0,0.0,0.0,0.023905520853555184,0.0
ballroom/ballroom_Media-104008/track.npy,ballroom,0.8157894736842105,0.7442336497296459,0.7442336497296459,0.7442336497296459,0.6888888888888889,0.6888888888888889,0.6888888888888889,0.6888888888888889,0.8421052631578948,0.7782590597712006,0.7782590597712006,0.7782590597712006,0.7272727272727273,0.7272727272727273,0.7272727272727273,0.7272727272727273,53.0,0.0,0.0,0.06899287148695188,13.0,0.0,0.0,0.025425554994727595,0.0
ballroom/ballroom_Media-104012/track.npy,ballroom,0.9532710280373832,0.9084267119326362,0.9084267119326362,0.9084267119326362,0.9107142857142857,0.9107142857142857,0.9107142857142857,0.9107142857142857,0.962962962962963,0.9096710932834017,0.9096710932834017,0.9096710932834017,0.9285714285714286,0.9285714285714286,0.9285714285714286,0.9285714285714286,66.0,0.0,0.0,0.08338160893905111,16.0,0.0,0.0,0.013952562094062622,0.0
ballroom/ballroom_Media-104103/track.npy,ballroom,0.9545454545454545,0.9196648289215261,0.9196648289215261,0.9196648289215261,0.9130434782608695,0.9130434782608695,0.9130434782608695,0.9130434782608695,0.9565217391304348,0.922709563265298,0.922709563265298,0.922709563265298,0.9166666666666666,0.9166666666666666,0.9166666666666666,0.9166666666666666,54.0,0.0,0.0,0.0689928714869536,14.0,0.0,0.0,0.02929901435689704,0.0
ballroom/ballroom_Media-104107/track.npy,ballroom,0.9622641509433962,0.9315651353957786,0.9315651353957786,0.9315651353957786,0.9272727272727272,0.9272727272727272,0.9272727272727272,0.9272727272727272,0.962962962962963,0.9405849118105699,0.9405849118105699,0.9405849118105699,0.9285714285714286,0.9285714285714286,0.9285714285714286,0.9285714285714286,66.0,0.0,0.0,0.08338160893904922,17.0,0.0,0.0,0.0206837271127689,0.0
ballroom/ballroom_Media-104108/track.npy,ballroom,0.9719626168224299,0.9418317901615019,0.9418317901615019,0.9418317901615019,0.9454545454545454,0.9454545454545454,0.9454545454545454,0.9454545454545454,0.962962962962963,0.9137209491863909,0.9137209491863909,0.9137209491863909,0.9285714285714286,0.9285714285714286,0.9285714285714286,0.9285714285714286,66.0,0.0,0.0,0.0833816089390528,17.0,0.0,0.0,0.030867337187736443,0.0
ballroom/ballroom_Media-104116/track.npy,ballroom,0.9572649572649572,0.9043859833574549,0.9043859833574549,0.9043859833574549,0.9180327868852459,0.9180327868852459,0.9180327868852459,0.9180327868852459,0.9333333333333333,0.903308429766904,0.903308429766904,0.903308429766904,0.875,0.875,0.875,0.875,73.0,0.0,0.0,0.09097177820573038,19.0,0.0,0.0,0.022728251077556005,0.0
ballroom/ballroom_Media-104118/track.npy,ballroom,0.9659863945578232,0.9267029559494836,0.9267029559494836,0.9267029559494836,0.8157894736842105,0.9078947368421053,0.8157894736842105,0.9078947368421053,0.972972972972973,0.9356246641618148,0.9356246641618148,0.9356246641618148,0.9473684210526315,0.9473684210526315,0.9473684210526315,0.9473684210526315,91.0,0.0,0.0,0.11778303565638844,23.0,0.0,0.0,0.043172171865207776,0.0
ballroom/ballroom_Media-104212/track.npy,ballroom,0.6434782608695652,0.5872341193617613,0.8770379704752582,0.7321360449185097,0.0,0.0,0.925,0.925,0.631578947368421,0.5791301829544239,0.8802778780907243,0.7297040305225742,0.0,0.0,0.9230769230769231,0.9230769230769231,48.0,0.0,0.0,0.0823652744713739,16.0,0.0,0.0,0.023685323116127963,0.0
ballroom/ballroom_Media-104308/track.npy,ballroom,0.967741935483871,0.8820782650469594,0.8820782650469594,0.8820782650469594,0.9375,0.9375,0.9375,0.9375,0.9615384615384615,0.8758130423809932,0.8758130423809932,0.8758130423809932,0.9259259259259259,0.9259259259259259,0.9259259259259259,0.9259259259259259,95.0,0.0,0.0,0.11778303565638337,32.0,0.0,0.0,0.04000533461369878,0.0
ballroom/ballroom_Media-104402/track.npy,ballroom,0.9459459459459458,0.807035003335729,0.807035003335729,0.807035003335729,0.7368421052631579,0.9210526315789473,0.7368421052631579,0.9210526315789473,0.9600000000000001,0.8140071496555583,0.8140071496555583,0.8140071496555583,0.9230769230769231,0.9230769230769231,0.9230769230769231,0.9230769230769231,46.0,0.0,0.0,0.08701137698963028,16.0,0.0,0.0,0.019418085857101725,0.0
ballroom/ballroom_Media-104403/track.npy,ballroom,0.9600000000000001,0.8600516226317234,0.8600516226317234,0.8600516226317234,0.9230769230769231,0.9230769230769231,0.9230769230769231,0.9230769230769231,0.9600000000000001,0.9170411843689799,0.9170411843689799,0.9170411843689799,0.9230769230769231,0.9230769230769231,0.9230769230769231,0.9230769230769231,46.0,0.0,0.0,0.08701137698962802,15.0,0.0,0.0,0.0190481949706941,0.0
ballroom/ballroom_Media-104501/track.npy,ballroom,0.9600000000000001,0.8305793851754337,0.8305793851754337,0.8305793851754337,0.9230769230769231,0.9230769230769231,0.9230769230769231,0.9230769230769231,0.9600000000000001,0.9094668318422847,0.9094668318422847,0.9094668318422847,0.9230769230769231,0.9230769230769231,0.9230769230769231,0.9230769230769231,46.0,0.0,0.0,0.08455738802806617,16.0,0.0,0.0,0.04542102235599245,0.0
ballroom/ballroom_Media-104507/track.npy,ballroom,0.967741935483871,0.8436080669550385,0.8436080669550385,0.8436080669550385,0.675,0.925,0.675,0.925,0.9615384615384615,0.8518802489880882,0.8518802489880882,0.8518802489880882,0.9259259259259259,0.9259259259259259,0.9259259259259259,0.9259259259259259,95.0,0.0,0.0,0.117783035656388,32.0,0.0,0.0,0.0408219945202571,0.0
ballroom/ballroom_Media-104607/track.npy,ballroom,0.6495726495726496,0.5743344892289298,0.8505966485990432,0.7124655689139865,0.0,0.0,0.926829268292683,0.926829268292683,0.631578947368421,0.5777816640541865,0.8782281293623635,0.7280048967082751,0.0,0.0,0.9230769230769231,0.9230769230769231,48.0,0.0,0.0,0.09237332013101793,16.0,0.0,0.0,0.020202707317519962,0.0
ballroom/ballroom_Media-104708/track.npy,ballroom,0.962962962962963,0.7959956288593516,0.7959956288593516,0.7959956288593516,0.9285714285714286,0.9285714285714286,0.9285714285714286,0.9285714285714286,0.962962962962963,0.8569589463053603,0.8569589463053603,0.8569589463053603,0.9285714285714286,0.9285714285714286,0.9285714285714286,0.9285714285714286,67.0,0.0,0.0,0.08338160893905613,17.0,0.0,0.0,0.024418788407473767,0.0
ballroom/ballroom_Media-104807/track.npy,ballroom,0.9649122807017544,0.9014945317347779,0.9014945317347779,0.9014945317347779,0.9322033898305084,0.9322033898305084,0.9322033898305084,0.9322033898305084,0.9655172413793104,0.8946599530061963,0.8946599530061963,0.8946599530061963,0.9333333333333333,0.9333333333333333,0.9333333333333333,0.9333333333333333,70.0,0.0,0.0,0.09097177820573074,18.0,0.0,0.0,0.06669137449867185,0.0
ballroom/ballroom_Media-104809/track.npy,ballroom,0.967741935483871,0.8575908170528926,0.8575908170528926,0.8575908170528926,0.7,0.925,0.7,0.925,0.9615384615384615,0.8860394196070397,0.8860394196070397,0.8860394196070397,0.9259259259259259,0.9259259259259259,0.9259259259259259,0.9259259259259259,95.0,0.0,0.0,0.11778303565638337,32.0,0.0,0.0,0.04000533461370026,0.0
ballroom/ballroom_Media-105005/track.npy,ballroom,0.9333333333333333,0.7882090721241365,0.7882090721241365,0.7882090721241365,0.9230769230769231,0.9230769230769231,0.9230769230769231,0.9230769230769231,0.8799999999999999,0.7217863881291136,0.7217863881291136,0.7217863881291136,0.9230769230769231,0.9230769230769231,0.9230769230769231,0.9230769230769231,46.0,0.0,0.0,0.10503325349264492,16.0,0.0,0.0,0.04526954234546552,0.0
ballroom/ballroom_Media-105007/track.npy,ballroom,0.9333333333333333,0.7585106669821946,0.7585106669821946,0.7585106669821946,0.9230769230769231,0.9230769230769231,0.9230769230769231,0.9230769230769231,0.9600000000000001,0.7652894255633028,0.7652894255633028,0.7652894255633028,0.9230769230769231,0.9230769230769231,0.9230769230769231,0.9230769230769231,46.0,0.0,0.0,0.08455738802806581,16.0,0.0,0.0,0.03230509725734159,0.0
ballroom/ballroom_Media-105122/track.npy,ballroom,0.6567164179104479,0.5731846100197232,0.8440300830657707,0.7086073465427469,0.0,0.0,0.9361702127659575,0.9361702127659575,0.0,3.6377134867728296e-09,5.543182456034788e-09,4.5904479714038085e-09,0.0,0.0,0.9090909090909091,0.9090909090909091,55.0,0.0,0.0,0.0689928714869561,13.0,0.0,0.0,0.0216836145575649,0.0
ballroom/ballroom_Media-105213/track.npy,ballroom,0.9090909090909091,0.6201105235498774,0.6201105235498774,0.6201105235498774,0.6410256410256411,0.9487179487179487,0.6410256410256411,0.9487179487179487,0.9230769230769231,0.6106421115628453,0.6106421115628453,0.6106421115628453,1.0,1.0,1.0,1.0,47.0,0.0,0.0,0.08640272750107722,16.0,0.0,0.0,0.023926489179932644,0.0
ballroom/ballroom_Media-105214/track.npy,ballroom,0.7714285714285715,0.6578199718870774,0.6578199718870774,0.6578199718870774,0.6756756756756757,0.7567567567567568,0.6756756756756757,0.7567567567567568,0.7826086956521738,0.713403783652665,0.713403783652665,0.713403783652665,0.75,0.75,0.75,0.75,44.0,0.0,0.0,0.08701137698962919,15.0,0.0,0.0,0.11534502385290307,0.0
ballroom/ballroom_Media-105305/track.npy,ballroom,0.9532710280373831,0.8090488471618738,0.8090488471618738,0.8090488471618738,0.5636363636363636,0.9272727272727272,0.5636363636363636,0.9272727272727272,0.962962962962963,0.7584068995970477,0.7584068995970477,0.7584068995970477,0.9285714285714286,0.9285714285714286,0.9285714285714286,0.9285714285714286,66.0,0.0,0.0,0.08338160893905311,17.0,0.0,0.0,0.030604574568292263,0.0
ballroom/ballroom_Media-105306/track.npy,ballroom,0.9090909090909091,0.8389674128323616,0.8389674128323616,0.8389674128323616,0.8771929824561403,0.8771929824561403,0.8771929824561403,0.8771929824561403,0.888888888888889,0.8457799662801492,0.8457799662801492,0.8457799662801492,0.9285714285714286,0.9285714285714286,0.9285714285714286,0.9285714285714286,68.0,0.0,0.0,0.08701137698962769,17.0,0.0,0.0,0.03499197314584481,0.0
ballroom/ballroom_Media-105309/track.npy,ballroom,0.9673202614379084,0.8841640756196986,0.8841640756196986,0.8841640756196986,0.9367088607594937,0.9367088607594937,0.9367088607594937,0.9367088607594937,0.9615384615384615,0.8769044909594889,0.8769044909594889,0.8769044909594889,0.9259259259259259,0.9259259259259259,0.9259259259259259,0.9259259259259259,94.0,0.0,0.0,0.1177830356563853,32.0,0.0,0.0,0.03922071315328312,0.0
ballroom/ballroom_Media-105313/track.npy,ballroom,0.6456692913385826,0.578721437275096,0.8646779062780087,0.7216996717765523,0.0,0.0,0.9318181818181818,0.9318181818181818,0.0,4.861337992426939e-40,0.6202187702150932,0.3101093851075466,0.0,0.0,0.0,0.0,53.0,0.0,0.0,0.06669137449867457,13.0,0.0,0.0,1.4432899320127035e-15,0.0
ballroom/ballroom_Media-105317/track.npy,ballroom,0.9636363636363636,0.8366692156532781,0.8366692156532781,0.8366692156532781,0.9298245614035088,0.9298245614035088,0.9298245614035088,0.9298245614035088,0.962962962962963,0.8036575940800683,0.8036575940800683,0.8036575940800683,0.9285714285714286,0.9285714285714286,0.9285714285714286,0.9285714285714286,68.0,0.0,0.0,0.08701137698962677,17.0,0.0,0.0,0.03174869831458067,0.0
ballroom/ballroom_Media-105318/track.npy,ballroom,0.9806451612903226,0.8351571190135129,0.8351571190135129,0.8351571190135129,0.8607594936708861,0.9493670886075949,0.8607594936708861,0.9493670886075949,0.9811320754716981,0.8401867320264075,0.8401867320264075,0.8401867320264075,0.9629629629629629,0.9629629629629629,0.9629629629629629,0.9629629629629629,94.0,0.0,0.0,0.11778303565638115,32.0,0.0,0.0,0.039220713153280476,0.0
ballroom/ballroom_Media-105401/track.npy,ballroom,0.9647058823529412,0.9319519616660477,0.9319519616660477,0.9319519616660477,0.9318181818181818,0.9318181818181818,0.9318181818181818,0.9318181818181818,0.9523809523809523,0.8890697918110761,0.8890697918110761,0.8890697918110761,0.9090909090909091,0.9090909090909091,0.9090909090909091,0.9090909090909091,53.0,0.0,0.0,0.06669137449867363,14.0,0.0,0.0,0.020370777096643915,0.0
ballroom/ballroom_Media-105404/track.npy,ballroom,0.909090909090909,0.8541913672003371,0.8541913672003371,0.8541913672003371,0.8913043478260869,0.8913043478260869,0.8913043478260869,0.8913043478260869,0.0,1.2534831848080654e-180,0.7998872454448993,0.39994362272244965,0.0,0.0,0.9090909090909091,0.9090909090909091,54.0,0.0,0.0,0.06899287148695304,13.0,0.0,0.0,0.03790848264468172,0.0
ballroom/ballroom_Media-105413/track.npy,ballroom,0.9635036496350364,0.9069936344238189,0.9069936344238189,0.9069936344238189,0.9295774647887324,0.9295774647887324,0.9295774647887324,0.9295774647887324,0.9411764705882353,0.836830833630414,0.836830833630414,0.836830833630414,0.8888888888888888,0.8888888888888888,0.8888888888888888,0.8888888888888888,85.0,0.0,0.0,0.10536051565782623,22.0,0.0,0.0,0.05334598070529156,0.0
ballroom/ballroom_Media-105420/track.npy,ballroom,0.9719626168224299,0.9194349966080116,0.9194349966080116,0.9194349966080116,0.9454545454545454,0.9454545454545454,0.9454545454545454,0.9454545454545454,0.962962962962963,0.9166593498220452,0.9166593498220452,0.9166593498220452,0.9285714285714286,0.9285714285714286,0.9285714285714286,0.9285714285714286,65.0,0.0,0.0,0.08338160893905111,16.0,0.0,0.0,0.03077165866675302,0.0
ballroom/ballroom_Media-105604/track.npy,ballroom,0.9622641509433962,0.9216466863382919,0.9216466863382919,0.9216466863382919,0.9272727272727272,0.9272727272727272,0.9272727272727272,0.9272727272727272,0.962962962962963,0.8891360062306269,0.8891360062306269,0.8891360062306269,0.9285714285714286,0.9285714285714286,0.9285714285714286,0.9285714285714286,66.0,0.0,0.0,0.08338160893905631,17.0,0.0,0.0,0.02061928720273636,0.0
ballroom/ballroom_Media-105605/track.npy,ballroom,0.9622641509433962,0.9360858228171314,0.9360858228171314,0.9360858228171314,0.9272727272727272,0.9272727272727272,0.9272727272727272,0.9272727272727272,0.962962962962963,0.9360268724737323,0.9360268724737323,0.9360268724737323,0.9285714285714286,0.9285714285714286,0.9285714285714286,0.9285714285714286,66.0,0.0,0.0,0.08338160893905111,17.0,0.0,0.0,0.020619287202736092,0.0
ballroom/ballroom_Media-105612/track.npy,ballroom,0.9662921348314606,0.810402256699886,0.810402256699886,0.810402256699886,0.9347826086956522,0.9347826086956522,0.9347826086956522,0.9347826086956522,0.9565217391304348,0.8142193814654207,0.8142193814654207,0.8142193814654207,0.9166666666666666,0.9166666666666666,0.9166666666666666,0.9166666666666666,55.0,0.0,0.0,0.06899287148695424,14.0,0.0,0.0,0.030065057055150064,0.0
ballroom/ballroom_Media-105702/track.npy,ballroom,0.6206896551724138,0.48361679769091376,0.7192249811813589,0.6014208894361364,0.0,0.0,0.95,0.95,0.631578947368421,0.4870979894154245,0.7119124460686973,0.5995052177420609,0.0,0.0,0.8571428571428571,0.8571428571428571,23.0,0.0,0.0,0.07197349962508903,8.0,0.0,0.0,0.026807308189359946,0.0
ballroom/ballroom_Media-105708/track.npy,ballroom,0.9605263157894737,0.9171136654626428,0.9171136654626428,0.9171136654626428,0.9240506329113924,0.9240506329113924,0.9240506329113924,0.9240506329113924,0.9600000000000001,0.9126606058693087,0.9126606058693087,0.9126606058693087,0.9230769230769231,0.9230769230769231,0.9230769230769231,0.9230769230769231,94.0,0.0,0.0,0.11778303565638337,31.0,0.0,0.0,0.03145347881044135,0.0
ballroom/ballroom_Media-105807/track.npy,ballroom,0.972972972972973,0.8960718503899033,0.8960718503899033,0.8960718503899033,0.9473684210526315,0.9473684210526315,0.9473684210526315,0.9473684210526315,1.0,0.9430576722613095,0.9430576722613095,0.9430576722613095,1.0,1.0,1.0,1.0,68.0,0.0,0.0,0.08701137698963579,17.0,0.0,0.0,0.03185058318565619,0.0
ballroom/ballroom_Media-105820/track.npy,ballroom,0.9659090909090909,0.7849181806547989,0.7849181806547989,0.7849181806547989,0.38461538461538464,0.8571428571428571,0.38461538461538464,0.8571428571428571,0.0,4.64865583595158e-41,0.7855555091706103,0.39277775458530517,0.0,0.0,0.8695652173913043,0.8695652173913043,108.0,0.0,0.0,0.06899287148694982,27.0,0.0,0.0,0.05129329438755085,0.0
ballroom/ballroom_Media-105907/track.npy,ballroom,0.9673202614379084,0.6971421748991772,0.6971421748991772,0.6971421748991772,0.9367088607594937,0.9367088607594937,0.9367088607594937,0.9367088607594937,0.9615384615384615,0.7452704645239849,0.7452704645239849,0.7452704645239849,0.9259259259259259,0.9259259259259259,0.9259259259259259,0.9259259259259259,94.0,0.0,0.0,0.11778303565638312,32.0,0.0,0.0,0.03922071315328133,0.0
ballroom/ballroom_Media-106003/track.npy,ballroom,0.9662921348314606,0.8781079738745887,0.8781079738745887,0.8781079738745887,0.9347826086956522,0.9347826086956522,0.9347826086956522,0.9347826086956522,0.9565217391304348,0.8805651149810241,0.8805651149810241,0.8805651149810241,0.9166666666666666,0.9166666666666666,0.9166666666666666,0.9166666666666666,54.0,0.0,0.0,0.06772704814339353,14.0,0.0,0.0,0.02553330200516346,0.0
ballroom/ballroom_Media-106009/track.npy,ballroom,0.9600000000000001,0.9042483702708071,0.9042483702708071,0.9042483702708071,0.9230769230769231,0.9230769230769231,0.9230769230769231,0.9230769230769231,1.0,0.9806053598903355,0.9806053598903355,0.9806053598903355,1.0,1.0,1.0,1.0,47.0,0.0,0.0,0.05884050002294161,11.0,0.0,0.0,0.011754104470646884,0.0
ballroom/ballroom_Media-106015/track.npy,ballroom,0.9655172413793104,0.8938224233507133,0.8938224233507133,0.8938224233507133,0.9333333333333333,0.9333333333333333,0.9333333333333333,0.9333333333333333,0.9444444444444444,0.8523596860855518,0.8523596860855518,0.8523596860855518,0.8947368421052632,0.8947368421052632,0.8947368421052632,0.8947368421052632,89.0,0.0,0.0,0.1112256351102244,23.0,0.0,0.0,0.02817087696669579,0.0
ballroom/ballroom_Media-106103/track.npy,ballroom,0.9719626168224299,0.9205131171959432,0.9205131171959432,0.9205131171959432,0.9454545454545454,0.9454545454545454,0.9454545454545454,0.9454545454545454,0.962962962962963,0.9060516898821439,0.9060516898821439,0.9060516898821439,0.9285714285714286,0.9285714285714286,0.9285714285714286,0.9285714285714286,66.0,0.0,0.0,0.0422989714340158,17.0,0.0,0.0,0.020619287202736224,0.0
ballroom/ballroom_Media-106110/track.npy,ballroom,0.963855421686747,0.8656567586064563,0.8656567586064563,0.8656567586064563,0.9302325581395349,0.9302325581395349,0.9302325581395349,0.9302325581395349,0.9523809523809523,0.8730593127695262,0.8730593127695262,0.8730593127695262,0.9090909090909091,0.9090909090909091,0.9090909090909091,0.9090909090909091,51.0,0.0,0.0,0.06453852113757444,13.0,0.0,0.0,0.01596884627540901,0.0
beatles/beatles_01_Please_Please_Me_02_Misery/track.npy,beatles,0.9624724061810155,0.9117590219778973,0.9117590219778973,0.9117590219778973,0.927038626609442,0.927038626609442,0.927038626609442,0.927038626609442,0.9649122807017544,0.883762328851645,0.883762328851645,0.883762328851645,0.9322033898305084,0.9322033898305084,0.9322033898305084,0.9322033898305084,244.0,0.0,0.0,0.09097177820572366,61.0,0.0,0.0,0.04445176257083333,0.0
beatles/beatles_01_Please_Please_Me_03_Anna_(Go_To_Him)/track.npy,beatles,0.9759229534510433,0.9152918785376614,0.9152918785376614,0.9152918785376614,0.9589905362776026,0.9589905362776026,0.9589905362776026,0.9589905362776026,0.9681528662420381,0.9188719409906251,0.9188719409906251,0.9188719409906251,0.9625,0.9625,0.9625,0.9625,326.0,0.0,0.0,0.07410797215373355,82.0,0.0,0.0,0.03774032798283944,0.0
beatles/beatles_01_Please_Please_Me_07_Please_Please_Me/track.npy,beatles,0.9659090909090909,0.8568789286299814,0.8568789286299814,0.8568789286299814,0.9340659340659341,0.9340659340659341,0.9340659340659341,0.9340659340659341,0.9696969696969697,0.861422740925629,0.861422740925629,0.861422740925629,0.9411764705882353,0.9411764705882353,0.9411764705882353,0.9411764705882353,285.0,0.0,0.0,0.09531017980433862,71.0,0.0,0.0,0.040873732925268295,0.0
beatles/beatles_01_Please_Please_Me_10_Baby_Its_You/track.npy,beatles,0.9840142095914742,0.8169404509198972,0.8169404509198972,0.8169404509198972,0.9685314685314685,0.9685314685314685,0.9685314685314685,0.9685314685314685,0.9857142857142858,0.8220698645897677,0.8220698645897677,0.8220698645897677,0.971830985915493,0.971830985915493,0.971830985915493,0.971830985915493,295.0,0.0,0.0,0.07410797215374451,74.0,0.0,0.0,0.028437935320534624,0.0
beatles/beatles_01_Please_Please_Me_11_Do_You_Want_To_Know_A_Secret/track.npy,beatles,0.9398663697104677,0.8748822761964621,0.8748822761964621,0.8748822761964621,0.8860759493670886,0.8860759493670886,0.8860759493670886,0.8860759493670886,0.9380530973451328,0.8496551574481476,0.8496551574481476,0.8496551574481476,0.8833333333333333,0.8833333333333333,0.8833333333333333,0.8833333333333333,247.0,0.0,0.0,0.08338160893906466,62.0,0.0,0.0,0.031274175459429766,0.0
beatles/beatles_02_With_the_Beatles_02_All_Ive_Got_To_Do/track.npy,beatles,0.9829059829059829,0.9207756732253892,0.9207756732253892,0.9207756732253892,0.9663865546218487,0.9663865546218487,0.9663865546218487,0.9663865546218487,0.983050847457627,0.9392630504697991,0.9392630504697991,0.9392630504697991,0.9666666666666667,0.9666666666666667,0.9666666666666667,0.9666666666666667,248.0,0.0,0.0,0.08004270767354893,62.0,0.0,0.0,0.029284803297179272,0.0
beatles/beatles_03_A_Hard_Days_Night_06_Tell_Me_Why/track.npy,beatles,0.9666136724960255,0.8805352566227398,0.8805352566227398,0.8805352566227398,0.934984520123839,0.934984520123839,0.934984520123839,0.934984520123839,0.9620253164556961,0.889830209351053,0.889830209351053,0.889830209351053,0.9506172839506173,0.9506172839506173,0.9506172839506173,0.9506172839506173,336.0,0.0,0.0,0.10536051565782494,84.0,0.0,0.0,0.050689665325836075,0.0
beatles/beatles_03_A_Hard_Days_Night_11_When_I_Get_Home/track.npy,beatles,0.9706959706959707,0.9073340123222149,0.9073340123222149,0.9073340123222149,0.9430604982206405,0.9430604982206405,0.9430604982206405,0.9430604982206405,0.9710144927536231,0.9194345554006321,0.9194345554006321,0.9194345554006321,0.9436619718309859,0.9436619718309859,0.9436619718309859,0.9436619718309859,292.0,0.0,0.0,0.08338160893906466,73.0,0.0,0.0,0.031093927450071113,0.0
beatles/beatles_04_Beatles_for_Sale_11_Every_Little_Thing/track.npy,beatles,0.975,0.7225538044441138,0.7225538044441138,0.7225538044441138,0.9512195121951219,0.9512195121951219,0.9512195121951219,0.9512195121951219,0.9752066115702479,0.7315513774879278,0.7315513774879278,0.7315513774879278,0.9516129032258065,0.9516129032258065,0.9516129032258065,0.9516129032258065,256.0,0.0,0.0,0.08338160893905097,64.0,0.0,0.0,0.020834086902845127,0.0
beatles/beatles_06_Rubber_Soul_07_Michelle/track.npy,beatles,0.9917081260364843,0.8694882802234415,0.8694882802234415,0.8694882802234415,0.9835526315789473,0.9835526315789473,0.9835526315789473,0.9835526315789473,0.9933774834437086,0.8471782637568097,0.8471782637568097,0.8471782637568097,0.9868421052631579,0.9868421052631579,0.9868421052631579,0.9868421052631579,314.0,0.0,0.0,0.08004270767354893,79.0,0.0,0.0,0.019802627296182762,0.0
beatles/beatles_06_Rubber_Soul_08_What_Goes_On/track.npy,beatles,0.9713193116634798,0.8643502179093123,0.8643502179093123,0.8643502179093123,0.9442379182156134,0.9442379182156134,0.9442379182156134,0.9442379182156134,0.6494845360824743,0.5760730246483704,0.859678206013722,0.7178756153310462,0.0,0.0,0.9402985074626866,0.9402985074626866,277.0,0.0,0.0,0.06453852113760372,69.0,0.0,0.0,0.02463213481574159,0.0
beatles/beatles_07_Revolver_03_Im_Only_Sleeping/track.npy,beatles,0.9496644295302014,0.7665212465117228,0.7665212465117228,0.7665212465117228,0.9372937293729373,0.9570957095709571,0.9372937293729373,0.9570957095709571,0.9466666666666667,0.7519739783721384,0.7519739783721384,0.7519739783721384,0.9736842105263158,0.9736842105263158,0.9736842105263158,0.9736842105263158,312.0,0.0,0.0,0.0689928714869561,78.0,0.0,0.0,0.03314020830431802,0.0
beatles/beatles_08_Sgt_Peppers_Lonely_Hearts_Club_Band_06_Shes_Leaving_Home/track.npy,beatles,0.8538812785388128,0.6025034910394493,0.6025034910394493,0.6025034910394493,0.24036281179138322,0.9047619047619048,0.24036281179138322,0.9047619047619048,0.2666666666666666,0.1626153387964879,0.1626153387964879,0.1626153387964879,0.0,0.0,0.0,0.0,451.0,0.0,0.0,0.08701137698962783,113.0,0.0,0.0,0.058670078468762876,0.0
beatles/beatles_08_Sgt_Peppers_Lonely_Hearts_Club_Band_09_When_Im_Sixty-Four/track.npy,beatles,0.9958041958041958,0.8487044231550521,0.8487044231550521,0.8487044231550521,0.9916434540389972,0.9916434540389972,0.9916434540389972,0.9916434540389972,0.9944134078212291,0.8483231059789217,0.8483231059789217,0.8483231059789217,0.9888888888888889,0.9888888888888889,0.9888888888888889,0.9888888888888889,370.0,0.0,0.0,0.09531017980433942,93.0,0.0,0.0,0.046520015634883616,0.0
beatles/beatles_08_Sgt_Peppers_Lonely_Hearts_Club_Band_13_A_Day_In_The_Life/track.npy,beatles,0.5399644760213144,0.45954247181380503,0.7390418500433319,0.5992921609285684,0.0,0.0,0.35877862595419846,0.7735368956743003,0.5512367491166077,0.4524340345209876,0.6867662268052989,0.5696001306631433,0.025510204081632654,0.04081632653061224,0.4642857142857143,0.7755102040816326,799.0,0.0,0.0,0.11122563511020256,200.0,0.0,0.0,0.06537494977065175,0.0
beatles/beatles_09_Magical_Mystery_Tour_05_Your_Mother_Should_Know/track.npy,beatles,0.9641577060931898,0.7868629742811479,0.7868629742811479,0.7868629742811479,0.7657342657342657,0.9370629370629371,0.7657342657342657,0.9370629370629371,0.4714285714285714,0.37069101345064903,0.4907464756441068,0.4307187445473779,0.30985915492957744,0.4647887323943662,0.30985915492957744,0.4647887323943662,296.0,0.0,0.0,0.08004270767354893,74.0,0.0,0.0,0.04900656234624113,0.0
beatles/beatles_09_Magical_Mystery_Tour_06_I_Am_The_Walrus/track.npy,beatles,0.9807938540332907,0.8718606761000293,0.8718606761000293,0.8718606761000293,0.9822335025380711,0.9822335025380711,0.9822335025380711,0.9822335025380711,0.9793814432989691,0.8738528982584842,0.8738528982584842,0.8738528982584842,0.9795918367346939,0.9795918367346939,0.9795918367346939,0.9795918367346939,401.0,0.0,0.0,0.0870113769896334,100.0,0.0,0.0,0.03640761752218217,0.0
beatles/beatles_09_Magical_Mystery_Tour_09_Penny_Lane/track.npy,beatles,0.9615975422427036,0.8317352276432283,0.8317352276432283,0.8317352276432283,0.9260355029585798,0.9260355029585798,0.9260355029585798,0.9260355029585798,0.9634146341463414,0.848706715396072,0.848706715396072,0.848706715396072,0.9294117647058824,0.9294117647058824,0.9294117647058824,0.9294117647058824,348.0,0.0,0.0,0.07696104113611357,87.0,0.0,0.0,0.028437935320534624,0.0
beatles/beatles_10_CD1_The_Beatles_05_Wild_Honey_Pie/track.npy,beatles,0.971830985915493,0.8063164708573164,0.8063164708573164,0.8063164708573164,0.9859154929577465,0.9859154929577465,0.9859154929577465,0.9859154929577465,0.5789473684210527,0.43711710891089944,0.491546338489829,0.46433172370036424,0.25,0.5,0.25,0.5,79.0,0.0,0.0,0.11778303565638153,20.0,0.0,0.0,0.027054559530704177,0.0
beatles/beatles_10_CD1_The_Beatles_06_The_Continuing_Story_of_Bungalow_Bill/track.npy,beatles,0.8653846153846154,0.724463333600847,0.724463333600847,0.724463333600847,0.3304093567251462,0.716374269005848,0.3304093567251462,0.716374269005848,0.4171779141104294,0.34509706910045573,0.5108522344702316,0.42797465178534366,0.046511627906976744,0.2558139534883721,0.1511627906976744,0.36046511627906974,352.0,0.0,0.0,0.08004270767357746,88.0,0.0,0.0,0.22125674990536243,0.0
beatles/beatles_10_CD1_The_Beatles_13_Rocky_Raccoon/track.npy,beatles,0.8083832335329342,0.7267571573815325,0.7267571573815325,0.7267571573815325,0.28354430379746837,0.4151898734177215,0.28354430379746837,0.4151898734177215,0.783132530120482,0.6817581719171152,0.692294170898155,0.6870261714076351,0.2857142857142857,0.41836734693877553,0.2857142857142857,0.41836734693877553,408.0,0.0,0.0,0.11122563511020256,102.0,0.0,0.0,0.05463299816990793,0.0
beatles/beatles_10_CD2_The_Beatles_03_Mother_Natures_Son/track.npy,beatles,0.9755011135857462,0.896499484248111,0.896499484248111,0.896499484248111,0.9519650655021834,0.9519650655021834,0.9519650655021834,0.9519650655021834,0.6547619047619048,0.6141734088970853,0.921260113345628,0.7677167611213567,0.0,0.0,0.9649122807017544,0.9649122807017544,235.0,0.0,0.0,0.08455738802809462,59.0,0.0,0.0,0.03536168569365553,0.0
beatles/beatles_11_Abbey_Road_01_Come_Together/track.npy,beatles,0.9255014326647565,0.8646311602628388,0.8646311602628388,0.8646311602628388,0.8084507042253521,0.9070422535211268,0.8084507042253521,0.9070422535211268,0.9257142857142857,0.8514725931632129,0.8514725931632129,0.8514725931632129,0.9662921348314607,0.9662921348314607,0.9662921348314607,0.9662921348314607,362.0,0.0,0.0,0.08455738802810714,91.0,0.0,0.0,0.06902848209441924,0.0
beatles/beatles_11_Abbey_Road_12_Polythene_Pam/track.npy,beatles,0.983957219251337,0.9090656151311267,0.9090656151311267,0.9090656151311267,0.5614973262032086,0.983957219251337,0.5614973262032086,0.983957219251337,1.0,0.8890877409481605,0.8890877409481605,0.8890877409481605,1.0,1.0,1.0,1.0,200.0,0.0,0.0,0.11122563511022746,50.0,0.0,0.0,0.07068425716368418,0.0
beatles/beatles_11_Abbey_Road_17_Her_Majesty/track.npy,beatles,1.0,0.9179408315972233,0.9179408315972233,0.9179408315972233,1.0,1.0,1.0,1.0,0.6956521739130436,0.6141206858456292,0.882798485903092,0.7484595858743606,0.0,0.0,1.0,1.0,39.0,0.0,0.0,0.06669137449867248,10.0,0.0,0.0,0.030787452721148148,0.0
beatles/beatles_12_Let_It_Be_04_I_Me_Mine/track.npy,beatles,0.725752508361204,0.6312352786852906,0.7218673489840564,0.6765513138346735,0.11049723756906077,0.212707182320442,0.2033898305084746,0.5720338983050848,0.5625,0.5004243795317499,0.6473943104912687,0.5739093450115094,0.008771929824561403,0.008771929824561403,0.20512820512820512,0.5769230769230769,243.0,0.0,0.0,0.12136085700426413,81.0,0.0,0.0,0.12467248376661286,0.0
beatles/beatles_12_Let_It_Be_10_The_Long_and_Winding_Road/track.npy,beatles,0.6397694524495677,0.5687793995882722,0.8489825041889134,0.7088809518885928,0.0,0.0,0.951063829787234,0.951063829787234,0.6358381502890174,0.5696719657164131,0.8653834193947213,0.7175276925555671,0.0,0.0,0.9487179487179487,0.9487179487179487,481.0,0.0,0.0,0.09097177820572497,120.0,0.0,0.0,0.03375798620453185,0.0
candombe/csic.1995_ansina1_03/track.npy,candombe,0.9038031319910514,0.7443207122080805,0.7443207122080805,0.7443207122080805,0.2696296296296296,0.9111111111111111,0.2696296296296296,0.9111111111111111,0.9047619047619048,0.7068197990753067,0.7068197990753067,0.7068197990753067,0.9881656804733728,0.9881656804733728,0.9881656804733728,0.9881656804733728,687.0,0.0,0.0,0.09531017980433942,172.0,0.0,0.0,0.04801497017927915,0.0
candombe/csic.1995_ansina2_01/track.npy,candombe,0.9926470588235294,0.8963275479628104,0.8963275479628104,0.8963275479628104,0.9854014598540146,0.9854014598540146,0.9854014598540146,0.9854014598540146,0.9941176470588234,0.8503280765954851,0.8503280765954851,0.8503280765954851,0.9883040935672515,0.9883040935672515,0.9883040935672515,0.9883040935672515,696.0,0.0,0.0,0.09097177820577373,174.0,0.0,0.0,0.04445176257082506,0.0
candombe/csic.1995_ansina2_04/track.npy,candombe,0.9928909952606635,0.9069364903027934,0.9069364903027934,0.9069364903027934,0.9858823529411764,0.9858823529411764,0.9858823529411764,0.9858823529411764,0.9952606635071091,0.8800294248676241,0.8800294248676241,0.8800294248676241,0.9905660377358491,0.9905660377358491,0.9905660377358491,0.9905660377358491,861.0,0.0,0.0,0.09531017980430556,215.0,0.0,0.0,0.0465200156349167,0.0
candombe/csic.1995_cuareim_02/track.npy,candombe,0.9943360604153556,0.9360155451250531,0.9360155451250531,0.9360155451250531,0.9887359198998749,0.9887359198998749,0.9887359198998749,0.9887359198998749,0.9949748743718593,0.9198035350383466,0.9198035350383466,0.9198035350383466,0.99,0.99,0.99,0.99,810.0,0.0,0.0,0.09531017980430556,203.0,0.0,0.0,0.046520015634883616,0.0
candombe/zavala.muniz.2014_41/track.npy,candombe,0.43338213762811123,0.37688142472722075,0.37688142472722075,0.37688142472722075,0.12209302325581395,0.4563953488372093,0.12209302325581395,0.4563953488372093,0.0,5.212772404603461e-25,5.212772404603461e-25,5.212772404603461e-25,0.023255813953488372,0.06976744186046512,0.023255813953488372,0.06976744186046512,352.0,0.0,0.0,0.06899287148694443,88.0,0.0,0.0,0.05730966250449088,0.0
filosax/filosax_05/track.npy,filosax,0.9722703639514731,0.8876935208085038,0.8876935208085038,0.8876935208085038,0.4054982817869416,0.9604810996563574,0.4054982817869416,0.9604810996563574,0.2777777777777778,0.25346531452920995,0.4182290985884857,0.3358472065588478,0.2689655172413793,0.2689655172413793,0.4068965517241379,0.4068965517241379,590.0,0.0,0.0,0.0769610411361662,147.0,0.0,0.0,0.04476407810449313,0.0
filosax/filosax_18/track.npy,filosax,0.989423076923077,0.8963216894891322,0.8963216894891322,0.8963216894891322,0.49714285714285716,0.98,0.49714285714285716,0.98,0.9904030710172744,0.877163580150836,0.877163580150836,0.877163580150836,0.9809885931558935,0.9809885931558935,0.9809885931558935,0.9809885931558935,1063.0,0.0,0.0,0.11122563511020256,266.0,0.0,0.0,0.05406722127028407,0.0
filosax/filosax_22/track.npy,filosax,0.5081967213114754,0.45894772388482113,0.45894772388482113,0.45894772388482113,0.0,0.0,0.08247422680412371,0.08247422680412371,0.5050505050505051,0.44937419184629085,0.44937419184629085,0.44937419184629085,0.0,0.0,0.0821917808219178,0.0821917808219178,428.0,0.0,0.0,0.06725380422128092,107.0,0.0,0.0,0.03715185423487844,0.0
filosax/filosax_26/track.npy,filosax,0.9838440111420613,0.8734705738587568,0.8734705738587568,0.8734705738587568,0.9682017543859649,0.9682017543859649,0.9682017543859649,0.9682017543859649,0.9844097995545658,0.8426013221858616,0.8426013221858616,0.8426013221858616,0.9692982456140351,0.9692982456140351,0.9692982456140351,0.9692982456140351,924.0,0.0,0.0,0.10008345855698919,231.0,0.0,0.0,0.04915171886551842,0.0
filosax/filosax_35/track.npy,filosax,0.9517326732673267,0.843416678078469,0.843416678078469,0.843416678078469,0.4796044499381953,0.9443757725587144,0.4796044499381953,0.9443757725587144,0.46153846153846156,0.4005020070119177,0.5586645124469883,0.47958325972945304,0.31683168316831684,0.4603960396039604,0.4801980198019802,0.4801980198019802,820.0,0.0,0.0,0.0870113769896157,205.0,0.0,0.0,0.04301738508368991,0.0
filosax/filosax_37/track.npy,filosax,0.981062919975565,0.8508010818476515,0.8508010818476515,0.8508010818476515,0.40963855421686746,0.9674698795180723,0.40963855421686746,0.9674698795180723,0.9779951100244499,0.8207790490180484,0.8207790490180484,0.8207790490180484,0.9758454106280193,0.9758454106280193,0.9758454106280193,0.9758454106280193,842.0,0.0,0.0,0.09531017980437662,210.0,0.0,0.0,0.047804994981911896,0.0
filosax/filosax_38/track.npy,filosax,0.9845708775313404,0.8668376179522345,0.8668376179522345,0.8668376179522345,0.6828110161443495,0.9667616334283001,0.6828110161443495,0.9667616334283001,0.9846153846153847,0.8632830828733,0.8632830828733,0.8632830828733,0.9696969696969697,0.9696969696969697,0.9696969696969697,0.9696969696969697,1067.0,0.0,0.0,0.11778303565638115,267.0,0.0,0.0,0.05971923470161884,0.0
groove_midi/drummer10_session1_3_jazz-swing_215_beat_4-4/track.npy,groove_midi,0.6374501992031872,0.5107510379012054,0.5515207175628957,0.5311358777320505,0.0,0.0,0.7023809523809523,0.7023809523809523,0.19047619047619047,0.13799036626052968,0.20698554939079453,0.17248795782566212,0.0,0.0,1.0,1.0,93.0,0.0,0.0,0.074107972153727,24.0,0.0,0.0,0.07491498590348034,0.0
groove_midi/drummer1_eval_session_3_soul-groove3_86_beat_4-4/track.npy,groove_midi,1.0,0.811700251424528,0.811700251424528,0.811700251424528,1.0,1.0,1.0,1.0,1.0,0.7703292065291071,0.7703292065291071,0.7703292065291071,1.0,1.0,1.0,1.0,65.0,0.0,0.0,0.08419428929295356,17.0,0.0,0.0,0.021661496781178013,0.0
groove_midi/drummer1_eval_session_7_pop-groove7_138_beat_4-4/track.npy,groove_midi,0.9904761904761905,0.7574615093745587,0.7574615093745587,0.7574615093745587,0.9811320754716981,0.9811320754716981,0.9811320754716981,0.9811320754716981,0.962962962962963,0.7547111928615922,0.7547111928615922,0.7547111928615922,0.9285714285714286,0.9285714285714286,0.9285714285714286,0.9285714285714286,65.0,0.0,0.0,0.09531017980432288,17.0,0.0,0.0,0.03795835612551156,0.0
groove_midi/drummer1_eval_session_8_rock-groove8_65_beat_4-4/track.npy,groove_midi,0.6628571428571429,0.6165544156778212,0.9148622733281194,0.7657083445029703,0.0,0.0,0.9829059829059829,0.9829059829059829,0.6511627906976745,0.5843707744079363,0.8899659178411775,0.7371683461245568,0.0,0.0,0.9310344827586207,0.9310344827586207,128.0,0.0,0.0,0.08701137698963579,32.0,0.0,0.0,0.027431566989709565,0.0
groove_midi/drummer1_session1_38_latin-samba_116_beat_4-4/track.npy,groove_midi,0.9268292682926829,0.6647385682825131,0.6647385682825131,0.6647385682825131,0.9902912621359223,0.9902912621359223,0.9902912621359223,0.9902912621359223,0.9803921568627451,0.6859750060553197,0.6859750060553197,0.6859750060553197,0.9615384615384616,0.9615384615384616,0.9615384615384616,0.9615384615384616,113.0,0.0,0.0,0.07696104113612678,29.0,0.0,0.0,0.02918552867205456,0.0
groove_midi/drummer1_session2_32_punk_140_beat_4-4/track.npy,groove_midi,0.0,7.823801550323474e-05,0.8341123117406172,0.4170952748780602,0.0,0.0,0.7735294117647059,0.9941176470588236,0.0,3.355333035153133e-05,3.355333035153133e-05,3.355333035153133e-05,1.0,1.0,1.0,1.0,352.0,0.0,0.0,0.09531017980432333,88.0,0.0,0.0,0.04693063705220607,0.0
groove_midi/drummer1_session2_5_jazz_200_beat_3-4/track.npy,groove_midi,0.6619718309859155,0.6199183469858257,0.9290596847216456,0.7744890158537356,0.0,0.0,0.9947368421052631,0.9947368421052631,0.656084656084656,0.6264312999781299,0.9396469499671948,0.7830391249726623,0.0,0.0,1.0,1.0,198.0,0.0,0.0,0.06669137449868245,66.0,0.0,0.0,0.022223136784713375,0.0
groove_midi/drummer1_session3_12_latin-bomba_96_beat_4-4/track.npy,groove_midi,0.6312399355877617,0.5685272841810456,0.5685272841810456,0.5685272841810456,0.31896551724137934,0.5603448275862069,0.31896551724137934,0.5603448275862069,0.6410256410256409,0.5877747633643328,0.5877747633643328,0.5877747633643328,0.3218390804597701,0.5632183908045977,0.3218390804597701,0.5632183908045977,281.0,0.0,0.0,0.06475380647371153,71.0,0.0,0.0,0.27970329123080573,0.0
groove_midi/drummer1_session3_17_afrocuban-calypso_108_beat_4-4/track.npy,groove_midi,0.9953596287703016,0.7603099288325159,0.7603099288325159,0.7603099288325159,0.9976798143851509,0.9976798143851509,0.9976798143851509,0.9976798143851509,0.9953488372093023,0.7564403261085213,0.7564403261085213,0.7564403261085213,0.9907407407407407,0.9907407407407407,0.9907407407407407,0.9907407407407407,441.0,0.0,0.0,0.07145896398215923,111.0,0.0,0.0,0.027053574607528483,0.0
groove_midi/drummer1_session3_18_rock_128_beat_4-4/track.npy,groove_midi,0.9948892674616695,0.883625767143316,0.883625767143316,0.883625767143316,0.9965986394557823,0.9965986394557823,0.9965986394557823,0.9965986394557823,0.9931972789115647,0.8699064527698213,0.8699064527698213,0.8699064527698213,0.9864864864864865,0.9864864864864865,0.9864864864864865,0.9864864864864865,305.0,0.0,0.0,0.08701137698963156,77.0,0.0,0.0,0.03208831455150217,0.0
groove_midi/drummer1_session3_3_rock-rockabilly_200_beat_4-4/track.npy,groove_midi,0.6658014276443868,0.6203417558482499,0.9308146501860829,0.7755782030171664,0.0,0.0,0.9980544747081712,0.9980544747081712,0.6649350649350649,0.625045914899908,0.9363528297138699,0.7806993723068889,0.0,0.0,0.9922480620155039,0.9922480620155039,523.0,0.0,0.0,0.06669137449870699,131.0,0.0,0.0,0.01666705248520839,0.0
groove_midi/drummer1_session3_4_jazz-linear_182_beat_4-4/track.npy,groove_midi,0.36932241250930753,0.2856243941998956,0.3452437290332525,0.31543406161657406,0.0125,0.0575,0.09760589318600368,0.12154696132596685,0.16071428571428573,0.1288883357418006,0.1717364733612301,0.15031240455151534,0.03,0.055,0.1323529411764706,0.19852941176470587,548.0,0.0,0.0,0.11778303565642725,137.0,0.0,0.0,0.1309275458527451,0.0
groove_midi/drummer1_session3_9_rock_135_beat_4-4/track.npy,groove_midi,0.9954022988505747,0.9190416118011698,0.9190416118011698,0.9190416118011698,0.9908466819221968,0.9908466819221968,0.9908466819221968,0.9908466819221968,0.995433789954338,0.9212295358787025,0.9212295358787025,0.9212295358787025,0.990909090909091,0.990909090909091,0.990909090909091,0.990909090909091,449.0,0.0,0.0,0.09097177820577373,113.0,0.0,0.0,0.033901551675681096,0.0
groove_midi/drummer3_session1_7_rock_105_beat_4-4/track.npy,groove_midi,1.0,0.8504296185554556,0.8504296185554556,0.8504296185554556,1.0,1.0,1.0,1.0,1.0,0.8933159073386788,0.8933159073386788,0.8933159073386788,1.0,1.0,1.0,1.0,61.0,0.0,0.0,0.07145896398214371,16.0,0.0,0.0,0.03478611608541536,0.0
groove_midi/drummer3_session1_8_jazz_105_beat_4-4/track.npy,groove_midi,0.9590163934426229,0.8101311733307792,0.8101311733307792,0.8101311733307792,0.967479674796748,0.967479674796748,0.967479674796748,0.967479674796748,0.9666666666666667,0.8260763314866938,0.8260763314866938,0.8260763314866938,1.0,1.0,1.0,1.0,132.0,0.0,0.0,0.07145896398214968,33.0,0.0,0.0,0.030762288439713015,0.0
groove_midi/drummer3_session2_16_rock_100_beat_4-4/track.npy,groove_midi,1.0,0.9480512621951221,0.9480512621951221,0.9480512621951221,1.0,1.0,1.0,1.0,1.0,0.9284763754860015,0.9284763754860015,0.9284763754860015,1.0,1.0,1.0,1.0,104.0,0.0,0.0,0.06669137449866491,26.0,0.0,0.0,0.01666705248521384,0.0
groove_midi/drummer3_session2_6_rock_100_beat_4-4/track.npy,groove_midi,0.9333333333333333,0.8745817846256403,0.8745817846256403,0.8745817846256403,0.875,0.875,0.875,0.875,0.9333333333333333,0.8863320943671746,0.8863320943671746,0.8863320943671746,0.875,0.875,0.875,0.875,41.0,0.0,0.0,0.06669137449867238,11.0,0.0,0.0,0.016667052485212386,0.0
groove_midi/drummer5_eval_session_10_soul-groove10_102_beat_4-4/track.npy,groove_midi,0.9909909909909909,0.9246398996663652,0.9246398996663652,0.9246398996663652,0.9821428571428571,0.9821428571428571,0.9821428571428571,0.9821428571428571,0.962962962962963,0.9091884681178541,0.9091884681178541,0.9091884681178541,0.9285714285714286,0.9285714285714286,0.9285714285714286,0.9285714285714286,65.0,0.0,0.0,0.06669137449867613,17.0,0.0,0.0,0.019590439650364812,0.0
groove_midi/drummer5_eval_session_6_hiphop-groove6_87_beat_4-4/track.npy,groove_midi,1.0,0.8981430904775668,0.8981430904775668,0.8981430904775668,1.0,1.0,1.0,1.0,1.0,0.8748151043136848,0.8748151043136848,0.8748151043136848,1.0,1.0,1.0,1.0,64.0,0.0,0.0,0.08701137698963007,16.0,0.0,0.0,0.02898753687325125,0.0
groove_midi/drummer5_eval_session_8_rock-groove8_65_beat_4-4/track.npy,groove_midi,0.6590909090909091,0.5665383129598446,0.8490615362093421,0.7077999245845934,0.0,0.0,0.9745762711864406,0.9745762711864406,0.6363636363636364,0.5745644758097336,0.8595690956599548,0.7170667857348442,0.0,0.0,0.9,0.9,129.0,0.0,0.0,0.0870113769896346,33.0,0.0,0.0,0.02162309592868189,0.0
groove_midi/drummer5_session1_20_latin-brazilian-baiao_110_beat_4-4/track.npy,groove_midi,0.2646744930629669,0.19806620744123116,0.3785056937155481,0.2882859505783896,0.03018867924528302,0.05660377358490566,0.21132075471698114,0.24528301886792453,0.11063829787234042,0.08645248152734657,0.09361249472088608,0.09003248812411632,0.045112781954887216,0.07518796992481203,0.22556390977443608,0.23308270676691728,539.0,0.0,0.0,0.11122563511020256,135.0,0.0,0.0,0.08298205559038663,0.0
groove_midi/drummer5_session1_7_latin-brazilian-maracatu_96_beat_4-4/track.npy,groove_midi,0.9137055837563451,0.6106111593632279,0.6106111593632279,0.6106111593632279,0.850632911392405,0.9772151898734177,0.850632911392405,0.9772151898734177,0.9035532994923858,0.605647934250732,0.605647934250732,0.605647934250732,0.98989898989899,0.98989898989899,0.98989898989899,0.98989898989899,404.0,0.0,0.0,0.06453852113760372,101.0,0.0,0.0,0.039845908547198425,0.0
groove_midi/drummer5_session2_21_latin-brazilian-ijexa_108_beat_4-4/track.npy,groove_midi,0.6404494382022471,0.5459691852594301,0.8166597897157861,0.681314487487608,0.0,0.0,0.9833333333333333,0.9833333333333333,0.0,5.357379299493427e-152,0.5579781622666772,0.2789890811333386,0.0,0.0,0.0,0.0,65.0,0.0,0.0,0.08697399303554178,16.0,0.0,0.0,0.03891445184922436,0.0
groove_midi/drummer5_session2_5_reggae_126_beat_4-4/track.npy,groove_midi,0.9973684210526316,0.8393006260073292,0.8393006260073292,0.8393006260073292,1.0,1.0,1.0,1.0,0.0,1.667765363475884e-25,2.1362065896744256e-25,1.9019859765751547e-25,0.0,0.0,0.0,0.0,391.0,0.0,0.0,0.08555946976936747,98.0,0.0,0.0,0.04211148535012549,0.0
groove_midi/drummer6_session1_5_rock_60_beat_6-8/track.npy,groove_midi,0.48704663212435234,0.33885315959603574,0.33885315959603574,0.33885315959603574,0.0,0.0,0.0,0.0,0.17777777777777778,0.10756491952747545,0.11805905801796086,0.11281198877271816,0.0,0.0,0.0,0.0,156.0,0.0,0.0,0.08004270767356858,39.0,0.0,0.0,0.03407473244836352,0.0
groove_midi/drummer6_session3_1_rock_90_beat_4-4/track.npy,groove_midi,0.9006622516556291,0.6615744812667596,0.6615744812667596,0.6615744812667596,0.9868421052631579,0.9868421052631579,0.9868421052631579,0.9868421052631579,0.0,3.449519720070697e-215,0.6706836505948967,0.3353418252974483,0.0,0.0,0.9473684210526315,0.9473684210526315,83.0,0.0,0.0,0.060624621816455115,21.0,0.0,0.0,0.0317868580738432,0.0
groove_midi/drummer6_session3_3_rock_100_beat_4-4/track.npy,groove_midi,0.9489489489489489,0.6947519793312588,0.6947519793312588,0.6947519793312588,0.9940119760479041,0.9940119760479041,0.9940119760479041,0.9940119760479041,0.9156626506024096,0.676729175821858,0.676729175821858,0.676729175821858,1.0,1.0,1.0,1.0,343.0,0.0,0.0,0.06669137449868245,86.0,0.0,0.0,0.03186762109142078,0.0
groove_midi/drummer6_session3_7_rock_88_beat_4-4/track.npy,groove_midi,0.9655172413793104,0.7493470251441098,0.7493470251441098,0.7493470251441098,0.9885714285714285,0.9885714285714285,0.9885714285714285,0.9885714285714285,0.9545454545454546,0.7656136516510471,0.7656136516510471,0.7656136516510471,1.0,1.0,1.0,1.0,183.0,0.0,0.0,0.08701137698962802,46.0,0.0,0.0,0.029413885206292623,0.0
groove_midi/drummer7_session1_13_funk_102_beat_4-4/track.npy,groove_midi,0.9523809523809523,0.6635908337280394,0.6635908337280394,0.6635908337280394,0.96875,0.96875,0.96875,0.96875,0.9743589743589743,0.654270671126512,0.654270671126512,0.654270671126512,0.95,0.95,0.95,0.95,169.0,0.0,0.0,0.06899287148696052,43.0,0.0,0.0,0.025533302005165792,0.0
groove_midi/drummer7_session1_14_jazz_100_beat_4-4/track.npy,groove_midi,0.989010989010989,0.7636327768836245,0.7636327768836245,0.7636327768836245,0.9782608695652174,0.9782608695652174,0.9782608695652174,0.9782608695652174,0.0,3.7239310831212355e-178,0.7449738255319279,0.37248691276596396,0.0,0.0,0.9130434782608695,0.9130434782608695,100.0,0.0,0.0,0.06669137449867674,25.0,0.0,0.0,0.016667052485213985,0.0
groove_midi/drummer7_session1_38_hiphop_100_beat_4-4/track.npy,groove_midi,0.9859154929577464,0.8067239887167574,0.8067239887167574,0.8067239887167574,0.9722222222222222,0.9722222222222222,0.9722222222222222,0.9722222222222222,0.0,6.480743049800928e-44,6.480743049800928e-44,6.480743049800928e-44,0.0,0.0,0.0,0.0,44.0,0.0,0.0,0.06669137449867374,11.0,0.0,0.0,0.00836824967051759,0.0
groove_midi/drummer7_session1_8_rock_93_beat_4-4/track.npy,groove_midi,0.9227722772277228,0.7568769446539082,0.7568769446539082,0.7568769446539082,0.9960474308300395,0.9960474308300395,0.9960474308300395,0.9960474308300395,0.9133858267716536,0.7482726085235868,0.7482726085235868,0.7482726085235868,0.984375,0.984375,0.984375,0.984375,261.0,0.0,0.0,0.09237332013101884,66.0,0.0,0.0,0.046466319554135875,0.0
groove_midi/drummer7_session2_15_rock_118_beat_4-4/track.npy,groove_midi,0.9907834101382489,0.8864352917580623,0.8864352917580623,0.8864352917580623,0.9817351598173516,0.9817351598173516,0.9817351598173516,0.9817351598173516,0.9908256880733944,0.8933866883712712,0.8933866883712712,0.8933866883712712,0.9818181818181818,0.9818181818181818,0.9818181818181818,0.9818181818181818,229.0,0.0,0.0,0.08004270767353472,58.0,0.0,0.0,0.03922071315328046,0.0
groove_midi/drummer7_session2_37_rock_112_beat_4-4/track.npy,groove_midi,0.9919678714859438,0.7688610443987324,0.7688610443987324,0.7688610443987324,0.9840637450199203,0.9840637450199203,0.9840637450199203,0.9840637450199203,0.9919999999999999,0.7925497287432052,0.7925497287432052,0.7925497287432052,0.9841269841269841,0.9841269841269841,0.9841269841269841,0.9841269841269841,261.0,0.0,0.0,0.07696104113611489,66.0,0.0,0.0,0.03738753207161949,0.0
groove_midi/drummer7_session2_45_rock_135_beat_4-4/track.npy,groove_midi,0.9966329966329966,0.905393886777057,0.905393886777057,0.905393886777057,0.9932885906040269,0.9932885906040269,0.9932885906040269,0.9932885906040269,0.9866666666666666,0.8990751434592835,0.8990751434592835,0.8990751434592835,0.9736842105263158,0.9736842105263158,0.9736842105263158,0.9736842105263158,161.0,0.0,0.0,0.09097177820574003,41.0,0.0,0.0,0.04495138786226548,0.0
groove_midi/drummer7_session2_64_rock_145_beat_4-4/track.npy,groove_midi,0.989010989010989,0.846881915409743,0.846881915409743,0.846881915409743,0.9782608695652174,0.9782608695652174,0.9782608695652174,0.9782608695652174,0.989010989010989,0.842949936085842,0.842949936085842,0.842949936085842,0.9782608695652174,0.9782608695652174,0.9782608695652174,0.9782608695652174,197.0,0.0,0.0,0.10008345855698339,50.0,0.0,0.0,0.04406004164142952,0.0
groove_midi/drummer7_session3_106_hiphop_70_beat_4-4/track.npy,groove_midi,0.6590909090909091,0.4642530664355773,0.69205987230651,0.5781564693710437,0.0,0.0,1.0,1.0,0.6222222222222223,0.4188922696352203,0.6778942644901099,0.5483932670626651,0.0,0.0,0.9666666666666667,0.9666666666666667,129.0,0.0,0.0,0.09531017980433143,33.0,0.0,0.0,0.04652001563489594,0.0
groove_midi/drummer7_session3_119_rock_95_beat_4-4/track.npy,groove_midi,0.9795918367346939,0.7814478508163731,0.7814478508163731,0.7814478508163731,0.96,0.96,0.96,0.96,0.923076923076923,0.7916059371510408,0.7916059371510408,0.7916059371510408,0.8571428571428571,0.8571428571428571,0.8571428571428571,0.8571428571428571,33.0,0.0,0.0,0.0784559206342971,9.0,0.0,0.0,0.021363573379008488,0.0
groove_midi/drummer7_session3_159_soul_98_beat_4-4/track.npy,groove_midi,0.9873417721518987,0.7781452747885311,0.7781452747885311,0.7781452747885311,0.975,0.975,0.975,0.975,0.9473684210526316,0.7833531776800765,0.7833531776800765,0.7833531776800765,0.9,0.9,0.9,0.9,49.0,0.0,0.0,0.06669137449866973,13.0,0.0,0.0,0.024591816299334213,0.0
groove_midi/drummer7_session3_38_hiphop_67_beat_4-4/track.npy,groove_midi,0.6631016042780749,0.5010076213711427,0.7557207020426087,0.6283641617068757,0.0,0.0,0.984,0.984,0.6382978723404256,0.5178664960433883,0.7107252131109026,0.6142958545771455,0.0,0.0,0.90625,0.90625,137.0,0.0,0.0,0.09097177820572594,35.0,0.0,0.0,0.033522692038641576,0.0
groove_midi/drummer7_session3_92_hiphop_70_beat_4-4/track.npy,groove_midi,0.6568421052631579,0.523427171064643,0.7991767365974697,0.6613019538310563,0.0,0.0,0.49842271293375395,0.9905362776025236,0.6554621848739496,0.5025110140745043,0.7708347761029447,0.6366728950887245,0.0,0.0,0.9625,0.9625,329.0,0.0,0.0,0.09531017980434059,83.0,0.0,0.0,0.04652001563490016,0.0
groove_midi/drummer8_eval_session_2_funk-groove2_105_beat_4-4/track.npy,groove_midi,0.9909909909909909,0.9429856614834368,0.9429856614834368,0.9429856614834368,0.9821428571428571,0.9821428571428571,0.9821428571428571,0.9821428571428571,0.962962962962963,0.9098109301534805,0.9098109301534805,0.9098109301534805,0.9285714285714286,0.9285714285714286,0.9285714285714286,0.9285714285714286,65.0,0.0,0.0,0.06782219956505083,17.0,0.0,0.0,0.02620237239402201,0.0
groove_midi/drummer8_eval_session_3_soul-groove3_86_beat_4-4/track.npy,groove_midi,0.9911504424778761,0.880817093085397,0.880817093085397,0.880817093085397,0.9824561403508771,0.9824561403508771,0.9824561403508771,0.9824561403508771,0.9655172413793104,0.8105493907368349,0.8105493907368349,0.8105493907368349,0.9333333333333333,0.9333333333333333,0.9333333333333333,0.9333333333333333,65.0,0.0,0.0,0.05884050002292174,17.0,0.0,0.0,0.023796737111838398,0.0
groove_midi/drummer8_session1_13_latin_118_beat_4-4/track.npy,groove_midi,0.7584830339321358,0.6511606922402238,0.6511606922402238,0.6511606922402238,0.6335877862595419,0.6374045801526718,0.6335877862595419,0.6374045801526718,0.6719999999999999,0.5624217656090352,0.5624217656090352,0.5624217656090352,0.6461538461538462,0.6461538461538462,0.6461538461538462,0.6461538461538462,249.0,0.0,0.0,0.08004270767355849,63.0,0.0,0.0,0.05884050002293395,0.0
groove_midi/drummer8_session1_1_funk_95_beat_4-4/track.npy,groove_midi,1.0,0.9113177884429217,0.9113177884429217,0.9113177884429217,1.0,1.0,1.0,1.0,1.0,0.9242590685955762,0.9242590685955762,0.9242590685955762,1.0,1.0,1.0,1.0,416.0,0.0,0.0,0.06453852113760372,104.0,0.0,0.0,0.03149866705937005,0.0
groove_midi/drummer8_session1_23_hiphop_70_beat_4-4/track.npy,groove_midi,0.6656488549618321,0.6061792288492733,0.9001392934452225,0.753159261147248,0.0,0.0,0.9954233409610984,0.9954233409610984,0.6585365853658536,0.6011277028252605,0.8995841977076522,0.7503559502664563,0.0,0.0,0.9727272727272728,0.9727272727272728,449.0,0.0,0.0,0.09531017980430556,113.0,0.0,0.0,0.046520015634883616,0.0
groove_midi/drummer8_session1_24_funk-latin_100_beat_4-4/track.npy,groove_midi,0.9920255183413078,0.9054586008347222,0.9054586008347222,0.9054586008347222,0.9904761904761905,0.9904761904761905,0.9904761904761905,0.9904761904761905,0.9871794871794872,0.8903323052559727,0.8903323052559727,0.8903323052559727,1.0,1.0,1.0,1.0,324.0,0.0,0.0,0.06669137449868245,81.0,0.0,0.0,0.024897551621725533,0.0
groove_midi/drummer8_session1_2_funk_95_beat_4-4/track.npy,groove_midi,1.0,0.882089067225746,0.882089067225746,0.882089067225746,1.0,1.0,1.0,1.0,1.0,0.9064497507418057,0.9064497507418057,0.9064497507418057,1.0,1.0,1.0,1.0,256.0,0.0,0.0,0.06453852113755787,64.0,0.0,0.0,0.03953083875663288,0.0
groove_midi/drummer9_session1_18_rock_120_beat_4-4/track.npy,groove_midi,0.9855072463768115,0.741722747881887,0.741722747881887,0.741722747881887,0.9714285714285714,0.9714285714285714,0.9714285714285714,0.9714285714285714,1.0,0.7291823232112896,0.7291823232112896,0.7291823232112896,1.0,1.0,1.0,1.0,44.0,0.0,0.0,0.08004270767353816,11.0,0.0,0.0,0.020000666706669556,0.0
groove_midi/drummer9_session1_19_rock_120_beat_4-4/track.npy,groove_midi,0.9848484848484849,0.8996702027230451,0.8996702027230451,0.8996702027230451,0.9848484848484849,0.9848484848484849,0.9848484848484849,0.9848484848484849,0.9696969696969697,0.8789170173000338,0.8789170173000338,0.8789170173000338,0.9411764705882353,0.9411764705882353,0.9411764705882353,0.9411764705882353,77.0,0.0,0.0,0.08004270767354893,20.0,0.0,0.0,0.03342960157913526,0.0
groove_midi/drummer9_session1_1_rock_100_beat_4-4/track.npy,groove_midi,0.972972972972973,0.9062093629978509,0.9062093629978509,0.9062093629978509,0.9473684210526315,0.9473684210526315,0.9473684210526315,0.9473684210526315,0.972972972972973,0.8859751155413601,0.8859751155413601,0.8859751155413601,0.9473684210526315,0.9473684210526315,0.9473684210526315,0.9473684210526315,85.0,0.0,0.0,0.06669137449867218,22.0,0.0,0.0,0.0170995902601667,0.0
guitarset/00_BN1-147-Gb_comp_mix/track.npy,guitarset,0.9859154929577464,0.8242415090903094,0.8242415090903094,0.8242415090903094,0.9722222222222222,0.9722222222222222,0.9722222222222222,0.9722222222222222,0.9411764705882353,0.7841575919829517,0.7841575919829517,0.7841575919829517,0.8888888888888888,0.8888888888888888,0.8888888888888888,0.8888888888888888,49.0,0.0,0.0,0.05129329438754941,13.0,0.0,0.0,0.04303077948333203,0.0
guitarset/00_Rock1-90-C#_comp_mix/track.npy,guitarset,0.9876543209876543,0.8255479054654806,0.8255479054654806,0.8255479054654806,0.975609756097561,0.975609756097561,0.975609756097561,0.975609756097561,0.9523809523809523,0.7650045251267971,0.7650045251267971,0.7650045251267971,0.9090909090909091,0.9090909090909091,0.9090909090909091,0.9090909090909091,49.0,0.0,0.0,0.08961215868968525,13.0,0.0,0.0,0.03745756253489996,0.0
guitarset/00_SS3-84-Bb_comp_mix/track.npy,guitarset,0.9565217391304347,0.7252042131475452,0.7252042131475452,0.7252042131475452,0.9827586206896551,0.9827586206896551,0.9827586206896551,0.9827586206896551,0.9655172413793104,0.7274210206608044,0.7274210206608044,0.7274210206608044,0.9333333333333333,0.9333333333333333,0.9333333333333333,0.9333333333333333,65.0,0.0,0.0,0.08455738802806587,17.0,0.0,0.0,0.028032959519693736,0.0
guitarset/01_Jazz1-200-B_comp_mix/track.npy,guitarset,0.6382978723404255,0.6082970815170676,0.9222568655166195,0.7652769735168435,0.0,0.0,0.9375,0.9375,0.5454545454545454,0.5240903459244728,0.8235705435956,0.6738304447600364,0.0,0.0,0.75,0.75,25.0,0.0,0.0,0.0634123922163727,7.0,0.0,0.0,0.008354360299352548,0.0
guitarset/01_Jazz2-187-F#_comp_mix/track.npy,guitarset,0.6575342465753424,0.6151749200713974,0.9164850850040408,0.7658300025377192,0.0,0.0,0.96,0.96,0.631578947368421,0.565829704832676,0.8269818762939111,0.6964057905632935,0.0,0.0,0.8571428571428571,0.8571428571428571,33.0,0.0,0.0,0.06252035698133615,9.0,0.0,0.0,0.020994410758683496,0.0
guitarset/01_Rock1-130-A_comp_mix/track.npy,guitarset,0.9866666666666666,0.8177299331437738,0.8177299331437738,0.8177299331437738,0.9736842105263158,0.9736842105263158,0.9736842105263158,0.9736842105263158,0.9473684210526316,0.7583574942774118,0.7583574942774118,0.7583574942774118,0.9,0.9,0.9,0.9,49.0,0.0,0.0,0.08978365784089946,13.0,0.0,0.0,0.02173998663640675,0.0
guitarset/02_BN3-154-E_comp_mix/track.npy,guitarset,0.9902912621359222,0.9348195998692954,0.9348195998692954,0.9348195998692954,0.9807692307692307,0.9807692307692307,0.9807692307692307,0.9807692307692307,0.9600000000000001,0.9170601654617043,0.9170601654617043,0.9170601654617043,0.9230769230769231,0.9230769230769231,0.9230769230769231,0.9230769230769231,65.0,0.0,0.0,0.10008345855698877,17.0,0.0,0.0,0.02564243061333593,0.0
guitarset/02_Funk2-108-Eb_comp_mix/track.npy,guitarset,0.9908256880733944,0.8902108829890434,0.8902108829890434,0.8902108829890434,0.9818181818181818,0.9818181818181818,0.9818181818181818,0.9818181818181818,1.0,0.909513791331257,0.909513791331257,0.909513791331257,1.0,1.0,1.0,1.0,64.0,0.0,0.0,0.0739755217451419,16.0,0.0,0.0,0.027150989065951037,0.0
guitarset/02_Funk2-119-G_comp_mix/track.npy,guitarset,0.9454545454545454,0.8584910659292635,0.8584910659292635,0.8584910659292635,0.6785714285714286,0.9285714285714286,0.6785714285714286,0.9285714285714286,0.22222222222222224,0.19146076864036224,0.19146076864036224,0.19146076864036224,0.2857142857142857,0.2857142857142857,0.2857142857142857,0.2857142857142857,66.0,0.0,0.0,0.11262282164878165,17.0,0.0,0.0,0.13218533088062764,0.0
guitarset/02_Funk3-98-A_comp_mix/track.npy,guitarset,0.9909909909909909,0.8840257766522511,0.8840257766522511,0.8840257766522511,0.9821428571428571,0.9821428571428571,0.9821428571428571,0.9821428571428571,0.962962962962963,0.8721113088201133,0.8721113088201133,0.8721113088201133,0.9285714285714286,0.9285714285714286,0.9285714285714286,0.9285714285714286,64.0,0.0,0.0,0.0665837318306045,16.0,0.0,0.0,0.03020686108748108,0.0
guitarset/02_Jazz3-150-C_comp_mix/track.npy,guitarset,0.9902912621359222,0.914998015248385,0.914998015248385,0.914998015248385,0.9807692307692307,0.9807692307692307,0.9807692307692307,0.9807692307692307,0.9600000000000001,0.8941982654473761,0.8941982654473761,0.8941982654473761,0.9230769230769231,0.9230769230769231,0.9230769230769231,0.9230769230769231,65.0,0.0,0.0,0.10008345855698919,17.0,0.0,0.0,0.028823009938647788,0.0
guitarset/02_Rock2-142-D_comp_mix/track.npy,guitarset,0.9904761904761905,0.8523804827589132,0.8523804827589132,0.8523804827589132,0.9811320754716981,0.9811320754716981,0.9811320754716981,0.9811320754716981,0.962962962962963,0.8319098568796804,0.8319098568796804,0.8319098568796804,0.9285714285714286,0.9285714285714286,0.9285714285714286,0.9285714285714286,65.0,0.0,0.0,0.0953101798043271,17.0,0.0,0.0,0.03509131981127034,0.0
guitarset/03_Funk1-114-Ab_comp_mix/track.npy,guitarset,0.9870129870129869,0.904680413554646,0.904680413554646,0.904680413554646,0.9743589743589743,0.9743589743589743,0.9743589743589743,0.9743589743589743,0.9473684210526316,0.8528078001620463,0.8528078001620463,0.8528078001620463,0.9,0.9,0.9,0.9,49.0,0.0,0.0,0.10334289201696091,13.0,0.0,0.0,0.04275104256342782,0.0
guitarset/03_Funk2-108-Eb_comp_mix/track.npy,guitarset,0.9818181818181818,0.8620063636189434,0.8620063636189434,0.8620063636189434,0.9818181818181818,0.9818181818181818,0.9818181818181818,0.9818181818181818,0.962962962962963,0.8903835749378638,0.8903835749378638,0.8903835749378638,0.9285714285714286,0.9285714285714286,0.9285714285714286,0.9285714285714286,65.0,0.0,0.0,0.07410797215373255,17.0,0.0,0.0,0.02353960430319269,0.0
guitarset/03_Funk2-119-G_comp_mix/track.npy,guitarset,0.9908256880733944,0.8809449860327097,0.8809449860327097,0.8809449860327097,0.9818181818181818,0.9818181818181818,0.9818181818181818,0.9818181818181818,0.962962962962963,0.8428084038485194,0.8428084038485194,0.8428084038485194,0.9285714285714286,0.9285714285714286,0.9285714285714286,0.9285714285714286,65.0,0.0,0.0,0.08004270767353816,17.0,0.0,0.0,0.039456099591405835,0.0
guitarset/03_Funk3-112-C#_comp_mix/track.npy,guitarset,0.9908256880733944,0.8522540482852269,0.8522540482852269,0.8522540482852269,0.9818181818181818,0.9818181818181818,0.9818181818181818,0.9818181818181818,0.962962962962963,0.8547990527123189,0.8547990527123189,0.8547990527123189,0.9285714285714286,0.9285714285714286,0.9285714285714286,0.9285714285714286,65.0,0.0,0.0,0.07410797215372356,17.0,0.0,0.0,0.03738753207161962,0.0
guitarset/03_Rock1-130-A_comp_mix/track.npy,guitarset,0.9866666666666666,0.7727179967860116,0.7727179967860116,0.7727179967860116,0.9736842105263158,0.9736842105263158,0.9736842105263158,0.9736842105263158,0.9473684210526316,0.7619149410988978,0.7619149410988978,0.7619149410988978,0.9,0.9,0.9,0.9,49.0,0.0,0.0,0.0870113769896318,13.0,0.0,0.0,0.02162309592868472,0.0
guitarset/03_Rock3-117-Bb_comp_mix/track.npy,guitarset,0.9908256880733944,0.8956169849724656,0.8956169849724656,0.8956169849724656,0.9818181818181818,0.9818181818181818,0.9818181818181818,0.9818181818181818,0.962962962962963,0.8766430837045922,0.8766430837045922,0.8766430837045922,0.9285714285714286,0.9285714285714286,0.9285714285714286,0.9285714285714286,65.0,0.0,0.0,0.07973454101979409,17.0,0.0,0.0,0.032457375515065626,0.0
guitarset/03_SS1-100-C#_comp_mix/track.npy,guitarset,0.9873417721518987,0.9308212949141074,0.9308212949141074,0.9308212949141074,0.975,0.975,0.975,0.975,0.9473684210526316,0.8978934326671959,0.8978934326671959,0.8978934326671959,0.9,0.9,0.9,0.9,49.0,0.0,0.0,0.06669137449867321,13.0,0.0,0.0,0.008368249670517136,0.0
guitarset/03_SS3-84-Bb_comp_mix/track.npy,guitarset,1.0,0.8080390250632153,0.8080390250632153,0.8080390250632153,1.0,1.0,1.0,1.0,1.0,0.7810317938480427,0.7810317938480427,0.7810317938480427,1.0,1.0,1.0,1.0,64.0,0.0,0.0,0.11122563511022682,16.0,0.0,0.0,0.03484673133016829,0.0
guitarset/04_BN1-147-Gb_comp_mix/track.npy,guitarset,0.0,7.24155667773038e-05,0.8598781032307866,0.42997525939878195,0.0,0.0,0.9444444444444444,0.9444444444444444,0.0,5.570032599358323e-06,5.570032599358323e-06,5.570032599358323e-06,0.8888888888888888,0.8888888888888888,0.8888888888888888,0.8888888888888888,48.0,0.0,0.0,0.10008345855698811,12.0,0.0,0.0,0.03808517628562702,0.0
guitarset/04_Funk2-119-G_comp_mix/track.npy,guitarset,0.9908256880733944,0.8980788001225478,0.8980788001225478,0.8980788001225478,0.9818181818181818,0.9818181818181818,0.9818181818181818,0.9818181818181818,0.962962962962963,0.8596254451641562,0.8596254451641562,0.8596254451641562,0.9285714285714286,0.9285714285714286,0.9285714285714286,0.9285714285714286,65.0,0.0,0.0,0.08004270767353781,17.0,0.0,0.0,0.03960913809504496,0.0
guitarset/05_BN2-166-Ab_comp_mix/track.npy,guitarset,0.99009900990099,0.8747798809862679,0.8747798809862679,0.8747798809862679,0.9803921568627451,0.9803921568627451,0.9803921568627451,0.9803921568627451,0.9600000000000001,0.8104288093776293,0.8104288093776293,0.8104288093776293,0.9230769230769231,0.9230769230769231,0.9230769230769231,0.9230769230769231,65.0,0.0,0.0,0.11122563511022676,17.0,0.0,0.0,0.027513151163802874,0.0
guitarset/05_BN3-154-E_comp_mix/track.npy,guitarset,0.9902912621359222,0.8740204946339862,0.8740204946339862,0.8740204946339862,0.9807692307692307,0.9807692307692307,0.9807692307692307,0.9807692307692307,0.9600000000000001,0.8333751149273658,0.8333751149273658,0.8333751149273658,0.9230769230769231,0.9230769230769231,0.9230769230769231,0.9230769230769231,65.0,0.0,0.0,0.10483280994773622,17.0,0.0,0.0,0.05149322775049917,0.0
guitarset/05_Funk3-98-A_comp_mix/track.npy,guitarset,0.23684210526315788,0.18446256205159106,0.18446256205159106,0.18446256205159106,0.0,0.0,0.03571428571428571,0.03571428571428571,0.2,0.10808995704237181,0.16629224160364894,0.13719109932301038,0.0,0.0,0.5714285714285714,0.7142857142857143,24.0,0.0,0.0,0.13384575136925805,8.0,0.0,0.0,0.15034948111878305,0.0
guitarset/05_Jazz2-187-F#_comp_mix/track.npy,guitarset,0.6027397260273972,0.45957205206902013,0.684668565573054,0.572120308821037,0.0,0.0,0.96,0.96,0.4,0.3321720674738239,0.3383888165572836,0.33528044201555374,0.0,0.0,0.0,0.0,33.0,0.0,0.0,0.0625203569813354,11.0,0.0,0.0,0.0598712135090035,0.0
guitarset/05_Rock3-117-Bb_comp_mix/track.npy,guitarset,0.9908256880733944,0.9128700021966569,0.9128700021966569,0.9128700021966569,0.9818181818181818,0.9818181818181818,0.9818181818181818,0.9818181818181818,0.962962962962963,0.9078252435269955,0.9078252435269955,0.9078252435269955,0.9285714285714286,0.9285714285714286,0.9285714285714286,0.9285714285714286,65.0,0.0,0.0,0.039220713153287345,17.0,0.0,0.0,0.02250704466189748,0.0
hainsworth/hainsworth_007/track.npy,hainsworth,0.26,0.19689933684241062,0.2338786043755063,0.21538897060895845,0.0,0.0,0.024390243902439025,0.024390243902439025,0.07407407407407408,0.07403066313005097,0.09991687815020374,0.08697377064012735,0.14285714285714285,0.2857142857142857,0.23076923076923078,0.2857142857142857,45.0,0.0,0.0,0.0767016980599883,15.0,0.0,0.0,0.09027524778165102,0.0
hainsworth/hainsworth_019/track.npy,hainsworth,1.0,0.934872861417488,0.934872861417488,0.934872861417488,1.0,1.0,1.0,1.0,1.0,0.8923116890293382,0.8923116890293382,0.8923116890293382,1.0,1.0,1.0,1.0,64.0,0.0,0.0,0.08455738802806134,16.0,0.0,0.0,0.028468904657553088,0.0
hainsworth/hainsworth_020/track.npy,hainsworth,1.0,0.9575213447434532,0.9575213447434532,0.9575213447434532,1.0,1.0,1.0,1.0,1.0,0.9351294652801964,0.9351294652801964,0.9351294652801964,1.0,1.0,1.0,1.0,114.0,0.0,0.0,0.07410797215372678,29.0,0.0,0.0,0.0184680750375255,0.0
hainsworth/hainsworth_035/track.npy,hainsworth,0.48366013071895425,0.4090006172900162,0.4090006172900162,0.4090006172900162,0.0,0.0,0.27450980392156865,0.47058823529411764,0.13953488372093026,0.11942673135842405,0.11942673135842405,0.11942673135842405,0.0,0.0,0.11764705882352941,0.11764705882352941,54.0,0.0,0.0,0.10536051565782163,18.0,0.0,0.0,0.15232883096007976,0.0
hainsworth/hainsworth_042/track.npy,hainsworth,0.99581589958159,0.936406177135853,0.936406177135853,0.936406177135853,0.9916666666666667,0.9916666666666667,0.9916666666666667,0.9916666666666667,1.0,0.9063938063068027,0.9063938063068027,0.9063938063068027,1.0,1.0,1.0,1.0,133.0,0.0,0.0,0.10008345855697987,33.0,0.0,0.0,0.05507955527286207,0.0
hainsworth/hainsworth_054/track.npy,hainsworth,0.9633507853403142,0.9346608434228775,0.9346608434228775,0.9346608434228775,0.9583333333333334,0.9583333333333334,0.9583333333333334,0.9583333333333334,0.9583333333333334,0.9337588046947917,0.9337588046947917,0.9337588046947917,1.0,1.0,1.0,1.0,107.0,0.0,0.0,0.08004270767354893,26.0,0.0,0.0,0.03857341554435572,0.0
hainsworth/hainsworth_057/track.npy,hainsworth,0.5439999999999999,0.4357546333284978,0.4357546333284978,0.4357546333284978,0.0,0.0,0.3488372093023256,0.3953488372093023,0.0,1.3011992422293047e-47,0.0360345457228523,0.01801727286142615,0.0,0.0,0.05263157894736842,0.05263157894736842,46.0,0.0,0.0,0.12056755414153861,15.0,0.0,0.0,0.08915615424618441,0.0
hainsworth/hainsworth_059/track.npy,hainsworth,1.0,0.9180128355646755,0.9180128355646755,0.9180128355646755,1.0,1.0,1.0,1.0,1.0,0.9220961362087182,0.9220961362087182,0.9220961362087182,1.0,1.0,1.0,1.0,107.0,0.0,0.0,0.0689928714869561,36.0,0.0,0.0,0.03468555798788867,0.0
hainsworth/hainsworth_079/track.npy,hainsworth,0.9914529914529915,0.8870207021802559,0.8870207021802559,0.8870207021802559,0.9829059829059829,0.9829059829059829,0.9829059829059829,0.9829059829059829,1.0,0.8651279318241688,0.8651279318241688,0.8651279318241688,1.0,1.0,1.0,1.0,130.0,0.0,0.0,0.10351354567253156,32.0,0.0,0.0,0.02564243061334007,0.0
hainsworth/hainsworth_092/track.npy,hainsworth,1.0,0.9195911602660852,0.9195911602660852,0.9195911602660852,1.0,1.0,1.0,1.0,1.0,0.9451958937987105,0.9451958937987105,0.9451958937987105,1.0,1.0,1.0,1.0,138.0,0.0,0.0,0.10536051565780458,35.0,0.0,0.0,0.030673943496081005,0.0
hainsworth/hainsworth_103/track.npy,hainsworth,0.5588235294117647,0.46068574918585387,0.6803462853783795,0.5705160172821166,0.0,0.0,0.29927007299270075,0.7956204379562044,0.3137254901960785,0.27924755722732864,0.40191453922232917,0.34058104822482893,0.0,0.0,0.5,0.5,151.0,0.0,0.0,0.11122563511024208,37.0,0.0,0.0,0.05077930667523077,0.0
hainsworth/hainsworth_111/track.npy,hainsworth,0.3433476394849786,0.23326698618469974,0.3570412741018187,0.2951541301432592,0.0,0.0,0.005405405405405406,0.016216216216216217,0.4857142857142858,0.3354223106599716,0.5082364982322485,0.42182940444611006,0.0,0.0,0.9574468085106383,0.9574468085106383,155.0,0.0,0.0,0.11122563511024208,52.0,0.0,0.0,0.03846628082779544,0.0
hainsworth/hainsworth_120/track.npy,hainsworth,0.6692307692307693,0.5751497213418629,0.8594072765100382,0.7172784989259506,0.0,0.0,1.0,1.0,0.0,3.028460592570425e-07,3.2750930852568475e-06,1.788969572256945e-06,0.0,0.0,0.9545454545454546,0.9545454545454546,98.0,0.0,0.0,0.09097177820573288,25.0,0.0,0.0,0.04288203181069564,0.0
hainsworth/hainsworth_128/track.npy,hainsworth,0.16666666666666666,0.12184822437862719,0.12869669097414344,0.1252724576763853,0.06557377049180328,0.09836065573770492,0.06557377049180328,0.09836065573770492,0.3125,0.19888312704014519,0.19888312704014519,0.19888312704014519,0.5,0.5,0.5,0.5,50.0,0.0,0.0,0.11778303565637989,17.0,0.0,0.0,0.1314825381568557,0.0
hainsworth/hainsworth_147/track.npy,hainsworth,1.0,0.9605564065418272,0.9605564065418272,0.9605564065418272,1.0,1.0,1.0,1.0,1.0,0.9614646097272013,0.9614646097272013,0.9614646097272013,1.0,1.0,1.0,1.0,67.0,0.0,0.0,0.06453852113756964,17.0,0.0,0.0,0.018371895198577494,0.0
hainsworth/hainsworth_150/track.npy,hainsworth,0.6938775510204083,0.6307596532847886,0.6724614579763324,0.6516105556305605,0.3023255813953488,0.32558139534883723,0.38016528925619836,0.38016528925619836,0.3243243243243243,0.2951918341041476,0.5812051153260258,0.4381984747150867,0.0,0.0,0.3448275862068966,0.3448275862068966,97.0,0.0,0.0,0.09531017980433143,25.0,0.0,0.0,0.07177740397921414,0.0
hainsworth/hainsworth_158/track.npy,hainsworth,1.0,0.9522942354074481,0.9522942354074481,0.9522942354074481,1.0,1.0,1.0,1.0,0.0,4.023488235154833e-95,0.937546772798934,0.468773386399467,0.0,0.0,0.9583333333333334,0.9583333333333334,106.0,0.0,0.0,0.09465941956453601,27.0,0.0,0.0,0.03272442828187122,0.0
hainsworth/hainsworth_161/track.npy,hainsworth,1.0,0.9400673881401633,0.9400673881401633,0.9400673881401633,1.0,1.0,1.0,1.0,1.0,0.9596835442160468,0.9596835442160468,0.9596835442160468,1.0,1.0,1.0,1.0,76.0,0.0,0.0,0.06322671443602178,19.0,0.0,0.0,0.015748356968139476,0.0
hainsworth/hainsworth_162/track.npy,hainsworth,1.0,0.9234627999813133,0.9234627999813133,0.9234627999813133,1.0,1.0,1.0,1.0,1.0,0.8504828254096443,0.8504828254096443,0.8504828254096443,1.0,1.0,1.0,1.0,85.0,0.0,0.0,0.08455738802806617,21.0,0.0,0.0,0.029550209179931466,0.0
hainsworth/hainsworth_172/track.npy,hainsworth,1.0,0.9545956746561826,0.9545956746561826,0.9545956746561826,1.0,1.0,1.0,1.0,0.0,2.3257403498257435e-121,0.9426101124945286,0.4713050562472643,0.0,0.0,0.9615384615384616,0.9615384615384616,114.0,0.0,0.0,0.08338160893905311,28.0,0.0,0.0,0.020834086902841026,0.0
hainsworth/hainsworth_173/track.npy,hainsworth,1.0,0.9615497731712541,0.9615497731712541,0.9615497731712541,1.0,1.0,1.0,1.0,1.0,0.9475897234275034,0.9475897234275034,0.9475897234275034,1.0,1.0,1.0,1.0,107.0,0.0,0.0,0.08338160893904922,26.0,0.0,0.0,0.0397201028144427,0.0
hainsworth/hainsworth_175/track.npy,hainsworth,1.0,0.9681265965073372,0.9681265965073372,0.9681265965073372,1.0,1.0,1.0,1.0,1.0,0.9828520005596367,0.9828520005596367,0.9828520005596367,1.0,1.0,1.0,1.0,102.0,0.0,0.0,0.08338160893905089,25.0,0.0,0.0,0.010471299867297001,0.0
hainsworth/hainsworth_185/track.npy,hainsworth,1.0,0.9546925313943107,0.9546925313943107,0.9546925313943107,1.0,1.0,1.0,1.0,1.0,0.943452534596369,0.943452534596369,0.943452534596369,1.0,1.0,1.0,1.0,80.0,0.0,0.0,0.06669137449867418,20.0,0.0,0.0,0.024692612590370023,0.0
hainsworth/hainsworth_190/track.npy,hainsworth,0.9868421052631579,0.8582717377479853,0.8582717377479853,0.8582717377479853,1.0,1.0,1.0,1.0,0.6666666666666666,0.5755906695015484,0.8633860042523226,0.7194883368769355,0.0,0.0,1.0,1.0,83.0,0.0,0.0,0.0870113769896334,21.0,0.0,0.0,0.0526159577316118,0.0
hainsworth/hainsworth_195/track.npy,hainsworth,1.0,0.8970409213445826,0.8970409213445826,0.8970409213445826,1.0,1.0,1.0,1.0,1.0,0.9015631658412856,0.9015631658412856,0.9015631658412856,1.0,1.0,1.0,1.0,81.0,0.0,0.0,0.11441035117773293,20.0,0.0,0.0,0.046312329630020556,0.0
hainsworth/hainsworth_197/track.npy,hainsworth,0.6666666666666666,0.6101071518138786,0.9151607277205316,0.7626339397672051,0.0,0.0,1.0,1.0,0.6666666666666666,0.6189515093599797,0.9284272640399696,0.7736893866999746,0.0,0.0,1.0,1.0,80.0,0.0,0.0,0.09672145066200549,20.0,0.0,0.0,0.015151805020602089,0.0
hainsworth/hainsworth_200/track.npy,hainsworth,0.9726027397260274,0.9084977317858361,0.9084977317858361,0.9084977317858361,0.8082191780821918,0.9863013698630136,0.8082191780821918,0.9863013698630136,1.0,0.9346833030917165,0.9346833030917165,0.9346833030917165,1.0,1.0,1.0,1.0,82.0,0.0,0.0,0.07145896398214668,21.0,0.0,0.0,0.0351397346237143,0.0
hainsworth/hainsworth_201/track.npy,hainsworth,1.0,0.8382494545492616,0.8382494545492616,0.8382494545492616,1.0,1.0,1.0,1.0,1.0,0.8781685370649202,0.8781685370649202,0.8781685370649202,1.0,1.0,1.0,1.0,79.0,0.0,0.0,0.08701137698962372,26.0,0.0,0.0,0.08088517877627535,0.0
hainsworth/hainsworth_207/track.npy,hainsworth,0.35211267605633806,0.29448774124286886,0.4487658322468202,0.3716267867448445,0.0,0.0,0.0,0.0,0.2978723404255319,0.2504318153741733,0.42036769009236236,0.33539975273326783,0.0,0.0,0.0,0.0,32.0,0.0,0.0,0.09455326405310542,11.0,0.0,0.0,0.1423146494307849,0.0
hainsworth/hainsworth_228/track.npy,hainsworth,1.0,0.9677872243343989,0.9677872243343989,0.9677872243343989,1.0,1.0,1.0,1.0,1.0,0.9731834467276448,0.9731834467276448,0.9731834467276448,1.0,1.0,1.0,1.0,124.0,0.0,0.0,0.07145896398214358,31.0,0.0,0.0,0.026340903198503993,0.0
hainsworth/hainsworth_232/track.npy,hainsworth,1.0,0.9375688320862665,0.9375688320862665,0.9375688320862665,1.0,1.0,1.0,1.0,1.0,0.9518960486747732,0.9518960486747732,0.9518960486747732,1.0,1.0,1.0,1.0,119.0,0.0,0.0,0.08338160893904922,30.0,0.0,0.0,0.03692692253926533,0.0
hainsworth/hainsworth_243/track.npy,hainsworth,1.0,0.9319448660845749,0.9319448660845749,0.9319448660845749,1.0,1.0,1.0,1.0,0.0,1.5743262095348527e-76,0.9113349541787019,0.45566747708935096,0.0,0.0,0.9354838709677419,0.9354838709677419,135.0,0.0,0.0,0.10008345855698919,34.0,0.0,0.0,0.03871451218069072,0.0
hainsworth/hainsworth_244/track.npy,hainsworth,1.0,0.8769798397281635,0.8769798397281635,0.8769798397281635,1.0,1.0,1.0,1.0,0.0,2.4430969952965947e-187,0.9071521661099281,0.45357608305496405,0.0,0.0,1.0,1.0,61.0,0.0,0.0,0.06669137449867106,15.0,0.0,0.0,0.0393499913701026,0.0
harmonix/0015_babygotback/track.npy,harmonix,1.0,0.930121818530356,0.930121818530356,0.930121818530356,1.0,1.0,1.0,1.0,1.0,0.9295264398665948,0.9295264398665948,0.9295264398665948,1.0,1.0,1.0,1.0,313.0,0.0,0.0,0.08338160893904922,79.0,0.0,0.0,0.0320883145514985,0.0
harmonix/0020_becauseofyou/track.npy,harmonix,0.9884057971014493,0.948949629272167,0.948949629272167,0.948949629272167,0.9770773638968482,0.9770773638968482,0.9770773638968482,0.9770773638968482,0.9885057471264368,0.9322763013488597,0.9322763013488597,0.9322763013488597,0.9772727272727273,0.9772727272727273,0.9772727272727273,0.9772727272727273,358.0,0.0,0.0,0.07410797215371565,90.0,0.0,0.0,0.018459579582576324,0.0
harmonix/0038_bringmetolife/track.npy,harmonix,0.9835164835164835,0.8815438625663681,0.8815438625663681,0.8815438625663681,0.7780821917808219,0.9780821917808219,0.7780821917808219,0.9780821917808219,0.9891304347826086,0.8868933915461119,0.8868933915461119,0.8868933915461119,0.7717391304347826,0.9782608695652174,0.7717391304347826,0.9782608695652174,373.0,0.0,0.0,0.09531017980428175,94.0,0.0,0.0,0.03984590854720081,0.0
harmonix/0044_cameraeye/track.npy,harmonix,0.8919883230619527,0.8171875011950216,0.8171875011950216,0.8171875011950216,0.15708812260536398,0.8192848020434227,0.15708812260536398,0.8192848020434227,0.7681940700808625,0.7113359330608188,0.7113359330608188,0.7113359330608188,0.24802110817941952,0.6886543535620053,0.24802110817941952,0.6886543535620053,1521.0,0.0,0.0,0.11122563511028605,380.0,0.0,0.0,0.07243435060525646,0.0
harmonix/0063_daysgoby/track.npy,harmonix,0.7964989059080964,0.6423549437774131,0.6423549437774131,0.6423549437774131,0.7381974248927039,0.7381974248927039,0.7381974248927039,0.7381974248927039,0.7652173913043477,0.6076255489351173,0.6076255489351173,0.6076255489351173,0.864406779661017,0.864406779661017,0.864406779661017,0.864406779661017,247.0,0.0,0.0,0.1112256351102221,62.0,0.0,0.0,0.07272539349331603,0.0
harmonix/0078_donttouchme/track.npy,harmonix,0.9987293519695045,0.8956430062304837,0.8956430062304837,0.8956430062304837,0.9974619289340102,0.9974619289340102,0.9974619289340102,0.9974619289340102,1.0,0.8975145809714971,0.8975145809714971,0.8975145809714971,1.0,1.0,1.0,1.0,403.0,0.0,0.0,0.07696104113613,101.0,0.0,0.0,0.03774032798284664,0.0
harmonix/0086_escapade/track.npy,harmonix,0.9962756052141527,0.956342937224243,0.956342937224243,0.956342937224243,0.9925788497217068,0.9925788497217068,0.9925788497217068,0.9925788497217068,1.0,0.966075424390367,0.966075424390367,0.966075424390367,1.0,1.0,1.0,1.0,548.0,0.0,0.0,0.07696104113613988,137.0,0.0,0.0,0.019231361927887748,0.0
harmonix/0090_fearofthedarklive/track.npy,harmonix,0.9238527483610691,0.8393707552773074,0.8393707552773074,0.8393707552773074,0.7029702970297029,0.8900990099009901,0.7029702970297029,0.8900990099009901,0.9072580645161291,0.8345794316234694,0.8345794316234694,0.8345794316234694,0.8932806324110671,0.8972332015810277,0.8932806324110671,0.8972332015810277,1022.0,0.0,0.0,0.11122563511011929,256.0,0.0,0.0,0.06304898086142281,0.0
harmonix/0092_fergalicious/track.npy,harmonix,0.9991902834008096,0.9739328062674784,0.9739328062674784,0.9739328062674784,0.9983818770226537,0.9983818770226537,0.9983818770226537,0.9983818770226537,0.9967637540453074,0.969761950747897,0.969761950747897,0.969761950747897,0.9935483870967742,0.9935483870967742,0.9935483870967742,0.9935483870967742,629.0,0.0,0.0,0.08701137698961359,158.0,0.0,0.0,0.021506205220974794,0.0
harmonix/0099_forgetyou/track.npy,harmonix,0.9923830250272035,0.94492149274463,0.94492149274463,0.94492149274463,0.9848812095032398,0.9848812095032398,0.9848812095032398,0.9848812095032398,0.9956331877729258,0.9492425540096259,0.9492425540096259,0.9492425540096259,0.991304347826087,0.991304347826087,0.991304347826087,0.991304347826087,473.0,0.0,0.0,0.08338160893905078,118.0,0.0,0.0,0.03208831455149855,0.0
harmonix/0101_galang/track.npy,harmonix,1.0,0.8086425354615548,0.8086425354615548,0.8086425354615548,1.0,1.0,1.0,1.0,1.0,0.8088324187116639,0.8088324187116639,0.8088324187116639,1.0,1.0,1.0,1.0,227.0,0.0,0.0,0.06669137449868245,57.0,0.0,0.0,0.016807118316383818,0.0
harmonix/0104_getbusy/track.npy,harmonix,0.9980582524271845,0.8076953650695173,0.8076953650695173,0.8076953650695173,0.9961240310077519,0.9961240310077519,0.9961240310077519,0.9961240310077519,0.9922480620155039,0.8416125090839103,0.8416125090839103,0.8416125090839103,0.9846153846153847,0.9846153846153847,0.9846153846153847,0.9846153846153847,266.0,0.0,0.0,0.06669137449868245,67.0,0.0,0.0,0.016807118316388613,0.0
harmonix/0108_getup/track.npy,harmonix,0.9767441860465116,0.912643754074408,0.912643754074408,0.912643754074408,0.9679715302491103,0.9733096085409253,0.9679715302491103,0.9733096085409253,0.974910394265233,0.9034193058623927,0.9034193058623927,0.9034193058623927,0.9785714285714285,0.9785714285714285,0.9785714285714285,0.9785714285714285,570.0,0.0,0.0,0.07410797215370624,142.0,0.0,0.0,0.03636764417087437,0.0
harmonix/0113_giveituptome/track.npy,harmonix,0.9767441860465115,0.7546211841443473,0.7546211841443473,0.7546211841443473,0.9621848739495799,0.9621848739495799,0.9621848739495799,0.9621848739495799,0.01680672268907563,0.015942148746325758,0.7643607054438868,0.39015142709510625,0.0,0.0,0.95,0.95,246.0,0.0,0.0,0.06453852113757995,62.0,0.0,0.0,0.031761399953153614,0.0
harmonix/0125_hellogoodmorning/track.npy,harmonix,1.0,0.8950375293844088,0.8950375293844088,0.8950375293844088,1.0,1.0,1.0,1.0,1.0,0.9195036781498632,0.9195036781498632,0.9195036781498632,1.0,1.0,1.0,1.0,288.0,0.0,0.0,0.06899287148695912,72.0,0.0,0.0,0.017391742711870477,0.0
harmonix/0129_hotinherre/track.npy,harmonix,0.9664694280078895,0.9081331220875853,0.9081331220875853,0.9081331220875853,0.9645669291338582,0.9645669291338582,0.9645669291338582,0.9645669291338582,0.96875,0.8889085599360631,0.8889085599360631,0.8889085599360631,1.0,1.0,1.0,1.0,262.0,0.0,0.0,0.07145896398214358,66.0,0.0,0.0,0.01785761740000924,0.0
harmonix/0130_hotstuff/track.npy,harmonix,1.0,0.9002570022770593,0.9002570022770593,0.9002570022770593,1.0,1.0,1.0,1.0,1.0,0.8762295667889757,0.8762295667889757,0.8762295667889757,1.0,1.0,1.0,1.0,282.0,0.0,0.0,0.08004270767354893,71.0,0.0,0.0,0.02020270731751759,0.0
harmonix/0137_iknowyouwantme/track.npy,harmonix,1.0,0.8897412526500132,0.8897412526500132,0.8897412526500132,1.0,1.0,1.0,1.0,1.0,0.8508019491615327,0.8508019491615327,0.8508019491615327,1.0,1.0,1.0,1.0,281.0,0.0,0.0,0.08338160893906466,71.0,0.0,0.0,0.03174869831458149,0.0
harmonix/0164_low/track.npy,harmonix,0.9984962406015038,0.8532544385614054,0.8532544385614054,0.8532544385614054,0.996996996996997,0.996996996996997,0.996996996996997,0.996996996996997,0.9940119760479043,0.8369091214965609,0.8369091214965609,0.8369091214965609,0.9880952380952381,0.9880952380952381,0.9880952380952381,0.9880952380952381,343.0,0.0,0.0,0.08701137698961237,86.0,0.0,0.0,0.02127739844728383,0.0
harmonix/0167_makesomenoise/track.npy,harmonix,0.9955022488755623,0.9395644165668563,0.9395644165668563,0.9395644165668563,0.991044776119403,0.991044776119403,0.991044776119403,0.991044776119403,1.0,0.9463020480778507,0.9463020480778507,0.9463020480778507,1.0,1.0,1.0,1.0,344.0,0.0,0.0,0.06453852113760372,86.0,0.0,0.0,0.024491020008301743,0.0
harmonix/0173_massiveattack/track.npy,harmonix,0.587360594795539,0.4742136639860799,0.7095926515296357,0.5919031577578577,0.0,0.0,0.45706371191135736,0.8476454293628809,0.5925925925925926,0.47325324099969696,0.7306363976649508,0.6019448193323239,0.0,0.0,0.9888888888888889,0.9888888888888889,375.0,0.0,0.0,0.11778303565640176,94.0,0.0,0.0,0.05791535262229388,0.0
harmonix/0177_milkshake/track.npy,harmonix,1.0,0.9040674288545033,0.9040674288545033,0.9040674288545033,1.0,1.0,1.0,1.0,1.0,0.8634279298752677,0.8634279298752677,0.8634279298752677,1.0,1.0,1.0,1.0,261.0,0.0,0.0,0.07410797215373355,65.0,0.0,0.0,0.028411229485151568,0.0
harmonix/0190_newfang/track.npy,harmonix,0.8389830508474576,0.6974427625047174,0.6974427625047174,0.6974427625047174,0.3267605633802817,0.8225352112676056,0.3267605633802817,0.8225352112676056,0.7752808988764045,0.6113472141000101,0.6113472141000101,0.6113472141000101,0.7415730337078652,0.8876404494382022,0.7415730337078652,0.8876404494382022,363.0,0.0,0.0,0.06669137449861218,91.0,0.0,0.0,0.08408311721054251,0.0
harmonix/0200_oceansize/track.npy,harmonix,0.948586118251928,0.8775391960214642,0.8775391960214642,0.8775391960214642,0.9137055837563451,0.9416243654822335,0.9137055837563451,0.9416243654822335,0.9484536082474228,0.8854204407975331,0.8854204407975331,0.8854204407975331,0.9387755102040817,0.9591836734693877,0.9387755102040817,0.9591836734693877,403.0,0.0,0.0,0.09237332013101313,101.0,0.0,0.0,0.06686234618872579,0.0
harmonix/0201_oh/track.npy,harmonix,1.0,0.8597541691372711,0.8597541691372711,0.8597541691372711,1.0,1.0,1.0,1.0,1.0,0.8448544338093933,0.8448544338093933,0.8448544338093933,1.0,1.0,1.0,1.0,358.0,0.0,0.0,0.0953101798043734,90.0,0.0,0.0,0.048202101817875063,0.0
harmonix/0223_reallove/track.npy,harmonix,1.0,0.727517156216362,0.727517156216362,0.727517156216362,1.0,1.0,1.0,1.0,0.0,3.1108605959233503e-200,0.7400740806425109,0.37003704032125545,0.0,0.0,0.9838709677419355,0.9838709677419355,256.0,0.0,0.0,0.06453852113755837,64.0,0.0,0.0,0.031356539441522974,0.0
harmonix/0226_rendezvu/track.npy,harmonix,0.9315673289183224,0.7637912907613797,0.7637912907613797,0.7637912907613797,0.871900826446281,0.871900826446281,0.871900826446281,0.871900826446281,0.9380530973451328,0.7056440355292045,0.7056440355292045,0.7056440355292045,0.8833333333333333,0.8833333333333333,0.8833333333333333,0.8833333333333333,252.0,0.0,0.0,0.08338160893906466,63.0,0.0,0.0,0.03141619623338743,0.0
harmonix/0239_sandm/track.npy,harmonix,0.9984447900466563,0.8828185457626914,0.8828185457626914,0.8828185457626914,0.9968944099378882,0.9968944099378882,0.9968944099378882,0.9968944099378882,0.0,1.3435290588537154e-109,0.8683654734067716,0.4341827367033858,0.0,0.0,1.0,1.0,333.0,0.0,0.0,0.08338160893905117,83.0,0.0,0.0,0.04255961441878764,0.0
harmonix/0240_sandstorm/track.npy,harmonix,1.0,0.8306045086456773,0.8306045086456773,0.8306045086456773,1.0,1.0,1.0,1.0,0.0,6.9207145295241e-94,0.7815640479209387,0.39078202396046935,0.0,0.0,1.0,1.0,289.0,0.0,0.0,0.09097177820574143,72.0,0.0,0.0,0.03390155167568246,0.0
harmonix/0244_sayaah/track.npy,harmonix,0.9950248756218906,0.8575833278055469,0.8575833278055469,0.8575833278055469,1.0,1.0,1.0,1.0,1.0,0.9138308847695858,0.9138308847695858,0.9138308847695858,1.0,1.0,1.0,1.0,209.0,0.0,0.0,0.06252035698133257,53.0,0.0,0.0,0.019335622908753736,0.0
harmonix/0245_sayhey/track.npy,harmonix,0.9843971631205674,0.9255049650580012,0.9255049650580012,0.9255049650580012,0.9692737430167597,0.9692737430167597,0.9692737430167597,0.9692737430167597,0.9886363636363636,0.9212723463976221,0.9212723463976221,0.9212723463976221,0.9775280898876404,0.9775280898876404,0.9775280898876404,0.9775280898876404,365.0,0.0,0.0,0.06252035698133829,91.0,0.0,0.0,0.023347363996991534,0.0
harmonix/0266_straightup/track.npy,harmonix,1.0,0.8748813863973939,0.8748813863973939,0.8748813863973939,1.0,1.0,1.0,1.0,1.0,0.8543213732021872,0.8543213732021872,0.8543213732021872,1.0,1.0,1.0,1.0,245.0,0.0,0.0,0.06453852113758152,62.0,0.0,0.0,0.024492810554422685,0.0
harmonix/0283_thehumptydance/track.npy,harmonix,1.0,0.894946879990273,0.894946879990273,0.894946879990273,1.0,1.0,1.0,1.0,1.0,0.8865492670660137,0.8865492670660137,0.8865492670660137,1.0,1.0,1.0,1.0,276.0,0.0,0.0,0.06899287148696154,69.0,0.0,0.0,0.017241806434508677,0.0
harmonix/0288_thewayiare/track.npy,harmonix,0.9914529914529915,0.8666832754067898,0.8666832754067898,0.8666832754067898,1.0,1.0,1.0,1.0,0.0,2.470426767369819e-136,0.8828795567904992,0.4414397783952496,0.0,0.0,1.0,1.0,243.0,0.0,0.0,0.07696104113612845,61.0,0.0,0.0,0.029404126411708066,0.0
harmonix/0305_wenospeakamericano/track.npy,harmonix,0.9961977186311787,0.850175481156371,0.850175481156371,0.850175481156371,0.9924242424242424,0.9924242424242424,0.9924242424242424,0.9924242424242424,0.9923664122137404,0.7955832244291553,0.7955832244291553,0.7955832244291553,0.9848484848484849,0.9848484848484849,0.9848484848484849,0.9848484848484849,274.0,0.0,0.0,0.08338160893906466,69.0,0.0,0.0,0.02083408690284031,0.0
harmonix/0309_whatsmyname/track.npy,harmonix,1.0,0.853096781978296,0.853096781978296,0.853096781978296,1.0,1.0,1.0,1.0,1.0,0.8563241338488238,0.8563241338488238,0.8563241338488238,1.0,1.0,1.0,1.0,254.0,0.0,0.0,0.06669137449867146,64.0,0.0,0.0,0.00836477732772693,0.0
harmonix/0311_whipmyhair/track.npy,harmonix,0.9891304347826086,0.795470442243158,0.795470442243158,0.795470442243158,1.0,1.0,1.0,1.0,1.0,0.7735149598760246,0.7735149598760246,0.7735149598760246,1.0,1.0,1.0,1.0,191.0,0.0,0.0,0.08223809823697481,48.0,0.0,0.0,0.02033968423712279,0.0
harmonix/0318_windup/track.npy,harmonix,0.9935483870967743,0.7952989802405763,0.7952989802405763,0.7952989802405763,0.5080385852090032,0.9903536977491961,0.5080385852090032,0.9903536977491961,0.9299363057324842,0.7386030070160636,0.7386030070160636,0.7386030070160636,0.6708860759493671,0.9113924050632911,0.6708860759493671,0.9113924050632911,322.0,0.0,0.0,0.08701137698962853,80.0,0.0,0.0,0.03208831455150929,0.0
harmonix/0323_yeah/track.npy,harmonix,1.0,0.9008405805751758,0.9008405805751758,0.9008405805751758,1.0,1.0,1.0,1.0,1.0,0.9022981822264216,0.9022981822264216,0.9022981822264216,1.0,1.0,1.0,1.0,227.0,0.0,0.0,0.03509131981128799,57.0,0.0,0.0,0.01754430965091015,0.0
harmonix/0335_allyourlife/track.npy,harmonix,0.9505154639175257,0.9016032777079976,0.9016032777079976,0.9016032777079976,0.9141716566866267,0.9181636726546906,0.9141716566866267,0.9181636726546906,0.9504132231404959,0.8958168638048445,0.8958168638048445,0.8958168638048445,0.928,0.928,0.928,0.928,512.0,0.0,0.0,0.09097177820570901,128.0,0.0,0.0,0.043963123421120937,0.0
harmonix/0345_beinlovetonight/track.npy,harmonix,0.9922077922077922,0.9384903112537124,0.9384903112537124,0.9384903112537124,0.9845360824742269,0.9845360824742269,0.9845360824742269,0.9845360824742269,0.9948186528497409,0.9490391226128342,0.9490391226128342,0.9490391226128342,0.9896907216494846,0.9896907216494846,0.9896907216494846,0.9896907216494846,399.0,0.0,0.0,0.12783337150989005,100.0,0.0,0.0,0.031799640750116265,0.0
harmonix/0346_birthdaydress/track.npy,harmonix,0.9958275382475661,0.8808510582338925,0.8808510582338925,0.8808510582338925,0.9972222222222222,0.9972222222222222,0.9972222222222222,0.9972222222222222,0.9944134078212291,0.862235377257122,0.862235377257122,0.862235377257122,0.9888888888888889,0.9888888888888889,0.9888888888888889,0.9888888888888889,369.0,0.0,0.0,0.07410797215372045,93.0,0.0,0.0,0.03636764417088045,0.0
harmonix/0349_blow/track.npy,harmonix,0.981042654028436,0.9286988567336634,0.9286988567336634,0.9286988567336634,0.9673659673659674,0.9673659673659674,0.9673659673659674,0.9673659673659674,0.985781990521327,0.9657060119765569,0.9657060119765569,0.9657060119765569,0.9719626168224299,0.9719626168224299,0.9719626168224299,0.9719626168224299,439.0,0.0,0.0,0.08004270767357746,110.0,0.0,0.0,0.02000066670667966,0.0
harmonix/0352_boogiewonderland/track.npy,harmonix,0.9991915925626517,0.9050703264206882,0.9050703264206882,0.9050703264206882,0.9983844911147012,0.9983844911147012,0.9983844911147012,0.9983844911147012,0.9967637540453074,0.9321444618882267,0.9321444618882267,0.9321444618882267,0.9935483870967742,0.9935483870967742,0.9935483870967742,0.9935483870967742,629.0,0.0,0.0,0.08701137698967287,158.0,0.0,0.0,0.033522692038620766,0.0
harmonix/0360_coolerthanme/track.npy,harmonix,0.9887892376681614,0.950544005994501,0.950544005994501,0.950544005994501,0.9778270509977827,0.9778270509977827,0.9778270509977827,0.9778270509977827,0.9865470852017937,0.929839129243611,0.929839129243611,0.929839129243611,0.9734513274336283,0.9734513274336283,0.9734513274336283,0.9734513274336283,462.0,0.0,0.0,0.08701137698964323,116.0,0.0,0.0,0.02536190140669658,0.0
harmonix/0361_countrymustbecountrywide/track.npy,harmonix,0.9587852494577007,0.8925447316385929,0.8925447316385929,0.8925447316385929,0.7542372881355932,0.9279661016949152,0.7542372881355932,0.9279661016949152,0.9655172413793103,0.8969023704571262,0.8969023704571262,0.8969023704571262,0.7627118644067796,0.9322033898305084,0.7627118644067796,0.9322033898305084,243.0,0.0,0.0,0.10265415406008097,61.0,0.0,0.0,0.025642430613339373,0.0
harmonix/0366_domino/track.npy,harmonix,0.9957537154989385,0.9324993189547465,0.9324993189547465,0.9324993189547465,0.9915433403805497,0.9915433403805497,0.9915433403805497,0.9915433403805497,0.9957805907172996,0.9597314875428157,0.9597314875428157,0.9597314875428157,0.9915966386554622,0.9915966386554622,0.9915966386554622,0.9915966386554622,484.0,0.0,0.0,0.12783337150987314,121.0,0.0,0.0,0.03178265993828561,0.0
harmonix/0370_downonme/track.npy,harmonix,0.9897610921501706,0.9118215152953989,0.9118215152953989,0.9118215152953989,0.9797297297297297,0.9797297297297297,0.9797297297297297,0.9797297297297297,0.9931972789115647,0.9028529355047902,0.9028529355047902,0.9028529355047902,0.9864864864864865,0.9864864864864865,0.9864864864864865,0.9864864864864865,303.0,0.0,0.0,0.08004270767353944,76.0,0.0,0.0,0.02684725003618923,0.0
harmonix/0375_dynamite/track.npy,harmonix,0.9904534606205251,0.9569571666909356,0.9569571666909356,0.9569571666909356,0.9810874704491725,0.9810874704491725,0.9810874704491725,0.9810874704491725,0.9904761904761905,0.9537259930205435,0.9537259930205435,0.9537259930205435,0.9811320754716981,0.9811320754716981,0.9811320754716981,0.9811320754716981,433.0,0.0,0.0,0.08004270767353472,109.0,0.0,0.0,0.02000066670666556,0.0
harmonix/0378_effinperfect/track.npy,harmonix,0.9855072463768115,0.8930592734119012,0.8930592734119012,0.8930592734119012,0.9745222929936306,0.9745222929936306,0.9745222929936306,0.9745222929936306,0.9871794871794872,0.8929862522040413,0.8929862522040413,0.8929862522040413,0.9746835443037974,0.9746835443037974,0.9746835443037974,0.9746835443037974,322.0,0.0,0.0,0.09237332013099692,81.0,0.0,0.0,0.022989518224699634,0.0
harmonix/0395_gold/track.npy,harmonix,0.9927797833935018,0.9563020718200705,0.9563020718200705,0.9563020718200705,0.985663082437276,0.985663082437276,0.985663082437276,0.985663082437276,0.9927007299270074,0.9388232210909879,0.9388232210909879,0.9388232210909879,0.9855072463768116,0.9855072463768116,0.9855072463768116,0.9855072463768116,287.0,0.0,0.0,0.06453852113758152,71.0,0.0,0.0,0.023905520853558748,0.0
harmonix/0396_goodfeeling/track.npy,harmonix,0.9951219512195122,0.9312054573434165,0.9312054573434165,0.9312054573434165,0.9902912621359223,0.9902912621359223,0.9902912621359223,0.9902912621359223,0.9961089494163424,0.9323724213099318,0.9323724213099318,0.9323724213099318,0.9922480620155039,0.9922480620155039,0.9922480620155039,0.9922480620155039,526.0,0.0,0.0,0.08701137698962402,132.0,0.0,0.0,0.032088314551505945,0.0
harmonix/0410_idontwantthisnighttoend/track.npy,harmonix,0.978343949044586,0.9406911255075353,0.9406911255075353,0.9406911255075353,0.9576059850374065,0.9576059850374065,0.9576059850374065,0.9576059850374065,0.9795918367346939,0.9373678729919801,0.9373678729919801,0.9373678729919801,0.96,0.96,0.96,0.96,410.0,0.0,0.0,0.07410797215373355,103.0,0.0,0.0,0.01886848430437915,0.0
harmonix/0416_impossible/track.npy,harmonix,0.9877675840978593,0.9013635112226472,0.9013635112226472,0.9013635112226472,0.9878419452887538,0.9878419452887538,0.9878419452887538,0.9878419452887538,0.993939393939394,0.9246683830580074,0.9246683830580074,0.9246683830580074,0.9879518072289156,0.9879518072289156,0.9879518072289156,0.9879518072289156,337.0,0.0,0.0,0.08961215868967509,85.0,0.0,0.0,0.022472855852058316,0.0
harmonix/0418_inthedark/track.npy,harmonix,0.990228013029316,0.9595131827949822,0.9595131827949822,0.9595131827949822,0.8812095032397408,0.9827213822894169,0.8812095032397408,0.9827213822894169,0.8917748917748919,0.8530496187495121,0.8530496187495121,0.8530496187495121,0.8793103448275862,0.8793103448275862,0.8793103448275862,0.8793103448275862,474.0,0.0,0.0,0.08338160893909552,119.0,0.0,0.0,0.020834086902837834,0.0
harmonix/0419_itgirl/track.npy,harmonix,0.9731663685152058,0.897201685149942,0.897201685149942,0.897201685149942,0.9545454545454546,0.9545454545454546,0.9545454545454546,0.9545454545454546,0.9787234042553191,0.8686391044971306,0.8686391044971306,0.8686391044971306,0.9583333333333334,0.9583333333333334,0.9583333333333334,0.9583333333333334,294.0,0.0,0.0,0.09237332013101525,74.0,0.0,0.0,0.03077165866675851,0.0
harmonix/0420_itsrainingmen/track.npy,harmonix,0.9816612729234088,0.8520584536443019,0.8520584536443019,0.8520584536443019,0.6957446808510638,0.9638297872340426,0.6957446808510638,0.9638297872340426,0.703862660944206,0.6609641679803664,0.6609641679803664,0.6609641679803664,0.7033898305084746,0.7033898305084746,0.7033898305084746,0.7033898305084746,482.0,0.0,0.0,0.09097177820577373,121.0,0.0,0.0,0.022728251077557816,0.0
harmonix/0423_iwannago/track.npy,harmonix,0.9954853273137697,0.9579542622664005,0.9579542622664005,0.9579542622664005,0.9910112359550561,0.9910112359550561,0.9910112359550561,0.9910112359550561,0.9955156950672646,0.9404896274684812,0.9404896274684812,0.9404896274684812,0.9910714285714286,0.9910714285714286,0.9910714285714286,0.9910714285714286,456.0,0.0,0.0,0.08701137698967287,114.0,0.0,0.0,0.0217399866363861,0.0
harmonix/0428_kingofanything/track.npy,harmonix,0.9525032092426187,0.6036324575245642,0.6036324575245642,0.6036324575245642,0.9622166246851386,0.9622166246851386,0.9622166246851386,0.9622166246851386,0.9278350515463918,0.5765660302422294,0.5765660302422294,0.5765660302422294,0.9595959595959596,0.9595959595959596,0.9595959595959596,0.9595959595959596,407.0,0.0,0.0,0.08004270767354893,102.0,0.0,0.0,0.0303407718969639,0.0
harmonix/0431_letitrain/track.npy,harmonix,0.9928825622775801,0.8553870557632891,0.8553870557632891,0.8553870557632891,0.9858657243816255,0.9858657243816255,0.9858657243816255,0.9858657243816255,0.9929078014184397,0.8007801493592706,0.8007801493592706,0.8007801493592706,0.9859154929577465,0.9859154929577465,0.9859154929577465,0.9859154929577465,289.0,0.0,0.0,0.08004270767353944,73.0,0.0,0.0,0.03236528450202525,0.0
harmonix/0432_letsgo/track.npy,harmonix,0.9837486457204767,0.9242026303554997,0.9242026303554997,0.9242026303554997,0.9680170575692963,0.9680170575692963,0.9680170575692963,0.9680170575692963,0.9870129870129869,0.9409243069834203,0.9409243069834203,0.9409243069834203,0.9743589743589743,0.9743589743589743,0.9743589743589743,0.9743589743589743,480.0,0.0,0.0,0.08701137698967287,120.0,0.0,0.0,0.032088314551497965,0.0
harmonix/0433_lighters/track.npy,harmonix,0.9809203142536476,0.8634275383637463,0.8634275383637463,0.8634275383637463,0.9625550660792952,0.9625550660792952,0.9625550660792952,0.9625550660792952,0.9821428571428572,0.8830486625401951,0.8830486625401951,0.8830486625401951,0.9649122807017544,0.9649122807017544,0.9649122807017544,0.9649122807017544,462.0,0.0,0.0,0.09237332013104077,116.0,0.0,0.0,0.03007745523727546,0.0
harmonix/0444_maybe/track.npy,harmonix,0.9633699633699633,0.8911688041023818,0.8911688041023818,0.8911688041023818,0.9361702127659575,0.9361702127659575,0.9361702127659575,0.9361702127659575,0.9635036496350364,0.8622164000861174,0.8622164000861174,0.8622164000861174,0.9295774647887324,0.9295774647887324,0.9295774647887324,0.9295774647887324,289.0,0.0,0.0,0.11122563511020239,73.0,0.0,0.0,0.035091319811275556,0.0
harmonix/0466_onthedarkside/track.npy,harmonix,0.7177615571776156,0.42139711929707313,0.42139711929707313,0.42139711929707313,0.08120649651972157,0.4779582366589327,0.15601023017902813,0.4779582366589327,0.7475728155339806,0.4141933372386745,0.4141933372386745,0.4141933372386745,0.7129629629629629,0.7129629629629629,0.7129629629629629,0.7129629629629629,396.0,0.0,0.0,0.11778303565637767,99.0,0.0,0.0,0.04174260730333486,0.0
harmonix/0467_onthefloor/track.npy,harmonix,1.0,0.9312154863222505,0.9312154863222505,0.9312154863222505,1.0,1.0,1.0,1.0,1.0,0.949936868748907,0.949936868748907,0.949936868748907,1.0,1.0,1.0,1.0,463.0,0.0,0.0,0.08701137698964323,116.0,0.0,0.0,0.014631067673252902,0.0
harmonix/0472_partofme/track.npy,harmonix,0.9910313901345292,0.6497041373887145,0.6497041373887145,0.6497041373887145,0.9822222222222222,0.9822222222222222,0.9822222222222222,0.9822222222222222,0.9910714285714286,0.7162952915458802,0.7162952915458802,0.7162952915458802,0.9823008849557522,0.9823008849557522,0.9823008849557522,0.9823008849557522,461.0,0.0,0.0,0.08701137698964323,116.0,0.0,0.0,0.014631067673252902,0.0
harmonix/0482_redsolocup/track.npy,harmonix,0.911587982832618,0.743365137328358,0.743365137328358,0.743365137328358,0.23305785123966943,0.8694214876033057,0.23305785123966943,0.8694214876033057,0.88659793814433,0.7470442962514512,0.7470442962514512,0.7470442962514512,0.5562913907284768,0.8807947019867549,0.5562913907284768,0.8807947019867549,618.0,0.0,0.0,0.1112256351102816,155.0,0.0,0.0,0.054067221270278444,0.0
harmonix/0483_ridinsolo/track.npy,harmonix,0.9983193277310924,0.9488298689709818,0.9488298689709818,0.9488298689709818,0.9966442953020134,0.9966442953020134,0.9966442953020134,0.9966442953020134,1.0,0.9581009801205943,0.9581009801205943,0.9581009801205943,1.0,1.0,1.0,1.0,305.0,0.0,0.0,0.06062462181646622,76.0,0.0,0.0,0.015037877364542873,0.0
harmonix/0486_rundatback/track.npy,harmonix,0.9956140350877193,0.9700492669809259,0.9700492669809259,0.9700492669809259,0.9912663755458515,0.9912663755458515,0.9912663755458515,0.9912663755458515,0.0,2.279612435772876e-112,0.9676335371718904,0.4838167685859452,0.0,0.0,0.9912280701754386,0.9912280701754386,469.0,0.0,0.0,0.08701137698964323,117.0,0.0,0.0,0.021739986636402697,0.0
harmonix/0511_theonlyexception/track.npy,harmonix,0.9762711864406779,0.8402500908721078,0.8402500908721078,0.8402500908721078,0.964824120603015,0.964824120603015,0.964824120603015,0.964824120603015,0.6464646464646464,0.5677789890370353,0.8555983866542893,0.7116886878456623,0.0,0.0,0.9798994974874372,0.9798994974874372,609.0,0.0,0.0,0.09531017980430556,203.0,0.0,0.0,0.04652001563487232,0.0
harmonix/0520_tonight/track.npy,harmonix,0.9957627118644067,0.9447211809590947,0.9447211809590947,0.9447211809590947,0.9915611814345991,0.9915611814345991,0.9915611814345991,0.9915611814345991,0.9957446808510638,0.934604019354858,0.934604019354858,0.934604019354858,0.9915254237288136,0.9915254237288136,0.9915254237288136,0.9915254237288136,484.0,0.0,0.0,0.08338160893906466,121.0,0.0,0.0,0.021053409197843043,0.0
harmonix/0521_tooclose/track.npy,harmonix,0.9245837414299707,0.716259527352671,0.716259527352671,0.716259527352671,0.8689788053949904,0.9190751445086706,0.8689788053949904,0.9190751445086706,0.9375,0.7401774360039016,0.7401774360039016,0.7401774360039016,0.9307692307692308,0.9307692307692308,0.9307692307692308,0.9307692307692308,530.0,0.0,0.0,0.08701137698962998,133.0,0.0,0.0,0.03174869831458904,0.0
harmonix/0525_venus/track.npy,harmonix,0.9965635738831615,0.9492755497517682,0.9492755497517682,0.9492755497517682,0.9931506849315068,0.9931506849315068,0.9931506849315068,0.9931506849315068,1.0,0.9433782644897065,0.9433782644897065,0.9433782644897065,1.0,1.0,1.0,1.0,449.0,0.0,0.0,0.08338160893909552,112.0,0.0,0.0,0.021053409197835604,0.0
harmonix/0541_youdroppedabombonme/track.npy,harmonix,0.9858012170385395,0.8756832095993862,0.8756832095993862,0.8756832095993862,0.9759519038076152,0.9759519038076152,0.9759519038076152,0.9759519038076152,0.9797570850202428,0.8595319856628207,0.8595319856628207,0.8595319856628207,0.976,0.976,0.976,0.976,509.0,0.0,0.0,0.08338160893909552,128.0,0.0,0.0,0.031748698314566504,0.0
harmonix/0542_yougetwhatyougive/track.npy,harmonix,0.9971236816874401,0.9162434934001072,0.9162434934001072,0.9162434934001072,0.994263862332696,0.994263862332696,0.994263862332696,0.994263862332696,1.0,0.9129702864192504,0.9129702864192504,0.9129702864192504,1.0,1.0,1.0,1.0,533.0,0.0,0.0,0.07696104113612678,133.0,0.0,0.0,0.03774032798285054,0.0
harmonix/0551_accordingtoyou/track.npy,harmonix,0.9673518742442563,0.9232896647549952,0.9232896647549952,0.9232896647549952,0.9498806682577565,0.9522673031026253,0.9498806682577565,0.9522673031026253,0.966183574879227,0.9357460767186245,0.9357460767186245,0.9357460767186245,0.9619047619047619,0.9619047619047619,0.9619047619047619,0.9619047619047619,430.0,0.0,0.0,0.08701137698964323,107.0,0.0,0.0,0.021931122702304816,0.0
harmonix/0553_alivefeatthegoodnatured/track.npy,harmonix,1.0,0.9103733767729072,0.9103733767729072,0.9103733767729072,1.0,1.0,1.0,1.0,1.0,0.899445088626195,0.899445088626195,0.899445088626195,1.0,1.0,1.0,1.0,593.0,0.0,0.0,0.08701137698963285,149.0,0.0,0.0,0.032088314551501095,0.0
harmonix/0565_americanhoney/track.npy,harmonix,0.9789303079416531,0.9223750166669562,0.9223750166669562,0.9223750166669562,0.9587301587301588,0.9587301587301588,0.9587301587301588,0.9587301587301588,0.9806451612903226,0.8957122012055905,0.8957122012055905,0.8957122012055905,0.9620253164556962,0.9620253164556962,0.9620253164556962,0.9620253164556962,322.0,0.0,0.0,0.05884050002292336,81.0,0.0,0.0,0.021521734376986033,0.0
harmonix/0566_americanwoman/track.npy,harmonix,0.9870967741935484,0.9397567560610542,0.9397567560610542,0.9397567560610542,0.9745222929936306,0.9745222929936306,0.9745222929936306,0.9745222929936306,0.9871794871794872,0.9382421568498797,0.9382421568498797,0.9382421568498797,0.9746835443037974,0.9746835443037974,0.9746835443037974,0.9746835443037974,321.0,0.0,0.0,0.08455738802806534,81.0,0.0,0.0,0.02105340919782317,0.0
harmonix/0567_anythingcouldhappen/track.npy,harmonix,0.9863874345549739,0.9355115996975427,0.9355115996975427,0.9355115996975427,0.9772256728778468,0.9772256728778468,0.9772256728778468,0.9772256728778468,0.0,2.7929112602698468e-170,0.9144141964741228,0.4572070982370614,0.0,0.0,0.9669421487603306,0.9669421487603306,492.0,0.0,0.0,0.0689928714869853,123.0,0.0,0.0,0.025975486403261527,0.0
harmonix/0568_apologize/track.npy,harmonix,0.6436781609195402,0.6090108237024193,0.9144940585425065,0.761752441122463,0.0,0.0,0.9461756373937678,0.9461756373937678,0.6356589147286822,0.610284744472855,0.8982611121415014,0.7542729283071782,0.0,0.0,0.7159090909090909,0.8977272727272727,363.0,0.0,0.0,0.08004270767346344,91.0,0.0,0.0,0.025562496062742492,0.0
harmonix/0573_babyludacris/track.npy,harmonix,0.9831649831649832,0.9541486877161487,0.9541486877161487,0.9541486877161487,0.9668874172185431,0.9668874172185431,0.9668874172185431,0.9668874172185431,0.9865470852017937,0.9588623140194572,0.9588623140194572,0.9588623140194572,0.9734513274336283,0.9734513274336283,0.9734513274336283,0.9734513274336283,464.0,0.0,0.0,0.08701137698962984,116.0,0.0,0.0,0.010810916104228796,0.0
harmonix/0574_badromanceappboyz/track.npy,harmonix,0.9959266802443991,0.9520709647277892,0.9520709647277892,0.9520709647277892,0.9918864097363083,0.9918864097363083,0.9918864097363083,0.9918864097363083,0.9959514170040485,0.9769651349110432,0.9769651349110432,0.9769651349110432,0.9919354838709677,0.9919354838709677,0.9919354838709677,0.9919354838709677,504.0,0.0,0.0,0.08701137698967287,126.0,0.0,0.0,0.010810916104236568,0.0
harmonix/0593_blameitradioedit/track.npy,harmonix,0.9919354838709677,0.9309308392523535,0.9309308392523535,0.9309308392523535,0.984,0.984,0.984,0.984,0.9946524064171123,0.9006914463461527,0.9006914463461527,0.9006914463461527,0.9893617021276596,0.9893617021276596,0.9893617021276596,0.9893617021276596,383.0,0.0,0.0,0.0870113769896334,96.0,0.0,0.0,0.022141125877212238,0.0
harmonix/0610_castle/track.npy,harmonix,0.9557344064386318,0.9176915291198274,0.9176915291198274,0.9176915291198274,0.6600790513833992,0.950592885375494,0.6600790513833992,0.950592885375494,0.9596774193548386,0.9348482749947414,0.9348482749947414,0.9348482749947414,0.9682539682539683,0.9682539682539683,0.9682539682539683,0.9682539682539683,516.0,0.0,0.0,0.08004270767357746,129.0,0.0,0.0,0.02000066670667703,0.0
harmonix/0621_clubcanthandleme/track.npy,harmonix,0.8517350157728707,0.815299489517483,0.815299489517483,0.815299489517483,0.6041666666666666,0.83125,0.6041666666666666,0.83125,0.24369747899159663,0.22967009803531283,0.5985097271953338,0.4140899126153233,0.3416666666666667,0.3416666666666667,0.6,0.6,491.0,0.0,0.0,0.0870113769896318,123.0,0.0,0.0,0.04255961441880263,0.0
harmonix/0630_crushcrushcrush/track.npy,harmonix,0.9861635220125786,0.9361667243380144,0.9361667243380144,0.9361667243380144,0.7675,0.975,0.7675,0.975,0.7738693467336684,0.7345646654278872,0.7345646654278872,0.7345646654278872,0.77,0.77,0.77,0.77,412.0,0.0,0.0,0.09097177820577373,103.0,0.0,0.0,0.03468555798787487,0.0
harmonix/0653_dynamite/track.npy,harmonix,0.959112959112959,0.919131405743385,0.919131405743385,0.919131405743385,0.6477900552486188,0.9558011049723757,0.6477900552486188,0.9558011049723757,0.9141274238227146,0.8522554022062416,0.8522554022062416,0.8522554022062416,0.6519337016574586,0.9171270718232044,0.6519337016574586,0.9171270718232044,734.0,0.0,0.0,0.08004270767357746,184.0,0.0,0.0,0.02000066670667966,0.0
harmonix/0654_dynamitemixinmarc/track.npy,harmonix,0.9615384615384616,0.9069048734800871,0.9069048734800871,0.9069048734800871,0.7632241813602015,0.9445843828715366,0.7632241813602015,0.9445843828715366,0.8717948717948718,0.8093005803401733,0.8093005803401733,0.8093005803401733,0.7777777777777778,0.8787878787878788,0.7777777777777778,0.8787878787878788,407.0,0.0,0.0,0.08004270767357746,102.0,0.0,0.0,0.06698534041548201,0.0
harmonix/0661_everythingaboutyou/track.npy,harmonix,0.986784140969163,0.9455830853421712,0.9455830853421712,0.9455830853421712,0.9739130434782609,0.9739130434782609,0.9739130434782609,0.9739130434782609,0.986784140969163,0.9390081014080364,0.9390081014080364,0.9390081014080364,0.9739130434782609,0.9739130434782609,0.9739130434782609,0.9739130434782609,471.0,0.0,0.0,0.08701137698966102,118.0,0.0,0.0,0.021739986636390984,0.0
harmonix/0668_fallinganthem/track.npy,harmonix,0.9990900818926297,0.9634145226905805,0.9634145226905805,0.9634145226905805,0.9981818181818182,0.9981818181818182,0.9981818181818182,0.9981818181818182,0.9963636363636363,0.9528798888651355,0.9528798888651355,0.9528798888651355,0.9927536231884058,0.9927536231884058,0.9927536231884058,0.9927536231884058,561.0,0.0,0.0,0.08701137698962402,141.0,0.0,0.0,0.04255961441879497,0.0
harmonix/0693_gold/track.npy,harmonix,0.956772334293948,0.8794104839985687,0.8794104839985687,0.8794104839985687,0.9044943820224719,0.9269662921348315,0.9044943820224719,0.9269662921348315,0.9310344827586207,0.8587402929408023,0.8587402929408023,0.8587402929408023,0.9101123595505618,0.9101123595505618,0.9101123595505618,0.9101123595505618,363.0,0.0,0.0,0.0870113769896334,91.0,0.0,0.0,0.025935586153946717,0.0
harmonix/0697_goodlife/track.npy,harmonix,0.9828962371721778,0.9166482720581425,0.9166482720581425,0.9166482720581425,0.9752252252252253,0.9752252252252253,0.9752252252252253,0.9752252252252253,0.9909090909090909,0.9108556329661714,0.9108556329661714,0.9108556329661714,0.9819819819819819,0.9819819819819819,0.9819819819819819,0.9819819819819819,455.0,0.0,0.0,0.083381608939077,113.0,0.0,0.0,0.032088314551497965,0.0
harmonix/0698_goodtime/track.npy,harmonix,0.979293544457978,0.9170508225444646,0.9170508225444646,0.9170508225444646,0.9594272076372315,0.9594272076372315,0.9594272076372315,0.9594272076372315,0.9805825242718447,0.9301326807215922,0.9301326807215922,0.9301326807215922,0.9619047619047619,0.9619047619047619,0.9619047619047619,0.9619047619047619,430.0,0.0,0.0,0.08338160893909552,108.0,0.0,0.0,0.021053409197843043,0.0
harmonix/0701_gottabeyou/track.npy,harmonix,0.7801857585139319,0.7161483042533727,0.7161483042533727,0.7161483042533727,0.6832844574780058,0.750733137829912,0.6832844574780058,0.750733137829912,0.7204968944099379,0.6919937696250129,0.6919937696250129,0.6919937696250129,0.8117647058823529,0.8117647058823529,0.8117647058823529,0.8117647058823529,349.0,0.0,0.0,0.08455738802810714,87.0,0.0,0.0,0.08173402595499066,0.0
harmonix/0708_haloradioedit/track.npy,harmonix,0.9931506849315068,0.9356330586547761,0.9356330586547761,0.9356330586547761,0.9863945578231292,0.9863945578231292,0.9863945578231292,0.9863945578231292,0.9931972789115647,0.9292237692759197,0.9292237692759197,0.9292237692759197,0.9864864864864865,0.9864864864864865,0.9864864864864865,0.9864864864864865,301.0,0.0,0.0,0.05406722127030272,76.0,0.0,0.0,0.013333530869471977,0.0
harmonix/0709_hangingon/track.npy,harmonix,0.6218236173393125,0.48979193183266795,0.7368003610985192,0.6132961464655936,0.0,0.0,0.5,0.9461883408071748,0.6190476190476191,0.4951306163498136,0.7220453580963262,0.60858798722307,0.0,0.0,0.9910714285714286,0.9910714285714286,458.0,0.0,0.0,0.09531017980430556,115.0,0.0,0.0,0.05781957088883205,0.0
harmonix/0721_holdup/track.npy,harmonix,0.9843971631205674,0.9456996062693764,0.9456996062693764,0.9456996062693764,0.9692737430167597,0.9692737430167597,0.9692737430167597,0.9692737430167597,0.9886363636363636,0.9564541454132542,0.9564541454132542,0.9564541454132542,0.9775280898876404,0.9775280898876404,0.9775280898876404,0.9775280898876404,369.0,0.0,0.0,0.08701137698964323,92.0,0.0,0.0,0.027431566989708014,0.0
harmonix/0730_hurtssogood/track.npy,harmonix,0.9935979513444302,0.9483474883705572,0.9483474883705572,0.9483474883705572,0.9872773536895675,0.9872773536895675,0.9872773536895675,0.9872773536895675,0.0,5.17173903244642e-114,0.9540056679353597,0.47700283396767984,0.0,0.0,0.9795918367346939,0.9795918367346939,403.0,0.0,0.0,0.08701137698962402,101.0,0.0,0.0,0.021506205220959362,0.0
harmonix/0732_idontwannabeinlove/track.npy,harmonix,0.9891067538126361,0.9614253174509593,0.9614253174509593,0.9614253174509593,0.978448275862069,0.978448275862069,0.978448275862069,0.978448275862069,0.9913043478260869,0.973522672355006,0.973522672355006,0.973522672355006,0.9827586206896551,0.9827586206896551,0.9827586206896551,0.9827586206896551,475.0,0.0,0.0,0.08338160893906466,119.0,0.0,0.0,0.020834086902837834,0.0
harmonix/0745_immabewolf/track.npy,harmonix,0.964635063957863,0.6916977396489742,0.6916977396489742,0.6916977396489742,0.3868065967016492,0.9715142428785607,0.3868065967016492,0.9715142428785607,0.966966966966967,0.6904982176505416,0.6904982176505416,0.6904982176505416,0.5508982035928144,0.9760479041916168,0.5508982035928144,0.9760479041916168,678.0,0.0,0.0,0.08701137698967287,170.0,0.0,0.0,0.03208831455150163,0.0
harmonix/0747_imreal/track.npy,harmonix,0.9956331877729258,0.9431261871840263,0.9431261871840263,0.9431261871840263,0.991304347826087,0.991304347826087,0.991304347826087,0.991304347826087,1.0,0.9458763840186756,0.9458763840186756,0.9458763840186756,1.0,1.0,1.0,1.0,352.0,0.0,0.0,0.05556985115483937,88.0,0.0,0.0,0.019068054080004282,0.0
harmonix/0766_justdance/track.npy,harmonix,0.9881593110871906,0.9520963961842697,0.9520963961842697,0.9520963961842697,0.9765957446808511,0.9765957446808511,0.9765957446808511,0.9765957446808511,0.9913793103448275,0.9496977850395945,0.9496977850395945,0.9496977850395945,0.9829059829059829,0.9829059829059829,0.9829059829059829,0.9829059829059829,480.0,0.0,0.0,0.08004270767357746,120.0,0.0,0.0,0.021434387036909454,0.0
harmonix/0771_kisskissmainversion/track.npy,harmonix,0.9241622574955909,0.8611915413010892,0.8611915413010892,0.8611915413010892,0.9119718309859155,0.9330985915492958,0.9119718309859155,0.9330985915492958,0.9154929577464789,0.8596255637125579,0.8596255637125579,0.8596255637125579,0.9295774647887324,0.9295774647887324,0.9295774647887324,0.9295774647887324,289.0,0.0,0.0,0.07061756721395651,73.0,0.0,0.0,0.03584323181777849,0.0
harmonix/0784_lightweight/track.npy,harmonix,0.3973941368078176,0.33101058514142995,0.5441029542200563,0.4375567696807431,0.0,0.0,0.0,0.0,0.6378378378378378,0.5596901438789592,0.6709621103073217,0.6153261270931405,0.0,0.0,0.7580645161290323,0.7580645161290323,190.0,0.0,0.0,0.09531017980431314,64.0,0.0,0.0,0.06962476041957023,0.0
harmonix/0792_lovedrunk/track.npy,harmonix,0.9569288389513109,0.8194195946036604,0.8194195946036604,0.8194195946036604,0.9174147217235189,0.9174147217235189,0.9174147217235189,0.9174147217235189,0.9588014981273408,0.7718851508563616,0.7718851508563616,0.7718851508563616,0.920863309352518,0.920863309352518,0.920863309352518,0.920863309352518,569.0,0.0,0.0,0.10008345855703227,142.0,0.0,0.0,0.025001302205421634,0.0
harmonix/0801_lovesong/track.npy,harmonix,0.9824218750000001,0.9352045141691029,0.9352045141691029,0.9352045141691029,0.9654510556621881,0.9654510556621881,0.9654510556621881,0.9654510556621881,0.9843749999999999,0.9419848541268422,0.9419848541268422,0.9419848541268422,0.9692307692307692,0.9692307692307692,0.9692307692307692,0.9692307692307692,531.0,0.0,0.0,0.08338160893903379,133.0,0.0,0.0,0.03077165866675502,0.0
harmonix/0807_makemebetter/track.npy,harmonix,0.9986013986013986,0.9198476889229716,0.9198476889229716,0.9198476889229716,0.9972067039106145,0.9972067039106145,0.9972067039106145,0.9972067039106145,1.0,0.9476480294041082,0.9476480294041082,0.9476480294041082,1.0,1.0,1.0,1.0,366.0,0.0,0.0,0.08701137698962103,92.0,0.0,0.0,0.014493007302571892,0.0
harmonix/0808_makethemoney/track.npy,harmonix,0.959375,0.8788269717736513,0.8788269717736513,0.8788269717736513,0.9571865443425076,0.9571865443425076,0.9571865443425076,0.9571865443425076,0.9565217391304348,0.8573856367165112,0.8573856367165112,0.8573856367165112,0.9634146341463414,0.9634146341463414,0.9634146341463414,0.9634146341463414,334.0,0.0,0.0,0.08961215868967685,84.0,0.0,0.0,0.029265495601772117,0.0
harmonix/0811_miami2ibiza/track.npy,harmonix,0.9807162534435261,0.9179680193189586,0.9179680193189586,0.9179680193189586,0.7967032967032966,0.9725274725274725,0.7967032967032966,0.9725274725274725,0.8021978021978022,0.7495942443160996,0.7495942443160996,0.7495942443160996,0.8021978021978022,0.8021978021978022,0.8021978021978022,0.8021978021978022,373.0,0.0,0.0,0.08338160893909552,94.0,0.0,0.0,0.0208340869028526,0.0
harmonix/0829_nevertoolate/track.npy,harmonix,0.6178428761651132,0.5459501362284206,0.802547999922636,0.6742490680755283,0.0,0.0,0.6039215686274509,0.9215686274509803,0.6063829787234042,0.5514348781899787,0.8227758499977461,0.6871053640938625,0.0,0.0,0.96875,0.96875,261.0,0.0,0.0,0.08936177972143149,66.0,0.0,0.0,0.07712176172868701,0.0
harmonix/0831_noair/track.npy,harmonix,0.9749631811487482,0.8917939983844752,0.8917939983844752,0.8917939983844752,0.9795918367346939,0.9795918367346939,0.9795918367346939,0.9795918367346939,0.9764705882352942,0.8685409414706574,0.8685409414706574,0.8685409414706574,0.9767441860465116,0.9767441860465116,0.9767441860465116,0.9767441860465116,349.0,0.0,0.0,0.08004270767353944,87.0,0.0,0.0,0.013405122439604743,0.0
harmonix/0846_onelove/track.npy,harmonix,0.9791666666666666,0.9473939457480752,0.9473939457480752,0.9473939457480752,0.9591836734693877,0.9591836734693877,0.9591836734693877,0.9591836734693877,0.979253112033195,0.946947424155622,0.946947424155622,0.946947424155622,0.959349593495935,0.959349593495935,0.959349593495935,0.959349593495935,501.0,0.0,0.0,0.042559614418878344,126.0,0.0,0.0,0.010695289116753437,0.0
harmonix/0851_openurmind/track.npy,harmonix,0.933066933066933,0.5085813294696419,0.5085813294696419,0.5085813294696419,0.19760479041916168,0.9500998003992016,0.19760479041916168,0.9500998003992016,0.8685258964143426,0.48165216239093744,0.48165216239093744,0.48165216239093744,0.9920634920634921,0.9920634920634921,0.9920634920634921,0.9920634920634921,513.0,0.0,0.0,0.09531017980433942,129.0,0.0,0.0,0.04652001563489534,0.0
harmonix/0857_paralyzer/track.npy,harmonix,0.9901547116736991,0.9393157435468158,0.9393157435468158,0.9393157435468158,0.9805013927576601,0.9805013927576601,0.9805013927576601,0.9805013927576601,0.9943502824858756,0.9303483022757242,0.9303483022757242,0.9303483022757242,0.9887640449438202,0.9887640449438202,0.9887640449438202,0.9887640449438202,368.0,0.0,0.0,0.07145896398215679,92.0,0.0,0.0,0.035091319811265745,0.0
harmonix/0866_pokerfacedave/track.npy,harmonix,0.9022150189086979,0.49718159795877137,0.49718159795877137,0.49718159795877137,0.4373650107991361,0.9254859611231101,0.4373650107991361,0.9254859611231101,0.7922077922077922,0.43597543154511936,0.43597543154511936,0.43597543154511936,0.8701298701298701,0.8744588744588745,0.8701298701298701,0.8744588744588745,937.0,0.0,0.0,0.08701137698961237,234.0,0.0,0.0,0.042071809508765684,0.0
harmonix/0867_pokerfacedos/track.npy,harmonix,0.994535519125683,0.9568849134094483,0.9568849134094483,0.9568849134094483,0.9891304347826086,0.9891304347826086,0.9891304347826086,0.9891304347826086,0.9956331877729258,0.9395587194859734,0.9395587194859734,0.9395587194859734,0.991304347826087,0.991304347826087,0.991304347826087,0.991304347826087,470.0,0.0,0.0,0.08004270767357746,118.0,0.0,0.0,0.029852963149679862,0.0
harmonix/0869_raiseyourweapon/track.npy,harmonix,0.6906729634002361,0.5784521318593244,0.6214850699088913,0.5999686008841079,0.23767258382642997,0.28205128205128205,0.38823529411764707,0.3911764705882353,0.6556603773584906,0.5538795379093003,0.6054238926546359,0.5796517152819681,0.2637795275590551,0.2637795275590551,0.38823529411764707,0.4117647058823529,686.0,0.0,0.0,0.0870113769896334,172.0,0.0,0.0,0.13402427003063336,0.0
harmonix/0875_redbelt/track.npy,harmonix,0.9683426443202979,0.7361337289189691,0.7361337289189691,0.7361337289189691,0.5109489051094891,0.9562043795620438,0.5109489051094891,0.9562043795620438,0.955223880597015,0.7510875588257778,0.7510875588257778,0.7510875588257778,0.9705882352941176,0.9705882352941176,0.9705882352941176,0.9705882352941176,285.0,0.0,0.0,0.08701137698964323,71.0,0.0,0.0,0.02173998663640664,0.0
harmonix/0876_rehab/track.npy,harmonix,0.9491525423728813,0.8703982081844205,0.8703982081844205,0.8703982081844205,0.9226804123711341,0.9458762886597938,0.9226804123711341,0.9458762886597938,0.9583333333333333,0.8615280042642898,0.8615280042642898,0.8615280042642898,0.979381443298969,0.979381443298969,0.979381443298969,0.979381443298969,394.0,0.0,0.0,0.08004270767353944,99.0,0.0,0.0,0.020067563050794757,0.0
harmonix/0878_replay/track.npy,harmonix,0.9925093632958801,0.9352698470965839,0.9352698470965839,0.9352698470965839,0.9851301115241635,0.9851301115241635,0.9851301115241635,0.9851301115241635,0.9925925925925926,0.9380309995836053,0.9380309995836053,0.9380309995836053,0.9852941176470589,0.9852941176470589,0.9852941176470589,0.9852941176470589,277.0,0.0,0.0,0.06252035698132147,70.0,0.0,0.0,0.022642476749758743,0.0
harmonix/0881_rightround/track.npy,harmonix,0.9805352798053528,0.8916286477193491,0.8916286477193491,0.8916286477193491,0.96875,0.96875,0.96875,0.96875,0.9805825242718447,0.8070762631119422,0.8070762631119422,0.8070762631119422,0.9807692307692307,0.9807692307692307,0.9807692307692307,0.9807692307692307,427.0,0.0,0.0,0.08338160893909552,106.0,0.0,0.0,0.0208340869028431,0.0
harmonix/0883_rocksatmywindow/track.npy,harmonix,0.9895104895104895,0.9575712098439335,0.9575712098439335,0.9575712098439335,0.9792387543252595,0.9792387543252595,0.9792387543252595,0.9792387543252595,0.993006993006993,0.9591340554657616,0.9591340554657616,0.9591340554657616,0.9861111111111112,0.9861111111111112,0.9861111111111112,0.9861111111111112,297.0,0.0,0.0,0.06252035698132147,74.0,0.0,0.0,0.015504186535962194,0.0
harmonix/0889_samelove/track.npy,harmonix,0.7770419426048565,0.596786553894302,0.596786553894302,0.596786553894302,0.7370689655172413,0.7543103448275862,0.7370689655172413,0.7543103448275862,0.7400881057268722,0.5672799461079755,0.5672799461079755,0.5672799461079755,0.8275862068965517,0.8275862068965517,0.8275862068965517,0.8275862068965517,474.0,0.0,0.0,0.0870113769896334,119.0,0.0,0.0,0.08694378433391542,0.0
harmonix/0890_samemistakes/track.npy,harmonix,0.9841269841269841,0.9354751636134071,0.9354751636134071,0.9354751636134071,0.96875,0.96875,0.96875,0.96875,0.9873417721518987,0.9339683868070776,0.9339683868070776,0.9339683868070776,0.975,0.975,0.975,0.975,327.0,0.0,0.0,0.08961215868973282,82.0,0.0,0.0,0.022472855852054423,0.0
harmonix/0905_shocktoyoursystem/track.npy,harmonix,0.9745762711864406,0.9459311658320053,0.9459311658320053,0.9459311658320053,0.9504132231404959,0.9504132231404959,0.9504132231404959,0.9504132231404959,0.9775280898876404,0.9418282850974292,0.9418282850974292,0.9418282850974292,0.9560439560439561,0.9560439560439561,0.9560439560439561,0.9560439560439561,372.0,0.0,0.0,0.06899287148695404,93.0,0.0,0.0,0.025977434248214415,0.0
harmonix/0912_somenights/track.npy,harmonix,0.9875259875259876,0.9157949731134488,0.9157949731134488,0.9157949731134488,0.9794238683127572,0.9794238683127572,0.9794238683127572,0.9794238683127572,0.9916666666666667,0.9378868019359213,0.9378868019359213,0.9378868019359213,0.9834710743801653,0.9834710743801653,0.9834710743801653,0.9834710743801653,495.0,0.0,0.0,0.07145896398218121,124.0,0.0,0.0,0.027150989065958253,0.0
harmonix/0917_spacemanties/track.npy,harmonix,0.9460632362058277,0.8604738545121191,0.8604738545121191,0.8604738545121191,0.6753407682775713,0.9467162329615861,0.6753407682775713,0.9467162329615861,0.9330024813895781,0.8143837682926646,0.8143837682926646,0.8143837682926646,0.6782178217821783,0.9801980198019802,0.6782178217821783,0.9801980198019802,817.0,0.0,0.0,0.09531017980430556,204.0,0.0,0.0,0.05274591914812935,0.0
harmonix/0919_stereolove/track.npy,harmonix,0.8839024390243903,0.6729146826866085,0.6729146826866085,0.6729146826866085,0.48854961832061067,0.8797709923664122,0.48854961832061067,0.8797709923664122,0.9062500000000001,0.7292344221825346,0.7292344221825346,0.7292344221825346,0.9541984732824428,0.9541984732824428,0.9541984732824428,0.9541984732824428,535.0,0.0,0.0,0.12783337150987714,134.0,0.0,0.0,0.04276561121800322,0.0
harmonix/0932_tattoo/track.npy,harmonix,0.9730586370839936,0.8864013640297504,0.8864013640297504,0.8864013640297504,0.9625,0.965625,0.9625,0.965625,0.9746835443037976,0.85218799231976,0.85218799231976,0.85218799231976,0.975,0.975,0.975,0.975,327.0,0.0,0.0,0.08455738802805413,82.0,0.0,0.0,0.028516899108919472,0.0
harmonix/0941_theocean/track.npy,harmonix,0.6494623655913979,0.5260966832069296,0.7828318373271199,0.6544642602670248,0.0,0.0,0.9470404984423676,0.9470404984423676,0.0,3.586871905257928e-08,5.3122026951288296e-08,4.449537300193379e-08,0.0,0.0,0.9506172839506173,0.9506172839506173,330.0,0.0,0.0,0.07145896398215644,83.0,0.0,0.0,0.035091319811275556,0.0
harmonix/0954_timeaftertimevan/track.npy,harmonix,0.9650507328072153,0.870910787389469,0.870910787389469,0.870910787389469,0.5857461024498887,0.9643652561247216,0.5857461024498887,0.9643652561247216,0.972972972972973,0.8371456139013254,0.8371456139013254,0.8371456139013254,0.9821428571428571,0.9821428571428571,0.9821428571428571,0.9821428571428571,461.0,0.0,0.0,0.09097177820577373,115.0,0.0,0.0,0.034685557987897964,0.0
harmonix/0967_walkingonadream/track.npy,harmonix,0.9941520467836257,0.9389037224029559,0.9389037224029559,0.9389037224029559,0.7091121495327103,0.991822429906542,0.7091121495327103,0.991822429906542,0.7102803738317757,0.669567299721287,0.669567299721287,0.669567299721287,0.7102803738317757,0.7102803738317757,0.7102803738317757,0.7102803738317757,867.0,0.0,0.0,0.08701137698955333,217.0,0.0,0.0,0.04224592407074049,0.0
harmonix/0975_whathappensinvegas/track.npy,harmonix,0.9771428571428572,0.8628712559866408,0.8628712559866408,0.8628712559866408,0.9553072625698324,0.9553072625698324,0.9553072625698324,0.9553072625698324,0.9772727272727273,0.8832792154341739,0.8832792154341739,0.8832792154341739,0.9555555555555556,0.9555555555555556,0.9555555555555556,0.9555555555555556,369.0,0.0,0.0,0.08701137698964323,93.0,0.0,0.0,0.021623095928688107,0.0
harmonix/0977_wheelsnow/track.npy,harmonix,0.9847715736040609,0.9159520970726739,0.9159520970726739,0.9159520970726739,0.97,0.97,0.97,0.97,0.9878542510121457,0.9215934195076347,0.9215934195076347,0.9215934195076347,0.976,0.976,0.976,0.976,512.0,0.0,0.0,0.09531017980430556,128.0,0.0,0.0,0.035091319811279664,0.0
harmonix/0982_whoknewdos/track.npy,harmonix,0.987152034261242,0.8655175640887637,0.8655175640887637,0.8655175640887637,0.9746300211416491,0.9746300211416491,0.9746300211416491,0.9746300211416491,0.9872340425531915,0.8707755204646743,0.8707755204646743,0.8707755204646743,0.9747899159663865,0.9747899159663865,0.9747899159663865,0.9747899159663865,485.0,0.0,0.0,0.09097177820573987,122.0,0.0,0.0,0.035091319811254906,0.0
harmonix/0988_withyoukovas/track.npy,harmonix,0.9992395437262357,0.9504046199354662,0.9504046199354662,0.9504046199354662,0.9984802431610942,0.9984802431610942,0.9984802431610942,0.9984802431610942,0.9969604863221885,0.9642477021617669,0.9642477021617669,0.9642477021617669,0.9939393939393939,0.9939393939393939,0.9939393939393939,0.9939393939393939,669.0,0.0,0.0,0.08701137698967287,168.0,0.0,0.0,0.021506205220974572,0.0
hjdb/hjdb_2_Bad_Mice_Take_You/track.npy,hjdb,1.0,0.9607118851142421,0.9607118851142421,0.9607118851142421,1.0,1.0,1.0,1.0,1.0,0.9410047886648959,0.9410047886648959,0.9410047886648959,1.0,1.0,1.0,1.0,159.0,0.0,0.0,0.09531017980432788,40.0,0.0,0.0,0.024141636810825744,0.0
hjdb/hjdb_A_Musical_Box/track.npy,hjdb,1.0,0.954028557021324,0.954028557021324,0.954028557021324,1.0,1.0,1.0,1.0,1.0,0.9626543360312718,0.9626543360312718,0.9626543360312718,1.0,1.0,1.0,1.0,96.0,0.0,0.0,0.105360515657833,24.0,0.0,0.0,0.039086724571147737,0.0
hjdb/hjdb_Bish_Bosh/track.npy,hjdb,1.0,0.9483318323023119,0.9483318323023119,0.9483318323023119,1.0,1.0,1.0,1.0,1.0,0.9190334715907584,0.9190334715907584,0.9190334715907584,1.0,1.0,1.0,1.0,89.0,0.0,0.0,0.09531017980432449,22.0,0.0,0.0,0.038004505557401744,0.0
hjdb/hjdb_Cookin_Up_Yah_Brain/track.npy,hjdb,0.9956709956709957,0.9533298518809691,0.9533298518809691,0.9533298518809691,0.9913793103448276,0.9913793103448276,0.9913793103448276,0.9913793103448276,1.0,0.9757906330218994,0.9757906330218994,0.9757906330218994,1.0,1.0,1.0,1.0,128.0,0.0,0.0,0.0953101798043211,32.0,0.0,0.0,0.018267279516759653,0.0
hjdb/hjdb_Damage/track.npy,hjdb,1.0,0.9530249845810049,0.9530249845810049,0.9530249845810049,1.0,1.0,1.0,1.0,1.0,0.9723585973376236,0.9723585973376236,0.9723585973376236,1.0,1.0,1.0,1.0,94.0,0.0,0.0,0.09531017980433143,23.0,0.0,0.0,0.03681397312271545,0.0
hjdb/hjdb_Darkman/track.npy,hjdb,1.0,0.9469179319875786,0.9469179319875786,0.9469179319875786,1.0,1.0,1.0,1.0,1.0,0.9104936682599405,0.9104936682599405,0.9104936682599405,1.0,1.0,1.0,1.0,160.0,0.0,0.0,0.10536051565782856,40.0,0.0,0.0,0.0512932943875517,0.0
hjdb/hjdb_Ecstatic_House/track.npy,hjdb,0.9937888198757764,0.9286255135588469,0.9286255135588469,0.9286255135588469,0.9876543209876543,0.9876543209876543,0.9876543209876543,0.9876543209876543,1.0,0.9457579755852168,0.9457579755852168,0.9457579755852168,1.0,1.0,1.0,1.0,93.0,0.0,0.0,0.105360515657833,23.0,0.0,0.0,0.038714512180690885,0.0
hjdb/hjdb_Exodus_(When_The_Lion_Awakes)/track.npy,hjdb,0.8723404255319148,0.7712686367731277,0.7712686367731277,0.7712686367731277,0.8591549295774648,0.8661971830985915,0.8591549295774648,0.8661971830985915,0.8571428571428571,0.7741983518952525,0.7741983518952525,0.7741983518952525,0.8857142857142857,0.8857142857142857,0.8857142857142857,0.8857142857142857,154.0,0.0,0.0,0.09531017980433942,38.0,0.0,0.0,0.09268326205632817,0.0
hjdb/hjdb_Fires_Burning/track.npy,hjdb,1.0,0.9576194099408766,0.9576194099408766,0.9576194099408766,1.0,1.0,1.0,1.0,1.0,0.9461414890818631,0.9461414890818631,0.9461414890818631,1.0,1.0,1.0,1.0,319.0,0.0,0.0,0.09097177820572491,80.0,0.0,0.0,0.0346855579878896,0.0
hjdb/hjdb_Flammable_(Tango_Remix)/track.npy,hjdb,0.9969230769230769,0.9472022242912955,0.9472022242912955,0.9472022242912955,0.9938650306748467,0.9938650306748467,0.9938650306748467,0.9938650306748467,0.9876543209876543,0.9530487342672058,0.9530487342672058,0.9530487342672058,0.975609756097561,0.975609756097561,0.975609756097561,0.975609756097561,177.0,0.0,0.0,0.105360515657833,45.0,0.0,0.0,0.013227912231756333,0.0
hjdb/hjdb_Future_Funk/track.npy,hjdb,0.9860139860139859,0.9150413710058508,0.9150413710058508,0.9150413710058508,0.9724137931034482,0.9724137931034482,0.9724137931034482,0.9724137931034482,0.9863013698630138,0.9368855157003447,0.9368855157003447,0.9368855157003447,0.972972972972973,0.972972972972973,0.972972972972973,0.972972972972973,158.0,0.0,0.0,0.1053605156578247,40.0,0.0,0.0,0.038714512180690885,0.0
hjdb/hjdb_Ghetto_People_(Remix)/track.npy,hjdb,1.0,0.9579597893971543,0.9579597893971543,0.9579597893971543,1.0,1.0,1.0,1.0,1.0,0.9871805143651398,0.9871805143651398,0.9871805143651398,1.0,1.0,1.0,1.0,64.0,0.0,0.0,0.10008345855697987,16.0,0.0,0.0,0.025642430613338596,0.0
hjdb/hjdb_Here_Comes_The_Drumz_(Drumz_VIP_Mix)/track.npy,hjdb,1.0,0.9559399793206317,0.9559399793206317,0.9559399793206317,1.0,1.0,1.0,1.0,1.0,0.9601901752375162,0.9601901752375162,0.9601901752375162,1.0,1.0,1.0,1.0,121.0,0.0,0.0,0.10008345855698031,31.0,0.0,0.0,0.03708842612742691,0.0
hjdb/hjdb_In_Complete_Darkness_(Slipmatt_remix)/track.npy,hjdb,1.0,0.9456006742927229,0.9456006742927229,0.9456006742927229,1.0,1.0,1.0,1.0,1.0,0.9333689096008093,0.9333689096008093,0.9333689096008093,1.0,1.0,1.0,1.0,127.0,0.0,0.0,0.10536051565782598,32.0,0.0,0.0,0.03871451218068917,0.0
hjdb/hjdb_Jump_Mk_II/track.npy,hjdb,1.0,0.9703756847383097,0.9703756847383097,0.9703756847383097,1.0,1.0,1.0,1.0,1.0,0.9718943576209763,0.9718943576209763,0.9718943576209763,1.0,1.0,1.0,1.0,123.0,0.0,0.0,0.05406722127028396,31.0,0.0,0.0,0.021734532285685663,0.0
hjdb/hjdb_Keep_The_Fires_Burning/track.npy,hjdb,1.0,0.9405607742703977,0.9405607742703977,0.9405607742703977,1.0,1.0,1.0,1.0,1.0,0.9609649297845912,0.9609649297845912,0.9609649297845912,1.0,1.0,1.0,1.0,270.0,0.0,0.0,0.08701137698964323,68.0,0.0,0.0,0.021739986636409303,0.0
hjdb/hjdb_Lords_Of_The_Null_Lines_(Foul_Play_Remix)/track.npy,hjdb,1.0,0.9515676562754473,0.9515676562754473,0.9515676562754473,1.0,1.0,1.0,1.0,1.0,0.9557126357814235,0.9557126357814235,0.9557126357814235,1.0,1.0,1.0,1.0,115.0,0.0,0.0,0.10536051565782527,29.0,0.0,0.0,0.04584752901384183,0.0
hjdb/hjdb_Method_To_My_Madness/track.npy,hjdb,0.9464285714285715,0.90888171110063,0.90888171110063,0.90888171110063,0.8983050847457628,0.8983050847457628,0.8983050847457628,0.8983050847457628,0.9285714285714286,0.8796157322623416,0.8796157322623416,0.8796157322623416,0.8666666666666667,0.8666666666666667,0.8666666666666667,0.8666666666666667,71.0,0.0,0.0,0.04652001563490016,18.0,0.0,0.0,0.02353049741019489,0.0
hjdb/hjdb_No_Worries/track.npy,hjdb,1.0,0.9574911873097881,0.9574911873097881,0.9574911873097881,1.0,1.0,1.0,1.0,1.0,0.953218016578494,0.953218016578494,0.953218016578494,1.0,1.0,1.0,1.0,124.0,0.0,0.0,0.10536051565782845,31.0,0.0,0.0,0.026317308317373868,0.0
hjdb/hjdb_Obsession_(Musics_So_Wonderful)/track.npy,hjdb,1.0,0.9666141779958496,0.9666141779958496,0.9666141779958496,1.0,1.0,1.0,1.0,1.0,0.9830782789619846,0.9830782789619846,0.9830782789619846,1.0,1.0,1.0,1.0,95.0,0.0,0.0,0.10536051565782856,24.0,0.0,0.0,0.013245226750021488,0.0
hjdb/hjdb_Phizical_(Moody_Mix)/track.npy,hjdb,0.9976798143851509,0.9145435263597672,0.9145435263597672,0.9145435263597672,0.9953703703703703,0.9953703703703703,0.9953703703703703,0.9953703703703703,1.0,0.9170016679001904,0.9170016679001904,0.9170016679001904,1.0,1.0,1.0,1.0,230.0,0.0,0.0,0.10536051565784188,58.0,0.0,0.0,0.04027389913794144,0.0
hjdb/hjdb_Re-Baptised_By_Dub_(Selectors_Revenge)/track.npy,hjdb,1.0,0.9754409335298423,0.9754409335298423,0.9754409335298423,1.0,1.0,1.0,1.0,1.0,0.9641926743074575,0.9641926743074575,0.9641926743074575,1.0,1.0,1.0,1.0,130.0,0.0,0.0,0.09531017980433143,33.0,0.0,0.0,0.02353049741019353,0.0
hjdb/hjdb_Showtime/track.npy,hjdb,1.0,0.935874875797655,0.935874875797655,0.935874875797655,1.0,1.0,1.0,1.0,1.0,0.9552408428843219,0.9552408428843219,0.9552408428843219,1.0,1.0,1.0,1.0,60.0,0.0,0.0,0.0953101798043157,15.0,0.0,0.0,0.035091319811268076,0.0
hjdb/hjdb_Spiritual_Aura/track.npy,hjdb,1.0,0.9259629811084555,0.9259629811084555,0.9259629811084555,1.0,1.0,1.0,1.0,1.0,0.9478251123270146,0.9478251123270146,0.9478251123270146,1.0,1.0,1.0,1.0,290.0,0.0,0.0,0.11122563511020256,73.0,0.0,0.0,0.027028672387916286,0.0
hjdb/hjdb_Sub_Dub/track.npy,hjdb,1.0,0.9732237268348888,0.9732237268348888,0.9732237268348888,1.0,1.0,1.0,1.0,1.0,0.9606082875960839,0.9606082875960839,0.9606082875960839,1.0,1.0,1.0,1.0,90.0,0.0,0.0,0.10008345855698213,23.0,0.0,0.0,0.025001302205416742,0.0
hjdb/hjdb_Take_Me_To_The_Top/track.npy,hjdb,0.9948717948717948,0.9725909971694352,0.9725909971694352,0.9725909971694352,0.9897959183673469,0.9897959183673469,0.9897959183673469,0.9897959183673469,0.9795918367346939,0.9620108278640337,0.9620108278640337,0.9620108278640337,0.96,0.96,0.96,0.96,111.0,0.0,0.0,0.10008345855698039,28.0,0.0,0.0,0.012422519998558812,0.0
hjdb/hjdb_Terrorist_(original)/track.npy,hjdb,1.0,0.966272944038933,0.966272944038933,0.966272944038933,1.0,1.0,1.0,1.0,1.0,0.9751247257969442,0.9751247257969442,0.9751247257969442,1.0,1.0,1.0,1.0,128.0,0.0,0.0,0.10008345855698919,32.0,0.0,0.0,0.025001302205417963,0.0
hjdb/hjdb_The_Core/track.npy,hjdb,1.0,0.9422829851148591,0.9422829851148591,0.9422829851148591,1.0,1.0,1.0,1.0,1.0,0.9629676169096102,0.9629676169096102,0.9629676169096102,1.0,1.0,1.0,1.0,96.0,0.0,0.0,0.1053605156578361,24.0,0.0,0.0,0.025975486403262357,0.0
hjdb/hjdb_The_Criminal/track.npy,hjdb,0.9936305732484078,0.9659784025443385,0.9659784025443385,0.9659784025443385,0.9873417721518988,0.9873417721518988,0.9873417721518988,0.9873417721518988,1.0,0.9639144760735008,0.9639144760735008,0.9639144760735008,1.0,1.0,1.0,1.0,92.0,0.0,0.0,0.10008345855698227,23.0,0.0,0.0,0.03681397312271606,0.0
hjdb/hjdb_This_Way/track.npy,hjdb,0.0,4.3654244149580916e-05,0.917943285291739,0.45899346976794425,0.0,0.0,0.9791666666666666,0.9791666666666666,0.0,8.66345033747688e-06,8.66345033747688e-06,8.66345033747688e-06,0.9166666666666666,0.9166666666666666,0.9166666666666666,0.9166666666666666,61.0,0.0,0.0,0.10008345855698539,16.0,0.0,0.0,0.025431425904458276,0.0
hjdb/hjdb_Time_Bomb/track.npy,hjdb,1.0,0.9527375481646141,0.9527375481646141,0.9527375481646141,1.0,1.0,1.0,1.0,1.0,0.9509040262897374,0.9509040262897374,0.9509040262897374,1.0,1.0,1.0,1.0,96.0,0.0,0.0,0.10536051565782412,24.0,0.0,0.0,0.03871451218069172,0.0
hjdb/hjdb_Unfriendly/track.npy,hjdb,1.0,0.9093065968525693,0.9093065968525693,0.9093065968525693,1.0,1.0,1.0,1.0,1.0,0.9284543119893659,0.9284543119893659,0.9284543119893659,1.0,1.0,1.0,1.0,64.0,0.0,0.0,0.10536051565782856,16.0,0.0,0.0,0.05003305243133571,0.0
hjdb/hjdb_Wind_It_Up_(Rewound)/track.npy,hjdb,1.0,0.9073738032028846,0.9073738032028846,0.9073738032028846,1.0,1.0,1.0,1.0,1.0,0.9198878340667388,0.9198878340667388,0.9198878340667388,1.0,1.0,1.0,1.0,63.0,0.0,0.0,0.10008345855698919,16.0,0.0,0.0,0.045147700165516114,0.0
hjdb/hjdb_Yaaah/track.npy,hjdb,0.9983579638752053,0.9700300876567162,0.9700300876567162,0.9700300876567162,0.9967213114754099,0.9967213114754099,0.9967213114754099,0.9967213114754099,0.9934640522875817,0.9572762733264445,0.9572762733264445,0.9572762733264445,0.987012987012987,0.987012987012987,0.987012987012987,0.987012987012987,316.0,0.0,0.0,0.08701137698964323,79.0,0.0,0.0,0.02173998663640646,0.0
hjdb/hjdb_You_Got_Me_Burnin_(A.A.S_Mix)/track.npy,hjdb,0.9911504424778761,0.9506678964452404,0.9506678964452404,0.9506678964452404,0.9824561403508771,0.9824561403508771,0.9824561403508771,0.9824561403508771,1.0,0.9594373820777292,0.9594373820777292,0.9594373820777292,1.0,1.0,1.0,1.0,70.0,0.0,0.0,0.051293294387555644,17.0,0.0,0.0,0.02469261259037131,0.0
jaah/jaah_000-tito_puente-airegin/track.npy,jaah,0.2818791946308725,0.21176303793831538,0.21176303793831538,0.21176303793831538,0.004454342984409799,0.004454342984409799,0.13175675675675674,0.18243243243243243,0.04739336492890995,0.04140803937850394,0.09523256734645674,0.06832030336248034,0.25,0.25,0.25,0.3063063063063063,300.0,0.0,0.0,0.11122563511020833,100.0,0.0,0.0,0.1285394393621856,0.0
jaah/jaah_004-dexter_gordon_quartet-bikini/track.npy,jaah,0.49151291512915135,0.35193464013635106,0.40715979144584585,0.37954721579109846,0.003989361702127659,0.1023936170212766,0.003989361702127659,0.1023936170212766,0.28277634961439585,0.20492463542648992,0.20817306937639993,0.20654885240144494,0.10945273631840796,0.43283582089552236,0.10945273631840796,0.43283582089552236,617.0,0.0,0.0,0.11778303565638115,206.0,0.0,0.0,0.07145896398214358,0.0
jaah/jaah_010-duke_ellington_his_orchestra-blue_serge/track.npy,jaah,0.9455909943714822,0.8615425130719495,0.8615425130719495,0.8615425130719495,0.9029850746268657,0.9402985074626866,0.9029850746268657,0.9402985074626866,0.9022556390977443,0.8360144196785997,0.8360144196785997,0.8360144196785997,0.8955223880597015,0.8955223880597015,0.8955223880597015,0.8955223880597015,272.0,0.0,0.0,0.09561490437840944,68.0,0.0,0.0,0.1238105960290366,0.0
jaah/jaah_011-charlie_parker-blues_for_alice/track.npy,jaah,0.9472527472527472,0.8491569358896562,0.8491569358896562,0.8491569358896562,0.7727272727272727,0.9264069264069265,0.7727272727272727,0.9264069264069265,0.9427312775330396,0.867638521389624,0.867638521389624,0.867638521389624,0.9739130434782609,0.9739130434782609,0.9739130434782609,0.9739130434782609,476.0,0.0,0.0,0.1135207253014599,119.0,0.0,0.0,0.04196419909903576,0.0
jaah/jaah_021-the_clifford_brownmax_roach_quintet-daahoud/track.npy,jaah,0.4153948241539483,0.300000314320779,0.37173947497980286,0.33586989465029093,0.0032017075773745998,0.0032017075773745998,0.07017543859649122,0.21052631578947367,0.164021164021164,0.11983248608872253,0.13318487739672358,0.12650868174272306,0.00425531914893617,0.00425531914893617,0.13986013986013987,0.3986013986013986,580.0,0.0,0.0,0.11778303565640336,145.0,0.0,0.0,0.13328350547185464,0.0
jaah/jaah_033-the_boswell_sisters-everybody_loves_my_baby/track.npy,jaah,0.6891133557800225,0.6016315506151012,0.7505695970947109,0.6761005738549061,0.12142857142857143,0.12142857142857143,0.3776435045317221,0.676737160120846,0.6457399103139013,0.5726601847296763,0.596442969263405,0.5845515769965406,0.12142857142857143,0.12142857142857143,0.5060240963855421,0.5421686746987951,341.0,0.0,0.0,0.10536051565784188,86.0,0.0,0.0,0.05406722127027865,0.0
jaah/jaah_048-louis_armstrong_and_his_hot_five-hotter_than_that/track.npy,jaah,0.5494296577946768,0.44139594602425275,0.479154642877261,0.4602752944507569,0.003194888178913738,0.020766773162939296,0.3028169014084507,0.3028169014084507,0.24749163879598662,0.16659248455147982,0.16659248455147982,0.16659248455147982,0.18471337579617833,0.31210191082802546,0.18471337579617833,0.31210191082802546,435.0,0.0,0.0,0.11778303565640336,145.0,0.0,0.0,0.05443281588166952,0.0
jaah/jaah_050-dizzy_gillespie_sextet-i_cant_get_started/track.npy,jaah,0.6313799621928166,0.5469073462552867,0.8095360602407872,0.6782217032480369,0.0,0.0,0.8788732394366198,0.9436619718309859,0.6412213740458016,0.5442544960413931,0.8247168065961415,0.6844856513187674,0.0,0.0,0.9659090909090909,0.9659090909090909,365.0,0.0,0.0,0.08004270767353816,91.0,0.0,0.0,0.038543838482668465,0.0
jaah/jaah_058-jelly_roll_morton-king_porter_stomp/track.npy,jaah,0.836801752464403,0.7528696251781266,0.7528696251781266,0.7528696251781266,0.25390625,0.494140625,0.314214463840399,0.494140625,0.5589519650655022,0.5002620565488297,0.5002620565488297,0.5002620565488297,0.5,0.5,0.5,0.5,409.0,0.0,0.0,0.11016012099870445,103.0,0.0,0.0,0.06062462181645509,0.0
jaah/jaah_072-bennie_moten_and_his_kansas_city_orchestra-moten_swing/track.npy,jaah,0.4825174825174826,0.3565193978919572,0.3565193978919572,0.3565193978919572,0.0,0.0,0.0,0.0,0.0,3.809255408034949e-40,0.3732746108384986,0.1866373054192493,0.0,0.0,0.0,0.0,226.0,0.0,0.0,0.08273306781228959,57.0,0.0,0.0,0.026798351890854177,0.0
jaah/jaah_076-charlie_parker-oh_lady_be_good_feat_jazz_at_the_philharmonic/track.npy,jaah,0.9906976744186047,0.907718036215241,0.907718036215241,0.907718036215241,0.9861431870669746,0.9861431870669746,0.9861431870669746,0.9861431870669746,0.9813084112149533,0.9056800728378779,0.9056800728378779,0.9056800728378779,0.9814814814814815,0.9814814814814815,0.9814814814814815,0.9814814814814815,446.0,0.0,0.0,0.09531017980432643,112.0,0.0,0.0,0.04652001563489271,0.0
jaah/jaah_082-louis_armstrong_and_his_hot_five-potato_head_blues/track.npy,jaah,0.6606683804627249,0.600668431693595,0.8969674469418643,0.7488179393177297,0.0,0.0,0.9734848484848485,0.9734848484848485,0.6597938144329897,0.6075572814313982,0.9066624045976249,0.7571098430145116,0.0,0.0,0.9696969696969697,0.9696969696969697,271.0,0.0,0.0,0.092373320131032,68.0,0.0,0.0,0.02891558499930999,0.0
jaah/jaah_084-gene_krupa_and_his_orchestra-rockin_chair/track.npy,jaah,0.8255813953488372,0.7245943149981054,0.7245943149981054,0.7245943149981054,0.7307692307692307,0.8269230769230769,0.7307692307692307,0.8269230769230769,0.7751937984496126,0.682166075341848,0.682166075341848,0.682166075341848,0.8,0.8,0.8,0.8,268.0,0.0,0.0,0.11693986453672621,67.0,0.0,0.0,0.053994612810592764,0.0
jaah/jaah_085-the_george_shearing_quintet-september_in_the_rain/track.npy,jaah,0.9505703422053232,0.8896990276553473,0.8896990276553473,0.8896990276553473,0.8955223880597015,0.9303482587064676,0.8955223880597015,0.9303482587064676,0.04060913705583757,0.03879151751148886,0.03879151751148886,0.03879151751148886,0.05,0.05,0.05,0.05,413.0,0.0,0.0,0.08701137698959682,103.0,0.0,0.0,0.04211148535012599,0.0
jaah/jaah_100-fletcher_henderson_and_his_orchestra-the_stampede/track.npy,jaah,0.4961896697713802,0.34811416382474036,0.3583699625455333,0.35324206318513685,0.0014104372355430183,0.009873060648801129,0.13559322033898305,0.2648305084745763,0.537313432835821,0.36955377447855325,0.36955377447855325,0.36955377447855325,0.3954802259887006,0.6214689265536724,0.3954802259887006,0.6214689265536724,487.0,0.0,0.0,0.11778303565638115,163.0,0.0,0.0,0.03922071315328133,0.0
jaah/jaah_105-louis_armstrong_earl_hines-weather_bird/track.npy,jaah,0.4938271604938272,0.35053590244798427,0.39811359564244686,0.37432474904521557,0.013671875,0.166015625,0.013671875,0.166015625,0.19858156028368792,0.14521098661453383,0.17106610527545882,0.15813854594499632,0.05844155844155844,0.3116883116883117,0.06493506493506493,0.3116883116883117,475.0,0.0,0.0,0.11778303565640336,159.0,0.0,0.0,0.07579825023374154,0.0
jaah/jaah_111-fletcher_henderson_and_his_orchestra-wrappin_it_up/track.npy,jaah,0.4880785413744741,0.42502184655961056,0.42502184655961056,0.42502184655961056,0.0,0.0,0.001876172607879925,0.001876172607879925,0.4916201117318436,0.44506565330544917,0.44506565330544917,0.44506565330544917,0.0,0.0,0.0,0.0,183.0,0.0,0.0,0.0930904230660266,46.0,0.0,0.0,0.03544438316006748,0.0
rwc/rwc_classical_CD1_01/track.npy,rwc_classical,0.5619174434087882,0.4237517063196733,0.5334908050501423,0.4786212556849078,0.0004935834155972359,0.0014807502467917078,0.0631786771964462,0.596248766041461,0.6953937592867756,0.5186934767112451,0.5186934767112451,0.5186934767112451,0.2478386167146974,0.6426512968299711,0.2478386167146974,0.6426512968299711,982.0,0.0,0.0,0.10008345855703227,328.0,0.0,0.0,0.09780553846916645,0.0
rwc/rwc_classical_CD1_03/track.npy,rwc_classical,0.5283422459893048,0.4096759208492559,0.5698796122675892,0.48977776655842253,0.0,0.0,0.13099041533546327,0.6853035143769968,0.3080872913992298,0.2397906509168506,0.2397906509168506,0.2397906509168506,0.0,0.0,0.006430868167202572,0.01607717041800643,633.0,0.0,0.0,0.10616631760501806,159.0,0.0,0.0,0.18581555461588378,0.0
rwc/rwc_classical_CD1_05/track.npy,rwc_classical,0.8513444951801116,0.6814181010883298,0.6814181010883298,0.6814181010883298,0.14365152919369786,0.7757182576459685,0.14365152919369786,0.7757182576459685,0.8559837728194726,0.6691086092973489,0.6691086092973489,0.6691086092973489,0.6407407407407407,0.7962962962962963,0.6407407407407407,0.7962962962962963,1090.0,0.0,0.0,0.08615248085287197,273.0,0.0,0.0,0.1037382602149633,0.0
rwc/rwc_classical_CD2_03/track.npy,rwc_classical,0.16656751933372993,0.11711924231896326,0.12032057775103686,0.11871991003500006,0.0030706243602865915,0.038894575230296824,0.02130681818181818,0.08948863636363637,0.11235955056179775,0.08151341853288104,0.09210580936338802,0.08680961394813452,0.013377926421404682,0.07357859531772576,0.11073825503355705,0.1610738255033557,707.0,0.0,0.0,0.10959899219812251,236.0,0.0,0.0,0.10043788896702611,0.0
rwc/rwc_classical_CD2_05/track.npy,rwc_classical,0.6084788029925187,0.44223719112137166,0.44223719112137166,0.44223719112137166,0.1251435132032147,0.4213547646383467,0.1251435132032147,0.4213547646383467,0.49063670411985016,0.35798800833109656,0.35798800833109656,0.35798800833109656,0.16551724137931034,0.3724137931034483,0.16551724137931034,0.3724137931034483,737.0,0.0,0.0,0.11441035117777464,246.0,0.0,0.0,0.13935279136507778,0.0
rwc/rwc_classical_CD3_06/track.npy,rwc_classical,0.8286334056399132,0.6519827315160851,0.6519827315160851,0.6519827315160851,0.36666666666666664,0.8375,0.36666666666666664,0.8375,0.4903225806451614,0.40584056473125085,0.5020028150248138,0.45392168987803233,0.15789473684210525,0.15789473684210525,0.48333333333333334,0.5333333333333333,488.0,0.0,0.0,0.09237332013101784,122.0,0.0,0.0,0.10376253378399285,0.0
rwc/rwc_classical_CD3_07/track.npy,rwc_classical,0.5836575875486382,0.4557900201426752,0.4557900201426752,0.4557900201426752,0.0614081524616199,0.10852302805717311,0.0614081524616199,0.2828389830508475,0.47608926673751334,0.37931587386668175,0.37931587386668175,0.37931587386668175,0.10969793322734499,0.11446740858505565,0.10969793322734499,0.3333333333333333,942.0,0.0,0.0,0.11122563511029351,314.0,0.0,0.0,0.12883226204212864,0.0
rwc/rwc_classical_CD4_04/track.npy,rwc_classical,0.7295825771324864,0.6087250046665655,0.6087250046665655,0.6087250046665655,0.24149659863945577,0.6326530612244898,0.24149659863945577,0.6326530612244898,0.3980099502487562,0.3390293609127884,0.3449084874425825,0.34196892417768543,0.0078125,0.0078125,0.2465753424657534,0.3835616438356164,305.0,0.0,0.0,0.08701137698964323,76.0,0.0,0.0,0.10293512165778484,0.0
rwc/rwc_classical_CD4_09/track.npy,rwc_classical,0.5759368836291913,0.46441775762135223,0.6968436356377437,0.5806306966295479,0.0,0.0,0.3074712643678161,0.8333333333333334,0.3571428571428571,0.2790359875590716,0.2790359875590716,0.2790359875590716,0.0,0.0,0.01904761904761905,0.0380952380952381,359.0,0.0,0.0,0.08701137698964916,90.0,0.0,0.0,0.09431067947124117,0.0
rwc/rwc_classical_CD4_15/track.npy,rwc_classical,0.17511520737327188,0.10319579447935896,0.1859244177540829,0.14456010611672093,0.007042253521126761,0.007042253521126761,0.2,0.21333333333333335,0.0,2.9718319038077565e-05,4.1120756502240414e-05,3.541953777015899e-05,0.0,0.0,0.0,0.0,80.0,0.0,0.0,0.09939168477830103,27.0,0.0,0.0,0.11203629226752015,0.0
rwc/rwc_classical_CD5_03/track.npy,rwc_classical,0.447900466562986,0.3517247511609981,0.3517247511609981,0.3517247511609981,0.032723772858517804,0.12512030798845045,0.04269662921348315,0.12808988764044943,0.23783783783783785,0.19291918921136855,0.25735400884065546,0.22513659902601202,0.013513513513513514,0.016891891891891893,0.07930367504835589,0.2011605415860735,894.0,0.0,0.0,0.11778303565644266,298.0,0.0,0.0,0.12217261370972077,0.0
rwc/rwc_classical_CD6_01/track.npy,rwc_classical,0.26361031518624645,0.17165610153571045,0.17196956990472886,0.17181283572021966,0.0047169811320754715,0.018867924528301886,0.10948905109489052,0.24087591240875914,0.13157894736842107,0.08609299279199586,0.0889845390953494,0.08753876594367263,0.0,0.0,0.1320754716981132,0.18867924528301888,140.0,0.0,0.0,0.11244380348857706,47.0,0.0,0.0,0.14181106256341738,0.0
rwc/rwc_classical_CD6_02/track.npy,rwc_classical,0.5550239234449761,0.4404475345561225,0.4404475345561225,0.4404475345561225,0.003816793893129771,0.007633587786259542,0.16025641025641027,0.33974358974358976,0.474820143884892,0.3826949195718957,0.3826949195718957,0.3826949195718957,0.0,0.0,0.3076923076923077,0.34615384615384615,166.0,0.0,0.0,0.10008345855698075,56.0,0.0,0.0,0.10193042854227347,0.0
rwc/rwc_jazz_CD1_05/track.npy,rwc_jazz,0.5929203539823009,0.4693142536817273,0.4693142536817273,0.4693142536817273,0.1553672316384181,0.576271186440678,0.1553672316384181,0.576271186440678,0.5044247787610621,0.4344479861754318,0.4344479861754318,0.4344479861754318,0.3050847457627119,0.6101694915254238,0.3050847457627119,0.6101694915254238,364.0,0.0,0.0,0.08338160893906466,122.0,0.0,0.0,0.09777348160681273,0.0
rwc/rwc_jazz_CD1_08/track.npy,rwc_jazz,0.40243902439024387,0.3301945352795265,0.4682713555031168,0.3992329453913217,0.003472222222222222,0.006944444444444444,0.36117936117936117,0.4152334152334152,0.5172413793103449,0.42487514820478883,0.42487514820478883,0.42487514820478883,0.43137254901960786,0.43137254901960786,0.43137254901960786,0.43137254901960786,291.0,0.0,0.0,0.11433646515073512,73.0,0.0,0.0,0.17112627700784633,0.0
rwc/rwc_jazz_CD2_04/track.npy,rwc_jazz,0.9700854700854702,0.8280977098917374,0.8280977098917374,0.8280977098917374,0.968421052631579,0.968421052631579,0.968421052631579,0.968421052631579,0.64,0.5516957506604381,0.8216745222602269,0.6866851364603325,0.0,0.0,0.9747899159663865,0.9747899159663865,483.0,0.0,0.0,0.09237332013097604,121.0,0.0,0.0,0.032311589958698275,0.0
rwc/rwc_jazz_CD3_04/track.npy,rwc_jazz,0.6471204188481675,0.5701379162028866,0.8479118273208934,0.70902487176189,0.0,0.0,0.5108695652173914,0.9503105590062112,0.971608832807571,0.8381946108186406,0.8381946108186406,0.8381946108186406,0.968944099378882,0.968944099378882,0.968944099378882,0.968944099378882,656.0,0.0,0.0,0.11122563511020256,164.0,0.0,0.0,0.04079458975114189,0.0
rwc/rwc_jazz_CD3_06/track.npy,rwc_jazz,0.5947368421052632,0.5118950220113953,0.7985157808250644,0.6552054014182298,0.0,0.0,0.7298311444652908,0.7298311444652908,0.9193548387096774,0.7706589826378359,0.7706589826378359,0.7706589826378359,0.7313432835820896,0.7313432835820896,0.7313432835820896,0.7313432835820896,541.0,0.0,0.0,0.11778303565644266,136.0,0.0,0.0,0.046883585898849445,0.0
rwc/rwc_jazz_CD3_09/track.npy,rwc_jazz,0.6364290856731462,0.5447021399990626,0.8184455165142202,0.6815738282566414,0.0,0.0,0.5304812834224599,0.9358288770053476,0.8590021691973969,0.73277825908937,0.73277825908937,0.73277825908937,0.8589743589743589,0.8589743589743589,0.8589743589743589,0.8589743589743589,950.0,0.0,0.0,0.11122563511028605,238.0,0.0,0.0,0.05425247507647801,0.0
rwc/rwc_jazz_CD3_10/track.npy,rwc_jazz,0.9739130434782609,0.8343294332346533,0.8343294332346533,0.8343294332346533,0.49135446685878964,0.9610951008645533,0.49135446685878964,0.9610951008645533,0.9695652173913043,0.8199012007631665,0.8199012007631665,0.8199012007631665,0.9653679653679653,0.9653679653679653,0.9653679653679653,0.9653679653679653,702.0,0.0,0.0,0.09097177820577373,234.0,0.0,0.0,0.04580953603130586,0.0
rwc/rwc_jazz_CD4_07/track.npy,rwc_jazz,0.9565879664889566,0.840485085990495,0.840485085990495,0.840485085990495,0.9227340267459139,0.9301634472511144,0.9227340267459139,0.9301634472511144,0.9515151515151514,0.8511350072851684,0.8511350072851684,0.8511350072851684,0.9226190476190477,0.9285714285714286,0.9226190476190477,0.9285714285714286,683.0,0.0,0.0,0.08004270767353738,171.0,0.0,0.0,0.027383475137612533,0.0
rwc/rwc_jazz_CD4_15/track.npy,rwc_jazz,0.9440267335004178,0.8609159678981723,0.8609159678981723,0.8609159678981723,0.28175895765472314,0.8485342019543974,0.28175895765472314,0.8485342019543974,0.7826086956521738,0.6994463241713231,0.6994463241713231,0.6994463241713231,0.30718954248366015,0.7189542483660131,0.30718954248366015,0.7189542483660131,597.0,0.0,0.0,0.1053605156578814,150.0,0.0,0.0,0.04671806583898937,0.0
rwc/rwc_popular_CD1_05/track.npy,rwc_popular,0.9827760891590679,0.925969036664587,0.925969036664587,0.925969036664587,0.9661354581673307,0.9661354581673307,0.9661354581673307,0.9661354581673307,0.9797570850202428,0.9211018004046787,0.9211018004046787,0.9211018004046787,0.9603174603174603,0.9603174603174603,0.9603174603174603,0.9603174603174603,513.0,0.0,0.0,0.09097177820572772,129.0,0.0,0.0,0.03378789378456016,0.0
rwc/rwc_popular_CD1_11/track.npy,rwc_popular,0.9936143039591315,0.9507008729079799,0.9507008729079799,0.9507008729079799,0.9847715736040609,0.9847715736040609,0.9847715736040609,0.9847715736040609,0.989795918367347,0.9471585583107878,0.9471585583107878,0.9471585583107878,0.9797979797979798,0.9797979797979798,0.9797979797979798,0.9797979797979798,401.0,0.0,0.0,0.08961215868964778,100.0,0.0,0.0,0.02247285585205012,0.0
rwc/rwc_popular_CD2_01/track.npy,rwc_popular,0.9718875502008033,0.9422216029318484,0.9422216029318484,0.9422216029318484,0.9528795811518325,0.9528795811518325,0.9528795811518325,0.9528795811518325,0.9680851063829786,0.9260180626479667,0.9260180626479667,0.9260180626479667,0.9479166666666666,0.9479166666666666,0.9479166666666666,0.9479166666666666,390.0,0.0,0.0,0.06453852113758152,98.0,0.0,0.0,0.01626052087178287,0.0
rwc/rwc_popular_CD2_03/track.npy,rwc_popular,0.9909909909909909,0.9543314122138291,0.9543314122138291,0.9543314122138291,0.9821428571428571,0.9821428571428571,0.9821428571428571,0.9821428571428571,0.9901639344262295,0.9489120071187209,0.9489120071187209,0.9489120071187209,0.9805194805194806,0.9805194805194806,0.9805194805194806,0.9805194805194806,627.0,0.0,0.0,0.08701137698967287,157.0,0.0,0.0,0.024948573371437084,0.0
rwc/rwc_popular_CD3_09/track.npy,rwc_popular,0.650571791613723,0.6161121916516763,0.9131455646262893,0.7646288781389827,0.0,0.0,0.9309090909090909,0.9309090909090909,0.6530612244897959,0.625989457182366,0.9294994970283615,0.7777444771053638,0.0,0.0,0.9411764705882353,0.9411764705882353,284.0,0.0,0.0,0.06669137449868245,71.0,0.0,0.0,0.016667052485214273,0.0
rwc/rwc_popular_CD4_02/track.npy,rwc_popular,0.6409774436090226,0.5424657866036052,0.6536186645942509,0.5980422255989281,0.0,0.0,0.3415977961432507,0.768595041322314,0.5132075471698113,0.4534333631692245,0.46797969521065774,0.46070652918994115,0.0,0.0,0.7333333333333333,0.7333333333333333,373.0,0.0,0.0,0.07696104113613988,93.0,0.0,0.0,0.06366971118830433,0.0
rwc/rwc_popular_CD4_05/track.npy,rwc_popular,0.977346278317152,0.9259534806906621,0.9259534806906621,0.9259534806906621,0.9556025369978859,0.9556025369978859,0.9556025369978859,0.9556025369978859,0.9741379310344828,0.9118125696106415,0.9118125696106415,0.9118125696106415,0.9576271186440678,0.9576271186440678,0.9576271186440678,0.9576271186440678,484.0,0.0,0.0,0.08701137698967287,121.0,0.0,0.0,0.04396312342111539,0.0
rwc/rwc_popular_CD4_08/track.npy,rwc_popular,0.9753566796368353,0.8753766397893495,0.8753766397893495,0.8753766397893495,0.9518987341772152,0.9518987341772152,0.9518987341772152,0.9518987341772152,0.9791666666666666,0.87475720391593,0.87475720391593,0.87475720391593,0.9591836734693877,0.9591836734693877,0.9591836734693877,0.9591836734693877,401.0,0.0,0.0,0.05129329438754386,100.0,0.0,0.0,0.024845998586526585,0.0
rwc/rwc_popular_CD4_16/track.npy,rwc_popular,0.975609756097561,0.9430407607477906,0.9430407607477906,0.9430407607477906,0.9582463465553236,0.9582463465553236,0.9582463465553236,0.9582463465553236,0.9745762711864409,0.9366147373434037,0.9366147373434037,0.9366147373434037,0.9666666666666667,0.9666666666666667,0.9666666666666667,0.9666666666666667,487.0,0.0,0.0,0.06669137449868245,122.0,0.0,0.0,0.016667052485220157,0.0
rwc/rwc_popular_CD5_15/track.npy,rwc_popular,0.9659520807061791,0.8862459100533758,0.8862459100533758,0.8862459100533758,0.943069306930693,0.943069306930693,0.943069306930693,0.943069306930693,0.964824120603015,0.9044872705845521,0.9044872705845521,0.9044872705845521,0.9504950495049505,0.9504950495049505,0.9504950495049505,0.9504950495049505,412.0,0.0,0.0,0.09237332013098752,103.0,0.0,0.0,0.023167059281535285,0.0
rwc/rwc_popular_CD7_06/track.npy,rwc_popular,0.9940928270042194,0.9522114570312622,0.9522114570312622,0.9522114570312622,0.988255033557047,0.988255033557047,0.988255033557047,0.988255033557047,0.9932432432432432,0.9534869831055025,0.9534869831055025,0.9534869831055025,0.9865771812080537,0.9865771812080537,0.9865771812080537,0.9865771812080537,607.0,0.0,0.0,0.08701137698967287,152.0,0.0,0.0,0.021634784999444063,0.0
rwc/rwc_royalty-free_CD1_14/track.npy,rwc_royalty-free,0.6577946768060836,0.5301732007417381,0.7900031263100707,0.6600881635259044,0.0,0.0,0.9611111111111111,0.9611111111111111,0.39455782312925164,0.2935555816215697,0.38851560243668676,0.34103559202912825,0.0,0.0,0.0,0.0,188.0,0.0,0.0,0.12136085700425144,62.0,0.0,0.0,0.04000533461370537,0.0
tapcorrect/004_youtube_IwOfCgkyEj0/track.npy,tapcorrect,0.9956101843722563,0.9422971985612415,0.9422971985612415,0.9422971985612415,0.7954545454545454,0.9895104895104895,0.7954545454545454,0.9895104895104895,0.9929577464788732,0.920424987546129,0.920424987546129,0.920424987546129,0.7902097902097902,0.9790209790209791,0.7902097902097902,0.9790209790209791,580.0,0.0,0.0,0.06453852113758152,145.0,0.0,0.0,0.024471187264350713,0.0
tapcorrect/006_youtube_I3gHugP6bPE/track.npy,tapcorrect,0.9272300469483568,0.8132330827410768,0.8132330827410768,0.8132330827410768,0.7869955156950673,0.7869955156950673,0.7869955156950673,0.7869955156950673,0.9333333333333333,0.8444334420653475,0.8444334420653475,0.8444334420653475,0.785234899328859,0.785234899328859,0.785234899328859,0.785234899328859,413.0,0.0,0.0,0.10008345855699852,138.0,0.0,0.0,0.048790164169433804,0.0
tapcorrect/010_youtube_80tX5MLX8QY/track.npy,tapcorrect,0.9359129383313181,0.8583502309417302,0.8583502309417302,0.8583502309417302,0.46064814814814814,0.8888888888888888,0.46064814814814814,0.8888888888888888,0.9134615384615385,0.8378434018195359,0.8378434018195359,0.8378434018195359,0.46296296296296297,0.9074074074074074,0.46296296296296297,0.9074074074074074,442.0,0.0,0.0,0.0769610411361412,111.0,0.0,0.0,0.057708317620641394,0.0
tapcorrect/012_youtube_Va0vs1fhhNI/track.npy,tapcorrect,0.6606060606060605,0.6138502012166157,0.9277135543622054,0.7707818777894105,0.0,0.0,0.9863945578231292,0.9863945578231292,0.6585365853658536,0.6202918156640427,0.9259742740751473,0.773133044869595,0.0,0.0,0.9727272727272728,0.9727272727272728,452.0,0.0,0.0,0.09531017980434109,113.0,0.0,0.0,0.023810648693719072,0.0
tapcorrect/024_youtube_S4X_l8PIobc/track.npy,tapcorrect,0.9586776859504132,0.8751504353542005,0.8751504353542005,0.8751504353542005,0.9282868525896414,0.9282868525896414,0.9282868525896414,0.9282868525896414,0.9672131147540983,0.8623311745569778,0.8623311745569778,0.8623311745569778,0.9365079365079365,0.9365079365079365,0.9365079365079365,0.9365079365079365,257.0,0.0,0.0,0.08386461989799536,64.0,0.0,0.0,0.04362062247589482,0.0
tapcorrect/029_youtube_41TNDPn9x2Y/track.npy,tapcorrect,0.6473317865429234,0.5909317684171379,0.6621139390982549,0.6265228537576963,0.23707664884135474,0.23707664884135474,0.23707664884135474,0.46589018302828616,0.5648148148148149,0.5256068406574518,0.5594491910569338,0.5425280158571928,0.25,0.25,0.25,0.36423841059602646,568.0,0.0,0.0,0.0988901388687719,142.0,0.0,0.0,0.08836477880907423,0.0
tapcorrect/030_youtube_U8EDgciZZFc/track.npy,tapcorrect,0.551980198019802,0.5051616251751602,0.7475885474794932,0.6263750863273267,0.0037418147801683817,0.015902712815715623,0.52516010978957,0.7804208600182982,0.5247524752475249,0.49145432509851966,0.7368248235530549,0.6141395743257873,0.00749063670411985,0.00749063670411985,0.5274725274725275,0.7985347985347986,1079.0,0.0,0.0,0.09097177820577373,270.0,0.0,0.0,0.08085029768691838,0.0
tapcorrect/037_youtube_VYCOg-yglNM/track.npy,tapcorrect,0.650103519668737,0.5861880788483158,0.8684933805929054,0.7273407297206106,0.0,0.0,0.9289940828402367,0.9289940828402367,0.9633027522935781,0.873243797968773,0.873243797968773,0.873243797968773,0.9292035398230089,0.9292035398230089,0.9292035398230089,0.9292035398230089,346.0,0.0,0.0,0.06453852113760372,116.0,0.0,0.0,0.043050842569612245,0.0
tapcorrect/045_youtube_SYUgGs9IStY/track.npy,tapcorrect,0.6405594405594406,0.5893540600749434,0.8945486367907735,0.7419513484328584,0.0,0.0,0.9403292181069959,0.9403292181069959,0.6136363636363636,0.5551192399657647,0.7840437154614083,0.6695814777135864,0.0,0.0,0.6557377049180327,0.7786885245901639,497.0,0.0,0.0,0.09531017980430556,124.0,0.0,0.0,0.035091319811271185,0.0
tapcorrect/053_youtube_yuxchcK5Gek/track.npy,tapcorrect,0.9828801611278952,0.9364683996277693,0.9364683996277693,0.9364683996277693,0.9663366336633663,0.9663366336633663,0.9663366336633663,0.9663366336633663,0.9838709677419354,0.9216655398021045,0.9216655398021045,0.9216655398021045,0.9682539682539683,0.9682539682539683,0.9682539682539683,0.9682539682539683,514.0,0.0,0.0,0.07696104113613988,129.0,0.0,0.0,0.029558802241543437,0.0
tapcorrect/066_youtube_H4BB9eGUEaE/track.npy,tapcorrect,0.9359605911330049,0.871819724813535,0.871819724813535,0.871819724813535,0.725,0.884375,0.725,0.884375,0.7922077922077922,0.7446338441690312,0.7446338441690312,0.7446338441690312,0.6125,0.7375,0.6125,0.7375,324.0,0.0,0.0,0.08377703842349554,81.0,0.0,0.0,0.06092579059682619,0.0
tapcorrect/069_youtube_8kl6q_9qZOs/track.npy,tapcorrect,0.9398496240601504,0.8829638926138013,0.8829638926138013,0.8829638926138013,0.8896797153024911,0.8896797153024911,0.8896797153024911,0.8896797153024911,0.93734335839599,0.868547062467776,0.868547062467776,0.868547062467776,0.8952380952380953,0.8952380952380953,0.8952380952380953,0.8952380952380953,853.0,0.0,0.0,0.08701137698955441,213.0,0.0,0.0,0.04211148535013742,0.0
tapcorrect/087_youtube_ej93qIAlhXs/track.npy,tapcorrect,0.9906687402799378,0.9383461402372483,0.9383461402372483,0.9383461402372483,0.9815100154083205,0.9815100154083205,0.9815100154083205,0.9815100154083205,0.9906542056074767,0.9267816001241349,0.9267816001241349,0.9267816001241349,0.9814814814814815,0.9814814814814815,0.9814814814814815,0.9814814814814815,660.0,0.0,0.0,0.09097177820577373,165.0,0.0,0.0,0.03468555798788995,0.0
tapcorrect/093_youtube_C1lbOgBtE3w/track.npy,tapcorrect,0.6390625,0.5741106376203894,0.8447675760423838,0.7094391068313866,0.0,0.0,0.6867052023121387,0.945664739884393,0.6479750778816199,0.5794894763644338,0.8579250941068219,0.7187072852356279,0.0,0.0,0.9539170506912442,0.9539170506912442,877.0,0.0,0.0,0.09531017980430556,220.0,0.0,0.0,0.045985113241800483,0.0
tapcorrect/097_youtube_Nco69szMp0Y/track.npy,tapcorrect,0.6053772766695578,0.5259810521634568,0.7805813326625867,0.6532811924130217,0.0,0.0,0.55,0.8910256410256411,0.6089965397923877,0.5370295979004838,0.7940767254189579,0.6655531616597208,0.0,0.0,0.9435897435897436,0.9435897435897436,796.0,0.0,0.0,0.10008345855699852,199.0,0.0,0.0,0.06077348672841151,0.0
