piece,dataset,beat_fmeasure,beat_cemgil,beat_cemgil_max,beat_cemgil_bt_legacy,beat_cmlc,beat_cmlt,beat_amlc,beat_amlt,downbeat_fmeasure,downbeat_cemgil,downbeat_cemgil_max,downbeat_cemgil_bt_legacy,downbeat_cmlc,downbeat_cmlt,downbeat_amlc,downbeat_amlt,beat_diag_count,beat_diag_ibi_lt_140ms,beat_diag_ibi_lt_200ms,beat_diag_log_ibi_jump_p95,downbeat_diag_count,downbeat_diag_ibi_lt_140ms,downbeat_diag_ibi_lt_200ms,downbeat_diag_log_ibi_jump_p95,downbeats_off_beat
asap/Bach_Fugue_bwv_873_Lisiecki13M/track.npy,asap,0.6019417475728156,0.4962164731759969,0.5903216086619212,0.543269040918959,0.0,0.0,0.5208333333333334,0.6944444444444444,0.06956521739130435,0.057933342248873775,0.07819021085936648,0.06806177655412013,0.0,0.0,0.020833333333333332,0.020833333333333332,151.0,0.0,0.0,0.09763846956391387,51.0,0.0,0.0,0.13903191626953804,0.0
asap/Bach_Fugue_bwv_874_BianF01/track.npy,asap,0.10631229235880398,0.0775623900652725,0.09781961099800165,0.08769100053163709,0.0,0.0,0.1323529411764706,0.6568627450980392,0.0,9.615476964137362e-08,0.017619073244680993,0.008809584699725318,0.0,0.0,0.09803921568627451,0.09803921568627451,210.0,0.0,0.0,0.09763846956391387,52.0,0.0,0.0,0.1589800033324968,0.0
asap/Bach_Fugue_bwv_874_Kurz01M/track.npy,asap,0.6488294314381271,0.5689792777899236,0.8633899804181911,0.7161846291040574,0.0,0.0,0.9455445544554455,0.9455445544554455,0.0,0.0,0.7623538154759938,0.3811769077379969,0.0,0.0,0.9215686274509803,0.9215686274509803,207.0,0.0,0.0,0.07198004270649437,52.0,0.0,0.0,0.0718046337427129,0.0
asap/Bach_Fugue_bwv_874_WongWY01M/track.npy,asap,0.4212860310421286,0.35391913043807466,0.5751501686087268,0.46453464952340073,0.0,0.0,0.1271186440677966,0.1271186440677966,0.5255474452554744,0.4205660246668196,0.6656102128313766,0.5430881187490981,0.0,0.0,0.7684210526315789,0.7684210526315789,358.0,0.0,0.0,0.08701137698964323,90.0,0.0,0.0,0.10691394039358582,0.0
asap/Bach_Fugue_bwv_875_Ahfat01M/track.npy,asap,0.5802469135802469,0.47737828407598687,0.7320258544537991,0.604702069264893,0.0,0.0,0.5339366515837104,0.8416289592760181,0.4390243902439025,0.3865908447378741,0.5092475289022935,0.4479191868200838,0.0,0.0,0.5357142857142857,0.7142857142857143,229.0,0.0,0.0,0.07410797215372189,58.0,0.0,0.0,0.09186669956125024,0.0
asap/Bach_Fugue_bwv_875_CaoJ01M/track.npy,asap,0.6325878594249201,0.5489228172865047,0.837508190184899,0.6932155037357018,0.0,0.0,0.9478672985781991,0.9478672985781991,0.6493506493506493,0.5652885691893517,0.8220349011947349,0.6936617351920433,0.0,0.0,0.9423076923076923,0.9423076923076923,220.0,0.0,0.0,0.07410797215373355,55.0,0.0,0.0,0.05728266089728814,0.0
asap/Bach_Fugue_bwv_883_GuoE01M/track.npy,asap,0.6416464891041163,0.5590539021269142,0.839942452484184,0.6994981773055491,0.0,0.0,0.4657039711191336,0.9530685920577617,0.3188405797101449,0.2763334372596452,0.40109905666185436,0.33871624696074976,0.0,0.0,0.460431654676259,0.460431654676259,565.0,0.0,0.0,0.08701137698960926,142.0,0.0,0.0,0.05337005156754135,0.0
asap/Bach_Fugue_bwv_883_Herbert02/track.npy,asap,0.021937842778793418,0.027415601808513528,0.027415601808513528,0.027415601808513528,0.08727272727272728,0.4727272727272727,0.08727272727272728,0.4727272727272727,0.0,6.704499017322032e-42,8.231441771832408e-42,7.46797039457722e-42,0.0,0.0,0.0,0.0,283.0,0.0,0.0,0.08455738802804613,71.0,0.0,0.0,0.052516230571708025,0.0
asap/Bach_Fugue_bwv_883_KaiRuiR03/track.npy,asap,0.014598540145985403,0.013437618474800956,0.17626089575220333,0.09484925711350214,0.014492753623188406,0.03985507246376811,0.29347826086956524,0.5507246376811594,0.0,0.007283289350241554,0.007364573099214616,0.007323931224728085,0.9855072463768116,0.9855072463768116,0.9855072463768116,0.9855072463768116,283.0,0.0,0.0,0.07145896398214346,71.0,0.0,0.0,0.0707036962865606,0.0
asap/Bach_Fugue_bwv_883_Khmara04/track.npy,asap,0.00243605359317905,0.002271459187989947,0.00447283247183373,0.003372145829911838,0.0,0.0,0.0072992700729927005,0.0072992700729927005,0.0,2.6894621032659898e-17,3.224208954207765e-17,2.9568355287368777e-17,0.0,0.0,0.0,0.0,553.0,0.0,0.0,0.0909717782056444,139.0,0.0,0.0,0.056129222860522784,0.0
asap/Bach_Fugue_bwv_883_LuM01M/track.npy,asap,0.9454545454545455,0.8370518291593693,0.8370518291593693,0.8370518291593693,0.5806451612903226,0.910394265232975,0.5806451612903226,0.910394265232975,0.014492753623188404,0.01226236133252099,0.6518391974325307,0.33205077938252586,0.0,0.0,0.7571428571428571,0.7571428571428571,285.0,0.0,0.0,0.10483280994773728,72.0,0.0,0.0,0.1323539799302887,0.0
asap/Bach_Fugue_bwv_885_Guo01M/track.npy,asap,0.790983606557377,0.6994146865406182,0.6994146865406182,0.6994146865406182,0.6341463414634146,0.7804878048780488,0.6341463414634146,0.7804878048780488,0.7852760736196319,0.6801714831666578,0.6801714831666578,0.6801714831666578,0.9024390243902439,0.9390243902439024,0.9024390243902439,0.9390243902439024,253.0,0.0,0.0,0.09246116924699649,84.0,0.0,0.0,0.08837561137896727,0.0
asap/Bach_Fugue_bwv_885_Huang04M/track.npy,asap,0.8508064516129032,0.7699646350572696,0.7699646350572696,0.7699646350572696,0.5335968379446641,0.8221343873517787,0.5335968379446641,0.8221343873517787,0.5542168674698795,0.502496783364138,0.502496783364138,0.502496783364138,0.5294117647058824,0.5411764705882353,0.5294117647058824,0.5411764705882353,259.0,0.0,0.0,0.08223809823695985,87.0,0.0,0.0,0.07723707491020719,0.0
asap/Bach_Fugue_bwv_885_JeonH01M/track.npy,asap,0.9020408163265307,0.760430900303685,0.760430900303685,0.760430900303685,0.6987951807228916,0.891566265060241,0.6987951807228916,0.891566265060241,0.27777777777777773,0.22952555875150477,0.26052171514314065,0.2450236369473227,0.012345679012345678,0.024691358024691357,0.0125,0.024691358024691357,257.0,0.0,0.0,0.07145896398215547,65.0,0.0,0.0,0.11146113952360018,0.0
asap/Bach_Fugue_bwv_885_SINKEV06/track.npy,asap,0.06315789473684211,0.0775197701685782,0.0775197701685782,0.0775197701685782,0.024896265560165973,0.2946058091286307,0.024896265560165973,0.2946058091286307,0.0,0.002939402034962937,0.006020208319871574,0.004479805177417255,0.024691358024691357,0.024691358024691357,0.0625,0.0625,243.0,0.0,0.0,0.08004270767352048,81.0,0.0,0.0,0.07575547717231916,0.0
asap/Bach_Prelude_bwv_857_Bult-ItoS02M/track.npy,asap,0.6229508196721312,0.5270699969039445,0.7888322317942215,0.657951114349083,0.0,0.0,0.5828220858895705,0.9141104294478528,0.6129032258064516,0.5220220616970284,0.6222104903863381,0.5721162760416832,0.0,0.0,1.0,1.0,172.0,0.0,0.0,0.10536051565782813,43.0,0.0,0.0,0.09962984094884075,0.0
asap/Bach_Prelude_bwv_857_Lan01M/track.npy,asap,0.6374501992031872,0.6021378731575258,0.9036049127667602,0.752871392962143,0.0,0.0,0.9294117647058824,0.9294117647058824,0.625,0.5912495633996361,0.7974563216075239,0.6943529425035799,0.0,0.0,0.9069767441860465,0.9069767441860465,178.0,0.0,0.0,0.06453852113757114,45.0,0.0,0.0,0.04762804898925569,0.0
asap/Bach_Prelude_bwv_857_Lisiecki04M/track.npy,asap,0.6086956521739131,0.5269772687213661,0.7928062961664316,0.6598917824438988,0.0,0.0,0.391812865497076,0.9005847953216374,0.59375,0.5145003314242871,0.6380064419636328,0.5762533866939599,0.0,0.0,0.5348837209302325,0.8837209302325582,179.0,0.0,0.0,0.0984400728132514,45.0,0.0,0.0,0.1827127815770196,0.0
asap/Bach_Prelude_bwv_857_ToA01M/track.npy,asap,0.592,0.5117159911670485,0.7355113688544522,0.6236136800107503,0.0,0.0,0.6369047619047619,0.8928571428571429,0.634920634920635,0.5443345115686626,0.653673816559438,0.5990041640640503,0.0,0.0,0.9285714285714286,0.9285714285714286,174.0,0.0,0.0,0.11855197333298971,44.0,0.0,0.0,0.09378905885225566,0.0
asap/Bach_Prelude_bwv_857_WangA01M/track.npy,asap,0.6345381526104418,0.5241391567085711,0.8209679401497738,0.6725535484291725,0.0,0.0,0.7125748502994012,0.9461077844311377,0.634920634920635,0.49234096145081446,0.6798509377150627,0.5860959495829385,0.0,0.0,0.9761904761904762,0.9761904761904762,174.0,0.0,0.0,0.10536051565783072,44.0,0.0,0.0,0.10244657740811168,0.0
asap/Bach_Prelude_bwv_857_YuP01M/track.npy,asap,0.6530612244897959,0.5704591181379888,0.8385514595746337,0.7045052888563113,0.0,0.0,0.9634146341463414,0.975609756097561,0.6774193548387097,0.5888563355132562,0.7101218901129508,0.6494891128131035,0.0,0.0,1.0,1.0,172.0,0.0,0.0,0.1040636802225858,43.0,0.0,0.0,0.08369901887665188,0.0
asap/Bach_Prelude_bwv_864_SunD01M/track.npy,asap,0.7252747252747254,0.6445830145539178,0.6445830145539178,0.6445830145539178,0.6063829787234043,0.6808510638297872,0.6063829787234043,0.6808510638297872,0.18518518518518515,0.15574461899842756,0.23960265656368268,0.19767363778105512,0.0,0.0,0.03125,0.03125,102.0,0.0,0.0,0.09005355439587369,34.0,0.0,0.0,0.10846708854706105,0.0
asap/Bach_Prelude_bwv_865_Rizikov01M/track.npy,asap,0.39593908629441626,0.25843871061448437,0.26968803658624596,0.26406337360036514,0.0,0.0,0.019867549668874173,0.046357615894039736,0.38805970149253727,0.2504269771498787,0.2505442434554994,0.25048561030268907,0.0,0.0,0.0,0.0,132.0,0.0,0.0,0.10211139950320575,44.0,0.0,0.0,0.12729973381629223,0.0
asap/Bach_Prelude_bwv_865_Teo01M/track.npy,asap,0.6909090909090909,0.45282219539922836,0.45282219539922836,0.45282219539922836,0.5444444444444444,0.5444444444444444,0.5444444444444444,0.5444444444444444,0.6545454545454547,0.47386615262288795,0.47386615262288795,0.47386615262288795,0.6,0.6,0.6,0.6,102.0,0.0,0.0,0.092520163114689,34.0,0.0,0.0,0.06114406599104012,0.0
asap/Bach_Prelude_bwv_865_ZhangE01M/track.npy,asap,0.5177664974619289,0.38837483256929767,0.38837483256929767,0.38837483256929767,0.1322314049586777,0.1322314049586777,0.1322314049586777,0.1322314049586777,0.5074626865671641,0.38441070890135653,0.38441070890135653,0.38441070890135653,0.14634146341463414,0.14634146341463414,0.14634146341463414,0.14634146341463414,126.0,0.0,0.0,0.11778303565638115,42.0,0.0,0.0,0.24109169817666593,0.0
asap/Bach_Prelude_bwv_867_HuNY01M/track.npy,asap,0.6180555555555556,0.5555301449356054,0.8044620395481423,0.6799960922418739,0.0,0.0,0.4744897959183674,0.8571428571428571,0.5555555555555556,0.5044212871439743,0.5347886221030453,0.5196049546235098,0.0,0.0,0.7346938775510204,0.7755102040816326,202.0,0.0,0.0,0.09763846956391387,51.0,0.0,0.0,0.1279683093686317,0.0
asap/Bach_Prelude_bwv_867_Sham01M/track.npy,asap,0.6013513513513514,0.5085035043251972,0.7599421062405383,0.6342228052828678,0.0,0.0,0.8088235294117647,0.8186274509803921,0.5675675675675675,0.40707847681694015,0.5638195726036802,0.48544902471031015,0.0,0.0,0.803921568627451,0.803921568627451,210.0,0.0,0.0,0.09763846956393038,53.0,0.0,0.0,0.09595554408586238,0.0
asap/Bach_Prelude_bwv_875_Ahfat01M/track.npy,asap,0.5823754789272031,0.44017962254979964,0.44017962254979964,0.44017962254979964,0.0,0.0,0.4222222222222222,0.4777777777777778,0.3218390804597701,0.2413539553068793,0.3620309329598217,0.3016924441333505,0.017543859649122806,0.017543859649122806,0.4,0.7,96.0,0.0,0.0,0.08019011316564315,32.0,0.0,0.0,0.05814216541084688,0.0
asap/Bach_Prelude_bwv_875_CaoJ01M/track.npy,asap,0.9827586206896551,0.7538366614881337,0.7538366614881337,0.7538366614881337,0.9715909090909091,0.9715909090909091,0.9715909090909091,0.9715909090909091,0.9743589743589743,0.7434853287655016,0.7434853287655016,0.7434853287655016,0.9830508474576272,0.9830508474576272,0.9830508474576272,0.9830508474576272,187.0,0.0,0.0,0.08628542337950276,62.0,0.0,0.0,0.043172171865210274,0.0
asap/Bach_Prelude_bwv_875_HONG04M/track.npy,asap,0.6030534351145038,0.4500190282311481,0.4989158143512945,0.4744674212912213,0.0,0.0,0.5111111111111111,0.6333333333333333,0.5681818181818181,0.39415437497801786,0.4263185739590222,0.41023647446852,0.0,0.0,0.7,0.7,95.0,0.0,0.0,0.103184236235225,31.0,0.0,0.0,0.16737512315280786,0.0
asap/Balakirev_Islamey_CHEN10M/track.npy,asap,0.5725663716814159,0.4196044855782566,0.4196044855782566,0.4196044855782566,0.016246953696181964,0.3411860276198213,0.016246953696181964,0.3411860276198213,0.4537037037037037,0.34319537033390113,0.34319537033390113,0.34319537033390113,0.06470588235294118,0.4147058823529412,0.06470588235294118,0.4147058823529412,1245.0,0.0,0.0,0.11778303565638115,311.0,0.0,0.0,0.14814252181186088,0.0
asap/Balakirev_Islamey_Na08M/track.npy,asap,0.47927199191102116,0.32509323527800055,0.33127780388249123,0.3281855195802459,0.012670565302144249,0.1793372319688109,0.01365546218487395,0.1793372319688109,0.40853658536585363,0.27665829767290556,0.27665829767290556,0.27665829767290556,0.06489675516224189,0.36283185840707965,0.06489675516224189,0.36283185840707965,964.0,0.0,0.0,0.11778303565640336,321.0,0.0,0.0,0.13018141562948837,0.0
asap/Balakirev_Islamey_Yi04M/track.npy,asap,0.6258124419684308,0.46606118112629275,0.46606118112629275,0.46606118112629275,0.04007123775601069,0.44879786286731965,0.04007123775601069,0.44879786286731965,0.47342995169082125,0.35931915445369395,0.35931915445369395,0.35931915445369395,0.07352941176470588,0.4088235294117647,0.07352941176470588,0.4088235294117647,1135.0,0.0,0.0,0.11122563511020256,284.0,0.0,0.0,0.14820569994154675,0.0
asap/Beethoven_Piano_Sonatas_24-2_Lisiecki05M/track.npy,asap,0.5676077265973255,0.40912870674408736,0.40912870674408736,0.40912870674408736,0.06232294617563739,0.3881019830028329,0.06232294617563739,0.3881019830028329,0.34241245136186776,0.2652229372944112,0.2652229372944112,0.2652229372944112,0.0,0.0,0.18181818181818182,0.2840909090909091,325.0,0.0,0.0,0.13296159051306244,81.0,0.0,0.0,0.17851178246813323,0.0
asap/Beethoven_Piano_Sonatas_4-1_Chon03M/track.npy,asap,0.748936170212766,0.5960294699201959,0.5960294699201959,0.5960294699201959,0.06047819971870605,0.7018284106891702,0.06047819971870605,0.7018284106891702,0.4105461393596987,0.32111203389340603,0.4699406886577448,0.3955263612755754,0.0028089887640449437,0.0028089887640449437,0.19101123595505617,0.6629213483146067,711.0,0.0,0.0,0.11248746522831825,178.0,0.0,0.0,0.16148727138626098,0.0
asap/Beethoven_Piano_Sonatas_4-1_LeeE02M/track.npy,asap,0.8524590163934427,0.698366908351342,0.698366908351342,0.698366908351342,0.090014064697609,0.810126582278481,0.090014064697609,0.810126582278481,0.49527410207939515,0.40762201033639023,0.5527412051780939,0.48018160775724206,0.0,0.0,0.19101123595505617,0.6966292134831461,703.0,0.0,0.0,0.09097177820577373,176.0,0.0,0.0,0.15834351835616525,0.0
asap/Beethoven_Piano_Sonatas_4-1_LiA04M/track.npy,asap,0.7638691322901849,0.6156263125854236,0.6156263125854236,0.6156263125854236,0.08579465541490858,0.7116736990154712,0.08579465541490858,0.7116736990154712,0.4264150943396226,0.35485062821327984,0.5314462048260431,0.44314841651966147,0.0028089887640449437,0.0028089887640449437,0.15168539325842698,0.7247191011235955,707.0,0.0,0.0,0.09531017980433809,177.0,0.0,0.0,0.13560385898360847,0.0
asap/Beethoven_Piano_Sonatas_4-1_SirajA02M/track.npy,asap,0.7395315826827537,0.5827218286272907,0.5827218286272907,0.5827218286272907,0.0449438202247191,0.6797752808988764,0.0449438202247191,0.6797752808988764,0.391713747645951,0.31413912269019884,0.4081047706000791,0.36112194664513897,0.0,0.0,0.15730337078651685,0.5786516853932584,701.0,0.0,0.0,0.10536051565780258,176.0,0.0,0.0,0.13446847814255172,0.0
asap/Chopin_Ballades_4_ChenC04M/track.npy,asap,0.2865853658536585,0.22139802225711738,0.22931867466122693,0.22535834845917216,0.004807692307692308,0.019230769230769232,0.020432692307692308,0.10114702815432743,0.3127413127413127,0.23402553910390575,0.23402553910390575,0.23402553910390575,0.03597122302158273,0.26618705035971224,0.03966597077244259,0.26618705035971224,838.0,0.0,0.0,0.12167122327639623,280.0,0.0,0.0,0.1543508132792196,0.0
asap/Chopin_Ballades_4_Kociuban07M/track.npy,asap,0.33103448275862074,0.24598852971705049,0.24598852971705049,0.24598852971705049,0.004488330341113106,0.01526032315978456,0.00718132854578097,0.08348294434470377,0.39215686274509803,0.29293072920472285,0.32256551839676173,0.3077481238007423,0.0215633423180593,0.14016172506738545,0.11434511434511435,0.38461538461538464,1119.0,0.0,0.0,0.13815033848083924,373.0,0.0,0.0,0.1651945408338814,0.0
asap/Chopin_Ballades_4_Levitsky18M/track.npy,asap,0.3054928517682468,0.2405542469410996,0.2405542469410996,0.2405542469410996,0.004711425206124852,0.02944640753828033,0.010427528675703858,0.08759124087591241,0.3326959847036329,0.26369264139360316,0.27562946343051153,0.26966105241205734,0.03180212014134275,0.13780918727915195,0.08977035490605428,0.20041753653444677,855.0,0.0,0.0,0.12954829018732625,285.0,0.0,0.0,0.16240469971877608,0.0
asap/Chopin_Ballades_4_LuEric04M/track.npy,asap,0.3342070773263433,0.26594432308733507,0.26594432308733507,0.26594432308733507,0.0028680688336520078,0.014340344168260038,0.006692160611854685,0.07552581261950286,0.380952380952381,0.3001361485226054,0.3003950042750227,0.300265576398814,0.03735632183908046,0.16666666666666666,0.06263048016701461,0.29018789144050106,1054.0,0.0,0.0,0.13353139262443087,351.0,0.0,0.0,0.16155355492763845,0.0
asap/Chopin_Ballades_4_MiyashitaM04M/track.npy,asap,0.33630573248407647,0.2544540014723131,0.2544540014723131,0.2544540014723131,0.0027522935779816515,0.007339449541284404,0.009174311926605505,0.06330275229357799,0.3582089552238806,0.2693798051707738,0.32142112027531144,0.29540046272304266,0.03581267217630854,0.12121212121212122,0.06263048016701461,0.34029227557411273,1094.0,0.0,0.0,0.12431109011129364,365.0,0.0,0.0,0.15887678351893622,0.0
asap/Chopin_Ballades_4_Mizumoto02M/track.npy,asap,0.33161290322580644,0.2618673060582913,0.2618673060582913,0.2618673060582913,0.002803738317757009,0.013084112149532711,0.010280373831775701,0.09813084112149532,0.35510887772194305,0.2720726277467462,0.2921524358939703,0.2821125318203582,0.01680672268907563,0.12605042016806722,0.05636743215031315,0.3298538622129436,1075.0,0.0,0.0,0.1347490495770568,359.0,0.0,0.0,0.19304642954319143,0.0
asap/Chopin_Ballades_4_Nikiforov13M/track.npy,asap,0.2794012829650749,0.21863426525701374,0.22481132313940347,0.22172279419820862,0.0032502708559046588,0.01733477789815818,0.007583965330444204,0.07820646506777894,0.2737226277372263,0.20946016636434434,0.2477639393031821,0.22861205283376324,0.025974025974025976,0.1266233766233766,0.10647181628392484,0.22338204592901878,928.0,0.0,0.0,0.12783337150989005,310.0,0.0,0.0,0.15428386247507514,0.0
asap/Chopin_Etudes_op_25_11_KimSuyeon03M/track.npy,asap,0.7499999999999999,0.5577818425600328,0.5577818425600328,0.5577818425600328,0.135,0.67,0.135,0.67,0.731958762886598,0.5647696088942491,0.5647696088942491,0.5647696088942491,0.36,0.79,0.36,0.79,406.0,0.0,0.0,0.1053605156578814,101.0,0.0,0.0,0.10538212690710343,0.0
asap/Chopin_Etudes_op_25_11_KyykhynenT10M/track.npy,asap,0.3579234972677596,0.2614549960115124,0.26709753433085404,0.2642762651711832,0.021220159151193633,0.04509283819628647,0.03943661971830986,0.04788732394366197,0.5727699530516431,0.43514732346480056,0.43514732346480056,0.43514732346480056,0.2457627118644068,0.423728813559322,0.2457627118644068,0.423728813559322,361.0,0.0,0.0,0.11778303565627501,120.0,0.0,0.0,0.14737773562545917,0.0
asap/Chopin_Etudes_op_25_11_Lisiecki07M/track.npy,asap,0.399390243902439,0.32892483336456546,0.32892483336456546,0.32892483336456546,0.015873015873015872,0.042328042328042326,0.07913669064748201,0.2805755395683453,0.33155080213903737,0.2735797566834911,0.2735797566834911,0.2735797566834911,0.2,0.3368421052631579,0.2,0.3368421052631579,286.0,0.0,0.0,0.12125092662189843,95.0,0.0,0.0,0.14960893250037255,0.0
asap/Chopin_Etudes_op_25_11_MiyashitaM03M/track.npy,asap,0.40641711229946526,0.311261929382967,0.34562565626489816,0.32844379282393255,0.034050179211469536,0.04121863799283154,0.034050179211469536,0.04121863799283154,0.5551601423487544,0.42392778987676843,0.637356658134521,0.5306422240056448,0.0,0.0,0.5396825396825397,0.8571428571428571,564.0,0.0,0.0,0.11778303565640225,188.0,0.0,0.0,0.07550755250814874,0.0
asap/Chopin_Etudes_op_25_11_Richardson_2013_08M/track.npy,asap,0.8275000000000001,0.6644886204510544,0.6644886204510544,0.6644886204510544,0.2364066193853428,0.7044917257683215,0.2364066193853428,0.7044917257683215,0.8400000000000001,0.6965791460705727,0.6965791460705727,0.6965791460705727,0.780952380952381,0.780952380952381,0.780952380952381,0.780952380952381,431.0,0.0,0.0,0.09097177820576081,107.0,0.0,0.0,0.06654469315729017,0.0
asap/Chopin_Etudes_op_25_11_Richardson_2015_03M/track.npy,asap,0.3723849372384937,0.27937122062287867,0.3406894727665423,0.3100303466947105,0.0034542314335060447,0.0069084628670120895,0.009296148738379814,0.049136786188579015,0.4722222222222222,0.36273380740418326,0.5462279621240167,0.4544808847641,0.0,0.0,0.5906735751295337,0.8290155440414507,584.0,0.0,0.0,0.11778303565644266,195.0,0.0,0.0,0.09423970672821834,0.0
asap/Chopin_Etudes_op_25_11_Sham02M/track.npy,asap,0.3594351732991014,0.2600668530395418,0.28294746402174786,0.27150715853064483,0.014962593516209476,0.05236907730673317,0.014962593516209476,0.05236907730673317,0.5851528384279476,0.43854948208205824,0.43854948208205824,0.43854948208205824,0.26865671641791045,0.43283582089552236,0.26865671641791045,0.43283582089552236,410.0,0.0,0.0,0.12136085700424382,137.0,0.0,0.0,0.10604156021818452,0.0
asap/Chopin_Etudes_op_25_11_Shychko03M/track.npy,asap,0.40098400984009835,0.2853050121528858,0.3150811744555765,0.30019309330423116,0.034324942791762014,0.13043478260869565,0.034324942791762014,0.13043478260869565,0.5083333333333333,0.37485761053325706,0.4050728894087049,0.389965249970981,0.19863013698630136,0.19863013698630136,0.19863013698630136,0.3689839572192513,443.0,0.0,0.0,0.11778303565644266,148.0,0.0,0.0,0.11538629976632811,0.0
asap/Chopin_Etudes_op_25_11_Song02M/track.npy,asap,0.45560747663551404,0.37026401223851235,0.37026401223851235,0.37026401223851235,0.09623430962343096,0.10460251046025104,0.09623430962343096,0.10460251046025104,0.40784313725490196,0.3316464705780567,0.4344829543703943,0.38306471247422547,0.0375,0.0375,0.25396825396825395,0.455026455026455,483.0,0.0,0.0,0.11778303565644266,161.0,0.0,0.0,0.14244544337053172,0.0
asap/Chopin_Etudes_op_25_11_WangA02M/track.npy,asap,0.40130861504907306,0.3201859797671231,0.3445437165283053,0.33236484814771416,0.016605166051660517,0.05350553505535055,0.016605166051660517,0.05350553505535055,0.5163636363636365,0.4159617939782338,0.5897535965275811,0.5028576952529075,0.011049723756906077,0.011049723756906077,0.5614973262032086,0.7540106951871658,548.0,0.0,0.0,0.11778303565638115,183.0,0.0,0.0,0.08269171584510907,0.0
asap/Chopin_Etudes_op_25_1_LeeN03M/track.npy,asap,0.3306451612903226,0.2505506772844679,0.2987187508596049,0.27463471407203643,0.003236245954692557,0.009708737864077669,0.0160857908847185,0.08579088471849866,0.30666666666666664,0.24023294730037104,0.34641203825937505,0.29332249277987305,0.0,0.0,0.18446601941747573,0.4854368932038835,321.0,0.0,0.0,0.11300848864965114,107.0,0.0,0.0,0.11273255967937333,0.0
asap/Chopin_Etudes_op_25_1_TongB02M/track.npy,asap,0.3087557603686636,0.21836842101863937,0.24791539759687364,0.23314190930775652,0.012145748987854251,0.04048582995951417,0.016194331983805668,0.064343163538874,0.4307692307692308,0.3059916647405412,0.4246282940663184,0.3653099794034298,0.07228915662650602,0.12048192771084337,0.4731182795698925,0.5913978494623656,258.0,0.0,0.0,0.11608042425546641,86.0,0.0,0.0,0.13845890191600074,0.0
asap/Chopin_Etudes_op_25_1_TuanS04M/track.npy,asap,0.38972162740899363,0.2806180644325313,0.312769883616702,0.2966939740246166,0.025,0.03214285714285714,0.025,0.10187667560321716,0.43971631205673756,0.3304099059656377,0.41636844327927025,0.37338917462245397,0.02127659574468085,0.0425531914893617,0.11702127659574468,0.5425531914893617,291.0,0.0,0.0,0.11778303565635895,97.0,0.0,0.0,0.13199461923012026,0.0
asap/Chopin_Etudes_op_25_1_Wong03M/track.npy,asap,0.3574468085106383,0.264681666080051,0.31448321399014006,0.28958244003509553,0.007067137809187279,0.01060070671378092,0.013404825737265416,0.09919571045576407,0.3943661971830985,0.3092937790647604,0.42025705400682517,0.3647754165357928,0.021052631578947368,0.042105263157894736,0.18947368421052632,0.5894736842105263,294.0,0.0,0.0,0.11884560993994012,98.0,0.0,0.0,0.15615995858594028,0.0
asap/Haydn_Keyboard_Sonatas_31-1_Song05M/track.npy,asap,0.5347043701799485,0.4072441771856638,0.6042521625469854,0.5057481698663246,0.009523809523809525,0.009523809523809525,0.06857142857142857,0.6723809523809524,0.3711340206185567,0.2876052641578709,0.39033604768261654,0.3389706559202437,0.015267175572519083,0.015267175572519083,0.1297709923664122,0.5954198473282443,532.0,0.0,0.0,0.11778303565640336,133.0,0.0,0.0,0.09182055416898345,0.0
asap/Haydn_Keyboard_Sonatas_48-1_GarritsonL02M/track.npy,asap,0.3933463796477495,0.3159427964102063,0.3159427964102063,0.3159427964102063,0.05504587155963303,0.3504587155963303,0.05504587155963303,0.3504587155963303,0.42228739002932547,0.351554364534865,0.351554364534865,0.351554364534865,0.0989010989010989,0.5659340659340659,0.0989010989010989,0.5659340659340659,550.0,0.0,0.0,0.13698216623577394,184.0,0.0,0.0,0.1627118866588393,0.0
asap/Haydn_Keyboard_Sonatas_48-1_PrjevalskayaM02M/track.npy,asap,0.44742268041237115,0.3386860511074996,0.3386860511074996,0.3386860511074996,0.05465587044534413,0.46153846153846156,0.05465587044534413,0.46153846153846156,0.4876543209876543,0.37824812361554044,0.37824812361554044,0.37824812361554044,0.13333333333333333,0.703030303030303,0.13333333333333333,0.703030303030303,499.0,0.0,0.0,0.12675170563916943,167.0,0.0,0.0,0.16977240192348714,0.0
asap/Rachmaninoff_Preludes_op_23_4_ChenGuang12M/track.npy,asap,0.4074074074074074,0.30545614091239387,0.30545614091239387,0.30545614091239387,0.031746031746031744,0.2222222222222222,0.031746031746031744,0.2222222222222222,0.35555555555555557,0.2718161230800104,0.2718161230800104,0.2718161230800104,0.0761904761904762,0.3142857142857143,0.0761904761904762,0.3142857142857143,320.0,0.0,0.0,0.1366693729819073,107.0,0.0,0.0,0.13246015278441256,0.0
asap/Rachmaninoff_Preludes_op_23_4_WuuE07M/track.npy,asap,0.44793713163064836,0.3793016503524748,0.3793016503524748,0.3793016503524748,0.03508771929824561,0.3087719298245614,0.03508771929824561,0.3087719298245614,0.37647058823529417,0.34250235429372017,0.34250235429372017,0.34250235429372017,0.08421052631578947,0.3473684210526316,0.08421052631578947,0.3473684210526316,290.0,0.0,0.0,0.1226023220923074,97.0,0.0,0.0,0.15189375614830292,0.0
asap/Schubert_Moment_Musical_no_1_MunA10M/track.npy,asap,0.35697940503432496,0.28572314452178,0.28572314452178,0.28572314452178,0.022172949002217297,0.24611973392461198,0.022172949002217297,0.24611973392461198,0.10273972602739727,0.09114488094834894,0.09747639954731763,0.09431064024783328,0.019867549668874173,0.10596026490066225,0.07333333333333333,0.26,429.0,0.0,0.0,0.11778303565636229,143.0,0.0,0.0,0.20633643299785565,0.0
ballroom/ballroom_Albums-Ballroom_Classics4-05/track.npy,ballroom,0.8947368421052632,0.6759284813467026,0.6759284813467026,0.6759284813467026,0.9487179487179487,0.9487179487179487,0.9487179487179487,0.9487179487179487,0.8799999999999999,0.7285979388577747,0.7285979388577747,0.7285979388577747,0.9230769230769231,0.9230769230769231,0.9230769230769231,0.9230769230769231,46.0,0.0,0.0,0.08554838843343239,16.0,0.0,0.0,0.07227635532816304,0.0
ballroom/ballroom_Albums-Ballroom_Magic-02/track.npy,ballroom,0.9444444444444444,0.8632036618392572,0.8632036618392572,0.8632036618392572,0.8888888888888888,0.9722222222222222,0.8888888888888888,0.9722222222222222,1.0,0.9267365984607454,0.9267365984607454,0.9267365984607454,1.0,1.0,1.0,1.0,44.0,0.0,0.0,0.058840500022934665,15.0,0.0,0.0,0.009661910911738403,0.0
ballroom/ballroom_Albums-Ballroom_Magic-07/track.npy,ballroom,0.9719626168224299,0.6725430139033667,0.6725430139033667,0.6725430139033667,0.9814814814814815,0.9814814814814815,0.9814814814814815,0.9814814814814815,1.0,0.6933259223345042,0.6933259223345042,0.6933259223345042,1.0,1.0,1.0,1.0,64.0,0.0,0.0,0.08338160893905669,16.0,0.0,0.0,0.04271983415150966,0.0
ballroom/ballroom_Albums-Cafe_Paradiso-01/track.npy,ballroom,1.0,0.8836824415463512,0.8836824415463512,0.8836824415463512,1.0,1.0,1.0,1.0,1.0,0.8908739492465291,0.8908739492465291,0.8908739492465291,1.0,1.0,1.0,1.0,51.0,0.0,0.0,0.06899287148694999,13.0,0.0,0.0,0.01694955831377304,0.0
ballroom/ballroom_Albums-Cafe_Paradiso-06/track.npy,ballroom,1.0,0.8514283277589472,0.8514283277589472,0.8514283277589472,1.0,1.0,1.0,1.0,1.0,0.8565587781279588,0.8565587781279588,0.8565587781279588,1.0,1.0,1.0,1.0,61.0,0.0,0.0,0.08338160893904942,16.0,0.0,0.0,0.04287263018164301,0.0
ballroom/ballroom_Albums-Cafe_Paradiso-07/track.npy,ballroom,0.9902912621359222,0.8808487521191738,0.8808487521191738,0.8808487521191738,0.9807692307692307,0.9807692307692307,0.9807692307692307,0.9807692307692307,1.0,0.8628573178775814,0.8628573178775814,0.8628573178775814,1.0,1.0,1.0,1.0,63.0,0.0,0.0,0.08338160893904922,16.0,0.0,0.0,1.887379141862766e-15,0.0
ballroom/ballroom_Albums-Cafe_Paradiso-12/track.npy,ballroom,0.625,0.5798775687376052,0.5938021050785401,0.5868398369080727,0.625,0.625,0.625,0.625,0.7,0.5956425007252857,0.5956425007252857,0.5956425007252857,1.0,1.0,1.0,1.0,48.0,0.0,0.0,0.06453852113757219,12.0,0.0,0.0,0.08388501757006485,0.0
ballroom/ballroom_Albums-Chrisanne1-03/track.npy,ballroom,0.9705882352941176,0.762367343251554,0.762367343251554,0.762367343251554,1.0,1.0,1.0,1.0,1.0,0.7942164503037247,0.7942164503037247,0.7942164503037247,1.0,1.0,1.0,1.0,42.0,0.0,0.0,0.0835368725571347,14.0,0.0,0.0,0.10802744592577956,0.0
ballroom/ballroom_Albums-Chrisanne1-07/track.npy,ballroom,1.0,0.8991088379612366,0.8991088379612366,0.8991088379612366,0.972972972972973,0.9864864864864865,0.972972972972973,0.9864864864864865,1.0,0.9047830860225378,0.9047830860225378,0.9047830860225378,1.0,1.0,1.0,1.0,90.0,0.0,0.0,0.0991474555747967,30.0,0.0,0.0,0.055068153168789956,0.0
ballroom/ballroom_Albums-Chrisanne1-08/track.npy,ballroom,0.9729729729729729,0.8463776878707446,0.8463776878707446,0.8463776878707446,0.96,0.96,0.96,0.96,0.96,0.8500140984266333,0.8500140984266333,0.8500140984266333,1.0,1.0,1.0,1.0,89.0,0.0,0.0,0.060624621816437574,30.0,0.0,0.0,0.05144066707805559,0.0
ballroom/ballroom_Albums-Chrisanne3-01/track.npy,ballroom,0.9859154929577464,0.9153816591237643,0.9153816591237643,0.9153816591237643,0.9722222222222222,0.9722222222222222,0.9722222222222222,0.9722222222222222,0.9565217391304348,0.9225980370147551,0.9225980370147551,0.9225980370147551,0.9166666666666666,0.9166666666666666,0.9166666666666666,0.9166666666666666,42.0,0.0,0.0,0.08223809823696543,14.0,0.0,0.0,0.03246525385852292,0.0
ballroom/ballroom_Albums-Chrisanne3-03/track.npy,ballroom,0.9722222222222222,0.9191894976512827,0.9191894976512827,0.9191894976512827,1.0,1.0,1.0,1.0,0.9166666666666666,0.8606713325702274,0.8606713325702274,0.8606713325702274,1.0,1.0,1.0,1.0,44.0,0.0,0.0,0.057158413839952155,15.0,0.0,0.0,0.027453368094339087,0.0
ballroom/ballroom_Albums-Commitments-08/track.npy,ballroom,0.9710144927536231,0.8684692389816804,0.8684692389816804,0.8684692389816804,0.9436619718309859,0.9436619718309859,0.9436619718309859,0.9436619718309859,0.9696969696969697,0.8971739156469009,0.8971739156469009,0.8971739156469009,0.9411764705882353,0.9411764705882353,0.9411764705882353,0.9411764705882353,85.0,0.0,0.0,0.1112256351102221,21.0,0.0,0.0,0.02702867238791995,0.0
ballroom/ballroom_Albums-Commitments-11/track.npy,ballroom,1.0,0.926608012618431,0.926608012618431,0.926608012618431,1.0,1.0,1.0,1.0,1.0,0.9624688705419683,0.9624688705419683,0.9624688705419683,1.0,1.0,1.0,1.0,44.0,0.0,0.0,0.08816278184602254,15.0,0.0,0.0,0.023705097274325067,0.0
ballroom/ballroom_Albums-Fire-02/track.npy,ballroom,0.9885057471264368,0.9373847307236872,0.9373847307236872,0.9373847307236872,0.9772727272727273,0.9772727272727273,0.9772727272727273,0.9772727272727273,0.9523809523809523,0.9237411743037859,0.9237411743037859,0.9237411743037859,0.9090909090909091,0.9090909090909091,0.9090909090909091,0.9090909090909091,53.0,0.0,0.0,0.06899287148695077,14.0,0.0,0.0,0.012629808203155245,0.0
ballroom/ballroom_Albums-Fire-03/track.npy,ballroom,0.9876543209876543,0.953791874892602,0.953791874892602,0.953791874892602,0.975609756097561,0.975609756097561,0.975609756097561,0.975609756097561,1.0,0.9784632641334395,0.9784632641334395,0.9784632641334395,1.0,1.0,1.0,1.0,49.0,0.0,0.0,0.06453852113757473,12.0,0.0,0.0,0.01251490466611476,0.0
ballroom/ballroom_Albums-Fire-12/track.npy,ballroom,0.9868421052631579,0.8950142301833396,0.8950142301833396,0.8950142301833396,0.974025974025974,0.974025974025974,0.974025974025974,0.974025974025974,1.0,0.9051842117142548,0.9051842117142548,0.9051842117142548,1.0,1.0,1.0,1.0,92.0,0.0,0.0,0.11778303565638115,23.0,0.0,0.0,0.04512043528046866,0.0
ballroom/ballroom_Albums-GloriaEstefan_MiTierra-01/track.npy,ballroom,0.9863013698630138,0.9263455675595031,0.9263455675595031,0.9263455675595031,0.972972972972973,0.972972972972973,0.972972972972973,0.972972972972973,1.0,0.9357743495453362,0.9357743495453362,0.9357743495453362,1.0,1.0,1.0,1.0,44.0,0.0,0.0,0.08318743931865082,11.0,0.0,0.0,0.01434762537025085,0.0
ballroom/ballroom_Albums-GloriaEstefan_MiTierra-08/track.npy,ballroom,0.8266666666666665,0.7062960060549512,0.7062960060549512,0.7062960060549512,0.8157894736842105,0.8157894736842105,0.8157894736842105,0.8157894736842105,0.8421052631578948,0.6827311687633494,0.6827311687633494,0.6827311687633494,0.9,0.9,0.9,0.9,46.0,0.0,0.0,0.06423579651413494,12.0,0.0,0.0,0.06736911980848258,0.0
ballroom/ballroom_Albums-GloriaEstefan_MiTierra-11/track.npy,ballroom,0.9863013698630138,0.9399131070254209,0.9399131070254209,0.9399131070254209,0.972972972972973,0.972972972972973,0.972972972972973,0.972972972972973,1.0,0.9567955530612111,0.9567955530612111,0.9567955530612111,1.0,1.0,1.0,1.0,44.0,0.0,0.0,0.05884050002293281,11.0,0.0,0.0,0.02599500421233669,0.0
ballroom/ballroom_Albums-Latin_Jam2-02/track.npy,ballroom,1.0,0.971318127964269,0.971318127964269,0.971318127964269,1.0,1.0,1.0,1.0,1.0,0.9652729005816711,0.9652729005816711,0.9652729005816711,1.0,1.0,1.0,1.0,52.0,0.0,0.0,0.06899287148695335,13.0,0.0,0.0,0.008658062743115535,0.0
ballroom/ballroom_Albums-Latin_Jam2-06/track.npy,ballroom,0.9357798165137615,0.847478738067589,0.847478738067589,0.847478738067589,0.5535714285714286,0.875,0.5535714285714286,0.875,0.29629629629629634,0.26790575325061694,0.5125546583176119,0.39023020578411444,0.2857142857142857,0.2857142857142857,0.5714285714285714,0.5714285714285714,67.0,0.0,0.0,0.07559563966540894,17.0,0.0,0.0,0.2872769850596006,0.0
ballroom/ballroom_Albums-Latin_Jam2-11/track.npy,ballroom,1.0,0.962435650240375,0.962435650240375,0.962435650240375,1.0,1.0,1.0,1.0,1.0,0.9461798969103581,0.9461798969103581,0.9461798969103581,1.0,1.0,1.0,1.0,88.0,0.0,0.0,0.1177830356563831,22.0,0.0,0.0,0.014598799421152447,0.0
ballroom/ballroom_Albums-Latin_Jam3-04/track.npy,ballroom,1.0,0.9726622725010434,0.9726622725010434,0.9726622725010434,1.0,1.0,1.0,1.0,1.0,0.9803454228088375,0.9803454228088375,0.9803454228088375,1.0,1.0,1.0,1.0,51.0,0.0,0.0,0.06669137449866834,13.0,0.0,0.0,1.4432899320127035e-15,0.0
ballroom/ballroom_Albums-Latin_Jam3-06/track.npy,ballroom,1.0,0.9256624278922138,0.9256624278922138,0.9256624278922138,1.0,1.0,1.0,1.0,1.0,0.934538701719642,0.934538701719642,0.934538701719642,1.0,1.0,1.0,1.0,50.0,0.0,0.0,0.06669137449867264,12.0,0.0,0.0,1.4432899320127035e-15,0.0
ballroom/ballroom_Albums-Latin_Jam3-07/track.npy,ballroom,0.9885057471264368,0.8690019768021251,0.8690019768021251,0.8690019768021251,0.9772727272727273,0.9772727272727273,0.9772727272727273,0.9772727272727273,1.0,0.8659380513961321,0.8659380513961321,0.8659380513961321,1.0,1.0,1.0,1.0,53.0,0.0,0.0,0.06899287148694377,13.0,0.0,0.0,0.00865806274311487,0.0
ballroom/ballroom_Albums-Latin_Jam4-10/track.npy,ballroom,0.9931972789115647,0.9608852404139238,0.9608852404139238,0.9608852404139238,0.9864864864864865,0.9864864864864865,0.9864864864864865,0.9864864864864865,0.972972972972973,0.9530161520927651,0.9530161520927651,0.9530161520927651,0.9473684210526315,0.9473684210526315,0.9473684210526315,0.9473684210526315,89.0,0.0,0.0,0.11778303565638193,23.0,0.0,0.0,0.029413885206293344,0.0
ballroom/ballroom_Albums-Latin_Jam5-01/track.npy,ballroom,1.0,0.9565072139326198,0.9565072139326198,0.9565072139326198,1.0,1.0,1.0,1.0,1.0,0.9404897288360431,0.9404897288360431,0.9404897288360431,1.0,1.0,1.0,1.0,50.0,0.0,0.0,0.06669137449866874,13.0,0.0,0.0,0.008298802814695472,0.0
ballroom/ballroom_Albums-Latin_Jam5-02/track.npy,ballroom,1.0,0.927935319496205,0.927935319496205,0.927935319496205,1.0,1.0,1.0,1.0,1.0,0.9225290557654026,0.9225290557654026,0.9225290557654026,1.0,1.0,1.0,1.0,62.0,0.0,0.0,0.040821994520255186,16.0,0.0,0.0,1.887379141862766e-15,0.0
ballroom/ballroom_Albums-Latin_Jam5-06/track.npy,ballroom,1.0,0.9507973291015107,0.9507973291015107,0.9507973291015107,1.0,1.0,1.0,1.0,1.0,0.9178162508839648,0.9178162508839648,0.9178162508839648,1.0,1.0,1.0,1.0,51.0,0.0,0.0,0.06669137449867218,13.0,0.0,0.0,0.008298802814696415,0.0
ballroom/ballroom_Albums-Macumba-05/track.npy,ballroom,1.0,0.9374359719270565,0.9374359719270565,0.9374359719270565,1.0,1.0,1.0,1.0,1.0,0.875056726456621,0.875056726456621,0.875056726456621,1.0,1.0,1.0,1.0,49.0,0.0,0.0,0.0666913744986758,13.0,0.0,0.0,0.016667052485211775,0.0
ballroom/ballroom_Albums-Macumba-10/track.npy,ballroom,1.0,0.9184225655388196,0.9184225655388196,0.9184225655388196,1.0,1.0,1.0,1.0,1.0,0.9462890114611829,0.9462890114611829,0.9462890114611829,1.0,1.0,1.0,1.0,49.0,0.0,0.0,0.055013911643196536,12.0,0.0,0.0,0.01241466500431169,0.0
ballroom/ballroom_Albums-Macumba-14/track.npy,ballroom,1.0,0.9301946714845464,0.9301946714845464,0.9301946714845464,0.9861111111111112,0.9861111111111112,0.9861111111111112,0.9861111111111112,0.0,4.4362306437083755e-61,0.8902182836101812,0.4451091418050906,0.0,0.0,0.9444444444444444,0.9444444444444444,87.0,0.0,0.0,0.11778303565638293,21.0,0.0,0.0,0.01580720095129717,0.0
ballroom/ballroom_Albums-Mambo_Kings-03/track.npy,ballroom,0.9791666666666666,0.911433865218481,0.911433865218481,0.911433865218481,0.9591836734693877,0.9591836734693877,0.9591836734693877,0.9591836734693877,1.0,0.9394749402474115,0.9394749402474115,0.9394749402474115,1.0,1.0,1.0,1.0,58.0,0.0,0.0,0.07696104113613084,15.0,0.0,0.0,0.009569451016151097,0.0
ballroom/ballroom_Albums-Mambo_Kings-12/track.npy,ballroom,1.0,0.9399049327370751,0.9399049327370751,0.9399049327370751,1.0,1.0,1.0,1.0,1.0,0.9183176474764226,0.9183176474764226,0.9183176474764226,1.0,1.0,1.0,1.0,56.0,0.0,0.0,0.07696104113612678,14.0,0.0,0.0,0.03619238100122833,0.0
ballroom/ballroom_Albums-Pais_Tropical-09/track.npy,ballroom,0.9879518072289156,0.942475739284357,0.942475739284357,0.942475739284357,0.9761904761904762,0.9761904761904762,0.9761904761904762,0.9761904761904762,1.0,0.9580393212027241,0.9580393212027241,0.9580393212027241,1.0,1.0,1.0,1.0,51.0,0.0,0.0,0.05357544536947778,13.0,0.0,0.0,0.008298802814696415,0.0
ballroom/ballroom_Albums-Pais_Tropical-14/track.npy,ballroom,1.0,0.8833314594615798,0.8833314594615798,0.8833314594615798,1.0,1.0,1.0,1.0,1.0,0.9008398905788086,0.9008398905788086,0.9008398905788086,1.0,1.0,1.0,1.0,85.0,0.0,0.0,0.11122563511022554,22.0,0.0,0.0,0.027779564107075456,0.0
ballroom/ballroom_Albums-Secret_Garden-02/track.npy,ballroom,0.9041095890410958,0.6253035801941348,0.6253035801941348,0.6253035801941348,0.972972972972973,0.972972972972973,0.972972972972973,0.972972972972973,0.9166666666666666,0.652930967234848,0.652930967234848,0.652930967234848,1.0,1.0,1.0,1.0,44.0,0.0,0.0,0.0870113769896304,15.0,0.0,0.0,0.061511372452334526,0.0
ballroom/ballroom_Albums-Secret_Garden-06/track.npy,ballroom,0.8918918918918919,0.75687815917745,0.75687815917745,0.75687815917745,0.7837837837837838,0.8918918918918919,0.7837837837837838,0.8918918918918919,0.9166666666666666,0.7836973547661604,0.7836973547661604,0.7836973547661604,1.0,1.0,1.0,1.0,44.0,0.0,0.0,0.09237332013101596,15.0,0.0,0.0,0.12840966719071495,0.0
ballroom/ballroom_Albums-Step_By_Step-06/track.npy,ballroom,0.9454545454545454,0.8297610984628906,0.8297610984628906,0.8297610984628906,0.4642857142857143,0.9285714285714286,0.4642857142857143,0.9285714285714286,0.888888888888889,0.7660399558709594,0.7660399558709594,0.7660399558709594,0.9285714285714286,0.9285714285714286,0.9285714285714286,0.9285714285714286,66.0,0.0,0.0,0.0833816089390561,17.0,0.0,0.0,0.0321924029119963,0.0
ballroom/ballroom_Albums-StrictlyDancing_Tango-09/track.npy,ballroom,0.9811320754716981,0.8430077284148274,0.8430077284148274,0.8430077284148274,0.9629629629629629,0.9629629629629629,0.9629629629629629,0.9629629629629629,1.0,0.8608400946811329,0.8608400946811329,0.8608400946811329,1.0,1.0,1.0,1.0,64.0,0.0,0.0,0.04255961441880263,16.0,0.0,0.0,0.0211318054351425,0.0
ballroom/ballroom_Media-100614/track.npy,ballroom,0.6666666666666666,0.6369581791021168,0.9554372685124624,0.7961977238072896,0.0,0.0,1.0,1.0,0.6666666666666666,0.6563759118487761,0.9845638677731642,0.8204698898109701,0.0,0.0,1.0,1.0,53.0,0.0,0.0,0.07145896398214818,13.0,0.0,0.0,0.031035087066538236,0.0
ballroom/ballroom_Media-103313/track.npy,ballroom,0.5,0.44118813301832416,0.44118813301832416,0.44118813301832416,0.0,0.0,0.0,0.0,0.48275862068965514,0.4511970114827653,0.4511970114827653,0.4511970114827653,0.0,0.0,0.0,0.0,35.0,0.0,0.0,0.04652001563489232,9.0,0.0,0.0,0.019521271504375628,0.0
ballroom/ballroom_Media-103314/track.npy,ballroom,0.9940828402366864,0.9068165876868486,0.9068165876868486,0.9068165876868486,0.9882352941176471,0.9882352941176471,0.9882352941176471,0.9882352941176471,1.0,0.9136051807947494,0.9136051807947494,0.9136051807947494,1.0,1.0,1.0,1.0,102.0,0.0,0.0,0.0689928714869561,26.0,0.0,0.0,0.051293294387549454,0.0
ballroom/ballroom_Media-103407/track.npy,ballroom,0.9904761904761905,0.8487758929172712,0.8487758929172712,0.8487758929172712,0.9811320754716981,0.9811320754716981,0.9811320754716981,0.9811320754716981,1.0,0.828661586172095,0.828661586172095,0.828661586172095,1.0,1.0,1.0,1.0,63.0,0.0,0.0,0.04255961441879497,16.0,0.0,0.0,0.01036278703554816,0.0
ballroom/ballroom_Media-103417/track.npy,ballroom,0.9791666666666666,0.9046149799809422,0.9046149799809422,0.9046149799809422,0.9591836734693877,0.9591836734693877,0.9591836734693877,0.9591836734693877,0.9600000000000001,0.9043572838794074,0.9043572838794074,0.9043572838794074,0.9230769230769231,0.9230769230769231,0.9230769230769231,0.9230769230769231,58.0,0.0,0.0,0.07410797215372436,15.0,0.0,0.0,0.01869213301215389,0.0
ballroom/ballroom_Media-103504/track.npy,ballroom,0.7529411764705882,0.7132238300580634,0.7132238300580634,0.7132238300580634,0.7674418604651163,0.7674418604651163,0.7674418604651163,0.7674418604651163,0.761904761904762,0.727595439038029,0.727595439038029,0.727595439038029,0.9090909090909091,0.9090909090909091,0.9090909090909091,0.9090909090909091,52.0,0.0,0.0,0.0957100341062447,13.0,0.0,0.0,0.07235538500753669,0.0
ballroom/ballroom_Media-103515/track.npy,ballroom,0.9852941176470589,0.9041875321353078,0.9041875321353078,0.9041875321353078,0.9710144927536232,0.9710144927536232,0.9710144927536232,0.9710144927536232,0.9714285714285714,0.8610358594628444,0.8610358594628444,0.8610358594628444,0.9444444444444444,0.9444444444444444,0.9444444444444444,0.9444444444444444,82.0,0.0,0.0,0.1053605156578275,21.0,0.0,0.0,0.040273899137939176,0.0
ballroom/ballroom_Media-103601/track.npy,ballroom,0.98,0.8870759575965822,0.8870759575965822,0.8870759575965822,0.9607843137254902,0.9607843137254902,0.9607843137254902,0.9607843137254902,0.9600000000000001,0.8533235967781375,0.8533235967781375,0.8533235967781375,0.9230769230769231,0.9230769230769231,0.9230769230769231,0.9230769230769231,61.0,0.0,0.0,0.03922071315328425,16.0,0.0,0.0,0.019418085857102158,0.0
ballroom/ballroom_Media-103602/track.npy,ballroom,0.8932038834951457,0.8190992514992682,0.8190992514992682,0.8190992514992682,0.8846153846153846,0.8846153846153846,0.8846153846153846,0.8846153846153846,0.8461538461538461,0.8044335030399341,0.8044335030399341,0.8044335030399341,1.0,1.0,1.0,1.0,61.0,0.0,0.0,0.08338160893904942,15.0,0.0,0.0,0.06844592380608805,0.0
ballroom/ballroom_Media-103615/track.npy,ballroom,0.9374999999999999,0.7901612935681079,0.7901612935681079,0.7901612935681079,0.9393939393939394,0.9393939393939394,0.9393939393939394,0.9393939393939394,1.0,0.7598531957266712,0.7598531957266712,0.7598531957266712,1.0,1.0,1.0,1.0,38.0,0.0,0.0,0.051293294387554034,10.0,0.0,0.0,0.022977867223432587,0.0
ballroom/ballroom_Media-103705/track.npy,ballroom,0.9772727272727273,0.8965055717905773,0.8965055717905773,0.8965055717905773,0.9555555555555556,0.9555555555555556,0.9555555555555556,0.9555555555555556,1.0,0.9367696407720598,0.9367696407720598,0.9367696407720598,1.0,1.0,1.0,1.0,53.0,0.0,0.0,0.06899287148694377,13.0,0.0,0.0,0.025504176755426433,0.0
ballroom/ballroom_Media-103712/track.npy,ballroom,0.9879518072289156,0.899880795395936,0.899880795395936,0.899880795395936,0.9761904761904762,0.9761904761904762,0.9761904761904762,0.9761904761904762,1.0,0.9493656880135527,0.9493656880135527,0.9493656880135527,1.0,1.0,1.0,1.0,51.0,0.0,0.0,0.032789822822996084,13.0,0.0,0.0,0.008230499136516412,0.0
ballroom/ballroom_Media-103715/track.npy,ballroom,0.6666666666666666,0.5727430365904829,0.8674937874485712,0.720118412019527,0.0,0.0,0.9827586206896551,0.9827586206896551,0.6363636363636364,0.5693906349264698,0.8377502391791328,0.7035704370528013,0.0,0.0,0.8666666666666667,0.8666666666666667,70.0,0.0,0.0,0.10008345855698275,18.0,0.0,0.0,0.05017592946414702,0.0
ballroom/ballroom_Media-103807/track.npy,ballroom,0.9885057471264368,0.9214736321114703,0.9214736321114703,0.9214736321114703,0.9772727272727273,0.9772727272727273,0.9772727272727273,0.9772727272727273,0.9523809523809523,0.875871716714524,0.875871716714524,0.875871716714524,0.9090909090909091,0.9090909090909091,0.9090909090909091,0.9090909090909091,53.0,0.0,0.0,0.06899287148694999,14.0,0.0,0.0,0.017094433359300602,0.0
ballroom/ballroom_Media-103912/track.npy,ballroom,0.9866666666666666,0.879916287095893,0.879916287095893,0.879916287095893,0.9736842105263158,0.9736842105263158,0.9736842105263158,0.9736842105263158,1.0,0.9219938165823373,0.9219938165823373,0.9219938165823373,1.0,1.0,1.0,1.0,46.0,0.0,0.0,0.0896121586896878,11.0,0.0,0.0,0.054227997803118905,0.0
ballroom/ballroom_Media-104003/track.npy,ballroom,0.9647058823529412,0.9340157277382797,0.9340157277382797,0.9340157277382797,0.9318181818181818,0.9318181818181818,0.9318181818181818,0.9318181818181818,0.9523809523809523,0.9182787374356717,0.9182787374356717,0.9182787374356717,0.9090909090909091,0.9090909090909091,0.9090909090909091,0.9090909090909091,53.0,0.0,0.0,0.0666913744986723,14.0,0.0,0.0,0.008368249670515786,0.0
ballroom/ballroom_Media-104005/track.npy,ballroom,0.975609756097561,0.831075713462151,0.831075713462151,0.831075713462151,1.0,1.0,1.0,1.0,0.9090909090909091,0.8002932193571294,0.8002932193571294,0.8002932193571294,1.0,1.0,1.0,1.0,46.0,0.0,0.0,0.06453852113757477,12.0,0.0,0.0,0.17954255416609535,0.0
ballroom/ballroom_Media-104008/track.npy,ballroom,0.8378378378378378,0.7928574635384334,0.7928574635384334,0.7928574635384334,0.7209302325581395,0.7209302325581395,0.7209302325581395,0.7209302325581395,0.8421052631578948,0.8280617271876537,0.8280617271876537,0.8280617271876537,0.7272727272727273,0.7272727272727273,0.7272727272727273,0.7272727272727273,52.0,0.0,0.0,0.06795719784222702,13.0,0.0,0.0,0.06351340572232583,0.0
ballroom/ballroom_Media-104012/track.npy,ballroom,0.8653846153846154,0.7230675369915484,0.7230675369915484,0.7230675369915484,0.8490566037735849,0.8490566037735849,0.8490566037735849,0.8490566037735849,0.8148148148148148,0.6792326939040222,0.6792326939040222,0.6792326939040222,0.9285714285714286,0.9285714285714286,0.9285714285714286,0.9285714285714286,65.0,0.0,0.0,0.09411732271779769,17.0,0.0,0.0,0.08793039937334468,0.0
ballroom/ballroom_Media-104103/track.npy,ballroom,0.988235294117647,0.9438292513011984,0.9438292513011984,0.9438292513011984,0.9767441860465116,0.9767441860465116,0.9767441860465116,0.9767441860465116,1.0,0.9539688072850452,0.9539688072850452,0.9539688072850452,1.0,1.0,1.0,1.0,52.0,0.0,0.0,0.052471349889337215,13.0,0.0,0.0,0.021241430159469055,0.0
ballroom/ballroom_Media-104107/track.npy,ballroom,0.9622641509433962,0.897920625517011,0.897920625517011,0.897920625517011,0.9272727272727272,0.9272727272727272,0.9272727272727272,0.9272727272727272,0.962962962962963,0.9057691792430392,0.9057691792430392,0.9057691792430392,0.9285714285714286,0.9285714285714286,0.9285714285714286,0.9285714285714286,66.0,0.0,0.0,0.040821994520261036,17.0,0.0,0.0,0.02061928720273578,0.0
ballroom/ballroom_Media-104108/track.npy,ballroom,0.9904761904761905,0.8807784698924063,0.8807784698924063,0.8807784698924063,0.9811320754716981,0.9811320754716981,0.9811320754716981,0.9811320754716981,1.0,0.8420056372323615,0.8420056372323615,0.8420056372323615,1.0,1.0,1.0,1.0,64.0,0.0,0.0,0.08338160893905111,16.0,0.0,0.0,0.010362787035547294,0.0
ballroom/ballroom_Media-104116/track.npy,ballroom,0.9739130434782608,0.9469314883219042,0.9469314883219042,0.9469314883219042,0.9491525423728814,0.9491525423728814,0.9491525423728814,0.9491525423728814,0.9655172413793104,0.9344569963105925,0.9344569963105925,0.9344569963105925,0.9333333333333333,0.9333333333333333,0.9333333333333333,0.9333333333333333,71.0,0.0,0.0,0.09097177820573288,18.0,0.0,0.0,0.02272825107755619,0.0
ballroom/ballroom_Media-104118/track.npy,ballroom,0.9659863945578232,0.8137710630883915,0.8137710630883915,0.8137710630883915,0.8289473684210527,0.9210526315789473,0.8289473684210527,0.9210526315789473,0.972972972972973,0.8193938014658685,0.8193938014658685,0.8193938014658685,0.9473684210526315,0.9473684210526315,0.9473684210526315,0.9473684210526315,91.0,0.0,0.0,0.11778303565637893,23.0,0.0,0.0,0.028987536873251674,0.0
ballroom/ballroom_Media-104212/track.npy,ballroom,0.6491228070175438,0.6144634408142409,0.9216951612213318,0.7680793010177863,0.0,0.0,0.9487179487179487,0.9487179487179487,0.631578947368421,0.5872072406461504,0.8925550057821485,0.7398811232141494,0.0,0.0,0.9230769230769231,0.9230769230769231,47.0,0.0,0.0,0.06062462181643539,16.0,0.0,0.0,0.010050335853501314,0.0
ballroom/ballroom_Media-104308/track.npy,ballroom,0.967741935483871,0.9132566499652612,0.9132566499652612,0.9132566499652612,0.925,0.925,0.925,0.925,0.9615384615384615,0.9036574791437192,0.9036574791437192,0.9036574791437192,0.9259259259259259,0.9259259259259259,0.9259259259259259,0.9259259259259259,95.0,0.0,0.0,0.06062462181644453,32.0,0.0,0.0,0.040821994520256276,0.0
ballroom/ballroom_Media-104402/track.npy,ballroom,0.972972972972973,0.8729301220490724,0.8729301220490724,0.8729301220490724,0.9473684210526315,0.9473684210526315,0.9473684210526315,0.9473684210526315,0.9600000000000001,0.8851864428658829,0.8851864428658829,0.8851864428658829,0.9230769230769231,0.9230769230769231,0.9230769230769231,0.9230769230769231,46.0,0.0,0.0,0.08455738802806056,16.0,0.0,0.0,0.028807206729219527,0.0
ballroom/ballroom_Media-104403/track.npy,ballroom,0.9863013698630138,0.8765597798405423,0.8765597798405423,0.8765597798405423,0.972972972972973,0.972972972972973,0.972972972972973,0.972972972972973,0.9600000000000001,0.8224031594931993,0.8224031594931993,0.8224031594931993,0.9230769230769231,0.9230769230769231,0.9230769230769231,0.9230769230769231,44.0,0.0,0.0,0.05715841383995494,15.0,0.0,0.0,0.01904819497069423,0.0
ballroom/ballroom_Media-104501/track.npy,ballroom,0.9863013698630138,0.8401210445201919,0.8401210445201919,0.8401210445201919,0.972972972972973,0.972972972972973,0.972972972972973,0.972972972972973,1.0,0.9342208954808972,0.9342208954808972,0.9342208954808972,1.0,1.0,1.0,1.0,44.0,0.0,0.0,0.08688867754155154,15.0,0.0,0.0,0.03738753207161984,0.0
ballroom/ballroom_Media-104507/track.npy,ballroom,0.967741935483871,0.8309748610388962,0.8309748610388962,0.8309748610388962,0.375,0.9,0.375,0.9,0.9615384615384615,0.8323346937164456,0.8323346937164456,0.8323346937164456,0.9259259259259259,0.9259259259259259,0.9259259259259259,0.9259259259259259,95.0,0.0,0.0,0.11778303565638115,32.0,0.0,0.0,0.05171343953315446,0.0
ballroom/ballroom_Media-104607/track.npy,ballroom,0.9743589743589743,0.8657464047460605,0.8657464047460605,0.8657464047460605,0.925,0.9375,0.925,0.9375,0.9615384615384615,0.863350778006387,0.863350778006387,0.863350778006387,0.9259259259259259,0.9259259259259259,0.9259259259259259,0.9259259259259259,94.0,0.0,0.0,0.11778303565638115,32.0,0.0,0.0,0.05171343953315446,0.0
ballroom/ballroom_Media-104708/track.npy,ballroom,0.9719626168224299,0.7631883127043324,0.7631883127043324,0.7631883127043324,0.9454545454545454,0.9454545454545454,0.9454545454545454,0.9454545454545454,0.962962962962963,0.8334316275971454,0.8334316275971454,0.8334316275971454,0.9285714285714286,0.9285714285714286,0.9285714285714286,0.9285714285714286,66.0,0.0,0.0,0.0833816089390528,17.0,0.0,0.0,0.03174869831458025,0.0
ballroom/ballroom_Media-104807/track.npy,ballroom,0.9734513274336283,0.8505147237724492,0.8505147237724492,0.8505147237724492,0.9482758620689655,0.9482758620689655,0.9482758620689655,0.9482758620689655,1.0,0.8831933104153714,0.8831933104153714,0.8831933104153714,1.0,1.0,1.0,1.0,69.0,0.0,0.0,0.08701137698962769,17.0,0.0,0.0,0.033522692038643886,0.0
ballroom/ballroom_Media-104809/track.npy,ballroom,0.974025974025974,0.8753835192667876,0.8753835192667876,0.8753835192667876,0.9240506329113924,0.9367088607594937,0.9240506329113924,0.9367088607594937,0.9615384615384615,0.9024922425276798,0.9024922425276798,0.9024922425276798,0.9259259259259259,0.9259259259259259,0.9259259259259259,0.9259259259259259,94.0,0.0,0.0,0.11778303565638296,32.0,0.0,0.0,0.051052778793054907,0.0
ballroom/ballroom_Media-105005/track.npy,ballroom,0.9333333333333333,0.8273546941840079,0.8273546941840079,0.8273546941840079,0.9230769230769231,0.9230769230769231,0.9230769230769231,0.9230769230769231,0.8799999999999999,0.8386549615580376,0.8386549615580376,0.8386549615580376,0.9230769230769231,0.9230769230769231,0.9230769230769231,0.9230769230769231,46.0,0.0,0.0,0.08069985482729276,16.0,0.0,0.0,0.07433421194397183,0.0
ballroom/ballroom_Media-105007/track.npy,ballroom,0.9315068493150684,0.6961491139470126,0.6961491139470126,0.6961491139470126,0.972972972972973,0.972972972972973,0.972972972972973,0.972972972972973,1.0,0.762470379177974,0.762470379177974,0.762470379177974,1.0,1.0,1.0,1.0,44.0,0.0,0.0,0.08948211960468354,15.0,0.0,0.0,0.07020835561695644,0.0
ballroom/ballroom_Media-105122/track.npy,ballroom,0.49572649572649563,0.45779471187325355,0.45779471187325355,0.45779471187325355,0.0,0.0,0.0,0.0,0.5,0.44600732313673214,0.44600732313673214,0.44600732313673214,0.0,0.0,0.0,0.0,36.0,0.0,0.0,0.07061756721395337,9.0,0.0,0.0,0.01156082240107592,0.0
ballroom/ballroom_Media-105213/track.npy,ballroom,0.868421052631579,0.6536071511383306,0.6536071511383306,0.6536071511383306,0.9736842105263158,0.9736842105263158,0.9736842105263158,0.9736842105263158,0.8461538461538461,0.6322484769945349,0.6322484769945349,0.6322484769945349,1.0,1.0,1.0,1.0,46.0,0.0,0.0,0.06062462181643358,16.0,0.0,0.0,0.06006049214027107,0.0
ballroom/ballroom_Media-105214/track.npy,ballroom,0.8405797101449276,0.6780527409765249,0.6780527409765249,0.6780527409765249,0.6666666666666666,0.75,0.6666666666666666,0.75,0.8695652173913043,0.6507037238615937,0.6507037238615937,0.6507037238615937,0.6666666666666666,0.6666666666666666,0.6666666666666666,0.6666666666666666,43.0,0.0,0.0,0.08223809823697215,15.0,0.0,0.0,0.22868636517878058,0.0
ballroom/ballroom_Media-105305/track.npy,ballroom,0.9811320754716981,0.825041701160647,0.825041701160647,0.825041701160647,0.9629629629629629,0.9629629629629629,0.9629629629629629,0.9629629629629629,0.962962962962963,0.7808934359176625,0.7808934359176625,0.7808934359176625,0.9285714285714286,0.9285714285714286,0.9285714285714286,0.9285714285714286,65.0,0.0,0.0,0.08664840018456672,17.0,0.0,0.0,0.04455887579666361,0.0
ballroom/ballroom_Media-105306/track.npy,ballroom,0.9357798165137615,0.8389119739606772,0.8389119739606772,0.8389119739606772,0.9285714285714286,0.9285714285714286,0.9285714285714286,0.9285714285714286,0.962962962962963,0.8781472638888794,0.8781472638888794,0.8781472638888794,0.9285714285714286,0.9285714285714286,0.9285714285714286,0.9285714285714286,66.0,0.0,0.0,0.08701137698963118,17.0,0.0,0.0,0.0439633844804437,0.0
ballroom/ballroom_Media-105309/track.npy,ballroom,0.9736842105263158,0.9241965155185877,0.9241965155185877,0.9241965155185877,0.9487179487179487,0.9487179487179487,0.9487179487179487,0.9487179487179487,0.9803921568627451,0.9268424420264169,0.9268424420264169,0.9268424420264169,0.9615384615384616,0.9615384615384616,0.9615384615384616,0.9615384615384616,93.0,0.0,0.0,0.11778303565638226,31.0,0.0,0.0,0.039220713153280476,0.0
ballroom/ballroom_Media-105313/track.npy,ballroom,0.9707602339181286,0.8929742386499293,0.8929742386499293,0.8929742386499293,0.6818181818181818,0.8977272727272727,0.6818181818181818,0.8977272727272727,0.9523809523809523,0.8666656568118479,0.8666656568118479,0.8666656568118479,0.9090909090909091,0.9090909090909091,0.9090909090909091,0.9090909090909091,105.0,0.0,0.0,1.176836406102666e-14,27.0,0.0,0.0,2.9698465908722937e-15,0.0
ballroom/ballroom_Media-105317/track.npy,ballroom,0.9814814814814815,0.7807895863577343,0.7807895863577343,0.7807895863577343,0.9636363636363636,0.9636363636363636,0.9636363636363636,0.9636363636363636,0.962962962962963,0.7325446348399247,0.7325446348399247,0.7325446348399247,0.9285714285714286,0.9285714285714286,0.9285714285714286,0.9285714285714286,66.0,0.0,0.0,0.0870113769896318,17.0,0.0,0.0,0.0314161962333801,0.0
ballroom/ballroom_Media-105318/track.npy,ballroom,0.9806451612903226,0.8610083139410306,0.8610083139410306,0.8610083139410306,0.9620253164556962,0.9620253164556962,0.9620253164556962,0.9620253164556962,0.9811320754716981,0.8650651391578875,0.8650651391578875,0.8650651391578875,0.9629629629629629,0.9629629629629629,0.9629629629629629,0.9629629629629629,94.0,0.0,0.0,0.11778303565638115,32.0,0.0,0.0,0.03965225495651155,0.0
ballroom/ballroom_Media-105401/track.npy,ballroom,0.9647058823529412,0.9153632890897543,0.9153632890897543,0.9153632890897543,0.9318181818181818,0.9318181818181818,0.9318181818181818,0.9318181818181818,0.9523809523809523,0.9094882330003415,0.9094882330003415,0.9094882330003415,0.9090909090909091,0.9090909090909091,0.9090909090909091,0.9090909090909091,53.0,0.0,0.0,0.06669137449867363,14.0,0.0,0.0,0.016529301951211717,0.0
ballroom/ballroom_Media-105404/track.npy,ballroom,0.9176470588235294,0.887263545276008,0.887263545276008,0.887263545276008,0.9069767441860465,0.9302325581395349,0.9069767441860465,0.9302325581395349,0.9090909090909091,0.8694443810320984,0.8694443810320984,0.8694443810320984,1.0,1.0,1.0,1.0,51.0,0.0,0.0,0.10651468486970464,13.0,0.0,0.0,0.08547889907181982,0.0
ballroom/ballroom_Media-105413/track.npy,ballroom,0.9850746268656716,0.8998582776226541,0.8998582776226541,0.8998582776226541,0.9705882352941176,0.9705882352941176,0.9705882352941176,0.9705882352941176,0.9696969696969697,0.8860359704245087,0.8860359704245087,0.8860359704245087,0.9411764705882353,0.9411764705882353,0.9411764705882353,0.9411764705882353,82.0,0.0,0.0,0.10536051565782856,21.0,0.0,0.0,0.02666824708216094,0.0
ballroom/ballroom_Media-105420/track.npy,ballroom,0.9719626168224299,0.9279344288628258,0.9279344288628258,0.9279344288628258,0.9454545454545454,0.9454545454545454,0.9454545454545454,0.9454545454545454,0.962962962962963,0.8905183824290597,0.8905183824290597,0.8905183824290597,0.9285714285714286,0.9285714285714286,0.9285714285714286,0.9285714285714286,64.0,0.0,0.0,0.08338160893904922,16.0,0.0,0.0,0.030510633712659593,0.0
ballroom/ballroom_Media-105604/track.npy,ballroom,0.9714285714285714,0.8777657731426398,0.8777657731426398,0.8777657731426398,0.9444444444444444,0.9444444444444444,0.9444444444444444,0.9444444444444444,0.962962962962963,0.8789052166188596,0.8789052166188596,0.8789052166188596,0.9285714285714286,0.9285714285714286,0.9285714285714286,0.9285714285714286,65.0,0.0,0.0,0.040821994520261216,17.0,0.0,0.0,0.01036278703554816,0.0
ballroom/ballroom_Media-105605/track.npy,ballroom,0.9714285714285714,0.8775862948151146,0.8775862948151146,0.8775862948151146,0.9444444444444444,0.9444444444444444,0.9444444444444444,0.9444444444444444,0.962962962962963,0.8694491202784498,0.8694491202784498,0.8694491202784498,0.9285714285714286,0.9285714285714286,0.9285714285714286,0.9285714285714286,65.0,0.0,0.0,0.08338160893905092,17.0,0.0,0.0,0.01036278703554816,0.0
ballroom/ballroom_Media-105612/track.npy,ballroom,0.9662921348314606,0.9105847503905027,0.9105847503905027,0.9105847503905027,0.9347826086956522,0.9347826086956522,0.9347826086956522,0.9347826086956522,0.9565217391304348,0.9145829814588794,0.9145829814588794,0.9145829814588794,0.9166666666666666,0.9166666666666666,0.9166666666666666,0.9166666666666666,55.0,0.0,0.0,0.06899287148694999,14.0,0.0,0.0,0.0300650570551504,0.0
ballroom/ballroom_Media-105702/track.npy,ballroom,0.9870129870129869,0.7798562151674929,0.7798562151674929,0.7798562151674929,0.9743589743589743,0.9743589743589743,0.9743589743589743,0.9743589743589743,0.9600000000000001,0.829009007542068,0.829009007542068,0.829009007542068,0.9230769230769231,0.9230769230769231,0.9230769230769231,0.9230769230769231,46.0,0.0,0.0,0.11110479652073348,16.0,0.0,0.0,0.059423420470801805,0.0
ballroom/ballroom_Media-105708/track.npy,ballroom,0.9733333333333333,0.9397510613239823,0.9397510613239823,0.9397510613239823,0.948051948051948,0.948051948051948,0.948051948051948,0.948051948051948,0.9600000000000001,0.9290840396846195,0.9290840396846195,0.9290840396846195,0.9230769230769231,0.9230769230769231,0.9230769230769231,0.9230769230769231,92.0,0.0,0.0,0.11778303565638115,31.0,0.0,0.0,0.03922071315328252,0.0
ballroom/ballroom_Media-105807/track.npy,ballroom,0.8598130841121496,0.7124753929166299,0.7124753929166299,0.7124753929166299,0.8518518518518519,0.8518518518518519,0.8518518518518519,0.8518518518518519,0.7857142857142857,0.636174463639674,0.636174463639674,0.636174463639674,1.0,1.0,1.0,1.0,65.0,0.0,0.0,0.08664840018457043,17.0,0.0,0.0,0.05380981853637692,0.0
ballroom/ballroom_Media-105820/track.npy,ballroom,0.5087719298245613,0.4011254885509975,0.4011254885509975,0.4011254885509975,0.0,0.0,0.0,0.0,0.5,0.42853814664475937,0.43357565223369016,0.43105689943922476,0.0,0.0,0.0,0.0,35.0,0.0,0.0,0.054874573040836205,9.0,0.0,0.0,0.022472855852058472,0.0
ballroom/ballroom_Media-105907/track.npy,ballroom,0.9866666666666666,0.7472943958445694,0.7472943958445694,0.7472943958445694,0.9736842105263158,0.9736842105263158,0.9736842105263158,0.9736842105263158,0.9803921568627451,0.6973081960295542,0.6973081960295542,0.6973081960295542,0.9615384615384616,0.9615384615384616,0.9615384615384616,0.9615384615384616,91.0,0.0,0.0,0.1177830356563839,31.0,0.0,0.0,0.03145347881043959,0.0
ballroom/ballroom_Media-106003/track.npy,ballroom,0.7191011235955057,0.6588735358247781,0.6588735358247781,0.6588735358247781,0.43478260869565216,0.717391304347826,0.43478260869565216,0.717391304347826,0.6956521739130435,0.6681084385947212,0.6681084385947212,0.6681084385947212,0.9166666666666666,0.9166666666666666,0.9166666666666666,0.9166666666666666,54.0,0.0,0.0,0.06899287148695177,14.0,0.0,0.0,0.06145892318719496,0.0
ballroom/ballroom_Media-106009/track.npy,ballroom,0.9600000000000001,0.9264228753932243,0.9264228753932243,0.9264228753932243,0.9230769230769231,0.9230769230769231,0.9230769230769231,0.9230769230769231,1.0,0.9543516578413924,0.9543516578413924,0.9543516578413924,1.0,1.0,1.0,1.0,47.0,0.0,0.0,0.05884050002293223,11.0,0.0,0.0,0.011754104470646884,0.0
ballroom/ballroom_Media-106015/track.npy,ballroom,0.9655172413793104,0.7762105190497334,0.7762105190497334,0.7762105190497334,0.9333333333333333,0.9333333333333333,0.9333333333333333,0.9333333333333333,0.9444444444444444,0.6823197686874665,0.6823197686874665,0.6823197686874665,0.8947368421052632,0.8947368421052632,0.8947368421052632,0.8947368421052632,89.0,0.0,0.0,0.11122563511023002,23.0,0.0,0.0,0.02777956410707516,0.0
ballroom/ballroom_Media-106103/track.npy,ballroom,0.9719626168224299,0.9434950230296928,0.9434950230296928,0.9434950230296928,0.9454545454545454,0.9454545454545454,0.9454545454545454,0.9454545454545454,0.962962962962963,0.9301254382441122,0.9301254382441122,0.9301254382441122,0.9285714285714286,0.9285714285714286,0.9285714285714286,0.9285714285714286,66.0,0.0,0.0,0.04255961441879672,17.0,0.0,0.0,0.013504176995736384,0.0
ballroom/ballroom_Media-106110/track.npy,ballroom,0.891566265060241,0.8123307288545906,0.8123307288545906,0.8123307288545906,0.7906976744186046,0.8837209302325582,0.7906976744186046,0.8837209302325582,0.8571428571428572,0.7660348502774065,0.7660348502774065,0.7660348502774065,0.9090909090909091,0.9090909090909091,0.9090909090909091,0.9090909090909091,51.0,0.0,0.0,0.06453852113757037,13.0,0.0,0.0,0.07489918254419742,0.0
beatles/beatles_01_Please_Please_Me_02_Misery/track.npy,beatles,0.9774774774774775,0.8300858045708759,0.8300858045708759,0.8300858045708759,0.9642857142857143,0.9642857142857143,0.9642857142857143,0.9642857142857143,0.9909909909909909,0.8051838151603335,0.8051838151603335,0.8051838151603335,0.9821428571428571,0.9821428571428571,0.9821428571428571,0.9821428571428571,233.0,0.0,0.0,0.08701137698963213,59.0,0.0,0.0,0.04875085520986689,0.0
beatles/beatles_01_Please_Please_Me_03_Anna_(Go_To_Him)/track.npy,beatles,0.9854132901134522,0.8934839362879835,0.8934839362879835,0.8934839362879835,0.977491961414791,0.977491961414791,0.977491961414791,0.977491961414791,0.9806451612903225,0.8897438080824939,0.8897438080824939,0.8897438080824939,0.9871794871794872,0.9871794871794872,0.9871794871794872,0.9871794871794872,320.0,0.0,0.0,0.07410797215369548,80.0,0.0,0.0,0.037740327982847335,0.0
beatles/beatles_01_Please_Please_Me_07_Please_Please_Me/track.npy,beatles,0.9657794676806083,0.8736370626574315,0.8736370626574315,0.8736370626574315,0.9372693726937269,0.9372693726937269,0.9372693726937269,0.9372693726937269,0.9545454545454545,0.8578186064124278,0.8578186064124278,0.8578186064124278,0.9411764705882353,0.9411764705882353,0.9411764705882353,0.9411764705882353,283.0,0.0,0.0,0.09097177820577373,71.0,0.0,0.0,0.046520015634894295,0.0
beatles/beatles_01_Please_Please_Me_10_Baby_Its_You/track.npy,beatles,0.9837251356238698,0.7238607471658696,0.7238607471658696,0.7238607471658696,0.9963898916967509,0.9963898916967509,0.9963898916967509,0.9963898916967509,0.9855072463768116,0.7599956122482234,0.7599956122482234,0.7599956122482234,1.0,1.0,1.0,1.0,285.0,0.0,0.0,0.07145896398214358,72.0,0.0,0.0,0.03732035530464826,0.0
beatles/beatles_01_Please_Please_Me_11_Do_You_Want_To_Know_A_Secret/track.npy,beatles,0.9525959367945824,0.8087385412493698,0.8087385412493698,0.8087385412493698,0.9090909090909091,0.9090909090909091,0.9090909090909091,0.9090909090909091,0.9549549549549551,0.7922964441699728,0.7922964441699728,0.7922964441699728,0.9137931034482759,0.9137931034482759,0.9137931034482759,0.9137931034482759,242.0,0.0,0.0,0.08338160893906466,61.0,0.0,0.0,0.05842276099859665,0.0
beatles/beatles_02_With_the_Beatles_02_All_Ive_Got_To_Do/track.npy,beatles,0.9956521739130435,0.8919559570458565,0.8919559570458565,0.8919559570458565,1.0,1.0,1.0,1.0,0.9827586206896551,0.8600655926157565,0.8600655926157565,0.8600655926157565,1.0,1.0,1.0,1.0,237.0,0.0,0.0,0.07788554109734484,60.0,0.0,0.0,0.03276567602824597,0.0
beatles/beatles_03_A_Hard_Days_Night_06_Tell_Me_Why/track.npy,beatles,0.9870967741935484,0.9172800523408993,0.9172800523408993,0.9172800523408993,0.9745222929936306,0.9745222929936306,0.9745222929936306,0.9745222929936306,0.9871794871794872,0.9065160719536652,0.9065160719536652,0.9065160719536652,0.9746835443037974,0.9746835443037974,0.9746835443037974,0.9746835443037974,327.0,0.0,0.0,0.10536051565782412,82.0,0.0,0.0,0.039482265624160885,0.0
beatles/beatles_03_A_Hard_Days_Night_11_When_I_Get_Home/track.npy,beatles,0.9851301115241635,0.9327353982108538,0.9327353982108538,0.9327353982108538,0.9706959706959707,0.9706959706959707,0.9706959706959707,0.9706959706959707,0.9852941176470589,0.9188692943096934,0.9188692943096934,0.9188692943096934,0.9710144927536232,0.9710144927536232,0.9710144927536232,0.9710144927536232,284.0,0.0,0.0,0.08338160893906388,71.0,0.0,0.0,0.04255961441879885,0.0
beatles/beatles_04_Beatles_for_Sale_11_Every_Little_Thing/track.npy,beatles,0.9914893617021276,0.5532866234147354,0.5532866234147354,0.5532866234147354,0.9915254237288136,0.9915254237288136,0.9915254237288136,0.9915254237288136,0.9830508474576272,0.5388559761461467,0.5388559761461467,0.5388559761461467,1.0,1.0,1.0,1.0,246.0,0.0,0.0,0.08338160893904922,61.0,0.0,0.0,0.030490452602904294,0.0
beatles/beatles_06_Rubber_Soul_07_Michelle/track.npy,beatles,0.9966555183946488,0.9546998077760663,0.9546998077760663,0.9546998077760663,1.0,1.0,1.0,1.0,0.9866666666666668,0.9510669132907734,0.9510669132907734,0.9510669132907734,1.0,1.0,1.0,1.0,309.0,0.0,0.0,0.07911820771230432,78.0,0.0,0.0,0.019802627296179376,0.0
beatles/beatles_06_Rubber_Soul_08_What_Goes_On/track.npy,beatles,0.9748549323017408,0.9491814518006834,0.9491814518006834,0.9491814518006834,0.9581749049429658,0.9581749049429658,0.9581749049429658,0.9581749049429658,0.6528497409326425,0.6360355855642346,0.9515881241387385,0.7938118548514865,0.0,0.0,0.9545454545454546,0.9545454545454546,271.0,0.0,0.0,0.06453852113757144,68.0,0.0,0.0,0.024292692569045427,0.0
beatles/beatles_07_Revolver_03_Im_Only_Sleeping/track.npy,beatles,0.9661016949152542,0.8542287521728298,0.8542287521728298,0.8542287521728298,0.9494949494949495,0.9494949494949495,0.9494949494949495,0.9494949494949495,0.9530201342281879,0.848767970388378,0.848767970388378,0.848767970388378,0.9466666666666667,0.9466666666666667,0.9466666666666667,0.9466666666666667,306.0,0.0,0.0,0.06899287148696072,77.0,0.0,0.0,0.028869056619198495,0.0
beatles/beatles_08_Sgt_Peppers_Lonely_Hearts_Club_Band_06_Shes_Leaving_Home/track.npy,beatles,0.8551724137931035,0.6682731498458302,0.6682731498458302,0.6682731498458302,0.25057471264367814,0.8919540229885058,0.25057471264367814,0.8919540229885058,0.8689655172413793,0.6518107219711363,0.6518107219711363,0.6518107219711363,0.6137931034482759,0.9448275862068966,0.6137931034482759,0.9448275862068966,446.0,0.0,0.0,0.08701137698964212,149.0,0.0,0.0,0.07078045420913749,0.0
beatles/beatles_08_Sgt_Peppers_Lonely_Hearts_Club_Band_09_When_Im_Sixty-Four/track.npy,beatles,0.9958041958041958,0.9159884841467205,0.9159884841467205,0.9159884841467205,0.9916434540389972,0.9916434540389972,0.9916434540389972,0.9916434540389972,0.9944134078212291,0.937167607084168,0.937167607084168,0.937167607084168,0.9888888888888889,0.9888888888888889,0.9888888888888889,0.9888888888888889,370.0,0.0,0.0,0.09531017980434109,93.0,0.0,0.0,0.029248103340805798,0.0
beatles/beatles_08_Sgt_Peppers_Lonely_Hearts_Club_Band_13_A_Day_In_The_Life/track.npy,beatles,0.6496106785317018,0.5843675697337831,0.6763167825841765,0.6303421761589798,0.23076923076923078,0.2844364937388193,0.24447717231222385,0.40942562592047127,0.6519823788546255,0.5924655097019603,0.6242669882588685,0.6083662489804145,0.30714285714285716,0.3357142857142857,0.30714285714285716,0.3872832369942196,565.0,0.0,0.0,0.11122563511020256,142.0,0.0,0.0,0.07356278650475052,0.0
beatles/beatles_09_Magical_Mystery_Tour_05_Your_Mother_Should_Know/track.npy,beatles,0.9598540145985403,0.6880168191620887,0.6880168191620887,0.6880168191620887,0.36594202898550726,0.9384057971014492,0.36594202898550726,0.9384057971014492,0.8985507246376812,0.6170891995501009,0.6170891995501009,0.6170891995501009,0.34782608695652173,0.8985507246376812,0.34782608695652173,0.8985507246376812,286.0,0.0,0.0,0.08004270767352051,72.0,0.0,0.0,0.23278265310863916,0.0
beatles/beatles_09_Magical_Mystery_Tour_06_I_Am_The_Walrus/track.npy,beatles,0.9896640826873385,0.8610502060558018,0.8610502060558018,0.8610502060558018,1.0,1.0,1.0,1.0,1.0,0.8520001239284363,0.8520001239284363,0.8520001239284363,1.0,1.0,1.0,1.0,394.0,0.0,0.0,0.08455738802806129,98.0,0.0,0.0,0.030023903327286133,0.0
beatles/beatles_09_Magical_Mystery_Tour_09_Penny_Lane/track.npy,beatles,0.9750778816199377,0.72809126319915,0.72809126319915,0.72809126319915,0.9513677811550152,0.9513677811550152,0.9513677811550152,0.9513677811550152,0.9753086419753086,0.723920484292264,0.723920484292264,0.723920484292264,0.9518072289156626,0.9518072289156626,0.9518072289156626,0.9518072289156626,339.0,0.0,0.0,0.07696104113612742,85.0,0.0,0.0,0.028411229485144716,0.0
beatles/beatles_10_CD1_The_Beatles_05_Wild_Honey_Pie/track.npy,beatles,0.971830985915493,0.8761321925545168,0.8761321925545168,0.8761321925545168,0.971830985915493,0.971830985915493,0.971830985915493,0.971830985915493,0.5789473684210527,0.4982177000629604,0.5264117877993503,0.5123147439311553,0.25,0.5,0.25,0.5,79.0,0.0,0.0,0.06590197285107222,20.0,0.0,0.0,0.029852963149680757,0.0
beatles/beatles_10_CD1_The_Beatles_06_The_Continuing_Story_of_Bungalow_Bill/track.npy,beatles,0.9177631578947368,0.8614685475425109,0.8614685475425109,0.8614685475425109,0.3496932515337423,0.843558282208589,0.3496932515337423,0.843558282208589,0.5786163522012578,0.5433672808866169,0.5660048447084444,0.5546860627975306,0.10975609756097561,0.47560975609756095,0.10975609756097561,0.47560975609756095,333.0,0.0,0.0,0.10536051565780258,84.0,0.0,0.0,0.3540714130276112,0.0
beatles/beatles_10_CD1_The_Beatles_13_Rocky_Raccoon/track.npy,beatles,0.8139183055975794,0.7716856881244128,0.7716856881244128,0.7716856881244128,0.28865979381443296,0.44329896907216493,0.28865979381443296,0.44329896907216493,0.7757575757575758,0.743531360196121,0.743531360196121,0.743531360196121,0.28865979381443296,0.44329896907216493,0.28865979381443296,0.44329896907216493,401.0,0.0,0.0,0.11122563511020452,101.0,0.0,0.0,0.06894651650051342,0.0
beatles/beatles_10_CD2_The_Beatles_03_Mother_Natures_Son/track.npy,beatles,0.8029465930018416,0.726995585508527,0.7381861481422664,0.7325908668253966,0.25386996904024767,0.38390092879256965,0.42596810933940776,0.42596810933940776,0.8020833333333333,0.7196038678388353,0.7196038678388353,0.7196038678388353,0.42342342342342343,0.42342342342342343,0.42342342342342343,0.42342342342342343,329.0,0.0,0.0,0.11122563511020256,83.0,0.0,0.0,0.05841076215641339,0.0
beatles/beatles_11_Abbey_Road_01_Come_Together/track.npy,beatles,0.9942028985507246,0.9163461059135486,0.9163461059135486,0.9163461059135486,0.9884726224783862,0.9884726224783862,0.9884726224783862,0.9884726224783862,0.9942196531791908,0.8977676513186044,0.8977676513186044,0.8977676513186044,0.9885057471264368,0.9885057471264368,0.9885057471264368,0.9885057471264368,354.0,0.0,0.0,0.08223809823696965,89.0,0.0,0.0,0.035119215264957586,0.0
beatles/beatles_11_Abbey_Road_12_Polythene_Pam/track.npy,beatles,1.0,0.9158024515034546,0.9158024515034546,0.9158024515034546,0.5775401069518716,0.9946524064171123,0.5775401069518716,0.9946524064171123,1.0,0.8886035448048963,0.8886035448048963,0.8886035448048963,1.0,1.0,1.0,1.0,200.0,0.0,0.0,0.11122563511022468,50.0,0.0,0.0,0.0545488811663438,0.0
beatles/beatles_11_Abbey_Road_17_Her_Majesty/track.npy,beatles,1.0,0.9580434597244915,0.9580434597244915,0.9580434597244915,1.0,1.0,1.0,1.0,0.6363636363636364,0.5868397405555655,0.9221767351587459,0.7545082378571557,0.0,0.0,1.0,1.0,38.0,0.0,0.0,0.06854552391243363,9.0,0.0,0.0,0.10549335026416139,0.0
beatles/beatles_12_Let_It_Be_04_I_Me_Mine/track.npy,beatles,0.8804664723032071,0.7988324863481846,0.7988324863481846,0.7988324863481846,0.3425414364640884,0.7016574585635359,0.3425414364640884,0.7016574585635359,0.7297297297297298,0.6480651846540094,0.6480651846540094,0.6480651846540094,0.2631578947368421,0.5087719298245614,0.2631578947368421,0.5087719298245614,338.0,0.0,0.0,0.0930904230660006,113.0,0.0,0.0,0.05608946665104362,0.0
beatles/beatles_12_Let_It_Be_10_The_Long_and_Winding_Road/track.npy,beatles,0.9671772428884027,0.8664271294194156,0.8664271294194156,0.8664271294194156,0.944206008583691,0.944206008583691,0.944206008583691,0.944206008583691,0.9824561403508771,0.878884201563148,0.878884201563148,0.878884201563148,0.9655172413793104,0.9655172413793104,0.9655172413793104,0.9655172413793104,239.0,0.0,0.0,0.06744128079550313,60.0,0.0,0.0,0.044047981796312766,0.0
candombe/csic.1995_ansina1_03/track.npy,candombe,0.9992498124531133,0.7912169840325131,0.7912169840325131,0.7912169840325131,0.9985007496251874,0.9985007496251874,0.9985007496251874,0.9985007496251874,1.0,0.7921708258644186,0.7921708258644186,0.7921708258644186,1.0,1.0,1.0,1.0,678.0,0.0,0.0,0.09531017980430556,170.0,0.0,0.0,0.03606630967098871,0.0
candombe/csic.1995_ansina2_01/track.npy,candombe,0.999259807549963,0.8358918105306727,0.8358918105306727,0.8358918105306727,0.9985207100591716,0.9985207100591716,0.9985207100591716,0.9985207100591716,1.0,0.8330386677881063,0.8330386677881063,0.8330386677881063,1.0,1.0,1.0,1.0,687.0,0.0,0.0,0.044451762570918096,172.0,0.0,0.0,0.022113233255056222,0.0
candombe/csic.1995_ansina2_04/track.npy,candombe,0.9976190476190476,0.8264886307821421,0.8264886307821421,0.8264886307821421,0.995249406175772,0.995249406175772,0.995249406175772,0.995249406175772,1.0,0.8244683367331649,0.8244683367331649,0.8244683367331649,1.0,1.0,1.0,1.0,853.0,0.0,0.0,0.09097177820570757,213.0,0.0,0.0,0.023256862164279135,0.0
candombe/csic.1995_cuareim_02/track.npy,candombe,0.9993674889310563,0.8555704765740118,0.8555704765740118,0.8555704765740118,0.9987357774968394,0.9987357774968394,0.9987357774968394,0.9987357774968394,1.0,0.8383751030827403,0.8383751030827403,0.8383751030827403,1.0,1.0,1.0,1.0,802.0,0.0,0.0,0.09531017980423451,201.0,0.0,0.0,0.02328422568886851,0.0
candombe/zavala.muniz.2014_41/track.npy,candombe,0.9970588235294118,0.8834601783728162,0.8834601783728162,0.8834601783728162,0.9941348973607038,0.9941348973607038,0.9941348973607038,0.9941348973607038,1.0,0.8313990601774557,0.8313990601774557,0.8313990601774557,1.0,1.0,1.0,1.0,347.0,0.0,0.0,0.06669137449868245,87.0,0.0,0.0,0.031039737590662853,0.0
filosax/filosax_05/track.npy,filosax,0.9879101899827288,0.8812392364340017,0.8812392364340017,0.8812392364340017,0.9761092150170648,0.9761092150170648,0.9761092150170648,0.9761092150170648,0.9862068965517241,0.8736943001376875,0.8736943001376875,0.8736943001376875,0.9727891156462585,0.9727891156462585,0.9727891156462585,0.9727891156462585,591.0,0.0,0.0,0.0769610411361662,148.0,0.0,0.0,0.028987536873239517,0.0
filosax/filosax_18/track.npy,filosax,0.9875120076849184,0.8811283499246045,0.8811283499246045,0.8811283499246045,0.8184410646387833,0.9743346007604563,0.8184410646387833,0.9743346007604563,0.8291746641074856,0.7323417565958361,0.7323417565958361,0.7323417565958361,0.8174904942965779,0.8174904942965779,0.8174904942965779,0.8174904942965779,1065.0,0.0,0.0,0.11122563511011885,267.0,0.0,0.0,0.05019654271629087,0.0
filosax/filosax_22/track.npy,filosax,0.49873096446700504,0.42351650238299465,0.42351650238299465,0.42351650238299465,0.0,0.0,0.03951890034364261,0.03951890034364261,0.467005076142132,0.39943760660810484,0.39943760660810484,0.39943760660810484,0.0,0.0,0.041379310344827586,0.041379310344827586,418.0,0.0,0.0,0.06453852113755093,105.0,0.0,0.0,0.03261158558876187,0.0
filosax/filosax_26/track.npy,filosax,0.9876543209876544,0.8791577109782803,0.8791577109782803,0.8791577109782803,0.8620689655172413,0.9799777530589544,0.8620689655172413,0.9799777530589544,0.9910313901345292,0.8633529563766287,0.8633529563766287,0.8633529563766287,0.9822222222222222,0.9822222222222222,0.9822222222222222,0.9822222222222222,911.0,0.0,0.0,0.10008345855696288,228.0,0.0,0.0,0.05473234652990841,0.0
filosax/filosax_35/track.npy,filosax,0.9796672828096119,0.7866019289488758,0.7866019289488758,0.7866019289488758,0.8848039215686274,0.9730392156862745,0.8848039215686274,0.9730392156862745,0.9530864197530864,0.7464968939071404,0.7464968939071404,0.7464968939071404,0.9509803921568627,0.9509803921568627,0.9509803921568627,0.9509803921568627,827.0,0.0,0.0,0.08338160893909552,207.0,0.0,0.0,0.032088314551505515,0.0
filosax/filosax_37/track.npy,filosax,0.9853479853479854,0.834762452762693,0.834762452762693,0.834762452762693,0.9711191335740073,0.9711191335740073,0.9711191335740073,0.9711191335740073,0.9853658536585366,0.8219849960554574,0.8219849960554574,0.8219849960554574,0.9711538461538461,0.9711538461538461,0.9711538461538461,0.9711538461538461,843.0,0.0,0.0,0.09531017980433143,211.0,0.0,0.0,0.03663544154198087,0.0
filosax/filosax_38/track.npy,filosax,0.9854227405247813,0.8374608901073738,0.8374608901073738,0.8374608901073738,0.29990356798457085,0.95274831243973,0.29990356798457085,0.95274831243973,0.9883720930232558,0.8358097905945922,0.8358097905945922,0.8358097905945922,0.9846153846153847,0.9846153846153847,0.9846153846153847,0.9846153846153847,1051.0,0.0,0.0,0.11778303565640336,263.0,0.0,0.0,0.09531017980432913,0.0
groove_midi/drummer10_session1_3_jazz-swing_215_beat_4-4/track.npy,groove_midi,0.6215139442231076,0.5622867119691075,0.5622867119691075,0.5622867119691075,0.0,0.0,0.39285714285714285,0.6071428571428571,0.41269841269841273,0.3715309099398392,0.5572963649097589,0.464413637424799,0.0,0.0,1.0,1.0,93.0,0.0,0.0,0.07410797215372356,24.0,0.0,0.0,0.086096680830401,0.0
groove_midi/drummer1_eval_session_3_soul-groove3_86_beat_4-4/track.npy,groove_midi,1.0,0.9128345181684653,0.9128345181684653,0.9128345181684653,1.0,1.0,1.0,1.0,1.0,0.965866503464243,0.965866503464243,0.965866503464243,1.0,1.0,1.0,1.0,65.0,0.0,0.0,0.05884050002293284,17.0,0.0,0.0,0.014316791308863297,0.0
groove_midi/drummer1_eval_session_7_pop-groove7_138_beat_4-4/track.npy,groove_midi,0.9904761904761905,0.8981236875882128,0.8981236875882128,0.8981236875882128,0.9811320754716981,0.9811320754716981,0.9811320754716981,0.9811320754716981,0.962962962962963,0.8765821207778963,0.8765821207778963,0.8765821207778963,0.9285714285714286,0.9285714285714286,0.9285714285714286,0.9285714285714286,65.0,0.0,0.0,0.09487633964445567,17.0,0.0,0.0,0.03795835612551086,0.0
groove_midi/drummer1_eval_session_8_rock-groove8_65_beat_4-4/track.npy,groove_midi,1.0,0.8750505960213603,0.8750505960213603,0.8750505960213603,1.0,1.0,1.0,1.0,1.0,0.8504937243527202,0.8504937243527202,0.8504937243527202,1.0,1.0,1.0,1.0,64.0,0.0,0.0,0.06219421213744099,16.0,0.0,0.0,0.03417867523584016,0.0
groove_midi/drummer1_session1_38_latin-samba_116_beat_4-4/track.npy,groove_midi,0.9951219512195122,0.8234107665639431,0.8234107665639431,0.8234107665639431,0.9902912621359223,0.9902912621359223,0.9902912621359223,0.9902912621359223,0.9803921568627451,0.8416183215557024,0.8416183215557024,0.8416183215557024,0.9615384615384616,0.9615384615384616,0.9615384615384616,0.9615384615384616,113.0,0.0,0.0,0.07696104113613006,29.0,0.0,0.0,0.02918552867205305,0.0
groove_midi/drummer1_session2_32_punk_140_beat_4-4/track.npy,groove_midi,0.8075801749271136,0.5716887407393935,0.5716887407393935,0.5716887407393935,0.35260115606936415,0.815028901734104,0.35260115606936415,0.815028901734104,0.5465116279069768,0.39623786006415906,0.39623786006415906,0.39623786006415906,0.367816091954023,0.6436781609195402,0.367816091954023,0.6436781609195402,357.0,0.0,0.0,0.10008345855699852,89.0,0.0,0.0,0.07488633335843355,0.0
groove_midi/drummer1_session2_5_jazz_200_beat_3-4/track.npy,groove_midi,0.7014218009478673,0.6650891422880308,0.6650891422880308,0.6650891422880308,0.30952380952380953,0.30952380952380953,0.30952380952380953,0.30952380952380953,0.5213270142180094,0.5070798389509287,0.5070798389509287,0.5070798389509287,0.30952380952380953,0.30952380952380953,0.30952380952380953,0.30952380952380953,263.0,0.0,0.0,0.09097177820570901,88.0,0.0,0.0,0.11313556864781109,0.0
groove_midi/drummer1_session3_12_latin-bomba_96_beat_4-4/track.npy,groove_midi,0.9985652797704447,0.9196911173747502,0.9196911173747502,0.9196911173747502,0.997134670487106,0.997134670487106,0.997134670487106,0.997134670487106,0.9942857142857142,0.9117106853339335,0.9117106853339335,0.9117106853339335,0.9886363636363636,0.9886363636363636,0.9886363636363636,0.9886363636363636,357.0,0.0,0.0,0.06453852113758152,90.0,0.0,0.0,0.03217051632201048,0.0
groove_midi/drummer1_session3_17_afrocuban-calypso_108_beat_4-4/track.npy,groove_midi,0.9953596287703016,0.8483042925898115,0.8483042925898115,0.8483042925898115,0.9976798143851509,0.9976798143851509,0.9976798143851509,0.9976798143851509,0.9953488372093023,0.8499142179895111,0.8499142179895111,0.8499142179895111,0.9907407407407407,0.9907407407407407,0.9907407407407407,0.9907407407407407,441.0,0.0,0.0,0.07145896398215679,111.0,0.0,0.0,0.035911194930745856,0.0
groove_midi/drummer1_session3_18_rock_128_beat_4-4/track.npy,groove_midi,1.0,0.8918086993351095,0.8918086993351095,0.8918086993351095,1.0,1.0,1.0,1.0,1.0,0.8822818389330199,0.8822818389330199,0.8822818389330199,1.0,1.0,1.0,1.0,303.0,0.0,0.0,0.08338160893906466,75.0,0.0,0.0,0.032088314551492705,0.0
groove_midi/drummer1_session3_3_rock-rockabilly_200_beat_4-4/track.npy,groove_midi,0.702839116719243,0.6713993265693946,0.911454652286594,0.7914269894279943,0.08471275559883155,0.08471275559883155,0.8422939068100358,0.8422939068100358,0.7020202020202021,0.6701536148497108,0.9081374308973339,0.7891455228735224,0.08203125,0.08203125,0.8428571428571429,0.8428571428571429,567.0,0.0,0.0,0.06669137449868245,142.0,0.0,0.0,0.01667405577677834,0.0
groove_midi/drummer1_session3_4_jazz-linear_182_beat_4-4/track.npy,groove_midi,0.445998445998446,0.3701333505426091,0.41106237558933195,0.39059786306597055,0.0225,0.05125,0.1026694045174538,0.3655030800821355,0.29906542056074764,0.24639514855117148,0.3359014342165823,0.2911482913838769,0.035,0.035,0.21487603305785125,0.48760330578512395,496.0,0.0,0.0,0.11778303565640932,124.0,0.0,0.0,0.16929994859330283,0.0
groove_midi/drummer1_session3_9_rock_135_beat_4-4/track.npy,groove_midi,0.9965477560414269,0.8890355775234807,0.8890355775234807,0.8890355775234807,0.9931192660550459,0.9931192660550459,0.9931192660550459,0.9931192660550459,1.0,0.8820454524247016,0.8820454524247016,0.8820454524247016,1.0,1.0,1.0,1.0,448.0,0.0,0.0,0.09097177820573987,112.0,0.0,0.0,0.03390155167567552,0.0
groove_midi/drummer3_session1_7_rock_105_beat_4-4/track.npy,groove_midi,1.0,0.7782505648212378,0.7782505648212378,0.7782505648212378,1.0,1.0,1.0,1.0,1.0,0.808012227335057,0.808012227335057,0.808012227335057,1.0,1.0,1.0,1.0,61.0,0.0,0.0,0.07145896398214518,16.0,0.0,0.0,0.026202372394023836,0.0
groove_midi/drummer3_session1_8_jazz_105_beat_4-4/track.npy,groove_midi,0.8852459016393442,0.6731501626832215,0.6731501626832215,0.6731501626832215,0.8455284552845529,0.9024390243902439,0.8455284552845529,0.9024390243902439,0.8333333333333334,0.6553779002511333,0.6553779002511333,0.6553779002511333,0.9,0.9,0.9,0.9,132.0,0.0,0.0,0.08004270767352051,33.0,0.0,0.0,0.05436660006823257,0.0
groove_midi/drummer3_session2_16_rock_100_beat_4-4/track.npy,groove_midi,1.0,0.9505250116144841,0.9505250116144841,0.9505250116144841,1.0,1.0,1.0,1.0,1.0,0.9284763754859675,0.9284763754859675,0.9284763754859675,1.0,1.0,1.0,1.0,104.0,0.0,0.0,0.06669137449867674,26.0,0.0,0.0,0.008368249670517858,0.0
groove_midi/drummer3_session2_6_rock_100_beat_4-4/track.npy,groove_midi,0.9333333333333333,0.8863320943671749,0.8863320943671749,0.8863320943671749,0.875,0.875,0.875,0.875,0.9333333333333333,0.9019991740225705,0.9019991740225705,0.9019991740225705,0.875,0.875,0.875,0.875,41.0,0.0,0.0,0.06669137449867393,11.0,0.0,0.0,0.04272917543590776,0.0
groove_midi/drummer5_eval_session_10_soul-groove10_102_beat_4-4/track.npy,groove_midi,1.0,0.9640215553075151,0.9640215553075151,0.9640215553075151,1.0,1.0,1.0,1.0,1.0,0.9484952324677957,0.9484952324677957,0.9484952324677957,1.0,1.0,1.0,1.0,64.0,0.0,0.0,0.06887779663753822,16.0,0.0,0.0,0.01694955831377299,0.0
groove_midi/drummer5_eval_session_6_hiphop-groove6_87_beat_4-4/track.npy,groove_midi,1.0,0.903195102826043,0.903195102826043,0.903195102826043,1.0,1.0,1.0,1.0,1.0,0.9185179995843121,0.9185179995843121,0.9185179995843121,1.0,1.0,1.0,1.0,64.0,0.0,0.0,0.08701137698962802,16.0,0.0,0.0,0.024328018712153364,0.0
groove_midi/drummer5_eval_session_8_rock-groove8_65_beat_4-4/track.npy,groove_midi,0.9914529914529915,0.9073380064224726,0.9073380064224726,0.9073380064224726,0.9830508474576272,0.9830508474576272,0.9830508474576272,0.9830508474576272,0.9655172413793104,0.8673241670838024,0.8673241670838024,0.8673241670838024,0.9333333333333333,0.9333333333333333,0.9333333333333333,0.9333333333333333,65.0,0.0,0.0,0.044355097507727696,17.0,0.0,0.0,0.027191043100887734,0.0
groove_midi/drummer5_session1_20_latin-brazilian-baiao_110_beat_4-4/track.npy,groove_midi,0.9171974522292994,0.8118651136766464,0.8118651136766464,0.8118651136766464,0.6928746928746928,0.8304668304668305,0.6928746928746928,0.8304668304668305,0.8673469387755102,0.7678489274197655,0.7678489274197655,0.7678489274197655,0.803921568627451,0.8333333333333334,0.803921568627451,0.8333333333333334,388.0,0.0,0.0,0.07410797215376097,97.0,0.0,0.0,0.06256230598767772,0.0
groove_midi/drummer5_session1_7_latin-brazilian-maracatu_96_beat_4-4/track.npy,groove_midi,0.9580686149936468,0.7966232053455877,0.7966232053455877,0.7966232053455877,0.4263959390862944,0.9771573604060914,0.4263959390862944,0.9771573604060914,0.9441624365482234,0.8210565096411178,0.8210565096411178,0.8210565096411178,0.98989898989899,0.98989898989899,0.98989898989899,0.98989898989899,403.0,0.0,0.0,0.06453852113758152,101.0,0.0,0.0,0.0645722791533082,0.0
groove_midi/drummer5_session2_21_latin-brazilian-ijexa_108_beat_4-4/track.npy,groove_midi,0.9915966386554621,0.9112701036115228,0.9112701036115228,0.9112701036115228,0.9833333333333333,0.9833333333333333,0.9833333333333333,0.9833333333333333,0.0,7.2830795738946796e-158,0.901167544554041,0.4505837722770205,0.0,0.0,0.9333333333333333,0.9333333333333333,129.0,0.0,0.0,0.07410797215370724,32.0,0.0,0.0,0.031862890510821994,0.0
groove_midi/drummer5_session2_5_reggae_126_beat_4-4/track.npy,groove_midi,0.9509933774834437,0.8815118564461912,0.8815118564461912,0.8815118564461912,0.6973684210526315,0.9447368421052632,0.6973684210526315,0.9447368421052632,0.0,1.1170545475437845e-29,1.0613375223571161e-08,5.3066876117855805e-09,0.0,0.0,0.0425531914893617,0.0425531914893617,386.0,0.0,0.0,0.08338160893909088,97.0,0.0,0.0,0.034857534425253085,0.0
groove_midi/drummer6_session1_5_rock_60_beat_6-8/track.npy,groove_midi,0.4895833333333333,0.3929170950259713,0.3929170950259713,0.3929170950259713,0.0,0.0,0.0,0.0,0.17777777777777778,0.1323580055375313,0.14527098168753436,0.13881449361253284,0.0,0.0,0.0,0.0,155.0,0.0,0.0,0.08004270767354893,39.0,0.0,0.0,0.04132887243443848,0.0
groove_midi/drummer6_session3_1_rock_90_beat_4-4/track.npy,groove_midi,0.9668874172185431,0.7638806724178289,0.7638806724178289,0.7638806724178289,0.9868421052631579,0.9868421052631579,0.9868421052631579,0.9868421052631579,0.0,4.803074684086538e-222,0.7639184394590114,0.3819592197295057,0.0,0.0,0.9473684210526315,0.9473684210526315,84.0,0.0,0.0,0.060624621816444665,21.0,0.0,0.0,0.023540955513285295,0.0
groove_midi/drummer6_session3_3_rock_100_beat_4-4/track.npy,groove_midi,0.9759759759759759,0.7314161082534757,0.7314161082534757,0.7314161082534757,0.9940119760479041,0.9940119760479041,0.9940119760479041,0.9940119760479041,0.9759036144578314,0.7337652465407688,0.7337652465407688,0.7337652465407688,1.0,1.0,1.0,1.0,343.0,0.0,0.0,0.06669137449868245,86.0,0.0,0.0,0.03306086226088971,0.0
groove_midi/drummer6_session3_7_rock_88_beat_4-4/track.npy,groove_midi,0.962536023054755,0.7881089183199042,0.7881089183199042,0.7881089183199042,0.9942528735632183,0.9942528735632183,0.9942528735632183,0.9942528735632183,0.9545454545454546,0.7757540414484104,0.7757540414484104,0.7757540414484104,1.0,1.0,1.0,1.0,182.0,0.0,0.0,0.06062462181643361,46.0,0.0,0.0,0.043001204149561024,0.0
groove_midi/drummer7_session1_13_funk_102_beat_4-4/track.npy,groove_midi,0.9841269841269841,0.7830944017532276,0.7830944017532276,0.7830944017532276,0.96875,0.96875,0.96875,0.96875,0.9743589743589743,0.8097865772042814,0.8097865772042814,0.8097865772042814,0.95,0.95,0.95,0.95,169.0,0.0,0.0,0.06899287148696154,43.0,0.0,0.0,0.03419136474828466,0.0
groove_midi/drummer7_session1_14_jazz_100_beat_4-4/track.npy,groove_midi,0.9723756906077348,0.8000700806295914,0.8000700806295914,0.8000700806295914,0.989010989010989,0.989010989010989,0.989010989010989,0.989010989010989,0.0,3.723928954743011e-178,0.7932876856888612,0.3966438428444306,0.0,0.0,0.9130434782608695,0.9130434782608695,100.0,0.0,0.0,0.06899287148694977,25.0,0.0,0.0,0.04799890810533387,0.0
groove_midi/drummer7_session1_38_hiphop_100_beat_4-4/track.npy,groove_midi,0.9859154929577464,0.8950751359310772,0.8950751359310772,0.8950751359310772,0.9722222222222222,0.9722222222222222,0.9722222222222222,0.9722222222222222,0.0,7.812087628255848e-47,7.812087628255848e-47,7.812087628255848e-47,0.0,0.0,0.0,0.0,45.0,0.0,0.0,0.06669137449867674,11.0,0.0,0.0,0.016667052485211453,0.0
groove_midi/drummer7_session1_8_rock_93_beat_4-4/track.npy,groove_midi,0.9504950495049505,0.7920715713765194,0.7920715713765194,0.7920715713765194,0.9960474308300395,0.9960474308300395,0.9960474308300395,0.9960474308300395,0.9606299212598425,0.7864689803599488,0.7864689803599488,0.7864689803599488,0.984375,0.984375,0.984375,0.984375,261.0,0.0,0.0,0.06453852113756964,66.0,0.0,0.0,0.04542512026265266,0.0
groove_midi/drummer7_session2_15_rock_118_beat_4-4/track.npy,groove_midi,0.9930715935334873,0.9041840895325739,0.9041840895325739,0.9041840895325739,0.9862385321100917,0.9862385321100917,0.9862385321100917,0.9862385321100917,1.0,0.9096970865625593,0.9096970865625593,0.9096970865625593,1.0,1.0,1.0,1.0,228.0,0.0,0.0,0.07696104113612678,57.0,0.0,0.0,0.03245737551506596,0.0
groove_midi/drummer7_session2_37_rock_112_beat_4-4/track.npy,groove_midi,0.9919678714859438,0.8586550140652895,0.8586550140652895,0.8586550140652895,0.9840637450199203,0.9840637450199203,0.9840637450199203,0.9840637450199203,0.9919999999999999,0.8539988373995163,0.8539988373995163,0.8539988373995163,0.9841269841269841,0.9841269841269841,0.9841269841269841,0.9841269841269841,261.0,0.0,0.0,0.07439327905199622,66.0,0.0,0.0,0.03600503380587557,0.0
groove_midi/drummer7_session2_45_rock_135_beat_4-4/track.npy,groove_midi,0.9966329966329966,0.9170054652971834,0.9170054652971834,0.9170054652971834,0.9932885906040269,0.9932885906040269,0.9932885906040269,0.9932885906040269,0.9866666666666666,0.8986725803112475,0.8986725803112475,0.8986725803112475,0.9736842105263158,0.9736842105263158,0.9736842105263158,0.9736842105263158,161.0,0.0,0.0,0.09097177820571055,41.0,0.0,0.0,0.03500653529434114,0.0
groove_midi/drummer7_session2_64_rock_145_beat_4-4/track.npy,groove_midi,0.989010989010989,0.8655393974977749,0.8655393974977749,0.8655393974977749,0.9782608695652174,0.9782608695652174,0.9782608695652174,0.9782608695652174,0.989010989010989,0.876747482650567,0.876747482650567,0.876747482650567,0.9782608695652174,0.9782608695652174,0.9782608695652174,0.9782608695652174,197.0,0.0,0.0,0.09531017980432566,50.0,0.0,0.0,0.048584342346387976,0.0
groove_midi/drummer7_session3_106_hiphop_70_beat_4-4/track.npy,groove_midi,0.6590909090909091,0.5544187461386983,0.8294730106471352,0.6919458783929168,0.0,0.0,0.9829059829059829,0.9829059829059829,0.6222222222222223,0.5263537415085723,0.7972416110458017,0.661797676277187,0.0,0.0,0.9666666666666667,0.9666666666666667,129.0,0.0,0.0,0.09531017980432319,33.0,0.0,0.0,0.04652001563489233,0.0
groove_midi/drummer7_session3_119_rock_95_beat_4-4/track.npy,groove_midi,0.9795918367346939,0.887447573872356,0.887447573872356,0.887447573872356,0.96,0.96,0.96,0.96,0.923076923076923,0.8846620381921125,0.8846620381921125,0.8846620381921125,0.8571428571428571,0.8571428571428571,0.8571428571428571,0.8571428571428571,33.0,0.0,0.0,0.06453852113757264,9.0,0.0,0.0,0.029339046805400476,0.0
groove_midi/drummer7_session3_159_soul_98_beat_4-4/track.npy,groove_midi,1.0,0.8695302568359929,0.8695302568359929,0.8695302568359929,1.0,1.0,1.0,1.0,1.0,0.8725681156947512,0.8725681156947512,0.8725681156947512,1.0,1.0,1.0,1.0,48.0,0.0,0.0,0.06453852113757189,12.0,0.0,0.0,0.029146078218311736,0.0
groove_midi/drummer7_session3_38_hiphop_67_beat_4-4/track.npy,groove_midi,0.9919999999999999,0.8842837845222118,0.8842837845222118,0.8842837845222118,0.9841269841269841,0.9841269841269841,0.9841269841269841,0.9841269841269841,0.967741935483871,0.905531350172642,0.905531350172642,0.905531350172642,0.9375,0.9375,0.9375,0.9375,68.0,0.0,0.0,0.06744128079553316,17.0,0.0,0.0,0.011173300598125291,0.0
groove_midi/drummer7_session3_92_hiphop_70_beat_4-4/track.npy,groove_midi,0.7555555555555555,0.6584706636217768,0.7279392718142065,0.6932049677179917,0.2874493927125506,0.2874493927125506,0.4793650793650794,0.5333333333333333,0.7722772277227723,0.6557413247606906,0.7283596571918254,0.6920504909762579,0.2903225806451613,0.2903225806451613,0.5454545454545454,0.5454545454545454,251.0,0.0,0.0,0.09531017980430556,63.0,0.0,0.0,0.04598511324183063,0.0
groove_midi/drummer8_eval_session_2_funk-groove2_105_beat_4-4/track.npy,groove_midi,0.9909909909909909,0.9102943895494559,0.9102943895494559,0.9102943895494559,0.9821428571428571,0.9821428571428571,0.9821428571428571,0.9821428571428571,0.962962962962963,0.8986776299177364,0.8986776299177364,0.8986776299177364,0.9285714285714286,0.9285714285714286,0.9285714285714286,0.9285714285714286,65.0,0.0,0.0,0.035091319811275556,17.0,0.0,0.0,0.017544309650907586,0.0
groove_midi/drummer8_eval_session_3_soul-groove3_86_beat_4-4/track.npy,groove_midi,1.0,0.9364321991212586,0.9364321991212586,0.9364321991212586,1.0,1.0,1.0,1.0,1.0,0.9627009713077299,0.9627009713077299,0.9627009713077299,1.0,1.0,1.0,1.0,64.0,0.0,0.0,0.08688867754154456,16.0,0.0,0.0,0.016879851171202928,0.0
groove_midi/drummer8_session1_13_latin_118_beat_4-4/track.npy,groove_midi,0.9770114942528735,0.8800037683506048,0.8800037683506048,0.8800037683506048,0.9694656488549618,0.9694656488549618,0.9694656488549618,0.9694656488549618,0.9538461538461539,0.8578876734281531,0.8578876734281531,0.8578876734281531,0.9846153846153847,0.9846153846153847,0.9846153846153847,0.9846153846153847,270.0,0.0,0.0,0.08004270767352051,68.0,0.0,0.0,0.04963889442099273,0.0
groove_midi/drummer8_session1_1_funk_95_beat_4-4/track.npy,groove_midi,1.0,0.9242175246936384,0.9242175246936384,0.9242175246936384,1.0,1.0,1.0,1.0,1.0,0.9244447745933105,0.9244447745933105,0.9244447745933105,1.0,1.0,1.0,1.0,416.0,0.0,0.0,0.06252035698135144,104.0,0.0,0.0,0.023716526617316935,0.0
groove_midi/drummer8_session1_23_hiphop_70_beat_4-4/track.npy,groove_midi,0.9931350114416475,0.8929806425374514,0.8929806425374514,0.8929806425374514,0.9954337899543378,0.9954337899543378,0.9954337899543378,0.9954337899543378,0.9908256880733944,0.8802857702154602,0.8802857702154602,0.8802857702154602,0.9818181818181818,0.9818181818181818,0.9818181818181818,0.9818181818181818,225.0,0.0,0.0,0.06899287148694581,57.0,0.0,0.0,0.023203556067009166,0.0
groove_midi/drummer8_session1_24_funk-latin_100_beat_4-4/track.npy,groove_midi,0.9968051118210862,0.9061621104401404,0.9061621104401404,0.9061621104401404,0.9936305732484076,0.9936305732484076,0.9936305732484076,0.9936305732484076,1.0,0.9167110596624397,0.9167110596624397,0.9167110596624397,1.0,1.0,1.0,1.0,323.0,0.0,0.0,0.06669137449868245,81.0,0.0,0.0,0.033088418061563006,0.0
groove_midi/drummer8_session1_2_funk_95_beat_4-4/track.npy,groove_midi,1.0,0.8899918914132934,0.8899918914132934,0.8899918914132934,1.0,1.0,1.0,1.0,1.0,0.899112650838763,0.899112650838763,0.899112650838763,1.0,1.0,1.0,1.0,256.0,0.0,0.0,0.0632267144360331,64.0,0.0,0.0,0.023716526617316935,0.0
groove_midi/drummer9_session1_18_rock_120_beat_4-4/track.npy,groove_midi,0.6666666666666666,0.550811312733296,0.550811312733296,0.550811312733296,0.37142857142857144,0.6571428571428571,0.37142857142857144,0.6571428571428571,0.6666666666666666,0.5710550489801227,0.5710550489801227,0.5710550489801227,1.0,1.0,1.0,1.0,44.0,0.0,0.0,0.09097177820573246,11.0,0.0,0.0,0.12978343568038364,0.0
groove_midi/drummer9_session1_19_rock_120_beat_4-4/track.npy,groove_midi,0.9770992366412214,0.8777347143137707,0.8777347143137707,0.8777347143137707,0.9848484848484849,0.9848484848484849,0.9848484848484849,0.9848484848484849,1.0,0.9118726769384454,0.9118726769384454,0.9118726769384454,1.0,1.0,1.0,1.0,75.0,0.0,0.0,0.08004270767353543,18.0,0.0,0.0,0.03249210694672963,0.0
groove_midi/drummer9_session1_1_rock_100_beat_4-4/track.npy,groove_midi,0.9305555555555556,0.833270984630762,0.833270984630762,0.833270984630762,0.5,0.9027777777777778,0.5,0.9027777777777778,0.5,0.436368893205368,0.5552902681085391,0.49582958065695354,0.5,0.5,0.5,0.5,81.0,0.0,0.0,0.09097177820573288,21.0,0.0,0.0,0.23592345637883017,0.0
guitarset/00_BN1-147-Gb_comp_mix/track.npy,guitarset,0.9859154929577464,0.8487180907387325,0.8487180907387325,0.8487180907387325,0.9722222222222222,0.9722222222222222,0.9722222222222222,0.9722222222222222,0.9411764705882353,0.8164849736643057,0.8164849736643057,0.8164849736643057,0.8888888888888888,0.8888888888888888,0.8888888888888888,0.8888888888888888,49.0,0.0,0.0,0.10008345855698275,13.0,0.0,0.0,0.043332075063404474,0.0
guitarset/00_Rock1-90-C#_comp_mix/track.npy,guitarset,0.8395061728395061,0.7040835322007567,0.7040835322007567,0.7040835322007567,0.8536585365853658,0.8536585365853658,0.8536585365853658,0.8536585365853658,0.8571428571428572,0.7233402890261079,0.7233402890261079,0.7233402890261079,0.9090909090909091,0.9090909090909091,0.9090909090909091,0.9090909090909091,49.0,0.0,0.0,0.08961215868968704,13.0,0.0,0.0,0.05781255713485467,0.0
guitarset/00_SS3-84-Bb_comp_mix/track.npy,guitarset,0.9298245614035088,0.6369929933843845,0.6369929933843845,0.6369929933843845,1.0,1.0,1.0,1.0,0.9285714285714286,0.7106266152102115,0.7106266152102115,0.7106266152102115,1.0,1.0,1.0,1.0,64.0,0.0,0.0,0.11441035117774434,16.0,0.0,0.0,0.035091319811269686,0.0
guitarset/01_Jazz1-200-B_comp_mix/track.npy,guitarset,0.6382978723404255,0.633297740536879,0.9601610904893291,0.7967294155131041,0.0,0.0,0.9375,0.9375,0.5454545454545454,0.5240903459244728,0.8235705435956,0.6738304447600364,0.0,0.0,0.75,0.75,25.0,0.0,0.0,0.0339015516756813,7.0,0.0,0.0,0.02341814740190342,0.0
guitarset/01_Jazz2-187-F#_comp_mix/track.npy,guitarset,0.6575342465753424,0.626950889810412,0.9340288766558481,0.7804898832331301,0.0,0.0,0.96,0.96,0.631578947368421,0.6226658070457561,0.9100500256822589,0.7663579163640075,0.0,0.0,0.8571428571428571,0.8571428571428571,33.0,0.0,0.0,0.07891526839282903,9.0,0.0,0.0,0.013272364664773346,0.0
guitarset/01_Rock1-130-A_comp_mix/track.npy,guitarset,0.9866666666666666,0.9191093709192899,0.9191093709192899,0.9191093709192899,0.9736842105263158,0.9736842105263158,0.9736842105263158,0.9736842105263158,0.9473684210526316,0.9280524073084536,0.9280524073084536,0.9280524073084536,0.9,0.9,0.9,0.9,49.0,0.0,0.0,0.0870113769896311,13.0,0.0,0.0,0.027446096976653844,0.0
guitarset/02_BN3-154-E_comp_mix/track.npy,guitarset,0.9902912621359222,0.8233156230358958,0.8233156230358958,0.8233156230358958,0.9807692307692307,0.9807692307692307,0.9807692307692307,0.9807692307692307,0.9600000000000001,0.765260585845877,0.765260585845877,0.765260585845877,0.9230769230769231,0.9230769230769231,0.9230769230769231,0.9230769230769231,65.0,0.0,0.0,0.10023118621907003,17.0,0.0,0.0,0.029797194136490242,0.0
guitarset/02_Funk2-108-Eb_comp_mix/track.npy,guitarset,1.0,0.8860599995245454,0.8860599995245454,0.8860599995245454,1.0,1.0,1.0,1.0,1.0,0.8754858574150514,0.8754858574150514,0.8754858574150514,1.0,1.0,1.0,1.0,64.0,0.0,0.0,0.07145896398214968,16.0,0.0,0.0,0.027150989065951814,0.0
guitarset/02_Funk2-119-G_comp_mix/track.npy,guitarset,0.8363636363636364,0.7218449577480773,0.7218449577480773,0.7218449577480773,0.8035714285714286,0.8035714285714286,0.8035714285714286,0.8035714285714286,0.8148148148148148,0.6700529873815791,0.6700529873815791,0.6700529873815791,0.8571428571428571,0.8571428571428571,0.8571428571428571,0.8571428571428571,66.0,0.0,0.0,0.10156284446018811,17.0,0.0,0.0,0.1928631743225948,0.0
guitarset/02_Funk3-98-A_comp_mix/track.npy,guitarset,1.0,0.8824417685850204,0.8824417685850204,0.8824417685850204,1.0,1.0,1.0,1.0,1.0,0.9107086151060921,0.9107086151060921,0.9107086151060921,1.0,1.0,1.0,1.0,64.0,0.0,0.0,0.06669137449868216,16.0,0.0,0.0,0.02730228010233761,0.0
guitarset/02_Jazz3-150-C_comp_mix/track.npy,guitarset,0.9902912621359222,0.7935504541502041,0.7935504541502041,0.7935504541502041,0.9807692307692307,0.9807692307692307,0.9807692307692307,0.9807692307692307,0.9600000000000001,0.7368105293324383,0.7368105293324383,0.7368105293324383,0.9230769230769231,0.9230769230769231,0.9230769230769231,0.9230769230769231,65.0,0.0,0.0,0.10008345855698075,17.0,0.0,0.0,0.025001302205417075,0.0
guitarset/02_Rock2-142-D_comp_mix/track.npy,guitarset,0.9807692307692307,0.6729639184431739,0.6729639184431739,0.6729639184431739,0.7115384615384616,0.9807692307692307,0.7115384615384616,0.9807692307692307,1.0,0.7483731446356203,0.7483731446356203,0.7483731446356203,1.0,1.0,1.0,1.0,64.0,0.0,0.0,0.09531017980432499,16.0,0.0,0.0,0.027722164276544354,0.0
guitarset/03_Funk1-114-Ab_comp_mix/track.npy,guitarset,0.9473684210526315,0.8731490773541948,0.8731490773541948,0.8731490773541948,0.9473684210526315,0.9473684210526315,0.9473684210526315,0.9473684210526315,1.0,0.9687921573311693,0.9687921573311693,0.9687921573311693,1.0,1.0,1.0,1.0,48.0,0.0,0.0,0.10113972925777454,12.0,0.0,0.0,0.024131682363266013,0.0
guitarset/03_Funk2-108-Eb_comp_mix/track.npy,guitarset,0.9908256880733944,0.9365323188399285,0.9365323188399285,0.9365323188399285,0.9818181818181818,0.9818181818181818,0.9818181818181818,0.9818181818181818,1.0,0.947592412657574,0.947592412657574,0.947592412657574,1.0,1.0,1.0,1.0,64.0,0.0,0.0,0.07145896398214668,16.0,0.0,0.0,0.03026212066198686,0.0
guitarset/03_Funk2-119-G_comp_mix/track.npy,guitarset,0.9629629629629629,0.8287905289150094,0.8287905289150094,0.8287905289150094,0.5370370370370371,0.9814814814814815,0.5370370370370371,0.9814814814814815,0.9230769230769231,0.8171303534185502,0.8171303534185502,0.8171303534185502,1.0,1.0,1.0,1.0,64.0,0.0,0.0,0.0832146638757742,16.0,0.0,0.0,0.07451058291460623,0.0
guitarset/03_Funk3-112-C#_comp_mix/track.npy,guitarset,0.9541284403669724,0.8530799630138378,0.8530799630138378,0.8530799630138378,0.9818181818181818,0.9818181818181818,0.9818181818181818,0.9818181818181818,0.962962962962963,0.8557384108008272,0.8557384108008272,0.8557384108008272,0.9285714285714286,0.9285714285714286,0.9285714285714286,0.9285714285714286,65.0,0.0,0.0,0.07410797215372646,17.0,0.0,0.0,0.050167235426060955,0.0
guitarset/03_Rock1-130-A_comp_mix/track.npy,guitarset,0.9866666666666666,0.9221787207215829,0.9221787207215829,0.9221787207215829,0.9736842105263158,0.9736842105263158,0.9736842105263158,0.9736842105263158,0.9473684210526316,0.8877436398462941,0.8877436398462941,0.8877436398462941,0.9,0.9,0.9,0.9,49.0,0.0,0.0,0.08701137698962659,13.0,0.0,0.0,0.03273200932925768,0.0
guitarset/03_Rock3-117-Bb_comp_mix/track.npy,guitarset,0.9908256880733944,0.8732096374522763,0.8732096374522763,0.8732096374522763,0.9818181818181818,0.9818181818181818,0.9818181818181818,0.9818181818181818,0.962962962962963,0.8863141728953452,0.8863141728953452,0.8863141728953452,0.9285714285714286,0.9285714285714286,0.9285714285714286,0.9285714285714286,65.0,0.0,0.0,0.07696104113612845,17.0,0.0,0.0,0.032255481556063295,0.0
guitarset/03_SS1-100-C#_comp_mix/track.npy,guitarset,0.9873417721518987,0.9486698666734085,0.9486698666734085,0.9486698666734085,0.975,0.975,0.975,0.975,0.9473684210526316,0.9102621797635558,0.9102621797635558,0.9102621797635558,0.9,0.9,0.9,0.9,49.0,0.0,0.0,0.06669137449867195,13.0,0.0,0.0,0.012517651077864622,0.0
guitarset/03_SS3-84-Bb_comp_mix/track.npy,guitarset,0.9298245614035088,0.7070405057857465,0.7070405057857465,0.7070405057857465,0.9824561403508771,0.9824561403508771,0.9824561403508771,0.9824561403508771,0.8571428571428571,0.6825779665013149,0.6825779665013149,0.6825779665013149,1.0,1.0,1.0,1.0,64.0,0.0,0.0,0.08444142353850298,16.0,0.0,0.0,0.060186500603907005,0.0
guitarset/04_BN1-147-Gb_comp_mix/track.npy,guitarset,0.9859154929577464,0.8629085680925207,0.8629085680925207,0.8629085680925207,0.9722222222222222,0.9722222222222222,0.9722222222222222,0.9722222222222222,0.9411764705882353,0.8462498292225665,0.8462498292225665,0.8462498292225665,0.8888888888888888,0.8888888888888888,0.8888888888888888,0.8888888888888888,48.0,0.0,0.0,0.10008345855698811,12.0,0.0,0.0,0.0487901641694313,0.0
guitarset/04_Funk2-119-G_comp_mix/track.npy,guitarset,0.9908256880733944,0.8758778120457223,0.8758778120457223,0.8758778120457223,0.9818181818181818,0.9818181818181818,0.9818181818181818,0.9818181818181818,0.962962962962963,0.8358017909736873,0.8358017909736873,0.8358017909736873,0.9285714285714286,0.9285714285714286,0.9285714285714286,0.9285714285714286,65.0,0.0,0.0,0.08004270767353472,17.0,0.0,0.0,0.019802627296180986,0.0
guitarset/05_BN2-166-Ab_comp_mix/track.npy,guitarset,0.99009900990099,0.9111302720647307,0.9111302720647307,0.9111302720647307,0.9803921568627451,0.9803921568627451,0.9803921568627451,0.9803921568627451,0.9600000000000001,0.8719786434676545,0.8719786434676545,0.8719786434676545,0.9230769230769231,0.9230769230769231,0.9230769230769231,0.9230769230769231,65.0,0.0,0.0,0.11122563511022432,17.0,0.0,0.0,0.02777956410707554,0.0
guitarset/05_BN3-154-E_comp_mix/track.npy,guitarset,0.9902912621359222,0.8938074517624097,0.8938074517624097,0.8938074517624097,0.9807692307692307,0.9807692307692307,0.9807692307692307,0.9807692307692307,0.9600000000000001,0.8824412724416448,0.8824412724416448,0.8824412724416448,0.9230769230769231,0.9230769230769231,0.9230769230769231,0.9230769230769231,65.0,0.0,0.0,0.10536051565781875,17.0,0.0,0.0,0.04214283729040267,0.0
guitarset/05_Funk3-98-A_comp_mix/track.npy,guitarset,0.8571428571428571,0.723335063261754,0.723335063261754,0.723335063261754,0.6842105263157895,0.8947368421052632,0.6842105263157895,0.8947368421052632,0.6428571428571429,0.5196850046725666,0.5196850046725666,0.5196850046725666,0.7333333333333333,0.7333333333333333,0.7333333333333333,0.7333333333333333,65.0,0.0,0.0,0.09003527526661045,17.0,0.0,0.0,0.07403408708956236,0.0
guitarset/05_Jazz2-187-F#_comp_mix/track.npy,guitarset,0.9375,0.784309912462971,0.784309912462971,0.784309912462971,0.8958333333333334,0.8958333333333334,0.8958333333333334,0.8958333333333334,1.0,0.8193883086298815,0.8193883086298815,0.8193883086298815,1.0,1.0,1.0,1.0,63.0,0.0,0.0,0.0606246218164348,15.0,0.0,0.0,0.021611175388281494,0.0
guitarset/05_Rock3-117-Bb_comp_mix/track.npy,guitarset,0.9908256880733944,0.946590246304968,0.946590246304968,0.946590246304968,0.9818181818181818,0.9818181818181818,0.9818181818181818,0.9818181818181818,0.962962962962963,0.9296832623013512,0.9296832623013512,0.9296832623013512,0.9285714285714286,0.9285714285714286,0.9285714285714286,0.9285714285714286,65.0,0.0,0.0,0.07973454101979457,17.0,0.0,0.0,0.02237377479000403,0.0
hainsworth/hainsworth_007/track.npy,hainsworth,0.1780821917808219,0.1704689224228979,0.20875167877006032,0.1896103005964791,0.011494252873563218,0.034482758620689655,0.02564102564102564,0.034482758620689655,0.1395348837209302,0.13912315947579842,0.14696189182353495,0.14304252564966669,0.0,0.0,0.10344827586206896,0.27586206896551724,95.0,0.0,0.0,0.06899287148696243,32.0,0.0,0.0,0.11804288302960575,0.0
hainsworth/hainsworth_019/track.npy,hainsworth,1.0,0.9462585698240162,0.9462585698240162,0.9462585698240162,1.0,1.0,1.0,1.0,1.0,0.942651225304101,0.942651225304101,0.942651225304101,1.0,1.0,1.0,1.0,64.0,0.0,0.0,0.0555698511548145,16.0,0.0,0.0,0.009456606919281671,0.0
hainsworth/hainsworth_020/track.npy,hainsworth,1.0,0.938917141709996,0.938917141709996,0.938917141709996,1.0,1.0,1.0,1.0,1.0,0.9199858338597038,0.9199858338597038,0.9199858338597038,1.0,1.0,1.0,1.0,114.0,0.0,0.0,0.07410797215371856,29.0,0.0,0.0,0.009216655104923754,0.0
hainsworth/hainsworth_035/track.npy,hainsworth,0.40909090909090917,0.31844570080317464,0.31844570080317464,0.31844570080317464,0.12745098039215685,0.12745098039215685,0.12745098039215685,0.12745098039215685,0.1568627450980392,0.08955071155977978,0.10276876429148617,0.09615973792563298,0.2692307692307692,0.46153846153846156,0.2692307692307692,0.46153846153846156,79.0,0.0,0.0,0.13353139262452643,27.0,0.0,0.0,0.13503629483028254,0.0
hainsworth/hainsworth_042/track.npy,hainsworth,0.99581589958159,0.9300216896612077,0.9300216896612077,0.9300216896612077,0.9916666666666667,0.9916666666666667,0.9916666666666667,0.9916666666666667,1.0,0.9434361019338379,0.9434361019338379,0.9434361019338379,1.0,1.0,1.0,1.0,133.0,0.0,0.0,0.09531017980432288,33.0,0.0,0.0,0.03023259787496596,0.0
hainsworth/hainsworth_054/track.npy,hainsworth,0.9633507853403142,0.8689598467091576,0.8689598467091576,0.8689598467091576,0.9583333333333334,0.9583333333333334,0.9583333333333334,0.9583333333333334,0.9583333333333334,0.8627780355013881,0.8627780355013881,0.8627780355013881,1.0,1.0,1.0,1.0,107.0,0.0,0.0,0.08004270767354713,26.0,0.0,0.0,0.03776002608689735,0.0
hainsworth/hainsworth_057/track.npy,hainsworth,0.8622754491017964,0.7316607294153786,0.7316607294153786,0.7316607294153786,0.35294117647058826,0.8470588235294118,0.35294117647058826,0.8470588235294118,0.8780487804878048,0.7459077242689305,0.7459077242689305,0.7459077242689305,0.6190476190476191,0.9047619047619048,0.6190476190476191,0.9047619047619048,92.0,0.0,0.0,0.117783035656383,23.0,0.0,0.0,0.15656906069154064,0.0
hainsworth/hainsworth_059/track.npy,hainsworth,1.0,0.9566410068990239,0.9566410068990239,0.9566410068990239,1.0,1.0,1.0,1.0,1.0,0.95245987756603,0.95245987756603,0.95245987756603,1.0,1.0,1.0,1.0,107.0,0.0,0.0,0.06899287148694995,36.0,0.0,0.0,0.034827574626070945,0.0
hainsworth/hainsworth_079/track.npy,hainsworth,1.0,0.9286335847637687,0.9286335847637687,0.9286335847637687,1.0,1.0,1.0,1.0,1.0,0.9391530870382756,0.9391530870382756,0.9391530870382756,1.0,1.0,1.0,1.0,130.0,0.0,0.0,0.10008345855698772,32.0,0.0,0.0,0.04550337396929373,0.0
hainsworth/hainsworth_092/track.npy,hainsworth,1.0,0.9538521384084344,0.9538521384084344,0.9538521384084344,1.0,1.0,1.0,1.0,1.0,0.9585954958291725,0.9585954958291725,0.9585954958291725,1.0,1.0,1.0,1.0,138.0,0.0,0.0,0.10008345855698919,35.0,0.0,0.0,0.025447657035909777,0.0
hainsworth/hainsworth_103/track.npy,hainsworth,0.5643564356435643,0.4592053855677807,0.6998095820977775,0.5795074838327792,0.0,0.0,0.562962962962963,0.8296296296296296,0.5599999999999999,0.47519409723905254,0.6909596519245887,0.5830768745818207,0.0,0.0,1.0,1.0,149.0,0.0,0.0,0.11122563511024208,37.0,0.0,0.0,0.06741355095984493,0.0
hainsworth/hainsworth_111/track.npy,hainsworth,0.38461538461538464,0.2853880717519726,0.3437106482790182,0.3145493600154954,0.0,0.0,0.005405405405405406,0.010810810810810811,0.5714285714285714,0.4507344648924311,0.6700301331962771,0.5603822990443541,0.0,0.0,0.9574468085106383,0.9574468085106383,155.0,0.0,0.0,0.11122563511024208,52.0,0.0,0.0,0.05406722127027783,0.0
hainsworth/hainsworth_120/track.npy,hainsworth,0.5021645021645021,0.3961437893231216,0.3961437893231216,0.3961437893231216,0.0,0.0,0.0,0.0,0.49122807017543857,0.3684436756678632,0.3684436756678632,0.3684436756678632,0.0,0.0,0.0,0.0,65.0,0.0,0.0,0.11778303565638104,16.0,0.0,0.0,0.017451066697861818,0.0
hainsworth/hainsworth_128/track.npy,hainsworth,0.20895522388059698,0.1381338848943856,0.2234009644375477,0.18076742466596665,0.0547945205479452,0.136986301369863,0.1506849315068493,0.1780821917808219,0.15,0.09731053220523188,0.13540904667648998,0.11635978944086092,0.0,0.0,0.25806451612903225,0.25806451612903225,80.0,0.0,0.0,0.12136085700427013,27.0,0.0,0.0,0.10694128706043993,0.0
hainsworth/hainsworth_147/track.npy,hainsworth,1.0,0.9379548112941929,0.9379548112941929,0.9379548112941929,1.0,1.0,1.0,1.0,1.0,0.9600904389043081,0.9600904389043081,0.9600904389043081,1.0,1.0,1.0,1.0,67.0,0.0,0.0,0.056574250149671726,17.0,0.0,0.0,0.007968169649178635,0.0
hainsworth/hainsworth_150/track.npy,hainsworth,0.7692307692307693,0.6799449208320478,0.6799449208320478,0.6799449208320478,0.4098360655737705,0.7213114754098361,0.4098360655737705,0.7213114754098361,0.4137931034482759,0.37662406420342054,0.41587084248670525,0.3962474533450629,0.3333333333333333,0.3333333333333333,0.3333333333333333,0.3333333333333333,67.0,0.0,0.0,0.11122563511022682,17.0,0.0,0.0,0.2011774825466368,0.0
hainsworth/hainsworth_158/track.npy,hainsworth,1.0,0.7402525995033701,0.7402525995033701,0.7402525995033701,1.0,1.0,1.0,1.0,0.0,1.6705947716625653e-86,0.6800677591864461,0.34003387959322307,0.0,0.0,0.9583333333333334,0.9583333333333334,107.0,0.0,0.0,0.04879016416943971,27.0,0.0,0.0,0.058496206681609264,0.0
hainsworth/hainsworth_161/track.npy,hainsworth,1.0,0.9294832124513933,0.9294832124513933,0.9294832124513933,1.0,1.0,1.0,1.0,1.0,0.9275488170166273,0.9275488170166273,0.9275488170166273,1.0,1.0,1.0,1.0,76.0,0.0,0.0,0.06252035698134194,19.0,0.0,0.0,0.01574835696813841,0.0
hainsworth/hainsworth_162/track.npy,hainsworth,1.0,0.9296720634991762,0.9296720634991762,0.9296720634991762,1.0,1.0,1.0,1.0,1.0,0.9020996543948376,0.9020996543948376,0.9020996543948376,1.0,1.0,1.0,1.0,85.0,0.0,0.0,0.05699955757143466,21.0,0.0,0.0,0.014692958697051058,0.0
hainsworth/hainsworth_172/track.npy,hainsworth,1.0,0.9407005783386205,0.9407005783386205,0.9407005783386205,1.0,1.0,1.0,1.0,1.0,0.8940647698987131,0.8940647698987131,0.8940647698987131,1.0,1.0,1.0,1.0,114.0,0.0,0.0,0.08338160893905086,29.0,0.0,0.0,0.010471299867297001,0.0
hainsworth/hainsworth_173/track.npy,hainsworth,1.0,0.93211547228454,0.93211547228454,0.93211547228454,1.0,1.0,1.0,1.0,1.0,0.9092808810533454,0.9092808810533454,0.9092808810533454,1.0,1.0,1.0,1.0,107.0,0.0,0.0,0.07521721003499975,26.0,0.0,0.0,0.019080812177657676,0.0
hainsworth/hainsworth_175/track.npy,hainsworth,1.0,0.8708790810543366,0.8708790810543366,0.8708790810543366,1.0,1.0,1.0,1.0,1.0,0.8791513572400957,0.8791513572400957,0.8791513572400957,1.0,1.0,1.0,1.0,102.0,0.0,0.0,0.04255961441880263,25.0,0.0,0.0,0.010471299867297001,0.0
hainsworth/hainsworth_185/track.npy,hainsworth,1.0,0.9296608155693181,0.9296608155693181,0.9296608155693181,1.0,1.0,1.0,1.0,1.0,0.942240030929109,0.942240030929109,0.942240030929109,1.0,1.0,1.0,1.0,80.0,0.0,0.0,0.0666913744986588,20.0,0.0,0.0,0.008230499136516745,0.0
hainsworth/hainsworth_190/track.npy,hainsworth,0.6099290780141844,0.5446576304805794,0.5446576304805794,0.5446576304805794,0.2631578947368421,0.4473684210526316,0.2631578947368421,0.4473684210526316,0.5,0.43229341739468297,0.5069774940317805,0.46963545571323173,0.0,0.0,0.5,0.5,70.0,0.0,0.0,0.1457564161219941,24.0,0.0,0.0,0.2874411081299818,0.0
hainsworth/hainsworth_195/track.npy,hainsworth,1.0,0.9019638454762313,0.9019638454762313,0.9019638454762313,1.0,1.0,1.0,1.0,1.0,0.8972376304345439,0.8972376304345439,0.8972376304345439,1.0,1.0,1.0,1.0,80.0,0.0,0.0,0.08492548637229962,20.0,0.0,0.0,0.02615692677314324,0.0
hainsworth/hainsworth_197/track.npy,hainsworth,0.9826989619377162,0.89619837736955,0.89619837736955,0.89619837736955,0.5103448275862069,0.9517241379310345,0.5103448275862069,0.9517241379310345,0.9166666666666666,0.8542951993861901,0.8542951993861901,0.8542951993861901,0.9444444444444444,0.9444444444444444,0.9444444444444444,0.9444444444444444,160.0,0.0,0.0,0.06062462181644479,40.0,0.0,0.0,0.05863850593576174,0.0
hainsworth/hainsworth_200/track.npy,hainsworth,0.9726027397260274,0.8793719133045627,0.8793719133045627,0.8793719133045627,1.0,1.0,1.0,1.0,1.0,0.8659740840419999,0.8659740840419999,0.8659740840419999,1.0,1.0,1.0,1.0,82.0,0.0,0.0,0.06899287148695159,21.0,0.0,0.0,0.05396819968308811,0.0
hainsworth/hainsworth_201/track.npy,hainsworth,0.993006993006993,0.7649618065135627,0.7649618065135627,0.7649618065135627,0.9861111111111112,0.9861111111111112,0.9861111111111112,0.9861111111111112,1.0,0.8042543794689042,0.8042543794689042,0.8042543794689042,1.0,1.0,1.0,1.0,78.0,0.0,0.0,0.057158413839948075,26.0,0.0,0.0,0.08989149393468693,0.0
hainsworth/hainsworth_207/track.npy,hainsworth,0.5263157894736843,0.42279575825716464,0.6337895879389666,0.5282926730980656,0.0,0.0,0.7543859649122807,0.9122807017543859,0.5263157894736843,0.4085413221905222,0.6128119832857832,0.5106766527381528,0.0,0.0,1.0,1.0,65.0,0.0,0.0,0.1140918795709894,22.0,0.0,0.0,0.06277182144133898,0.0
hainsworth/hainsworth_228/track.npy,hainsworth,1.0,0.9524607333671722,0.9524607333671722,0.9524607333671722,1.0,1.0,1.0,1.0,1.0,0.9569761229462116,0.9569761229462116,0.9569761229462116,1.0,1.0,1.0,1.0,124.0,0.0,0.0,0.0689928714869621,31.0,0.0,0.0,0.026340903198503993,0.0
hainsworth/hainsworth_232/track.npy,hainsworth,1.0,0.9090337999011023,0.9090337999011023,0.9090337999011023,1.0,1.0,1.0,1.0,1.0,0.9395937595433531,0.9395937595433531,0.9395937595433531,1.0,1.0,1.0,1.0,119.0,0.0,0.0,0.08004270767353756,30.0,0.0,0.0,0.03035204822480177,0.0
hainsworth/hainsworth_243/track.npy,hainsworth,0.8288288288288288,0.7355302889667982,0.7355302889667982,0.7355302889667982,0.3524590163934426,0.5245901639344263,0.3524590163934426,0.5245901639344263,0.2181818181818182,0.19421079197689683,0.5578171581894295,0.37601397508316314,0.2,0.2,0.3793103448275862,0.3793103448275862,113.0,0.0,0.0,0.10893324710668517,28.0,0.0,0.0,0.2638545275007005,0.0
hainsworth/hainsworth_244/track.npy,hainsworth,1.0,0.8034226346451452,0.8034226346451452,0.8034226346451452,1.0,1.0,1.0,1.0,0.0,1.7954448816283637e-184,0.8450083616770478,0.4225041808385239,0.0,0.0,1.0,1.0,61.0,0.0,0.0,0.06453852113757023,15.0,0.0,0.0,0.024335575983585,0.0
harmonix/0015_babygotback/track.npy,harmonix,1.0,0.8028027174122869,0.8028027174122869,0.8028027174122869,1.0,1.0,1.0,1.0,1.0,0.7815358420048907,0.7815358420048907,0.7815358420048907,1.0,1.0,1.0,1.0,313.0,0.0,0.0,0.08519649296432297,79.0,0.0,0.0,0.021277398447285933,0.0
harmonix/0020_becauseofyou/track.npy,harmonix,0.9898403483309144,0.8884053070665239,0.8884053070665239,0.8884053070665239,0.9798850574712644,0.9798850574712644,0.9798850574712644,0.9798850574712644,0.9942196531791908,0.8729356365996311,0.8729356365996311,0.8729356365996311,0.9885057471264368,0.9885057471264368,0.9885057471264368,0.9885057471264368,353.0,0.0,0.0,0.07410797215371334,89.0,0.0,0.0,0.01834913866819866,0.0
harmonix/0038_bringmetolife/track.npy,harmonix,0.9655172413793103,0.8505713025775342,0.8505713025775342,0.8505713025775342,0.7079889807162535,0.9669421487603306,0.7079889807162535,0.9669421487603306,0.9726775956284153,0.8925963615403831,0.8925963615403831,0.8925963615403831,0.782608695652174,0.9782608695652174,0.782608695652174,0.9782608695652174,370.0,0.0,0.0,0.06743384886467083,93.0,0.0,0.0,0.03975687353438623,0.0
harmonix/0044_cameraeye/track.npy,harmonix,0.8903184303634608,0.8114616593362401,0.8114616593362401,0.8114616593362401,0.2937420178799489,0.8378033205619413,0.2937420178799489,0.8378033205619413,0.7556742323097464,0.7001633595858118,0.7001633595858118,0.7001633595858118,0.24352331606217617,0.7020725388601037,0.24352331606217617,0.7020725388601037,1547.0,0.0,0.0,0.11122563511028605,387.0,0.0,0.0,0.09065603021834116,0.0
harmonix/0063_daysgoby/track.npy,harmonix,0.9241071428571429,0.6615539915105769,0.6615539915105769,0.6615539915105769,0.8973214285714286,0.9330357142857143,0.8973214285714286,0.9330357142857143,0.9285714285714286,0.6529800999042468,0.6529800999042468,0.6529800999042468,1.0,1.0,1.0,1.0,234.0,0.0,0.0,0.08338160893904073,59.0,0.0,0.0,0.055425380740135435,0.0
harmonix/0078_donttouchme/track.npy,harmonix,1.0,0.8858176723357702,0.8858176723357702,0.8858176723357702,1.0,1.0,1.0,1.0,1.0,0.8721855682951871,0.8721855682951871,0.8721855682951871,1.0,1.0,1.0,1.0,402.0,0.0,0.0,0.07696104113612678,101.0,0.0,0.0,0.028437935320534624,0.0
harmonix/0086_escapade/track.npy,harmonix,0.9972041006523765,0.7766507374740123,0.7766507374740123,0.7766507374740123,0.9944237918215614,0.9944237918215614,0.9944237918215614,0.9944237918215614,1.0,0.7522183532682115,0.7522183532682115,0.7522183532682115,1.0,1.0,1.0,1.0,547.0,0.0,0.0,0.07696104113612845,137.0,0.0,0.0,0.019231361927884272,0.0
harmonix/0090_fearofthedarklive/track.npy,harmonix,0.9132149901380671,0.7878074090939583,0.7878074090939583,0.7878074090939583,0.6454976303317536,0.8360189573459715,0.6454976303317536,0.8360189573459715,0.8717948717948718,0.7266005939968593,0.7266005939968593,0.7266005939968593,0.6515151515151515,0.8484848484848485,0.6515151515151515,0.8484848484848485,1061.0,0.0,0.0,0.11122563511011885,266.0,0.0,0.0,0.06365180473575517,0.0
harmonix/0092_fergalicious/track.npy,harmonix,0.9846153846153847,0.9016928040021525,0.9016928040021525,0.9016928040021525,0.8996763754045307,0.982200647249191,0.8996763754045307,0.982200647249191,0.9838187702265372,0.8738452328038214,0.8738452328038214,0.8738452328038214,0.9935483870967742,0.9935483870967742,0.9935483870967742,0.9935483870967742,629.0,0.0,0.0,0.08338160893908163,158.0,0.0,0.0,0.021506205220968966,0.0
harmonix/0099_forgetyou/track.npy,harmonix,0.8580786026200873,0.7304211192237433,0.7304211192237433,0.7304211192237433,0.8456521739130435,0.8543478260869565,0.8456521739130435,0.8543478260869565,0.8646288209606986,0.720605142695031,0.720605142695031,0.720605142695031,0.991304347826087,0.991304347826087,0.991304347826087,0.991304347826087,470.0,0.0,0.0,0.04445176257081813,118.0,0.0,0.0,0.0427909887990309,0.0
harmonix/0101_galang/track.npy,harmonix,1.0,0.7615716580663147,0.7615716580663147,0.7615716580663147,1.0,1.0,1.0,1.0,1.0,0.7397804786423077,0.7397804786423077,0.7397804786423077,1.0,1.0,1.0,1.0,227.0,0.0,0.0,0.033901551675698416,57.0,0.0,0.0,0.008438868645866782,0.0
harmonix/0104_getbusy/track.npy,harmonix,0.9941747572815534,0.7022919863466637,0.7022919863466637,0.7022919863466637,0.9961240310077519,0.9961240310077519,0.9961240310077519,0.9961240310077519,0.9922480620155039,0.7121775299766343,0.7121775299766343,0.7121775299766343,0.9846153846153847,0.9846153846153847,0.9846153846153847,0.9846153846153847,267.0,0.0,0.0,0.06669137449868245,67.0,0.0,0.0,0.01500729192227379,0.0
harmonix/0108_getup/track.npy,harmonix,0.975914362176628,0.8866350677888093,0.8866350677888093,0.8866350677888093,0.9610619469026549,0.9628318584070796,0.9610619469026549,0.9628318584070796,0.9750889679715302,0.8548457248153358,0.8548457248153358,0.8548457248153358,0.9507042253521126,0.9507042253521126,0.9507042253521126,0.9507042253521126,577.0,0.0,0.0,0.07410797215372006,145.0,0.0,0.0,0.03325129392692477,0.0
harmonix/0113_giveituptome/track.npy,harmonix,0.9957446808510638,0.6969353376582884,0.6969353376582884,0.6969353376582884,1.0,1.0,1.0,1.0,1.0,0.6894676360880925,0.6894676360880925,0.6894676360880925,1.0,1.0,1.0,1.0,243.0,0.0,0.0,0.06453852113758152,61.0,0.0,0.0,0.016790859297149595,0.0
harmonix/0125_hellogoodmorning/track.npy,harmonix,0.996415770609319,0.7150331649635568,0.7150331649635568,0.7150331649635568,1.0,1.0,1.0,1.0,0.9855072463768116,0.7732872291063023,0.7732872291063023,0.7732872291063023,1.0,1.0,1.0,1.0,288.0,0.0,0.0,0.06899287148697958,72.0,0.0,0.0,0.017391742711870477,0.0
harmonix/0129_hotinherre/track.npy,harmonix,0.9723320158102767,0.8631702586360133,0.8631702586360133,0.8631702586360133,0.9604743083003953,0.9723320158102767,0.9604743083003953,0.9723320158102767,0.953125,0.8305240253523731,0.8305240253523731,0.8305240253523731,0.953125,0.96875,0.953125,0.96875,261.0,0.0,0.0,0.07145896398215679,66.0,0.0,0.0,0.0217805700842525,0.0
harmonix/0130_hotstuff/track.npy,harmonix,1.0,0.7690259660131943,0.7690259660131943,0.7690259660131943,1.0,1.0,1.0,1.0,1.0,0.7286355465706568,0.7286355465706568,0.7286355465706568,1.0,1.0,1.0,1.0,282.0,0.0,0.0,0.08004270767352051,71.0,0.0,0.0,0.02000066670666769,0.0
harmonix/0137_iknowyouwantme/track.npy,harmonix,1.0,0.7309427933217527,0.7309427933217527,0.7309427933217527,1.0,1.0,1.0,1.0,1.0,0.7027457310785868,0.7027457310785868,0.7027457310785868,1.0,1.0,1.0,1.0,281.0,0.0,0.0,0.042559614418820925,71.0,0.0,0.0,0.010582109330542266,0.0
harmonix/0164_low/track.npy,harmonix,0.974436090225564,0.6675222957975899,0.6675222957975899,0.6675222957975899,0.948948948948949,0.975975975975976,0.948948948948949,0.975975975975976,0.970059880239521,0.5963342820499049,0.5963342820499049,0.5963342820499049,0.9880952380952381,0.9880952380952381,0.9880952380952381,0.9880952380952381,343.0,0.0,0.0,0.04445176257083283,86.0,0.0,0.0,0.021277398447288154,0.0
harmonix/0167_makesomenoise/track.npy,harmonix,0.9790419161676647,0.928282848418096,0.928282848418096,0.928282848418096,0.9732142857142857,0.9761904761904762,0.9732142857142857,0.9761904761904762,0.9820359281437125,0.9405038363914507,0.9405038363914507,0.9405038363914507,0.9880952380952381,0.9880952380952381,0.9880952380952381,0.9880952380952381,344.0,0.0,0.0,0.06669137449865803,86.0,0.0,0.0,0.024374845999648443,0.0
harmonix/0173_massiveattack/track.npy,harmonix,0.14659685863874347,0.11313674881050678,0.6790469163560948,0.39609183258330083,0.0,0.0,0.4585365853658537,0.6682926829268293,0.14583333333333334,0.11085930278195276,0.14124949645960647,0.1260543996207796,0.0,0.0,0.47058823529411764,0.6862745098039216,210.0,0.0,0.0,0.11778303565635895,53.0,0.0,0.0,0.17887889053878286,0.0
harmonix/0177_milkshake/track.npy,harmonix,1.0,0.827453963266529,0.827453963266529,0.827453963266529,1.0,1.0,1.0,1.0,1.0,0.8020913771527057,0.8020913771527057,0.8020913771527057,1.0,1.0,1.0,1.0,261.0,0.0,0.0,0.07410797215372356,65.0,0.0,0.0,0.01886848430438547,0.0
harmonix/0190_newfang/track.npy,harmonix,0.8158640226628895,0.5876121288307296,0.5876121288307296,0.5876121288307296,0.34560906515580736,0.8101983002832861,0.34560906515580736,0.8101983002832861,0.6741573033707865,0.4704498132620665,0.4704498132620665,0.4704498132620665,0.7415730337078652,0.797752808988764,0.7415730337078652,0.797752808988764,361.0,0.0,0.0,0.09237332013101784,91.0,0.0,0.0,0.07860798593791248,0.0
harmonix/0200_oceansize/track.npy,harmonix,0.9609375,0.8630127937260937,0.8630127937260937,0.8630127937260937,0.9453125,0.9453125,0.9453125,0.9453125,0.9375,0.8603108790503149,0.8603108790503149,0.8603108790503149,0.9479166666666666,0.9479166666666666,0.9479166666666666,0.9479166666666666,393.0,0.0,0.0,0.08339774313251047,99.0,0.0,0.0,0.07699121729851038,0.0
harmonix/0201_oh/track.npy,harmonix,0.653179190751445,0.43968302630631695,0.43968302630631695,0.43968302630631695,0.0838150289017341,0.7312138728323699,0.0838150289017341,0.7312138728323699,0.6666666666666666,0.43274799976965195,0.43274799976965195,0.43274799976965195,1.0,1.0,1.0,1.0,358.0,0.0,0.0,0.09531017980434109,90.0,0.0,0.0,0.04820210181787679,0.0
harmonix/0223_reallove/track.npy,harmonix,1.0,0.6558759302541404,0.6558759302541404,0.6558759302541404,1.0,1.0,1.0,1.0,0.0,4.606071667179218e-201,0.6423105276726199,0.32115526383630993,0.0,0.0,0.9838709677419355,0.9838709677419355,256.0,0.0,0.0,0.03174869831464189,64.0,0.0,0.0,0.007905179507128546,0.0
harmonix/0226_rendezvu/track.npy,harmonix,0.9254385964912281,0.6419552403963105,0.6419552403963105,0.6419552403963105,0.8612244897959184,0.8612244897959184,0.8612244897959184,0.8612244897959184,0.9298245614035088,0.6265900143754904,0.6265900143754904,0.6265900143754904,0.8688524590163934,0.8688524590163934,0.8688524590163934,0.8688524590163934,256.0,0.0,0.0,0.08338160893906466,64.0,0.0,0.0,0.04206805900932039,0.0
harmonix/0239_sandm/track.npy,harmonix,0.9984447900466563,0.7231109757895336,0.7231109757895336,0.7231109757895336,0.9968944099378882,0.9968944099378882,0.9968944099378882,0.9968944099378882,1.0,0.6773445150985389,0.6773445150985389,0.6773445150985389,1.0,1.0,1.0,1.0,333.0,0.0,0.0,0.08338160893909552,83.0,0.0,0.0,0.021277398447288154,0.0
harmonix/0240_sandstorm/track.npy,harmonix,1.0,0.7304067314062446,0.7304067314062446,0.7304067314062446,1.0,1.0,1.0,1.0,1.0,0.722019176820741,0.722019176820741,0.722019176820741,1.0,1.0,1.0,1.0,289.0,0.0,0.0,0.09097177820573778,73.0,0.0,0.0,0.022728251077559714,0.0
harmonix/0244_sayaah/track.npy,harmonix,1.0,0.7951308506530372,0.7951308506530372,0.7951308506530372,1.0,1.0,1.0,1.0,1.0,0.7796378591465233,0.7796378591465233,0.7796378591465233,1.0,1.0,1.0,1.0,209.0,0.0,0.0,0.06062462181643447,53.0,0.0,0.0,0.00775209326798193,0.0
harmonix/0245_sayhey/track.npy,harmonix,0.991404011461318,0.9169878791909486,0.9169878791909486,0.9169878791909486,0.9886039886039886,0.9886039886039886,0.9886039886039886,0.9886039886039886,0.9942857142857142,0.8806002968424504,0.8806002968424504,0.8806002968424504,0.9886363636363636,0.9886363636363636,0.9886363636363636,0.9886363636363636,358.0,0.0,0.0,0.0625203569813444,90.0,0.0,0.0,0.03314293588995553,0.0
harmonix/0266_straightup/track.npy,harmonix,1.0,0.7761862842947413,0.7761862842947413,0.7761862842947413,1.0,1.0,1.0,1.0,1.0,0.8016627621092766,0.8016627621092766,0.8016627621092766,1.0,1.0,1.0,1.0,245.0,0.0,0.0,0.06453852113758152,62.0,0.0,0.0,0.007968169649181012,0.0
harmonix/0283_thehumptydance/track.npy,harmonix,0.9962546816479401,0.783099840760005,0.783099840760005,0.783099840760005,1.0,1.0,1.0,1.0,1.0,0.7637855500833837,0.7637855500833837,0.7637855500833837,1.0,1.0,1.0,1.0,276.0,0.0,0.0,0.06899287148694985,69.0,0.0,0.0,0.017241806434508677,0.0
harmonix/0288_thewayiare/track.npy,harmonix,0.9914529914529915,0.6537975596992783,0.6537975596992783,0.6537975596992783,0.9957264957264957,0.9957264957264957,0.9957264957264957,0.9957264957264957,0.9830508474576272,0.617205008067236,0.617205008067236,0.617205008067236,1.0,1.0,1.0,1.0,245.0,0.0,0.0,0.07696104113613988,62.0,0.0,0.0,0.01904819497069743,0.0
harmonix/0305_wenospeakamericano/track.npy,harmonix,0.9714285714285714,0.7330535435779653,0.7330535435779653,0.7330535435779653,0.9961977186311787,0.9961977186311787,0.9961977186311787,0.9961977186311787,0.9465648854961831,0.7100792268493497,0.7100792268493497,0.7100792268493497,0.9848484848484849,0.9848484848484849,0.9848484848484849,0.9848484848484849,273.0,0.0,0.0,0.08338160893905239,69.0,0.0,0.0,0.020987612509335316,0.0
harmonix/0309_whatsmyname/track.npy,harmonix,1.0,0.7829360100907525,0.7829360100907525,0.7829360100907525,1.0,1.0,1.0,1.0,1.0,0.7847031580662654,0.7847031580662654,0.7847031580662654,1.0,1.0,1.0,1.0,254.0,0.0,0.0,0.06669137449868245,64.0,0.0,0.0,0.016667052485214273,0.0
harmonix/0311_whipmyhair/track.npy,harmonix,0.9782608695652174,0.7512593242854035,0.7512593242854035,0.7512593242854035,1.0,1.0,1.0,1.0,0.9782608695652174,0.7339502012205529,0.7339502012205529,0.7339502012205529,1.0,1.0,1.0,1.0,191.0,0.0,0.0,0.08223809823696543,48.0,0.0,0.0,0.011910730309433404,0.0
harmonix/0318_windup/track.npy,harmonix,0.996774193548387,0.9241237261004657,0.9241237261004657,0.9241237261004657,0.9935691318327974,0.9935691318327974,0.9935691318327974,0.9935691318327974,0.9299363057324842,0.8674994293235946,0.8674994293235946,0.8674994293235946,0.6708860759493671,0.9113924050632911,0.6708860759493671,0.9113924050632911,322.0,0.0,0.0,0.0870113769896318,80.0,0.0,0.0,0.03208831455150087,0.0
harmonix/0323_yeah/track.npy,harmonix,1.0,0.8098657311685241,0.8098657311685241,0.8098657311685241,1.0,1.0,1.0,1.0,1.0,0.8516917931923252,0.8516917931923252,0.8516917931923252,1.0,1.0,1.0,1.0,227.0,0.0,0.0,0.03509131981131297,57.0,0.0,0.0,0.008756764882779123,0.0
harmonix/0335_allyourlife/track.npy,harmonix,0.735632183908046,0.6473401365150132,0.7469188859365294,0.6971295112257714,0.14712153518123666,0.24946695095948826,0.5477707006369427,0.5477707006369427,0.7346938775510204,0.6315374209091323,0.7317107517400857,0.681624086324609,0.15384615384615385,0.2564102564102564,0.5443037974683544,0.5443037974683544,325.0,0.0,0.0,0.09097177820577373,82.0,0.0,0.0,0.08885340418583032,0.0
harmonix/0345_beinlovetonight/track.npy,harmonix,0.9947916666666666,0.8610329019635793,0.8610329019635793,0.8610329019635793,0.9896373056994818,0.9896373056994818,0.9896373056994818,0.9896373056994818,0.9948186528497409,0.8494262641595731,0.8494262641595731,0.8494262641595731,0.9896907216494846,0.9896907216494846,0.9896907216494846,0.9896907216494846,396.0,0.0,0.0,0.08465202775674535,99.0,0.0,0.0,0.010695289116768647,0.0
harmonix/0346_birthdaydress/track.npy,harmonix,0.9707927677329624,0.8226768722983879,0.8226768722983879,0.8226768722983879,0.9972222222222222,0.9972222222222222,0.9972222222222222,0.9972222222222222,0.9497206703910613,0.8136748452321345,0.8136748452321345,0.8136748452321345,0.9888888888888889,0.9888888888888889,0.9888888888888889,0.9888888888888889,369.0,0.0,0.0,0.07410797215373152,93.0,0.0,0.0,0.04081211787950095,0.0
harmonix/0349_blow/track.npy,harmonix,0.9762470308788598,0.9438761895030889,0.9438761895030889,0.9438761895030889,0.765807962529274,0.9672131147540983,0.765807962529274,0.9672131147540983,0.976303317535545,0.9524129981805732,0.9524129981805732,0.9524129981805732,0.9719626168224299,0.9719626168224299,0.9719626168224299,0.9719626168224299,437.0,0.0,0.0,0.08004270767352051,110.0,0.0,0.0,0.03648757380034797,0.0
harmonix/0352_boogiewonderland/track.npy,harmonix,0.9991915925626517,0.967997381376581,0.967997381376581,0.967997381376581,0.9983844911147012,0.9983844911147012,0.9983844911147012,0.9983844911147012,0.9967637540453074,0.9719135444007609,0.9719135444007609,0.9719135444007609,0.9935483870967742,0.9935483870967742,0.9935483870967742,0.9935483870967742,629.0,0.0,0.0,0.08701137698964323,158.0,0.0,0.0,0.022039964235262388,0.0
harmonix/0360_coolerthanme/track.npy,harmonix,0.9887892376681614,0.8775987294409076,0.8775987294409076,0.8775987294409076,0.9778270509977827,0.9778270509977827,0.9778270509977827,0.9778270509977827,0.9865470852017937,0.8416927225582568,0.8416927225582568,0.8416927225582568,0.9734513274336283,0.9734513274336283,0.9734513274336283,0.9734513274336283,462.0,0.0,0.0,0.08701137698963579,116.0,0.0,0.0,0.021739986636416964,0.0
harmonix/0361_countrymustbecountrywide/track.npy,harmonix,0.9546436285097192,0.8976483243497589,0.8976483243497589,0.8976483243497589,0.7478991596638656,0.9243697478991597,0.7478991596638656,0.9243697478991597,0.9572649572649572,0.8783946102881646,0.8783946102881646,0.8783946102881646,0.75,0.9166666666666666,0.75,0.9166666666666666,245.0,0.0,0.0,0.07796154146971518,62.0,0.0,0.0,0.07378538229745527,0.0
harmonix/0366_domino/track.npy,harmonix,0.8938428874734607,0.8585747088850582,0.8585747088850582,0.8585747088850582,0.733615221987315,0.8921775898520085,0.733615221987315,0.8921775898520085,0.8860759493670887,0.8506423555418601,0.8506423555418601,0.8506423555418601,0.9915966386554622,0.9915966386554622,0.9915966386554622,0.9915966386554622,483.0,0.0,0.0,0.08338160893903379,121.0,0.0,0.0,0.05698535176107741,0.0
harmonix/0370_downonme/track.npy,harmonix,0.9554794520547946,0.8531917468194011,0.8531917468194011,0.8531917468194011,0.9489795918367347,0.9489795918367347,0.9489795918367347,0.9489795918367347,0.9523809523809523,0.8425050336199614,0.8425050336199614,0.8425050336199614,0.9459459459459459,0.9459459459459459,0.9459459459459459,0.9459459459459459,301.0,0.0,0.0,0.08004270767353944,76.0,0.0,0.0,0.015690442132939946,0.0
harmonix/0375_dynamite/track.npy,harmonix,0.7852906287069987,0.7097276682619502,0.7097276682619502,0.7097276682619502,0.2523364485981308,0.764018691588785,0.2523364485981308,0.764018691588785,0.7488151658767772,0.6606520636107904,0.6606520636107904,0.6606520636107904,0.2523364485981308,0.7383177570093458,0.2523364485981308,0.7383177570093458,437.0,0.0,0.0,0.09531017980435078,110.0,0.0,0.0,0.19845093872384353,0.0
harmonix/0378_effinperfect/track.npy,harmonix,0.9839743589743589,0.9442513033216653,0.9442513033216653,0.9442513033216653,0.9684542586750788,0.9684542586750788,0.9684542586750788,0.9684542586750788,0.9871794871794872,0.9602637794870077,0.9602637794870077,0.9602637794870077,0.9746835443037974,0.9746835443037974,0.9746835443037974,0.9746835443037974,324.0,0.0,0.0,0.06252035698133257,81.0,0.0,0.0,0.023025302801928136,0.0
harmonix/0395_gold/track.npy,harmonix,0.996376811594203,0.9360846454225218,0.9360846454225218,0.9360846454225218,0.9927797833935018,0.9927797833935018,0.9927797833935018,0.9927797833935018,0.9927007299270074,0.8884878305739434,0.8884878305739434,0.8884878305739434,0.9855072463768116,0.9855072463768116,0.9855072463768116,0.9855072463768116,285.0,0.0,0.0,0.06453852113755676,71.0,0.0,0.0,0.008032171697268331,0.0
harmonix/0396_goodfeeling/track.npy,harmonix,0.99609375,0.8736192962452785,0.8736192962452785,0.8736192962452785,0.9922178988326849,0.9922178988326849,0.9922178988326849,0.9922178988326849,0.9961089494163424,0.839240845265739,0.839240845265739,0.839240845265739,0.9922480620155039,0.9922480620155039,0.9922480620155039,0.9922480620155039,525.0,0.0,0.0,0.044262547755602864,132.0,0.0,0.0,0.021277398447288154,0.0
harmonix/0410_idontwantthisnighttoend/track.npy,harmonix,0.9846153846153847,0.8278905415167714,0.8278905415167714,0.8278905415167714,0.9696969696969697,0.9696969696969697,0.9696969696969697,0.9696969696969697,0.9846153846153847,0.8306005921298643,0.8306005921298643,0.8306005921298643,0.9696969696969697,0.9696969696969697,0.9696969696969697,0.9696969696969697,405.0,0.0,0.0,0.07410797215373355,102.0,0.0,0.0,0.0191660702099014,0.0
harmonix/0416_impossible/track.npy,harmonix,0.9938837920489296,0.8766786736763867,0.8766786736763867,0.8766786736763867,0.9878419452887538,0.9878419452887538,0.9878419452887538,0.9878419452887538,0.993939393939394,0.8727580910667899,0.8727580910667899,0.8727580910667899,0.9879518072289156,0.9879518072289156,0.9879518072289156,0.9879518072289156,337.0,0.0,0.0,0.06119334236592282,85.0,0.0,0.0,0.015037877364540209,0.0
harmonix/0418_inthedark/track.npy,harmonix,0.9978213507625272,0.9435517160584034,0.9435517160584034,0.9435517160584034,0.9956521739130435,0.9956521739130435,0.9956521739130435,0.9956521739130435,1.0,0.9503573667311688,0.9503573667311688,0.9503573667311688,1.0,1.0,1.0,1.0,471.0,0.0,0.0,0.08338160893905111,118.0,0.0,0.0,0.020834086902837834,0.0
harmonix/0419_itgirl/track.npy,harmonix,0.9783393501805056,0.9298421851104988,0.9298421851104988,0.9298421851104988,0.9715302491103203,0.9715302491103203,0.9715302491103203,0.9715302491103203,0.9714285714285714,0.9411023495485893,0.9411023495485893,0.9411023495485893,0.971830985915493,0.971830985915493,0.971830985915493,0.971830985915493,289.0,0.0,0.0,0.06062462181644401,73.0,0.0,0.0,0.007752093267982818,0.0
harmonix/0420_itsrainingmen/track.npy,harmonix,0.988108108108108,0.9279858989974489,0.9279858989974489,0.9279858989974489,0.9764957264957265,0.9764957264957265,0.9764957264957265,0.9764957264957265,0.9913793103448275,0.9326509496919168,0.9326509496919168,0.9326509496919168,0.9829059829059829,0.9829059829059829,0.9829059829059829,0.9829059829059829,480.0,0.0,0.0,0.09097177820572444,120.0,0.0,0.0,0.022728251077555606,0.0
harmonix/0423_iwannago/track.npy,harmonix,0.9852774631936579,0.9075301033240221,0.9075301033240221,0.9075301033240221,0.9864253393665159,0.9886877828054299,0.9864253393665159,0.9886877828054299,0.9819819819819819,0.8732668107049667,0.8732668107049667,0.8732668107049667,0.990990990990991,0.990990990990991,0.990990990990991,0.990990990990991,453.0,0.0,0.0,0.08701137698961359,113.0,0.0,0.0,0.010810916104236568,0.0
harmonix/0428_kingofanything/track.npy,harmonix,0.9065300896286812,0.7267787560523001,0.7267787560523001,0.7267787560523001,0.42105263157894735,0.8897243107769424,0.42105263157894735,0.8897243107769424,0.7794871794871796,0.6330789283812687,0.6330789283812687,0.6330789283812687,0.48,0.83,0.48,0.83,409.0,0.0,0.0,0.08004270767357746,103.0,0.0,0.0,0.0825210236880165,0.0
harmonix/0431_letitrain/track.npy,harmonix,0.9928825622775801,0.9288373911190642,0.9288373911190642,0.9288373911190642,0.9858657243816255,0.9858657243816255,0.9858657243816255,0.9858657243816255,0.9929078014184397,0.9442782465700658,0.9442782465700658,0.9442782465700658,0.9859154929577465,0.9859154929577465,0.9859154929577465,0.9859154929577465,289.0,0.0,0.0,0.05264373348544954,73.0,0.0,0.0,0.013072081567355953,0.0
harmonix/0432_letsgo/track.npy,harmonix,0.985854189336235,0.9260837232403153,0.9260837232403153,0.9260837232403153,0.9763440860215054,0.9763440860215054,0.9763440860215054,0.9763440860215054,0.9913043478260869,0.9150309794345842,0.9150309794345842,0.9150309794345842,0.9827586206896551,0.9827586206896551,0.9827586206896551,0.9827586206896551,476.0,0.0,0.0,0.0846520277567654,119.0,0.0,0.0,0.021277398447295814,0.0
harmonix/0433_lighters/track.npy,harmonix,0.9864559819413092,0.9362930504290167,0.9362930504290167,0.9362930504290167,0.9732739420935412,0.9732739420935412,0.9732739420935412,0.9732739420935412,0.9865470852017937,0.958653838041936,0.958653838041936,0.958653838041936,0.9734513274336283,0.9734513274336283,0.9734513274336283,0.9734513274336283,457.0,0.0,0.0,0.06062462181646622,115.0,0.0,0.0,0.02247285585205938,0.0
harmonix/0444_maybe/track.npy,harmonix,0.970479704797048,0.9208384719188364,0.9208384719188364,0.9208384719188364,0.9496402877697842,0.9496402877697842,0.9496402877697842,0.9496402877697842,0.9705882352941176,0.9097523057929946,0.9097523057929946,0.9097523057929946,0.9428571428571428,0.9428571428571428,0.9428571428571428,0.9428571428571428,285.0,0.0,0.0,0.0822380982369931,72.0,0.0,0.0,0.014932057793475707,0.0
harmonix/0466_onthedarkside/track.npy,harmonix,0.8533653846153846,0.5809474238145431,0.5809474238145431,0.5809474238145431,0.16473317865429235,0.6519721577726219,0.16473317865429235,0.6519721577726219,0.8803827751196173,0.611880131012427,0.611880131012427,0.611880131012427,0.75,0.75,0.75,0.75,409.0,0.0,0.0,0.1158158154925391,103.0,0.0,0.0,0.048790164169410566,0.0
harmonix/0467_onthefloor/track.npy,harmonix,1.0,0.9724143150711231,0.9724143150711231,0.9724143150711231,1.0,1.0,1.0,1.0,1.0,0.9782454963015126,0.9782454963015126,0.9782454963015126,1.0,1.0,1.0,1.0,463.0,0.0,0.0,0.08701137698964323,116.0,0.0,0.0,0.010810916104236568,0.0
harmonix/0472_partofme/track.npy,harmonix,0.9921436588103255,0.7936372509423525,0.7936372509423525,0.7936372509423525,0.9844097995545658,0.9844097995545658,0.9844097995545658,0.9844097995545658,0.9955156950672646,0.8495473434847685,0.8495473434847685,0.8495473434847685,0.9910714285714286,0.9910714285714286,0.9910714285714286,0.9910714285714286,460.0,0.0,0.0,0.08701137698963352,115.0,0.0,0.0,0.010810916104227375,0.0
harmonix/0482_redsolocup/track.npy,harmonix,0.9240282685512368,0.7927831148893429,0.7927831148893429,0.7927831148893429,0.48776223776223776,0.8968531468531469,0.48776223776223776,0.8968531468531469,0.9045936395759717,0.7814827898430194,0.7814827898430194,0.7814827898430194,0.5734265734265734,0.9090909090909091,0.5734265734265734,0.9090909090909091,585.0,0.0,0.0,0.1112256351102221,147.0,0.0,0.0,0.05255778014320707,0.0
harmonix/0483_ridinsolo/track.npy,harmonix,0.9983193277310924,0.8839031777598546,0.8839031777598546,0.8839031777598546,0.9966442953020134,0.9966442953020134,0.9966442953020134,0.9966442953020134,1.0,0.9117010498091829,0.9117010498091829,0.9117010498091829,1.0,1.0,1.0,1.0,305.0,0.0,0.0,0.08961215868964778,76.0,0.0,0.0,0.014964929718418157,0.0
harmonix/0486_rundatback/track.npy,harmonix,0.9956140350877193,0.9281365985474874,0.9281365985474874,0.9281365985474874,0.9912663755458515,0.9912663755458515,0.9912663755458515,0.9912663755458515,0.9956331877729258,0.8982205081826347,0.8982205081826347,0.8982205081826347,0.991304347826087,0.991304347826087,0.991304347826087,0.991304347826087,469.0,0.0,0.0,0.08701137698964323,118.0,0.0,0.0,0.02173998663640639,0.0
harmonix/0511_theonlyexception/track.npy,harmonix,0.9787234042553191,0.7495108233575228,0.7495108233575228,0.7495108233575228,0.972972972972973,0.972972972972973,0.972972972972973,0.972972972972973,0.6486486486486487,0.5021919990453951,0.7395635849233273,0.6208777919843612,0.0,0.0,0.9797979797979798,0.9797979797979798,604.0,0.0,0.0,0.09097177820572676,202.0,0.0,0.0,0.04515489031803276,0.0
harmonix/0520_tonight/track.npy,harmonix,0.9946865037194473,0.7897748853974995,0.7897748853974995,0.7897748853974995,0.9936305732484076,0.9936305732484076,0.9936305732484076,0.9936305732484076,0.9957446808510638,0.762979222991978,0.762979222991978,0.762979222991978,0.9915254237288136,0.9915254237288136,0.9915254237288136,0.9915254237288136,481.0,0.0,0.0,0.08338160893904922,121.0,0.0,0.0,0.02105340919783183,0.0
harmonix/0521_tooclose/track.npy,harmonix,0.9793510324483776,0.9092114437595903,0.9092114437595903,0.9092114437595903,0.974757281553398,0.974757281553398,0.974757281553398,0.974757281553398,0.9803921568627451,0.9204650132487251,0.9204650132487251,0.9204650132487251,0.9767441860465116,0.9767441860465116,0.9767441860465116,0.9767441860465116,526.0,0.0,0.0,0.08338160893904922,132.0,0.0,0.0,0.04235795633789737,0.0
harmonix/0525_venus/track.npy,harmonix,0.9988518943742823,0.8701126510703024,0.8701126510703024,0.8701126510703024,0.9977064220183486,0.9977064220183486,0.9977064220183486,0.9977064220183486,1.0,0.8451059829120945,0.8451059829120945,0.8451059829120945,1.0,1.0,1.0,1.0,447.0,0.0,0.0,0.08338160893905688,112.0,0.0,0.0,0.010471299867315653,0.0
harmonix/0541_youdroppedabombonme/track.npy,harmonix,0.9786802030456854,0.8130454723577814,0.8130454723577814,0.8130454723577814,0.9779116465863453,0.9779116465863453,0.9779116465863453,0.9779116465863453,0.9674796747967479,0.7621441520800273,0.7621441520800273,0.7621441520800273,0.9838709677419355,0.9838709677419355,0.9838709677419355,0.9838709677419355,508.0,0.0,0.0,0.08338160893906466,127.0,0.0,0.0,0.021277398447295814,0.0
harmonix/0542_yougetwhatyougive/track.npy,harmonix,0.9980806142034548,0.940271049276367,0.940271049276367,0.940271049276367,0.9961685823754789,0.9961685823754789,0.9961685823754789,0.9961685823754789,1.0,0.9346835478249228,0.9346835478249228,0.9346835478249228,1.0,1.0,1.0,1.0,532.0,0.0,0.0,0.03922071315328107,133.0,0.0,0.0,0.02843793532053379,0.0
harmonix/0551_accordingtoyou/track.npy,harmonix,0.9757869249394674,0.8819699027881532,0.8819699027881532,0.8819699027881532,0.9641148325358851,0.9641148325358851,0.9641148325358851,0.9641148325358851,0.9758454106280193,0.8508593841737815,0.8508593841737815,0.8508593841737815,0.9714285714285714,0.9714285714285714,0.9714285714285714,0.9714285714285714,429.0,0.0,0.0,0.08701137698962823,108.0,0.0,0.0,0.02197890671877653,0.0
harmonix/0553_alivefeatthegoodnatured/track.npy,harmonix,1.0,0.732494663712129,0.732494663712129,0.732494663712129,1.0,1.0,1.0,1.0,1.0,0.6655591068327701,0.6655591068327701,0.6655591068327701,1.0,1.0,1.0,1.0,593.0,0.0,0.0,0.08701137698961359,149.0,0.0,0.0,0.010695289116764118,0.0
harmonix/0565_americanhoney/track.npy,harmonix,0.9869281045751634,0.9067468354495604,0.9067468354495604,0.9067468354495604,0.9741935483870968,0.9741935483870968,0.9741935483870968,0.9741935483870968,0.9870129870129869,0.9044233008316879,0.9044233008316879,0.9044233008316879,0.9743589743589743,0.9743589743589743,0.9743589743589743,0.9743589743589743,317.0,0.0,0.0,0.05715841383997883,80.0,0.0,0.0,0.014301374278185985,0.0
harmonix/0566_americanwoman/track.npy,harmonix,0.9870967741935484,0.9529724839315958,0.9529724839315958,0.9529724839315958,0.9745222929936306,0.9745222929936306,0.9745222929936306,0.9745222929936306,0.9871794871794872,0.9518265958478017,0.9518265958478017,0.9518265958478017,0.9746835443037974,0.9746835443037974,0.9746835443037974,0.9746835443037974,321.0,0.0,0.0,0.05556985115483937,81.0,0.0,0.0,0.01398624197474696,0.0
harmonix/0567_anythingcouldhappen/track.npy,harmonix,0.9873949579831932,0.9094739170635914,0.9094739170635914,0.9094739170635914,0.9833333333333333,0.9833333333333333,0.9833333333333333,0.9833333333333333,0.9831932773109243,0.9018015395120205,0.9018015395120205,0.9018015395120205,0.9833333333333333,0.9833333333333333,0.9833333333333333,0.9833333333333333,489.0,0.0,0.0,0.0689928714869561,123.0,0.0,0.0,0.017241806434514895,0.0
harmonix/0568_apologize/track.npy,harmonix,0.6423076923076922,0.6013545155068521,0.9047092457527376,0.7530318806297949,0.0,0.0,0.9487179487179487,0.9487179487179487,0.6356589147286822,0.5914245434334389,0.8766595550180927,0.7340420492257658,0.0,0.0,0.7159090909090909,0.8977272727272727,361.0,0.0,0.0,0.08004270767352192,91.0,0.0,0.0,0.03922071315328011,0.0
harmonix/0573_babyludacris/track.npy,harmonix,0.9853107344632768,0.9249556322472445,0.9249556322472445,0.9249556322472445,0.7516778523489933,0.9776286353467561,0.7516778523489933,0.9776286353467561,0.9909909909909909,0.9049747999934321,0.9049747999934321,0.9049747999934321,0.9821428571428571,0.9821428571428571,0.9821428571428571,0.9821428571428571,458.0,0.0,0.0,0.08701137698964323,115.0,0.0,0.0,0.02183555466935849,0.0
harmonix/0574_badromanceappboyz/track.npy,harmonix,0.9969418960244648,0.9779244139368853,0.9779244139368853,0.9779244139368853,0.9939024390243902,0.9939024390243902,0.9939024390243902,0.9939024390243902,1.0,0.9792151631918461,0.9792151631918461,0.9792151631918461,1.0,1.0,1.0,1.0,503.0,0.0,0.0,0.0870113769896318,125.0,0.0,0.0,0.010810916104228796,0.0
harmonix/0593_blameitradioedit/track.npy,harmonix,0.9919354838709677,0.9130558953852885,0.9130558953852885,0.9130558953852885,0.984,0.984,0.984,0.984,0.9946524064171123,0.8918404069738163,0.8918404069738163,0.8918404069738163,0.9893617021276596,0.9893617021276596,0.9893617021276596,0.9893617021276596,383.0,0.0,0.0,0.05884050002296298,96.0,0.0,0.0,0.007326040092076713,0.0
harmonix/0610_castle/track.npy,harmonix,0.9696356275303644,0.9143663776051698,0.9143663776051698,0.9143663776051698,0.666,0.964,0.666,0.964,0.97165991902834,0.9147182292112801,0.9147182292112801,0.9147182292112801,0.976,0.976,0.976,0.976,510.0,0.0,0.0,0.08004270767357746,128.0,0.0,0.0,0.02000066670667966,0.0
harmonix/0621_clubcanthandleme/track.npy,harmonix,0.9874213836477987,0.8727271035845547,0.8727271035845547,0.8727271035845547,0.9751552795031055,0.9751552795031055,0.9751552795031055,0.9751552795031055,0.9874476987447699,0.8439958394598178,0.8439958394598178,0.8439958394598178,0.9752066115702479,0.9752066115702479,0.9752066115702479,0.9752066115702479,493.0,0.0,0.0,0.07022591773450876,124.0,0.0,0.0,0.021277398447288015,0.0
harmonix/0630_crushcrushcrush/track.npy,harmonix,0.9962168978562421,0.9380310161068461,0.9380310161068461,0.9380310161068461,0.992462311557789,0.992462311557789,0.992462311557789,0.992462311557789,1.0,0.9268025768768363,0.9268025768768363,0.9268025768768363,1.0,1.0,1.0,1.0,410.0,0.0,0.0,0.09097177820573987,102.0,0.0,0.0,0.02298951822467879,0.0
harmonix/0653_dynamite/track.npy,harmonix,0.8683666436940041,0.7726551399461065,0.7726551399461065,0.7726551399461065,0.29098360655737704,0.8538251366120219,0.29098360655737704,0.8538251366120219,0.6997245179063362,0.6155448858504892,0.6155448858504892,0.6155448858504892,0.2896174863387978,0.6885245901639344,0.2896174863387978,0.6885245901639344,742.0,0.0,0.0,0.08004270767352051,186.0,0.0,0.0,0.08415487940549628,0.0
harmonix/0654_dynamitemixinmarc/track.npy,harmonix,0.8209718670076727,0.6734647666607594,0.6734647666607594,0.6734647666607594,0.2656641604010025,0.7794486215538847,0.2656641604010025,0.7794486215538847,0.7857142857142857,0.6124838318884128,0.6124838318884128,0.6124838318884128,0.28,0.79,0.28,0.79,409.0,0.0,0.0,0.10008345855692735,103.0,0.0,0.0,0.20067069546214322,0.0
harmonix/0661_everythingaboutyou/track.npy,harmonix,0.9856353591160221,0.8608005264052423,0.8608005264052423,0.8608005264052423,0.975929978118162,0.975929978118162,0.975929978118162,0.975929978118162,0.9911504424778761,0.8320991319020432,0.8320991319020432,0.8320991319020432,0.9824561403508771,0.9824561403508771,0.9824561403508771,0.9824561403508771,468.0,0.0,0.0,0.08701137698964323,117.0,0.0,0.0,0.02173998663640624,0.0
harmonix/0668_fallinganthem/track.npy,harmonix,0.9836065573770492,0.9448196167091821,0.9448196167091821,0.9448196167091821,0.8014571948998178,0.9817850637522769,0.8014571948998178,0.9817850637522769,0.9854014598540146,0.9240146206426202,0.9240146206426202,0.9240146206426202,1.0,1.0,1.0,1.0,560.0,0.0,0.0,0.08701137698962771,140.0,0.0,0.0,0.021506205220959362,0.0
harmonix/0693_gold/track.npy,harmonix,0.9528023598820058,0.9007732749218581,0.9007732749218581,0.9007732749218581,0.9294117647058824,0.9294117647058824,0.9294117647058824,0.9294117647058824,0.9529411764705882,0.9029085387833222,0.9029085387833222,0.9029085387833222,0.9411764705882353,0.9411764705882353,0.9411764705882353,0.9411764705882353,345.0,0.0,0.0,0.07550755250812996,87.0,0.0,0.0,0.026997798747565784,0.0
harmonix/0697_goodlife/track.npy,harmonix,0.9806157354618015,0.7858394413041381,0.7858394413041381,0.7858394413041381,0.5675675675675675,0.972972972972973,0.5675675675675675,0.972972972972973,0.9818181818181818,0.7579361029479338,0.7579361029479338,0.7579361029479338,0.9819819819819819,0.9819819819819819,0.9819819819819819,0.9819819819819819,455.0,0.0,0.0,0.04445176257085626,113.0,0.0,0.0,0.02162309592867273,0.0
harmonix/0698_goodtime/track.npy,harmonix,0.9264705882352942,0.8585147116900753,0.8585147116900753,0.8585147116900753,0.9082125603864735,0.9082125603864735,0.9082125603864735,0.9082125603864735,0.9215686274509804,0.828554488986978,0.828554488986978,0.828554488986978,0.941747572815534,0.941747572815534,0.941747572815534,0.941747572815534,424.0,0.0,0.0,0.08338160893904922,106.0,0.0,0.0,0.04911514945941131,0.0
harmonix/0701_gottabeyou/track.npy,harmonix,0.8607198748043818,0.8222124514773763,0.8222124514773763,0.8222124514773763,0.7544910179640718,0.8293413173652695,0.7544910179640718,0.8293413173652695,0.8500000000000001,0.8145071264908783,0.8145071264908783,0.8145071264908783,0.9047619047619048,0.9047619047619048,0.9047619047619048,0.9047619047619048,341.0,0.0,0.0,0.08455738802806625,86.0,0.0,0.0,0.040876938566114476,0.0
harmonix/0708_haloradioedit/track.npy,harmonix,0.9931506849315068,0.9302407767571114,0.9302407767571114,0.9302407767571114,0.9863945578231292,0.9863945578231292,0.9863945578231292,0.9863945578231292,0.9931972789115647,0.9245464351927685,0.9245464351927685,0.9245464351927685,0.9864864864864865,0.9864864864864865,0.9864864864864865,0.9864864864864865,301.0,0.0,0.0,0.05406722127028407,76.0,0.0,0.0,0.01574861028367583,0.0
harmonix/0709_hangingon/track.npy,harmonix,0.7937219730941703,0.5349608517214514,0.5349608517214514,0.5349608517214514,0.7533632286995515,0.8789237668161435,0.7533632286995515,0.8789237668161435,0.7857142857142857,0.5423378414022059,0.5423378414022059,0.5423378414022059,0.9107142857142857,0.9464285714285714,0.9107142857142857,0.9464285714285714,227.0,0.0,0.0,0.08338160893905114,57.0,0.0,0.0,0.04380709377620572,0.0
harmonix/0721_holdup/track.npy,harmonix,0.9886039886039886,0.886744072325561,0.886744072325561,0.886744072325561,0.9774647887323944,0.9774647887323944,0.9774647887323944,0.9774647887323944,0.9886363636363636,0.8669616351902707,0.8669616351902707,0.8669616351902707,0.9775280898876404,0.9775280898876404,0.9775280898876404,0.9775280898876404,365.0,0.0,0.0,0.08701137698961237,92.0,0.0,0.0,0.021506205220963626,0.0
harmonix/0730_hurtssogood/track.npy,harmonix,0.9922879177377892,0.9390631094931734,0.9390631094931734,0.9390631094931734,0.9897435897435898,0.9897435897435898,0.9897435897435898,0.9897435897435898,0.9948717948717948,0.9217855236317427,0.9217855236317427,0.9217855236317427,0.9897959183673469,0.9897959183673469,0.9897959183673469,0.9897959183673469,400.0,0.0,0.0,0.08701137698962881,100.0,0.0,0.0,0.021277398447286645,0.0
harmonix/0732_idontwannabeinlove/track.npy,harmonix,0.9956140350877193,0.9419829536963832,0.9419829536963832,0.9419829536963832,0.9912663755458515,0.9912663755458515,0.9912663755458515,0.9912663755458515,0.9956331877729258,0.9201998484847497,0.9201998484847497,0.9201998484847497,0.991304347826087,0.991304347826087,0.991304347826087,0.991304347826087,469.0,0.0,0.0,0.08338160893905251,118.0,0.0,0.0,0.020834086902843385,0.0
harmonix/0745_immabewolf/track.npy,harmonix,0.9804216867469879,0.860991824090406,0.860991824090406,0.860991824090406,0.551051051051051,0.9774774774774775,0.551051051051051,0.9774774774774775,0.972972972972973,0.8809356138060961,0.8809356138060961,0.8809356138060961,0.5568862275449101,0.9820359281437125,0.5568862275449101,0.9820359281437125,677.0,0.0,0.0,0.08338160893906466,170.0,0.0,0.0,0.03208831455150163,0.0
harmonix/0747_imreal/track.npy,harmonix,0.9782293178519594,0.886012650981718,0.886012650981718,0.886012650981718,0.8530259365994236,0.968299711815562,0.8530259365994236,0.968299711815562,0.8554913294797688,0.7896984486241841,0.7896984486241841,0.7896984486241841,0.8620689655172413,0.8620689655172413,0.8620689655172413,0.8620689655172413,354.0,0.0,0.0,0.05556985115483937,89.0,0.0,0.0,0.02090668481930811,0.0
harmonix/0766_justdance/track.npy,harmonix,0.9945828819068255,0.8760651404514535,0.8760651404514535,0.8760651404514535,0.9892241379310345,0.9892241379310345,0.9892241379310345,0.9892241379310345,0.9956709956709957,0.8674990835367589,0.8674990835367589,0.8674990835367589,0.9913793103448276,0.9913793103448276,0.9913793103448276,0.9913793103448276,474.0,0.0,0.0,0.08004270767352051,119.0,0.0,0.0,0.019802627296175768,0.0
harmonix/0771_kisskissmainversion/track.npy,harmonix,0.9078260869565218,0.7101464781301441,0.7101464781301441,0.7101464781301441,0.8904109589041096,0.9006849315068494,0.8904109589041096,0.9006849315068494,0.9027777777777778,0.7172252197465915,0.7172252197465915,0.7172252197465915,0.9041095890410958,0.9315068493150684,0.9041095890410958,0.9315068493150684,299.0,0.0,0.0,0.10008345855696865,75.0,0.0,0.0,0.11319470095289935,0.0
harmonix/0784_lightweight/track.npy,harmonix,0.49552238805970145,0.4447274572877514,0.4447274572877514,0.4447274572877514,0.0,0.0,0.08152173913043478,0.10326086956521739,0.5578947368421052,0.517389819864626,0.6229998693859647,0.5701948446252953,0.0,0.0,0.5970149253731343,0.6268656716417911,275.0,0.0,0.0,0.09656213700792578,69.0,0.0,0.0,0.1824630127581124,0.0
harmonix/0792_lovedrunk/track.npy,harmonix,0.9542483660130718,0.9129111270209532,0.9129111270209532,0.9129111270209532,0.9125,0.9125,0.9125,0.9125,0.955223880597015,0.9175412185701134,0.9175412185701134,0.9175412185701134,0.9142857142857143,0.9142857142857143,0.9142857142857143,0.9142857142857143,567.0,0.0,0.0,0.10008345855703227,142.0,0.0,0.0,0.025001302205430613,0.0
harmonix/0801_lovesong/track.npy,harmonix,0.9862745098039215,0.9138623394815698,0.9138623394815698,0.9138623394815698,0.9729206963249516,0.9729206963249516,0.9729206963249516,0.9729206963249516,0.988235294117647,0.9140348489969647,0.9140348489969647,0.9140348489969647,0.9767441860465116,0.9767441860465116,0.9767441860465116,0.9767441860465116,527.0,0.0,0.0,0.08004270767353783,132.0,0.0,0.0,0.020408871631217518,0.0
harmonix/0807_makemebetter/track.npy,harmonix,1.0,0.8624534160986698,0.8624534160986698,0.8624534160986698,1.0,1.0,1.0,1.0,1.0,0.8388093606691732,0.8388093606691732,0.8388093606691732,1.0,1.0,1.0,1.0,365.0,0.0,0.0,0.0870113769896334,92.0,0.0,0.0,0.021661496781183655,0.0
harmonix/0808_makethemoney/track.npy,harmonix,0.9004457652303121,0.7932641900874026,0.7932641900874026,0.7932641900874026,0.7555555555555555,0.7555555555555555,0.7555555555555555,0.7555555555555555,0.9112426035502957,0.770773960131396,0.770773960131396,0.770773960131396,0.7555555555555555,0.7555555555555555,0.7555555555555555,0.7555555555555555,374.0,0.0,0.0,0.0896121586896903,94.0,0.0,0.0,0.03654589353738674,0.0
harmonix/0811_miami2ibiza/track.npy,harmonix,0.9725274725274725,0.8916248478977324,0.8916248478977324,0.8916248478977324,0.4725274725274725,0.978021978021978,0.4725274725274725,0.978021978021978,0.967032967032967,0.8988952533577531,0.8988952533577531,0.8988952533577531,1.0,1.0,1.0,1.0,375.0,0.0,0.0,0.08338160893905999,94.0,0.0,0.0,0.031211326508268113,0.0
harmonix/0829_nevertoolate/track.npy,harmonix,0.6259740259740261,0.589256306132809,0.8126893132865645,0.7009728097096868,0.04838709677419355,0.056451612903225805,0.5474452554744526,0.7554744525547445,0.6010362694300517,0.5709460980665394,0.8007848449392742,0.6858654715029068,0.06451612903225806,0.06451612903225806,0.782608695652174,0.782608695652174,286.0,0.0,0.0,0.10008345855698486,72.0,0.0,0.0,0.11710749697874456,0.0
harmonix/0831_noair/track.npy,harmonix,0.9748148148148148,0.8558329965105939,0.8558329965105939,0.8558329965105939,0.9852507374631269,0.9852507374631269,0.9852507374631269,0.9852507374631269,0.9822485207100591,0.8650068274920658,0.8650068274920658,0.8650068274920658,0.9882352941176471,0.9882352941176471,0.9882352941176471,0.9882352941176471,345.0,0.0,0.0,0.06491915612812502,86.0,0.0,0.0,0.013333530869453103,0.0
harmonix/0846_onelove/track.npy,harmonix,0.9812108559498957,0.9411337420387648,0.9411337420387648,0.9411337420387648,0.9631147540983607,0.9631147540983607,0.9631147540983607,0.9631147540983607,0.9833333333333333,0.9438937167726317,0.9438937167726317,0.9438937167726317,0.9672131147540983,0.9672131147540983,0.9672131147540983,0.9672131147540983,499.0,0.0,0.0,0.042559614418878344,125.0,0.0,0.0,0.01079935340547049,0.0
harmonix/0851_openurmind/track.npy,harmonix,0.961038961038961,0.7501478894442014,0.7501478894442014,0.7501478894442014,0.2634730538922156,0.9700598802395209,0.2634730538922156,0.9700598802395209,0.9482071713147411,0.772550765633107,0.772550765633107,0.772550765633107,0.9920634920634921,0.9920634920634921,0.9920634920634921,0.9920634920634921,513.0,0.0,0.0,0.09531017980430556,129.0,0.0,0.0,0.04690326229106287,0.0
harmonix/0857_paralyzer/track.npy,harmonix,0.9943502824858756,0.829908024023313,0.829908024023313,0.829908024023313,0.9887640449438202,0.9887640449438202,0.9887640449438202,0.9887640449438202,0.9943502824858756,0.8261049893222411,0.8261049893222411,0.8261049893222411,0.9887640449438202,0.9887640449438202,0.9887640449438202,0.9887640449438202,365.0,0.0,0.0,0.07145896398214244,92.0,0.0,0.0,0.017699577099410058,0.0
harmonix/0866_pokerfacedave/track.npy,harmonix,0.9221621621621622,0.6731023218457411,0.6731023218457411,0.6731023218457411,0.5448648648648649,0.9221621621621622,0.5448648648648649,0.9221621621621622,0.8701298701298701,0.6574719437239295,0.6574719437239295,0.6574719437239295,0.5497835497835498,0.9437229437229437,0.5497835497835498,0.9437229437229437,936.0,0.0,0.0,0.08338160893904922,234.0,0.0,0.0,0.021277398447291512,0.0
harmonix/0867_pokerfacedos/track.npy,harmonix,0.9956236323851204,0.8973565357587872,0.8973565357587872,0.8973565357587872,0.9912854030501089,0.9912854030501089,0.9912854030501089,0.9912854030501089,0.9956331877729258,0.8889995598692739,0.8889995598692739,0.8889995598692739,0.991304347826087,0.991304347826087,0.991304347826087,0.991304347826087,469.0,0.0,0.0,0.08004270767352051,118.0,0.0,0.0,0.01980262729617932,0.0
harmonix/0869_raiseyourweapon/track.npy,harmonix,0.6826417299824664,0.6388893835222471,0.6813372894646245,0.6601133364934357,0.26331360946745563,0.27909270216962523,0.3902439024390244,0.4146341463414634,0.6448598130841122,0.6265513921675662,0.6708163131384384,0.6486838526530023,0.27165354330708663,0.27165354330708663,0.41379310344827586,0.43103448275862066,704.0,0.0,0.0,0.08701137698964323,176.0,0.0,0.0,0.10274616920820961,0.0
harmonix/0875_redbelt/track.npy,harmonix,0.9905838041431261,0.9168951722729601,0.9168951722729601,0.9168951722729601,0.9813432835820896,0.9813432835820896,0.9813432835820896,0.9813432835820896,0.9924812030075187,0.9323901942703351,0.9323901942703351,0.9323901942703351,0.9850746268656716,0.9850746268656716,0.9850746268656716,0.9850746268656716,279.0,0.0,0.0,0.08701137698964323,70.0,0.0,0.0,0.021739986636405417,0.0
harmonix/0876_rehab/track.npy,harmonix,0.9201520912547528,0.8215478306772184,0.8215478306772184,0.8215478306772184,0.8585365853658536,0.8585365853658536,0.8585365853658536,0.8585365853658536,0.9191919191919192,0.7272733817169845,0.7272733817169845,0.7272733817169845,0.8543689320388349,0.8543689320388349,0.8543689320388349,0.8543689320388349,423.0,0.0,0.0,0.10536051565782412,106.0,0.0,0.0,0.038865629958278164,0.0
harmonix/0878_replay/track.npy,harmonix,0.9868173258003766,0.9535238958666346,0.9535238958666346,0.9535238958666346,0.981203007518797,0.9849624060150376,0.981203007518797,0.9849624060150376,0.9850746268656716,0.9476607212679508,0.9476607212679508,0.9476607212679508,1.0,1.0,1.0,1.0,274.0,0.0,0.0,0.06062462181646622,69.0,0.0,0.0,0.02055051607555637,0.0
harmonix/0881_rightround/track.npy,harmonix,0.9780487804878047,0.8286883026812751,0.8286883026812751,0.8286883026812751,0.9710144927536232,0.9710144927536232,0.9710144927536232,0.9710144927536232,0.9805825242718447,0.794709459088691,0.794709459088691,0.794709459088691,0.9807692307692307,0.9807692307692307,0.9807692307692307,0.9807692307692307,425.0,0.0,0.0,0.08338160893906388,107.0,0.0,0.0,0.020834086902844808,0.0
harmonix/0883_rocksatmywindow/track.npy,harmonix,0.9964788732394366,0.9537998948730815,0.9537998948730815,0.9537998948730815,0.9929824561403509,0.9929824561403509,0.9929824561403509,0.9929824561403509,1.0,0.9442905458988253,0.9442905458988253,0.9442905458988253,1.0,1.0,1.0,1.0,293.0,0.0,0.0,0.030771658666812918,73.0,0.0,0.0,0.023167059281532565,0.0
harmonix/0889_samelove/track.npy,harmonix,0.7305936073059361,0.5856921990784701,0.5856921990784701,0.5856921990784701,0.27601809954751133,0.7420814479638009,0.27601809954751133,0.7420814479638009,0.7181818181818181,0.5804185327084653,0.5804185327084653,0.5804185327084653,0.8378378378378378,0.8378378378378378,0.8378378378378378,0.8378378378378378,439.0,0.0,0.0,0.08701137698962479,110.0,0.0,0.0,0.11082552026353087,0.0
harmonix/0890_samemistakes/track.npy,harmonix,0.9904153354632589,0.9359438797147709,0.9359438797147709,0.9359438797147709,0.9810126582278481,0.9810126582278481,0.9810126582278481,0.9810126582278481,0.9936305732484078,0.9319834820250198,0.9319834820250198,0.9319834820250198,0.9873417721518988,0.9873417721518988,0.9873417721518988,0.9873417721518988,323.0,0.0,0.0,0.06062462181644401,81.0,0.0,0.0,0.015764665379518452,0.0
harmonix/0905_shocktoyoursystem/track.npy,harmonix,0.9829059829059829,0.9348730090232178,0.9348730090232178,0.9348730090232178,0.9663865546218487,0.9663865546218487,0.9663865546218487,0.9663865546218487,0.983050847457627,0.9298400210896621,0.9298400210896621,0.9298400210896621,0.9666666666666667,0.9666666666666667,0.9666666666666667,0.9666666666666667,365.0,0.0,0.0,0.06899287148693789,92.0,0.0,0.0,0.0086580627431111,0.0
harmonix/0912_somenights/track.npy,harmonix,0.9309623430962344,0.8492875522966519,0.8492875522966519,0.8492875522966519,0.5875,0.95,0.5875,0.95,0.9372384937238494,0.8503412485468691,0.8503412485468691,0.8503412485468691,0.9916666666666667,0.9916666666666667,0.9916666666666667,0.9916666666666667,489.0,0.0,0.0,0.07145896398218121,123.0,0.0,0.0,0.06115442315333697,0.0
harmonix/0917_spacemanties/track.npy,harmonix,0.977061376317421,0.7217862308479586,0.7217862308479586,0.7217862308479586,0.6964064436183395,0.9776951672862454,0.6964064436183395,0.9776951672862454,0.9727047146401985,0.6926036723945679,0.6926036723945679,0.6926036723945679,0.995049504950495,0.995049504950495,0.995049504950495,0.995049504950495,817.0,0.0,0.0,0.09097177820577373,204.0,0.0,0.0,0.05728196788726604,0.0
harmonix/0919_stereolove/track.npy,harmonix,0.9537856440511308,0.8136956755194854,0.8136956755194854,0.8136956755194854,0.4321705426356589,0.9534883720930233,0.4321705426356589,0.9534883720930233,0.952755905511811,0.8378805326581877,0.8378805326581877,0.8378805326581877,0.9689922480620154,0.9689922480620154,0.9689922480620154,0.9689922480620154,523.0,0.0,0.0,0.08338160893904922,131.0,0.0,0.0,0.027545712394581378,0.0
harmonix/0932_tattoo/track.npy,harmonix,0.9777070063694268,0.8991133578534622,0.8991133578534622,0.8991133578534622,0.9716088328075709,0.9716088328075709,0.9716088328075709,0.9716088328075709,0.980891719745223,0.8723229622533604,0.8723229622533604,0.8723229622533604,0.9873417721518988,0.9873417721518988,0.9873417721518988,0.9873417721518988,324.0,0.0,0.0,0.05556985115481025,81.0,0.0,0.0,0.007017572658650106,0.0
harmonix/0941_theocean/track.npy,harmonix,0.6271551724137931,0.5356019424646195,0.6608278963387345,0.598214919401677,0.0,0.0,0.335423197492163,0.7617554858934169,0.10300429184549356,0.08911607504009499,0.13225506676818907,0.11068557090414202,0.0,0.0,0.6875,0.7375,327.0,0.0,0.0,0.07145896398218121,82.0,0.0,0.0,0.08422953019949657,0.0
harmonix/0954_timeaftertimevan/track.npy,harmonix,0.9027149321266968,0.7669016448077286,0.7669016448077286,0.7669016448077286,0.5852017937219731,0.899103139013453,0.5852017937219731,0.899103139013453,0.8918918918918918,0.7266421860544484,0.7266421860544484,0.7266421860544484,0.5982142857142857,0.9642857142857143,0.5982142857142857,0.9642857142857143,458.0,0.0,0.0,0.09205637860540669,115.0,0.0,0.0,0.07183798043057177,0.0
harmonix/0967_walkingonadream/track.npy,harmonix,1.0,0.913806943338311,0.913806943338311,0.913806943338311,1.0,1.0,1.0,1.0,1.0,0.9007856946415337,0.9007856946415337,0.9007856946415337,1.0,1.0,1.0,1.0,865.0,0.0,0.0,0.08338160893909552,217.0,0.0,0.0,0.02127739844728056,0.0
harmonix/0975_whathappensinvegas/track.npy,harmonix,0.994186046511628,0.9638333144394057,0.9638333144394057,0.9638333144394057,0.9884393063583815,0.9884393063583815,0.9884393063583815,0.9884393063583815,0.9942196531791908,0.9673712703146532,0.9673712703146532,0.9673712703146532,0.9885057471264368,0.9885057471264368,0.9885057471264368,0.9885057471264368,357.0,0.0,0.0,0.08701137698964323,90.0,0.0,0.0,0.02173998663640153,0.0
harmonix/0977_wheelsnow/track.npy,harmonix,0.9676767676767676,0.7565154424613799,0.7565154424613799,0.7565154424613799,0.7405940594059406,0.9524752475247524,0.7405940594059406,0.9524752475247524,0.9718875502008032,0.7512535872626741,0.7512535872626741,0.7512535872626741,0.9606299212598425,0.9606299212598425,0.9606299212598425,0.9606299212598425,517.0,0.0,0.0,0.09531017980430556,130.0,0.0,0.0,0.058496206681605094,0.0
harmonix/0982_whoknewdos/track.npy,harmonix,0.9913978494623656,0.9349629001065852,0.9349629001065852,0.9349629001065852,0.9829424307036247,0.9829424307036247,0.9829424307036247,0.9829424307036247,0.9914529914529915,0.9147735644748695,0.9147735644748695,0.9147735644748695,0.9830508474576272,0.9830508474576272,0.9830508474576272,0.9830508474576272,481.0,0.0,0.0,0.09531017980430556,121.0,0.0,0.0,0.0465200156349167,0.0
harmonix/0988_withyoukovas/track.npy,harmonix,0.9992395437262357,0.9443907283353374,0.9443907283353374,0.9443907283353374,0.9984802431610942,0.9984802431610942,0.9984802431610942,0.9984802431610942,0.9969604863221885,0.9288065565951911,0.9288065565951911,0.9288065565951911,0.9939393939393939,0.9939393939393939,0.9939393939393939,0.9939393939393939,669.0,0.0,0.0,0.08701137698957322,168.0,0.0,0.0,0.021506205220959362,0.0
hjdb/hjdb_2_Bad_Mice_Take_You/track.npy,hjdb,1.0,0.9649470438565473,0.9649470438565473,0.9649470438565473,1.0,1.0,1.0,1.0,1.0,0.9621209118330312,0.9621209118330312,0.9621209118330312,1.0,1.0,1.0,1.0,159.0,0.0,0.0,0.09531017980432333,40.0,0.0,0.0,0.025872720226110063,0.0
hjdb/hjdb_A_Musical_Box/track.npy,hjdb,0.9938650306748467,0.9247963764349159,0.9247963764349159,0.9247963764349159,0.9878048780487805,0.9878048780487805,0.9878048780487805,0.9878048780487805,1.0,0.956779181160503,0.956779181160503,0.956779181160503,1.0,1.0,1.0,1.0,95.0,0.0,0.0,0.10536051565782723,24.0,0.0,0.0,0.025663704239006425,0.0
hjdb/hjdb_Bish_Bosh/track.npy,hjdb,1.0,0.9202562442084351,0.9202562442084351,0.9202562442084351,1.0,1.0,1.0,1.0,1.0,0.9365017205330082,0.9365017205330082,0.9365017205330082,1.0,1.0,1.0,1.0,89.0,0.0,0.0,0.08135417511385215,22.0,0.0,0.0,0.024097551579060496,0.0
hjdb/hjdb_Cookin_Up_Yah_Brain/track.npy,hjdb,0.9956709956709957,0.9341796910995006,0.9341796910995006,0.9341796910995006,0.9913793103448276,0.9913793103448276,0.9913793103448276,0.9913793103448276,1.0,0.9278885802634292,0.9278885802634292,0.9278885802634292,1.0,1.0,1.0,1.0,128.0,0.0,0.0,0.09531017980432471,32.0,0.0,0.0,0.023684580616130595,0.0
hjdb/hjdb_Damage/track.npy,hjdb,0.9876543209876543,0.858309219302447,0.858309219302447,0.858309219302447,0.8765432098765432,0.9753086419753086,0.8765432098765432,0.9753086419753086,1.0,0.8594230564225993,0.8594230564225993,0.8594230564225993,1.0,1.0,1.0,1.0,94.0,0.0,0.0,0.10008345855698031,23.0,0.0,0.0,0.0243914531241608,0.0
hjdb/hjdb_Darkman/track.npy,hjdb,1.0,0.9116139283002462,0.9116139283002462,0.9116139283002462,1.0,1.0,1.0,1.0,1.0,0.9004092938115767,0.9004092938115767,0.9004092938115767,1.0,1.0,1.0,1.0,160.0,0.0,0.0,0.10536051565782478,40.0,0.0,0.0,0.014814258702524048,0.0
hjdb/hjdb_Ecstatic_House/track.npy,hjdb,0.9382716049382716,0.8174882639928674,0.8174882639928674,0.8174882639928674,0.691358024691358,0.9135802469135802,0.691358024691358,0.9135802469135802,0.25,0.20806469529256727,0.20806469529256727,0.20806469529256727,0.3,0.3,0.3,0.3,94.0,0.0,0.0,0.15415067982724562,23.0,0.0,0.0,0.06995858860691018,0.0
hjdb/hjdb_Exodus_(When_The_Lion_Awakes)/track.npy,hjdb,0.9857142857142858,0.6345409142950096,0.6345409142950096,0.6345409142950096,0.6928571428571428,0.9857142857142858,0.6928571428571428,0.9857142857142858,1.0,0.6964762705256111,0.6964762705256111,0.6964762705256111,1.0,1.0,1.0,1.0,152.0,0.0,0.0,0.09531017980433942,38.0,0.0,0.0,0.011976191046717655,0.0
hjdb/hjdb_Fires_Burning/track.npy,hjdb,1.0,0.9419099793141866,0.9419099793141866,0.9419099793141866,1.0,1.0,1.0,1.0,1.0,0.9393076195579906,0.9393076195579906,0.9393076195579906,1.0,1.0,1.0,1.0,319.0,0.0,0.0,0.05722648697669464,80.0,0.0,0.0,0.034348546155021795,0.0
hjdb/hjdb_Flammable_(Tango_Remix)/track.npy,hjdb,0.9969230769230769,0.8856620266502742,0.8856620266502742,0.8856620266502742,0.9938650306748467,0.9938650306748467,0.9938650306748467,0.9938650306748467,0.9876543209876543,0.89024434064236,0.89024434064236,0.89024434064236,0.975609756097561,0.975609756097561,0.975609756097561,0.975609756097561,177.0,0.0,0.0,0.10536051565782412,45.0,0.0,0.0,0.026317308317372834,0.0
hjdb/hjdb_Future_Funk/track.npy,hjdb,0.9894736842105264,0.8738102571857286,0.8738102571857286,0.8738102571857286,0.8402777777777778,0.9722222222222222,0.8402777777777778,0.9722222222222222,1.0,0.887368700309536,0.887368700309536,0.887368700309536,1.0,1.0,1.0,1.0,157.0,0.0,0.0,0.10536051565782856,39.0,0.0,0.0,0.02564243061333843,0.0
hjdb/hjdb_Ghetto_People_(Remix)/track.npy,hjdb,1.0,0.9572704645671318,0.9572704645671318,0.9572704645671318,1.0,1.0,1.0,1.0,1.0,0.9480128152266737,0.9480128152266737,0.9480128152266737,1.0,1.0,1.0,1.0,64.0,0.0,0.0,0.051293294387558364,16.0,0.0,0.0,0.012739025777429469,0.0
hjdb/hjdb_Here_Comes_The_Drumz_(Drumz_VIP_Mix)/track.npy,hjdb,1.0,0.9302599380341198,0.9302599380341198,0.9302599380341198,1.0,1.0,1.0,1.0,1.0,0.9257290089582387,0.9257290089582387,0.9257290089582387,1.0,1.0,1.0,1.0,121.0,0.0,0.0,0.04879016416943971,31.0,0.0,0.0,0.012361549035859742,0.0
hjdb/hjdb_In_Complete_Darkness_(Slipmatt_remix)/track.npy,hjdb,1.0,0.8810837449865565,0.8810837449865565,0.8810837449865565,1.0,1.0,1.0,1.0,1.0,0.8615120188236692,0.8615120188236692,0.8615120188236692,1.0,1.0,1.0,1.0,127.0,0.0,0.0,0.05129329438755872,32.0,0.0,0.0,0.012996177038203643,0.0
hjdb/hjdb_Jump_Mk_II/track.npy,hjdb,1.0,0.9144677382780271,0.9144677382780271,0.9144677382780271,1.0,1.0,1.0,1.0,1.0,0.9499189035553626,0.9499189035553626,0.9499189035553626,1.0,1.0,1.0,1.0,123.0,0.0,0.0,0.10536051565782412,31.0,0.0,0.0,0.013605652055779327,0.0
hjdb/hjdb_Keep_The_Fires_Burning/track.npy,hjdb,1.0,0.887490459092235,0.887490459092235,0.887490459092235,1.0,1.0,1.0,1.0,1.0,0.8977062654830186,0.8977062654830186,0.8977062654830186,1.0,1.0,1.0,1.0,270.0,0.0,0.0,0.08701137698964323,68.0,0.0,0.0,0.02173998663640736,0.0
hjdb/hjdb_Lords_Of_The_Null_Lines_(Foul_Play_Remix)/track.npy,hjdb,1.0,0.9258775967869518,0.9258775967869518,0.9258775967869518,1.0,1.0,1.0,1.0,1.0,0.9256627681959986,0.9256627681959986,0.9256627681959986,1.0,1.0,1.0,1.0,115.0,0.0,0.0,0.07643925456709576,29.0,0.0,0.0,0.036192203521206966,0.0
hjdb/hjdb_Method_To_My_Madness/track.npy,hjdb,0.9549549549549551,0.8718759604417382,0.8718759604417382,0.8718759604417382,0.9137931034482759,0.9137931034482759,0.9137931034482759,0.9137931034482759,0.9285714285714286,0.8628295754887108,0.8628295754887108,0.8628295754887108,0.8666666666666667,0.8666666666666667,0.8666666666666667,0.8666666666666667,70.0,0.0,0.0,0.09531017980431444,18.0,0.0,0.0,0.014864767637587678,0.0
hjdb/hjdb_No_Worries/track.npy,hjdb,0.7657657657657657,0.7099850106886332,0.7099850106886332,0.7099850106886332,0.7410714285714286,0.7410714285714286,0.7410714285714286,0.7410714285714286,0.75,0.7220270366170263,0.7220270366170263,0.7220270366170263,0.7857142857142857,0.7857142857142857,0.7857142857142857,0.7857142857142857,126.0,0.0,0.0,0.105360515657826,31.0,0.0,0.0,0.1258247253038315,0.0
hjdb/hjdb_Obsession_(Musics_So_Wonderful)/track.npy,hjdb,1.0,0.9269939145453074,0.9269939145453074,0.9269939145453074,1.0,1.0,1.0,1.0,1.0,0.9253573583714555,0.9253573583714555,0.9253573583714555,1.0,1.0,1.0,1.0,95.0,0.0,0.0,0.10536051565782412,24.0,0.0,0.0,0.013245226750022567,0.0
hjdb/hjdb_Phizical_(Moody_Mix)/track.npy,hjdb,0.9930394431554525,0.7979128957435341,0.7979128957435341,0.7979128957435341,0.9259259259259259,0.9907407407407407,0.9259259259259259,0.9907407407407407,1.0,0.7868983542811171,0.7868983542811171,0.7868983542811171,1.0,1.0,1.0,1.0,229.0,0.0,0.0,0.11122563511021562,58.0,0.0,0.0,0.03033997907542811,0.0
hjdb/hjdb_Re-Baptised_By_Dub_(Selectors_Revenge)/track.npy,hjdb,1.0,0.9605040991126313,0.9605040991126313,0.9605040991126313,1.0,1.0,1.0,1.0,1.0,0.9563591344797654,0.9563591344797654,0.9563591344797654,1.0,1.0,1.0,1.0,130.0,0.0,0.0,0.09531017980432317,33.0,0.0,0.0,0.011834457647004637,0.0
hjdb/hjdb_Showtime/track.npy,hjdb,1.0,0.918438168139199,0.918438168139199,0.918438168139199,1.0,1.0,1.0,1.0,1.0,0.9195085708031003,0.9195085708031003,0.9195085708031003,1.0,1.0,1.0,1.0,60.0,0.0,0.0,0.04652001563489657,15.0,0.0,0.0,0.02353049741019353,0.0
hjdb/hjdb_Spiritual_Aura/track.npy,hjdb,1.0,0.91945117032897,0.91945117032897,0.91945117032897,1.0,1.0,1.0,1.0,1.0,0.9427162820046006,0.9427162820046006,0.9427162820046006,1.0,1.0,1.0,1.0,290.0,0.0,0.0,0.10536051565783722,73.0,0.0,0.0,0.013245226750027372,0.0
hjdb/hjdb_Sub_Dub/track.npy,hjdb,1.0,0.9417802062357357,0.9417802062357357,0.9417802062357357,1.0,1.0,1.0,1.0,1.0,0.9360770399958227,0.9360770399958227,0.9360770399958227,1.0,1.0,1.0,1.0,90.0,0.0,0.0,0.10008345855698919,23.0,0.0,0.0,0.024692612590370977,0.0
hjdb/hjdb_Take_Me_To_The_Top/track.npy,hjdb,1.0,0.9582832975811661,0.9582832975811661,0.9582832975811661,1.0,1.0,1.0,1.0,1.0,0.934810809716736,0.934810809716736,0.934810809716736,1.0,1.0,1.0,1.0,110.0,0.0,0.0,0.10008345855698919,27.0,0.0,0.0,0.03481737627886666,0.0
hjdb/hjdb_Terrorist_(original)/track.npy,hjdb,1.0,0.9237709206466317,0.9237709206466317,0.9237709206466317,1.0,1.0,1.0,1.0,1.0,0.8600505556556728,0.8600505556556728,0.8600505556556728,1.0,1.0,1.0,1.0,128.0,0.0,0.0,0.10008345855699619,32.0,0.0,0.0,0.025001302205420184,0.0
hjdb/hjdb_The_Core/track.npy,hjdb,1.0,0.9043817948591109,0.9043817948591109,0.9043817948591109,1.0,1.0,1.0,1.0,1.0,0.9053445777574393,0.9053445777574393,0.9053445777574393,1.0,1.0,1.0,1.0,96.0,0.0,0.0,0.051293294387564733,24.0,0.0,0.0,0.012903404835909845,0.0
hjdb/hjdb_The_Criminal/track.npy,hjdb,0.9936305732484078,0.9325237458623494,0.9325237458623494,0.9325237458623494,0.9873417721518988,0.9873417721518988,0.9873417721518988,0.9873417721518988,1.0,0.9473196395783594,0.9473196395783594,0.9473196395783594,1.0,1.0,1.0,1.0,92.0,0.0,0.0,0.04879016416943971,23.0,0.0,0.0,0.024692612590370977,0.0
hjdb/hjdb_This_Way/track.npy,hjdb,0.0,6.746688335424574e-05,0.9054962514523405,0.45278185916784736,0.0,0.0,0.9791666666666666,0.9791666666666666,0.0,2.939080947962473e-05,2.939080947962473e-05,2.939080947962473e-05,0.9166666666666666,0.9166666666666666,0.9166666666666666,0.9166666666666666,61.0,0.0,0.0,0.10008345855698256,16.0,0.0,0.0,0.017030822527225514,0.0
hjdb/hjdb_Time_Bomb/track.npy,hjdb,1.0,0.8733548230919913,0.8733548230919913,0.8733548230919913,1.0,1.0,1.0,1.0,1.0,0.8786495254384186,0.8786495254384186,0.8786495254384186,1.0,1.0,1.0,1.0,96.0,0.0,0.0,0.10536051565782853,24.0,0.0,0.0,0.01290340483591212,0.0
hjdb/hjdb_Unfriendly/track.npy,hjdb,1.0,0.9250199099167418,0.9250199099167418,0.9250199099167418,1.0,1.0,1.0,1.0,1.0,0.9152269601475056,0.9152269601475056,0.9152269601475056,1.0,1.0,1.0,1.0,64.0,0.0,0.0,0.0540672212702793,16.0,0.0,0.0,0.013245226750020933,0.0
hjdb/hjdb_Wind_It_Up_(Rewound)/track.npy,hjdb,0.38834951456310685,0.33662833341099124,0.5625011797125326,0.44956475656176187,0.33962264150943394,0.33962264150943394,0.5094339622641509,0.5094339622641509,0.30769230769230765,0.2848825293251568,0.2848825293251568,0.2848825293251568,0.35714285714285715,0.35714285714285715,0.42857142857142855,0.42857142857142855,65.0,0.0,0.0,0.14195147262838745,17.0,0.0,0.0,0.17019196354020882,0.0
hjdb/hjdb_Yaaah/track.npy,hjdb,0.9983579638752053,0.9361124258528919,0.9361124258528919,0.9361124258528919,0.9967213114754099,0.9967213114754099,0.9967213114754099,0.9967213114754099,1.0,0.9172725561007469,0.9172725561007469,0.9172725561007469,1.0,1.0,1.0,1.0,315.0,0.0,0.0,0.08701137698963579,78.0,0.0,0.0,0.010929070532195828,0.0
hjdb/hjdb_You_Got_Me_Burnin_(A.A.S_Mix)/track.npy,hjdb,0.9911504424778761,0.9493131522085249,0.9493131522085249,0.9493131522085249,0.9824561403508771,0.9824561403508771,0.9824561403508771,0.9824561403508771,1.0,0.9426512253040992,0.9426512253040992,0.9426512253040992,1.0,1.0,1.0,1.0,70.0,0.0,0.0,0.04879016416943971,17.0,0.0,0.0,0.016103547776101367,0.0
jaah/jaah_000-tito_puente-airegin/track.npy,jaah,0.3798449612403101,0.3066271155342874,0.35411843231486145,0.3303727739245744,0.024498886414253896,0.1358574610244989,0.16307692307692306,0.3353846153846154,0.08290155440414508,0.05214777880629584,0.05214777880629584,0.05214777880629584,0.15178571428571427,0.23214285714285715,0.19753086419753085,0.23214285714285715,329.0,0.0,0.0,0.10919929196498114,82.0,0.0,0.0,0.16665247823148482,0.0
jaah/jaah_004-dexter_gordon_quartet-bikini/track.npy,jaah,0.6479113384484229,0.5827338062837295,0.7351541237199742,0.6589439650018518,0.07579787234042554,0.07845744680851063,0.6437054631828979,0.6437054631828979,0.559726962457338,0.5173943414447518,0.6958369250167518,0.6066156332307517,0.07446808510638298,0.07446808510638298,0.6476190476190476,0.6476190476190476,426.0,0.0,0.0,0.10536051565779192,106.0,0.0,0.0,0.08069574452822559,0.0
jaah/jaah_010-duke_ellington_his_orchestra-blue_serge/track.npy,jaah,0.8638655462184874,0.7924196248889037,0.7924196248889037,0.7924196248889037,0.5787878787878787,0.6060606060606061,0.5787878787878787,0.6060606060606061,0.8456375838926175,0.7851445728781916,0.7851445728781916,0.7851445728781916,0.6024096385542169,0.6024096385542169,0.6024096385542169,0.6024096385542169,337.0,0.0,0.0,0.11122563511020256,85.0,0.0,0.0,0.06371996267892398,0.0
jaah/jaah_011-charlie_parker-blues_for_alice/track.npy,jaah,0.985539488320356,0.8778979691607421,0.8778979691607421,0.8778979691607421,0.8226164079822617,0.9800443458980045,0.8226164079822617,0.9800443458980045,0.9910714285714286,0.878685597142678,0.878685597142678,0.878685597142678,1.0,1.0,1.0,1.0,465.0,0.0,0.0,0.11122563511027765,116.0,0.0,0.0,0.0473872771651106,0.0
jaah/jaah_021-the_clifford_brownmax_roach_quintet-daahoud/track.npy,jaah,0.5236111111111112,0.3666850744077778,0.45654785092384315,0.4116164626658105,0.0032017075773745998,0.0032017075773745998,0.39165009940357853,0.5805168986083499,0.44321329639889195,0.3063111655930407,0.4191718145438311,0.3627414900684359,0.00425531914893617,0.00425531914893617,0.5158730158730159,0.6904761904761905,513.0,0.0,0.0,0.11122563511036077,128.0,0.0,0.0,0.10231803071303217,0.0
jaah/jaah_033-the_boswell_sisters-everybody_loves_my_baby/track.npy,jaah,0.6798245614035089,0.5337263207715929,0.567755235603058,0.5507407781873255,0.11964285714285715,0.11964285714285715,0.18181818181818182,0.40625,0.5789473684210525,0.4842308516675267,0.4842308516675267,0.4842308516675267,0.12142857142857143,0.12142857142857143,0.2159090909090909,0.2159090909090909,362.0,0.0,0.0,0.11122563511024208,91.0,0.0,0.0,0.08041825888345693,0.0
jaah/jaah_048-louis_armstrong_and_his_hot_five-hotter_than_that/track.npy,jaah,0.4645006016847172,0.41702270567509137,0.41702270567509137,0.41702270567509137,0.0,0.0,0.0,0.0,0.3942307692307693,0.3571403754108171,0.3571403754108171,0.3571403754108171,0.0,0.0,0.0,0.0,210.0,0.0,0.0,0.09763846956389732,53.0,0.0,0.0,0.1251986441411157,0.0
jaah/jaah_050-dizzy_gillespie_sextet-i_cant_get_started/track.npy,jaah,0.5042301184433164,0.43926868349725245,0.43926868349725245,0.43926868349725245,0.03357314148681055,0.03357314148681055,0.04316546762589928,0.05755395683453238,0.42857142857142855,0.377381180507731,0.5801239036657977,0.4787525420867643,0.0,0.0,0.1366906474820144,0.1510791366906475,422.0,0.0,0.0,0.11778303565640336,141.0,0.0,0.0,0.05858846885416887,0.0
jaah/jaah_058-jelly_roll_morton-king_porter_stomp/track.npy,jaah,0.886021505376344,0.8045702322203335,0.8045702322203335,0.8045702322203335,0.615234375,0.615234375,0.615234375,0.615234375,0.8755364806866952,0.7947306120664347,0.7947306120664347,0.7947306120664347,0.625,0.625,0.625,0.625,426.0,0.0,0.0,0.09531017980432915,107.0,0.0,0.0,0.05491575759612055,0.0
jaah/jaah_072-bennie_moten_and_his_kansas_city_orchestra-moten_swing/track.npy,jaah,0.46713615023474175,0.3366076618931048,0.3366076618931048,0.3366076618931048,0.0,0.0,0.0,0.0,0.4716981132075472,0.3565645642977672,0.3565645642977672,0.3565645642977672,0.0,0.0,0.0,0.0,220.0,0.0,0.0,0.06595796779180019,55.0,0.0,0.0,0.01868675307821034,0.0
jaah/jaah_076-charlie_parker-oh_lady_be_good_feat_jazz_at_the_philharmonic/track.npy,jaah,0.9988276670574443,0.9105372721967097,0.9105372721967097,0.9105372721967097,0.9976580796252927,0.9976580796252927,0.9976580796252927,0.9976580796252927,1.0,0.9080126381205795,0.9080126381205795,0.9080126381205795,1.0,1.0,1.0,1.0,436.0,0.0,0.0,0.09531017980431444,109.0,0.0,0.0,0.035679802401626194,0.0
jaah/jaah_082-louis_armstrong_and_his_hot_five-potato_head_blues/track.npy,jaah,0.933074684772066,0.8296879970865843,0.8296879970865843,0.8296879970865843,0.6711798839458414,0.9168278529980658,0.6711798839458414,0.9168278529980658,0.9027237354085603,0.8200351342423313,0.8200351342423313,0.8200351342423313,0.7441860465116279,0.9612403100775194,0.7441860465116279,0.9612403100775194,532.0,0.0,0.0,0.11122563511020256,133.0,0.0,0.0,0.06258157147700161,0.0
jaah/jaah_084-gene_krupa_and_his_orchestra-rockin_chair/track.npy,jaah,0.8665377176015473,0.7800692321859118,0.7800692321859118,0.7800692321859118,0.7394636015325671,0.8659003831417624,0.7394636015325671,0.8659003831417624,0.7906976744186046,0.712731242346287,0.712731242346287,0.712731242346287,0.8461538461538461,0.8461538461538461,0.8461538461538461,0.8461538461538461,269.0,0.0,0.0,0.09154497169861625,67.0,0.0,0.0,0.10015354264693595,0.0
jaah/jaah_085-the_george_shearing_quintet-september_in_the_rain/track.npy,jaah,0.9717223650385604,0.9141795519208336,0.9141795519208336,0.9141795519208336,0.9667519181585678,0.9667519181585678,0.9667519181585678,0.9667519181585678,0.964102564102564,0.9025382846424089,0.9025382846424089,0.9025382846424089,0.9897959183673469,0.9897959183673469,0.9897959183673469,0.9897959183673469,401.0,0.0,0.0,0.08338160893909552,101.0,0.0,0.0,0.033090631631361646,0.0
jaah/jaah_100-fletcher_henderson_and_his_orchestra-the_stampede/track.npy,jaah,0.4814814814814815,0.3417279307513689,0.4135249719555223,0.37762645135344564,0.0014104372355430183,0.005641748942172073,0.0014124293785310734,0.005641748942172073,0.6535211267605634,0.3706876031163326,0.3706876031163326,0.3706876031163326,0.7584269662921348,0.9831460674157303,0.7584269662921348,0.9831460674157303,548.0,0.0,0.0,0.11778303565638115,183.0,0.0,0.0,0.05310982531395063,0.0
jaah/jaah_105-louis_armstrong_earl_hines-weather_bird/track.npy,jaah,0.5,0.3944196457841222,0.40908627827747657,0.40175296203079935,0.0,0.0,0.234375,0.27734375,0.3333333333333333,0.2739643366386209,0.2739643366386209,0.2739643366386209,0.0,0.0,0.28125,0.28125,214.0,0.0,0.0,0.09097177820572405,53.0,0.0,0.0,0.09233131079199819,0.0
jaah/jaah_111-fletcher_henderson_and_his_orchestra-wrappin_it_up/track.npy,jaah,0.4992987377279103,0.44780417752984625,0.44780417752984625,0.44780417752984625,0.0,0.0,0.0,0.0,0.4916201117318436,0.4336472603788536,0.4336472603788536,0.4336472603788536,0.0,0.0,0.0,0.0,185.0,0.0,0.0,0.07061756721395646,47.0,0.0,0.0,0.02929340893390626,0.0
rwc/rwc_classical_CD1_01/track.npy,rwc_classical,0.4592901878914405,0.30741046583057385,0.3602271257476718,0.3338187957891228,0.0,0.0,0.03652517275419546,0.24975320829220138,0.5428571428571429,0.35522106870636255,0.35522106870636255,0.35522106870636255,0.08069164265129683,0.27953890489913547,0.08069164265129683,0.27953890489913547,856.0,0.0,0.0,0.11441035117776172,286.0,0.0,0.0,0.18155429169393444,0.0
rwc/rwc_classical_CD1_03/track.npy,rwc_classical,0.49689440993788814,0.3802538823381126,0.47171997828124834,0.4259869303096805,0.0008038585209003215,0.0008038585209003215,0.1119186046511628,0.6351744186046512,0.2594458438287154,0.18755592639063348,0.18755592639063348,0.18755592639063348,0.0,0.0,0.003215434083601286,0.022508038585209004,698.0,0.0,0.0,0.09097177820572303,175.0,0.0,0.0,0.11956437336091433,0.0
rwc/rwc_classical_CD1_05/track.npy,rwc_classical,0.7887887887887888,0.5962171358290105,0.5962171358290105,0.5962171358290105,0.07685352622061482,0.713381555153707,0.07685352622061482,0.713381555153707,0.78,0.5736309978516063,0.5736309978516063,0.5736309978516063,0.6245487364620939,0.776173285198556,0.6245487364620939,0.776173285198556,1117.0,0.0,0.0,0.08701137698946083,280.0,0.0,0.0,0.10143946131147645,0.0
rwc/rwc_classical_CD2_03/track.npy,rwc_classical,0.22769230769230772,0.15723417279459048,0.16813929896843557,0.16268673588151303,0.020801232665639446,0.12557781201849,0.020801232665639446,0.12557781201849,0.22677595628415295,0.1451239516058366,0.15999856740919055,0.1525612595075136,0.0023094688221709007,0.0023094688221709007,0.10552763819095477,0.30318257956448913,1303.0,0.0,0.0,0.11778303565644271,435.0,0.0,0.0,0.15621269798362616,0.0
rwc/rwc_classical_CD2_05/track.npy,rwc_classical,0.7023072594259989,0.46179322512708676,0.46179322512708676,0.46179322512708676,0.1490066225165563,0.7913907284768212,0.1490066225165563,0.7913907284768212,0.6216216216216217,0.4018465124263043,0.4018465124263043,0.4018465124263043,0.24172185430463577,0.7980132450331126,0.24172185430463577,0.7980132450331126,912.0,0.0,0.0,0.10008345855703238,304.0,0.0,0.0,0.11007451633660544,0.0
rwc/rwc_classical_CD3_06/track.npy,rwc_classical,0.723744292237443,0.5338453693214197,0.5338453693214197,0.5338453693214197,0.2081447963800905,0.7058823529411765,0.2081447963800905,0.7058823529411765,0.2805970149253731,0.21628728627677493,0.2741898263413385,0.24523855630905672,0.03684210526315789,0.04736842105263158,0.03684210526315789,0.06206896551724138,439.0,0.0,0.0,0.10536051565781451,147.0,0.0,0.0,0.14336041764597898,0.0
rwc/rwc_classical_CD3_07/track.npy,rwc_classical,0.5421903052064633,0.38695640829239003,0.38695640829239003,0.38695640829239003,0.04552673372154579,0.08311275807305453,0.05826271186440678,0.3146186440677966,0.44396551724137934,0.32086166901837804,0.3318116064110644,0.3263366377147212,0.08426073131955485,0.0890302066772655,0.09206349206349207,0.36507936507936506,909.0,0.0,0.0,0.1112256351102025,303.0,0.0,0.0,0.14439450488189065,0.0
rwc/rwc_classical_CD4_04/track.npy,rwc_classical,0.8950276243093922,0.6211672587891004,0.6211672587891004,0.6211672587891004,0.24125874125874125,0.7412587412587412,0.24125874125874125,0.7412587412587412,0.63,0.450912260924234,0.6202225284393874,0.5355673946818107,0.03125,0.0625,0.4166666666666667,0.7777777777777778,297.0,0.0,0.0,0.10651214854998836,75.0,0.0,0.0,0.2096598378029704,0.0
rwc/rwc_classical_CD4_09/track.npy,rwc_classical,0.9447852760736196,0.6792828092556044,0.6792828092556044,0.6792828092556044,0.32934131736526945,0.9161676646706587,0.32934131736526945,0.9161676646706587,0.6422018348623852,0.44985220890032296,0.44985220890032296,0.44985220890032296,0.3392857142857143,0.6071428571428571,0.3392857142857143,0.6071428571428571,173.0,0.0,0.0,0.08167803101425873,58.0,0.0,0.0,0.1551170920068739,0.0
rwc/rwc_classical_CD4_15/track.npy,rwc_classical,0.5231788079470199,0.3167838262274907,0.3167838262274907,0.3167838262274907,0.19375,0.49375,0.19375,0.49375,0.48,0.3053697503891619,0.3053697503891619,0.3053697503891619,0.7,0.725,0.7,0.725,170.0,0.0,0.0,0.1017826943099621,43.0,0.0,0.0,0.11488027599842254,0.0
rwc/rwc_classical_CD5_03/track.npy,rwc_classical,0.7481804949053857,0.5300608377782023,0.5300608377782023,0.5300608377782023,0.0933589990375361,0.6881616939364774,0.0933589990375361,0.6881616939364774,0.7262135922330096,0.5087960092778313,0.5087960092778313,0.5087960092778313,0.25096525096525096,0.7953667953667953,0.25096525096525096,0.7953667953667953,1030.0,0.0,0.0,0.10118796179641407,258.0,0.0,0.0,0.14787533788151558,0.0
rwc/rwc_classical_CD6_01/track.npy,rwc_classical,0.3375,0.27745900836421933,0.31412982330830774,0.29579441583626354,0.055970149253731345,0.20149253731343283,0.055970149253731345,0.20149253731343283,0.18367346938775508,0.15439109881985102,0.1614463224321399,0.15791871062599547,0.0660377358490566,0.1509433962264151,0.0660377358490566,0.1509433962264151,274.0,0.0,0.0,0.12849252018920043,92.0,0.0,0.0,0.17973668842644866,0.0
rwc/rwc_classical_CD6_02/track.npy,rwc_classical,0.5375854214123007,0.40060127375298443,0.40879383185598006,0.4046975528044823,0.007633587786259542,0.03435114503816794,0.062146892655367235,0.12429378531073447,0.28767123287671237,0.2337754993711632,0.24021673441314365,0.23699611689215344,0.0,0.0,0.11864406779661017,0.11864406779661017,191.0,0.0,0.0,0.11778303565638115,64.0,0.0,0.0,0.07675095679344174,0.0
rwc/rwc_jazz_CD1_05/track.npy,rwc_jazz,0.44324324324324327,0.313189405112782,0.3594096142940118,0.3362995097033969,0.033950617283950615,0.14506172839506173,0.24675324675324675,0.3722943722943723,0.3351351351351352,0.25644467294075807,0.30043612981367823,0.27844040137721815,0.21296296296296297,0.21296296296296297,0.3246753246753247,0.3246753246753247,236.0,0.0,0.0,0.12031359842336894,79.0,0.0,0.0,0.16735838661919883,0.0
rwc/rwc_jazz_CD1_08/track.npy,rwc_jazz,0.49090909090909085,0.42570127478080616,0.5431109824315999,0.484406128606203,0.08092485549132948,0.0838150289017341,0.36117936117936117,0.47665847665847666,0.5212765957446809,0.43924794939119727,0.43924794939119727,0.43924794939119727,0.5,0.5294117647058824,0.5,0.5294117647058824,353.0,0.0,0.0,0.11957194633031751,88.0,0.0,0.0,0.17717721816470172,0.0
rwc/rwc_jazz_CD2_04/track.npy,rwc_jazz,0.9543478260869566,0.8310521694153099,0.8310521694153099,0.8310521694153099,0.5921908893709328,0.9479392624728851,0.5921908893709328,0.9479392624728851,0.6358381502890174,0.5623594646822774,0.8262896731859158,0.6943245689340967,0.0,0.0,0.5948275862068966,0.9482758620689655,467.0,0.0,0.0,0.08701137698964329,117.0,0.0,0.0,0.0336335177799073,0.0
rwc/rwc_jazz_CD3_04/track.npy,rwc_jazz,0.6756152125279642,0.6007536021497516,0.8139234107120613,0.7073385064309065,0.07890222984562607,0.07890222984562607,0.5281803542673108,0.8115942028985508,0.9139072847682119,0.8123408538320668,0.8123408538320668,0.8123408538320668,0.8205128205128205,0.8205128205128205,0.8205128205128205,0.8205128205128205,589.0,0.0,0.0,0.11122563511020256,148.0,0.0,0.0,0.05506588985990758,0.0
rwc/rwc_jazz_CD3_06/track.npy,rwc_jazz,0.39577836411609507,0.34391049162709597,0.5773014194964918,0.4606059555617939,0.0,0.0,0.0,0.0,0.6549707602339181,0.574865309229227,0.850659122607246,0.7127622159182365,0.0,0.0,0.9956140350877193,0.9956140350877193,926.0,0.0,0.0,0.06062462181654982,232.0,0.0,0.0,0.04580953603130697,0.0
rwc/rwc_jazz_CD3_09/track.npy,rwc_jazz,0.6606606606606608,0.5589673921928588,0.7908759589536194,0.6749216755732391,0.04555808656036447,0.04555808656036447,0.17861080485115766,0.8798235942668137,0.8411633109619686,0.7043679437962962,0.7043679437962962,0.7043679437962962,0.8061674008810573,0.8061674008810573,0.8061674008810573,0.8061674008810573,883.0,0.0,0.0,0.11122563511020256,221.0,0.0,0.0,0.0549627065006066,0.0
rwc/rwc_jazz_CD3_10/track.npy,rwc_jazz,0.9920116194625999,0.8319312874699967,0.8319312874699967,0.8319312874699967,0.6280752532561505,0.9884225759768451,0.6280752532561505,0.9884225759768451,0.989106753812636,0.7872085757439253,0.7872085757439253,0.7872085757439253,0.9956521739130435,0.9956521739130435,0.9956521739130435,0.9956521739130435,702.0,0.0,0.0,0.09097177820574276,234.0,0.0,0.0,0.04409473561901583,0.0
rwc/rwc_jazz_CD4_07/track.npy,rwc_jazz,0.9609195402298851,0.7678011855318422,0.7678011855318422,0.7678011855318422,0.9338345864661655,0.9353383458646617,0.9338345864661655,0.9353383458646617,0.9573170731707317,0.7771284722624395,0.7771284722624395,0.7771284722624395,0.9337349397590361,0.9397590361445783,0.9337349397590361,0.9397590361445783,675.0,0.0,0.0,0.07819370775108503,169.0,0.0,0.0,0.04028827722062411,0.0
rwc/rwc_jazz_CD4_15/track.npy,rwc_jazz,0.9926888708367181,0.7851717808277456,0.7851717808277456,0.7851717808277456,0.8298217179902755,0.9886547811993517,0.8298217179902755,0.9886547811993517,0.990228013029316,0.8004487060915468,0.8004487060915468,0.8004487060915468,0.9935064935064936,0.9935064935064936,0.9935064935064936,0.9935064935064936,631.0,0.0,0.0,0.1053605156578656,158.0,0.0,0.0,0.02631730831737744,0.0
rwc/rwc_popular_CD1_05/track.npy,rwc_popular,0.9662921348314606,0.8737736799147072,0.8737736799147072,0.8737736799147072,0.7894736842105263,0.9574898785425101,0.7894736842105263,0.9574898785425101,0.963265306122449,0.8675880970487472,0.8675880970487472,0.8675880970487472,0.9758064516129032,0.9758064516129032,0.9758064516129032,0.9758064516129032,505.0,0.0,0.0,0.09097177820572677,127.0,0.0,0.0,0.03352269203865741,0.0
rwc/rwc_popular_CD1_11/track.npy,rwc_popular,0.9974293059125964,0.9488265798605808,0.9488265798605808,0.9488265798605808,0.9974293059125964,0.9974293059125964,0.9974293059125964,0.9974293059125964,0.9948717948717948,0.9505992108174264,0.9505992108174264,0.9505992108174264,0.9897959183673469,0.9897959183673469,0.9897959183673469,0.9897959183673469,397.0,0.0,0.0,0.06062462181646622,100.0,0.0,0.0,0.01503787736453791,0.0
rwc/rwc_popular_CD2_01/track.npy,rwc_popular,0.9811320754716981,0.9394804863503897,0.9394804863503897,0.9394804863503897,0.9655172413793104,0.9655172413793104,0.9655172413793104,0.9655172413793104,0.9732620320855614,0.9453063834968407,0.9453063834968407,0.9453063834968407,0.9578947368421052,0.9578947368421052,0.9578947368421052,0.9578947368421052,385.0,0.0,0.0,0.06453852113757533,97.0,0.0,0.0,0.008097210232634988,0.0
rwc/rwc_popular_CD2_03/track.npy,rwc_popular,0.9942291838417148,0.8985841919687767,0.8985841919687767,0.8985841919687767,0.9588815789473685,0.9884868421052632,0.9588815789473685,0.9884868421052632,0.9636963696369637,0.8355330214269117,0.8355330214269117,0.8355330214269117,0.9539473684210527,0.9539473684210527,0.9539473684210527,0.9539473684210527,619.0,0.0,0.0,0.08701137698964323,155.0,0.0,0.0,0.021739986636416964,0.0
rwc/rwc_popular_CD3_09/track.npy,rwc_popular,0.7013301088270859,0.6610476809199499,0.7755925437485113,0.7183201123342307,0.171875,0.171875,0.5841269841269842,0.5841269841269842,0.7053140096618359,0.6618797366015303,0.7807315783082713,0.7213056574549008,0.171875,0.171875,0.5822784810126582,0.5822784810126582,321.0,0.0,0.0,0.06669137449868245,81.0,0.0,0.0,0.01840538876704431,0.0
rwc/rwc_popular_CD4_02/track.npy,rwc_popular,0.6446748350612629,0.5603471427545024,0.7989938497030695,0.679670496228786,0.0,0.0,0.30277777777777776,0.8944444444444445,0.5660377358490566,0.49397806273552447,0.5060819177606782,0.5000299902481014,0.0,0.0,0.32222222222222224,0.6333333333333333,370.0,0.0,0.0,0.07896412438544644,93.0,0.0,0.0,0.1663528769128664,0.0
rwc/rwc_popular_CD4_05/track.npy,rwc_popular,0.9880043620501635,0.8990281659554947,0.8990281659554947,0.8990281659554947,0.978401727861771,0.978401727861771,0.978401727861771,0.978401727861771,0.9826086956521738,0.8587491645469753,0.8587491645469753,0.8587491645469753,0.9827586206896551,0.9827586206896551,0.9827586206896551,0.9827586206896551,474.0,0.0,0.0,0.08701137698961993,119.0,0.0,0.0,0.023576016802418755,0.0
rwc/rwc_popular_CD4_08/track.npy,rwc_popular,0.9842931937172774,0.847941011101187,0.847941011101187,0.847941011101187,0.9690721649484536,0.9690721649484536,0.9690721649484536,0.9690721649484536,0.9842931937172774,0.8695467971371719,0.8695467971371719,0.8695467971371719,0.9690721649484536,0.9690721649484536,0.9690721649484536,0.9690721649484536,394.0,0.0,0.0,0.07410797215365422,99.0,0.0,0.0,0.012422519998563475,0.0
rwc/rwc_popular_CD4_16/track.npy,rwc_popular,0.9861259338313768,0.9299317539003641,0.9299317539003641,0.9299317539003641,0.9767441860465116,0.9767441860465116,0.9767441860465116,0.9767441860465116,0.9914529914529915,0.9285148584820918,0.9285148584820918,0.9285148584820918,0.9830508474576272,0.9830508474576272,0.9830508474576272,0.9830508474576272,482.0,0.0,0.0,0.03390155167574671,120.0,0.0,0.0,0.016667052485214273,0.0
rwc/rwc_popular_CD5_15/track.npy,rwc_popular,0.8727735368956743,0.7930543516737332,0.7930543516737332,0.7930543516737332,0.6095717884130982,0.8639798488664987,0.6095717884130982,0.8639798488664987,0.8686868686868686,0.7714417990172455,0.7714417990172455,0.7714417990172455,0.96,0.96,0.96,0.96,405.0,0.0,0.0,0.08324754562344205,102.0,0.0,0.0,0.0728439355039638,0.0
rwc/rwc_popular_CD7_06/track.npy,rwc_popular,0.9957446808510638,0.9089798514167626,0.9089798514167626,0.9089798514167626,0.9949066213921901,0.9949066213921901,0.9949066213921901,0.9949066213921901,0.9931972789115646,0.8614954745536925,0.8614954745536925,0.8614954745536925,1.0,1.0,1.0,1.0,597.0,0.0,0.0,0.08701137698964323,150.0,0.0,0.0,0.010810916104236568,0.0
rwc/rwc_royalty-free_CD1_14/track.npy,rwc_royalty-free,0.6666666666666666,0.563604720465574,0.8454070806976356,0.7045059005816048,0.0,0.0,1.0,1.0,0.6717557251908397,0.5859315849583444,0.872239063972081,0.7290853244652127,0.0,0.0,1.0,1.0,181.0,0.0,0.0,0.08961215868968014,46.0,0.0,0.0,0.015021043292358599,0.0
tapcorrect/004_youtube_IwOfCgkyEj0/track.npy,tapcorrect,0.9973614775725593,0.9448081980398088,0.9448081980398088,0.9448081980398088,0.7982456140350878,0.9929824561403509,0.7982456140350878,0.9929824561403509,0.9964664310954063,0.9304937545247979,0.9304937545247979,0.9304937545247979,0.795774647887324,0.9859154929577465,0.795774647887324,0.9859154929577465,578.0,0.0,0.0,0.06453852113755787,144.0,0.0,0.0,0.02428293551954623,0.0
tapcorrect/006_youtube_I3gHugP6bPE/track.npy,tapcorrect,0.9234393404004712,0.8427826530940677,0.8427826530940677,0.8427826530940677,0.7780269058295964,0.7780269058295964,0.7780269058295964,0.7780269058295964,0.9295774647887324,0.8437540424639323,0.8437540424639323,0.8437540424639323,0.7785234899328859,0.7785234899328859,0.7785234899328859,0.7785234899328859,410.0,0.0,0.0,0.10008345855699852,137.0,0.0,0.0,0.0535146712598762,0.0
tapcorrect/010_youtube_80tX5MLX8QY/track.npy,tapcorrect,0.9606879606879606,0.8537922453000641,0.8537922453000641,0.8537922453000641,0.477326968973747,0.9236276849642004,0.477326968973747,0.9236276849642004,0.9560975609756097,0.8380885484099793,0.8380885484099793,0.8380885484099793,0.47619047619047616,0.9238095238095239,0.47619047619047616,0.9238095238095239,426.0,0.0,0.0,0.07696104113613816,107.0,0.0,0.0,0.20779396481381546,0.0
tapcorrect/012_youtube_Va0vs1fhhNI/track.npy,tapcorrect,0.6565349544072949,0.6118277920213195,0.9148399531383096,0.7633338725798146,0.0,0.0,0.9817767653758542,0.9817767653758542,0.6585365853658536,0.6074781459350114,0.912831319060252,0.7601547324976317,0.0,0.0,0.9727272727272728,0.9727272727272728,451.0,0.0,0.0,0.09531017980433143,113.0,0.0,0.0,0.02381064869372229,0.0
tapcorrect/024_youtube_S4X_l8PIobc/track.npy,tapcorrect,0.9726315789473685,0.8859249487596906,0.8859249487596906,0.8859249487596906,0.9545454545454546,0.9545454545454546,0.9545454545454546,0.9545454545454546,0.9666666666666667,0.8914316098284283,0.8914316098284283,0.8914316098284283,0.9672131147540983,0.9672131147540983,0.9672131147540983,0.9672131147540983,247.0,0.0,0.0,0.07598590697795685,62.0,0.0,0.0,0.03277184418135339,0.0
tapcorrect/029_youtube_41TNDPn9x2Y/track.npy,tapcorrect,0.7410714285714286,0.6795729391943232,0.6795729391943232,0.6795729391943232,0.40161725067385445,0.6792452830188679,0.40161725067385445,0.6792452830188679,0.7218934911242604,0.6793703669402562,0.6793703669402562,0.6793703669402562,0.40860215053763443,0.7849462365591398,0.40860215053763443,0.7849462365591398,377.0,0.0,0.0,0.0837343426657644,95.0,0.0,0.0,0.11878718945110607,0.0
tapcorrect/030_youtube_U8EDgciZZFc/track.npy,tapcorrect,0.681203007518797,0.6029030519501883,0.6029030519501883,0.6029030519501883,0.37292464878671777,0.384418901660281,0.37292464878671777,0.384418901660281,0.6666666666666667,0.5898945332277953,0.5898945332277953,0.5898945332277953,0.37755102040816324,0.413265306122449,0.37755102040816324,0.413265306122449,793.0,0.0,0.0,0.09097177820590319,199.0,0.0,0.0,0.12144197250719276,0.0
tapcorrect/037_youtube_VYCOg-yglNM/track.npy,tapcorrect,0.6479750778816199,0.573919238260825,0.8515935266684268,0.7127563824646259,0.0,0.0,0.9313432835820895,0.9313432835820895,0.9585253456221199,0.8624789147529666,0.8624789147529666,0.8624789147529666,0.9375,0.9375,0.9375,0.9375,343.0,0.0,0.0,0.06453852113758152,115.0,0.0,0.0,0.04255961441880411,0.0
tapcorrect/045_youtube_SYUgGs9IStY/track.npy,tapcorrect,0.9230769230769231,0.8303226034663872,0.8303226034663872,0.8303226034663872,0.7433962264150943,0.7433962264150943,0.7433962264150943,0.7433962264150943,0.8099173553719008,0.7273669551418165,0.7273669551418165,0.7273669551418165,0.5970149253731343,0.6119402985074627,0.5970149253731343,0.6119402985074627,273.0,0.0,0.0,0.09203110063587974,69.0,0.0,0.0,0.06636321307991638,0.0
tapcorrect/053_youtube_yuxchcK5Gek/track.npy,tapcorrect,0.9878542510121457,0.8812459921179577,0.8812459921179577,0.8812459921179577,0.976,0.976,0.976,0.976,0.9878542510121457,0.8646080678322937,0.8646080678322937,0.8646080678322937,0.976,0.976,0.976,0.976,509.0,0.0,0.0,0.07911820771227424,128.0,0.0,0.0,0.02898753687325828,0.0
tapcorrect/066_youtube_H4BB9eGUEaE/track.npy,tapcorrect,0.926829268292683,0.8499597282287259,0.8499597282287259,0.8499597282287259,0.598159509202454,0.8650306748466258,0.598159509202454,0.8650306748466258,0.8846153846153847,0.8046927773105442,0.8046927773105442,0.8046927773105442,0.5975609756097561,0.8414634146341463,0.5975609756097561,0.8414634146341463,331.0,0.0,0.0,0.075985906977943,83.0,0.0,0.0,0.09381875521765481,0.0
tapcorrect/069_youtube_8kl6q_9qZOs/track.npy,tapcorrect,0.9345794392523366,0.8047595089924128,0.8047595089924128,0.8047595089924128,0.8791079812206573,0.8791079812206573,0.8791079812206573,0.8791079812206573,0.9303482587064678,0.7564937287467322,0.7564937287467322,0.7564937287467322,0.8826291079812206,0.8826291079812206,0.8826291079812206,0.8826291079812206,852.0,0.0,0.0,0.08004270767353472,213.0,0.0,0.0,0.042788499751253706,0.0
tapcorrect/087_youtube_ej93qIAlhXs/track.npy,tapcorrect,0.9914396887159533,0.9156712081023247,0.9156712081023247,0.9156712081023247,0.9830246913580247,0.9830246913580247,0.9830246913580247,0.9830246913580247,0.9906542056074767,0.9101923392568138,0.9101923392568138,0.9101923392568138,0.9814814814814815,0.9814814814814815,0.9814814814814815,0.9814814814814815,659.0,0.0,0.0,0.09097177820573987,165.0,0.0,0.0,0.023476399491641455,0.0
tapcorrect/093_youtube_C1lbOgBtE3w/track.npy,tapcorrect,0.966903073286052,0.8425420746544275,0.8425420746544275,0.8425420746544275,0.9559164733178654,0.9559164733178654,0.9559164733178654,0.9559164733178654,0.9811320754716981,0.83084478824583,0.83084478824583,0.83084478824583,0.9629629629629629,0.9629629629629629,0.9629629629629629,0.9629629629629629,435.0,0.0,0.0,0.06899287148696556,109.0,0.0,0.0,0.017432659346280865,0.0
tapcorrect/097_youtube_Nco69szMp0Y/track.npy,tapcorrect,0.9183673469387755,0.8016102753222828,0.8016102753222828,0.8016102753222828,0.8102189781021898,0.8102189781021898,0.8102189781021898,0.8102189781021898,0.934010152284264,0.7907094871985456,0.7907094871985456,0.7907094871985456,0.8058252427184466,0.8058252427184466,0.8058252427184466,0.8058252427184466,411.0,0.0,0.0,0.0866001499928526,103.0,0.0,0.0,0.059898141581069875,0.0
