piece,dataset,beat_fmeasure,beat_cemgil,beat_cemgil_max,beat_cemgil_bt_legacy,beat_cmlc,beat_cmlt,beat_amlc,beat_amlt,downbeat_fmeasure,downbeat_cemgil,downbeat_cemgil_max,downbeat_cemgil_bt_legacy,downbeat_cmlc,downbeat_cmlt,downbeat_amlc,downbeat_amlt,beat_diag_count,beat_diag_ibi_lt_140ms,beat_diag_ibi_lt_200ms,beat_diag_log_ibi_jump_p95,downbeat_diag_count,downbeat_diag_ibi_lt_140ms,downbeat_diag_ibi_lt_200ms,downbeat_diag_log_ibi_jump_p95,downbeats_off_beat
asap/Bach_Fugue_bwv_873_Lisiecki13M/track.npy,asap,0.9358490566037737,0.810731854517916,0.810731854517916,0.810731854517916,0.1455223880597015,0.8097014925373134,0.1455223880597015,0.8097014925373134,0.4225352112676057,0.36888059072760093,0.5808879188487132,0.47488425478815705,0.0,0.0,0.027649769585253458,0.17972350230414746,276.0,0.04363636363636364,0.05454545454545454,1.4469189829361755,229.0,0.02631578947368421,0.03070175438596491,0.9135509868051757,0.0
asap/Bach_Fugue_bwv_874_BianF01/track.npy,asap,0.11801242236024845,0.0804976415755097,0.1160487737248706,0.09827320765019015,0.0,0.0,0.10666666666666667,0.5422222222222223,0.02777777777777778,0.016873656363645136,0.047527337219803505,0.03220049679172432,0.0,0.0,0.011904761904761904,0.011904761904761904,232.0,0.0,0.0,0.7383416400653944,173.0,0.0,0.0,1.1068769396437297,0.0
asap/Bach_Fugue_bwv_874_Kurz01M/track.npy,asap,0.60625,0.5566788709431763,0.8300487188718346,0.6933637949075054,0.0,0.0,0.11210762331838565,0.7309417040358744,0.43062200956937796,0.39402719190233537,0.6112404854455596,0.5026338386739475,0.0,0.0,0.024844720496894408,0.2236024844720497,229.0,0.0,0.0,0.6931471805599321,163.0,0.0,0.0,0.744440474947522,0.0
asap/Bach_Fugue_bwv_874_WongWY01M/track.npy,asap,0.5878787878787879,0.5275992761811935,0.7482486582298431,0.6379239672055184,0.0,0.0,0.14163090128755365,0.6523605150214592,0.4766839378238342,0.42475923785425407,0.6048004019294767,0.5147798198918654,0.0,0.0,0.06896551724137931,0.3448275862068966,237.0,0.0,0.0,0.6931471805599458,149.0,0.0,0.0,0.7215903794896025,0.0
asap/Bach_Fugue_bwv_875_Ahfat01M/track.npy,asap,0.6476868327402135,0.5803623192308578,0.7163688500415077,0.6483655846361828,0.02247191011235955,0.11797752808988764,0.15609756097560976,0.6,0.2380952380952381,0.21541131931708613,0.31350253191589883,0.2644569256164925,0.0,0.0,0.007042253521126761,0.014084507042253521,185.0,0.0,0.0,0.7472144018302218,146.0,0.0,0.0,0.9080367237441523,0.0
asap/Bach_Fugue_bwv_875_CaoJ01M/track.npy,asap,0.6973180076628354,0.6168902261465539,0.691360061498315,0.6541251438224345,0.031446540880503145,0.2138364779874214,0.07389162561576355,0.458128078817734,0.2649006622516556,0.24366456661611516,0.3893322749168031,0.3164984207664591,0.0,0.0,0.015873015873015872,0.015873015873015872,165.0,0.0,0.012195121951219513,1.0967430753668967,129.0,0.0,0.0078125,1.347106454914494,0.0
asap/Bach_Fugue_bwv_883_GuoE01M/track.npy,asap,0.899488926746167,0.8180403737616895,0.8180403737616895,0.8180403737616895,0.12380952380952381,0.6952380952380952,0.12380952380952381,0.6952380952380952,0.3729903536977492,0.34147737234365416,0.5210984427414974,0.4312879075425758,0.0,0.0,0.012345679012345678,0.0823045267489712,321.0,0.003125,0.003125,0.7146533857809046,247.0,0.0,0.0,0.7259370033829624,0.0
asap/Bach_Fugue_bwv_883_Herbert02/track.npy,asap,0.01092896174863388,0.02270004120768228,0.02270004120768228,0.02270004120768228,0.08664259927797834,0.4729241877256318,0.08664259927797834,0.4729241877256318,0.0,0.007281418167064576,0.013298236798954232,0.010289827483009405,0.0,0.0,0.008130081300813009,0.016260162601626018,284.0,0.0,0.0,0.5507698079798801,251.0,0.0,0.0,0.7071752904080546,0.0
asap/Bach_Fugue_bwv_883_KaiRuiR03/track.npy,asap,0.024691358024691357,0.019930614248678376,0.1786109696440933,0.09927079194638583,0.006779661016949152,0.02711864406779661,0.26101694915254237,0.5016949152542373,0.0,0.0027973230231388,0.005701671141216408,0.004249497082177604,0.0,0.0,0.013761467889908258,0.08256880733944955,304.0,0.0033003300330033004,0.0033003300330033004,0.7242975122417687,222.0,0.0,0.0,0.7750769046326381,0.0
asap/Bach_Fugue_bwv_883_Khmara04/track.npy,asap,0.006711409395973154,0.005364269574554627,0.005364269574554627,0.005364269574554627,0.0030959752321981426,0.0030959752321981426,0.043343653250773995,0.25077399380804954,0.0,6.599840824057852e-05,0.00010199543933143672,8.399692378600762e-05,0.0,0.0,0.003703703703703704,0.022222222222222223,328.0,0.0030581039755351682,0.0030581039755351682,0.7156200364119676,274.0,0.003663003663003663,0.003663003663003663,0.7447519960590828,0.0
asap/Bach_Fugue_bwv_883_LuM01M/track.npy,asap,0.9675090252707581,0.8633325288124518,0.8633325288124518,0.8633325288124518,0.37809187279151946,0.9151943462897526,0.37809187279151946,0.9151943462897526,0.45323741007194246,0.4172893154442082,0.6168543808361645,0.5170718481401864,0.0,0.0,0.05714285714285714,0.24761904761904763,291.0,0.006896551724137931,0.010344827586206896,0.6931471805599464,215.0,0.0,0.0,0.7419373447293417,0.0
asap/Bach_Fugue_bwv_885_Guo01M/track.npy,asap,0.833976833976834,0.7536323045430329,0.7536323045430329,0.7536323045430329,0.12318840579710146,0.6195652173913043,0.12318840579710146,0.6195652173913043,0.43934426229508194,0.392125148572676,0.392125148572676,0.392125148572676,0.004464285714285714,0.004464285714285714,0.013392857142857142,0.044642857142857144,283.0,0.0070921985815602835,0.010638297872340425,0.7621400520468832,230.0,0.0,0.0,1.0986122886680625,0.0
asap/Bach_Fugue_bwv_885_Huang04M/track.npy,asap,0.8729281767955802,0.7945840794646819,0.7945840794646819,0.7945840794646819,0.19333333333333333,0.6233333333333333,0.19333333333333333,0.6233333333333333,0.43373493975903615,0.39700423298494975,0.39700423298494975,0.39700423298494975,0.00398406374501992,0.00398406374501992,0.00796812749003984,0.01593625498007968,306.0,0.019672131147540985,0.019672131147540985,0.7503055943999225,256.0,0.01568627450980392,0.01568627450980392,0.9787358318606885,0.0
asap/Bach_Fugue_bwv_885_JeonH01M/track.npy,asap,0.8640595903165735,0.7464665630119947,0.7464665630119947,0.7464665630119947,0.14864864864864866,0.6148648648648649,0.14864864864864866,0.6148648648648649,0.4281345565749235,0.3633887698183328,0.3633887698183328,0.3633887698183328,0.0,0.0,0.008130081300813009,0.012195121951219513,303.0,0.0033112582781456954,0.016556291390728478,0.7259370033828827,251.0,0.0,0.004,0.8568292240699485,0.0
asap/Bach_Fugue_bwv_885_SINKEV06/track.npy,asap,0.04460966542750929,0.062271379404234516,0.0655369512547394,0.06390416532948696,0.013468013468013467,0.17845117845117844,0.013468013468013467,0.17845117845117844,0.006666666666666666,0.020101059099263796,0.030235968129311105,0.02516851361428745,0.0,0.0,0.0091324200913242,0.0502283105022831,304.0,0.0297029702970297,0.039603960396039604,1.0986122886681184,226.0,0.017777777777777778,0.017777777777777778,1.1647577925182124,0.0
asap/Bach_Prelude_bwv_857_Bult-ItoS02M/track.npy,asap,0.8606060606060606,0.7822993748625032,0.7822993748625032,0.7822993748625032,0.15476190476190477,0.6190476190476191,0.15476190476190477,0.6190476190476191,0.4470588235294118,0.4057956659649183,0.48676624847829636,0.4462809572216073,0.0,0.0,0.0625,0.25,88.0,0.0,0.0,0.9798936487980272,68.0,0.0,0.0,1.1592059414338334,0.0
asap/Bach_Prelude_bwv_857_Lan01M/track.npy,asap,0.7074235807860261,0.6725045627511078,0.8642711581465771,0.7683878604488424,0.013513513513513514,0.11486486486486487,0.18633540372670807,0.7701863354037267,0.3888888888888889,0.3670221691242887,0.512287552440867,0.43965486078257787,0.0,0.0,0.034482758620689655,0.08045977011494253,155.0,0.0,0.0,0.7243096550858251,92.0,0.0,0.0,1.1149781119801088,0.0
asap/Bach_Prelude_bwv_857_Lisiecki04M/track.npy,asap,0.7938144329896907,0.7455341840074242,0.7455341840074242,0.7455341840074242,0.0625,0.375,0.0625,0.375,0.4038461538461538,0.3812432549502607,0.45744957266346575,0.4193464138068632,0.0,0.0,0.024096385542168676,0.10843373493975904,115.0,0.0,0.0,0.7693444868734112,85.0,0.0,0.0,1.0962866024516904,0.0
asap/Bach_Prelude_bwv_857_ToA01M/track.npy,asap,0.7272727272727273,0.6585131333975563,0.6855726426584319,0.6720428880279941,0.03937007874015748,0.1968503937007874,0.17791411042944785,0.5460122699386503,0.4,0.3554752747226224,0.4267526845939084,0.39111397965826544,0.0,0.0,0.03571428571428571,0.09523809523809523,132.0,0.0,0.0,1.1120099302278743,88.0,0.0,0.0,0.976918060649391,0.0
asap/Bach_Prelude_bwv_857_WangA01M/track.npy,asap,0.6532258064516129,0.5578750948162088,0.8252778247770824,0.6915764597966456,0.006024096385542169,0.024096385542168676,0.2289156626506024,0.8734939759036144,0.2898550724637681,0.2500403627280912,0.3835905651951615,0.31681546396162635,0.0,0.0,0.0,0.0,172.0,0.0,0.0,0.6736633607422923,120.0,0.0,0.0,0.7435525980712365,0.0
asap/Bach_Prelude_bwv_857_YuP01M/track.npy,asap,0.7959183673469387,0.7158415346883734,0.7158415346883734,0.7158415346883734,0.06086956521739131,0.40869565217391307,0.06086956521739131,0.40869565217391307,0.40816326530612246,0.3681860348763069,0.4585415523739514,0.41336379362512915,0.0,0.0,0.05194805194805195,0.12987012987012986,120.0,0.0,0.0,0.7540561626511129,81.0,0.0,0.0,0.9855178544167906,0.0
asap/Bach_Prelude_bwv_864_SunD01M/track.npy,asap,0.7065217391304348,0.6495354205873705,0.6558583342178603,0.6526968774026154,0.2916666666666667,0.5104166666666666,0.2916666666666667,0.5104166666666666,0.3404255319148936,0.3038720118470396,0.4645966751026438,0.3842343434748417,0.0,0.0,0.05555555555555555,0.1388888888888889,104.0,0.0,0.0,1.0613695256155826,79.0,0.0,0.0,1.1192315758708413,0.0
asap/Bach_Prelude_bwv_865_Rizikov01M/track.npy,asap,0.4724919093851132,0.33967161202214746,0.37027638706987714,0.3549739995460123,0.004291845493562232,0.017167381974248927,0.008583690987124463,0.034334763948497854,0.3466666666666667,0.25846036741172895,0.26037826092643757,0.25941931416908326,0.0,0.0,0.016129032258064516,0.024193548387096774,249.0,0.3024193548387097,0.39919354838709675,1.3971234416940346,133.0,0.13636363636363635,0.1893939393939394,1.3364353469905303,0.0
asap/Bach_Prelude_bwv_865_Teo01M/track.npy,asap,0.43504531722054385,0.30198539540910807,0.34733845436814637,0.3246619248886272,0.0078125,0.01171875,0.0078125,0.01953125,0.25698324022346375,0.19499107557988807,0.21473454870486472,0.2048628121423764,0.0,0.0,0.006493506493506494,0.006493506493506494,275.0,0.34306569343065696,0.4562043795620438,1.098612288668139,169.0,0.1130952380952381,0.19047619047619047,1.253099090818552,0.0
asap/Bach_Prelude_bwv_865_ZhangE01M/track.npy,asap,0.5106382978723405,0.3896038538915191,0.3896038538915191,0.3896038538915191,0.014563106796116505,0.03398058252427184,0.014563106796116505,0.03398058252427184,0.3006535947712418,0.24180750330896877,0.24180750330896877,0.24180750330896877,0.0,0.0,0.0,0.0,216.0,0.19069767441860466,0.2837209302325581,1.280933845462061,135.0,0.05970149253731343,0.11194029850746269,1.6797529956639232,0.0
asap/Bach_Prelude_bwv_867_HuNY01M/track.npy,asap,0.6385964912280702,0.5920927565427277,0.7820658313008141,0.6870792939217709,0.0051813471502590676,0.025906735751295335,0.40932642487046633,0.8290155440414507,0.3216783216783217,0.2976233592160562,0.337786763041701,0.31770506112887864,0.0,0.0,0.0,0.0,198.0,0.030456852791878174,0.030456852791878174,0.7152495745620389,124.0,0.008130081300813009,0.008130081300813009,0.7431576011346142,0.0
asap/Bach_Prelude_bwv_867_Sham01M/track.npy,asap,0.6545454545454545,0.6019749139767774,0.8329130057756604,0.7174439598762189,0.0,0.0,0.7978142076502732,0.9180327868852459,0.3492063492063492,0.3237816093416468,0.4306350240412748,0.3772083166914608,0.0,0.0,0.009708737864077669,0.009708737864077669,188.0,0.0,0.0,0.41740601310167913,106.0,0.0,0.0,0.7516561114491477,0.0
asap/Bach_Prelude_bwv_875_Ahfat01M/track.npy,asap,0.8098765432098765,0.6318174363592095,0.6318174363592095,0.6318174363592095,0.15384615384615385,0.5299145299145299,0.15384615384615385,0.5299145299145299,0.4336283185840708,0.3552403123943685,0.3552403123943685,0.3552403123943685,0.011834319526627219,0.01775147928994083,0.011834319526627219,0.03550295857988166,248.0,0.17813765182186234,0.23076923076923078,1.5966145888372112,175.0,0.14367816091954022,0.1839080459770115,1.7917594692280807,0.0
asap/Bach_Prelude_bwv_875_CaoJ01M/track.npy,asap,0.936986301369863,0.7473001965572972,0.7473001965572972,0.7473001965572972,0.16580310880829016,0.8186528497409327,0.16580310880829016,0.8186528497409327,0.51,0.4086270434024793,0.4086270434024793,0.4086270434024793,0.007042253521126761,0.014084507042253521,0.007042253521126761,0.014084507042253521,204.0,0.07389162561576355,0.09359605911330049,1.6094379124341,152.0,0.052980132450331126,0.0728476821192053,1.6618585113264766,0.0
asap/Bach_Prelude_bwv_875_HONG04M/track.npy,asap,0.7777777777777778,0.5695424568697649,0.5695424568697649,0.5695424568697649,0.1,0.41923076923076924,0.1,0.41923076923076924,0.45098039215686275,0.34949046296726183,0.34949046296726183,0.34949046296726183,0.00684931506849315,0.00684931506849315,0.00684931506849315,0.02054794520547945,274.0,0.28205128205128205,0.31135531135531136,1.6094379124341267,153.0,0.1118421052631579,0.13157894736842105,2.105075167870756,0.0
asap/Balakirev_Islamey_CHEN10M/track.npy,asap,0.6506483600305111,0.4836734347192938,0.4836734347192938,0.4836734347192938,0.013810420590081607,0.25109855618330196,0.013810420590081607,0.25109855618330196,0.4210526315789474,0.32475256548687653,0.3634772561723982,0.34411491082963735,0.006564551422319475,0.06236323851203501,0.010940919037199124,0.16411378555798686,1613.0,0.3467741935483871,0.4267990074441687,1.5040773967762937,922.0,0.19001085776330076,0.23778501628664495,1.9099115102491742,0.0
asap/Balakirev_Islamey_Na08M/track.npy,asap,0.65402124430956,0.4802351082190467,0.4915996269631199,0.4859173675910833,0.014906832298136646,0.2217391304347826,0.014906832298136646,0.2217391304347826,0.4312757201646091,0.3422735552461228,0.398540906220533,0.37040723073332793,0.00684931506849315,0.05593607305936073,0.010273972602739725,0.19863013698630136,1640.0,0.3862111043319097,0.48688224527150703,1.4469189829366178,887.0,0.18171557562076748,0.23363431151241534,1.9459101490552932,0.0
asap/Balakirev_Islamey_Yi04M/track.npy,asap,0.6952826179345517,0.5393948149464572,0.5393948149464572,0.5393948149464572,0.018154311649016642,0.36232980332829046,0.018154311649016642,0.36232980332829046,0.47551202137132675,0.37911913201172237,0.4315980114902299,0.4053585717509761,0.010217113665389528,0.10217113665389528,0.020434227330779056,0.23371647509578544,1331.0,0.20601503759398496,0.2789473684210526,1.5040773967765106,788.0,0.09275730622617535,0.1372299872935197,1.7676619176490602,0.0
asap/Beethoven_Piano_Sonatas_24-2_Lisiecki05M/track.npy,asap,0.6241519674355496,0.47267051388450254,0.47267051388450254,0.47267051388450254,0.044270833333333336,0.2864583333333333,0.044270833333333336,0.2864583333333333,0.5630630630630631,0.4526775341972938,0.46079534738347006,0.4567364407903819,0.04119850187265917,0.23595505617977527,0.04119850187265917,0.23595505617977527,401.0,0.21,0.2775,1.3862943611199374,277.0,0.12681159420289856,0.16304347826086957,1.6545145400427288,0.0
asap/Beethoven_Piano_Sonatas_4-1_Chon03M/track.npy,asap,0.7414634146341463,0.6107003541967593,0.6107003541967593,0.6107003541967593,0.03729281767955801,0.494475138121547,0.03729281767955801,0.494475138121547,0.6132665832290363,0.5204569532654779,0.5204569532654779,0.5204569532654779,0.05191873589164785,0.32505643340857787,0.05191873589164785,0.32505643340857787,731.0,0.1095890410958904,0.1506849315068493,1.6094379124340645,447.0,0.053811659192825115,0.07174887892376682,1.6094379124340719,0.0
asap/Beethoven_Piano_Sonatas_4-1_LeeE02M/track.npy,asap,0.8061581525542337,0.6667254033073496,0.6667254033073496,0.6667254033073496,0.04178272980501393,0.5863509749303621,0.04178272980501393,0.5863509749303621,0.6950182260024301,0.5837393886411694,0.5837393886411694,0.5837393886411694,0.03640256959314775,0.3511777301927195,0.03640256959314775,0.3511777301927195,724.0,0.07745504840940526,0.13692946058091288,1.280933845462075,472.0,0.01910828025477707,0.044585987261146494,1.1901880072058633,0.0
asap/Beethoven_Piano_Sonatas_4-1_LiA04M/track.npy,asap,0.7428180574555404,0.6066778845573839,0.6066778845573839,0.6066778845573839,0.02663115845539281,0.4793608521970706,0.02663115845539281,0.4793608521970706,0.6327272727272727,0.5366972932038268,0.5366972932038268,0.5366972932038268,0.04051172707889126,0.3283582089552239,0.04051172707889126,0.3283582089552239,757.0,0.11375661375661375,0.16666666666666666,1.5040773967765106,473.0,0.0614406779661017,0.0847457627118644,1.6848779279137311,0.0
asap/Beethoven_Piano_Sonatas_4-1_SirajA02M/track.npy,asap,0.7501730103806228,0.6230173069343171,0.6230173069343171,0.6230173069343171,0.03137789904502047,0.4965893587994543,0.03137789904502047,0.4965893587994543,0.6094117647058824,0.5202201326956193,0.5379477238991548,0.529083928297387,0.030364372469635626,0.27530364372469635,0.030364372469635626,0.27530364372469635,740.0,0.09066305818673884,0.15426251691474965,1.4469189829363869,498.0,0.04627766599597585,0.0925553319919517,1.6192430907224822,0.0
asap/Chopin_Ballades_4_ChenC04M/track.npy,asap,0.4860759493670886,0.39683901922346043,0.4036832489182121,0.4002611340708363,0.01,0.11636363636363636,0.01,0.13545454545454547,0.39697950377562025,0.32258787733547295,0.36899785384263406,0.34579286558905353,0.005822416302765648,0.03202328966521106,0.01455604075691412,0.28093158660844253,1105.0,0.29347826086956524,0.34601449275362317,1.5260563034953014,691.0,0.15942028985507245,0.1855072463768116,1.8870696490323002,0.0
asap/Chopin_Ballades_4_Kociuban07M/track.npy,asap,0.47281323877068565,0.38998769280661216,0.39418798952301887,0.39208784116481554,0.008257638315441783,0.09661436829066887,0.008257638315441783,0.09991742361684558,0.3857442348008386,0.3227300365582021,0.36198635068734675,0.3423581936227744,0.005610098176718092,0.025245441795231416,0.016830294530154277,0.27349228611500703,1215.0,0.29736408566721584,0.3797364085667216,1.4469189829359073,717.0,0.1564245810055866,0.1857541899441341,1.7917594692279222,0.0
asap/Chopin_Ballades_4_Levitsky18M/track.npy,asap,0.5733840304182509,0.48927114998869176,0.48927114998869176,0.48927114998869176,0.010778443113772455,0.19760479041916168,0.010778443113772455,0.19760479041916168,0.45764854614412137,0.3956351978090809,0.4136947957287125,0.40466499676889667,0.007259528130671506,0.04900181488203267,0.02722323049001815,0.36116152450090744,838.0,0.15890083632019117,0.1816009557945042,1.6094379124342069,554.0,0.05244122965641953,0.06329113924050633,1.8177456343967253,0.0
asap/Chopin_Ballades_4_LuEric04M/track.npy,asap,0.5041586692258477,0.4216153049702011,0.4216153049702011,0.4216153049702011,0.014773776546629732,0.14496768236380425,0.014773776546629732,0.14496768236380425,0.3969465648854962,0.33921267827575763,0.38898858162244737,0.36410062994910253,0.005908419497784343,0.023633677991137372,0.023633677991137372,0.310192023633678,1088.0,0.250229990800368,0.30358785648574055,1.3862943611194463,682.0,0.13069016152716592,0.16005873715124816,1.7917594692282146,0.0
asap/Chopin_Ballades_4_MiyashitaM04M/track.npy,asap,0.4646464646464646,0.3823880222145154,0.39247376216388513,0.38743089218920024,0.011637572734829594,0.10806317539484622,0.011637572734829594,0.10806317539484622,0.41431670281995664,0.33472990699155747,0.4027807128173811,0.36875530990446925,0.005865102639296188,0.020527859237536656,0.01466275659824047,0.312316715542522,1208.0,0.27009113504556753,0.3371996685998343,1.3350010667329533,687.0,0.11078717201166181,0.1326530612244898,1.7681364315341417,0.0
asap/Chopin_Ballades_4_Mizumoto02M/track.npy,asap,0.5354439091534755,0.443315246026687,0.443315246026687,0.443315246026687,0.009249743062692703,0.1500513874614594,0.009249743062692703,0.1500513874614594,0.4300341296928328,0.3596224695631711,0.3961810917168514,0.37790178064001123,0.006259780907668232,0.03129890453834116,0.028169014084507043,0.3082942097026604,978.0,0.17400204708290687,0.21903787103377687,1.395507461502405,644.0,0.07931570762052877,0.09486780715396578,1.6006837065290784,0.0
asap/Chopin_Ballades_4_Nikiforov13M/track.npy,asap,0.5076071922544952,0.42501810820149205,0.42501810820149205,0.42501810820149205,0.010351966873706004,0.14803312629399587,0.010351966873706004,0.14803312629399587,0.401360544217687,0.34570385161181394,0.3875766827255222,0.36664026716866804,0.006230529595015576,0.02336448598130841,0.028037383177570093,0.3037383177570093,972.0,0.19979402677651906,0.23892893923789907,1.6362725027268483,648.0,0.08500772797527048,0.10664605873261206,1.8145621640864795,0.0
asap/Chopin_Etudes_op_25_11_KimSuyeon03M/track.npy,asap,0.7603513174404014,0.6189198450139378,0.6189198450139378,0.6189198450139378,0.047505938242280284,0.517814726840855,0.047505938242280284,0.517814726840855,0.4899135446685879,0.41847164563130596,0.526807441488362,0.47263954355983395,0.007905138339920948,0.02766798418972332,0.039525691699604744,0.33201581027667987,426.0,0.1411764705882353,0.18352941176470589,1.66399081054113,258.0,0.058365758754863814,0.08171206225680934,1.749199854809342,0.0
asap/Chopin_Etudes_op_25_11_KyykhynenT10M/track.npy,asap,0.8125819134993446,0.6344512946125288,0.6344512946125288,0.6344512946125288,0.11917098445595854,0.6476683937823834,0.11917098445595854,0.6476683937823834,0.468421052631579,0.3845622875672124,0.5476063491232801,0.4660843183452462,0.0035087719298245615,0.0035087719298245615,0.03508771929824561,0.2912280701754386,390.0,0.07712082262210797,0.10539845758354756,1.5193722200928315,289.0,0.027777777777777776,0.03819444444444445,1.3727582305357984,0.0
asap/Chopin_Etudes_op_25_11_Lisiecki07M/track.npy,asap,0.7418181818181819,0.634415221176288,0.634415221176288,0.634415221176288,0.06263982102908278,0.4966442953020134,0.06263982102908278,0.4966442953020134,0.41927710843373495,0.36567334022348913,0.49851142806849963,0.4320923841459944,0.003125,0.0125,0.03125,0.196875,450.0,0.133630289532294,0.2182628062360802,1.476260925678457,323.0,0.062111801242236024,0.11801242236024845,1.6292405397302618,0.0
asap/Chopin_Etudes_op_25_11_MiyashitaM03M/track.npy,asap,0.7138461538461538,0.5743650026512598,0.5743650026512598,0.5743650026512598,0.038461538461538464,0.38294314381270905,0.038461538461538464,0.38294314381270905,0.38095238095238093,0.3172313220321765,0.4754542816535166,0.39634280184284654,0.0,0.0,0.021798365122615803,0.15803814713896458,602.0,0.21797004991680533,0.33777038269550747,1.4350845252892501,371.0,0.08378378378378379,0.14594594594594595,1.6242534799882462,0.0
asap/Chopin_Etudes_op_25_11_Richardson_2013_08M/track.npy,asap,0.8389513108614234,0.6913369088263586,0.6913369088263586,0.6913369088263586,0.14150943396226415,0.6698113207547169,0.14150943396226415,0.6698113207547169,0.4574468085106383,0.3947187914241736,0.5826509203131874,0.4886848558686805,0.0071174377224199285,0.014234875444839857,0.05338078291814947,0.3701067615658363,428.0,0.11007025761124122,0.17096018735362997,1.2959145491347683,285.0,0.06690140845070422,0.10211267605633803,1.4350845252893212,0.0
asap/Chopin_Etudes_op_25_11_Richardson_2015_03M/track.npy,asap,0.6900702106318957,0.5626462431483243,0.5626462431483243,0.5626462431483243,0.03064516129032258,0.3016129032258065,0.03064516129032258,0.3016129032258065,0.4018264840182648,0.3338614352996062,0.47704347664985974,0.405452455974733,0.0029154518950437317,0.0029154518950437317,0.03206997084548105,0.17201166180758018,624.0,0.16693418940609953,0.2857142857142857,1.2719555404470073,347.0,0.04335260115606936,0.06647398843930635,1.2237754316221257,0.0
asap/Chopin_Etudes_op_25_11_Sham02M/track.npy,asap,0.8066825775656323,0.6601547579821836,0.6601547579821836,0.6601547579821836,0.05434782608695652,0.5652173913043478,0.05434782608695652,0.5652173913043478,0.47150259067357514,0.4057025114494887,0.5656274006158262,0.48566495603265747,0.006872852233676976,0.010309278350515464,0.048109965635738834,0.3127147766323024,463.0,0.12337662337662338,0.18398268398268397,1.7047480922384413,294.0,0.06484641638225255,0.07508532423208192,1.7247513853953298,0.0
asap/Chopin_Etudes_op_25_11_Shychko03M/track.npy,asap,0.7454128440366972,0.5858653149476705,0.5858653149476705,0.5858653149476705,0.04233870967741935,0.4576612903225806,0.04233870967741935,0.4576612903225806,0.4274809160305343,0.3401178952010353,0.4810677651459291,0.4105928301734822,0.0033444816053511705,0.006688963210702341,0.030100334448160536,0.29431438127090304,501.0,0.168,0.248,1.6582280766034625,303.0,0.09271523178807947,0.13245033112582782,1.7047480922382636,0.0
asap/Chopin_Etudes_op_25_11_Song02M/track.npy,asap,0.825090470446321,0.6964767683580358,0.6964767683580358,0.6964767683580358,0.10199556541019955,0.6274944567627494,0.10199556541019955,0.6274944567627494,0.4489795918367347,0.37666232397272975,0.5386008128905075,0.4576315684316187,0.003367003367003367,0.006734006734006734,0.030303030303030304,0.26936026936026936,454.0,0.11699779249448124,0.16556291390728478,1.504077396776366,300.0,0.03678929765886288,0.05016722408026756,1.673960018319235,0.0
asap/Chopin_Etudes_op_25_11_WangA02M/track.npy,asap,0.6314814814814815,0.5003207779680775,0.5284411442038426,0.51438096108596,0.015602836879432624,0.2127659574468085,0.015602836879432624,0.2127659574468085,0.38009049773755654,0.3017896810803933,0.4471961261851367,0.374492903632765,0.0028735632183908046,0.0028735632183908046,0.028735632183908046,0.14655172413793102,711.0,0.2563380281690141,0.4070422535211268,1.2527629684953696,354.0,0.0821529745042493,0.11898016997167139,1.4491481698661823,0.0
asap/Chopin_Etudes_op_25_1_LeeN03M/track.npy,asap,0.5421133231240429,0.447547476393923,0.6185205438535858,0.5330340101237544,0.006437768240343348,0.04721030042918455,0.02575107296137339,0.38412017167381973,0.34426229508196726,0.30341113179400747,0.40232629183497165,0.35286871181448953,0.0,0.0,0.02030456852791878,0.06598984771573604,481.0,0.26458333333333334,0.3625,1.4469189829363074,203.0,0.0891089108910891,0.10891089108910891,1.9810014688666016,0.0
asap/Chopin_Etudes_op_25_1_TongB02M/track.npy,asap,0.508833922261484,0.37739172057773296,0.463492224032112,0.4204419723049225,0.0158311345646438,0.10290237467018469,0.018469656992084433,0.24538258575197888,0.358974358974359,0.2548106908342394,0.3333317356278763,0.2940712132310579,0.0,0.0,0.03208556149732621,0.1497326203208556,384.0,0.2741514360313316,0.31592689295039167,1.4469189829363565,191.0,0.15789473684210525,0.18947368421052632,2.0149030205422624,0.0
asap/Chopin_Etudes_op_25_1_TuanS04M/track.npy,asap,0.690423162583519,0.5747762510971755,0.5747762510971755,0.5747762510971755,0.04961832061068702,0.2862595419847328,0.05361930294906166,0.2862595419847328,0.49438202247191004,0.41955525039955854,0.4656904930280846,0.44262287171382153,0.015267175572519083,0.05343511450381679,0.061068702290076333,0.20610687022900764,266.0,0.1018867924528302,0.13584905660377358,1.5850600730094255,133.0,0.030303030303030304,0.030303030303030304,1.4891598225384217,0.0
asap/Chopin_Etudes_op_25_1_Wong03M/track.npy,asap,0.6305882352941177,0.541732606622858,0.541732606622858,0.541732606622858,0.05042016806722689,0.25630252100840334,0.05042016806722689,0.25630252100840334,0.42487046632124353,0.37439888880904304,0.4520672183838609,0.41323305359645196,0.0136986301369863,0.0273972602739726,0.0684931506849315,0.2191780821917808,240.0,0.13389121338912133,0.20502092050209206,1.3217558399823033,148.0,0.061224489795918366,0.10204081632653061,1.911971955358016,0.0
asap/Haydn_Keyboard_Sonatas_31-1_Song05M/track.npy,asap,0.6063977746870655,0.4773498925339642,0.5429849018290983,0.5101673971815313,0.027896995708154508,0.18025751072961374,0.031683168316831684,0.29504950495049503,0.3432343234323433,0.2834773661507582,0.37806044870747846,0.33076890742911835,0.004166666666666667,0.004166666666666667,0.025,0.1375,472.0,0.22717622080679406,0.25902335456475584,1.3862943611199148,243.0,0.07024793388429752,0.07851239669421488,1.84054963339748,0.0
asap/Haydn_Keyboard_Sonatas_48-1_GarritsonL02M/track.npy,asap,0.6190476190476191,0.5162777812679332,0.5162777812679332,0.5162777812679332,0.020964360587002098,0.36268343815513626,0.020964360587002098,0.36268343815513626,0.5009633911368016,0.44048221989509895,0.44048221989509895,0.44048221989509895,0.008333333333333333,0.08055555555555556,0.008333333333333333,0.09166666666666666,452.0,0.06873614190687362,0.09312638580931264,1.8252880430016467,365.0,0.027472527472527472,0.04120879120879121,1.9838941797950451,0.0
asap/Haydn_Keyboard_Sonatas_48-1_PrjevalskayaM02M/track.npy,asap,0.6429418742586003,0.5053461806805698,0.5053461806805698,0.5053461806805698,0.02100840336134454,0.3172268907563025,0.02100840336134454,0.3172268907563025,0.5695364238410596,0.4488379017057207,0.4488379017057207,0.4488379017057207,0.013605442176870748,0.15306122448979592,0.013605442176870748,0.15306122448979592,372.0,0.04851752021563342,0.07547169811320754,1.6407737759954029,298.0,0.02356902356902357,0.05387205387205387,1.6377625501653417,0.0
asap/Rachmaninoff_Preludes_op_23_4_ChenGuang12M/track.npy,asap,0.6365914786967419,0.5429925098176324,0.5429925098176324,0.5429925098176324,0.022222222222222223,0.23555555555555555,0.022222222222222223,0.23555555555555555,0.5422222222222223,0.45963435104681316,0.45963435104681316,0.45963435104681316,0.02666666666666667,0.13333333333333333,0.02666666666666667,0.13333333333333333,178.0,0.005649717514124294,0.005649717514124294,1.423827997842147,153.0,0.006578947368421052,0.006578947368421052,1.4305899758976692,0.0
asap/Rachmaninoff_Preludes_op_23_4_WuuE07M/track.npy,asap,0.6395112016293278,0.5800718799208692,0.5800718799208692,0.5800718799208692,0.026217228464419477,0.30711610486891383,0.026217228464419477,0.30711610486891383,0.4119850187265917,0.3821926180491228,0.3821926180491228,0.3821926180491228,0.010416666666666666,0.052083333333333336,0.010416666666666666,0.09375,269.0,0.06343283582089553,0.10074626865671642,1.4741873173968845,194.0,0.02072538860103627,0.031088082901554404,1.6645107200777363,0.0
asap/Schubert_Moment_Musical_no_1_MunA10M/track.npy,asap,0.5525291828793775,0.48793257236472454,0.48793257236472454,0.48793257236472454,0.015521064301552107,0.1973392461197339,0.015521064301552107,0.1973392461197339,0.4258373205741627,0.37941662122554876,0.37941662122554876,0.37941662122554876,0.00749063670411985,0.0749063670411985,0.013289036544850499,0.07641196013289037,324.0,0.02786377708978328,0.04953560371517028,1.5193794601070456,270.0,0.007434944237918215,0.007434944237918215,1.602922839610551,0.0
ballroom/ballroom_Albums-Ballroom_Classics4-05/track.npy,ballroom,0.8571428571428571,0.6550646549263252,0.6550646549263252,0.6550646549263252,0.7837837837837838,0.8378378378378378,0.7837837837837838,0.8378378378378378,0.8695652173913043,0.7836448707575903,0.7836448707575903,0.7836448707575903,0.9166666666666666,0.9166666666666666,0.9166666666666666,0.9166666666666666,39.0,0.0,0.0,0.8212286274254993,14.0,0.0,0.0,0.6974534335172129,0.0
ballroom/ballroom_Albums-Ballroom_Magic-02/track.npy,ballroom,0.9014084507042254,0.8400572534013471,0.8400572534013471,0.8400572534013471,0.4166666666666667,0.75,0.4166666666666667,0.75,1.0,0.9543946592859732,0.9543946592859732,0.9543946592859732,1.0,1.0,1.0,1.0,43.0,0.0,0.0,0.7221347174331969,15.0,0.0,0.0,0.019418085857101808,0.0
ballroom/ballroom_Albums-Ballroom_Magic-07/track.npy,ballroom,0.9904761904761905,0.6458521752516223,0.6458521752516223,0.6458521752516223,0.9811320754716981,0.9811320754716981,0.9811320754716981,0.9811320754716981,0.8666666666666666,0.5945350413209515,0.5945350413209515,0.5945350413209515,0.5882352941176471,0.5882352941176471,0.5882352941176471,0.5882352941176471,57.0,0.0,0.0,0.08338160893904922,21.0,0.0,0.0,0.6640961232852421,0.0
ballroom/ballroom_Albums-Cafe_Paradiso-01/track.npy,ballroom,1.0,0.8759970923732318,0.8759970923732318,0.8759970923732318,1.0,1.0,1.0,1.0,0.9565217391304348,0.8159282874382308,0.8159282874382308,0.8159282874382308,0.8333333333333334,0.8333333333333334,0.8333333333333334,0.8333333333333334,52.0,0.0,0.0,0.0689928714869561,16.0,0.0,0.0,0.6931471805599453,0.0
ballroom/ballroom_Albums-Cafe_Paradiso-06/track.npy,ballroom,1.0,0.844103831884602,0.844103831884602,0.844103831884602,1.0,1.0,1.0,1.0,0.8387096774193548,0.7362084102280949,0.7362084102280949,0.7362084102280949,0.4444444444444444,0.4444444444444444,0.4444444444444444,0.4444444444444444,63.0,0.0,0.016129032258064516,0.5389965007326885,25.0,0.0,0.0,0.711704539042406,0.0
ballroom/ballroom_Albums-Cafe_Paradiso-07/track.npy,ballroom,0.9902912621359222,0.8910560880424084,0.8910560880424084,0.8910560880424084,0.9807692307692307,0.9807692307692307,0.9807692307692307,0.9807692307692307,0.787878787878788,0.6798269777217307,0.7929235536718939,0.7363752656968123,0.15,0.3,0.4,0.56,63.0,0.0,0.0,0.04082199452025792,25.0,0.0,0.0,0.7035099675954908,0.0
ballroom/ballroom_Albums-Cafe_Paradiso-12/track.npy,ballroom,0.65,0.6180461239142967,0.6242783554452475,0.621162239679772,0.625,0.625,0.625,0.625,0.5833333333333334,0.5526477116578743,0.5526477116578743,0.5526477116578743,0.5,0.5714285714285714,0.5,0.5714285714285714,48.0,0.0,0.0,0.685210005981299,16.0,0.0,0.0,0.8594399734931442,0.0
ballroom/ballroom_Albums-Chrisanne1-03/track.npy,ballroom,0.8985507246376812,0.6530384570510401,0.6530384570510401,0.6530384570510401,0.34285714285714286,0.8285714285714286,0.34285714285714286,0.8285714285714286,1.0,0.7132230875203444,0.7132230875203444,0.7132230875203444,1.0,1.0,1.0,1.0,42.0,0.0,0.0,0.6663848474415794,14.0,0.0,0.0,0.13593479354964677,0.0
ballroom/ballroom_Albums-Chrisanne1-07/track.npy,ballroom,0.9864864864864865,0.8985412592237015,0.8985412592237015,0.8985412592237015,0.7027027027027027,0.972972972972973,0.7027027027027027,0.972972972972973,0.9795918367346939,0.8982368299451464,0.8982368299451464,0.8982368299451464,0.96,0.96,0.96,0.96,90.0,0.0,0.02247191011235955,0.18232155679395534,31.0,0.0,0.0,0.040821994520255166,0.0
ballroom/ballroom_Albums-Chrisanne1-08/track.npy,ballroom,0.9510489510489512,0.8271885277577814,0.8271885277577814,0.8271885277577814,0.4657534246575342,0.8904109589041096,0.4657534246575342,0.8904109589041096,0.96,0.8721375648814116,0.8721375648814116,0.8721375648814116,1.0,1.0,1.0,1.0,75.0,0.0,0.0,0.5350112010448472,29.0,0.0,0.0,0.05942342047079949,0.0
ballroom/ballroom_Albums-Chrisanne3-01/track.npy,ballroom,0.9714285714285714,0.8686156402846417,0.8686156402846417,0.8686156402846417,0.9166666666666666,0.9166666666666666,0.9166666666666666,0.9166666666666666,0.8,0.7552439600788051,0.7552439600788051,0.7552439600788051,0.46153846153846156,0.6153846153846154,0.46153846153846156,0.6153846153846154,41.0,0.0,0.0,0.14784883455271347,16.0,0.0,0.0,0.8656542581962654,0.0
ballroom/ballroom_Albums-Chrisanne3-03/track.npy,ballroom,0.888888888888889,0.8402330047684492,0.8402330047684492,0.8402330047684492,0.5333333333333333,0.6,0.5333333333333333,0.6,0.43243243243243246,0.3770645949902674,0.3770645949902674,0.3770645949902674,0.12,0.12,0.12,0.12,60.0,0.0,0.0,0.6931471805599452,35.0,0.0,0.0,1.280149259233716,0.0
ballroom/ballroom_Albums-Commitments-08/track.npy,ballroom,0.9147286821705426,0.8488975063976841,0.8488975063976841,0.8488975063976841,0.4925373134328358,0.7611940298507462,0.4925373134328358,0.7611940298507462,0.8421052631578948,0.7835218649026309,0.7835218649026309,0.7835218649026309,0.5454545454545454,0.5454545454545454,0.5454545454545454,0.5454545454545454,74.0,0.0,0.0,0.6382676215646296,26.0,0.0,0.0,0.026974608592057817,0.0
ballroom/ballroom_Albums-Commitments-11/track.npy,ballroom,1.0,0.9234322532288249,0.9234322532288249,0.9234322532288249,1.0,1.0,1.0,1.0,0.8,0.777808636261268,0.777808636261268,0.777808636261268,0.2222222222222222,0.3888888888888889,0.2222222222222222,0.3888888888888889,44.0,0.0,0.0,0.060535415726758565,23.0,0.0,0.0,1.0986122886681096,0.0
ballroom/ballroom_Albums-Fire-02/track.npy,ballroom,1.0,0.968020922760807,0.968020922760807,0.968020922760807,1.0,1.0,1.0,1.0,0.7142857142857143,0.6928058807278393,0.7302633258218049,0.7115346032748221,0.1111111111111111,0.2222222222222222,0.21052631578947367,0.42105263157894735,53.0,0.0,0.0,0.08717669357238944,23.0,0.0,0.0,1.1337036084793797,0.0
ballroom/ballroom_Albums-Fire-03/track.npy,ballroom,1.0,0.9793715323885122,0.9793715323885122,0.9793715323885122,1.0,1.0,1.0,1.0,0.7407407407407407,0.7247876030618071,0.9260547866413417,0.8254211948515744,0.058823529411764705,0.11764705882352941,0.6842105263157895,0.7894736842105263,48.0,0.0,0.0,0.06453852113757264,20.0,0.0,0.0,0.6955862586907134,0.0
ballroom/ballroom_Albums-Fire-12/track.npy,ballroom,1.0,0.9409022497040009,0.9409022497040009,0.9409022497040009,1.0,1.0,1.0,1.0,0.5660377358490566,0.5377585650802208,0.8266818217706775,0.6822201934254492,0.058823529411764705,0.058823529411764705,0.35135135135135137,0.6756756756756757,89.0,0.0,0.0,0.06062462181643526,41.0,0.0,0.0,1.0848721235535737,0.0
ballroom/ballroom_Albums-GloriaEstefan_MiTierra-01/track.npy,ballroom,0.9600000000000001,0.8985096031601717,0.8985096031601717,0.8985096031601717,0.7435897435897436,0.8461538461538461,0.7435897435897436,0.8461538461538461,0.5294117647058824,0.495409949759296,0.6620597012287055,0.5787348254940008,0.0,0.0,0.12,0.24,46.0,0.0,0.0,0.12874288352435956,27.0,0.0,0.0,1.0929781132747718,0.0
ballroom/ballroom_Albums-GloriaEstefan_MiTierra-08/track.npy,ballroom,0.8108108108108109,0.71778521381309,0.71778521381309,0.71778521381309,0.6756756756756757,0.7027027027027027,0.6756756756756757,0.7027027027027027,0.5161290322580644,0.4388530544217009,0.6487438548453418,0.5437984546335214,0.045454545454545456,0.045454545454545456,0.4090909090909091,0.5,49.0,0.0,0.0,0.8468857196781296,30.0,0.0,0.0,1.1704596950221393,0.0
ballroom/ballroom_Albums-GloriaEstefan_MiTierra-11/track.npy,ballroom,1.0,0.952967455734107,0.952967455734107,0.952967455734107,1.0,1.0,1.0,1.0,0.5806451612903226,0.5631395532236322,0.7865901289634889,0.6748648410935605,0.0,0.0,0.2727272727272727,0.5,42.0,0.0,0.0,0.06024904387127064,24.0,0.0,0.0,1.0873438400195192,0.0
ballroom/ballroom_Albums-Latin_Jam2-02/track.npy,ballroom,0.942528735632184,0.9187913091503539,0.9187913091503539,0.9187913091503539,0.8863636363636364,0.8863636363636364,0.8863636363636364,0.8863636363636364,0.9090909090909091,0.8775208187106102,0.8775208187106102,0.8775208187106102,0.8333333333333334,0.8333333333333334,0.8333333333333334,0.8333333333333334,54.0,0.018867924528301886,0.018867924528301886,0.8128620045475374,16.0,0.0,0.0,1.6639871941271405,0.0
ballroom/ballroom_Albums-Latin_Jam2-06/track.npy,ballroom,0.9906542056074767,0.9081969906170876,0.9081969906170876,0.9081969906170876,0.9814814814814815,0.9814814814814815,0.9814814814814815,0.9814814814814815,0.4666666666666667,0.4176143099989279,0.6859575777307144,0.5517859438648212,0.17647058823529413,0.17647058823529413,0.35294117647058826,0.35294117647058826,65.0,0.0,0.0,0.04255961441880263,23.0,0.0,0.0,0.6931471805599434,0.0
ballroom/ballroom_Albums-Latin_Jam2-11/track.npy,ballroom,1.0,0.9547937392721417,0.9547937392721417,0.9547937392721417,1.0,1.0,1.0,1.0,0.9,0.8421353775648882,0.8421353775648882,0.8421353775648882,0.3181818181818182,0.6363636363636364,0.3181818181818182,0.6363636363636364,88.0,0.0,0.0,0.11778303565638537,26.0,0.0,0.0,0.6641596436866933,0.0
ballroom/ballroom_Albums-Latin_Jam3-04/track.npy,ballroom,1.0,0.9771270439360268,0.9771270439360268,0.9771270439360268,1.0,1.0,1.0,1.0,0.7142857142857143,0.7002467305777411,0.7428612362347817,0.7215539834062614,0.2222222222222222,0.2222222222222222,0.2631578947368421,0.47368421052631576,51.0,0.0,0.0,0.03390155167568469,22.0,0.0,0.0,1.1113572024384768,0.0
ballroom/ballroom_Albums-Latin_Jam3-06/track.npy,ballroom,1.0,0.9144716567097939,0.9144716567097939,0.9144716567097939,1.0,1.0,1.0,1.0,0.9523809523809523,0.890036858780611,0.890036858780611,0.890036858780611,0.9090909090909091,0.9090909090909091,0.9090909090909091,0.9090909090909091,50.0,0.0,0.0,0.06669137449866863,13.0,0.0,0.0,0.36331067568076914,0.0
ballroom/ballroom_Albums-Latin_Jam3-07/track.npy,ballroom,0.9885057471264368,0.8700183359102475,0.8700183359102475,0.8700183359102475,0.9772727272727273,0.9772727272727273,0.9772727272727273,0.9772727272727273,1.0,0.8659380513961321,0.8659380513961321,0.8659380513961321,1.0,1.0,1.0,1.0,53.0,0.0,0.0,0.06899287148694377,13.0,0.0,0.0,0.00865806274311487,0.0
ballroom/ballroom_Albums-Latin_Jam4-10/track.npy,ballroom,0.993103448275862,0.9603457264885982,0.9603457264885982,0.9603457264885982,0.9863013698630136,0.9863013698630136,0.9863013698630136,0.9863013698630136,1.0,0.9729608731278184,0.9729608731278184,0.9729608731278184,1.0,1.0,1.0,1.0,87.0,0.0,0.0,0.11778303565638115,22.0,0.0,0.0,0.014598799421153672,0.0
ballroom/ballroom_Albums-Latin_Jam5-01/track.npy,ballroom,1.0,0.9565072139326193,0.9565072139326193,0.9565072139326193,1.0,1.0,1.0,1.0,1.0,0.9511718286010796,0.9511718286010796,0.9511718286010796,1.0,1.0,1.0,1.0,52.0,0.0196078431372549,0.0196078431372549,0.4481208213234622,15.0,0.07142857142857142,0.07142857142857142,3.3808564506567453,0.0
ballroom/ballroom_Albums-Latin_Jam5-02/track.npy,ballroom,0.9904761904761905,0.905281343687858,0.905281343687858,0.905281343687858,0.8301886792452831,0.9622641509433962,0.8301886792452831,0.9622641509433962,0.787878787878788,0.7101158473986804,0.7101158473986804,0.7101158473986804,0.3,0.35,0.3,0.4,63.0,0.0,0.0,0.040821994520261584,24.0,0.0,0.0,1.187547006233333,0.0
ballroom/ballroom_Albums-Latin_Jam5-06/track.npy,ballroom,0.9879518072289156,0.9372651106724167,0.9372651106724167,0.9372651106724167,0.9761904761904762,0.9761904761904762,0.9761904761904762,0.9761904761904762,0.9090909090909091,0.8665158326044557,0.8665158326044557,0.8665158326044557,0.4166666666666667,0.6666666666666666,0.4166666666666667,0.6666666666666666,50.0,0.0,0.0,0.05521493651062443,15.0,0.0,0.0,0.7081688307011914,0.0
ballroom/ballroom_Albums-Macumba-05/track.npy,ballroom,1.0,0.9202403966955317,0.9202403966955317,0.9202403966955317,1.0,1.0,1.0,1.0,0.88,0.7794501670750584,0.7794501670750584,0.7794501670750584,0.5714285714285714,0.5714285714285714,0.5714285714285714,0.5714285714285714,47.0,0.0,0.0,0.06669137449867191,16.0,0.0,0.0,0.3280525539102822,0.0
ballroom/ballroom_Albums-Macumba-10/track.npy,ballroom,1.0,0.9125474106680495,0.9125474106680495,0.9125474106680495,1.0,1.0,1.0,1.0,0.9090909090909091,0.8709448374570208,0.8709448374570208,0.8709448374570208,0.25,0.6666666666666666,0.25,0.6666666666666666,49.0,0.0,0.0,0.06453852113757223,14.0,0.0,0.0,0.7011793522572085,0.0
ballroom/ballroom_Albums-Macumba-14/track.npy,ballroom,1.0,0.9263581253801332,0.9263581253801332,0.9263581253801332,0.9861111111111112,0.9861111111111112,0.9861111111111112,0.9861111111111112,0.6545454545454547,0.601008023652195,0.8965605830409754,0.7487843033465852,0.0,0.0,0.9459459459459459,0.9459459459459459,86.0,0.0,0.0,0.057158413839957234,44.0,0.0,0.0,0.057158413839949906,0.0
ballroom/ballroom_Albums-Mambo_Kings-03/track.npy,ballroom,0.9894736842105264,0.9176862591238898,0.9176862591238898,0.9176862591238898,0.9791666666666666,0.9791666666666666,0.9791666666666666,0.9791666666666666,0.7058823529411764,0.6757701714974281,0.7667651351939823,0.7212676533457052,0.13636363636363635,0.22727272727272727,0.17391304347826086,0.391304347826087,57.0,0.0,0.0,0.07696104113613333,26.0,0.0,0.0,0.7027166315760963,0.0
ballroom/ballroom_Albums-Mambo_Kings-12/track.npy,ballroom,0.9791666666666666,0.9158882204559978,0.9158882204559978,0.9158882204559978,0.42857142857142855,0.9183673469387755,0.42857142857142855,0.9183673469387755,0.5945945945945945,0.5576155543096212,0.7134265194004713,0.6355210368550462,0.07692307692307693,0.11538461538461539,0.15384615384615385,0.38461538461538464,58.0,0.0,0.0,0.6277610231563318,34.0,0.0,0.0,1.3611758408616392,0.0
ballroom/ballroom_Albums-Pais_Tropical-09/track.npy,ballroom,0.9879518072289156,0.9424757392843576,0.9424757392843576,0.9424757392843576,0.9761904761904762,0.9761904761904762,0.9761904761904762,0.9761904761904762,1.0,0.9580393212027264,0.9580393212027264,0.9580393212027264,1.0,1.0,1.0,1.0,51.0,0.0,0.0,0.06669137449866927,13.0,0.0,0.0,0.008298802814696415,0.0
ballroom/ballroom_Albums-Pais_Tropical-14/track.npy,ballroom,1.0,0.8884968968806334,0.8884968968806334,0.8884968968806334,1.0,1.0,1.0,1.0,0.7659574468085107,0.6819824441416967,0.8107602378809667,0.7463713410113317,0.10344827586206896,0.20689655172413793,0.34285714285714286,0.6571428571428571,84.0,0.0,0.0,0.1112256351102221,34.0,0.0,0.0,0.6854547474738397,0.0
ballroom/ballroom_Albums-Secret_Garden-02/track.npy,ballroom,0.6865671641791045,0.5072226997614384,0.5072226997614384,0.5072226997614384,0.2222222222222222,0.5833333333333334,0.2222222222222222,0.5833333333333334,0.6206896551724139,0.4605540755839669,0.4605540755839669,0.4605540755839669,0.23529411764705882,0.4117647058823529,0.23529411764705882,0.4117647058823529,35.0,0.058823529411764705,0.058823529411764705,2.219203484054978,20.0,0.05263157894736842,0.05263157894736842,2.9163246325158947,0.0
ballroom/ballroom_Albums-Secret_Garden-06/track.npy,ballroom,0.5423728813559323,0.4985467855542998,0.4985467855542998,0.4985467855542998,0.10810810810810811,0.1891891891891892,0.10810810810810811,0.1891891891891892,0.8695652173913043,0.7929186820183053,0.7929186820183053,0.7929186820183053,0.6666666666666666,0.75,0.6666666666666666,0.75,28.0,0.0,0.0,1.0549515023015787,14.0,0.0,0.0,0.3745549371392601,0.0
ballroom/ballroom_Albums-Step_By_Step-06/track.npy,ballroom,0.9532710280373832,0.8569550313186849,0.8569550313186849,0.8569550313186849,0.48148148148148145,0.9629629629629629,0.48148148148148145,0.9629629629629629,0.5853658536585366,0.5283853307130355,0.6911302721797122,0.6097578014463738,0.07142857142857142,0.14285714285714285,0.17857142857142858,0.5,63.0,0.0,0.0,0.08338160893904922,33.0,0.0,0.0,0.7474059716652448,0.0
ballroom/ballroom_Albums-StrictlyDancing_Tango-09/track.npy,ballroom,0.9494949494949495,0.8222207216886894,0.8222207216886894,0.8222207216886894,0.7307692307692307,0.8076923076923077,0.7307692307692307,0.8076923076923077,0.7027027027027027,0.6314206003358931,0.8347021242534608,0.7330613622946769,0.125,0.125,0.8,0.8,58.0,0.0,0.0,0.11404572755711101,30.0,0.0,0.0,0.4962627312099356,0.0
ballroom/ballroom_Media-100614/track.npy,ballroom,0.942528735632184,0.8881515019186469,0.8881515019186469,0.8881515019186469,0.6136363636363636,0.8636363636363636,0.6136363636363636,0.8636363636363636,0.8627450980392156,0.8051605716480824,0.8051605716480824,0.8051605716480824,0.2413793103448276,0.4827586206896552,0.2413793103448276,0.4827586206896552,99.0,0.04081632653061224,0.061224489795918366,0.7377758908227966,35.0,0.0,0.0,0.9784768803773584,0.0
ballroom/ballroom_Media-103313/track.npy,ballroom,0.9883720930232558,0.8913201614107945,0.8913201614107945,0.8913201614107945,0.9418604651162791,0.9651162790697675,0.9418604651162791,0.9651162790697675,0.7692307692307692,0.6970349382009182,0.7102740659707216,0.7036545020858199,0.16129032258064516,0.3225806451612903,0.2926829268292683,0.4146341463414634,103.0,0.00980392156862745,0.0196078431372549,0.13353139262452274,36.0,0.0,0.0,0.7284060672639237,0.0
ballroom/ballroom_Media-103314/track.npy,ballroom,0.9940828402366864,0.9114031218914384,0.9114031218914384,0.9114031218914384,0.9882352941176471,0.9882352941176471,0.9882352941176471,0.9882352941176471,0.7777777777777778,0.7141703456208044,0.8009952706597055,0.7575828081402549,0.15151515151515152,0.2727272727272727,0.24390243902439024,0.5609756097560976,100.0,0.0,0.0,0.13353139262452585,38.0,0.0,0.0,0.680541841822659,0.0
ballroom/ballroom_Media-103407/track.npy,ballroom,0.9904761904761905,0.8693018031228056,0.8693018031228056,0.8693018031228056,0.9811320754716981,0.9811320754716981,0.9811320754716981,0.9811320754716981,0.7647058823529412,0.6877498682688928,0.7691449590849094,0.7284474136769011,0.14285714285714285,0.2857142857142857,0.4,0.56,63.0,0.0,0.0,0.04082199452025603,25.0,0.0,0.0,0.7014480388752173,0.0
ballroom/ballroom_Media-103417/track.npy,ballroom,1.0,0.928423673863246,0.928423673863246,0.928423673863246,1.0,1.0,1.0,1.0,1.0,0.9599049734149956,0.9599049734149956,0.9599049734149956,1.0,1.0,1.0,1.0,56.0,0.0,0.0,0.07410797215372356,14.0,0.0,0.0,0.0186921330121534,0.0
ballroom/ballroom_Media-103504/track.npy,ballroom,0.6666666666666667,0.6377959005930067,0.7360635552277305,0.6869297279103685,0.19298245614035087,0.2631578947368421,0.3614457831325301,0.40963855421686746,0.5161290322580645,0.48324698854104026,0.7134248002268071,0.5983358943839236,0.047619047619047616,0.047619047619047616,0.6666666666666666,0.6666666666666666,66.0,0.0,0.0,0.8701937583703341,28.0,0.0,0.0,0.7531792113150981,0.0
ballroom/ballroom_Media-103515/track.npy,ballroom,1.0,0.9433702752999885,0.9433702752999885,0.9433702752999885,1.0,1.0,1.0,1.0,0.7391304347826086,0.6935633372281059,0.8585089976543062,0.7760361674412061,0.06896551724137931,0.1724137931034483,0.3333333333333333,0.696969696969697,80.0,0.0,0.0,0.05406722127028396,33.0,0.0,0.0,0.7065702008920858,0.0
ballroom/ballroom_Media-103601/track.npy,ballroom,0.98989898989899,0.9094462896895879,0.9094462896895879,0.9094462896895879,0.94,0.94,0.94,0.94,0.888888888888889,0.8234033175588786,0.8234033175588786,0.8234033175588786,0.6666666666666666,0.6666666666666666,0.6666666666666666,0.6666666666666666,60.0,0.0,0.0,0.039220713153287345,20.0,0.0,0.0,1.1461984198721091,0.0
ballroom/ballroom_Media-103602/track.npy,ballroom,0.9108910891089109,0.825438480698757,0.825438480698757,0.825438480698757,0.9019607843137255,0.9019607843137255,0.9019607843137255,0.9019607843137255,0.7857142857142856,0.7316515924391604,0.7316515924391604,0.7316515924391604,0.6,0.7333333333333333,0.6,0.7333333333333333,62.0,0.0,0.0,0.6974977494094281,25.0,0.0,0.0,0.9693746893800462,0.0
ballroom/ballroom_Media-103615/track.npy,ballroom,0.8157894736842105,0.6579175690170833,0.6579175690170833,0.6579175690170833,0.3023255813953488,0.4186046511627907,0.3023255813953488,0.4186046511627907,0.6153846153846153,0.46804751235801423,0.46804751235801423,0.46804751235801423,0.1111111111111111,0.16666666666666666,0.1111111111111111,0.16666666666666666,50.0,0.0,0.0,0.7091973787436857,20.0,0.0,0.0,1.9484621681475833,0.0
ballroom/ballroom_Media-103705/track.npy,ballroom,0.9885057471264368,0.9382710833663779,0.9382710833663779,0.9382710833663779,0.9772727272727273,0.9772727272727273,0.9772727272727273,0.9772727272727273,0.5806451612903226,0.5535737556146606,0.5535737556146606,0.5535737556146606,0.15,0.2,0.15,0.2,52.0,0.0,0.0,0.0851888322164163,22.0,0.0,0.0,1.405143360469757,0.0
ballroom/ballroom_Media-103712/track.npy,ballroom,0.606060606060606,0.5661388039999966,0.7631481269776731,0.6646434654888349,0.10344827586206896,0.22413793103448276,0.18518518518518517,0.4074074074074074,0.6206896551724138,0.593873101901643,0.593873101901643,0.593873101901643,0.21052631578947367,0.42105263157894735,0.21052631578947367,0.42105263157894735,68.0,0.0,0.0,0.725937003382932,24.0,0.0,0.0,1.9553888930098609,0.0
ballroom/ballroom_Media-103715/track.npy,ballroom,0.6744186046511628,0.6012217988531278,0.8697169520700431,0.7354693754615854,0.017543859649122806,0.017543859649122806,0.6491228070175439,0.9649122807017544,0.5,0.46450120980367643,0.7028320940221943,0.5836666519129353,0.0,0.0,0.19047619047619047,0.38095238095238093,70.0,0.014492753623188406,0.043478260869565216,0.8400811098662456,26.0,0.0,0.08,2.3767793897162073,0.0
ballroom/ballroom_Media-103807/track.npy,ballroom,1.0,0.9265115754061063,0.9265115754061063,0.9265115754061063,1.0,1.0,1.0,1.0,0.9090909090909091,0.8522065062562368,0.8522065062562368,0.8522065062562368,0.5,0.6666666666666666,0.5,0.6666666666666666,52.0,0.0,0.0,0.06899287148694891,15.0,0.0,0.0,0.69487854010292,0.0
ballroom/ballroom_Media-103912/track.npy,ballroom,1.0,0.8903467020607874,0.8903467020607874,0.8903467020607874,1.0,1.0,1.0,1.0,0.7499999999999999,0.6914953624367529,0.6914953624367529,0.6914953624367529,0.13333333333333333,0.26666666666666666,0.13333333333333333,0.26666666666666666,44.0,0.0,0.0,0.09223526205894954,18.0,0.0,0.0,1.1780705586711813,0.0
ballroom/ballroom_Media-104003/track.npy,ballroom,0.9647058823529412,0.9390602837968044,0.9390602837968044,0.9390602837968044,0.8636363636363636,0.8636363636363636,0.8636363636363636,0.8636363636363636,0.7407407407407407,0.7142167957832987,0.8051830777055615,0.7596999367444301,0.11764705882352941,0.23529411764705882,0.47368421052631576,0.5789473684210527,53.0,0.0,0.0,0.10011138356159963,22.0,0.0,0.0,1.0271086580936712,0.0
ballroom/ballroom_Media-104005/track.npy,ballroom,0.9876543209876543,0.8351976773376872,0.8351976773376872,0.8351976773376872,0.975609756097561,0.975609756097561,0.975609756097561,0.975609756097561,0.9523809523809523,0.8035392009836395,0.8035392009836395,0.8035392009836395,0.9090909090909091,0.9090909090909091,0.9090909090909091,0.9090909090909091,46.0,0.0,0.0,0.32971724719541823,13.0,0.0,0.0,0.40202244185299196,0.0
ballroom/ballroom_Media-104008/track.npy,ballroom,0.9253731343283582,0.8946110405006714,0.8946110405006714,0.8946110405006714,0.8611111111111112,0.8611111111111112,0.8611111111111112,0.8611111111111112,0.7272727272727273,0.7118491016791871,0.7118491016791871,0.7118491016791871,0.42857142857142855,0.42857142857142855,0.42857142857142855,0.42857142857142855,48.0,0.0,0.0,0.6353485467355002,22.0,0.0,0.0,0.8558030684026906,0.0
ballroom/ballroom_Media-104012/track.npy,ballroom,0.838095238095238,0.7036188187440834,0.7036188187440834,0.7036188187440834,0.7407407407407407,0.7407407407407407,0.7407407407407407,0.7407407407407407,0.6857142857142856,0.5438420534491116,0.5438420534491116,0.5438420534491116,0.22727272727272727,0.36363636363636365,0.22727272727272727,0.36363636363636365,62.0,0.0,0.0,0.7430852529199039,26.0,0.0,0.0,1.12601126285623,0.0
ballroom/ballroom_Media-104103/track.npy,ballroom,1.0,0.9685630025008201,0.9685630025008201,0.9685630025008201,1.0,1.0,1.0,1.0,0.846153846153846,0.8072043753950382,0.8072043753950382,0.8072043753950382,0.26666666666666666,0.4666666666666667,0.26666666666666666,0.4666666666666667,53.0,0.019230769230769232,0.019230769230769232,0.5323553684962146,18.0,0.0,0.0,1.181249543093148,0.0
ballroom/ballroom_Media-104107/track.npy,ballroom,1.0,0.9243214377467339,0.9243214377467339,0.9243214377467339,1.0,1.0,1.0,1.0,0.9285714285714286,0.8734202799843593,0.8734202799843593,0.8734202799843593,0.4666666666666667,0.7333333333333333,0.4666666666666667,0.7333333333333333,62.0,0.0,0.0,0.0408219945202581,18.0,0.0,0.0,0.6880455021934407,0.0
ballroom/ballroom_Media-104108/track.npy,ballroom,0.9902912621359222,0.8995851292878068,0.8995851292878068,0.8995851292878068,0.9807692307692307,0.9807692307692307,0.9807692307692307,0.9807692307692307,0.8387096774193548,0.7668279346256861,0.7728823604894071,0.7698551475575466,0.3888888888888889,0.3888888888888889,0.3888888888888889,0.44,65.0,0.0,0.0,0.6931471805599454,25.0,0.0,0.0,0.7004117601716634,0.0
ballroom/ballroom_Media-104116/track.npy,ballroom,0.9911504424778761,0.9567272785526036,0.9567272785526036,0.9567272785526036,0.9824561403508771,0.9824561403508771,0.9824561403508771,0.9824561403508771,0.8750000000000001,0.8468516529064725,0.8468516529064725,0.8468516529064725,0.5,0.6111111111111112,0.5,0.6111111111111112,69.0,0.0,0.0,0.09097177820573288,21.0,0.0,0.0,0.6965760879078104,0.0
ballroom/ballroom_Media-104118/track.npy,ballroom,0.9787234042553192,0.8599004085020882,0.8599004085020882,0.8599004085020882,0.704225352112676,0.9295774647887324,0.704225352112676,0.9295774647887324,0.8,0.7059812814360292,0.7664789115681203,0.7362300965020747,0.1111111111111111,0.2962962962962963,0.2,0.5428571428571428,81.0,0.0,0.0,0.6706921449772484,34.0,0.0,0.0,0.7221347174331977,0.0
ballroom/ballroom_Media-104212/track.npy,ballroom,0.9659863945578231,0.9241057872360325,0.9241057872360325,0.9241057872360325,0.5866666666666667,0.9066666666666666,0.5866666666666667,0.9066666666666666,0.8727272727272728,0.8226386418524643,0.8226386418524643,0.8226386418524643,0.5,0.6666666666666666,0.5,0.6666666666666666,86.0,0.0,0.0,0.11778303565638584,35.0,0.0,0.0,0.7358600244865705,0.0
ballroom/ballroom_Media-104308/track.npy,ballroom,0.9866666666666668,0.9544424373098288,0.9544424373098288,0.9544424373098288,0.9866666666666667,0.9866666666666667,0.9866666666666667,0.9866666666666667,0.9433962264150945,0.901074554025429,0.901074554025429,0.901074554025429,0.5714285714285714,0.8571428571428571,0.5714285714285714,0.8571428571428571,90.0,0.0,0.0,0.11778303565638115,33.0,0.0,0.0,0.8912628966405547,0.0
ballroom/ballroom_Media-104402/track.npy,ballroom,0.9863013698630138,0.884888068926457,0.884888068926457,0.884888068926457,0.6216216216216216,0.9459459459459459,0.6216216216216216,0.9459459459459459,0.9600000000000001,0.8851864428658829,0.8851864428658829,0.8851864428658829,0.6923076923076923,0.8461538461538461,0.6923076923076923,0.8461538461538461,45.0,0.0,0.0,0.08676597809347594,16.0,0.0,0.0,0.866536541341067,0.0
ballroom/ballroom_Media-104403/track.npy,ballroom,0.9863013698630138,0.8733405168976548,0.8733405168976548,0.8733405168976548,0.972972972972973,0.972972972972973,0.972972972972973,0.972972972972973,0.9600000000000001,0.8224031594931993,0.8224031594931993,0.8224031594931993,0.9230769230769231,0.9230769230769231,0.9230769230769231,0.9230769230769231,44.0,0.0,0.0,0.08701137698962802,15.0,0.0,0.0,0.023022859509705493,0.0
ballroom/ballroom_Media-104501/track.npy,ballroom,1.0,0.7818264221649006,0.7818264221649006,0.7818264221649006,1.0,1.0,1.0,1.0,1.0,0.9150668584176134,0.9150668584176134,0.9150668584176134,1.0,1.0,1.0,1.0,43.0,0.0,0.0,0.14518200984449492,15.0,0.0,0.0,0.050347796041352366,0.0
ballroom/ballroom_Media-104507/track.npy,ballroom,0.9473684210526316,0.8483524693922178,0.8483524693922178,0.8483524693922178,0.2987012987012987,0.8571428571428571,0.2987012987012987,0.8571428571428571,1.0,0.8859417602010172,0.8859417602010172,0.8859417602010172,1.0,1.0,1.0,1.0,91.0,0.011111111111111112,0.05555555555555555,0.670283815023966,30.0,0.0,0.0,0.040005334613699754,0.0
ballroom/ballroom_Media-104607/track.npy,ballroom,0.9870129870129869,0.91672989108337,0.91672989108337,0.91672989108337,0.9487179487179487,0.9487179487179487,0.9487179487179487,0.9487179487179487,0.9803921568627451,0.9184351702272574,0.9184351702272574,0.9184351702272574,0.9615384615384616,0.9615384615384616,0.9615384615384616,0.9615384615384616,88.0,0.011494252873563218,0.011494252873563218,0.398083111132771,30.0,0.0,0.0,0.03307441506003679,0.0
ballroom/ballroom_Media-104708/track.npy,ballroom,0.970873786407767,0.8000683454609667,0.8000683454609667,0.8000683454609667,0.8076923076923077,0.9230769230769231,0.8076923076923077,0.9230769230769231,0.896551724137931,0.7964367732950931,0.7964367732950931,0.7964367732950931,0.5625,0.625,0.5625,0.625,62.0,0.0,0.0,0.0890524767156484,24.0,0.0,0.0,0.6931471805599455,0.0
ballroom/ballroom_Media-104807/track.npy,ballroom,0.9333333333333333,0.8386048850490129,0.8386048850490129,0.8386048850490129,0.6,0.7818181818181819,0.6,0.7818181818181819,0.8484848484848484,0.7552482958113411,0.7552482958113411,0.7552482958113411,0.2631578947368421,0.5263157894736842,0.2631578947368421,0.5263157894736842,61.0,0.0,0.0,0.13892381964770062,22.0,0.0,0.0,0.7041970167465296,0.0
ballroom/ballroom_Media-104809/track.npy,ballroom,0.9452054794520549,0.8816998351482898,0.8816998351482898,0.8816998351482898,0.84,0.88,0.84,0.88,0.92,0.8640043193000357,0.8640043193000357,0.8640043193000357,0.84,0.84,0.84,0.84,75.0,0.0,0.0,0.6841657052983985,28.0,0.0,0.0,0.6202946550245507,0.0
ballroom/ballroom_Media-105005/track.npy,ballroom,0.972972972972973,0.8838685564574836,0.8838685564574836,0.8838685564574836,0.5789473684210527,0.8947368421052632,0.5789473684210527,0.8947368421052632,0.6666666666666666,0.5975767064250737,0.5975767064250737,0.5975767064250737,0.08333333333333333,0.16666666666666666,0.08333333333333333,0.16666666666666666,45.0,0.0,0.0,0.17586770468021323,29.0,0.0,0.0,1.2802701255076623,0.0
ballroom/ballroom_Media-105007/track.npy,ballroom,0.761904761904762,0.5623814168365681,0.5623814168365681,0.5623814168365681,0.4166666666666667,0.6388888888888888,0.4166666666666667,0.6388888888888888,0.75,0.5755205915709612,0.5755205915709612,0.5755205915709612,0.6666666666666666,0.8333333333333334,0.6666666666666666,0.8333333333333334,32.0,0.0,0.0,1.0771068307918257,15.0,0.0,0.0,0.8466999813319458,0.0
ballroom/ballroom_Media-105122/track.npy,ballroom,0.96045197740113,0.8605222557774362,0.8605222557774362,0.8605222557774362,0.35555555555555557,0.8555555555555555,0.35555555555555557,0.8555555555555555,0.7777777777777778,0.7113730464339167,0.747847265353346,0.7296101558936314,0.12121212121212122,0.30303030303030304,0.24390243902439024,0.43902439024390244,107.0,0.009433962264150943,0.05660377358490566,0.6802394763324259,40.0,0.0,0.0,1.0872412534434155,0.0
ballroom/ballroom_Media-105213/track.npy,ballroom,0.8450704225352113,0.6510604802768757,0.6510604802768757,0.6510604802768757,0.5526315789473685,0.7631578947368421,0.5526315789473685,0.7631578947368421,0.6666666666666666,0.4917318694451074,0.4917318694451074,0.4917318694451074,0.35714285714285715,0.42857142857142855,0.35714285714285715,0.42857142857142855,41.0,0.0,0.0,1.0941430633640001,17.0,0.0,0.0,1.1244036308599619,0.0
ballroom/ballroom_Media-105214/track.npy,ballroom,0.9090909090909091,0.7252377800271155,0.7252377800271155,0.7252377800271155,0.8484848484848485,0.8484848484848485,0.8484848484848485,0.8484848484848485,0.9090909090909091,0.6269192219386461,0.6269192219386461,0.6269192219386461,0.7272727272727273,0.8181818181818182,0.7272727272727273,0.8181818181818182,41.0,0.0,0.0,0.7596179733208329,14.0,0.0,0.0,0.5289937688005909,0.0
ballroom/ballroom_Media-105305/track.npy,ballroom,0.9811320754716981,0.8365524166613755,0.8365524166613755,0.8365524166613755,0.9629629629629629,0.9629629629629629,0.9629629629629629,0.9629629629629629,0.6486486486486487,0.5238016890717588,0.6140246071094335,0.5689131480905962,0.08333333333333333,0.16666666666666666,0.4,0.52,65.0,0.0,0.0,0.08701137698963461,29.0,0.0,0.0,0.7336882732295475,0.0
ballroom/ballroom_Media-105306/track.npy,ballroom,0.9622641509433962,0.8660398484904369,0.8660398484904369,0.8660398484904369,0.9622641509433962,0.9622641509433962,0.9622641509433962,0.9622641509433962,0.7222222222222222,0.702329263504144,0.8406410483291489,0.7714851559166465,0.17391304347826086,0.17391304347826086,0.4,0.68,62.0,0.0,0.0,0.6801551631886158,28.0,0.0,0.0,0.6904733582807595,0.0
ballroom/ballroom_Media-105309/track.npy,ballroom,0.9793103448275862,0.9388763339341071,0.9388763339341071,0.9388763339341071,0.9459459459459459,0.9459459459459459,0.9459459459459459,0.9459459459459459,0.9803921568627451,0.9314504066309423,0.9314504066309423,0.9314504066309423,0.8846153846153846,0.9230769230769231,0.8846153846153846,0.9230769230769231,86.0,0.0,0.0,0.11778303565638357,31.0,0.0,0.0,0.5701533006607604,0.0
ballroom/ballroom_Media-105313/track.npy,ballroom,0.9820359281437125,0.8826711117463789,0.8826711117463789,0.8826711117463789,0.6666666666666666,0.9523809523809523,0.6666666666666666,0.9523809523809523,0.68,0.5912786393930831,0.7215307294746124,0.6564046844338478,0.1,0.26666666666666666,0.1794871794871795,0.41025641025641024,101.0,0.0,0.02,0.268263986594673,36.0,0.0,0.0,0.8379385151178651,0.0
ballroom/ballroom_Media-105317/track.npy,ballroom,0.9629629629629629,0.7488381105404007,0.7488381105404007,0.7488381105404007,0.9636363636363636,0.9636363636363636,0.9636363636363636,0.9636363636363636,0.5238095238095238,0.4049551500377289,0.41200089877964635,0.40847802440868763,0.034482758620689655,0.034482758620689655,0.13793103448275862,0.13793103448275862,66.0,0.0,0.0,0.07754213198381538,34.0,0.0,0.0,1.3843927784105157,0.0
ballroom/ballroom_Media-105318/track.npy,ballroom,0.9798657718120806,0.8489890364778443,0.8489890364778443,0.8489890364778443,0.9210526315789473,0.9210526315789473,0.9210526315789473,0.9210526315789473,0.9803921568627451,0.8568529479116882,0.8568529479116882,0.8568529479116882,0.9615384615384616,0.9615384615384616,0.9615384615384616,0.9615384615384616,87.0,0.0,0.0,0.11778303565638115,30.0,0.0,0.0,0.032424383103297365,0.0
ballroom/ballroom_Media-105401/track.npy,ballroom,0.9761904761904763,0.9313650814000451,0.9313650814000451,0.9313650814000451,0.9534883720930233,0.9534883720930233,0.9534883720930233,0.9534883720930233,0.6428571428571429,0.6212783078173337,0.8391109441566631,0.7301946259869985,0.1111111111111111,0.1111111111111111,0.47368421052631576,0.6842105263157895,52.0,0.0,0.0,0.03390155167568156,22.0,0.0,0.0,0.70228633929046,0.0
ballroom/ballroom_Media-105404/track.npy,ballroom,0.9069767441860465,0.8934962806859551,0.8934962806859551,0.8934962806859551,0.8636363636363636,0.8636363636363636,0.8636363636363636,0.8636363636363636,0.6896551724137931,0.6766842129107299,0.8084755577194759,0.7425798853151029,0.16666666666666666,0.2777777777777778,0.2857142857142857,0.5714285714285714,52.0,0.0,0.0,0.35847256887827395,22.0,0.0,0.0,1.366195031926145,0.0
ballroom/ballroom_Media-105413/track.npy,ballroom,0.9924812030075187,0.9340529466773523,0.9340529466773523,0.9340529466773523,0.9850746268656716,0.9850746268656716,0.9850746268656716,0.9850746268656716,0.888888888888889,0.8221720363781325,0.8221720363781325,0.8221720363781325,0.35,0.7,0.35,0.7,75.0,0.0,0.0,0.10536051565782412,25.0,0.0,0.0,0.6918226578849427,0.0
ballroom/ballroom_Media-105420/track.npy,ballroom,0.9904761904761905,0.9599599380314543,0.9599599380314543,0.9599599380314543,0.9811320754716981,0.9811320754716981,0.9811320754716981,0.9811320754716981,0.8666666666666666,0.8057886081739295,0.8057886081739295,0.8057886081739295,0.47058823529411764,0.6470588235294118,0.47058823529411764,0.6470588235294118,61.0,0.0,0.0,0.09803939403312636,20.0,0.0,0.0,0.7137664677626789,0.0
ballroom/ballroom_Media-105604/track.npy,ballroom,0.9807692307692307,0.8877945326484357,0.8877945326484357,0.8877945326484357,0.9622641509433962,0.9622641509433962,0.9622641509433962,0.9622641509433962,0.962962962962963,0.8876091497607418,0.8876091497607418,0.8876091497607418,0.9285714285714286,0.9285714285714286,0.9285714285714286,0.9285714285714286,64.0,0.0,0.0,0.04082199452025782,17.0,0.0,0.0,0.09666740877108103,0.0
ballroom/ballroom_Media-105605/track.npy,ballroom,0.9902912621359222,0.903748112442899,0.903748112442899,0.903748112442899,0.9807692307692307,0.9807692307692307,0.9807692307692307,0.9807692307692307,0.8125000000000001,0.7469972972653991,0.7589654799274302,0.7529813885964147,0.2631578947368421,0.42105263157894735,0.2631578947368421,0.42105263157894735,63.0,0.0,0.0,0.040821994520255145,25.0,0.0,0.0,0.6828906803927569,0.0
ballroom/ballroom_Media-105612/track.npy,ballroom,0.9885057471264368,0.9194089202940153,0.9194089202940153,0.9194089202940153,0.9772727272727273,0.9772727272727273,0.9772727272727273,0.9772727272727273,0.9565217391304348,0.8836444338417647,0.8836444338417647,0.8836444338417647,0.75,0.75,0.75,0.75,53.0,0.0,0.0,0.10549099313746765,14.0,0.0,0.0,1.2225639363970908,0.0
ballroom/ballroom_Media-105702/track.npy,ballroom,0.44067796610169496,0.3464999144647689,0.3464999144647689,0.3464999144647689,0.07894736842105263,0.15789473684210525,0.07894736842105263,0.15789473684210525,0.8333333333333334,0.6356483188459806,0.6356483188459806,0.6356483188459806,0.5,0.75,0.5,0.75,27.0,0.0,0.0,1.4606039767775194,15.0,0.0,0.0,1.2879519005964728,0.0
ballroom/ballroom_Media-105708/track.npy,ballroom,0.9864864864864865,0.950647409987907,0.950647409987907,0.950647409987907,0.88,0.96,0.88,0.96,0.9795918367346939,0.9577304573191288,0.9577304573191288,0.9577304573191288,0.96,0.96,0.96,0.96,89.0,0.0,0.022727272727272728,0.11778303565639683,30.0,0.0,0.0,0.02006267931005072,0.0
ballroom/ballroom_Media-105807/track.npy,ballroom,0.7766990291262137,0.6506989088435474,0.6506989088435474,0.6506989088435474,0.5185185185185185,0.6296296296296297,0.5185185185185185,0.6296296296296297,0.7058823529411764,0.5971836490372329,0.5971836490372329,0.5971836490372329,0.35,0.55,0.35,0.55,60.0,0.01694915254237288,0.03389830508474576,1.103090233140562,25.0,0.041666666666666664,0.08333333333333333,1.9067019437316504,0.0
ballroom/ballroom_Media-105820/track.npy,ballroom,0.9941520467836257,0.7962747094959913,0.7962747094959913,0.7962747094959913,0.5581395348837209,0.9418604651162791,0.5581395348837209,0.9418604651162791,0.7547169811320755,0.6518877707664423,0.734234800534611,0.6930612856505267,0.15625,0.28125,0.3170731707317073,0.5121951219512195,103.0,0.0,0.0,0.13353139262452585,40.0,0.0,0.0,0.7127626816667024,0.0
ballroom/ballroom_Media-105907/track.npy,ballroom,0.9931972789115647,0.7558674765108387,0.7558674765108387,0.7558674765108387,0.6351351351351351,0.972972972972973,0.6351351351351351,0.972972972972973,1.0,0.7112543599501453,0.7112543599501453,0.7112543599501453,1.0,1.0,1.0,1.0,88.0,0.0,0.0,0.1177830356563897,30.0,0.0,0.0,0.03242438310329449,0.0
ballroom/ballroom_Media-106003/track.npy,ballroom,0.611764705882353,0.5802217487533209,0.5802217487533209,0.5802217487533209,0.4186046511627907,0.5581395348837209,0.4186046511627907,0.5581395348837209,0.5384615384615385,0.5004752095101668,0.5004752095101668,0.5004752095101668,0.26666666666666666,0.4666666666666667,0.38095238095238093,0.4666666666666667,50.0,0.02040816326530612,0.02040816326530612,1.3098425547314068,18.0,0.0,0.0,0.691037771648839,0.0
ballroom/ballroom_Media-106009/track.npy,ballroom,0.972972972972973,0.9424130631893296,0.9424130631893296,0.9424130631893296,0.9473684210526315,0.9473684210526315,0.9473684210526315,0.9473684210526315,1.0,0.9686211590368691,0.9686211590368691,0.9686211590368691,1.0,1.0,1.0,1.0,46.0,0.0,0.0,0.08734339711480349,12.0,0.0,0.0,0.21753517708952666,0.0
ballroom/ballroom_Media-106015/track.npy,ballroom,0.9790209790209791,0.7782222358199857,0.7782222358199857,0.7782222358199857,0.958904109589041,0.958904109589041,0.958904109589041,0.958904109589041,0.8095238095238095,0.5977801538187091,0.6063434600719567,0.602061806945333,0.32,0.44,0.32,0.44,87.0,0.0,0.0,0.10041219085616879,31.0,0.0,0.0,0.7016579615551198,0.0
ballroom/ballroom_Media-106103/track.npy,ballroom,0.9719626168224299,0.9428506627595747,0.9428506627595747,0.9428506627595747,0.9454545454545454,0.9454545454545454,0.9454545454545454,0.9454545454545454,0.962962962962963,0.9301254382441122,0.9301254382441122,0.9301254382441122,0.9285714285714286,0.9285714285714286,0.9285714285714286,0.9285714285714286,65.0,0.0,0.0,0.04082199452025594,17.0,0.0,0.0,0.01350417699573615,0.0
ballroom/ballroom_Media-106110/track.npy,ballroom,0.888888888888889,0.8094382809600502,0.8094382809600502,0.8094382809600502,0.8048780487804879,0.8780487804878049,0.8048780487804879,0.8780487804878049,0.8571428571428572,0.7802733415212053,0.7802733415212053,0.7802733415212053,0.9090909090909091,0.9090909090909091,0.9090909090909091,0.9090909090909091,52.0,0.0,0.0,0.23756115863342686,13.0,0.0,0.0,0.09834061906692909,0.0
beatles/beatles_01_Please_Please_Me_02_Misery/track.npy,beatles,0.9772727272727273,0.8641235742575964,0.8641235742575964,0.8641235742575964,0.9727272727272728,0.9727272727272728,0.9727272727272728,0.9727272727272728,0.7681159420289854,0.6638403371526798,0.7370649755603647,0.7004526563565222,0.0963855421686747,0.3132530120481928,0.10091743119266056,0.5045871559633027,231.0,0.0,0.008695652173913044,0.0909717782057295,87.0,0.0,0.0,0.7041970167465391,0.0
beatles/beatles_01_Please_Please_Me_03_Anna_(Go_To_Him)/track.npy,beatles,0.9950900163666122,0.9083418978613139,0.9083418978613139,0.9083418978613139,0.9934640522875817,0.9934640522875817,0.9934640522875817,0.9934640522875817,0.9681528662420381,0.8907855538412941,0.8907855538412941,0.8907855538412941,0.4875,0.925,0.4875,0.925,313.0,0.0,0.0,0.07410797215372067,82.0,0.0,0.0,0.2995788875832328,0.0
beatles/beatles_01_Please_Please_Me_07_Please_Please_Me/track.npy,beatles,0.9864603481624757,0.9055740346406724,0.9055740346406724,0.9055740346406724,0.816793893129771,0.9656488549618321,0.816793893129771,0.9656488549618321,0.870748299319728,0.7997383700912305,0.7997383700912305,0.7997383700912305,0.13253012048192772,0.5542168674698795,0.13253012048192772,0.5542168674698795,273.0,0.0,0.007352941176470588,0.1431827082835045,87.0,0.0,0.0,0.7576454808764739,0.0
beatles/beatles_01_Please_Please_Me_10_Baby_Its_You/track.npy,beatles,0.980108499095841,0.7246731705859721,0.7246731705859721,0.7246731705859721,0.776173285198556,0.9927797833935018,0.776173285198556,0.9927797833935018,0.9781021897810219,0.7824557614629368,0.7824557614629368,0.7824557614629368,0.9855072463768116,0.9855072463768116,0.9855072463768116,0.9855072463768116,285.0,0.0035211267605633804,0.0035211267605633804,0.07410797215373355,71.0,0.0,0.0,0.05130388104309441,0.0
beatles/beatles_01_Please_Please_Me_11_Do_You_Want_To_Know_A_Secret/track.npy,beatles,0.9743589743589743,0.8343287640815815,0.8343287640815815,0.8343287640815815,0.9585253456221198,0.9585253456221198,0.9585253456221198,0.9585253456221198,0.6901408450704226,0.6024236532892251,0.7642711091587382,0.6833473812239816,0.0449438202247191,0.20224719101123595,0.20952380952380953,0.6,223.0,0.0045045045045045045,0.0045045045045045045,0.08338160893906466,94.0,0.010752688172043012,0.010752688172043012,0.7142005897577809,0.0
beatles/beatles_02_With_the_Beatles_02_All_Ive_Got_To_Do/track.npy,beatles,0.9956331877729258,0.9004584244187633,0.9004584244187633,0.9004584244187633,0.991304347826087,0.991304347826087,0.991304347826087,0.991304347826087,0.95,0.8587650631309744,0.8587650631309744,0.8587650631309744,0.27419354838709675,0.8387096774193549,0.27419354838709675,0.8387096774193549,236.0,0.0,0.00425531914893617,0.07696104113612678,66.0,0.0,0.015384615384615385,0.7032692459323369,0.0
beatles/beatles_03_A_Hard_Days_Night_06_Tell_Me_Why/track.npy,beatles,1.0,0.9425168099909009,0.9425168099909009,0.9425168099909009,1.0,1.0,1.0,1.0,0.8603351955307262,0.8033942947477557,0.8033942947477557,0.8033942947477557,0.11764705882352941,0.5,0.11764705882352941,0.5,318.0,0.0,0.0,0.10536051565783522,106.0,0.0,0.0,0.7191226669632073,0.0
beatles/beatles_03_A_Hard_Days_Night_11_When_I_Get_Home/track.npy,beatles,1.0,0.9594564553619502,0.9594564553619502,0.9594564553619502,1.0,1.0,1.0,1.0,0.9571428571428571,0.9212563925930196,0.9212563925930196,0.9212563925930196,0.3150684931506849,0.8356164383561644,0.3150684931506849,0.8356164383561644,275.0,0.0,0.0,0.04255961441881784,76.0,0.0,0.0,0.6931471805599467,0.0
beatles/beatles_04_Beatles_for_Sale_11_Every_Little_Thing/track.npy,beatles,0.9936034115138592,0.5499531874117711,0.5499531874117711,0.5499531874117711,0.6212765957446809,0.9957446808510638,0.6212765957446809,0.9957446808510638,0.8285714285714285,0.45903230349068014,0.45903230349068014,0.45903230349068014,0.1728395061728395,0.4691358024691358,0.1728395061728395,0.4691358024691358,245.0,0.004098360655737705,0.004098360655737705,0.08338160893905062,84.0,0.012048192771084338,0.012048192771084338,0.6926343555515717,0.0
beatles/beatles_06_Rubber_Soul_07_Michelle/track.npy,beatles,0.9949579831932773,0.9545989557782106,0.9545989557782106,0.9545989557782106,0.9765886287625418,0.9866220735785953,0.9765886287625418,0.9866220735785953,0.8654970760233919,0.8132104865372786,0.8132104865372786,0.8132104865372786,0.08333333333333333,0.5520833333333334,0.08333333333333333,0.5520833333333334,304.0,0.0,0.0,0.04078116152494759,99.0,0.0,0.0,0.7129498078561253,0.0
beatles/beatles_06_Rubber_Soul_08_What_Goes_On/track.npy,beatles,0.8214285714285715,0.8016409841277234,0.8069513135282244,0.8042961488279738,0.052486187845303865,0.40331491712707185,0.0631163708086785,0.4260355029585799,0.9883268482490272,0.9683698829225641,0.9683698829225641,0.9683698829225641,0.6384615384615384,0.9615384615384616,0.6384615384615384,0.9615384615384616,372.0,0.0,0.0,0.725937003382953,134.0,0.0,0.0,0.0327898228229895,0.0
beatles/beatles_07_Revolver_03_Im_Only_Sleeping/track.npy,beatles,0.9182608695652174,0.8507150222767718,0.8507150222767718,0.8507150222767718,0.28668941979522183,0.863481228668942,0.28668941979522183,0.863481228668942,0.7403314917127072,0.6699818788366984,0.6699818788366984,0.6699818788366984,0.056074766355140186,0.3644859813084112,0.056074766355140186,0.3644859813084112,290.0,0.0,0.010380622837370242,0.6931471805600163,109.0,0.0,0.0,1.3047376662472967,0.0
beatles/beatles_08_Sgt_Peppers_Lonely_Hearts_Club_Band_06_Shes_Leaving_Home/track.npy,beatles,0.7493261455525606,0.6100775987846576,0.6100775987846576,0.6100775987846576,0.059770114942528735,0.4827586206896552,0.059770114942528735,0.4827586206896552,0.4969325153374233,0.36625934893090806,0.36625934893090806,0.36625934893090806,0.03314917127071823,0.14917127071823205,0.03314917127071823,0.14917127071823205,316.0,0.0031746031746031746,0.0031746031746031746,1.047083112362547,184.0,0.0,0.0,1.4053362304358334,0.0
beatles/beatles_08_Sgt_Peppers_Lonely_Hearts_Club_Band_09_When_Im_Sixty-Four/track.npy,beatles,0.943952802359882,0.8677120704614998,0.8677120704614998,0.8677120704614998,0.15730337078651685,0.797752808988764,0.15730337078651685,0.797752808988764,0.7911111111111112,0.7189143623000256,0.7612712452209918,0.7400928037605087,0.11029411764705882,0.3382352941176471,0.11299435028248588,0.4576271186440678,333.0,0.0,0.0,0.670157662335243,140.0,0.0,0.0,0.7049816382069412,0.0
beatles/beatles_08_Sgt_Peppers_Lonely_Hearts_Club_Band_13_A_Day_In_The_Life/track.npy,beatles,0.6977829638273044,0.6405195603484123,0.7374479513346507,0.6889837558415315,0.09477756286266925,0.2940038684719536,0.09572901325478646,0.43446244477172313,0.4114285714285715,0.37858113752369493,0.5756961211748667,0.4771386293492808,0.0038022813688212928,0.011406844106463879,0.07224334600760456,0.3231939163498099,524.0,0.0076481835564053535,0.011472275334608031,0.7470757054860369,269.0,0.0037313432835820895,0.007462686567164179,1.2902005018984393,0.0
beatles/beatles_09_Magical_Mystery_Tour_05_Your_Mother_Should_Know/track.npy,beatles,0.9793621013133209,0.7130362712578192,0.7130362712578192,0.7130362712578192,0.30514705882352944,0.9301470588235294,0.30514705882352944,0.9301470588235294,0.904109589041096,0.6597167875801111,0.6597167875801111,0.6597167875801111,0.22077922077922077,0.7142857142857143,0.22077922077922077,0.7142857142857143,270.0,0.0,0.0,0.07696104113612787,80.0,0.0,0.0,0.7810027825480916,0.0
beatles/beatles_09_Magical_Mystery_Tour_06_I_Am_The_Walrus/track.npy,beatles,0.9481668773704172,0.8232763450932127,0.8232763450932127,0.8232763450932127,0.43564356435643564,0.8787128712871287,0.43564356435643564,0.8787128712871287,0.6529209621993127,0.5662644764328388,0.7418175380328911,0.654041007232865,0.015384615384615385,0.10256410256410256,0.10256410256410256,0.6461538461538462,411.0,0.0,0.0,0.12516314295394473,200.0,0.0,0.0,1.0271946035103936,0.0
beatles/beatles_09_Magical_Mystery_Tour_09_Penny_Lane/track.npy,beatles,0.9920760697305863,0.7362906124805723,0.7362906124805723,0.7362906124805723,0.9842767295597484,0.9842767295597484,0.9842767295597484,0.9842767295597484,0.9461077844311377,0.7153591946330135,0.7153591946330135,0.7153591946330135,0.25,0.8181818181818182,0.25,0.8181818181818182,327.0,0.0,0.0,0.0763904273396376,94.0,0.0,0.0,0.7121953755306495,0.0
beatles/beatles_10_CD1_The_Beatles_05_Wild_Honey_Pie/track.npy,beatles,0.9436619718309859,0.8626459725220577,0.8626459725220577,0.8626459725220577,0.8309859154929577,0.8873239436619719,0.8309859154929577,0.8873239436619719,0.5507246376811594,0.48314059879620946,0.6428788576646954,0.5630097282304525,0.02040816326530612,0.04081632653061224,0.12244897959183673,0.30612244897959184,79.0,0.0,0.0,0.060624621816436,54.0,0.0,0.0,0.6931471805599458,0.0
beatles/beatles_10_CD1_The_Beatles_06_The_Continuing_Story_of_Bungalow_Bill/track.npy,beatles,0.9411764705882353,0.8881738005931598,0.8881738005931598,0.8881738005931598,0.36421725239616615,0.8817891373801917,0.36421725239616615,0.8817891373801917,0.654867256637168,0.6129380222109572,0.7940987920308673,0.7035184071209122,0.026845637583892617,0.11409395973154363,0.0718954248366013,0.7058823529411765,315.0,0.006369426751592357,0.006369426751592357,0.6360631724064679,151.0,0.006666666666666667,0.006666666666666667,1.180051076726639,0.0
beatles/beatles_10_CD1_The_Beatles_13_Rocky_Raccoon/track.npy,beatles,0.883495145631068,0.8410865100820312,0.8410865100820312,0.8410865100820312,0.33043478260869563,0.5855072463768116,0.33043478260869563,0.5855072463768116,0.6238532110091742,0.5849939352610224,0.863803585346285,0.7243987603036537,0.006666666666666667,0.02666666666666667,0.23333333333333334,0.7333333333333333,352.0,0.0,0.0,0.11122563511020256,154.0,0.0,0.0,0.7069405026922828,0.0
beatles/beatles_10_CD2_The_Beatles_03_Mother_Natures_Son/track.npy,beatles,0.9034907597535934,0.8327548415080431,0.8327548415080431,0.8327548415080431,0.16853932584269662,0.6441947565543071,0.16853932584269662,0.6441947565543071,0.8549019607843137,0.7883348207348421,0.7883348207348421,0.7883348207348421,0.06944444444444445,0.5277777777777778,0.06944444444444445,0.5277777777777778,273.0,0.0,0.0,0.6931471805599152,149.0,0.0,0.0,1.0742056971647442,0.0
beatles/beatles_11_Abbey_Road_01_Come_Together/track.npy,beatles,0.8427672955974843,0.7963871375149724,0.7963871375149724,0.7963871375149724,0.19247787610619468,0.5022123893805309,0.19247787610619468,0.5022123893805309,0.4888888888888889,0.4610051447942325,0.5597263377351983,0.5103657412647153,0.008733624454148471,0.0611353711790393,0.043668122270742356,0.2183406113537118,462.0,0.0,0.0021691973969631237,0.6931471805599452,232.0,0.0,0.0,1.283123394059119,0.0
beatles/beatles_11_Abbey_Road_12_Polythene_Pam/track.npy,beatles,0.9641873278236914,0.8829777391331575,0.8829777391331575,0.8829777391331575,0.40106951871657753,0.8716577540106952,0.40106951871657753,0.8716577540106952,0.7758620689655172,0.6876849447887313,0.6896035550371322,0.6886442499129317,0.12857142857142856,0.35714285714285715,0.12857142857142856,0.35714285714285715,187.0,0.0,0.005376344086021506,0.11122563511024208,77.0,0.0,0.0,0.8797339264080735,0.0
beatles/beatles_11_Abbey_Road_17_Her_Majesty/track.npy,beatles,0.967741935483871,0.9273071721145897,0.9273071721145897,0.9273071721145897,0.967741935483871,0.967741935483871,0.967741935483871,0.967741935483871,0.967741935483871,0.916784417086827,0.916784417086827,0.916784417086827,0.9375,0.9375,0.9375,0.9375,42.0,0.0,0.024390243902439025,0.6592456288842624,22.0,0.0,0.0,0.7273687068284392,0.0
beatles/beatles_12_Let_It_Be_04_I_Me_Mine/track.npy,beatles,0.9263456090651558,0.8324249282556048,0.8324249282556048,0.8324249282556048,0.23756906077348067,0.8259668508287292,0.23756906077348067,0.8259668508287292,0.9422222222222222,0.8488071710433837,0.8488071710433837,0.8488071710433837,0.2719298245614035,0.868421052631579,0.2719298245614035,0.868421052631579,355.0,0.002824858757062147,0.014124293785310734,0.6752354026701185,116.0,0.0,0.0,0.6826776250853357,0.0
beatles/beatles_12_Let_It_Be_10_The_Long_and_Winding_Road/track.npy,beatles,0.9211087420042644,0.8415090202916888,0.8415090202916888,0.8415090202916888,0.23673469387755103,0.8,0.23673469387755103,0.8,0.611764705882353,0.5564612105409156,0.7982132353482437,0.6773372229445797,0.008771929824561403,0.043859649122807015,0.2543859649122807,0.7894736842105263,252.0,0.0,0.0,0.6295435915006331,119.0,0.0,0.0,0.7178300036493174,0.0
candombe/csic.1995_ansina1_03/track.npy,candombe,0.942008486562942,0.7270930201018259,0.7270930201018259,0.7270930201018259,0.1751336898395722,0.7874331550802139,0.1751336898395722,0.7874331550802139,0.9852507374631269,0.8378437078653262,0.8378437078653262,0.8378437078653262,0.5930232558139535,0.9709302325581395,0.5930232558139535,0.9709302325581395,760.0,0.1080368906455863,0.1080368906455863,1.6094379124338922,176.0,0.02857142857142857,0.02857142857142857,2.9957322735540117,0.0
candombe/csic.1995_ansina2_01/track.npy,candombe,1.0,0.8401698859559599,0.8401698859559599,0.8401698859559599,1.0,1.0,1.0,1.0,1.0,0.8458539816639707,0.8458539816639707,0.8458539816639707,1.0,1.0,1.0,1.0,685.0,0.0,0.0,0.044451762570918096,172.0,0.0,0.0,0.016664174923087437,0.0
candombe/csic.1995_ansina2_04/track.npy,candombe,0.9976190476190476,0.8332132006568884,0.8332132006568884,0.8332132006568884,0.5166270783847982,0.9928741092636579,0.5166270783847982,0.9928741092636579,1.0,0.8522050096173663,0.8522050096173663,0.8522050096173663,1.0,1.0,1.0,1.0,854.0,0.0035169988276670576,0.0035169988276670576,0.23361485118145842,214.0,0.0,0.0,0.022845821293774552,0.0
candombe/csic.1995_cuareim_02/track.npy,candombe,0.9693251533742331,0.8244566338650002,0.8244566338650002,0.8244566338650002,0.35,0.9130952380952381,0.35,0.9130952380952381,0.9850746268656716,0.8610203833295621,0.8610203833295621,0.8610203833295621,0.2696078431372549,0.9558823529411765,0.2696078431372549,0.9558823529411765,851.0,0.058823529411764705,0.058823529411764705,1.558144618046026,208.0,0.014492753623188406,0.014492753623188406,0.6904733582807588,0.0
candombe/zavala.muniz.2014_41/track.npy,candombe,0.9883381924198251,0.8738308534476386,0.8738308534476386,0.8738308534476386,0.41786743515850144,0.9567723342939481,0.41786743515850144,0.9567723342939481,0.8018867924528301,0.6810429727828046,0.6810429727828046,0.6810429727828046,0.05511811023622047,0.4094488188976378,0.05511811023622047,0.4094488188976378,349.0,0.005747126436781609,0.014367816091954023,0.17055534284797375,128.0,0.0,0.007874015748031496,1.3067316388849708,0.0
filosax/filosax_05/track.npy,filosax,0.9973799126637554,0.892075081658743,0.892075081658743,0.892075081658743,0.9947643979057592,0.9947643979057592,0.9947643979057592,0.9947643979057592,0.7202072538860104,0.6504508560480383,0.7941367782233969,0.7222938171357176,0.0205761316872428,0.18518518518518517,0.07017543859649122,0.6350877192982456,577.0,0.0,0.0,0.07696104113611357,245.0,0.0,0.0,0.7028846831123601,0.0
filosax/filosax_18/track.npy,filosax,0.9874879692011551,0.8811083396178551,0.8811083396178551,0.8811083396178551,0.28435114503816794,0.9675572519083969,0.28435114503816794,0.9675572519083969,0.7376311844077962,0.661207371395895,0.7294475280558251,0.6953274497258601,0.03667481662591687,0.28361858190709044,0.0854368932038835,0.4621359223300971,1055.0,0.006641366223908918,0.006641366223908918,0.15749797969545182,415.0,0.0,0.0,0.7375086955046852,0.0
filosax/filosax_22/track.npy,filosax,0.9771573604060914,0.8330959049920553,0.8330959049920553,0.8330959049920553,0.4683333333333333,0.9433333333333334,0.4683333333333333,0.9433333333333334,0.8106508875739645,0.6843970353009392,0.6843970353009392,0.6843970353009392,0.05194805194805195,0.5038961038961038,0.05194805194805195,0.5038961038961038,1215.0,0.01070840197693575,0.025535420098846788,0.20763936477829065,389.0,0.007731958762886598,0.01288659793814433,1.1518660892942705,0.0
filosax/filosax_26/track.npy,filosax,0.9826330532212885,0.8710327731086152,0.8710327731086152,0.8710327731086152,0.28159645232815966,0.9623059866962306,0.28159645232815966,0.9623059866962306,0.7138047138047138,0.6345253501361418,0.6812825964388693,0.6579039732875056,0.02680965147453083,0.257372654155496,0.03854875283446712,0.41496598639455784,913.0,0.01206140350877193,0.01206140350877193,0.22837920124740774,376.0,0.0,0.0,1.0059649439715908,0.0
filosax/filosax_35/track.npy,filosax,0.9704433497536945,0.7950358220103808,0.7950358220103808,0.7950358220103808,0.620563035495716,0.9436964504283966,0.620563035495716,0.9436964504283966,0.6506024096385543,0.5318325413742755,0.7118972342792322,0.6218648878267539,0.013157894736842105,0.11315789473684211,0.09226932668329177,0.6783042394014963,826.0,0.0036363636363636364,0.007272727272727273,0.18003143597419374,387.0,0.0025906735751295338,0.0025906735751295338,0.7251010714478197,0.0
filosax/filosax_37/track.npy,filosax,0.9821976672805403,0.8318873160739185,0.8318873160739185,0.8318873160739185,0.15693430656934307,0.9586374695863747,0.15693430656934307,0.9586374695863747,0.7390476190476191,0.6299487504643286,0.7263612447930975,0.6781549976287131,0.043343653250773995,0.2631578947368421,0.09429280397022333,0.5409429280397022,833.0,0.010817307692307692,0.01201923076923077,0.25782910930212644,329.0,0.0,0.0,0.7128762514769249,0.0
filosax/filosax_38/track.npy,filosax,0.9769230769230769,0.8565643959933935,0.8565643959933935,0.8565643959933935,0.10198300283286119,0.8961284230406044,0.10198300283286119,0.8961284230406044,0.7917329093799682,0.690108503045803,0.6948777129090629,0.6924931079774329,0.07506702412868632,0.39946380697050937,0.07506702412868632,0.39946380697050937,1072.0,0.018674136321195144,0.04201680672268908,0.4515675196836663,378.0,0.0,0.007957559681697613,0.7389567165911753,0.0
groove_midi/drummer10_session1_3_jazz-swing_215_beat_4-4/track.npy,groove_midi,0.7692307692307693,0.695275073216968,0.695275073216968,0.695275073216968,0.0718562874251497,0.23353293413173654,0.11320754716981132,0.3584905660377358,0.5046728971962617,0.4415349383750408,0.4415349383750408,0.4415349383750408,0.07692307692307693,0.2,0.07692307692307693,0.2,119.0,0.0,0.00847457627118644,0.767255152713679,75.0,0.0,0.0,1.3340875349261159,0.0
groove_midi/drummer1_eval_session_3_soul-groove3_86_beat_4-4/track.npy,groove_midi,1.0,0.9348542013831717,0.9348542013831717,0.9348542013831717,1.0,1.0,1.0,1.0,0.7499999999999999,0.7193696355034623,0.888103470670326,0.8037365530868942,0.04,0.16,0.20689655172413793,0.7241379310344828,65.0,0.0,0.0,0.058672291404633994,29.0,0.0,0.0,0.6859786910813341,0.0
groove_midi/drummer1_eval_session_7_pop-groove7_138_beat_4-4/track.npy,groove_midi,0.9904761904761905,0.881777964080798,0.881777964080798,0.881777964080798,0.9811320754716981,0.9811320754716981,0.9811320754716981,0.9811320754716981,0.962962962962963,0.8585612097472494,0.8585612097472494,0.8585612097472494,0.9285714285714286,0.9285714285714286,0.9285714285714286,0.9285714285714286,65.0,0.0,0.0,0.09487633964446388,18.0,0.0,0.0,0.21106701246642579,0.0
groove_midi/drummer1_eval_session_8_rock-groove8_65_beat_4-4/track.npy,groove_midi,1.0,0.8863683600572507,0.8863683600572507,0.8863683600572507,1.0,1.0,1.0,1.0,0.6511627906976745,0.563799979463304,0.8545979357827101,0.7091989576230071,0.0,0.0,0.9310344827586207,0.9310344827586207,64.0,0.0,0.0,0.06453852113757363,32.0,0.0,0.0,0.032630276641564364,0.0
groove_midi/drummer1_session1_38_latin-samba_116_beat_4-4/track.npy,groove_midi,1.0,0.833602846869389,0.833602846869389,0.833602846869389,1.0,1.0,1.0,1.0,0.7575757575757575,0.6429944371392142,0.6429944371392142,0.6429944371392142,0.34146341463414637,0.43902439024390244,0.34146341463414637,0.43902439024390244,112.0,0.0,0.0,0.05997789354384893,50.0,0.0,0.0,0.7055285072908921,0.0
groove_midi/drummer1_session2_32_punk_140_beat_4-4/track.npy,groove_midi,0.7654028436018957,0.5091829773749021,0.5091829773749021,0.5091829773749021,0.08531746031746032,0.4166666666666667,0.08531746031746032,0.4166666666666667,0.5755395683453237,0.40283051627206135,0.558951502101525,0.4808910091867932,0.010362694300518135,0.05181347150259067,0.09844559585492228,0.6580310880829016,514.0,0.1871345029239766,0.3469785575048733,1.3862943611197838,198.0,0.06091370558375635,0.1116751269035533,2.1259962347456978,0.0
groove_midi/drummer1_session2_5_jazz_200_beat_3-4/track.npy,groove_midi,0.7523510971786834,0.6951928657879657,0.6951928657879657,0.6951928657879657,0.03439153439153439,0.31746031746031744,0.03461538461538462,0.31746031746031744,0.4909747292418773,0.4452557824877647,0.4452557824877647,0.4452557824877647,0.026490066225165563,0.17218543046357615,0.026490066225165563,0.17218543046357615,268.0,0.011235955056179775,0.0299625468164794,0.7949298748698679,155.0,0.006493506493506494,0.006493506493506494,1.609437912434107,0.0
groove_midi/drummer1_session3_12_latin-bomba_96_beat_4-4/track.npy,groove_midi,0.9615931721194878,0.8916263127624593,0.8916263127624593,0.8916263127624593,0.323943661971831,0.9154929577464789,0.323943661971831,0.9154929577464789,0.8275862068965517,0.7634580546542097,0.7634580546542097,0.7634580546542097,0.19827586206896552,0.5258620689655172,0.19827586206896552,0.5258620689655172,364.0,0.005509641873278237,0.008264462809917356,0.6931471805598959,121.0,0.0,0.0,1.2379193328241207,0.0
groove_midi/drummer1_session3_17_afrocuban-calypso_108_beat_4-4/track.npy,groove_midi,0.9548088064889918,0.8115696944860692,0.8115696944860692,0.8115696944860692,0.3773148148148148,0.9375,0.3773148148148148,0.9375,0.7591240875912408,0.6385059066765301,0.6498078039628218,0.6441568553196759,0.05389221556886228,0.33532934131736525,0.10328638497652583,0.3755868544600939,440.0,0.0,0.0,0.3832480659058018,169.0,0.0,0.0,0.7739303981920224,0.0
groove_midi/drummer1_session3_18_rock_128_beat_4-4/track.npy,groove_midi,0.9948542024013721,0.8904263332811804,0.8904263332811804,0.8904263332811804,0.9897610921501706,0.9897610921501706,0.9897610921501706,0.9897610921501706,0.8111111111111111,0.7146183846667437,0.7550299256818223,0.7348241551742829,0.14953271028037382,0.35514018691588783,0.2206896551724138,0.47586206896551725,300.0,0.0,0.0,0.08338160893905368,112.0,0.0,0.0,0.6931471805599491,0.0
groove_midi/drummer1_session3_3_rock-rockabilly_200_beat_4-4/track.npy,groove_midi,0.8558708959376738,0.8095459302050141,0.8095459302050141,0.8095459302050141,0.08179162609542356,0.49756572541382665,0.08179162609542356,0.49756572541382665,0.9558232931726908,0.899459507088466,0.899459507088466,0.899459507088466,0.4453125,0.8515625,0.4453125,0.8515625,777.0,0.001288659793814433,0.002577319587628866,0.693147180559898,245.0,0.0,0.004098360655737705,0.7006161030931718,0.0
groove_midi/drummer1_session3_4_jazz-linear_182_beat_4-4/track.npy,groove_midi,0.5147969717825189,0.3972087525374783,0.3972087525374783,0.3972087525374783,0.0075,0.1,0.019908116385911178,0.1807044410413476,0.372,0.29005991745007864,0.29005991745007864,0.29005991745007864,0.013333333333333334,0.14333333333333334,0.013333333333333334,0.14333333333333334,664.0,0.1568627450980392,0.2368024132730015,1.5577672577647885,309.0,0.06493506493506493,0.11363636363636363,2.064609036802608,0.0
groove_midi/drummer1_session3_9_rock_135_beat_4-4/track.npy,groove_midi,0.994246260069045,0.8926892232731808,0.8926892232731808,0.8926892232731808,0.7408256880733946,0.9908256880733946,0.7408256880733946,0.9908256880733946,0.9008264462809917,0.7977827798332452,0.7977827798332452,0.7977827798332452,0.21052631578947367,0.6466165413533834,0.21052631578947367,0.6466165413533834,445.0,0.0022522522522522522,0.0022522522522522522,0.13353139262446345,135.0,0.0,0.0,0.6819738799618301,0.0
groove_midi/drummer3_session1_7_rock_105_beat_4-4/track.npy,groove_midi,1.0,0.7925268480941138,0.7925268480941138,0.7925268480941138,1.0,1.0,1.0,1.0,1.0,0.808012227335057,0.808012227335057,0.808012227335057,1.0,1.0,1.0,1.0,61.0,0.0,0.0,0.07145896398214968,16.0,0.0,0.0,0.026202372394024342,0.0
groove_midi/drummer3_session1_8_jazz_105_beat_4-4/track.npy,groove_midi,0.875,0.6641377986425706,0.6641377986425706,0.6641377986425706,0.4,0.7703703703703704,0.4,0.7703703703703704,0.5106382978723405,0.35601295472737315,0.3630163655199502,0.3595146601236617,0.09375,0.1875,0.09375,0.1875,144.0,0.02097902097902098,0.055944055944055944,1.0463724809243076,68.0,0.0,0.04477611940298507,1.4995344326157602,0.0
groove_midi/drummer3_session2_16_rock_100_beat_4-4/track.npy,groove_midi,1.0,0.933033333649128,0.933033333649128,0.933033333649128,1.0,1.0,1.0,1.0,0.9019607843137255,0.7987684220433302,0.7987684220433302,0.7987684220433302,0.5,0.6428571428571429,0.5,0.6428571428571429,104.0,0.0,0.0,0.0969677127469349,31.0,0.0,0.0,0.7638170019537706,0.0
groove_midi/drummer3_session2_6_rock_100_beat_4-4/track.npy,groove_midi,0.9655172413793104,0.919534685530672,0.919534685530672,0.919534685530672,0.9333333333333333,0.9333333333333333,0.9333333333333333,0.9333333333333333,0.7368421052631579,0.7121046110704503,0.8517992566203086,0.7819519338453795,0.16666666666666666,0.16666666666666666,0.6923076923076923,0.6923076923076923,36.0,0.0,0.0,0.06749689844456941,15.0,0.0,0.0,0.30730309283696194,0.0
groove_midi/drummer5_eval_session_10_soul-groove10_102_beat_4-4/track.npy,groove_midi,1.0,0.9629042182206272,0.9629042182206272,0.9629042182206272,1.0,1.0,1.0,1.0,0.962962962962963,0.9000642540723484,0.9000642540723484,0.9000642540723484,0.9285714285714286,0.9285714285714286,0.9285714285714286,0.9285714285714286,64.0,0.0,0.0,0.06899287148695296,17.0,0.0,0.0,0.0931271770602613,0.0
groove_midi/drummer5_eval_session_6_hiphop-groove6_87_beat_4-4/track.npy,groove_midi,1.0,0.914170088261323,0.914170088261323,0.914170088261323,1.0,1.0,1.0,1.0,1.0,0.913499839505317,0.913499839505317,0.913499839505317,1.0,1.0,1.0,1.0,64.0,0.0,0.0,0.0832715436278003,17.0,0.0,0.0,0.6736044929867743,0.0
groove_midi/drummer5_eval_session_8_rock-groove8_65_beat_4-4/track.npy,groove_midi,0.9914529914529915,0.9031610052802869,0.9031610052802869,0.9031610052802869,0.9830508474576272,0.9830508474576272,0.9830508474576272,0.9830508474576272,0.6363636363636364,0.5716454737597789,0.8569139066578384,0.7142796902088087,0.0,0.0,0.9,0.9,65.0,0.0,0.0,0.044355097507727696,33.0,0.0,0.0,0.037903603953340526,0.0
groove_midi/drummer5_session1_20_latin-brazilian-baiao_110_beat_4-4/track.npy,groove_midi,0.8969849246231155,0.7964398742713422,0.7964398742713422,0.7964398742713422,0.18181818181818182,0.8525798525798526,0.18181818181818182,0.8525798525798526,0.7438016528925621,0.6658782245220652,0.6737830194287058,0.6698306219753856,0.07857142857142857,0.4142857142857143,0.07857142857142857,0.4142857142857143,399.0,0.005025125628140704,0.005025125628140704,0.7114963192281303,143.0,0.0,0.0,0.7884573603642715,0.0
groove_midi/drummer5_session1_7_latin-brazilian-maracatu_96_beat_4-4/track.npy,groove_midi,0.8824242424242423,0.723351312540129,0.723351312540129,0.723351312540129,0.1527777777777778,0.7685185185185185,0.1527777777777778,0.7685185185185185,0.7982832618025753,0.6755408926165691,0.6755408926165691,0.6755408926165691,0.07462686567164178,0.5522388059701493,0.07462686567164178,0.5522388059701493,441.0,0.011363636363636364,0.031818181818181815,0.7839763928116396,137.0,0.007352941176470588,0.007352941176470588,1.505554018845922,0.0
groove_midi/drummer5_session2_21_latin-brazilian-ijexa_108_beat_4-4/track.npy,groove_midi,0.9872340425531915,0.8972117964084437,0.8972117964084437,0.8972117964084437,0.5423728813559322,0.9661016949152542,0.5423728813559322,0.9661016949152542,0.057971014492753624,0.0537714796109345,0.7546362530863963,0.4042038663486654,0.0,0.0,0.15,0.475,126.0,0.0,0.008,0.10436355434065439,42.0,0.0,0.024390243902439025,1.4226620052907677,0.0
groove_midi/drummer5_session2_5_reggae_126_beat_4-4/track.npy,groove_midi,0.9416445623342176,0.8878556436872972,0.8878556436872972,0.8878556436872972,0.7,0.9157894736842105,0.7,0.9157894736842105,0.09923664122137404,0.08753110845563945,0.1288043879063866,0.10816774818101302,0.005988023952095809,0.011976047904191617,0.005988023952095809,0.011976047904191617,385.0,0.0026041666666666665,0.0026041666666666665,0.08338160893909244,173.0,0.0,0.0,1.1267887569436477,0.0
groove_midi/drummer6_session1_5_rock_60_beat_6-8/track.npy,groove_midi,0.4947368421052631,0.3854334331684751,0.3854334331684751,0.3854334331684751,0.0,0.0,0.0,0.0,0.2424242424242424,0.1756862758706741,0.1756862758706741,0.1756862758706741,0.0,0.0,0.0,0.0,154.0,0.006535947712418301,0.013071895424836602,0.26560986579380547,62.0,0.0,0.0,1.4271163556401447,0.0
groove_midi/drummer6_session3_1_rock_90_beat_4-4/track.npy,groove_midi,0.9801324503311258,0.7638382629937245,0.7638382629937245,0.7638382629937245,0.9868421052631579,0.9868421052631579,0.9868421052631579,0.9868421052631579,0.0,9.597669841348362e-220,0.7489964368655992,0.3744982184327996,0.0,0.0,0.9473684210526315,0.9473684210526315,84.0,0.0,0.0,0.06062462181643358,21.0,0.0,0.0,0.03012338209955898,0.0
groove_midi/drummer6_session3_3_rock_100_beat_4-4/track.npy,groove_midi,0.9714285714285714,0.7282549449093648,0.7282549449093648,0.7282549449093648,0.7027027027027027,0.990990990990991,0.7027027027027027,0.990990990990991,0.9411764705882354,0.6634159865193765,0.6634159865193765,0.6634159865193765,0.4482758620689655,0.9080459770114943,0.4482758620689655,0.9080459770114943,342.0,0.0,0.0,0.09546667445477322,90.0,0.0,0.0,0.468563141004102,0.0
groove_midi/drummer6_session3_7_rock_88_beat_4-4/track.npy,groove_midi,0.9595375722543352,0.7809060549881631,0.7809060549881631,0.7809060549881631,1.0,1.0,1.0,1.0,0.8118811881188119,0.6643748759543074,0.6643748759543074,0.6643748759543074,0.2631578947368421,0.5263157894736842,0.2631578947368421,0.5263157894736842,181.0,0.0,0.0,0.06062462181643358,61.0,0.0,0.0,0.7004841144915613,0.0
groove_midi/drummer7_session1_13_funk_102_beat_4-4/track.npy,groove_midi,0.970873786407767,0.7836185221331765,0.7836185221331765,0.7836185221331765,0.6193548387096774,0.9483870967741935,0.6193548387096774,0.9483870967741935,0.6909090909090909,0.5611753027169157,0.745416023032995,0.6532956628749553,0.041666666666666664,0.1111111111111111,0.26666666666666666,0.76,161.0,0.00625,0.0125,0.6615649927297981,76.0,0.013333333333333334,0.02666666666666667,1.5550051999929044,0.0
groove_midi/drummer7_session1_14_jazz_100_beat_4-4/track.npy,groove_midi,0.9257142857142857,0.7646811862391223,0.7646811862391223,0.7646811862391223,0.4222222222222222,0.8555555555555555,0.4222222222222222,0.8555555555555555,0.49315068493150693,0.421383972578514,0.6407387775868366,0.5310613750826754,0.0196078431372549,0.0196078431372549,0.17647058823529413,0.5294117647058824,92.0,0.01098901098901099,0.01098901098901099,0.6931470783402294,55.0,0.0,0.0,0.8277175164848422,0.0
groove_midi/drummer7_session1_38_hiphop_100_beat_4-4/track.npy,groove_midi,1.0,0.8875649055529365,0.8875649055529365,0.8875649055529365,1.0,1.0,1.0,1.0,0.0,1.8491425861690425e-47,2.3180092377921735e-41,1.15900554346738e-41,0.0,0.0,0.0,0.0,42.0,0.0,0.0,0.09844007281325333,20.0,0.0,0.0,0.6627964358677215,0.0
groove_midi/drummer7_session1_8_rock_93_beat_4-4/track.npy,groove_midi,0.9407114624505929,0.7972667127521527,0.7972667127521527,0.7972667127521527,0.8307086614173228,0.9763779527559056,0.8307086614173228,0.9763779527559056,0.7792207792207793,0.6535909664474424,0.6535909664474424,0.6535909664474424,0.08791208791208792,0.42857142857142855,0.08791208791208792,0.42857142857142855,262.0,0.0,0.0,0.06453852113755983,94.0,0.0,0.0,1.077848921375258,0.0
groove_midi/drummer7_session2_15_rock_118_beat_4-4/track.npy,groove_midi,0.9930069930069931,0.9077417665603129,0.9077417665603129,0.9077417665603129,0.7627906976744186,0.9813953488372092,0.7627906976744186,0.9813953488372092,0.9642857142857143,0.8792934632197037,0.8792934632197037,0.8792934632197037,0.41379310344827586,0.8620689655172413,0.41379310344827586,0.8620689655172413,224.0,0.0,0.0,0.08004270767353472,61.0,0.0,0.0,1.1118575154181285,0.0
groove_midi/drummer7_session2_37_rock_112_beat_4-4/track.npy,groove_midi,0.9795918367346939,0.8306135428206188,0.8306135428206188,0.8306135428206188,0.6194331983805668,0.951417004048583,0.6194331983805668,0.951417004048583,0.8794326241134751,0.7389537773414004,0.7389537773414004,0.7389537773414004,0.12658227848101267,0.5822784810126582,0.12658227848101267,0.5822784810126582,253.0,0.0,0.0,0.11332868530700724,84.0,0.0,0.0,0.7025369209097858,0.0
groove_midi/drummer7_session2_45_rock_135_beat_4-4/track.npy,groove_midi,0.9966329966329966,0.9140839988669403,0.9140839988669403,0.9140839988669403,0.9932885906040269,0.9932885906040269,0.9932885906040269,0.9932885906040269,0.8705882352941177,0.7875212799464612,0.7875212799464612,0.7875212799464612,0.25,0.5416666666666666,0.25,0.5416666666666666,161.0,0.0,0.0,0.09097177820572486,54.0,0.0,0.0,0.6819738799618217,0.0
groove_midi/drummer7_session2_64_rock_145_beat_4-4/track.npy,groove_midi,0.9972144846796658,0.8897222399963156,0.8897222399963156,0.8897222399963156,0.9666666666666667,0.9888888888888889,0.9666666666666667,0.9888888888888889,0.7433628318584071,0.6483427718399433,0.6535324925101483,0.6509376321750457,0.16176470588235295,0.38235294117647056,0.16176470588235295,0.38235294117647056,192.0,0.0,0.0,0.1000834585569814,73.0,0.0,0.0,0.9058455685538345,0.0
groove_midi/drummer7_session3_106_hiphop_70_beat_4-4/track.npy,groove_midi,0.6941176470588236,0.5805703151275095,0.7992305340077258,0.6899004245676177,0.06306306306306306,0.09009009009009009,0.2905982905982906,0.8034188034188035,0.5882352941176471,0.4756734799018609,0.7333761544438202,0.6045248171728406,0.0,0.0,0.3333333333333333,0.6111111111111112,122.0,0.008264462809917356,0.03305785123966942,0.6713071382464852,40.0,0.0,0.0,1.409824858530084,0.0
groove_midi/drummer7_session3_119_rock_95_beat_4-4/track.npy,groove_midi,0.9199999999999999,0.8543309328210645,0.8543309328210645,0.8543309328210645,0.8076923076923077,0.8076923076923077,0.8076923076923077,0.8076923076923077,0.923076923076923,0.9097796472853884,0.9097796472853884,0.9097796472853884,0.8571428571428571,0.8571428571428571,0.8571428571428571,0.8571428571428571,34.0,0.0,0.030303030303030304,0.6473249044227347,9.0,0.0,0.0,0.11266748062596761,0.0
groove_midi/drummer7_session3_159_soul_98_beat_4-4/track.npy,groove_midi,0.9873417721518987,0.8566159460666587,0.8566159460666587,0.8566159460666587,0.975,0.975,0.975,0.975,0.8571428571428571,0.7479155277383581,0.7479155277383581,0.7479155277383581,0.5833333333333334,0.5833333333333334,0.5833333333333334,0.5833333333333334,47.0,0.0,0.0,0.06669137449867306,14.0,0.0,0.0,0.6840560644867792,0.0
groove_midi/drummer7_session3_38_hiphop_67_beat_4-4/track.npy,groove_midi,0.8051948051948052,0.7152251547378783,0.7459359410680249,0.7305805479029516,0.16304347826086957,0.3695652173913043,0.24390243902439024,0.45528455284552843,0.6829268292682926,0.6276545751886796,0.7113243825616242,0.669489478875152,0.07692307692307693,0.19230769230769232,0.3448275862068966,0.5517241379310345,95.0,0.0,0.0,0.7156200364119946,28.0,0.0,0.0,0.6917544192975815,0.0
groove_midi/drummer7_session3_92_hiphop_70_beat_4-4/track.npy,groove_midi,0.7136150234741784,0.6343493755038361,0.7553344123553063,0.6948418939295712,0.026119402985074626,0.21641791044776118,0.11428571428571428,0.6,0.5693430656934306,0.5034037696112506,0.7623482688298089,0.6328760192205297,0.0,0.0,0.3163265306122449,0.6326530612244898,272.0,0.02214022140221402,0.02952029520295203,0.7166776779701561,99.0,0.02040816326530612,0.04081632653061224,1.4623019876219987,0.0
groove_midi/drummer8_eval_session_2_funk-groove2_105_beat_4-4/track.npy,groove_midi,0.9909909909909909,0.8999601385980548,0.8999601385980548,0.8999601385980548,0.9821428571428571,0.9821428571428571,0.9821428571428571,0.9821428571428571,0.962962962962963,0.9049827346409488,0.9049827346409488,0.9049827346409488,0.9285714285714286,0.9285714285714286,0.9285714285714286,0.9285714285714286,65.0,0.0,0.0,0.035091319811275556,17.0,0.0,0.0,0.017544309650907954,0.0
groove_midi/drummer8_eval_session_3_soul-groove3_86_beat_4-4/track.npy,groove_midi,1.0,0.9540035776119554,0.9540035776119554,0.9540035776119554,1.0,1.0,1.0,1.0,0.6666666666666666,0.6432919654422202,0.8948874272091764,0.7690896963256983,0.03571428571428571,0.03571428571428571,0.7857142857142857,0.8928571428571429,64.0,0.0,0.0,0.057158413839947464,32.0,0.0,0.0,0.693147180559943,0.0
groove_midi/drummer8_session1_13_latin_118_beat_4-4/track.npy,groove_midi,0.8694029850746269,0.7880697144139808,0.7880697144139808,0.7880697144139808,0.25547445255474455,0.7335766423357665,0.25547445255474455,0.7335766423357665,0.8026315789473685,0.720690729678151,0.720690729678151,0.720690729678151,0.14942528735632185,0.5862068965517241,0.14942528735632185,0.5862068965517241,284.0,0.0035335689045936395,0.04946996466431095,1.0216512475320223,90.0,0.0,0.033707865168539325,1.7673529285308436,0.0
groove_midi/drummer8_session1_1_funk_95_beat_4-4/track.npy,groove_midi,0.9987760097919216,0.9277437964916907,0.9277437964916907,0.9277437964916907,0.9975550122249389,0.9975550122249389,0.9975550122249389,0.9975550122249389,0.9760765550239235,0.9079462330417039,0.9079462330417039,0.9079462330417039,0.29906542056074764,0.9158878504672897,0.29906542056074764,0.9158878504672897,417.0,0.0,0.0,0.06453852113756575,109.0,0.0,0.0,0.6694306539426284,0.0
groove_midi/drummer8_session1_23_hiphop_70_beat_4-4/track.npy,groove_midi,0.9819819819819819,0.8891544592841685,0.8891544592841685,0.8891544592841685,0.5486725663716814,0.9292035398230089,0.5486725663716814,0.9292035398230089,0.6625766871165644,0.6039656177105469,0.8908255031761678,0.7473955604433573,0.0,0.0,0.981651376146789,0.981651376146789,232.0,0.0,0.0,0.07061756721394785,112.0,0.0,0.0,0.04627930955800792,0.0
groove_midi/drummer8_session1_24_funk-latin_100_beat_4-4/track.npy,groove_midi,0.9951845906902087,0.8977703593895268,0.8977703593895268,0.8977703593895268,0.9230769230769231,0.9935897435897436,0.9230769230769231,0.9935897435897436,0.9176470588235294,0.8406657724255326,0.8406657724255326,0.8406657724255326,0.33695652173913043,0.6956521739130435,0.33695652173913043,0.6956521739130435,320.0,0.0,0.0,0.06669137449870699,97.0,0.0,0.0,0.7013511388517689,0.0
groove_midi/drummer8_session1_2_funk_95_beat_4-4/track.npy,groove_midi,0.9738430583501007,0.8730051433220565,0.8730051433220565,0.8730051433220565,0.321285140562249,0.9518072289156626,0.321285140562249,0.9518072289156626,0.9312977099236642,0.8444884514953505,0.8444884514953505,0.8444884514953505,0.2028985507246377,0.8115942028985508,0.2028985507246377,0.8115942028985508,257.0,0.0,0.015625,0.4591876058890415,71.0,0.0,0.014285714285714285,0.7057582665436738,0.0
groove_midi/drummer9_session1_18_rock_120_beat_4-4/track.npy,groove_midi,0.606060606060606,0.49411307834308316,0.4985595005132561,0.49633628942816965,0.2571428571428571,0.5142857142857142,0.2571428571428571,0.5142857142857142,0.5555555555555556,0.442006188330014,0.442006188330014,0.442006188330014,1.0,1.0,1.0,1.0,38.0,0.0,0.0,0.4420187934938411,11.0,0.0,0.0,0.14523226584540674,0.0
groove_midi/drummer9_session1_19_rock_120_beat_4-4/track.npy,groove_midi,0.859375,0.764291697938886,0.764291697938886,0.764291697938886,0.45454545454545453,0.7272727272727273,0.45454545454545453,0.7272727272727273,0.7692307692307693,0.7029469845327372,0.7029469845327372,0.7029469845327372,0.21739130434782608,0.43478260869565216,0.3225806451612903,0.43478260869565216,73.0,0.0,0.013888888888888888,0.7535795316568543,26.0,0.0,0.0,1.3483628296163503,0.0
groove_midi/drummer9_session1_1_rock_100_beat_4-4/track.npy,groove_midi,0.965034965034965,0.8765559919532726,0.8765559919532726,0.8765559919532726,0.5416666666666666,0.9444444444444444,0.5416666666666666,0.9444444444444444,0.6956521739130435,0.6307846287646214,0.7836674533231416,0.7072260410438815,0.25,0.25,0.6,0.6,80.0,0.0,0.0,0.10654499905712166,31.0,0.0,0.0,0.2550093373941291,0.0
guitarset/00_BN1-147-Gb_comp_mix/track.npy,guitarset,0.8787878787878788,0.7569791378480909,0.7569791378480909,0.7569791378480909,0.45714285714285713,0.7428571428571429,0.45714285714285713,0.7428571428571429,0.7058823529411765,0.6224071591202673,0.6224071591202673,0.6224071591202673,0.6666666666666666,0.6666666666666666,0.6666666666666666,0.6666666666666666,44.0,0.0,0.0,0.6265232691935743,15.0,0.0,0.0,1.4452810218562115,0.0
guitarset/00_Rock1-90-C#_comp_mix/track.npy,guitarset,0.6506024096385542,0.5167041060247902,0.5167041060247902,0.5167041060247902,0.23255813953488372,0.4418604651162791,0.23255813953488372,0.4418604651162791,0.7200000000000001,0.6318436676813319,0.6318436676813319,0.6318436676813319,0.2,0.5333333333333333,0.2,0.5333333333333333,51.0,0.0,0.04,1.138716862353758,17.0,0.0,0.0625,2.7549556231649714,0.0
guitarset/00_SS3-84-Bb_comp_mix/track.npy,guitarset,0.7524752475247524,0.5010310293246582,0.5010310293246582,0.5010310293246582,0.14035087719298245,0.49122807017543857,0.14035087719298245,0.49122807017543857,0.7647058823529412,0.6172415777397837,0.6172415777397837,0.6172415777397837,0.25,0.55,0.25,0.55,50.0,0.0,0.0,1.126932931590268,22.0,0.0,0.0,1.5156853734753113,0.0
guitarset/01_Jazz1-200-B_comp_mix/track.npy,guitarset,0.6382978723404255,0.6182973451249913,0.937418555505702,0.7778579503153467,0.0,0.0,0.9375,0.9375,0.8571428571428571,0.8403567003692286,0.8403567003692286,0.8403567003692286,0.8571428571428571,0.8571428571428571,0.8571428571428571,0.8571428571428571,25.0,0.0,0.0,0.06876272178812336,11.0,0.0,0.0,0.7134466720873893,0.0
guitarset/01_Jazz2-187-F#_comp_mix/track.npy,guitarset,0.9347826086956522,0.8715071198034974,0.8715071198034974,0.8715071198034974,0.5416666666666666,0.7708333333333334,0.5416666666666666,0.7708333333333334,0.9600000000000001,0.9106230698268412,0.9106230698268412,0.9106230698268412,0.9230769230769231,0.9230769230769231,0.9230769230769231,0.9230769230769231,57.0,0.0,0.0,0.7239188392266972,17.0,0.0,0.0,0.035832785143340706,0.0
guitarset/01_Rock1-130-A_comp_mix/track.npy,guitarset,0.5360824742268041,0.4885376094466062,0.8048013997802068,0.6466695046134066,0.05,0.05,0.136986301369863,0.5342465753424658,0.5294117647058824,0.5052771388522335,0.5052771388522335,0.5052771388522335,0.04,0.08,0.04,0.08,74.0,0.0,0.0958904109589041,0.7985284550836853,32.0,0.0,0.0967741935483871,1.909542504884434,0.0
guitarset/02_BN3-154-E_comp_mix/track.npy,guitarset,0.9902912621359222,0.8482684435834842,0.8482684435834842,0.8482684435834842,0.9807692307692307,0.9807692307692307,0.9807692307692307,0.9807692307692307,0.9600000000000001,0.8061861658327415,0.8061861658327415,0.8061861658327415,0.9230769230769231,0.9230769230769231,0.9230769230769231,0.9230769230769231,65.0,0.0,0.0,0.10536051565782693,17.0,0.0,0.0,0.025975486403260823,0.0
guitarset/02_Funk2-108-Eb_comp_mix/track.npy,guitarset,0.9724770642201834,0.8590140483345668,0.8590140483345668,0.8590140483345668,0.9818181818181818,0.9818181818181818,0.9818181818181818,0.9818181818181818,0.896551724137931,0.7849183549238391,0.7849183549238391,0.7849183549238391,0.625,0.6875,0.625,0.6875,63.0,0.0,0.0,0.10919929196498301,19.0,0.0,0.0,0.671426389307186,0.0
guitarset/02_Funk2-119-G_comp_mix/track.npy,guitarset,0.7777777777777778,0.6785502672196265,0.6785502672196265,0.6785502672196265,0.35185185185185186,0.7222222222222222,0.35185185185185186,0.7222222222222222,0.588235294117647,0.5209103038251397,0.5209103038251397,0.5209103038251397,0.14285714285714285,0.19047619047619047,0.14285714285714285,0.19047619047619047,64.0,0.0,0.015873015873015872,0.7798101240837653,24.0,0.0,0.0,1.11185751541813,0.0
guitarset/02_Funk3-98-A_comp_mix/track.npy,guitarset,0.8490566037735848,0.7370264274056614,0.7370264274056614,0.7370264274056614,0.5818181818181818,0.7636363636363637,0.5818181818181818,0.7636363636363637,0.8275862068965517,0.748046954565966,0.748046954565966,0.748046954565966,0.4375,0.6875,0.4375,0.6875,62.0,0.0,0.0,0.7740867732678159,22.0,0.0,0.0,1.6570386115227587,0.0
guitarset/02_Jazz3-150-C_comp_mix/track.npy,guitarset,0.970873786407767,0.7947841660646715,0.7947841660646715,0.7947841660646715,0.7692307692307693,0.9615384615384616,0.7692307692307693,0.9615384615384616,0.9600000000000001,0.7363375733738522,0.7363375733738522,0.7363375733738522,0.9230769230769231,0.9230769230769231,0.9230769230769231,0.9230769230769231,64.0,0.0,0.0,0.15377331954548643,17.0,0.0,0.0,0.02868232998296174,0.0
guitarset/02_Rock2-142-D_comp_mix/track.npy,guitarset,0.9158878504672897,0.6176956788488253,0.6176956788488253,0.6176956788488253,0.6545454545454545,0.8,0.6545454545454545,0.8,0.8125000000000001,0.5892450964348924,0.5892450964348924,0.5892450964348924,0.5789473684210527,0.5789473684210527,0.5789473684210527,0.5789473684210527,68.0,0.014925373134328358,0.08955223880597014,0.8329091229351079,22.0,0.0,0.09523809523809523,1.163150809805685,0.0
guitarset/03_Funk1-114-Ab_comp_mix/track.npy,guitarset,0.9736842105263158,0.9230211253741941,0.9230211253741941,0.9230211253741941,0.9736842105263158,0.9736842105263158,0.9736842105263158,0.9736842105263158,0.7499999999999999,0.7104553520741064,0.7104553520741064,0.7104553520741064,0.2,0.3333333333333333,0.2,0.3333333333333333,48.0,0.0,0.0,0.07696104113613211,19.0,0.0,0.0,1.4053425560905852,0.0
guitarset/03_Funk2-108-Eb_comp_mix/track.npy,guitarset,0.9818181818181818,0.9331590418329752,0.9331590418329752,0.9331590418329752,0.6181818181818182,0.9636363636363636,0.6181818181818182,0.9636363636363636,0.9285714285714286,0.8883003187117043,0.8883003187117043,0.8883003187117043,0.6,0.8666666666666667,0.6,0.8666666666666667,65.0,0.0,0.0,0.10919929196499287,18.0,0.0,0.0,2.0565106215875035,0.0
guitarset/03_Funk2-119-G_comp_mix/track.npy,guitarset,0.8245614035087719,0.7035234557026402,0.7035234557026402,0.7035234557026402,0.4166666666666667,0.7166666666666667,0.4166666666666667,0.7166666666666667,0.6285714285714286,0.5510753809892897,0.5510753809892897,0.5510753809892897,0.13636363636363635,0.3181818181818182,0.13636363636363635,0.3181818181818182,70.0,0.028985507246376812,0.07246376811594203,0.9796053026665241,29.0,0.0,0.0,1.3704780113324058,0.0
guitarset/03_Funk3-112-C#_comp_mix/track.npy,guitarset,0.7966101694915254,0.692711421166507,0.692711421166507,0.692711421166507,0.46875,0.609375,0.46875,0.609375,0.6666666666666667,0.5974745481251549,0.5974745481251549,0.5974745481251549,0.17391304347826086,0.391304347826087,0.17391304347826086,0.391304347826087,74.0,0.0,0.0,0.7101303281522231,27.0,0.0,0.0,2.1134434430602513,0.0
guitarset/03_Rock1-130-A_comp_mix/track.npy,guitarset,0.8918918918918919,0.7674365006197743,0.7674365006197743,0.7674365006197743,0.5135135135135135,0.7567567567567568,0.5135135135135135,0.7567567567567568,0.782608695652174,0.6954702923003512,0.6954702923003512,0.6954702923003512,0.2857142857142857,0.42857142857142855,0.2857142857142857,0.42857142857142855,49.0,0.0,0.0625,1.1690789645839303,18.0,0.0,0.058823529411764705,2.2370815115682463,0.0
guitarset/03_Rock3-117-Bb_comp_mix/track.npy,guitarset,0.9908256880733944,0.8665407906279035,0.8665407906279035,0.8665407906279035,0.9818181818181818,0.9818181818181818,0.9818181818181818,0.9818181818181818,0.9285714285714286,0.8729133104753691,0.8729133104753691,0.8729133104753691,0.6,0.8,0.6,0.8,64.0,0.0,0.0,0.07696104113612992,18.0,0.0,0.0,1.1461966705143276,0.0
guitarset/03_SS1-100-C#_comp_mix/track.npy,guitarset,1.0,0.9368525946175859,0.9368525946175859,0.9368525946175859,1.0,1.0,1.0,1.0,0.9,0.8371524464881827,0.8371524464881827,0.8371524464881827,0.8181818181818182,0.8181818181818182,0.8181818181818182,0.8181818181818182,48.0,0.0,0.0,0.06669137449867044,16.0,0.0,0.0,0.40570258417978633,0.0
guitarset/03_SS3-84-Bb_comp_mix/track.npy,guitarset,0.8214285714285714,0.6224955464610563,0.6224955464610563,0.6224955464610563,0.40350877192982454,0.7719298245614035,0.40350877192982454,0.7719298245614035,0.7999999999999999,0.598520409018386,0.598520409018386,0.598520409018386,0.6875,0.8125,0.6875,0.8125,61.0,0.0,0.016666666666666666,0.7172615241578884,18.0,0.0,0.0,0.7458331943415106,0.0
guitarset/04_BN1-147-Gb_comp_mix/track.npy,guitarset,0.9859154929577464,0.9051965966305507,0.9051965966305507,0.9051965966305507,0.9722222222222222,0.9722222222222222,0.9722222222222222,0.9722222222222222,0.8421052631578948,0.7654278542408698,0.7654278542408698,0.7654278542408698,0.45454545454545453,0.6363636363636364,0.45454545454545453,0.6363636363636364,48.0,0.0,0.0,0.18687977435822664,16.0,0.0,0.0,0.6684545679695735,0.0
guitarset/04_Funk2-119-G_comp_mix/track.npy,guitarset,0.9557522123893806,0.8594013421012333,0.8594013421012333,0.8594013421012333,0.3728813559322034,0.847457627118644,0.3728813559322034,0.847457627118644,0.7428571428571429,0.6715757356923076,0.7028978520514049,0.6872367938718562,0.18181818181818182,0.36363636363636365,0.36,0.36363636363636365,69.0,0.014705882352941176,0.014705882352941176,0.7339691750802025,26.0,0.0,0.0,2.09937422610007,0.0
guitarset/05_BN2-166-Ab_comp_mix/track.npy,guitarset,0.9375,0.8528760305167727,0.8528760305167727,0.8528760305167727,0.46,0.78,0.46,0.78,0.888888888888889,0.7903254184619636,0.7903254184619636,0.7903254184619636,0.4,0.7333333333333333,0.4,0.7333333333333333,59.0,0.017241379310344827,0.034482758620689655,0.8218694208926322,19.0,0.0,0.0,1.7591454590409108,0.0
guitarset/05_BN3-154-E_comp_mix/track.npy,guitarset,0.92,0.8379499285016972,0.8379499285016972,0.8379499285016972,0.8627450980392157,0.8627450980392157,0.8627450980392157,0.8627450980392157,0.9600000000000001,0.850963382490602,0.850963382490602,0.850963382490602,0.46153846153846156,0.8461538461538461,0.46153846153846156,0.8461538461538461,62.0,0.0,0.0,0.16251892949777602,19.0,0.0,0.0,0.6828244566912176,0.0
guitarset/05_Funk3-98-A_comp_mix/track.npy,guitarset,0.6956521739130435,0.5923883320691337,0.5923883320691337,0.5923883320691337,0.14545454545454545,0.34545454545454546,0.14545454545454545,0.34545454545454546,0.30303030303030304,0.22398333343534252,0.3234884187219635,0.273735876078653,0.0,0.0,0.04,0.16,39.0,0.0,0.05263157894736842,2.0415940301184357,21.0,0.0,0.0,1.3961106019541722,0.0
guitarset/05_Jazz2-187-F#_comp_mix/track.npy,guitarset,0.9690721649484536,0.8214822682936872,0.8214822682936872,0.8214822682936872,0.9591836734693877,0.9591836734693877,0.9591836734693877,0.9591836734693877,0.923076923076923,0.798280362368181,0.798280362368181,0.798280362368181,0.7142857142857143,0.7857142857142857,0.7142857142857143,0.7857142857142857,65.0,0.0,0.0,0.19415601444096448,18.0,0.0,0.0,0.6700684365598788,0.0
guitarset/05_Rock3-117-Bb_comp_mix/track.npy,guitarset,0.9908256880733944,0.9486406443076121,0.9486406443076121,0.9486406443076121,0.9818181818181818,0.9818181818181818,0.9818181818181818,0.9818181818181818,0.962962962962963,0.9276156231444416,0.9276156231444416,0.9276156231444416,0.9285714285714286,0.9285714285714286,0.9285714285714286,0.9285714285714286,65.0,0.0,0.0,0.07973454101979457,17.0,0.0,0.0,0.022507044661896947,0.0
hainsworth/hainsworth_007/track.npy,hainsworth,0.46913580246913583,0.31786465096052957,0.31786465096052957,0.31786465096052957,0.0847457627118644,0.15254237288135594,0.0847457627118644,0.15254237288135594,0.24242424242424243,0.13343650074657495,0.16443627652466367,0.1489363886356193,0.0,0.0,0.1111111111111111,0.1111111111111111,24.0,0.0,0.0,1.3431120880328125,21.0,0.0,0.0,1.4214586407681713,0.0
hainsworth/hainsworth_019/track.npy,hainsworth,1.0,0.9462585698240162,0.9462585698240162,0.9462585698240162,1.0,1.0,1.0,1.0,0.6666666666666666,0.628434150202734,0.8946995706088853,0.7615668604058097,0.0,0.0,0.9642857142857143,0.9642857142857143,64.0,0.0,0.0,0.05556985115481438,32.0,0.0,0.0,0.013986241974743505,0.0
hainsworth/hainsworth_020/track.npy,hainsworth,1.0,0.9451527128556944,0.9451527128556944,0.9451527128556944,1.0,1.0,1.0,1.0,1.0,0.9237123929009338,0.9237123929009338,0.9237123929009338,1.0,1.0,1.0,1.0,114.0,0.0,0.0,0.07410797215372045,29.0,0.0,0.0,0.006451658573447121,0.0
hainsworth/hainsworth_035/track.npy,hainsworth,0.7253886010362693,0.5794998193546351,0.5794998193546351,0.5794998193546351,0.1568627450980392,0.5588235294117647,0.1568627450980392,0.5588235294117647,0.25974025974025977,0.21330222089717693,0.2768900391339557,0.24509613001556632,0.0392156862745098,0.0392156862745098,0.0392156862745098,0.13725490196078433,94.0,0.03225806451612903,0.043010752688172046,1.6451216359057277,53.0,0.019230769230769232,0.019230769230769232,1.737080921556899,0.0
hainsworth/hainsworth_042/track.npy,hainsworth,0.99581589958159,0.9437643311071261,0.9437643311071261,0.9437643311071261,0.9916666666666667,0.9916666666666667,0.9916666666666667,0.9916666666666667,0.7792207792207793,0.7399017363057071,0.7499344779785778,0.7449181071421425,0.2978723404255319,0.3617021276595745,0.2978723404255319,0.3617021276595745,133.0,0.0,0.0,0.04879016416943971,59.0,0.0,0.0,0.6762934114031661,0.0
hainsworth/hainsworth_054/track.npy,hainsworth,0.9693877551020408,0.8865176655812013,0.8865176655812013,0.8865176655812013,0.9306930693069307,0.9306930693069307,0.9306930693069307,0.9306930693069307,0.6216216216216216,0.5748376876957336,0.8720818228670429,0.7234597552813883,0.0,0.0,0.44,0.88,112.0,0.02702702702702703,0.036036036036036036,0.3898333839217558,56.0,0.01818181818181818,0.01818181818181818,0.8369005952797456,0.0
hainsworth/hainsworth_057/track.npy,hainsworth,0.8862275449101796,0.7566903466702507,0.7566903466702507,0.7566903466702507,0.23529411764705882,0.788235294117647,0.23529411764705882,0.788235294117647,0.5806451612903225,0.5254343020617269,0.6773875675150317,0.6014109347883794,0.023809523809523808,0.023809523809523808,0.23809523809523808,0.6666666666666666,92.0,0.02197802197802198,0.02197802197802198,0.6759476347908555,46.0,0.0,0.0,1.1427793926191114,0.0
hainsworth/hainsworth_059/track.npy,hainsworth,0.8333333333333333,0.7943574064288195,0.7943574064288195,0.7943574064288195,0.1111111111111111,0.5897435897435898,0.1111111111111111,0.5897435897435898,0.7441860465116279,0.7062659921197909,0.7257245191625387,0.7159952556411648,0.07547169811320754,0.24528301886792453,0.15384615384615385,0.4,128.0,0.0,0.007874015748031496,0.7621400520468921,60.0,0.0,0.01694915254237288,1.1337036084793812,0.0
hainsworth/hainsworth_079/track.npy,hainsworth,0.9783549783549784,0.9099833818178403,0.9099833818178403,0.9099833818178403,0.8974358974358975,0.9316239316239316,0.8974358974358975,0.9316239316239316,0.5434782608695652,0.5042882079090155,0.7329389555414466,0.6186135817252311,0.015873015873015872,0.031746031746031744,0.14285714285714285,0.4603174603174603,124.0,0.0,0.008130081300813009,0.20845117297518742,68.0,0.0,0.014925373134328358,1.3271971666038365,0.0
hainsworth/hainsworth_092/track.npy,hainsworth,0.9586776859504132,0.9255272544633077,0.9255272544633077,0.9255272544633077,0.3968253968253968,0.8492063492063492,0.3968253968253968,0.8492063492063492,1.0,0.9689672686386283,0.9689672686386283,0.9689672686386283,1.0,1.0,1.0,1.0,127.0,0.0,0.0,0.6190392084062208,35.0,0.0,0.0,0.02500130220541852,0.0
hainsworth/hainsworth_103/track.npy,hainsworth,0.5781990521327014,0.453022402207916,0.5759467756809293,0.5144845889444227,0.06944444444444445,0.09027777777777778,0.16666666666666666,0.4097222222222222,0.24999999999999997,0.21800688205245883,0.32323890312863884,0.27062289259054884,0.0,0.0,0.021052631578947368,0.05263157894736842,164.0,0.12883435582822086,0.3006134969325153,1.3197147402563059,106.0,0.0761904761904762,0.1523809523809524,1.5648175161610973,0.0
hainsworth/hainsworth_111/track.npy,hainsworth,0.6185567010309277,0.5165395495021678,0.7763159804893408,0.6464277649957544,0.010101010101010102,0.020202020202020204,0.0707070707070707,0.6414141414141414,0.4827586206896551,0.45665041749859936,0.6801812522823291,0.5684158348904642,0.0,0.0,0.171875,0.53125,218.0,0.08294930875576037,0.16589861751152074,0.9162907318741904,69.0,0.0,0.0,1.3256725327722183,0.0
hainsworth/hainsworth_120/track.npy,hainsworth,0.9606741573033709,0.6879012968338419,0.6879012968338419,0.6879012968338419,0.060109289617486336,0.6010928961748634,0.060109289617486336,0.6010928961748634,0.8,0.5840567695002349,0.5840567695002349,0.5840567695002349,0.14516129032258066,0.43548387096774194,0.14516129032258066,0.43548387096774194,207.0,0.07281553398058252,0.21844660194174756,0.8235289017908393,72.0,0.056338028169014086,0.09859154929577464,1.6407559170362431,0.0
hainsworth/hainsworth_128/track.npy,hainsworth,0.3516483516483517,0.22779296798295998,0.22779296798295998,0.22779296798295998,0.08196721311475409,0.2786885245901639,0.08196721311475409,0.2786885245901639,0.2325581395348837,0.1263202572609847,0.15108846940651832,0.13870436333375152,0.037037037037037035,0.07407407407407407,0.07407407407407407,0.07407407407407407,34.0,0.0,0.0,1.58623568709737,31.0,0.0,0.0,1.621772149159123,0.0
hainsworth/hainsworth_147/track.npy,hainsworth,1.0,0.9406406273188805,0.9406406273188805,0.9406406273188805,1.0,1.0,1.0,1.0,1.0,0.9522568990766148,0.9522568990766148,0.9522568990766148,1.0,1.0,1.0,1.0,67.0,0.0,0.0,0.05798055657296934,17.0,0.0,0.0,0.015873349156289795,0.0
hainsworth/hainsworth_150/track.npy,hainsworth,0.8925619834710743,0.7997933497601283,0.7997933497601283,0.7997933497601283,0.45901639344262296,0.8524590163934426,0.45901639344262296,0.8524590163934426,0.6,0.5636988014667406,0.6584861211018518,0.6110924612842962,0.16,0.2,0.1724137931034483,0.3793103448275862,74.0,0.0136986301369863,0.0273972602739726,0.8583424482623445,29.0,0.0,0.0,0.9690766377969677,0.0
hainsworth/hainsworth_158/track.npy,hainsworth,0.9090909090909091,0.6900483968173006,0.6900483968173006,0.6900483968173006,0.3157894736842105,0.6754385964912281,0.3157894736842105,0.6754385964912281,0.07692307692307691,0.04976483468595166,0.6852414902629201,0.3675031624744359,0.0,0.0,0.5357142857142857,0.75,127.0,0.15873015873015872,0.15873015873015872,1.435084525289371,31.0,0.06666666666666667,0.06666666666666667,2.785011242238322,0.0
hainsworth/hainsworth_161/track.npy,hainsworth,1.0,0.9481840423422779,0.9481840423422779,0.9481840423422779,1.0,1.0,1.0,1.0,1.0,0.973507438029623,0.973507438029623,0.973507438029623,1.0,1.0,1.0,1.0,76.0,0.0,0.0,0.06252035698133818,19.0,0.0,0.0,0.01574835696813881,0.0
hainsworth/hainsworth_162/track.npy,hainsworth,0.9935483870967742,0.9293560029322236,0.9293560029322236,0.9293560029322236,0.9743589743589743,0.9743589743589743,0.9743589743589743,0.9743589743589743,0.8260869565217391,0.7689645128648686,0.7689645128648686,0.7689645128648686,0.18518518518518517,0.4444444444444444,0.18518518518518517,0.4444444444444444,86.0,0.0,0.0,0.055344456672124884,31.0,0.0,0.0,0.7001647532185936,0.0
hainsworth/hainsworth_172/track.npy,hainsworth,1.0,0.9482130452349756,0.9482130452349756,0.9482130452349756,1.0,1.0,1.0,1.0,0.6027397260273972,0.5506484468168483,0.8724620491921674,0.7115552480045079,0.02127659574468085,0.02127659574468085,0.43137254901960786,0.803921568627451,114.0,0.0,0.0,0.0425596144188025,51.0,0.0,0.0,0.6931471805599435,0.0
hainsworth/hainsworth_173/track.npy,hainsworth,0.9746192893401014,0.9089014921723242,0.9089014921723242,0.9089014921723242,0.54,0.93,0.54,0.93,0.7301587301587301,0.6753060711922617,0.7486736203773411,0.7119898457848014,0.2564102564102564,0.3076923076923077,0.2564102564102564,0.46808510638297873,110.0,0.0,0.0,0.08338160893904922,42.0,0.0,0.0,0.6931471805599384,0.0
hainsworth/hainsworth_175/track.npy,hainsworth,1.0,0.8708790810543366,0.8708790810543366,0.8708790810543366,1.0,1.0,1.0,1.0,1.0,0.8977942818042112,0.8977942818042112,0.8977942818042112,1.0,1.0,1.0,1.0,102.0,0.0,0.0,0.042559614418802405,25.0,0.0,0.0,0.010471299867297001,0.0
hainsworth/hainsworth_185/track.npy,hainsworth,1.0,0.9323901264164138,0.9323901264164138,0.9323901264164138,1.0,1.0,1.0,1.0,0.9714285714285714,0.9086044244788261,0.9086044244788261,0.9086044244788261,0.7222222222222222,0.8888888888888888,0.7222222222222222,0.8888888888888888,80.0,0.0,0.0,0.0666913744986588,21.0,0.0,0.0,0.6873926615322019,0.0
hainsworth/hainsworth_190/track.npy,hainsworth,0.7547169811320756,0.6392287262673896,0.6392287262673896,0.6392287262673896,0.1927710843373494,0.4457831325301205,0.1927710843373494,0.4457831325301205,0.7045454545454546,0.5948755206282688,0.5948755206282688,0.5948755206282688,0.18,0.42,0.18,0.42,87.0,0.011627906976744186,0.03488372093023256,1.2146423728117801,54.0,0.018867924528301886,0.018867924528301886,1.5040773967762908,0.0
hainsworth/hainsworth_195/track.npy,hainsworth,0.9931972789115647,0.8801748811970173,0.8801748811970173,0.8801748811970173,0.9864864864864865,0.9864864864864865,0.9864864864864865,0.9864864864864865,0.6909090909090909,0.5870053005550594,0.8174857293978345,0.7022455149764469,0.05555555555555555,0.05555555555555555,0.4594594594594595,0.8648648648648649,80.0,0.0,0.0,0.0896121586896809,40.0,0.0,0.0,0.6747349082959443,0.0
hainsworth/hainsworth_197/track.npy,hainsworth,0.9965397923875432,0.9559247928859057,0.9559247928859057,0.9559247928859057,0.993103448275862,0.993103448275862,0.993103448275862,0.993103448275862,0.8148148148148148,0.7907800353728784,0.7907800353728784,0.7907800353728784,0.4222222222222222,0.5555555555555556,0.4222222222222222,0.5555555555555556,160.0,0.0,0.006289308176100629,0.12516314295401165,50.0,0.0,0.0,1.1601657042920208,0.0
hainsworth/hainsworth_200/track.npy,hainsworth,0.9530201342281879,0.8692108225838169,0.8692108225838169,0.8692108225838169,0.7105263157894737,0.9078947368421053,0.7105263157894737,0.9078947368421053,0.6792452830188679,0.5918489287858874,0.8372144474619608,0.7145316881239241,0.05714285714285714,0.08571428571428572,0.6857142857142857,0.8,85.0,0.0,0.011904761904761904,0.4314726191618941,38.0,0.0,0.0,0.7017309242513374,0.0
hainsworth/hainsworth_201/track.npy,hainsworth,0.972972972972973,0.748498335285861,0.748498335285861,0.748498335285861,0.39473684210526316,0.8947368421052632,0.39473684210526316,0.8947368421052632,0.676056338028169,0.5491514365266035,0.5491514365266035,0.5491514365266035,0.0425531914893617,0.1702127659574468,0.0425531914893617,0.1702127659574468,85.0,0.0,0.0,0.7221347174331963,51.0,0.0,0.0,1.1180303745252114,0.0
hainsworth/hainsworth_207/track.npy,hainsworth,0.5647058823529412,0.47132589837462374,0.47132589837462374,0.47132589837462374,0.08771929824561403,0.17543859649122806,0.12280701754385964,0.2631578947368421,0.64,0.5261108269066231,0.5261108269066231,0.5261108269066231,0.3684210526315789,0.5526315789473685,0.3684210526315789,0.5526315789473685,62.0,0.01639344262295082,0.01639344262295082,1.244331823218481,43.0,0.023809523809523808,0.023809523809523808,1.0881409888008127,0.0
hainsworth/hainsworth_228/track.npy,hainsworth,1.0,0.9573903240170292,0.9573903240170292,0.9573903240170292,1.0,1.0,1.0,1.0,1.0,0.9650797848369269,0.9650797848369269,0.9650797848369269,1.0,1.0,1.0,1.0,124.0,0.0,0.0,0.03509131981128799,31.0,0.0,0.0,0.026340903198503993,0.0
hainsworth/hainsworth_232/track.npy,hainsworth,1.0,0.9216410392681292,0.9216410392681292,0.9216410392681292,1.0,1.0,1.0,1.0,0.7499999999999999,0.7079592945857204,0.7079592945857204,0.7079592945857204,0.08888888888888889,0.17777777777777778,0.08888888888888889,0.17777777777777778,119.0,0.0,0.0,0.040821994520261584,48.0,0.0,0.0,1.1493682032508845,0.0
hainsworth/hainsworth_243/track.npy,hainsworth,0.8807339449541284,0.8058408166263167,0.8058408166263167,0.8058408166263167,0.22131147540983606,0.5737704918032787,0.22131147540983606,0.5737704918032787,0.3777777777777777,0.34574503322880823,0.5880446741896967,0.4668948537092525,0.03333333333333333,0.05,0.06666666666666667,0.31666666666666665,104.0,0.0,0.0,0.7166051625208022,66.0,0.0,0.0,0.7691330875378778,0.0
hainsworth/hainsworth_244/track.npy,hainsworth,1.0,0.8405682436903947,0.8405682436903947,0.8405682436903947,1.0,1.0,1.0,1.0,0.5306122448979592,0.4441661035762394,0.6980663382420185,0.571116220909129,0.0,0.0,0.17142857142857143,0.4857142857142857,63.0,0.0,0.0,0.09531017980432865,42.0,0.0,0.0,0.7290054770619898,0.0
harmonix/0015_babygotback/track.npy,harmonix,0.9885433715220949,0.7966161507889419,0.7966161507889419,0.7966161507889419,0.9288025889967637,0.9579288025889967,0.9288025889967637,0.9579288025889967,0.930817610062893,0.7546770296453706,0.7546770296453706,0.7546770296453706,0.8674698795180723,0.8674698795180723,0.8674698795180723,0.8674698795180723,320.0,0.009404388714733543,0.018808777429467086,0.1335313926245607,90.0,0.0,0.011235955056179775,0.9063463691495619,0.0
harmonix/0020_becauseofyou/track.npy,harmonix,0.9898403483309144,0.892699304438766,0.892699304438766,0.892699304438766,0.9798850574712644,0.9798850574712644,0.9798850574712644,0.9798850574712644,0.8056872037914692,0.7240430691521569,0.7240430691521569,0.7240430691521569,0.08,0.416,0.08,0.416,355.0,0.002824858757062147,0.002824858757062147,0.036367644170893665,131.0,0.0,0.0,0.7114963192281447,0.0
harmonix/0038_bringmetolife/track.npy,harmonix,0.8982188295165395,0.8356123257030525,0.8356123257030525,0.8356123257030525,0.1702127659574468,0.6926713947990544,0.1702127659574468,0.6926713947990544,0.7787610619469028,0.7410014734134256,0.7410014734134256,0.7410014734134256,0.1417910447761194,0.44029850746268656,0.1417910447761194,0.44029850746268656,433.0,0.009259259259259259,0.018518518518518517,0.7730715310309336,140.0,0.007194244604316547,0.007194244604316547,1.4708259655862734,0.0
harmonix/0044_cameraeye/track.npy,harmonix,0.891891891891892,0.823914268789384,0.823914268789384,0.823914268789384,0.1360153256704981,0.7848020434227331,0.1360153256704981,0.7848020434227331,0.7222222222222223,0.6756412166683772,0.6756412166683772,0.6756412166683772,0.07526881720430108,0.4752688172043011,0.07526881720430108,0.4752688172043011,1394.0,0.006460875807609476,0.01507537688442211,0.6509670197625047,465.0,0.004310344827586207,0.010775862068965518,1.4000876832521745,0.0
harmonix/0063_daysgoby/track.npy,harmonix,0.8941684665226782,0.6287305473586736,0.6287305473586736,0.6287305473586736,0.8200836820083682,0.8200836820083682,0.8200836820083682,0.8200836820083682,0.75,0.5138349117819014,0.5138349117819014,0.5138349117819014,0.48863636363636365,0.5227272727272727,0.48863636363636365,0.5227272727272727,245.0,0.020491803278688523,0.036885245901639344,0.6931471805599518,91.0,0.03333333333333333,0.05555555555555555,1.0821151052544928,0.0
harmonix/0078_donttouchme/track.npy,harmonix,0.9558823529411765,0.8470923665541354,0.8470923665541354,0.8470923665541354,0.21040189125295508,0.8439716312056738,0.21040189125295508,0.8439716312056738,0.7011070110701108,0.6300886790148171,0.6300886790148171,0.6300886790148171,0.05232558139534884,0.3313953488372093,0.05232558139534884,0.3313953488372093,432.0,0.0,0.0,0.44209520304235655,175.0,0.0,0.0,1.3976695352481026,0.0
harmonix/0086_escapade/track.npy,harmonix,0.9981343283582089,0.7898133625070431,0.7898133625070431,0.7898133625070431,0.9962756052141527,0.9962756052141527,0.9962756052141527,0.9962756052141527,0.7386363636363635,0.5883175231864364,0.7070492636923954,0.6476833934394159,0.03211009174311927,0.21100917431192662,0.0599250936329588,0.6254681647940075,546.0,0.0,0.0,0.03922071315334743,221.0,0.0,0.0,0.7027166315760763,0.0
harmonix/0090_fearofthedarklive/track.npy,harmonix,0.8702728578267114,0.756412543283979,0.756412543283979,0.756412543283979,0.17921146953405018,0.7016129032258065,0.17921146953405018,0.7016129032258065,0.725521669341894,0.6350800719501128,0.6350800719501128,0.6350800719501128,0.042105263157894736,0.4,0.042105263157894736,0.4,1117.0,0.06093189964157706,0.12275985663082438,1.0458335146544677,381.0,0.021052631578947368,0.039473684210526314,1.4687124773941749,0.0
harmonix/0092_fergalicious/track.npy,harmonix,0.9870340356564019,0.9064729410385142,0.9064729410385142,0.9064729410385142,0.9027552674230146,0.9854132901134521,0.9027552674230146,0.9854132901134521,0.9620253164556961,0.865223051609573,0.865223051609573,0.865223051609573,0.8641975308641975,0.9135802469135802,0.8641975308641975,0.9135802469135802,628.0,0.0,0.0,0.08701137698961359,165.0,0.0,0.0,0.021506205220989894,0.0
harmonix/0099_forgetyou/track.npy,harmonix,0.8939890710382514,0.7672740258492955,0.7672740258492955,0.7672740258492955,0.8453159041394336,0.8649237472766884,0.8453159041394336,0.8649237472766884,0.8776371308016878,0.7629807019081241,0.7629807019081241,0.7629807019081241,0.6341463414634146,0.8861788617886179,0.6341463414634146,0.8861788617886179,468.0,0.0,0.004282655246252677,0.34830669426822,127.0,0.0,0.007936507936507936,2.019667426834191,0.0
harmonix/0101_galang/track.npy,harmonix,1.0,0.7621848166163512,0.7621848166163512,0.7621848166163512,1.0,1.0,1.0,1.0,0.6707317073170732,0.5064521063341362,0.738989352573438,0.6227207294537871,0.009174311926605505,0.009174311926605505,0.7431192660550459,0.981651376146789,227.0,0.0,0.0,0.033901551675698416,113.0,0.0,0.0,0.01680711831638987,0.0
harmonix/0104_getbusy/track.npy,harmonix,0.979047619047619,0.696856380682819,0.696856380682819,0.696856380682819,0.5261194029850746,0.9216417910447762,0.5261194029850746,0.9216417910447762,0.6774193548387097,0.4953953215621777,0.689923747036473,0.5926595342993253,0.03278688524590164,0.05737704918032787,0.8346456692913385,0.8503937007874016,277.0,0.0,0.0,0.06738182359517629,124.0,0.0,0.0,0.6839524657918864,0.0
harmonix/0108_getup/track.npy,harmonix,0.8952536824877251,0.8121818537017735,0.8121818537017735,0.8121818537017735,0.0990990990990991,0.6621621621621622,0.0990990990990991,0.6621621621621622,0.6783919597989949,0.610674260183448,0.610674260183448,0.610674260183448,0.04633204633204633,0.29343629343629346,0.07220216606498195,0.29343629343629346,674.0,0.008915304606240713,0.014858841010401188,0.6931471805599453,262.0,0.0038314176245210726,0.007662835249042145,1.7984360388593748,0.0
harmonix/0113_giveituptome/track.npy,harmonix,0.9852008456659619,0.7089716036111131,0.7089716036111131,0.7089716036111131,0.5966386554621849,0.9747899159663865,0.5966386554621849,0.9747899159663865,0.7500000000000001,0.5206614383960876,0.6453355924306514,0.5829985154133694,0.043010752688172046,0.24731182795698925,0.18803418803418803,0.5726495726495726,246.0,0.0,0.004081632653061225,0.06453852113760039,97.0,0.0,0.0,0.7011793522572136,0.0
harmonix/0125_hellogoodmorning/track.npy,harmonix,0.9571428571428572,0.7061987995095679,0.7061987995095679,0.7061987995095679,0.46619217081850534,0.9395017793594306,0.46619217081850534,0.9395017793594306,0.9295774647887325,0.7780614331466281,0.7780614331466281,0.7780614331466281,0.547945205479452,0.8904109589041096,0.547945205479452,0.8904109589041096,298.0,0.0,0.0,0.13815033848083924,81.0,0.0,0.0,0.6699699340677714,0.0
harmonix/0129_hotinherre/track.npy,harmonix,0.9702970297029704,0.864212600260416,0.864212600260416,0.864212600260416,0.8260869565217391,0.9644268774703557,0.8260869565217391,0.9644268774703557,0.9384615384615383,0.8411604327759418,0.8411604327759418,0.8411604327759418,0.9090909090909091,0.9090909090909091,0.9090909090909091,0.9090909090909091,259.0,0.003875968992248062,0.003875968992248062,0.07495666838904383,69.0,0.0,0.0,0.6332668526597811,0.0
harmonix/0130_hotstuff/track.npy,harmonix,1.0,0.780563832183329,0.780563832183329,0.780563832183329,1.0,1.0,1.0,1.0,0.8292682926829268,0.6439482621549221,0.6439482621549221,0.6439482621549221,0.07291666666666667,0.4270833333333333,0.0962962962962963,0.4270833333333333,282.0,0.0,0.0,0.08004270767349235,99.0,0.0,0.0,0.7072996853653057,0.0
harmonix/0137_iknowyouwantme/track.npy,harmonix,1.0,0.7465526717034052,0.7465526717034052,0.7465526717034052,1.0,1.0,1.0,1.0,0.8343558282208589,0.6271439560862474,0.6271439560862474,0.6271439560862474,0.12631578947368421,0.42105263157894735,0.2,0.42105263157894735,281.0,0.0,0.0,0.04255961441881784,101.0,0.0,0.0,0.6942053914930051,0.0
harmonix/0164_low/track.npy,harmonix,0.9803921568627451,0.6795185465825293,0.6795185465825293,0.6795185465825293,0.9457831325301205,0.9698795180722891,0.9457831325301205,0.9698795180722891,0.9473684210526315,0.6082575201130248,0.6082575201130248,0.6082575201130248,0.45454545454545453,0.8863636363636364,0.45454545454545453,0.8863636363636364,339.0,0.0,0.0,0.08701137698964323,93.0,0.0,0.0,1.0173669707920572,0.0
harmonix/0167_makesomenoise/track.npy,harmonix,0.9630723781388478,0.9170119833932492,0.9170119833932492,0.9170119833932492,0.881159420289855,0.9130434782608695,0.881159420289855,0.9130434782608695,0.8770053475935828,0.8548806126542895,0.8548806126542895,0.8548806126542895,0.16346153846153846,0.6346153846153846,0.16346153846153846,0.6346153846153846,356.0,0.011267605633802818,0.022535211267605635,0.6725105266554678,111.0,0.01818181818181818,0.02727272727272727,0.7013104911991104,0.0
harmonix/0173_massiveattack/track.npy,harmonix,0.42494226327944573,0.33144929210251833,0.6111533171006267,0.4713013046015725,0.02734375,0.078125,0.08781869688385269,0.37110481586402266,0.2962962962962963,0.24119472693692728,0.24119472693692728,0.24119472693692728,0.008547008547008548,0.05128205128205128,0.017094017094017096,0.05982905982905983,258.0,0.0038910505836575876,0.01556420233463035,0.7860109804950752,118.0,0.0,0.008547008547008548,1.175873208971229,0.0
harmonix/0177_milkshake/track.npy,harmonix,1.0,0.8082195095057104,0.8082195095057104,0.8082195095057104,1.0,1.0,1.0,1.0,0.9538461538461539,0.7602075187399822,0.7602075187399822,0.7602075187399822,0.35294117647058826,0.8529411764705882,0.35294117647058826,0.8529411764705882,260.0,0.0,0.0,0.07410797215372505,71.0,0.0,0.0,1.123930096652408,0.0
harmonix/0190_newfang/track.npy,harmonix,0.694331983805668,0.521982477128266,0.7080243668216927,0.6150034219749794,0.02047244094488189,0.10078740157480315,0.20709219858156028,0.7702127659574468,0.365979381443299,0.28535890557839866,0.35233873497873464,0.31884882027856665,0.006688963210702341,0.010033444816053512,0.020066889632107024,0.11705685618729098,649.0,0.004629629629629629,0.004629629629629629,0.25472785601056686,304.0,0.006600660066006601,0.006600660066006601,1.4190841839429427,0.0
harmonix/0200_oceansize/track.npy,harmonix,0.8888888888888891,0.8025785096434797,0.8025785096434797,0.8025785096434797,0.2160919540229885,0.6988505747126437,0.2160919540229885,0.6988505747126437,0.6850393700787402,0.6389076123192297,0.6389076123192297,0.6389076123192297,0.04430379746835443,0.35443037974683544,0.04430379746835443,0.35443037974683544,440.0,0.015945330296127564,0.04100227790432802,0.7083682960204148,161.0,0.00625,0.01875,1.0603602019305585,0.0
harmonix/0201_oh/track.npy,harmonix,0.5170454545454545,0.4160304377221217,0.4160304377221217,0.4160304377221217,0.04748603351955307,0.5754189944134078,0.04748603351955307,0.5754189944134078,0.4923076923076923,0.3983764639939634,0.3983764639939634,0.3983764639939634,0.1574074074074074,0.6296296296296297,0.1574074074074074,0.6296296296296297,369.0,0.029891304347826088,0.03260869565217391,0.9162907318741658,112.0,0.018018018018018018,0.02702702702702703,1.4643792129340865,0.0
harmonix/0223_reallove/track.npy,harmonix,0.9429657794676806,0.6239063249014304,0.6239063249014304,0.6239063249014304,0.18345323741007194,0.7841726618705036,0.18345323741007194,0.7841726618705036,0.6020408163265306,0.40663049019211167,0.6356782530175239,0.5211543716048178,0.0,0.0,0.2462686567164179,0.8134328358208955,286.0,0.0,0.0,0.6613984822453584,139.0,0.0,0.0,1.0796753013364118,0.0
harmonix/0226_rendezvu/track.npy,harmonix,0.9605568445475638,0.678856589125787,0.678856589125787,0.678856589125787,0.8454545454545455,0.9136363636363637,0.8454545454545455,0.9136363636363637,0.7183098591549295,0.5037087165185022,0.5889594525556862,0.5463340845370942,0.056179775280898875,0.24719101123595505,0.23809523809523808,0.5142857142857142,229.0,0.0,0.0,0.4838695980586738,93.0,0.0,0.0,1.2996585004828773,0.0
harmonix/0239_sandm/track.npy,harmonix,0.9984447900466563,0.7308904998858009,0.7308904998858009,0.7308904998858009,0.9968944099378882,0.9968944099378882,0.9968944099378882,0.9968944099378882,0.8181818181818181,0.5972660105914942,0.6050179903261904,0.6011420004588424,0.05982905982905983,0.38461538461538464,0.09937888198757763,0.43478260869565216,333.0,0.0,0.0,0.042559614418878344,123.0,0.0,0.0,0.7146533857809046,0.0
harmonix/0240_sandstorm/track.npy,harmonix,0.968421052631579,0.6996530464937257,0.6996530464937257,0.6996530464937257,0.42662116040955633,0.9010238907849829,0.42662116040955633,0.9010238907849829,0.6702702702702703,0.4988867593793091,0.5711837037383002,0.5350352315588046,0.034782608695652174,0.21739130434782608,0.05755395683453238,0.38848920863309355,305.0,0.01644736842105263,0.029605263157894735,0.2732295875783514,121.0,0.008333333333333333,0.016666666666666666,1.3282096920961006,0.0
harmonix/0244_sayaah/track.npy,harmonix,1.0,0.7887252850495725,0.7887252850495725,0.7887252850495725,1.0,1.0,1.0,1.0,1.0,0.7845111303009179,0.7845111303009179,0.7845111303009179,1.0,1.0,1.0,1.0,214.0,0.0,0.0,0.060624621816439975,57.0,0.0,0.0,0.5160195785702719,0.0
harmonix/0245_sayhey/track.npy,harmonix,0.9619181946403386,0.8966979784958885,0.8966979784958885,0.8966979784958885,0.356353591160221,0.9060773480662984,0.356353591160221,0.9060773480662984,0.6877470355731226,0.6276270072529049,0.8669037542332845,0.7472653807430947,0.012048192771084338,0.05421686746987952,0.2774566473988439,0.8786127167630058,372.0,0.013477088948787063,0.018867924528301886,0.7100715928266598,170.0,0.005917159763313609,0.005917159763313609,0.7009293210020004,0.0
harmonix/0266_straightup/track.npy,harmonix,0.995798319327731,0.7962157070545662,0.7962157070545662,0.7962157070545662,0.9246861924686193,0.9832635983263598,0.9246861924686193,0.9832635983263598,0.9375,0.7925022221380761,0.7925022221380761,0.7925022221380761,0.3235294117647059,0.7794117647058824,0.3235294117647059,0.7794117647058824,247.0,0.0,0.0,0.09531017980432444,70.0,0.0,0.0,0.7011793522572058,0.0
harmonix/0283_thehumptydance/track.npy,harmonix,0.9726775956284154,0.764581746557283,0.764581746557283,0.764581746557283,0.48226950354609927,0.8936170212765957,0.48226950354609927,0.8936170212765957,0.7831325301204819,0.6248771079312323,0.6261367130270091,0.6255069104791207,0.10101010101010101,0.3939393939393939,0.10526315789473684,0.3939393939393939,292.0,0.0,0.0,0.4367225841403466,101.0,0.0,0.0,1.0623481535625812,0.0
harmonix/0288_thewayiare/track.npy,harmonix,0.9870129870129869,0.6501600260821103,0.6501600260821103,0.6501600260821103,0.9658119658119658,0.9658119658119658,0.9658119658119658,0.9658119658119658,0.9062499999999999,0.6047708414357451,0.6047708414357451,0.6047708414357451,0.2463768115942029,0.6811594202898551,0.2463768115942029,0.6811594202898551,229.0,0.0,0.0,0.07696104113612678,70.0,0.0,0.0,0.7027166315760939,0.0
harmonix/0305_wenospeakamericano/track.npy,harmonix,0.9264705882352942,0.695924171241201,0.695924171241201,0.695924171241201,0.29432624113475175,0.8297872340425532,0.29432624113475175,0.8297872340425532,0.6326530612244898,0.48179310941263315,0.6071875346234417,0.5444903220180374,0.030534351145038167,0.1297709923664122,0.10687022900763359,0.5648854961832062,292.0,0.0,0.0,0.2447149435484966,138.0,0.0,0.0,0.7137664677626876,0.0
harmonix/0309_whatsmyname/track.npy,harmonix,0.9816700610997963,0.7396217915577274,0.7396217915577274,0.7396217915577274,0.8495934959349594,0.967479674796748,0.8495934959349594,0.967479674796748,0.9606299212598426,0.7738462579177903,0.7738462579177903,0.7738462579177903,0.49230769230769234,0.9076923076923077,0.49230769230769234,0.9076923076923077,254.0,0.003952569169960474,0.007905138339920948,0.06772704814341086,67.0,0.0,0.0,1.0443797539703477,0.0
harmonix/0311_whipmyhair/track.npy,harmonix,0.7592190889370933,0.5919233877408229,0.6356493442059066,0.6137863659733647,0.05054151624548736,0.3140794223826715,0.05449591280653951,0.47411444141689374,0.75,0.5676457307322578,0.6466408749595538,0.6071433028459058,0.05405405405405406,0.24324324324324326,0.14285714285714285,0.5494505494505495,284.0,0.0,0.007067137809187279,0.7205461547480588,77.0,0.0,0.0,0.7020070517259636,0.0
harmonix/0318_windup/track.npy,harmonix,0.996774193548387,0.9372718516662952,0.9372718516662952,0.9372718516662952,0.864951768488746,0.9903536977491961,0.864951768488746,0.9903536977491961,0.6889952153110048,0.6472704138897525,0.7537811969238115,0.700525805406782,0.06923076923076923,0.2,0.12738853503184713,0.4840764331210191,326.0,0.003076923076923077,0.015384615384615385,0.08701137698962969,137.0,0.0,0.014705882352941176,1.0746968021990078,0.0
harmonix/0323_yeah/track.npy,harmonix,0.9953917050691244,0.8048535815326846,0.8048535815326846,0.8048535815326846,0.8990825688073395,0.981651376146789,0.8990825688073395,0.981651376146789,1.0,0.8632181144213767,0.8632181144213767,0.8632181144213767,1.0,1.0,1.0,1.0,225.0,0.0,0.0,0.07121235473262776,57.0,0.0,0.0,0.008756764882779123,0.0
harmonix/0335_allyourlife/track.npy,harmonix,0.7359999999999999,0.6764482344890612,0.8239705025551813,0.7502093685221213,0.05970149253731343,0.19616204690831557,0.16370106761565836,0.6476868327402135,0.8823529411764707,0.813610336309203,0.813610336309203,0.813610336309203,0.17355371900826447,0.7024793388429752,0.17355371900826447,0.7024793388429752,292.0,0.003436426116838488,0.006872852233676976,0.6931471805599861,124.0,0.0,0.008130081300813009,0.7375989431307861,0.0
harmonix/0345_beinlovetonight/track.npy,harmonix,0.9973890339425587,0.8705239534825369,0.8705239534825369,0.8705239534825369,0.9947916666666666,0.9947916666666666,0.9947916666666666,0.9947916666666666,0.923076923076923,0.8164320485596536,0.8164320485596536,0.8164320485596536,0.23214285714285715,0.7142857142857143,0.23214285714285715,0.7142857142857143,391.0,0.0,0.0,0.04255961441881784,114.0,0.0,0.0,0.6931471805599453,0.0
harmonix/0346_birthdaydress/track.npy,harmonix,0.9696132596685083,0.8214201096281313,0.8214201096281313,0.8214201096281313,0.726027397260274,0.9643835616438357,0.726027397260274,0.9643835616438357,0.7296137339055794,0.6154424364766222,0.644161273435158,0.6298018549558901,0.041666666666666664,0.2986111111111111,0.06779661016949153,0.3672316384180791,374.0,0.002680965147453083,0.002680965147453083,0.07410797215370624,147.0,0.0,0.0,1.0986122886680993,0.0
harmonix/0349_blow/track.npy,harmonix,0.9772998805256871,0.9523327601790083,0.9523327601790083,0.9523327601790083,0.7654028436018957,0.9691943127962085,0.7654028436018957,0.9691943127962085,0.7808764940239044,0.7733202136046264,0.7733202136046264,0.7733202136046264,0.10884353741496598,0.4013605442176871,0.10884353741496598,0.4013605442176871,432.0,0.002320185614849188,0.0069605568445475635,0.08004270767354182,151.0,0.0,0.0,1.0986122886681096,0.0
harmonix/0352_boogiewonderland/track.npy,harmonix,1.0,0.9819605273285913,0.9819605273285913,0.9819605273285913,1.0,1.0,1.0,1.0,0.8979591836734693,0.8825342710488133,0.8825342710488133,0.8825342710488133,0.30158730158730157,0.6402116402116402,0.30158730158730157,0.6402116402116402,628.0,0.0,0.0,0.044451762570918096,192.0,0.0,0.0,1.0840134892469928,0.0
harmonix/0360_coolerthanme/track.npy,harmonix,0.9977375565610859,0.8809656226414835,0.8809656226414835,0.8809656226414835,0.9954853273137697,0.9954853273137697,0.9954853273137697,0.9954853273137697,0.8764940239043825,0.768414303797669,0.768414303797669,0.768414303797669,0.19858156028368795,0.5673758865248227,0.19858156028368795,0.5673758865248227,454.0,0.0,0.0,0.08701137698962402,145.0,0.0,0.0,0.7237391127110561,0.0
harmonix/0361_countrymustbecountrywide/track.npy,harmonix,0.9803063457330417,0.9381987918358308,0.9381987918358308,0.9381987918358308,0.7629310344827587,0.9439655172413793,0.7629310344827587,0.9439655172413793,0.7972027972027972,0.7616176822894093,0.8073285158768477,0.7844730990831286,0.05813953488372093,0.32558139534883723,0.12389380530973451,0.49557522123893805,239.0,0.0,0.0,0.05129329438757668,89.0,0.0,0.0,0.6931471805599545,0.0
harmonix/0366_domino/track.npy,harmonix,0.9102564102564102,0.8826478740010808,0.8826478740010808,0.8826478740010808,0.7356076759061834,0.8955223880597015,0.7356076759061834,0.8955223880597015,0.7448275862068966,0.7211285308176126,0.7211285308176126,0.7211285308176126,0.11046511627906977,0.4069767441860465,0.15319148936170213,0.4069767441860465,477.0,0.0,0.0021008403361344537,0.042559614418878344,175.0,0.0,0.005747126436781609,1.1271856611121507,0.0
harmonix/0370_downonme/track.npy,harmonix,0.8247422680412371,0.7376343112174374,0.7376343112174374,0.7376343112174374,0.16966580976863754,0.5115681233933161,0.16966580976863754,0.5115681233933161,0.5328185328185329,0.4809249288678845,0.6729096978564714,0.5769173133621779,0.026881720430107527,0.07526881720430108,0.08064516129032258,0.3924731182795699,409.0,0.0024509803921568627,0.056372549019607844,0.6931471805599555,197.0,0.0,0.025510204081632654,1.1700712526502555,0.0
harmonix/0375_dynamite/track.npy,harmonix,0.803357314148681,0.7412125259896751,0.7412125259896751,0.7412125259896751,0.24821002386634844,0.7494033412887828,0.24821002386634844,0.7494033412887828,0.6060606060606061,0.5648453491605342,0.6019932534795998,0.583419301320067,0.075,0.225,0.08695652173913043,0.3285024154589372,432.0,0.016241299303944315,0.03480278422273782,1.0986122886680998,166.0,0.012121212121212121,0.024242424242424242,1.438374798377637,0.0
harmonix/0378_effinperfect/track.npy,harmonix,0.971900826446281,0.9416472259950743,0.9416472259950743,0.9416472259950743,0.6319218241042345,0.9381107491856677,0.6319218241042345,0.9381107491856677,0.9681528662420381,0.9456978333003412,0.9456978333003412,0.9456978333003412,0.4,0.9125,0.4,0.9125,303.0,0.0,0.0,0.11778303565635884,83.0,0.0,0.0,1.078203417036903,0.0
harmonix/0395_gold/track.npy,harmonix,0.9963636363636363,0.9426489200392503,0.9426489200392503,0.9426489200392503,1.0,1.0,1.0,1.0,0.9510489510489509,0.852718010080539,0.852718010080539,0.852718010080539,0.30666666666666664,0.84,0.30666666666666664,0.84,281.0,0.0,0.0,0.03174869831459676,77.0,0.0,0.0,0.7011793522572096,0.0
harmonix/0396_goodfeeling/track.npy,harmonix,0.9822485207100591,0.8583603401553292,0.8583603401553292,0.8583603401553292,0.39215686274509803,0.9470588235294117,0.39215686274509803,0.9470588235294117,0.7327327327327325,0.6378781247919612,0.7321746696285193,0.6850263972102402,0.03902439024390244,0.2682926829268293,0.0784313725490196,0.4823529411764706,515.0,0.0,0.0,0.042559614418878344,211.0,0.0,0.0,1.0959771803526845,0.0
harmonix/0410_idontwantthisnighttoend/track.npy,harmonix,0.9974025974025974,0.8589094773234344,0.8589094773234344,0.8589094773234344,0.4689119170984456,0.9948186528497409,0.4689119170984456,0.9948186528497409,0.9648241206030151,0.8445932858518023,0.8445932858518023,0.8445932858518023,0.2621359223300971,0.8640776699029126,0.2621359223300971,0.8640776699029126,395.0,0.005076142131979695,0.005076142131979695,0.07410797215372045,106.0,0.0,0.0,0.6838447878976535,0.0
harmonix/0416_impossible/track.npy,harmonix,0.9876543209876544,0.8676308579941143,0.8676308579941143,0.8676308579941143,0.7046153846153846,0.9661538461538461,0.7046153846153846,0.9661538461538461,0.9257142857142857,0.8238221548400497,0.8238221548400497,0.8238221548400497,0.3978494623655914,0.7526881720430108,0.3978494623655914,0.7526881720430108,331.0,0.0,0.0,0.09126885555448673,96.0,0.0,0.0,1.3639886036055853,0.0
harmonix/0418_inthedark/track.npy,harmonix,0.9945235487404163,0.9424944063603834,0.9424944063603834,0.9424944063603834,0.7030567685589519,0.9847161572052402,0.7030567685589519,0.9847161572052402,0.6832298136645963,0.6464631611310461,0.8432040359767742,0.7448335985539101,0.028985507246376812,0.12560386473429952,0.13100436681222707,0.6681222707423581,465.0,0.0,0.0021551724137931034,0.08338160893903379,212.0,0.0,0.0,0.7405103189615562,0.0
harmonix/0419_itgirl/track.npy,harmonix,0.9416058394160585,0.9090854305459561,0.9090854305459561,0.9090854305459561,0.49454545454545457,0.9127272727272727,0.49454545454545457,0.9127272727272727,0.7613636363636365,0.7436941063541329,0.786170688377902,0.7649323973660175,0.1308411214953271,0.308411214953271,0.1308411214953271,0.44525547445255476,287.0,0.0034965034965034965,0.013986013986013986,0.6891066390964417,112.0,0.0,0.0,0.7021792776006677,0.0
harmonix/0420_itsrainingmen/track.npy,harmonix,0.970276008492569,0.9124934104252819,0.9124934104252819,0.9124934104252819,0.8474226804123711,0.9072164948453608,0.8474226804123711,0.9072164948453608,0.8118081180811809,0.7652583953964992,0.7652583953964992,0.7652583953964992,0.19230769230769232,0.4935897435897436,0.19230769230769232,0.4935897435897436,497.0,0.006048387096774193,0.03225806451612903,0.18232155679395604,159.0,0.006329113924050633,0.02531645569620253,1.0356478655487664,0.0
harmonix/0423_iwannago/track.npy,harmonix,0.9954441913439636,0.9170120797674942,0.9170120797674942,0.9170120797674942,0.9909297052154195,0.9909297052154195,0.9909297052154195,0.9909297052154195,0.9691629955947136,0.8786498999421832,0.8786498999421832,0.8786498999421832,0.43103448275862066,0.9051724137931034,0.43103448275862066,0.9051724137931034,448.0,0.0,0.0,0.044451762570829945,118.0,0.0,0.0,0.693147180559926,0.0
harmonix/0428_kingofanything/track.npy,harmonix,0.9123711340206186,0.7439975189307455,0.7439975189307455,0.7439975189307455,0.3096446700507614,0.8299492385786802,0.3096446700507614,0.8299492385786802,0.6639004149377593,0.5353105580416944,0.5353105580416944,0.5353105580416944,0.10273972602739725,0.3561643835616438,0.10273972602739725,0.3561643835616438,406.0,0.0,0.0,0.7339691750801626,151.0,0.0,0.0,1.9878586863607384,0.0
harmonix/0431_letitrain/track.npy,harmonix,0.9299999999999999,0.8873843444652361,0.8873843444652361,0.8873843444652361,0.23052959501557632,0.7476635514018691,0.23052959501557632,0.7476635514018691,0.6481481481481481,0.6220545149831709,0.8510458251960884,0.7365501700896296,0.0273972602739726,0.0684931506849315,0.17123287671232876,0.6986301369863014,327.0,0.0,0.0,0.1053605156578814,149.0,0.0,0.0,1.0884418231653823,0.0
harmonix/0432_letsgo/track.npy,harmonix,0.9660460021905806,0.9159606154762603,0.9159606154762603,0.9159606154762603,0.3442265795206972,0.9411764705882353,0.3442265795206972,0.9411764705882353,0.8421052631578947,0.7988169489596444,0.7988169489596444,0.7988169489596444,0.13815789473684212,0.5855263157894737,0.13815789473684212,0.5855263157894737,470.0,0.0021321961620469083,0.0042643923240938165,0.08701137698961366,155.0,0.0,0.0,0.7146533857809201,0.0
harmonix/0433_lighters/track.npy,harmonix,0.9401129943502826,0.9034206753072661,0.9034206753072661,0.9034206753072661,0.19866071428571427,0.8549107142857143,0.19866071428571427,0.8549107142857143,0.6666666666666666,0.6415822448867808,0.7145390353263937,0.6780606401065873,0.037383177570093455,0.2102803738317757,0.0410958904109589,0.3059360730593607,453.0,0.0,0.0,0.6632942174103755,217.0,0.0,0.0,1.1086626245215732,0.0
harmonix/0444_maybe/track.npy,harmonix,0.9109947643979057,0.880413350119914,0.880413350119914,0.880413350119914,0.22006472491909385,0.6990291262135923,0.22006472491909385,0.6990291262135923,0.7283236994219653,0.6928052031866855,0.7071770348847751,0.6999911190357303,0.08411214953271028,0.2803738317757009,0.08411214953271028,0.3435114503816794,316.0,0.006349206349206349,0.012698412698412698,0.693147180559959,110.0,0.009174311926605505,0.009174311926605505,1.0893098960058023,0.0
harmonix/0466_onthedarkside/track.npy,harmonix,0.863237139272271,0.5798697492444034,0.5798697492444034,0.5798697492444034,0.16009280742459397,0.6078886310904872,0.16009280742459397,0.6078886310904872,0.8270042194092827,0.5801073763230852,0.5801073763230852,0.5801073763230852,0.17054263565891473,0.5891472868217055,0.17054263565891473,0.5891472868217055,370.0,0.0027100271002710027,0.005420054200542005,0.16251892949777494,131.0,0.007692307692307693,0.007692307692307693,0.7221347174331917,0.0
harmonix/0467_onthefloor/track.npy,harmonix,0.9832026875699887,0.9555207187808598,0.9555207187808598,0.9555207187808598,0.34513274336283184,0.9491150442477876,0.34513274336283184,0.9491150442477876,0.9186991869918699,0.902811868533354,0.902811868533354,0.902811868533354,0.23308270676691728,0.706766917293233,0.23308270676691728,0.706766917293233,452.0,0.0,0.0,0.11124565452303603,137.0,0.0,0.0,0.7039580966641426,0.0
harmonix/0472_partofme/track.npy,harmonix,0.9966178128523112,0.8115612128993376,0.8115612128993376,0.8115612128993376,0.9932584269662922,0.9932584269662922,0.9932584269662922,0.9932584269662922,0.9487179487179488,0.776810989261365,0.776810989261365,0.776810989261365,0.18699186991869918,0.8048780487804879,0.18699186991869918,0.8048780487804879,456.0,0.0,0.0,0.042559614418878344,126.0,0.0,0.0,0.6931471805599589,0.0
harmonix/0482_redsolocup/track.npy,harmonix,0.9140186915887851,0.8047303869664293,0.8047303869664293,0.8047303869664293,0.3339285714285714,0.8017857142857143,0.3339285714285714,0.8017857142857143,0.8242811501597443,0.7269786809905687,0.7269786809905687,0.7269786809905687,0.10404624277456648,0.5895953757225434,0.10404624277456648,0.5895953757225434,523.0,0.0,0.0,0.6380874033769159,177.0,0.0,0.0,0.7251133927927161,0.0
harmonix/0483_ridinsolo/track.npy,harmonix,0.9949409780775715,0.8720700922293648,0.8720700922293648,0.8720700922293648,0.4882154882154882,0.9865319865319865,0.4882154882154882,0.9865319865319865,0.9487179487179487,0.8649009938923584,0.8649009938923584,0.8649009938923584,0.38271604938271603,0.8271604938271605,0.38271604938271603,0.8271604938271605,303.0,0.0,0.0,0.08961215868969585,85.0,0.0,0.0,0.684175000252269,0.0
harmonix/0486_rundatback/track.npy,harmonix,0.9956140350877193,0.934727623526608,0.934727623526608,0.934727623526608,0.9912663755458515,0.9912663755458515,0.9912663755458515,0.9912663755458515,0.7534246575342466,0.7095795250014514,0.7760617320916732,0.7428206285465623,0.056179775280898875,0.28651685393258425,0.06607929515418502,0.4581497797356828,469.0,0.0,0.0,0.04445176257085626,185.0,0.0,0.0,1.0087738259234664,0.0
harmonix/0511_theonlyexception/track.npy,harmonix,0.9747606614447346,0.7408570683590173,0.7408570683590173,0.7408570683590173,0.27615780445969124,0.9399656946826758,0.27615780445969124,0.9399656946826758,0.6458333333333334,0.5135372566074055,0.6113016263380924,0.5624194414727489,0.015789473684210527,0.12631578947368421,0.10256410256410256,0.517948717948718,578.0,0.0,0.0,0.13976194237516182,194.0,0.0,0.0,1.1141607546654997,0.0
harmonix/0520_tonight/track.npy,harmonix,0.9903536977491962,0.7899089165784439,0.7899089165784439,0.7899089165784439,0.9638297872340426,0.9680851063829787,0.9638297872340426,0.9680851063829787,0.8830188679245283,0.7134507307394219,0.7134507307394219,0.7134507307394219,0.18243243243243243,0.5878378378378378,0.18243243243243243,0.5878378378378378,468.0,0.0,0.0021413276231263384,0.042559614418878344,151.0,0.0,0.0,0.7142005897577809,0.0
harmonix/0521_tooclose/track.npy,harmonix,0.845703125,0.8091351181764456,0.8091351181764456,0.8091351181764456,0.15708812260536398,0.7068965517241379,0.15708812260536398,0.7068965517241379,0.8387096774193549,0.8035401792528707,0.8035401792528707,0.8035401792528707,0.19607843137254902,0.6470588235294118,0.19607843137254902,0.6470588235294118,524.0,0.05927342256214149,0.0994263862332696,1.0986122886681036,155.0,0.01948051948051948,0.025974025974025976,1.4126775482365843,0.0
harmonix/0525_venus/track.npy,harmonix,1.0,0.8723251222887127,0.8723251222887127,0.8723251222887127,1.0,1.0,1.0,1.0,0.8470588235294118,0.7415439235860056,0.7415439235860056,0.7415439235860056,0.10273972602739725,0.4931506849315068,0.10273972602739725,0.4931506849315068,446.0,0.0,0.0,0.04255961441881784,150.0,0.0,0.0,1.0846260466934023,0.0
harmonix/0541_youdroppedabombonme/track.npy,harmonix,0.9807106598984772,0.8231258025866628,0.8231258025866628,0.8231258025866628,0.9779116465863453,0.9779116465863453,0.9779116465863453,0.9779116465863453,0.7741935483870969,0.6374235665706174,0.6979763589663261,0.6676999627684718,0.0797872340425532,0.3191489361702128,0.12345679012345678,0.5020576131687243,508.0,0.0,0.0,0.042559614418878344,192.0,0.0,0.0,0.6931471805599461,0.0
harmonix/0542_yougetwhatyougive/track.npy,harmonix,1.0,0.9573971413535123,0.9573971413535123,0.9573971413535123,1.0,1.0,1.0,1.0,0.9923664122137404,0.9509790806145364,0.9509790806145364,0.9509790806145364,0.7272727272727273,0.9696969696969697,0.7272727272727273,0.9696969696969697,529.0,0.0,0.0,0.07410797215372471,135.0,0.0,0.0,0.022913991284945565,0.0
harmonix/0551_accordingtoyou/track.npy,harmonix,0.9840098400984009,0.8984485797798728,0.8984485797798728,0.8984485797798728,0.9803921568627451,0.9803921568627451,0.9803921568627451,0.9803921568627451,0.9216589861751152,0.8379919720431445,0.8379919720431445,0.8379919720431445,0.25217391304347825,0.7565217391304347,0.25217391304347825,0.7565217391304347,412.0,0.0024330900243309003,0.004866180048661801,0.08701137698962769,118.0,0.0,0.0,0.6931471805599506,0.0
harmonix/0553_alivefeatthegoodnatured/track.npy,harmonix,0.9923142613151154,0.7224873644218398,0.7224873644218398,0.7224873644218398,0.8471986417657046,0.9745331069609507,0.8471986417657046,0.9745331069609507,0.7213930348258706,0.5266588179199024,0.6356571833776875,0.581158000648795,0.01953125,0.171875,0.16838487972508592,0.6219931271477663,600.0,0.0,0.0,0.042559614418878344,262.0,0.0,0.0,1.0704414117013603,0.0
harmonix/0565_americanhoney/track.npy,harmonix,0.9885433715220949,0.9031006156894698,0.9031006156894698,0.9031006156894698,0.6828478964401294,0.9579288025889967,0.6828478964401294,0.9579288025889967,0.8941176470588235,0.8268052199975445,0.8268052199975445,0.8268052199975445,0.35106382978723405,0.6170212765957447,0.35106382978723405,0.6170212765957447,316.0,0.0031746031746031746,0.0031746031746031746,0.0698599861270508,97.0,0.010416666666666666,0.010416666666666666,1.0919136729568202,0.0
harmonix/0566_americanwoman/track.npy,harmonix,0.9886914378029079,0.9673980526771095,0.9673980526771095,0.9673980526771095,0.5079872204472844,0.9744408945686901,0.5079872204472844,0.9744408945686901,0.6875000000000001,0.6748406506965962,0.9403079340213,0.8075742923589481,0.02040816326530612,0.061224489795918366,0.35294117647058826,0.8823529411764706,320.0,0.0,0.0,0.05556985115481518,149.0,0.0,0.0,0.6861785112438568,0.0
harmonix/0567_anythingcouldhappen/track.npy,harmonix,0.9553752535496957,0.8843794361949951,0.8843794361949951,0.8843794361949951,0.3638132295719844,0.8385214007782101,0.3638132295719844,0.8385214007782101,0.6547619047619047,0.6185149951306863,0.7549676817825216,0.6867413384566039,0.03211009174311927,0.18807339449541285,0.06382978723404255,0.5191489361702127,527.0,0.0,0.0,0.10111417001061691,226.0,0.0,0.0,0.7104943268689485,0.0
harmonix/0568_apologize/track.npy,harmonix,0.8556701030927835,0.8124559032341949,0.8124559032341949,0.8124559032341949,0.0593607305936073,0.5251141552511416,0.0593607305936073,0.5251141552511416,0.6356589147286822,0.6083295917947247,0.8934328083419116,0.7508812000683182,0.0,0.0,0.5,0.875,224.0,0.0,0.0,0.7323678937132326,91.0,0.0,0.0,0.6630074056632362,0.0
harmonix/0573_babyludacris/track.npy,harmonix,0.9862700228832952,0.9280370312544595,0.9280370312544595,0.9280370312544595,0.7671232876712328,0.9817351598173516,0.7671232876712328,0.9817351598173516,0.9775784753363229,0.9136028261278177,0.9136028261278177,0.9136028261278177,0.9557522123893806,0.9557522123893806,0.9557522123893806,0.9557522123893806,447.0,0.0,0.0,0.08701137698967287,118.0,0.0,0.0,1.1130010261202092,0.0
harmonix/0574_badromanceappboyz/track.npy,harmonix,0.9928644240570846,0.978122232933992,0.978122232933992,0.978122232933992,0.8109756097560976,0.983739837398374,0.8109756097560976,0.983739837398374,0.8978102189781023,0.8844291648199062,0.8844291648199062,0.8844291648199062,0.1456953642384106,0.6291390728476821,0.1456953642384106,0.6291390728476821,503.0,0.0,0.0,0.08701137698961359,154.0,0.0,0.0,0.6980120928068497,0.0
harmonix/0593_blameitradioedit/track.npy,harmonix,0.9373368146214098,0.8677564114612782,0.8677564114612782,0.8677564114612782,0.2040302267002519,0.8236775818639799,0.2040302267002519,0.8236775818639799,0.8638497652582161,0.7909279581559073,0.7909279581559073,0.7909279581559073,0.125,0.6083333333333333,0.125,0.6083333333333333,407.0,0.0,0.0024630541871921183,0.6931471805599454,125.0,0.0,0.0,1.2220932980302373,0.0
harmonix/0610_castle/track.npy,harmonix,0.8991596638655462,0.8475840731522873,0.8475840731522873,0.8475840731522873,0.2786885245901639,0.8217213114754098,0.2786885245901639,0.8217213114754098,0.8814814814814814,0.80857888251762,0.80857888251762,0.80857888251762,0.10135135135135136,0.6621621621621622,0.10135135135135136,0.6621621621621622,467.0,0.002145922746781116,0.008583690987124463,0.712949807856135,151.0,0.0,0.0,1.0986122886681096,0.0
harmonix/0621_clubcanthandleme/track.npy,harmonix,0.982086406743941,0.8729666335200117,0.8729666335200117,0.8729666335200117,0.606694560669456,0.9623430962343096,0.606694560669456,0.9623430962343096,0.8805970149253731,0.7737195601627967,0.7737195601627967,0.7737195601627967,0.1,0.6333333333333333,0.1,0.6333333333333333,488.0,0.002053388090349076,0.002053388090349076,0.042559614418878344,153.0,0.006578947368421052,0.006578947368421052,1.9156775511803525,0.0
harmonix/0630_crushcrushcrush/track.npy,harmonix,0.992462311557789,0.9449811597460989,0.9449811597460989,0.9449811597460989,0.713216957605985,0.9800498753117207,0.713216957605985,0.9800498753117207,0.8571428571428571,0.8072401112127147,0.8072401112127147,0.8072401112127147,0.12121212121212122,0.5757575757575758,0.12121212121212122,0.5757575757575758,413.0,0.009708737864077669,0.009708737864077669,0.09097177820577373,141.0,0.014285714285714285,0.014285714285714285,1.1262376263309335,0.0
harmonix/0653_dynamite/track.npy,harmonix,0.8825526137135098,0.8054793759425692,0.8054793759425692,0.8054793759425692,0.28249336870026526,0.8222811671087533,0.28249336870026526,0.8222811671087533,0.6350515463917525,0.5739667864205051,0.695264157237482,0.6346154718289936,0.036065573770491806,0.17704918032786884,0.07799442896935933,0.48467966573816157,764.0,0.010484927916120577,0.03014416775884666,0.8859480985118395,309.0,0.003246753246753247,0.012987012987012988,1.1364593435572672,0.0
harmonix/0654_dynamitemixinmarc/track.npy,harmonix,0.826362484157161,0.7129840881324387,0.7129840881324387,0.7129840881324387,0.26108374384236455,0.7635467980295566,0.26108374384236455,0.7635467980295566,0.5959183673469388,0.5138839247690259,0.5589038072378519,0.5363938660034389,0.0738255033557047,0.26174496644295303,0.08900523560209424,0.3193717277486911,416.0,0.024096385542168676,0.04819277108433735,1.0986122886680842,156.0,0.012903225806451613,0.025806451612903226,1.4005820592019802,0.0
harmonix/0661_everythingaboutyou/track.npy,harmonix,0.9899888765294772,0.8730531143046254,0.8730531143046254,0.8730531143046254,0.9844789356984479,0.9844789356984479,0.9844789356984479,0.9844789356984479,0.8740157480314961,0.7688215967894687,0.7688215967894687,0.7688215967894687,0.16901408450704225,0.5915492957746479,0.16901408450704225,0.5915492957746479,462.0,0.0,0.0,0.0870113769896143,148.0,0.0,0.0,1.0655693453909738,0.0
harmonix/0668_fallinganthem/track.npy,harmonix,0.9808568824065633,0.9484027089666641,0.9484027089666641,0.9484027089666641,0.6703096539162113,0.97632058287796,0.6703096539162113,0.97632058287796,0.7231638418079097,0.6956889976585848,0.7063665940746569,0.7010277958666209,0.055299539170506916,0.30414746543778803,0.055299539170506916,0.32967032967032966,559.0,0.0017921146953405018,0.0017921146953405018,0.042559614418878344,224.0,0.0,0.0,1.113001026120277,0.0
harmonix/0693_gold/track.npy,harmonix,0.9792899408284024,0.9328382569360217,0.9328382569360217,0.9328382569360217,0.4881656804733728,0.9526627218934911,0.4881656804733728,0.9526627218934911,0.8808290155440415,0.8455117011253128,0.8455117011253128,0.8455117011253128,0.24074074074074073,0.6018518518518519,0.24074074074074073,0.6018518518518519,345.0,0.0029069767441860465,0.005813953488372093,0.31326636405921365,113.0,0.0,0.0,0.7522399461268201,0.0
harmonix/0697_goodlife/track.npy,harmonix,0.9627906976744186,0.7742536925551354,0.7742536925551354,0.7742536925551354,0.4110854503464203,0.9284064665127021,0.4110854503464203,0.9284064665127021,0.8833333333333333,0.725046340290247,0.725046340290247,0.725046340290247,0.16793893129770993,0.6564885496183206,0.16793893129770993,0.6564885496183206,438.0,0.006864988558352402,0.006864988558352402,0.21487642399274812,134.0,0.015037593984962405,0.015037593984962405,0.8939098239336174,0.0
harmonix/0698_goodtime/track.npy,harmonix,0.9274292742927429,0.8606077497186646,0.8606077497186646,0.8606077497186646,0.7177615571776156,0.9002433090024331,0.7177615571776156,0.9002433090024331,0.7196969696969696,0.6700986563426964,0.7357901775215403,0.7029444169321184,0.04294478527607362,0.26993865030674846,0.09950248756218906,0.48756218905472637,421.0,0.0,0.0,0.042559614418878344,168.0,0.0,0.0,0.9063186122977708,0.0
harmonix/0701_gottabeyou/track.npy,harmonix,0.812121212121212,0.7793971797540689,0.7793971797540689,0.7793971797540689,0.36901408450704226,0.5943661971830986,0.36901408450704226,0.5943661971830986,0.5714285714285715,0.5517560149220028,0.5517560149220028,0.5517560149220028,0.10810810810810811,0.24324324324324326,0.10810810810810811,0.24324324324324326,358.0,0.0,0.0028011204481792717,0.6931471805599452,150.0,0.0,0.0,1.3581234841531962,0.0
harmonix/0708_haloradioedit/track.npy,harmonix,0.9896193771626298,0.9265439864460079,0.9265439864460079,0.9265439864460079,0.6103448275862069,0.9827586206896551,0.6103448275862069,0.9827586206896551,0.8323699421965317,0.794855248836361,0.794855248836361,0.794855248836361,0.08,0.46,0.09655172413793103,0.46,295.0,0.0,0.0,0.026668247082212826,104.0,0.0,0.0,0.7062312770114098,0.0
harmonix/0709_hangingon/track.npy,harmonix,0.7171492204899778,0.4466948182088921,0.4466948182088921,0.4466948182088921,0.3053097345132743,0.6415929203539823,0.3053097345132743,0.6415929203539823,0.5476190476190476,0.3600016651097798,0.457906266702782,0.4089539659062809,0.008928571428571428,0.026785714285714284,0.23214285714285715,0.6607142857142857,232.0,0.0,0.0,0.8526711399259581,117.0,0.0,0.0,1.3224555580347146,0.0
harmonix/0721_holdup/track.npy,harmonix,0.9693430656934306,0.8834298603982895,0.8834298603982895,0.8834298603982895,0.5417867435158501,0.9135446685878963,0.5417867435158501,0.9135446685878963,0.908108108108108,0.8189424703167804,0.8189424703167804,0.8189424703167804,0.5,0.7755102040816326,0.5,0.7755102040816326,344.0,0.0,0.0,0.08701137698964323,101.0,0.0,0.0,0.7146533857808923,0.0
harmonix/0730_hurtssogood/track.npy,harmonix,0.9974226804123711,0.958064181071513,0.958064181071513,0.958064181071513,0.9948453608247423,0.9948453608247423,0.9948453608247423,0.9948453608247423,0.656934306569343,0.6273417938335252,0.7716921622819055,0.6995169780577153,0.04519774011299435,0.15254237288135594,0.12953367875647667,0.5284974093264249,398.0,0.0,0.0,0.042559614418878344,181.0,0.0,0.0,1.1271856611122213,0.0
harmonix/0732_idontwannabeinlove/track.npy,harmonix,0.9978021978021978,0.9530801280959902,0.9530801280959902,0.9530801280959902,0.9956140350877193,0.9956140350877193,0.9956140350877193,0.9956140350877193,0.8828125,0.8525350294599692,0.8525350294599692,0.8525350294599692,0.14084507042253522,0.6197183098591549,0.14084507042253522,0.6197183098591549,467.0,0.0,0.0,0.08338160893903379,147.0,0.0,0.0,0.6931471805599749,0.0
harmonix/0745_immabewolf/track.npy,harmonix,0.9694713328369321,0.8551816359698667,0.8551816359698667,0.8551816359698667,0.41262848751835535,0.9251101321585903,0.41262848751835535,0.9251101321585903,0.9257142857142858,0.8189796136862297,0.8189796136862297,0.8189796136862297,0.32608695652173914,0.842391304347826,0.32608695652173914,0.842391304347826,692.0,0.010130246020260492,0.017366136034732273,0.32010679674439374,187.0,0.0,0.0,1.1513993631752855,0.0
harmonix/0747_imreal/track.npy,harmonix,0.9869375907111755,0.897206031725371,0.897206031725371,0.897206031725371,0.7665706051873199,0.9711815561959655,0.7665706051873199,0.9711815561959655,0.6666666666666666,0.6215341443615123,0.8943602618941847,0.7579472031278485,0.011834319526627219,0.029585798816568046,0.34502923976608185,0.9239766081871345,354.0,0.0028328611898017,0.0028328611898017,0.055569851154819605,173.0,0.0,0.0,0.6686807463523825,0.0
harmonix/0766_justdance/track.npy,harmonix,0.9869848156182213,0.8766188661147435,0.8766188661147435,0.8766188661147435,0.8920086393088553,0.9740820734341252,0.8920086393088553,0.9740820734341252,0.8679245283018869,0.7790132292256127,0.7790132292256127,0.7790132292256127,0.13333333333333333,0.5466666666666666,0.13333333333333333,0.5466666666666666,473.0,0.0,0.0,0.039220713153301,153.0,0.0,0.0,0.7030975114131114,0.0
harmonix/0771_kisskissmainversion/track.npy,harmonix,0.7280966767371602,0.5727643432988321,0.5727643432988321,0.5727643432988321,0.036939313984168866,0.39841688654353563,0.036939313984168866,0.39841688654353563,0.6168224299065421,0.5302408532965447,0.6117239987772577,0.5709824260369012,0.013986013986013986,0.15384615384615385,0.055944055944055944,0.5244755244755245,387.0,0.010362694300518135,0.015544041450777202,0.859238380560558,149.0,0.013513513513513514,0.013513513513513514,1.8617180578349761,0.0
harmonix/0784_lightweight/track.npy,harmonix,0.8095617529880478,0.7511399983963515,0.7511399983963515,0.7511399983963515,0.04625850340136054,0.48299319727891155,0.04625850340136054,0.48299319727891155,0.8214285714285714,0.7551545293796939,0.7551545293796939,0.7551545293796939,0.2611464968152866,0.5414012738853503,0.2611464968152866,0.5414012738853503,536.0,0.011214953271028037,0.013084112149532711,1.0775588794702962,168.0,0.0,0.0,1.1578874575062263,0.0
harmonix/0792_lovedrunk/track.npy,harmonix,0.9728155339805825,0.9185019445878018,0.9185019445878018,0.9185019445878018,0.9210019267822736,0.928709055876686,0.9210019267822736,0.928709055876686,0.8406779661016949,0.8086953069682404,0.8086953069682404,0.8086953069682404,0.10179640718562874,0.5269461077844312,0.10179640718562874,0.5269461077844312,520.0,0.028901734104046242,0.030828516377649325,0.3022808718729147,168.0,0.029940119760479042,0.03592814371257485,1.0530318994696206,0.0
harmonix/0801_lovesong/track.npy,harmonix,0.9759519038076153,0.9249331947990479,0.9249331947990479,0.9249331947990479,0.4592445328031809,0.9562624254473161,0.4592445328031809,0.9562624254473161,0.909090909090909,0.8654269239846685,0.8654269239846685,0.8654269239846685,0.15217391304347827,0.7898550724637681,0.15217391304347827,0.7898550724637681,505.0,0.0,0.0,0.08338160893903379,142.0,0.0,0.0,1.1130858934032575,0.0
harmonix/0807_makemebetter/track.npy,harmonix,0.9633649932157395,0.834955689337051,0.834955689337051,0.834955689337051,0.2868421052631579,0.8789473684210526,0.2868421052631579,0.8789473684210526,0.791111111111111,0.7018818138628605,0.7018818138628605,0.7018818138628605,0.08888888888888889,0.37777777777777777,0.08888888888888889,0.37777777777777777,388.0,0.007751937984496124,0.0103359173126615,0.7221347174331714,137.0,0.007352941176470588,0.007352941176470588,1.1180303745252083,0.0
harmonix/0808_makethemoney/track.npy,harmonix,0.9019607843137255,0.7897421683441173,0.7897421683441173,0.7897421683441173,0.5,0.7828571428571428,0.5,0.7828571428571428,0.6788990825688074,0.5840973698710781,0.6704924495114567,0.6272949096912674,0.10071942446043165,0.20863309352517986,0.10071942446043165,0.5414012738853503,360.0,0.019498607242339833,0.03899721448467967,0.8120372323109404,143.0,0.007042253521126761,0.014084507042253521,1.2431935174791717,0.0
harmonix/0811_miami2ibiza/track.npy,harmonix,0.9281767955801106,0.8670618515799811,0.8670618515799811,0.8670618515799811,0.4532967032967033,0.8846153846153846,0.4532967032967033,0.8846153846153846,0.6557377049180328,0.6103982991818699,0.650996491891679,0.6306973955367745,0.058823529411764705,0.24183006535947713,0.06629834254143646,0.30939226519337015,371.0,0.0,0.008108108108108109,0.6931471805599215,157.0,0.0,0.0,1.098612288668122,0.0
harmonix/0829_nevertoolate/track.npy,harmonix,0.6919191919191919,0.6519602850857134,0.7556522300213198,0.7038062575535166,0.04032258064516129,0.18951612903225806,0.1891891891891892,0.5472972972972973,0.5818181818181819,0.5542313006602888,0.6630899221739595,0.6086606114171241,0.056451612903225805,0.12903225806451613,0.13541666666666666,0.375,307.0,0.0032679738562091504,0.006535947712418301,0.7444404749475184,102.0,0.0,0.0,1.33897280086608,0.0
harmonix/0831_noair/track.npy,harmonix,0.9791666666666666,0.8542579127084864,0.8542579127084864,0.8542579127084864,0.5684523809523809,0.9821428571428571,0.5684523809523809,0.9821428571428571,0.9273743016759777,0.8294954144566961,0.8294954144566961,0.8294954144566961,0.5052631578947369,0.8210526315789474,0.5052631578947369,0.8210526315789474,342.0,0.0,0.002932551319648094,0.05406722127030272,99.0,0.0,0.01020408163265306,0.7494775094287383,0.0
harmonix/0846_onelove/track.npy,harmonix,0.9842271293375394,0.9558816979443525,0.9558816979443525,0.9558816979443525,0.9688149688149689,0.9688149688149689,0.9688149688149689,0.9688149688149689,0.9833333333333333,0.9584751972757288,0.9584751972757288,0.9584751972757288,0.7213114754098361,0.9590163934426229,0.7213114754098361,0.9590163934426229,487.0,0.0,0.0,0.042559614418878344,125.0,0.0,0.0,0.010695289116768647,0.0
harmonix/0851_openurmind/track.npy,harmonix,0.9169811320754717,0.7301396272161046,0.7301396272161046,0.7301396272161046,0.1,0.7660714285714286,0.1,0.7660714285714286,0.8854961832061069,0.7461897909078987,0.7461897909078987,0.7461897909078987,0.48175182481751827,0.8467153284671532,0.48175182481751827,0.8467153284671532,572.0,0.10683012259194395,0.10683012259194395,1.435084525289417,140.0,0.05755395683453238,0.05755395683453238,2.7850112422383977,0.0
harmonix/0857_paralyzer/track.npy,harmonix,0.9873060648801127,0.834723136949562,0.834723136949562,0.834723136949562,0.6302521008403361,0.9719887955182073,0.6302521008403361,0.9719887955182073,0.8151658767772512,0.6988025103085483,0.6988025103085483,0.6988025103085483,0.07317073170731707,0.43902439024390244,0.07317073170731707,0.43902439024390244,366.0,0.0,0.00821917808219178,0.07145896398218121,126.0,0.0,0.0,0.7108467576593543,0.0
harmonix/0866_pokerfacedave/track.npy,harmonix,0.9140416444207153,0.6779653218201569,0.6779653218201569,0.6779653218201569,0.31645569620253167,0.8681434599156118,0.31645569620253167,0.8681434599156118,0.6317460317460317,0.47511711752140456,0.47511711752140456,0.47511711752140456,0.07268170426065163,0.2957393483709273,0.09978308026030369,0.2957393483709273,959.0,0.0,0.0010438413361169101,0.0870113769896986,404.0,0.0,0.0024813895781637717,1.3652409519220179,0.0
harmonix/0867_pokerfacedos/track.npy,harmonix,0.9711846318036286,0.881396899167779,0.881396899167779,0.881396899167779,0.6161825726141079,0.8983402489626556,0.6161825726141079,0.8983402489626556,0.8413284132841329,0.7756931390316957,0.7756931390316957,0.7756931390316957,0.17197452229299362,0.49044585987261147,0.17197452229299362,0.49044585987261147,493.0,0.008130081300813009,0.03048780487804878,0.40546510810817016,162.0,0.0,0.0,0.712949807856121,0.0
harmonix/0869_raiseyourweapon/track.npy,harmonix,0.6702444841979726,0.6392262833822843,0.679753268290738,0.6594897758365111,0.19822485207100593,0.26232741617357,0.2730015082956259,0.38461538461538464,0.7385159010600706,0.708305795630648,0.708305795630648,0.708305795630648,0.3974358974358974,0.46794871794871795,0.3974358974358974,0.46794871794871795,671.0,0.0014925373134328358,0.007462686567164179,0.9627485716962262,314.0,0.0,0.003194888178913738,1.4181260671483051,0.0
harmonix/0875_redbelt/track.npy,harmonix,0.9865642994241843,0.9329924138371778,0.9329924138371778,0.9329924138371778,0.5247148288973384,0.9619771863117871,0.5247148288973384,0.9619771863117871,0.8888888888888888,0.8453640300889602,0.8453640300889602,0.8453640300889602,0.19230769230769232,0.6794871794871795,0.19230769230769232,0.6794871794871795,268.0,0.0,0.0,0.08701137698964137,81.0,0.0,0.0,0.7039580966641588,0.0
harmonix/0876_rehab/track.npy,harmonix,0.9384615384615385,0.8153470102921793,0.8153470102921793,0.8153470102921793,0.6059850374064838,0.9052369077306733,0.6059850374064838,0.9052369077306733,0.8532110091743119,0.6973567093540821,0.6973567093540821,0.6973567093540821,0.12195121951219512,0.6178861788617886,0.12195121951219512,0.6178861788617886,408.0,0.002457002457002457,0.004914004914004914,0.2918648442336009,126.0,0.008,0.016,1.1199674140554552,0.0
harmonix/0878_replay/track.npy,harmonix,0.9887218045112781,0.946027296104986,0.946027296104986,0.946027296104986,0.9925093632958801,0.9925093632958801,0.9925093632958801,0.9925093632958801,0.9166666666666667,0.8792478231286114,0.8792478231286114,0.8792478231286114,0.4805194805194805,0.7532467532467533,0.4805194805194805,0.7532467532467533,274.0,0.0,0.0,0.06252035698132147,81.0,0.0,0.0,1.1648750115450335,0.0
harmonix/0881_rightround/track.npy,harmonix,0.9913686806411837,0.8109038486450598,0.8109038486450598,0.8109038486450598,0.9852216748768473,0.9852216748768473,0.9852216748768473,0.9852216748768473,0.9439252336448598,0.7717441161258498,0.7717441161258498,0.7717441161258498,0.26785714285714285,0.8214285714285714,0.26785714285714285,0.8214285714285714,416.0,0.0,0.0,0.08338160893904922,121.0,0.0,0.0,0.693147180559947,0.0
harmonix/0883_rocksatmywindow/track.npy,harmonix,0.7960618846694797,0.7608111630553225,0.8094237929652426,0.7851174780102825,0.08878504672897196,0.32242990654205606,0.09911504424778761,0.5132743362831859,0.6761904761904762,0.6349534302697247,0.9313100007883839,0.7831317155290543,0.014388489208633094,0.02158273381294964,0.7588652482269503,0.9574468085106383,437.0,0.0,0.0,0.6931471805599453,142.0,0.0,0.0,0.03077165866675302,0.0
harmonix/0889_samelove/track.npy,harmonix,0.7429906542056075,0.606101670570715,0.606101670570715,0.606101670570715,0.16063348416289594,0.6538461538461539,0.16063348416289594,0.6538461538461539,0.6190476190476191,0.49332615582936684,0.5302591710210033,0.511792663425185,0.07650273224043716,0.18579234972677597,0.09049773755656108,0.3755656108597285,415.0,0.007246376811594203,0.00966183574879227,1.125744158718514,184.0,0.0,0.0,1.3855950490211446,0.0
harmonix/0890_samemistakes/track.npy,harmonix,0.998389694041868,0.9495343656541667,0.9495343656541667,0.9495343656541667,0.6913183279742765,0.9935691318327974,0.6913183279742765,0.9935691318327974,0.8700564971751413,0.8273010642167923,0.8273010642167923,0.8273010642167923,0.1414141414141414,0.5656565656565656,0.1414141414141414,0.5656565656565656,318.0,0.0,0.0031545741324921135,0.029852963149696377,103.0,0.0,0.0,1.0687593255184282,0.0
harmonix/0905_shocktoyoursystem/track.npy,harmonix,0.9927849927849929,0.9423521893591039,0.9423521893591039,0.9423521893591039,0.9712643678160919,0.985632183908046,0.9712643678160919,0.985632183908046,0.956043956043956,0.912556606367152,0.912556606367152,0.912556606367152,0.3894736842105263,0.8526315789473684,0.3894736842105263,0.8526315789473684,348.0,0.0,0.0,0.06899287148695227,95.0,0.0,0.0,0.8291825912581433,0.0
harmonix/0912_somenights/track.npy,harmonix,0.9148936170212766,0.8401400920922422,0.8401400920922422,0.8401400920922422,0.42016806722689076,0.8676470588235294,0.42016806722689076,0.8676470588235294,0.844106463878327,0.7920640713248503,0.7920640713248503,0.7920640713248503,0.13194444444444445,0.6666666666666666,0.13194444444444445,0.6666666666666666,471.0,0.002127659574468085,0.00425531914893617,0.6567795363890725,147.0,0.0,0.00684931506849315,1.1916561397151366,0.0
harmonix/0917_spacemanties/track.npy,harmonix,0.7863247863247862,0.5463869440635365,0.5463869440635365,0.5463869440635365,0.06948356807511737,0.38779342723004695,0.06948356807511737,0.38779342723004695,0.6254545454545454,0.41199635625059566,0.41199635625059566,0.41199635625059566,0.040229885057471264,0.3448275862068966,0.040229885057471264,0.3448275862068966,1076.0,0.2948837209302326,0.2948837209302326,1.4469189829362468,352.0,0.2678062678062678,0.2678062678062678,2.8159896004382494,0.0
harmonix/0919_stereolove/track.npy,harmonix,0.8893320039880358,0.7820704282692225,0.7820704282692225,0.7820704282692225,0.24701195219123506,0.8426294820717132,0.24701195219123506,0.8426294820717132,0.8127208480565371,0.7177452449496066,0.7177452449496066,0.7177452449496066,0.14556962025316456,0.620253164556962,0.14556962025316456,0.620253164556962,506.0,0.0019801980198019802,0.009900990099009901,0.6181489980782214,160.0,0.006289308176100629,0.018867924528301886,1.2559215906847288,0.0
harmonix/0932_tattoo/track.npy,harmonix,0.9887278582930757,0.9075280518333325,0.9075280518333325,0.9075280518333325,0.9903536977491961,0.9903536977491961,0.9903536977491961,0.9903536977491961,0.980891719745223,0.8938005594266513,0.8938005594266513,0.8938005594266513,0.7721518987341772,0.9746835443037974,0.7721518987341772,0.9746835443037974,317.0,0.0,0.0,0.03639056922312615,81.0,0.0,0.0,0.013643711047681827,0.0
harmonix/0941_theocean/track.npy,harmonix,0.7340529931305202,0.6461385433505364,0.6461385433505364,0.6461385433505364,0.0180623973727422,0.2200328407224959,0.08780487804878048,0.3951219512195122,0.3674911660777385,0.32531791284107325,0.3334105472843776,0.3293642300627254,0.026143790849673203,0.1111111111111111,0.05384615384615385,0.2230769230769231,418.0,0.03357314148681055,0.050359712230215826,1.0435459372457674,133.0,0.0,0.0,1.4052326032651317,0.0
harmonix/0954_timeaftertimevan/track.npy,harmonix,0.8636363636363636,0.7115647823830031,0.7115647823830031,0.7115647823830031,0.1493212669683258,0.8393665158371041,0.1493212669683258,0.8393665158371041,0.7489711934156379,0.540540740886171,0.540540740886171,0.540540740886171,0.12781954887218044,0.6015037593984962,0.12781954887218044,0.6015037593984962,452.0,0.03325942350332594,0.037694013303769404,1.363212378645558,136.0,0.037037037037037035,0.044444444444444446,2.4134533896981805,0.0
harmonix/0967_walkingonadream/track.npy,harmonix,0.9988290398126464,0.9251529381985779,0.9251529381985779,0.9251529381985779,0.7154566744730679,0.9976580796252927,0.7154566744730679,0.9976580796252927,0.6949429037520392,0.6415781660227283,0.8124591490458187,0.7270186575342735,0.015037593984962405,0.14536340852130325,0.09836065573770492,0.6206088992974239,865.0,0.0,0.0,0.042559614418878344,405.0,0.0,0.0,0.7357067949787026,0.0
harmonix/0975_whathappensinvegas/track.npy,harmonix,0.9956331877729258,0.9712901480524399,0.9712901480524399,0.9712901480524399,0.991304347826087,0.991304347826087,0.991304347826087,0.991304347826087,0.7555555555555555,0.7372127719073069,0.7372127719073069,0.7372127719073069,0.07194244604316546,0.2733812949640288,0.07194244604316546,0.2733812949640288,356.0,0.0,0.0,0.04445176257083823,143.0,0.0,0.0,1.113001026120227,0.0
harmonix/0977_wheelsnow/track.npy,harmonix,0.9628865979381444,0.7724280016749249,0.7724280016749249,0.7724280016749249,0.47835051546391755,0.934020618556701,0.47835051546391755,0.934020618556701,0.8327402135231317,0.6815775297925939,0.6815775297925939,0.6815775297925939,0.1761006289308176,0.5534591194968553,0.1761006289308176,0.5534591194968553,497.0,0.018145161290322582,0.020161290322580645,0.3328362722185061,162.0,0.006211180124223602,0.006211180124223602,1.40982485853008,0.0
harmonix/0982_whoknewdos/track.npy,harmonix,1.0,0.9608730254230955,0.9608730254230955,0.9608730254230955,1.0,1.0,1.0,1.0,1.0,0.9559304779320147,0.9559304779320147,0.9559304779320147,1.0,1.0,1.0,1.0,472.0,0.0,0.0,0.13976194237513095,119.0,0.0,0.0,0.03509131981127034,0.0
harmonix/0988_withyoukovas/track.npy,harmonix,0.9931558935361218,0.9482930180562044,0.9482930180562044,0.9482930180562044,0.6641337386018237,0.9908814589665653,0.6641337386018237,0.9908814589665653,0.8381962864721485,0.8065705496440206,0.8065705496440206,0.8065705496440206,0.04225352112676056,0.5211267605633803,0.04225352112676056,0.5211267605633803,669.0,0.0,0.0,0.042559614418878344,216.0,0.0,0.0,0.7039580966641588,0.0
hjdb/hjdb_2_Bad_Mice_Take_You/track.npy,hjdb,1.0,0.9604303376105494,0.9604303376105494,0.9604303376105494,1.0,1.0,1.0,1.0,1.0,0.9716481900018439,0.9716481900018439,0.9716481900018439,1.0,1.0,1.0,1.0,159.0,0.0,0.0,0.13976194237515344,40.0,0.0,0.0,0.025872720226110063,0.0
hjdb/hjdb_A_Musical_Box/track.npy,hjdb,0.9876543209876543,0.9203701282376004,0.9203701282376004,0.9203701282376004,0.573170731707317,0.9634146341463414,0.573170731707317,0.9634146341463414,1.0,0.9626543360312739,0.9626543360312739,0.9626543360312739,1.0,1.0,1.0,1.0,94.0,0.0,0.0,0.10536051565782734,24.0,0.0,0.0,0.03908672457114642,0.0
hjdb/hjdb_Bish_Bosh/track.npy,hjdb,0.9743589743589742,0.9026779860675797,0.9026779860675797,0.9026779860675797,0.6075949367088608,0.9367088607594937,0.6075949367088608,0.9367088607594937,1.0,0.9426860940811873,0.9426860940811873,0.9426860940811873,1.0,1.0,1.0,1.0,91.0,0.0,0.022222222222222223,0.3508038282490422,22.0,0.0,0.0,0.024097551579060655,0.0
hjdb/hjdb_Cookin_Up_Yah_Brain/track.npy,hjdb,0.9913793103448275,0.9342012006607949,0.9342012006607949,0.9342012006607949,0.8034188034188035,0.9743589743589743,0.8034188034188035,0.9743589743589743,1.0,0.935281464142304,0.935281464142304,0.935281464142304,1.0,1.0,1.0,1.0,129.0,0.0078125,0.0078125,0.14455101464687792,32.0,0.0,0.0,0.011834457647004637,0.0
hjdb/hjdb_Damage/track.npy,hjdb,0.9759036144578312,0.8859916380249971,0.8859916380249971,0.8859916380249971,0.5529411764705883,0.9411764705882353,0.5529411764705883,0.9411764705882353,1.0,0.9340076658436685,0.9340076658436685,0.9340076658436685,1.0,1.0,1.0,1.0,98.0,0.041237113402061855,0.041237113402061855,0.5787519032480617,23.0,0.0,0.0,0.02439145312415858,0.0
hjdb/hjdb_Darkman/track.npy,hjdb,1.0,0.9289117698775836,0.9289117698775836,0.9289117698775836,1.0,1.0,1.0,1.0,0.9736842105263158,0.887998187789553,0.887998187789553,0.887998187789553,0.9230769230769231,0.9230769230769231,0.9230769230769231,0.9230769230769231,160.0,0.0,0.0,0.05129329438757657,43.0,0.0,0.0,1.116004031379969,0.0
hjdb/hjdb_Ecstatic_House/track.npy,hjdb,0.9404761904761905,0.8297596876626359,0.8297596876626359,0.8297596876626359,0.45977011494252873,0.8275862068965517,0.45977011494252873,0.8275862068965517,0.5245901639344263,0.47164110922992947,0.6797737787578773,0.5757074439939034,0.0975609756097561,0.12195121951219512,0.17073170731707318,0.36585365853658536,101.0,0.0,0.11,0.6469832156111528,45.0,0.0,0.022727272727272728,1.0647107369924311,0.0
hjdb/hjdb_Exodus_(When_The_Lion_Awakes)/track.npy,hjdb,0.6783625730994152,0.48035526447268473,0.48364724870227693,0.48200125658748083,0.04950495049504951,0.3316831683168317,0.04950495049504951,0.3316831683168317,0.6153846153846154,0.5006080642888319,0.5006080642888319,0.5006080642888319,0.17857142857142858,0.44642857142857145,0.17857142857142858,0.44642857142857145,215.0,0.12149532710280374,0.2803738317757009,1.3862943611198237,61.0,0.06666666666666667,0.1,2.9376476045301083,0.0
hjdb/hjdb_Fires_Burning/track.npy,hjdb,1.0,0.9477446194310079,0.9477446194310079,0.9477446194310079,1.0,1.0,1.0,1.0,0.9113924050632912,0.870209796482874,0.870209796482874,0.870209796482874,0.7654320987654321,0.8395061728395061,0.7654320987654321,0.8395061728395061,319.0,0.0,0.0,0.046520015634949785,85.0,0.0,0.0,0.6908482287374754,0.0
hjdb/hjdb_Flammable_(Tango_Remix)/track.npy,hjdb,0.9907692307692307,0.8839118497798427,0.8839118497798427,0.8839118497798427,0.39263803680981596,0.9815950920245399,0.39263803680981596,0.9815950920245399,0.9876543209876543,0.904241943722202,0.904241943722202,0.904241943722202,0.975609756097561,0.975609756097561,0.975609756097561,0.975609756097561,177.0,0.0,0.0,0.10536051565784188,45.0,0.0,0.0,0.026317308317372834,0.0
hjdb/hjdb_Future_Funk/track.npy,hjdb,0.9214285714285715,0.8373528872513069,0.8373528872513069,0.8373528872513069,0.6879432624113475,0.8581560283687943,0.6879432624113475,0.8581560283687943,0.8461538461538461,0.7897270157700885,0.7897270157700885,0.7897270157700885,0.5714285714285714,0.7380952380952381,0.5714285714285714,0.7380952380952381,152.0,0.006622516556291391,0.039735099337748346,0.7264907225589847,45.0,0.0,0.045454545454545456,1.1655213961355413,0.0
hjdb/hjdb_Ghetto_People_(Remix)/track.npy,hjdb,0.99009900990099,0.9456370281856519,0.9456370281856519,0.9456370281856519,0.9803921568627451,0.9803921568627451,0.9803921568627451,0.9803921568627451,1.0,0.9578047400112905,0.9578047400112905,0.9578047400112905,1.0,1.0,1.0,1.0,63.0,0.0,0.0,0.051293294387558364,16.0,0.0,0.0,0.012739025777429858,0.0
hjdb/hjdb_Here_Comes_The_Drumz_(Drumz_VIP_Mix)/track.npy,hjdb,1.0,0.9325452015493485,0.9325452015493485,0.9325452015493485,1.0,1.0,1.0,1.0,1.0,0.9246970639485912,0.9246970639485912,0.9246970639485912,1.0,1.0,1.0,1.0,121.0,0.0,0.0,0.04879016416943971,31.0,0.0,0.0,0.012270092591816962,0.0
hjdb/hjdb_In_Complete_Darkness_(Slipmatt_remix)/track.npy,hjdb,1.0,0.8855141418085131,0.8855141418085131,0.8855141418085131,1.0,1.0,1.0,1.0,1.0,0.8810223889090293,0.8810223889090293,0.8810223889090293,1.0,1.0,1.0,1.0,127.0,0.0,0.0,0.10536051565782412,32.0,0.0,0.0,0.012903404835909904,0.0
hjdb/hjdb_Jump_Mk_II/track.npy,hjdb,0.9777777777777777,0.8763424549458935,0.8763424549458935,0.8763424549458935,0.9217391304347826,0.9217391304347826,0.9217391304347826,0.9217391304347826,0.9824561403508771,0.9242663075095422,0.9242663075095422,0.9242663075095422,0.9310344827586207,0.9310344827586207,0.9310344827586207,0.9310344827586207,128.0,0.007874015748031496,0.06299212598425197,0.16251892949779512,32.0,0.0,0.0,0.24777420630622035,0.0
hjdb/hjdb_Keep_The_Fires_Burning/track.npy,hjdb,0.955719557195572,0.8464266014111294,0.8464266014111294,0.8464266014111294,0.4169611307420495,0.8798586572438163,0.4169611307420495,0.8798586572438163,0.9701492537313433,0.8720945040171587,0.8720945040171587,0.8720945040171587,0.4782608695652174,0.927536231884058,0.4782608695652174,0.927536231884058,294.0,0.07849829351535836,0.09215017064846416,0.5805497949711186,72.0,0.056338028169014086,0.056338028169014086,1.4894214532664931,0.0
hjdb/hjdb_Lords_Of_The_Null_Lines_(Foul_Play_Remix)/track.npy,hjdb,0.9950738916256158,0.9200823797212853,0.9200823797212853,0.9200823797212853,0.5392156862745098,0.9705882352941176,0.5392156862745098,0.9705882352941176,1.0,0.9301821180965946,0.9301821180965946,0.9301821180965946,1.0,1.0,1.0,1.0,114.0,0.0,0.0,0.10536051565782412,29.0,0.0,0.0,0.04961326883517633,0.0
hjdb/hjdb_Method_To_My_Madness/track.npy,hjdb,0.9724770642201834,0.8746320371281849,0.8746320371281849,0.8746320371281849,0.6607142857142857,0.9464285714285714,0.6607142857142857,0.9464285714285714,0.962962962962963,0.9121940927165036,0.9121940927165036,0.9121940927165036,0.9285714285714286,0.9285714285714286,0.9285714285714286,0.9285714285714286,68.0,0.029850746268656716,0.029850746268656716,0.17994229612000343,17.0,0.0,0.0,0.011696039763193111,0.0
hjdb/hjdb_No_Worries/track.npy,hjdb,0.6991150442477876,0.6588692774671802,0.6588692774671802,0.6588692774671802,0.2672413793103448,0.6206896551724138,0.2672413793103448,0.6206896551724138,0.7017543859649122,0.6794746276566954,0.6794746276566954,0.6794746276566954,0.5517241379310345,0.6551724137931034,0.5517241379310345,0.6551724137931034,130.0,0.0,0.07751937984496124,0.7282908743856233,32.0,0.0,0.0,0.797154074794984,0.0
hjdb/hjdb_Obsession_(Musics_So_Wonderful)/track.npy,hjdb,1.0,0.9263673373761958,0.9263673373761958,0.9263673373761958,1.0,1.0,1.0,1.0,1.0,0.9360770399958227,0.9360770399958227,0.9360770399958227,1.0,1.0,1.0,1.0,96.0,0.0,0.0,0.10536051565782412,24.0,0.0,0.0,0.01324522675002256,0.0
hjdb/hjdb_Phizical_(Moody_Mix)/track.npy,hjdb,0.965197215777262,0.7883227834708029,0.7883227834708029,0.7883227834708029,0.6527777777777778,0.9444444444444444,0.6527777777777778,0.9444444444444444,0.7999999999999999,0.6771614753941395,0.6771614753941395,0.6771614753941395,0.06578947368421052,0.40789473684210525,0.06578947368421052,0.40789473684210525,229.0,0.0,0.0043859649122807015,0.15774429290602046,81.0,0.0,0.0,1.4271163556401472,0.0
hjdb/hjdb_Re-Baptised_By_Dub_(Selectors_Revenge)/track.npy,hjdb,1.0,0.9664788328795153,0.9664788328795153,0.9664788328795153,1.0,1.0,1.0,1.0,1.0,0.9720262141351488,0.9720262141351488,0.9720262141351488,1.0,1.0,1.0,1.0,130.0,0.0,0.0,0.09531017980432441,33.0,0.0,0.0,0.011834457647004637,0.0
hjdb/hjdb_Showtime/track.npy,hjdb,1.0,0.9110942245507361,0.9110942245507361,0.9110942245507361,1.0,1.0,1.0,1.0,1.0,0.8999247212338654,0.8999247212338654,0.8999247212338654,1.0,1.0,1.0,1.0,60.0,0.0,0.0,0.09531017980433143,16.0,0.0,0.0,0.2803737610967862,0.0
hjdb/hjdb_Spiritual_Aura/track.npy,hjdb,0.9803220035778175,0.8991060808198374,0.8991060808198374,0.8991060808198374,0.5106382978723404,0.950354609929078,0.5106382978723404,0.950354609929078,0.9928057553956835,0.947175827561702,0.947175827561702,0.947175827561702,0.6,0.9857142857142858,0.6,0.9857142857142858,296.0,0.0,0.023728813559322035,0.20439413483389218,74.0,0.0,0.0136986301369863,0.02666824708215833,0.0
hjdb/hjdb_Sub_Dub/track.npy,hjdb,0.9936305732484078,0.927397512738035,0.927397512738035,0.927397512738035,0.759493670886076,0.9746835443037974,0.759493670886076,0.9746835443037974,1.0,0.9360770399958227,0.9360770399958227,0.9360770399958227,1.0,1.0,1.0,1.0,91.0,0.0,0.011111111111111112,0.1511317975731004,23.0,0.0,0.0,0.024692612590370977,0.0
hjdb/hjdb_Take_Me_To_The_Top/track.npy,hjdb,0.9948717948717948,0.9555679333113896,0.9555679333113896,0.9555679333113896,0.9897959183673469,0.9897959183673469,0.9897959183673469,0.9897959183673469,0.9795918367346939,0.9244837985995522,0.9244837985995522,0.9244837985995522,0.96,0.96,0.96,0.96,111.0,0.0,0.0,0.10008345855699478,28.0,0.0,0.0,0.03727139479722863,0.0
hjdb/hjdb_Terrorist_(original)/track.npy,hjdb,1.0,0.9310488507997255,0.9310488507997255,0.9310488507997255,1.0,1.0,1.0,1.0,1.0,0.8983351328855509,0.8983351328855509,0.8983351328855509,1.0,1.0,1.0,1.0,128.0,0.0,0.0,0.10008345855699852,32.0,0.0,0.0,0.025001302205418963,0.0
hjdb/hjdb_The_Core/track.npy,hjdb,0.9585798816568047,0.8700981736829232,0.8700981736829232,0.8700981736829232,0.686046511627907,0.9069767441860465,0.686046511627907,0.9069767441860465,0.9545454545454545,0.8792787664913161,0.8792787664913161,0.8792787664913161,0.6521739130434783,0.8260869565217391,0.6521739130434783,0.8260869565217391,98.0,0.0,0.061855670103092786,0.10536051565782434,26.0,0.0,0.0,0.524524468124155,0.0
hjdb/hjdb_The_Criminal/track.npy,hjdb,0.9936305732484078,0.9352548749386209,0.9352548749386209,0.9352548749386209,0.9873417721518988,0.9873417721518988,0.9873417721518988,0.9873417721518988,1.0,0.9639144760734958,0.9639144760734958,0.9639144760734958,1.0,1.0,1.0,1.0,92.0,0.0,0.0,0.10008345855697631,23.0,0.0,0.0,0.024692612590373197,0.0
hjdb/hjdb_This_Way/track.npy,hjdb,0.3243243243243243,0.27296466750511406,0.7514446162462088,0.5122046418756614,0.0,0.0,0.1111111111111111,0.42857142857142855,0.4571428571428571,0.3940766728161202,0.3940766728161202,0.3940766728161202,0.08695652173913043,0.34782608695652173,0.08695652173913043,0.34782608695652173,79.0,0.0,0.28205128205128205,0.926912696936942,29.0,0.0,0.14285714285714285,2.036881927261043,0.0
hjdb/hjdb_Time_Bomb/track.npy,hjdb,1.0,0.8969289465629233,0.8969289465629233,0.8969289465629233,1.0,1.0,1.0,1.0,0.5882352941176471,0.5357697472420713,0.7789678033710031,0.6573687753065371,0.041666666666666664,0.041666666666666664,0.5416666666666666,0.5625,96.0,0.0,0.0,0.051293294387558364,60.0,0.0,0.0,0.6696915330479113,0.0
hjdb/hjdb_Unfriendly/track.npy,hjdb,1.0,0.9273238922190047,0.9273238922190047,0.9273238922190047,1.0,1.0,1.0,1.0,0.888888888888889,0.8135350756866716,0.8135350756866716,0.8135350756866716,0.6,0.6,0.6,0.6,68.0,0.0,0.07462686567164178,0.4109879969889127,22.0,0.0,0.0,0.5619237089650473,0.0
hjdb/hjdb_Wind_It_Up_(Rewound)/track.npy,hjdb,0.41584158415841577,0.37367610821734293,0.5944310433414777,0.48405357577941033,0.4117647058823529,0.4117647058823529,0.5294117647058824,0.5294117647058824,0.3846153846153846,0.359437962199862,0.359437962199862,0.359437962199862,0.35714285714285715,0.35714285714285715,0.42857142857142855,0.42857142857142855,63.0,0.0,0.0,0.24512245803298827,17.0,0.0,0.0,0.45911193684252855,0.0
hjdb/hjdb_Yaaah/track.npy,hjdb,0.9967213114754099,0.932997186248846,0.932997186248846,0.932997186248846,0.9934640522875817,0.9934640522875817,0.9934640522875817,0.9934640522875817,0.7916666666666666,0.7387791467276275,0.7634724420323823,0.7511257943800049,0.11206896551724138,0.3620689655172414,0.11258278145695365,0.4105960264900662,317.0,0.0,0.0,0.04445176257085626,119.0,0.0,0.0,0.6931471805599607,0.0
hjdb/hjdb_You_Got_Me_Burnin_(A.A.S_Mix)/track.npy,hjdb,0.9911504424778761,0.9555522547261582,0.9555522547261582,0.9555522547261582,0.9824561403508771,0.9824561403508771,0.9824561403508771,0.9824561403508771,1.0,0.9510443036909135,0.9510443036909135,0.9510443036909135,1.0,1.0,1.0,1.0,70.0,0.0,0.0,0.04879016416943971,18.0,0.0,0.0,0.1919244465795603,0.0
jaah/jaah_000-tito_puente-airegin/track.npy,jaah,0.4990757855822551,0.412176877684924,0.4509258309372043,0.4315513543110642,0.04107424960505529,0.2480252764612954,0.04107424960505529,0.2480252764612954,0.2953995157384988,0.24492469484090995,0.3228410590647645,0.2838828769528372,0.0033222591362126247,0.009966777408637873,0.09302325581395349,0.25249169435215946,651.0,0.09230769230769231,0.18615384615384614,1.3862943611199614,306.0,0.04918032786885246,0.07213114754098361,2.051865365691103,0.0
jaah/jaah_004-dexter_gordon_quartet-bikini/track.npy,jaah,0.9393548387096774,0.8646576530675549,0.8646576530675549,0.8646576530675549,0.13408521303258145,0.8082706766917294,0.13408521303258145,0.8082706766917294,0.4925619834710744,0.4474255041220774,0.5973354764491207,0.5223804902855991,0.014388489208633094,0.0671462829736211,0.02877697841726619,0.2805755395683453,812.0,0.06165228113440197,0.13563501849568435,0.8472978603872025,425.0,0.02122641509433962,0.030660377358490566,1.1960179292560469,0.0
jaah/jaah_010-duke_ellington_his_orchestra-blue_serge/track.npy,jaah,0.9502762430939227,0.8837152804128611,0.8837152804128611,0.8837152804128611,0.3345323741007194,0.8812949640287769,0.3345323741007194,0.8812949640287769,0.5327868852459016,0.48913768711500205,0.7504406425938533,0.6197891648544277,0.0,0.0,0.11797752808988764,0.47752808988764045,285.0,0.02112676056338028,0.02464788732394366,0.7445475771220034,183.0,0.005494505494505495,0.01098901098901099,0.7230001437096272,0.0
jaah/jaah_011-charlie_parker-blues_for_alice/track.npy,jaah,0.9351753453772582,0.8356581572184557,0.8356581572184557,0.8356581572184557,0.24746450304259635,0.8032454361054767,0.24746450304259635,0.8032454361054767,0.5207756232686981,0.47822664021211186,0.5645450106177701,0.5213858254149409,0.040160642570281124,0.10040160642570281,0.07630522088353414,0.21686746987951808,506.0,0.053465346534653464,0.14257425742574256,0.8109302162162975,253.0,0.03968253968253968,0.05555555555555555,1.137078569495898,0.0
jaah/jaah_021-the_clifford_brownmax_roach_quintet-daahoud/track.npy,jaah,0.7584300718629077,0.5743960899284173,0.5743960899284173,0.5743960899284173,0.035218783351120594,0.47171824973319104,0.035218783351120594,0.47171824973319104,0.610909090909091,0.45822796826188017,0.45822796826188017,0.45822796826188017,0.0761904761904762,0.4507936507936508,0.0761904761904762,0.4507936507936508,892.0,0.08080808080808081,0.21773288439955107,0.8873031950010102,321.0,0.021875,0.053125,1.5250828424452316,0.0
jaah/jaah_033-the_boswell_sisters-everybody_loves_my_baby/track.npy,jaah,0.8774555659494855,0.6868427586564643,0.6868427586564643,0.6868427586564643,0.12142857142857143,0.48214285714285715,0.12142857142857143,0.48214285714285715,0.6422976501305483,0.5249443385504878,0.5955987242941311,0.5602715314223095,0.0411522633744856,0.1440329218106996,0.05734767025089606,0.35842293906810035,528.0,0.09297912713472485,0.21631878557874762,0.7884573603643217,255.0,0.015748031496062992,0.06692913385826772,1.2992829841302176,0.0
jaah/jaah_048-louis_armstrong_and_his_hot_five-hotter_than_that/track.npy,jaah,0.9136400322841001,0.8127029368727702,0.8127029368727702,0.8127029368727702,0.22843450479233227,0.7795527156549521,0.22843450479233227,0.7795527156549521,0.6650124069478909,0.598814103602267,0.6093648125416271,0.604089458071947,0.056910569105691054,0.2845528455284553,0.056910569105691054,0.2845528455284553,630.0,0.046104928457869634,0.10174880763116058,0.773189888233409,251.0,0.02,0.04,1.3609362001499203,0.0
jaah/jaah_050-dizzy_gillespie_sextet-i_cant_get_started/track.npy,jaah,0.8700265251989391,0.7831712659403054,0.7831712659403054,0.7831712659403054,0.10837438423645321,0.645320197044335,0.10837438423645321,0.645320197044335,0.42574257425742573,0.3737005977514306,0.5789033913096671,0.47630199453054883,0.0,0.0,0.018867924528301886,0.0880503144654088,209.0,0.0,0.0,0.9816457987319839,163.0,0.0,0.0,0.7125652664170534,0.0
jaah/jaah_058-jelly_roll_morton-king_porter_stomp/track.npy,jaah,0.9423459244532804,0.8680893096616406,0.8680893096616406,0.8680893096616406,0.2109375,0.833984375,0.2109375,0.833984375,0.5862884160756501,0.5407285505705983,0.6011642446163484,0.5709463975934734,0.020338983050847456,0.09491525423728814,0.023728813559322035,0.2440677966101695,506.0,0.02574257425742574,0.03564356435643564,0.7239188392267366,301.0,0.02666666666666667,0.03,1.3385740203240988,0.0
jaah/jaah_072-bennie_moten_and_his_kansas_city_orchestra-moten_swing/track.npy,jaah,0.9433669511249031,0.6342151133625513,0.6342151133625513,0.6342151133625513,0.0445468509984639,0.728110599078341,0.0445468509984639,0.728110599078341,0.6602870813397129,0.47790763674530856,0.5510072412182178,0.5144574389817631,0.03861003861003861,0.25096525096525096,0.04416403785488959,0.39747634069400634,669.0,0.010479041916167664,0.029940119760479042,0.19415601444095806,265.0,0.003787878787878788,0.007575757575757576,1.0775588794702873,0.0
jaah/jaah_076-charlie_parker-oh_lady_be_good_feat_jazz_at_the_philharmonic/track.npy,jaah,0.9860788863109048,0.9272614360782532,0.9272614360782532,0.9272614360782532,0.9586206896551724,0.9586206896551724,0.9586206896551724,0.9586206896551724,0.5674931129476584,0.5272313867574535,0.7918013068354187,0.6595163467964361,0.007782101167315175,0.023346303501945526,0.10116731517509728,0.5603112840466926,438.0,0.013729977116704805,0.02745995423340961,0.13976194237519735,260.0,0.007722007722007722,0.023166023166023165,0.7657359387257039,0.0
jaah/jaah_082-louis_armstrong_and_his_hot_five-potato_head_blues/track.npy,jaah,0.904191616766467,0.8166924911225809,0.8166924911225809,0.8166924911225809,0.31712062256809337,0.7334630350194552,0.31712062256809337,0.7334630350194552,0.7730061349693252,0.7095530196821217,0.7095530196821217,0.7095530196821217,0.09090909090909091,0.398989898989899,0.09090909090909091,0.398989898989899,502.0,0.033932135728542916,0.059880239520958084,0.7221347174331724,202.0,0.0,0.009950248756218905,1.252762968495355,0.0
jaah/jaah_084-gene_krupa_and_his_orchestra-rockin_chair/track.npy,jaah,0.8436363636363635,0.7656673029644548,0.7656673029644548,0.7656673029644548,0.17346938775510204,0.6700680272108843,0.17346938775510204,0.6700680272108843,0.4142857142857143,0.37007573631817975,0.5527972188816338,0.4614364775999068,0.004629629629629629,0.009259259259259259,0.018518518518518517,0.13425925925925927,307.0,0.03594771241830065,0.058823529411764705,0.9418809278735509,221.0,0.022727272727272728,0.02727272727272727,1.285754055643858,0.0
jaah/jaah_085-the_george_shearing_quintet-september_in_the_rain/track.npy,jaah,0.9729032258064516,0.9324147047005954,0.9324147047005954,0.9324147047005954,0.8350515463917526,0.9587628865979382,0.8350515463917526,0.9587628865979382,0.42592592592592593,0.4040791541609257,0.5105630810365905,0.45732111759875815,0.01762114537444934,0.05286343612334802,0.03524229074889868,0.22466960352422907,398.0,0.0,0.0,0.08701137698961237,233.0,0.0,0.0,1.0986122886680998,0.0
jaah/jaah_100-fletcher_henderson_and_his_orchestra-the_stampede/track.npy,jaah,0.7085391672547636,0.4288910980038984,0.4304996221645367,0.42969536008421755,0.019746121297602257,0.2863187588152327,0.019746121297602257,0.2863187588152327,0.5542725173210161,0.31401688166241365,0.31401688166241365,0.31401688166241365,0.08203125,0.42578125,0.08203125,0.42578125,729.0,0.027472527472527472,0.07692307692307693,0.6931471805600038,262.0,0.0038314176245210726,0.01532567049808429,1.2660313384553576,0.0
jaah/jaah_105-louis_armstrong_earl_hines-weather_bird/track.npy,jaah,0.8576709796672828,0.7347382919886534,0.7347382919886534,0.7347382919886534,0.056140350877192984,0.6473684210526316,0.056140350877192984,0.6473684210526316,0.5228426395939085,0.4528898999395883,0.5175817104046657,0.485235805172127,0.04887218045112782,0.12781954887218044,0.04887218045112782,0.24060150375939848,592.0,0.08629441624365482,0.20304568527918782,0.8693007944248308,278.0,0.010830324909747292,0.04332129963898917,1.1766970711977762,0.0
jaah/jaah_111-fletcher_henderson_and_his_orchestra-wrappin_it_up/track.npy,jaah,0.9761904761904762,0.9213264356099585,0.9213264356099585,0.9213264356099585,0.2974910394265233,0.9121863799283154,0.2974910394265233,0.9121863799283154,0.6350974930362117,0.604946964801057,0.7076614607304577,0.6563042127657573,0.03111111111111111,0.19555555555555557,0.06367041198501873,0.39325842696629215,579.0,0.03806228373702422,0.09342560553633218,0.6286086594223725,232.0,0.0,0.0,1.0531499145913499,0.0
rwc/rwc_classical_CD1_01/track.npy,rwc_classical,0.4644789037143888,0.3108687791245643,0.3108687791245643,0.3108687791245643,0.004442250740375123,0.01826258637709773,0.004935834155972359,0.06811451135241856,0.6705607476635513,0.43835545111079577,0.43835545111079577,0.43835545111079577,0.043222003929273084,0.38703339882121807,0.043222003929273084,0.38703339882121807,750.0,0.0013351134846461949,0.06542056074766354,1.0986122886681877,512.0,0.0019569471624266144,0.033268101761252444,1.1608009350141852,0.0
rwc/rwc_classical_CD1_03/track.npy,rwc_classical,0.5365853658536585,0.4019697155311087,0.4747444663599898,0.43835709094554925,0.01527331189710611,0.10289389067524116,0.0514018691588785,0.3862928348909657,0.5377176015473887,0.4044869282569269,0.4044869282569269,0.4044869282569269,0.012861736334405145,0.1720257234726688,0.02912621359223301,0.18446601941747573,649.0,0.023148148148148147,0.06172839506172839,1.2479628660914692,415.0,0.004830917874396135,0.00966183574879227,1.5071289071366958,0.0
rwc/rwc_classical_CD1_05/track.npy,rwc_classical,0.6745874587458747,0.5004647795265844,0.508413016198874,0.5044388978627292,0.02242152466367713,0.3094170403587444,0.028892455858747994,0.3579454253611557,0.5971563981042655,0.4408196214743318,0.47511152069519325,0.45796557108476255,0.026829268292682926,0.23902439024390243,0.02696629213483146,0.3101123595505618,629.0,0.011146496815286623,0.012738853503184714,1.4485235707182673,414.0,0.002421307506053269,0.002421307506053269,1.4545391085745574,0.0
rwc/rwc_classical_CD2_03/track.npy,rwc_classical,0.2905027932960894,0.20102872864713384,0.22120891242524848,0.21111882053619116,0.008188331627430911,0.07983623336745138,0.010245901639344262,0.08196721311475409,0.3076923076923077,0.20448284288412819,0.20448284288412819,0.20448284288412819,0.016722408026755852,0.0802675585284281,0.016722408026755852,0.08877721943048576,276.0,0.0,0.0,2.0531777821321398,247.0,0.0,0.0,1.9536985951770567,0.0
rwc/rwc_classical_CD2_05/track.npy,rwc_classical,0.7350427350427351,0.47438774032987296,0.47438774032987296,0.47438774032987296,0.06888633754305395,0.642939150401837,0.06888633754305395,0.642939150401837,0.5071090047393365,0.32226081495110703,0.32226081495110703,0.32226081495110703,0.010830324909747292,0.1299638989169675,0.010830324909747292,0.1299638989169675,772.0,0.005188067444876783,0.005188067444876783,1.1024992306407975,557.0,0.0017985611510791368,0.0017985611510791368,1.133818541102268,0.0
rwc/rwc_classical_CD3_06/track.npy,rwc_classical,0.7406542056074765,0.5594663780161871,0.5594663780161871,0.5594663780161871,0.08597285067873303,0.5972850678733032,0.08597285067873303,0.5972850678733032,0.4759916492693111,0.3679838024411745,0.4353258337319663,0.40165481808657044,0.03460207612456748,0.13494809688581316,0.03460207612456748,0.23218997361477572,420.0,0.00954653937947494,0.00954653937947494,1.1019091246759232,295.0,0.0,0.0,1.2786190347594342,0.0
rwc/rwc_classical_CD3_07/track.npy,rwc_classical,0.5779197728079517,0.4080404535172512,0.4080404535172512,0.4080404535172512,0.0037056643726839597,0.06511381683430387,0.00847457627118644,0.15360169491525424,0.6203037569944044,0.4283261929755889,0.4283261929755889,0.4283261929755889,0.034976152623211444,0.3386327503974563,0.034976152623211444,0.3386327503974563,952.0,0.052576235541535225,0.1871713985278654,1.0986122886681096,634.0,0.020537124802527645,0.09162717219589257,1.3561556824119712,0.0
rwc/rwc_classical_CD4_04/track.npy,rwc_classical,0.894830659536542,0.636262252657617,0.636262252657617,0.636262252657617,0.1513157894736842,0.7105263157894737,0.1513157894736842,0.7105263157894737,0.7707006369426752,0.5675148231073593,0.5675148231073593,0.5675148231073593,0.08602150537634409,0.45161290322580644,0.08602150537634409,0.45161290322580644,315.0,0.04777070063694268,0.07006369426751592,0.9602624923598653,192.0,0.031413612565445025,0.03664921465968586,0.8255448936179,0.0
rwc/rwc_classical_CD4_09/track.npy,rwc_classical,0.9451219512195121,0.6908808410233738,0.6908808410233738,0.6908808410233738,0.38461538461538464,0.863905325443787,0.38461538461538464,0.863905325443787,0.5561497326203209,0.4185629306846189,0.4185629306846189,0.4185629306846189,0.007462686567164179,0.007462686567164179,0.007462686567164179,0.007462686567164179,175.0,0.005747126436781609,0.005747126436781609,0.6720937713620964,138.0,0.0,0.0,0.7142005897577809,0.0
rwc/rwc_classical_CD4_15/track.npy,rwc_classical,0.4,0.2315290089046997,0.2315290089046997,0.2315290089046997,0.056338028169014086,0.2605633802816901,0.06382978723404255,0.2605633802816901,0.24096385542168672,0.14376625576037944,0.14376625576037944,0.14376625576037944,0.08333333333333333,0.20833333333333334,0.08333333333333333,0.20833333333333334,105.0,0.019230769230769232,0.028846153846153848,1.770402162810829,51.0,0.02,0.02,2.4865536311710494,0.0
rwc/rwc_classical_CD5_03/track.npy,rwc_classical,0.7319884726224783,0.5065426933959847,0.5065426933959847,0.5065426933959847,0.046021093000958774,0.50143815915628,0.046021093000958774,0.50143815915628,0.4775465498357064,0.33851511973150167,0.4275898436604165,0.38305248169595907,0.010703363914373088,0.08103975535168195,0.021406727828746176,0.2599388379204893,1048.0,0.06399235912129896,0.1356255969436485,1.5040773967765106,658.0,0.0243531202435312,0.0700152207001522,1.5537457784571758,0.0
rwc/rwc_classical_CD6_01/track.npy,rwc_classical,0.6089108910891089,0.4886205556047269,0.4886205556047269,0.4886205556047269,0.05660377358490566,0.2971698113207547,0.05660377358490566,0.2971698113207547,0.4806201550387597,0.38037137967675516,0.3834708160026489,0.381921097839702,0.019736842105263157,0.11842105263157894,0.03317535545023697,0.24644549763033174,197.0,0.0,0.0,1.1793649072790475,155.0,0.0,0.0,1.211480080064078,0.0
rwc/rwc_classical_CD6_02/track.npy,rwc_classical,0.7721280602636534,0.6230971369731002,0.6230971369731002,0.6230971369731002,0.05204460966542751,0.3159851301115242,0.05204460966542751,0.3159851301115242,0.5726495726495727,0.49173685975925946,0.49173685975925946,0.49173685975925946,0.02040816326530612,0.14965986394557823,0.023121387283236993,0.14965986394557823,292.0,0.2852233676975945,0.3848797250859107,1.1716781124004627,160.0,0.11320754716981132,0.1509433962264151,1.5062811839804735,0.0
rwc/rwc_jazz_CD1_05/track.npy,rwc_jazz,0.3561076604554866,0.27657821936259397,0.27657821936259397,0.27657821936259397,0.021604938271604937,0.05864197530864197,0.021604938271604937,0.07407407407407407,0.4690265486725664,0.3819662839326104,0.3819662839326104,0.3819662839326104,0.09322033898305085,0.4915254237288136,0.09322033898305085,0.4915254237288136,163.0,0.018518518518518517,0.018518518518518517,1.1601701816674865,122.0,0.008264462809917356,0.008264462809917356,1.1262808052879687,0.0
rwc/rwc_jazz_CD1_08/track.npy,rwc_jazz,0.5103734439834026,0.4397399660845056,0.48828281144438557,0.4640113887644456,0.025179856115107913,0.11870503597122302,0.12039312039312039,0.28746928746928746,0.43265306122448977,0.3673832900485749,0.4667334357079119,0.4170583628782434,0.03496503496503497,0.1958041958041958,0.03940886699507389,0.23645320197044334,283.0,0.0070921985815602835,0.031914893617021274,1.405342556090513,146.0,0.0,0.027586206896551724,2.101914397531898,0.0
rwc/rwc_jazz_CD2_04/track.npy,rwc_jazz,0.9143446852425181,0.7896472423202487,0.7896472423202487,0.7896472423202487,0.16535433070866143,0.7795275590551181,0.16535433070866143,0.7795275590551181,0.8775510204081632,0.7597389884908068,0.7597389884908068,0.7597389884908068,0.15057915057915058,0.7142857142857143,0.15057915057915058,0.7142857142857143,514.0,0.001949317738791423,0.001949317738791423,0.6931471805599454,262.0,0.0,0.0,1.099643253028164,0.0
rwc/rwc_jazz_CD3_04/track.npy,rwc_jazz,0.7865168539325843,0.7066118854012479,0.7066118854012479,0.7066118854012479,0.06483790523690773,0.4513715710723192,0.11755233494363929,0.4513715710723192,0.7606382978723404,0.6878235700984615,0.6878235700984615,0.6878235700984615,0.05,0.37272727272727274,0.05466237942122187,0.37272727272727274,408.0,0.0,0.012285012285012284,0.7472144018302717,225.0,0.0,0.008928571428571428,0.8946183959564594,0.0
rwc/rwc_jazz_CD3_06/track.npy,rwc_jazz,0.4028520499108734,0.35263532002477926,0.5916217940393549,0.4721285570320671,0.0,0.0,0.0067039106145251395,0.01675977653631285,0.47191011235955055,0.41036500207311594,0.6421452090903703,0.5262551055817432,0.0,0.0,0.0513595166163142,0.338368580060423,903.0,0.005543237250554324,0.007760532150776054,0.2876820724519289,337.0,0.005952380952380952,0.011904761904761904,0.7537718023762809,0.0
rwc/rwc_jazz_CD3_09/track.npy,rwc_jazz,0.7583187390542906,0.6530801190025767,0.6772286248609962,0.6651543719317865,0.05377906976744186,0.3372093023255814,0.05377906976744186,0.3958103638368247,0.7377938517179025,0.6343621311167029,0.6343621311167029,0.6343621311167029,0.046012269938650305,0.39570552147239263,0.046012269938650305,0.39570552147239263,691.0,0.005797101449275362,0.0782608695652174,0.749069117372091,328.0,0.0061162079510703364,0.04892966360856269,1.273891126220438,0.0
rwc/rwc_jazz_CD3_10/track.npy,rwc_jazz,0.8286852589641435,0.701444954009952,0.701444954009952,0.701444954009952,0.07142857142857142,0.5932944606413995,0.07142857142857142,0.5932944606413995,0.8622754491017964,0.7207944253479561,0.7207944253479561,0.7207944253479561,0.06985294117647059,0.6213235294117647,0.06985294117647059,0.6213235294117647,575.0,0.0017421602787456446,0.006968641114982578,0.7375989431307584,276.0,0.0,0.0,1.0986122886681096,0.0
rwc/rwc_jazz_CD4_07/track.npy,rwc_jazz,0.9773967264224473,0.7868779099680108,0.7868779099680108,0.7868779099680108,0.9595645412130638,0.9673405909797823,0.9595645412130638,0.9673405909797823,0.9298245614035088,0.7799116557567987,0.7799116557567987,0.7799116557567987,0.3388888888888889,0.8333333333333334,0.3388888888888889,0.8333333333333334,653.0,0.0015337423312883436,0.0015337423312883436,0.08004270767355781,185.0,0.005434782608695652,0.005434782608695652,1.0986122886681096,0.0
rwc/rwc_jazz_CD4_15/track.npy,rwc_jazz,0.9667221297836939,0.7792940543363808,0.7792940543363808,0.7792940543363808,0.1758957654723127,0.8941368078175895,0.1758957654723127,0.8941368078175895,0.7796610169491525,0.6573927422166209,0.6573927422166209,0.6573927422166209,0.12437810945273632,0.4975124378109453,0.12437810945273632,0.4975124378109453,596.0,0.0016806722689075631,0.008403361344537815,0.6931471805598706,205.0,0.004901960784313725,0.00980392156862745,1.314810806533043,0.0
rwc/rwc_popular_CD1_05/track.npy,rwc_popular,0.9678756476683938,0.907255988040339,0.907255988040339,0.907255988040339,0.7752577319587629,0.9463917525773196,0.7752577319587629,0.9463917525773196,0.8327137546468402,0.7946934423971102,0.7946934423971102,0.7946934423971102,0.1891891891891892,0.6351351351351351,0.1891891891891892,0.6351351351351351,492.0,0.002036659877800407,0.008146639511201629,0.13976194237516182,151.0,0.0,0.006666666666666667,1.3975939163738298,0.0
rwc/rwc_popular_CD1_11/track.npy,rwc_popular,0.9766233766233766,0.932199938853747,0.932199938853747,0.932199938853747,0.34704370179948585,0.9511568123393316,0.34704370179948585,0.9511568123393316,0.9023255813953489,0.8700144865018633,0.8700144865018633,0.8700144865018633,0.13559322033898305,0.652542372881356,0.13559322033898305,0.652542372881356,387.0,0.0,0.0025906735751295338,0.060624621816433445,120.0,0.0,0.0,0.7006943861953299,0.0
rwc/rwc_popular_CD2_01/track.npy,rwc_popular,0.9891304347826086,0.9487089780556428,0.9487089780556428,0.9487089780556428,0.7493261455525606,0.9649595687331537,0.7493261455525606,0.9649595687331537,0.9533678756476685,0.9288269099593327,0.9288269099593327,0.9288269099593327,0.25742574257425743,0.8415841584158416,0.25742574257425743,0.8415841584158416,379.0,0.0,0.0,0.06453852113760372,103.0,0.0,0.0,0.7094077014317259,0.0
rwc/rwc_popular_CD2_03/track.npy,rwc_popular,0.9975227085053675,0.9091409753151958,0.9091409753151958,0.9091409753151958,0.4801980198019802,0.9933993399339934,0.4801980198019802,0.9933993399339934,0.7988668555240794,0.7104577184355972,0.7167179772365616,0.7135878478360794,0.16831683168316833,0.44554455445544555,0.16831683168316833,0.44554455445544555,616.0,0.0032520325203252032,0.004878048780487805,0.0870113769896332,206.0,0.0,0.004878048780487805,0.7039580966641665,0.0
rwc/rwc_popular_CD3_09/track.npy,rwc_popular,0.9420142421159715,0.8544196542902781,0.8544196542902781,0.8544196542902781,0.134765625,0.775390625,0.134765625,0.775390625,0.9285714285714286,0.8147326937730598,0.8147326937730598,0.8147326937730598,0.1640625,0.7890625,0.1640625,0.7890625,489.0,0.014344262295081968,0.02459016393442623,0.6286086594224123,129.0,0.0,0.0,0.7049121633814153,0.0
rwc/rwc_popular_CD4_02/track.npy,rwc_popular,0.6666666666666667,0.5938740507814684,0.8022542624789522,0.6980641566302103,0.007132667617689016,0.02282453637660485,0.28169014084507044,0.856338028169014,0.6824324324324325,0.6185192391793924,0.6185192391793924,0.6185192391793924,0.08,0.28,0.08,0.28,364.0,0.005509641873278237,0.005509641873278237,0.7308875085427915,125.0,0.0,0.0,1.4053425560905837,0.0
rwc/rwc_popular_CD4_05/track.npy,rwc_popular,0.9889867841409692,0.9059102734748915,0.9059102734748915,0.9059102734748915,0.4955947136563877,0.9757709251101322,0.4955947136563877,0.9757709251101322,0.9282700421940928,0.8339159679238313,0.8339159679238313,0.8339159679238313,0.13008130081300814,0.8130081300813008,0.13008130081300814,0.8130081300813008,465.0,0.0021551724137931034,0.004310344827586207,0.08701137698964323,126.0,0.0,0.0,1.1284652518178029,0.0
rwc/rwc_popular_CD4_08/track.npy,rwc_popular,0.9973474801061007,0.8538707008829662,0.8538707008829662,0.8538707008829662,0.9947089947089947,0.9947089947089947,0.9947089947089947,0.9947089947089947,0.7611336032388665,0.6913572458875445,0.7841202547434233,0.737738750315484,0.032679738562091505,0.23529411764705882,0.19786096256684493,0.6149732620320856,385.0,0.0,0.0,0.050010420574651576,156.0,0.0,0.0,0.6993777303105846,0.0
rwc/rwc_popular_CD4_16/track.npy,rwc_popular,0.9924812030075189,0.9337060135744029,0.9337060135744029,0.9337060135744029,0.8115631691648822,0.9807280513918629,0.8115631691648822,0.9807280513918629,0.9747899159663865,0.907905363475104,0.907905363475104,0.907905363475104,0.7950819672131147,0.9180327868852459,0.7950819672131147,0.9180327868852459,477.0,0.0021008403361344537,0.0021008403361344537,0.06669137449868981,125.0,0.0,0.0,0.42931471792552095,0.0
rwc/rwc_popular_CD5_15/track.npy,rwc_popular,0.7895392278953923,0.7184725497690211,0.7184725497690211,0.7184725497690211,0.06521739130434782,0.6304347826086957,0.06521739130434782,0.6304347826086957,0.626865671641791,0.5486193962680487,0.5486193962680487,0.5486193962680487,0.03529411764705882,0.25882352941176473,0.03529411764705882,0.25882352941176473,422.0,0.0023752969121140144,0.0023752969121140144,0.7239188392267366,172.0,0.0,0.0,1.6931824352070097,0.0
rwc/rwc_popular_CD7_06/track.npy,rwc_popular,0.9871465295629819,0.9042187869640762,0.9042187869640762,0.9042187869640762,0.8404074702886248,0.9728353140916808,0.8404074702886248,0.9728353140916808,0.9666666666666666,0.8570700697257416,0.8570700697257416,0.8570700697257416,0.3333333333333333,0.9084967320261438,0.3333333333333333,0.9084967320261438,589.0,0.0,0.0017006802721088435,0.08701137698964323,156.0,0.0,0.0064516129032258064,0.4385840035537723,0.0
rwc/rwc_royalty-free_CD1_14/track.npy,rwc_royalty-free,0.7993079584775087,0.6941550179507805,0.727453682532457,0.7108043502416188,0.10404624277456648,0.34104046242774566,0.17672413793103448,0.49137931034482757,0.839378238341969,0.7154193483421499,0.7154193483421499,0.7154193483421499,0.11320754716981132,0.5660377358490566,0.11320754716981132,0.5660377358490566,240.0,0.0,0.0,0.6632942174103122,110.0,0.0,0.0,0.7081850579244855,0.0
tapcorrect/004_youtube_IwOfCgkyEj0/track.npy,tapcorrect,0.990376202974628,0.940764768618749,0.940764768618749,0.940764768618749,0.7204861111111112,0.9652777777777778,0.7204861111111112,0.9652777777777778,0.6845965770171148,0.6438010140480278,0.8960010758506545,0.7699010449493411,0.014925373134328358,0.05223880597014925,0.41637010676156583,0.896797153024911,583.0,0.0,0.0,0.06453852113760372,270.0,0.0,0.0,0.6850499703273196,0.0
tapcorrect/006_youtube_I3gHugP6bPE/track.npy,tapcorrect,0.9013398294762484,0.8306520815815737,0.8306520815815737,0.8306520815815737,0.31390134529147984,0.7107623318385651,0.31390134529147984,0.7107623318385651,0.9084249084249084,0.8328188123865973,0.8328188123865973,0.8328188123865973,0.22818791946308725,0.6644295302013423,0.22818791946308725,0.6644295302013423,381.0,0.0,0.002631578947368421,0.7465432116667057,127.0,0.0,0.0,0.6768866596881659,0.0
tapcorrect/010_youtube_80tX5MLX8QY/track.npy,tapcorrect,0.9735182849936947,0.8832173792103108,0.8832173792103108,0.8832173792103108,0.6180904522613065,0.9597989949748744,0.6180904522613065,0.9597989949748744,0.9473684210526316,0.8634548283037281,0.8634548283037281,0.8634548283037281,0.41284403669724773,0.8532110091743119,0.41284403669724773,0.8532110091743119,403.0,0.0,0.0024875621890547263,0.18924199963857125,112.0,0.0,0.0,0.6983115377523572,0.0
tapcorrect/012_youtube_Va0vs1fhhNI/track.npy,tapcorrect,0.6718506998444789,0.6248817398969309,0.9111770329315745,0.7680293864142527,0.0047169811320754715,0.01650943396226415,0.7368421052631579,0.954233409610984,0.5320197044334976,0.4925638691707764,0.777224292583471,0.6348940808771237,0.0,0.0,0.1476510067114094,0.4429530201342282,434.0,0.0,0.0,0.1541506798272968,153.0,0.0,0.0,0.7049816382069394,0.0
tapcorrect/024_youtube_S4X_l8PIobc/track.npy,tapcorrect,0.9376344086021505,0.8601352101001435,0.8601352101001435,0.8601352101001435,0.5493562231759657,0.8927038626609443,0.5493562231759657,0.8927038626609443,0.5903614457831325,0.5576227470829456,0.7414102275289911,0.6495164873059683,0.028037383177570093,0.1308411214953271,0.1111111111111111,0.48717948717948717,235.0,0.0,0.0,0.6034539165642772,109.0,0.0,0.0,0.7273580560689169,0.0
tapcorrect/029_youtube_41TNDPn9x2Y/track.npy,tapcorrect,0.8347529812606473,0.7741784323744085,0.7741784323744085,0.7741784323744085,0.3521594684385382,0.7475083056478405,0.3521594684385382,0.7475083056478405,0.6808510638297872,0.6445734167304544,0.6445734167304544,0.6445734167304544,0.09821428571428571,0.38392857142857145,0.12582781456953643,0.38392857142857145,286.0,0.0,0.0,0.9208628262292464,112.0,0.0,0.0,1.7691985800740861,0.0
tapcorrect/030_youtube_U8EDgciZZFc/track.npy,tapcorrect,0.8197945845004668,0.7418149584237851,0.7418149584237851,0.7418149584237851,0.26691042047531993,0.7385740402193784,0.26691042047531993,0.7385740402193784,0.564885496183206,0.5166171122217402,0.6978548735193808,0.6072359928705605,0.015625,0.06640625,0.16483516483516483,0.6446886446886447,526.0,0.007619047619047619,0.009523809523809525,1.138292178241523,258.0,0.0,0.0,1.104107015347812,0.0
tapcorrect/037_youtube_VYCOg-yglNM/track.npy,tapcorrect,0.8302583025830257,0.7434726128240953,0.7434726128240953,0.7434726128240953,0.044585987261146494,0.4840764331210191,0.044585987261146494,0.4840764331210191,0.7565543071161048,0.6944888088245806,0.7654946766778898,0.7299917427512352,0.08024691358024691,0.2839506172839506,0.14832535885167464,0.5263157894736842,462.0,0.0,0.0,0.7576857016975963,166.0,0.0,0.0,0.7252354951114431,0.0
tapcorrect/045_youtube_SYUgGs9IStY/track.npy,tapcorrect,0.9015748031496064,0.8201344377306996,0.8201344377306996,0.8201344377306996,0.2007168458781362,0.6379928315412187,0.2007168458781362,0.6379928315412187,0.6206896551724138,0.584549280435643,0.7994640558042561,0.6920066681199495,0.008333333333333333,0.016666666666666666,0.25,0.7166666666666667,283.0,0.0,0.0,0.6931471805599115,121.0,0.0,0.0,1.1331934299355535,0.0
tapcorrect/053_youtube_yuxchcK5Gek/track.npy,tapcorrect,0.9989764585465711,0.8994906297498775,0.8994906297498775,0.8994906297498775,0.9979550102249489,0.9979550102249489,0.9979550102249489,0.9979550102249489,0.9348659003831418,0.848788054406137,0.848788054406137,0.848788054406137,0.19424460431654678,0.7553956834532374,0.19424460431654678,0.7553956834532374,498.0,0.0,0.0,0.08004270767346344,142.0,0.0,0.0,0.6931471805599732,0.0
tapcorrect/066_youtube_H4BB9eGUEaE/track.npy,tapcorrect,0.892018779342723,0.8206855534765928,0.8206855534765928,0.8206855534765928,0.6857142857142857,0.7857142857142857,0.6857142857142857,0.7857142857142857,0.6919431279620852,0.6340416292112789,0.7779018878862514,0.7059717585487651,0.021897810218978103,0.15328467153284672,0.19047619047619047,0.6394557823129252,351.0,0.05142857142857143,0.05714285714285714,1.2527629684956316,138.0,0.014598540145985401,0.014598540145985401,1.3984384826202114,0.0
tapcorrect/069_youtube_8kl6q_9qZOs/track.npy,tapcorrect,0.9506329113924051,0.8207670896357536,0.8207670896357536,0.8207670896357536,0.8536880290205562,0.9020556227327691,0.8536880290205562,0.9020556227327691,0.8744186046511627,0.7315205654713515,0.7315205654713515,0.7315205654713515,0.21991701244813278,0.6929460580912863,0.21991701244813278,0.6929460580912863,827.0,0.015738498789346248,0.025423728813559324,0.24568025288775916,241.0,0.0,0.008333333333333333,0.838760477170965,0.0
tapcorrect/087_youtube_ej93qIAlhXs/track.npy,tapcorrect,0.9992156862745099,0.9426870147268,0.9426870147268,0.9426870147268,0.9984326018808778,0.9984326018808778,0.9984326018808778,0.9984326018808778,0.9906542056074767,0.9341116830011688,0.9341116830011688,0.9341116830011688,0.4012345679012346,0.9691358024691358,0.4012345679012346,0.9691358024691358,649.0,0.0,0.0,0.09097177820573135,165.0,0.0,0.0,0.022989518224709928,0.0
tapcorrect/093_youtube_C1lbOgBtE3w/track.npy,tapcorrect,0.9620563035495715,0.8786849930107724,0.8786849930107724,0.8786849930107724,0.6096385542168675,0.908433734939759,0.6096385542168675,0.908433734939759,0.6864686468646866,0.6297151948555504,0.8785612638517858,0.754138229353668,0.005025125628140704,0.05025125628140704,0.2222222222222222,0.8888888888888888,403.0,0.0,0.0,0.648695417989136,200.0,0.0,0.0,0.704708002960998,0.0
tapcorrect/097_youtube_Nco69szMp0Y/track.npy,tapcorrect,0.8918205804749341,0.7925909094391572,0.7925909094391572,0.7925909094391572,0.14805194805194805,0.8025974025974026,0.14805194805194805,0.8025974025974026,0.615916955017301,0.5638956082273732,0.7054029277524437,0.6346492679899085,0.010256410256410256,0.05128205128205128,0.14358974358974358,0.6820512820512821,385.0,0.005208333333333333,0.005208333333333333,0.7196178641929047,195.0,0.005154639175257732,0.005154639175257732,0.9351494432444456,0.0
