piece,dataset,beat_fmeasure,beat_cemgil,beat_cemgil_max,beat_cemgil_bt_legacy,beat_cmlc,beat_cmlt,beat_amlc,beat_amlt,downbeat_fmeasure,downbeat_cemgil,downbeat_cemgil_max,downbeat_cemgil_bt_legacy,downbeat_cmlc,downbeat_cmlt,downbeat_amlc,downbeat_amlt,beat_diag_count,beat_diag_ibi_lt_140ms,beat_diag_ibi_lt_200ms,beat_diag_log_ibi_jump_p95,downbeat_diag_count,downbeat_diag_ibi_lt_140ms,downbeat_diag_ibi_lt_200ms,downbeat_diag_log_ibi_jump_p95,downbeats_off_beat
gtzan/gtzan_blues_00000/track.npy,gtzan,0.9811320754716981,0.820890887776135,0.820890887776135,0.820890887776135,0.9811320754716981,0.9811320754716981,0.9811320754716981,0.9811320754716981,0.07142857142857142,0.0645505055623713,0.7504717335153118,0.40751111953884156,0.0,0.0,0.9285714285714286,0.9285714285714286,63.0,0.0,0.0,0.021053409197835604,18.0,0.0,0.0,0.18509806286609043,0.0
gtzan/gtzan_blues_00001/track.npy,gtzan,0.7000000000000001,0.6665919916341896,0.6665919916341896,0.6665919916341896,0.21153846153846154,0.2692307692307692,0.21153846153846154,0.2692307692307692,0.5833333333333334,0.5575533469440462,0.6987112077421324,0.6281322773430893,0.0,0.0,0.35294117647058826,0.35294117647058826,62.0,0.0,0.0,1.0772630756086505,23.0,0.0,0.0,1.098612288668109,0.0
gtzan/gtzan_blues_00002/track.npy,gtzan,0.9923664122137404,0.9311813051135537,0.9311813051135537,0.9311813051135537,0.9848484848484849,0.9848484848484849,0.9848484848484849,0.9848484848484849,0.9696969696969697,0.9239004193937427,0.9239004193937427,0.9239004193937427,0.9411764705882353,0.9411764705882353,0.9411764705882353,0.9411764705882353,79.0,0.0,0.0,0.026668247082174967,21.0,0.0,0.0,0.37095547486870023,0.0
gtzan/gtzan_blues_00003/track.npy,gtzan,0.5,0.4629712400876542,0.4629712400876542,0.4629712400876542,0.0,0.0,0.0,0.0,0.42857142857142855,0.39744805142136685,0.5797793160186792,0.488613683720023,0.0,0.0,0.045454545454545456,0.13636363636363635,94.0,0.0,0.0,0.0953101798043334,26.0,0.0,0.0,0.6983965364460898,0.0
gtzan/gtzan_blues_00004/track.npy,gtzan,0.9464285714285714,0.8055586143460249,0.8055586143460249,0.8055586143460249,1.0,1.0,1.0,1.0,0.45161290322580644,0.3828366263694038,0.3828366263694038,0.3828366263694038,0.29411764705882354,0.35294117647058826,0.29411764705882354,0.35294117647058826,67.0,0.0,0.0,0.04005598122708012,20.0,0.0,0.0,1.3953121934593735,0.0
gtzan/gtzan_blues_00005/track.npy,gtzan,0.896551724137931,0.7409413794186644,0.7409413794186644,0.7409413794186644,1.0,1.0,1.0,1.0,0.19047619047619047,0.18705885466039124,0.21393246706471603,0.20049566086255363,0.0,0.0,0.14285714285714285,0.14285714285714285,35.0,0.0,0.0,0.03405656039686203,15.0,0.0,0.0,1.224216673329029,0.0
gtzan/gtzan_blues_00006/track.npy,gtzan,0.9032258064516129,0.7240762071326109,0.7240762071326109,0.7240762071326109,0.6129032258064516,0.967741935483871,0.6129032258064516,0.967741935483871,0.25806451612903225,0.17030421387371497,0.3403342616377567,0.25531923775573584,0.0,0.0,0.08695652173913043,0.17391304347826086,37.0,0.0,0.0,0.05364682873436876,28.0,0.0,0.0,0.7305859201279126,0.0
gtzan/gtzan_blues_00007/track.npy,gtzan,1.0,0.9057539185775253,0.9057539185775253,0.9057539185775253,1.0,1.0,1.0,1.0,0.42857142857142855,0.36254616557629166,0.36254616557629166,0.36254616557629166,0.0,0.0,0.0,0.0,47.0,0.0,0.0,0.06062462181643815,26.0,0.0,0.0,1.321996619246036,0.0
gtzan/gtzan_blues_00008/track.npy,gtzan,0.9859154929577465,0.7684905085047189,0.7684905085047189,0.7684905085047189,0.971830985915493,0.971830985915493,0.971830985915493,0.971830985915493,0.6,0.45727428090460537,0.735296284472088,0.5962852826883467,0.0,0.0,0.6666666666666666,0.9090909090909091,85.0,0.0,0.0,0.028170876966701064,40.0,0.0,0.0,0.6812588748814187,0.0
gtzan/gtzan_blues_00009/track.npy,gtzan,0.7647058823529412,0.58946947704346,0.58946947704346,0.58946947704346,0.9428571428571428,0.9428571428571428,0.9428571428571428,0.9428571428571428,0.33333333333333337,0.23111952538821035,0.3230672467943366,0.2770933860912735,0.06666666666666667,0.13333333333333333,0.11764705882352941,0.13333333333333333,42.0,0.0,0.0,0.0715160540855194,20.0,0.0,0.0,1.3825574198480637,0.0
gtzan/gtzan_blues_00010/track.npy,gtzan,0.6732673267326732,0.6199216873375105,0.9254832895410001,0.7727024884392553,0.0,0.0,1.0,1.0,0.11764705882352941,0.10419286602516628,0.10419286602516628,0.10419286602516628,0.0,0.0,0.0,0.0,80.0,0.0,0.0,0.05406722127028396,28.0,0.0,0.0,1.31160674997562,0.0
gtzan/gtzan_blues_00011/track.npy,gtzan,0.5106382978723404,0.4845264138654457,0.4845264138654457,0.4845264138654457,0.0,0.0,0.0,0.0,0.6666666666666666,0.6331941151677116,0.9339772895888971,0.7835857023783044,0.0,0.0,0.9583333333333334,0.9583333333333334,84.0,0.0,0.0,0.057158413839947464,28.0,0.0,0.0,0.01869213301215547,0.0
gtzan/gtzan_blues_00012/track.npy,gtzan,0.8461538461538461,0.7813767914527678,0.7813767914527678,0.7813767914527678,0.8205128205128205,0.9743589743589743,0.8205128205128205,0.9743589743589743,0.64,0.5947280287963241,0.5947280287963241,0.5947280287963241,0.4,0.4,0.4,0.4,47.0,0.0,0.0,0.03174869831458238,17.0,0.0,0.0,1.210204428512357,0.0
gtzan/gtzan_blues_00013/track.npy,gtzan,0.5467625899280576,0.47891582104936314,0.722156577382012,0.6005361992156876,0.0,0.0,0.5851063829787234,0.723404255319149,0.06557377049180327,0.06467812833344917,0.13146041311177725,0.0980692707226132,0.0,0.0,0.0,0.0,112.0,0.0,0.05405405405405406,0.17545119433511133,58.0,0.0,0.03508771929824561,1.415364111355247,0.0
gtzan/gtzan_blues_00014/track.npy,gtzan,0.9428571428571428,0.7683689492150172,0.7683689492150172,0.7683689492150172,0.9714285714285714,0.9714285714285714,0.9714285714285714,0.9714285714285714,0.31999999999999995,0.24043614031734484,0.400982118609943,0.32070912946364394,0.058823529411764705,0.058823529411764705,0.17647058823529413,0.29411764705882354,42.0,0.0,0.0,0.05884050002293352,21.0,0.0,0.0,1.138786172112463,0.0
gtzan/gtzan_blues_00015/track.npy,gtzan,0.9024390243902439,0.7803721762236662,0.7803721762236662,0.7803721762236662,0.6829268292682927,0.9512195121951219,0.6829268292682927,0.9512195121951219,0.36363636363636365,0.3493386451226936,0.3493386451226936,0.3493386451226936,0.2727272727272727,0.2727272727272727,0.2727272727272727,0.2727272727272727,49.0,0.0,0.0,0.03333642026759211,14.0,0.0,0.0,1.2128963265929222,0.0
gtzan/gtzan_blues_00016/track.npy,gtzan,0.6719999999999999,0.5475801992424095,0.8139025751088051,0.6807413871756074,0.0,0.0,0.6506024096385542,0.9036144578313253,0.5714285714285715,0.4717938701855594,0.7430930414078655,0.6074434557967124,0.0,0.0,0.44,0.6,100.0,0.0,0.0,0.0648614491417389,33.0,0.0,0.0,1.394593163934587,0.0
gtzan/gtzan_blues_00017/track.npy,gtzan,1.0,0.7850503241898737,0.7850503241898737,0.7850503241898737,0.6338028169014085,0.9859154929577465,0.6338028169014085,0.9859154929577465,0.08888888888888888,0.08455368261323669,0.09353707452164194,0.08904537856743931,0.0,0.0,0.0,0.0,85.0,0.0,0.0,0.06044620963708352,30.0,0.0,0.0,0.6931471805599504,0.0
gtzan/gtzan_blues_00018/track.npy,gtzan,0.9275362318840579,0.728441497472274,0.728441497472274,0.728441497472274,0.9714285714285714,0.9714285714285714,0.9714285714285714,0.9714285714285714,0.761904761904762,0.6140238645319798,0.6140238645319798,0.6140238645319798,0.4166666666666667,0.4166666666666667,0.4166666666666667,0.4166666666666667,42.0,0.0,0.0,0.05639003357832514,16.0,0.0,0.0,1.1363728066006464,0.0
gtzan/gtzan_blues_00019/track.npy,gtzan,0.5935483870967742,0.5107597690227128,0.7658714194347369,0.6383155942287249,0.0,0.0,0.6538461538461539,0.8461538461538461,0.0,1.0340816437227436e-05,8.542718193323595e-05,4.7883999185231694e-05,0.0,0.0,0.05714285714285714,0.05714285714285714,125.0,0.0,0.0,0.08304771881249907,46.0,0.0,0.0,1.1486792728760604,0.0
gtzan/gtzan_blues_00020/track.npy,gtzan,0.5759162303664921,0.472481438202754,0.7210677636179177,0.5967746009103359,0.0,0.0,0.23880597014925373,0.5074626865671642,0.09523809523809523,0.06990807534716191,0.09118967335116113,0.08054887434916153,0.0,0.0,0.0,0.0,175.0,0.3448275862068966,0.4827586206896552,0.6931471805599443,64.0,0.047619047619047616,0.07936507936507936,1.3633048428951955,0.0
gtzan/gtzan_blues_00021/track.npy,gtzan,1.0,0.7465815617020564,0.7465815617020564,0.7465815617020564,1.0,1.0,1.0,1.0,1.0,0.7853991360665223,0.7853991360665223,0.7853991360665223,1.0,1.0,1.0,1.0,50.0,0.0,0.0,0.03390155167568054,13.0,0.0,0.0,0.019073921278566275,0.0
gtzan/gtzan_blues_00022/track.npy,gtzan,1.0,0.8363851848178755,0.8363851848178755,0.8363851848178755,1.0,1.0,1.0,1.0,0.9565217391304348,0.7737665954558323,0.7737665954558323,0.7737665954558323,0.5833333333333334,0.8333333333333334,0.5833333333333334,0.8333333333333334,49.0,0.0,0.0,0.03317244103420959,14.0,0.0,0.0,1.2219239059424396,0.0
gtzan/gtzan_blues_00023/track.npy,gtzan,0.45614035087719296,0.3628562008459529,0.4345791452066597,0.3987176730263063,0.1506849315068493,0.1506849315068493,0.1728395061728395,0.345679012345679,0.14285714285714285,0.13504737297983307,0.13504737297983307,0.13504737297983307,0.03125,0.03125,0.09375,0.09375,81.0,0.0125,0.0125,0.1335313926245194,35.0,0.0,0.0,1.0833765103804154,0.0
gtzan/gtzan_blues_00024/track.npy,gtzan,0.9772727272727273,0.7096912391211826,0.7096912391211826,0.7096912391211826,0.9333333333333333,0.9333333333333333,0.9333333333333333,0.9333333333333333,0.9767441860465117,0.719431567265497,0.719431567265497,0.719431567265497,0.9545454545454546,0.9545454545454546,0.9545454545454546,0.9545454545454546,54.0,0.0,0.0,0.03509131981126945,27.0,0.0,0.0,0.025623181108146657,0.0
gtzan/gtzan_blues_00025/track.npy,gtzan,0.6274509803921569,0.4436839180276926,0.511871362771891,0.4777776403997918,0.24193548387096775,0.25806451612903225,0.24193548387096775,0.35443037974683544,0.0,0.004078238908083719,0.11882327178638695,0.061450755347235334,0.0,0.0,0.0,0.0,76.0,0.0,0.0,0.6845128350460139,24.0,0.0,0.0,1.9595694426125796,0.0
gtzan/gtzan_blues_00026/track.npy,gtzan,0.9411764705882354,0.8350485449246529,0.8350485449246529,0.8350485449246529,0.7142857142857143,0.9142857142857143,0.7142857142857143,0.9142857142857143,0.11764705882352941,0.11633094642485087,0.15212508378634343,0.13422801510559715,0.0,0.0,0.0,0.0,42.0,0.0,0.0,0.38983641260759233,12.0,0.0,0.0,1.524573126305872,0.0
gtzan/gtzan_blues_00027/track.npy,gtzan,0.5822784810126582,0.42492471281365235,0.42492471281365235,0.42492471281365235,0.65,0.8,0.65,0.8,0.09523809523809525,0.0309846583787779,0.0309846583787779,0.0309846583787779,0.09090909090909091,0.09090909090909091,0.15789473684210525,0.15789473684210525,48.0,0.0,0.0,0.06453852113756686,13.0,0.0,0.0,0.6603643498436886,0.0
gtzan/gtzan_blues_00028/track.npy,gtzan,0.6615384615384615,0.5742261736244452,0.8640954553822616,0.7191608145033535,0.0,0.0,0.735632183908046,0.9655172413793104,1.0,0.8833018133658525,0.8833018133658525,0.8833018133658525,1.0,1.0,1.0,1.0,104.0,0.0,0.0,0.06899287148695135,26.0,0.0,0.0,0.017241806434508386,0.0
gtzan/gtzan_blues_00029/track.npy,gtzan,0.6290322580645162,0.48686696924470113,0.5420840130552353,0.5144754911499683,0.20833333333333334,0.2916666666666667,0.20833333333333334,0.2916666666666667,0.13793103448275862,0.12242553845180462,0.12242553845180462,0.12242553845180462,0.125,0.125,0.125,0.125,93.0,0.0,0.010869565217391304,0.18232155679395579,22.0,0.0,0.0,2.102635570573501,0.0
gtzan/gtzan_blues_00030/track.npy,gtzan,0.0,3.007210370194422e-05,0.35594081767543956,0.17798544488957074,0.0,0.0,0.4782608695652174,0.8695652173913043,0.0,1.7951691397427803e-05,1.9869049763684383e-05,1.8910370580556093e-05,1.0,1.0,1.0,1.0,55.0,0.0,0.0,0.03774032798284632,14.0,0.0,0.0,0.034137259642232735,0.0
gtzan/gtzan_blues_00031/track.npy,gtzan,0.4742268041237114,0.4423497099604672,0.4423497099604672,0.4423497099604672,0.5306122448979592,0.5510204081632653,0.5306122448979592,0.5510204081632653,0.0,7.115368803158873e-11,9.249979443853917e-11,8.182674123506395e-11,0.0,0.0,0.14285714285714285,0.14285714285714285,58.0,0.0,0.0,0.07696104113612678,18.0,0.0,0.0,0.7388090987280035,0.0
gtzan/gtzan_blues_00032/track.npy,gtzan,0.32653061224489793,0.2848176480072639,0.2848176480072639,0.2848176480072639,0.038461538461538464,0.1346153846153846,0.043478260869565216,0.1346153846153846,0.0625,0.04081815727429821,0.16653030924684384,0.10367423326057103,0.0,0.0,0.08,0.12,54.0,0.0,0.018867924528301886,0.6983495506404195,20.0,0.0,0.0,1.8424636862284391,0.0
gtzan/gtzan_blues_00033/track.npy,gtzan,0.6122448979591837,0.43549369953498496,0.6466421599155776,0.5410679297252813,0.0,0.0,1.0,1.0,0.5833333333333334,0.4427259536426431,0.5437272471525437,0.4932266003975934,0.0625,0.0625,0.875,0.875,39.0,0.0,0.0,0.02869808921793954,11.0,0.0,0.0,0.711991346584642,0.0
gtzan/gtzan_blues_00034/track.npy,gtzan,0.9620253164556962,0.7337105234380674,0.7337105234380674,0.7337105234380674,0.95,0.95,0.95,0.95,0.5,0.39244755444713736,0.6466033300789958,0.5195254422630666,0.0,0.0,0.631578947368421,0.7894736842105263,47.0,0.0,0.0,0.031156366536629697,21.0,0.0,0.0,0.7206918727003621,0.0
gtzan/gtzan_blues_00035/track.npy,gtzan,0.9433962264150944,0.6896469598126888,0.6896469598126888,0.6896469598126888,0.5818181818181818,0.8545454545454545,0.5818181818181818,0.8545454545454545,0.39999999999999997,0.2994937671917658,0.5606520593916154,0.4300729132916906,0.1875,0.1875,0.4375,0.5,73.0,0.0,0.0,0.16705408466316818,20.0,0.0,0.0,0.9233917520850534,0.0
gtzan/gtzan_blues_00036/track.npy,gtzan,0.0,0.0009408045581532665,0.5812921612136496,0.2911164828859014,0.0,0.0,0.7916666666666666,0.7916666666666666,0.0,0.0010270760853620868,0.0013155219820519223,0.0011712990337070044,0.4375,0.5,0.4375,0.5,61.0,0.0,0.0,0.19671746136982443,21.0,0.0,0.0,1.983106168000506,0.0
gtzan/gtzan_blues_00037/track.npy,gtzan,0.8888888888888888,0.7132560048993363,0.7132560048993363,0.7132560048993363,0.96875,0.96875,0.96875,0.96875,0.4,0.3413216723651596,0.5484809582780176,0.4449013153215886,0.0,0.0,0.26666666666666666,0.4666666666666667,39.0,0.0,0.0,0.15036981086859078,15.0,0.0,0.0,1.0658946874582163,0.0
gtzan/gtzan_blues_00038/track.npy,gtzan,0.396039603960396,0.31422454259988397,0.31422454259988397,0.31422454259988397,0.0,0.0,0.0,0.0,0.0,3.675351301447077e-05,0.11161170180580733,0.0558242276594109,0.0,0.0,0.0,0.0,76.0,0.0,0.0,0.3344938189361458,30.0,0.0,0.0,1.3362796525416496,0.0
gtzan/gtzan_blues_00039/track.npy,gtzan,0.9791666666666666,0.8677372484973039,0.8677372484973039,0.8677372484973039,1.0,1.0,1.0,1.0,0.9696969696969697,0.8487604672193289,0.8487604672193289,0.8487604672193289,0.8823529411764706,0.8823529411764706,0.8823529411764706,0.8823529411764706,58.0,0.0,0.0,0.05692295510598505,21.0,0.0,0.0,0.42833165486179847,0.0
gtzan/gtzan_blues_00040/track.npy,gtzan,0.9859154929577464,0.9523566932022308,0.9523566932022308,0.9523566932022308,0.9722222222222222,0.9722222222222222,0.9722222222222222,0.9722222222222222,0.8181818181818181,0.7865229166116496,0.8253230905488725,0.8059230035802611,0.2692307692307692,0.34615384615384615,0.3142857142857143,0.4857142857142857,87.0,0.0,0.0,0.057158413839947464,33.0,0.0,0.0,0.7003160384311232,0.0
gtzan/gtzan_blues_00041/track.npy,gtzan,0.9906542056074767,0.9006476626213613,0.9006476626213613,0.9006476626213613,0.9814814814814815,0.9814814814814815,0.9814814814814815,0.9814814814814815,0.7428571428571429,0.6801612264350426,0.7873121262583161,0.7337366763466794,0.09090909090909091,0.2727272727272727,0.24,0.56,64.0,0.0,0.0,0.04343883706368746,25.0,0.0,0.0,0.7138472578160985,0.0
gtzan/gtzan_blues_00042/track.npy,gtzan,0.4600000000000001,0.396344345753722,0.396344345753722,0.396344345753722,0.0,0.0,0.0,0.0,0.631578947368421,0.49294431867234545,0.7008834350779637,0.5969138768751545,0.0,0.0,0.8461538461538461,0.8461538461538461,90.0,0.0,0.0,0.06062462181645143,15.0,0.0,0.0,0.026683941698175465,0.0
gtzan/gtzan_blues_00043/track.npy,gtzan,0.9906542056074767,0.9198459989183151,0.9198459989183151,0.9198459989183151,0.9814814814814815,0.9814814814814815,0.9814814814814815,0.9814814814814815,1.0,0.9491738206962265,0.9491738206962265,0.9491738206962265,1.0,1.0,1.0,1.0,65.0,0.0,0.0,0.04255961441879667,16.0,0.0,0.0,0.02000387206264235,0.0
gtzan/gtzan_blues_00044/track.npy,gtzan,1.0,0.8087076756986371,0.8087076756986371,0.8087076756986371,0.8809523809523809,0.9404761904761905,0.8809523809523809,0.9404761904761905,0.3829787234042554,0.34046129683967974,0.34046129683967974,0.34046129683967974,0.0,0.0,0.038461538461538464,0.07692307692307693,102.0,0.0,0.0,0.0689928714869561,32.0,0.0,0.0,1.3710386628658322,0.0
gtzan/gtzan_blues_00045/track.npy,gtzan,0.6666666666666666,0.6325807696341367,0.9488704039119619,0.7907255867730493,0.0,0.0,1.0,1.0,0.6666666666666666,0.6382788494478354,0.9574182741717532,0.7978485618097944,0.0,0.0,1.0,1.0,66.0,0.0,0.0,0.04416794034802719,19.0,0.0,0.0,1.1117899033403822,0.0
gtzan/gtzan_blues_00046/track.npy,gtzan,1.0,0.9485179483990724,0.9485179483990724,0.9485179483990724,1.0,1.0,1.0,1.0,1.0,0.9315227613014421,0.9315227613014421,0.9315227613014421,1.0,1.0,1.0,1.0,61.0,0.0,0.0,0.04082199452025499,15.0,0.0,0.0,0.020202707317519407,0.0
gtzan/gtzan_blues_00047/track.npy,gtzan,1.0,0.8632846766058515,0.8632846766058515,0.8632846766058515,1.0,1.0,1.0,1.0,1.0,0.8678544035412279,0.8678544035412279,0.8678544035412279,1.0,1.0,1.0,1.0,76.0,0.0,0.0,0.05129329438755059,26.0,0.0,0.0,0.03183636566501145,0.0
gtzan/gtzan_blues_00048/track.npy,gtzan,1.0,0.7823160900864498,0.7823160900864498,0.7823160900864498,1.0,1.0,1.0,1.0,1.0,0.8026392578528847,0.8026392578528847,0.8026392578528847,1.0,1.0,1.0,1.0,61.0,0.0,0.0,0.04082199452025426,16.0,0.0,0.0,0.26518442968449785,0.0
gtzan/gtzan_blues_00049/track.npy,gtzan,0.8846153846153846,0.736292117217012,0.736292117217012,0.736292117217012,1.0,1.0,1.0,1.0,0.8571428571428571,0.7628665867506904,0.7628665867506904,0.7628665867506904,1.0,1.0,1.0,1.0,31.0,0.0,0.0,0.04167269640056899,8.0,0.0,0.0,0.04328776575577853,0.0
gtzan/gtzan_blues_00050/track.npy,gtzan,1.0,0.7719669553200909,0.7719669553200909,0.7719669553200909,1.0,1.0,1.0,1.0,1.0,0.7754090636615841,0.7754090636615841,0.7754090636615841,1.0,1.0,1.0,1.0,68.0,0.0,0.0,0.023530497410196693,17.0,0.0,0.0,0.017321570790603858,0.0
gtzan/gtzan_blues_00051/track.npy,gtzan,0.9878048780487805,0.9393024189639801,0.9393024189639801,0.9393024189639801,0.9518072289156626,0.9518072289156626,0.9518072289156626,0.9518072289156626,0.9500000000000001,0.9093549525699341,0.9093549525699341,0.9093549525699341,0.95,0.95,0.95,0.95,99.0,0.0,0.0,0.06453852113756975,24.0,0.0,0.0,0.016529301951210145,0.0
gtzan/gtzan_blues_00052/track.npy,gtzan,0.5,0.4388183690846116,0.4388183690846116,0.4388183690846116,0.0,0.0,0.0,0.0,0.3846153846153846,0.3508375120544599,0.5530510923181943,0.4519443021863271,0.0,0.0,0.0,0.0,75.0,0.0,0.0,0.05129329438754948,25.0,0.0,0.0,0.04123263821189398,0.0
gtzan/gtzan_blues_00053/track.npy,gtzan,1.0,0.902912976581368,0.902912976581368,0.902912976581368,1.0,1.0,1.0,1.0,1.0,0.8805631438617585,0.8805631438617585,0.8805631438617585,1.0,1.0,1.0,1.0,51.0,0.0,0.0,0.03390155167568665,12.0,0.0,0.0,0.02242738827999575,0.0
gtzan/gtzan_blues_00054/track.npy,gtzan,1.0,0.8974708562592313,0.8974708562592313,0.8974708562592313,0.9868421052631579,0.9868421052631579,0.9868421052631579,0.9868421052631579,1.0,0.8939077460796279,0.8939077460796279,0.8939077460796279,1.0,1.0,1.0,1.0,91.0,0.0,0.0,0.06062462181643702,22.0,0.0,0.0,0.015043573747343475,0.0
gtzan/gtzan_blues_00055/track.npy,gtzan,0.9636363636363636,0.7777689490592791,0.7777689490592791,0.7777689490592791,0.6181818181818182,0.9818181818181818,0.6181818181818182,0.9818181818181818,0.5,0.39871812149179736,0.6321212716515465,0.515419696571672,0.15789473684210525,0.15789473684210525,0.24,0.44,67.0,0.0,0.0,0.04348511193974249,22.0,0.0,0.0,0.7107200650687816,0.0
gtzan/gtzan_blues_00056/track.npy,gtzan,0.5111111111111112,0.4460977557062223,0.4460977557062223,0.4460977557062223,0.0,0.0,0.0,0.0,0.625,0.5730210845554197,0.8564992256928079,0.7147601551241138,0.0,0.0,0.8181818181818182,0.8181818181818182,81.0,0.0,0.0,0.05406722127028396,13.0,0.0,0.0,0.03131276776100167,0.0
gtzan/gtzan_blues_00057/track.npy,gtzan,1.0,0.9547067206646909,0.9547067206646909,0.9547067206646909,1.0,1.0,1.0,1.0,1.0,0.9431529738628092,0.9431529738628092,0.9431529738628092,1.0,1.0,1.0,1.0,93.0,0.0,0.0,0.06062462181643369,23.0,0.0,0.0,0.03802739558923979,0.0
gtzan/gtzan_blues_00058/track.npy,gtzan,1.0,0.9621053820053976,0.9621053820053976,0.9621053820053976,1.0,1.0,1.0,1.0,1.0,0.9385689822413663,0.9385689822413663,0.9385689822413663,1.0,1.0,1.0,1.0,53.0,0.0,0.0,0.03448617607116855,13.0,0.0,0.0,0.024254604383677603,0.0
gtzan/gtzan_blues_00059/track.npy,gtzan,1.0,0.9145224638055288,0.9145224638055288,0.9145224638055288,1.0,1.0,1.0,1.0,1.0,0.8812575762329758,0.8812575762329758,0.8812575762329758,1.0,1.0,1.0,1.0,54.0,0.0,0.0,0.03636764417087406,14.0,0.0,0.0,0.02221822057543303,0.0
gtzan/gtzan_blues_00060/track.npy,gtzan,0.9919999999999999,0.7952355454540513,0.7952355454540513,0.7952355454540513,0.9841269841269841,0.9841269841269841,0.9841269841269841,0.9841269841269841,0.967741935483871,0.7559580434973023,0.7559580434973023,0.7559580434973023,0.9375,0.9375,0.9375,0.9375,75.0,0.0,0.0,0.04879016416943349,19.0,0.0,0.0,0.018715572801220957,0.0
gtzan/gtzan_blues_00061/track.npy,gtzan,1.0,0.9597645383843874,0.9597645383843874,0.9597645383843874,1.0,1.0,1.0,1.0,0.896551724137931,0.8455202411213847,0.8455202411213847,0.8455202411213847,0.8,0.8,0.8,0.8,66.0,0.0,0.0,0.04348511193974501,18.0,0.0,0.0,0.1953567820701801,0.0
gtzan/gtzan_blues_00062/track.npy,gtzan,1.0,0.9619621340894289,0.9619621340894289,0.9619621340894289,1.0,1.0,1.0,1.0,0.0,1.654846704771253e-145,0.9053914142709661,0.45269570713548307,0.0,0.0,0.9166666666666666,0.9166666666666666,57.0,0.0,0.0,0.03774032798285054,14.0,0.0,0.0,0.016215787443400347,0.0
gtzan/gtzan_blues_00063/track.npy,gtzan,1.0,0.9028776641889321,0.9028776641889321,0.9028776641889321,1.0,1.0,1.0,1.0,0.0,5.245261188501444e-230,0.8280518240216579,0.41402591201082894,0.0,0.0,0.8,0.8,46.0,0.0,0.0,0.030701712291039317,12.0,0.0,0.0,0.007591636875675834,0.0
gtzan/gtzan_blues_00064/track.npy,gtzan,1.0,0.9367071719503175,0.9367071719503175,0.9367071719503175,1.0,1.0,1.0,1.0,0.22222222222222224,0.21032332893497516,0.7688628771154675,0.48959310302522135,0.0,0.0,0.55,0.55,78.0,0.0,0.0,0.051293294387558364,27.0,0.0,0.0,0.025975486403261278,0.0
gtzan/gtzan_blues_00065/track.npy,gtzan,1.0,0.9455379604555008,0.9455379604555008,0.9455379604555008,1.0,1.0,1.0,1.0,1.0,0.919018807508183,0.919018807508183,0.919018807508183,1.0,1.0,1.0,1.0,54.0,0.0,0.0,0.018018505502687576,14.0,0.0,0.0,0.01102249612008075,0.0
gtzan/gtzan_blues_00066/track.npy,gtzan,1.0,0.8800311105011129,0.8800311105011129,0.8800311105011129,1.0,1.0,1.0,1.0,1.0,0.8843404932232339,0.8843404932232339,0.8843404932232339,1.0,1.0,1.0,1.0,82.0,0.0,0.0,0.054067221270274746,21.0,0.0,0.0,0.013793322132335773,0.0
gtzan/gtzan_blues_00067/track.npy,gtzan,1.0,0.9256988773226421,0.9256988773226421,0.9256988773226421,1.0,1.0,1.0,1.0,0.0,3.2239180667543136e-71,0.9000458768251564,0.4500229384125782,0.0,0.0,0.9411764705882353,0.9411764705882353,81.0,0.0,0.0,0.0540672212702771,21.0,0.0,0.0,0.02100858305220512,0.0
gtzan/gtzan_blues_00068/track.npy,gtzan,1.0,0.9563112987484421,0.9563112987484421,0.9563112987484421,1.0,1.0,1.0,1.0,0.9714285714285714,0.9273698394549107,0.9273698394549107,0.9273698394549107,0.8888888888888888,0.8888888888888888,0.8888888888888888,0.8888888888888888,81.0,0.0,0.0,0.0300657988963341,21.0,0.0,0.0,0.0887548570149548,0.0
gtzan/gtzan_blues_00069/track.npy,gtzan,1.0,0.870106084213761,0.870106084213761,0.870106084213761,1.0,1.0,1.0,1.0,0.5217391304347827,0.46116920068685163,0.7568664856268256,0.6090178431568386,0.0,0.0,0.5333333333333333,0.8,40.0,0.0,0.0,0.026668247082165475,18.0,0.0,0.0,0.7014418942864518,0.0
gtzan/gtzan_blues_00070/track.npy,gtzan,1.0,0.840624796779295,0.840624796779295,0.840624796779295,1.0,1.0,1.0,1.0,1.0,0.8377591647997942,0.8377591647997942,0.8377591647997942,1.0,1.0,1.0,1.0,74.0,0.0,0.0,0.048790164169428704,18.0,0.0,0.0,0.01381808515379708,0.0
gtzan/gtzan_blues_00071/track.npy,gtzan,1.0,0.848902509242184,0.848902509242184,0.848902509242184,1.0,1.0,1.0,1.0,0.3684210526315789,0.308912553538383,0.6995767981700807,0.5042446758542318,0.0,0.0,0.3181818181818182,0.41935483870967744,74.0,0.0,0.0,0.024692612590375473,26.0,0.0,0.0,0.7044998390991438,0.0
gtzan/gtzan_blues_00072/track.npy,gtzan,0.9180327868852458,0.8199181387961492,0.8199181387961492,0.8199181387961492,0.84375,0.84375,0.84375,0.84375,0.6666666666666666,0.6074555843262479,0.8297790435990616,0.7186173139626548,0.0,0.0,0.9285714285714286,0.9285714285714286,50.0,0.02040816326530612,0.08163265306122448,0.6592456288842619,17.0,0.0,0.0,0.060743817348525055,0.0
gtzan/gtzan_blues_00073/track.npy,gtzan,1.0,0.8930952884864369,0.8930952884864369,0.8930952884864369,1.0,1.0,1.0,1.0,1.0,0.8867900056835737,0.8867900056835737,0.8867900056835737,1.0,1.0,1.0,1.0,49.0,0.0,0.0,0.032107213047128436,12.0,0.0,0.0,0.026507338851109986,0.0
gtzan/gtzan_blues_00074/track.npy,gtzan,0.9787234042553191,0.9222595690915465,0.9222595690915465,0.9222595690915465,0.9787234042553191,0.9787234042553191,0.9787234042553191,0.9787234042553191,1.0,0.9699050711456702,0.9699050711456702,0.9699050711456702,1.0,1.0,1.0,1.0,56.0,0.0,0.0,0.03704127168034406,16.0,0.0,0.0,0.2620103123768691,0.0
gtzan/gtzan_blues_00075/track.npy,gtzan,1.0,0.8815996338284533,0.8815996338284533,0.8815996338284533,1.0,1.0,1.0,1.0,1.0,0.8644098977720567,0.8644098977720567,0.8644098977720567,1.0,1.0,1.0,1.0,59.0,0.0,0.0,0.03922071315328046,15.0,0.0,0.0,0.021603480993265537,0.0
gtzan/gtzan_blues_00076/track.npy,gtzan,1.0,0.971571191270591,0.971571191270591,0.971571191270591,1.0,1.0,1.0,1.0,1.0,0.9769045135148549,0.9769045135148549,0.9769045135148549,1.0,1.0,1.0,1.0,58.0,0.0,0.0,0.019418085857111578,19.0,0.0,0.0,0.014273373592868706,0.0
gtzan/gtzan_blues_00077/track.npy,gtzan,0.9838709677419355,0.7980293552492337,0.7980293552492337,0.7980293552492337,0.9838709677419355,0.9838709677419355,0.9838709677419355,0.9838709677419355,1.0,0.7939982225033814,0.7939982225033814,0.7939982225033814,1.0,1.0,1.0,1.0,74.0,0.0,0.0,0.04879016416943105,18.0,0.0,0.0,0.013960986392152236,0.0
gtzan/gtzan_blues_00078/track.npy,gtzan,0.9950248756218906,0.9636154431667726,0.9636154431667726,0.9636154431667726,0.9900990099009901,0.9900990099009901,0.9900990099009901,0.9900990099009901,1.0,0.9598197706542123,0.9598197706542123,0.9598197706542123,1.0,1.0,1.0,1.0,122.0,0.0,0.01652892561983471,0.04443376908155368,30.0,0.0,0.0,0.03045920748470972,0.0
gtzan/gtzan_blues_00079/track.npy,gtzan,0.9924812030075187,0.9366906816223245,0.9366906816223245,0.9366906816223245,0.9850746268656716,0.9850746268656716,0.9850746268656716,0.9850746268656716,0.9696969696969697,0.9068351664667033,0.9068351664667033,0.9068351664667033,0.9411764705882353,0.9411764705882353,0.9411764705882353,0.9411764705882353,80.0,0.0,0.0,0.05129329438754965,20.0,0.0,0.0,0.01964331275965202,0.0
gtzan/gtzan_blues_00080/track.npy,gtzan,1.0,0.9521729489941906,0.9521729489941906,0.9521729489941906,1.0,1.0,1.0,1.0,1.0,0.9669269796690535,0.9669269796690535,0.9669269796690535,1.0,1.0,1.0,1.0,59.0,0.0,0.0,0.03922071315328046,14.0,0.0,0.0,0.014172966453752583,0.0
gtzan/gtzan_blues_00081/track.npy,gtzan,0.9770114942528736,0.8424468978608736,0.8424468978608736,0.8424468978608736,0.7045454545454546,0.8636363636363636,0.7045454545454546,0.8636363636363636,0.9545454545454546,0.8152090985127308,0.8152090985127308,0.8152090985127308,1.0,1.0,1.0,1.0,105.0,0.0,0.038461538461538464,0.10178269430995582,26.0,0.0,0.0,0.02553330200516568,0.0
gtzan/gtzan_blues_00082/track.npy,gtzan,0.9811320754716981,0.9083670634974356,0.9083670634974356,0.9083670634974356,0.9811320754716981,0.9811320754716981,0.9811320754716981,0.9811320754716981,0.9285714285714286,0.8797502869894511,0.8797502869894511,0.8797502869894511,1.0,1.0,1.0,1.0,63.0,0.0,0.0,0.04255961441878764,16.0,0.0,0.0,0.01583146521668064,0.0
gtzan/gtzan_blues_00083/track.npy,gtzan,1.0,0.9854247857296461,0.9854247857296461,0.9854247857296461,1.0,1.0,1.0,1.0,1.0,0.9872427798840832,0.9872427798840832,0.9872427798840832,1.0,1.0,1.0,1.0,67.0,0.0,0.0,0.04445176257084003,18.0,0.0,0.0,1.1636453188389972,0.0
gtzan/gtzan_blues_00084/track.npy,gtzan,1.0,0.8773450826461167,0.8773450826461167,0.8773450826461167,1.0,1.0,1.0,1.0,1.0,0.8882634722267273,0.8882634722267273,0.8882634722267273,1.0,1.0,1.0,1.0,59.0,0.0,0.0,0.17249152623190514,14.0,0.0,0.0,0.02043730946862258,0.0
gtzan/gtzan_blues_00085/track.npy,gtzan,1.0,0.9614430608804422,0.9614430608804422,0.9614430608804422,1.0,1.0,1.0,1.0,0.7647058823529413,0.725476115892423,0.725476115892423,0.725476115892423,0.5263157894736842,0.5263157894736842,0.5263157894736842,0.5263157894736842,72.0,0.0,0.0,0.07155426911507184,22.0,0.0,0.0,0.6940321594149155,0.0
gtzan/gtzan_blues_00086/track.npy,gtzan,0.9902912621359222,0.9241939730561636,0.9241939730561636,0.9241939730561636,0.9807692307692307,0.9807692307692307,0.9807692307692307,0.9807692307692307,1.0,0.9449071479590868,0.9449071479590868,0.9449071479590868,1.0,1.0,1.0,1.0,62.0,0.0,0.0,0.04086452961427092,16.0,0.0,0.0,0.02941737460596888,0.0
gtzan/gtzan_blues_00087/track.npy,gtzan,1.0,0.9287187757833173,0.9287187757833173,0.9287187757833173,1.0,1.0,1.0,1.0,1.0,0.9191137860257729,0.9191137860257729,0.9191137860257729,1.0,1.0,1.0,1.0,88.0,0.0,0.0,0.11778303565638282,23.0,0.0,0.0,0.036105004642116745,0.0
gtzan/gtzan_blues_00088/track.npy,gtzan,0.5987261146496815,0.46824711793593954,0.5704781541527447,0.5193626360443422,0.19767441860465115,0.36046511627906974,0.20930232558139536,0.36046511627906974,0.6,0.47449703996251874,0.47449703996251874,0.47449703996251874,0.2727272727272727,0.6818181818181818,0.2727272727272727,0.6818181818181818,107.0,0.018867924528301886,0.2641509433962264,0.5999814718369666,30.0,0.0,0.034482758620689655,1.7817493490947531,0.0
gtzan/gtzan_blues_00089/track.npy,gtzan,1.0,0.852402411839149,0.852402411839149,0.852402411839149,1.0,1.0,1.0,1.0,0.43749999999999994,0.3875690512697793,0.3875690512697793,0.3875690512697793,0.0,0.0,0.0,0.0,54.0,0.0,0.0,0.06243941124263074,25.0,0.0,0.0,1.1434130642489642,0.0
gtzan/gtzan_blues_00090/track.npy,gtzan,1.0,0.8903222355820747,0.8903222355820747,0.8903222355820747,1.0,1.0,1.0,1.0,1.0,0.8787837168220213,0.8787837168220213,0.8787837168220213,1.0,1.0,1.0,1.0,71.0,0.0,0.0,0.04652001563489183,18.0,0.0,0.0,0.0234620957025046,0.0
gtzan/gtzan_blues_00091/track.npy,gtzan,0.9285714285714286,0.854467796123042,0.854467796123042,0.854467796123042,0.7166666666666667,0.75,0.7166666666666667,0.75,0.5714285714285714,0.5319124234147415,0.80609176931601,0.6690020963653758,0.045454545454545456,0.09090909090909091,0.4,0.6,71.0,0.0,0.0,0.1670540846631774,25.0,0.0,0.0,0.7131315275415485,0.0
gtzan/gtzan_blues_00092/track.npy,gtzan,0.40963855421686746,0.35371003551960956,0.4332143399788074,0.3934621877492085,0.0,0.0,0.030303030303030304,0.030303030303030304,0.42857142857142855,0.40595582620091486,0.4506371638114823,0.4282964950061986,0.0,0.0,0.0,0.0,40.0,0.0,0.0,0.05779888001105602,13.0,0.0,0.0,0.05245396228307303,0.0
gtzan/gtzan_blues_00093/track.npy,gtzan,0.30000000000000004,0.25030561032114795,0.28262423538010933,0.2664649228506286,0.0,0.0,0.08695652173913043,0.13043478260869565,0.39999999999999997,0.2959207981428248,0.3945610641904331,0.3452409311666289,0.0,0.0,0.0,0.0,28.0,0.0,0.0,0.2032438781126505,14.0,0.0,0.0,1.206984264482029,0.0
gtzan/gtzan_blues_00094/track.npy,gtzan,0.9767441860465116,0.8068801266279461,0.8068801266279461,0.8068801266279461,1.0,1.0,1.0,1.0,0.9090909090909091,0.7740280186824692,0.7740280186824692,0.7740280186824692,1.0,1.0,1.0,1.0,52.0,0.0,0.0,0.034819005128220566,13.0,0.0,0.0,0.01705992211092927,0.0
gtzan/gtzan_blues_00095/track.npy,gtzan,0.6666666666666666,0.5700155085560252,0.8454264775952546,0.7077209930756398,0.0,0.0,0.3684210526315789,0.868421052631579,0.6363636363636364,0.5374241422762105,0.7880136162226219,0.6627188792494162,0.03333333333333333,0.03333333333333333,0.6333333333333333,0.8,139.0,0.021739130434782608,0.036231884057971016,0.09531017980432277,37.0,0.0,0.0,1.355178127320301,0.0
gtzan/gtzan_blues_00096/track.npy,gtzan,0.8771929824561403,0.7237605967868093,0.7237605967868093,0.7237605967868093,0.40625,0.625,0.40625,0.625,0.8750000000000001,0.7784992700001425,0.7784992700001425,0.7784992700001425,0.3333333333333333,0.6666666666666666,0.3333333333333333,0.6666666666666666,37.0,0.0,0.0,0.6986519221604051,12.0,0.0,0.0,2.102244613749461,0.0
gtzan/gtzan_blues_00097/track.npy,gtzan,1.0,0.8971439150798943,0.8971439150798943,0.8971439150798943,0.8181818181818182,0.9393939393939394,0.8181818181818182,0.9393939393939394,1.0,0.8995350322303769,0.8995350322303769,0.8995350322303769,1.0,1.0,1.0,1.0,119.0,0.0,0.0,0.040821994520261695,30.0,0.0,0.0,0.027500812011515503,0.0
gtzan/gtzan_blues_00098/track.npy,gtzan,1.0,0.9629857121937004,0.9629857121937004,0.9629857121937004,1.0,1.0,1.0,1.0,1.0,0.9725903838807451,0.9725903838807451,0.9725903838807451,1.0,1.0,1.0,1.0,63.0,0.0,0.0,0.04082199452025426,16.0,0.0,0.0,0.019525816701461113,0.0
gtzan/gtzan_blues_00099/track.npy,gtzan,1.0,0.8200053600271879,0.8200053600271879,0.8200053600271879,1.0,1.0,1.0,1.0,0.8571428571428571,0.7104831734679591,0.7104831734679591,0.7104831734679591,0.6666666666666666,0.6666666666666666,0.6666666666666666,0.6666666666666666,47.0,0.0,0.0,0.031649467352487755,18.0,0.0,0.0,1.3787966759363928,0.0
gtzan/gtzan_classical_00000/track.npy,gtzan,1.0,0.8735508105854376,0.8735508105854376,0.8735508105854376,1.0,1.0,1.0,1.0,0.6666666666666666,0.613057744240331,0.8760176618804991,0.744537703060415,0.0,0.0,0.95,0.95,47.0,0.0,0.0,0.0625203569813373,24.0,0.0,0.0,0.046500442261572,0.0
gtzan/gtzan_classical_00001/track.npy,gtzan,0.8085106382978723,0.6931589761798003,0.6931589761798003,0.6931589761798003,0.5106382978723404,0.9361702127659575,0.5106382978723404,0.9361702127659575,0.33333333333333326,0.2573524447830332,0.2573524447830332,0.2573524447830332,0.0,0.0,0.0,0.0,57.0,0.0,0.0,0.1643030512912766,24.0,0.0,0.0,1.2778875972026307,0.0
gtzan/gtzan_classical_00002/track.npy,gtzan,0.703030303030303,0.6082556468338032,0.6082556468338032,0.6082556468338032,0.18072289156626506,0.5301204819277109,0.18072289156626506,0.5301204819277109,0.1568627450980392,0.1441784223910561,0.27453982186209225,0.20935912212657418,0.0,0.0,0.024390243902439025,0.024390243902439025,101.0,0.03,0.05,0.6931471805599455,36.0,0.02857142857142857,0.02857142857142857,1.1354884691483487,0.0
gtzan/gtzan_classical_00003/track.npy,gtzan,0.5862068965517241,0.4237923364484436,0.4237923364484436,0.4237923364484436,0.45161290322580644,0.5806451612903226,0.45161290322580644,0.5806451612903226,0.5714285714285714,0.43341135155382865,0.43341135155382865,0.43341135155382865,0.7142857142857143,0.7142857142857143,0.7142857142857143,0.7142857142857143,39.0,0.0,0.0,0.7239538063672519,9.0,0.0,0.0,1.9038342206469903,0.0
gtzan/gtzan_classical_00004/track.npy,gtzan,0.6666666666666666,0.5553692600786195,0.8330538901179277,0.6942115750982736,0.0,0.0,1.0,1.0,0.8666666666666666,0.6631786032436863,0.6631786032436863,0.6631786032436863,0.5294117647058824,0.5294117647058824,0.5294117647058824,0.5294117647058824,41.0,0.0,0.0,0.0540672212702772,17.0,0.0,0.0,0.23451285388692367,0.0
gtzan/gtzan_classical_00005/track.npy,gtzan,0.8166666666666667,0.6419338159727566,0.6419338159727566,0.6419338159727566,0.3064516129032258,0.7258064516129032,0.3064516129032258,0.7258064516129032,0.6808510638297872,0.5244460679627784,0.5244460679627784,0.5244460679627784,0.25,0.5,0.25,0.5,76.0,0.0,0.013333333333333334,0.3775980304265529,33.0,0.0,0.0,1.1468213952474553,0.0
gtzan/gtzan_classical_00006/track.npy,gtzan,0.5454545454545455,0.3591565635061639,0.3591565635061639,0.3591565635061639,0.25,0.575,0.25,0.575,0.2608695652173913,0.15583137714405784,0.15583137714405784,0.15583137714405784,0.15384615384615385,0.15384615384615385,0.15384615384615385,0.15384615384615385,45.0,0.0,0.0,0.21108665692742984,17.0,0.0,0.0,1.0528451115258533,0.0
gtzan/gtzan_classical_00007/track.npy,gtzan,0.4923076923076923,0.33822340555210023,0.4899620100674726,0.4140927078097864,0.011764705882352941,0.011764705882352941,0.3258426966292135,0.5168539325842697,0.3,0.209533361328584,0.24971509284583296,0.22962422708720848,0.0,0.0,0.046511627906976744,0.13953488372093023,103.0,0.0,0.0,0.14310084364067066,44.0,0.0,0.0,1.1588140055902698,0.0
gtzan/gtzan_classical_00008/track.npy,gtzan,0.9734513274336283,0.7725716608546142,0.7725716608546142,0.7725716608546142,0.9824561403508771,0.9824561403508771,0.9824561403508771,0.9824561403508771,0.7878787878787878,0.6179455584863284,0.6179455584863284,0.6179455584863284,0.42105263157894735,0.42105263157894735,0.42105263157894735,0.42105263157894735,69.0,0.0,0.0,0.06899287148695168,26.0,0.0,0.0,1.041163450829694,0.0
gtzan/gtzan_classical_00009/track.npy,gtzan,0.24489795918367346,0.18339463908607503,0.18339463908607503,0.18339463908607503,0.36,0.68,0.36,0.68,0.0,0.029848805761098992,0.029848805761098992,0.029848805761098992,0.09090909090909091,0.09090909090909091,0.09090909090909091,0.09090909090909091,30.0,0.0,0.0,0.7900426503762308,14.0,0.0,0.0,1.1720206466697656,0.0
gtzan/gtzan_classical_00010/track.npy,gtzan,0.6086956521739131,0.4501962822522124,0.6576262181238304,0.5539112501880215,0.0,0.0,0.1702127659574468,0.6276595744680851,0.30434782608695654,0.2590482700056011,0.43253054638197125,0.3457894081937862,0.0,0.0,0.17142857142857143,0.2,111.0,0.05454545454545454,0.12727272727272726,0.5808899423283187,43.0,0.0,0.023809523809523808,1.352392809444207,0.0
gtzan/gtzan_classical_00011/track.npy,gtzan,0.84375,0.6130631338357082,0.6130631338357082,0.6130631338357082,1.0,1.0,1.0,1.0,0.5,0.31133730141244154,0.3812379398155375,0.34628762061398954,0.125,0.125,0.125,0.125,38.0,0.0,0.0,0.11171346246570599,10.0,0.0,0.0,0.9655607336247519,0.0
gtzan/gtzan_classical_00012/track.npy,gtzan,0.7368421052631579,0.5977194396817015,0.5977194396817015,0.5977194396817015,0.868421052631579,0.868421052631579,0.868421052631579,0.868421052631579,0.09090909090909093,0.1029569758735876,0.2607346633094084,0.181845819591498,0.07692307692307693,0.07692307692307693,0.07692307692307693,0.07692307692307693,46.0,0.0,0.0,0.12735768175049647,16.0,0.0,0.0,0.8289014244769968,0.0
gtzan/gtzan_classical_00013/track.npy,gtzan,0.9230769230769231,0.6883887373813189,0.6883887373813189,0.6883887373813189,0.7692307692307693,0.9423076923076923,0.7692307692307693,0.9423076923076923,0.7692307692307692,0.5765366351539055,0.5765366351539055,0.5765366351539055,0.5238095238095238,0.6666666666666666,0.5238095238095238,0.6666666666666666,63.0,0.0,0.0,0.08338160893905078,25.0,0.0,0.0,1.3481019839941453,0.0
gtzan/gtzan_classical_00014/track.npy,gtzan,0.30927835051546393,0.25699205798419406,0.4026423155192512,0.32981718675172267,0.022556390977443608,0.06015037593984962,0.022556390977443608,0.06015037593984962,0.2222222222222222,0.14819207125027967,0.3094021678423985,0.22879711954633908,0.0,0.0,0.23333333333333334,0.4,137.0,0.6691176470588235,0.7132352941176471,1.729920740494589,34.0,0.0,0.0,0.7859811505985506,0.0
gtzan/gtzan_classical_00015/track.npy,gtzan,0.5185185185185185,0.3355736190453578,0.3916966597782795,0.3636351394118187,0.12121212121212122,0.18181818181818182,0.47619047619047616,0.47619047619047616,0.7000000000000001,0.3741669594275594,0.3741669594275594,0.3741669594275594,0.45454545454545453,0.5454545454545454,0.45454545454545453,0.5454545454545454,27.0,0.0,0.0,0.7118327328756693,12.0,0.0,0.0,0.5388216458331037,0.0
gtzan/gtzan_classical_00016/track.npy,gtzan,0.608695652173913,0.3598871794061006,0.5066425906435937,0.43326488502484717,0.1232876712328767,0.1232876712328767,0.37349397590361444,0.5903614457831325,0.43137254901960786,0.2612777945044204,0.2612777945044204,0.2612777945044204,0.0,0.0,0.0,0.0,88.0,0.0,0.0,0.1335313926245305,44.0,0.0,0.0,0.6931471805599452,0.0
gtzan/gtzan_classical_00017/track.npy,gtzan,0.6933333333333332,0.5455601996759469,0.5455601996759469,0.5455601996759469,0.35064935064935066,0.5584415584415584,0.35064935064935066,0.5584415584415584,0.4444444444444444,0.3200565652998131,0.5152580428935393,0.4176573040966762,0.0,0.0,0.3888888888888889,0.8888888888888888,93.0,0.010869565217391304,0.03260869565217391,0.29891850037781764,43.0,0.0,0.0,0.15860503017663774,0.0
gtzan/gtzan_classical_00018/track.npy,gtzan,0.4242424242424243,0.36990586125171954,0.36990586125171954,0.36990586125171954,0.48484848484848486,0.6363636363636364,0.48484848484848486,0.6363636363636364,0.2857142857142857,0.28910480892776197,0.3467504439803544,0.31792762645405814,0.15384615384615385,0.23076923076923078,0.15384615384615385,0.26666666666666666,39.0,0.0,0.0,0.13005312824819748,15.0,0.0,0.0,0.7197551661114325,0.0
gtzan/gtzan_classical_00019/track.npy,gtzan,0.6835443037974683,0.4532564211284622,0.4532564211284622,0.4532564211284622,0.65,0.875,0.65,0.875,0.0909090909090909,0.06015997541128357,0.1450787009014564,0.10261933815636998,0.0,0.0,0.2631578947368421,0.2631578947368421,45.0,0.0,0.0,0.1636264471029615,16.0,0.0,0.0,0.6803935489575015,0.0
gtzan/gtzan_classical_00020/track.npy,gtzan,0.8813559322033898,0.6664274005044551,0.6664274005044551,0.6664274005044551,0.6949152542372882,0.8813559322033898,0.6949152542372882,0.8813559322033898,0.9,0.6364551517066906,0.6364551517066906,0.6364551517066906,1.0,1.0,1.0,1.0,71.0,0.0,0.0,0.09097177820572791,23.0,0.0,0.0,0.03953083875663857,0.0
gtzan/gtzan_classical_00021/track.npy,gtzan,0.7671232876712328,0.5512274639774525,0.7281057313959002,0.6396665976866763,0.0,0.0,0.013452914798206279,0.05829596412556054,0.8928571428571429,0.6822737930695858,0.6822737930695858,0.6822737930695858,1.0,1.0,1.0,1.0,220.0,0.4520547945205479,1.0,0.33824740526825153,34.0,0.0,0.0,0.06041533762326096,0.0
gtzan/gtzan_classical_00022/track.npy,gtzan,0.42424242424242425,0.2993023168269975,0.4843991786943705,0.39185074776068396,0.0,0.0,0.016129032258064516,0.0967741935483871,0.37499999999999994,0.29717182649438,0.4415407206742804,0.3693562735843302,0.0,0.0,0.6363636363636364,0.6363636363636364,150.0,0.11409395973154363,0.47651006711409394,0.6190392084062115,26.0,0.0,0.0,0.17227134512424286,0.0
gtzan/gtzan_classical_00023/track.npy,gtzan,0.36111111111111105,0.2980163283626201,0.2980163283626201,0.2980163283626201,0.3333333333333333,0.41025641025641024,0.3333333333333333,0.41025641025641024,0.33333333333333337,0.2994022934022795,0.2994022934022795,0.2994022934022795,0.46153846153846156,0.46153846153846156,0.46153846153846156,0.46153846153846156,38.0,0.0,0.0,0.7083016352173419,12.0,0.0,0.0,0.5781984183932658,0.0
gtzan/gtzan_classical_00024/track.npy,gtzan,0.9921259842519685,0.777138274828116,0.777138274828116,0.777138274828116,0.984375,0.984375,0.984375,0.984375,0.9767441860465117,0.7467160077693863,0.7467160077693863,0.7467160077693863,0.9545454545454546,0.9545454545454546,0.9545454545454546,0.9545454545454546,76.0,0.0,0.0,0.051293294387558364,26.0,0.0,0.0,0.033901551675683414,0.0
gtzan/gtzan_classical_00025/track.npy,gtzan,0.41632653061224495,0.32387511018928317,0.5245718853328473,0.4242234977610652,0.0,0.0,0.005263157894736842,0.005263157894736842,0.5365853658536585,0.3942910398342402,0.573513116907799,0.4839020783710196,0.0,0.0,0.7037037037037037,0.8888888888888888,226.0,0.56,0.9866666666666667,0.6773431032112548,33.0,0.0,0.0,0.4507491586424431,0.0
gtzan/gtzan_classical_00026/track.npy,gtzan,0.6870229007633588,0.4219041584300801,0.4219041584300801,0.4219041584300801,0.23529411764705882,0.5588235294117647,0.23529411764705882,0.5588235294117647,0.6666666666666667,0.40294077870286404,0.40294077870286404,0.40294077870286404,0.34782608695652173,0.43478260869565216,0.34782608695652173,0.43478260869565216,81.0,0.0,0.05,0.4891521867260534,30.0,0.0,0.034482758620689655,1.2075413537389854,0.0
gtzan/gtzan_classical_00027/track.npy,gtzan,0.03225806451612903,0.027990244557829138,0.4660664370879597,0.2470283408228944,0.03225806451612903,0.03225806451612903,0.6774193548387096,0.6774193548387096,0.0,0.00011055442840830606,0.00014730438448914556,0.00012892940644872582,0.25,0.5,0.25,0.5,38.0,0.0,0.0,0.35406941340643794,10.0,0.0,0.0,0.9046005183082096,0.0
gtzan/gtzan_classical_00028/track.npy,gtzan,0.5940594059405941,0.414995595860969,0.6223023947900079,0.5186489953254885,0.0,0.0,0.582089552238806,0.8656716417910447,0.6470588235294118,0.4174570259078594,0.636262111923537,0.5268595689156982,0.0,0.0,0.9130434782608695,0.9130434782608695,80.0,0.0,0.0,0.05149586025223034,27.0,0.0,0.0,0.0495770863009594,0.0
gtzan/gtzan_classical_00029/track.npy,gtzan,0.2772277227722772,0.19734738009483027,0.34447112123276846,0.27090925066379934,0.0,0.0,0.0,0.0,0.3783783783783784,0.29951462450506644,0.4668023712177485,0.38315849786140743,0.0,0.0,0.0,0.0,206.0,0.36097560975609755,0.975609756097561,0.4054651081081684,35.0,0.0,0.0,0.06353603354342234,0.0
gtzan/gtzan_classical_00030/track.npy,gtzan,0.5148514851485149,0.35915775617511325,0.35915775617511325,0.35915775617511325,0.37254901960784315,0.5098039215686274,0.37254901960784315,0.5098039215686274,0.23999999999999996,0.16946161133025647,0.20384618946300084,0.18665390039662866,0.0,0.0,0.05263157894736842,0.05263157894736842,68.0,0.029850746268656716,0.04477611940298507,0.7417995184769723,50.0,0.0,0.0,0.7477715782527011,0.0
gtzan/gtzan_classical_00031/track.npy,gtzan,0.8817204301075269,0.7225781881010946,0.7225781881010946,0.7225781881010946,0.7021276595744681,0.8723404255319149,0.7021276595744681,0.8723404255319149,0.28571428571428575,0.18843669773854063,0.18843669773854063,0.18843669773854063,0.0,0.0,0.125,0.125,57.0,0.0,0.0,0.13775157286437184,19.0,0.0,0.0,1.1795269108139443,0.0
gtzan/gtzan_classical_00032/track.npy,gtzan,0.0851063829787234,0.07716809635060178,0.10125139519151556,0.08920974577105867,0.08333333333333333,0.20833333333333334,0.2608695652173913,0.34782608695652173,0.0,5.602744222331808e-06,0.01672909241602326,0.008367347580122796,0.375,0.375,0.375,0.375,28.0,0.0,0.0,0.4486772308707938,11.0,0.0,0.0,1.096632001107813,0.0
gtzan/gtzan_classical_00033/track.npy,gtzan,0.4,0.264004274998607,0.264004274998607,0.264004274998607,0.06818181818181818,0.1590909090909091,0.06818181818181818,0.1590909090909091,0.0,2.135037132054919e-12,0.04083924723097984,0.02041962361655744,0.09090909090909091,0.09090909090909091,0.09090909090909091,0.09090909090909091,38.0,0.0,0.0,0.690873928979138,10.0,0.0,0.0,1.9079591261941748,0.0
gtzan/gtzan_classical_00034/track.npy,gtzan,0.15625,0.08980085291441076,0.12177596280469469,0.10578840785955272,0.02702702702702703,0.02702702702702703,0.1320754716981132,0.1509433962264151,0.0,1.0846166657280341e-12,0.0005976022895006739,0.0002988011452926453,0.0,0.0,0.07142857142857142,0.07142857142857142,42.0,0.0,0.0,0.5938789434752686,17.0,0.0,0.0,1.3406272527839627,0.0
gtzan/gtzan_classical_00035/track.npy,gtzan,0.909090909090909,0.7547192089471775,0.7547192089471775,0.7547192089471775,0.43478260869565216,0.7681159420289855,0.43478260869565216,0.7681159420289855,0.5925925925925926,0.5022645457426156,0.5022645457426156,0.5022645457426156,0.06060606060606061,0.12121212121212122,0.06060606060606061,0.12121212121212122,108.0,0.24299065420560748,0.411214953271028,0.48163176914771105,39.0,0.0,0.0,1.1274515439989548,0.0
gtzan/gtzan_classical_00036/track.npy,gtzan,0.41379310344827586,0.2638548407151982,0.3927573948577896,0.3283061177864939,0.02702702702702703,0.02702702702702703,0.1951219512195122,0.4634146341463415,0.3,0.15862234975106357,0.17624705527895954,0.16743470251501155,0.0,0.0,0.0,0.0,44.0,0.0,0.0,0.7105788622947347,18.0,0.0,0.0,0.9756488989357439,0.0
gtzan/gtzan_classical_00037/track.npy,gtzan,0.39999999999999997,0.30182176295627633,0.35688784858314176,0.32935480576970905,0.045454545454545456,0.19696969696969696,0.045454545454545456,0.19696969696969696,0.18604651162790697,0.16320918302183623,0.19390112353847755,0.1785551532801569,0.03333333333333333,0.03333333333333333,0.03333333333333333,0.06666666666666667,84.0,0.024096385542168676,0.08433734939759036,0.5283722292981416,38.0,0.0,0.0,1.2950764333341593,0.0
gtzan/gtzan_classical_00038/track.npy,gtzan,0.37037037037037035,0.2708453212127772,0.301107427110331,0.2859763741615541,0.02,0.04,0.11475409836065574,0.22950819672131148,0.06451612903225806,0.053734234926540364,0.12031524191963905,0.0870247384230897,0.0,0.0,0.0,0.0,59.0,0.0,0.0,0.5335891819450708,26.0,0.0,0.0,1.8698878742910605,0.0
gtzan/gtzan_classical_00039/track.npy,gtzan,0.125,0.07441893843401581,0.08798410784537916,0.08120152313969749,0.027777777777777776,0.027777777777777776,0.027777777777777776,0.027777777777777776,0.08333333333333333,0.03579644651763596,0.04683613906055899,0.04131629278909747,0.058823529411764705,0.058823529411764705,0.058823529411764705,0.058823529411764705,44.0,0.0,0.0,0.670975822155903,20.0,0.0,0.0,1.6349437976921952,0.0
gtzan/gtzan_classical_00040/track.npy,gtzan,0.27848101265822783,0.20696388652555778,0.2270752590192321,0.21701957277239492,0.125,0.375,0.125,0.375,0.0,0.02210187929510174,0.09417448337016687,0.058138181332634306,0.07692307692307693,0.07692307692307693,0.07692307692307693,0.07692307692307693,46.0,0.0,0.022222222222222223,0.6931471805599453,16.0,0.0,0.0,1.696517406016683,0.0
gtzan/gtzan_classical_00041/track.npy,gtzan,0.2127659574468085,0.11992891249664304,0.11992891249664304,0.11992891249664304,0.125,0.3333333333333333,0.125,0.3333333333333333,0.2222222222222222,0.1851849288535051,0.20749581713205167,0.1963403729927784,0.0,0.0,0.38461538461538464,0.38461538461538464,31.0,0.0,0.0,0.8527823137297501,16.0,0.0,0.0,1.0564983887291612,0.0
gtzan/gtzan_classical_00042/track.npy,gtzan,0.578512396694215,0.4027919645962796,0.5849007300700161,0.4938463473331478,0.0125,0.0125,0.32098765432098764,0.6666666666666666,0.5,0.34476519272493855,0.5502058071353202,0.44748549993012937,0.0,0.0,0.9259259259259259,0.9259259259259259,97.0,0.0,0.0,0.07439595818837502,32.0,0.0,0.0,0.0628825565334432,0.0
gtzan/gtzan_classical_00043/track.npy,gtzan,0.7789473684210527,0.6302070947629255,0.6302070947629255,0.6302070947629255,0.1568627450980392,0.49019607843137253,0.1568627450980392,0.49019607843137253,0.8,0.7459102857514831,0.7459102857514831,0.7459102857514831,0.9230769230769231,0.9230769230769231,0.9230769230769231,0.9230769230769231,50.0,0.0,0.0,0.6931471805599466,17.0,0.0,0.0,0.3417577391153114,0.0
gtzan/gtzan_classical_00044/track.npy,gtzan,0.2222222222222222,0.19049913942123417,0.23036995703983323,0.2104345482305337,0.05263157894736842,0.07894736842105263,0.07894736842105263,0.15789473684210525,0.23076923076923078,0.1843331846324874,0.2027409914990611,0.19353708806577424,0.0,0.0,0.17647058823529413,0.23529411764705882,46.0,0.0,0.0,0.4439353769572371,20.0,0.0,0.0,1.2949871497921805,0.0
gtzan/gtzan_classical_00045/track.npy,gtzan,0.8607594936708861,0.7062132098485449,0.7062132098485449,0.7062132098485449,0.975,0.975,0.975,0.975,0.6,0.5066141958241277,0.6893459630127833,0.5979800794184555,0.0,0.0,0.6,0.75,47.0,0.0,0.0,0.0641348883063224,25.0,0.0,0.0,0.6931471805599448,0.0
gtzan/gtzan_classical_00046/track.npy,gtzan,0.3617021276595745,0.2806188896829309,0.3433140382363806,0.31196646395965577,0.16981132075471697,0.18867924528301888,0.17307692307692307,0.18867924528301888,0.4137931034482759,0.3320349753813731,0.3320349753813731,0.3320349753813731,0.3333333333333333,0.4666666666666667,0.3333333333333333,0.4666666666666667,52.0,0.0,0.0,0.7424906135856532,19.0,0.0,0.0,1.3973468968549019,0.0
gtzan/gtzan_classical_00047/track.npy,gtzan,0.2040816326530612,0.1634242095124919,0.2002907400734212,0.18185747479295655,0.06666666666666667,0.1,0.06666666666666667,0.1,0.0,1.4644188397715045e-16,0.142857147103356,0.07142857355167807,0.0,0.0,0.0,0.0,36.0,0.0,0.0,0.35235448116367346,13.0,0.0,0.0,1.5567138671121183,0.0
gtzan/gtzan_classical_00048/track.npy,gtzan,0.24390243902439024,0.2101829313630939,0.3465084114522534,0.27834567140767363,0.06521739130434782,0.10869565217391304,0.1267605633802817,0.17391304347826086,0.1764705882352941,0.13752112300514444,0.18879399399977076,0.1631575585024576,0.0,0.0,0.04,0.04,56.0,0.0,0.0,0.5861342254369257,29.0,0.0,0.0,1.1463995147855828,0.0
gtzan/gtzan_classical_00049/track.npy,gtzan,0.35443037974683544,0.2828810362465619,0.35386129461583643,0.31837116543119914,0.0,0.0,0.09836065573770492,0.21311475409836064,0.2727272727272727,0.1362307429439755,0.1829899948524138,0.15961036889819463,0.0,0.0,0.3333333333333333,0.3333333333333333,76.0,0.08,0.29333333333333333,0.9664438499631508,22.0,0.0,0.0,1.8323786375076119,0.0
gtzan/gtzan_classical_00050/track.npy,gtzan,0.5769230769230769,0.4160958280932061,0.4160958280932061,0.4160958280932061,0.5769230769230769,0.7692307692307693,0.5769230769230769,0.7692307692307693,0.3478260869565218,0.23356788420064026,0.23356788420064026,0.23356788420064026,0.13333333333333333,0.13333333333333333,0.13333333333333333,0.13333333333333333,32.0,0.0,0.0,0.20402508636589328,16.0,0.0,0.0,1.7515904628892054,0.0
gtzan/gtzan_classical_00051/track.npy,gtzan,0.640625,0.5174477353552789,0.6911927669602936,0.6043202511577863,0.04878048780487805,0.10975609756097561,0.24175824175824176,0.6043956043956044,0.5,0.45038917691741565,0.6117609525929696,0.5310750647551926,0.047619047619047616,0.09523809523809523,0.5238095238095238,0.5714285714285714,92.0,0.0,0.0989010989010989,0.9345941015174251,27.0,0.0,0.0,1.8999846117339092,0.0
gtzan/gtzan_classical_00052/track.npy,gtzan,0.9923664122137404,0.78751768094251,0.78751768094251,0.78751768094251,0.9848484848484849,0.9848484848484849,0.9848484848484849,0.9848484848484849,0.36619718309859156,0.28743249114044384,0.5905500813187189,0.4389912862295814,0.02564102564102564,0.02564102564102564,0.12698412698412698,0.30158730158730157,85.0,0.0,0.08333333333333333,0.10536051565782634,51.0,0.0,0.04,1.0986122886681118,0.0
gtzan/gtzan_classical_00053/track.npy,gtzan,0.9248554913294798,0.5355921631783166,0.5355921631783166,0.5355921631783166,0.14444444444444443,0.5555555555555556,0.14444444444444443,0.5555555555555556,0.8620689655172413,0.5086592556381764,0.5086592556381764,0.5086592556381764,0.9,0.9,0.9,0.9,102.0,0.0,0.0,0.14310084364067516,35.0,0.0,0.0,0.07616785702002851,0.0
gtzan/gtzan_classical_00054/track.npy,gtzan,0.8157894736842105,0.6098172604995016,0.6098172604995016,0.6098172604995016,0.7948717948717948,0.7948717948717948,0.7948717948717948,0.7948717948717948,0.7368421052631577,0.6118643579007018,0.6118643579007018,0.6118643579007018,0.7,0.7,0.7,0.7,47.0,0.0,0.0,0.269487716810635,13.0,0.0,0.0,1.7916468716003184,0.0
gtzan/gtzan_classical_00055/track.npy,gtzan,0.6808510638297872,0.45237263780671044,0.45237263780671044,0.45237263780671044,0.68,0.8,0.68,0.8,0.4444444444444444,0.2610729786084105,0.327136534384069,0.29410475649623974,0.0,0.0,0.42857142857142855,0.42857142857142855,29.0,0.0,0.0,0.5455248766036215,8.0,0.0,0.0,1.9711846337262844,0.0
gtzan/gtzan_classical_00056/track.npy,gtzan,0.4675324675324675,0.3353538575868265,0.3413967625324186,0.3383753100596225,0.06521739130434782,0.06521739130434782,0.3225806451612903,0.3225806451612903,0.7142857142857143,0.5767437471536476,0.5767437471536476,0.5767437471536476,0.5,0.7857142857142857,0.5,0.7857142857142857,39.0,0.0,0.0,0.4690817719782626,18.0,0.0,0.0,0.750698554513326,0.0
gtzan/gtzan_classical_00057/track.npy,gtzan,0.4313725490196078,0.35865429644896807,0.35865429644896807,0.35865429644896807,0.06896551724137931,0.27586206896551724,0.06896551724137931,0.27586206896551724,0.22222222222222224,0.1892076504725052,0.2726666098461016,0.2309371301593034,0.0,0.0,0.029411764705882353,0.058823529411764705,69.0,0.0,0.23529411764705882,0.8156897056898614,44.0,0.0,0.023255813953488372,0.8509705867828166,0.0
gtzan/gtzan_classical_00058/track.npy,gtzan,0.7037037037037038,0.5825742853074296,0.5825742853074296,0.5825742853074296,0.6428571428571429,0.7857142857142857,0.6428571428571429,0.7857142857142857,0.8888888888888888,0.7819380181386832,0.7819380181386832,0.7819380181386832,1.0,1.0,1.0,1.0,31.0,0.0,0.0,0.3512091541509094,12.0,0.0,0.0,0.17445916879672263,0.0
gtzan/gtzan_classical_00059/track.npy,gtzan,0.6714285714285715,0.5742968517430919,0.816228384699298,0.695262618221195,0.03296703296703297,0.054945054945054944,0.3402061855670103,0.845360824742268,0.7586206896551724,0.6160230405148964,0.6160230405148964,0.6160230405148964,0.5,0.6875,0.5,0.6875,111.0,0.0,0.0,0.4540161523749099,23.0,0.0,0.0,1.9136492868370794,0.0
gtzan/gtzan_classical_00060/track.npy,gtzan,0.6711409395973155,0.5915442282295832,0.8609431518435693,0.7262436900365763,0.020202020202020204,0.020202020202020204,0.3939393939393939,0.9090909090909091,0.7499999999999999,0.6559564470624576,0.7273029113445806,0.691629679203519,0.25,0.25,0.43478260869565216,0.5217391304347826,119.0,0.0,0.0,0.16168493699277314,29.0,0.0,0.0,0.7002538405847557,0.0
gtzan/gtzan_classical_00061/track.npy,gtzan,1.0,0.8898491552777842,0.8898491552777842,0.8898491552777842,1.0,1.0,1.0,1.0,0.8648648648648648,0.7692901839563898,0.7692901839563898,0.7692901839563898,0.38095238095238093,0.5714285714285714,0.38095238095238093,0.5714285714285714,77.0,0.0,0.0,0.051293294387555255,24.0,0.0,0.0,1.1066974438526207,0.0
gtzan/gtzan_classical_00062/track.npy,gtzan,0.4,0.2965995237561241,0.38771245247539804,0.3421559881157611,0.017857142857142856,0.017857142857142856,0.18181818181818182,0.2857142857142857,0.4,0.2848748493204758,0.2848748493204758,0.2848748493204758,0.5,0.5,0.5,0.5,73.0,0.0,0.013888888888888888,0.47814803324392485,25.0,0.0,0.0,1.3360836967727683,0.0
gtzan/gtzan_classical_00063/track.npy,gtzan,0.8,0.6997574901640375,0.7510956121094499,0.7254265511367437,0.15384615384615385,0.3333333333333333,0.2692307692307692,0.5,0.7692307692307693,0.697364970634355,0.7039130436257125,0.7006390071300337,0.125,0.1875,0.3157894736842105,0.6842105263157895,32.0,0.0,0.0,0.7211976884675491,18.0,0.0,0.0,0.7284919215789256,0.0
gtzan/gtzan_classical_00064/track.npy,gtzan,0.5614035087719298,0.4616816275933642,0.6289542689664195,0.5453179482798918,0.0,0.0,0.45,0.75,0.6,0.5017490421358134,0.7167843459083049,0.6092666940220591,0.0,0.0,0.42857142857142855,0.5714285714285714,24.0,0.0,0.0,1.4301300779989907,8.0,0.0,0.0,1.1017097392494803,0.0
gtzan/gtzan_classical_00065/track.npy,gtzan,0.958904109589041,0.8483486635590206,0.8483486635590206,0.8483486635590206,0.5789473684210527,0.868421052631579,0.5789473684210527,0.868421052631579,0.45000000000000007,0.406417875607631,0.406417875607631,0.406417875607631,0.0,0.0,0.0,0.0,45.0,0.0,0.0,0.41167798907706926,35.0,0.0,0.0,0.6710832924455672,0.0
gtzan/gtzan_classical_00066/track.npy,gtzan,0.9908256880733944,0.9280579311318248,0.9280579311318248,0.9280579311318248,0.9818181818181818,0.9818181818181818,0.9818181818181818,0.9818181818181818,0.9655172413793104,0.9004372127731727,0.9004372127731727,0.9004372127731727,0.7333333333333333,0.8666666666666667,0.7333333333333333,0.8666666666666667,62.0,0.0,0.0,0.15972830412254854,16.0,0.0,0.0,0.8638049034670757,0.0
gtzan/gtzan_classical_00067/track.npy,gtzan,0.8421052631578948,0.7430200373846517,0.7430200373846517,0.7430200373846517,0.32,0.72,0.32,0.72,0.846153846153846,0.7835674604629521,0.7835674604629521,0.7835674604629521,0.3333333333333333,0.5333333333333333,0.3333333333333333,0.5333333333333333,61.0,0.0,0.0,0.6552988384034959,18.0,0.0,0.0,1.8317993644345267,0.0
gtzan/gtzan_classical_00068/track.npy,gtzan,0.6538461538461539,0.5601251661475252,0.8442466272331468,0.702185896690336,0.0,0.0,0.9714285714285714,0.9714285714285714,0.9375,0.7924922173523667,0.7924922173523667,0.7924922173523667,0.5294117647058824,0.7647058823529411,0.5294117647058824,0.7647058823529411,42.0,0.0,0.0,0.0295408256761061,15.0,0.0,0.0,0.667150047885336,0.0
gtzan/gtzan_classical_00069/track.npy,gtzan,0.8070175438596492,0.5461160711721089,0.5461160711721089,0.5461160711721089,0.9655172413793104,0.9655172413793104,0.9655172413793104,0.9655172413793104,0.4444444444444444,0.35325241577826383,0.3667720133224092,0.3600122145503365,0.18181818181818182,0.18181818181818182,0.5384615384615384,0.6153846153846154,35.0,0.0,0.0,0.1562304896301107,13.0,0.0,0.0,0.7117488322954904,0.0
gtzan/gtzan_classical_00070/track.npy,gtzan,0.9624060150375939,0.6917022956025851,0.6917022956025851,0.6917022956025851,0.40298507462686567,0.9402985074626866,0.40298507462686567,0.9402985074626866,1.0,0.7077920186541525,0.7077920186541525,0.7077920186541525,1.0,1.0,1.0,1.0,81.0,0.0,0.0,0.05645665329022178,27.0,0.0,0.0,0.03623773185711495,0.0
gtzan/gtzan_classical_00071/track.npy,gtzan,0.5092592592592593,0.3988128030752358,0.5278257145827158,0.4633192588289758,0.0379746835443038,0.06329113924050633,0.0379746835443038,0.06329113924050633,0.5185185185185185,0.3908825124051316,0.3908825124051316,0.3908825124051316,0.23529411764705882,0.35294117647058826,0.23529411764705882,0.35294117647058826,173.0,0.5697674418604651,0.7674418604651163,0.6210970085730793,38.0,0.10810810810810811,0.10810810810810811,2.1956475975865666,0.0
gtzan/gtzan_classical_00072/track.npy,gtzan,0.8125,0.5980849536016812,0.5980849536016812,0.5980849536016812,0.5416666666666666,0.8958333333333334,0.5416666666666666,0.8958333333333334,0.8333333333333334,0.6029696756733378,0.6029696756733378,0.6029696756733378,1.0,1.0,1.0,1.0,58.0,0.0,0.0,0.06470872664635688,15.0,0.0,0.0,0.3134851660524858,0.0
gtzan/gtzan_classical_00073/track.npy,gtzan,0.9629629629629629,0.7643430411119978,0.7643430411119978,0.7643430411119978,0.9259259259259259,0.9814814814814815,0.9259259259259259,0.9814814814814815,0.923076923076923,0.6876214917503815,0.6876214917503815,0.6876214917503815,0.38095238095238093,0.7142857142857143,0.38095238095238093,0.7142857142857143,65.0,0.0,0.0,0.04445176257083683,25.0,0.0,0.0,0.7125027652588197,0.0
gtzan/gtzan_classical_00074/track.npy,gtzan,1.0,0.8730382197114411,0.8730382197114411,0.8730382197114411,0.8059701492537313,0.9850746268656716,0.8059701492537313,0.9850746268656716,0.6808510638297872,0.5899345321958657,0.7352351836913391,0.6625848579436024,0.1,0.1,0.42424242424242425,0.6363636363636364,81.0,0.0,0.0,0.05406722127028396,36.0,0.0,0.0,1.0881242104365676,0.0
gtzan/gtzan_classical_00075/track.npy,gtzan,0.6153846153846154,0.4427540780144501,0.4427540780144501,0.4427540780144501,0.45652173913043476,0.6304347826086957,0.45652173913043476,0.6304347826086957,0.43478260869565216,0.3478603842697827,0.3478603842697827,0.3478603842697827,0.08333333333333333,0.16666666666666666,0.13043478260869565,0.16666666666666666,53.0,0.0,0.0,0.6404669227310302,13.0,0.0,0.0,0.8732782563801107,0.0
gtzan/gtzan_classical_00076/track.npy,gtzan,1.0,0.7877572756174032,0.7877572756174032,0.7877572756174032,1.0,1.0,1.0,1.0,1.0,0.7641302464239226,0.7641302464239226,0.7641302464239226,1.0,1.0,1.0,1.0,85.0,0.0,0.0,0.11122563511022676,21.0,0.0,0.0,0.022212921943273595,0.0
gtzan/gtzan_classical_00077/track.npy,gtzan,0.4406779661016949,0.33255501936114956,0.33255501936114956,0.33255501936114956,0.0,0.0,0.45,0.45,0.3529411764705882,0.2210713333885734,0.3131843889671457,0.2671278611778595,0.0,0.0,0.2857142857142857,0.2857142857142857,23.0,0.0,0.0,0.8850381883700513,8.0,0.0,0.0,1.4785360501100133,0.0
gtzan/gtzan_classical_00078/track.npy,gtzan,0.6190476190476191,0.567643590585942,0.8221045104834591,0.6948740505347006,0.037037037037037035,0.037037037037037035,0.8666666666666667,0.8666666666666667,0.39999999999999997,0.38990752305667553,0.38990752305667553,0.38990752305667553,0.125,0.125,0.25,0.25,18.0,0.0,0.0,0.28387559119286543,10.0,0.0,0.0,0.6488900761763458,0.0
gtzan/gtzan_classical_00079/track.npy,gtzan,0.9285714285714286,0.8217718140536935,0.8217718140536935,0.8217718140536935,0.7674418604651163,0.8604651162790697,0.7674418604651163,0.8604651162790697,0.7333333333333334,0.659339078792115,0.8221685479294167,0.7407538133607658,0.10526315789473684,0.10526315789473684,0.8095238095238095,0.8095238095238095,52.0,0.0,0.0,0.3881615357954054,25.0,0.0,0.0,0.6723652826805075,0.0
gtzan/gtzan_classical_00080/track.npy,gtzan,0.2777777777777778,0.23909386674709954,0.23909386674709954,0.23909386674709954,0.2222222222222222,0.2777777777777778,0.2222222222222222,0.2777777777777778,0.0,4.810977801249538e-37,6.615094476718115e-37,5.7130361389838264e-37,0.0,0.0,0.0,0.0,22.0,0.0,0.0,1.0592902739441996,7.0,0.0,0.0,1.9840452474529737,0.0
gtzan/gtzan_classical_00081/track.npy,gtzan,0.9917355371900827,0.8365573301291738,0.8365573301291738,0.8365573301291738,0.9836065573770492,0.9836065573770492,0.9836065573770492,0.9836065573770492,0.3404255319148936,0.2873754128482553,0.2873754128482553,0.2873754128482553,0.0,0.0,0.0,0.0,74.0,0.0,0.0,0.09531017980433143,43.0,0.0,0.0,1.0745147370890538,0.0
gtzan/gtzan_classical_00082/track.npy,gtzan,0.85,0.6834572866405179,0.6834572866405179,0.6834572866405179,0.5,0.5,0.5,0.5,0.08333333333333333,0.06171556259639635,0.7320622009270664,0.39688888176173137,0.0,0.0,0.9166666666666666,0.9166666666666666,44.0,0.0,0.0,0.07410797215372192,15.0,0.0,0.0,0.31528064058353084,0.0
gtzan/gtzan_classical_00083/track.npy,gtzan,0.696969696969697,0.5637060205028983,0.5637060205028983,0.5637060205028983,0.6470588235294118,0.7647058823529411,0.6470588235294118,0.7647058823529411,0.3157894736842105,0.29085413615350053,0.29085413615350053,0.29085413615350053,0.0,0.0,0.1,0.1,38.0,0.0,0.0,0.4801582390739529,12.0,0.0,0.0,1.0644616721429434,0.0
gtzan/gtzan_classical_00084/track.npy,gtzan,0.6262626262626262,0.4789348902488563,0.54122221334393,0.5100785517963932,0.4444444444444444,0.4444444444444444,0.4444444444444444,0.4444444444444444,0.27027027027027023,0.16821022633688446,0.2889018840658444,0.2285560552013644,0.07692307692307693,0.07692307692307693,0.07692307692307693,0.15384615384615385,63.0,0.0,0.0,0.14842000511827025,35.0,0.0,0.0,1.077557496781347,0.0
gtzan/gtzan_classical_00085/track.npy,gtzan,1.0,0.7976721531968038,0.7976721531968038,0.7976721531968038,1.0,1.0,1.0,1.0,0.45454545454545453,0.3707994879938399,0.3707994879938399,0.3707994879938399,0.0,0.0,0.0,0.0,54.0,0.0,0.0,0.043901625685259044,37.0,0.0,0.0,1.1262137017984017,0.0
gtzan/gtzan_classical_00086/track.npy,gtzan,0.8842105263157896,0.7755263416054973,0.7755263416054973,0.7755263416054973,0.37735849056603776,0.5849056603773585,0.37735849056603776,0.5849056603773585,0.11428571428571428,0.0929200937173007,0.11768159575200485,0.10530084473465277,0.0,0.0,0.0,0.0,62.0,0.0,0.0,0.3341900448085243,30.0,0.0,0.0,0.65888057257976,0.0
gtzan/gtzan_classical_00087/track.npy,gtzan,0.7586206896551725,0.6006039668690688,0.6006039668690688,0.6006039668690688,0.24242424242424243,0.48484848484848486,0.24242424242424243,0.48484848484848486,0.4516129032258065,0.3805975261173122,0.3805975261173122,0.3805975261173122,0.0,0.0,0.0,0.0,38.0,0.0,0.0,0.7280943778772467,27.0,0.0,0.0,0.7234218199203756,0.0
gtzan/gtzan_classical_00088/track.npy,gtzan,0.9565217391304348,0.8249030585997597,0.8249030585997597,0.8249030585997597,0.7708333333333334,0.8125,0.7708333333333334,0.8125,0.4583333333333333,0.41280669424009586,0.6213491956842577,0.5170779449621767,0.0,0.0,0.02702702702702703,0.1891891891891892,64.0,0.0,0.0,0.6923068246441246,45.0,0.0,0.0,0.7110732788482886,0.0
gtzan/gtzan_classical_00089/track.npy,gtzan,0.8571428571428572,0.7381046002904411,0.7381046002904411,0.7381046002904411,0.7209302325581395,0.8604651162790697,0.7209302325581395,0.8604651162790697,0.5128205128205129,0.43616564325620133,0.6592082396836689,0.5476869414699351,0.0,0.0,0.27586206896551724,0.3793103448275862,51.0,0.0,0.02,0.7144980494807895,35.0,0.0,0.0,1.1517991430419552,0.0
gtzan/gtzan_classical_00090/track.npy,gtzan,0.5538461538461539,0.46047211390830334,0.645343352366107,0.5529077331372052,0.0,0.0,0.7272727272727273,0.8409090909090909,0.5217391304347825,0.4363280921701797,0.4363280921701797,0.4363280921701797,0.125,0.125,0.125,0.125,53.0,0.0,0.0,0.2606484618166401,20.0,0.0,0.0,1.479802767775994,0.0
gtzan/gtzan_classical_00091/track.npy,gtzan,1.0,0.9215529981513019,0.9215529981513019,0.9215529981513019,1.0,1.0,1.0,1.0,0.6,0.5504804168799163,0.5838733434267913,0.5671768801533539,0.05,0.1,0.3,0.4,44.0,0.0,0.0,0.18126888633406174,24.0,0.0,0.0,1.2714044717547015,0.0
gtzan/gtzan_classical_00092/track.npy,gtzan,0.5909090909090909,0.4197863401418353,0.6166970056199166,0.518241672880876,0.0,0.0,0.6666666666666666,0.9333333333333333,0.16666666666666669,0.08545975490023346,0.3636539325828423,0.22455684374153786,0.13333333333333333,0.13333333333333333,0.2222222222222222,0.2222222222222222,36.0,0.0,0.0,0.23438847398641968,10.0,0.0,0.0,0.5323674156045585,0.0
gtzan/gtzan_classical_00093/track.npy,gtzan,0.9914529914529915,0.9403954168631544,0.9403954168631544,0.9403954168631544,0.9830508474576272,0.9830508474576272,0.9830508474576272,0.9830508474576272,0.6511627906976745,0.6135705674879285,0.9188210050689125,0.7661957862784206,0.0,0.0,0.9310344827586207,0.9310344827586207,70.0,0.0,0.0,0.07620821329301888,34.0,0.0,0.0,0.0470186306443558,0.0
gtzan/gtzan_classical_00094/track.npy,gtzan,0.6376811594202899,0.415031172443491,0.415031172443491,0.415031172443491,0.5428571428571428,0.8857142857142857,0.5428571428571428,0.8857142857142857,0.47619047619047616,0.31200710440147345,0.31200710440147345,0.31200710440147345,0.6363636363636364,0.6363636363636364,0.6363636363636364,0.6363636363636364,43.0,0.0,0.0,0.15415067982725472,14.0,0.0,0.0,0.7668574541152334,0.0
gtzan/gtzan_classical_00095/track.npy,gtzan,0.5230769230769231,0.331524418750412,0.331524418750412,0.331524418750412,0.15151515151515152,0.48484848484848486,0.15151515151515152,0.48484848484848486,0.5555555555555556,0.36023401287932577,0.36023401287932577,0.36023401287932577,0.3,0.3,0.3,0.3,39.0,0.0,0.0,0.31945893143081655,13.0,0.0,0.0,1.706622860089165,0.0
gtzan/gtzan_classical_00096/track.npy,gtzan,0.9380530973451328,0.7798440923564488,0.7798440923564488,0.7798440923564488,0.9473684210526315,0.9473684210526315,0.9473684210526315,0.9473684210526315,0.9230769230769231,0.7535553555641048,0.7535553555641048,0.7535553555641048,0.9,0.9,0.9,0.9,69.0,0.0,0.0,0.11311315892634798,26.0,0.0,0.0,0.7375989431307797,0.0
gtzan/gtzan_classical_00097/track.npy,gtzan,0.6615384615384615,0.5294734586753804,0.7872539115177247,0.6583636850965526,0.0,0.0,0.7011494252873564,0.9080459770114943,0.6440677966101694,0.5370803219999617,0.5370803219999617,0.5370803219999617,0.21621621621621623,0.24324324324324326,0.21621621621621623,0.2558139534883721,104.0,0.0,0.0,0.06899287148696231,44.0,0.0,0.0,1.122142786078299,0.0
gtzan/gtzan_classical_00098/track.npy,gtzan,1.0,0.8608302570836763,0.8608302570836763,0.8608302570836763,1.0,1.0,1.0,1.0,0.6666666666666666,0.5904712904684816,0.8647080306017003,0.7275896605350909,0.0,0.0,0.95,0.95,48.0,0.0,0.0,0.08526920966060489,24.0,0.0,0.0,0.07390175838417956,0.0
gtzan/gtzan_classical_00099/track.npy,gtzan,0.9428571428571428,0.8101486603821811,0.8101486603821811,0.8101486603821811,0.4857142857142857,0.9428571428571428,0.4857142857142857,0.9428571428571428,0.761904761904762,0.64902773835638,0.64902773835638,0.64902773835638,0.15384615384615385,0.3076923076923077,0.2,0.4666666666666667,42.0,0.0,0.0,0.2913962773720531,14.0,0.0,0.0,0.9369738156497712,0.0
gtzan/gtzan_country_00000/track.npy,gtzan,0.9577464788732395,0.8861420465393824,0.8861420465393824,0.8861420465393824,0.9444444444444444,0.9444444444444444,0.9444444444444444,0.9444444444444444,1.0,0.8890154789953346,0.8890154789953346,0.8890154789953346,1.0,1.0,1.0,1.0,42.0,0.0,0.0,0.029620253810362984,11.0,0.0,0.0,0.01125787299250187,0.0
gtzan/gtzan_country_00001/track.npy,gtzan,1.0,0.9693215249751198,0.9693215249751198,0.9693215249751198,1.0,1.0,1.0,1.0,1.0,0.9834437940231602,0.9834437940231602,0.9834437940231602,1.0,1.0,1.0,1.0,65.0,0.0,0.0,0.04255961441879848,16.0,0.0,0.0,0.0179831613658923,0.0
gtzan/gtzan_country_00002/track.npy,gtzan,1.0,0.9442005146895766,0.9442005146895766,0.9442005146895766,1.0,1.0,1.0,1.0,1.0,0.9629731063385982,0.9629731063385982,0.9629731063385982,1.0,1.0,1.0,1.0,83.0,0.0,0.0,0.0540672212702793,20.0,0.0,0.0,0.020499644722420697,0.0
gtzan/gtzan_country_00003/track.npy,gtzan,0.9850746268656716,0.9543263271655343,0.9543263271655343,0.9543263271655343,0.9705882352941176,0.9705882352941176,0.9705882352941176,0.9705882352941176,0.9411764705882353,0.9195589767853108,0.9195589767853108,0.9195589767853108,0.6666666666666666,0.7777777777777778,0.6666666666666666,0.7777777777777778,40.0,0.0,0.0,0.030778093210382516,11.0,0.0,0.0,0.6864581924091483,0.0
gtzan/gtzan_country_00004/track.npy,gtzan,1.0,0.9676655498356223,0.9676655498356223,0.9676655498356223,1.0,1.0,1.0,1.0,1.0,0.9649813866114302,0.9649813866114302,0.9649813866114302,1.0,1.0,1.0,1.0,59.0,0.0,0.0,0.0392207131532815,15.0,0.0,0.0,0.014699026543558901,0.0
gtzan/gtzan_country_00005/track.npy,gtzan,1.0,0.9921708604702936,0.9921708604702936,0.9921708604702936,1.0,1.0,1.0,1.0,1.0,0.9925371693886971,0.9925371693886971,0.9925371693886971,1.0,1.0,1.0,1.0,66.0,0.0,0.0,0.02150620522096276,16.0,0.0,0.0,0.007346628381832303,0.0
gtzan/gtzan_country_00006/track.npy,gtzan,1.0,0.9393653581370224,0.9393653581370224,0.9393653581370224,1.0,1.0,1.0,1.0,1.0,0.9252204019085171,0.9252204019085171,0.9252204019085171,1.0,1.0,1.0,1.0,57.0,0.0,0.0,0.0367794493144657,14.0,0.0,0.0,0.011434033218664305,0.0
gtzan/gtzan_country_00007/track.npy,gtzan,0.634920634920635,0.5963960386802003,0.8911651430070906,0.7437805908436455,0.0,0.0,0.9523809523809523,0.9523809523809523,0.5882352941176471,0.5737202069560134,0.8197417674513958,0.6967309872037046,0.0,0.0,1.0,1.0,51.0,0.0,0.0,0.033901551675682914,13.0,0.0,0.0,0.018930263757106713,0.0
gtzan/gtzan_country_00008/track.npy,gtzan,0.6666666666666666,0.5645411660516502,0.802803443949939,0.6836723050007946,0.0,0.0,0.9821428571428571,0.9821428571428571,0.6666666666666666,0.48997474009470954,0.7963346975825891,0.6431547188386493,0.0,0.0,0.9285714285714286,0.9285714285714286,67.0,0.0,0.0,0.19105523676270508,17.0,0.0,0.0,0.0773866636154206,0.0
gtzan/gtzan_country_00009/track.npy,gtzan,1.0,0.9365982126538925,0.9365982126538925,0.9365982126538925,1.0,1.0,1.0,1.0,1.0,0.9496679352375089,0.9496679352375089,0.9496679352375089,1.0,1.0,1.0,1.0,49.0,0.0,0.0,0.032260862218220984,12.0,0.0,0.0,0.008064559836729856,0.0
gtzan/gtzan_country_00010/track.npy,gtzan,0.9846153846153847,0.9502455341086343,0.9502455341086343,0.9502455341086343,0.9696969696969697,0.9696969696969697,0.9696969696969697,0.9696969696969697,0.608695652173913,0.5925457613168499,0.9022632875228938,0.7474045244198718,0.0,0.0,0.6,0.8666666666666667,40.0,0.0,0.0,0.05264373348542177,19.0,0.0,0.0,0.6931471805599452,0.0
gtzan/gtzan_country_00011/track.npy,gtzan,0.9787234042553191,0.9492164527729104,0.9492164527729104,0.9492164527729104,0.9583333333333334,0.9583333333333334,0.9583333333333334,0.9583333333333334,1.0,0.9727112762248865,0.9727112762248865,0.9727112762248865,1.0,1.0,1.0,1.0,58.0,0.0,0.0,0.03792181619408888,14.0,0.0,0.0,0.014252022707201694,0.0
gtzan/gtzan_country_00012/track.npy,gtzan,1.0,0.8556041536611788,0.8556041536611788,0.8556041536611788,1.0,1.0,1.0,1.0,1.0,0.8698916372311766,0.8698916372311766,0.8698916372311766,1.0,1.0,1.0,1.0,88.0,0.0,0.0,0.06017859136805864,22.0,0.0,0.0,0.015545025756197341,0.0
gtzan/gtzan_country_00013/track.npy,gtzan,1.0,0.9350336783147163,0.9350336783147163,0.9350336783147163,1.0,1.0,1.0,1.0,1.0,0.9091671450901486,0.9091671450901486,0.9091671450901486,1.0,1.0,1.0,1.0,64.0,0.0,0.0,0.04255961441879507,16.0,0.0,0.0,0.02311467300743629,0.0
gtzan/gtzan_country_00014/track.npy,gtzan,0.9913043478260869,0.9361407694223767,0.9361407694223767,0.9361407694223767,0.9827586206896551,0.9827586206896551,0.9827586206896551,0.9827586206896551,1.0,0.9360448385347249,0.9360448385347249,0.9360448385347249,1.0,1.0,1.0,1.0,69.0,0.0,0.0,0.04652001563489594,17.0,0.0,0.0,0.023029387983545847,0.0
gtzan/gtzan_country_00015/track.npy,gtzan,0.9193548387096774,0.8373096359452379,0.8373096359452379,0.8373096359452379,0.8548387096774194,0.9193548387096774,0.8548387096774194,0.9193548387096774,0.875,0.8164130973381828,0.8164130973381828,0.8164130973381828,1.0,1.0,1.0,1.0,74.0,0.0,0.0,0.04879016416943971,20.0,0.0,0.0,1.17599976791244,0.0
gtzan/gtzan_country_00016/track.npy,gtzan,0.6716417910447761,0.6244802561826506,0.929781713999535,0.7771309850910928,0.0,0.0,1.0,1.0,0.6111111111111112,0.5698666269952125,0.8547999404928187,0.7123332837440156,0.0,0.0,0.6923076923076923,0.6923076923076923,54.0,0.0,0.0,0.018018505502681074,15.0,0.0,0.0,1.1009861828760379,0.0
gtzan/gtzan_country_00017/track.npy,gtzan,0.9931972789115647,0.9564359833227343,0.9564359833227343,0.9564359833227343,0.9864864864864865,0.9864864864864865,0.9864864864864865,0.9864864864864865,1.0,0.9624240567193646,0.9624240567193646,0.9624240567193646,1.0,1.0,1.0,1.0,89.0,0.0,0.0,0.05884050002293948,22.0,0.0,0.0,0.014975915743957863,0.0
gtzan/gtzan_country_00018/track.npy,gtzan,1.0,0.9647116280196063,0.9647116280196063,0.9647116280196063,1.0,1.0,1.0,1.0,0.972972972972973,0.9311088948812137,0.9311088948812137,0.9311088948812137,0.9473684210526315,0.9473684210526315,0.9473684210526315,0.9473684210526315,87.0,0.0,0.0,0.057158413839947464,21.0,0.0,0.0,0.015100484228988083,0.0
gtzan/gtzan_country_00019/track.npy,gtzan,1.0,0.9113387389174734,0.9113387389174734,0.9113387389174734,1.0,1.0,1.0,1.0,1.0,0.9511162392388969,0.9511162392388969,0.9511162392388969,1.0,1.0,1.0,1.0,43.0,0.0,0.0,0.02898753687325417,10.0,0.0,0.0,0.027045926219205915,0.0
gtzan/gtzan_country_00020/track.npy,gtzan,1.0,0.9532198417446989,0.9532198417446989,0.9532198417446989,1.0,1.0,1.0,1.0,1.0,0.9524112871682123,0.9524112871682123,0.9524112871682123,1.0,1.0,1.0,1.0,52.0,0.0,0.0,0.03481900512822435,13.0,0.0,0.0,0.01507260563520757,0.0
gtzan/gtzan_country_00021/track.npy,gtzan,0.9887640449438202,0.8774692356233723,0.8774692356233723,0.8774692356233723,0.9777777777777777,0.9777777777777777,0.9777777777777777,0.9777777777777777,1.0,0.907571722725013,0.907571722725013,0.907571722725013,1.0,1.0,1.0,1.0,54.0,0.0,0.0,0.036367644170874125,13.0,0.0,0.0,0.013423020332140823,0.0
gtzan/gtzan_country_00022/track.npy,gtzan,0.9615384615384616,0.7911549162000516,0.7911549162000516,0.7911549162000516,1.0,1.0,1.0,1.0,0.9333333333333333,0.7076392722624614,0.7076392722624614,0.7076392722624614,0.5,0.75,0.5,0.75,32.0,0.0,0.0,0.030771658666751224,11.0,0.0,0.0,0.6751047057922994,0.0
gtzan/gtzan_country_00023/track.npy,gtzan,1.0,0.8454144035376026,0.8454144035376026,0.8454144035376026,1.0,1.0,1.0,1.0,1.0,0.7513156108065377,0.7513156108065377,0.7513156108065377,1.0,1.0,1.0,1.0,42.0,0.0,0.0,0.0295408256761061,10.0,0.0,0.0,0.022851312194956203,0.0
gtzan/gtzan_country_00024/track.npy,gtzan,0.9906542056074767,0.9157632528230579,0.9157632528230579,0.9157632528230579,0.9814814814814815,0.9814814814814815,0.9814814814814815,0.9814814814814815,0.962962962962963,0.8931132647179029,0.8931132647179029,0.8931132647179029,0.9285714285714286,0.9285714285714286,0.9285714285714286,0.9285714285714286,64.0,0.0,0.0,0.04343883706368377,16.0,0.0,0.0,0.02127739844728444,0.0
gtzan/gtzan_country_00025/track.npy,gtzan,0.9333333333333333,0.8141786884734338,0.8141786884734338,0.8141786884734338,0.8333333333333334,0.9666666666666667,0.8333333333333334,0.9666666666666667,0.8421052631578948,0.7358261593857588,0.7358261593857588,0.7358261593857588,0.18181818181818182,0.45454545454545453,0.26666666666666666,0.45454545454545453,36.0,0.0,0.0,0.028051373901262076,14.0,0.0,0.0,1.0140616464055483,0.0
gtzan/gtzan_country_00026/track.npy,gtzan,1.0,0.7852278139113105,0.7852278139113105,0.7852278139113105,1.0,1.0,1.0,1.0,1.0,0.7962825785329093,0.7962825785329093,0.7962825785329093,1.0,1.0,1.0,1.0,54.0,0.0,0.0,0.026165163438444904,14.0,0.0,0.0,0.019545563757241115,0.0
gtzan/gtzan_country_00027/track.npy,gtzan,1.0,0.917119439102506,0.917119439102506,0.917119439102506,1.0,1.0,1.0,1.0,0.5,0.4883350829710869,0.5764575286830028,0.5323963058270449,0.4,0.4,0.4,0.4,47.0,0.0,0.0,0.043565752170832694,12.0,0.0,0.0,0.6826408667613003,0.0
gtzan/gtzan_country_00028/track.npy,gtzan,1.0,0.9615748936380168,0.9615748936380168,0.9615748936380168,1.0,1.0,1.0,1.0,1.0,0.945302295668373,0.945302295668373,0.945302295668373,1.0,1.0,1.0,1.0,45.0,0.0,0.0,0.030260110860764067,11.0,0.0,0.0,0.012041608672877532,0.0
gtzan/gtzan_country_00029/track.npy,gtzan,0.8421052631578947,0.6815840439819605,0.6815840439819605,0.6815840439819605,0.9736842105263158,0.9736842105263158,0.9736842105263158,0.9736842105263158,0.8571428571428572,0.7232037569271613,0.7232037569271613,0.7232037569271613,0.5454545454545454,0.8181818181818182,0.5454545454545454,0.8181818181818182,46.0,0.0,0.0,0.030771658666754353,13.0,0.0,0.0,0.6818754166951322,0.0
gtzan/gtzan_country_00030/track.npy,gtzan,0.9850746268656716,0.9048218482133955,0.9048218482133955,0.9048218482133955,0.9705882352941176,0.9705882352941176,0.9705882352941176,0.9705882352941176,1.0,0.9345705802502354,0.9345705802502354,0.9345705802502354,1.0,1.0,1.0,1.0,40.0,0.0,0.0,0.03056457004265445,11.0,0.0,0.0,0.41990055064172316,0.0
gtzan/gtzan_country_00031/track.npy,gtzan,1.0,0.9584609110644564,0.9584609110644564,0.9584609110644564,1.0,1.0,1.0,1.0,1.0,0.9531249772579474,0.9531249772579474,0.9531249772579474,1.0,1.0,1.0,1.0,55.0,0.0,0.0,0.036367644170874014,13.0,0.0,0.0,0.013921338518606885,0.0
gtzan/gtzan_country_00032/track.npy,gtzan,1.0,0.8480816596458514,0.8480816596458514,0.8480816596458514,1.0,1.0,1.0,1.0,1.0,0.8484703786124782,0.8484703786124782,0.8484703786124782,1.0,1.0,1.0,1.0,49.0,0.0,0.0,0.032789822822996084,17.0,0.0,0.0,0.021460572190872117,0.0
gtzan/gtzan_country_00033/track.npy,gtzan,1.0,0.954115332727827,0.954115332727827,0.954115332727827,1.0,1.0,1.0,1.0,0.9090909090909091,0.8718054012495853,0.8718054012495853,0.8718054012495853,0.25,0.6666666666666666,0.25,0.6666666666666666,46.0,0.0,0.0,0.03077165866675302,14.0,0.0,0.0,0.6965434230958683,0.0
gtzan/gtzan_country_00034/track.npy,gtzan,0.6666666666666666,0.6375031930088326,0.95625290572719,0.7968780493680113,0.0,0.0,1.0,1.0,0.6666666666666666,0.6297832995515453,0.944674949327318,0.7872291244394316,0.0,0.0,1.0,1.0,69.0,0.0,0.0,0.06852739427952623,17.0,0.0,0.0,0.01649732868802363,0.0
gtzan/gtzan_country_00035/track.npy,gtzan,0.9221556886227544,0.3418173656525489,0.3418173656525489,0.3418173656525489,0.05952380952380952,0.17857142857142858,0.05952380952380952,0.17857142857142858,0.9268292682926829,0.33281345285990893,0.33281345285990893,0.33281345285990893,0.5714285714285714,0.9047619047619048,0.5714285714285714,0.9047619047619048,99.0,0.0,0.0,0.06669137449866595,24.0,0.0,0.0,0.6440216153078137,0.0
gtzan/gtzan_country_00036/track.npy,gtzan,0.676056338028169,0.6197922945634348,0.9167761023750806,0.7682841984692577,0.0,0.0,1.0,1.0,0.6666666666666666,0.5664845199312071,0.8497267798968107,0.7081056499140088,0.0,0.0,1.0,1.0,31.0,0.0,0.0,0.05739713153480338,7.0,0.0,0.0,0.028370697129215916,0.0
gtzan/gtzan_country_00037/track.npy,gtzan,1.0,0.943750159655644,0.943750159655644,0.943750159655644,1.0,1.0,1.0,1.0,1.0,0.945311695956981,0.945311695956981,0.945311695956981,1.0,1.0,1.0,1.0,49.0,0.0,0.0,0.03278982282299123,16.0,0.0,0.0,0.02185879381249998,0.0
gtzan/gtzan_country_00038/track.npy,gtzan,0.9922480620155039,0.947047547106323,0.947047547106323,0.947047547106323,0.9846153846153847,0.9846153846153847,0.9846153846153847,0.9846153846153847,1.0,0.9483080381926017,0.9483080381926017,0.9483080381926017,1.0,1.0,1.0,1.0,78.0,0.0,0.0,0.05129329438755503,20.0,0.0,0.0,0.019330911905423326,0.0
gtzan/gtzan_country_00039/track.npy,gtzan,0.8571428571428571,0.7545427664456479,0.7545427664456479,0.7545427664456479,0.6103896103896104,0.8441558441558441,0.6103896103896104,0.8441558441558441,0.631578947368421,0.5581082889740814,0.5581082889740814,0.5581082889740814,0.7368421052631579,0.7368421052631579,0.7368421052631579,0.7368421052631579,92.0,0.0,0.0,0.06062462181643369,23.0,0.0,0.0,0.023167059281537977,0.0
gtzan/gtzan_country_00040/track.npy,gtzan,1.0,0.9427793228670382,0.9427793228670382,0.9427793228670382,1.0,1.0,1.0,1.0,1.0,0.9411187047643199,0.9411187047643199,0.9411187047643199,1.0,1.0,1.0,1.0,70.0,0.0,0.0,0.04652001563489394,17.0,0.0,0.0,0.013404750647794277,0.0
gtzan/gtzan_country_00041/track.npy,gtzan,1.0,0.9147204121247527,0.9147204121247527,0.9147204121247527,1.0,1.0,1.0,1.0,0.7368421052631579,0.6739584190645728,0.8347598907291143,0.7543591548968436,0.16666666666666666,0.20833333333333334,0.5925925925925926,0.6666666666666666,66.0,0.0,0.0,0.044306764976163135,26.0,0.0,0.0,0.6915255431443129,0.0
gtzan/gtzan_country_00042/track.npy,gtzan,0.706766917293233,0.6795506340933785,0.8993820570667149,0.7894663455800467,0.046511627906976744,0.11627906976744186,0.3404255319148936,0.7872340425531915,0.6875000000000001,0.6729169721951094,0.9787883231928863,0.8258526476939978,0.0,0.0,1.0,1.0,56.0,0.0,0.0,0.6763400622435616,14.0,0.0,0.0,0.3132743878275,0.0
gtzan/gtzan_country_00043/track.npy,gtzan,1.0,0.969413994252805,0.969413994252805,0.969413994252805,1.0,1.0,1.0,1.0,1.0,0.9811495487400773,0.9811495487400773,0.9811495487400773,1.0,1.0,1.0,1.0,69.0,0.0,0.0,0.039623160167482574,18.0,0.0,0.0,0.17765931180570074,0.0
gtzan/gtzan_country_00044/track.npy,gtzan,0.9696969696969697,0.9229555677874928,0.9229555677874928,0.9229555677874928,1.0,1.0,1.0,1.0,1.0,0.9406233115362927,0.9406233115362927,0.9406233115362927,1.0,1.0,1.0,1.0,40.0,0.0,0.0,0.04123416620310342,10.0,0.0,0.0,0.013099940899161378,0.0
gtzan/gtzan_country_00045/track.npy,gtzan,0.9696969696969697,0.934621853849807,0.934621853849807,0.934621853849807,0.9696969696969697,0.9696969696969697,0.9696969696969697,0.9696969696969697,0.9411764705882353,0.9294557849262947,0.9294557849262947,0.9294557849262947,0.8888888888888888,0.8888888888888888,0.8888888888888888,0.8888888888888888,40.0,0.0,0.0,0.025975486403264747,9.0,0.0,0.0,0.00878372676811323,0.0
gtzan/gtzan_country_00046/track.npy,gtzan,0.9923664122137404,0.927065485588613,0.927065485588613,0.927065485588613,0.9848484848484849,0.9848484848484849,0.9848484848484849,0.9848484848484849,0.9444444444444444,0.8802678149484078,0.8802678149484078,0.8802678149484078,0.5789473684210527,0.7894736842105263,0.5789473684210527,0.7894736842105263,79.0,0.0,0.0,0.05406722127028396,23.0,0.0,0.0,0.69314718055995,0.0
gtzan/gtzan_country_00047/track.npy,gtzan,1.0,0.9580734733766796,0.9580734733766796,0.9580734733766796,1.0,1.0,1.0,1.0,1.0,0.9571912317666317,0.9571912317666317,0.9571912317666317,1.0,1.0,1.0,1.0,75.0,0.0,0.0,0.05001042057466076,18.0,0.0,0.0,0.02018261473105644,0.0
gtzan/gtzan_country_00048/track.npy,gtzan,0.9696969696969697,0.785425182260806,0.785425182260806,0.785425182260806,0.98,0.98,0.98,0.98,1.0,0.8264480388869325,0.8264480388869325,0.8264480388869325,1.0,1.0,1.0,1.0,60.0,0.0,0.0,0.0408219945202535,15.0,0.0,0.0,0.021769196882579982,0.0
gtzan/gtzan_country_00049/track.npy,gtzan,1.0,0.9558438139686546,0.9558438139686546,0.9558438139686546,1.0,1.0,1.0,1.0,0.9600000000000001,0.9450284749468912,0.9450284749468912,0.9450284749468912,0.9230769230769231,0.9230769230769231,0.9230769230769231,0.9230769230769231,57.0,0.0,0.0,0.0377403279828471,15.0,0.0,0.0,0.2981894236096376,0.0
gtzan/gtzan_country_00050/track.npy,gtzan,1.0,0.9872869122975831,0.9872869122975831,0.9872869122975831,1.0,1.0,1.0,1.0,1.0,0.9803556027568332,0.9803556027568332,0.9803556027568332,1.0,1.0,1.0,1.0,60.0,0.0,0.0,0.019802627296182762,14.0,0.0,0.0,0.009852296443011443,0.0
gtzan/gtzan_country_00051/track.npy,gtzan,1.0,0.9604240030266857,0.9604240030266857,0.9604240030266857,1.0,1.0,1.0,1.0,1.0,0.9693965941207965,0.9693965941207965,0.9693965941207965,1.0,1.0,1.0,1.0,32.0,0.0,0.0,0.021978906718775965,8.0,0.0,0.0,0.005420067469339429,0.0
gtzan/gtzan_country_00052/track.npy,gtzan,1.0,0.8451779647144678,0.8451779647144678,0.8451779647144678,1.0,1.0,1.0,1.0,1.0,0.9291942644183967,0.9291942644183967,0.9291942644183967,1.0,1.0,1.0,1.0,38.0,0.0,0.0,0.2645590413981449,12.0,0.0,0.0,0.01830963046498002,0.0
gtzan/gtzan_country_00053/track.npy,gtzan,1.0,0.9698326293370498,0.9698326293370498,0.9698326293370498,1.0,1.0,1.0,1.0,1.0,0.9723005061030804,0.9723005061030804,0.9723005061030804,1.0,1.0,1.0,1.0,90.0,0.0,0.0,0.06062462181643369,22.0,0.0,0.0,0.015151805020603325,0.0
gtzan/gtzan_country_00054/track.npy,gtzan,1.0,0.9675974142283305,0.9675974142283305,0.9675974142283305,1.0,1.0,1.0,1.0,1.0,0.9557402305042696,0.9557402305042696,0.9557402305042696,1.0,1.0,1.0,1.0,38.0,0.0,0.0,0.02531780798429384,10.0,0.0,0.0,0.006309169193264774,0.0
gtzan/gtzan_country_00055/track.npy,gtzan,1.0,0.8991737636748399,0.8991737636748399,0.8991737636748399,1.0,1.0,1.0,1.0,1.0,0.9057492703395463,0.9057492703395463,0.9057492703395463,1.0,1.0,1.0,1.0,66.0,0.0,0.0,0.021978906718778668,17.0,0.0,0.0,0.010989121575595862,0.0
gtzan/gtzan_country_00056/track.npy,gtzan,1.0,0.8835820838519514,0.8835820838519514,0.8835820838519514,1.0,1.0,1.0,1.0,1.0,0.8497469429073966,0.8497469429073966,0.8497469429073966,1.0,1.0,1.0,1.0,41.0,0.0,0.0,0.027398974188114184,14.0,0.0,0.0,0.015768370760220304,0.0
gtzan/gtzan_country_00057/track.npy,gtzan,1.0,0.9544876486599113,0.9544876486599113,0.9544876486599113,1.0,1.0,1.0,1.0,0.6250000000000001,0.6172430262643246,0.7127226927399163,0.6649828595021204,0.3333333333333333,0.3333333333333333,0.3333333333333333,0.3333333333333333,34.0,0.0,0.0,0.045462374076755255,10.0,0.0,0.0,0.6855303547042014,0.0
gtzan/gtzan_country_00058/track.npy,gtzan,0.9894736842105264,0.9408646064344708,0.9408646064344708,0.9408646064344708,0.9791666666666666,0.9791666666666666,0.9791666666666666,0.9791666666666666,1.0,0.9725317628335984,0.9725317628335984,0.9725317628335984,1.0,1.0,1.0,1.0,57.0,0.0,0.0,0.03774032798284729,14.0,0.0,0.0,0.009478743954544311,0.0
gtzan/gtzan_country_00059/track.npy,gtzan,1.0,0.9595250501954977,0.9595250501954977,0.9595250501954977,1.0,1.0,1.0,1.0,1.0,0.9461265946905523,0.9461265946905523,0.9461265946905523,1.0,1.0,1.0,1.0,34.0,0.0,0.0,0.028074318088970394,8.0,0.0,0.0,0.016377072752311428,0.0
gtzan/gtzan_country_00060/track.npy,gtzan,0.983050847457627,0.9423752993841886,0.9423752993841886,0.9423752993841886,0.9666666666666667,0.9666666666666667,0.9666666666666667,0.9666666666666667,1.0,0.9780294085723515,0.9780294085723515,0.9780294085723515,1.0,1.0,1.0,1.0,36.0,0.0,0.0,0.04652001563489226,12.0,0.0,0.0,0.01654605283844902,0.0
gtzan/gtzan_country_00061/track.npy,gtzan,0.6753246753246753,0.6266261060032333,0.9162160330054466,0.77142106950434,0.0,0.0,1.0,1.0,0.7000000000000001,0.6176374487054777,0.9194437300918306,0.7685405893986541,0.0,0.0,1.0,1.0,61.0,0.0,0.0,0.04082199452025603,16.0,0.0,0.0,0.010068101900052973,0.0
gtzan/gtzan_country_00062/track.npy,gtzan,0.9931972789115647,0.956537877404955,0.956537877404955,0.956537877404955,0.9864864864864865,0.9864864864864865,0.9864864864864865,0.9864864864864865,0.972972972972973,0.9376329726472822,0.9376329726472822,0.9376329726472822,0.9473684210526315,0.9473684210526315,0.9473684210526315,0.9473684210526315,89.0,0.0,0.0,0.058335874168037434,23.0,0.0,0.0,0.02214112587721434,0.0
gtzan/gtzan_country_00063/track.npy,gtzan,0.9859154929577464,0.9604994699864555,0.9604994699864555,0.9604994699864555,0.9722222222222222,0.9722222222222222,0.9722222222222222,0.9722222222222222,0.9411764705882353,0.9210200943064364,0.9210200943064364,0.9210200943064364,0.8888888888888888,0.8888888888888888,0.8888888888888888,0.8888888888888888,42.0,0.0,0.0,0.02954082567610613,10.0,0.0,0.0,0.01398624197473992,0.0
gtzan/gtzan_country_00064/track.npy,gtzan,0.9818181818181818,0.9575368395888225,0.9575368395888225,0.9575368395888225,0.9642857142857143,0.9642857142857143,0.9642857142857143,0.9642857142857143,1.0,0.9688477577742535,0.9688477577742535,0.9688477577742535,1.0,1.0,1.0,1.0,34.0,0.0,0.0,0.021978906718778682,8.0,0.0,0.0,0.005521070901719438,0.0
gtzan/gtzan_country_00065/track.npy,gtzan,0.6923076923076923,0.6499781007742336,0.8551061803701469,0.7525421405721902,0.08,0.12,0.6071428571428571,0.7857142857142857,1.0,0.9242223772576794,0.9242223772576794,0.9242223772576794,1.0,1.0,1.0,1.0,33.0,0.0,0.0,0.7129498078561246,15.0,0.0,0.0,0.051875169023414935,0.0
gtzan/gtzan_country_00066/track.npy,gtzan,0.6715328467153284,0.6231374051727071,0.9279328688586423,0.7755351370156747,0.0,0.0,1.0,1.0,1.0,0.9260391709859003,0.9260391709859003,0.9260391709859003,1.0,1.0,1.0,1.0,55.0,0.0,0.0,0.036367644170877234,27.0,0.0,0.0,0.0183491386681994,0.0
gtzan/gtzan_country_00067/track.npy,gtzan,0.9629629629629629,0.7149431252745045,0.7149431252745045,0.7149431252745045,1.0,1.0,1.0,1.0,0.8750000000000001,0.5796234534121246,0.5796234534121246,0.5796234534121246,0.6666666666666666,0.6666666666666666,0.6666666666666666,0.6666666666666666,32.0,0.0,0.0,0.042160501310595185,10.0,0.0,0.0,0.4662557786972657,0.0
gtzan/gtzan_country_00068/track.npy,gtzan,1.0,0.9058630260006086,0.9058630260006086,0.9058630260006086,1.0,1.0,1.0,1.0,1.0,0.9348476181385806,0.9348476181385806,0.9348476181385806,1.0,1.0,1.0,1.0,42.0,0.0,0.0,0.04111812487303733,10.0,0.0,0.0,0.029710344486315557,0.0
gtzan/gtzan_country_00069/track.npy,gtzan,1.0,0.9175385924458288,0.9175385924458288,0.9175385924458288,1.0,1.0,1.0,1.0,1.0,0.9603461536739497,0.9603461536739497,0.9603461536739497,1.0,1.0,1.0,1.0,57.0,0.0,0.0,0.043753236574765604,19.0,0.0,0.0,0.03162900614926121,0.0
gtzan/gtzan_country_00070/track.npy,gtzan,0.6666666666666666,0.6141273798426328,0.921191068717837,0.7676592242802349,0.0,0.0,0.9782608695652174,0.9782608695652174,0.6470588235294118,0.6051232923901803,0.935190542784824,0.7701569175875022,0.0,0.0,1.0,1.0,56.0,0.0,0.0,0.03660341379919191,14.0,0.0,0.0,0.04018743128041183,0.0
gtzan/gtzan_country_00071/track.npy,gtzan,1.0,0.8773064324050254,0.8773064324050254,0.8773064324050254,1.0,1.0,1.0,1.0,1.0,0.8608559893419391,0.8608559893419391,0.8608559893419391,1.0,1.0,1.0,1.0,37.0,0.0,0.0,0.04762804898925489,9.0,0.0,0.0,0.024054258412090013,0.0
gtzan/gtzan_country_00072/track.npy,gtzan,0.9919999999999999,0.9223153408682764,0.9223153408682764,0.9223153408682764,0.9841269841269841,0.9841269841269841,0.9841269841269841,0.9841269841269841,1.0,0.8882008339122542,0.8882008339122542,0.8882008339122542,1.0,1.0,1.0,1.0,76.0,0.0,0.0,0.05129329438754497,19.0,0.0,0.0,0.024877059310308213,0.0
gtzan/gtzan_country_00073/track.npy,gtzan,1.0,0.9020539666646171,0.9020539666646171,0.9020539666646171,1.0,1.0,1.0,1.0,0.888888888888889,0.8069722375075021,0.8069722375075021,0.8069722375075021,0.6,0.6,0.6,0.6,75.0,0.0,0.0,0.0759859069779177,23.0,0.0,0.0,0.03822121282019014,0.0
gtzan/gtzan_country_00074/track.npy,gtzan,1.0,0.8728625167200886,0.8728625167200886,0.8728625167200886,1.0,1.0,1.0,1.0,1.0,0.8869279314586417,0.8869279314586417,0.8869279314586417,1.0,1.0,1.0,1.0,34.0,0.0,0.0,0.02770976748295434,9.0,0.0,0.0,0.022524071949667233,0.0
gtzan/gtzan_country_00075/track.npy,gtzan,1.0,0.9416041966032056,0.9416041966032056,0.9416041966032056,1.0,1.0,1.0,1.0,1.0,0.9413773205915323,0.9413773205915323,0.9413773205915323,1.0,1.0,1.0,1.0,48.0,0.0,0.0,0.031748698314580825,12.0,0.0,0.0,0.018149874927661527,0.0
gtzan/gtzan_country_00076/track.npy,gtzan,1.0,0.8817667501995418,0.8817667501995418,0.8817667501995418,1.0,1.0,1.0,1.0,0.9375,0.8550009710956336,0.8550009710956336,0.8550009710956336,0.7647058823529411,0.7647058823529411,0.7647058823529411,0.7647058823529411,73.0,0.0,0.0,0.04879016416943971,23.0,0.0,0.0,0.023810648693718572,0.0
gtzan/gtzan_country_00077/track.npy,gtzan,0.9868421052631579,0.8870873827405332,0.8870873827405332,0.8870873827405332,0.9868421052631579,0.9868421052631579,0.9868421052631579,0.9868421052631579,1.0,0.899067424552213,0.899067424552213,0.899067424552213,1.0,1.0,1.0,1.0,92.0,0.0,0.0,0.06062462181643369,23.0,0.0,0.0,0.022642476749759333,0.0
gtzan/gtzan_country_00078/track.npy,gtzan,1.0,0.7351539639969881,0.7351539639969881,0.7351539639969881,1.0,1.0,1.0,1.0,1.0,0.7742276137159401,0.7742276137159401,0.7742276137159401,1.0,1.0,1.0,1.0,35.0,0.0,0.0,0.04546237407675696,9.0,0.0,0.0,0.019108823238630123,0.0
gtzan/gtzan_country_00079/track.npy,gtzan,1.0,0.9047008456900572,0.9047008456900572,0.9047008456900572,1.0,1.0,1.0,1.0,1.0,0.8765877268691146,0.8765877268691146,0.8765877268691146,1.0,1.0,1.0,1.0,42.0,0.0,0.0,0.02821170996202831,15.0,0.0,0.0,0.2066088631988976,0.0
gtzan/gtzan_country_00080/track.npy,gtzan,0.6666666666666666,0.6467349213634374,0.9701023820428573,0.8084186517031473,0.0,0.0,1.0,1.0,0.6875000000000001,0.6736565681600339,0.9798640991418676,0.8267603336509508,0.0,0.0,1.0,1.0,49.0,0.0,0.0,0.032789822822996084,13.0,0.0,0.0,0.016293707079604147,0.0
gtzan/gtzan_country_00081/track.npy,gtzan,1.0,0.97851719911327,0.97851719911327,0.97851719911327,1.0,1.0,1.0,1.0,1.0,0.9738829018203154,0.9738829018203154,0.9738829018203154,1.0,1.0,1.0,1.0,90.0,0.0,0.0,0.06062462181643369,22.0,0.0,0.0,0.015037877364540875,0.0
gtzan/gtzan_country_00082/track.npy,gtzan,0.6712328767123288,0.6559680653887838,0.977258541485711,0.8166133034372474,0.0,0.0,1.0,1.0,0.6666666666666666,0.6504869238189406,0.9757303857284109,0.8131086547736757,0.0,0.0,1.0,1.0,59.0,0.0,0.0,0.0392207131532815,15.0,0.0,0.0,0.02138369177807406,0.0
gtzan/gtzan_country_00083/track.npy,gtzan,1.0,0.9856120412608881,0.9856120412608881,0.9856120412608881,1.0,1.0,1.0,1.0,1.0,0.9821896763389806,0.9821896763389806,0.9821896763389806,1.0,1.0,1.0,1.0,37.0,0.0,0.0,0.024391453124162965,10.0,0.0,0.0,0.006091093041011397,0.0
gtzan/gtzan_country_00084/track.npy,gtzan,1.0,0.9470759471381106,0.9470759471381106,0.9470759471381106,1.0,1.0,1.0,1.0,1.0,0.957323089262335,0.957323089262335,0.957323089262335,1.0,1.0,1.0,1.0,87.0,0.0,0.0,0.05884050002293324,22.0,0.0,0.0,0.014851431776497092,0.0
gtzan/gtzan_country_00085/track.npy,gtzan,0.6593406593406593,0.6435029877858932,0.9574481438343626,0.8004755658101279,0.0,0.0,0.9672131147540983,0.9672131147540983,0.7272727272727273,0.7061840055829698,0.9445208336376303,0.8253524196103,0.07142857142857142,0.07142857142857142,0.7333333333333333,0.8666666666666667,74.0,0.0,0.0,0.04879016416943971,17.0,0.0,0.0,0.6919359906877047,0.0
gtzan/gtzan_country_00086/track.npy,gtzan,0.6621621621621622,0.6349512660765485,0.9492200410923661,0.7920856535844574,0.0,0.0,0.98,0.98,0.6842105263157895,0.6566508795730537,0.9597205162990784,0.808185697936066,0.0,0.0,1.0,1.0,60.0,0.0,0.0,0.039220713153283904,15.0,0.0,0.0,0.01968613375149786,0.0
gtzan/gtzan_country_00087/track.npy,gtzan,1.0,0.9545111157414967,0.9545111157414967,0.9545111157414967,1.0,1.0,1.0,1.0,1.0,0.962137836858222,0.962137836858222,0.962137836858222,1.0,1.0,1.0,1.0,36.0,0.0,0.0,0.02409755157906167,9.0,0.0,0.0,0.010266551831564549,0.0
gtzan/gtzan_country_00088/track.npy,gtzan,1.0,0.9869794064176927,0.9869794064176927,0.9869794064176927,1.0,1.0,1.0,1.0,1.0,0.997280327384782,0.997280327384782,0.997280327384782,1.0,1.0,1.0,1.0,53.0,0.0,0.0,0.035091319811275556,13.0,0.0,0.0,0.006603120577596822,0.0
gtzan/gtzan_country_00089/track.npy,gtzan,1.0,0.9445696846650002,0.9445696846650002,0.9445696846650002,1.0,1.0,1.0,1.0,1.0,0.9748963415236702,0.9748963415236702,0.9748963415236702,1.0,1.0,1.0,1.0,37.0,0.0,0.0,0.028329020750076168,10.0,0.0,0.0,0.008070267269968399,0.0
gtzan/gtzan_country_00090/track.npy,gtzan,1.0,0.9769322011567121,0.9769322011567121,0.9769322011567121,1.0,1.0,1.0,1.0,1.0,0.9830076010825283,0.9830076010825283,0.9830076010825283,1.0,1.0,1.0,1.0,68.0,0.0,0.0,0.04445176257083444,17.0,0.0,0.0,0.011255117863026487,0.0
gtzan/gtzan_country_00091/track.npy,gtzan,0.5,0.47136329870091015,0.47136329870091015,0.47136329870091015,0.0,0.0,0.0,0.0,0.4,0.3776960853370398,0.5819387076536756,0.4798173964953577,0.0,0.0,0.0,0.0,58.0,0.0,0.0,0.03922071315328057,20.0,0.0,0.0,0.026760268107671525,0.0
gtzan/gtzan_country_00092/track.npy,gtzan,1.0,0.9507843583006358,0.9507843583006358,0.9507843583006358,1.0,1.0,1.0,1.0,1.0,0.9491632003967384,0.9491632003967384,0.9491632003967384,1.0,1.0,1.0,1.0,83.0,0.0,0.0,0.05556985115481461,22.0,0.0,0.0,1.085943440244813,0.0
gtzan/gtzan_country_00093/track.npy,gtzan,0.9714285714285714,0.845060119505448,0.845060119505448,0.845060119505448,1.0,1.0,1.0,1.0,1.0,0.8716496794880989,0.8716496794880989,0.8716496794880989,1.0,1.0,1.0,1.0,43.0,0.0,0.0,0.057158413839947464,15.0,0.0,0.0,0.03253893815786629,0.0
gtzan/gtzan_country_00094/track.npy,gtzan,1.0,0.9860461238941082,0.9860461238941082,0.9860461238941082,1.0,1.0,1.0,1.0,1.0,0.991729500062568,0.991729500062568,0.991729500062568,1.0,1.0,1.0,1.0,57.0,0.0,0.0,0.03774032798284682,14.0,0.0,0.0,0.011626719393240089,0.0
gtzan/gtzan_country_00095/track.npy,gtzan,1.0,0.9671432164548065,0.9671432164548065,0.9671432164548065,1.0,1.0,1.0,1.0,1.0,0.967173240802704,0.967173240802704,0.967173240802704,1.0,1.0,1.0,1.0,45.0,0.0,0.0,0.029852963149680556,11.0,0.0,0.0,0.011257154524634671,0.0
gtzan/gtzan_country_00096/track.npy,gtzan,1.0,0.9786783029986665,0.9786783029986665,0.9786783029986665,1.0,1.0,1.0,1.0,1.0,0.9741852989278409,0.9741852989278409,0.9741852989278409,1.0,1.0,1.0,1.0,58.0,0.0,0.0,0.03846628082779516,14.0,0.0,0.0,0.009615458699442154,0.0
gtzan/gtzan_country_00097/track.npy,gtzan,0.5079365079365079,0.4900495254699515,0.4900495254699515,0.4900495254699515,0.0,0.0,0.0,0.0,0.4,0.37633788696861126,0.5618565541103292,0.4690972205394702,0.0,0.0,0.0,0.0,57.0,0.0,0.0,0.03774032798284954,19.0,0.0,0.0,0.018928009885517794,0.0
gtzan/gtzan_country_00098/track.npy,gtzan,1.0,0.9804077147345954,0.9804077147345954,0.9804077147345954,1.0,1.0,1.0,1.0,1.0,0.9880321485933407,0.9880321485933407,0.9880321485933407,1.0,1.0,1.0,1.0,60.0,0.0,0.0,0.03922071315328225,15.0,0.0,0.0,0.009950330853168099,0.0
gtzan/gtzan_country_00099/track.npy,gtzan,0.991869918699187,0.916196177897618,0.916196177897618,0.916196177897618,0.9838709677419355,0.9838709677419355,0.9838709677419355,0.9838709677419355,1.0,0.9273311746528282,0.9273311746528282,0.9273311746528282,1.0,1.0,1.0,1.0,74.0,0.0,0.0,0.04879016416943327,18.0,0.0,0.0,0.01834913866819618,0.0
gtzan/gtzan_disco_00000/track.npy,gtzan,1.0,0.9570601926429579,0.9570601926429579,0.9570601926429579,1.0,1.0,1.0,1.0,1.0,0.9571597142923194,0.9571597142923194,0.9571597142923194,1.0,1.0,1.0,1.0,58.0,0.0,0.0,0.01941808585709856,15.0,0.0,0.0,0.013434215380844513,0.0
gtzan/gtzan_disco_00001/track.npy,gtzan,0.6666666666666666,0.6494973624168545,0.9642022653628564,0.8068498138898554,0.0,0.0,0.9795918367346939,0.9795918367346939,0.6666666666666666,0.6538686912920569,0.9808030369380853,0.8173358641150712,0.0,0.0,1.0,1.0,59.0,0.0,0.0,0.019418085857111578,14.0,0.0,0.0,0.004889985294190912,0.0
gtzan/gtzan_disco_00002/track.npy,gtzan,0.6713286713286714,0.6500119213501208,0.9682469217932846,0.8091294215717026,0.0,0.0,1.0,1.0,0.6666666666666666,0.6503623375582952,0.9755435063374428,0.8129529219478691,0.0,0.0,1.0,1.0,57.0,0.0,0.0,0.03774032798284954,15.0,0.0,0.0,0.009569451016152253,0.0
gtzan/gtzan_disco_00003/track.npy,gtzan,1.0,0.9805914216884922,0.9805914216884922,0.9805914216884922,1.0,1.0,1.0,1.0,1.0,0.9884051030673322,0.9884051030673322,0.9884051030673322,1.0,1.0,1.0,1.0,64.0,0.0,0.0,0.02148356541980317,16.0,0.0,0.0,0.007114331660994498,0.0
gtzan/gtzan_disco_00004/track.npy,gtzan,1.0,0.9564136703573267,0.9564136703573267,0.9564136703573267,1.0,1.0,1.0,1.0,1.0,0.9538372426223531,0.9538372426223531,0.9538372426223531,1.0,1.0,1.0,1.0,61.0,0.0,0.0,0.020202707317522606,15.0,0.0,0.0,0.010101095986503661,0.0
gtzan/gtzan_disco_00005/track.npy,gtzan,0.9777777777777777,0.9345608525668135,0.9345608525668135,0.9345608525668135,0.9565217391304348,0.9565217391304348,0.9565217391304348,0.9565217391304348,1.0,0.9589417043181377,0.9589417043181377,0.9589417043181377,1.0,1.0,1.0,1.0,55.0,0.0,0.0,0.036367644170874326,13.0,0.0,0.0,0.024852690529474863,0.0
gtzan/gtzan_disco_00006/track.npy,gtzan,1.0,0.9718749700622832,0.9718749700622832,0.9718749700622832,1.0,1.0,1.0,1.0,1.0,0.9678010507403567,0.9678010507403567,0.9678010507403567,1.0,1.0,1.0,1.0,62.0,0.0,0.0,0.04082199452025426,16.0,0.0,0.0,0.017294471769334144,0.0
gtzan/gtzan_disco_00007/track.npy,gtzan,0.7407407407407407,0.2618146948049044,0.2618146948049044,0.2618146948049044,0.7222222222222222,0.9629629629629629,0.7222222222222222,0.9629629629629629,0.6923076923076923,0.2579498213873657,0.2579498213873657,0.2579498213873657,1.0,1.0,1.0,1.0,65.0,0.0,0.0,0.042559614418798464,16.0,0.0,0.0,0.007267528734362448,0.0
gtzan/gtzan_disco_00008/track.npy,gtzan,1.0,0.9755591226325315,0.9755591226325315,0.9755591226325315,1.0,1.0,1.0,1.0,0.0,6.704178394637481e-127,0.8946621532017208,0.4473310766008604,0.0,0.0,0.8461538461538461,0.8461538461538461,61.0,0.0,0.0,0.04082199452025426,16.0,0.0,0.0,0.247462068124448,0.0
gtzan/gtzan_disco_00009/track.npy,gtzan,1.0,0.7179886151632767,0.7179886151632767,0.7179886151632767,1.0,1.0,1.0,1.0,1.0,0.7483280764120623,0.7483280764120623,0.7483280764120623,1.0,1.0,1.0,1.0,65.0,0.0,0.0,0.04050154364879175,16.0,0.0,0.0,0.021506205220963796,0.0
gtzan/gtzan_disco_00010/track.npy,gtzan,1.0,0.9848944915915485,0.9848944915915485,0.9848944915915485,1.0,1.0,1.0,1.0,1.0,0.9828516653144302,0.9828516653144302,0.9828516653144302,1.0,1.0,1.0,1.0,54.0,0.0,0.0,0.025525861319740384,14.0,0.0,0.0,0.00888894741724744,0.0
gtzan/gtzan_disco_00011/track.npy,gtzan,1.0,0.9568124101391735,0.9568124101391735,0.9568124101391735,1.0,1.0,1.0,1.0,0.9523809523809523,0.9191818847123921,0.9191818847123921,0.9191818847123921,0.6363636363636364,0.8181818181818182,0.6363636363636364,0.8181818181818182,47.0,0.0,0.0,0.015748356968141586,15.0,0.0,0.0,0.6931471805599455,0.0
gtzan/gtzan_disco_00012/track.npy,gtzan,1.0,0.9803005792643137,0.9803005792643137,0.9803005792643137,1.0,1.0,1.0,1.0,1.0,0.9871459984778549,0.9871459984778549,0.9871459984778549,1.0,1.0,1.0,1.0,57.0,0.0,0.0,0.024655834874339946,14.0,0.0,0.0,0.0093656074874583,0.0
gtzan/gtzan_disco_00013/track.npy,gtzan,0.9863013698630138,0.8464207687490195,0.8464207687490195,0.8464207687490195,0.972972972972973,0.972972972972973,0.972972972972973,0.972972972972973,1.0,0.9099773764517026,0.9099773764517026,0.9099773764517026,1.0,1.0,1.0,1.0,45.0,0.0,0.0,0.029852963149680955,11.0,0.0,0.0,0.01929982647214392,0.0
gtzan/gtzan_disco_00014/track.npy,gtzan,1.0,0.9724373697823679,0.9724373697823679,0.9724373697823679,1.0,1.0,1.0,1.0,1.0,0.9265836935945415,0.9265836935945415,0.9265836935945415,1.0,1.0,1.0,1.0,52.0,0.0,0.0,0.027126510116537036,13.0,0.0,0.0,0.008658062743115369,0.0
gtzan/gtzan_disco_00015/track.npy,gtzan,0.9215686274509803,0.901466423965878,0.901466423965878,0.901466423965878,0.9215686274509803,0.9215686274509803,0.9215686274509803,0.9215686274509803,0.9230769230769231,0.9062201248734529,0.9062201248734529,0.9062201248734529,1.0,1.0,1.0,1.0,69.0,0.0,0.0,0.0800427076735366,17.0,0.0,0.0,1.9803954843119451,0.0
gtzan/gtzan_disco_00016/track.npy,gtzan,1.0,0.9538693838898357,0.9538693838898357,0.9538693838898357,1.0,1.0,1.0,1.0,0.8666666666666666,0.8176545418723927,0.8176545418723927,0.8176545418723927,0.23529411764705882,0.5882352941176471,0.23529411764705882,0.5882352941176471,62.0,0.0,0.0,0.04082199452025435,22.0,0.0,0.0,0.7090108895863836,0.0
gtzan/gtzan_disco_00017/track.npy,gtzan,0.99009900990099,0.7308534906920231,0.7308534906920231,0.7308534906920231,0.9803921568627451,0.9803921568627451,0.9803921568627451,0.9803921568627451,1.0,0.7425357715523371,0.7425357715523371,0.7425357715523371,1.0,1.0,1.0,1.0,62.0,0.0,0.0,0.041672696400559706,16.0,0.0,0.0,0.012134376187076567,0.0
gtzan/gtzan_disco_00018/track.npy,gtzan,1.0,0.9679713573682778,0.9679713573682778,0.9679713573682778,1.0,1.0,1.0,1.0,1.0,0.9642386070309461,0.9642386070309461,0.9642386070309461,1.0,1.0,1.0,1.0,62.0,0.0,0.0,0.04082199452025435,15.0,0.0,0.0,0.015504186535964415,0.0
gtzan/gtzan_disco_00019/track.npy,gtzan,1.0,0.9653662279581547,0.9653662279581547,0.9653662279581547,1.0,1.0,1.0,1.0,0.4000000000000001,0.37619081332648213,0.37619081332648213,0.37619081332648213,0.0,0.0,0.0,0.0,59.0,0.0,0.0,0.03922071315328135,24.0,0.0,0.0,1.0857088838322027,0.0
gtzan/gtzan_disco_00020/track.npy,gtzan,0.9705882352941176,0.9065014528528588,0.9065014528528588,0.9065014528528588,0.9705882352941176,0.9705882352941176,0.9705882352941176,0.9705882352941176,0.761904761904762,0.6966987518882971,0.7735526179209922,0.7351256849046446,0.25,0.25,0.5294117647058824,0.5294117647058824,41.0,0.0,0.0,0.026668247082165475,16.0,0.0,0.0,0.25835012347965414,0.0
gtzan/gtzan_disco_00021/track.npy,gtzan,0.9777777777777777,0.8892132533130016,0.8892132533130016,0.8892132533130016,0.9777777777777777,0.9777777777777777,0.9777777777777777,0.9777777777777777,1.0,0.9208551986875807,0.9208551986875807,0.9208551986875807,1.0,1.0,1.0,1.0,55.0,0.0,0.0,0.036367644170875305,14.0,0.0,0.0,0.004576667027412551,0.0
gtzan/gtzan_disco_00022/track.npy,gtzan,1.0,0.9822224934797218,0.9822224934797218,0.9822224934797218,1.0,1.0,1.0,1.0,1.0,0.9767234717040455,0.9767234717040455,0.9767234717040455,1.0,1.0,1.0,1.0,60.0,0.0,0.0,0.020202707317522606,15.0,0.0,0.0,0.007007558427960985,0.0
gtzan/gtzan_disco_00023/track.npy,gtzan,1.0,0.9866794593364511,0.9866794593364511,0.9866794593364511,1.0,1.0,1.0,1.0,1.0,0.9851389968170343,0.9851389968170343,0.9851389968170343,1.0,1.0,1.0,1.0,57.0,0.0,0.0,0.037740327982843914,14.0,0.0,0.0,0.016447717312923778,0.0
gtzan/gtzan_disco_00024/track.npy,gtzan,1.0,0.8532834623517755,0.8532834623517755,0.8532834623517755,1.0,1.0,1.0,1.0,1.0,0.8525437185290804,0.8525437185290804,0.8525437185290804,1.0,1.0,1.0,1.0,64.0,0.0,0.0,0.04255961441879885,16.0,0.0,0.0,0.010695289116748297,0.0
gtzan/gtzan_disco_00025/track.npy,gtzan,1.0,0.8381136001902332,0.8381136001902332,0.8381136001902332,1.0,1.0,1.0,1.0,1.0,0.8243011187294377,0.8243011187294377,0.8243011187294377,1.0,1.0,1.0,1.0,62.0,0.0,0.0,0.020619287202739235,16.0,0.0,0.0,1.2100848593192375,0.0
gtzan/gtzan_disco_00026/track.npy,gtzan,1.0,0.9606589011397096,0.9606589011397096,0.9606589011397096,1.0,1.0,1.0,1.0,1.0,0.9614148739621365,0.9614148739621365,0.9614148739621365,1.0,1.0,1.0,1.0,60.0,0.0,0.0,0.039220713153280594,15.0,0.0,0.0,0.009950330853168942,0.0
gtzan/gtzan_disco_00027/track.npy,gtzan,1.0,0.9446941531536465,0.9446941531536465,0.9446941531536465,1.0,1.0,1.0,1.0,1.0,0.9400661148001466,0.9400661148001466,0.9400661148001466,1.0,1.0,1.0,1.0,56.0,0.0,0.0,0.03704127168035028,14.0,0.0,0.0,0.016064767610072438,0.0
gtzan/gtzan_disco_00028/track.npy,gtzan,1.0,0.869984192375392,0.869984192375392,0.869984192375392,1.0,1.0,1.0,1.0,1.0,0.862039693356244,0.862039693356244,0.862039693356244,1.0,1.0,1.0,1.0,61.0,0.0,0.0,0.022639557934483797,15.0,0.0,0.0,0.007114390290091459,0.0
gtzan/gtzan_disco_00029/track.npy,gtzan,1.0,0.9580491455220117,0.9580491455220117,0.9580491455220117,1.0,1.0,1.0,1.0,1.0,0.9537086282074072,0.9537086282074072,0.9537086282074072,1.0,1.0,1.0,1.0,53.0,0.0,0.0,0.017699577099399066,14.0,0.0,0.0,0.008750917715591782,0.0
gtzan/gtzan_disco_00030/track.npy,gtzan,0.9911504424778761,0.6787871483472429,0.6787871483472429,0.6787871483472429,0.9824561403508771,0.9824561403508771,0.9824561403508771,0.9824561403508771,1.0,0.6865909551179683,0.6865909551179683,0.6865909551179683,1.0,1.0,1.0,1.0,68.0,0.0,0.0,0.039086201484303223,17.0,0.0,0.0,0.014689638252926705,0.0
gtzan/gtzan_disco_00031/track.npy,gtzan,1.0,0.8789677068829329,0.8789677068829329,0.8789677068829329,1.0,1.0,1.0,1.0,0.0,4.94154990806607e-122,0.8262345059033634,0.4131172529516817,0.0,0.0,0.9230769230769231,0.9230769230769231,62.0,0.0,0.0,0.02105340919782825,15.0,0.0,0.0,0.02072613051711687,0.0
gtzan/gtzan_disco_00032/track.npy,gtzan,0.989247311827957,0.9500551670007719,0.9500551670007719,0.9500551670007719,0.9787234042553191,0.9787234042553191,0.9787234042553191,0.9787234042553191,1.0,0.9410841953133379,0.9410841953133379,0.9410841953133379,1.0,1.0,1.0,1.0,55.0,0.0,0.0,0.025556540869269638,14.0,0.0,0.0,0.013793322132335417,0.0
gtzan/gtzan_disco_00033/track.npy,gtzan,0.24299065420560748,0.208343871189705,0.6006418746722121,0.40449287293095854,0.24074074074074073,0.24074074074074073,0.7037037037037037,0.7037037037037037,0.23076923076923078,0.20024902610203454,0.20024902610203454,0.20024902610203454,1.0,1.0,1.0,1.0,64.0,0.0,0.0,0.021506205220974194,16.0,0.0,0.0,0.010678435954978933,0.0
gtzan/gtzan_disco_00034/track.npy,gtzan,0.9818181818181818,0.8116992277977229,0.8116992277977229,0.8116992277977229,0.9818181818181818,0.9818181818181818,0.9818181818181818,0.9818181818181818,1.0,0.8625544966758985,0.8625544966758985,0.8625544966758985,1.0,1.0,1.0,1.0,66.0,0.0,0.0,0.0903777180233125,16.0,0.0,0.0,0.03208831455149956,0.0
gtzan/gtzan_disco_00035/track.npy,gtzan,0.9803921568627451,0.9607021288801844,0.9607021288801844,0.9607021288801844,0.9803921568627451,0.9803921568627451,0.9803921568627451,0.9803921568627451,1.0,0.9766079262940413,0.9766079262940413,0.9766079262940413,1.0,1.0,1.0,1.0,61.0,0.0,0.0,0.04000533461369837,15.0,0.0,0.0,0.005073608976916976,0.0
gtzan/gtzan_disco_00036/track.npy,gtzan,1.0,0.9402180373078556,0.9402180373078556,0.9402180373078556,1.0,1.0,1.0,1.0,1.0,0.937100448483969,0.937100448483969,0.937100448483969,1.0,1.0,1.0,1.0,68.0,0.0,0.0,0.04445176257083289,17.0,0.0,0.0,0.016997576368570855,0.0
gtzan/gtzan_disco_00037/track.npy,gtzan,1.0,0.8653702356031957,0.8653702356031957,0.8653702356031957,1.0,1.0,1.0,1.0,1.0,0.8531610946873444,0.8531610946873444,0.8531610946873444,1.0,1.0,1.0,1.0,66.0,0.0,0.0,0.04334628731159762,16.0,0.0,0.0,0.020222546979636602,0.0
gtzan/gtzan_disco_00038/track.npy,gtzan,1.0,0.9072176850153294,0.9072176850153294,0.9072176850153294,1.0,1.0,1.0,1.0,1.0,0.9460506368823146,0.9460506368823146,0.9460506368823146,1.0,1.0,1.0,1.0,62.0,0.0,0.0,0.08588909812332987,16.0,0.0,0.0,0.017257460189963568,0.0
gtzan/gtzan_disco_00039/track.npy,gtzan,0.9787234042553191,0.948051056979937,0.948051056979937,0.948051056979937,0.9787234042553191,0.9787234042553191,0.9787234042553191,0.9787234042553191,1.0,0.9477923502300301,0.9477923502300301,0.9477923502300301,1.0,1.0,1.0,1.0,56.0,0.0,0.0,0.05646359816716014,14.0,0.0,0.0,0.018433701688835957,0.0
gtzan/gtzan_disco_00040/track.npy,gtzan,1.0,0.9843809864923474,0.9843809864923474,0.9843809864923474,1.0,1.0,1.0,1.0,1.0,0.9861654398246527,0.9861654398246527,0.9861654398246527,1.0,1.0,1.0,1.0,69.0,0.0,0.0,0.02298951822470241,18.0,0.0,0.0,0.007196373393997896,0.0
gtzan/gtzan_disco_00041/track.npy,gtzan,0.4943820224719101,0.4818739213291522,0.4818739213291522,0.4818739213291522,0.0,0.0,0.0,0.0,0.7058823529411764,0.6756072251275745,0.9619536543222407,0.8187804397249077,0.0,0.0,1.0,1.0,80.0,0.0,0.0,0.05406722127028,14.0,0.0,0.0,0.006421355261968589,0.0
gtzan/gtzan_disco_00042/track.npy,gtzan,0.9885057471264368,0.8370434842719562,0.8370434842719562,0.8370434842719562,0.9772727272727273,0.9772727272727273,0.9772727272727273,0.9772727272727273,1.0,0.8545747568952424,0.8545747568952424,0.8545747568952424,1.0,1.0,1.0,1.0,53.0,0.0,0.0,0.0689928714869536,13.0,0.0,0.0,0.017544309650909917,0.0
gtzan/gtzan_disco_00043/track.npy,gtzan,1.0,0.9839962640288972,0.9839962640288972,0.9839962640288972,1.0,1.0,1.0,1.0,1.0,0.9879596360267879,0.9879596360267879,0.9879596360267879,1.0,1.0,1.0,1.0,64.0,0.0,0.0,0.042559614418802294,16.0,0.0,0.0,0.016000341346440496,0.0
gtzan/gtzan_disco_00044/track.npy,gtzan,0.9902912621359222,0.8282850347942814,0.8282850347942814,0.8282850347942814,0.9807692307692307,0.9807692307692307,0.9807692307692307,0.9807692307692307,1.0,0.836370902082979,0.836370902082979,0.836370902082979,1.0,1.0,1.0,1.0,62.0,0.0,0.0,0.04167269640056728,15.0,0.0,0.0,0.015345569674660942,0.0
gtzan/gtzan_disco_00045/track.npy,gtzan,1.0,0.9293639169845077,0.9293639169845077,0.9293639169845077,1.0,1.0,1.0,1.0,1.0,0.9295244227962016,0.9295244227962016,0.9295244227962016,1.0,1.0,1.0,1.0,62.0,0.0,0.0,0.02162942256862154,15.0,0.0,0.0,0.010256500167189575,0.0
gtzan/gtzan_disco_00046/track.npy,gtzan,1.0,0.9669452284279382,0.9669452284279382,0.9669452284279382,1.0,1.0,1.0,1.0,1.0,0.9703026601779899,0.9703026601779899,0.9703026601779899,1.0,1.0,1.0,1.0,61.0,0.0,0.0,0.02218297004714167,15.0,0.0,0.0,0.012075656636121593,0.0
gtzan/gtzan_disco_00047/track.npy,gtzan,0.25,0.17626848248600654,0.18578785812665077,0.18102817030632867,0.0,0.0,0.0392156862745098,0.19607843137254902,0.0,0.0007265907695755367,0.0008476892311714595,0.0007871400003734981,0.0,0.0,0.1111111111111111,0.1111111111111111,62.0,0.0,0.0,0.18232155679395712,12.0,0.0,0.0,1.6964304715634981,0.0
gtzan/gtzan_disco_00048/track.npy,gtzan,1.0,0.9672380304678664,0.9672380304678664,0.9672380304678664,1.0,1.0,1.0,1.0,1.0,0.9693282826041257,0.9693282826041257,0.9693282826041257,1.0,1.0,1.0,1.0,51.0,0.0,0.0,0.03390155167568265,13.0,0.0,0.0,0.008403410796378907,0.0
gtzan/gtzan_disco_00049/track.npy,gtzan,1.0,0.9326450644284191,0.9326450644284191,0.9326450644284191,1.0,1.0,1.0,1.0,1.0,0.9316387393241783,0.9316387393241783,0.9316387393241783,1.0,1.0,1.0,1.0,60.0,0.0,0.0,0.020202707317519053,15.0,0.0,0.0,0.011985199071434775,0.0
gtzan/gtzan_disco_00050/track.npy,gtzan,0.989010989010989,0.9339117964563505,0.9339117964563505,0.9339117964563505,0.9782608695652174,0.9782608695652174,0.9782608695652174,0.9782608695652174,1.0,0.9353933362512907,0.9353933362512907,0.9353933362512907,1.0,1.0,1.0,1.0,55.0,0.0,0.0,0.01848633640577921,14.0,0.0,0.0,0.011219597735606986,0.0
gtzan/gtzan_disco_00051/track.npy,gtzan,0.9887640449438202,0.9350035079171343,0.9350035079171343,0.9350035079171343,0.9777777777777777,0.9777777777777777,0.9777777777777777,0.9777777777777777,0.9565217391304348,0.9229401573016756,0.9229401573016756,0.9229401573016756,0.9166666666666666,0.9166666666666666,0.9166666666666666,0.9166666666666666,55.0,0.0,0.0,0.03636764417087439,14.0,0.0,0.0,0.01536709253282267,0.0
gtzan/gtzan_disco_00052/track.npy,gtzan,1.0,0.9613581963721517,0.9613581963721517,0.9613581963721517,1.0,1.0,1.0,1.0,1.0,0.955867897685697,0.955867897685697,0.955867897685697,1.0,1.0,1.0,1.0,63.0,0.0,0.0,0.04167269640056703,16.0,0.0,0.0,0.010471299867295536,0.0
gtzan/gtzan_disco_00053/track.npy,gtzan,0.9043478260869565,0.38718800756243626,0.38718800756243626,0.38718800756243626,0.8448275862068966,0.9310344827586207,0.8448275862068966,0.9310344827586207,0.9285714285714286,0.3938684817845886,0.3938684817845886,0.3938684817845886,1.0,1.0,1.0,1.0,70.0,0.0,0.0,0.04652001563489183,20.0,0.0,0.0,0.12549481588809575,0.0
gtzan/gtzan_disco_00054/track.npy,gtzan,1.0,0.9701701279519529,0.9701701279519529,0.9701701279519529,1.0,1.0,1.0,1.0,1.0,0.957503805512486,0.957503805512486,0.957503805512486,1.0,1.0,1.0,1.0,57.0,0.0,0.0,0.037740327982847835,14.0,0.0,0.0,0.018949354104222698,0.0
gtzan/gtzan_disco_00055/track.npy,gtzan,0.8148148148148148,0.2934289217511163,0.2934289217511163,0.2934289217511163,1.0,1.0,1.0,1.0,0.9230769230769231,0.3074552944109977,0.3074552944109977,0.3074552944109977,1.0,1.0,1.0,1.0,65.0,0.0,0.0,0.043485111939733645,16.0,0.0,0.0,0.012756469259110673,0.0
gtzan/gtzan_disco_00056/track.npy,gtzan,1.0,0.9727565584025644,0.9727565584025644,0.9727565584025644,1.0,1.0,1.0,1.0,1.0,0.9903139991943966,0.9903139991943966,0.9903139991943966,1.0,1.0,1.0,1.0,44.0,0.0,0.0,0.029852963149680556,11.0,0.0,0.0,0.013195080275469628,0.0
gtzan/gtzan_disco_00057/track.npy,gtzan,1.0,0.9791713364871457,0.9791713364871457,0.9791713364871457,1.0,1.0,1.0,1.0,1.0,0.9735045777482346,0.9735045777482346,0.9735045777482346,1.0,1.0,1.0,1.0,59.0,0.0,0.0,0.03922071315328046,15.0,0.0,0.0,0.009852296443012332,0.0
gtzan/gtzan_disco_00058/track.npy,gtzan,1.0,0.6514494765123738,0.6514494765123738,0.6514494765123738,1.0,1.0,1.0,1.0,1.0,0.6426103960396464,0.6426103960396464,0.6426103960396464,1.0,1.0,1.0,1.0,66.0,0.0,0.0,0.021978906718778668,17.0,0.0,0.0,0.01098912157559423,0.0
gtzan/gtzan_disco_00059/track.npy,gtzan,1.0,0.956809088508161,0.956809088508161,0.956809088508161,1.0,1.0,1.0,1.0,1.0,0.9630291251537911,0.9630291251537911,0.9630291251537911,1.0,1.0,1.0,1.0,63.0,0.0,0.0,0.041672696400567255,15.0,0.0,0.0,0.012516672327057747,0.0
gtzan/gtzan_disco_00060/track.npy,gtzan,0.4587155963302752,0.21103694256223404,0.21103694256223404,0.21103694256223404,0.7090909090909091,0.9272727272727272,0.7090909090909091,0.9272727272727272,0.29629629629629634,0.1906269983974353,0.1906269983974353,0.1906269983974353,0.9285714285714286,0.9285714285714286,0.9285714285714286,0.9285714285714286,66.0,0.0,0.0,0.04348511193974471,17.0,0.0,0.0,0.012502207146213268,0.0
gtzan/gtzan_disco_00061/track.npy,gtzan,1.0,0.9221200854568177,0.9221200854568177,0.9221200854568177,1.0,1.0,1.0,1.0,1.0,0.9083551752942786,0.9083551752942786,0.9083551752942786,1.0,1.0,1.0,1.0,63.0,0.0,0.0,0.021053409197835604,16.0,0.0,0.0,0.010471299867296136,0.0
gtzan/gtzan_disco_00062/track.npy,gtzan,1.0,0.9805064211836179,0.9805064211836179,0.9805064211836179,1.0,1.0,1.0,1.0,1.0,0.9769316771476381,0.9769316771476381,0.9769316771476381,1.0,1.0,1.0,1.0,54.0,0.0,0.0,0.03636764417087783,14.0,0.0,0.0,0.015665152218113994,0.0
gtzan/gtzan_disco_00063/track.npy,gtzan,1.0,0.9275541299032938,0.9275541299032938,0.9275541299032938,1.0,1.0,1.0,1.0,1.0,0.933269512306947,0.933269512306947,0.933269512306947,1.0,1.0,1.0,1.0,65.0,0.0,0.0,0.04348511193973724,16.0,0.0,0.0,0.010869672236903716,0.0
gtzan/gtzan_disco_00064/track.npy,gtzan,1.0,0.9129474471308856,0.9129474471308856,0.9129474471308856,1.0,1.0,1.0,1.0,1.0,0.8892651935634609,0.8892651935634609,0.8892651935634609,1.0,1.0,1.0,1.0,61.0,0.0,0.0,0.04082199452025426,15.0,0.0,0.0,0.012260729974410071,0.0
gtzan/gtzan_disco_00065/track.npy,gtzan,1.0,0.6180845280048541,0.6180845280048541,0.6180845280048541,1.0,1.0,1.0,1.0,1.0,0.6118131703377061,0.6118131703377061,0.6118131703377061,1.0,1.0,1.0,1.0,66.0,0.0,0.0,0.04445176257083272,16.0,0.0,0.0,0.02385069909700494,0.0
gtzan/gtzan_disco_00066/track.npy,gtzan,1.0,0.9314621760913677,0.9314621760913677,0.9314621760913677,1.0,1.0,1.0,1.0,1.0,0.9194182967498135,0.9194182967498135,0.9194182967498135,1.0,1.0,1.0,1.0,67.0,0.0,0.0,0.08943973740181743,16.0,0.0,0.0,0.037107051655776976,0.0
gtzan/gtzan_disco_00067/track.npy,gtzan,1.0,0.947579208519717,0.947579208519717,0.947579208519717,1.0,1.0,1.0,1.0,1.0,0.9544663591403001,0.9544663591403001,0.9544663591403001,1.0,1.0,1.0,1.0,50.0,0.0,0.0,0.03390155167568665,12.0,0.0,0.0,0.00837189763962451,0.0
gtzan/gtzan_disco_00068/track.npy,gtzan,1.0,0.9039061689833564,0.9039061689833564,0.9039061689833564,1.0,1.0,1.0,1.0,1.0,0.9235287963057087,0.9235287963057087,0.9235287963057087,1.0,1.0,1.0,1.0,54.0,0.0,0.0,0.03601038530803864,13.0,0.0,0.0,0.01118614887726671,0.0
gtzan/gtzan_disco_00069/track.npy,gtzan,1.0,0.9251949789905892,0.9251949789905892,0.9251949789905892,1.0,1.0,1.0,1.0,1.0,0.9098736644264342,0.9098736644264342,0.9098736644264342,1.0,1.0,1.0,1.0,54.0,0.0,0.0,0.01816729042716661,13.0,0.0,0.0,0.013453185334714013,0.0
gtzan/gtzan_disco_00070/track.npy,gtzan,1.0,0.893515513478683,0.893515513478683,0.893515513478683,1.0,1.0,1.0,1.0,1.0,0.8768999399304409,0.8768999399304409,0.8768999399304409,1.0,1.0,1.0,1.0,55.0,0.0,0.0,0.036367644170876234,14.0,0.0,0.0,0.020389958492621766,0.0
gtzan/gtzan_disco_00071/track.npy,gtzan,1.0,0.9593059638598882,0.9593059638598882,0.9593059638598882,1.0,1.0,1.0,1.0,1.0,0.9529199209871119,0.9529199209871119,0.9529199209871119,1.0,1.0,1.0,1.0,57.0,0.0,0.0,0.03774032798284723,14.0,0.0,0.0,0.011682159029828207,0.0
gtzan/gtzan_disco_00072/track.npy,gtzan,1.0,0.9720913853874881,0.9720913853874881,0.9720913853874881,1.0,1.0,1.0,1.0,1.0,0.9795459986736625,0.9795459986736625,0.9795459986736625,1.0,1.0,1.0,1.0,69.0,0.0,0.0,0.046202723167446065,17.0,0.0,0.0,0.013128417084327132,0.0
gtzan/gtzan_disco_00073/track.npy,gtzan,1.0,0.8968764421033356,0.8968764421033356,0.8968764421033356,1.0,1.0,1.0,1.0,1.0,0.8875400171013265,0.8875400171013265,0.8875400171013265,1.0,1.0,1.0,1.0,57.0,0.0,0.0,0.03774032798285287,14.0,0.0,0.0,0.009478743954544311,0.0
gtzan/gtzan_disco_00074/track.npy,gtzan,1.0,0.972002446665859,0.972002446665859,0.972002446665859,1.0,1.0,1.0,1.0,1.0,0.9756843863789526,0.9756843863789526,0.9756843863789526,1.0,1.0,1.0,1.0,56.0,0.0,0.0,0.03774032798284632,14.0,0.0,0.0,0.014051753455650401,0.0
gtzan/gtzan_disco_00075/track.npy,gtzan,1.0,0.791938529342905,0.791938529342905,0.791938529342905,1.0,1.0,1.0,1.0,1.0,0.8019648400271125,0.8019648400271125,0.8019648400271125,1.0,1.0,1.0,1.0,67.0,0.0,0.0,0.0392826607222022,17.0,0.0,0.0,0.018200615466047537,0.0
gtzan/gtzan_disco_00076/track.npy,gtzan,0.9906542056074767,0.9408524023903896,0.9408524023903896,0.9408524023903896,0.9814814814814815,0.9814814814814815,0.9814814814814815,0.9814814814814815,1.0,0.9524585387671233,0.9524585387671233,0.9524585387671233,1.0,1.0,1.0,1.0,64.0,0.0,0.0,0.04255961441879613,17.0,0.0,0.0,0.5236312274095716,0.0
gtzan/gtzan_disco_00077/track.npy,gtzan,0.9896907216494846,0.9500030096587178,0.9500030096587178,0.9500030096587178,0.9795918367346939,0.9795918367346939,0.9795918367346939,0.9795918367346939,0.9600000000000001,0.919574452108778,0.919574452108778,0.919574452108778,0.9230769230769231,0.9230769230769231,0.9230769230769231,0.9230769230769231,59.0,0.0,0.0,0.0392207131532815,15.0,0.0,0.0,0.011808290560687943,0.0
gtzan/gtzan_disco_00078/track.npy,gtzan,1.0,0.9051868566097763,0.9051868566097763,0.9051868566097763,1.0,1.0,1.0,1.0,1.0,0.874416521074967,0.874416521074967,0.874416521074967,1.0,1.0,1.0,1.0,65.0,0.0,0.0,0.04339256218764609,17.0,0.0,0.0,0.6061153667944055,0.0
gtzan/gtzan_disco_00079/track.npy,gtzan,1.0,0.9830242778897113,0.9830242778897113,0.9830242778897113,1.0,1.0,1.0,1.0,1.0,0.9838253184853236,0.9838253184853236,0.9838253184853236,1.0,1.0,1.0,1.0,61.0,0.0,0.0,0.020202707317522606,16.0,0.0,0.0,0.005037794029957304,0.0
gtzan/gtzan_disco_00080/track.npy,gtzan,1.0,0.9680382083467255,0.9680382083467255,0.9680382083467255,1.0,1.0,1.0,1.0,1.0,0.9610993311222968,0.9610993311222968,0.9610993311222968,1.0,1.0,1.0,1.0,50.0,0.0,0.0,0.032789822822995036,13.0,0.0,0.0,0.012346306295186404,0.0
gtzan/gtzan_disco_00081/track.npy,gtzan,1.0,0.8663096048288452,0.8663096048288452,0.8663096048288452,1.0,1.0,1.0,1.0,1.0,0.8534828104201523,0.8534828104201523,0.8534828104201523,1.0,1.0,1.0,1.0,65.0,0.0,0.0,0.021978906718778668,17.0,0.0,0.0,0.019382838734895068,0.0
gtzan/gtzan_disco_00082/track.npy,gtzan,1.0,0.9755513570269481,0.9755513570269481,0.9755513570269481,1.0,1.0,1.0,1.0,1.0,0.9753325761251143,0.9753325761251143,0.9753325761251143,1.0,1.0,1.0,1.0,62.0,0.0,0.0,0.020619287202738867,15.0,0.0,0.0,0.012355409925569464,0.0
gtzan/gtzan_disco_00083/track.npy,gtzan,1.0,0.9595408339706187,0.9595408339706187,0.9595408339706187,1.0,1.0,1.0,1.0,1.0,0.9605282199283881,0.9605282199283881,0.9605282199283881,1.0,1.0,1.0,1.0,58.0,0.0,0.0,0.03922071315328057,14.0,0.0,0.0,0.0070666830335592646,0.0
gtzan/gtzan_disco_00084/track.npy,gtzan,0.9894736842105264,0.9774488144909559,0.9774488144909559,0.9774488144909559,0.9791666666666666,0.9791666666666666,0.9791666666666666,0.9791666666666666,1.0,0.9878748769342519,0.9878748769342519,0.9878748769342519,1.0,1.0,1.0,1.0,58.0,0.0,0.0,0.01904819497069743,14.0,0.0,0.0,0.006944147702189199,0.0
gtzan/gtzan_disco_00085/track.npy,gtzan,1.0,0.9354592297602858,0.9354592297602858,0.9354592297602858,1.0,1.0,1.0,1.0,0.896551724137931,0.8446033327887851,0.8446033327887851,0.8446033327887851,0.625,0.625,0.625,0.625,62.0,0.0,0.0,0.020619287202746195,19.0,0.0,0.0,0.14691966574042348,0.0
gtzan/gtzan_disco_00086/track.npy,gtzan,1.0,0.9100601071372907,0.9100601071372907,0.9100601071372907,1.0,1.0,1.0,1.0,1.0,0.9286791498588927,0.9286791498588927,0.9286791498588927,1.0,1.0,1.0,1.0,63.0,0.0,0.0,0.04255961441879885,16.0,0.0,0.0,0.017659145610084435,0.0
gtzan/gtzan_disco_00087/track.npy,gtzan,1.0,0.960205552995784,0.960205552995784,0.960205552995784,1.0,1.0,1.0,1.0,1.0,0.9620334676290856,0.9620334676290856,0.9620334676290856,1.0,1.0,1.0,1.0,53.0,0.0,0.0,0.035091319811271005,13.0,0.0,0.0,0.019781274254974113,0.0
gtzan/gtzan_disco_00088/track.npy,gtzan,1.0,0.9138337836257974,0.9138337836257974,0.9138337836257974,1.0,1.0,1.0,1.0,1.0,0.9034268213401954,0.9034268213401954,0.9034268213401954,1.0,1.0,1.0,1.0,62.0,0.0,0.0,0.04082199452025613,15.0,0.0,0.0,0.015504186535965081,0.0
gtzan/gtzan_disco_00089/track.npy,gtzan,0.7777777777777778,0.2848269767501175,0.2848269767501175,0.2848269767501175,0.9814814814814815,0.9814814814814815,0.9814814814814815,0.9814814814814815,0.6666666666666666,0.25572437716307844,0.25572437716307844,0.25572437716307844,0.9285714285714286,0.9285714285714286,0.9285714285714286,0.9285714285714286,65.0,0.0,0.0,0.04255961441879497,17.0,0.0,0.0,0.01619915773345517,0.0
gtzan/gtzan_disco_00090/track.npy,gtzan,0.9906542056074767,0.9090782905521646,0.9090782905521646,0.9090782905521646,0.9814814814814815,0.9814814814814815,0.9814814814814815,0.9814814814814815,1.0,0.9243626801682516,0.9243626801682516,0.9243626801682516,1.0,1.0,1.0,1.0,65.0,0.0,0.0,0.04255961441879856,16.0,0.0,0.0,0.01779213540538341,0.0
gtzan/gtzan_disco_00091/track.npy,gtzan,1.0,0.94064272865212,0.94064272865212,0.94064272865212,1.0,1.0,1.0,1.0,0.9090909090909091,0.8491131664467363,0.8491131664467363,0.8491131664467363,0.6666666666666666,0.6666666666666666,0.6666666666666666,0.6666666666666666,51.0,0.0,0.0,0.026724699487108088,16.0,0.0,0.0,0.24367491450300607,0.0
gtzan/gtzan_disco_00092/track.npy,gtzan,1.0,0.973930875261027,0.973930875261027,0.973930875261027,1.0,1.0,1.0,1.0,1.0,0.9783021672409941,0.9783021672409941,0.9783021672409941,1.0,1.0,1.0,1.0,58.0,0.0,0.0,0.019418085857101586,14.0,0.0,0.0,0.011769335487735835,0.0
gtzan/gtzan_disco_00093/track.npy,gtzan,1.0,0.9698891277827058,0.9698891277827058,0.9698891277827058,1.0,1.0,1.0,1.0,1.0,0.9815871803462187,0.9815871803462187,0.9815871803462187,1.0,1.0,1.0,1.0,55.0,0.0,0.0,0.036367644170877525,13.0,0.0,0.0,0.02072242673142266,0.0
gtzan/gtzan_disco_00094/track.npy,gtzan,1.0,0.9902838505951223,0.9902838505951223,0.9902838505951223,1.0,1.0,1.0,1.0,0.8823529411764706,0.8720096420730956,0.8720096420730956,0.8720096420730956,0.5789473684210527,0.5789473684210527,0.5789473684210527,0.5789473684210527,70.0,0.0,0.0,0.02334115469527301,22.0,0.0,0.0,0.04535195507318409,0.0
gtzan/gtzan_disco_00095/track.npy,gtzan,1.0,0.983945133236268,0.983945133236268,0.983945133236268,1.0,1.0,1.0,1.0,1.0,0.9872103143363419,0.9872103143363419,0.9872103143363419,1.0,1.0,1.0,1.0,60.0,0.0,0.0,0.040821994520254826,15.0,0.0,0.0,0.015113637810047997,0.0
gtzan/gtzan_disco_00096/track.npy,gtzan,1.0,0.8859536411327015,0.8859536411327015,0.8859536411327015,1.0,1.0,1.0,1.0,1.0,0.8879173588796326,0.8879173588796326,0.8879173588796326,1.0,1.0,1.0,1.0,51.0,0.0,0.0,0.03390155167568054,13.0,0.0,0.0,0.02123222010577397,0.0
gtzan/gtzan_disco_00097/track.npy,gtzan,0.9908256880733944,0.5141830469109542,0.5141830469109542,0.5141830469109542,0.9818181818181818,0.9818181818181818,0.9818181818181818,0.9818181818181818,1.0,0.5158974715015762,0.5158974715015762,0.5158974715015762,1.0,1.0,1.0,1.0,66.0,0.0,0.0,0.06595796779179597,16.0,0.0,0.0,0.010852270154005856,0.0
gtzan/gtzan_disco_00098/track.npy,gtzan,0.9902912621359222,0.9805252258580235,0.9805252258580235,0.9805252258580235,0.9807692307692307,0.9807692307692307,0.9807692307692307,0.9807692307692307,1.0,0.9849303830227727,0.9849303830227727,0.9849303830227727,1.0,1.0,1.0,1.0,62.0,0.0,0.0,0.040821994520255145,15.0,0.0,0.0,0.009176049252377524,0.0
gtzan/gtzan_disco_00099/track.npy,gtzan,0.9902912621359222,0.978750087383391,0.978750087383391,0.978750087383391,0.9807692307692307,0.9807692307692307,0.9807692307692307,0.9807692307692307,1.0,0.9809732945924986,0.9809732945924986,0.9809732945924986,1.0,1.0,1.0,1.0,62.0,0.0,0.0,0.040821994520255145,15.0,0.0,0.0,0.009176049252377524,0.0
gtzan/gtzan_hiphop_00000/track.npy,gtzan,1.0,0.9024236204362385,0.9024236204362385,0.9024236204362385,1.0,1.0,1.0,1.0,1.0,0.9091629712431512,0.9091629712431512,0.9091629712431512,1.0,1.0,1.0,1.0,60.0,0.0,0.0,0.03922071315328046,15.0,0.0,0.0,0.006972657247890528,0.0
gtzan/gtzan_hiphop_00001/track.npy,gtzan,0.9870129870129869,0.9232948430938014,0.9232948430938014,0.9232948430938014,0.9743589743589743,0.9743589743589743,0.9743589743589743,0.9743589743589743,1.0,0.947110624861905,0.947110624861905,0.947110624861905,1.0,1.0,1.0,1.0,45.0,0.0,0.0,0.03077165866675332,11.0,0.0,0.0,0.007604599385219513,0.0
gtzan/gtzan_hiphop_00002/track.npy,gtzan,1.0,0.8886145121465102,0.8886145121465102,0.8886145121465102,1.0,1.0,1.0,1.0,1.0,0.884020169773849,0.884020169773849,0.884020169773849,1.0,1.0,1.0,1.0,50.0,0.0,0.0,0.032789822822995036,12.0,0.0,0.0,0.006435446114980776,0.0
gtzan/gtzan_hiphop_00003/track.npy,gtzan,0.9873417721518987,0.9542326591972593,0.9542326591972593,0.9542326591972593,0.975,0.975,0.975,0.975,0.1818181818181818,0.1649635813585566,0.835132071135422,0.5000478262469893,0.0,0.0,0.5,0.6666666666666666,46.0,0.0,0.0,0.030771658666758572,13.0,0.0,0.0,0.6931772277340184,0.0
gtzan/gtzan_hiphop_00004/track.npy,gtzan,1.0,0.9923458277907115,0.9923458277907115,0.9923458277907115,1.0,1.0,1.0,1.0,1.0,0.9905596840008849,0.9905596840008849,0.9905596840008849,1.0,1.0,1.0,1.0,48.0,0.0,0.0,5.717648576819556e-15,12.0,0.0,0.0,6.661338147750939e-16,0.0
gtzan/gtzan_hiphop_00005/track.npy,gtzan,0.9833333333333333,0.8495747634667864,0.8495747634667864,0.8495747634667864,0.9666666666666667,0.9666666666666667,0.9666666666666667,0.9666666666666667,1.0,0.8111087368033264,0.8111087368033264,0.8111087368033264,1.0,1.0,1.0,1.0,72.0,0.0,0.0,0.04712943397979452,18.0,0.0,0.0,0.013300737510101024,0.0
gtzan/gtzan_hiphop_00006/track.npy,gtzan,0.9879518072289156,0.9755433072487405,0.9755433072487405,0.9755433072487405,0.9761904761904762,0.9761904761904762,0.9761904761904762,0.9761904761904762,0.5185185185185185,0.513507095899858,0.8265060889740856,0.6700065924369718,0.058823529411764705,0.058823529411764705,0.2631578947368421,0.5789473684210527,50.0,0.0,0.0,0.01652930195121215,21.0,0.0,0.0,0.693984005526998,0.0
gtzan/gtzan_hiphop_00007/track.npy,gtzan,0.94,0.8533496328325298,0.8533496328325298,0.8533496328325298,0.94,0.94,0.94,0.94,0.9230769230769231,0.8235355151389854,0.8235355151389854,0.8235355151389854,1.0,1.0,1.0,1.0,60.0,0.0,0.0,0.020202707317522606,15.0,0.0,0.0,0.0050377940299583205,0.0
gtzan/gtzan_hiphop_00008/track.npy,gtzan,1.0,0.8896611015465038,0.8896611015465038,0.8896611015465038,1.0,1.0,1.0,1.0,1.0,0.8447030443509237,0.8447030443509237,0.8447030443509237,1.0,1.0,1.0,1.0,43.0,0.0,0.0,0.02817087696670073,11.0,0.0,0.0,0.01822654230859517,0.0
gtzan/gtzan_hiphop_00009/track.npy,gtzan,0.9772727272727273,0.9306273808987146,0.9306273808987146,0.9306273808987146,0.9772727272727273,0.9772727272727273,0.9772727272727273,0.9772727272727273,1.0,0.9324025475956652,0.9324025475956652,0.9324025475956652,1.0,1.0,1.0,1.0,52.0,0.0,0.0,0.03390155167568054,13.0,0.0,0.0,0.010762073939907302,0.0
gtzan/gtzan_hiphop_00010/track.npy,gtzan,0.9876543209876543,0.9237398669588296,0.9237398669588296,0.9237398669588296,0.975609756097561,0.975609756097561,0.975609756097561,0.975609756097561,1.0,0.9722352224721907,0.9722352224721907,0.9722352224721907,1.0,1.0,1.0,1.0,48.0,0.0,0.0,0.03174869831457991,12.0,0.0,0.0,0.00620363309578429,0.0
gtzan/gtzan_hiphop_00011/track.npy,gtzan,1.0,0.9617394776294772,0.9617394776294772,0.9617394776294772,1.0,1.0,1.0,1.0,1.0,0.970407079874516,0.970407079874516,0.970407079874516,1.0,1.0,1.0,1.0,50.0,0.0,0.0,0.027195876245677365,12.0,0.0,0.0,0.006462276992246559,0.0
gtzan/gtzan_hiphop_00012/track.npy,gtzan,0.9879518072289156,0.8850440167079077,0.8850440167079077,0.8850440167079077,0.9761904761904762,0.9761904761904762,0.9761904761904762,0.9761904761904762,1.0,0.9011589404277652,0.9011589404277652,0.9011589404277652,1.0,1.0,1.0,1.0,49.0,0.0,0.0,0.03278982282299041,12.0,0.0,0.0,0.006330314214726424,0.0
gtzan/gtzan_hiphop_00013/track.npy,gtzan,1.0,0.9726834648783715,0.9726834648783715,0.9726834648783715,1.0,1.0,1.0,1.0,1.0,0.9809469802532814,0.9809469802532814,0.9809469802532814,1.0,1.0,1.0,1.0,51.0,0.0,0.0,0.03390155167568665,13.0,0.0,0.0,0.010597924597612163,0.0
gtzan/gtzan_hiphop_00014/track.npy,gtzan,1.0,0.9359579041451028,0.9359579041451028,0.9359579041451028,1.0,1.0,1.0,1.0,0.9032258064516129,0.8541283717761446,0.8541283717761446,0.8541283717761446,0.5882352941176471,0.7058823529411765,0.5882352941176471,0.7058823529411765,67.0,0.0,0.0,0.044451762570839645,22.0,0.0,0.0,0.7047681677298,0.0
gtzan/gtzan_hiphop_00015/track.npy,gtzan,1.0,0.9352108735324199,0.9352108735324199,0.9352108735324199,1.0,1.0,1.0,1.0,1.0,0.949021719954772,0.949021719954772,0.949021719954772,1.0,1.0,1.0,1.0,50.0,0.0,0.0,0.03314511116198284,12.0,0.0,0.0,0.008667567191114696,0.0
gtzan/gtzan_hiphop_00016/track.npy,gtzan,1.0,0.9561427307683562,0.9561427307683562,0.9561427307683562,1.0,1.0,1.0,1.0,1.0,0.9420439505067494,0.9420439505067494,0.9420439505067494,1.0,1.0,1.0,1.0,51.0,0.0,0.0,0.016807118316383818,13.0,0.0,0.0,0.004210532536343459,0.0
gtzan/gtzan_hiphop_00017/track.npy,gtzan,0.9876543209876543,0.9321238647618922,0.9321238647618922,0.9321238647618922,0.975609756097561,0.975609756097561,0.975609756097561,0.975609756097561,1.0,0.9396964499091285,0.9396964499091285,0.9396964499091285,1.0,1.0,1.0,1.0,49.0,0.0,0.0,0.03278982282299475,12.0,0.0,0.0,0.008148377589000583,0.0
gtzan/gtzan_hiphop_00018/track.npy,gtzan,0.7916666666666666,0.6924640811012951,0.6924640811012951,0.6924640811012951,0.28846153846153844,0.6346153846153846,0.28846153846153844,0.6346153846153846,0.8333333333333333,0.7071857061214555,0.7071857061214555,0.7071857061214555,0.3076923076923077,0.6153846153846154,0.3076923076923077,0.6153846153846154,61.0,0.0,0.0,0.2549511926979935,15.0,0.0,0.0,1.3284956957568348,0.0
gtzan/gtzan_hiphop_00019/track.npy,gtzan,1.0,0.9500646622979586,0.9500646622979586,0.9500646622979586,1.0,1.0,1.0,1.0,1.0,0.9381646449956783,0.9381646449956783,0.9381646449956783,1.0,1.0,1.0,1.0,51.0,0.0,0.0,0.03390155167568478,14.0,0.0,0.0,0.31320324005713346,0.0
gtzan/gtzan_hiphop_00020/track.npy,gtzan,0.9896907216494846,0.8971173852800189,0.8971173852800189,0.8971173852800189,0.9795918367346939,0.9795918367346939,0.9795918367346939,0.9795918367346939,0.9600000000000001,0.8451072061340287,0.8451072061340287,0.8451072061340287,0.9230769230769231,0.9230769230769231,0.9230769230769231,0.9230769230769231,58.0,0.0,0.0,0.019418085857104694,14.0,0.0,0.0,0.011851696254764496,0.0
gtzan/gtzan_hiphop_00021/track.npy,gtzan,1.0,0.9509428998416606,0.9509428998416606,0.9509428998416606,1.0,1.0,1.0,1.0,1.0,0.9604264222098795,0.9604264222098795,0.9604264222098795,1.0,1.0,1.0,1.0,50.0,0.0,0.0,0.03390155167568665,12.0,0.0,0.0,0.01074495168888457,0.0
gtzan/gtzan_hiphop_00022/track.npy,gtzan,1.0,0.9563934182185673,0.9563934182185673,0.9563934182185673,1.0,1.0,1.0,1.0,1.0,0.95058380693885,0.95058380693885,0.95058380693885,1.0,1.0,1.0,1.0,50.0,0.0,0.0,0.033901551675681166,13.0,0.0,0.0,0.010517578851140963,0.0
gtzan/gtzan_hiphop_00023/track.npy,gtzan,0.9873417721518987,0.9442269441856778,0.9442269441856778,0.9442269441856778,0.975,0.975,0.975,0.975,1.0,0.9648337994761922,0.9648337994761922,0.9648337994761922,1.0,1.0,1.0,1.0,47.0,0.0,0.0,0.031252543504103766,12.0,0.0,0.0,0.00784317746102684,0.0
gtzan/gtzan_hiphop_00024/track.npy,gtzan,1.0,0.9804685059945516,0.9804685059945516,0.9804685059945516,1.0,1.0,1.0,1.0,1.0,0.9835617965538421,0.9835617965538421,0.9835617965538421,1.0,1.0,1.0,1.0,51.0,0.0,0.0,0.03390155167567728,13.0,0.0,0.0,0.010624857722669023,0.0
gtzan/gtzan_hiphop_00025/track.npy,gtzan,0.9772727272727273,0.9101239238297665,0.9101239238297665,0.9101239238297665,1.0,1.0,1.0,1.0,1.0,0.9155739766265857,0.9155739766265857,0.9155739766265857,1.0,1.0,1.0,1.0,53.0,0.0,0.0,0.035091319811275556,13.0,0.0,0.0,0.011057297654259057,0.0
gtzan/gtzan_hiphop_00026/track.npy,gtzan,1.0,0.9769514087725003,0.9769514087725003,0.9769514087725003,1.0,1.0,1.0,1.0,1.0,0.9821940483254729,0.9821940483254729,0.9821940483254729,1.0,1.0,1.0,1.0,52.0,0.0,0.0,0.01709443335930283,13.0,0.0,0.0,0.01067020601918267,0.0
gtzan/gtzan_hiphop_00027/track.npy,gtzan,1.0,0.9668839019531204,0.9668839019531204,0.9668839019531204,1.0,1.0,1.0,1.0,0.10000000000000002,0.0998750780924578,0.9070588284465173,0.5034669532694875,0.0,0.0,0.9,0.9,46.0,0.0,0.0,0.030771658666754353,12.0,0.0,0.0,0.39305012870325134,0.0
gtzan/gtzan_hiphop_00028/track.npy,gtzan,0.9473684210526315,0.6801174146949577,0.6801174146949577,0.6801174146949577,1.0,1.0,1.0,1.0,0.9473684210526316,0.6863964014249038,0.6863964014249038,0.6863964014249038,0.7,0.7,0.7,0.7,45.0,0.0,0.0,0.029852963149683037,14.0,0.0,0.0,0.6911063618918499,0.0
gtzan/gtzan_hiphop_00029/track.npy,gtzan,1.0,0.9880888461553597,0.9880888461553597,0.9880888461553597,1.0,1.0,1.0,1.0,1.0,0.997419484075517,0.997419484075517,0.997419484075517,1.0,1.0,1.0,1.0,48.0,0.0,0.0,0.03077165866675302,12.0,0.0,0.0,0.0060111622542536065,0.0
gtzan/gtzan_hiphop_00030/track.npy,gtzan,0.757396449704142,0.7315523936733751,0.750131484538889,0.740841939106132,0.1702127659574468,0.44680851063829785,0.1702127659574468,0.44680851063829785,0.7234042553191489,0.6891406346307654,0.6891406346307654,0.6891406346307654,0.17857142857142858,0.6428571428571429,0.17857142857142858,0.6428571428571429,110.0,0.0,0.3944954128440367,0.7433232652739923,32.0,0.0,0.25806451612903225,2.06397787911526,0.0
gtzan/gtzan_hiphop_00031/track.npy,gtzan,1.0,0.989790494008444,0.989790494008444,0.989790494008444,1.0,1.0,1.0,1.0,1.0,0.992007218872517,0.992007218872517,0.992007218872517,1.0,1.0,1.0,1.0,50.0,0.0,0.0,0.03390155167568054,12.0,0.0,0.0,0.00419287826003667,0.0
gtzan/gtzan_hiphop_00032/track.npy,gtzan,0.9879518072289156,0.6524798521612628,0.6524798521612628,0.6524798521612628,0.9761904761904762,0.9761904761904762,0.9761904761904762,0.9761904761904762,1.0,0.7167109643243235,0.7167109643243235,0.7167109643243235,1.0,1.0,1.0,1.0,51.0,0.0,0.0,0.043318785353893705,13.0,0.0,0.0,0.03932540673553114,0.0
gtzan/gtzan_hiphop_00033/track.npy,gtzan,1.0,0.9437509078764684,0.9437509078764684,0.9437509078764684,1.0,1.0,1.0,1.0,1.0,0.947716538652722,0.947716538652722,0.947716538652722,1.0,1.0,1.0,1.0,49.0,0.0,0.0,0.03278982282299309,12.0,0.0,0.0,0.00809721023261974,0.0
gtzan/gtzan_hiphop_00034/track.npy,gtzan,0.926829268292683,0.7548831134180646,0.7548831134180646,0.7548831134180646,0.9512195121951219,0.975609756097561,0.9512195121951219,0.975609756097561,0.9,0.7636973611796497,0.7636973611796497,0.7636973611796497,1.0,1.0,1.0,1.0,50.0,0.0,0.0,0.02651914531521102,12.0,0.0,0.0,0.020799166791019456,0.0
gtzan/gtzan_hiphop_00035/track.npy,gtzan,1.0,0.9398818815910377,0.9398818815910377,0.9398818815910377,1.0,1.0,1.0,1.0,1.0,0.9168374766153247,0.9168374766153247,0.9168374766153247,1.0,1.0,1.0,1.0,43.0,0.0,0.0,0.0555698511548145,11.0,0.0,0.0,0.012654034968408955,0.0
gtzan/gtzan_hiphop_00036/track.npy,gtzan,1.0,0.9262660762025098,0.9262660762025098,0.9262660762025098,1.0,1.0,1.0,1.0,1.0,0.9193459620350682,0.9193459620350682,0.9193459620350682,1.0,1.0,1.0,1.0,60.0,0.0,0.0,0.03922071315328046,15.0,0.0,0.0,0.016446569468307286,0.0
gtzan/gtzan_hiphop_00037/track.npy,gtzan,1.0,0.9640208595142044,0.9640208595142044,0.9640208595142044,1.0,1.0,1.0,1.0,1.0,0.9738024386893621,0.9738024386893621,0.9738024386893621,1.0,1.0,1.0,1.0,37.0,0.0,0.0,0.02409755157906019,9.0,0.0,0.0,0.0029985029962570795,0.0
gtzan/gtzan_hiphop_00038/track.npy,gtzan,1.0,0.978992546682764,0.978992546682764,0.978992546682764,1.0,1.0,1.0,1.0,1.0,0.985543955947087,0.985543955947087,0.985543955947087,1.0,1.0,1.0,1.0,47.0,0.0,0.0,0.042801960558385144,11.0,0.0,0.0,0.007633624855071708,0.0
gtzan/gtzan_hiphop_00039/track.npy,gtzan,1.0,0.9679143134334418,0.9679143134334418,0.9679143134334418,1.0,1.0,1.0,1.0,1.0,0.9366364939121095,0.9366364939121095,0.9366364939121095,1.0,1.0,1.0,1.0,49.0,0.0,0.0,0.031748698314585266,13.0,0.0,0.0,0.007905179507113447,0.0
gtzan/gtzan_hiphop_00040/track.npy,gtzan,1.0,0.9723545331113479,0.9723545331113479,0.9723545331113479,1.0,1.0,1.0,1.0,1.0,0.9679303761334553,0.9679303761334553,0.9679303761334553,1.0,1.0,1.0,1.0,41.0,0.0,0.0,0.026668247082160763,10.0,0.0,0.0,0.011007940917930744,0.0
gtzan/gtzan_hiphop_00041/track.npy,gtzan,0.9873417721518987,0.9697047524528293,0.9697047524528293,0.9697047524528293,0.975,0.975,0.975,0.975,1.0,0.9750568006907848,0.9750568006907848,0.9750568006907848,1.0,1.0,1.0,1.0,48.0,0.0,0.0,0.06062462181643445,13.0,0.0,0.0,0.6248624957376453,0.0
gtzan/gtzan_hiphop_00042/track.npy,gtzan,1.0,0.8194672241130241,0.8194672241130241,0.8194672241130241,1.0,1.0,1.0,1.0,0.0,5.260130375243841e-222,0.7592712848104466,0.3796356424052233,0.0,0.0,0.9,0.9,47.0,0.0,0.0,0.031748698314580125,12.0,0.0,0.0,0.011755562484680251,0.0
gtzan/gtzan_hiphop_00043/track.npy,gtzan,1.0,0.9399271497497071,0.9399271497497071,0.9399271497497071,1.0,1.0,1.0,1.0,1.0,0.9559878999026712,0.9559878999026712,0.9559878999026712,1.0,1.0,1.0,1.0,46.0,0.0,0.0,0.029852963149680934,12.0,0.0,0.0,0.020803095123617443,0.0
gtzan/gtzan_hiphop_00044/track.npy,gtzan,0.8846153846153846,0.7596262071912384,0.7596262071912384,0.7596262071912384,0.8518518518518519,0.8518518518518519,0.8518518518518519,0.8518518518518519,0.06896551724137931,0.04137379877091374,0.0880666689373805,0.06472023385414712,0.0625,0.0625,0.0625,0.0625,74.0,0.0,0.0136986301369863,0.24573062397569678,17.0,0.0,0.0,1.2022985209508579,0.0
gtzan/gtzan_hiphop_00045/track.npy,gtzan,1.0,0.9679143134334418,0.9679143134334418,0.9679143134334418,1.0,1.0,1.0,1.0,1.0,0.9366364939121095,0.9366364939121095,0.9366364939121095,1.0,1.0,1.0,1.0,49.0,0.0,0.0,0.031748698314585266,13.0,0.0,0.0,0.007905179507113447,0.0
gtzan/gtzan_hiphop_00046/track.npy,gtzan,0.975609756097561,0.9249920729537049,0.9249920729537049,0.9249920729537049,0.975609756097561,0.975609756097561,0.975609756097561,0.975609756097561,0.4444444444444444,0.4352664957344334,0.7958403580955341,0.6155534269149837,0.0,0.0,0.2857142857142857,0.5714285714285714,49.0,0.0,0.0,0.03174869831458099,19.0,0.0,0.0,0.7011793522572084,0.0
gtzan/gtzan_hiphop_00047/track.npy,gtzan,0.9876543209876543,0.9760119793039832,0.9760119793039832,0.9760119793039832,0.975609756097561,0.975609756097561,0.975609756097561,0.975609756097561,1.0,0.9802543942398646,0.9802543942398646,0.9802543942398646,1.0,1.0,1.0,1.0,48.0,0.0,0.0,0.016260520871782813,12.0,0.0,0.0,0.008097210232619906,0.0
gtzan/gtzan_hiphop_00048/track.npy,gtzan,1.0,0.9430458754082055,0.9430458754082055,0.9430458754082055,1.0,1.0,1.0,1.0,1.0,0.9567407403491626,0.9567407403491626,0.9567407403491626,1.0,1.0,1.0,1.0,49.0,0.0,0.0,0.027102245081740462,12.0,0.0,0.0,0.008477615927667034,0.0
gtzan/gtzan_hiphop_00049/track.npy,gtzan,0.9523809523809523,0.8974191595158297,0.8974191595158297,0.8974191595158297,0.7619047619047619,0.9523809523809523,0.7619047619047619,0.9523809523809523,0.9090909090909091,0.8316350661439622,0.8316350661439622,0.8316350661439622,1.0,1.0,1.0,1.0,51.0,0.0,0.0,0.03390155167568665,13.0,0.0,0.0,0.006360458936210345,0.0
gtzan/gtzan_hiphop_00050/track.npy,gtzan,0.9879518072289156,0.9339759354516344,0.9339759354516344,0.9339759354516344,0.9761904761904762,0.9761904761904762,0.9761904761904762,0.9761904761904762,1.0,0.9585807986223639,0.9585807986223639,0.9585807986223639,1.0,1.0,1.0,1.0,49.0,0.0,0.0,0.03278982282299075,12.0,0.0,0.0,0.004089985251526184,0.0
gtzan/gtzan_hiphop_00051/track.npy,gtzan,1.0,0.9329501421827738,0.9329501421827738,0.9329501421827738,1.0,1.0,1.0,1.0,1.0,0.9123676683982083,0.9123676683982083,0.9123676683982083,1.0,1.0,1.0,1.0,53.0,0.0,0.0,0.01769957709940373,13.0,0.0,0.0,0.0131292914417932,0.0
gtzan/gtzan_hiphop_00052/track.npy,gtzan,1.0,0.9572552743232695,0.9572552743232695,0.9572552743232695,1.0,1.0,1.0,1.0,1.0,0.9664274894458523,0.9664274894458523,0.9664274894458523,1.0,1.0,1.0,1.0,53.0,0.0,0.0,0.03509131981126962,13.0,0.0,0.0,0.010950638757314002,0.0
gtzan/gtzan_hiphop_00053/track.npy,gtzan,1.0,0.9698705322742792,0.9698705322742792,0.9698705322742792,1.0,1.0,1.0,1.0,1.0,0.9556124537889713,0.9556124537889713,0.9556124537889713,1.0,1.0,1.0,1.0,55.0,0.0,0.0,0.018018505502687576,13.0,0.0,0.0,0.006761875148447005,0.0
gtzan/gtzan_hiphop_00054/track.npy,gtzan,1.0,0.9460867819687394,0.9460867819687394,0.9460867819687394,1.0,1.0,1.0,1.0,1.0,0.9582356868641694,0.9582356868641694,0.9582356868641694,1.0,1.0,1.0,1.0,56.0,0.0,0.0,0.01869213301215548,14.0,0.0,0.0,0.004683849312427157,0.0
gtzan/gtzan_hiphop_00055/track.npy,gtzan,1.0,0.9683908796494185,0.9683908796494185,0.9683908796494185,1.0,1.0,1.0,1.0,1.0,0.9473440498479468,0.9473440498479468,0.9473440498479468,1.0,1.0,1.0,1.0,41.0,0.0,0.0,0.028741276221332032,10.0,0.0,0.0,0.005633459657836191,0.0
gtzan/gtzan_hiphop_00056/track.npy,gtzan,1.0,0.9854313835187906,0.9854313835187906,0.9854313835187906,1.0,1.0,1.0,1.0,0.0,9.28349766227351e-189,0.975909308059553,0.4879546540297765,0.0,0.0,1.0,1.0,50.0,0.0,0.0,0.03390155167568054,12.0,0.0,0.0,0.008403410796378945,0.0
gtzan/gtzan_hiphop_00057/track.npy,gtzan,0.989247311827957,0.8139523473802593,0.8139523473802593,0.8139523473802593,0.9787234042553191,0.9787234042553191,0.9787234042553191,0.9787234042553191,0.6874999999999999,0.5409134671706218,0.7509137873917013,0.6459136272811616,0.1,0.15,0.4782608695652174,0.6956521739130435,55.0,0.0,0.0,0.03704127168034439,23.0,0.0,0.0,0.7023638356648707,0.0
gtzan/gtzan_hiphop_00058/track.npy,gtzan,0.9866666666666666,0.8786962983399221,0.8786962983399221,0.8786962983399221,0.9736842105263158,0.9736842105263158,0.9736842105263158,0.9736842105263158,1.0,0.8884698237097894,0.8884698237097894,0.8884698237097894,1.0,1.0,1.0,1.0,45.0,0.0,0.0,0.029852963149685253,11.0,0.0,0.0,0.007564358539227367,0.0
gtzan/gtzan_hiphop_00059/track.npy,gtzan,1.0,0.9122754672298262,0.9122754672298262,0.9122754672298262,1.0,1.0,1.0,1.0,1.0,0.938146412867523,0.938146412867523,0.938146412867523,1.0,1.0,1.0,1.0,46.0,0.0,0.0,0.030771658666754152,11.0,0.0,0.0,0.00997501433516108,0.0
gtzan/gtzan_hiphop_00060/track.npy,gtzan,1.0,0.9173660119001322,0.9173660119001322,0.9173660119001322,1.0,1.0,1.0,1.0,1.0,0.9353341813832962,0.9353341813832962,0.9353341813832962,1.0,1.0,1.0,1.0,46.0,0.0,0.0,0.02985296314968804,11.0,0.0,0.0,0.007547205635383336,0.0
gtzan/gtzan_hiphop_00061/track.npy,gtzan,1.0,0.9766106599314136,0.9766106599314136,0.9766106599314136,1.0,1.0,1.0,1.0,1.0,0.9653068213756224,0.9653068213756224,0.9653068213756224,1.0,1.0,1.0,1.0,46.0,0.0,0.0,0.03077165866675543,12.0,0.0,0.0,0.006011162254253956,0.0
gtzan/gtzan_hiphop_00062/track.npy,gtzan,1.0,0.9568660655686564,0.9568660655686564,0.9568660655686564,1.0,1.0,1.0,1.0,0.0,2.718323472076602e-221,0.8282537629862481,0.41412688149312404,0.0,0.0,0.8,0.8,46.0,0.0,0.0,0.030701712291039632,12.0,0.0,0.0,0.011890839293444862,0.0
gtzan/gtzan_hiphop_00063/track.npy,gtzan,1.0,0.9926115727416135,0.9926115727416135,0.9926115727416135,1.0,1.0,1.0,1.0,0.0,7.372053154415635e-220,0.8859054819443595,0.44295274097217974,0.0,0.0,0.8,0.8,47.0,0.0,0.0,0.015748356968141586,12.0,0.0,0.0,0.009987429689637823,0.0
gtzan/gtzan_hiphop_00064/track.npy,gtzan,0.9859154929577464,0.9694804194975669,0.9694804194975669,0.9694804194975669,0.9722222222222222,0.9722222222222222,0.9722222222222222,0.9722222222222222,0.9,0.8870076132053424,0.8870076132053424,0.8870076132053424,0.6363636363636364,0.6363636363636364,0.6363636363636364,0.6363636363636364,44.0,0.0,0.0,0.057158413839947464,15.0,0.0,0.0,0.7003674285334334,0.0
gtzan/gtzan_hiphop_00065/track.npy,gtzan,1.0,0.9764686754906708,0.9764686754906708,0.9764686754906708,1.0,1.0,1.0,1.0,0.9523809523809523,0.912437475948139,0.912437475948139,0.912437475948139,0.8181818181818182,0.8181818181818182,0.8181818181818182,0.8181818181818182,49.0,0.0,0.0,0.0317486983145839,14.0,0.0,0.0,0.32433089625628836,0.0
gtzan/gtzan_hiphop_00066/track.npy,gtzan,0.9866666666666666,0.9649561831705327,0.9649561831705327,0.9649561831705327,0.9736842105263158,0.9736842105263158,0.9736842105263158,0.9736842105263158,0.9473684210526316,0.9133283165504392,0.9133283165504392,0.9133283165504392,0.5,0.8,0.5,0.8,46.0,0.0,0.0,0.031180410778503895,12.0,0.0,0.0,0.6897251108365965,0.0
gtzan/gtzan_hiphop_00067/track.npy,gtzan,1.0,0.9822661397516524,0.9822661397516524,0.9822661397516524,1.0,1.0,1.0,1.0,1.0,0.9932981741817045,0.9932981741817045,0.9932981741817045,1.0,1.0,1.0,1.0,49.0,0.0,0.0,0.016260520871782813,12.0,0.0,0.0,0.0062790259409665995,0.0
gtzan/gtzan_hiphop_00068/track.npy,gtzan,1.0,0.9631709998040643,0.9631709998040643,0.9631709998040643,1.0,1.0,1.0,1.0,1.0,0.9573878026333494,0.9573878026333494,0.9573878026333494,1.0,1.0,1.0,1.0,49.0,0.0,0.0,0.032260862218220776,13.0,0.0,0.0,0.022297886469914874,0.0
gtzan/gtzan_hiphop_00069/track.npy,gtzan,0.9767441860465116,0.8664404920772415,0.8664404920772415,0.8664404920772415,0.9767441860465116,0.9767441860465116,0.9767441860465116,0.9767441860465116,1.0,0.8630525283541903,0.8630525283541903,0.8630525283541903,1.0,1.0,1.0,1.0,52.0,0.0,0.0,0.033901551675685246,13.0,0.0,0.0,0.006360458936211566,0.0
gtzan/gtzan_hiphop_00070/track.npy,gtzan,1.0,0.9819052880341401,0.9819052880341401,0.9819052880341401,1.0,1.0,1.0,1.0,0.6451612903225806,0.6370227440344685,0.929884187293999,0.7834534656642338,0.0,0.0,0.8571428571428571,0.8571428571428571,49.0,0.0,0.0,0.0317486983145844,25.0,0.0,0.0,0.7003761350874826,0.0
gtzan/gtzan_hiphop_00071/track.npy,gtzan,0.9620253164556962,0.9230222694416087,0.9230222694416087,0.9230222694416087,0.975,0.975,0.975,0.975,0.6428571428571429,0.5870607293641017,0.9190162953012527,0.7530385123326773,0.0,0.0,0.5263157894736842,0.8947368421052632,48.0,0.0,0.0,0.031748698314584545,22.0,0.0,0.0,0.6824611287158714,0.0
gtzan/gtzan_hiphop_00072/track.npy,gtzan,1.0,0.9152519848992563,0.9152519848992563,0.9152519848992563,1.0,1.0,1.0,1.0,1.0,0.9220781466805091,0.9220781466805091,0.9220781466805091,1.0,1.0,1.0,1.0,49.0,0.0,0.0,0.016529301951209295,12.0,0.0,0.0,0.004089985251524708,0.0
gtzan/gtzan_hiphop_00073/track.npy,gtzan,1.0,0.9913043710787304,0.9913043710787304,0.9913043710787304,1.0,1.0,1.0,1.0,1.0,0.9927452631819571,0.9927452631819571,0.9927452631819571,1.0,1.0,1.0,1.0,47.0,0.0,0.0,0.03077165866675302,12.0,0.0,0.0,0.007692345623155572,0.0
gtzan/gtzan_hiphop_00074/track.npy,gtzan,1.0,0.9159540235261712,0.9159540235261712,0.9159540235261712,1.0,1.0,1.0,1.0,1.0,0.8950721629438073,0.8950721629438073,0.8950721629438073,1.0,1.0,1.0,1.0,50.0,0.0,0.0,0.032789822822995036,12.0,0.0,0.0,0.01055141543165747,0.0
gtzan/gtzan_hiphop_00075/track.npy,gtzan,1.0,0.9845602798942864,0.9845602798942864,0.9845602798942864,1.0,1.0,1.0,1.0,1.0,0.9787058371417522,0.9787058371417522,0.9787058371417522,1.0,1.0,1.0,1.0,46.0,0.0,0.0,0.030771658666758572,11.0,0.0,0.0,0.007662872745570315,0.0
gtzan/gtzan_hiphop_00076/track.npy,gtzan,1.0,0.9102097809881112,0.9102097809881112,0.9102097809881112,1.0,1.0,1.0,1.0,1.0,0.9226463548676073,0.9226463548676073,0.9226463548676073,1.0,1.0,1.0,1.0,49.0,0.0,0.0,0.032789822822996084,12.0,0.0,0.0,0.008163310639160759,0.0
gtzan/gtzan_hiphop_00077/track.npy,gtzan,1.0,0.9491078308771855,0.9491078308771855,0.9491078308771855,1.0,1.0,1.0,1.0,0.9285714285714286,0.900063883381817,0.900063883381817,0.900063883381817,0.6,0.6666666666666666,0.6,0.6666666666666666,59.0,0.0,0.0,0.039220713153280795,19.0,0.0,0.0,1.3834169290299694,0.0
gtzan/gtzan_hiphop_00078/track.npy,gtzan,1.0,0.9102097809881112,0.9102097809881112,0.9102097809881112,1.0,1.0,1.0,1.0,1.0,0.9226463548676073,0.9226463548676073,0.9226463548676073,1.0,1.0,1.0,1.0,49.0,0.0,0.0,0.032789822822996084,12.0,0.0,0.0,0.008163310639160759,0.0
gtzan/gtzan_hiphop_00079/track.npy,gtzan,1.0,0.9745171713186103,0.9745171713186103,0.9745171713186103,1.0,1.0,1.0,1.0,1.0,0.9757129576866849,0.9757129576866849,0.9757129576866849,1.0,1.0,1.0,1.0,53.0,0.0,0.0,0.03509131981127306,14.0,0.0,0.0,0.004357305368956399,0.0
gtzan/gtzan_hiphop_00080/track.npy,gtzan,0.7816091954022989,0.6657977070469975,0.6657977070469975,0.6657977070469975,0.2765957446808511,0.6595744680851063,0.2765957446808511,0.6595744680851063,0.5263157894736842,0.40197343910401623,0.40197343910401623,0.40197343910401623,0.4,0.4,0.4,0.4,63.0,0.0,0.0,0.660357357736961,12.0,0.0,0.0,2.328022342515222,0.0
gtzan/gtzan_hiphop_00081/track.npy,gtzan,0.988235294117647,0.8135339092903874,0.8135339092903874,0.8135339092903874,0.9767441860465116,0.9767441860465116,0.9767441860465116,0.9767441860465116,1.0,0.8512624913292713,0.8512624913292713,0.8512624913292713,1.0,1.0,1.0,1.0,52.0,0.0,0.0,0.03390155167568665,13.0,0.0,0.0,0.004246290881451342,0.0
gtzan/gtzan_hiphop_00082/track.npy,gtzan,1.0,0.810835670317618,0.810835670317618,0.810835670317618,1.0,1.0,1.0,1.0,1.0,0.7476598295092781,0.7476598295092781,0.7476598295092781,1.0,1.0,1.0,1.0,53.0,0.0,0.0,0.035091319811271005,13.0,0.0,0.0,0.01536565696643194,0.0
gtzan/gtzan_hiphop_00083/track.npy,gtzan,1.0,0.8767539807643583,0.8767539807643583,0.8767539807643583,1.0,1.0,1.0,1.0,1.0,0.8780220972075365,0.8780220972075365,0.8780220972075365,1.0,1.0,1.0,1.0,52.0,0.0,0.0,0.03509131981126991,13.0,0.0,0.0,0.008658062743114758,0.0
gtzan/gtzan_hiphop_00084/track.npy,gtzan,0.9894736842105264,0.8038550179681051,0.8038550179681051,0.8038550179681051,0.9791666666666666,0.9791666666666666,0.9791666666666666,0.9791666666666666,1.0,0.7985288738598642,0.7985288738598642,0.7985288738598642,1.0,1.0,1.0,1.0,57.0,0.0,0.0,0.03774032798284845,14.0,0.0,0.0,0.011596394921380062,0.0
gtzan/gtzan_hiphop_00085/track.npy,gtzan,1.0,0.8018369863248517,0.8018369863248517,0.8018369863248517,1.0,1.0,1.0,1.0,1.0,0.7955753806718338,0.7955753806718338,0.7955753806718338,1.0,1.0,1.0,1.0,56.0,0.0,0.0,0.04300035403681818,14.0,0.0,0.0,0.018349138668196097,0.0
gtzan/gtzan_hiphop_00086/track.npy,gtzan,1.0,0.9463529033346487,0.9463529033346487,0.9463529033346487,1.0,1.0,1.0,1.0,1.0,0.959890156111266,0.959890156111266,0.959890156111266,1.0,1.0,1.0,1.0,49.0,0.0,0.0,0.032789822822996084,12.0,0.0,0.0,0.012348428466019506,0.0
gtzan/gtzan_hiphop_00087/track.npy,gtzan,1.0,0.9857330856405939,0.9857330856405939,0.9857330856405939,1.0,1.0,1.0,1.0,1.0,0.9835064275460009,0.9835064275460009,0.9835064275460009,1.0,1.0,1.0,1.0,51.0,0.0,0.0,0.03390155167568665,13.0,0.0,0.0,0.00843886864586485,0.0
gtzan/gtzan_hiphop_00088/track.npy,gtzan,1.0,0.9298630109482809,0.9298630109482809,0.9298630109482809,1.0,1.0,1.0,1.0,1.0,0.9367562949494216,0.9367562949494216,0.9367562949494216,1.0,1.0,1.0,1.0,58.0,0.0,0.0,0.019418085857104694,14.0,0.0,0.0,0.009661910911737976,0.0
gtzan/gtzan_hiphop_00089/track.npy,gtzan,0.9904761904761905,0.9606960566186081,0.9606960566186081,0.9606960566186081,0.9811320754716981,0.9811320754716981,0.9811320754716981,0.9811320754716981,1.0,0.9735386823053093,0.9735386823053093,0.9735386823053093,1.0,1.0,1.0,1.0,64.0,0.0,0.0,0.021053409197835604,16.0,0.0,0.0,0.0105264129869872,0.0
gtzan/gtzan_hiphop_00090/track.npy,gtzan,1.0,0.9159855254138475,0.9159855254138475,0.9159855254138475,1.0,1.0,1.0,1.0,1.0,0.9254334169077804,0.9254334169077804,0.9254334169077804,1.0,1.0,1.0,1.0,58.0,0.0,0.0,0.03774032798284713,15.0,0.0,0.0,0.011469692119591073,0.0
gtzan/gtzan_hiphop_00091/track.npy,gtzan,1.0,0.8607475613800945,0.8607475613800945,0.8607475613800945,1.0,1.0,1.0,1.0,1.0,0.8676547312594166,0.8676547312594166,0.8676547312594166,1.0,1.0,1.0,1.0,51.0,0.0,0.0,0.03390155167568452,13.0,0.0,0.0,0.012712092652372997,0.0
gtzan/gtzan_hiphop_00092/track.npy,gtzan,1.0,0.8793301648756257,0.8793301648756257,0.8793301648756257,1.0,1.0,1.0,1.0,1.0,0.8822197965813748,0.8822197965813748,0.8822197965813748,1.0,1.0,1.0,1.0,57.0,0.0,0.0,0.01904819497069743,14.0,0.0,0.0,0.004750602758598621,0.0
gtzan/gtzan_hiphop_00093/track.npy,gtzan,1.0,0.9274732714353049,0.9274732714353049,0.9274732714353049,1.0,1.0,1.0,1.0,1.0,0.9310939794542819,0.9310939794542819,0.9310939794542819,1.0,1.0,1.0,1.0,59.0,0.0,0.0,0.03922071315328046,15.0,0.0,0.0,0.004914014802428768,0.0
gtzan/gtzan_hiphop_00094/track.npy,gtzan,1.0,0.9116334346830265,0.9116334346830265,0.9116334346830265,1.0,1.0,1.0,1.0,0.22222222222222224,0.20298038047331385,0.7298696924514946,0.4664250364624042,0.0,0.0,0.5,0.5,37.0,0.0,0.0,0.025001302205418085,13.0,0.0,0.0,0.3512392539944147,0.0
gtzan/gtzan_hiphop_00095/track.npy,gtzan,1.0,0.9030295669410541,0.9030295669410541,0.9030295669410541,1.0,1.0,1.0,1.0,1.0,0.8993600207194975,0.8993600207194975,0.8993600207194975,1.0,1.0,1.0,1.0,56.0,0.0,0.0,0.03774032798284659,14.0,0.0,0.0,0.009302392662313363,0.0
gtzan/gtzan_hiphop_00096/track.npy,gtzan,0.989010989010989,0.8693372976473955,0.8693372976473955,0.8693372976473955,0.9782608695652174,0.9782608695652174,0.9782608695652174,0.9782608695652174,0.9565217391304348,0.8269459901149799,0.8269459901149799,0.8269459901149799,0.9166666666666666,0.9166666666666666,0.9166666666666666,0.9166666666666666,55.0,0.0,0.0,0.03636764417088045,14.0,0.0,0.0,0.009049835519919336,0.0
gtzan/gtzan_hiphop_00097/track.npy,gtzan,0.9894736842105264,0.7858262665421002,0.7858262665421002,0.7858262665421002,0.9791666666666666,0.9791666666666666,0.9791666666666666,0.9791666666666666,0.9565217391304348,0.7977007387230534,0.7977007387230534,0.7977007387230534,0.9166666666666666,0.9166666666666666,0.9166666666666666,0.9166666666666666,57.0,0.0,0.0,0.03774032798284954,15.0,0.0,0.0,0.011388055455606876,0.0
gtzan/gtzan_hiphop_00098/track.npy,gtzan,1.0,0.8858286906375336,0.8858286906375336,0.8858286906375336,1.0,1.0,1.0,1.0,1.0,0.8927036081742088,0.8927036081742088,0.8927036081742088,1.0,1.0,1.0,1.0,54.0,0.0,0.0,0.035091319811275556,14.0,0.0,0.0,0.008867314740100945,0.0
gtzan/gtzan_hiphop_00099/track.npy,gtzan,0.989010989010989,0.8878322831701093,0.8878322831701093,0.8878322831701093,0.9782608695652174,0.9782608695652174,0.9782608695652174,0.9782608695652174,0.0,9.721055456918725e-162,0.8128892064409503,0.40644460322047515,0.0,0.0,0.8333333333333334,0.8333333333333334,55.0,0.0,0.0,0.018018505502681137,14.0,0.0,0.0,0.006537155669053942,0.0
gtzan/gtzan_jazz_00000/track.npy,gtzan,0.48407643312101917,0.3417804451447832,0.5129659120169788,0.427373178580881,0.0,0.0,0.09523809523809523,0.4,0.06060606060606061,0.06766522328365686,0.12344067472377067,0.09555294900371376,0.0,0.0,0.0,0.0,126.0,0.032,0.048,0.34294475112683587,61.0,0.0,0.0,1.0878560930441832,0.0
gtzan/gtzan_jazz_00001/track.npy,gtzan,0.32653061224489793,0.2231809891727494,0.3403478014332922,0.2817643953030208,0.0,0.0,0.14492753623188406,0.34782608695652173,0.11538461538461538,0.05386031415068555,0.15497151709629897,0.10441591562349226,0.0,0.0,0.022727272727272728,0.022727272727272728,80.0,0.02531645569620253,0.1518987341772152,0.5161931472543004,51.0,0.0,0.1,0.9560873221465234,0.0
gtzan/gtzan_jazz_00002/track.npy,gtzan,0.4838709677419355,0.35041405452933855,0.3698648863634691,0.3601394704464038,0.0,0.0,0.5714285714285714,0.5714285714285714,0.5,0.37057867379012105,0.37057867379012105,0.37057867379012105,0.7,0.7,0.7,0.7,25.0,0.0,0.0,0.11783539979352602,12.0,0.0,0.0,0.7620384208144625,0.0
gtzan/gtzan_jazz_00004/track.npy,gtzan,0.9230769230769231,0.7335067871271838,0.7335067871271838,0.7335067871271838,1.0,1.0,1.0,1.0,0.7142857142857143,0.500715118704446,0.5267487585734782,0.513731938638962,0.25,0.25,0.25,0.25,31.0,0.0,0.0,0.08248333118078326,7.0,0.0,0.0,1.0362807965422094,0.0
gtzan/gtzan_jazz_00005/track.npy,gtzan,0.6029411764705883,0.5336571787555692,0.7999449524725074,0.6668010656140383,0.0,0.0,0.6739130434782609,0.8369565217391305,0.27027027027027023,0.23723953650627233,0.29259542800783206,0.2649174822570522,0.0,0.0,0.0,0.0,112.0,0.0,0.0,0.07410797215372678,28.0,0.0,0.0,0.019418085857102037,0.0
gtzan/gtzan_jazz_00006/track.npy,gtzan,1.0,0.9503723565830401,0.9503723565830401,0.9503723565830401,1.0,1.0,1.0,1.0,0.0,2.3083197718843542e-107,0.9475673994000368,0.4737836997000184,0.0,0.0,0.9285714285714286,0.9285714285714286,67.0,0.0,0.0,0.04445176257083645,17.0,0.0,0.0,0.018366377717032107,0.0
gtzan/gtzan_jazz_00007/track.npy,gtzan,0.9019607843137256,0.791676285455378,0.791676285455378,0.791676285455378,0.9615384615384616,0.9615384615384616,0.9615384615384616,0.9615384615384616,0.631578947368421,0.4995949345884206,0.8287819985554111,0.6641884665719159,0.0,0.0,0.9230769230769231,0.9230769230769231,31.0,0.0,0.0,0.05270357089796178,13.0,0.0,0.0,0.3670876696969447,0.0
gtzan/gtzan_jazz_00008/track.npy,gtzan,1.0,0.9020230589786844,0.9020230589786844,0.9020230589786844,1.0,1.0,1.0,1.0,1.0,0.9010417131964618,0.9010417131964618,0.9010417131964618,1.0,1.0,1.0,1.0,55.0,0.0,0.0,0.03663709517466827,14.0,0.0,0.0,0.02503033804912452,0.0
gtzan/gtzan_jazz_00011/track.npy,gtzan,1.0,0.8774576658724136,0.8774576658724136,0.8774576658724136,0.7857142857142857,0.9880952380952381,0.7857142857142857,0.9880952380952381,1.0,0.8861010409011659,0.8861010409011659,0.8861010409011659,1.0,1.0,1.0,1.0,101.0,0.0,0.0,0.03390155167568665,25.0,0.0,0.0,0.01597029334932937,0.0
gtzan/gtzan_jazz_00012/track.npy,gtzan,1.0,0.8828945027770939,0.8828945027770939,0.8828945027770939,1.0,1.0,1.0,1.0,0.32,0.2664122721783519,0.6769592429924299,0.4716857575853909,0.15384615384615385,0.15384615384615385,0.6153846153846154,0.6153846153846154,57.0,0.0,0.0,0.03774032798284954,16.0,0.0,0.0,0.685445775910862,0.0
gtzan/gtzan_jazz_00013/track.npy,gtzan,0.47104247104247104,0.3131139173605783,0.5400456853455039,0.4265798013530411,0.0,0.0,0.0,0.0,0.09523809523809525,0.06846952215707004,0.2271774271027768,0.14782347462992343,0.0,0.0,0.046511627906976744,0.06976744186046512,251.0,0.64,0.988,0.4054651081081494,54.0,0.0,0.018867924528301886,0.9121190446084528,0.0
gtzan/gtzan_jazz_00015/track.npy,gtzan,0.5753424657534246,0.45703292987014893,0.6880905482607259,0.5725617390654374,0.0,0.0,0.40816326530612246,0.7040816326530612,0.2926829268292683,0.22025202110997202,0.2736464504699653,0.24694923578996864,0.0,0.0,0.04,0.04,119.0,0.0,0.0,0.040821994520255256,30.0,0.0,0.0,0.01954183645242861,0.0
gtzan/gtzan_jazz_00016/track.npy,gtzan,0.7213114754098361,0.5823845105973022,0.5823845105973022,0.5823845105973022,0.34375,0.625,0.34375,0.625,0.7777777777777777,0.5848324813551042,0.5848324813551042,0.5848324813551042,0.5,0.7,0.5,0.7,39.0,0.0,0.0,0.7349932245710157,12.0,0.0,0.0,1.9349072230228221,0.0
gtzan/gtzan_jazz_00017/track.npy,gtzan,0.9775280898876404,0.7552390900303011,0.7552390900303011,0.7552390900303011,0.4943820224719101,0.8876404494382022,0.4943820224719101,0.8876404494382022,0.8181818181818182,0.6121085464626308,0.6121085464626308,0.6121085464626308,0.45454545454545453,0.8181818181818182,0.45454545454545453,0.8181818181818182,106.0,0.0,0.009523809523809525,0.2231435513142186,26.0,0.0,0.0,0.7264847867402336,0.0
gtzan/gtzan_jazz_00019/track.npy,gtzan,0.2988505747126437,0.23176930795680797,0.24437081053375176,0.23807005924527985,0.04081632653061224,0.04081632653061224,0.04081632653061224,0.04081632653061224,1.0,0.7460639904280069,0.7460639904280069,0.7460639904280069,1.0,1.0,1.0,1.0,59.0,0.0,0.0,0.25717145831278226,16.0,0.0,0.0,0.5312461020856813,0.0
gtzan/gtzan_jazz_00021/track.npy,gtzan,0.43859649122807015,0.37423065657149057,0.3767084311598958,0.3754695438656932,0.19047619047619047,0.3968253968253968,0.19047619047619047,0.3968253968253968,0.2564102564102564,0.2601187240266714,0.2672266423706697,0.26367268319867054,0.07692307692307693,0.07692307692307693,0.07692307692307693,0.07692307692307693,74.0,0.0,0.0958904109589041,0.6318570897982854,32.0,0.0,0.0967741935483871,1.8756522322220264,0.0
gtzan/gtzan_jazz_00022/track.npy,gtzan,0.6582278481012659,0.5437140421485601,0.8260271024949278,0.684870572321744,0.0,0.0,1.0,1.0,0.34782608695652173,0.268513275096011,0.49975471323619036,0.38413399416610067,0.15384615384615385,0.15384615384615385,0.16666666666666666,0.16666666666666666,36.0,0.0,0.0,0.04932014067354808,14.0,0.0,0.0,1.4014679281284672,0.0
gtzan/gtzan_jazz_00023/track.npy,gtzan,0.972972972972973,0.8193374032409556,0.8193374032409556,0.8193374032409556,0.868421052631579,0.8947368421052632,0.868421052631579,0.8947368421052632,0.782608695652174,0.7003057217872456,0.7052928419170728,0.7027992818521591,0.2857142857142857,0.2857142857142857,0.4117647058823529,0.5294117647058824,45.0,0.0,0.0,0.11992198325905484,17.0,0.0,0.0,0.6904196588822642,0.0
gtzan/gtzan_jazz_00024/track.npy,gtzan,1.0,0.8055097982705411,0.8055097982705411,0.8055097982705411,1.0,1.0,1.0,1.0,0.8148148148148148,0.6298332685084927,0.6298332685084927,0.6298332685084927,0.4375,0.4375,0.4375,0.4375,54.0,0.0,0.0,0.09450658097726858,22.0,0.0,0.0,0.7296362246574492,0.0
gtzan/gtzan_jazz_00025/track.npy,gtzan,1.0,0.8551006280424271,0.8551006280424271,0.8551006280424271,1.0,1.0,1.0,1.0,0.7719298245614035,0.6455723989017708,0.7396230230821325,0.6925977109919517,0.17142857142857143,0.2571428571428571,0.32558139534883723,0.6046511627906976,102.0,0.0,0.0,0.06680644934808984,40.0,0.0,0.0,0.6859130943422166,0.0
gtzan/gtzan_jazz_00026/track.npy,gtzan,0.23529411764705882,0.23207250375858066,0.2429292318688206,0.2375008678137006,0.0,0.0,0.03571428571428571,0.07142857142857142,0.2105263157894737,0.20629614229715765,0.20629614229715765,0.20629614229715765,0.0,0.0,0.2222222222222222,0.2222222222222222,33.0,0.0,0.0,0.6876826452938458,10.0,0.0,0.0,1.196002364520936,0.0
gtzan/gtzan_jazz_00027/track.npy,gtzan,0.4633204633204633,0.38497535475431727,0.5487556571276374,0.4668655059409773,0.0,0.0,0.0,0.0,0.5263157894736842,0.4064806766195725,0.6725325393075858,0.5395066079635792,0.0,0.0,0.23809523809523808,0.42857142857142855,237.0,0.5720338983050848,1.0,0.31015492830383773,49.0,0.0,0.0,0.7327703407274249,0.0
gtzan/gtzan_jazz_00028/track.npy,gtzan,1.0,0.9144868489192586,0.9144868489192586,0.9144868489192586,0.6867469879518072,0.9879518072289156,0.6867469879518072,0.9879518072289156,0.888888888888889,0.8212889328365555,0.8212889328365555,0.8212889328365555,0.5833333333333334,0.6666666666666666,0.5833333333333334,0.6666666666666666,100.0,0.0,0.0,0.03849709709496885,28.0,0.0,0.0,0.9910119721153184,0.0
gtzan/gtzan_jazz_00029/track.npy,gtzan,0.777142857142857,0.6121089514378336,0.6121089514378336,0.6121089514378336,0.3010752688172043,0.45161290322580644,0.3010752688172043,0.45161290322580644,0.37333333333333335,0.28683544603276556,0.39576971199883315,0.34130257901579936,0.0,0.0,0.07692307692307693,0.15384615384615385,109.0,0.1111111111111111,0.32407407407407407,0.9669558416285032,58.0,0.017543859649122806,0.12280701754385964,1.370303603902315,0.0
gtzan/gtzan_jazz_00030/track.npy,gtzan,0.19178082191780824,0.16883862945004294,0.19858564949604413,0.18371213947304355,0.0,0.0,0.1,0.13333333333333333,0.07692307692307693,0.05075380578313209,0.05075380578313209,0.05075380578313209,0.0,0.0,0.05263157894736842,0.05263157894736842,43.0,0.023809523809523808,0.07142857142857142,1.1260112628562253,21.0,0.0,0.0,1.592326764019924,0.0
gtzan/gtzan_jazz_00031/track.npy,gtzan,0.04316546762589929,0.04114125360030661,0.05236944639284454,0.046755349996575574,0.0,0.0,0.0,0.0,0.05405405405405406,0.05405650202839458,0.1,0.07702825101419729,0.0,0.0,0.0,0.0,4.0,0.0,0.0,0.00783177062738707,4.0,0.0,0.0,0.00783177062738707,0.0
gtzan/gtzan_jazz_00032/track.npy,gtzan,0.9074074074074074,0.7995656832516803,0.7995656832516803,0.7995656832516803,0.6851851851851852,0.9074074074074074,0.6851851851851852,0.9074074074074074,0.7499999999999999,0.6629753521160521,0.6629753521160521,0.6629753521160521,0.2631578947368421,0.42105263157894735,0.2631578947368421,0.42105263157894735,65.0,0.0,0.0,0.1319565569277051,25.0,0.0,0.0,1.3030892111455912,0.0
gtzan/gtzan_jazz_00033/track.npy,gtzan,1.0,0.9418336144762864,0.9418336144762864,0.9418336144762864,1.0,1.0,1.0,1.0,0.9523809523809523,0.8960941281606478,0.8960941281606478,0.8960941281606478,0.8181818181818182,0.8181818181818182,0.8181818181818182,0.8181818181818182,48.0,0.0,0.0,0.031748698314585266,13.0,0.0,0.0,0.35649046546616703,0.0
gtzan/gtzan_jazz_00034/track.npy,gtzan,0.9937888198757764,0.9306406945558171,0.9306406945558171,0.9306406945558171,0.9876543209876543,0.9876543209876543,0.9876543209876543,0.9876543209876543,0.9523809523809523,0.9177566156654964,0.9177566156654964,0.9177566156654964,0.8636363636363636,0.8636363636363636,0.8636363636363636,0.8636363636363636,98.0,0.0,0.0,0.06453852113757147,27.0,0.0,0.0,1.1031041602900955,0.0
gtzan/gtzan_jazz_00035/track.npy,gtzan,1.0,0.9259434728223694,0.9259434728223694,0.9259434728223694,1.0,1.0,1.0,1.0,0.5263157894736842,0.5131691317193843,0.5131691317193843,0.5131691317193843,0.2727272727272727,0.2727272727272727,0.2727272727272727,0.2727272727272727,35.0,0.0,0.0,0.04762804898925449,15.0,0.0,0.0,1.4065740539031637,0.0
gtzan/gtzan_jazz_00036/track.npy,gtzan,0.4487179487179488,0.24689311768562933,0.36793455019403337,0.30741383393983135,0.0,0.0,0.1346153846153846,0.25961538461538464,0.0,0.0010101185075896517,0.0011130610300119055,0.0010615897688007786,0.0,0.0,0.15384615384615385,0.23076923076923078,126.0,0.0,0.0,0.04255961441879582,31.0,0.0,0.0,0.0167332958739218,0.0
gtzan/gtzan_jazz_00037/track.npy,gtzan,1.0,0.95598840165126,0.95598840165126,0.95598840165126,1.0,1.0,1.0,1.0,1.0,0.9746157706761494,0.9746157706761494,0.9746157706761494,1.0,1.0,1.0,1.0,49.0,0.0,0.0,0.03278982282299021,12.0,0.0,0.0,0.016633030690952535,0.0
gtzan/gtzan_jazz_00038/track.npy,gtzan,0.967741935483871,0.9010614484997601,0.9010614484997601,0.9010614484997601,0.967741935483871,0.967741935483871,0.967741935483871,0.967741935483871,1.0,0.9143459992917248,0.9143459992917248,0.9143459992917248,1.0,1.0,1.0,1.0,75.0,0.0,0.0,0.10830127024963913,19.0,0.0,0.0,0.042048236243499515,0.0
gtzan/gtzan_jazz_00039/track.npy,gtzan,0.993939393939394,0.9601382274948409,0.9601382274948409,0.9601382274948409,0.9879518072289156,0.9879518072289156,0.9879518072289156,0.9879518072289156,0.975609756097561,0.951762678528978,0.951762678528978,0.951762678528978,0.9523809523809523,0.9523809523809523,0.9523809523809523,0.9523809523809523,100.0,0.0,0.0,0.06453852113756975,25.0,0.0,0.0,0.01651575273365745,0.0
gtzan/gtzan_jazz_00040/track.npy,gtzan,1.0,0.9652599582931047,0.9652599582931047,0.9652599582931047,1.0,1.0,1.0,1.0,1.0,0.9743917647338828,0.9743917647338828,0.9743917647338828,1.0,1.0,1.0,1.0,50.0,0.0,0.0,0.016807118316383818,12.0,0.0,0.0,0.008368249670515766,0.0
gtzan/gtzan_jazz_00041/track.npy,gtzan,1.0,0.9394971957827618,0.9394971957827618,0.9394971957827618,1.0,1.0,1.0,1.0,0.0,4.185444396041921e-13,4.800723517238174e-13,4.4930839566400477e-13,0.0,0.0,0.0,0.0,95.0,0.0,0.0,0.06453852113756975,23.0,0.0,0.0,0.01574835696814164,0.0
gtzan/gtzan_jazz_00042/track.npy,gtzan,1.0,0.8048101124224047,0.8048101124224047,0.8048101124224047,1.0,1.0,1.0,1.0,0.6250000000000001,0.5186100600063992,0.6216866606048251,0.5701483603056121,0.4444444444444444,0.4444444444444444,0.4444444444444444,0.4444444444444444,37.0,0.0,0.0,0.04879016416943305,12.0,0.0,0.0,1.0611244764994323,0.0
gtzan/gtzan_jazz_00043/track.npy,gtzan,0.96875,0.8455629305151873,0.8455629305151873,0.8455629305151873,0.875,0.96875,0.875,0.96875,0.9411764705882353,0.7905923854801264,0.7905923854801264,0.7905923854801264,0.5555555555555556,0.7777777777777778,0.5555555555555556,0.7777777777777778,77.0,0.0,0.0,0.05129329438755059,21.0,0.0,0.0,1.3743303681006815,0.0
gtzan/gtzan_jazz_00044/track.npy,gtzan,1.0,0.940774608853566,0.940774608853566,0.940774608853566,1.0,1.0,1.0,1.0,1.0,0.9630982724050189,0.9630982724050189,0.9630982724050189,1.0,1.0,1.0,1.0,52.0,0.0,0.0,0.035091319811275556,13.0,0.0,0.0,0.02187334102246713,0.0
gtzan/gtzan_jazz_00045/track.npy,gtzan,0.9354838709677419,0.8015627745736106,0.8015627745736106,0.8015627745736106,0.967741935483871,0.967741935483871,0.967741935483871,0.967741935483871,0.7272727272727273,0.59071714792481,0.769529817177092,0.680123482550951,0.07142857142857142,0.07142857142857142,0.7333333333333333,0.8666666666666667,38.0,0.0,0.0,0.05001042057466227,18.0,0.0,0.0,0.6962918761116625,0.0
gtzan/gtzan_jazz_00046/track.npy,gtzan,1.0,0.9634804165723485,0.9634804165723485,0.9634804165723485,1.0,1.0,1.0,1.0,1.0,0.9710079960031913,0.9710079960031913,0.9710079960031913,1.0,1.0,1.0,1.0,108.0,0.0,0.0,0.03636764417088045,28.0,0.0,0.0,0.017699577099401845,0.0
gtzan/gtzan_jazz_00047/track.npy,gtzan,1.0,0.9098340191122404,0.9098340191122404,0.9098340191122404,1.0,1.0,1.0,1.0,1.0,0.9223543238183008,0.9223543238183008,0.9223543238183008,1.0,1.0,1.0,1.0,104.0,0.0,0.0,0.06899287148696169,26.0,0.0,0.0,0.03346452163309248,0.0
gtzan/gtzan_jazz_00048/track.npy,gtzan,0.9908256880733944,0.7985697341766856,0.7985697341766856,0.7985697341766856,0.9818181818181818,0.9818181818181818,0.9818181818181818,0.9818181818181818,0.9655172413793104,0.7653524893634965,0.7653524893634965,0.7653524893634965,0.8666666666666667,0.8666666666666667,0.8666666666666667,0.8666666666666667,66.0,0.0,0.0,0.04445176257083961,18.0,0.0,0.0,0.4922992291988135,0.0
gtzan/gtzan_jazz_00049/track.npy,gtzan,0.5283018867924528,0.35035106811132355,0.406511566276922,0.37843131719412276,0.02857142857142857,0.02857142857142857,0.3142857142857143,0.6571428571428571,0.3076923076923077,0.19625498714215425,0.20563439357512242,0.20094469035863832,0.0,0.0,0.4444444444444444,0.4444444444444444,45.0,0.0,0.0,0.46417514776500823,10.0,0.0,0.0,1.1242964892434433,0.0
gtzan/gtzan_jazz_00050/track.npy,gtzan,1.0,0.8592217855034089,0.8592217855034089,0.8592217855034089,1.0,1.0,1.0,1.0,1.0,0.8459026627506144,0.8459026627506144,0.8459026627506144,1.0,1.0,1.0,1.0,79.0,0.0,0.0,0.051293294387549704,28.0,0.0,0.0,0.5068726422183298,0.0
gtzan/gtzan_jazz_00051/track.npy,gtzan,1.0,0.9436125773218211,0.9436125773218211,0.9436125773218211,1.0,1.0,1.0,1.0,0.8695652173913044,0.8181728996249393,0.8181728996249393,0.8181728996249393,0.5384615384615384,0.5384615384615384,0.5384615384615384,0.5384615384615384,48.0,0.0,0.0,0.031748698314585266,15.0,0.0,0.0,0.28364561073334016,0.0
gtzan/gtzan_jazz_00052/track.npy,gtzan,0.9887640449438202,0.9108283804610999,0.9108283804610999,0.9108283804610999,0.9777777777777777,0.9777777777777777,0.9777777777777777,0.9777777777777777,1.0,0.9453352182452854,0.9453352182452854,0.9453352182452854,1.0,1.0,1.0,1.0,54.0,0.0,0.0,0.035091319811268715,13.0,0.0,0.0,0.019839241909087313,0.0
gtzan/gtzan_jazz_00053/track.npy,gtzan,0.9937888198757764,0.9405107499304886,0.9405107499304886,0.9405107499304886,0.9876543209876543,0.9876543209876543,0.9876543209876543,0.9876543209876543,0.9523809523809523,0.9247875732490646,0.9247875732490646,0.9247875732490646,0.8636363636363636,0.8636363636363636,0.8636363636363636,0.8636363636363636,98.0,0.0,0.0,0.03278982282299592,27.0,0.0,0.0,1.1031041602900955,0.0
gtzan/gtzan_jazz_00054/track.npy,gtzan,0.6666666666666667,0.6010828063618238,0.6010828063618238,0.6010828063618238,0.4423076923076923,0.4423076923076923,0.4423076923076923,0.4423076923076923,0.9090909090909091,0.8185734020070744,0.8185734020070744,0.8185734020070744,0.5454545454545454,0.8181818181818182,0.5454545454545454,0.8181818181818182,62.0,0.0,0.0,0.33060106068880735,14.0,0.0,0.0,0.38035357372529677,0.0
gtzan/gtzan_jazz_00055/track.npy,gtzan,1.0,0.9214593628336843,0.9214593628336843,0.9214593628336843,1.0,1.0,1.0,1.0,0.4444444444444444,0.40085875900218126,0.40085875900218126,0.40085875900218126,0.09090909090909091,0.09090909090909091,0.09090909090909091,0.09090909090909091,35.0,0.0,0.0,0.04762804898925445,15.0,0.0,0.0,1.4065740539031637,0.0
gtzan/gtzan_jazz_00056/track.npy,gtzan,0.6540880503144654,0.5893841913579181,0.8853945379100141,0.7373893646339661,0.0,0.0,0.897196261682243,0.9345794392523364,0.6666666666666666,0.5902349924201727,0.8971039371499472,0.7436694647850599,0.0,0.0,0.9615384615384616,0.9615384615384616,127.0,0.015873015873015872,0.023809523809523808,0.07559563966540413,31.0,0.0,0.0,0.03156165219759924,0.0
gtzan/gtzan_jazz_00057/track.npy,gtzan,0.9873417721518987,0.9093816804065189,0.9093816804065189,0.9093816804065189,0.975,0.975,0.975,0.975,1.0,0.9322452155292803,0.9322452155292803,0.9322452155292803,1.0,1.0,1.0,1.0,48.0,0.0,0.0,0.03226086221822498,12.0,0.0,0.0,0.018485142752567955,0.0
gtzan/gtzan_jazz_00058/track.npy,gtzan,0.6666666666666666,0.5761661220358932,0.8597139702753284,0.7179400461556108,0.0,0.0,0.7403846153846154,0.9807692307692307,0.6666666666666666,0.5805568890326754,0.8602633628677928,0.7204101259502341,0.0,0.0,0.9615384615384616,0.9615384615384616,126.0,0.0,0.0,0.04255961441880217,31.0,0.0,0.0,0.010582109330538589,0.0
gtzan/gtzan_jazz_00059/track.npy,gtzan,1.0,0.9011202557051315,0.9011202557051315,0.9011202557051315,1.0,1.0,1.0,1.0,1.0,0.8716795234867937,0.8716795234867937,0.8716795234867937,1.0,1.0,1.0,1.0,55.0,0.0,0.0,0.03534202492759557,14.0,0.0,0.0,0.03279023951976337,0.0
gtzan/gtzan_jazz_00060/track.npy,gtzan,1.0,0.956440892080963,0.956440892080963,0.956440892080963,1.0,1.0,1.0,1.0,1.0,0.9764709814379318,0.9764709814379318,0.9764709814379318,1.0,1.0,1.0,1.0,49.0,0.0,0.0,0.03278982282299021,12.0,0.0,0.0,0.01639380977567541,0.0
gtzan/gtzan_jazz_00061/track.npy,gtzan,0.9932885906040269,0.8029884280593232,0.8029884280593232,0.8029884280593232,0.9866666666666667,0.9866666666666667,0.9866666666666667,0.9866666666666667,0.48780487804878053,0.44878807465532405,0.6344934848552307,0.5416407797552774,0.0,0.0,0.29411764705882354,0.29411764705882354,90.0,0.0,0.0,0.06062462181643369,19.0,0.0,0.0,0.7762001833844294,0.0
gtzan/gtzan_jazz_00062/track.npy,gtzan,0.967741935483871,0.887992330413533,0.887992330413533,0.887992330413533,0.967741935483871,0.967741935483871,0.967741935483871,0.967741935483871,1.0,0.9024111113144332,0.9024111113144332,0.9024111113144332,1.0,1.0,1.0,1.0,75.0,0.0,0.0,0.1496223564460286,19.0,0.0,0.0,0.038386027744425934,0.0
gtzan/gtzan_jazz_00063/track.npy,gtzan,0.9951219512195122,0.9093080106714356,0.9093080106714356,0.9093080106714356,0.7766990291262136,0.9805825242718447,0.7766990291262136,0.9805825242718447,1.0,0.9114299249784785,0.9114299249784785,0.9114299249784785,1.0,1.0,1.0,1.0,123.0,0.0,0.0,0.040821994520261695,30.0,0.0,0.0,0.020408871631205392,0.0
gtzan/gtzan_jazz_00064/track.npy,gtzan,0.9941520467836257,0.9342717371043981,0.9342717371043981,0.9342717371043981,0.9883720930232558,0.9883720930232558,0.9883720930232558,0.9883720930232558,1.0,0.9449615663324531,0.9449615663324531,0.9449615663324531,1.0,1.0,1.0,1.0,103.0,0.0,0.0,0.03390155167568665,25.0,0.0,0.0,0.01709443335929975,0.0
gtzan/gtzan_jazz_00065/track.npy,gtzan,0.993939393939394,0.9575531304794375,0.9575531304794375,0.9575531304794375,0.9879518072289156,0.9879518072289156,0.9879518072289156,0.9879518072289156,0.975609756097561,0.9418743655518037,0.9418743655518037,0.9418743655518037,0.9523809523809523,0.9523809523809523,0.9523809523809523,0.9523809523809523,100.0,0.0,0.0,0.06453852113756975,25.0,0.0,0.0,0.01652930195121019,0.0
gtzan/gtzan_jazz_00066/track.npy,gtzan,0.3676470588235294,0.32561157280852604,0.3608588470338499,0.34323520992118794,0.013333333333333334,0.013333333333333334,0.013333333333333334,0.013333333333333334,0.8571428571428571,0.7447377043191665,0.7447377043191665,0.7447377043191665,0.7222222222222222,0.8888888888888888,0.7222222222222222,0.8888888888888888,70.0,0.0,0.0,0.6416905527615133,20.0,0.0,0.0,0.7179701362835044,0.0
gtzan/gtzan_jazz_00067/track.npy,gtzan,1.0,0.9671424050772467,0.9671424050772467,0.9671424050772467,1.0,1.0,1.0,1.0,1.0,0.9743917647338828,0.9743917647338828,0.9743917647338828,1.0,1.0,1.0,1.0,50.0,0.0,0.0,0.03370375568284923,12.0,0.0,0.0,0.012578782206859896,0.0
gtzan/gtzan_jazz_00068/track.npy,gtzan,1.0,0.831860600563915,0.831860600563915,0.831860600563915,1.0,1.0,1.0,1.0,0.6250000000000001,0.5338454753733506,0.6324771304822964,0.5831613029278235,0.4444444444444444,0.4444444444444444,0.4444444444444444,0.4444444444444444,37.0,0.0,0.0,0.048790164169431854,12.0,0.0,0.0,1.0763475583408253,0.0
gtzan/gtzan_jazz_00069/track.npy,gtzan,0.96875,0.850779539335721,0.850779539335721,0.850779539335721,0.875,0.96875,0.875,0.96875,0.888888888888889,0.7567068172940575,0.7567068172940575,0.7567068172940575,0.45,0.6,0.45,0.6,77.0,0.0,0.0,0.05129329438755237,23.0,0.0,0.0,1.1404593986036078,0.0
gtzan/gtzan_jazz_00070/track.npy,gtzan,1.0,0.9488364940865154,0.9488364940865154,0.9488364940865154,1.0,1.0,1.0,1.0,1.0,0.9792454127064839,0.9792454127064839,0.9792454127064839,1.0,1.0,1.0,1.0,52.0,0.0,0.0,0.05431151919471576,13.0,0.0,0.0,0.02187334102246713,0.0
gtzan/gtzan_jazz_00071/track.npy,gtzan,0.9523809523809523,0.8274596524931392,0.8274596524931392,0.8274596524931392,0.96875,0.96875,0.96875,0.96875,0.7272727272727273,0.59071714792481,0.7796036523836788,0.6851604001542444,0.07142857142857142,0.07142857142857142,0.7333333333333333,0.8666666666666667,38.0,0.0,0.0,0.05285005202507185,18.0,0.0,0.0,0.6947145838133462,0.0
gtzan/gtzan_jazz_00072/track.npy,gtzan,1.0,0.9645173893537159,0.9645173893537159,0.9645173893537159,1.0,1.0,1.0,1.0,1.0,0.9710079960031913,0.9710079960031913,0.9710079960031913,1.0,1.0,1.0,1.0,108.0,0.0,0.0,0.06899287148694389,27.0,0.0,0.0,0.017954719822021476,0.0
gtzan/gtzan_jazz_00073/track.npy,gtzan,1.0,0.9401995078758874,0.9401995078758874,0.9401995078758874,0.6354166666666666,0.9791666666666666,0.6354166666666666,0.9791666666666666,0.0,3.9245134338904514e-33,0.9199737247494403,0.45998686237472014,0.0,0.0,0.9583333333333334,0.9583333333333334,115.0,0.0,0.0,0.0383324820510292,29.0,0.0,0.0,0.025675963302740287,0.0
gtzan/gtzan_jazz_00074/track.npy,gtzan,1.0,0.8541710319176711,0.8541710319176711,0.8541710319176711,1.0,1.0,1.0,1.0,1.0,0.8932973018947519,0.8932973018947519,0.8932973018947519,1.0,1.0,1.0,1.0,41.0,0.0,0.0,0.030760511397054182,11.0,0.0,0.0,0.4062185811933466,0.0
gtzan/gtzan_jazz_00075/track.npy,gtzan,1.0,0.6826499316488387,0.6826499316488387,0.6826499316488387,0.21839080459770116,0.8275862068965517,0.21839080459770116,0.8275862068965517,1.0,0.6726493944581994,0.6726493944581994,0.6726493944581994,1.0,1.0,1.0,1.0,105.0,0.0,0.0,0.06899287148694966,28.0,0.0,0.0,0.6996974405365116,0.0
gtzan/gtzan_jazz_00076/track.npy,gtzan,0.9411764705882353,0.748364941448515,0.748364941448515,0.748364941448515,0.9615384615384616,0.9615384615384616,0.9615384615384616,0.9615384615384616,0.923076923076923,0.7307096720089384,0.7307096720089384,0.7307096720089384,0.8571428571428571,0.8571428571428571,0.8571428571428571,0.8571428571428571,32.0,0.0,0.0,0.06317890162153278,9.0,0.0,0.0,1.0234877275557612,0.0
gtzan/gtzan_jazz_00077/track.npy,gtzan,0.923076923076923,0.6538412885225815,0.6538412885225815,0.6538412885225815,0.34177215189873417,0.7974683544303798,0.34177215189873417,0.7974683544303798,0.20512820512820512,0.15854168233516225,0.15854168233516225,0.15854168233516225,0.25,0.25,0.25,0.25,96.0,0.010526315789473684,0.042105263157894736,0.06453852113757029,25.0,0.0,0.041666666666666664,0.06580759728114607,0.0
gtzan/gtzan_jazz_00078/track.npy,gtzan,1.0,0.8886093763442795,0.8886093763442795,0.8886093763442795,1.0,1.0,1.0,1.0,1.0,0.8577662331227008,0.8577662331227008,0.8577662331227008,1.0,1.0,1.0,1.0,81.0,0.0,0.0,0.05406722127027976,21.0,0.0,0.0,0.021045613232220334,0.0
gtzan/gtzan_jazz_00079/track.npy,gtzan,1.0,0.9389873387746339,0.9389873387746339,0.9389873387746339,1.0,1.0,1.0,1.0,0.6857142857142856,0.6395919078157296,0.9445677749825335,0.7920798413991316,0.0,0.0,1.0,1.0,54.0,0.0,0.0,0.018349138668186327,25.0,0.0,0.0,0.018018505502679527,0.0
gtzan/gtzan_jazz_00080/track.npy,gtzan,0.6719999999999999,0.6193649419228293,0.9216740206531258,0.7705194812879775,0.0,0.0,1.0,1.0,0.6875000000000001,0.6325378491965697,0.9200550533768287,0.7762964512866992,0.0,0.0,1.0,1.0,50.0,0.0,0.0,0.03390155167568054,13.0,0.0,0.0,0.008368249670517136,0.0
gtzan/gtzan_jazz_00081/track.npy,gtzan,1.0,0.9533088579125839,0.9533088579125839,0.9533088579125839,1.0,1.0,1.0,1.0,1.0,0.9658726914277231,0.9658726914277231,0.9658726914277231,1.0,1.0,1.0,1.0,57.0,0.0,0.0,0.019418085857102807,14.0,0.0,0.0,0.01648873267092477,0.0
gtzan/gtzan_jazz_00082/track.npy,gtzan,1.0,0.9206372319659291,0.9206372319659291,0.9206372319659291,1.0,1.0,1.0,1.0,1.0,0.9170116913252866,0.9170116913252866,0.9170116913252866,1.0,1.0,1.0,1.0,99.0,0.0,0.0,0.06453852113757672,24.0,0.0,0.0,0.024682532961267777,0.0
gtzan/gtzan_jazz_00083/track.npy,gtzan,0.989010989010989,0.7839678965767477,0.7839678965767477,0.7839678965767477,0.9782608695652174,0.9782608695652174,0.9782608695652174,0.9782608695652174,0.5333333333333333,0.4268586829121543,0.4276938093974709,0.42727624615481263,0.05,0.1,0.15,0.25,55.0,0.0,0.0,0.036367644170878524,24.0,0.0,0.0,0.6971197180052129,0.0
gtzan/gtzan_jazz_00084/track.npy,gtzan,1.0,0.9452855838172157,0.9452855838172157,0.9452855838172157,1.0,1.0,1.0,1.0,1.0,0.9402113167319738,0.9402113167319738,0.9402113167319738,1.0,1.0,1.0,1.0,62.0,0.0,0.0,0.04082199452025426,15.0,0.0,0.0,0.02765476854049113,0.0
gtzan/gtzan_jazz_00085/track.npy,gtzan,0.64,0.5177305482198331,0.6498459029002481,0.5837882255600406,0.045454545454545456,0.045454545454545456,0.7352941176470589,0.7352941176470589,0.787878787878788,0.6791207280010975,0.6791207280010975,0.6791207280010975,0.7647058823529411,0.7647058823529411,0.7647058823529411,0.7647058823529411,41.0,0.0,0.0,0.20805032990053318,19.0,0.0,0.0,0.24422904782302093,0.0
gtzan/gtzan_jazz_00086/track.npy,gtzan,0.896551724137931,0.7086577622823289,0.7086577622823289,0.7086577622823289,0.8181818181818182,0.9318181818181818,0.8181818181818182,0.9318181818181818,0.5,0.4071852010178948,0.5653514707963118,0.4862683359071033,0.05,0.05,0.391304347826087,0.6956521739130435,57.0,0.0,0.0,0.2709282444913822,25.0,0.0,0.0,1.3128188920984742,0.0
gtzan/gtzan_jazz_00087/track.npy,gtzan,0.9909909909909909,0.8706539041382669,0.8706539041382669,0.8706539041382669,0.9821428571428571,0.9821428571428571,0.9821428571428571,0.9821428571428571,1.0,0.8861378371159833,0.8861378371159833,0.8861378371159833,1.0,1.0,1.0,1.0,68.0,0.0,0.0,0.044451762570840825,18.0,0.0,0.0,0.6833751653274579,0.0
gtzan/gtzan_jazz_00088/track.npy,gtzan,1.0,0.8986122810607595,0.8986122810607595,0.8986122810607595,1.0,1.0,1.0,1.0,1.0,0.898030483960936,0.898030483960936,0.898030483960936,1.0,1.0,1.0,1.0,64.0,0.0,0.0,0.04255961441880263,16.0,0.0,0.0,0.021506205220963397,0.0
gtzan/gtzan_jazz_00089/track.npy,gtzan,0.9565217391304348,0.7389499494480812,0.7389499494480812,0.7389499494480812,1.0,1.0,1.0,1.0,0.8571428571428571,0.617105252215809,0.617105252215809,0.617105252215809,0.375,0.625,0.375,0.625,28.0,0.0,0.0,0.05505977718302713,9.0,0.0,0.0,0.704277801279859,0.0
gtzan/gtzan_jazz_00090/track.npy,gtzan,1.0,0.9491741080312305,0.9491741080312305,0.9491741080312305,1.0,1.0,1.0,1.0,1.0,0.9555893014924989,0.9555893014924989,0.9555893014924989,1.0,1.0,1.0,1.0,68.0,0.0,0.0,0.04600295236887908,23.0,0.0,0.0,0.022472855852058438,0.0
gtzan/gtzan_jazz_00091/track.npy,gtzan,0.9583333333333334,0.7336320627489926,0.7336320627489926,0.7336320627489926,1.0,1.0,1.0,1.0,1.0,0.6786153435960696,0.6786153435960696,0.6786153435960696,1.0,1.0,1.0,1.0,29.0,0.0,0.0,0.22749852159025413,7.0,0.0,0.0,0.03660844582511702,0.0
gtzan/gtzan_jazz_00092/track.npy,gtzan,0.9090909090909091,0.7291279638113466,0.7291279638113466,0.7291279638113466,1.0,1.0,1.0,1.0,0.7272727272727272,0.5830146692478625,0.5830146692478625,0.5830146692478625,0.8333333333333334,0.8333333333333334,0.8333333333333334,0.8333333333333334,27.0,0.0,0.0,0.10724553035359825,7.0,0.0,0.0,0.2438866526965759,0.0
gtzan/gtzan_jazz_00093/track.npy,gtzan,0.7222222222222222,0.64335975546459,0.8393656457164487,0.7413627005905193,0.10144927536231885,0.13043478260869565,0.7435897435897436,0.7692307692307693,0.6829268292682927,0.6018384109574363,0.6575794091613123,0.6297089100593742,0.08333333333333333,0.20833333333333334,0.09090909090909091,0.30303030303030304,46.0,0.0,0.0,0.5738036201302467,29.0,0.0,0.0,1.0986122886681107,0.0
gtzan/gtzan_jazz_00094/track.npy,gtzan,1.0,0.9097640959209088,0.9097640959209088,0.9097640959209088,1.0,1.0,1.0,1.0,0.962962962962963,0.870046118753237,0.870046118753237,0.870046118753237,0.7857142857142857,0.7857142857142857,0.7857142857142857,0.7857142857142857,61.0,0.0,0.0,0.040821994520255145,19.0,0.0,0.0,0.1645018728023666,0.0
gtzan/gtzan_jazz_00095/track.npy,gtzan,0.6666666666666666,0.5418784359718462,0.8037012249825016,0.6727898304771739,0.0,0.0,0.34,0.87,0.5531914893617021,0.4147234645258664,0.6720991133458516,0.543411288935859,0.0,0.0,0.5,0.5,119.0,0.0,0.0,0.1177830356563756,39.0,0.0,0.0,0.08004270767353472,0.0
gtzan/gtzan_jazz_00096/track.npy,gtzan,0.9909909909909909,0.8885698961078947,0.8885698961078947,0.8885698961078947,0.9821428571428571,0.9821428571428571,0.9821428571428571,0.9821428571428571,1.0,0.8886665387098371,0.8886665387098371,0.8886665387098371,1.0,1.0,1.0,1.0,68.0,0.0,0.0,0.0460029523688785,16.0,0.0,0.0,0.018947983475971816,0.0
gtzan/gtzan_jazz_00097/track.npy,gtzan,0.7272727272727273,0.5877111244041703,0.5877111244041703,0.5877111244041703,0.7727272727272727,0.9545454545454546,0.7727272727272727,0.9545454545454546,0.4000000000000001,0.3249468643875582,0.3249468643875582,0.3249468643875582,1.0,1.0,1.0,1.0,26.0,0.0,0.0,0.10260814485759617,7.0,0.0,0.0,0.22071396903771645,0.0
gtzan/gtzan_jazz_00098/track.npy,gtzan,1.0,0.8580692603274749,0.8580692603274749,0.8580692603274749,1.0,1.0,1.0,1.0,1.0,0.8671737570297507,0.8671737570297507,0.8671737570297507,1.0,1.0,1.0,1.0,81.0,0.0,0.0,0.05406722127027976,20.0,0.0,0.0,0.02233971386754265,0.0
gtzan/gtzan_jazz_00099/track.npy,gtzan,1.0,0.8741182614001245,0.8741182614001245,0.8741182614001245,1.0,1.0,1.0,1.0,0.9743589743589743,0.8716489637623105,0.8716489637623105,0.8716489637623105,0.9,0.9,0.9,0.9,69.0,0.0,0.0,0.045899539715669006,24.0,0.0,0.0,0.37948275076156024,0.0
gtzan/gtzan_metal_00000/track.npy,gtzan,1.0,0.9113137740259575,0.9113137740259575,0.9113137740259575,1.0,1.0,1.0,1.0,0.9090909090909091,0.8294046951039796,0.8294046951039796,0.8294046951039796,0.4166666666666667,0.6666666666666666,0.4166666666666667,0.6666666666666666,47.0,0.0,0.0,0.06252035698133512,14.0,0.0,0.0,0.6838080935605252,0.0
gtzan/gtzan_metal_00001/track.npy,gtzan,0.5555555555555557,0.4662860945537079,0.7321923859832813,0.5992392402684946,0.1134020618556701,0.16494845360824742,0.14432989690721648,0.31007751937984496,0.2978723404255319,0.2602072646194134,0.2602072646194134,0.2602072646194134,0.16666666666666666,0.23333333333333334,0.16666666666666666,0.23333333333333334,113.0,0.05357142857142857,0.375,0.9229133452491832,35.0,0.029411764705882353,0.17647058823529413,2.2084031289294916,0.0
gtzan/gtzan_metal_00002/track.npy,gtzan,1.0,0.9109604607132558,0.9109604607132558,0.9109604607132558,1.0,1.0,1.0,1.0,1.0,0.9110856775436175,0.9110856775436175,0.9110856775436175,1.0,1.0,1.0,1.0,56.0,0.0,0.0,0.03660341379919009,14.0,0.0,0.0,0.02086806545202223,0.0
gtzan/gtzan_metal_00003/track.npy,gtzan,0.9815950920245399,0.90021574608057,0.90021574608057,0.90021574608057,0.963855421686747,0.963855421686747,0.963855421686747,0.963855421686747,0.975609756097561,0.895504245233651,0.895504245233651,0.895504245233651,0.9523809523809523,0.9523809523809523,0.9523809523809523,0.9523809523809523,99.0,0.0,0.0,0.06453852113756975,25.0,0.0,0.0,0.023354501669676092,0.0
gtzan/gtzan_metal_00004/track.npy,gtzan,0.05172413793103449,0.06080354060290259,0.08164673983488917,0.07122514021889588,0.06779661016949153,0.1016949152542373,0.06779661016949153,0.1016949152542373,0.0,0.05961327173969924,0.05961327173969924,0.05961327173969924,0.5625,0.8125,0.5625,0.8125,79.0,0.0,0.05128205128205128,0.21300940926321948,21.0,0.0,0.05,2.1361063115904377,0.0
gtzan/gtzan_metal_00005/track.npy,gtzan,0.9922480620155039,0.9418889560588888,0.9418889560588888,0.9418889560588888,0.9846153846153847,0.9846153846153847,0.9846153846153847,0.9846153846153847,1.0,0.9322924837389946,0.9322924837389946,0.9322924837389946,1.0,1.0,1.0,1.0,78.0,0.0,0.0,0.05129329438755503,20.0,0.0,0.0,0.013880606989088497,0.0
gtzan/gtzan_metal_00006/track.npy,gtzan,0.96,0.825679381015221,0.825679381015221,0.825679381015221,0.96,0.96,0.96,0.96,1.0,0.8399348313593779,0.8399348313593779,0.8399348313593779,1.0,1.0,1.0,1.0,60.0,0.0,0.0,0.04012783359968189,15.0,0.0,0.0,0.030153038170689418,0.0
gtzan/gtzan_metal_00007/track.npy,gtzan,0.9682539682539683,0.854381393787265,0.854381393787265,0.854381393787265,0.746031746031746,0.9682539682539683,0.746031746031746,0.9682539682539683,0.2564102564102564,0.20245431102259184,0.6107189725436205,0.40658664178310616,0.08695652173913043,0.08695652173913043,0.22580645161290322,0.30434782608695654,77.0,0.0,0.0,0.07598590697792496,26.0,0.0,0.0,1.1304049336212878,0.0
gtzan/gtzan_metal_00008/track.npy,gtzan,1.0,0.961860359915146,0.961860359915146,0.961860359915146,1.0,1.0,1.0,1.0,1.0,0.9604041996587575,0.9604041996587575,0.9604041996587575,1.0,1.0,1.0,1.0,59.0,0.0,0.0,0.03922071315328135,15.0,0.0,0.0,0.021651546939800707,0.0
gtzan/gtzan_metal_00009/track.npy,gtzan,0.8461538461538461,0.7057221248713498,0.7057221248713498,0.7057221248713498,0.6428571428571429,0.6428571428571429,0.6428571428571429,0.6428571428571429,0.7142857142857143,0.592007217353257,0.592007217353257,0.592007217353257,0.5625,0.5625,0.5625,0.5625,67.0,0.015151515151515152,0.06060606060606061,0.6263483463564243,20.0,0.0,0.0,1.1389607795840535,0.0
gtzan/gtzan_metal_00010/track.npy,gtzan,0.5454545454545454,0.41796360331929944,0.4563098345775508,0.4371367189484251,0.21839080459770116,0.28735632183908044,0.21839080459770116,0.28735632183908044,0.14285714285714288,0.08442277959613798,0.11352038306021967,0.09897158132817882,0.13043478260869565,0.17391304347826086,0.13043478260869565,0.17391304347826086,94.0,0.0,0.06451612903225806,0.36751902879033743,24.0,0.0,0.043478260869565216,2.036454819869424,0.0
gtzan/gtzan_metal_00011/track.npy,gtzan,0.4817518248175182,0.36931611989812335,0.4034892192851242,0.3864026695916238,0.056338028169014086,0.23943661971830985,0.07042253521126761,0.23943661971830985,0.0,0.0020860631740986678,0.10762920051680125,0.05485763184544996,0.030303030303030304,0.06060606060606061,0.06060606060606061,0.06060606060606061,94.0,0.021505376344086023,0.24731182795698925,0.9864193870110767,41.0,0.0,0.1,1.9602511562448912,0.0
gtzan/gtzan_metal_00012/track.npy,gtzan,0.9929078014184397,0.9493170939786381,0.9493170939786381,0.9493170939786381,0.9859154929577465,0.9859154929577465,0.9859154929577465,0.9859154929577465,1.0,0.9598231680373265,0.9598231680373265,0.9598231680373265,1.0,1.0,1.0,1.0,85.0,0.0,0.0,0.0528299537360018,21.0,0.0,0.0,0.02848628082938502,0.0
gtzan/gtzan_metal_00013/track.npy,gtzan,0.8888888888888888,0.5852336919208416,0.5852336919208416,0.5852336919208416,0.4,0.8833333333333333,0.4,0.8833333333333333,0.8750000000000001,0.5106773288262588,0.5106773288262588,0.5106773288262588,0.5,0.5555555555555556,0.5,0.5555555555555556,83.0,0.0,0.036585365853658534,0.2623642644674893,25.0,0.0,0.0,1.5978485752809342,0.0
gtzan/gtzan_metal_00014/track.npy,gtzan,0.6526315789473685,0.5896747864585928,0.8894558215473064,0.7395653040029496,0.0,0.0,0.953125,0.953125,0.6666666666666666,0.6111335445731992,0.872242487615008,0.7416880160941036,0.0,0.0,0.9375,0.9375,77.0,0.0,0.0,0.07467135260098172,19.0,0.0,0.0,0.04425556206976722,0.0
gtzan/gtzan_metal_00015/track.npy,gtzan,0.8318584070796461,0.7007545706888074,0.7007545706888074,0.7007545706888074,0.4393939393939394,0.4393939393939394,0.4393939393939394,0.4393939393939394,0.8148148148148148,0.709394657110437,0.709394657110437,0.709394657110437,0.5,0.5625,0.5,0.5625,87.0,0.0,0.011627906976744186,0.1823215567939546,25.0,0.0,0.041666666666666664,1.2992829841302618,0.0
gtzan/gtzan_metal_00016/track.npy,gtzan,0.6724137931034482,0.6122855589118233,0.9235508002384992,0.7679181795751613,0.0,0.0,1.0,1.0,0.6896551724137931,0.6286170156825273,0.9284839970237867,0.778550506353157,0.0,0.0,1.0,1.0,92.0,0.0,0.0,0.06062462181643369,23.0,0.0,0.0,0.03891541624967343,0.0
gtzan/gtzan_metal_00017/track.npy,gtzan,0.1925133689839572,0.18262351015969133,0.6486332630207118,0.41562838659020157,0.08163265306122448,0.10204081632653061,0.2755102040816326,0.6530612244897959,0.2127659574468085,0.19471784178254148,0.19471784178254148,0.19471784178254148,0.9166666666666666,0.9583333333333334,0.9166666666666666,0.9583333333333334,116.0,0.02608695652173913,0.13043478260869565,0.2876820724518032,29.0,0.0,0.03571428571428571,1.4484417260742497,0.0
gtzan/gtzan_metal_00018/track.npy,gtzan,0.49586776859504145,0.38411649417405896,0.5544118754215592,0.46926418479780907,0.02531645569620253,0.0379746835443038,0.24096385542168675,0.5180722891566265,0.1951219512195122,0.13525434627870284,0.16425997117191382,0.14975715872530831,0.0,0.0,0.0,0.0,96.0,0.0,0.021052631578947368,0.6076179920239004,39.0,0.0,0.02631578947368421,1.1146208302028178,0.0
gtzan/gtzan_metal_00019/track.npy,gtzan,0.044444444444444446,0.04505662639573352,0.8430710715219787,0.4440638489588561,0.022222222222222223,0.022222222222222223,0.6555555555555556,0.8888888888888888,0.0,0.004612057920423466,0.004612057920423466,0.004612057920423466,0.44,0.68,0.44,0.68,111.0,0.01818181818181818,0.045454545454545456,0.38594904244039163,34.0,0.06060606060606061,0.09090909090909091,2.02656241837574,0.0
gtzan/gtzan_metal_00020/track.npy,gtzan,0.6290322580645161,0.568727084418154,0.6564726583828856,0.6125998714005199,0.2077922077922078,0.2077922077922078,0.40425531914893614,0.5106382978723404,0.625,0.550557490337126,0.6212933746611419,0.5859254324991339,0.2,0.2,0.5833333333333334,0.6666666666666666,58.0,0.0,0.0,0.11993699957404266,15.0,0.0,0.0,0.10633915092954145,0.0
gtzan/gtzan_metal_00021/track.npy,gtzan,1.0,0.9419954286935225,0.9419954286935225,0.9419954286935225,1.0,1.0,1.0,1.0,1.0,0.9473699428825356,0.9473699428825356,0.9473699428825356,1.0,1.0,1.0,1.0,54.0,0.0,0.0,0.03636764417088045,13.0,0.0,0.0,0.013667922433839685,0.0
gtzan/gtzan_metal_00022/track.npy,gtzan,1.0,0.8831918654404202,0.8831918654404202,0.8831918654404202,1.0,1.0,1.0,1.0,1.0,0.9005378475729817,0.9005378475729817,0.9005378475729817,1.0,1.0,1.0,1.0,69.0,0.0,0.0,0.07763624943447034,17.0,0.0,0.0,0.02263835766533484,0.0
gtzan/gtzan_metal_00023/track.npy,gtzan,0.9836065573770492,0.8861264138830265,0.8861264138830265,0.8861264138830265,0.9836065573770492,0.9836065573770492,0.9836065573770492,0.9836065573770492,0.5,0.46238832617794934,0.7418646204136812,0.6021264732958153,0.047619047619047616,0.14285714285714285,0.2857142857142857,0.3793103448275862,73.0,0.0,0.0,0.04879016416942239,26.0,0.0,0.0,0.7138799157154823,0.0
gtzan/gtzan_metal_00024/track.npy,gtzan,1.0,0.9371866027752315,0.9371866027752315,0.9371866027752315,1.0,1.0,1.0,1.0,1.0,0.9405230598082323,0.9405230598082323,0.9405230598082323,1.0,1.0,1.0,1.0,56.0,0.0,0.0,0.018692133012155443,14.0,0.0,0.0,0.013921338518609116,0.0
gtzan/gtzan_metal_00025/track.npy,gtzan,1.0,0.9778088715967169,0.9778088715967169,0.9778088715967169,1.0,1.0,1.0,1.0,1.0,0.9798496462683832,0.9798496462683832,0.9798496462683832,1.0,1.0,1.0,1.0,69.0,0.0,0.0,0.04652001563489594,17.0,0.0,0.0,0.02497606457696047,0.0
gtzan/gtzan_metal_00026/track.npy,gtzan,1.0,0.9366336695445907,0.9366336695445907,0.9366336695445907,0.912621359223301,0.9805825242718447,0.912621359223301,0.9805825242718447,0.9811320754716981,0.8949777333326291,0.8949777333326291,0.8949777333326291,0.8518518518518519,0.9259259259259259,0.8518518518518519,0.9259259259259259,125.0,0.0,0.0,0.08701137698962969,37.0,0.0,0.0,0.7147951962302522,0.0
gtzan/gtzan_metal_00027/track.npy,gtzan,0.9674418604651163,0.8078931638937185,0.8078931638937185,0.8078931638937185,0.39814814814814814,0.8425925925925926,0.39814814814814814,0.8425925925925926,0.8,0.6402861170228453,0.6402861170228453,0.6402861170228453,0.5172413793103449,0.5862068965517241,0.5172413793103449,0.5862068965517241,129.0,0.0,0.0,0.0870113769896359,34.0,0.0,0.0,1.0828283592085637,0.0
gtzan/gtzan_metal_00028/track.npy,gtzan,0.7435897435897436,0.6775618507837962,0.8308879388609485,0.7542248948223723,0.11224489795918367,0.19387755102040816,0.391304347826087,0.6608695652173913,0.6842105263157894,0.6270074830450242,0.6270074830450242,0.6270074830450242,0.25,0.5833333333333334,0.25,0.5833333333333334,117.0,0.0,0.0603448275862069,0.6466271649250617,30.0,0.0,0.034482758620689655,2.014903020542268,0.0
gtzan/gtzan_metal_00029/track.npy,gtzan,1.0,0.8699300861808537,0.8699300861808537,0.8699300861808537,1.0,1.0,1.0,1.0,1.0,0.8713922461785489,0.8713922461785489,0.8713922461785489,1.0,1.0,1.0,1.0,61.0,0.0,0.0,0.04082199452025426,15.0,0.0,0.0,0.010246249968090404,0.0
gtzan/gtzan_metal_00030/track.npy,gtzan,0.9734513274336283,0.9248208843878747,0.9248208843878747,0.9248208843878747,0.9137931034482759,0.9137931034482759,0.9137931034482759,0.9137931034482759,1.0,0.9449652666658405,0.9449652666658405,0.9449652666658405,1.0,1.0,1.0,1.0,69.0,0.0,0.0,0.044451762570832797,16.0,0.0,0.0,0.005509655810970515,0.0
gtzan/gtzan_metal_00031/track.npy,gtzan,1.0,0.9313840548667224,0.9313840548667224,0.9313840548667224,1.0,1.0,1.0,1.0,1.0,0.9069656964628915,0.9069656964628915,0.9069656964628915,1.0,1.0,1.0,1.0,69.0,0.0,0.0,0.0388828110767858,18.0,0.0,0.0,0.02298951822469697,0.0
gtzan/gtzan_metal_00032/track.npy,gtzan,0.9931972789115647,0.7699402980803355,0.7699402980803355,0.7699402980803355,0.972972972972973,0.972972972972973,0.972972972972973,0.972972972972973,0.972972972972973,0.7155028272486007,0.7155028272486007,0.7155028272486007,0.9473684210526315,0.9473684210526315,0.9473684210526315,0.9473684210526315,87.0,0.0,0.0,0.0865205791973195,21.0,0.0,0.0,0.04262087016343647,0.0
gtzan/gtzan_metal_00033/track.npy,gtzan,1.0,0.9603062585642341,0.9603062585642341,0.9603062585642341,1.0,1.0,1.0,1.0,0.896551724137931,0.8597661493619078,0.8597661493619078,0.8597661493619078,0.5,0.625,0.5,0.625,62.0,0.0,0.0,0.040864529614273386,20.0,0.0,0.0,0.7092838078638167,0.0
gtzan/gtzan_metal_00034/track.npy,gtzan,0.5757575757575757,0.5251073233717751,0.5251073233717751,0.5251073233717751,0.40298507462686567,0.5522388059701493,0.40298507462686567,0.5522388059701493,0.0,8.988117866206279e-19,0.36619322691354433,0.18309661345677217,0.0,0.0,0.47058823529411764,0.8235294117647058,81.0,0.0,0.0,0.17854437577430265,21.0,0.0,0.0,1.7081848565888536,0.0
gtzan/gtzan_metal_00035/track.npy,gtzan,0.98989898989899,0.9504413895438221,0.9504413895438221,0.9504413895438221,0.98,0.98,0.98,0.98,1.0,0.9546467558316651,0.9546467558316651,0.9546467558316651,1.0,1.0,1.0,1.0,65.0,0.0,0.0,0.08004270767353658,16.0,0.0,0.0,0.37120440829682877,0.0
gtzan/gtzan_metal_00036/track.npy,gtzan,1.0,0.9084299524119173,0.9084299524119173,0.9084299524119173,1.0,1.0,1.0,1.0,1.0,0.9374406272134607,0.9374406272134607,0.9374406272134607,1.0,1.0,1.0,1.0,71.0,0.0,0.0,0.04652001563490016,17.0,0.0,0.0,0.02353049741019205,0.0
gtzan/gtzan_metal_00037/track.npy,gtzan,1.0,0.9294765720388735,0.9294765720388735,0.9294765720388735,1.0,1.0,1.0,1.0,1.0,0.9073919823067722,0.9073919823067722,0.9073919823067722,1.0,1.0,1.0,1.0,69.0,0.0,0.0,0.04652001563489594,18.0,0.0,0.0,0.20071739801482422,0.0
gtzan/gtzan_metal_00038/track.npy,gtzan,0.8333333333333334,0.713323701712425,0.713323701712425,0.713323701712425,0.7619047619047619,0.7619047619047619,0.7619047619047619,0.7619047619047619,0.30769230769230765,0.19928615204984712,0.2568341549286427,0.2280601534892449,0.0,0.0,0.13333333333333333,0.13333333333333333,50.0,0.04081632653061224,0.04081632653061224,0.5945441637244542,18.0,0.0,0.0,0.9326208523678234,0.0
gtzan/gtzan_metal_00039/track.npy,gtzan,0.6666666666666666,0.6229901357534576,0.916950656933458,0.7699703963434579,0.0,0.0,0.98,0.98,0.6666666666666666,0.6310037256024275,0.9089926960611067,0.7699982108317671,0.0,0.0,0.9166666666666666,0.9166666666666666,60.0,0.0,0.0,0.04082199452025426,15.0,0.0,0.0,0.014030468194768372,0.0
gtzan/gtzan_metal_00040/track.npy,gtzan,0.661764705882353,0.6045496246599471,0.9177967312165923,0.7611731779382698,0.0,0.0,0.5824175824175825,0.9560439560439561,0.0,1.7745466422290744e-11,3.6661467429437296e-11,2.720346692586402e-11,0.0,0.0,0.0,0.0,108.0,0.0,0.0,0.10919929196499273,27.0,0.0,0.0,0.018349138668198095,0.0
gtzan/gtzan_metal_00041/track.npy,gtzan,1.0,0.9589535248894547,0.9589535248894547,0.9589535248894547,1.0,1.0,1.0,1.0,1.0,0.933557809003874,0.933557809003874,0.933557809003874,1.0,1.0,1.0,1.0,59.0,0.0,0.0,0.0392207131532815,17.0,0.0,0.0,0.2228098899799329,0.0
gtzan/gtzan_metal_00042/track.npy,gtzan,1.0,0.9378973478826246,0.9378973478826246,0.9378973478826246,1.0,1.0,1.0,1.0,1.0,0.9237341939865015,0.9237341939865015,0.9237341939865015,1.0,1.0,1.0,1.0,65.0,0.0,0.0,0.04255961441880225,17.0,0.0,0.0,0.0324352757531543,0.0
gtzan/gtzan_metal_00043/track.npy,gtzan,0.9873417721518987,0.9581219832275487,0.9581219832275487,0.9581219832275487,0.975,0.975,0.975,0.975,1.0,0.9821069391435902,0.9821069391435902,0.9821069391435902,1.0,1.0,1.0,1.0,47.0,0.0,0.0,0.03174869831458184,12.0,0.0,0.0,0.016089666605595857,0.0
gtzan/gtzan_metal_00044/track.npy,gtzan,0.888888888888889,0.7993869694031918,0.7993869694031918,0.7993869694031918,0.6440677966101694,0.6440677966101694,0.6440677966101694,0.6440677966101694,0.8148148148148148,0.7534830471482985,0.7534830471482985,0.7534830471482985,0.7857142857142857,0.9285714285714286,0.7857142857142857,0.9285714285714286,69.0,0.0,0.0,0.10334289201696077,16.0,0.0,0.0,2.018770463207561,0.0
gtzan/gtzan_metal_00045/track.npy,gtzan,0.6493506493506493,0.6165082383672469,0.921055724985781,0.768781981676514,0.0,0.0,0.9607843137254902,0.9607843137254902,0.6,0.569083724396209,0.8291425900029588,0.6991131571995839,0.0,0.0,0.7857142857142857,0.7857142857142857,61.0,0.0,0.0,0.06256643040214357,16.0,0.0,0.0,0.6917437125288617,0.0
gtzan/gtzan_metal_00046/track.npy,gtzan,0.9948186528497409,0.9431355077430829,0.9431355077430829,0.9431355077430829,0.9896907216494846,0.9896907216494846,0.9896907216494846,0.9896907216494846,0.9795918367346939,0.9280920756860338,0.9280920756860338,0.9280920756860338,0.96,0.96,0.96,0.96,117.0,0.0,0.0,0.08004270767353461,30.0,0.0,0.0,0.03920913805150531,0.0
gtzan/gtzan_metal_00047/track.npy,gtzan,0.8651685393258427,0.7938023540628577,0.7938023540628577,0.7938023540628577,0.6263736263736264,0.7582417582417582,0.6263736263736264,0.7582417582417582,0.7200000000000001,0.6661359988059332,0.6661359988059332,0.6661359988059332,0.5172413793103449,0.5172413793103449,0.5172413793103449,0.5172413793103449,108.0,0.009345794392523364,0.037383177570093455,0.27361744794799,34.0,0.030303030303030304,0.06060606060606061,1.536760495010885,0.0
gtzan/gtzan_metal_00048/track.npy,gtzan,0.994535519125683,0.9236164520902858,0.9236164520902858,0.9236164520902858,0.9891304347826086,0.9891304347826086,0.9891304347826086,0.9891304347826086,0.9361702127659575,0.8784540549780204,0.8784540549780204,0.8784540549780204,0.8,0.84,0.8,0.84,110.0,0.0,0.0,0.07410797215372678,30.0,0.0,0.0,1.0745147370890535,0.0
gtzan/gtzan_metal_00049/track.npy,gtzan,1.0,0.9456158858386448,0.9456158858386448,0.9456158858386448,1.0,1.0,1.0,1.0,1.0,0.9487083202398848,0.9487083202398848,0.9487083202398848,1.0,1.0,1.0,1.0,99.0,0.0,0.0,0.06453852113758152,25.0,0.0,0.0,0.04863322620783204,0.0
gtzan/gtzan_metal_00050/track.npy,gtzan,1.0,0.9600218760913287,0.9600218760913287,0.9600218760913287,1.0,1.0,1.0,1.0,0.9583333333333334,0.9257028258304626,0.9257028258304626,0.9257028258304626,0.76,0.8,0.76,0.8,114.0,0.0,0.0,0.07410797215373366,34.0,0.0,0.0,0.6830551542924368,0.0
gtzan/gtzan_metal_00051/track.npy,gtzan,1.0,0.9640347001164176,0.9640347001164176,0.9640347001164176,1.0,1.0,1.0,1.0,0.7857142857142858,0.7564726708354863,0.7564726708354863,0.7564726708354863,0.17647058823529413,0.29411764705882354,0.17647058823529413,0.29411764705882354,110.0,0.0,0.0,0.09691733003104537,42.0,0.0,0.0,1.1806459769775899,0.0
gtzan/gtzan_metal_00052/track.npy,gtzan,1.0,0.8629148035669825,0.8629148035669825,0.8629148035669825,1.0,1.0,1.0,1.0,1.0,0.8365698316391492,0.8365698316391492,0.8365698316391492,1.0,1.0,1.0,1.0,80.0,0.0,0.0,0.054067221270274635,20.0,0.0,0.0,0.021226602078079557,0.0
gtzan/gtzan_metal_00053/track.npy,gtzan,0.9809523809523809,0.9255010118182405,0.9255010118182405,0.9255010118182405,0.5094339622641509,0.9433962264150944,0.5094339622641509,0.9433962264150944,0.7636363636363636,0.7221958200005714,0.7221958200005714,0.7221958200005714,0.5517241379310345,0.5862068965517241,0.5517241379310345,0.5862068965517241,127.0,0.007936507936507936,0.03968253968253968,0.08701137698964323,37.0,0.0,0.0,0.9972950967166692,0.0
gtzan/gtzan_metal_00054/track.npy,gtzan,0.975609756097561,0.8982733299572008,0.8982733299572008,0.8982733299572008,0.5865384615384616,0.9326923076923077,0.5865384615384616,0.9326923076923077,0.0,4.316073038322259e-08,0.17620339358832393,0.08810171837452715,0.0,0.0,0.29411764705882354,0.47058823529411764,122.0,0.0,0.0,0.12314877561894616,23.0,0.0,0.0,0.9911920400472741,0.0
gtzan/gtzan_metal_00055/track.npy,gtzan,1.0,0.9642496572251069,0.9642496572251069,0.9642496572251069,1.0,1.0,1.0,1.0,1.0,0.966697418183438,0.966697418183438,0.966697418183438,1.0,1.0,1.0,1.0,85.0,0.0,0.0,0.05699955757143368,21.0,0.0,0.0,0.028987536873251923,0.0
gtzan/gtzan_metal_00056/track.npy,gtzan,1.0,0.924657742025743,0.924657742025743,0.924657742025743,1.0,1.0,1.0,1.0,0.9787234042553191,0.8802930150534111,0.8802930150534111,0.8802930150534111,0.625,0.9166666666666666,0.625,0.9166666666666666,109.0,0.0,0.0,0.074107972153717,29.0,0.0,0.0,0.858098220334689,0.0
gtzan/gtzan_metal_00057/track.npy,gtzan,1.0,0.91802120485695,0.91802120485695,0.91802120485695,1.0,1.0,1.0,1.0,1.0,0.8720033137959915,0.8720033137959915,0.8720033137959915,1.0,1.0,1.0,1.0,64.0,0.0,0.0,0.0415069439588969,16.0,0.0,0.0,0.026718300711136178,0.0
gtzan/gtzan_metal_00058/track.npy,gtzan,1.0,0.9661891471658207,0.9661891471658207,0.9661891471658207,1.0,1.0,1.0,1.0,1.0,0.9731509928970996,0.9731509928970996,0.9731509928970996,1.0,1.0,1.0,1.0,73.0,0.0,0.0,0.0487901641694376,19.0,0.0,0.0,0.025205348537293254,0.0
gtzan/gtzan_metal_00059/track.npy,gtzan,1.0,0.9495559870375014,0.9495559870375014,0.9495559870375014,1.0,1.0,1.0,1.0,1.0,0.9633553373439587,0.9633553373439587,0.9633553373439587,1.0,1.0,1.0,1.0,49.0,0.0,0.0,0.03278982282299141,12.0,0.0,0.0,0.018533783543382677,0.0
gtzan/gtzan_metal_00060/track.npy,gtzan,1.0,0.9661186792126536,0.9661186792126536,0.9661186792126536,1.0,1.0,1.0,1.0,0.8695652173913044,0.8389479642777544,0.8389479642777544,0.8389479642777544,0.5384615384615384,0.5384615384615384,0.5384615384615384,0.5384615384615384,45.0,0.0,0.0,0.02985296314968583,15.0,0.0,0.0,0.28328532995103833,0.0
gtzan/gtzan_metal_00061/track.npy,gtzan,0.994475138121547,0.9663653270761469,0.9663653270761469,0.9663653270761469,0.5824175824175825,0.978021978021978,0.5824175824175825,0.978021978021978,1.0,0.9843543238064139,0.9843543238064139,0.9843543238064139,1.0,1.0,1.0,1.0,108.0,0.0,0.0,0.10919929196499273,27.0,0.0,0.0,0.018349138668198095,0.0
gtzan/gtzan_metal_00062/track.npy,gtzan,1.0,0.9618348364386199,0.9618348364386199,0.9618348364386199,1.0,1.0,1.0,1.0,1.0,0.933557809003874,0.933557809003874,0.933557809003874,1.0,1.0,1.0,1.0,59.0,0.0,0.0,0.0392207131532815,17.0,0.0,0.0,0.2228098899799329,0.0
gtzan/gtzan_metal_00063/track.npy,gtzan,1.0,0.9478844372939178,0.9478844372939178,0.9478844372939178,1.0,1.0,1.0,1.0,1.0,0.9237341939865015,0.9237341939865015,0.9237341939865015,1.0,1.0,1.0,1.0,65.0,0.0,0.0,0.04255961441880225,17.0,0.0,0.0,0.0324352757531543,0.0
gtzan/gtzan_metal_00064/track.npy,gtzan,1.0,0.9729463198931985,0.9729463198931985,0.9729463198931985,1.0,1.0,1.0,1.0,1.0,0.9821069391435902,0.9821069391435902,0.9821069391435902,1.0,1.0,1.0,1.0,47.0,0.0,0.0,0.03174869831458184,12.0,0.0,0.0,0.016089666605595857,0.0
gtzan/gtzan_metal_00065/track.npy,gtzan,0.888888888888889,0.8187321850382138,0.8187321850382138,0.8187321850382138,0.6440677966101694,0.6440677966101694,0.6440677966101694,0.6440677966101694,0.8148148148148148,0.7587230671480488,0.7587230671480488,0.7587230671480488,0.7857142857142857,0.9285714285714286,0.7857142857142857,0.9285714285714286,69.0,0.0,0.0,0.10334289201696077,16.0,0.0,0.0,2.018770463207561,0.0
gtzan/gtzan_metal_00066/track.npy,gtzan,0.6578947368421052,0.6383455258436964,0.9503628529201679,0.7943541893819321,0.0,0.0,0.9607843137254902,0.9607843137254902,0.6,0.5707860635860398,0.8159997623250639,0.6933929129555518,0.0,0.0,0.7857142857142857,0.7857142857142857,61.0,0.0,0.0,0.06256643040214357,16.0,0.0,0.0,0.6917437125288617,0.0
gtzan/gtzan_metal_00067/track.npy,gtzan,1.0,0.9855010573105504,0.9855010573105504,0.9855010573105504,1.0,1.0,1.0,1.0,0.9333333333333333,0.9263027620387523,0.9263027620387523,0.9263027620387523,0.5,0.75,0.5,0.75,67.0,0.0,0.0,0.04445176257083683,19.0,0.0,0.0,0.695357147797261,0.0
gtzan/gtzan_metal_00068/track.npy,gtzan,1.0,0.9856677019571913,0.9856677019571913,0.9856677019571913,1.0,1.0,1.0,1.0,0.8292682926829268,0.8221039683504253,0.8351079249449853,0.8286059466477054,0.25,0.4166666666666667,0.42424242424242425,0.42424242424242425,83.0,0.0,0.0,0.054067221270276966,27.0,0.0,0.0,0.5491130176409574,0.0
gtzan/gtzan_metal_00069/track.npy,gtzan,1.0,0.9251186534052153,0.9251186534052153,0.9251186534052153,1.0,1.0,1.0,1.0,1.0,0.9227618329350527,0.9227618329350527,0.9227618329350527,1.0,1.0,1.0,1.0,82.0,0.0,0.0,0.05406722127028396,21.0,0.0,0.0,0.06825135048862896,0.0
gtzan/gtzan_metal_00070/track.npy,gtzan,1.0,0.9341367581849346,0.9341367581849346,0.9341367581849346,1.0,1.0,1.0,1.0,1.0,0.94291104669287,0.94291104669287,0.94291104669287,1.0,1.0,1.0,1.0,58.0,0.0,0.0,0.03922071315328046,15.0,0.0,0.0,0.021383691778072925,0.0
gtzan/gtzan_metal_00071/track.npy,gtzan,1.0,0.9446537337319102,0.9446537337319102,0.9446537337319102,1.0,1.0,1.0,1.0,1.0,0.9618948059149486,0.9618948059149486,0.9618948059149486,1.0,1.0,1.0,1.0,42.0,0.0,0.0,0.028191001740565838,11.0,0.0,0.0,0.007067167223092197,0.0
gtzan/gtzan_metal_00072/track.npy,gtzan,1.0,0.9787501856988373,0.9787501856988373,0.9787501856988373,1.0,1.0,1.0,1.0,1.0,0.9859884223341778,0.9859884223341778,0.9859884223341778,1.0,1.0,1.0,1.0,60.0,0.0,0.0,0.04012783359968176,15.0,0.0,0.0,0.01895875496153706,0.0
gtzan/gtzan_metal_00073/track.npy,gtzan,0.673913043478261,0.6461598319037405,0.9609748039693556,0.8035673179365481,0.0,0.0,1.0,1.0,0.6666666666666666,0.6404084195146423,0.9343988288230726,0.7874036241688575,0.0,0.0,0.9375,0.9375,73.0,0.0,0.0,0.04879016416943971,19.0,0.0,0.0,0.01932141798985982,0.0
gtzan/gtzan_metal_00074/track.npy,gtzan,0.9357798165137614,0.9028457518812848,0.9028457518812848,0.9028457518812848,0.7758620689655172,0.7758620689655172,0.7758620689655172,0.7758620689655172,0.787878787878788,0.7648160955003537,0.7779424614455576,0.7713792784729556,0.25,0.35,0.25,0.36,74.0,0.0,0.0,0.08317860886577841,22.0,0.0,0.0,1.1415689045698192,0.0
gtzan/gtzan_metal_00075/track.npy,gtzan,1.0,0.9756544024003304,0.9756544024003304,0.9756544024003304,1.0,1.0,1.0,1.0,1.0,0.9585031819072699,0.9585031819072699,0.9585031819072699,1.0,1.0,1.0,1.0,56.0,0.0,0.0,0.03774032798284632,14.0,0.0,0.0,0.009478743954544155,0.0
gtzan/gtzan_metal_00076/track.npy,gtzan,0.9914529914529915,0.9413309963771389,0.9413309963771389,0.9413309963771389,0.9830508474576272,0.9830508474576272,0.9830508474576272,0.9830508474576272,0.9655172413793104,0.9115082574066459,0.9115082574066459,0.9115082574066459,0.8,0.8,0.8,0.8,71.0,0.0,0.0,0.04652001563490016,21.0,0.0,0.0,1.131399337500386,0.0
gtzan/gtzan_metal_00077/track.npy,gtzan,0.9919999999999999,0.8930548832517073,0.8930548832517073,0.8930548832517073,0.9841269841269841,0.9841269841269841,0.9841269841269841,0.9841269841269841,1.0,0.8975993037125554,0.8975993037125554,0.8975993037125554,1.0,1.0,1.0,1.0,76.0,0.0,0.0,0.05001042057466032,19.0,0.0,0.0,0.020047726007078645,0.0
gtzan/gtzan_metal_00078/track.npy,gtzan,1.0,0.9723183447117375,0.9723183447117375,0.9723183447117375,1.0,1.0,1.0,1.0,0.7636363636363637,0.7438811251340144,0.7438811251340144,0.7438811251340144,0.11764705882352941,0.20588235294117646,0.11764705882352941,0.20588235294117646,100.0,0.0,0.0,0.03390155167568665,42.0,0.0,0.0,1.3551440294380506,0.0
gtzan/gtzan_metal_00079/track.npy,gtzan,1.0,0.9566190285721045,0.9566190285721045,0.9566190285721045,1.0,1.0,1.0,1.0,1.0,0.9634457233899274,0.9634457233899274,0.9634457233899274,1.0,1.0,1.0,1.0,62.0,0.0,0.0,0.04082199452025477,15.0,0.0,0.0,0.010309369658861978,0.0
gtzan/gtzan_metal_00080/track.npy,gtzan,0.8474576271186441,0.7854721854337696,0.7854721854337696,0.7854721854337696,0.47058823529411764,0.47058823529411764,0.47058823529411764,0.47058823529411764,0.8387096774193548,0.761137771528204,0.761137771528204,0.761137771528204,0.4444444444444444,0.4444444444444444,0.4444444444444444,0.4444444444444444,82.0,0.0,0.0,0.05406722127028396,22.0,0.0,0.0,0.06137605061332742,0.0
gtzan/gtzan_metal_00081/track.npy,gtzan,1.0,0.9198943452431237,0.9198943452431237,0.9198943452431237,1.0,1.0,1.0,1.0,0.8333333333333333,0.7522097484707951,0.7522097484707951,0.7522097484707951,0.14285714285714285,0.42857142857142855,0.14285714285714285,0.42857142857142855,73.0,0.0,0.0,0.08701137698962991,24.0,0.0,0.0,0.9887467721971291,0.0
gtzan/gtzan_metal_00082/track.npy,gtzan,1.0,0.9685615899736199,0.9685615899736199,0.9685615899736199,1.0,1.0,1.0,1.0,1.0,0.9705407565129464,0.9705407565129464,0.9705407565129464,1.0,1.0,1.0,1.0,61.0,0.0,0.0,0.020619287202738867,16.0,0.0,0.0,0.017140607405969576,0.0
gtzan/gtzan_metal_00083/track.npy,gtzan,1.0,0.970615052677896,0.970615052677896,0.970615052677896,1.0,1.0,1.0,1.0,1.0,0.953371499255601,0.953371499255601,0.953371499255601,1.0,1.0,1.0,1.0,59.0,0.0,0.0,0.039220713153283904,16.0,0.0,0.0,0.27349548917006816,0.0
gtzan/gtzan_metal_00084/track.npy,gtzan,0.9919999999999999,0.9418883704700223,0.9418883704700223,0.9418883704700223,0.9841269841269841,0.9841269841269841,0.9841269841269841,0.9841269841269841,0.967741935483871,0.9031796154399558,0.9031796154399558,0.9031796154399558,0.9375,0.9375,0.9375,0.9375,75.0,0.0,0.0,0.04879016416943105,19.0,0.0,0.0,0.019922906127028846,0.0
gtzan/gtzan_metal_00085/track.npy,gtzan,1.0,0.9508603628328579,0.9508603628328579,0.9508603628328579,1.0,1.0,1.0,1.0,1.0,0.9322613290800676,0.9322613290800676,0.9322613290800676,1.0,1.0,1.0,1.0,51.0,0.0,0.0,0.033901551675681804,12.0,0.0,0.0,0.026320329779652818,0.0
gtzan/gtzan_metal_00086/track.npy,gtzan,1.0,0.9710508555804035,0.9710508555804035,0.9710508555804035,1.0,1.0,1.0,1.0,1.0,0.9847312526681535,0.9847312526681535,0.9847312526681535,1.0,1.0,1.0,1.0,61.0,0.0,0.0,0.04082199452025426,15.0,0.0,0.0,0.020408871631207394,0.0
gtzan/gtzan_metal_00087/track.npy,gtzan,1.0,0.9462923470881514,0.9462923470881514,0.9462923470881514,1.0,1.0,1.0,1.0,1.0,0.9566851083004526,0.9566851083004526,0.9566851083004526,1.0,1.0,1.0,1.0,96.0,0.0,0.0,0.04251877884794728,24.0,0.0,0.0,0.015873349156289823,0.0
gtzan/gtzan_metal_00088/track.npy,gtzan,1.0,0.953856383275731,0.953856383275731,0.953856383275731,1.0,1.0,1.0,1.0,1.0,0.9402417008072319,0.9402417008072319,0.9402417008072319,1.0,1.0,1.0,1.0,58.0,0.0,0.0,0.03922071315328046,15.0,0.0,0.0,0.021431289859927052,0.0
gtzan/gtzan_metal_00089/track.npy,gtzan,0.6666666666666666,0.6034483385530992,0.908233206998873,0.7558407727759862,0.0,0.0,0.984375,0.984375,0.6666666666666666,0.6052431901327059,0.9001820727261529,0.7527126314294295,0.0,0.0,0.9375,0.9375,77.0,0.0,0.0,0.0606428269825708,19.0,0.0,0.0,0.05064373281875606,0.0
gtzan/gtzan_metal_00090/track.npy,gtzan,0.9932885906040269,0.8839401379869366,0.8839401379869366,0.8839401379869366,0.9866666666666667,0.9866666666666667,0.9866666666666667,0.9866666666666667,1.0,0.8988695291384227,0.8988695291384227,0.8988695291384227,1.0,1.0,1.0,1.0,94.0,0.010752688172043012,0.053763440860215055,0.22910390335171882,24.0,0.0,0.043478260869565216,0.02247285585205937,0.0
gtzan/gtzan_metal_00091/track.npy,gtzan,1.0,0.9487142573632047,0.9487142573632047,0.9487142573632047,1.0,1.0,1.0,1.0,1.0,0.9433253528749599,0.9433253528749599,0.9433253528749599,1.0,1.0,1.0,1.0,68.0,0.0,0.0,0.06221096450537031,17.0,0.0,0.0,0.026255628575642075,0.0
gtzan/gtzan_metal_00092/track.npy,gtzan,0.9739130434782608,0.9382824839179242,0.9382824839179242,0.9382824839179242,0.4827586206896552,0.9482758620689655,0.4827586206896552,0.9482758620689655,0.42857142857142855,0.4027791547566228,0.4027791547566228,0.4027791547566228,0.42857142857142855,0.42857142857142855,0.42857142857142855,0.42857142857142855,68.0,0.0,0.0,0.05826890812397789,17.0,0.0,0.0,0.3765742811781876,0.0
gtzan/gtzan_metal_00093/track.npy,gtzan,1.0,0.9540586279654811,0.9540586279654811,0.9540586279654811,1.0,1.0,1.0,1.0,1.0,0.9435413117570131,0.9435413117570131,0.9435413117570131,1.0,1.0,1.0,1.0,86.0,0.0,0.0,0.057158413839947464,22.0,0.0,0.0,0.07467856613945559,0.0
gtzan/gtzan_metal_00094/track.npy,gtzan,0.6766917293233083,0.5716035764001222,0.5716035764001222,0.5716035764001222,0.5074626865671642,0.6567164179104478,0.5074626865671642,0.6567164179104478,0.6666666666666667,0.5759912677543464,0.5759912677543464,0.5759912677543464,0.47058823529411764,0.9411764705882353,0.47058823529411764,0.9411764705882353,81.0,0.0,0.0,0.17854437577430265,21.0,0.0,0.0,1.7081848565888536,0.0
gtzan/gtzan_metal_00095/track.npy,gtzan,0.8823529411764706,0.7664171641348121,0.7664171641348121,0.7664171641348121,0.4166666666666667,0.7777777777777778,0.4166666666666667,0.7777777777777778,1.0,0.8190465813907202,0.8190465813907202,0.8190465813907202,1.0,1.0,1.0,1.0,45.0,0.0,0.0,0.6173487275903888,11.0,0.0,0.0,0.5753431972770187,0.0
gtzan/gtzan_metal_00096/track.npy,gtzan,0.6956521739130435,0.6302510977552374,0.6625600671204925,0.646405582437865,0.21818181818181817,0.23636363636363636,0.3013698630136986,0.3561643835616438,0.5833333333333334,0.5447566642730247,0.6835510155015853,0.614153839887305,0.21428571428571427,0.21428571428571427,0.42105263157894735,0.42105263157894735,72.0,0.0,0.014084507042253521,0.6931471805599454,20.0,0.0,0.0,1.0349241176765906,0.0
gtzan/gtzan_metal_00097/track.npy,gtzan,0.9714285714285714,0.9108313219877461,0.9108313219877461,0.9108313219877461,0.3611111111111111,0.8888888888888888,0.3611111111111111,0.8888888888888888,0.9473684210526316,0.8778896713419734,0.8778896713419734,0.8778896713419734,0.5,0.8,0.5,0.8,43.0,0.0,0.0,0.6795415285041596,14.0,0.0,0.0,0.6931471805599463,0.0
gtzan/gtzan_metal_00098/track.npy,gtzan,1.0,0.9573175610128384,0.9573175610128384,0.9573175610128384,1.0,1.0,1.0,1.0,0.9411764705882353,0.9012972474257971,0.9012972474257971,0.9012972474257971,0.5555555555555556,0.7777777777777778,0.5555555555555556,0.7777777777777778,39.0,0.0,0.0,0.0512932943875503,11.0,0.0,0.0,0.704892899478504,0.0
gtzan/gtzan_metal_00099/track.npy,gtzan,0.6593406593406593,0.5913222037680631,0.8736523367003763,0.7324872702342198,0.0,0.0,0.9672131147540983,0.9672131147540983,0.6956521739130436,0.6180737160742096,0.9171462383048451,0.7676099771895273,0.0,0.0,1.0,1.0,73.0,0.0,0.0,0.05001042057466032,18.0,0.0,0.0,0.013764003242393824,0.0
gtzan/gtzan_pop_00000/track.npy,gtzan,0.6666666666666666,0.6481705225182157,0.9635491755511385,0.8058598490346771,0.0,0.0,0.9821428571428571,0.9821428571428571,0.6666666666666666,0.64144892267093,0.9303622546184007,0.7859055886446653,0.0,0.0,0.9285714285714286,0.9285714285714286,67.0,0.0,0.0,0.044451762570840825,16.0,0.0,0.0,0.012999701953894719,0.0
gtzan/gtzan_pop_00001/track.npy,gtzan,0.9887640449438202,0.9507233109560633,0.9507233109560633,0.9507233109560633,0.9777777777777777,0.9777777777777777,0.9777777777777777,0.9777777777777777,0.9565217391304348,0.9304264264738826,0.9304264264738826,0.9304264264738826,0.9166666666666666,0.9166666666666666,0.9166666666666666,0.9166666666666666,54.0,0.0,0.0,0.035091319811275556,14.0,0.0,0.0,0.013245226750020666,0.0
gtzan/gtzan_pop_00002/track.npy,gtzan,0.9904761904761905,0.9457710425911912,0.9457710425911912,0.9457710425911912,0.9811320754716981,0.9811320754716981,0.9811320754716981,0.9811320754716981,1.0,0.9637226226235018,0.9637226226235018,0.9637226226235018,1.0,1.0,1.0,1.0,64.0,0.0,0.0,0.021483565419810346,16.0,0.0,0.0,0.007114331660993876,0.0
gtzan/gtzan_pop_00003/track.npy,gtzan,0.9870129870129869,0.9562857896439063,0.9562857896439063,0.9562857896439063,0.9743589743589743,0.9743589743589743,0.9743589743589743,0.9743589743589743,0.9473684210526316,0.9246846896218778,0.9246846896218778,0.9246846896218778,0.9,0.9,0.9,0.9,46.0,0.0,0.0,0.03077165866675302,11.0,0.0,0.0,0.0076923456231557715,0.0
gtzan/gtzan_pop_00004/track.npy,gtzan,1.0,0.990816666138851,0.990816666138851,0.990816666138851,1.0,1.0,1.0,1.0,1.0,0.9921276034664791,0.9921276034664791,0.9921276034664791,1.0,1.0,1.0,1.0,40.0,0.0,0.0,0.0266682470821607,10.0,0.0,0.0,0.006688988150796471,0.0
gtzan/gtzan_pop_00005/track.npy,gtzan,1.0,0.9463284940331326,0.9463284940331326,0.9463284940331326,1.0,1.0,1.0,1.0,1.0,0.9104747181738433,0.9104747181738433,0.9104747181738433,1.0,1.0,1.0,1.0,43.0,0.0,0.0,0.02817087696670073,12.0,0.0,0.0,0.41997631006696284,0.0
gtzan/gtzan_pop_00006/track.npy,gtzan,0.9870129870129869,0.9674096478814611,0.9674096478814611,0.9674096478814611,0.9743589743589743,0.9743589743589743,0.9743589743589743,0.9743589743589743,0.9473684210526316,0.9264878722843464,0.9264878722843464,0.9264878722843464,0.9,0.9,0.9,0.9,46.0,0.0,0.0,0.03077165866675558,11.0,0.0,0.0,0.006180618367514599,0.0
gtzan/gtzan_pop_00007/track.npy,gtzan,1.0,0.9329314865253485,0.9329314865253485,0.9329314865253485,1.0,1.0,1.0,1.0,1.0,0.9025202545838229,0.9025202545838229,0.9025202545838229,1.0,1.0,1.0,1.0,32.0,0.0,0.0,0.03744823118413145,8.0,0.0,0.0,0.010582109330537048,0.0
gtzan/gtzan_pop_00008/track.npy,gtzan,1.0,0.9891827490380749,0.9891827490380749,0.9891827490380749,1.0,1.0,1.0,1.0,1.0,0.9870931127999495,0.9870931127999495,0.9870931127999495,1.0,1.0,1.0,1.0,42.0,0.0,0.0,0.028170876966698358,10.0,0.0,0.0,0.008060415176576026,0.0
gtzan/gtzan_pop_00009/track.npy,gtzan,0.9885057471264368,0.9672974862420637,0.9672974862420637,0.9672974862420637,0.9772727272727273,0.9772727272727273,0.9772727272727273,0.9772727272727273,0.9523809523809523,0.9185116102160302,0.9185116102160302,0.9185116102160302,0.9090909090909091,0.9090909090909091,0.9090909090909091,0.9090909090909091,53.0,0.0,0.0,0.035091319811275556,14.0,0.0,0.0,0.01927540247662876,0.0
gtzan/gtzan_pop_00010/track.npy,gtzan,0.9777777777777777,0.9602124595394567,0.9602124595394567,0.9602124595394567,0.9777777777777777,0.9777777777777777,0.9777777777777777,0.9777777777777777,1.0,0.971405560650894,0.971405560650894,0.971405560650894,1.0,1.0,1.0,1.0,54.0,0.0,0.0,0.036367644170867575,13.0,0.0,0.0,0.01561042260608525,0.0
gtzan/gtzan_pop_00011/track.npy,gtzan,0.19672131147540983,0.13250414524615722,0.1633373182138234,0.14792073172999032,0.08333333333333333,0.1388888888888889,0.08333333333333333,0.1388888888888889,0.0,0.010607934495763775,0.013259918119704719,0.011933926307734247,0.2222222222222222,0.2222222222222222,0.2222222222222222,0.2222222222222222,43.0,0.0,0.0,0.6931471805599452,11.0,0.0,0.0,1.2934723000864423,0.0
gtzan/gtzan_pop_00012/track.npy,gtzan,0.963855421686747,0.7346955754375216,0.7346955754375216,0.7346955754375216,0.9761904761904762,0.9761904761904762,0.9761904761904762,0.9761904761904762,0.962962962962963,0.7762073863115485,0.7762073863115485,0.7762073863115485,0.9285714285714286,0.9285714285714286,0.9285714285714286,0.9285714285714286,50.0,0.0,0.0,0.032789822822996084,17.0,0.0,0.0,0.02585543794936026,0.0
gtzan/gtzan_pop_00013/track.npy,gtzan,1.0,0.9799785876675922,0.9799785876675922,0.9799785876675922,1.0,1.0,1.0,1.0,1.0,0.9914588068216146,0.9914588068216146,0.9914588068216146,1.0,1.0,1.0,1.0,36.0,0.0,0.0,0.02409755157905999,9.0,0.0,0.0,0.005091180190112407,0.0
gtzan/gtzan_pop_00014/track.npy,gtzan,0.9896907216494846,0.9496583856891183,0.9496583856891183,0.9496583856891183,0.9795918367346939,0.9795918367346939,0.9795918367346939,0.9795918367346939,1.0,0.9515321880431419,0.9515321880431419,0.9515321880431419,1.0,1.0,1.0,1.0,59.0,0.0,0.0,0.019418085857103185,14.0,0.0,0.0,0.011788982854901172,0.0
gtzan/gtzan_pop_00015/track.npy,gtzan,1.0,0.9832632123701516,0.9832632123701516,0.9832632123701516,1.0,1.0,1.0,1.0,1.0,0.9765704777785271,0.9765704777785271,0.9765704777785271,1.0,1.0,1.0,1.0,52.0,0.0,0.0,0.017391742711871827,13.0,0.0,0.0,0.004338401598600328,0.0
gtzan/gtzan_pop_00016/track.npy,gtzan,1.0,0.8939045946034061,0.8939045946034061,0.8939045946034061,1.0,1.0,1.0,1.0,1.0,0.9385379205489105,0.9385379205489105,0.9385379205489105,1.0,1.0,1.0,1.0,55.0,0.0,0.0,0.018349138668199427,14.0,0.0,0.0,0.020251288245073017,0.0
gtzan/gtzan_pop_00017/track.npy,gtzan,0.9782608695652174,0.813288599131652,0.813288599131652,0.813288599131652,0.9782608695652174,0.9782608695652174,0.9782608695652174,0.9782608695652174,1.0,0.8199988843896279,0.8199988843896279,0.8199988843896279,1.0,1.0,1.0,1.0,56.0,0.0,0.0,0.03636764417088045,15.0,0.0,0.0,0.30682608726431,0.0
gtzan/gtzan_pop_00018/track.npy,gtzan,1.0,0.9874086975952258,0.9874086975952258,0.9874086975952258,1.0,1.0,1.0,1.0,1.0,0.986592150822691,0.986592150822691,0.986592150822691,1.0,1.0,1.0,1.0,61.0,0.0,0.0,0.040821994520255235,15.0,0.0,0.0,0.015190165493975071,0.0
gtzan/gtzan_pop_00019/track.npy,gtzan,1.0,0.9718119319897124,0.9718119319897124,0.9718119319897124,1.0,1.0,1.0,1.0,1.0,0.9793949217477287,0.9793949217477287,0.9793949217477287,1.0,1.0,1.0,1.0,47.0,0.0,0.0,0.03077165866675302,12.0,0.0,0.0,0.007751976804317717,0.0
gtzan/gtzan_pop_00020/track.npy,gtzan,1.0,0.9842407005420291,0.9842407005420291,0.9842407005420291,1.0,1.0,1.0,1.0,1.0,0.9853604913204662,0.9853604913204662,0.9853604913204662,1.0,1.0,1.0,1.0,54.0,0.0,0.0,0.018018505502687576,13.0,0.0,0.0,0.01578136530521862,0.0
gtzan/gtzan_pop_00021/track.npy,gtzan,0.988235294117647,0.9655459687586162,0.9655459687586162,0.9655459687586162,0.9767441860465116,0.9767441860465116,0.9767441860465116,0.9767441860465116,1.0,0.9807613931729608,0.9807613931729608,0.9807613931729608,1.0,1.0,1.0,1.0,50.0,0.0,0.0,0.03390155167568054,13.0,0.0,0.0,0.021223392967620047,0.0
gtzan/gtzan_pop_00022/track.npy,gtzan,1.0,0.6753421523852726,0.6753421523852726,0.6753421523852726,1.0,1.0,1.0,1.0,1.0,0.6894480983135733,0.6894480983135733,0.6894480983135733,1.0,1.0,1.0,1.0,52.0,0.0,0.0,0.017391742711871827,13.0,0.0,0.0,0.008658062743115313,0.0
gtzan/gtzan_pop_00023/track.npy,gtzan,1.0,0.9660948871618976,0.9660948871618976,0.9660948871618976,1.0,1.0,1.0,1.0,0.9090909090909091,0.8801474647778288,0.8801474647778288,0.8801474647778288,0.9090909090909091,0.9090909090909091,0.9090909090909091,0.9090909090909091,52.0,0.0,0.0,0.03390155167567784,13.0,0.0,0.0,0.35515733397136395,0.0
gtzan/gtzan_pop_00024/track.npy,gtzan,1.0,0.9818681322894193,0.9818681322894193,0.9818681322894193,1.0,1.0,1.0,1.0,1.0,0.9809221832892902,0.9809221832892902,0.9809221832892902,1.0,1.0,1.0,1.0,59.0,0.0,0.0,0.03922071315328046,15.0,0.0,0.0,0.009756174945363493,0.0
gtzan/gtzan_pop_00025/track.npy,gtzan,1.0,0.9809923258690443,0.9809923258690443,0.9809923258690443,1.0,1.0,1.0,1.0,1.0,0.9812006523668275,0.9812006523668275,0.9812006523668275,1.0,1.0,1.0,1.0,38.0,0.0,0.0,0.0156844122065002,9.0,0.0,0.0,0.006250020345170903,0.0
gtzan/gtzan_pop_00026/track.npy,gtzan,0.9841269841269841,0.9319412479346197,0.9319412479346197,0.9319412479346197,0.96875,0.96875,0.96875,0.96875,0.888888888888889,0.8617355596325977,0.8617355596325977,0.8617355596325977,0.6,0.6,0.6,0.6,38.0,0.0,0.0,0.02531780798429384,12.0,0.0,0.0,0.3857056326871265,0.0
gtzan/gtzan_pop_00027/track.npy,gtzan,0.9859154929577464,0.9754642217400811,0.9754642217400811,0.9754642217400811,0.9722222222222222,0.9722222222222222,0.9722222222222222,0.9722222222222222,1.0,0.9846369655436056,0.9846369655436056,0.9846369655436056,1.0,1.0,1.0,1.0,43.0,0.0,0.0,0.028170876966698233,10.0,0.0,0.0,0.003502630551202324,0.0
gtzan/gtzan_pop_00028/track.npy,gtzan,1.0,0.9803824791159905,0.9803824791159905,0.9803824791159905,1.0,1.0,1.0,1.0,1.0,0.9803121251338832,0.9803121251338832,0.9803121251338832,1.0,1.0,1.0,1.0,51.0,0.0,0.0,0.027178704349123322,13.0,0.0,0.0,0.010535307775883462,0.0
gtzan/gtzan_pop_00029/track.npy,gtzan,1.0,0.9599223377254276,0.9599223377254276,0.9599223377254276,1.0,1.0,1.0,1.0,1.0,0.9365832901315688,0.9365832901315688,0.9365832901315688,1.0,1.0,1.0,1.0,40.0,0.0,0.0,0.026668247082163494,10.0,0.0,0.0,0.006688988150797426,0.0
gtzan/gtzan_pop_00030/track.npy,gtzan,1.0,0.9730122692995481,0.9730122692995481,0.9730122692995481,1.0,1.0,1.0,1.0,1.0,0.9920575748874502,0.9920575748874502,0.9920575748874502,1.0,1.0,1.0,1.0,48.0,0.0,0.0,0.031748698314584545,12.0,0.0,0.0,0.003960401216097531,0.0
gtzan/gtzan_pop_00031/track.npy,gtzan,1.0,0.7846404878028115,0.7846404878028115,0.7846404878028115,1.0,1.0,1.0,1.0,1.0,0.7819792065855603,0.7819792065855603,0.7819792065855603,1.0,1.0,1.0,1.0,48.0,0.0,0.0,0.03174869831458002,12.0,0.0,0.0,0.010106177655794054,0.0
gtzan/gtzan_pop_00032/track.npy,gtzan,1.0,0.9789177815791206,0.9789177815791206,0.9789177815791206,1.0,1.0,1.0,1.0,1.0,0.9808751241690224,0.9808751241690224,0.9808751241690224,1.0,1.0,1.0,1.0,48.0,0.0,0.0,0.031748698314585266,12.0,0.0,0.0,0.010106177655795558,0.0
gtzan/gtzan_pop_00033/track.npy,gtzan,0.5853658536585366,0.540473738540281,0.5877024274904837,0.5640880830153824,0.6097560975609756,0.6097560975609756,0.6097560975609756,0.6097560975609756,0.5454545454545454,0.529619375931584,0.529619375931584,0.529619375931584,1.0,1.0,1.0,1.0,50.0,0.0,0.0,0.027296436510699525,13.0,0.0,0.0,0.012526478216016879,0.0
gtzan/gtzan_pop_00034/track.npy,gtzan,0.9873417721518987,0.9789792710993293,0.9789792710993293,0.9789792710993293,0.975,0.975,0.975,0.975,1.0,0.9848403040958186,0.9848403040958186,0.9848403040958186,1.0,1.0,1.0,1.0,48.0,0.0,0.0,0.031748698314585266,12.0,0.0,0.0,0.010227783395511409,0.0
gtzan/gtzan_pop_00035/track.npy,gtzan,1.0,0.9835961942455722,0.9835961942455722,0.9835961942455722,1.0,1.0,1.0,1.0,1.0,0.9902842530626746,0.9902842530626746,0.9902842530626746,1.0,1.0,1.0,1.0,54.0,0.0,0.0,0.02645746614439936,13.0,0.0,0.0,0.006761875148445784,0.0
gtzan/gtzan_pop_00036/track.npy,gtzan,1.0,0.9655178004019608,0.9655178004019608,0.9655178004019608,1.0,1.0,1.0,1.0,1.0,0.976216953469377,0.976216953469377,0.976216953469377,1.0,1.0,1.0,1.0,49.0,0.0,0.0,0.032789822822996084,12.0,0.0,0.0,0.008163310639161554,0.0
gtzan/gtzan_pop_00037/track.npy,gtzan,1.0,0.9542340007755783,0.9542340007755783,0.9542340007755783,1.0,1.0,1.0,1.0,1.0,0.9552246580543678,0.9552246580543678,0.9552246580543678,1.0,1.0,1.0,1.0,52.0,0.0,0.0,0.026932206533876138,13.0,0.0,0.0,0.017382453089306527,0.0
gtzan/gtzan_pop_00038/track.npy,gtzan,1.0,0.9639054554326484,0.9639054554326484,0.9639054554326484,1.0,1.0,1.0,1.0,1.0,0.9887385292218975,0.9887385292218975,0.9887385292218975,1.0,1.0,1.0,1.0,47.0,0.0,0.0,0.03077165866675524,11.0,0.0,0.0,0.007782140442056162,0.0
gtzan/gtzan_pop_00039/track.npy,gtzan,1.0,0.9843505502439968,0.9843505502439968,0.9843505502439968,1.0,1.0,1.0,1.0,1.0,0.9830662434943185,0.9830662434943185,0.9830662434943185,1.0,1.0,1.0,1.0,41.0,0.0,0.0,0.027398974188118708,11.0,0.0,0.0,0.0069204428445743815,0.0
gtzan/gtzan_pop_00040/track.npy,gtzan,0.9818181818181818,0.9416432349511349,0.9416432349511349,0.9416432349511349,0.9642857142857143,0.9642857142857143,0.9642857142857143,0.9642857142857143,1.0,0.9489841453651772,0.9489841453651772,0.9489841453651772,1.0,1.0,1.0,1.0,33.0,0.0,0.0,0.032495658580354365,8.0,0.0,0.0,0.00946320394549599,0.0
gtzan/gtzan_pop_00041/track.npy,gtzan,0.6470588235294117,0.5924146406976036,0.877281849199227,0.7348482449484153,0.0,0.0,0.9777777777777777,0.9777777777777777,0.5555555555555556,0.5252476132924262,0.7429180974685884,0.6340828553805073,0.0,0.0,0.9166666666666666,0.9166666666666666,54.0,0.0,0.0,0.03636764417088045,14.0,0.0,0.0,0.01793001704620854,0.0
gtzan/gtzan_pop_00042/track.npy,gtzan,1.0,0.9779354428884747,0.9779354428884747,0.9779354428884747,1.0,1.0,1.0,1.0,1.0,0.9847558348744329,0.9847558348744329,0.9847558348744329,1.0,1.0,1.0,1.0,47.0,0.0,0.0,0.030771658666754086,12.0,0.0,0.0,0.006011162254253956,0.0
gtzan/gtzan_pop_00043/track.npy,gtzan,0.6666666666666666,0.5274934319249415,0.7841068281278634,0.6558001300264025,0.0,0.0,0.9821428571428571,0.9821428571428571,0.6976744186046512,0.5634614788900881,0.712529150768808,0.637995314829448,0.14814814814814814,0.14814814814814814,0.6875,0.6875,67.0,0.0,0.0,0.022472855852068062,20.0,0.0,0.0,0.6884639731206214,0.0
gtzan/gtzan_pop_00044/track.npy,gtzan,0.98989898989899,0.9785296237418659,0.9785296237418659,0.9785296237418659,0.98,0.98,0.98,0.98,1.0,0.9874751788544143,0.9874751788544143,0.9874751788544143,1.0,1.0,1.0,1.0,60.0,0.0,0.0,0.03922071315328046,15.0,0.0,0.0,0.009901070982710314,0.0
gtzan/gtzan_pop_00045/track.npy,gtzan,1.0,0.989245271638692,0.989245271638692,0.989245271638692,1.0,1.0,1.0,1.0,1.0,0.9907039271924803,0.9907039271924803,0.9907039271924803,1.0,1.0,1.0,1.0,44.0,0.0,0.0,0.014598799421154884,11.0,0.0,0.0,0.007326040092073383,0.0
gtzan/gtzan_pop_00046/track.npy,gtzan,1.0,0.9852747810899135,0.9852747810899135,0.9852747810899135,1.0,1.0,1.0,1.0,1.0,0.9841450513325144,0.9841450513325144,0.9841450513325144,1.0,1.0,1.0,1.0,44.0,0.0,0.0,0.028987536873252322,11.0,0.0,0.0,0.007326040092074049,0.0
gtzan/gtzan_pop_00047/track.npy,gtzan,0.9782608695652174,0.9202016783563886,0.9202016783563886,0.9202016783563886,0.9782608695652174,0.9782608695652174,0.9782608695652174,0.9782608695652174,1.0,0.9510055159553157,0.9510055159553157,0.9510055159553157,1.0,1.0,1.0,1.0,56.0,0.0,0.0,0.03636764417087836,14.0,0.0,0.0,0.011201452725155544,0.0
gtzan/gtzan_pop_00048/track.npy,gtzan,0.9811320754716981,0.964507297149953,0.964507297149953,0.964507297149953,0.9629629629629629,0.9629629629629629,0.9629629629629629,0.9629629629629629,0.962962962962963,0.9432223585201276,0.9432223585201276,0.9432223585201276,0.9285714285714286,0.9285714285714286,0.9285714285714286,0.9285714285714286,64.0,0.0,0.0,0.04255961441879497,16.0,0.0,0.0,0.010695289116748857,0.0
gtzan/gtzan_pop_00049/track.npy,gtzan,0.6666666666666666,0.6585186441571279,0.9796827430941903,0.8191006936256591,0.0,0.0,0.98,0.98,0.6666666666666666,0.664177503543378,0.9494395842270282,0.8068085438852031,0.0,0.0,0.9166666666666666,0.9166666666666666,60.0,0.0,0.0,0.03922071315328213,15.0,0.0,0.0,0.009804000096620547,0.0
gtzan/gtzan_pop_00050/track.npy,gtzan,0.6666666666666666,0.6498058291756253,0.9617833148309354,0.8057945720032804,0.0,0.0,0.9827586206896551,0.9827586206896551,0.6956521739130436,0.6794149478344308,0.9631071768127272,0.821261062323579,0.0,0.0,1.0,1.0,70.0,0.0,0.0,0.04652001563490016,18.0,0.0,0.0,0.01900249243818597,0.0
gtzan/gtzan_pop_00051/track.npy,gtzan,0.9787234042553191,0.9206790074841029,0.9206790074841029,0.9206790074841029,0.9583333333333334,0.9583333333333334,0.9583333333333334,0.9583333333333334,0.9565217391304348,0.9158075824600532,0.9158075824600532,0.9158075824600532,0.9166666666666666,0.9166666666666666,0.9166666666666666,0.9166666666666666,56.0,0.0,0.0,0.0370412716803489,14.0,0.0,0.0,0.0067817552100419756,0.0
gtzan/gtzan_pop_00052/track.npy,gtzan,0.9772727272727273,0.9140030152539449,0.9140030152539449,0.9140030152539449,0.9772727272727273,0.9772727272727273,0.9772727272727273,0.9772727272727273,0.88,0.822420240513696,0.822420240513696,0.822420240513696,0.6428571428571429,0.6428571428571429,0.6428571428571429,0.6428571428571429,52.0,0.0,0.0,6.106226635438361e-15,16.0,0.0,0.0,0.24772984320377092,0.0
gtzan/gtzan_pop_00053/track.npy,gtzan,0.18,0.1274773135615032,0.23777733205642032,0.18262732280896177,0.0,0.0,0.0136986301369863,0.0547945205479452,0.15384615384615383,0.13895043751125036,0.20125910115801748,0.17010476933463392,0.0,0.0,0.05,0.05,87.0,0.011627906976744186,0.13953488372093023,1.0622554084596794,25.0,0.0,0.0,1.9113412032962647,0.0
gtzan/gtzan_pop_00054/track.npy,gtzan,1.0,0.9506180392994382,0.9506180392994382,0.9506180392994382,1.0,1.0,1.0,1.0,1.0,0.9716325618676844,0.9716325618676844,0.9716325618676844,1.0,1.0,1.0,1.0,49.0,0.0,0.0,0.03278982282299067,12.0,0.0,0.0,0.004082488312774768,0.0
gtzan/gtzan_pop_00055/track.npy,gtzan,0.9772727272727273,0.9589899599497766,0.9589899599497766,0.9589899599497766,0.9772727272727273,0.9772727272727273,0.9772727272727273,0.9772727272727273,0.9523809523809523,0.942194883929959,0.942194883929959,0.942194883929959,0.9090909090909091,0.9090909090909091,0.9090909090909091,0.9090909090909091,53.0,0.0,0.0,0.06899287148694994,13.0,0.0,0.0,0.004357305368955844,0.0
gtzan/gtzan_pop_00056/track.npy,gtzan,1.0,0.984086496933477,0.984086496933477,0.984086496933477,1.0,1.0,1.0,1.0,1.0,0.9881261773275914,0.9881261773275914,0.9881261773275914,1.0,1.0,1.0,1.0,45.0,0.0,0.0,0.029852963149680556,12.0,0.0,0.0,0.0037105793965375167,0.0
gtzan/gtzan_pop_00057/track.npy,gtzan,0.9772727272727273,0.935178903757879,0.935178903757879,0.935178903757879,0.9772727272727273,0.9772727272727273,0.9772727272727273,0.9772727272727273,0.16666666666666669,0.16416813787425866,0.8268913017040697,0.49552971978916416,0.0,0.0,0.6153846153846154,0.6153846153846154,52.0,0.0,0.0,0.009401938347615896,15.0,0.0,0.0,0.27897562096225387,0.0
gtzan/gtzan_pop_00058/track.npy,gtzan,0.9879518072289156,0.9209578685861803,0.9209578685861803,0.9209578685861803,0.9761904761904762,0.9761904761904762,0.9761904761904762,0.9761904761904762,1.0,0.9328104478402001,0.9328104478402001,0.9328104478402001,1.0,1.0,1.0,1.0,50.0,0.0,0.0,0.03278982282299246,12.0,0.0,0.0,0.008163310639159316,0.0
gtzan/gtzan_pop_00059/track.npy,gtzan,1.0,0.9905371602286248,0.9905371602286248,0.9905371602286248,1.0,1.0,1.0,1.0,1.0,0.9937494358579478,0.9937494358579478,0.9937494358579478,1.0,1.0,1.0,1.0,45.0,0.0,0.0,0.029852963149681833,12.0,0.0,0.0,0.005728819742134257,0.0
gtzan/gtzan_pop_00060/track.npy,gtzan,0.926829268292683,0.8757874757087457,0.8757874757087457,0.8757874757087457,0.9512195121951219,0.9512195121951219,0.9512195121951219,0.9512195121951219,1.0,0.9251394347926333,0.9251394347926333,0.9251394347926333,1.0,1.0,1.0,1.0,49.0,0.0,0.0,0.03278982282299067,12.0,0.0,0.0,0.004082488312774768,0.0
gtzan/gtzan_pop_00061/track.npy,gtzan,1.0,0.8695237267618751,0.8695237267618751,0.8695237267618751,1.0,1.0,1.0,1.0,1.0,0.8471687685816862,0.8471687685816862,0.8471687685816862,1.0,1.0,1.0,1.0,48.0,0.0,0.0,0.03174869831458205,12.0,0.0,0.0,0.01202419296680159,0.0
gtzan/gtzan_pop_00062/track.npy,gtzan,0.9850746268656716,0.8649739221739118,0.8649739221739118,0.8649739221739118,0.9705882352941176,0.9705882352941176,0.9705882352941176,0.9705882352941176,1.0,0.8463400368740698,0.8463400368740698,0.8463400368740698,1.0,1.0,1.0,1.0,41.0,0.0,0.0,0.026668247082165475,10.0,0.0,0.0,0.012254404889211099,0.0
gtzan/gtzan_pop_00063/track.npy,gtzan,0.6753246753246753,0.6283280278144266,0.9273906752459579,0.7778593515301923,0.0,0.0,1.0,1.0,0.7000000000000001,0.6806677191581405,0.9729233332810031,0.8267955262195719,0.0,0.0,1.0,1.0,61.0,0.0,0.0,0.040821994520255186,15.0,0.0,0.0,0.010173090948106922,0.0
gtzan/gtzan_pop_00064/track.npy,gtzan,0.7819548872180452,0.7001505307072586,0.7166836808470866,0.7084171057771727,0.26582278481012656,0.3670886075949367,0.3177570093457944,0.40186915887850466,0.7586206896551724,0.7077142733333276,0.7077142733333276,0.7077142733333276,0.4,0.5333333333333333,0.4,0.5333333333333333,90.0,0.0,0.033707865168539325,0.6499253142879419,19.0,0.0,0.0,1.0162017096795386,0.0
gtzan/gtzan_pop_00065/track.npy,gtzan,1.0,0.9527066475581486,0.9527066475581486,0.9527066475581486,1.0,1.0,1.0,1.0,1.0,0.9871503909121965,0.9871503909121965,0.9871503909121965,1.0,1.0,1.0,1.0,29.0,0.0,0.0,0.019048194970696947,7.0,0.0,0.0,0.0042965204816025615,0.0
gtzan/gtzan_pop_00066/track.npy,gtzan,1.0,0.9753846385567161,0.9753846385567161,0.9753846385567161,1.0,1.0,1.0,1.0,1.0,0.9760784247296745,0.9760784247296745,0.9760784247296745,1.0,1.0,1.0,1.0,41.0,0.0,0.0,0.02739897418811415,11.0,0.0,0.0,0.0034141473779172316,0.0
gtzan/gtzan_pop_00067/track.npy,gtzan,1.0,0.9776859239239833,0.9776859239239833,0.9776859239239833,1.0,1.0,1.0,1.0,1.0,0.9716390853252781,0.9716390853252781,0.9716390853252781,1.0,1.0,1.0,1.0,57.0,0.0,0.0,0.03774032798284845,14.0,0.0,0.0,0.016292367182547833,0.0
gtzan/gtzan_pop_00068/track.npy,gtzan,0.6749999999999999,0.6386537836852118,0.9554562479122122,0.797055015798712,0.0,0.0,1.0,1.0,0.6666666666666666,0.6432797347824846,0.9195803877986373,0.7814300612905609,0.0,0.0,0.9285714285714286,0.9285714285714286,64.0,0.0,0.0,0.042559614418798755,16.0,0.0,0.0,0.021277398447284285,0.0
gtzan/gtzan_pop_00069/track.npy,gtzan,1.0,0.9707735571991112,0.9707735571991112,0.9707735571991112,1.0,1.0,1.0,1.0,1.0,0.9718749568922141,0.9718749568922141,0.9718749568922141,1.0,1.0,1.0,1.0,53.0,0.0,0.0,0.03509131981127028,13.0,0.0,0.0,0.004395611473038574,0.0
gtzan/gtzan_pop_00070/track.npy,gtzan,1.0,0.9828537696866513,0.9828537696866513,0.9828537696866513,1.0,1.0,1.0,1.0,1.0,0.9790989123384884,0.9790989123384884,0.9790989123384884,1.0,1.0,1.0,1.0,62.0,0.0,0.0,7.327471962526033e-15,16.0,0.0,0.0,1.7763568394002505e-15,0.0
gtzan/gtzan_pop_00071/track.npy,gtzan,1.0,0.9726661508723433,0.9726661508723433,0.9726661508723433,1.0,1.0,1.0,1.0,1.0,0.9641287033778214,0.9641287033778214,0.9641287033778214,1.0,1.0,1.0,1.0,57.0,0.0,0.0,0.03774032798284845,14.0,0.0,0.0,0.016292367182547833,0.0
gtzan/gtzan_pop_00072/track.npy,gtzan,1.0,0.9848583081402147,0.9848583081402147,0.9848583081402147,1.0,1.0,1.0,1.0,1.0,0.9902360478960889,0.9902360478960889,0.9902360478960889,1.0,1.0,1.0,1.0,58.0,0.0,0.0,0.037921816194083524,14.0,0.0,0.0,0.009569451016148811,0.0
gtzan/gtzan_pop_00073/track.npy,gtzan,1.0,0.9715737158221686,0.9715737158221686,0.9715737158221686,1.0,1.0,1.0,1.0,1.0,0.9760997500878841,0.9760997500878841,0.9760997500878841,1.0,1.0,1.0,1.0,64.0,0.0,0.0,0.04255961441879497,16.0,0.0,0.0,0.009085382513154352,0.0
gtzan/gtzan_pop_00074/track.npy,gtzan,0.9714285714285714,0.9487360764574894,0.9487360764574894,0.9487360764574894,1.0,1.0,1.0,1.0,0.9411764705882353,0.9198237667225743,0.9198237667225743,0.9198237667225743,0.7777777777777778,0.7777777777777778,0.7777777777777778,0.7777777777777778,42.0,0.0,0.0,0.028860543073314725,11.0,0.0,0.0,0.41519265546070333,0.0
gtzan/gtzan_pop_00075/track.npy,gtzan,0.9873417721518987,0.9721899101433562,0.9721899101433562,0.9721899101433562,0.975,0.975,0.975,0.975,1.0,0.9891384695884253,0.9891384695884253,0.9891384695884253,1.0,1.0,1.0,1.0,47.0,0.0,0.0,0.01574835696813993,12.0,0.0,0.0,0.00784317746102684,0.0
gtzan/gtzan_pop_00076/track.npy,gtzan,0.5365853658536585,0.52544388009703,0.798923311481069,0.6621835957890495,0.0,0.0,0.288135593220339,0.576271186440678,0.6,0.5917679517909129,0.8702842377312612,0.731026094761087,0.0,0.0,0.6428571428571429,0.6428571428571429,75.0,0.0,0.02702702702702703,0.7454345662111462,16.0,0.0,0.0,1.606871752448333,0.0
gtzan/gtzan_pop_00077/track.npy,gtzan,0.989247311827957,0.9255574418487064,0.9255574418487064,0.9255574418487064,0.9787234042553191,0.9787234042553191,0.9787234042553191,0.9787234042553191,0.9565217391304348,0.8974965156417558,0.8974965156417558,0.8974965156417558,0.9166666666666666,0.9166666666666666,0.9166666666666666,0.9166666666666666,56.0,0.0,0.0,0.018349138668199427,14.0,0.0,0.0,0.009216655104923754,0.0
gtzan/gtzan_pop_00078/track.npy,gtzan,1.0,0.97957702633517,0.97957702633517,0.97957702633517,1.0,1.0,1.0,1.0,1.0,0.9862401436023678,0.9862401436023678,0.9862401436023678,1.0,1.0,1.0,1.0,53.0,0.0,0.0,0.026395448455333426,14.0,0.0,0.0,0.0063543997626658265,0.0
gtzan/gtzan_pop_00079/track.npy,gtzan,1.0,0.9402025581500632,0.9402025581500632,0.9402025581500632,1.0,1.0,1.0,1.0,1.0,0.9564300506809499,0.9564300506809499,0.9564300506809499,1.0,1.0,1.0,1.0,56.0,0.0,0.0,0.03774032798285287,15.0,0.0,0.0,0.29614608700321243,0.0
gtzan/gtzan_pop_00080/track.npy,gtzan,1.0,0.9425262789212173,0.9425262789212173,0.9425262789212173,1.0,1.0,1.0,1.0,1.0,0.9214430525885049,0.9214430525885049,0.9214430525885049,1.0,1.0,1.0,1.0,55.0,0.0,0.0,0.03636764417087215,14.0,0.0,0.0,0.009151335284017893,0.0
gtzan/gtzan_pop_00081/track.npy,gtzan,1.0,0.9769011940144363,0.9769011940144363,0.9769011940144363,1.0,1.0,1.0,1.0,1.0,0.9796384557874837,0.9796384557874837,0.9796384557874837,1.0,1.0,1.0,1.0,37.0,0.0,0.0,0.027984310438175605,10.0,0.0,0.0,0.45267982031780546,0.0
gtzan/gtzan_pop_00082/track.npy,gtzan,1.0,0.9716272560055169,0.9716272560055169,0.9716272560055169,1.0,1.0,1.0,1.0,1.0,0.9765809071235411,0.9765809071235411,0.9765809071235411,1.0,1.0,1.0,1.0,63.0,0.0,0.0,0.021053409197835604,16.0,0.0,0.0,0.010582109330537664,0.0
gtzan/gtzan_pop_00083/track.npy,gtzan,1.0,0.9876054487027547,0.9876054487027547,0.9876054487027547,1.0,1.0,1.0,1.0,1.0,0.988202297872545,0.988202297872545,0.988202297872545,1.0,1.0,1.0,1.0,62.0,0.0,0.0,0.020619287202738867,16.0,0.0,0.0,0.012162276860694663,0.0
gtzan/gtzan_pop_00084/track.npy,gtzan,1.0,0.9322625339682902,0.9322625339682902,0.9322625339682902,1.0,1.0,1.0,1.0,1.0,0.9213354001485122,0.9213354001485122,0.9213354001485122,1.0,1.0,1.0,1.0,50.0,0.0,0.0,0.010744046268288752,12.0,0.0,0.0,0.006462276992245481,0.0
gtzan/gtzan_pop_00085/track.npy,gtzan,1.0,0.9848422734028675,0.9848422734028675,0.9848422734028675,1.0,1.0,1.0,1.0,0.8666666666666666,0.8534371959386086,0.8534371959386086,0.8534371959386086,0.5294117647058824,0.5294117647058824,0.5294117647058824,0.5294117647058824,60.0,0.0,0.0,0.020202707317522606,19.0,0.0,0.0,0.146669704794791,0.0
gtzan/gtzan_pop_00086/track.npy,gtzan,1.0,0.9896642253182253,0.9896642253182253,0.9896642253182253,1.0,1.0,1.0,1.0,1.0,0.9907964288756661,0.9907964288756661,0.9907964288756661,1.0,1.0,1.0,1.0,67.0,0.0,0.0,0.021978906718778668,17.0,0.0,0.0,0.00715349554035784,0.0
gtzan/gtzan_pop_00087/track.npy,gtzan,1.0,0.9114262072016625,0.9114262072016625,0.9114262072016625,1.0,1.0,1.0,1.0,1.0,0.8929179872234656,0.8929179872234656,0.8929179872234656,1.0,1.0,1.0,1.0,51.0,0.0,0.0,0.03390155167567814,13.0,0.0,0.0,0.016949558313772872,0.0
gtzan/gtzan_pop_00088/track.npy,gtzan,1.0,0.9282974322056232,0.9282974322056232,0.9282974322056232,1.0,1.0,1.0,1.0,1.0,0.9067041004571189,0.9067041004571189,0.9067041004571189,1.0,1.0,1.0,1.0,50.0,0.0,0.0,0.016807118316381327,12.0,0.0,0.0,0.008317821124141773,0.0
gtzan/gtzan_pop_00089/track.npy,gtzan,1.0,0.9447167538982659,0.9447167538982659,0.9447167538982659,1.0,1.0,1.0,1.0,1.0,0.9438942451884693,0.9438942451884693,0.9438942451884693,1.0,1.0,1.0,1.0,50.0,0.0,0.0,0.016807118316383818,13.0,0.0,0.0,0.006280563965276487,0.0
gtzan/gtzan_pop_00090/track.npy,gtzan,1.0,0.919872304894932,0.919872304894932,0.919872304894932,1.0,1.0,1.0,1.0,1.0,0.8943100661995934,0.8943100661995934,0.8943100661995934,1.0,1.0,1.0,1.0,51.0,0.0,0.0,0.03390155167568665,13.0,0.0,0.0,0.010624857722668968,0.0
gtzan/gtzan_pop_00091/track.npy,gtzan,1.0,0.9673050430064456,0.9673050430064456,0.9673050430064456,1.0,1.0,1.0,1.0,1.0,0.9801325710495895,0.9801325710495895,0.9801325710495895,1.0,1.0,1.0,1.0,58.0,0.0,0.0,0.01904819497069743,14.0,0.0,0.0,0.0069441477021894155,0.0
gtzan/gtzan_pop_00092/track.npy,gtzan,1.0,0.9898037793161442,0.9898037793161442,0.9898037793161442,1.0,1.0,1.0,1.0,1.0,0.9931332936721838,0.9931332936721838,0.9931332936721838,1.0,1.0,1.0,1.0,55.0,0.0,0.0,0.036367644170874125,13.0,0.0,0.0,0.004535155165391935,0.0
gtzan/gtzan_pop_00093/track.npy,gtzan,1.0,0.9777596022184033,0.9777596022184033,0.9777596022184033,1.0,1.0,1.0,1.0,1.0,0.9708207472173415,0.9708207472173415,0.9708207472173415,1.0,1.0,1.0,1.0,67.0,0.0,0.0,0.0444517625708347,20.0,0.0,0.0,1.1284652518177907,0.0
gtzan/gtzan_pop_00094/track.npy,gtzan,1.0,0.9698182817613358,0.9698182817613358,0.9698182817613358,1.0,1.0,1.0,1.0,1.0,0.9699516273195689,0.9699516273195689,0.9699516273195689,1.0,1.0,1.0,1.0,38.0,0.0,0.0,0.01257878220685539,9.0,0.0,0.0,1.1102230246251565e-15,0.0
gtzan/gtzan_pop_00095/track.npy,gtzan,1.0,0.9919214473217324,0.9919214473217324,0.9919214473217324,1.0,1.0,1.0,1.0,1.0,0.992441218578371,0.992441218578371,0.992441218578371,1.0,1.0,1.0,1.0,53.0,0.0,0.0,0.01769957709940373,14.0,0.0,0.0,0.006364980042948228,0.0
gtzan/gtzan_pop_00096/track.npy,gtzan,1.0,0.9736261454915982,0.9736261454915982,0.9736261454915982,1.0,1.0,1.0,1.0,1.0,0.9837711106759812,0.9837711106759812,0.9837711106759812,1.0,1.0,1.0,1.0,46.0,0.0,0.0,0.028446030686358308,12.0,0.0,0.0,0.007591636875676977,0.0
gtzan/gtzan_pop_00097/track.npy,gtzan,1.0,0.8980879724433039,0.8980879724433039,0.8980879724433039,1.0,1.0,1.0,1.0,1.0,0.8933127660233483,0.8933127660233483,0.8933127660233483,1.0,1.0,1.0,1.0,50.0,0.0,0.0,0.016529301951217025,12.0,0.0,0.0,0.004123717183862318,0.0
gtzan/gtzan_pop_00098/track.npy,gtzan,1.0,0.9844596560632791,0.9844596560632791,0.9844596560632791,1.0,1.0,1.0,1.0,1.0,0.986050274499371,0.986050274499371,0.986050274499371,1.0,1.0,1.0,1.0,57.0,0.0,0.0,0.03774032798284632,15.0,0.0,0.0,0.009569451016150966,0.0
gtzan/gtzan_pop_00099/track.npy,gtzan,1.0,0.9072446262282081,0.9072446262282081,0.9072446262282081,1.0,1.0,1.0,1.0,1.0,0.9050429943753766,0.9050429943753766,0.9050429943753766,1.0,1.0,1.0,1.0,39.0,0.0,0.0,0.013245226750020789,10.0,0.0,0.0,0.006600684031351944,0.0
gtzan/gtzan_reggae_00000/track.npy,gtzan,1.0,0.9705379429254213,0.9705379429254213,0.9705379429254213,1.0,1.0,1.0,1.0,0.6857142857142856,0.6634060251548894,0.7613421174378827,0.7123740712963861,0.17391304347826086,0.17391304347826086,0.34782608695652173,0.4782608695652174,61.0,0.0,0.0,0.04082199452025792,31.0,0.0,0.0,0.9406810966922601,0.0
gtzan/gtzan_reggae_00001/track.npy,gtzan,1.0,0.8760113193742456,0.8760113193742456,0.8760113193742456,1.0,1.0,1.0,1.0,0.8421052631578948,0.7403434455895671,0.7403434455895671,0.7403434455895671,0.2727272727272727,0.36363636363636365,0.2727272727272727,0.4666666666666667,39.0,0.0,0.0,0.02597548640326288,13.0,0.0,0.0,0.694746775140269,0.0
gtzan/gtzan_reggae_00002/track.npy,gtzan,0.6666666666666666,0.6429579926453287,0.9644369889388812,0.803697490792105,0.0,0.0,1.0,1.0,0.6666666666666666,0.6401865859626193,0.9602798789439291,0.8002332324532742,0.0,0.0,1.0,1.0,51.0,0.0,0.0,0.017391742711866654,13.0,0.0,0.0,0.017241806434505957,0.0
gtzan/gtzan_reggae_00003/track.npy,gtzan,0.6808510638297871,0.6101436118708152,0.8598544431110343,0.7349990274909248,0.04918032786885246,0.04918032786885246,0.8787878787878788,0.8787878787878788,0.6923076923076923,0.6215842671000883,0.707852922086112,0.6647185945931001,0.13333333333333333,0.13333333333333333,0.45454545454545453,0.5454545454545454,40.0,0.0,0.0,0.05861181901295478,13.0,0.0,0.0,1.0459320308391946,0.0
gtzan/gtzan_reggae_00004/track.npy,gtzan,0.9807692307692307,0.9249064655439609,0.9249064655439609,0.9249064655439609,0.9807692307692307,0.9807692307692307,0.9807692307692307,0.9807692307692307,1.0,0.9514328303783505,0.9514328303783505,0.9514328303783505,1.0,1.0,1.0,1.0,63.0,0.0,0.0,0.021053409197833717,16.0,0.0,0.0,0.010416760858255492,0.0
gtzan/gtzan_reggae_00005/track.npy,gtzan,1.0,0.917915423966875,0.917915423966875,0.917915423966875,1.0,1.0,1.0,1.0,0.22222222222222224,0.20182270744404784,0.786181355341188,0.49400203139261795,0.0,0.0,0.6,0.6,79.0,0.0,0.0,0.05264373348542062,23.0,0.0,0.0,0.02597548640326125,0.0
gtzan/gtzan_reggae_00006/track.npy,gtzan,0.9919999999999999,0.9136721484758759,0.9136721484758759,0.9136721484758759,0.9841269841269841,0.9841269841269841,0.9841269841269841,0.9841269841269841,0.9411764705882353,0.8721486043975338,0.8721486043975338,0.8721486043975338,0.4444444444444444,0.7777777777777778,0.4444444444444444,0.7777777777777778,76.0,0.0,0.0,0.05129329438755248,23.0,0.0,0.0,0.6931471805599453,0.0
gtzan/gtzan_reggae_00007/track.npy,gtzan,0.9841269841269841,0.9605971997633551,0.9605971997633551,0.9605971997633551,0.96875,0.96875,0.96875,0.96875,0.7441860465116279,0.729106528159615,0.8798014853434535,0.8044540067515342,0.2222222222222222,0.2222222222222222,0.6451612903225806,0.6451612903225806,76.0,0.0,0.0,0.05129329438755392,31.0,0.0,0.0,0.4184681622055681,0.0
gtzan/gtzan_reggae_00008/track.npy,gtzan,0.9876543209876543,0.9257954943098269,0.9257954943098269,0.9257954943098269,0.9753086419753086,0.9753086419753086,0.9753086419753086,0.9753086419753086,0.9523809523809523,0.9070129719033744,0.9070129719033744,0.9070129719033744,1.0,1.0,1.0,1.0,97.0,0.0,0.0,0.06453852113757733,25.0,0.0,0.0,0.016354462932755227,0.0
gtzan/gtzan_reggae_00009/track.npy,gtzan,1.0,0.948043756499416,0.948043756499416,0.948043756499416,1.0,1.0,1.0,1.0,1.0,0.9515371429706342,0.9515371429706342,0.9515371429706342,1.0,1.0,1.0,1.0,79.0,0.0,0.0,0.05292843104239338,20.0,0.0,0.0,0.013245226750020498,0.0
gtzan/gtzan_reggae_00010/track.npy,gtzan,1.0,0.9272897572723108,0.9272897572723108,0.9272897572723108,1.0,1.0,1.0,1.0,1.0,0.9357473990024542,0.9357473990024542,0.9357473990024542,1.0,1.0,1.0,1.0,57.0,0.0,0.0,0.03795811383633455,14.0,0.0,0.0,0.021267003748872873,0.0
gtzan/gtzan_reggae_00011/track.npy,gtzan,1.0,0.9012198589250839,0.9012198589250839,0.9012198589250839,1.0,1.0,1.0,1.0,0.1935483870967742,0.1787796180967978,0.7780178951616098,0.4783987566292038,0.0,0.0,0.4117647058823529,0.6470588235294118,63.0,0.0,0.0,0.04255961441879508,22.0,0.0,0.0,1.1124728272973339,0.0
gtzan/gtzan_reggae_00012/track.npy,gtzan,0.6707317073170732,0.5330631805638123,0.7947446603329749,0.6639039204483936,0.0,0.0,1.0,1.0,0.576923076923077,0.472326581613733,0.533349156771286,0.5028378691925095,0.037037037037037035,0.037037037037037035,0.28,0.28,66.0,0.0,0.0,0.044306764976162,30.0,0.0,0.0,1.2785017399158434,0.0
gtzan/gtzan_reggae_00013/track.npy,gtzan,1.0,0.9477467233066769,0.9477467233066769,0.9477467233066769,1.0,1.0,1.0,1.0,1.0,0.9508822637426234,0.9508822637426234,0.9508822637426234,1.0,1.0,1.0,1.0,62.0,0.0,0.0,0.040821994520255284,16.0,0.0,0.0,0.013952562094063778,0.0
gtzan/gtzan_reggae_00014/track.npy,gtzan,0.9908256880733944,0.8053935896006805,0.8053935896006805,0.8053935896006805,0.9818181818181818,0.9818181818181818,0.9818181818181818,0.9818181818181818,0.0,6.549736635119607e-106,0.8342022248630508,0.4171011124315254,0.0,0.0,0.9285714285714286,0.9285714285714286,66.0,0.0,0.0,0.021978906718778668,19.0,0.0,0.0,0.15286443068038433,0.0
gtzan/gtzan_reggae_00015/track.npy,gtzan,1.0,0.9475772696502194,0.9475772696502194,0.9475772696502194,1.0,1.0,1.0,1.0,0.6842105263157895,0.6614096895981639,0.6614096895981639,0.6614096895981639,0.16,0.16,0.16,0.16,63.0,0.0,0.0,0.04255961441879497,29.0,0.0,0.0,1.1249296721382973,0.0
gtzan/gtzan_reggae_00016/track.npy,gtzan,0.9914529914529915,0.9659217674076286,0.9659217674076286,0.9659217674076286,0.9830508474576272,0.9830508474576272,0.9830508474576272,0.9830508474576272,0.9655172413793104,0.9396943595062598,0.9396943595062598,0.9396943595062598,0.9333333333333333,0.9333333333333333,0.9333333333333333,0.9333333333333333,71.0,0.0,0.0,0.04652001563489183,18.0,0.0,0.0,0.013379833038113326,0.0
gtzan/gtzan_reggae_00017/track.npy,gtzan,0.9904761904761905,0.7681549832835611,0.7681549832835611,0.7681549832835611,0.9811320754716981,0.9811320754716981,0.9811320754716981,0.9811320754716981,0.0,3.1431576080973086e-33,0.07349762505631456,0.03674881252815728,0.0,0.0,0.0,0.0,63.0,0.0,0.0,0.021506205220959362,20.0,0.0,0.0,1.154532386269809,0.0
gtzan/gtzan_reggae_00018/track.npy,gtzan,0.9922480620155039,0.95030371939799,0.95030371939799,0.95030371939799,0.9846153846153847,0.9846153846153847,0.9846153846153847,0.9846153846153847,0.47058823529411764,0.4458256640274212,0.6671898949037618,0.5565077794655915,0.2777777777777778,0.2777777777777778,0.3333333333333333,0.3888888888888889,79.0,0.0,0.0,0.05264373348542364,21.0,0.0,0.0,0.7525910359931683,0.0
gtzan/gtzan_reggae_00019/track.npy,gtzan,0.6666666666666666,0.6180833509857784,0.9271250264786677,0.772604188732223,0.0,0.0,1.0,1.0,0.6363636363636364,0.5690700557634579,0.8942529447711481,0.731661500267303,0.0,0.0,1.0,1.0,37.0,0.0,0.0,0.015906500751520246,9.0,0.0,0.0,0.006105072735120398,0.0
gtzan/gtzan_reggae_00020/track.npy,gtzan,0.9906542056074767,0.8866432915422139,0.8866432915422139,0.8866432915422139,0.9814814814814815,0.9814814814814815,0.9814814814814815,0.9814814814814815,1.0,0.8892419961007524,0.8892419961007524,0.8892419961007524,1.0,1.0,1.0,1.0,64.0,0.0,0.0,0.042559614418798755,16.0,0.0,0.0,0.01779213540538406,0.0
gtzan/gtzan_reggae_00021/track.npy,gtzan,0.9692307692307692,0.7585064560412231,0.7585064560412231,0.7585064560412231,0.8307692307692308,0.9538461538461539,0.8307692307692308,0.9538461538461539,0.8421052631578948,0.6588755207954118,0.6824257703630382,0.6706506455792249,0.4090909090909091,0.45454545454545453,0.4090909090909091,0.45454545454545453,78.0,0.0,0.0,0.051293294387558364,25.0,0.0,0.0,0.7126666373190892,0.0
gtzan/gtzan_reggae_00022/track.npy,gtzan,0.991869918699187,0.9685728930625116,0.9685728930625116,0.9685728930625116,0.9838709677419355,0.9838709677419355,0.9838709677419355,0.9838709677419355,0.0,5.243002696428333e-20,6.95916070399744e-20,6.101081700212886e-20,0.0,0.0,0.0,0.0,75.0,0.0,0.0,0.04879016416943367,20.0,0.0,0.0,0.22281664785236002,0.0
gtzan/gtzan_reggae_00023/track.npy,gtzan,1.0,0.9175999527393058,0.9175999527393058,0.9175999527393058,1.0,1.0,1.0,1.0,0.0,5.941491145102005e-112,0.9312504382654635,0.46562521913273175,0.0,0.0,1.0,1.0,65.0,0.0,0.0,0.04255961441879848,16.0,0.0,0.0,0.010810916104215218,0.0
gtzan/gtzan_reggae_00024/track.npy,gtzan,0.9824561403508771,0.9428911546121285,0.9428911546121285,0.9428911546121285,0.9655172413793104,0.9655172413793104,0.9655172413793104,0.9655172413793104,0.9655172413793104,0.9441263107734867,0.9441263107734867,0.9441263107734867,0.9333333333333333,0.9333333333333333,0.9333333333333333,0.9333333333333333,70.0,0.0,0.0,0.046520015634895315,18.0,0.0,0.0,0.011577626299586335,0.0
gtzan/gtzan_reggae_00025/track.npy,gtzan,0.98989898989899,0.947480707975846,0.947480707975846,0.947480707975846,0.98,0.98,0.98,0.98,0.9600000000000001,0.9282598216761724,0.9282598216761724,0.9282598216761724,0.9230769230769231,0.9230769230769231,0.9230769230769231,0.9230769230769231,60.0,0.0,0.0,0.020202707317522606,15.0,0.0,0.0,0.012106112715922383,0.0
gtzan/gtzan_reggae_00026/track.npy,gtzan,0.9913043478260869,0.8203807718212183,0.8203807718212183,0.8203807718212183,0.9827586206896551,0.9827586206896551,0.9827586206896551,0.9827586206896551,0.9655172413793104,0.9126591473486279,0.9126591473486279,0.9126591473486279,0.9333333333333333,0.9333333333333333,0.9333333333333333,0.9333333333333333,69.0,0.0,0.0,0.046520015634883616,18.0,0.0,0.0,0.012968716935898655,0.0
gtzan/gtzan_reggae_00027/track.npy,gtzan,0.9824561403508771,0.9168167169606514,0.9168167169606514,0.9168167169606514,0.9824561403508771,0.9824561403508771,0.9824561403508771,0.9824561403508771,0.9333333333333333,0.8918805823853933,0.8918805823853933,0.8918805823853933,0.75,0.75,0.75,0.75,68.0,0.0,0.0,0.06744128079553321,19.0,0.0,0.0,1.170438916100884,0.0
gtzan/gtzan_reggae_00028/track.npy,gtzan,0.6597938144329897,0.6318709663892061,0.9576794334336405,0.7947751999114233,0.0,0.0,1.0,1.0,0.6666666666666666,0.6445535089371311,0.9668302634056968,0.805691886171414,0.0,0.0,1.0,1.0,39.0,0.0,0.0,0.025975486403261507,10.0,0.0,0.0,0.0075078680087455295,0.0
gtzan/gtzan_reggae_00029/track.npy,gtzan,1.0,0.9458181497524414,0.9458181497524414,0.9458181497524414,1.0,1.0,1.0,1.0,1.0,0.9545306945687311,0.9545306945687311,0.9545306945687311,1.0,1.0,1.0,1.0,75.0,0.0,0.0,0.05052357009981597,19.0,0.0,0.0,0.013841994612125747,0.0
gtzan/gtzan_reggae_00030/track.npy,gtzan,0.8113207547169812,0.7715044306305124,0.8072050696423384,0.7893547501364254,0.19047619047619047,0.36507936507936506,0.3953488372093023,0.46511627906976744,0.0,2.4570798638683076e-20,2.78749383692268e-20,2.6222868503954937e-20,0.0,0.0,0.4,0.5,56.0,0.0,0.0,0.6849709721254856,15.0,0.0,0.0,0.9761113255653382,0.0
gtzan/gtzan_reggae_00031/track.npy,gtzan,0.693069306930693,0.6386591666838446,0.9002097880216715,0.769434477352758,0.06060606060606061,0.06060606060606061,0.7142857142857143,0.8857142857142857,0.6666666666666666,0.6304547135093852,0.9456820702640778,0.7880683918867315,0.0,0.0,1.0,1.0,42.0,0.0,0.0,0.05932993241855171,10.0,0.0,0.0,0.003312915053970855,0.0
gtzan/gtzan_reggae_00032/track.npy,gtzan,0.7809523809523808,0.7166984606544966,0.7833758037900043,0.7500371322222504,0.1746031746031746,0.30158730158730157,0.5,0.5,0.9032258064516129,0.8404571886226644,0.8404571886226644,0.8404571886226644,0.8125,0.8125,0.8125,0.8125,55.0,0.0,0.0,0.035194853020441216,17.0,0.0,0.0,0.30764667875578533,0.0
gtzan/gtzan_reggae_00033/track.npy,gtzan,1.0,0.9680623573611423,0.9680623573611423,0.9680623573611423,1.0,1.0,1.0,1.0,1.0,0.9722855470039489,0.9722855470039489,0.9722855470039489,1.0,1.0,1.0,1.0,43.0,0.0,0.0,0.028987536873251674,11.0,0.0,0.0,0.009487858356143651,0.0
gtzan/gtzan_reggae_00034/track.npy,gtzan,0.6722689075630253,0.6484677952181603,0.9645958453868223,0.8065318203024914,0.0,0.0,1.0,1.0,0.6666666666666666,0.6420733244187024,0.9631099866280536,0.802591655523378,0.0,0.0,1.0,1.0,47.0,0.0,0.0,0.015748356968141586,12.0,0.0,0.0,0.009987429689637652,0.0
gtzan/gtzan_reggae_00035/track.npy,gtzan,0.6666666666666666,0.6429412280936878,0.9644118421405317,0.8036765351171098,0.0,0.0,1.0,1.0,0.13793103448275862,0.13374750650268366,0.6866975943826191,0.4102225504426514,0.0,0.0,0.1875,0.1875,41.0,0.0,0.0,0.02739897418811632,15.0,0.0,0.0,1.0986122886681104,0.0
gtzan/gtzan_reggae_00036/track.npy,gtzan,0.6545454545454545,0.575654754635389,0.8557030136461464,0.7156788841407677,0.0,0.0,0.972972972972973,0.972972972972973,0.6,0.5179344126712094,0.7399063038160134,0.6289203582436114,0.0,0.0,0.5,0.5,44.0,0.0,0.0,0.028987536873252864,15.0,0.0,0.0,1.1122332279781695,0.0
gtzan/gtzan_reggae_00037/track.npy,gtzan,0.984375,0.9487314480541295,0.9487314480541295,0.9487314480541295,0.984375,0.984375,0.984375,0.984375,0.742857142857143,0.719926281488826,0.719926281488826,0.719926281488826,0.3157894736842105,0.42105263157894735,0.3157894736842105,0.42105263157894735,77.0,0.0,0.0,0.05129329438755392,24.0,0.0,0.0,1.3925707074388385,0.0
gtzan/gtzan_reggae_00038/track.npy,gtzan,1.0,0.9562770588013816,0.9562770588013816,0.9562770588013816,1.0,1.0,1.0,1.0,0.4,0.3791121902743203,0.777916576114682,0.5785143831945012,0.0,0.0,0.5263157894736842,0.5263157894736842,48.0,0.0,0.0,0.031748698314585266,19.0,0.0,0.0,0.15996954893524223,0.0
gtzan/gtzan_reggae_00039/track.npy,gtzan,0.6666666666666666,0.5562865578031014,0.8344298367046521,0.6953581972538767,0.0,0.0,1.0,1.0,0.6666666666666666,0.5685617500686122,0.8528426251029183,0.7107021875857653,0.0,0.0,1.0,1.0,43.0,0.0,0.0,0.0512932943875517,11.0,0.0,0.0,1.205215113680945,0.0
gtzan/gtzan_reggae_00040/track.npy,gtzan,0.5675675675675675,0.44103159553979887,0.44103159553979887,0.44103159553979887,0.28205128205128205,0.4358974358974359,0.28205128205128205,0.4358974358974359,0.6,0.4728646037760579,0.4728646037760579,0.4728646037760579,0.45454545454545453,0.5454545454545454,0.45454545454545453,0.5454545454545454,42.0,0.0,0.0,0.7661382054663937,14.0,0.0,0.0,2.30724307001053,0.0
gtzan/gtzan_reggae_00041/track.npy,gtzan,1.0,0.8513701849943374,0.8513701849943374,0.8513701849943374,1.0,1.0,1.0,1.0,1.0,0.85002292933039,0.85002292933039,0.85002292933039,1.0,1.0,1.0,1.0,73.0,0.0,0.0,0.04879016416943105,19.0,0.0,0.0,0.012195273093818581,0.0
gtzan/gtzan_reggae_00042/track.npy,gtzan,1.0,0.944603859120174,0.944603859120174,0.944603859120174,1.0,1.0,1.0,1.0,0.0,2.016669371244669e-127,0.961110340998101,0.4805551704990505,0.0,0.0,1.0,1.0,60.0,0.0,0.0,0.04082199452025632,17.0,0.0,0.0,1.3649729158805943,0.0
gtzan/gtzan_reggae_00043/track.npy,gtzan,1.0,0.8822547577719987,0.8822547577719987,0.8822547577719987,1.0,1.0,1.0,1.0,1.0,0.9129965275215844,0.9129965275215844,0.9129965275215844,1.0,1.0,1.0,1.0,78.0,0.0,0.0,0.025975486403264636,20.0,0.0,0.0,0.11951281651298425,0.0
gtzan/gtzan_reggae_00044/track.npy,gtzan,0.6545454545454545,0.6294468397839434,0.9484815394004585,0.788964189592201,0.0,0.0,0.972972972972973,0.972972972972973,0.4864864864864865,0.4638641907869426,0.6129633949684598,0.5384137928777012,0.0,0.0,0.02857142857142857,0.22857142857142856,44.0,0.0,0.0,0.02898753687325199,22.0,0.0,0.0,1.108368463613475,0.0
gtzan/gtzan_reggae_00045/track.npy,gtzan,0.6666666666666666,0.621929683447411,0.9328945251711164,0.7774121043092637,0.0,0.0,1.0,1.0,0.6399999999999999,0.590392889733649,0.9224888902088265,0.7564408899712378,0.0,0.0,1.0,1.0,41.0,0.0,0.0,0.02706570256793775,11.0,0.0,0.0,0.4199630464587641,0.0
gtzan/gtzan_reggae_00046/track.npy,gtzan,1.0,0.8027472275245522,0.8027472275245522,0.8027472275245522,1.0,1.0,1.0,1.0,0.5531914893617021,0.4596298105547271,0.726414242016971,0.5930220262858491,0.0,0.0,0.3333333333333333,0.7272727272727273,85.0,0.0,0.0,0.05715841383994855,34.0,0.0,0.0,0.8829103741973789,0.0
gtzan/gtzan_reggae_00047/track.npy,gtzan,0.991869918699187,0.8997526954504735,0.8997526954504735,0.8997526954504735,0.9838709677419355,0.9838709677419355,0.9838709677419355,0.9838709677419355,0.0,2.7987336970629303e-86,0.862305005335349,0.4311525026676745,0.0,0.0,0.875,0.875,74.0,0.0,0.0,0.07410797215372034,19.0,0.0,0.0,0.03743073417680922,0.0
gtzan/gtzan_reggae_00048/track.npy,gtzan,1.0,0.8346533337623006,0.8346533337623006,0.8346533337623006,1.0,1.0,1.0,1.0,0.5833333333333334,0.48393076837736465,0.7378524665336328,0.6108916174554987,0.06666666666666667,0.06666666666666667,0.42857142857142855,0.6571428571428571,88.0,0.0,0.0,0.05715841383995235,36.0,0.0,0.0,0.7174751992720997,0.0
gtzan/gtzan_reggae_00049/track.npy,gtzan,0.9811320754716981,0.9505759926630379,0.9505759926630379,0.9505759926630379,0.9629629629629629,0.9629629629629629,0.9629629629629629,0.9629629629629629,0.21052631578947367,0.20814851551157745,0.27274633067015175,0.2404474230908646,0.0,0.0,0.3157894736842105,0.3684210526315789,98.0,0.0,0.0,0.06453852113758152,22.0,0.0,0.0,1.7525006955390778,0.0
gtzan/gtzan_reggae_00050/track.npy,gtzan,0.6666666666666666,0.6472074729047123,0.9708112093569454,0.8090093411308288,0.0,0.0,1.0,1.0,0.6666666666666666,0.653181793141901,0.9797726897128515,0.8164772414273762,0.0,0.0,1.0,1.0,47.0,0.0,0.0,0.03174869831458238,12.0,0.0,0.0,0.01002670105753108,0.0
gtzan/gtzan_reggae_00051/track.npy,gtzan,1.0,0.9922474366501826,0.9922474366501826,0.9922474366501826,1.0,1.0,1.0,1.0,1.0,0.9937176103753512,0.9937176103753512,0.9937176103753512,1.0,1.0,1.0,1.0,64.0,0.0,0.0,0.04255961441879497,16.0,0.0,0.0,0.012552057397141906,0.0
gtzan/gtzan_reggae_00052/track.npy,gtzan,1.0,0.9117702372102049,0.9117702372102049,0.9117702372102049,1.0,1.0,1.0,1.0,1.0,0.9401107797611455,0.9401107797611455,0.9401107797611455,1.0,1.0,1.0,1.0,50.0,0.0,0.0,0.02755116458466568,12.0,0.0,0.0,0.008298802814695916,0.0
gtzan/gtzan_reggae_00053/track.npy,gtzan,0.9921259842519685,0.8529288449998164,0.8529288449998164,0.8529288449998164,0.984375,0.984375,0.984375,0.984375,0.7222222222222223,0.6346039596365819,0.6716073052282853,0.6531056324324336,0.35,0.4,0.35,0.4,76.0,0.0,0.0,0.05129329438754926,25.0,0.0,0.0,0.6925122577920804,0.0
gtzan/gtzan_reggae_00054/track.npy,gtzan,0.6521739130434782,0.5840498098054361,0.8808620082311495,0.7324559090182927,0.0,0.0,0.967741935483871,0.967741935483871,0.6666666666666667,0.5970085258375769,0.7838480210606529,0.690428273449115,0.06666666666666667,0.06666666666666667,0.7777777777777778,0.7777777777777778,38.0,0.0,0.0,0.024692612590371504,11.0,0.0,0.0,0.42588882921813387,0.0
gtzan/gtzan_reggae_00055/track.npy,gtzan,0.8807339449541284,0.8578487429174546,0.8578487429174546,0.8578487429174546,0.8727272727272727,0.8727272727272727,0.8727272727272727,0.8727272727272727,0.8571428571428571,0.8190662543371386,0.8190662543371386,0.8190662543371386,1.0,1.0,1.0,1.0,66.0,0.0,0.0,0.021506205220963907,17.0,0.0,0.0,0.010810916104215917,0.0
gtzan/gtzan_reggae_00056/track.npy,gtzan,1.0,0.8473986777823335,0.8473986777823335,0.8473986777823335,1.0,1.0,1.0,1.0,0.24242424242424243,0.21423009724891634,0.6168303999536121,0.4155302486012642,0.11764705882352941,0.11764705882352941,0.6470588235294118,0.6470588235294118,78.0,0.0,0.0,0.051293294387558364,20.0,0.0,0.0,0.7526793852224645,0.0
gtzan/gtzan_reggae_00057/track.npy,gtzan,1.0,0.948205974368347,0.948205974368347,0.948205974368347,1.0,1.0,1.0,1.0,1.0,0.9431299114354721,0.9431299114354721,0.9431299114354721,1.0,1.0,1.0,1.0,97.0,0.0,0.0,0.0645385211375735,25.0,0.0,0.0,0.03115022151825878,0.0
gtzan/gtzan_reggae_00058/track.npy,gtzan,1.0,0.8965116395983367,0.8965116395983367,0.8965116395983367,1.0,1.0,1.0,1.0,0.896551724137931,0.7796193175305066,0.7796193175305066,0.7796193175305066,0.5,0.625,0.5,0.625,62.0,0.0,0.0,0.04082199452025435,21.0,0.0,0.0,1.383241189173393,0.0
gtzan/gtzan_reggae_00059/track.npy,gtzan,0.9922480620155039,0.8904241822302466,0.8904241822302466,0.8904241822302466,0.9846153846153847,0.9846153846153847,0.9846153846153847,0.9846153846153847,1.0,0.8858445198833729,0.8858445198833729,0.8858445198833729,1.0,1.0,1.0,1.0,78.0,0.0,0.0,0.051293294387558364,20.0,0.0,0.0,0.033140721716455726,0.0
gtzan/gtzan_reggae_00060/track.npy,gtzan,1.0,0.9610734112423296,0.9610734112423296,0.9610734112423296,1.0,1.0,1.0,1.0,1.0,0.9828213989130171,0.9828213989130171,0.9828213989130171,1.0,1.0,1.0,1.0,57.0,0.0,0.0,0.061495018301846206,14.0,0.0,0.0,0.018868484304381594,0.0
gtzan/gtzan_reggae_00061/track.npy,gtzan,1.0,0.985008541327961,0.985008541327961,0.985008541327961,1.0,1.0,1.0,1.0,1.0,0.9832415994489389,0.9832415994489389,0.9832415994489389,1.0,1.0,1.0,1.0,46.0,0.0,0.0,0.03077165866675302,11.0,0.0,0.0,0.006133234170208455,0.0
gtzan/gtzan_reggae_00062/track.npy,gtzan,1.0,0.8816534449566189,0.8816534449566189,0.8816534449566189,1.0,1.0,1.0,1.0,0.967741935483871,0.8685117274688787,0.8685117274688787,0.8685117274688787,0.5625,0.875,0.5625,0.875,76.0,0.0,0.0,0.07598590697792115,20.0,0.0,0.0,0.6770583721572567,0.0
gtzan/gtzan_reggae_00063/track.npy,gtzan,0.8740740740740739,0.8460337440266974,0.8460337440266974,0.8460337440266974,0.28,0.5733333333333334,0.28,0.5733333333333334,0.9142857142857143,0.8825855930053077,0.8825855930053077,0.8825855930053077,0.6842105263157895,0.6842105263157895,0.6842105263157895,0.6842105263157895,70.0,0.0,0.0,0.6727747865725395,20.0,0.0,0.0,0.13360304584296073,0.0
gtzan/gtzan_reggae_00064/track.npy,gtzan,0.6728971962616822,0.6579294911769323,0.9777563271657189,0.8178429091713256,0.0,0.0,1.0,1.0,0.6666666666666666,0.6579849375540007,0.986977406331001,0.8224811719425008,0.0,0.0,1.0,1.0,43.0,0.0,0.0,0.028573372444060496,10.0,0.0,0.0,0.005895114354806595,0.0
gtzan/gtzan_reggae_00065/track.npy,gtzan,0.6727272727272727,0.6458759421248732,0.9600858599153497,0.8029809010201114,0.0,0.0,1.0,1.0,0.6666666666666666,0.6530041986593519,0.9795062979890279,0.8162552483241898,0.0,0.0,1.0,1.0,44.0,0.0,0.0,0.029392567789641385,11.0,0.0,0.0,0.007358480415403168,0.0
gtzan/gtzan_reggae_00066/track.npy,gtzan,1.0,0.9833667564326434,0.9833667564326434,0.9833667564326434,1.0,1.0,1.0,1.0,0.0,1.0194913241226637e-303,0.9140947126299271,0.45704735631496357,0.0,0.0,0.875,0.875,40.0,0.0,0.0,0.026668247082165475,10.0,0.0,0.0,0.009983443984183493,0.0
gtzan/gtzan_reggae_00067/track.npy,gtzan,1.0,0.9626520497494101,0.9626520497494101,0.9626520497494101,1.0,1.0,1.0,1.0,0.9714285714285714,0.9391743051991286,0.9391743051991286,0.9391743051991286,0.9444444444444444,0.9444444444444444,0.9444444444444444,0.9444444444444444,84.0,0.0,0.0,0.0555698511548108,22.0,0.0,0.0,0.05606664161427264,0.0
gtzan/gtzan_reggae_00068/track.npy,gtzan,1.0,0.8786788966540603,0.8786788966540603,0.8786788966540603,1.0,1.0,1.0,1.0,1.0,0.8410464334281795,0.8410464334281795,0.8410464334281795,1.0,1.0,1.0,1.0,69.0,0.0,0.0,0.04546237407675926,18.0,0.0,0.0,0.011428695823622492,0.0
gtzan/gtzan_reggae_00069/track.npy,gtzan,1.0,0.8893082309290538,0.8893082309290538,0.8893082309290538,1.0,1.0,1.0,1.0,0.967741935483871,0.8682210117425689,0.8682210117425689,0.8682210117425689,0.8125,0.8125,0.8125,0.8125,73.0,0.0,0.0,0.04879016416943971,22.0,0.0,0.0,0.6934511328637639,0.0
gtzan/gtzan_reggae_00070/track.npy,gtzan,0.6666666666666666,0.621681415158009,0.9325221227370053,0.7771017689475072,0.0,0.0,1.0,1.0,0.6896551724137931,0.6520040880632249,0.9454059276916761,0.7987050078774505,0.0,0.0,1.0,1.0,44.0,0.0,0.0,0.029392567789644317,11.0,0.0,0.0,0.005863515610828917,0.0
gtzan/gtzan_reggae_00071/track.npy,gtzan,0.6666666666666666,0.6515158318663262,0.9772737477994893,0.8143947898329078,0.0,0.0,1.0,1.0,0.782608695652174,0.7494252196800935,0.8338365524514528,0.7916308860657731,0.35714285714285715,0.35714285714285715,0.4444444444444444,0.4444444444444444,35.0,0.0,0.0,0.023530497410195077,11.0,0.0,0.0,0.42583762197468245,0.0
gtzan/gtzan_reggae_00072/track.npy,gtzan,1.0,0.9576748591741571,0.9576748591741571,0.9576748591741571,1.0,1.0,1.0,1.0,1.0,0.9820704191812811,0.9820704191812811,0.9820704191812811,1.0,1.0,1.0,1.0,42.0,0.0,0.0,0.028170876966698233,11.0,0.0,0.0,0.0035026305512017688,0.0
gtzan/gtzan_reggae_00073/track.npy,gtzan,1.0,0.8663828939388232,0.8663828939388232,0.8663828939388232,1.0,1.0,1.0,1.0,1.0,0.923821088356608,0.923821088356608,0.923821088356608,1.0,1.0,1.0,1.0,42.0,0.0,0.0,0.028170876966695808,10.0,0.0,0.0,0.005767114798050075,0.0
gtzan/gtzan_reggae_00074/track.npy,gtzan,1.0,0.8348937847618737,0.8348937847618737,0.8348937847618737,1.0,1.0,1.0,1.0,1.0,0.8459021755654531,0.8459021755654531,0.8459021755654531,1.0,1.0,1.0,1.0,42.0,0.0,0.0,0.02817087696669617,10.0,0.0,0.0,0.009286335869496285,0.0
gtzan/gtzan_reggae_00075/track.npy,gtzan,0.9917355371900827,0.7384154208938893,0.7384154208938893,0.7384154208938893,0.9836065573770492,0.9836065573770492,0.9836065573770492,0.9836065573770492,1.0,0.7598892061141378,0.7598892061141378,0.7598892061141378,1.0,1.0,1.0,1.0,73.0,0.0,0.0,0.04879016416943971,18.0,0.0,0.0,0.019693401725456833,0.0
gtzan/gtzan_reggae_00076/track.npy,gtzan,1.0,0.9030164403900836,0.9030164403900836,0.9030164403900836,1.0,1.0,1.0,1.0,0.0,1.0295232985520162e-306,0.7569400767602135,0.37847003838010673,0.0,0.0,0.7777777777777778,0.7777777777777778,40.0,0.0,0.0,0.015154765698006618,10.0,0.0,0.0,0.0065574005461594975,0.0
gtzan/gtzan_reggae_00077/track.npy,gtzan,0.991869918699187,0.9740487711866143,0.9740487711866143,0.9740487711866143,0.9838709677419355,0.9838709677419355,0.9838709677419355,0.9838709677419355,1.0,0.9793080823084579,0.9793080823084579,0.9793080823084579,1.0,1.0,1.0,1.0,75.0,0.0,0.0,0.04879016416943971,19.0,0.0,0.0,0.012285241237910837,0.0
gtzan/gtzan_reggae_00078/track.npy,gtzan,1.0,0.856904830866617,0.856904830866617,0.856904830866617,1.0,1.0,1.0,1.0,1.0,0.8602359896109928,0.8602359896109928,0.8602359896109928,1.0,1.0,1.0,1.0,79.0,0.0,0.0,0.05264373348541755,20.0,0.0,0.0,0.014228836831945145,0.0
gtzan/gtzan_reggae_00079/track.npy,gtzan,1.0,0.8805036008287598,0.8805036008287598,0.8805036008287598,1.0,1.0,1.0,1.0,1.0,0.8780918618463568,0.8780918618463568,0.8780918618463568,1.0,1.0,1.0,1.0,76.0,0.0,0.0,0.05129329438754334,19.0,0.0,0.0,0.01650089216892917,0.0
gtzan/gtzan_reggae_00080/track.npy,gtzan,1.0,0.9790242383654613,0.9790242383654613,0.9790242383654613,1.0,1.0,1.0,1.0,1.0,0.9758296163037794,0.9758296163037794,0.9758296163037794,1.0,1.0,1.0,1.0,50.0,0.0,0.0,0.03390155167568148,12.0,0.0,0.0,0.008368249670517858,0.0
gtzan/gtzan_reggae_00081/track.npy,gtzan,1.0,0.9775743719555772,0.9775743719555772,0.9775743719555772,1.0,1.0,1.0,1.0,1.0,0.9852302266758297,0.9852302266758297,0.9852302266758297,1.0,1.0,1.0,1.0,51.0,0.0,0.0,0.03390155167568665,13.0,0.0,0.0,0.008368249670517525,0.0
gtzan/gtzan_reggae_00082/track.npy,gtzan,1.0,0.9775743719555772,0.9775743719555772,0.9775743719555772,1.0,1.0,1.0,1.0,1.0,0.9852302266758297,0.9852302266758297,0.9852302266758297,1.0,1.0,1.0,1.0,51.0,0.0,0.0,0.03390155167568665,13.0,0.0,0.0,0.008368249670517525,0.0
gtzan/gtzan_reggae_00083/track.npy,gtzan,0.8214285714285714,0.7139800175835607,0.7139800175835607,0.7139800175835607,0.9642857142857143,0.9642857142857143,0.9642857142857143,0.9642857142857143,0.5,0.4744162407221412,0.4744162407221412,0.4744162407221412,0.3333333333333333,0.4444444444444444,0.3333333333333333,0.4444444444444444,39.0,0.0,0.0,0.2166152058782184,12.0,0.0,0.0,1.5459314765425867,0.0
gtzan/gtzan_reggae_00084/track.npy,gtzan,0.6666666666666666,0.642861476359603,0.9607677913303491,0.8018146338449761,0.0,0.0,0.9880952380952381,0.9880952380952381,0.6875000000000001,0.6497839046273829,0.9599737688955866,0.8048788367614848,0.0,0.0,1.0,1.0,101.0,0.0,0.0,0.06899287148696231,25.0,0.0,0.0,0.0168071183163822,0.0
gtzan/gtzan_reggae_00085/track.npy,gtzan,1.0,0.8890061356976392,0.8890061356976392,0.8890061356976392,1.0,1.0,1.0,1.0,1.0,0.8556343612888215,0.8556343612888215,0.8556343612888215,1.0,1.0,1.0,1.0,87.0,0.0,0.0,0.057158413839949684,24.0,0.0,0.0,1.107138622874119,0.0
gtzan/gtzan_reggae_00087/track.npy,gtzan,1.0,0.9797460716233204,0.9797460716233204,0.9797460716233204,1.0,1.0,1.0,1.0,1.0,0.9780422993904476,0.9780422993904476,0.9780422993904476,1.0,1.0,1.0,1.0,41.0,0.0,0.0,0.01379332213233687,10.0,0.0,0.0,0.006920442844573482,0.0
gtzan/gtzan_reggae_00088/track.npy,gtzan,1.0,0.9871611747140235,0.9871611747140235,0.9871611747140235,1.0,1.0,1.0,1.0,1.0,0.987244662717663,0.987244662717663,0.987244662717663,1.0,1.0,1.0,1.0,54.0,0.0,0.0,0.026275617903371393,13.0,0.0,0.0,0.004514680354527734,0.0
gtzan/gtzan_reggae_00089/track.npy,gtzan,0.9919999999999999,0.7529392627925424,0.7529392627925424,0.7529392627925424,0.9841269841269841,0.9841269841269841,0.9841269841269841,0.9841269841269841,0.0,2.011024819091472e-80,0.7146903109513153,0.35734515547565765,0.0,0.0,0.875,0.875,75.0,0.0,0.0,0.05001042057466032,19.0,0.0,0.0,0.012500162764231382,0.0
gtzan/gtzan_reggae_00090/track.npy,gtzan,1.0,0.8789375553080927,0.8789375553080927,0.8789375553080927,1.0,1.0,1.0,1.0,0.0,5.025248948552053e-76,0.8350749712457136,0.4175374856228568,0.0,0.0,0.9375,0.9375,77.0,0.0,0.0,0.0512932943875517,21.0,0.0,0.0,0.08645809352961875,0.0
gtzan/gtzan_reggae_00091/track.npy,gtzan,1.0,0.923190941202152,0.923190941202152,0.923190941202152,1.0,1.0,1.0,1.0,1.0,0.9090331441099854,0.9090331441099854,0.9090331441099854,1.0,1.0,1.0,1.0,73.0,0.0,0.0,0.07232066157962458,18.0,0.0,0.0,0.023918889422786832,0.0
gtzan/gtzan_reggae_00092/track.npy,gtzan,1.0,0.8731913749221741,0.8731913749221741,0.8731913749221741,1.0,1.0,1.0,1.0,1.0,0.8377400816993397,0.8377400816993397,0.8377400816993397,1.0,1.0,1.0,1.0,73.0,0.0,0.0,0.04879016416943971,19.0,0.0,0.0,0.019234314717955333,0.0
gtzan/gtzan_reggae_00093/track.npy,gtzan,0.6725663716814159,0.6242671914366857,0.9281867451621926,0.7762269682994392,0.0,0.0,1.0,1.0,0.5625,0.5500499629131538,0.7119605611031024,0.6310052620081281,0.10526315789473684,0.10526315789473684,0.3076923076923077,0.3076923076923077,45.0,0.0,0.0,0.015267472130790827,17.0,0.0,0.0,1.1942163071917093,0.0
gtzan/gtzan_reggae_00094/track.npy,gtzan,1.0,0.9703668329361911,0.9703668329361911,0.9703668329361911,1.0,1.0,1.0,1.0,1.0,0.965638310754222,0.965638310754222,0.965638310754222,1.0,1.0,1.0,1.0,64.0,0.0,0.0,0.04255961441879682,16.0,0.0,0.0,0.010582109330537603,0.0
gtzan/gtzan_reggae_00095/track.npy,gtzan,1.0,0.9705301970036051,0.9705301970036051,0.9705301970036051,1.0,1.0,1.0,1.0,0.7692307692307693,0.7484424190172564,0.7484424190172564,0.7484424190172564,0.6923076923076923,0.6923076923076923,0.6923076923076923,0.6923076923076923,62.0,0.0,0.0,0.040821994520255284,15.0,0.0,0.0,0.014465387102422341,0.0
gtzan/gtzan_reggae_00096/track.npy,gtzan,1.0,0.9383039933618097,0.9383039933618097,0.9383039933618097,1.0,1.0,1.0,1.0,1.0,0.9289364304503658,0.9289364304503658,0.9289364304503658,1.0,1.0,1.0,1.0,89.0,0.0,0.0,0.06062462181643911,22.0,0.0,0.0,0.02268311779606943,0.0
gtzan/gtzan_reggae_00097/track.npy,gtzan,0.45977011494252884,0.42028594384308554,0.42028594384308554,0.42028594384308554,0.0,0.0,0.0,0.0,0.3846153846153846,0.35411450931927096,0.5572857935199741,0.4557001514196225,0.0,0.0,0.047619047619047616,0.047619047619047616,79.0,0.0,0.0,0.07837777471048618,25.0,0.0,0.0,0.6202325763653423,0.0
gtzan/gtzan_reggae_00098/track.npy,gtzan,0.9950248756218906,0.8310584987874338,0.8310584987874338,0.8310584987874338,0.5742574257425742,0.8316831683168316,0.5742574257425742,0.8316831683168316,1.0,0.8312605457391814,0.8312605457391814,0.8312605457391814,1.0,1.0,1.0,1.0,122.0,0.0,0.0,0.08004270767354171,31.0,0.0,0.0,0.02643907314330924,0.0
gtzan/gtzan_reggae_00099/track.npy,gtzan,0.8735632183908045,0.7671785195600473,0.7671785195600473,0.7671785195600473,0.25510204081632654,0.5510204081632653,0.25510204081632654,0.5510204081632653,0.5853658536585366,0.5300713813145776,0.7761759512106315,0.6531236662626045,0.0,0.0,0.5625,0.75,95.0,0.0,0.0,0.709475978368047,21.0,0.0,0.0,2.054713705908263,0.0
gtzan/gtzan_rock_00000/track.npy,gtzan,0.8235294117647058,0.7385887292794743,0.7385887292794743,0.7385887292794743,0.8235294117647058,0.8431372549019608,0.8235294117647058,0.8431372549019608,0.8461538461538461,0.6978687083584465,0.6978687083584465,0.6978687083584465,1.0,1.0,1.0,1.0,61.0,0.0,0.0,0.060624621816433945,15.0,0.0,0.0,0.017068449368698283,0.0
gtzan/gtzan_rock_00001/track.npy,gtzan,1.0,0.8417127529550226,0.8417127529550226,0.8417127529550226,1.0,1.0,1.0,1.0,1.0,0.8710050510220755,0.8710050510220755,0.8710050510220755,1.0,1.0,1.0,1.0,38.0,0.0,0.0,0.03738862809363577,9.0,0.0,0.0,0.015748356968139234,0.0
gtzan/gtzan_rock_00002/track.npy,gtzan,1.0,0.9475025553460165,0.9475025553460165,0.9475025553460165,1.0,1.0,1.0,1.0,1.0,0.9523502019191462,0.9523502019191462,0.9523502019191462,1.0,1.0,1.0,1.0,53.0,0.0,0.0,0.03509131981126945,13.0,0.0,0.0,0.019420459118983824,0.0
gtzan/gtzan_rock_00003/track.npy,gtzan,1.0,0.9095867460577114,0.9095867460577114,0.9095867460577114,1.0,1.0,1.0,1.0,0.0,9.964394825979075e-210,0.8444094360889408,0.4222047180444704,0.0,0.0,0.9,0.9,48.0,0.0,0.0,0.016000341346447858,12.0,0.0,0.0,0.011813531794271215,0.0
gtzan/gtzan_rock_00004/track.npy,gtzan,1.0,0.8095033361666674,0.8095033361666674,0.8095033361666674,1.0,1.0,1.0,1.0,1.0,0.7924070565288253,0.7924070565288253,0.7924070565288253,1.0,1.0,1.0,1.0,39.0,0.0,0.0,0.025975486403261507,12.0,0.0,0.0,0.38403442606717947,0.0
gtzan/gtzan_rock_00005/track.npy,gtzan,0.4421052631578948,0.3786028238596745,0.6870563267404636,0.532829575300069,0.12962962962962962,0.12962962962962962,0.25925925925925924,0.35185185185185186,0.20000000000000004,0.18735168153059673,0.18735168153059673,0.18735168153059673,1.0,1.0,1.0,1.0,71.0,0.0,0.0,0.13353139262452118,13.0,0.0,0.0,1.0417997759142499,0.0
gtzan/gtzan_rock_00006/track.npy,gtzan,0.6865671641791045,0.6053193069293331,0.7905251995830808,0.6979222532562069,0.06976744186046512,0.11627906976744186,0.5531914893617021,0.7659574468085106,0.5882352941176471,0.5614831101768969,0.6991327021125446,0.6303079061447208,0.0,0.0,0.6363636363636364,0.8181818181818182,50.0,0.0,0.0,0.6667981751491802,13.0,0.0,0.0,0.6979555767648306,0.0
gtzan/gtzan_rock_00007/track.npy,gtzan,1.0,0.8628728844089061,0.8628728844089061,0.8628728844089061,1.0,1.0,1.0,1.0,1.0,0.9037029686480367,0.9037029686480367,0.9037029686480367,1.0,1.0,1.0,1.0,45.0,0.0,0.0,0.029852963149680556,12.0,0.0,0.0,0.01730475620378496,0.0
gtzan/gtzan_rock_00008/track.npy,gtzan,0.7027027027027027,0.6345131874353512,0.6345131874353512,0.6345131874353512,1.0,1.0,1.0,1.0,0.6,0.6187218080562913,0.6187218080562913,0.6187218080562913,1.0,1.0,1.0,1.0,45.0,0.0,0.0,0.030771658666758017,12.0,0.0,0.0,0.01927167447163988,0.0
gtzan/gtzan_rock_00009/track.npy,gtzan,1.0,0.9245669071705422,0.9245669071705422,0.9245669071705422,1.0,1.0,1.0,1.0,0.11764705882352941,0.11328158429310141,0.8024778559378131,0.45787972011545724,0.0,0.0,0.7777777777777778,0.7777777777777778,38.0,0.0,0.0,0.015684412206498785,10.0,0.0,0.0,0.7002347411493671,0.0
gtzan/gtzan_rock_00010/track.npy,gtzan,1.0,0.8292274911792625,0.8292274911792625,0.8292274911792625,1.0,1.0,1.0,1.0,1.0,0.8539523817707644,0.8539523817707644,0.8539523817707644,1.0,1.0,1.0,1.0,42.0,0.0,0.0,0.027398974188118708,11.0,0.0,0.0,0.01577398886851404,0.0
gtzan/gtzan_rock_00011/track.npy,gtzan,1.0,0.875584559513239,0.875584559513239,0.875584559513239,1.0,1.0,1.0,1.0,1.0,0.8873746369512574,0.8873746369512574,0.8873746369512574,1.0,1.0,1.0,1.0,58.0,0.0,0.0,0.03922071315328218,14.0,0.0,0.0,0.023374319954576964,0.0
gtzan/gtzan_rock_00012/track.npy,gtzan,1.0,0.9550479504103586,0.9550479504103586,0.9550479504103586,1.0,1.0,1.0,1.0,1.0,0.9567832526611846,0.9567832526611846,0.9567832526611846,1.0,1.0,1.0,1.0,57.0,0.0,0.0,0.03774032798284656,14.0,0.0,0.0,0.009409671697423466,0.0
gtzan/gtzan_rock_00013/track.npy,gtzan,1.0,0.9472993694681485,0.9472993694681485,0.9472993694681485,1.0,1.0,1.0,1.0,1.0,0.9370174243982226,0.9370174243982226,0.9370174243982226,1.0,1.0,1.0,1.0,46.0,0.0,0.0,0.030771658666753444,11.0,0.0,0.0,0.015267472130788185,0.0
gtzan/gtzan_rock_00014/track.npy,gtzan,0.48780487804878053,0.40102990947534906,0.6707228934725276,0.5358764014739383,0.02666666666666667,0.08,0.12631578947368421,0.4421052631578947,0.13333333333333333,0.11896501915330686,0.166305710882158,0.14263536501773244,0.05555555555555555,0.05555555555555555,0.05555555555555555,0.05555555555555555,90.0,0.0,0.011235955056179775,0.759462638629834,22.0,0.0,0.0,1.8461490935505185,0.0
gtzan/gtzan_rock_00015/track.npy,gtzan,0.9885057471264368,0.7567607794711178,0.7567607794711178,0.7567607794711178,0.9772727272727273,0.9772727272727273,0.9772727272727273,0.9772727272727273,1.0,0.8124536863599829,0.8124536863599829,0.8124536863599829,1.0,1.0,1.0,1.0,53.0,0.0,0.0,0.1035716049838882,13.0,0.0,0.0,0.026204371735707943,0.0
gtzan/gtzan_rock_00016/track.npy,gtzan,0.7768595041322314,0.6983413453735996,0.6983413453735996,0.6983413453735996,0.7704918032786885,0.7704918032786885,0.7704918032786885,0.7704918032786885,0.7333333333333333,0.6623657153844142,0.6623657153844142,0.6623657153844142,1.0,1.0,1.0,1.0,73.0,0.0,0.0,0.0487901641694376,19.0,0.0,0.0,0.025205348537293254,0.0
gtzan/gtzan_rock_00017/track.npy,gtzan,1.0,0.9071006287396601,0.9071006287396601,0.9071006287396601,1.0,1.0,1.0,1.0,1.0,0.8901245387971521,0.8901245387971521,0.8901245387971521,1.0,1.0,1.0,1.0,61.0,0.0,0.0,0.04082199452025426,16.0,0.0,0.0,0.021861666153836327,0.0
gtzan/gtzan_rock_00018/track.npy,gtzan,0.9795918367346939,0.9341701846891286,0.9341701846891286,0.9341701846891286,0.9795918367346939,0.9795918367346939,0.9795918367346939,0.9795918367346939,1.0,0.9368426871327983,0.9368426871327983,0.9368426871327983,1.0,1.0,1.0,1.0,59.0,0.0,0.0,0.039220713153281864,15.0,0.0,0.0,0.029558802241544613,0.0
gtzan/gtzan_rock_00019/track.npy,gtzan,1.0,0.9135080425938366,0.9135080425938366,0.9135080425938366,1.0,1.0,1.0,1.0,1.0,0.8885622173501024,0.8885622173501024,0.8885622173501024,1.0,1.0,1.0,1.0,60.0,0.0,0.0,0.020202707317519053,15.0,0.0,0.0,0.012015350582785904,0.0
gtzan/gtzan_rock_00020/track.npy,gtzan,0.6451612903225806,0.5625097013133583,0.8465653161353975,0.7045375087243779,0.0,0.0,0.6024096385542169,0.927710843373494,0.35294117647058826,0.3329267881587374,0.3488982452800924,0.3409125167194149,0.041666666666666664,0.041666666666666664,0.125,0.125,100.0,0.0,0.0,0.06899287148695081,29.0,0.0,0.0,1.8036820647061385,0.0
gtzan/gtzan_rock_00021/track.npy,gtzan,0.7586206896551724,0.6750776235779906,0.6750776235779906,0.6750776235779906,0.21518987341772153,0.4810126582278481,0.21518987341772153,0.4810126582278481,0.1764705882352941,0.16844478161203613,0.390025337965909,0.27923505978897256,0.0,0.0,0.21428571428571427,0.21428571428571427,82.0,0.0,0.0,0.7099869959802217,17.0,0.0,0.0,1.9762191454697295,0.0
gtzan/gtzan_rock_00022/track.npy,gtzan,1.0,0.8983559065485831,0.8983559065485831,0.8983559065485831,1.0,1.0,1.0,1.0,0.9523809523809523,0.8450994073981076,0.8450994073981076,0.8450994073981076,0.42857142857142855,0.8571428571428571,0.42857142857142855,0.8571428571428571,100.0,0.0,0.0,0.13353139262452263,27.0,0.0,0.0,1.3711237504267904,0.0
gtzan/gtzan_rock_00023/track.npy,gtzan,0.9841269841269841,0.9163926990096254,0.9163926990096254,0.9163926990096254,0.96875,0.96875,0.96875,0.96875,0.8421052631578948,0.8092519774147933,0.8092519774147933,0.8092519774147933,0.5454545454545454,0.5454545454545454,0.5454545454545454,0.5454545454545454,38.0,0.0,0.0,0.0283062046875241,12.0,0.0,0.0,0.39036144435735204,0.0
gtzan/gtzan_rock_00024/track.npy,gtzan,0.8943089430894309,0.5799818392599942,0.5799818392599942,0.5799818392599942,0.6935483870967742,0.9193548387096774,0.6935483870967742,0.9193548387096774,0.9333333333333333,0.5687617971820009,0.5687617971820009,0.5687617971820009,1.0,1.0,1.0,1.0,75.0,0.0,0.0,0.07485914608340927,19.0,0.0,0.0,0.03187346416929702,0.0
gtzan/gtzan_rock_00025/track.npy,gtzan,0.9655172413793104,0.7535748803626552,0.7535748803626552,0.7535748803626552,0.9772727272727273,0.9772727272727273,0.9772727272727273,0.9772727272727273,0.9090909090909091,0.7214408407445437,0.7214408407445437,0.7214408407445437,1.0,1.0,1.0,1.0,52.0,0.0,0.0,0.059762238448670804,13.0,0.0,0.0,0.03493805136128031,0.0
gtzan/gtzan_rock_00026/track.npy,gtzan,1.0,0.9566197236976776,0.9566197236976776,0.9566197236976776,1.0,1.0,1.0,1.0,1.0,0.9497284560981379,0.9497284560981379,0.9497284560981379,1.0,1.0,1.0,1.0,57.0,0.0,0.0,0.03774032798284662,14.0,0.0,0.0,0.018505201483171467,0.0
gtzan/gtzan_rock_00027/track.npy,gtzan,1.0,0.9178054899699669,0.9178054899699669,0.9178054899699669,1.0,1.0,1.0,1.0,0.8205128205128205,0.751443435499102,0.751443435499102,0.751443435499102,0.43478260869565216,0.43478260869565216,0.43478260869565216,0.43478260869565216,76.0,0.0,0.0,0.051293294387558364,27.0,0.0,0.0,1.1330984647392812,0.0
gtzan/gtzan_rock_00028/track.npy,gtzan,1.0,0.9549175743531494,0.9549175743531494,0.9549175743531494,1.0,1.0,1.0,1.0,1.0,0.954283576782517,0.954283576782517,0.954283576782517,1.0,1.0,1.0,1.0,69.0,0.0,0.0,0.04515919062497678,17.0,0.0,0.0,0.020680811938908403,0.0
gtzan/gtzan_rock_00029/track.npy,gtzan,0.2926829268292683,0.2664017832463798,0.7874861640883334,0.5269439736673566,0.0,0.0,0.38571428571428573,0.4857142857142857,0.1379310344827586,0.12082333068405415,0.12082333068405415,0.12082333068405415,0.6,0.8666666666666667,0.6,0.8666666666666667,90.0,0.0,0.0,0.48248030055790114,18.0,0.0,0.0,2.0085948830587133,0.0
gtzan/gtzan_rock_00030/track.npy,gtzan,0.6875,0.6318569380576399,0.6318569380576399,0.6318569380576399,0.6666666666666666,0.6666666666666666,0.6666666666666666,0.6666666666666666,0.6666666666666666,0.6180849498824267,0.6180849498824267,0.6180849498824267,1.0,1.0,1.0,1.0,58.0,0.0,0.0,0.03774032798284374,15.0,0.0,0.0,0.016211310253126693,0.0
gtzan/gtzan_rock_00031/track.npy,gtzan,1.0,0.9254824184825714,0.9254824184825714,0.9254824184825714,1.0,1.0,1.0,1.0,1.0,0.9290591406538065,0.9290591406538065,0.9290591406538065,1.0,1.0,1.0,1.0,59.0,0.0,0.0,0.03861716729289326,15.0,0.0,0.0,0.009950330853167877,0.0
gtzan/gtzan_rock_00032/track.npy,gtzan,0.9870129870129869,0.8220722609506136,0.8220722609506136,0.8220722609506136,0.9743589743589743,0.9743589743589743,0.9743589743589743,0.9743589743589743,0.9473684210526316,0.7656366909213843,0.7656366909213843,0.7656366909213843,0.9,0.9,0.9,0.9,46.0,0.0,0.0,0.03070171229104029,13.0,0.0,0.0,0.37544771346245026,0.0
gtzan/gtzan_rock_00033/track.npy,gtzan,0.98,0.8947397122731018,0.8947397122731018,0.8947397122731018,0.9215686274509803,0.9215686274509803,0.9215686274509803,0.9215686274509803,1.0,0.9071904320553674,0.9071904320553674,0.9071904320553674,1.0,1.0,1.0,1.0,71.0,0.0,0.0,0.0800427076735366,17.0,0.0,0.0,1.9094579131809146,0.0
gtzan/gtzan_rock_00034/track.npy,gtzan,1.0,0.934348098222124,0.934348098222124,0.934348098222124,1.0,1.0,1.0,1.0,1.0,0.9648395572270647,0.9648395572270647,0.9648395572270647,1.0,1.0,1.0,1.0,35.0,0.0,0.0,0.0229895182247011,9.0,0.0,0.0,0.014306395651237924,0.0
gtzan/gtzan_rock_00035/track.npy,gtzan,1.0,0.9153290950622337,0.9153290950622337,0.9153290950622337,1.0,1.0,1.0,1.0,1.0,0.9298862435224453,0.9298862435224453,0.9298862435224453,1.0,1.0,1.0,1.0,66.0,0.0,0.0,0.021978906718778668,17.0,0.0,0.0,0.6871406709167994,0.0
gtzan/gtzan_rock_00036/track.npy,gtzan,1.0,0.8710054573351397,0.8710054573351397,0.8710054573351397,1.0,1.0,1.0,1.0,0.3529411764705882,0.3380240427877035,0.7236205507066505,0.530822296747177,0.0,0.0,0.3076923076923077,0.46153846153846156,34.0,0.0,0.0,0.03236336387550983,13.0,0.0,0.0,0.6917487123684166,0.0
gtzan/gtzan_rock_00037/track.npy,gtzan,0.9906542056074767,0.9218389487596845,0.9218389487596845,0.9218389487596845,0.9814814814814815,0.9814814814814815,0.9814814814814815,0.9814814814814815,1.0,0.9097488171788399,0.9097488171788399,0.9097488171788399,1.0,1.0,1.0,1.0,65.0,0.0,0.0,0.04255961441879497,16.0,0.0,0.0,0.019574816407541468,0.0
gtzan/gtzan_rock_00038/track.npy,gtzan,1.0,0.9311091339003504,0.9311091339003504,0.9311091339003504,1.0,1.0,1.0,1.0,1.0,0.8736010179288467,0.8736010179288467,0.8736010179288467,1.0,1.0,1.0,1.0,34.0,0.0,0.0,0.027445282136019496,9.0,0.0,0.0,0.013060034765263582,0.0
gtzan/gtzan_rock_00039/track.npy,gtzan,0.9833333333333333,0.8518513341068439,0.8518513341068439,0.8518513341068439,1.0,1.0,1.0,1.0,1.0,0.8423455473990858,0.8423455473990858,0.8423455473990858,1.0,1.0,1.0,1.0,73.0,0.0,0.0,0.04879016416942672,18.0,0.0,0.0,0.024134066586793207,0.0
gtzan/gtzan_rock_00040/track.npy,gtzan,0.6153846153846154,0.5194813050463895,0.5194813050463895,0.5194813050463895,0.2830188679245283,0.41509433962264153,0.2830188679245283,0.41509433962264153,0.3243243243243243,0.27946091333133544,0.3133160065444895,0.29638845993791246,0.038461538461538464,0.07692307692307693,0.11538461538461539,0.38461538461538464,63.0,0.0,0.0,0.5877866649021122,31.0,0.0,0.0,1.3574550853949876,0.0
gtzan/gtzan_rock_00041/track.npy,gtzan,1.0,0.980438207092314,0.980438207092314,0.980438207092314,1.0,1.0,1.0,1.0,0.888888888888889,0.870631492966722,0.870631492966722,0.870631492966722,0.5333333333333333,0.5333333333333333,0.5333333333333333,0.5333333333333333,59.0,0.0,0.0,0.03922071315328135,18.0,0.0,0.0,0.6858300493509211,0.0
gtzan/gtzan_rock_00042/track.npy,gtzan,0.9253731343283583,0.8622743438290079,0.8622743438290079,0.8622743438290079,0.9705882352941176,0.9705882352941176,0.9705882352941176,0.9705882352941176,0.761904761904762,0.7085952660815508,0.812035495903224,0.7603153809923874,0.23076923076923078,0.3076923076923077,0.5333333333333333,0.5333333333333333,41.0,0.0,0.0,0.02835319506292321,15.0,0.0,0.0,0.6837191690419712,0.0
gtzan/gtzan_rock_00043/track.npy,gtzan,0.7833333333333334,0.7197745906417176,0.7755481761841985,0.747661383412958,0.1506849315068493,0.273972602739726,0.46808510638297873,0.5319148936170213,0.41379310344827586,0.3879131521311157,0.5624740705901178,0.4751936113606168,0.0,0.0,0.5454545454545454,0.6363636363636364,54.0,0.0,0.0,0.6550432643446648,13.0,0.0,0.0,1.977841970772087,0.0
gtzan/gtzan_rock_00044/track.npy,gtzan,0.935064935064935,0.8461948741140838,0.8461948741140838,0.8461948741140838,0.9743589743589743,0.9743589743589743,0.9743589743589743,0.9743589743589743,0.9523809523809523,0.813503241020153,0.813503241020153,0.813503241020153,0.6363636363636364,0.8181818181818182,0.6363636363636364,0.8181818181818182,47.0,0.0,0.0,0.03226086221821789,13.0,0.0,0.0,1.2366206197796,0.0
gtzan/gtzan_rock_00045/track.npy,gtzan,0.8985507246376812,0.7999591827511724,0.7999591827511724,0.7999591827511724,0.6216216216216216,0.7027027027027027,0.6216216216216216,0.7027027027027027,0.608695652173913,0.5663657191079936,0.8576543787929725,0.712010048950483,0.0,0.0,0.9333333333333333,0.9333333333333333,49.0,0.0,0.0,0.7113300210422309,18.0,0.0,0.0,0.7885464662952645,0.0
gtzan/gtzan_rock_00046/track.npy,gtzan,1.0,0.7830943784834024,0.7830943784834024,0.7830943784834024,1.0,1.0,1.0,1.0,1.0,0.7532082065464867,0.7532082065464867,0.7532082065464867,1.0,1.0,1.0,1.0,51.0,0.0,0.0,0.03390155167568054,13.0,0.0,0.0,0.029361265965030525,0.0
gtzan/gtzan_rock_00047/track.npy,gtzan,0.9130434782608695,0.8286559636771272,0.8286559636771272,0.8286559636771272,0.8478260869565217,0.9130434782608695,0.8478260869565217,0.9130434782608695,0.9166666666666666,0.8214951985215792,0.8214951985215792,0.8214951985215792,1.0,1.0,1.0,1.0,55.0,0.0,0.0,0.054464243635375276,14.0,0.0,0.0,0.05063034933619025,0.0
gtzan/gtzan_rock_00048/track.npy,gtzan,1.0,0.8700317682525232,0.8700317682525232,0.8700317682525232,1.0,1.0,1.0,1.0,0.6,0.5211014654220791,0.8226912023300248,0.671896333876052,0.0,0.0,0.6296296296296297,0.8888888888888888,66.0,0.0,0.0,0.021978906718778668,31.0,0.0,0.0,0.6822181100277552,0.0
gtzan/gtzan_rock_00049/track.npy,gtzan,1.0,0.9282314806529127,0.9282314806529127,0.9282314806529127,1.0,1.0,1.0,1.0,0.8421052631578948,0.7744079729931211,0.7744079729931211,0.7744079729931211,0.45454545454545453,0.45454545454545453,0.45454545454545453,0.45454545454545453,43.0,0.0,0.0,0.03390155167568132,13.0,0.0,0.0,1.2422498406142646,0.0
gtzan/gtzan_rock_00050/track.npy,gtzan,1.0,0.9521125842318364,0.9521125842318364,0.9521125842318364,1.0,1.0,1.0,1.0,1.0,0.9531231525808151,0.9531231525808151,0.9531231525808151,1.0,1.0,1.0,1.0,62.0,0.0,0.0,0.021053409197833717,16.0,0.0,0.0,0.010362787035547272,0.0
gtzan/gtzan_rock_00051/track.npy,gtzan,1.0,0.9687582754010251,0.9687582754010251,0.9687582754010251,1.0,1.0,1.0,1.0,1.0,0.9797112527681239,0.9797112527681239,0.9797112527681239,1.0,1.0,1.0,1.0,45.0,0.0,0.0,0.05884050002293223,11.0,0.0,0.0,0.007326040092073116,0.0
gtzan/gtzan_rock_00052/track.npy,gtzan,1.0,0.9600831303222265,0.9600831303222265,0.9600831303222265,1.0,1.0,1.0,1.0,0.9523809523809523,0.9046802759445114,0.9046802759445114,0.9046802759445114,0.6363636363636364,0.8181818181818182,0.6363636363636364,0.8181818181818182,48.0,0.0,0.0,0.03174869831458192,15.0,0.0,0.0,0.6963860646529927,0.0
gtzan/gtzan_rock_00053/track.npy,gtzan,1.0,0.9753318671102972,0.9753318671102972,0.9753318671102972,1.0,1.0,1.0,1.0,1.0,0.973609001672675,0.973609001672675,0.973609001672675,1.0,1.0,1.0,1.0,60.0,0.0,0.0,0.020202707317515972,15.0,0.0,0.0,0.011985199071434399,0.0
gtzan/gtzan_rock_00054/track.npy,gtzan,0.989010989010989,0.8387784477208439,0.8387784477208439,0.8387784477208439,0.9782608695652174,0.9782608695652174,0.9782608695652174,0.9782608695652174,1.0,0.8132745009621621,0.8132745009621621,0.8132745009621621,1.0,1.0,1.0,1.0,58.0,0.0,0.0,0.09135619002545953,15.0,0.0,0.0,0.8741229309798866,0.0
gtzan/gtzan_rock_00055/track.npy,gtzan,0.9818181818181818,0.935010330939702,0.935010330939702,0.935010330939702,0.9818181818181818,0.9818181818181818,0.9818181818181818,0.9818181818181818,1.0,0.9448935679468107,0.9448935679468107,0.9448935679468107,1.0,1.0,1.0,1.0,66.0,0.0,0.0,0.021978906718772184,16.0,0.0,0.0,0.01081091610421725,0.0
gtzan/gtzan_rock_00056/track.npy,gtzan,1.0,0.9860284432921725,0.9860284432921725,0.9860284432921725,1.0,1.0,1.0,1.0,1.0,0.9910582821427082,0.9910582821427082,0.9910582821427082,1.0,1.0,1.0,1.0,69.0,0.0,0.0,0.0465200156348925,17.0,0.0,0.0,0.014989431148160436,0.0
gtzan/gtzan_rock_00057/track.npy,gtzan,1.0,0.9502908838637676,0.9502908838637676,0.9502908838637676,1.0,1.0,1.0,1.0,1.0,0.9432419484452171,0.9432419484452171,0.9432419484452171,1.0,1.0,1.0,1.0,63.0,0.0,0.0,0.021053409197835604,16.0,0.0,0.0,0.014098275329738232,0.0
gtzan/gtzan_rock_00058/track.npy,gtzan,0.9583333333333334,0.748484558704381,0.748484558704381,0.748484558704381,1.0,1.0,1.0,1.0,0.9166666666666666,0.7066480288916206,0.7066480288916206,0.7066480288916206,1.0,1.0,1.0,1.0,58.0,0.0,0.0,0.03922071315328046,15.0,0.0,0.0,0.6874055099502548,0.0
gtzan/gtzan_rock_00059/track.npy,gtzan,0.9896907216494846,0.9373899587907839,0.9373899587907839,0.9373899587907839,0.9795918367346939,0.9795918367346939,0.9795918367346939,0.9795918367346939,0.9696969696969697,0.9193128753215803,0.9193128753215803,0.9193128753215803,0.7058823529411765,0.8823529411764706,0.7058823529411765,0.8823529411764706,59.0,0.0,0.0,0.03922071315328601,20.0,0.0,0.0,0.7520314360507834,0.0
gtzan/gtzan_rock_00060/track.npy,gtzan,0.7457627118644068,0.66120549043053,0.806933671972241,0.7340695812013855,0.12162162162162163,0.1891891891891892,0.6818181818181818,0.6818181818181818,1.0,0.8658802757527635,0.8658802757527635,0.8658802757527635,1.0,1.0,1.0,1.0,53.0,0.0,0.0,0.6500742052033489,22.0,0.0,0.0,0.029774897604968282,0.0
gtzan/gtzan_rock_00061/track.npy,gtzan,0.2413793103448276,0.22913246697327716,0.8368667023599634,0.5329995846666202,0.0,0.0,0.2923076923076923,0.5538461538461539,0.0,5.464047586969092e-71,4.586603989162025e-09,2.2933019945810126e-09,0.0,0.0,1.0,1.0,85.0,0.0,0.0,0.7318672383577848,18.0,0.0,0.0,1.9470953290281032,0.0
gtzan/gtzan_rock_00062/track.npy,gtzan,1.0,0.9110273677337326,0.9110273677337326,0.9110273677337326,1.0,1.0,1.0,1.0,1.0,0.9101451527917713,0.9101451527917713,0.9101451527917713,1.0,1.0,1.0,1.0,62.0,0.0,0.0,0.04082199452025444,16.0,0.0,0.0,0.020619287202735825,0.0
gtzan/gtzan_rock_00063/track.npy,gtzan,0.8444444444444443,0.7795975615325104,0.7795975615325104,0.7795975615325104,0.3269230769230769,0.46153846153846156,0.34210526315789475,0.46153846153846156,0.8387096774193548,0.755940157018468,0.755940157018468,0.755940157018468,0.4444444444444444,0.4444444444444444,0.4444444444444444,0.4444444444444444,49.0,0.0,0.0,0.6868311578005976,22.0,0.0,0.0,0.6931471805599453,0.0
gtzan/gtzan_rock_00064/track.npy,gtzan,0.9921259842519685,0.6826823601764757,0.6826823601764757,0.6826823601764757,0.984375,0.984375,0.984375,0.984375,0.2,0.12434598368018893,0.12434598368018893,0.12434598368018893,0.0,0.0,0.0,0.0,77.0,0.0,0.0,0.02597548640326026,32.0,0.0,0.0,1.3876403733043912,0.0
gtzan/gtzan_rock_00065/track.npy,gtzan,1.0,0.881933296159895,0.881933296159895,0.881933296159895,1.0,1.0,1.0,1.0,0.47058823529411764,0.4087149152604722,0.7768214045058792,0.5927681598831758,0.0,0.0,0.5384615384615384,0.5384615384615384,32.0,0.0,0.0,0.047256500705775216,12.0,0.0,0.0,0.6884839263939488,0.0
gtzan/gtzan_rock_00066/track.npy,gtzan,1.0,0.8914538253406874,0.8914538253406874,0.8914538253406874,1.0,1.0,1.0,1.0,0.5454545454545454,0.5011511888186763,0.8082461479741504,0.6546986683964133,0.0,0.0,0.8,0.8,38.0,0.0,0.0,0.025975486403261562,17.0,0.0,0.0,0.2299006293123236,0.0
gtzan/gtzan_rock_00067/track.npy,gtzan,1.0,0.9459332740944,0.9459332740944,0.9459332740944,1.0,1.0,1.0,1.0,0.2727272727272727,0.2554370890774168,0.622175411292943,0.4388062501851799,0.2727272727272727,0.2727272727272727,0.5454545454545454,0.5454545454545454,53.0,0.0,0.0,0.035091319811275556,13.0,0.0,0.0,0.3899826585499421,0.0
gtzan/gtzan_rock_00068/track.npy,gtzan,1.0,0.9003682612826716,0.9003682612826716,0.9003682612826716,1.0,1.0,1.0,1.0,0.3636363636363636,0.31143977378871046,0.3162729390161943,0.31385635640245235,0.11764705882352941,0.11764705882352941,0.11764705882352941,0.125,63.0,0.0,0.0,0.04255961441879497,19.0,0.0,0.0,1.189822583700367,0.0
gtzan/gtzan_rock_00069/track.npy,gtzan,1.0,0.9403137786104895,0.9403137786104895,0.9403137786104895,1.0,1.0,1.0,1.0,1.0,0.9472440239703451,0.9472440239703451,0.9472440239703451,1.0,1.0,1.0,1.0,85.0,0.0,0.0,0.05715841383994906,29.0,0.0,0.0,0.02809225031180888,0.0
gtzan/gtzan_rock_00070/track.npy,gtzan,1.0,0.9661101705899897,0.9661101705899897,0.9661101705899897,1.0,1.0,1.0,1.0,0.4390243902439025,0.42659986856948895,0.6031239521154843,0.5148619103424866,0.0,0.0,0.11764705882352941,0.11764705882352941,78.0,0.0,0.0,0.057158413839957234,23.0,0.0,0.0,0.721318057526642,0.0
gtzan/gtzan_rock_00071/track.npy,gtzan,1.0,0.9800971622512441,0.9800971622512441,0.9800971622512441,1.0,1.0,1.0,1.0,1.0,0.980081495292053,0.980081495292053,0.980081495292053,1.0,1.0,1.0,1.0,56.0,0.0,0.0,0.025359001251900267,14.0,0.0,0.0,0.011410124852905625,0.0
gtzan/gtzan_rock_00072/track.npy,gtzan,0.9767441860465117,0.9514530651701802,0.9514530651701802,0.9514530651701802,0.9545454545454546,0.9545454545454546,0.9545454545454546,0.9545454545454546,1.0,0.9712525300477598,0.9712525300477598,0.9712525300477598,1.0,1.0,1.0,1.0,53.0,0.0,0.0,0.017391742711871883,13.0,0.0,0.0,0.008658062743115202,0.0
gtzan/gtzan_rock_00073/track.npy,gtzan,1.0,0.9654833735878423,0.9654833735878423,0.9654833735878423,1.0,1.0,1.0,1.0,1.0,0.9710605245031247,0.9710605245031247,0.9710605245031247,1.0,1.0,1.0,1.0,47.0,0.0,0.0,0.015748356968141586,12.0,0.0,0.0,0.007843177461025214,0.0
gtzan/gtzan_rock_00074/track.npy,gtzan,1.0,0.9838475121649412,0.9838475121649412,0.9838475121649412,1.0,1.0,1.0,1.0,0.5599999999999999,0.5497077645440418,0.7121946951084709,0.6309512298262563,0.23076923076923078,0.38461538461538464,0.3076923076923077,0.38461538461538464,56.0,0.0,0.0,0.018692133012162104,15.0,0.0,0.0,0.6950119858022694,0.0
gtzan/gtzan_rock_00075/track.npy,gtzan,1.0,0.8950170693425534,0.8950170693425534,0.8950170693425534,1.0,1.0,1.0,1.0,1.0,0.8968412290490247,0.8968412290490247,0.8968412290490247,1.0,1.0,1.0,1.0,60.0,0.0,0.0,4.440892098500626e-16,15.0,0.0,0.0,4.440892098500626e-16,0.0
gtzan/gtzan_rock_00076/track.npy,gtzan,1.0,0.9685439063580243,0.9685439063580243,0.9685439063580243,1.0,1.0,1.0,1.0,1.0,0.9764789912848915,0.9764789912848915,0.9764789912848915,1.0,1.0,1.0,1.0,48.0,0.0,0.0,0.03174869831457955,12.0,0.0,0.0,0.003992021269537016,0.0
gtzan/gtzan_rock_00077/track.npy,gtzan,0.9662921348314608,0.9070375977481666,0.9070375977481666,0.9070375977481666,0.9555555555555556,0.9555555555555556,0.9555555555555556,0.9555555555555556,1.0,0.9438895524844785,0.9438895524844785,0.9438895524844785,1.0,1.0,1.0,1.0,53.0,0.0,0.0,0.017699577099402175,13.0,0.0,0.0,0.00670145556961077,0.0
gtzan/gtzan_rock_00078/track.npy,gtzan,1.0,0.9870787738102091,0.9870787738102091,0.9870787738102091,1.0,1.0,1.0,1.0,1.0,0.987820295953469,0.987820295953469,0.987820295953469,1.0,1.0,1.0,1.0,49.0,0.0,0.0,0.03278982282299518,13.0,0.0,0.0,0.004089985251525374,0.0
gtzan/gtzan_rock_00079/track.npy,gtzan,1.0,0.9175600616544364,0.9175600616544364,0.9175600616544364,1.0,1.0,1.0,1.0,1.0,0.8971935445428906,0.8971935445428906,0.8971935445428906,1.0,1.0,1.0,1.0,63.0,0.0,0.0,0.042559614418795966,16.0,0.0,0.0,0.014098275329736534,0.0
gtzan/gtzan_rock_00080/track.npy,gtzan,1.0,0.9602295101202487,0.9602295101202487,0.9602295101202487,1.0,1.0,1.0,1.0,1.0,0.959062522675214,0.959062522675214,0.959062522675214,1.0,1.0,1.0,1.0,59.0,0.0,0.0,0.03922071315328144,15.0,0.0,0.0,0.01180829056068821,0.0
gtzan/gtzan_rock_00081/track.npy,gtzan,1.0,0.9758993928882531,0.9758993928882531,0.9758993928882531,1.0,1.0,1.0,1.0,1.0,0.9720478723165017,0.9720478723165017,0.9720478723165017,1.0,1.0,1.0,1.0,60.0,0.0,0.0,0.03922071315328046,15.0,0.0,0.0,0.023708552944047154,0.0
gtzan/gtzan_rock_00082/track.npy,gtzan,1.0,0.9695193479914381,0.9695193479914381,0.9695193479914381,1.0,1.0,1.0,1.0,1.0,0.9567778589003411,0.9567778589003411,0.9567778589003411,1.0,1.0,1.0,1.0,50.0,0.0,0.0,0.03278982282299453,13.0,0.0,0.0,0.008163310639161647,0.0
gtzan/gtzan_rock_00083/track.npy,gtzan,1.0,0.9856533861669056,0.9856533861669056,0.9856533861669056,1.0,1.0,1.0,1.0,1.0,0.9875655164174584,0.9875655164174584,0.9875655164174584,1.0,1.0,1.0,1.0,61.0,0.0,0.0,0.04082199452025603,15.0,0.0,0.0,0.012167489076001351,0.0
gtzan/gtzan_rock_00084/track.npy,gtzan,1.0,0.9514131275000606,0.9514131275000606,0.9514131275000606,1.0,1.0,1.0,1.0,1.0,0.927239388198178,0.927239388198178,0.927239388198178,1.0,1.0,1.0,1.0,65.0,0.0,0.0,0.0425596144187946,17.0,0.0,0.0,0.016260520871781436,0.0
gtzan/gtzan_rock_00085/track.npy,gtzan,1.0,0.9399000722152006,0.9399000722152006,0.9399000722152006,1.0,1.0,1.0,1.0,1.0,0.9253764780248162,0.9253764780248162,0.9253764780248162,1.0,1.0,1.0,1.0,49.0,0.0,0.0,0.03278982282298971,13.0,0.0,0.0,0.01639380977567495,0.0
gtzan/gtzan_rock_00086/track.npy,gtzan,0.873015873015873,0.8414176976884361,0.8414176976884361,0.8414176976884361,0.4507042253521127,0.5492957746478874,0.4507042253521127,0.5492957746478874,0.8000000000000002,0.7761284495383015,0.7761284495383015,0.7761284495383015,0.5882352941176471,0.5882352941176471,0.5882352941176471,0.5882352941176471,82.0,0.0,0.012345679012345678,0.18232155679395232,20.0,0.0,0.0,1.2076645751730677,0.0
gtzan/gtzan_rock_00087/track.npy,gtzan,0.9818181818181818,0.8959270661820982,0.8959270661820982,0.8959270661820982,0.9818181818181818,0.9818181818181818,0.9818181818181818,0.9818181818181818,0.962962962962963,0.8857971353916019,0.8857971353916019,0.8857971353916019,0.9285714285714286,0.9285714285714286,0.9285714285714286,0.9285714285714286,67.0,0.0,0.0,0.044258432444617066,16.0,0.0,0.0,0.025889561928118893,0.0
gtzan/gtzan_rock_00088/track.npy,gtzan,1.0,0.929498541016628,0.929498541016628,0.929498541016628,1.0,1.0,1.0,1.0,0.4347826086956522,0.38651014537037837,0.7436131420268886,0.5650616436986334,0.07692307692307693,0.07692307692307693,0.38461538461538464,0.38461538461538464,46.0,0.0,0.0,0.03077165866675302,15.0,0.0,0.0,0.6931471805599455,0.0
gtzan/gtzan_rock_00089/track.npy,gtzan,1.0,0.9591440841907695,0.9591440841907695,0.9591440841907695,1.0,1.0,1.0,1.0,1.0,0.9618740195056167,0.9618740195056167,0.9618740195056167,1.0,1.0,1.0,1.0,54.0,0.0,0.0,0.036367644170871606,13.0,0.0,0.0,0.018338807982962613,0.0
gtzan/gtzan_rock_00090/track.npy,gtzan,0.99009900990099,0.959237242301439,0.959237242301439,0.959237242301439,0.9803921568627451,0.9803921568627451,0.9803921568627451,0.9803921568627451,1.0,0.9539293957002744,0.9539293957002744,0.9539293957002744,1.0,1.0,1.0,1.0,61.0,0.0,0.0,0.022639557934488592,16.0,0.0,0.0,0.01017050101259646,0.0
gtzan/gtzan_rock_00091/track.npy,gtzan,1.0,0.9717663355047305,0.9717663355047305,0.9717663355047305,1.0,1.0,1.0,1.0,1.0,0.9712103908491259,0.9712103908491259,0.9712103908491259,1.0,1.0,1.0,1.0,72.0,0.0,0.0,0.024097551579062338,18.0,0.0,0.0,0.011976191046715545,0.0
gtzan/gtzan_rock_00092/track.npy,gtzan,1.0,0.9552642043027678,0.9552642043027678,0.9552642043027678,1.0,1.0,1.0,1.0,1.0,0.9516501536175418,0.9516501536175418,0.9516501536175418,1.0,1.0,1.0,1.0,66.0,0.0,0.0,0.021978906718778668,16.0,0.0,0.0,0.018178333889399028,0.0
gtzan/gtzan_rock_00093/track.npy,gtzan,0.6615384615384615,0.6250566794879749,0.9181142946514966,0.7715854870697358,0.0,0.0,0.9770114942528736,0.9770114942528736,0.6875000000000001,0.663502501792525,0.9579800564696157,0.8107412791310704,0.0,0.0,1.0,1.0,105.0,0.0,0.0,0.0996086956462995,26.0,0.0,0.0,0.04998324239223732,0.0
gtzan/gtzan_rock_00094/track.npy,gtzan,0.7433628318584071,0.6926189934554153,0.7798598895267279,0.7362394414910716,0.31343283582089554,0.31343283582089554,0.45054945054945056,0.45054945054945056,0.5,0.46420937761088793,0.689242831831717,0.5767261047213025,0.0,0.0,0.391304347826087,0.5652173913043478,85.0,0.0,0.0,0.11152683475673618,23.0,0.0,0.0,0.693147180559947,0.0
gtzan/gtzan_rock_00095/track.npy,gtzan,0.5411764705882354,0.5166918324043082,0.599860789899049,0.5582763111516786,0.5116279069767442,0.5116279069767442,0.5116279069767442,0.5116279069767442,0.5714285714285713,0.5389045023158302,0.5389045023158302,0.5389045023158302,0.9090909090909091,0.9090909090909091,0.9090909090909091,0.9090909090909091,51.0,0.0,0.0,0.03509131981127023,13.0,0.0,0.0,0.017204805028435632,0.0
gtzan/gtzan_rock_00096/track.npy,gtzan,1.0,0.8963339864351689,0.8963339864351689,0.8963339864351689,1.0,1.0,1.0,1.0,1.0,0.9068570320829316,0.9068570320829316,0.9068570320829316,1.0,1.0,1.0,1.0,58.0,0.0,0.0,0.024287052467848652,14.0,0.0,0.0,0.012079615822233566,0.0
gtzan/gtzan_rock_00097/track.npy,gtzan,0.9906542056074767,0.9119620504196906,0.9119620504196906,0.9119620504196906,0.9814814814814815,0.9814814814814815,0.9814814814814815,0.9814814814814815,1.0,0.9134888570313259,0.9134888570313259,0.9134888570313259,1.0,1.0,1.0,1.0,65.0,0.0,0.0,0.04255961441880196,16.0,0.0,0.0,0.017872217776171515,0.0
gtzan/gtzan_rock_00098/track.npy,gtzan,1.0,0.9184687631844138,0.9184687631844138,0.9184687631844138,1.0,1.0,1.0,1.0,1.0,0.9175247835275365,0.9175247835275365,0.9175247835275365,1.0,1.0,1.0,1.0,55.0,0.0,0.0,0.03732089420134852,14.0,0.0,0.0,0.0241369841464769,0.0
gtzan/gtzan_rock_00099/track.npy,gtzan,0.7014925373134329,0.6250721699606618,0.8073122267503277,0.7161921983554947,0.18072289156626506,0.18072289156626506,0.6237623762376238,0.6237623762376238,0.08,0.05215469366837239,0.3836159317979319,0.21788531273315215,0.07692307692307693,0.07692307692307693,0.25,0.25,93.0,0.0,0.0,0.12521784680110437,15.0,0.0,0.0,2.2506134342822577,0.0
smc/smc_001/track.npy,smc,0.5238095238095237,0.3631644036054097,0.5847703346911495,0.4739673691482796,0.0,0.0,0.9821428571428571,0.9821428571428571,nan,nan,nan,nan,nan,nan,nan,nan,65.0,0.0,0.0,0.09812708351235222,31.0,0.0,0.0,1.4400690078020868,0.0
smc/smc_002/track.npy,smc,0.43902439024390244,0.3379266524199961,0.3379266524199961,0.3379266524199961,0.0,0.0,0.0,0.0,nan,nan,nan,nan,nan,nan,nan,nan,155.0,0.08441558441558442,0.2012987012987013,0.5903454185798914,46.0,0.0,0.022222222222222223,0.6262612689099446,0.0
smc/smc_003/track.npy,smc,0.4285714285714286,0.3685850722857094,0.5556263284547224,0.4621057003702159,0.0,0.0,0.07758620689655173,0.29310344827586204,nan,nan,nan,nan,nan,nan,nan,nan,128.0,0.0,0.11811023622047244,0.6931471805599345,43.0,0.0,0.023809523809523808,1.9348603128687225,0.0
smc/smc_004/track.npy,smc,0.5783132530120482,0.47665509585147714,0.5314065578287435,0.5040308268401104,0.12,0.28,0.12,0.3076923076923077,nan,nan,nan,nan,nan,nan,nan,nan,54.0,0.0,0.0,0.7866846472415051,16.0,0.0,0.0,1.197358938577342,0.0
smc/smc_005/track.npy,smc,0.2150537634408602,0.1487251521429817,0.1487251521429817,0.1487251521429817,0.0,0.0,0.0,0.0,nan,nan,nan,nan,nan,nan,nan,nan,75.0,0.0,0.0,0.27947202903265317,24.0,0.0,0.0,0.6642430157345435,0.0
smc/smc_006/track.npy,smc,0.8055555555555556,0.7435822046868812,0.7435822046868812,0.7435822046868812,0.2222222222222222,0.4166666666666667,0.2222222222222222,0.4166666666666667,nan,nan,nan,nan,nan,nan,nan,nan,41.0,0.0,0.0,0.5839224092561117,14.0,0.0,0.0,1.230498979024125,0.0
smc/smc_007/track.npy,smc,0.6153846153846153,0.4343278958136972,0.4343278958136972,0.4343278958136972,0.6857142857142857,0.6857142857142857,0.6857142857142857,0.6857142857142857,nan,nan,nan,nan,nan,nan,nan,nan,40.0,0.0,0.0,0.12077507863936926,19.0,0.0,0.0,1.1700767277561794,0.0
smc/smc_008/track.npy,smc,0.4,0.3112616078063402,0.3347410998463595,0.32300135382634987,0.0,0.0,0.0,0.0,nan,nan,nan,nan,nan,nan,nan,nan,63.0,0.0,0.016129032258064516,0.6641596436866937,16.0,0.0,0.0,0.015210210463277325,0.0
smc/smc_009/track.npy,smc,0.4732824427480916,0.3262279564416254,0.3262279564416254,0.3262279564416254,0.0,0.0,0.0,0.0,nan,nan,nan,nan,nan,nan,nan,nan,112.0,0.0,0.0,0.08455738802807723,36.0,0.0,0.0,0.7150013363236358,0.0
smc/smc_010/track.npy,smc,0.9111111111111111,0.6744406311989338,0.6744406311989338,0.6744406311989338,0.7777777777777778,0.9777777777777777,0.7777777777777778,0.9777777777777777,nan,nan,nan,nan,nan,nan,nan,nan,51.0,0.0,0.0,0.08004270767353944,17.0,0.0,0.0,0.05817308080543346,0.0
smc/smc_011/track.npy,smc,0.6915887850467289,0.6011195452089717,0.6011195452089717,0.6011195452089717,0.14285714285714285,0.5714285714285714,0.14285714285714285,0.5714285714285714,nan,nan,nan,nan,nan,nan,nan,nan,64.0,0.0,0.0,0.3495159197925171,22.0,0.0,0.0,1.0886645537941775,0.0
smc/smc_012/track.npy,smc,0.5486725663716814,0.3302734107790822,0.3302734107790822,0.3302734107790822,0.24193548387096775,0.5,0.24193548387096775,0.5,nan,nan,nan,nan,nan,nan,nan,nan,74.0,0.0,0.0,0.5814178710232953,24.0,0.0,0.0,2.008865650949354,0.0
smc/smc_013/track.npy,smc,0.9464285714285714,0.7774814282102289,0.7774814282102289,0.7774814282102289,1.0,1.0,1.0,1.0,nan,nan,nan,nan,nan,nan,nan,nan,64.0,0.0,0.0,0.09120429769880986,24.0,0.0,0.0,0.708860013547903,0.0
smc/smc_014/track.npy,smc,0.7872340425531914,0.6371762989670416,0.6371762989670416,0.6371762989670416,0.32653061224489793,0.7959183673469388,0.32653061224489793,0.7959183673469388,nan,nan,nan,nan,nan,nan,nan,nan,55.0,0.0,0.0,0.44456184963310763,22.0,0.0,0.0,1.6959223056169634,0.0
smc/smc_015/track.npy,smc,0.36585365853658536,0.3185603272733533,0.37693106601417736,0.3477456966437653,0.0,0.0,0.14754098360655737,0.29508196721311475,nan,nan,nan,nan,nan,nan,nan,nan,68.0,0.0,0.0,0.8038874969746539,22.0,0.0,0.0,0.6395089487494949,0.0
smc/smc_016/track.npy,smc,0.8048780487804877,0.5664517125315098,0.5664517125315098,0.5664517125315098,0.5853658536585366,0.9024390243902439,0.5853658536585366,0.9024390243902439,nan,nan,nan,nan,nan,nan,nan,nan,47.0,0.0,0.0,0.17243264302801592,13.0,0.0,0.0,0.7280610214364257,0.0
smc/smc_017/track.npy,smc,0.3586206896551724,0.2889591856935668,0.2890209138431619,0.2889900497683644,0.0,0.0,0.009708737864077669,0.009708737864077669,nan,nan,nan,nan,nan,nan,nan,nan,122.0,0.0743801652892562,0.11570247933884298,1.0554230332951868,35.0,0.058823529411764705,0.058823529411764705,2.1849382217446833,0.0
smc/smc_018/track.npy,smc,0.35514018691588783,0.2513087276620282,0.32048609950704643,0.28589741358453735,0.10344827586206896,0.1724137931034483,0.10344827586206896,0.1724137931034483,nan,nan,nan,nan,nan,nan,nan,nan,65.0,0.0,0.0,0.7207397514823249,26.0,0.0,0.0,1.9757028237853365,0.0
smc/smc_019/track.npy,smc,0.84,0.5930081700012265,0.5930081700012265,0.5930081700012265,0.6666666666666666,0.6666666666666666,0.6666666666666666,0.6666666666666666,nan,nan,nan,nan,nan,nan,nan,nan,35.0,0.0,0.0,0.5663617243596208,18.0,0.0,0.0,0.8756086769797813,0.0
smc/smc_021/track.npy,smc,0.5137614678899083,0.3688012275186271,0.3688012275186271,0.3688012275186271,0.4642857142857143,0.5892857142857143,0.4642857142857143,0.5892857142857143,nan,nan,nan,nan,nan,nan,nan,nan,63.0,0.0,0.0,0.1335313926245198,16.0,0.0,0.0,0.39848319702671686,0.0
smc/smc_022/track.npy,smc,0.8636363636363636,0.6989186140890854,0.6989186140890854,0.6989186140890854,0.3,0.54,0.3,0.54,nan,nan,nan,nan,nan,nan,nan,nan,59.0,0.0,0.0,0.7841462514225701,28.0,0.0,0.0,0.7283978840572046,0.0
smc/smc_023/track.npy,smc,0.6896551724137931,0.5974206105901123,0.7524584614623508,0.6749395360262316,0.10810810810810811,0.10810810810810811,0.43902439024390244,0.7073170731707317,nan,nan,nan,nan,nan,nan,nan,nan,42.0,0.0,0.0,0.15321729677715634,13.0,0.0,0.0,0.8278762618865795,0.0
smc/smc_024/track.npy,smc,0.8059701492537312,0.701588665268312,0.701588665268312,0.701588665268312,0.2,0.4533333333333333,0.2,0.4533333333333333,nan,nan,nan,nan,nan,nan,nan,nan,67.0,0.0,0.0,0.6213785310318601,28.0,0.0,0.0,2.081551750795422,0.0
smc/smc_026/track.npy,smc,0.5789473684210527,0.40824845396839693,0.40824845396839693,0.40824845396839693,0.40425531914893614,0.425531914893617,0.40425531914893614,0.425531914893617,nan,nan,nan,nan,nan,nan,nan,nan,52.0,0.0,0.0,0.1256694671561753,16.0,0.0,0.0,1.0905212743302197,0.0
smc/smc_027/track.npy,smc,0.556701030927835,0.4111310229896969,0.44693207457131834,0.42903154878050764,0.18333333333333332,0.21666666666666667,0.18333333333333332,0.3150684931506849,nan,nan,nan,nan,nan,nan,nan,nan,70.0,0.0,0.0,0.5617058423656064,18.0,0.0,0.0,0.2878129030392488,0.0
smc/smc_028/track.npy,smc,0.5233644859813085,0.3879934290987158,0.40760526107670425,0.39779934508771003,0.06451612903225806,0.1935483870967742,0.15555555555555556,0.3333333333333333,nan,nan,nan,nan,nan,nan,nan,nan,53.0,0.0,0.0,0.6255478033542583,13.0,0.0,0.0,1.7147984280919248,0.0
smc/smc_030/track.npy,smc,0.8346456692913387,0.639373081390155,0.639373081390155,0.639373081390155,0.2391304347826087,0.5652173913043478,0.2391304347826087,0.5652173913043478,nan,nan,nan,nan,nan,nan,nan,nan,154.0,0.0392156862745098,0.23529411764705882,0.3945736630952624,45.0,0.0,0.0,0.14489653199188307,0.0
smc/smc_032/track.npy,smc,0.6262626262626262,0.4472718088849424,0.4472718088849424,0.4472718088849424,0.2962962962962963,0.5185185185185185,0.2962962962962963,0.5185185185185185,nan,nan,nan,nan,nan,nan,nan,nan,51.0,0.0,0.0,0.732721961235023,10.0,0.0,0.0,0.6960972780657793,0.0
smc/smc_033/track.npy,smc,0.6486486486486486,0.4781697749576389,0.4781697749576389,0.4781697749576389,0.20689655172413793,0.6724137931034483,0.20689655172413793,0.6724137931034483,nan,nan,nan,nan,nan,nan,nan,nan,67.0,0.0,0.0,0.5768151087319368,21.0,0.0,0.0,0.6843415057148228,0.0
smc/smc_034/track.npy,smc,0.8831168831168831,0.6971146001719953,0.6971146001719953,0.6971146001719953,0.85,0.85,0.85,0.85,nan,nan,nan,nan,nan,nan,nan,nan,45.0,0.0,0.0,0.1051428877155668,11.0,0.0,0.0,0.03845074709623003,0.0
smc/smc_035/track.npy,smc,0.782608695652174,0.5369258337712272,0.5369258337712272,0.5369258337712272,0.9714285714285714,0.9714285714285714,0.9714285714285714,0.9714285714285714,nan,nan,nan,nan,nan,nan,nan,nan,40.0,0.0,0.0,0.13613217432458097,10.0,0.0,0.0,0.03441098591217999,0.0
smc/smc_036/track.npy,smc,0.6938775510204082,0.5142647936456428,0.6755914697520047,0.5949281316988237,0.16129032258064516,0.16129032258064516,0.704225352112676,0.704225352112676,nan,nan,nan,nan,nan,nan,nan,nan,77.0,0.0,0.013157894736842105,0.4470860378542646,33.0,0.0,0.0,1.007243405809369,0.0
smc/smc_037/track.npy,smc,0.6181818181818182,0.44220378269343635,0.5183568181026116,0.48028030039802394,0.11764705882352941,0.11764705882352941,0.5238095238095238,0.6190476190476191,nan,nan,nan,nan,nan,nan,nan,nan,28.0,0.0,0.0,0.718801948509983,9.0,0.0,0.0,0.3926449154261255,0.0
smc/smc_038/track.npy,smc,0.7142857142857143,0.5569732499191963,0.5569732499191963,0.5569732499191963,0.5,0.5208333333333334,0.5,0.5208333333333334,nan,nan,nan,nan,nan,nan,nan,nan,53.0,0.0,0.0,0.1770859068603095,19.0,0.0,0.0,0.8911011205201687,0.0
smc/smc_041/track.npy,smc,0.7032967032967035,0.5916751480926385,0.5916751480926385,0.5916751480926385,0.26,0.58,0.26,0.58,nan,nan,nan,nan,nan,nan,nan,nan,56.0,0.0,0.01818181818181818,0.7013828546535086,15.0,0.0,0.0,1.5614725799694853,0.0
smc/smc_042/track.npy,smc,0.7868852459016393,0.5850004952946338,0.5850004952946338,0.5850004952946338,0.3235294117647059,0.5588235294117647,0.3235294117647059,0.5588235294117647,nan,nan,nan,nan,nan,nan,nan,nan,42.0,0.0,0.0,0.6774668045676057,21.0,0.0,0.0,1.1292951320992597,0.0
smc/smc_043/track.npy,smc,0.7547169811320756,0.6504909225484711,0.6504909225484711,0.6504909225484711,0.16071428571428573,0.6964285714285714,0.16071428571428573,0.6964285714285714,nan,nan,nan,nan,nan,nan,nan,nan,64.0,0.0,0.0,0.6358154563211639,32.0,0.0,0.0,1.6047147112547846,0.0
smc/smc_044/track.npy,smc,0.8235294117647058,0.5870239909671651,0.5870239909671651,0.5870239909671651,0.5116279069767442,0.8604651162790697,0.5116279069767442,0.8604651162790697,nan,nan,nan,nan,nan,nan,nan,nan,49.0,0.0,0.0,0.278619670326384,23.0,0.0,0.0,0.7568629949460561,0.0
smc/smc_046/track.npy,smc,0.6923076923076923,0.5069241538587382,0.5069241538587382,0.5069241538587382,0.45,0.85,0.45,0.85,nan,nan,nan,nan,nan,nan,nan,nan,54.0,0.0,0.0,1.3706963321589982,17.0,0.0,0.0,0.7523493135364081,0.0
smc/smc_047/track.npy,smc,0.4067796610169491,0.27752090132128254,0.32451774715787396,0.3010193242395782,0.029850746268656716,0.04477611940298507,0.08955223880597014,0.12871287128712872,nan,nan,nan,nan,nan,nan,nan,nan,71.0,0.0,0.0,0.6902751536451547,21.0,0.0,0.0,0.8041476057690797,0.0
smc/smc_048/track.npy,smc,0.4,0.2830892785156774,0.2830892785156774,0.2830892785156774,0.13333333333333333,0.26666666666666666,0.1794871794871795,0.38461538461538464,nan,nan,nan,nan,nan,nan,nan,nan,34.0,0.0,0.0,0.6371963158892534,12.0,0.0,0.0,0.5174189219002048,0.0
smc/smc_051/track.npy,smc,0.7027027027027027,0.56584772044369,0.56584772044369,0.56584772044369,1.0,1.0,1.0,1.0,nan,nan,nan,nan,nan,nan,nan,nan,42.0,0.0,0.0,0.04906159348834462,14.0,0.0,0.0,0.7090413314298872,0.0
smc/smc_052/track.npy,smc,0.6792452830188679,0.47759502644863167,0.47759502644863167,0.47759502644863167,0.49056603773584906,0.9245283018867925,0.49056603773584906,0.9245283018867925,nan,nan,nan,nan,nan,nan,nan,nan,61.0,0.0,0.0,0.14799098098744815,17.0,0.0,0.0,1.2868521683828884,0.0
smc/smc_054/track.npy,smc,0.9444444444444445,0.7056817999957018,0.7056817999957018,0.7056817999957018,0.9459459459459459,0.9459459459459459,0.9459459459459459,0.9459459459459459,nan,nan,nan,nan,nan,nan,nan,nan,42.0,0.0,0.0,0.08935957069193272,10.0,0.0,0.0,0.40863940719924685,0.0
smc/smc_055/track.npy,smc,0.275,0.19937306194594365,0.19937306194594365,0.19937306194594365,0.04878048780487805,0.07317073170731707,0.04878048780487805,0.07317073170731707,nan,nan,nan,nan,nan,nan,nan,nan,46.0,0.0,0.0,1.4161219829594673,13.0,0.0,0.0,1.472402204732341,0.0
smc/smc_056/track.npy,smc,0.34920634920634924,0.27495681619990286,0.2907494660510244,0.28285314112546367,0.208955223880597,0.2835820895522388,0.208955223880597,0.2835820895522388,nan,nan,nan,nan,nan,nan,nan,nan,79.0,0.0,0.0,0.7374525220559981,28.0,0.0,0.0,1.3995013447782847,0.0
smc/smc_057/track.npy,smc,0.3333333333333333,0.22378390423250447,0.31147616327643934,0.2676300337544719,0.061224489795918366,0.12244897959183673,0.17391304347826086,0.2898550724637681,nan,nan,nan,nan,nan,nan,nan,nan,54.0,0.0,0.0,0.8025298250335008,14.0,0.0,0.0,1.2106298158244555,0.0
smc/smc_058/track.npy,smc,0.4444444444444445,0.33125659429009974,0.33125659429009974,0.33125659429009974,0.05555555555555555,0.24074074074074073,0.056338028169014086,0.24074074074074073,nan,nan,nan,nan,nan,nan,nan,nan,59.0,0.0,0.0,0.9277212661941481,21.0,0.0,0.0,1.6746583817326586,0.0
smc/smc_059/track.npy,smc,0.21333333333333335,0.16434848651058728,0.18992684433497392,0.1771376654227806,0.023809523809523808,0.023809523809523808,0.12121212121212122,0.12121212121212122,nan,nan,nan,nan,nan,nan,nan,nan,42.0,0.12195121951219512,0.1951219512195122,2.0151092763276437,21.0,0.0,0.0,0.8417025090563814,0.0
smc/smc_060/track.npy,smc,0.5952380952380952,0.39276327491032414,0.39276327491032414,0.39276327491032414,0.4418604651162791,0.5348837209302325,0.4418604651162791,0.5348837209302325,nan,nan,nan,nan,nan,nan,nan,nan,49.0,0.0,0.0,0.7187681937755239,12.0,0.0,0.0,1.593550785370202,0.0
smc/smc_061/track.npy,smc,0.4923076923076923,0.38507353273538325,0.5305512463654023,0.4578123895503928,0.07142857142857142,0.09523809523809523,0.4888888888888889,0.7333333333333333,nan,nan,nan,nan,nan,nan,nan,nan,47.0,0.0,0.0,0.6103072244914611,11.0,0.0,0.0,1.6357296044833862,0.0
smc/smc_063/track.npy,smc,0.7961165048543688,0.5967440901243719,0.5967440901243719,0.5967440901243719,0.5576923076923077,0.9230769230769231,0.5576923076923077,0.9230769230769231,nan,nan,nan,nan,nan,nan,nan,nan,58.0,0.0,0.0,0.12136085700427557,14.0,0.0,0.0,0.04949957269963691,0.0
smc/smc_064/track.npy,smc,0.02777777777777778,0.02069560585189625,0.03245396040363694,0.026574783127766594,0.0,0.0,0.14285714285714285,0.2653061224489796,nan,nan,nan,nan,nan,nan,nan,nan,53.0,0.0,0.0,0.700446580270524,14.0,0.0,0.0,0.3330919589678474,0.0
smc/smc_065/track.npy,smc,0.9534883720930233,0.7361958142672909,0.7361958142672909,0.7361958142672909,1.0,1.0,1.0,1.0,nan,nan,nan,nan,nan,nan,nan,nan,49.0,0.0,0.0,0.09848362511481902,13.0,0.0,0.0,0.038173644540117624,0.0
smc/smc_066/track.npy,smc,0.21782178217821785,0.16219133380095582,0.16219133380095582,0.16219133380095582,0.013513513513513514,0.013513513513513514,0.02702702702702703,0.02702702702702703,nan,nan,nan,nan,nan,nan,nan,nan,84.0,0.0,0.0,0.49722189761630364,18.0,0.0,0.0,1.0802807504848373,0.0
smc/smc_067/track.npy,smc,0.792079207920792,0.5348418794969395,0.5348418794969395,0.5348418794969395,0.8627450980392157,0.9215686274509803,0.8627450980392157,0.9215686274509803,nan,nan,nan,nan,nan,nan,nan,nan,58.0,0.0,0.0,0.09122444979860302,16.0,0.0,0.0,0.7403431112434239,0.0
smc/smc_068/track.npy,smc,0.8679245283018869,0.6570746712050969,0.6570746712050969,0.6570746712050969,1.0,1.0,1.0,1.0,nan,nan,nan,nan,nan,nan,nan,nan,61.0,0.0,0.0,0.06252035698133268,23.0,0.0,0.0,0.7276995620666042,0.0
smc/smc_069/track.npy,smc,0.8269230769230769,0.64459682840337,0.64459682840337,0.64459682840337,0.3392857142857143,0.7321428571428571,0.3392857142857143,0.7321428571428571,nan,nan,nan,nan,nan,nan,nan,nan,66.0,0.0,0.0,0.33308970181773806,18.0,0.0,0.0,2.001628337717708,0.0
smc/smc_071/track.npy,smc,0.9782608695652174,0.7291241032981696,0.7291241032981696,0.7291241032981696,1.0,1.0,1.0,1.0,nan,nan,nan,nan,nan,nan,nan,nan,53.0,0.0,0.0,0.12361395596717614,18.0,0.0,0.0,0.05859873301084095,0.0
smc/smc_072/track.npy,smc,0.9230769230769231,0.7477136535145601,0.7477136535145601,0.7477136535145601,1.0,1.0,1.0,1.0,nan,nan,nan,nan,nan,nan,nan,nan,45.0,0.0,0.0,0.10953685725867944,12.0,0.0,0.0,0.5511045335179202,0.0
smc/smc_073/track.npy,smc,0.8536585365853658,0.6985326187390087,0.6985326187390087,0.6985326187390087,0.8292682926829268,0.8780487804878049,0.8292682926829268,0.8780487804878049,nan,nan,nan,nan,nan,nan,nan,nan,49.0,0.0,0.0,0.644900534938355,18.0,0.0,0.0,0.8274114269008619,0.0
smc/smc_074/track.npy,smc,0.5070422535211268,0.3529503732483682,0.3529503732483682,0.3529503732483682,0.0,0.0,0.0,0.0,nan,nan,nan,nan,nan,nan,nan,nan,20.0,0.0,0.0,0.1949387306519608,10.0,0.0,0.0,0.15674724458684114,0.0
smc/smc_075/track.npy,smc,0.6153846153846154,0.44971054597397137,0.44971054597397137,0.44971054597397137,0.5531914893617021,0.723404255319149,0.5531914893617021,0.723404255319149,nan,nan,nan,nan,nan,nan,nan,nan,52.0,0.0,0.0,0.13219510595101278,23.0,0.0,0.0,1.3932148039644605,0.0
smc/smc_076/track.npy,smc,0.537037037037037,0.35388829302357233,0.35388829302357233,0.35388829302357233,0.14754098360655737,0.29508196721311475,0.14754098360655737,0.29508196721311475,nan,nan,nan,nan,nan,nan,nan,nan,71.0,0.0,0.0,0.6324598209121971,24.0,0.0,0.0,1.6450596672274487,0.0
smc/smc_079/track.npy,smc,0.7528089887640449,0.6535809210157343,0.6624983875201234,0.6580396542679288,0.10185185185185185,0.24074074074074073,0.24285714285714285,0.44285714285714284,nan,nan,nan,nan,nan,nan,nan,nan,85.0,0.0,0.011904761904761904,0.7165251183228918,27.0,0.0,0.0,2.0196656279746383,0.0
smc/smc_080/track.npy,smc,0.3055555555555556,0.2398831274094282,0.2561119780512739,0.24799755273035104,0.0,0.0,0.1320754716981132,0.16981132075471697,nan,nan,nan,nan,nan,nan,nan,nan,68.0,0.0,0.0,0.90178722721235,21.0,0.0,0.0,1.3584322794136536,0.0
smc/smc_082/track.npy,smc,0.9180327868852458,0.7561616620693585,0.7561616620693585,0.7561616620693585,0.8153846153846154,0.8153846153846154,0.8153846153846154,0.8153846153846154,nan,nan,nan,nan,nan,nan,nan,nan,75.0,0.0,0.0,0.10818283084851378,24.0,0.0,0.0,1.995129175533371,0.0
smc/smc_084/track.npy,smc,0.06779661016949153,0.036315041752728094,0.0930538381460658,0.06468443994939695,0.058823529411764705,0.058823529411764705,0.058823529411764705,0.058823529411764705,nan,nan,nan,nan,nan,nan,nan,nan,37.0,0.0,0.0,0.8526008450600085,18.0,0.0,0.0,1.5994935662356842,0.0
smc/smc_085/track.npy,smc,0.2769230769230769,0.24960583241345188,0.24960583241345188,0.24960583241345188,0.36363636363636365,0.6666666666666666,0.36363636363636365,0.6666666666666666,nan,nan,nan,nan,nan,nan,nan,nan,38.0,0.0,0.0,0.2075795981651739,12.0,0.0,0.0,0.7089198187450935,0.0
smc/smc_086/track.npy,smc,0.813953488372093,0.6484725436645431,0.6484725436645431,0.6484725436645431,0.43478260869565216,0.6086956521739131,0.43478260869565216,0.6086956521739131,nan,nan,nan,nan,nan,nan,nan,nan,53.0,0.0,0.0,0.382826935673347,16.0,0.0,0.0,0.8104067079597757,0.0
smc/smc_087/track.npy,smc,0.6298342541436464,0.45575062043763026,0.7064031917460667,0.5810769060918485,0.0,0.0,0.17355371900826447,0.8512396694214877,nan,nan,nan,nan,nan,nan,nan,nan,136.0,0.0,0.0,0.13514802367422266,34.0,0.0,0.0,0.03374483419349813,0.0
smc/smc_088/track.npy,smc,0.3121387283236995,0.2045665607108818,0.2977827147376969,0.2511746377242894,0.0,0.0,0.0,0.0,nan,nan,nan,nan,nan,nan,nan,nan,169.0,0.13095238095238096,0.4107142857142857,0.5968980328529454,52.0,0.0,0.058823529411764705,1.0414538748281656,0.0
smc/smc_089/track.npy,smc,0.4266666666666667,0.31088962294464206,0.4663344344169631,0.3886120286808026,0.0,0.0,1.0,1.0,nan,nan,nan,nan,nan,nan,nan,nan,29.0,0.0,0.0,0.15079988675309453,14.0,0.0,0.0,0.8871051558592412,0.0
smc/smc_092/track.npy,smc,0.9530201342281879,0.8132146817260678,0.8132146817260678,0.8132146817260678,0.6933333333333334,0.9333333333333333,0.6933333333333334,0.9333333333333333,nan,nan,nan,nan,nan,nan,nan,nan,86.0,0.0,0.0,0.12783337150988605,21.0,0.0,0.0,0.20844177391761237,0.0
smc/smc_093/track.npy,smc,0.7948717948717949,0.6291368892688985,0.6291368892688985,0.6291368892688985,0.4125,0.7375,0.4125,0.7375,nan,nan,nan,nan,nan,nan,nan,nan,92.0,0.0,0.0,0.23396349580685222,25.0,0.0,0.0,1.4798853008701827,0.0
smc/smc_095/track.npy,smc,0.7920792079207921,0.5978878492056272,0.5978878492056272,0.5978878492056272,0.2962962962962963,0.6481481481481481,0.2962962962962963,0.6481481481481481,nan,nan,nan,nan,nan,nan,nan,nan,61.0,0.0,0.0,0.7504019226832689,18.0,0.0,0.0,0.095449473965425,0.0
smc/smc_096/track.npy,smc,0.9516129032258065,0.6576651705654204,0.6576651705654204,0.6576651705654204,0.8548387096774194,0.9838709677419355,0.8548387096774194,0.9838709677419355,nan,nan,nan,nan,nan,nan,nan,nan,71.0,0.0,0.0,0.07095708185858567,47.0,0.0,0.0,0.7436744864103406,0.0
smc/smc_098/track.npy,smc,0.5106382978723404,0.4255361893305647,0.4255361893305647,0.4255361893305647,0.17391304347826086,0.2826086956521739,0.17391304347826086,0.2826086956521739,nan,nan,nan,nan,nan,nan,nan,nan,100.0,0.010101010101010102,0.23232323232323232,0.43615358497015044,37.0,0.0,0.0,0.7436423213119735,0.0
smc/smc_099/track.npy,smc,0.40860215053763443,0.287182712997576,0.4275488994837976,0.3573658062406868,0.016666666666666666,0.05,0.3384615384615385,0.6461538461538462,nan,nan,nan,nan,nan,nan,nan,nan,69.0,0.0,0.0,0.48389344805968676,21.0,0.0,0.0,0.7398833680701502,0.0
smc/smc_100/track.npy,smc,0.4444444444444445,0.3327314675715845,0.5034235696182113,0.41807751859489795,0.0,0.0,0.1625,0.55,nan,nan,nan,nan,nan,nan,nan,nan,89.0,0.0,0.011363636363636364,0.7505762391245596,25.0,0.0,0.0,1.8275297831204487,0.0
smc/smc_101/track.npy,smc,0.6067415730337079,0.4611382351958977,0.4611382351958977,0.4611382351958977,0.1016949152542373,0.1864406779661017,0.1016949152542373,0.1864406779661017,nan,nan,nan,nan,nan,nan,nan,nan,33.0,0.0,0.0,0.894555230528242,22.0,0.0,0.0,0.7966565109150568,0.0
smc/smc_103/track.npy,smc,0.6071428571428571,0.4526736808232101,0.4526736808232101,0.4526736808232101,0.20689655172413793,0.603448275862069,0.20689655172413793,0.603448275862069,nan,nan,nan,nan,nan,nan,nan,nan,67.0,0.0,0.0,0.49608875741832625,18.0,0.0,0.0,0.7511068380155563,0.0
smc/smc_104/track.npy,smc,0.5789473684210528,0.3854893106598077,0.3854893106598077,0.3854893106598077,0.1794871794871795,0.4358974358974359,0.1794871794871795,0.4358974358974359,nan,nan,nan,nan,nan,nan,nan,nan,43.0,0.0,0.0,1.1952391243571892,15.0,0.0,0.0,1.3016772774482734,0.0
smc/smc_105/track.npy,smc,0.2521008403361344,0.16116308981623054,0.20990008416936376,0.18553158699279715,0.0410958904109589,0.0958904109589041,0.06521739130434782,0.1956521739130435,nan,nan,nan,nan,nan,nan,nan,nan,51.0,0.0,0.0,0.7909863101112155,14.0,0.0,0.0,1.0203385531099995,0.0
smc/smc_106/track.npy,smc,0.42990654205607476,0.2851895545549009,0.3820035925023877,0.3335965735286443,0.014084507042253521,0.014084507042253521,0.2112676056338028,0.5492957746478874,nan,nan,nan,nan,nan,nan,nan,nan,80.0,0.0,0.0,0.2996884786028116,23.0,0.0,0.0,0.7037292898904858,0.0
smc/smc_109/track.npy,smc,0.6097560975609756,0.501158039201718,0.501158039201718,0.501158039201718,0.4772727272727273,0.5681818181818182,0.4772727272727273,0.5681818181818182,nan,nan,nan,nan,nan,nan,nan,nan,50.0,0.0,0.0,0.14277655835593916,19.0,0.0,0.0,0.43300749565654983,0.0
smc/smc_111/track.npy,smc,0.4680851063829787,0.38730852540018784,0.38730852540018784,0.38730852540018784,0.10416666666666667,0.2916666666666667,0.10416666666666667,0.2916666666666667,nan,nan,nan,nan,nan,nan,nan,nan,52.0,0.0,0.0,1.0329330279877214,21.0,0.0,0.0,1.8555742866087923,0.0
smc/smc_113/track.npy,smc,0.4859813084112149,0.3311374965226139,0.3311374965226139,0.3311374965226139,0.0,0.0,0.0,0.0,nan,nan,nan,nan,nan,nan,nan,nan,88.0,0.0,0.0,0.13896534053281012,17.0,0.0,0.0,0.6903157475842268,0.0
smc/smc_114/track.npy,smc,0.47619047619047616,0.386088098460136,0.386088098460136,0.386088098460136,0.30434782608695654,0.3695652173913043,0.30434782608695654,0.3695652173913043,nan,nan,nan,nan,nan,nan,nan,nan,56.0,0.0,0.0,0.740753259677113,14.0,0.0,0.0,1.4477354525695911,0.0
smc/smc_116/track.npy,smc,0.19801980198019803,0.1521761653198171,0.16875495428907994,0.16046555980444852,0.0,0.0,0.016129032258064516,0.03225806451612903,nan,nan,nan,nan,nan,nan,nan,nan,77.0,0.0,0.013157894736842105,0.7419313578854475,35.0,0.0,0.0,1.2319996509888818,0.0
smc/smc_117/track.npy,smc,0.4842105263157894,0.37517924222666793,0.37517924222666793,0.37517924222666793,0.05,0.21666666666666667,0.05,0.21666666666666667,nan,nan,nan,nan,nan,nan,nan,nan,67.0,0.0,0.0,0.8266898914333486,23.0,0.0,0.0,1.6376087894007927,0.0
smc/smc_118/track.npy,smc,0.3505154639175258,0.24692355198551513,0.31306377485638737,0.2799936634209512,0.015625,0.015625,0.06153846153846154,0.26153846153846155,nan,nan,nan,nan,nan,nan,nan,nan,73.0,0.0,0.0,0.6652240556131233,38.0,0.0,0.0,1.1798476649648824,0.0
smc/smc_119/track.npy,smc,0.22222222222222224,0.18292583088385833,0.21871348190850962,0.200819656396184,0.0,0.0,0.0,0.0,nan,nan,nan,nan,nan,nan,nan,nan,117.0,0.0,0.034482758620689655,0.2039642693825166,31.0,0.0,0.03333333333333333,0.8117372098479634,0.0
smc/smc_120/track.npy,smc,0.9532710280373832,0.7723436572090446,0.7723436572090446,0.7723436572090446,0.9814814814814815,0.9814814814814815,0.9814814814814815,0.9814814814814815,nan,nan,nan,nan,nan,nan,nan,nan,62.0,0.0,0.0,0.1117323962049288,31.0,0.0,0.0,0.7183980741630758,0.0
smc/smc_121/track.npy,smc,0.41935483870967744,0.2852399446495918,0.4529324585096865,0.3690862015796391,0.023809523809523808,0.023809523809523808,0.35714285714285715,0.8333333333333334,nan,nan,nan,nan,nan,nan,nan,nan,48.0,0.0,0.0,0.6851315151025665,17.0,0.0,0.0,0.8533110389853217,0.0
smc/smc_124/track.npy,smc,0.5263157894736842,0.34402214166825373,0.34402214166825373,0.34402214166825373,0.6842105263157895,0.9736842105263158,0.6842105263157895,0.9736842105263158,nan,nan,nan,nan,nan,nan,nan,nan,44.0,0.0,0.0,0.07771165109453733,22.0,0.0,0.0,0.06798182660074291,0.0
smc/smc_126/track.npy,smc,0.9473684210526315,0.7650366365738496,0.7650366365738496,0.7650366365738496,1.0,1.0,1.0,1.0,nan,nan,nan,nan,nan,nan,nan,nan,46.0,0.0,0.0,0.7737746153867563,16.0,0.0,0.0,0.7234358341509589,0.0
smc/smc_127/track.npy,smc,0.31168831168831174,0.23189018045839188,0.24366294135543615,0.23777656090691401,0.13043478260869565,0.2391304347826087,0.13043478260869565,0.2391304347826087,nan,nan,nan,nan,nan,nan,nan,nan,50.0,0.0,0.0,0.7411427927422847,11.0,0.0,0.0,1.04677214164096,0.0
smc/smc_130/track.npy,smc,0.49350649350649345,0.34955857686883013,0.3529998631667945,0.3512792200178123,0.038461538461538464,0.11538461538461539,0.07692307692307693,0.2692307692307692,nan,nan,nan,nan,nan,nan,nan,nan,57.0,0.0,0.0,0.8267354498268825,23.0,0.0,0.0,1.2443240998495049,0.0
smc/smc_133/track.npy,smc,0.3333333333333333,0.2470675254474836,0.2819813380651315,0.2645244317563075,0.0,0.0,0.008064516129032258,0.008064516129032258,nan,nan,nan,nan,nan,nan,nan,nan,140.0,0.007194244604316547,0.06474820143884892,0.3727524662233465,45.0,0.0,0.022727272727272728,0.1267166593644442,0.0
smc/smc_135/track.npy,smc,0.888888888888889,0.6869152701443879,0.6869152701443879,0.6869152701443879,0.5,0.8913043478260869,0.5,0.8913043478260869,nan,nan,nan,nan,nan,nan,nan,nan,49.0,0.0,0.0,0.3153196656179512,20.0,0.0,0.0,1.1290712400350915,0.0
smc/smc_137/track.npy,smc,0.954248366013072,0.7373365717503739,0.7373365717503739,0.7373365717503739,0.8974358974358975,0.9230769230769231,0.8974358974358975,0.9230769230769231,nan,nan,nan,nan,nan,nan,nan,nan,88.0,0.0,0.0,0.21130909366722195,29.0,0.0,0.0,1.0238906207145608,0.0
smc/smc_139/track.npy,smc,0.28571428571428575,0.18866693814122348,0.3394733611930899,0.2640701496671567,0.0,0.0,0.10666666666666667,0.21333333333333335,nan,nan,nan,nan,nan,nan,nan,nan,86.0,0.0,0.011764705882352941,0.7205461547480599,33.0,0.0,0.0,1.8897746271808802,0.0
smc/smc_140/track.npy,smc,0.4105960264900662,0.3312428978857061,0.3312428978857061,0.3312428978857061,0.13186813186813187,0.27472527472527475,0.13186813186813187,0.27472527472527475,nan,nan,nan,nan,nan,nan,nan,nan,105.0,0.0,0.09615384615384616,0.5301747355456344,43.0,0.0,0.07142857142857142,1.8822370541941669,0.0
smc/smc_142/track.npy,smc,0.3958333333333333,0.23056493128091696,0.23056493128091696,0.23056493128091696,0.11320754716981132,0.24528301886792453,0.11320754716981132,0.24528301886792453,nan,nan,nan,nan,nan,nan,nan,nan,63.0,0.0,0.0,0.6931471805599522,22.0,0.0,0.0,1.1120112004481586,0.0
smc/smc_143/track.npy,smc,0.6346153846153846,0.49098368601176534,0.49098368601176534,0.49098368601176534,0.34615384615384615,0.9038461538461539,0.34615384615384615,0.9038461538461539,nan,nan,nan,nan,nan,nan,nan,nan,59.0,0.0,0.0,0.0574948310765483,18.0,0.0,0.0,0.6801631982887997,0.0
smc/smc_146/track.npy,smc,0.696969696969697,0.5232107148807963,0.5232107148807963,0.5232107148807963,0.48484848484848486,0.8484848484848485,0.48484848484848486,0.8484848484848485,nan,nan,nan,nan,nan,nan,nan,nan,38.0,0.0,0.0,0.2610138253696202,21.0,0.0,0.0,1.153579265721507,0.0
smc/smc_147/track.npy,smc,0.4077669902912621,0.26230459144803187,0.34220231154641434,0.3022534514972231,0.017241379310344827,0.05172413793103448,0.017543859649122806,0.05217391304347826,nan,nan,nan,nan,nan,nan,nan,nan,51.0,0.0,0.0,0.806604835339123,18.0,0.0,0.0,1.9147429788556207,0.0
smc/smc_148/track.npy,smc,0.22222222222222224,0.18311801288907956,0.19538446647197483,0.1892512396805272,0.03571428571428571,0.10714285714285714,0.03571428571428571,0.10714285714285714,nan,nan,nan,nan,nan,nan,nan,nan,65.0,0.0,0.015625,0.9353052517503389,21.0,0.0,0.0,0.9499830062183857,0.0
smc/smc_149/track.npy,smc,0.3,0.22817225229984486,0.332649669829461,0.2804109610646529,0.07017543859649122,0.21052631578947367,0.21052631578947367,0.24561403508771928,nan,nan,nan,nan,nan,nan,nan,nan,64.0,0.0,0.0,0.2789370522709051,32.0,0.0,0.0,1.1667674602518203,0.0
smc/smc_150/track.npy,smc,0.9770992366412213,0.7576768279404982,0.7576768279404982,0.7576768279404982,0.5223880597014925,0.9402985074626866,0.5223880597014925,0.9402985074626866,nan,nan,nan,nan,nan,nan,nan,nan,77.0,0.0,0.0,0.06222592488142939,24.0,0.0,0.0,0.6926593718126737,0.0
smc/smc_151/track.npy,smc,0.8074534161490684,0.5905452734117603,0.5905452734117603,0.5905452734117603,0.40476190476190477,0.75,0.40476190476190477,0.75,nan,nan,nan,nan,nan,nan,nan,nan,97.0,0.0,0.0,0.21781821961413572,50.0,0.0,0.0,1.0758221186759722,0.0
smc/smc_152/track.npy,smc,0.6666666666666667,0.5176626894824865,0.5176626894824865,0.5176626894824865,0.125,0.2708333333333333,0.125,0.2708333333333333,nan,nan,nan,nan,nan,nan,nan,nan,31.0,0.0,0.0,1.0000243590238709,18.0,0.0,0.0,0.6041738562037444,0.0
smc/smc_153/track.npy,smc,0.5350318471337581,0.3789111384715933,0.6677383039070136,0.5233247211893035,0.0,0.0,0.11009174311926606,0.6422018348623854,nan,nan,nan,nan,nan,nan,nan,nan,117.0,0.0,0.0,0.6613984822453661,24.0,0.0,0.0,2.4245213098911704,0.0
smc/smc_154/track.npy,smc,0.40404040404040403,0.28682473360208627,0.28682473360208627,0.28682473360208627,0.04477611940298507,0.11940298507462686,0.04477611940298507,0.11940298507462686,nan,nan,nan,nan,nan,nan,nan,nan,73.0,0.0,0.027777777777777776,1.0797421246766872,18.0,0.0,0.0,1.288315842437437,0.0
smc/smc_157/track.npy,smc,0.6067415730337078,0.36409922509331827,0.36409922509331827,0.36409922509331827,0.5111111111111111,0.8444444444444444,0.5111111111111111,0.8444444444444444,nan,nan,nan,nan,nan,nan,nan,nan,52.0,0.0,0.0,0.11772358986354835,18.0,0.0,0.0,1.2784979808352126,0.0
smc/smc_158/track.npy,smc,0.2571428571428572,0.21586604938195988,0.2819098439868269,0.2488879466843934,0.0851063829787234,0.1276595744680851,0.0851063829787234,0.1276595744680851,nan,nan,nan,nan,nan,nan,nan,nan,55.0,0.0,0.0,1.26163951257848,15.0,0.0,0.0,1.3963375868752108,0.0
smc/smc_159/track.npy,smc,0.4444444444444444,0.2912194586199859,0.4368291879299788,0.36402432327498235,0.0,0.0,1.0,1.0,nan,nan,nan,nan,nan,nan,nan,nan,31.0,0.0,0.0,0.2793898240025736,17.0,0.0,0.0,0.810714709059946,0.0
smc/smc_161/track.npy,smc,0.5783132530120482,0.3976179718328068,0.3976179718328068,0.3976179718328068,0.3333333333333333,0.4583333333333333,0.3333333333333333,0.4583333333333333,nan,nan,nan,nan,nan,nan,nan,nan,53.0,0.0,0.0,0.6630271403712684,20.0,0.0,0.0,1.1559934363678226,0.0
smc/smc_166/track.npy,smc,0.9032258064516129,0.7121808186508812,0.7121808186508812,0.7121808186508812,0.9361702127659575,0.9361702127659575,0.9361702127659575,0.9361702127659575,nan,nan,nan,nan,nan,nan,nan,nan,61.0,0.0,0.0,0.15491991438957434,18.0,0.0,0.0,0.05413273288992995,0.0
smc/smc_167/track.npy,smc,0.3225806451612903,0.266768044572223,0.35002683750842417,0.30839744104032357,0.024390243902439025,0.024390243902439025,0.17073170731707318,0.5609756097560976,nan,nan,nan,nan,nan,nan,nan,nan,47.0,0.0,0.0,0.6382140029060421,17.0,0.0,0.0,0.7785306927686177,0.0
smc/smc_168/track.npy,smc,0.2807017543859649,0.23487929409612232,0.3667399900664543,0.3008096420812883,0.0,0.0,0.34210526315789475,0.7631578947368421,nan,nan,nan,nan,nan,nan,nan,nan,44.0,0.0,0.0,0.1918509956646026,20.0,0.0,0.0,0.9508754835686607,0.0
smc/smc_169/track.npy,smc,0.7272727272727274,0.6175079920088687,0.6175079920088687,0.6175079920088687,0.14432989690721648,0.36082474226804123,0.14432989690721648,0.36082474226804123,nan,nan,nan,nan,nan,nan,nan,nan,79.0,0.0,0.0,0.698342277840607,23.0,0.0,0.0,1.0608719606852595,0.0
smc/smc_170/track.npy,smc,0.8735632183908046,0.6462189209212974,0.6462189209212974,0.6462189209212974,0.9545454545454546,0.9545454545454546,0.9545454545454546,0.9545454545454546,nan,nan,nan,nan,nan,nan,nan,nan,50.0,0.0,0.0,0.09922771240941008,21.0,0.0,0.0,1.3434851320458983,0.0
smc/smc_171/track.npy,smc,0.5,0.3970919860414615,0.6121786398918379,0.5046353129666497,0.0,0.0,0.6774193548387096,0.8225806451612904,nan,nan,nan,nan,nan,nan,nan,nan,71.0,0.0,0.0,0.09312676147223743,23.0,0.0,0.0,1.1044432089789016,0.0
smc/smc_172/track.npy,smc,0.3846153846153846,0.27209309086996947,0.27209309086996947,0.27209309086996947,0.016666666666666666,0.016666666666666666,0.016666666666666666,0.03333333333333333,nan,nan,nan,nan,nan,nan,nan,nan,70.0,0.0,0.0,0.7176783937487974,31.0,0.0,0.0,1.1002626193002034,0.0
smc/smc_173/track.npy,smc,0.3818181818181818,0.26818716978898355,0.44178735245669903,0.3549872611228413,0.0,0.0,0.05813953488372093,0.09302325581395349,nan,nan,nan,nan,nan,nan,nan,nan,97.0,0.0,0.0,0.6822720535234044,27.0,0.0,0.0,1.0703512542419107,0.0
smc/smc_174/track.npy,smc,0.34343434343434337,0.258656134379608,0.29177129339605723,0.2752137138878326,0.03773584905660377,0.24528301886792453,0.03773584905660377,0.24528301886792453,nan,nan,nan,nan,nan,nan,nan,nan,68.0,0.0,0.0,0.7031021389508963,25.0,0.0,0.0,1.690106020093965,0.0
smc/smc_175/track.npy,smc,0.3902439024390244,0.2237342960840827,0.2237342960840827,0.2237342960840827,0.17391304347826086,0.30434782608695654,0.17391304347826086,0.30434782608695654,nan,nan,nan,nan,nan,nan,nan,nan,26.0,0.0,0.0,0.4041518210705712,11.0,0.0,0.0,0.19410101135870586,0.0
smc/smc_176/track.npy,smc,0.5813953488372093,0.4376306265630369,0.4376306265630369,0.4376306265630369,0.2222222222222222,0.4222222222222222,0.2222222222222222,0.4222222222222222,nan,nan,nan,nan,nan,nan,nan,nan,45.0,0.0,0.0,0.6149624153117366,15.0,0.0,0.0,1.2599850910985335,0.0
smc/smc_178/track.npy,smc,0.4235294117647058,0.2899355669773029,0.2899355669773029,0.2899355669773029,0.0,0.0,0.0,0.0,nan,nan,nan,nan,nan,nan,nan,nan,74.0,0.0,0.0,0.14277168846767213,24.0,0.0,0.0,0.1686705484016035,0.0
smc/smc_179/track.npy,smc,0.5142857142857143,0.36616939335642734,0.5779085931317034,0.4720389932440654,0.0,0.0,0.5306122448979592,0.673469387755102,nan,nan,nan,nan,nan,nan,nan,nan,55.0,0.0,0.0,0.6563258127341685,23.0,0.0,0.0,1.0116009116784848,0.0
smc/smc_181/track.npy,smc,0.4122137404580152,0.25843153002926894,0.25843153002926894,0.25843153002926894,0.01020408163265306,0.01020408163265306,0.01020408163265306,0.01020408163265306,nan,nan,nan,nan,nan,nan,nan,nan,112.0,0.0,0.0,0.08996044571739137,39.0,0.0,0.0,0.5720652032309609,0.0
smc/smc_182/track.npy,smc,0.8048780487804877,0.5968806966550229,0.5968806966550229,0.5968806966550229,0.5365853658536586,0.9512195121951219,0.5365853658536586,0.9512195121951219,nan,nan,nan,nan,nan,nan,nan,nan,48.0,0.0,0.0,0.2336148511815055,12.0,0.0,0.0,0.20533242167190235,0.0
smc/smc_184/track.npy,smc,0.7941176470588235,0.6160940999223609,0.6160940999223609,0.6160940999223609,0.6176470588235294,0.8823529411764706,0.6176470588235294,0.8823529411764706,nan,nan,nan,nan,nan,nan,nan,nan,38.0,0.0,0.0,0.22398957581027246,16.0,0.0,0.0,1.0191922540137102,0.0
smc/smc_187/track.npy,smc,0.2909090909090909,0.25591358467670183,0.27223487344780706,0.2640742290622544,0.1388888888888889,0.16666666666666666,0.21621621621621623,0.2702702702702703,nan,nan,nan,nan,nan,nan,nan,nan,42.0,0.0,0.0,0.8644479482777148,13.0,0.0,0.0,0.8051440155452787,0.0
smc/smc_188/track.npy,smc,0.9473684210526316,0.7314279126453188,0.7314279126453188,0.7314279126453188,0.9655172413793104,0.9655172413793104,0.9655172413793104,0.9655172413793104,nan,nan,nan,nan,nan,nan,nan,nan,33.0,0.0,0.0,0.10646099862133625,14.0,0.0,0.0,0.33656238291020374,0.0
smc/smc_190/track.npy,smc,0.47916666666666674,0.38200384446594154,0.5022647087627362,0.4421342766143389,0.0,0.0,0.4393939393939394,0.6515151515151515,nan,nan,nan,nan,nan,nan,nan,nan,76.0,0.0,0.0,0.4682348404837613,25.0,0.0,0.0,0.9731526990280682,0.0
smc/smc_192/track.npy,smc,0.34782608695652173,0.22536025946238034,0.24274613916758944,0.2340531993149849,0.10714285714285714,0.17857142857142858,0.17142857142857143,0.2571428571428571,nan,nan,nan,nan,nan,nan,nan,nan,32.0,0.0,0.0,0.5304705691971349,9.0,0.0,0.0,0.32188244750277206,0.0
smc/smc_193/track.npy,smc,0.3167420814479638,0.20606111878806266,0.2844778979790534,0.24526950838355802,0.011235955056179775,0.02247191011235955,0.011235955056179775,0.02247191011235955,nan,nan,nan,nan,nan,nan,nan,nan,185.0,0.33695652173913043,0.7065217391304348,0.6579837824883445,39.0,0.02631578947368421,0.02631578947368421,2.008246060142275,0.0
smc/smc_194/track.npy,smc,0.11940298507462688,0.0830207028212259,0.09257322746799579,0.08779696514461084,0.05714285714285714,0.17142857142857143,0.058823529411764705,0.17142857142857143,nan,nan,nan,nan,nan,nan,nan,nan,41.0,0.0,0.0,0.9180925824244222,17.0,0.0,0.0,0.6974860243366956,0.0
smc/smc_195/track.npy,smc,0.3218390804597701,0.2516200309477666,0.3172600086047785,0.28444001977627253,0.0,0.0,0.3269230769230769,0.3269230769230769,nan,nan,nan,nan,nan,nan,nan,nan,60.0,0.0,0.01694915254237288,1.0658715213565302,22.0,0.0,0.0,1.3958658847555605,0.0
smc/smc_197/track.npy,smc,0.23255813953488375,0.15348021190970346,0.15348021190970346,0.15348021190970346,0.0,0.0,0.015384615384615385,0.015384615384615385,nan,nan,nan,nan,nan,nan,nan,nan,74.0,0.0,0.0,0.15808556937297497,24.0,0.0,0.0,0.17410132882621898,0.0
smc/smc_198/track.npy,smc,0.7413793103448276,0.557442897005359,0.557442897005359,0.557442897005359,0.6212121212121212,0.6212121212121212,0.6212121212121212,0.6212121212121212,nan,nan,nan,nan,nan,nan,nan,nan,79.0,0.0,0.0,0.07427476878240387,24.0,0.0,0.0,0.7769164300230132,0.0
smc/smc_199/track.npy,smc,0.21666666666666667,0.14394007706621018,0.23565374479435292,0.18979691093028156,0.0,0.0,0.15,0.2625,nan,nan,nan,nan,nan,nan,nan,nan,94.0,0.0,0.021505376344086023,0.6176445991931667,42.0,0.0,0.0,1.3784535451942177,0.0
smc/smc_202/track.npy,smc,0.14285714285714285,0.10704867719823837,0.1221019165809691,0.11457529688960373,0.02631578947368421,0.07894736842105263,0.05263157894736842,0.13157894736842105,nan,nan,nan,nan,nan,nan,nan,nan,43.0,0.0,0.0,0.4554755286828337,20.0,0.0,0.0,1.106856918631217,0.0
smc/smc_203/track.npy,smc,0.22000000000000003,0.14562978584295513,0.20007629923145262,0.17285304253720388,0.03278688524590164,0.11475409836065574,0.09090909090909091,0.18181818181818182,nan,nan,nan,nan,nan,nan,nan,nan,67.0,0.0,0.0,0.6568897292965835,20.0,0.0,0.0,1.432050981317579,0.0
smc/smc_204/track.npy,smc,0.36363636363636365,0.25085622812751607,0.3459165849549207,0.2983864065412184,0.018018018018018018,0.018018018018018018,0.018018018018018018,0.05405405405405406,nan,nan,nan,nan,nan,nan,nan,nan,129.0,0.0390625,0.21875,0.6931471805599433,61.0,0.0,0.06666666666666667,1.223337927168176,0.0
smc/smc_205/track.npy,smc,0.5671641791044776,0.4601396664960495,0.7109423293785542,0.5855409979373019,0.0,0.0,0.45652173913043476,0.75,nan,nan,nan,nan,nan,nan,nan,nan,105.0,0.0,0.0,0.2998192855520956,33.0,0.0,0.0,1.4592317463815867,0.0
smc/smc_206/track.npy,smc,0.49523809523809526,0.42286083136488,0.5443499111268703,0.4836053712458751,0.07042253521126761,0.08450704225352113,0.323943661971831,0.5211267605633803,nan,nan,nan,nan,nan,nan,nan,nan,76.0,0.0,0.013333333333333334,0.6054051020185897,26.0,0.0,0.0,1.5408450904383404,0.0
smc/smc_207/track.npy,smc,0.9104477611940298,0.7079843627010618,0.7079843627010618,0.7079843627010618,0.582089552238806,0.9850746268656716,0.582089552238806,0.9850746268656716,nan,nan,nan,nan,nan,nan,nan,nan,77.0,0.0,0.0,0.10011793274346847,20.0,0.0,0.0,0.4713377129016754,0.0
smc/smc_208/track.npy,smc,0.6857142857142857,0.4468974268412634,0.4468974268412634,0.4468974268412634,0.3333333333333333,0.5897435897435898,0.3333333333333333,0.5897435897435898,nan,nan,nan,nan,nan,nan,nan,nan,44.0,0.0,0.0,0.33354361083737094,25.0,0.0,0.0,0.89724253690346,0.0
smc/smc_209/track.npy,smc,0.5365853658536585,0.36869803413115626,0.36869803413115626,0.36869803413115626,0.3333333333333333,0.8333333333333334,0.3333333333333333,0.8333333333333334,nan,nan,nan,nan,nan,nan,nan,nan,47.0,0.0,0.0,0.19676947155664326,15.0,0.0,0.0,0.48300141192342,0.0
smc/smc_211/track.npy,smc,0.5154639175257733,0.34223795458103934,0.34223795458103934,0.34223795458103934,0.5918367346938775,0.6326530612244898,0.5918367346938775,0.6326530612244898,nan,nan,nan,nan,nan,nan,nan,nan,56.0,0.0,0.0,0.533630077947829,18.0,0.0,0.0,1.3877518876348343,0.0
smc/smc_212/track.npy,smc,0.25,0.19358956333974237,0.19358956333974237,0.19358956333974237,0.017857142857142856,0.03571428571428571,0.07142857142857142,0.10714285714285714,nan,nan,nan,nan,nan,nan,nan,nan,67.0,0.0,0.0,1.121676202492707,19.0,0.0,0.0,1.6776986050655154,0.0
smc/smc_213/track.npy,smc,0.3300970873786408,0.2634805310600866,0.3933781232883361,0.32842932717421136,0.1076923076923077,0.1076923076923077,0.26666666666666666,0.4666666666666667,nan,nan,nan,nan,nan,nan,nan,nan,72.0,0.0,0.0,0.5011273403809761,20.0,0.0,0.0,0.262602174826567,0.0
smc/smc_214/track.npy,smc,0.5599999999999999,0.39088730627295826,0.39088730627295826,0.39088730627295826,0.4230769230769231,0.6153846153846154,0.4230769230769231,0.6153846153846154,nan,nan,nan,nan,nan,nan,nan,nan,30.0,0.0,0.0,0.3490671302413596,12.0,0.0,0.0,0.6161485508776035,0.0
smc/smc_215/track.npy,smc,0.7647058823529412,0.5558348730109091,0.5558348730109091,0.5558348730109091,0.4,0.8285714285714286,0.4,0.8285714285714286,nan,nan,nan,nan,nan,nan,nan,nan,40.0,0.0,0.0,0.39173510566565145,23.0,0.0,0.0,0.5136786927483956,0.0
smc/smc_216/track.npy,smc,0.717948717948718,0.5707551241308394,0.5707551241308394,0.5707551241308394,0.3333333333333333,0.7142857142857143,0.3333333333333333,0.7142857142857143,nan,nan,nan,nan,nan,nan,nan,nan,53.0,0.0,0.0,0.8053987659750701,19.0,0.0,0.0,1.382027684339603,0.0
smc/smc_217/track.npy,smc,0.7741935483870968,0.5216426171561201,0.5216426171561201,0.5216426171561201,1.0,1.0,1.0,1.0,nan,nan,nan,nan,nan,nan,nan,nan,36.0,0.0,0.0,0.15225286826008874,18.0,0.0,0.0,0.15039620705874832,0.0
smc/smc_219/track.npy,smc,0.7647058823529412,0.6383568293033537,0.6383568293033537,0.6383568293033537,0.3584905660377358,0.7547169811320755,0.3584905660377358,0.7547169811320755,nan,nan,nan,nan,nan,nan,nan,nan,61.0,0.0,0.0,0.24574165505777956,25.0,0.0,0.0,0.7280162060617503,0.0
smc/smc_220/track.npy,smc,0.47674418604651164,0.3291492503174829,0.3291492503174829,0.3291492503174829,0.0,0.0,0.0,0.0,nan,nan,nan,nan,nan,nan,nan,nan,147.0,0.0136986301369863,0.03424657534246575,0.2215498141816552,49.0,0.0,0.0,0.33980136234984154,0.0
smc/smc_221/track.npy,smc,0.2765957446808511,0.16040105842793032,0.22095310437461968,0.19067708140127498,0.0,0.0,0.140625,0.34375,nan,nan,nan,nan,nan,nan,nan,nan,70.0,0.0,0.0,0.9844329654128453,25.0,0.0,0.0,1.3679138618681117,0.0
smc/smc_222/track.npy,smc,0.33628318584070793,0.26134497852165917,0.2690243156857809,0.26518464710372003,0.0,0.0,0.011363636363636364,0.011363636363636364,nan,nan,nan,nan,nan,nan,nan,nan,101.0,0.0,0.01,0.3053816495511763,35.0,0.0,0.029411764705882353,1.6710944122478033,0.0
smc/smc_223/track.npy,smc,0.43478260869565216,0.30715000551553767,0.3598498006169218,0.33349990306622973,0.036585365853658534,0.036585365853658534,0.13414634146341464,0.17073170731707318,nan,nan,nan,nan,nan,nan,nan,nan,89.0,0.0,0.20454545454545456,0.512893087635788,27.0,0.0,0.0,1.1699837115563052,0.0
smc/smc_224/track.npy,smc,0.27096774193548384,0.1740108703106807,0.2713037968217523,0.2226573335662165,0.00847457627118644,0.00847457627118644,0.00847457627118644,0.00847457627118644,nan,nan,nan,nan,nan,nan,nan,nan,139.0,0.050724637681159424,0.2463768115942029,0.6931471805599452,33.0,0.0,0.0625,1.5998354225160731,0.0
smc/smc_225/track.npy,smc,0.4356435643564356,0.3156281163788737,0.3156281163788737,0.3156281163788737,0.0,0.0,0.013157894736842105,0.013157894736842105,nan,nan,nan,nan,nan,nan,nan,nan,88.0,0.0,0.0,0.30961616319971774,32.0,0.0,0.0,0.9526583760450305,0.0
smc/smc_226/track.npy,smc,0.4761904761904762,0.3852931883686506,0.3852931883686506,0.3852931883686506,0.2692307692307692,0.28846153846153844,0.2692307692307692,0.28846153846153844,nan,nan,nan,nan,nan,nan,nan,nan,56.0,0.0,0.0,0.672510526655476,17.0,0.0,0.0,1.108247460438089,0.0
smc/smc_227/track.npy,smc,0.46376811594202894,0.33091240925239407,0.33091240925239407,0.33091240925239407,0.34210526315789475,0.42105263157894735,0.34210526315789475,0.42105263157894735,nan,nan,nan,nan,nan,nan,nan,nan,38.0,0.0,0.0,0.8551388722648394,11.0,0.0,0.0,0.5809230965126454,0.0
smc/smc_229/track.npy,smc,0.9318181818181818,0.6935903289089377,0.6935903289089377,0.6935903289089377,1.0,1.0,1.0,1.0,nan,nan,nan,nan,nan,nan,nan,nan,54.0,0.0,0.0,0.08920448088388286,18.0,0.0,0.0,1.5449492847578097,0.0
smc/smc_232/track.npy,smc,0.7945205479452054,0.5348674375357638,0.5348674375357638,0.5348674375357638,0.2073170731707317,0.47560975609756095,0.2073170731707317,0.47560975609756095,nan,nan,nan,nan,nan,nan,nan,nan,95.0,0.0,0.0,0.23746556629590942,29.0,0.0,0.0,1.0868137257098944,0.0
smc/smc_235/track.npy,smc,0.30601092896174864,0.25372990244406946,0.3242546855466699,0.2889922939953697,0.0,0.0,0.006802721088435374,0.006802721088435374,nan,nan,nan,nan,nan,nan,nan,nan,165.0,0.06097560975609756,0.2073170731707317,0.603058637703643,52.0,0.0,0.0392156862745098,1.6857463233901178,0.0
smc/smc_236/track.npy,smc,0.326241134751773,0.26323887613646396,0.26323887613646396,0.26323887613646396,0.0,0.0,0.0,0.0,nan,nan,nan,nan,nan,nan,nan,nan,128.0,0.007874015748031496,0.047244094488188976,0.5953244167922498,45.0,0.0,0.022727272727272728,1.4637677754435074,0.0
smc/smc_237/track.npy,smc,0.48101265822784817,0.31817749807087325,0.31817749807087325,0.31817749807087325,0.34146341463414637,0.7317073170731707,0.34146341463414637,0.7317073170731707,nan,nan,nan,nan,nan,nan,nan,nan,45.0,0.0,0.0,0.6591034748952607,19.0,0.0,0.0,1.2289456263323448,0.0
smc/smc_239/track.npy,smc,0.3548387096774193,0.2583342169078246,0.2583342169078246,0.2583342169078246,0.23529411764705882,0.4411764705882353,0.23529411764705882,0.4411764705882353,nan,nan,nan,nan,nan,nan,nan,nan,37.0,0.0,0.0,0.7843736748175298,13.0,0.0,0.0,1.0772422253967129,0.0
smc/smc_241/track.npy,smc,0.26,0.21273056914025276,0.21273056914025276,0.21273056914025276,0.24561403508771928,0.47368421052631576,0.24561403508771928,0.47368421052631576,nan,nan,nan,nan,nan,nan,nan,nan,69.0,0.0,0.0,0.5692785942005189,23.0,0.0,0.0,1.4384801142904604,0.0
smc/smc_242/track.npy,smc,0.6888888888888889,0.5534049043689451,0.5534049043689451,0.5534049043689451,0.4222222222222222,0.8888888888888888,0.4222222222222222,0.8888888888888888,nan,nan,nan,nan,nan,nan,nan,nan,52.0,0.0,0.0,0.09835047511274903,13.0,0.0,0.0,0.12814768718886727,0.0
smc/smc_243/track.npy,smc,0.7419354838709677,0.5094204857212183,0.5094204857212183,0.5094204857212183,0.2857142857142857,0.5714285714285714,0.2857142857142857,0.5714285714285714,nan,nan,nan,nan,nan,nan,nan,nan,40.0,0.0,0.0,0.7251985873857325,18.0,0.0,0.0,0.6069799296035979,0.0
smc/smc_244/track.npy,smc,0.30303030303030304,0.21499037654650902,0.24005260537625167,0.22752149096138036,0.06349206349206349,0.09523809523809523,0.3055555555555556,0.4444444444444444,nan,nan,nan,nan,nan,nan,nan,nan,41.0,0.0,0.0,0.715982322457756,15.0,0.0,0.0,1.7205169677316072,0.0
smc/smc_248/track.npy,smc,0.5454545454545454,0.3620390095559976,0.3620390095559976,0.3620390095559976,0.25,0.46153846153846156,0.25,0.46153846153846156,nan,nan,nan,nan,nan,nan,nan,nan,52.0,0.0,0.0,0.5836223303982998,16.0,0.0,0.0,1.4558098947047289,0.0
smc/smc_249/track.npy,smc,0.4099378881987577,0.3341677439524233,0.33505860612417904,0.3346131750383012,0.0,0.0,0.0,0.0,nan,nan,nan,nan,nan,nan,nan,nan,142.0,0.0,0.0851063829787234,0.4418327522790328,45.0,0.0,0.0,0.31544057247390345,0.0
smc/smc_251/track.npy,smc,0.5181818181818182,0.35486697563019953,0.5588657503587205,0.45686636299446004,0.00641025641025641,0.01282051282051282,0.0641025641025641,0.33974358974358976,nan,nan,nan,nan,nan,nan,nan,nan,173.0,0.13372093023255813,0.32558139534883723,0.5286846650670447,42.0,0.024390243902439025,0.024390243902439025,1.3742388481311378,0.0
smc/smc_252/track.npy,smc,0.8148148148148148,0.6100645642799316,0.6100645642799316,0.6100645642799316,0.7592592592592593,0.9814814814814815,0.7592592592592593,0.9814814814814815,nan,nan,nan,nan,nan,nan,nan,nan,61.0,0.0,0.0,0.04775206407370327,16.0,0.0,0.0,0.04369708698316979,0.0
smc/smc_253/track.npy,smc,0.5656565656565657,0.425863884653695,0.425863884653695,0.425863884653695,0.2,0.31666666666666665,0.2,0.31666666666666665,nan,nan,nan,nan,nan,nan,nan,nan,69.0,0.0,0.0,1.0495449554959222,17.0,0.0,0.0,1.967654397743782,0.0
smc/smc_254/track.npy,smc,0.26666666666666666,0.20282580046310222,0.25641036380633875,0.22961808213472049,0.10526315789473684,0.14035087719298245,0.10526315789473684,0.19642857142857142,nan,nan,nan,nan,nan,nan,nan,nan,57.0,0.0,0.0,0.6818871913795387,19.0,0.0,0.0,1.693639216466801,0.0
smc/smc_255/track.npy,smc,0.7710843373493975,0.6582400318726089,0.6582400318726089,0.6582400318726089,0.5869565217391305,0.5869565217391305,0.5869565217391305,0.5869565217391305,nan,nan,nan,nan,nan,nan,nan,nan,52.0,0.0,0.0,0.4378273831207709,18.0,0.0,0.0,1.1967274099848475,0.0
smc/smc_256/track.npy,smc,0.5483870967741936,0.45300071400913083,0.6383191879028501,0.5456599509559905,0.0,0.0,0.2692307692307692,0.46153846153846156,nan,nan,nan,nan,nan,nan,nan,nan,30.0,0.0,0.0,1.1414938603356697,17.0,0.0,0.0,0.6172923018571583,0.0
smc/smc_257/track.npy,smc,0.5811965811965812,0.39703209861322314,0.46129267754589004,0.4291623880795566,0.11764705882352941,0.1323529411764706,0.4489795918367347,0.4489795918367347,nan,nan,nan,nan,nan,nan,nan,nan,55.0,0.037037037037037035,0.05555555555555555,0.5946007778619147,28.0,0.0,0.037037037037037035,1.0309449476099972,0.0
smc/smc_258/track.npy,smc,0.31496062992125984,0.20701782374440736,0.2771344439066017,0.24207613382550452,0.02666666666666667,0.13333333333333333,0.02666666666666667,0.13333333333333333,nan,nan,nan,nan,nan,nan,nan,nan,98.0,0.0,0.10309278350515463,1.1648809205168271,24.0,0.0,0.0,2.5597577750079012,0.0
smc/smc_259/track.npy,smc,0.49275362318840576,0.31267524494209403,0.31267524494209403,0.31267524494209403,0.27906976744186046,0.46511627906976744,0.27906976744186046,0.46511627906976744,nan,nan,nan,nan,nan,nan,nan,nan,50.0,0.0,0.0,0.2694618784620632,16.0,0.0,0.0,1.4669497443982216,0.0
smc/smc_260/track.npy,smc,0.9090909090909091,0.680734857073601,0.680734857073601,0.680734857073601,0.3508771929824561,0.8245614035087719,0.3508771929824561,0.8245614035087719,nan,nan,nan,nan,nan,nan,nan,nan,66.0,0.03076923076923077,0.03076923076923077,0.3920237763303821,30.0,0.0,0.0,0.789337467064462,0.0
smc/smc_261/track.npy,smc,0.45569620253164556,0.3278961014075954,0.3278961014075954,0.3278961014075954,0.18604651162790697,0.5116279069767442,0.18604651162790697,0.5116279069767442,nan,nan,nan,nan,nan,nan,nan,nan,50.0,0.0,0.0,0.26958110963907733,25.0,0.0,0.0,0.20422267474628766,0.0
smc/smc_262/track.npy,smc,0.7666666666666667,0.6202287145945414,0.6202287145945414,0.6202287145945414,0.19047619047619047,0.6031746031746031,0.19047619047619047,0.6031746031746031,nan,nan,nan,nan,nan,nan,nan,nan,63.0,0.0,0.0,0.6931471805599478,21.0,0.0,0.0,1.531011829627596,0.0
smc/smc_263/track.npy,smc,0.4615384615384615,0.3351041229995089,0.34869917591196387,0.3419016494557364,0.04081632653061224,0.10204081632653061,0.08771929824561403,0.3508771929824561,nan,nan,nan,nan,nan,nan,nan,nan,57.0,0.0,0.0,0.747307707828156,13.0,0.0,0.0,0.6619117899265392,0.0
smc/smc_264/track.npy,smc,0.40625,0.33120535271842866,0.4865554493393407,0.4088804010288847,0.0,0.0,0.20930232558139536,0.5930232558139535,nan,nan,nan,nan,nan,nan,nan,nan,99.0,0.0,0.0,0.1940316532103971,25.0,0.0,0.0,0.16017252015519143,0.0
smc/smc_265/track.npy,smc,0.8470588235294119,0.63761527828613,0.63761527828613,0.63761527828613,0.313953488372093,0.813953488372093,0.313953488372093,0.813953488372093,nan,nan,nan,nan,nan,nan,nan,nan,96.0,0.0,0.010526315789473684,0.3145377669924437,33.0,0.0,0.0,0.5735371519387993,0.0
smc/smc_266/track.npy,smc,0.4827586206896552,0.3926848559098479,0.4761771893224914,0.43443102261616967,0.0,0.0,0.23728813559322035,0.5254237288135594,nan,nan,nan,nan,nan,nan,nan,nan,66.0,0.0,0.0,0.8855280263538479,16.0,0.0,0.0,0.7162109736290546,0.0
smc/smc_269/track.npy,smc,0.8852459016393444,0.5652668881219791,0.5652668881219791,0.5652668881219791,0.7741935483870968,0.8709677419354839,0.7741935483870968,0.8709677419354839,nan,nan,nan,nan,nan,nan,nan,nan,35.0,0.0,0.0,0.25833861179398243,17.0,0.0,0.0,0.7618164686318373,0.0
smc/smc_271/track.npy,smc,1.0,0.97064518435463,0.97064518435463,0.97064518435463,1.0,1.0,1.0,1.0,nan,nan,nan,nan,nan,nan,nan,nan,69.0,0.0,0.0,0.03448617607116964,36.0,0.0,0.0,1.1043780493377304,0.0
smc/smc_272/track.npy,smc,0.6408839779005524,0.5968314702364973,0.5968314702364973,0.5968314702364973,0.0,0.0,0.5245901639344263,0.5245901639344263,nan,nan,nan,nan,nan,nan,nan,nan,69.0,0.0,0.0,0.03448617607116855,17.0,0.0,0.0,0.009991605310909863,0.0
smc/smc_273/track.npy,smc,1.0,0.871141268251468,0.871141268251468,0.871141268251468,1.0,1.0,1.0,1.0,nan,nan,nan,nan,nan,nan,nan,nan,64.0,0.0,0.0,0.03174869831457965,16.0,0.0,0.0,0.005383673202411153,0.0
smc/smc_274/track.npy,smc,0.0,6.420035244659185e-05,0.8630011715017082,0.4315326859270774,0.0,0.0,0.9879518072289156,0.9879518072289156,nan,nan,nan,nan,nan,nan,nan,nan,96.0,0.0,0.0,0.07121365024194277,34.0,0.0,0.0,1.3830107692773117,0.0
smc/smc_275/track.npy,smc,0.4946236559139785,0.41348627267299737,0.41348627267299737,0.41348627267299737,0.0,0.0,0.0,0.0,nan,nan,nan,nan,nan,nan,nan,nan,80.0,0.0,0.0,5.107025913275682e-16,27.0,0.0,0.0,0.006680099064370904,0.0
smc/smc_276/track.npy,smc,0.6666666666666666,0.5726117180641908,0.8589175767737923,0.7157646474189916,0.0,0.0,1.0,1.0,nan,nan,nan,nan,nan,nan,nan,nan,63.0,0.0,0.0,0.015748356968141586,16.0,0.0,0.0,0.007843177461026418,0.0
smc/smc_277/track.npy,smc,0.673913043478261,0.652981840058516,0.9719797073870731,0.8124807737227946,0.0,0.0,1.0,1.0,nan,nan,nan,nan,nan,nan,nan,nan,70.0,0.0,0.0,0.06978027315805164,16.0,0.0,0.0,0.008733679968755997,0.0
smc/smc_278/track.npy,smc,0.9917355371900827,0.8546972163221328,0.8546972163221328,0.8546972163221328,0.9836065573770492,0.9836065573770492,0.9836065573770492,0.9836065573770492,nan,nan,nan,nan,nan,nan,nan,nan,70.0,0.0,0.0,0.017391742711878006,17.0,0.0,0.0,0.004338401598598029,0.0
smc/smc_279/track.npy,smc,1.0,0.8503405208079117,0.8503405208079117,0.8503405208079117,1.0,1.0,1.0,1.0,nan,nan,nan,nan,nan,nan,nan,nan,69.0,0.0,0.0,0.05218575317057026,18.0,0.0,0.0,0.008733679968753821,0.0
smc/smc_280/track.npy,smc,1.0,0.8779188392189137,0.8779188392189137,0.8779188392189137,1.0,1.0,1.0,1.0,nan,nan,nan,nan,nan,nan,nan,nan,57.0,0.0,0.0,0.028170876966702264,15.0,0.0,0.0,0.012068230681175235,0.0
smc/smc_281/track.npy,smc,1.0,0.8971156334623025,0.8971156334623025,0.8971156334623025,1.0,1.0,1.0,1.0,nan,nan,nan,nan,nan,nan,nan,nan,62.0,0.0,0.0,0.016499522053072115,16.0,0.0,0.0,0.016874051298363765,0.0
smc/smc_282/track.npy,smc,0.9818181818181818,0.8809654367658191,0.8809654367658191,0.8809654367658191,0.6909090909090909,0.9636363636363636,0.6909090909090909,0.9636363636363636,nan,nan,nan,nan,nan,nan,nan,nan,63.0,0.0,0.0,0.015748356968141586,16.0,0.0,0.0,0.00784317746102714,0.0
smc/smc_283/track.npy,smc,1.0,0.8890613477090682,0.8890613477090682,0.8890613477090682,1.0,1.0,1.0,1.0,nan,nan,nan,nan,nan,nan,nan,nan,57.0,0.0,0.0,0.02898753687325461,16.0,0.0,0.0,0.2544453062589477,0.0
smc/smc_284/track.npy,smc,1.0,0.8572729901369311,0.8572729901369311,0.8572729901369311,1.0,1.0,1.0,1.0,nan,nan,nan,nan,nan,nan,nan,nan,67.0,0.0,0.0,0.03378852539406447,26.0,0.0,0.0,0.6931471805599446,0.0
smc/smc_285/track.npy,smc,0.37209302325581395,0.3259656838569169,0.7583243670404562,0.5421450254486866,0.0,0.0,0.19424460431654678,0.4460431654676259,nan,nan,nan,nan,nan,nan,nan,nan,116.0,0.0,0.0,0.7208374153238075,20.0,0.0,0.0,0.020000666706669112,0.0
smc/smc_286/track.npy,smc,1.0,0.9495524881870556,0.9495524881870556,0.9495524881870556,1.0,1.0,1.0,1.0,nan,nan,nan,nan,nan,nan,nan,nan,59.0,0.0,0.0,0.014598799421154884,16.0,0.0,0.0,0.8398218944576501,0.0
smc/smc_287/track.npy,smc,1.0,0.8029389771267053,0.8029389771267053,0.8029389771267053,1.0,1.0,1.0,1.0,nan,nan,nan,nan,nan,nan,nan,nan,68.0,0.0,0.0,0.03390155167568665,17.0,0.0,0.0,0.0085106896679094,0.0
smc/smc_288/track.npy,smc,0.9915966386554621,0.9107481928650193,0.9107481928650193,0.9107481928650193,0.9833333333333333,0.9833333333333333,0.9833333333333333,0.9833333333333333,nan,nan,nan,nan,nan,nan,nan,nan,68.0,0.0,0.0,0.03390155167568665,21.0,0.0,0.0,0.7037147803677443,0.0
smc/smc_289/track.npy,smc,1.0,0.8122592265672806,0.8122592265672806,0.8122592265672806,1.0,1.0,1.0,1.0,nan,nan,nan,nan,nan,nan,nan,nan,66.0,0.0,0.0,0.03390155167568309,16.0,0.0,0.0,0.02915062811297451,0.0
