piece,dataset,beat_fmeasure,beat_cemgil,beat_cemgil_max,beat_cemgil_bt_legacy,beat_cmlc,beat_cmlt,beat_amlc,beat_amlt,downbeat_fmeasure,downbeat_cemgil,downbeat_cemgil_max,downbeat_cemgil_bt_legacy,downbeat_cmlc,downbeat_cmlt,downbeat_amlc,downbeat_amlt,beat_diag_count,beat_diag_ibi_lt_140ms,beat_diag_ibi_lt_200ms,beat_diag_log_ibi_jump_p95,downbeat_diag_count,downbeat_diag_ibi_lt_140ms,downbeat_diag_ibi_lt_200ms,downbeat_diag_log_ibi_jump_p95,downbeats_off_beat
gtzan/gtzan_blues_00000/track.npy,gtzan,0.9811320754716981,0.898266635144121,0.898266635144121,0.898266635144121,0.9811320754716981,0.9811320754716981,0.9811320754716981,0.9811320754716981,0.65,0.5992867232336987,0.8290209345676207,0.7141538289006597,0.038461538461538464,0.038461538461538464,0.7407407407407407,0.9259259259259259,63.0,0.0,0.0,0.0425596144187913,31.0,0.0,0.0,0.43157167695557885,0.0
gtzan/gtzan_blues_00001/track.npy,gtzan,0.49557522123893805,0.448062262329863,0.448062262329863,0.448062262329863,0.0,0.0,0.011764705882352941,0.011764705882352941,0.2692307692307693,0.2639380947037571,0.42382461762369456,0.34388135616372584,0.0,0.0,0.0,0.0,102.0,0.0,0.0,0.20763936477823963,55.0,0.0,0.0,1.0986122886681073,0.0
gtzan/gtzan_blues_00002/track.npy,gtzan,0.9923664122137404,0.9020798957625794,0.9020798957625794,0.9020798957625794,0.9848484848484849,0.9848484848484849,0.9848484848484849,0.9848484848484849,0.7111111111111111,0.6659081606539539,0.8651814630288562,0.765544811841405,0.034482758620689655,0.10344827586206896,0.4838709677419355,0.8064516129032258,79.0,0.0,0.0,0.07796154146970635,36.0,0.0,0.0,0.6889126378961664,0.0
gtzan/gtzan_blues_00003/track.npy,gtzan,0.5473684210526316,0.4648706636876207,0.4648706636876207,0.4648706636876207,0.014492753623188406,0.014492753623188406,0.014492753623188406,0.014492753623188406,0.3,0.2570944834021158,0.36469873404011516,0.31089660872111546,0.0,0.0,0.029411764705882353,0.029411764705882353,85.0,0.0,0.0,0.5965046346357754,41.0,0.0,0.0,1.1847853341548191,0.0
gtzan/gtzan_blues_00004/track.npy,gtzan,0.9821428571428571,0.8521287752129126,0.8521287752129126,0.8521287752129126,1.0,1.0,1.0,1.0,0.7027027027027025,0.6364324939400977,0.6364324939400977,0.6364324939400977,0.17391304347826086,0.30434782608695654,0.17391304347826086,0.30434782608695654,67.0,0.0,0.0,0.06207037736041675,29.0,0.0,0.0,1.3050458967946386,0.0
gtzan/gtzan_blues_00005/track.npy,gtzan,0.4672897196261683,0.39543924336234926,0.39543924336234926,0.39543924336234926,0.0,0.0,0.05128205128205128,0.14102564102564102,0.22641509433962262,0.19928483202581773,0.3211285436283084,0.2602066878270631,0.0,0.0,0.0,0.0,92.0,0.0,0.01098901098901099,0.4893405839055526,55.0,0.0,0.0,1.0986122886681118,0.0
gtzan/gtzan_blues_00006/track.npy,gtzan,0.4655172413793104,0.35868998328457435,0.35961378976053554,0.3591518865225549,0.0,0.0,0.047058823529411764,0.09411764705882353,0.13333333333333336,0.1091535663739975,0.1916221375568162,0.15038785196540685,0.0,0.0,0.0,0.0,100.0,0.010101010101010102,0.10101010101010101,0.48930548697933635,62.0,0.0,0.04918032786885246,1.323395331123472,0.0
gtzan/gtzan_blues_00007/track.npy,gtzan,0.7872340425531915,0.7155374220473367,0.7155374220473367,0.7155374220473367,0.23636363636363636,0.41818181818181815,0.23636363636363636,0.41818181818181815,0.17777777777777776,0.17520202186386813,0.199967723883566,0.18758487287371706,0.0,0.0,0.0,0.0,66.0,0.0,0.015384615384615385,0.6151784420446115,43.0,0.0,0.0,1.0014485402144615,0.0
gtzan/gtzan_blues_00008/track.npy,gtzan,0.971830985915493,0.8656539509943132,0.8656539509943132,0.8656539509943132,0.971830985915493,0.971830985915493,0.971830985915493,0.971830985915493,0.6538461538461539,0.5883831007800354,0.8651057689056567,0.726744434842846,0.0,0.0,0.9428571428571428,0.9428571428571428,85.0,0.0,0.0,0.05715841383994833,42.0,0.0,0.0,0.02817087696670073,0.0
gtzan/gtzan_blues_00009/track.npy,gtzan,0.5242718446601942,0.3459513628459198,0.3459513628459198,0.3459513628459198,0.05714285714285714,0.12857142857142856,0.05714285714285714,0.12857142857142856,0.1568627450980392,0.1226174671997226,0.2801698210330581,0.20139364411639035,0.0,0.0,0.0,0.0,82.0,0.012345679012345678,0.09876543209876543,1.023226180884952,50.0,0.0,0.02040816326530612,1.2668939598090347,0.0
gtzan/gtzan_blues_00010/track.npy,gtzan,0.6601941747572816,0.6093868965991401,0.8320300080408036,0.7207084523199718,0.0,0.0,0.463768115942029,0.8260869565217391,0.29090909090909095,0.2595018658061498,0.3900290351376252,0.32476545047188754,0.0,0.0,0.021739130434782608,0.021739130434782608,82.0,0.0,0.012345679012345678,0.28765906763779553,57.0,0.0,0.0,1.1354694980379083,0.0
gtzan/gtzan_blues_00011/track.npy,gtzan,0.5106382978723404,0.44491136152644806,0.44491136152644806,0.44491136152644806,0.0,0.0,0.0,0.0,0.5789473684210527,0.5181111598642558,0.7726484848688561,0.6453798223665559,0.0,0.0,0.7692307692307693,0.7692307692307693,84.0,0.0,0.0,0.1112256351102243,32.0,0.0,0.0,0.7653750302033561,0.0
gtzan/gtzan_blues_00012/track.npy,gtzan,0.5811965811965812,0.497739344217859,0.7529974483508602,0.6253683962843596,0.0,0.0,0.3076923076923077,0.7948717948717948,0.1702127659574468,0.17260470285930213,0.18588061608050283,0.17924265946990248,0.0,0.0,0.02702702702702703,0.02702702702702703,94.0,0.0,0.0,0.31973465584752403,47.0,0.0,0.0,1.0708024990835439,0.0
gtzan/gtzan_blues_00013/track.npy,gtzan,0.5314685314685315,0.4508040554331376,0.6845571659946402,0.567680610713889,0.01020408163265306,0.01020408163265306,0.5612244897959183,0.6224489795918368,0.1839080459770115,0.1488576941520164,0.3027507008432523,0.22580419749763436,0.0,0.0,0.0,0.0,119.0,0.025423728813559324,0.19491525423728814,0.47310446655291766,87.0,0.0,0.023255813953488372,0.8689612218128989,0.0
gtzan/gtzan_blues_00014/track.npy,gtzan,0.7126436781609196,0.5656621302067113,0.5972794481615336,0.5814707891841224,0.17307692307692307,0.2692307692307692,0.30434782608695654,0.43478260869565216,0.411764705882353,0.3070211231587804,0.4201385757824338,0.36357984947060706,0.0,0.0,0.11538461538461539,0.23076923076923078,61.0,0.0,0.0,0.7530454918187031,33.0,0.0,0.0,1.0505403583916588,0.0
gtzan/gtzan_blues_00015/track.npy,gtzan,0.6972477064220183,0.5959365644076711,0.6820098260118848,0.6389731952097779,0.1323529411764706,0.20588235294117646,0.2345679012345679,0.5679012345679012,0.3571428571428571,0.32946229074650096,0.4332997577782854,0.3813810242623932,0.0,0.0,0.022222222222222223,0.022222222222222223,76.0,0.0,0.0,0.6177921049349864,53.0,0.0,0.0,0.9601884235250739,0.0
gtzan/gtzan_blues_00016/track.npy,gtzan,0.6299212598425197,0.5046347498121428,0.7585011953106637,0.6315679725614033,0.0,0.0,0.6352941176470588,0.8117647058823529,0.3214285714285714,0.2530233313075027,0.46431402702270225,0.3586686791651025,0.0,0.0,0.043478260869565216,0.06521739130434782,102.0,0.0,0.0297029702970297,0.17111188567767746,57.0,0.0,0.017857142857142856,1.1801895265416744,0.0
gtzan/gtzan_blues_00017/track.npy,gtzan,0.8918918918918918,0.7083486234455364,0.7083486234455364,0.7083486234455364,0.2857142857142857,0.7532467532467533,0.2857142857142857,0.7532467532467533,0.28125,0.23376206135899125,0.2843490255278919,0.25905554344344156,0.0,0.0,0.021739130434782608,0.043478260869565216,91.0,0.011111111111111112,0.044444444444444446,0.45128889537889627,56.0,0.0,0.0,1.1684327794015346,0.0
gtzan/gtzan_blues_00018/track.npy,gtzan,0.6666666666666666,0.5322941358646388,0.5322941358646388,0.5322941358646388,0.14,0.38,0.14,0.38,0.27272727272727276,0.2121718228552515,0.3619329130848018,0.28705236797002665,0.0,0.0,0.02857142857142857,0.02857142857142857,63.0,0.0,0.0,0.7801585575495811,44.0,0.0,0.0,0.9362757903926993,0.0
gtzan/gtzan_blues_00019/track.npy,gtzan,0.3088235294117647,0.25832828475107716,0.6402124067144644,0.4492703457327708,0.0,0.0,0.2,0.3069306930693069,0.0273972602739726,0.029848932426961385,0.06594472167779239,0.047896827052376884,0.0,0.0,0.0,0.0,98.0,0.07216494845360824,0.18556701030927836,0.6539264674066596,70.0,0.014492753623188406,0.057971014492753624,0.7563260821814805,0.0
gtzan/gtzan_blues_00020/track.npy,gtzan,0.35593220338983045,0.2666654704304339,0.2846991162076428,0.2756822933190384,0.0,0.0,0.04918032786885246,0.04918032786885246,0.06896551724137931,0.0578902375746567,0.10254000763907789,0.08021512260686729,0.0,0.0,0.0,0.0,81.0,0.3375,0.575,2.214677080889841,58.0,0.07017543859649122,0.2982456140350877,2.2890644293133735,0.0
gtzan/gtzan_blues_00021/track.npy,gtzan,0.9534883720930233,0.6146189388756695,0.6146189388756695,0.6146189388756695,0.6590909090909091,0.9318181818181818,0.6590909090909091,0.9318181818181818,0.38461538461538464,0.23844059101615114,0.39440824460598967,0.3164244178110704,0.0,0.0,0.0,0.0,57.0,0.0,0.0,0.5953625149894369,49.0,0.0,0.0,0.08029587124202317,0.0
gtzan/gtzan_blues_00022/track.npy,gtzan,0.5669291338582677,0.45289489145365264,0.6257593892332404,0.5393271403434465,0.023255813953488372,0.06976744186046512,0.1511627906976744,0.45348837209302323,0.273972602739726,0.2213135305457925,0.34558418322687123,0.28344885688633187,0.0,0.0,0.0,0.0,104.0,0.009708737864077669,0.1553398058252427,0.4855078157817003,74.0,0.0136986301369863,0.0410958904109589,0.9830797341773715,0.0
gtzan/gtzan_blues_00023/track.npy,gtzan,0.4918032786885245,0.3585101525945473,0.5170385065655609,0.43777432958005413,0.0,0.0,0.19753086419753085,0.5679012345679012,0.21428571428571427,0.16268557632396305,0.2865155245287208,0.22460055042634192,0.0,0.0,0.043478260869565216,0.06521739130434782,96.0,0.0,0.031578947368421054,0.36466008115688825,51.0,0.0,0.0,1.248343034020731,0.0
gtzan/gtzan_blues_00024/track.npy,gtzan,0.8076923076923077,0.5936131563781186,0.5936131563781186,0.5936131563781186,0.22950819672131148,0.4098360655737705,0.22950819672131148,0.4098360655737705,0.888888888888889,0.6582440087467043,0.6582440087467043,0.6582440087467043,0.7083333333333334,0.7083333333333334,0.7083333333333334,0.7083333333333334,76.0,0.0,0.0,0.6753480420340454,30.0,0.0,0.0,0.9237323637175219,0.0
gtzan/gtzan_blues_00025/track.npy,gtzan,0.5354330708661418,0.33528189727662455,0.5070552085670958,0.4211685529218602,0.0,0.0,0.16091954022988506,0.47126436781609193,0.24657534246575338,0.12529903416892113,0.13539811478009706,0.1303485744745091,0.0,0.0,0.0,0.0,106.0,0.009523809523809525,0.09523809523809523,0.45911624034602827,75.0,0.013513513513513514,0.05405405405405406,1.1921076720375454,0.0
gtzan/gtzan_blues_00026/track.npy,gtzan,0.7654320987654321,0.6250797047274798,0.6250797047274798,0.6250797047274798,0.4791666666666667,0.5,0.4791666666666667,0.5,0.3333333333333333,0.22885871019611218,0.40375244121542125,0.31630557570576673,0.0,0.0,0.03571428571428571,0.07142857142857142,62.0,0.03278688524590164,0.04918032786885246,1.0119493451442858,35.0,0.0,0.0,1.0922292869847139,0.0
gtzan/gtzan_blues_00027/track.npy,gtzan,0.619047619047619,0.5315456963910145,0.5315456963910145,0.5315456963910145,0.37777777777777777,0.5777777777777777,0.37777777777777777,0.5777777777777777,0.34285714285714286,0.27851232997246506,0.27851232997246506,0.27851232997246506,0.0,0.0,0.08,0.08,53.0,0.0,0.0,0.4754881449310217,31.0,0.0,0.0,1.179511035064601,0.0
gtzan/gtzan_blues_00028/track.npy,gtzan,0.6935483870967741,0.5657249643221233,0.7687239117459211,0.6672244380340222,0.037037037037037035,0.06172839506172839,0.5294117647058824,0.8470588235294118,0.8936170212765957,0.7354242313878826,0.7354242313878826,0.7354242313878826,0.2692307692307692,0.6153846153846154,0.2692307692307692,0.6153846153846154,90.0,0.0,0.0,0.6114256336131859,32.0,0.0,0.0,1.1115540622437143,0.0
gtzan/gtzan_blues_00029/track.npy,gtzan,0.6564885496183206,0.4318458232521921,0.4318458232521921,0.4318458232521921,0.16455696202531644,0.4177215189873418,0.16455696202531644,0.4177215189873418,0.3333333333333333,0.20915589132399448,0.2151284934508537,0.2121421923874241,0.0,0.0,0.07317073170731707,0.07317073170731707,90.0,0.07865168539325842,0.24719101123595505,0.7075385650800836,48.0,0.0425531914893617,0.0851063829787234,1.800721747099954,0.0
gtzan/gtzan_blues_00030/track.npy,gtzan,0.33027522935779813,0.235857027465442,0.39405796262089954,0.3149574950431708,0.06349206349206349,0.09523809523809523,0.1111111111111111,0.19047619047619047,0.05555555555555555,0.05844444356306025,0.09826796538908099,0.07835620447607061,0.08333333333333333,0.08333333333333333,0.08333333333333333,0.08333333333333333,76.0,0.013333333333333334,0.02666666666666667,0.6349151363483087,32.0,0.0,0.0,1.9931220253932955,0.0
gtzan/gtzan_blues_00031/track.npy,gtzan,0.2068965517241379,0.1729052473516464,0.4296188455839734,0.3012620464678099,0.014925373134328358,0.029850746268656716,0.14432989690721648,0.2835820895522388,0.05405405405405406,0.061066163419532304,0.08080424139934266,0.07093520240943749,0.04,0.08,0.04,0.08,77.0,0.0,0.013157894736842105,0.5143077173590751,32.0,0.0,0.0,1.3915391729061324,0.0
gtzan/gtzan_blues_00032/track.npy,gtzan,0.4716981132075472,0.3912299269075938,0.3912299269075938,0.3912299269075938,0.12962962962962962,0.2962962962962963,0.12962962962962962,0.2962962962962963,0.18181818181818182,0.15671438618976244,0.3052575927178488,0.2309859894538056,0.0,0.0,0.0967741935483871,0.25806451612903225,62.0,0.0,0.01639344262295082,0.6596072941139435,37.0,0.0,0.0,1.2654019809591333,0.0
gtzan/gtzan_blues_00033/track.npy,gtzan,0.8372093023255814,0.6076771236589057,0.6076771236589057,0.6076771236589057,0.35384615384615387,0.7538461538461538,0.35384615384615387,0.7538461538461538,0.5945945945945946,0.46034183793109,0.46034183793109,0.46034183793109,0.2857142857142857,0.42857142857142855,0.2857142857142857,0.42857142857142855,76.0,0.0,0.0,0.29460584383764565,26.0,0.0,0.0,1.2856924879367189,0.0
gtzan/gtzan_blues_00034/track.npy,gtzan,0.6909090909090908,0.5261702041254432,0.6911955262285397,0.6086828651769915,0.08450704225352113,0.11267605633802817,0.2597402597402597,0.7272727272727273,0.5142857142857143,0.3905794234462065,0.6593567742706508,0.5249680988584287,0.0,0.0,0.36,0.6,87.0,0.0,0.0,0.6007738604289292,30.0,0.0,0.0,1.4282443998593097,0.0
gtzan/gtzan_blues_00035/track.npy,gtzan,0.6106870229007633,0.4206467194555388,0.4684600742415465,0.44455339684854267,0.17105263157894737,0.2236842105263158,0.17105263157894737,0.2236842105263158,0.35714285714285715,0.23842944295712085,0.3621466855694045,0.30028806426326266,0.0,0.0,0.07142857142857142,0.09523809523809523,89.0,0.011363636363636364,0.1590909090909091,0.7514130433329612,50.0,0.0,0.04081632653061224,1.2948180668697948,0.0
gtzan/gtzan_blues_00036/track.npy,gtzan,0.15384615384615383,0.08588959164273599,0.5239640146870177,0.30492680316487686,0.03508771929824561,0.03508771929824561,0.2631578947368421,0.47368421052631576,0.0,0.01068134924274641,0.06732254019800547,0.03900194472037594,0.0,0.0,0.02631578947368421,0.05263157894736842,67.0,0.0,0.0,0.5322603175824552,46.0,0.0,0.0,1.2460952041097304,0.0
gtzan/gtzan_blues_00037/track.npy,gtzan,0.6060606060606061,0.4729117618856205,0.4729117618856205,0.4729117618856205,0.04411764705882353,0.07352941176470588,0.07352941176470588,0.20588235294117646,0.3902439024390244,0.32994478716588044,0.504805860470144,0.41737532381801223,0.0,0.0,0.030303030303030304,0.09090909090909091,85.0,0.011904761904761904,0.047619047619047616,0.8337162434021896,42.0,0.0,0.0,1.2189780339484497,0.0
gtzan/gtzan_blues_00038/track.npy,gtzan,0.4259259259259259,0.34346569583632497,0.34346569583632497,0.34346569583632497,0.013888888888888888,0.013888888888888888,0.013888888888888888,0.027777777777777776,0.08,0.07601777317474354,0.08419559471129903,0.08010668394302128,0.0,0.0,0.024390243902439025,0.024390243902439025,91.0,0.07777777777777778,0.17777777777777778,0.7851378392383943,49.0,0.0,0.020833333333333332,1.2124429295205374,0.0
gtzan/gtzan_blues_00039/track.npy,gtzan,0.6595744680851064,0.5402899424248402,0.5402899424248402,0.5402899424248402,0.3333333333333333,0.5416666666666666,0.3333333333333333,0.5416666666666666,0.4166666666666667,0.3479992866318152,0.3479992866318152,0.3479992866318152,0.09375,0.09375,0.09375,0.09375,56.0,0.0,0.01818181818181818,0.504006480465121,42.0,0.0,0.0,0.9112206619607184,0.0
gtzan/gtzan_blues_00040/track.npy,gtzan,0.9859154929577464,0.9440079358426168,0.9440079358426168,0.9440079358426168,0.9722222222222222,0.9722222222222222,0.9722222222222222,0.9722222222222222,0.7346938775510204,0.706397647587192,0.8769931461884637,0.7916953968878279,0.0967741935483871,0.16129032258064516,0.2857142857142857,0.7142857142857143,87.0,0.0,0.0,0.058504082786337806,38.0,0.0,0.0,0.6896025116891843,0.0
gtzan/gtzan_blues_00041/track.npy,gtzan,0.9906542056074767,0.9367585592077412,0.9367585592077412,0.9367585592077412,0.9814814814814815,0.9814814814814815,0.9814814814814815,0.9814814814814815,0.6842105263157895,0.6667399532203444,0.8921940283169876,0.779466990768666,0.04,0.08,0.44,0.84,65.0,0.0,0.0,0.04445176257083644,29.0,0.0,0.0,0.7038894546320585,0.0
gtzan/gtzan_blues_00042/track.npy,gtzan,0.4600000000000001,0.3873947776136532,0.3873947776136532,0.3873947776136532,0.0,0.0,0.0,0.0,0.41379310344827586,0.31461851639696176,0.4509774299248256,0.3827979731608937,0.0,0.0,0.08695652173913043,0.13043478260869565,90.0,0.0,0.0,0.18232155679395423,30.0,0.0,0.0,1.078705168163213,0.0
gtzan/gtzan_blues_00043/track.npy,gtzan,0.9906542056074767,0.9197065514460431,0.9197065514460431,0.9197065514460431,0.9814814814814815,0.9814814814814815,0.9814814814814815,0.9814814814814815,0.65,0.609484849819012,0.9041428407351518,0.7568138452770818,0.0,0.0,0.9259259259259259,0.9259259259259259,65.0,0.0,0.0,0.04348511193974404,33.0,0.0,0.0,0.021623095928687153,0.0
gtzan/gtzan_blues_00044/track.npy,gtzan,0.9585798816568047,0.7789914811118572,0.7789914811118572,0.7789914811118572,0.2823529411764706,0.8352941176470589,0.2823529411764706,0.8352941176470589,0.7169811320754718,0.6288810905282771,0.6288810905282771,0.6288810905282771,0.125,0.3125,0.125,0.3125,103.0,0.0,0.00980392156862745,0.20763936477824618,40.0,0.0,0.0,1.3772720085226673,0.0
gtzan/gtzan_blues_00045/track.npy,gtzan,0.7231638418079096,0.6806334530547773,0.8412792684194436,0.7609563607371104,0.12727272727272726,0.13636363636363635,0.40298507462686567,0.6865671641791045,0.7272727272727273,0.6660837335185946,0.8538897318021778,0.7599867326603862,0.02040816326530612,0.14285714285714285,0.14545454545454545,0.7090909090909091,79.0,0.02564102564102564,0.0641025641025641,0.5778101435765675,58.0,0.0,0.0,0.7096320134056331,0.0
gtzan/gtzan_blues_00046/track.npy,gtzan,1.0,0.9518686419946921,0.9518686419946921,0.9518686419946921,1.0,1.0,1.0,1.0,0.8666666666666666,0.819343683292374,0.819343683292374,0.819343683292374,0.5294117647058824,0.5294117647058824,0.5294117647058824,0.5294117647058824,62.0,0.0,0.0,0.040821994520256075,20.0,0.0,0.0,0.6931471805599437,0.0
gtzan/gtzan_blues_00047/track.npy,gtzan,1.0,0.7913623261587426,0.7913623261587426,0.7913623261587426,0.9523809523809523,0.9841269841269841,0.9523809523809523,0.9841269841269841,0.47619047619047616,0.34654789938968716,0.43331492918472636,0.3899314142872068,0.09523809523809523,0.09523809523809523,0.09523809523809523,0.09523809523809523,76.0,0.0,0.0,0.16251892949777283,27.0,0.0,0.0,1.0597722144743527,0.0
gtzan/gtzan_blues_00048/track.npy,gtzan,1.0,0.8944531084384744,0.8944531084384744,0.8944531084384744,1.0,1.0,1.0,1.0,0.6666666666666666,0.6128119152133455,0.899129633462667,0.7559707743380063,0.0,0.0,0.9615384615384616,0.9615384615384616,61.0,0.0,0.0,0.08004270767353472,31.0,0.0,0.0,0.040005334613700455,0.0
gtzan/gtzan_blues_00049/track.npy,gtzan,0.5365853658536585,0.4636627885177632,0.6828883872092613,0.5732755878635123,0.0,0.0,0.7321428571428571,0.7678571428571429,0.5714285714285714,0.5291390899498127,0.6875757692221915,0.6083574295860021,0.0,0.0,0.9285714285714286,0.9285714285714286,67.0,0.0,0.030303030303030304,0.21192565798399993,17.0,0.0,0.0,0.6391901684339243,0.0
gtzan/gtzan_blues_00050/track.npy,gtzan,1.0,0.8544977459230955,0.8544977459230955,0.8544977459230955,1.0,1.0,1.0,1.0,0.7317073170731707,0.6251473297764287,0.8242899990408891,0.724718664408659,0.11538461538461539,0.11538461538461539,0.4482758620689655,0.7931034482758621,68.0,0.0,0.0,0.09097177820572278,31.0,0.0,0.0,0.4306929673357147,0.0
gtzan/gtzan_blues_00051/track.npy,gtzan,0.9878048780487805,0.9187388583923478,0.9187388583923478,0.9187388583923478,0.9518072289156626,0.9518072289156626,0.9518072289156626,0.9518072289156626,0.6229508196721312,0.5821844443290172,0.8640883109760003,0.7231363776525087,0.0,0.0,0.9024390243902439,0.9024390243902439,99.0,0.0,0.0,0.06669137449867324,49.0,0.0,0.0,0.03278982282299475,0.0
gtzan/gtzan_blues_00052/track.npy,gtzan,0.47619047619047616,0.43383162278846854,0.43383162278846854,0.43383162278846854,0.0,0.0,0.0,0.0,0.3571428571428571,0.290729314497696,0.4808625625125868,0.3857959385051414,0.0,0.0,0.043478260869565216,0.17391304347826086,75.0,0.0,0.0,0.20067069546215555,28.0,0.0,0.0,1.6193882432872722,0.0
gtzan/gtzan_blues_00053/track.npy,gtzan,1.0,0.8404036695933406,0.8404036695933406,0.8404036695933406,1.0,1.0,1.0,1.0,0.9523809523809523,0.7899350952935769,0.7899350952935769,0.7899350952935769,0.5454545454545454,0.8181818181818182,0.5454545454545454,0.8181818181818182,51.0,0.0,0.0,0.03390155167568665,14.0,0.0,0.0,0.688544643241162,0.0
gtzan/gtzan_blues_00054/track.npy,gtzan,1.0,0.8686986931125393,0.8686986931125393,0.8686986931125393,0.9868421052631579,0.9868421052631579,0.9868421052631579,0.9868421052631579,0.6666666666666666,0.5805366308849702,0.8791980465269169,0.7298673387059436,0.0,0.0,0.9736842105263158,0.9736842105263158,91.0,0.0,0.0,0.08043213487113526,45.0,0.0,0.0,0.04308375218042548,0.0
gtzan/gtzan_blues_00055/track.npy,gtzan,0.9454545454545454,0.7858763588784289,0.7858763588784289,0.7858763588784289,0.6181818181818182,0.9454545454545454,0.6181818181818182,0.9454545454545454,0.6,0.5305628354040884,0.7686195496227838,0.6495911925134361,0.0,0.0,0.9259259259259259,0.9259259259259259,67.0,0.0,0.0,0.09097177820572637,33.0,0.0,0.0,0.09552761838135371,0.0
gtzan/gtzan_blues_00056/track.npy,gtzan,0.5111111111111112,0.4360374947798963,0.4360374947798963,0.4360374947798963,0.0,0.0,0.0,0.0,0.47619047619047616,0.39203214910251044,0.627721200024007,0.5098766745632587,0.0,0.0,0.25,0.4375,81.0,0.0,0.0,0.22378664034724327,19.0,0.0,0.0,1.677031076445825,0.0
gtzan/gtzan_blues_00057/track.npy,gtzan,1.0,0.931199036412254,0.931199036412254,0.931199036412254,1.0,1.0,1.0,1.0,0.6785714285714285,0.6296519294696988,0.9216954377255246,0.7756736835976117,0.02702702702702703,0.02702702702702703,0.7027027027027027,0.9459459459459459,93.0,0.0,0.0,0.09237332013101884,45.0,0.0,0.0,0.06146456588113344,0.0
gtzan/gtzan_blues_00058/track.npy,gtzan,1.0,0.8371576648974681,0.8371576648974681,0.8371576648974681,1.0,1.0,1.0,1.0,1.0,0.8041455302865382,0.8041455302865382,0.8041455302865382,1.0,1.0,1.0,1.0,53.0,0.0,0.0,0.07145896398214346,13.0,0.0,0.0,0.01768995866278117,0.0
gtzan/gtzan_blues_00059/track.npy,gtzan,0.989010989010989,0.8905372418511794,0.8905372418511794,0.8905372418511794,0.9782608695652174,0.9782608695652174,0.9782608695652174,0.9782608695652174,0.7857142857142858,0.6945461004675941,0.7328460939711765,0.7136960972193853,0.23529411764705882,0.35294117647058826,0.23529411764705882,0.47619047619047616,55.0,0.0,0.0,0.08660898955536275,20.0,0.0,0.0,0.7200546334798674,0.0
gtzan/gtzan_blues_00060/track.npy,gtzan,0.9919999999999999,0.7967650439116819,0.7967650439116819,0.7967650439116819,0.9841269841269841,0.9841269841269841,0.9841269841269841,0.9841269841269841,0.7142857142857143,0.5583568615053734,0.7242793925419869,0.6413181270236802,0.07407407407407407,0.14814814814814814,0.41379310344827586,0.7241379310344828,75.0,0.0,0.0,0.08352017111779994,32.0,0.0,0.0,0.7055697005585011,0.0
gtzan/gtzan_blues_00061/track.npy,gtzan,1.0,0.9490732778258193,0.9490732778258193,0.9490732778258193,1.0,1.0,1.0,1.0,0.6829268292682926,0.6383023498243598,0.938503939777548,0.7884031448009539,0.0,0.0,1.0,1.0,66.0,0.0,0.0,0.04445176257083683,33.0,0.0,0.0,0.02197890671877771,0.0
gtzan/gtzan_blues_00062/track.npy,gtzan,1.0,0.8738906619665678,0.8738906619665678,0.8738906619665678,1.0,1.0,1.0,1.0,0.6486486486486487,0.5608958852164987,0.8171256626045743,0.6890107739105364,0.0,0.0,0.76,0.88,57.0,0.0,0.0,0.04865062123411098,30.0,0.0,0.0,0.46375478215796107,0.0
gtzan/gtzan_blues_00063/track.npy,gtzan,1.0,0.8428168117345415,0.8428168117345415,0.8428168117345415,1.0,1.0,1.0,1.0,0.6428571428571429,0.543656490970502,0.8085784755690052,0.6761174832697536,0.0,0.0,0.8947368421052632,0.8947368421052632,46.0,0.0,0.0,0.0457061709186708,23.0,0.0,0.0,0.015267472130789439,0.0
gtzan/gtzan_blues_00064/track.npy,gtzan,1.0,0.9789204897208054,0.9789204897208054,0.9789204897208054,1.0,1.0,1.0,1.0,0.6666666666666666,0.6577071529369317,0.9667225877661098,0.8122148703515207,0.0,0.0,0.96875,0.96875,78.0,0.0,0.0,0.05129329438755062,39.0,0.0,0.0,0.025975486403264747,0.0
gtzan/gtzan_blues_00065/track.npy,gtzan,0.989010989010989,0.8726880131387307,0.8726880131387307,0.8726880131387307,0.9782608695652174,0.9782608695652174,0.9782608695652174,0.9782608695652174,0.7058823529411764,0.6084042601622054,0.8238054522956352,0.7161048562289203,0.045454545454545456,0.045454545454545456,0.782608695652174,0.9130434782608695,55.0,0.0,0.0,0.09798274169331134,26.0,0.0,0.0,0.5907296775305805,0.0
gtzan/gtzan_blues_00066/track.npy,gtzan,1.0,0.8886833308325008,0.8886833308325008,0.8886833308325008,1.0,1.0,1.0,1.0,0.8292682926829268,0.724633429226413,0.7546833873341618,0.7396584082802875,0.375,0.4166666666666667,0.375,0.42424242424242425,82.0,0.0,0.0,0.05406722127028396,31.0,0.0,0.0,0.6959058449864138,0.0
gtzan/gtzan_blues_00067/track.npy,gtzan,1.0,0.9416104550394488,0.9416104550394488,0.9416104550394488,1.0,1.0,1.0,1.0,0.7234042553191489,0.6889093720079219,0.908615991999864,0.7987626820038929,0.1,0.1,0.45454545454545453,0.8181818181818182,82.0,0.0,0.0,0.08004270767353026,37.0,0.0,0.0,0.22405371382315753,0.0
gtzan/gtzan_blues_00068/track.npy,gtzan,1.0,0.8589588649936128,0.8589588649936128,0.8589588649936128,1.0,1.0,1.0,1.0,0.7234042553191489,0.6266532387728293,0.8046712396886576,0.7156622392307435,0.06666666666666667,0.13333333333333333,0.36363636363636365,0.7575757575757576,82.0,0.0,0.0,0.054067221270279534,36.0,0.0,0.0,0.6863674935745644,0.0
gtzan/gtzan_blues_00069/track.npy,gtzan,0.9374999999999999,0.8310561927761725,0.8310561927761725,0.8310561927761725,0.36363636363636365,0.8181818181818182,0.36363636363636365,0.8181818181818182,0.6153846153846153,0.600514002316162,0.8267657067130547,0.7136398545146083,0.0,0.0,0.6666666666666666,0.7777777777777778,38.0,0.0,0.0,0.6745937370578607,21.0,0.0,0.0,0.6799019538099227,0.0
gtzan/gtzan_blues_00070/track.npy,gtzan,1.0,0.9079178838580266,0.9079178838580266,0.9079178838580266,1.0,1.0,1.0,1.0,0.6521739130434783,0.6039110847165409,0.8922817872859763,0.7480964360012585,0.0,0.0,0.9354838709677419,0.9354838709677419,74.0,0.0,0.0,0.060854318785240835,37.0,0.0,0.0,0.04879016416943094,0.0
gtzan/gtzan_blues_00071/track.npy,gtzan,1.0,0.9581755764474121,0.9581755764474121,0.9581755764474121,1.0,1.0,1.0,1.0,0.6521739130434783,0.6219106759068697,0.9381857738074637,0.7800482248571667,0.0,0.0,0.8709677419354839,0.9354838709677419,74.0,0.0,0.0,0.04933927955178899,36.0,0.0,0.0,0.2721744404500068,0.0
gtzan/gtzan_blues_00072/track.npy,gtzan,0.5132743362831858,0.45701392301136357,0.45701392301136357,0.45701392301136357,0.0,0.0,0.0,0.0,0.6086956521739131,0.516852122463147,0.7720430331685839,0.6444475778158655,0.0,0.0,0.625,0.75,100.0,0.0,0.0,0.5608710253859988,19.0,0.0,0.0,0.6830074188871003,0.0
gtzan/gtzan_blues_00073/track.npy,gtzan,0.975609756097561,0.758809773351697,0.758809773351697,0.758809773351697,1.0,1.0,1.0,1.0,0.6451612903225806,0.47981488896493474,0.7073506538923997,0.5935827714286672,0.09523809523809523,0.09523809523809523,0.5238095238095238,0.7142857142857143,51.0,0.0,0.02,0.3931858183704212,27.0,0.0,0.038461538461538464,1.520287848352901,0.0
gtzan/gtzan_blues_00074/track.npy,gtzan,0.9787234042553191,0.8621437649994473,0.8621437649994473,0.8621437649994473,0.9787234042553191,0.9787234042553191,0.9787234042553191,0.9787234042553191,0.6857142857142856,0.6464318409893903,0.8975511162942322,0.7719914786418113,0.043478260869565216,0.043478260869565216,0.8260869565217391,0.9130434782608695,56.0,0.0,0.0,0.07410797215372678,27.0,0.0,0.0,0.5729606564898911,0.0
gtzan/gtzan_blues_00075/track.npy,gtzan,1.0,0.910169715956542,0.910169715956542,0.910169715956542,1.0,1.0,1.0,1.0,1.0,0.8990030195714058,0.8990030195714058,0.8990030195714058,1.0,1.0,1.0,1.0,59.0,0.0,0.0,0.04000533461369864,15.0,0.0,0.0,0.011779312752854347,0.0
gtzan/gtzan_blues_00076/track.npy,gtzan,1.0,0.8242910189762006,0.8242910189762006,0.8242910189762006,1.0,1.0,1.0,1.0,0.4,0.3113019146586269,0.3891273933232836,0.35021465399095525,0.0,0.0,0.0,0.0,58.0,0.0,0.0,0.07696104113612678,30.0,0.0,0.0,0.7323678937132275,0.0
gtzan/gtzan_blues_00077/track.npy,gtzan,0.9838709677419355,0.8941119941994721,0.8941119941994721,0.8941119941994721,0.9838709677419355,0.9838709677419355,0.9838709677419355,0.9838709677419355,0.9090909090909091,0.8267942381493356,0.8267942381493356,0.8267942381493356,0.3888888888888889,0.6666666666666666,0.3888888888888889,0.6666666666666666,74.0,0.0,0.0,0.10008345855698178,21.0,0.0,0.0,0.6765313240041846,0.0
gtzan/gtzan_blues_00078/track.npy,gtzan,0.445859872611465,0.30643321791459177,0.35221047196019684,0.3293218449373943,0.03,0.04,0.24561403508771928,0.5087719298245614,0.24390243902439027,0.21444515892562374,0.3140089827125205,0.2642270708190721,0.0,0.0,0.5,0.5625,76.0,0.05333333333333334,0.08,0.6989297365995646,23.0,0.0,0.0,2.0281482472922847,0.0
gtzan/gtzan_blues_00079/track.npy,gtzan,0.9393939393939394,0.864664602742525,0.864664602742525,0.864664602742525,0.7121212121212122,0.8787878787878788,0.7121212121212122,0.8787878787878788,0.6382978723404255,0.6016243132781103,0.7178544862140631,0.6597393997460868,0.06451612903225806,0.16129032258064516,0.5161290322580645,0.5483870967741935,79.0,0.0,0.02564102564102564,0.2721087768719221,36.0,0.0,0.02857142857142857,0.9603108370694883,0.0
gtzan/gtzan_blues_00080/track.npy,gtzan,1.0,0.909175495799277,0.909175495799277,0.909175495799277,1.0,1.0,1.0,1.0,1.0,0.8944749589523034,0.8944749589523034,0.8944749589523034,1.0,1.0,1.0,1.0,59.0,0.0,0.0,0.0392207131532815,15.0,0.0,0.0,0.021697360205238006,0.0
gtzan/gtzan_blues_00081/track.npy,gtzan,0.8143712574850299,0.7527724943933395,0.7527724943933395,0.7527724943933395,0.6744186046511628,0.6976744186046512,0.6744186046511628,0.6976744186046512,0.6545454545454545,0.6120533319544774,0.7241626172248585,0.668107974589668,0.15151515151515152,0.21212121212121213,0.4883720930232558,0.5348837209302325,98.0,0.0,0.010309278350515464,0.41527028639647245,42.0,0.0,0.0,0.6853512081385608,0.0
gtzan/gtzan_blues_00082/track.npy,gtzan,1.0,0.9064274298085362,0.9064274298085362,0.9064274298085362,0.9811320754716981,0.9811320754716981,0.9811320754716981,0.9811320754716981,0.9032258064516129,0.7872457529640129,0.7872457529640129,0.7872457529640129,0.35294117647058826,0.6470588235294118,0.35294117647058826,0.6470588235294118,63.0,0.0,0.0,0.06317890162153206,19.0,0.0,0.0,0.699507644209805,0.0
gtzan/gtzan_blues_00083/track.npy,gtzan,1.0,0.9790412110963558,0.9790412110963558,0.9790412110963558,1.0,1.0,1.0,1.0,0.6222222222222222,0.6105746085267558,0.9146545661913095,0.7626145873590326,0.0,0.0,0.5161290322580645,0.7741935483870968,67.0,0.0,0.0,0.04445176257083683,38.0,0.0,0.0,0.704197016746532,0.0
gtzan/gtzan_blues_00084/track.npy,gtzan,1.0,0.8658387632036917,0.8658387632036917,0.8658387632036917,1.0,1.0,1.0,1.0,1.0,0.8861048162701911,0.8861048162701911,0.8861048162701911,1.0,1.0,1.0,1.0,56.0,0.0,0.0,0.03774032798284861,14.0,0.0,0.0,0.013793322132335962,0.0
gtzan/gtzan_blues_00085/track.npy,gtzan,1.0,0.9239157915756837,0.9239157915756837,0.9239157915756837,1.0,1.0,1.0,1.0,0.6666666666666666,0.637000044559506,0.9295694546775933,0.7832847496185497,0.0,0.0,0.9666666666666667,0.9666666666666667,72.0,0.0,0.0,0.12099004182731962,36.0,0.0,0.0,0.04840792364092243,0.0
gtzan/gtzan_blues_00086/track.npy,gtzan,0.9902912621359222,0.8993196031015378,0.8993196031015378,0.8993196031015378,0.9807692307692307,0.9807692307692307,0.9807692307692307,0.9807692307692307,0.6666666666666667,0.6018573913105363,0.8701152968242555,0.7359863440673959,0.043478260869565216,0.043478260869565216,0.68,0.84,62.0,0.0,0.0,0.083381608939051,27.0,0.0,0.0,0.7299286336166957,0.0
gtzan/gtzan_blues_00087/track.npy,gtzan,0.9931972789115647,0.8760858426885769,0.8760858426885769,0.8760858426885769,0.9864864864864865,0.9864864864864865,0.9864864864864865,0.9864864864864865,0.6666666666666666,0.5648133817959975,0.8517601191183368,0.7082867504571672,0.0,0.0,0.9722222222222222,0.9722222222222222,89.0,0.0,0.0,0.11778303565638866,44.0,0.0,0.0,0.02983100925251142,0.0
gtzan/gtzan_blues_00088/track.npy,gtzan,0.0945945945945946,0.0803865545625215,0.6339678356187256,0.35717719509062357,0.0,0.0,0.3116883116883117,0.7792207792207793,0.04081632653061224,0.041059815353722946,0.05011110507892935,0.045585460216326146,0.22580645161290322,0.22580645161290322,0.22580645161290322,0.22580645161290322,95.0,0.0,0.11702127659574468,0.5306282510621736,42.0,0.0,0.07317073170731707,1.730670052511992,0.0
gtzan/gtzan_blues_00089/track.npy,gtzan,0.8791208791208792,0.7580476302465752,0.7580476302465752,0.7580476302465752,0.4782608695652174,0.8695652173913043,0.4782608695652174,0.8695652173913043,0.3111111111111111,0.2772294134307306,0.407167803232352,0.3421986083315413,0.0,0.0,0.029411764705882353,0.029411764705882353,55.0,0.0,0.0,0.3707396727424221,40.0,0.0,0.0,0.9099479993569848,0.0
gtzan/gtzan_blues_00090/track.npy,gtzan,1.0,0.8685191325738945,0.8685191325738945,0.8685191325738945,1.0,1.0,1.0,1.0,0.967741935483871,0.8331084979098179,0.8331084979098179,0.8331084979098179,0.9375,0.9375,0.9375,0.9375,71.0,0.0,0.0,0.09531017980433143,19.0,0.0,0.0,0.17070245438012652,0.0
gtzan/gtzan_blues_00091/track.npy,gtzan,1.0,0.9359522535971405,0.9359522535971405,0.9359522535971405,1.0,1.0,1.0,1.0,0.5945945945945945,0.5837356213424485,0.9124335863479335,0.7480846038451909,0.0,0.0,0.44,0.84,63.0,0.0,0.0,0.10536051565782789,30.0,0.0,0.0,0.7035099675954913,0.0
gtzan/gtzan_blues_00092/track.npy,gtzan,0.40963855421686746,0.33891498087326166,0.4025820845391488,0.3707485327062052,0.0,0.0,0.0,0.0,0.6666666666666667,0.5289750013984822,0.5289750013984822,0.5289750013984822,0.11764705882352941,0.35294117647058826,0.11764705882352941,0.35294117647058826,40.0,0.0,0.0,0.15476167863540294,20.0,0.0,0.0,1.1008040316089138,0.0
gtzan/gtzan_blues_00093/track.npy,gtzan,0.6796116504854369,0.5709275509866804,0.7076170749509013,0.6392723129687908,0.045454545454545456,0.12121212121212122,0.2328767123287671,0.6986301369863014,0.4444444444444444,0.40226925455215223,0.40226925455215223,0.40226925455215223,0.0,0.0,0.037037037037037035,0.037037037037037035,76.0,0.0,0.0,0.762148270550449,33.0,0.0,0.0,1.1290236192815715,0.0
gtzan/gtzan_blues_00094/track.npy,gtzan,0.9767441860465116,0.8559726455850307,0.8559726455850307,0.8559726455850307,1.0,1.0,1.0,1.0,0.6060606060606061,0.5523068960773914,0.7932997008658493,0.6728032984716203,0.0,0.0,0.9545454545454546,0.9545454545454546,52.0,0.0,0.0,0.07729250663492643,27.0,0.0,0.0,0.05194805874004725,0.0
gtzan/gtzan_blues_00095/track.npy,gtzan,0.5837837837837838,0.48438815716806854,0.5698632430049319,0.5271257000865002,0.09375,0.1015625,0.09375,0.15625,0.24719101123595508,0.18615789406505803,0.2964519107940439,0.241304902429551,0.0,0.0,0.013333333333333334,0.013333333333333334,155.0,0.3116883116883117,0.7077922077922078,0.6931471805599452,89.0,0.056818181818181816,0.3181818181818182,1.4774432932039783,0.0
gtzan/gtzan_blues_00096/track.npy,gtzan,0.43243243243243235,0.3502493781477011,0.5284509027031907,0.4393501404254459,0.0,0.0,0.20408163265306123,0.5510204081632653,0.3333333333333333,0.2947968419064102,0.3192451099119519,0.30702097590918104,0.0,0.0,0.043478260869565216,0.08695652173913043,58.0,0.0,0.05263157894736842,0.8379227383140304,27.0,0.0,0.0,0.777088580568965,0.0
gtzan/gtzan_blues_00097/track.npy,gtzan,0.5827814569536425,0.5380244523457137,0.7728312416632551,0.6554278470044844,0.0,0.0,0.7307692307692307,0.7692307692307693,0.0,2.7303957384782518e-05,0.07172355586307057,0.03587542991022768,0.0,0.0,0.04,0.08,62.0,0.0,0.0,0.22455209516254807,30.0,0.0,0.0,0.7094335495333394,0.0
gtzan/gtzan_blues_00098/track.npy,gtzan,1.0,0.9273815723134055,0.9273815723134055,0.9273815723134055,1.0,1.0,1.0,1.0,0.962962962962963,0.9036467292028147,0.9036467292028147,0.9036467292028147,0.9285714285714286,0.9285714285714286,0.9285714285714286,0.9285714285714286,63.0,0.0,0.0,0.04255961441880263,17.0,0.0,0.0,0.20912685709805282,0.0
gtzan/gtzan_blues_00099/track.npy,gtzan,0.9743589743589743,0.8362796939815624,0.8362796939815624,0.8362796939815624,0.5641025641025641,0.9743589743589743,0.5641025641025641,0.9743589743589743,0.47368421052631576,0.40936863078928437,0.40936863078928437,0.40936863078928437,0.0,0.0,0.04,0.04,47.0,0.0,0.0,0.06214120994835392,30.0,0.0,0.0,0.7220195085579891,0.0
gtzan/gtzan_classical_00000/track.npy,gtzan,0.7358490566037735,0.6720238218391827,0.8368884363138787,0.7544561290765307,0.13432835820895522,0.16417910447761194,0.5194805194805194,0.7012987012987013,0.6,0.5752595472418792,0.8998198866781438,0.7375397169600115,0.0,0.0,0.75,0.85,75.0,0.0,0.0,0.17570709496267697,24.0,0.0,0.0,1.145892247324158,0.0
gtzan/gtzan_classical_00001/track.npy,gtzan,0.8085106382978723,0.5804429473598505,0.5804429473598505,0.5804429473598505,0.3404255319148936,0.8085106382978723,0.3404255319148936,0.8085106382978723,0.27906976744186046,0.163711831575621,0.163711831575621,0.163711831575621,0.037037037037037035,0.037037037037037035,0.037037037037037035,0.1111111111111111,57.0,0.0,0.0,0.17631208514204552,33.0,0.0,0.0,1.1787836137057006,0.0
gtzan/gtzan_classical_00002/track.npy,gtzan,0.9759036144578314,0.811178061573523,0.811178061573523,0.811178061573523,0.5783132530120482,0.891566265060241,0.5783132530120482,0.891566265060241,0.625,0.5402739954345037,0.653531142382885,0.5969025689086944,0.046511627906976744,0.09302325581395349,0.11627906976744186,0.4418604651162791,100.0,0.0,0.0,0.2682639865946738,54.0,0.0,0.0,1.1731441927769748,0.0
gtzan/gtzan_classical_00003/track.npy,gtzan,0.5526315789473685,0.46095972598894797,0.5745673042782261,0.5177635151335871,0.14285714285714285,0.14285714285714285,0.20754716981132076,0.5660377358490566,0.09523809523809523,0.0491624451376672,0.060730079287706545,0.05494626221268688,0.0,0.0,0.0,0.0,61.0,0.0,0.0,0.6955002303009646,19.0,0.0,0.0,1.4778430748493026,0.0
gtzan/gtzan_classical_00004/track.npy,gtzan,0.9411764705882353,0.6810678561675385,0.6810678561675385,0.6810678561675385,0.5882352941176471,0.8970588235294118,0.5882352941176471,0.8970588235294118,0.7619047619047621,0.5826901974982841,0.5904678480353799,0.5865790227668319,0.08,0.28,0.12121212121212122,0.36363636363636365,81.0,0.0,0.0,0.28768207245176863,29.0,0.0,0.0,1.1500363210337405,0.0
gtzan/gtzan_classical_00005/track.npy,gtzan,0.859375,0.5569524557465549,0.5569524557465549,0.5569524557465549,0.44285714285714284,0.6285714285714286,0.44285714285714284,0.6285714285714286,0.4727272727272728,0.3347842923411863,0.3347842923411863,0.3347842923411863,0.027777777777777776,0.08333333333333333,0.027777777777777776,0.08333333333333333,82.0,0.0,0.07407407407407407,0.28841201242284104,41.0,0.0,0.0,1.1536139029456256,0.0
gtzan/gtzan_classical_00006/track.npy,gtzan,0.7073170731707318,0.5521942395462719,0.5521942395462719,0.5521942395462719,0.35714285714285715,0.6904761904761905,0.35714285714285715,0.6904761904761905,0.3225806451612903,0.2510734989332262,0.3386405756992204,0.2948570373162233,0.0,0.0,0.047619047619047616,0.14285714285714285,50.0,0.0,0.0,0.276205634463731,26.0,0.0,0.0,1.0375366204677408,0.0
gtzan/gtzan_classical_00007/track.npy,gtzan,0.6315789473684211,0.449404792487346,0.5215925741636964,0.4854986833255212,0.08695652173913043,0.18840579710144928,0.08695652173913043,0.3707865168539326,0.29508196721311475,0.24342536671830606,0.3581397579933129,0.30078256235580947,0.02564102564102564,0.02564102564102564,0.06976744186046512,0.23255813953488372,85.0,0.023809523809523808,0.047619047619047616,0.7921624026542747,46.0,0.022222222222222223,0.022222222222222223,1.2632870560508052,0.0
gtzan/gtzan_classical_00008/track.npy,gtzan,0.912280701754386,0.7230316680730325,0.7230316680730325,0.7230316680730325,0.7241379310344828,0.8793103448275862,0.7241379310344828,0.8793103448275862,0.5416666666666667,0.42723800740770396,0.4557408160564729,0.44148941173208844,0.0,0.0,0.029411764705882353,0.11764705882352941,70.0,0.0,0.0,0.18232155679395437,40.0,0.0,0.0,1.1650216280093064,0.0
gtzan/gtzan_classical_00009/track.npy,gtzan,0.18750000000000003,0.15394093686231355,0.1560198886698603,0.15498041276608693,0.10256410256410256,0.23076923076923078,0.10256410256410256,0.23076923076923078,0.10526315789473684,0.07298823623124169,0.08151577640140831,0.077252006316325,0.0,0.0,0.23076923076923078,0.3076923076923077,44.0,0.023255813953488372,0.023255813953488372,1.3549780053094194,18.0,0.0,0.0,1.001196505814781,0.0
gtzan/gtzan_classical_00010/track.npy,gtzan,0.6031746031746033,0.3976066652666537,0.5937770748117533,0.49569187003920356,0.04878048780487805,0.04878048780487805,0.09195402298850575,0.5517241379310345,0.26086956521739124,0.15021135530908572,0.22609384081526465,0.18815259806217519,0.0,0.0,0.02857142857142857,0.05714285714285714,94.0,0.0,0.0,0.4462144874121142,42.0,0.0,0.0,1.152359065359388,0.0
gtzan/gtzan_classical_00011/track.npy,gtzan,0.6388888888888888,0.47139796278115703,0.47139796278115703,0.47139796278115703,0.55,0.6,0.55,0.6,0.35714285714285715,0.20784147826622498,0.40340946642157355,0.30562547234389925,0.05,0.05,0.05,0.2,45.0,0.0,0.0,0.5825587014040249,24.0,0.0,0.0,1.0657110764470694,0.0
gtzan/gtzan_classical_00012/track.npy,gtzan,0.6410256410256411,0.48749467645148115,0.48749467645148115,0.48749467645148115,0.6,0.625,0.6,0.625,0.18181818181818185,0.11257255397773122,0.11257255397773122,0.11257255397773122,0.0,0.0,0.07692307692307693,0.07692307692307693,48.0,0.0,0.02127659574468085,1.2282487823141264,17.0,0.0,0.0,1.4180262965062012,0.0
gtzan/gtzan_classical_00013/track.npy,gtzan,0.9230769230769231,0.715283958470857,0.715283958470857,0.715283958470857,0.7692307692307693,0.9423076923076923,0.7692307692307693,0.9423076923076923,0.43478260869565216,0.34858160091265294,0.34858160091265294,0.34858160091265294,0.0,0.0,0.0,0.0,63.0,0.0,0.0,0.08701137698962991,32.0,0.0,0.0,1.3792650715472798,0.0
gtzan/gtzan_classical_00014/track.npy,gtzan,0.8070175438596491,0.5956477252098374,0.5956477252098374,0.5956477252098374,0.29508196721311475,0.6557377049180327,0.29508196721311475,0.6557377049180327,0.65,0.46648459641784645,0.46946105101008057,0.46797282371396354,0.12,0.24,0.20689655172413793,0.27586206896551724,65.0,0.0,0.0,0.6826111289941617,31.0,0.0,0.0,1.3398187471030458,0.0
gtzan/gtzan_classical_00015/track.npy,gtzan,0.6285714285714286,0.5065340450625169,0.5065340450625169,0.5065340450625169,0.43243243243243246,0.7297297297297297,0.43243243243243246,0.7297297297297297,0.26666666666666666,0.2372247309773545,0.39443485246757454,0.3158297917224645,0.0,0.0,0.14285714285714285,0.23809523809523808,47.0,0.0,0.0,0.6369153636543194,24.0,0.0,0.0,0.994250927222536,0.0
gtzan/gtzan_classical_00016/track.npy,gtzan,0.8095238095238095,0.6220751824148244,0.6220751824148244,0.6220751824148244,0.9285714285714286,0.9285714285714286,0.9285714285714286,0.9285714285714286,0.43999999999999995,0.3398887023892236,0.3398887023892236,0.3398887023892236,0.0,0.0,0.027777777777777776,0.027777777777777776,52.0,0.0,0.0392156862745098,0.7998856283411809,41.0,0.0,0.0,1.1492636239310465,0.0
gtzan/gtzan_classical_00017/track.npy,gtzan,0.6129032258064517,0.4583311401066092,0.4819900469484462,0.4701605935275277,0.136986301369863,0.2465753424657534,0.1568627450980392,0.39215686274509803,0.6122448979591837,0.4105135810405497,0.5048132903332534,0.45766343568690154,0.0967741935483871,0.1935483870967742,0.2857142857142857,0.6285714285714286,58.0,0.0,0.0,0.6720190228349197,36.0,0.0,0.0,0.7211021516878592,0.0
gtzan/gtzan_classical_00018/track.npy,gtzan,0.2894736842105263,0.2319521169506482,0.2319521169506482,0.2319521169506482,0.09302325581395349,0.2558139534883721,0.09302325581395349,0.2558139534883721,0.25,0.2310489266458811,0.2310489266458811,0.2310489266458811,0.0625,0.0625,0.3125,0.375,50.0,0.0,0.0,0.6099477881650882,19.0,0.0,0.0,1.5220617158966807,0.0
gtzan/gtzan_classical_00019/track.npy,gtzan,0.7469879518072289,0.47129205154300313,0.47129205154300313,0.47129205154300313,0.5581395348837209,0.6976744186046512,0.5581395348837209,0.6976744186046512,0.19354838709677416,0.1576557996211167,0.1629888672936862,0.16032233345740143,0.0,0.0,0.047619047619047616,0.047619047619047616,54.0,0.0,0.0,0.9903034069904428,23.0,0.0,0.0,1.1960676248188247,0.0
gtzan/gtzan_classical_00020/track.npy,gtzan,0.847457627118644,0.6612852950682113,0.6612852950682113,0.6612852950682113,0.6610169491525424,0.847457627118644,0.6610169491525424,0.847457627118644,0.6808510638297872,0.542862685140187,0.542862685140187,0.542862685140187,0.1111111111111111,0.3333333333333333,0.1111111111111111,0.3333333333333333,70.0,0.0,0.0,0.1397619423751626,34.0,0.0,0.0,1.1574957795399579,0.0
gtzan/gtzan_classical_00021/track.npy,gtzan,0.6071428571428571,0.5032013981431563,0.7541785831106645,0.6286899906269104,0.0,0.0,0.5892857142857143,0.8928571428571429,0.84,0.6989589628122072,0.6989589628122072,0.6989589628122072,0.39285714285714285,0.5714285714285714,0.39285714285714285,0.5714285714285714,68.0,0.0,0.0,0.13896534053279772,28.0,0.0,0.0,0.5185915261744461,0.0
gtzan/gtzan_classical_00022/track.npy,gtzan,0.8089887640449439,0.6449101032443545,0.6449101032443545,0.6449101032443545,0.5,0.625,0.5,0.625,0.48648648648648646,0.40361820681445953,0.5291514093435379,0.46638480807899874,0.0,0.0,0.3333333333333333,0.4444444444444444,58.0,0.0,0.0,0.5238616156280054,31.0,0.0,0.0,1.306811099688226,0.0
gtzan/gtzan_classical_00023/track.npy,gtzan,0.33766233766233766,0.2784598332745231,0.2784598332745231,0.2784598332745231,0.3333333333333333,0.4358974358974359,0.3333333333333333,0.4358974358974359,0.24000000000000002,0.19183164515828907,0.2651027882815804,0.22846721671993475,0.15384615384615385,0.23076923076923078,0.16666666666666666,0.25,47.0,0.0,0.0,0.2295827432619727,17.0,0.0,0.0,1.1533199722967094,0.0
gtzan/gtzan_classical_00024/track.npy,gtzan,0.9606299212598425,0.807005539662984,0.807005539662984,0.807005539662984,0.875,0.9375,0.875,0.9375,0.5,0.44425625344143954,0.44425625344143954,0.44425625344143954,0.029411764705882353,0.058823529411764705,0.058823529411764705,0.08823529411764706,76.0,0.0,0.0,0.19151606632237073,42.0,0.0,0.0,1.084369835071109,0.0
gtzan/gtzan_classical_00025/track.npy,gtzan,0.9454545454545454,0.8032828061127579,0.8032828061127579,0.8032828061127579,0.8,0.9636363636363636,0.8,0.9636363636363636,0.65,0.5708792173901776,0.7760851057121736,0.6734821615511756,0.07692307692307693,0.07692307692307693,0.8888888888888888,0.8888888888888888,66.0,0.0,0.0,0.1296462833596964,30.0,0.0,0.0,0.4635807770757425,0.0
gtzan/gtzan_classical_00026/track.npy,gtzan,0.5544554455445545,0.3330704984983867,0.38540963504345316,0.3592400667709199,0.15873015873015872,0.15873015873015872,0.4473684210526316,0.631578947368421,0.7222222222222223,0.44791116635246336,0.44791116635246336,0.44791116635246336,0.25,0.3,0.25,0.3548387096774194,46.0,0.0,0.0,0.6351836363291793,27.0,0.0,0.0,1.2343628396009712,0.0
gtzan/gtzan_classical_00027/track.npy,gtzan,0.325,0.2968377546082187,0.45910171049077947,0.37796973254949906,0.0,0.0,0.3114754098360656,0.39344262295081966,0.07407407407407407,0.0690446290636695,0.08105239063995984,0.07504850985181466,0.05263157894736842,0.10526315789473684,0.05263157894736842,0.10526315789473684,54.0,0.0,0.0,0.850085335861661,22.0,0.0,0.0,1.1020034184850478,0.0
gtzan/gtzan_classical_00028/track.npy,gtzan,0.5858585858585859,0.4753739897279448,0.6896559892697763,0.5825149894988606,0.0,0.0,0.3582089552238806,0.7761194029850746,0.5882352941176471,0.4908606429453175,0.6307871424283809,0.5608238926868492,0.043478260869565216,0.043478260869565216,0.17391304347826086,0.5652173913043478,78.0,0.0,0.0,0.48951546809731683,27.0,0.0,0.0,1.144397103190086,0.0
gtzan/gtzan_classical_00029/track.npy,gtzan,0.6436781609195403,0.4947786646856014,0.7272495356642497,0.6110141001749255,0.0,0.0,0.8620689655172413,0.9655172413793104,0.47058823529411764,0.34490115639421903,0.5415833807691374,0.4432422685816782,0.0,0.0,0.038461538461538464,0.038461538461538464,68.0,0.0,0.0,0.14489309123768754,31.0,0.0,0.0,0.9364615694362488,0.0
gtzan/gtzan_classical_00030/track.npy,gtzan,0.43396226415094336,0.3084667925583909,0.3084667925583909,0.3084667925583909,0.17857142857142858,0.35714285714285715,0.17857142857142858,0.35714285714285715,0.25,0.234109670064199,0.28958315095438103,0.26184641050929003,0.027777777777777776,0.027777777777777776,0.08333333333333333,0.19444444444444445,73.0,0.0,0.05555555555555555,0.5326631555173201,48.0,0.0,0.0425531914893617,1.4085771309684882,0.0
gtzan/gtzan_classical_00031/track.npy,gtzan,0.5849056603773585,0.49413311030968454,0.49413311030968454,0.49413311030968454,0.26666666666666666,0.31666666666666665,0.26666666666666666,0.31666666666666665,0.2456140350877193,0.17361785242037528,0.22075774873918147,0.19718780057977836,0.0,0.0,0.0,0.0,81.0,0.0375,0.25,1.0513109857480534,61.0,0.016666666666666666,0.16666666666666666,1.0399623507367675,0.0
gtzan/gtzan_classical_00032/track.npy,gtzan,0.09836065573770492,0.08660778411813568,0.11716173053459282,0.10188475732636425,0.02702702702702703,0.02702702702702703,0.02702702702702703,0.0425531914893617,0.0,0.00017466769810222985,0.0008845800078581933,0.0005296238529802115,0.0,0.0,0.07692307692307693,0.07692307692307693,45.0,0.0,0.0,1.5793398305473754,14.0,0.0,0.0,1.9886551549233906,0.0
gtzan/gtzan_classical_00033/track.npy,gtzan,0.20454545454545456,0.15014002581641375,0.2231942365168095,0.18666713116661163,0.09090909090909091,0.22727272727272727,0.09090909090909091,0.22727272727272727,0.07407407407407407,0.06941421392690837,0.08791584251301135,0.07866502821995985,0.0625,0.0625,0.0625,0.0625,55.0,0.0,0.0,1.256265285109376,18.0,0.0,0.0,2.070950568885767,0.0
gtzan/gtzan_classical_00034/track.npy,gtzan,0.19718309859154928,0.16540510927321714,0.220072807848866,0.19273895856104156,0.0,0.0,0.11320754716981132,0.1509433962264151,0.08,0.04011362066610109,0.047754223907898255,0.043933922286999674,0.0,0.0,0.05555555555555555,0.05555555555555555,54.0,0.0,0.0,0.6318570897982932,23.0,0.0,0.0,0.9946225751440642,0.0
gtzan/gtzan_classical_00035/track.npy,gtzan,0.7258064516129032,0.6185892072611735,0.6185892072611735,0.6185892072611735,0.4603174603174603,0.5396825396825397,0.4603174603174603,0.5396825396825397,0.41379310344827586,0.35425082404082414,0.40153978165098475,0.37789530284590445,0.02702702702702703,0.02702702702702703,0.14634146341463414,0.17073170731707318,74.0,0.0,0.0,0.5688053993473174,44.0,0.0,0.0,0.8915011679225534,0.0
gtzan/gtzan_classical_00036/track.npy,gtzan,0.31884057971014496,0.21444351514618987,0.31661916813878244,0.26553134164248615,0.041666666666666664,0.0625,0.14583333333333334,0.25,0.18750000000000003,0.09907037335643268,0.12917974365797327,0.11412505850720298,0.0,0.0,0.037037037037037035,0.037037037037037035,56.0,0.0,0.03636363636363636,1.245466623792262,32.0,0.0,0.03225806451612903,1.7286919449146556,0.0
gtzan/gtzan_classical_00037/track.npy,gtzan,0.44247787610619466,0.34589124659370735,0.34589124659370735,0.34589124659370735,0.13559322033898305,0.3050847457627119,0.13559322033898305,0.3050847457627119,0.1702127659574468,0.15934745173942044,0.230864596476221,0.19510602410782074,0.0,0.0,0.058823529411764705,0.14705882352941177,70.0,0.0,0.0,0.5517323668075951,41.0,0.0,0.0,1.1267811714041907,0.0
gtzan/gtzan_classical_00038/track.npy,gtzan,0.32,0.19991683137215546,0.21889999175390293,0.2094084115630292,0.06818181818181818,0.09090909090909091,0.11475409836065574,0.14754098360655737,0.17142857142857143,0.11691065290964257,0.11691065290964257,0.11691065290964257,0.0,0.0,0.0,0.0,52.0,0.0,0.0,0.6415949144526266,32.0,0.0,0.0,1.2742173022021714,0.0
gtzan/gtzan_classical_00039/track.npy,gtzan,0.1917808219178082,0.13377730384386818,0.20954871540228598,0.17166300962307707,0.022222222222222223,0.022222222222222223,0.03636363636363636,0.14545454545454545,0.06666666666666667,0.0626716100275765,0.09466136411725332,0.07866648707241491,0.0,0.0,0.043478260869565216,0.043478260869565216,52.0,0.0392156862745098,0.11764705882352941,1.3647006119260465,27.0,0.0,0.0,1.7090613822789067,0.0
gtzan/gtzan_classical_00040/track.npy,gtzan,0.28571428571428575,0.22385991420079027,0.2744586093342574,0.24915926176752384,0.057692307692307696,0.17307692307692307,0.057692307692307696,0.17307692307692307,0.0,0.0011009864823876177,0.14631589040419096,0.0737084384432893,0.0,0.0,0.07692307692307693,0.11538461538461539,61.0,0.0,0.0,0.64310099571485,29.0,0.0,0.0,1.500005722947535,0.0
gtzan/gtzan_classical_00041/track.npy,gtzan,0.14084507042253522,0.0880085129447696,0.1931779643553074,0.1405932386500385,0.0,0.0,0.08333333333333333,0.20833333333333334,0.08695652173913045,0.07598822811564894,0.08738646233164557,0.08168734522364726,0.0,0.0,0.0,0.0,60.0,0.0,0.0,0.6971474176222707,21.0,0.0,0.0,2.3795461341301745,0.0
gtzan/gtzan_classical_00042/track.npy,gtzan,0.6229508196721312,0.4571138909336675,0.6500607282070016,0.5535873095703345,0.012345679012345678,0.012345679012345678,0.2839506172839506,0.7283950617283951,0.48148148148148157,0.3494559937398438,0.5081744525936739,0.42881522316675885,0.0,0.0,0.15,0.3,98.0,0.0,0.010309278350515464,0.26040633932362306,49.0,0.0,0.0,1.1399152070185923,0.0
gtzan/gtzan_classical_00043/track.npy,gtzan,0.7326732673267328,0.5338397777374131,0.5338397777374131,0.5338397777374131,0.17647058823529413,0.6274509803921569,0.17647058823529413,0.6274509803921569,0.5517241379310345,0.4290594961375035,0.4290594961375035,0.4290594961375035,0.1875,0.25,0.24,0.32,61.0,0.0,0.0,0.5005070322276752,20.0,0.0,0.0,1.3472337203443043,0.0
gtzan/gtzan_classical_00044/track.npy,gtzan,0.3209876543209876,0.24713156783230675,0.317844554817303,0.28248806132480486,0.0425531914893617,0.0851063829787234,0.06382978723404255,0.0851063829787234,0.13333333333333333,0.1119891293527223,0.24838765480314764,0.18018839207793497,0.047619047619047616,0.047619047619047616,0.047619047619047616,0.047619047619047616,60.0,0.0,0.0,0.62287963324837,27.0,0.0,0.0,1.4228134945627164,0.0
gtzan/gtzan_classical_00045/track.npy,gtzan,0.7912087912087913,0.616915888828746,0.616915888828746,0.616915888828746,0.5686274509803921,0.5686274509803921,0.5686274509803921,0.5686274509803921,0.5882352941176471,0.43304169221021827,0.5277094928534933,0.4803755925318558,0.041666666666666664,0.08333333333333333,0.08333333333333333,0.2916666666666667,59.0,0.0,0.0,0.20260256716561162,30.0,0.0,0.0,1.349865554867249,0.0
gtzan/gtzan_classical_00046/track.npy,gtzan,0.5,0.30977675934090887,0.3390339238317446,0.3244053415863267,0.14285714285714285,0.2698412698412698,0.14285714285714285,0.2698412698412698,0.26666666666666666,0.1394959404803099,0.1528834739716195,0.1461897072259647,0.0,0.0,0.06451612903225806,0.16129032258064516,75.0,0.0,0.04054054054054054,0.8195920834264845,37.0,0.0,0.0,0.971383380004405,0.0
gtzan/gtzan_classical_00047/track.npy,gtzan,0.18181818181818182,0.15959819236233402,0.2023726650144654,0.18098542868839973,0.0,0.0,0.05405405405405406,0.08108108108108109,0.0,0.001496309316476921,0.0017100671479237006,0.0016031882322003108,0.09090909090909091,0.09090909090909091,0.09090909090909091,0.09090909090909091,50.0,0.0,0.0,1.221746303546155,13.0,0.0,0.0,1.6544738240054706,0.0
gtzan/gtzan_classical_00048/track.npy,gtzan,0.36697247706422015,0.26567933194748083,0.37878626640122204,0.32223279917435144,0.0136986301369863,0.0273972602739726,0.1095890410958904,0.2602739726027397,0.23076923076923078,0.15338708626610514,0.20916609056363628,0.1812765884148707,0.0,0.0,0.0,0.0,88.0,0.011494252873563218,0.04597701149425287,0.6495974658371387,50.0,0.0,0.0,1.3850430087941983,0.0
gtzan/gtzan_classical_00049/track.npy,gtzan,0.35294117647058826,0.2738212503868663,0.33670261127825096,0.3052619308325586,0.014084507042253521,0.014084507042253521,0.1267605633802817,0.19718309859154928,0.21739130434782608,0.18799188323009416,0.22462528787674435,0.20630858555341924,0.0,0.0,0.07894736842105263,0.07894736842105263,85.0,0.03571428571428571,0.15476190476190477,0.7923501961366949,44.0,0.046511627906976744,0.11627906976744186,1.5365820666996852,0.0
gtzan/gtzan_classical_00050/track.npy,gtzan,0.3055555555555556,0.19870494914038453,0.25888001144403877,0.22879248029221166,0.043478260869565216,0.08695652173913043,0.09803921568627451,0.1568627450980392,0.11764705882352941,0.09367924083875921,0.12250362263530051,0.10809143173702987,0.0,0.0,0.0,0.0,55.0,0.0,0.018518518518518517,1.1593373777336036,10.0,0.0,0.0,1.9152408393205742,0.0
gtzan/gtzan_classical_00051/track.npy,gtzan,0.6808510638297872,0.5534692563784773,0.5534692563784773,0.5534692563784773,0.125,0.4791666666666667,0.125,0.4791666666666667,0.21621621621621623,0.1839239059349493,0.436442785750598,0.31018334584277363,0.0,0.0,0.15384615384615385,0.23076923076923078,59.0,0.0,0.034482758620689655,0.7494252290287265,30.0,0.0,0.0,1.0127499506122395,0.0
gtzan/gtzan_classical_00052/track.npy,gtzan,0.9923664122137404,0.794681169235569,0.794681169235569,0.794681169235569,0.9848484848484849,0.9848484848484849,0.9848484848484849,0.9848484848484849,0.49350649350649345,0.3878912512999691,0.6541222360620759,0.5210067436810225,0.022222222222222223,0.044444444444444446,0.09523809523809523,0.47619047619047616,80.0,0.0,0.0,0.15415067982725483,55.0,0.0,0.0,1.102105760655612,0.0
gtzan/gtzan_classical_00053/track.npy,gtzan,0.8837209302325582,0.6455455171881808,0.6455455171881808,0.6455455171881808,0.2222222222222222,0.6333333333333333,0.2222222222222222,0.6333333333333333,0.6363636363636365,0.4676252228784469,0.4676252228784469,0.4676252228784469,0.08333333333333333,0.19444444444444445,0.08333333333333333,0.19444444444444445,94.0,0.0,0.07526881720430108,1.0302862668902542,45.0,0.0,0.045454545454545456,1.247296329697603,0.0
gtzan/gtzan_classical_00054/track.npy,gtzan,0.8311688311688312,0.6759275958250454,0.6759275958250454,0.6759275958250454,0.775,0.775,0.775,0.775,0.5333333333333333,0.40821646755461694,0.5259355207217131,0.46707599413816503,0.0,0.0,0.38095238095238093,0.5714285714285714,53.0,0.0,0.0,0.6915822340554817,28.0,0.0,0.0,1.1304879732542015,0.0
gtzan/gtzan_classical_00055/track.npy,gtzan,0.47058823529411764,0.2923904128573993,0.3012975056150721,0.29684395923623574,0.13793103448275862,0.13793103448275862,0.13793103448275862,0.13953488372093023,0.6956521739130435,0.404722313517113,0.404722313517113,0.404722313517113,0.25,0.4166666666666667,0.25,0.4166666666666667,36.0,0.0,0.0,0.7919155294865616,16.0,0.0,0.0,1.37480431157308,0.0
gtzan/gtzan_classical_00056/track.npy,gtzan,0.6,0.4018409820853001,0.4018409820853001,0.4018409820853001,0.1956521739130435,0.6739130434782609,0.1956521739130435,0.6739130434782609,0.5161290322580646,0.36119696011130825,0.36119696011130825,0.36119696011130825,0.29411764705882354,0.5882352941176471,0.29411764705882354,0.5882352941176471,52.0,0.0,0.0,0.793912039924701,21.0,0.0,0.0,0.894693623389335,0.0
gtzan/gtzan_classical_00057/track.npy,gtzan,0.35294117647058826,0.3019344449639586,0.31484334502018424,0.30838889499207145,0.1206896551724138,0.15517241379310345,0.1206896551724138,0.15517241379310345,0.19230769230769232,0.15534407344348247,0.2220089298128016,0.18867650162814203,0.0,0.0,0.024390243902439025,0.024390243902439025,73.0,0.0,0.09722222222222222,0.8503938455111636,49.0,0.0,0.020833333333333332,1.2853269794397966,0.0
gtzan/gtzan_classical_00058/track.npy,gtzan,0.5964912280701754,0.48574846917128767,0.48574846917128767,0.48574846917128767,0.3793103448275862,0.6551724137931034,0.3793103448275862,0.6551724137931034,0.761904761904762,0.6648256719380122,0.6648256719380122,0.6648256719380122,0.25,0.5833333333333334,0.25,0.5833333333333334,35.0,0.0,0.0,0.7071837084844506,14.0,0.0,0.0,1.1553930653006579,0.0
gtzan/gtzan_classical_00059/track.npy,gtzan,0.9074074074074074,0.80993419537267,0.80993419537267,0.80993419537267,0.5423728813559322,0.6610169491525424,0.5423728813559322,0.6610169491525424,0.5306122448979591,0.48724131542251786,0.7456075746226128,0.6164244450225653,0.0,0.0,0.1111111111111111,0.4166666666666667,76.0,0.013333333333333334,0.02666666666666667,0.6874563443064924,42.0,0.0,0.0,1.3652887035189223,0.0
gtzan/gtzan_classical_00060/track.npy,gtzan,0.99009900990099,0.9131928434707766,0.9131928434707766,0.9131928434707766,0.9803921568627451,0.9803921568627451,0.9803921568627451,0.9803921568627451,0.5853658536585366,0.5452280033691805,0.8387907376883115,0.692009370528746,0.0,0.0,0.6206896551724138,0.6551724137931034,61.0,0.0,0.0,0.060624621816430725,39.0,0.0,0.0,0.6931471805599453,0.0
gtzan/gtzan_classical_00061/track.npy,gtzan,0.984375,0.8603194058557707,0.8603194058557707,0.8603194058557707,0.640625,0.984375,0.640625,0.984375,0.5925925925925926,0.5008906292399286,0.6716279148184396,0.5862592720291842,0.02631578947368421,0.02631578947368421,0.13157894736842105,0.4473684210526316,77.0,0.0,0.0,0.17129820397924536,44.0,0.0,0.0,1.0308501658946256,0.0
gtzan/gtzan_classical_00062/track.npy,gtzan,0.4242424242424242,0.33774404649801454,0.3961755143321053,0.36695978041505994,0.016666666666666666,0.03333333333333333,0.11688311688311688,0.23376623376623376,0.5333333333333333,0.34121350094415775,0.34121350094415775,0.34121350094415775,0.3333333333333333,0.3888888888888889,0.3333333333333333,0.3888888888888889,75.0,0.0,0.0,0.4675486297318179,23.0,0.0,0.0,1.5939337258981368,0.0
gtzan/gtzan_classical_00063/track.npy,gtzan,0.9743589743589743,0.8624206007748143,0.8624206007748143,0.8624206007748143,1.0,1.0,1.0,1.0,0.5625000000000001,0.5247654700885419,0.541054437379657,0.5329099537340994,0.045454545454545456,0.09090909090909091,0.18181818181818182,0.3181818181818182,47.0,0.0,0.0,0.22911020358882161,28.0,0.0,0.0,1.2876636092261513,0.0
gtzan/gtzan_classical_00064/track.npy,gtzan,0.6578947368421052,0.5717262913379241,0.5717262913379241,0.5717262913379241,0.2564102564102564,0.5128205128205128,0.2564102564102564,0.5128205128205128,0.625,0.5443600978683709,0.5443600978683709,0.5443600978683709,0.05263157894736842,0.05263157894736842,0.12,0.2,49.0,0.0,0.0,0.8011948396327889,26.0,0.0,0.0,1.2355493426923767,0.0
gtzan/gtzan_classical_00065/track.npy,gtzan,0.5,0.3724514830989615,0.3724514830989615,0.3724514830989615,0.01904761904761905,0.02857142857142857,0.01904761904761905,0.02857142857142857,0.2692307692307692,0.20116677895675175,0.20116677895675175,0.20116677895675175,0.0,0.0,0.024390243902439025,0.024390243902439025,128.0,0.031496062992125984,0.23622047244094488,0.6061358035703222,55.0,0.0,0.1111111111111111,1.7054372509338678,0.0
gtzan/gtzan_classical_00066/track.npy,gtzan,0.8235294117647058,0.6715479838716093,0.6715479838716093,0.6715479838716093,0.18461538461538463,0.6,0.18461538461538463,0.6,0.40816326530612246,0.3359204486860588,0.42923146295185527,0.38257595581895704,0.0,0.0,0.08571428571428572,0.2857142857142857,80.0,0.0379746835443038,0.10126582278481013,0.8350152466096182,41.0,0.0,0.025,1.3402170636892836,0.0
gtzan/gtzan_classical_00067/track.npy,gtzan,0.7826086956521738,0.601175809825856,0.601175809825856,0.601175809825856,0.3404255319148936,0.6595744680851063,0.3404255319148936,0.6595744680851063,0.5161290322580645,0.45652886196027465,0.5586061443211469,0.5075675031407108,0.1,0.1,0.14285714285714285,0.38095238095238093,54.0,0.0,0.0,0.5712405559029687,25.0,0.0,0.0,1.0603743003981445,0.0
gtzan/gtzan_classical_00068/track.npy,gtzan,0.6538461538461539,0.5604060150532392,0.8446699357323999,0.7025379753928196,0.0,0.0,0.9714285714285714,0.9714285714285714,0.9444444444444444,0.8023800773163445,0.8023800773163445,0.8023800773163445,0.3684210526315789,0.7894736842105263,0.3684210526315789,0.7894736842105263,42.0,0.0,0.0,0.028831593926508393,24.0,0.0,0.0,0.7062508365856643,0.0
gtzan/gtzan_classical_00069/track.npy,gtzan,0.6857142857142857,0.41081986696443307,0.41081986696443307,0.41081986696443307,0.14285714285714285,0.35714285714285715,0.14285714285714285,0.4,0.48,0.30156931969998635,0.32789672642288176,0.314733023061434,0.0,0.0,0.6111111111111112,0.6111111111111112,49.0,0.0,0.0,0.7096185287470833,24.0,0.0,0.0,0.6147559504954021,0.0
gtzan/gtzan_classical_00070/track.npy,gtzan,0.9022556390977443,0.7347903260814972,0.7347903260814972,0.7347903260814972,0.3880597014925373,0.8507462686567164,0.3880597014925373,0.8507462686567164,0.7916666666666666,0.6865039428941909,0.6865039428941909,0.6865039428941909,0.15384615384615385,0.46153846153846156,0.15384615384615385,0.46153846153846156,80.0,0.0,0.0,0.3251214955041574,32.0,0.0,0.0,1.1059949498507862,0.0
gtzan/gtzan_classical_00071/track.npy,gtzan,0.9059829059829059,0.7244582659432387,0.7244582659432387,0.7244582659432387,0.423728813559322,0.864406779661017,0.423728813559322,0.864406779661017,0.56,0.4816837652088513,0.4816837652088513,0.4816837652088513,0.1,0.13333333333333333,0.1,0.13333333333333333,72.0,0.0,0.014084507042253521,0.21357410029805876,34.0,0.0,0.0,1.3971382593304686,0.0
gtzan/gtzan_classical_00072/track.npy,gtzan,0.8247422680412372,0.6703560489741167,0.6703560489741167,0.6703560489741167,0.4897959183673469,0.8979591836734694,0.4897959183673469,0.8979591836734694,0.35000000000000003,0.31552099355215746,0.4277612534225769,0.3716411234873672,0.0,0.0,0.03571428571428571,0.17857142857142858,60.0,0.0,0.0,0.12733457575257176,34.0,0.0,0.0,1.4094163640081097,0.0
gtzan/gtzan_classical_00073/track.npy,gtzan,0.9444444444444444,0.8198645737131984,0.8198645737131984,0.8198645737131984,0.9259259259259259,0.9629629629629629,0.9259259259259259,0.9629629629629629,0.4814814814814815,0.39221792249660004,0.39221792249660004,0.39221792249660004,0.0,0.0,0.027777777777777776,0.027777777777777776,65.0,0.0,0.0,0.12375117205785936,43.0,0.0,0.0,0.7357067949787403,0.0
gtzan/gtzan_classical_00074/track.npy,gtzan,0.9465648854961832,0.7921469414677123,0.7921469414677123,0.7921469414677123,0.417910447761194,0.835820895522388,0.417910447761194,0.835820895522388,0.32,0.2569464378503445,0.4521236559584748,0.3545350469044096,0.0,0.0,0.21212121212121213,0.3939393939393939,77.0,0.0,0.0,0.22711711933921458,37.0,0.0,0.0,1.2266855897630426,0.0
gtzan/gtzan_classical_00075/track.npy,gtzan,0.6046511627906976,0.46811096752149256,0.46811096752149256,0.46811096752149256,0.41304347826086957,0.5,0.41304347826086957,0.5,0.3703703703703704,0.2276386498928071,0.3252260802650744,0.27643236507894076,0.13333333333333333,0.2,0.13333333333333333,0.2608695652173913,48.0,0.0,0.0,0.7534902084179105,18.0,0.0,0.0,1.094110435796376,0.0
gtzan/gtzan_classical_00076/track.npy,gtzan,0.6666666666666666,0.5692270551607769,0.8538405827411335,0.7115338189509552,0.0,0.0,1.0,1.0,0.972972972972973,0.8109966864354438,0.8109966864354438,0.8109966864354438,0.6842105263157895,0.8947368421052632,0.6842105263157895,0.8947368421052632,43.0,0.0,0.0,0.028987536873256725,22.0,0.0,0.0,0.6805531902414944,0.0
gtzan/gtzan_classical_00077/track.npy,gtzan,0.5348837209302325,0.3792541564270019,0.3792541564270019,0.3792541564270019,0.2127659574468085,0.3191489361702128,0.2127659574468085,0.3191489361702128,0.3870967741935483,0.29308830982997713,0.3495932164131333,0.32134076312155524,0.09523809523809523,0.09523809523809523,0.19047619047619047,0.3333333333333333,56.0,0.0,0.0,0.5758726812129208,25.0,0.0,0.0,1.6249448165473948,0.0
gtzan/gtzan_classical_00078/track.npy,gtzan,0.6486486486486487,0.5599892890746246,0.687591471973276,0.6237903805239503,0.10638297872340426,0.1276595744680851,0.2641509433962264,0.6226415094339622,0.46153846153846156,0.399963987015151,0.4117802385648342,0.4058721127899926,0.0,0.0,0.2631578947368421,0.3157894736842105,54.0,0.0,0.0,0.7365540434477004,22.0,0.0,0.0,1.3383373886522087,0.0
gtzan/gtzan_classical_00079/track.npy,gtzan,0.5210084033613446,0.395754320607973,0.585891392198949,0.490822856403461,0.01282051282051282,0.038461538461538464,0.35802469135802467,0.49382716049382713,0.20588235294117646,0.1525932119580566,0.2434807676469101,0.19803698980248335,0.0,0.0,0.0,0.0,96.0,0.06315789473684211,0.17894736842105263,0.9951169510938147,68.0,0.014925373134328358,0.07462686567164178,1.0793720283840802,0.0
gtzan/gtzan_classical_00080/track.npy,gtzan,0.24390243902439024,0.17093887098513422,0.19706472972827066,0.18400180035670244,0.08695652173913043,0.17391304347826086,0.08695652173913043,0.17391304347826086,0.2222222222222222,0.21884536449291214,0.3282680467393682,0.2735567056161402,0.0,0.0,0.3333333333333333,0.3333333333333333,28.0,0.0,0.0,1.9075504534205523,5.0,0.0,0.0,2.2018931913561595,0.0
gtzan/gtzan_classical_00081/track.npy,gtzan,0.9586776859504132,0.763699416738442,0.763699416738442,0.763699416738442,0.7213114754098361,0.9344262295081968,0.7213114754098361,0.9344262295081968,0.8275862068965517,0.7059784837341369,0.7059784837341369,0.7059784837341369,0.17647058823529413,0.4117647058823529,0.17647058823529413,0.4117647058823529,73.0,0.0,0.013888888888888888,0.4855078157816999,22.0,0.0,0.047619047619047616,1.62413040004682,0.0
gtzan/gtzan_classical_00082/track.npy,gtzan,0.9130434782608695,0.7431013871054304,0.7431013871054304,0.7431013871054304,0.5434782608695652,0.9565217391304348,0.5434782608695652,0.9565217391304348,0.2702702702702703,0.2360336446892803,0.2948921016657338,0.26546287317750705,0.0,0.0,0.12,0.16,56.0,0.0,0.0,0.22939907769903303,32.0,0.0,0.0,1.0345161673506942,0.0
gtzan/gtzan_classical_00083/track.npy,gtzan,0.7647058823529412,0.6325571094146326,0.6325571094146326,0.6325571094146326,0.6764705882352942,0.8235294117647058,0.6764705882352942,0.8235294117647058,0.33333333333333326,0.2442590573622075,0.38946900054907213,0.3168640289556398,0.0,0.0,0.09523809523809523,0.23809523809523808,44.0,0.0,0.023255813953488372,0.5632531376375927,26.0,0.0,0.04,1.1389588453211934,0.0
gtzan/gtzan_classical_00084/track.npy,gtzan,0.7676767676767676,0.5795087095723439,0.5795087095723439,0.5795087095723439,0.5740740740740741,0.5740740740740741,0.5740740740740741,0.5740740740740741,0.16326530612244897,0.12100971372370933,0.2193423114811987,0.17017601260245402,0.0,0.0,0.0,0.0,63.0,0.0,0.0,0.6931471805599522,41.0,0.0,0.0,1.33364777510645,0.0
gtzan/gtzan_classical_00085/track.npy,gtzan,0.9777777777777777,0.8180528461768325,0.8180528461768325,0.8180528461768325,0.9111111111111111,0.9555555555555556,0.9111111111111111,0.9555555555555556,0.4782608695652174,0.39595529905083404,0.6081860637526412,0.5020706814017376,0.0,0.0,0.11428571428571428,0.14285714285714285,54.0,0.0,0.0,0.1777368847086256,43.0,0.0,0.0,0.7295148247308201,0.0
gtzan/gtzan_classical_00086/track.npy,gtzan,0.6829268292682926,0.5821895143598323,0.8247111011470769,0.7034503077534546,0.037037037037037035,0.037037037037037035,0.3132530120481928,0.9036144578313253,0.0,8.122711600117413e-13,2.5795875220903305e-12,1.695929341051036e-12,0.0,0.0,0.0,0.0,98.0,0.0,0.0,0.22645485800171483,42.0,0.0,0.0,1.1653036631667866,0.0
gtzan/gtzan_classical_00087/track.npy,gtzan,0.5833333333333334,0.4884187798235089,0.668372253501055,0.578395516662282,0.02127659574468085,0.02127659574468085,0.3469387755102041,0.7551020408163265,0.3783783783783784,0.3142777216211043,0.3142777216211043,0.3142777216211043,0.0,0.0,0.034482758620689655,0.034482758620689655,53.0,0.0,0.0,0.815245660815968,33.0,0.0,0.0,1.398128818766893,0.0
gtzan/gtzan_classical_00088/track.npy,gtzan,1.0,0.9074290962324173,0.9074290962324173,0.9074290962324173,1.0,1.0,1.0,1.0,0.6666666666666666,0.6216145910305072,0.9112952459443089,0.7664549184874081,0.0,0.0,0.9545454545454546,0.9545454545454546,52.0,0.0,0.0,0.06795719784222513,27.0,0.0,0.0,0.05877443343047338,0.0
gtzan/gtzan_classical_00089/track.npy,gtzan,0.7551020408163265,0.6085181255282999,0.6085181255282999,0.6085181255282999,0.3684210526315789,0.40350877192982454,0.3684210526315789,0.40350877192982454,0.25641025641025644,0.21216733551256978,0.2278841802437023,0.22002575787813605,0.0,0.0,0.0,0.0,68.0,0.0,0.0,0.7126287953623922,34.0,0.0,0.0,1.7967318955120186,0.0
gtzan/gtzan_classical_00090/track.npy,gtzan,0.4545454545454545,0.38902178150280087,0.45219216646507776,0.4206069739839393,0.0,0.0,0.24444444444444444,0.5555555555555556,0.07142857142857142,0.07142857142857142,0.08,0.0757142857142857,0.047619047619047616,0.047619047619047616,0.047619047619047616,0.047619047619047616,54.0,0.0,0.0,0.4834684346487668,25.0,0.0,0.0,1.5435717796568278,0.0
gtzan/gtzan_classical_00091/track.npy,gtzan,0.8974358974358975,0.718717977158474,0.718717977158474,0.718717977158474,0.7073170731707317,0.7804878048780488,0.7073170731707317,0.7804878048780488,0.4444444444444444,0.36713071215214377,0.507603041826615,0.43736687698937937,0.0,0.0,0.038461538461538464,0.11538461538461539,51.0,0.0,0.06,0.7226539731990551,32.0,0.0,0.0,0.7707005361445077,0.0
gtzan/gtzan_classical_00092/track.npy,gtzan,0.5436893203883495,0.4009398489236502,0.42168686139744715,0.4113133551605487,0.10344827586206896,0.2413793103448276,0.26666666666666666,0.28888888888888886,0.5945945945945945,0.40116859926648935,0.458778774092004,0.4299736866792467,0.09090909090909091,0.3181818181818182,0.13793103448275862,0.4827586206896552,51.0,0.0,0.0,0.6778132611644222,27.0,0.0,0.0,0.7559422323417189,0.0
gtzan/gtzan_classical_00093/track.npy,gtzan,0.9914529914529915,0.8686568899279672,0.8686568899279672,0.8686568899279672,0.9830508474576272,0.9830508474576272,0.9830508474576272,0.9830508474576272,0.6511627906976745,0.5638865938321412,0.8514853373156149,0.7076859655738781,0.0,0.0,0.9310344827586207,0.9310344827586207,70.0,0.0,0.0,0.13976194237515746,35.0,0.0,0.0,0.05067590711869828,0.0
gtzan/gtzan_classical_00094/track.npy,gtzan,0.5263157894736842,0.38881989848657095,0.38881989848657095,0.38881989848657095,0.23809523809523808,0.5238095238095238,0.23809523809523808,0.5238095238095238,0.4,0.28637107840197407,0.28637107840197407,0.28637107840197407,0.2857142857142857,0.2857142857142857,0.2857142857142857,0.2857142857142857,50.0,0.0,0.0,0.379663587432972,21.0,0.0,0.0,1.6122550001307696,0.0
gtzan/gtzan_classical_00095/track.npy,gtzan,0.40579710144927533,0.2568156834191786,0.2568156834191786,0.2568156834191786,0.19444444444444445,0.4166666666666667,0.19444444444444445,0.4166666666666667,0.3125,0.22948104918180898,0.22948104918180898,0.22948104918180898,0.041666666666666664,0.041666666666666664,0.041666666666666664,0.041666666666666664,43.0,0.0,0.0,0.7239188392266986,30.0,0.0,0.0,1.2108074363662422,0.0
gtzan/gtzan_classical_00096/track.npy,gtzan,0.8849557522123894,0.7239136333449152,0.7239136333449152,0.7239136333449152,0.6666666666666666,0.9298245614035088,0.6666666666666666,0.9298245614035088,0.5423728813559322,0.43475739125712226,0.43475739125712226,0.43475739125712226,0.025,0.05,0.025,0.05,68.0,0.0,0.0,0.27787689416345274,49.0,0.0,0.0,1.1330448931517814,0.0
gtzan/gtzan_classical_00097/track.npy,gtzan,0.5333333333333332,0.3836585311400405,0.6830356311189758,0.5333470811295081,0.0,0.0,0.17647058823529413,0.6235294117647059,0.21874999999999997,0.1716764680148738,0.2338556056616792,0.2027660368382765,0.0,0.0,0.046511627906976744,0.06976744186046512,95.0,0.010638297872340425,0.010638297872340425,0.2682639865946788,50.0,0.0,0.0,1.1370859729243539,0.0
gtzan/gtzan_classical_00098/track.npy,gtzan,0.9876543209876543,0.8287754923043281,0.8287754923043281,0.8287754923043281,0.975609756097561,0.975609756097561,0.975609756097561,0.975609756097561,0.6451612903225806,0.5539192575297023,0.8520727480595637,0.7029960027946329,0.0,0.0,0.9047619047619048,0.9047619047619048,49.0,0.0,0.0,0.0753914517127449,25.0,0.0,0.0,0.049072141690329675,0.0
gtzan/gtzan_classical_00099/track.npy,gtzan,0.9428571428571428,0.7934584533740416,0.7934584533740416,0.7934584533740416,0.7428571428571429,0.8857142857142857,0.7428571428571429,0.8857142857142857,0.48275862068965514,0.4141463143121261,0.4243092608903051,0.4192277876012156,0.0,0.0,0.14285714285714285,0.2857142857142857,45.0,0.0,0.0,0.48395739712810454,26.0,0.0,0.0,0.829366087789735,0.0
gtzan/gtzan_country_00000/track.npy,gtzan,0.9577464788732395,0.9059264019966762,0.9059264019966762,0.9059264019966762,0.9722222222222222,0.9722222222222222,0.9722222222222222,0.9722222222222222,0.72,0.6486847687880026,0.9087183204744629,0.7787015446312328,0.125,0.125,0.8235294117647058,0.8235294117647058,42.0,0.0,0.0,0.02927268454279706,19.0,0.0,0.0,0.6763390661708308,0.0
gtzan/gtzan_country_00001/track.npy,gtzan,1.0,0.919137309910482,0.919137309910482,0.919137309910482,1.0,1.0,1.0,1.0,1.0,0.8974104329983184,0.8974104329983184,0.8974104329983184,1.0,1.0,1.0,1.0,65.0,0.0,0.0,0.04255961441879865,16.0,0.0,0.0,0.010773135291045455,0.0
gtzan/gtzan_country_00002/track.npy,gtzan,1.0,0.9637619636982326,0.9637619636982326,0.9637619636982326,1.0,1.0,1.0,1.0,0.64,0.617771505131943,0.9309205587951613,0.7743460319635522,0.0,0.0,0.8787878787878788,0.9393939393939394,83.0,0.0,0.0,0.05556985115480462,40.0,0.0,0.0,0.1346164715680212,0.0
gtzan/gtzan_country_00003/track.npy,gtzan,0.9850746268656716,0.9193850754573303,0.9193850754573303,0.9193850754573303,0.9705882352941176,0.9705882352941176,0.9705882352941176,0.9705882352941176,0.6399999999999999,0.5895386576071372,0.8714635384652946,0.7305010980362159,0.0,0.0,0.8823529411764706,0.8823529411764706,41.0,0.0,0.0,0.06842964332122055,21.0,0.0,0.0,0.041996684118179396,0.0
gtzan/gtzan_country_00004/track.npy,gtzan,1.0,0.9483405849891704,0.9483405849891704,0.9483405849891704,1.0,1.0,1.0,1.0,1.0,0.9435388312660867,0.9435388312660867,0.9435388312660867,1.0,1.0,1.0,1.0,59.0,0.0,0.0,0.039220713153280795,15.0,0.0,0.0,0.02552565351995959,0.0
gtzan/gtzan_country_00005/track.npy,gtzan,1.0,0.928042348893319,0.928042348893319,0.928042348893319,1.0,1.0,1.0,1.0,0.6829268292682926,0.6415377904591733,0.9147426859623695,0.7781402382107714,0.037037037037037035,0.037037037037037035,0.5185185185185185,0.9259259259259259,66.0,0.0,0.0,0.08701137698962788,32.0,0.0,0.0,0.38295984801661614,0.0
gtzan/gtzan_country_00006/track.npy,gtzan,1.0,0.8646899037779313,0.8646899037779313,0.8646899037779313,1.0,1.0,1.0,1.0,0.7857142857142857,0.6495811019988539,0.703738011430899,0.6766595567148764,0.375,0.375,0.375,0.391304347826087,57.0,0.0,0.0,0.07410797215372064,21.0,0.0,0.0,0.6931471805599447,0.0
gtzan/gtzan_country_00007/track.npy,gtzan,0.6060606060606061,0.5305872653243585,0.8049363737571723,0.6677618195407654,0.0,0.0,0.7555555555555555,0.8222222222222222,0.39999999999999997,0.38105853162019904,0.6247658829986837,0.5029122073094414,0.0,0.0,0.15789473684210525,0.21052631578947367,54.0,0.0,0.0,0.15516003056029054,23.0,0.0,0.0,1.5621850275835474,0.0
gtzan/gtzan_country_00008/track.npy,gtzan,0.6666666666666666,0.6315655350141789,0.9159238677298387,0.7737447013720088,0.0,0.0,0.9821428571428571,0.9821428571428571,0.6363636363636364,0.5835819788621784,0.869138774161841,0.7263603765120097,0.0,0.0,0.8666666666666667,0.8666666666666667,67.0,0.0,0.0,0.1100008952143301,18.0,0.0,0.0,0.18445942104882398,0.0
gtzan/gtzan_country_00009/track.npy,gtzan,1.0,0.9814010128470684,0.9814010128470684,0.9814010128470684,1.0,1.0,1.0,1.0,0.5128205128205129,0.502908221088251,0.6946610987168721,0.5987846599025615,0.0,0.0,0.2413793103448276,0.3448275862068966,49.0,0.0,0.0,0.03278982282299148,33.0,0.0,0.0,0.7092776116690542,0.0
gtzan/gtzan_country_00010/track.npy,gtzan,0.9846153846153847,0.9289945816367573,0.9289945816367573,0.9289945816367573,0.9696969696969697,0.9696969696969697,0.9696969696969697,0.9696969696969697,0.6666666666666666,0.6427271285677155,0.9404368400177108,0.7915819842927132,0.0,0.0,0.9375,0.9375,40.0,0.0,0.0,0.06303845083026656,20.0,0.0,0.0,0.0076990929779971,0.0
gtzan/gtzan_country_00011/track.npy,gtzan,0.9787234042553191,0.8229204834038794,0.8229204834038794,0.8229204834038794,0.9583333333333334,0.9583333333333334,0.9583333333333334,0.9583333333333334,0.6666666666666666,0.545616473040057,0.8141680509269922,0.6798922619835246,0.0,0.0,0.9583333333333334,0.9583333333333334,58.0,0.0,0.0,0.07410797215372356,29.0,0.0,0.0,0.03213268807919923,0.0
gtzan/gtzan_country_00012/track.npy,gtzan,0.9428571428571428,0.8051802038258996,0.8051802038258996,0.8051802038258996,0.7671232876712328,0.821917808219178,0.7671232876712328,0.821917808219178,0.878048780487805,0.7418500761889717,0.7418500761889717,0.7418500761889717,0.2608695652173913,0.5652173913043478,0.2608695652173913,0.5652173913043478,81.0,0.0,0.0,0.6402657343587811,30.0,0.0,0.0,0.6931471805599491,0.0
gtzan/gtzan_country_00013/track.npy,gtzan,1.0,0.9324215508049536,0.9324215508049536,0.9324215508049536,1.0,1.0,1.0,1.0,1.0,0.8909551810417604,0.8909551810417604,0.8909551810417604,1.0,1.0,1.0,1.0,64.0,0.0,0.0,0.042559614418795966,16.0,0.0,0.0,0.021053409197830053,0.0
gtzan/gtzan_country_00014/track.npy,gtzan,1.0,0.8825640667188204,0.8825640667188204,0.8825640667188204,1.0,1.0,1.0,1.0,0.9333333333333333,0.8145045408224642,0.8145045408224642,0.8145045408224642,0.6875,0.6875,0.6875,0.6875,69.0,0.0,0.0,0.09245482960792982,21.0,0.0,0.0,0.6822915522072203,0.0
gtzan/gtzan_country_00015/track.npy,gtzan,0.9193548387096774,0.7412569809255648,0.7412569809255648,0.7412569809255648,0.8709677419354839,0.9193548387096774,0.8709677419354839,0.9193548387096774,0.588235294117647,0.4806415500731967,0.5812586715913373,0.530950110832267,0.11428571428571428,0.11428571428571428,0.14285714285714285,0.37142857142857144,74.0,0.0,0.0,0.15664720624170408,44.0,0.0,0.0,1.0659507046951104,0.0
gtzan/gtzan_country_00016/track.npy,gtzan,0.6716417910447761,0.64191357962056,0.9557379961019563,0.7988257878612581,0.0,0.0,1.0,1.0,0.9565217391304348,0.9145063674867172,0.9145063674867172,0.9145063674867172,0.6086956521739131,0.8695652173913043,0.6086956521739131,0.8695652173913043,54.0,0.0,0.0,0.061893505490617305,27.0,0.0,0.0,0.6896072651400598,0.0
gtzan/gtzan_country_00017/track.npy,gtzan,0.9931972789115647,0.9558994615538032,0.9558994615538032,0.9558994615538032,0.9864864864864865,0.9864864864864865,0.9864864864864865,0.9864864864864865,0.6785714285714285,0.651355529586002,0.96829703513018,0.809826282358091,0.0,0.0,1.0,1.0,89.0,0.0,0.0,0.05884050002294261,44.0,0.0,0.0,0.02898753687325199,0.0
gtzan/gtzan_country_00018/track.npy,gtzan,0.9859154929577464,0.9312351573455843,0.9312351573455843,0.9312351573455843,0.6527777777777778,0.9444444444444444,0.6527777777777778,0.9444444444444444,0.7659574468085106,0.7371856982428302,0.7983412107440168,0.7677634544934235,0.21428571428571427,0.2857142857142857,0.21621621621621623,0.5135135135135135,85.0,0.0,0.0,0.11778303565638115,34.0,0.0,0.0,0.7003674285334315,0.0
gtzan/gtzan_country_00019/track.npy,gtzan,1.0,0.9321233006520894,0.9321233006520894,0.9321233006520894,1.0,1.0,1.0,1.0,0.6666666666666666,0.6397843036525368,0.9151970274859544,0.7774906655692456,0.0,0.0,0.9444444444444444,0.9444444444444444,43.0,0.0,0.0,0.08455738802806617,21.0,0.0,0.0,0.028593931654655385,0.0
gtzan/gtzan_country_00020/track.npy,gtzan,1.0,0.9375882217963989,0.9375882217963989,0.9375882217963989,1.0,1.0,1.0,1.0,0.7586206896551725,0.744482932179177,0.8382351785857437,0.7913590553824603,0.16666666666666666,0.2777777777777778,0.47619047619047616,0.5714285714285714,52.0,0.0,0.0,0.0689928714869561,20.0,0.0,0.0,0.6957559419667252,0.0
gtzan/gtzan_country_00021/track.npy,gtzan,0.9438202247191012,0.8201446137689802,0.8201446137689802,0.8201446137689802,0.9777777777777777,0.9777777777777777,0.9777777777777777,0.9777777777777777,0.6666666666666666,0.5742374757173011,0.8379447761367296,0.7060911259270153,0.0,0.0,0.9545454545454546,0.9545454545454546,54.0,0.0,0.0,0.07145896398214416,27.0,0.0,0.0,0.025555643167127755,0.0
gtzan/gtzan_country_00022/track.npy,gtzan,0.4423076923076923,0.3181875780497589,0.3181875780497589,0.3181875780497589,0.0,0.0,0.0,0.0,0.45161290322580644,0.3161031675378879,0.5173023918843734,0.4167027797111307,0.0,0.0,0.08333333333333333,0.16666666666666666,93.0,0.0,0.0,0.21337125327772188,28.0,0.0,0.0,1.7767955759197631,0.0
gtzan/gtzan_country_00023/track.npy,gtzan,1.0,0.832915424696437,0.832915424696437,0.832915424696437,1.0,1.0,1.0,1.0,0.7499999999999999,0.5681117184755115,0.6475364363071497,0.6078240773913306,0.13333333333333333,0.2,0.23529411764705882,0.47058823529411764,42.0,0.0,0.0,0.0540672212702758,18.0,0.0,0.0,1.0800476091381985,0.0
gtzan/gtzan_country_00024/track.npy,gtzan,1.0,0.9196151481091236,0.9196151481091236,0.9196151481091236,1.0,1.0,1.0,1.0,0.6842105263157895,0.6149851524396487,0.8751010904011421,0.7450431214203954,0.04,0.04,0.92,0.92,64.0,0.0,0.0,0.04255961441880263,31.0,0.0,0.0,0.03837109447187806,0.0
gtzan/gtzan_country_00025/track.npy,gtzan,0.888888888888889,0.749016828736491,0.749016828736491,0.749016828736491,0.7575757575757576,0.7878787878787878,0.7575757575757576,0.7878787878787878,0.6956521739130436,0.5736538991513379,0.8384977356132431,0.7060758173822905,0.0,0.0,1.0,1.0,45.0,0.0,0.0,0.23971573590595663,17.0,0.0,0.0,0.023256862164267422,0.0
gtzan/gtzan_country_00026/track.npy,gtzan,1.0,0.9008978975087412,0.9008978975087412,0.9008978975087412,1.0,1.0,1.0,1.0,0.7058823529411764,0.6207718259493394,0.8603160975659822,0.7405439617576608,0.045454545454545456,0.045454545454545456,0.8260869565217391,0.9130434782608695,54.0,0.0,0.0,0.07145896398214668,26.0,0.0,0.0,0.5641724456544959,0.0
gtzan/gtzan_country_00027/track.npy,gtzan,1.0,0.8353523459825399,0.8353523459825399,0.8353523459825399,1.0,1.0,1.0,1.0,0.4615384615384615,0.3943987084776666,0.7384854546923909,0.5664420815850287,0.0,0.0,0.631578947368421,0.631578947368421,47.0,0.0,0.0,0.06252035698133257,20.0,0.0,0.0,0.13380757866473053,0.0
gtzan/gtzan_country_00028/track.npy,gtzan,1.0,0.9565054856183167,0.9565054856183167,0.9565054856183167,1.0,1.0,1.0,1.0,0.6896551724137931,0.6708623930410563,0.9640120875040447,0.8174372402725505,0.0,0.0,1.0,1.0,46.0,0.0,0.0,0.04348390805089965,22.0,0.0,0.0,0.022314112431187156,0.0
gtzan/gtzan_country_00029/track.npy,gtzan,0.8421052631578947,0.6192786089850459,0.6192786089850459,0.6192786089850459,0.9736842105263158,0.9736842105263158,0.9736842105263158,0.9736842105263158,0.4390243902439024,0.3266634621442887,0.48932465276526055,0.40799405745477463,0.0,0.0,0.06451612903225806,0.1935483870967742,46.0,0.0,0.0,0.03077165866675282,37.0,0.0,0.0,0.702378678159972,0.0
gtzan/gtzan_country_00030/track.npy,gtzan,0.88,0.7837608111850346,0.7837608111850346,0.7837608111850346,0.5714285714285714,0.5714285714285714,0.5714285714285714,0.5714285714285714,0.6923076923076924,0.5701793461455029,0.877259732571258,0.7237195393583804,0.0,0.0,1.0,1.0,55.0,0.0,0.0,0.3184537311185351,20.0,0.0,0.0,0.04167583937490033,0.0
gtzan/gtzan_country_00031/track.npy,gtzan,1.0,0.9096125274321544,0.9096125274321544,0.9096125274321544,1.0,1.0,1.0,1.0,0.6470588235294118,0.6043060119071965,0.8752757159448652,0.7397908639260309,0.0,0.0,0.9130434782608695,0.9130434782608695,55.0,0.0,0.0,0.03732089420134752,27.0,0.0,0.0,0.0183491386681994,0.0
gtzan/gtzan_country_00032/track.npy,gtzan,1.0,0.9377866311327553,0.9377866311327553,0.9377866311327553,1.0,1.0,1.0,1.0,0.5789473684210527,0.5286337556719376,0.5286337556719376,0.5286337556719376,0.0,0.0,0.0,0.0,49.0,0.0,0.0,0.0745081708384534,30.0,0.0,0.0,0.9927068883300283,0.0
gtzan/gtzan_country_00033/track.npy,gtzan,1.0,0.9457918899142962,0.9457918899142962,0.9457918899142962,1.0,1.0,1.0,1.0,0.7142857142857143,0.6509476938400461,0.9111123714441259,0.781030032642086,0.05555555555555555,0.05555555555555555,0.5789473684210527,0.8947368421052632,46.0,0.0,0.0,0.03077165866675774,22.0,0.0,0.0,0.6946624480347132,0.0
gtzan/gtzan_country_00034/track.npy,gtzan,0.6666666666666666,0.5951134093954932,0.8926641006320772,0.7438887550137852,0.0,0.0,1.0,1.0,0.7333333333333334,0.6914162570868804,0.6914162570868804,0.6914162570868804,0.28125,0.34375,0.28125,0.34375,69.0,0.0,0.0,0.09097177820573288,43.0,0.0,0.0,1.0833448165373187,0.0
gtzan/gtzan_country_00035/track.npy,gtzan,0.634920634920635,0.26063631302953544,0.3768698726363728,0.3187530928329541,0.011904761904761904,0.011904761904761904,0.9761904761904762,0.9761904761904762,0.909090909090909,0.3497571172533222,0.3497571172533222,0.3497571172533222,0.7391304347826086,0.8260869565217391,0.7391304347826086,0.8260869565217391,54.0,0.0,0.0,0.11803741029283996,28.0,0.0,0.0,0.7076188577270264,0.0
gtzan/gtzan_country_00036/track.npy,gtzan,1.0,0.8226161645949329,0.8226161645949329,0.8226161645949329,1.0,1.0,1.0,1.0,0.6896551724137931,0.6368842097048075,0.6368842097048075,0.6368842097048075,0.29411764705882354,0.29411764705882354,0.29411764705882354,0.29411764705882354,57.0,0.0,0.0,0.15887518691770028,21.0,0.0,0.0,1.4198601227188157,0.0
gtzan/gtzan_country_00037/track.npy,gtzan,1.0,0.8496229125949075,0.8496229125949075,0.8496229125949075,1.0,1.0,1.0,1.0,0.7000000000000001,0.5725055639224721,0.5725055639224721,0.5725055639224721,0.07692307692307693,0.19230769230769232,0.07692307692307693,0.19230769230769232,49.0,0.0,0.0,0.0666913744986749,28.0,0.0,0.0,1.0533204066162654,0.0
gtzan/gtzan_country_00038/track.npy,gtzan,0.9922480620155039,0.958796698117184,0.958796698117184,0.958796698117184,0.9846153846153847,0.9846153846153847,0.9846153846153847,0.9846153846153847,0.6808510638297872,0.6561529400525815,0.9365173153150055,0.7963351276837936,0.03225806451612903,0.03225806451612903,0.8387096774193549,0.9354838709677419,79.0,0.0,0.0,0.051293294387558364,38.0,0.0,0.0,0.1943865385688395,0.0
gtzan/gtzan_country_00039/track.npy,gtzan,0.7058823529411764,0.607935836968844,0.607935836968844,0.607935836968844,0.14285714285714285,0.35064935064935066,0.3220338983050847,0.35064935064935066,0.41379310344827586,0.3859903269146812,0.5693057641864229,0.47764804555055207,0.0,0.0,0.6153846153846154,0.6153846153846154,74.0,0.0,0.0,0.1823215567939509,48.0,0.0,0.0,0.6894434091136603,0.0
gtzan/gtzan_country_00040/track.npy,gtzan,1.0,0.9294889143506009,0.9294889143506009,0.9294889143506009,1.0,1.0,1.0,1.0,0.6511627906976745,0.6155769140241558,0.896247469039247,0.7559121915317014,0.0,0.0,0.9310344827586207,0.9310344827586207,70.0,0.0,0.0,0.08609912189324259,35.0,0.0,0.0,0.04652001563489394,0.0
gtzan/gtzan_country_00041/track.npy,gtzan,1.0,0.8932923176696383,0.8932923176696383,0.8932923176696383,0.9818181818181818,0.9818181818181818,0.9818181818181818,0.9818181818181818,0.5641025641025641,0.4953767743601682,0.8284110275833119,0.6618939009717401,0.0,0.0,0.6666666666666666,0.7777777777777778,66.0,0.0,0.0,0.061525507352563596,30.0,0.0,0.0,0.45479411803164554,0.0
gtzan/gtzan_country_00042/track.npy,gtzan,0.9883720930232558,0.9400929642965506,0.9400929642965506,0.9400929642965506,0.9069767441860465,0.9418604651162791,0.9069767441860465,0.9418604651162791,0.8400000000000001,0.8139158231267514,0.8139158231267514,0.8139158231267514,0.27586206896551724,0.4482758620689655,0.2926829268292683,0.4482758620689655,103.0,0.0,0.00980392156862745,0.2076393647782282,34.0,0.0,0.0,0.6923289859037246,0.0
gtzan/gtzan_country_00043/track.npy,gtzan,1.0,0.9195376861330036,0.9195376861330036,0.9195376861330036,1.0,1.0,1.0,1.0,0.6511627906976745,0.6120434387445807,0.8996575961458094,0.755850517445195,0.0,0.0,0.9310344827586207,0.9310344827586207,69.0,0.0,0.0,0.04652001563490016,35.0,0.0,0.0,0.0229895182247011,0.0
gtzan/gtzan_country_00044/track.npy,gtzan,0.9696969696969697,0.8818199543289993,0.8818199543289993,0.8818199543289993,0.9696969696969697,0.9696969696969697,0.9696969696969697,0.9696969696969697,0.6399999999999999,0.610982585986276,0.8386979987309262,0.724840292358601,0.0,0.0,0.8235294117647058,0.8235294117647058,40.0,0.0,0.0,0.07796154146970627,21.0,0.0,0.0,0.6555517008109125,0.0
gtzan/gtzan_country_00045/track.npy,gtzan,0.9696969696969697,0.889846441757572,0.889846441757572,0.889846441757572,0.9696969696969697,0.9696969696969697,0.9696969696969697,0.9696969696969697,0.6153846153846153,0.5463064874705789,0.7997416711081309,0.6730240792893549,0.0,0.0,1.0,1.0,40.0,0.0,0.0,0.04503183740074707,20.0,0.0,0.0,0.039298655477716084,0.0
gtzan/gtzan_country_00046/track.npy,gtzan,0.9923664122137404,0.8935846825527872,0.8935846825527872,0.8935846825527872,0.9848484848484849,0.9848484848484849,0.9848484848484849,0.9848484848484849,0.6938775510204082,0.632811175612091,0.8607639644641566,0.7467875700381238,0.03125,0.03125,0.696969696969697,0.9393939393939394,79.0,0.0,0.0,0.10536051565782856,37.0,0.0,0.0,0.6691389143205343,0.0
gtzan/gtzan_country_00047/track.npy,gtzan,1.0,0.9398171822654233,0.9398171822654233,0.9398171822654233,1.0,1.0,1.0,1.0,0.6976744186046512,0.6694907578072988,0.877376614689226,0.7734336862482625,0.03571428571428571,0.10714285714285714,0.41379310344827586,0.7931034482758621,75.0,0.0,0.0,0.1000834585569812,34.0,0.0,0.0,0.6896988934024668,0.0
gtzan/gtzan_country_00048/track.npy,gtzan,0.9696969696969697,0.7520039638524785,0.7520039638524785,0.7520039638524785,0.98,0.98,0.98,0.98,0.888888888888889,0.7008541673728601,0.7008541673728601,0.7008541673728601,0.6,0.6666666666666666,0.6,0.6666666666666666,60.0,0.0,0.0,0.08004270767353701,18.0,0.0,0.0,0.7055605855238662,0.0
gtzan/gtzan_country_00049/track.npy,gtzan,1.0,0.9457273338309683,0.9457273338309683,0.9457273338309683,1.0,1.0,1.0,1.0,0.6666666666666666,0.6253538299762115,0.8977113226308077,0.7615325763035096,0.0,0.0,0.9583333333333334,0.9583333333333334,57.0,0.0,0.0,0.0878713343873935,27.0,0.0,0.0,0.0552979353074851,0.0
gtzan/gtzan_country_00050/track.npy,gtzan,1.0,0.9561014831602046,0.9561014831602046,0.9561014831602046,1.0,1.0,1.0,1.0,1.0,0.9647614154374989,0.9647614154374989,0.9647614154374989,1.0,1.0,1.0,1.0,60.0,0.0,0.0,0.05942342047079692,15.0,0.0,0.0,0.014844496468584767,0.0
gtzan/gtzan_country_00051/track.npy,gtzan,0.6666666666666666,0.6346859458975186,0.9337486168943926,0.7842172813959556,0.0,0.0,0.9814814814814815,0.9814814814814815,0.6363636363636364,0.6227133863373452,0.8873252979219145,0.7550193421296298,0.0,0.0,0.8666666666666667,0.8666666666666667,65.0,0.0,0.0,0.08701137698963138,17.0,0.0,0.0,0.7039580966641608,0.0
gtzan/gtzan_country_00052/track.npy,gtzan,0.8656716417910447,0.6817356735564194,0.6817356735564194,0.6817356735564194,0.24324324324324326,0.6216216216216216,0.24324324324324326,0.6216216216216216,0.6451612903225806,0.5482905016327378,0.5482905016327378,0.5482905016327378,0.047619047619047616,0.047619047619047616,0.047619047619047616,0.047619047619047616,43.0,0.0,0.0,0.8754687373538956,25.0,0.0,0.0,1.1282052645963774,0.0
gtzan/gtzan_country_00053/track.npy,gtzan,0.9285714285714286,0.8731642583055902,0.8731642583055902,0.8731642583055902,0.6533333333333333,0.7333333333333333,0.6533333333333333,0.7333333333333333,0.8444444444444443,0.8026658530404253,0.8026658530404253,0.8026658530404253,0.2692307692307692,0.46153846153846156,0.3783783783783784,0.46153846153846156,78.0,0.0,0.0,0.6679881282328454,30.0,0.0,0.0,0.4570530525492266,0.0
gtzan/gtzan_country_00054/track.npy,gtzan,0.9841269841269841,0.963604219836991,0.963604219836991,0.963604219836991,0.96875,0.96875,0.96875,0.96875,0.6666666666666666,0.6530076715756118,0.9411903218510125,0.7970989967133122,0.0,0.0,0.9375,0.9375,39.0,0.0,0.0,0.03584655468137723,19.0,0.0,0.0,0.019953966850805433,0.0
gtzan/gtzan_country_00055/track.npy,gtzan,1.0,0.9617087371348625,0.9617087371348625,0.9617087371348625,1.0,1.0,1.0,1.0,0.6829268292682926,0.6496061336898832,0.9611416290836391,0.8053738813867611,0.0,0.0,1.0,1.0,66.0,0.0,0.0,0.06273203700864927,33.0,0.0,0.0,0.021978906718778682,0.0
gtzan/gtzan_country_00056/track.npy,gtzan,1.0,0.8803145043007086,0.8803145043007086,0.8803145043007086,1.0,1.0,1.0,1.0,0.9166666666666666,0.7838094669669391,0.7838094669669391,0.7838094669669391,0.9166666666666666,0.9166666666666666,0.9166666666666666,0.9166666666666666,41.0,0.0,0.0,0.06732465970255963,14.0,0.0,0.0,0.49213801778350386,0.0
gtzan/gtzan_country_00057/track.npy,gtzan,0.6588235294117647,0.5300055919193501,0.7519471289793979,0.640976360449374,0.0,0.0,0.9649122807017544,0.9649122807017544,0.6363636363636364,0.5240381357243106,0.7643939307901476,0.6442160332572291,0.0,0.0,0.6666666666666666,0.8,65.0,0.0,0.0,0.2703546462497374,18.0,0.0,0.0,0.6905145846675231,0.0
gtzan/gtzan_country_00058/track.npy,gtzan,0.9894736842105264,0.9647579131429816,0.9647579131429816,0.9647579131429816,0.9791666666666666,0.9791666666666666,0.9791666666666666,0.9791666666666666,0.7058823529411764,0.6722932354314265,0.8980888346176826,0.7851910350245546,0.045454545454545456,0.09090909090909091,0.5652173913043478,0.8260869565217391,57.0,0.0,0.0,0.05715841383994402,26.0,0.0,0.0,0.6808646166535806,0.0
gtzan/gtzan_country_00059/track.npy,gtzan,0.725,0.6949402381249064,0.865188894035225,0.7800645660800657,0.0784313725490196,0.11764705882352941,0.7017543859649122,0.7894736842105263,0.6666666666666666,0.6349735311865043,0.8924613128331497,0.7637174220098271,0.0,0.0,0.9285714285714286,0.9285714285714286,62.0,0.0,0.0,0.2532194036106527,17.0,0.0,0.0,0.034289073478632026,0.0
gtzan/gtzan_country_00060/track.npy,gtzan,0.7435897435897436,0.7239648229304788,0.72397863374819,0.7239717283393344,0.061224489795918366,0.22448979591836735,0.17543859649122806,0.45614035087719296,0.6451612903225806,0.6245591783124398,0.6245591783124398,0.6245591783124398,0.047619047619047616,0.047619047619047616,0.047619047619047616,0.047619047619047616,55.0,0.0,0.0,0.8518391916071363,26.0,0.0,0.0,0.8115753167844888,0.0
gtzan/gtzan_country_00061/track.npy,gtzan,0.6753246753246753,0.6477266068215521,0.9549425257616628,0.8013345662916075,0.0,0.0,1.0,1.0,0.6666666666666666,0.6174688270596862,0.9086209083196853,0.7630448676896857,0.0,0.0,0.8571428571428571,0.8571428571428571,61.0,0.0,0.0,0.04082199452025622,17.0,0.0,0.0,0.2251317607294515,0.0
gtzan/gtzan_country_00062/track.npy,gtzan,0.9931972789115647,0.9363343157466306,0.9363343157466306,0.9363343157466306,0.9864864864864865,0.9864864864864865,0.9864864864864865,0.9864864864864865,0.6923076923076924,0.6477352387042805,0.873400952527885,0.7605680956160827,0.058823529411764705,0.11764705882352941,0.45714285714285713,0.8,89.0,0.0,0.0,0.07909535043766987,41.0,0.0,0.0,0.6931471805599453,0.0
gtzan/gtzan_country_00063/track.npy,gtzan,0.9859154929577464,0.9520036676038051,0.9520036676038051,0.9520036676038051,0.9722222222222222,0.9722222222222222,0.9722222222222222,0.9722222222222222,0.64,0.6205783721198416,0.8139394211666173,0.7172588966432294,0.0625,0.0625,0.7647058823529411,0.8235294117647058,42.0,0.0,0.0,0.028170876966698358,20.0,0.0,0.0,0.6872238116412684,0.0
gtzan/gtzan_country_00064/track.npy,gtzan,0.6506024096385542,0.6308082567970766,0.9031427321785016,0.7669754944877891,0.0,0.0,0.9464285714285714,0.9464285714285714,0.6086956521739131,0.5759135810571433,0.8625023294019812,0.7192079552295623,0.0,0.0,0.375,0.75,67.0,0.0,0.0,0.13353139262452274,21.0,0.0,0.0,0.7047449633229929,0.0
gtzan/gtzan_country_00065/track.npy,gtzan,0.96,0.8592174744651899,0.8592174744651899,0.8592174744651899,0.72,0.98,0.72,0.98,0.7222222222222222,0.6533392941574776,0.8687157332156198,0.7610275136865488,0.043478260869565216,0.08695652173913043,0.36,0.84,62.0,0.0,0.0,0.2802744549936946,27.0,0.0,0.0,0.7030975114131149,0.0
gtzan/gtzan_country_00066/track.npy,gtzan,0.6715328467153284,0.6173109968070138,0.9192565826423816,0.7682837897246977,0.0,0.0,1.0,1.0,0.676470588235294,0.605216775322103,0.9008798656054628,0.753048320463783,0.0,0.0,1.0,1.0,55.0,0.0,0.0,0.03636764417087719,54.0,0.0,0.0,0.03636764417087746,0.0
gtzan/gtzan_country_00067/track.npy,gtzan,0.6493506493506493,0.5222340144111943,0.6498775500124551,0.5860557822118246,0.08,0.08,0.41509433962264153,0.6792452830188679,0.5714285714285714,0.434144306099443,0.6983171291257696,0.5662307176126062,0.0,0.0,0.9285714285714286,0.9285714285714286,61.0,0.0,0.0,0.35139788683788126,16.0,0.0,0.0,0.03638591309439189,0.0
gtzan/gtzan_country_00068/track.npy,gtzan,0.8974358974358974,0.771686789998792,0.771686789998792,0.771686789998792,0.5813953488372093,0.6046511627906976,0.5813953488372093,0.6046511627906976,0.6666666666666666,0.5949452232495103,0.8621784867547515,0.7285618550021309,0.0,0.0,0.9444444444444444,0.9444444444444444,50.0,0.0,0.0,0.629220152351326,21.0,0.0,0.0,0.029550209179931574,0.0
gtzan/gtzan_country_00069/track.npy,gtzan,1.0,0.8350147349848057,0.8350147349848057,0.8350147349848057,1.0,1.0,1.0,1.0,0.8108108108108109,0.7139443695089125,0.7139443695089125,0.7139443695089125,0.19047619047619047,0.47619047619047616,0.19047619047619047,0.47619047619047616,57.0,0.0,0.0,0.18439768964732664,26.0,0.0,0.0,1.1247796719355203,0.0
gtzan/gtzan_country_00070/track.npy,gtzan,0.6666666666666666,0.5883150220018434,0.8824725295527327,0.735393775777288,0.0,0.0,1.0,1.0,1.0,0.8945894388684327,0.8945894388684327,0.8945894388684327,1.0,1.0,1.0,1.0,56.0,0.0,0.0,0.059936360189397804,28.0,0.0,0.0,0.04441965365251029,0.0
gtzan/gtzan_country_00071/track.npy,gtzan,0.7045454545454546,0.6018683111246356,0.783579299399473,0.6927238052620543,0.07017543859649122,0.07017543859649122,0.5409836065573771,0.8360655737704918,0.4666666666666667,0.406705906546919,0.640311498305437,0.523508702426178,0.0,0.0,0.17391304347826086,0.30434782608695654,67.0,0.0,0.0,0.2270260200376347,28.0,0.0,0.0,0.7021293238449824,0.0
gtzan/gtzan_country_00072/track.npy,gtzan,1.0,0.8733486010498676,0.8733486010498676,0.8733486010498676,1.0,1.0,1.0,1.0,0.8,0.7134117428209926,0.7637768602150441,0.7385943015180183,0.16666666666666666,0.2916666666666667,0.3548387096774194,0.5483870967741935,75.0,0.0,0.0,0.1000834585569849,29.0,0.0,0.0,0.7055697005585022,0.0
gtzan/gtzan_country_00073/track.npy,gtzan,1.0,0.8616360206859702,0.8616360206859702,0.8616360206859702,1.0,1.0,1.0,1.0,0.8648648648648648,0.7673919287654937,0.7673919287654937,0.7673919287654937,0.3333333333333333,0.5238095238095238,0.3333333333333333,0.5238095238095238,76.0,0.0,0.0,0.10193042854227523,24.0,0.0,0.0,0.7121953755306383,0.0
gtzan/gtzan_country_00074/track.npy,gtzan,0.6588235294117647,0.5599960171400652,0.8282947072195713,0.6941453621798183,0.0,0.0,0.9649122807017544,0.9649122807017544,0.6086956521739131,0.5390890773340928,0.796440558242171,0.6677648177881319,0.0,0.0,0.3125,0.6875,67.0,0.0,0.0,0.2558733787314819,21.0,0.0,0.0,1.3580660783717782,0.0
gtzan/gtzan_country_00075/track.npy,gtzan,1.0,0.8891102049617199,0.8891102049617199,0.8891102049617199,1.0,1.0,1.0,1.0,0.8333333333333333,0.7261622495936589,0.7411491940920412,0.7336557218428501,0.21428571428571427,0.35714285714285715,0.21428571428571427,0.47368421052631576,48.0,0.0,0.0,0.03174869831458238,16.0,0.0,0.0,0.6987473000311996,0.0
gtzan/gtzan_country_00076/track.npy,gtzan,1.0,0.8856958015480527,0.8856958015480527,0.8856958015480527,1.0,1.0,1.0,1.0,0.6829268292682926,0.6164187725626101,0.8208557708491703,0.7186372717058902,0.07692307692307693,0.11538461538461539,0.41379310344827586,0.7241379310344828,73.0,0.0,0.0,0.10008345855698919,32.0,0.0,0.0,0.6938040807580292,0.0
gtzan/gtzan_country_00077/track.npy,gtzan,0.9801324503311258,0.8388850835746384,0.8388850835746384,0.8388850835746384,0.9210526315789473,0.9605263157894737,0.9210526315789473,0.9605263157894737,0.8260869565217391,0.7291794508658588,0.7528419177613836,0.7410106843136213,0.14814814814814814,0.37037037037037035,0.1891891891891892,0.4594594594594595,91.0,0.0,0.0,0.1823215567939509,33.0,0.0,0.0,0.708299855307607,0.0
gtzan/gtzan_country_00078/track.npy,gtzan,0.65,0.5304255418778252,0.7078233506439817,0.6191244462609035,0.0392156862745098,0.058823529411764705,0.7368421052631579,0.7368421052631579,0.5833333333333334,0.4722752445548428,0.6874194468831125,0.5798473457189777,0.0,0.0,0.7058823529411765,0.7058823529411765,57.0,0.0,0.0,0.7033176460626501,20.0,0.0,0.0,0.2483688003819326,0.0
gtzan/gtzan_country_00079/track.npy,gtzan,0.9714285714285714,0.9143273470968776,0.9143273470968776,0.9143273470968776,1.0,1.0,1.0,1.0,0.8799999999999999,0.8181915033618052,0.8181915033618052,0.8181915033618052,0.6923076923076923,0.8461538461538461,0.6923076923076923,0.8461538461538461,42.0,0.0,0.0,0.05679349398074597,15.0,0.0,0.0,0.8579010682936142,0.0
gtzan/gtzan_country_00080/track.npy,gtzan,0.71875,0.6603187498897556,0.8882329529372075,0.7742758514134815,0.12195121951219512,0.12195121951219512,0.6521739130434783,0.782608695652174,0.8400000000000001,0.7929006793449369,0.7929006793449369,0.7929006793449369,0.27586206896551724,0.4482758620689655,0.34146341463414637,0.4482758620689655,54.0,0.0,0.0,0.14737863902456622,33.0,0.0,0.0,0.6890985754436335,0.0
gtzan/gtzan_country_00081/track.npy,gtzan,0.9510489510489509,0.9073667846661673,0.9073667846661673,0.9073667846661673,0.72,0.8266666666666667,0.72,0.8266666666666667,0.7659574468085107,0.7361638439869186,0.8410178247707815,0.78859083437885,0.1724137931034483,0.27586206896551724,0.5714285714285714,0.5714285714285714,83.0,0.0,0.0,0.12136085700426746,33.0,0.0,0.0,0.693147180559945,0.0
gtzan/gtzan_country_00082/track.npy,gtzan,0.6712328767123288,0.6514005717717151,0.9704538921597404,0.8109272319657277,0.0,0.0,1.0,1.0,0.761904761904762,0.7343319257511006,0.8352608026227263,0.7847963641869135,0.05128205128205128,0.28205128205128205,0.1276595744680851,0.5531914893617021,59.0,0.0,0.0,0.05826890812397523,44.0,0.0,0.0,0.7318847981676389,0.0
gtzan/gtzan_country_00083/track.npy,gtzan,0.6593406593406593,0.6114202262452237,0.8603168197546509,0.7358685229999373,0.0,0.0,0.9672131147540983,0.9672131147540983,0.6956521739130436,0.662098877597507,0.9590534458587746,0.8105761617281408,0.0,0.0,1.0,1.0,74.0,0.0,0.0,0.20067069546215444,19.0,0.0,0.0,0.02439145312415858,0.0
gtzan/gtzan_country_00084/track.npy,gtzan,0.8480000000000001,0.7520350576057538,0.7520350576057538,0.7520350576057538,0.25,0.4722222222222222,0.2641509433962264,0.4722222222222222,0.6938775510204082,0.6227559052705794,0.8318806468165985,0.727318276043589,0.06451612903225806,0.12903225806451613,0.3142857142857143,0.7142857142857143,61.0,0.0,0.0,0.6649763035932494,37.0,0.0,0.0,0.7075989366027641,0.0
gtzan/gtzan_country_00085/track.npy,gtzan,0.6521739130434783,0.578773546523529,0.8378064476984582,0.7082899971109936,0.0,0.0,0.8387096774193549,0.9354838709677419,0.6956521739130436,0.6514555481133363,0.9028690640286267,0.7771623060709815,0.0,0.0,1.0,1.0,74.0,0.0,0.0,0.14825890217773502,18.0,0.0,0.0,0.032084929387133865,0.0
gtzan/gtzan_country_00086/track.npy,gtzan,0.9578947368421052,0.8566945151902347,0.8566945151902347,0.8566945151902347,0.32653061224489793,0.8061224489795918,0.32653061224489793,0.8061224489795918,0.830188679245283,0.7750722731713107,0.7750722731713107,0.7750722731713107,0.21428571428571427,0.5,0.21428571428571427,0.5,112.0,0.0,0.0,0.69706925187527,37.0,0.0,0.0,1.4730223960332212,0.0
gtzan/gtzan_country_00087/track.npy,gtzan,0.6666666666666666,0.620545780076595,0.8790596407780248,0.74980271042731,0.0,0.0,0.9833333333333333,0.9833333333333333,0.5833333333333334,0.5723663565332748,0.7653190944281039,0.6688427254806893,0.0,0.0,0.5294117647058824,0.5294117647058824,73.0,0.0,0.0,0.17117402565898004,22.0,0.0,0.0,0.7585662143473612,0.0
gtzan/gtzan_country_00088/track.npy,gtzan,1.0,0.9391209057525285,0.9391209057525285,0.9391209057525285,1.0,1.0,1.0,1.0,0.7857142857142858,0.7303942547879465,0.778166410118469,0.7542803324532077,0.17647058823529413,0.29411764705882354,0.2857142857142857,0.5238095238095238,53.0,0.0,0.0,0.035091319811275556,20.0,0.0,0.0,0.6988779966799884,0.0
gtzan/gtzan_country_00089/track.npy,gtzan,0.6896551724137931,0.6011910298354289,0.7926631001819162,0.6969270650086725,0.03508771929824561,0.05263157894736842,0.7627118644067796,0.864406779661017,0.6399999999999999,0.618498982262837,0.8765943599171712,0.7475466710900041,0.0,0.0,0.5882352941176471,0.7058823529411765,70.0,0.0,0.0,0.32428344124531094,21.0,0.0,0.0,0.7299611536826599,0.0
gtzan/gtzan_country_00090/track.npy,gtzan,1.0,0.9708670055353313,0.9708670055353313,0.9708670055353313,1.0,1.0,1.0,1.0,0.6818181818181819,0.665701030336699,0.976405255287215,0.821053142811957,0.0,0.0,1.0,1.0,68.0,0.0,0.0,0.04520972120027747,34.0,0.0,0.0,0.022472855852062087,0.0
gtzan/gtzan_country_00091/track.npy,gtzan,0.5,0.47278977598677724,0.47278977598677724,0.47278977598677724,0.0,0.0,0.0,0.0,0.23529411764705882,0.21098637719745605,0.3454151811844378,0.27820077919094693,0.0,0.0,0.0,0.0,58.0,0.0,0.0,0.11444227289434594,36.0,0.0,0.0,0.9071027498818832,0.0
gtzan/gtzan_country_00092/track.npy,gtzan,0.9927007299270074,0.9023442872278852,0.9023442872278852,0.9023442872278852,0.9855072463768116,0.9855072463768116,0.9855072463768116,0.9855072463768116,0.4927536231884058,0.4498119804725834,0.4498119804725834,0.4498119804725834,0.0,0.0,0.019230769230769232,0.019230769230769232,83.0,0.0,0.0,0.0540672212702793,63.0,0.0,0.0,1.0804299695849187,0.0
gtzan/gtzan_country_00093/track.npy,gtzan,0.9577464788732395,0.8565622715087484,0.8565622715087484,0.8565622715087484,0.9722222222222222,0.9722222222222222,0.9722222222222222,0.9722222222222222,0.923076923076923,0.8222823744214304,0.8222823744214304,0.8222823744214304,0.5714285714285714,0.7142857142857143,0.5714285714285714,0.7142857142857143,44.0,0.0,0.0,0.09590739881646237,17.0,0.0,0.0,0.8458856419990065,0.0
gtzan/gtzan_country_00094/track.npy,gtzan,1.0,0.9088489287271312,0.9088489287271312,0.9088489287271312,1.0,1.0,1.0,1.0,0.8275862068965517,0.7652900408717622,0.7652900408717622,0.7652900408717622,0.23529411764705882,0.47058823529411764,0.23529411764705882,0.47058823529411764,57.0,0.0,0.0,0.03774032798285291,19.0,0.0,0.0,0.7121953755306397,0.0
gtzan/gtzan_country_00095/track.npy,gtzan,1.0,0.9430854800083386,0.9430854800083386,0.9430854800083386,1.0,1.0,1.0,1.0,0.6428571428571429,0.5891383809581558,0.8868099253322504,0.7379741531452031,0.0,0.0,0.8947368421052632,0.8947368421052632,45.0,0.0,0.0,0.029852963149681104,22.0,0.0,0.0,0.029852963149680556,0.0
gtzan/gtzan_country_00096/track.npy,gtzan,1.0,0.9294542000427811,0.9294542000427811,0.9294542000427811,1.0,1.0,1.0,1.0,1.0,0.9050081335396113,0.9050081335396113,0.9050081335396113,1.0,1.0,1.0,1.0,58.0,0.0,0.0,0.06294194137701387,14.0,0.0,0.0,0.011763434138137692,0.0
gtzan/gtzan_country_00097/track.npy,gtzan,0.5079365079365079,0.47409119378904796,0.47409119378904796,0.47409119378904796,0.0,0.0,0.0,0.0,0.3076923076923077,0.2933243018874561,0.44559422626570466,0.36945926407658036,0.0,0.0,0.09090909090909091,0.09090909090909091,57.0,0.0,0.0,0.08587418609970758,27.0,0.0,0.0,1.11760470121689,0.0
gtzan/gtzan_country_00098/track.npy,gtzan,1.0,0.9415691528891537,0.9415691528891537,0.9415691528891537,1.0,1.0,1.0,1.0,1.0,0.9610472659851933,0.9610472659851933,0.9610472659851933,1.0,1.0,1.0,1.0,60.0,0.0,0.0,0.03922071315328291,15.0,0.0,0.0,0.014888612493751174,0.0
gtzan/gtzan_country_00099/track.npy,gtzan,0.991869918699187,0.9037038659555353,0.9037038659555353,0.9037038659555353,0.9838709677419355,0.9838709677419355,0.9838709677419355,0.9838709677419355,1.0,0.9381766775737695,0.9381766775737695,0.9381766775737695,1.0,1.0,1.0,1.0,74.0,0.0,0.0,0.07410797215372134,18.0,0.0,0.0,0.013761966331307635,0.0
gtzan/gtzan_disco_00000/track.npy,gtzan,1.0,0.9041405827206459,0.9041405827206459,0.9041405827206459,1.0,1.0,1.0,1.0,0.923076923076923,0.8217254865975401,0.8217254865975401,0.8217254865975401,0.6428571428571429,0.7142857142857143,0.6428571428571429,0.7142857142857143,58.0,0.0,0.0,0.04398276189595998,17.0,0.0,0.0,0.6912447371121325,0.0
gtzan/gtzan_disco_00001/track.npy,gtzan,0.6620689655172414,0.6090614018693932,0.9011622588976206,0.7551118303835069,0.0,0.0,0.96,0.96,0.9600000000000001,0.8817859592544621,0.8817859592544621,0.8817859592544621,0.9230769230769231,0.9230769230769231,0.9230769230769231,0.9230769230769231,60.0,0.0,0.0,0.03922071315328442,31.0,0.0,0.0,0.06967777608397982,0.0
gtzan/gtzan_disco_00002/track.npy,gtzan,0.6713286713286714,0.641931779959272,0.956210876687477,0.7990713283233745,0.0,0.0,1.0,1.0,0.7368421052631579,0.6959162197988519,0.8697549951934964,0.7828356074961742,0.16666666666666666,0.16666666666666666,0.7142857142857143,0.7142857142857143,57.0,0.0,0.0,0.07696104113612678,17.0,0.0,0.0,0.22271674232651925,0.0
gtzan/gtzan_disco_00003/track.npy,gtzan,1.0,0.945887240089793,0.945887240089793,0.945887240089793,1.0,1.0,1.0,1.0,0.8125000000000001,0.764182630320497,0.764182630320497,0.764182630320497,0.2631578947368421,0.42105263157894735,0.2631578947368421,0.42105263157894735,64.0,0.0,0.0,0.04255961441879885,23.0,0.0,0.0,0.7037292898904816,0.0
gtzan/gtzan_disco_00004/track.npy,gtzan,1.0,0.9665973813728934,0.9665973813728934,0.9665973813728934,1.0,1.0,1.0,1.0,0.7647058823529412,0.7406240680359866,0.8840981099522418,0.8123610889941142,0.14285714285714285,0.23809523809523808,0.56,0.64,61.0,0.0,0.0,0.04082199452025426,25.0,0.0,0.0,0.683096844706444,0.0
gtzan/gtzan_disco_00005/track.npy,gtzan,0.9887640449438202,0.9252233753616449,0.9252233753616449,0.9252233753616449,0.9777777777777777,0.9777777777777777,0.9777777777777777,0.9777777777777777,0.7096774193548387,0.6285310890892186,0.8473179809173412,0.7379245350032799,0.15,0.15,0.7619047619047619,0.7619047619047619,55.0,0.0,0.0,0.04385165151631749,24.0,0.0,0.0,0.6345147641278381,0.0
gtzan/gtzan_disco_00006/track.npy,gtzan,1.0,0.9726735061596601,0.9726735061596601,0.9726735061596601,1.0,1.0,1.0,1.0,0.6842105263157895,0.654135682395423,0.9281196450871583,0.7911276637412906,0.04,0.04,0.76,0.92,62.0,0.0,0.0,0.041717042301482016,28.0,0.0,0.0,0.711202342720882,0.0
gtzan/gtzan_disco_00007/track.npy,gtzan,0.9908256880733944,0.9700599531169398,0.9700599531169398,0.9700599531169398,0.9818181818181818,0.9818181818181818,0.9818181818181818,0.9818181818181818,0.65,0.6350613819890599,0.942906149785368,0.788983765887214,0.0,0.0,0.9259259259259259,0.9259259259259259,65.0,0.0,0.0,0.04255961441880196,32.0,0.0,0.0,0.02150620522096545,0.0
gtzan/gtzan_disco_00008/track.npy,gtzan,0.9902912621359222,0.9528619076848547,0.9528619076848547,0.9528619076848547,0.9807692307692307,0.9807692307692307,0.9807692307692307,0.9807692307692307,0.631578947368421,0.5936151692477802,0.8890644579681964,0.7413398136079883,0.0,0.0,0.8846153846153846,0.8846153846153846,62.0,0.0,0.0,0.0408219945202581,31.0,0.0,0.0,0.036676879706036045,0.0
gtzan/gtzan_disco_00009/track.npy,gtzan,1.0,0.9156941906259546,0.9156941906259546,0.9156941906259546,1.0,1.0,1.0,1.0,1.0,0.914302648395297,0.914302648395297,0.914302648395297,1.0,1.0,1.0,1.0,65.0,0.0,0.0,0.04255961441880263,16.0,0.0,0.0,0.01617285924560053,0.0
gtzan/gtzan_disco_00010/track.npy,gtzan,1.0,0.9330209395510064,0.9330209395510064,0.9330209395510064,1.0,1.0,1.0,1.0,1.0,0.9284471178186965,0.9284471178186965,0.9284471178186965,1.0,1.0,1.0,1.0,54.0,0.0,0.0,0.0353733630671369,14.0,0.0,0.0,0.00888894741724744,0.0
gtzan/gtzan_disco_00011/track.npy,gtzan,1.0,0.9385920123717605,0.9385920123717605,0.9385920123717605,1.0,1.0,1.0,1.0,0.9090909090909091,0.8541988229126887,0.8541988229126887,0.8541988229126887,0.5833333333333334,0.5833333333333334,0.5833333333333334,0.5833333333333334,47.0,0.0,0.0,0.03174869831458181,14.0,0.0,0.0,0.6853314697574567,0.0
gtzan/gtzan_disco_00012/track.npy,gtzan,1.0,0.8891596241249365,0.8891596241249365,0.8891596241249365,1.0,1.0,1.0,1.0,0.5625000000000001,0.47071236908725517,0.81559757896346,0.6431549740253576,0.0,0.0,0.6956521739130435,0.7391304347826086,57.0,0.0,0.0,0.07410797215371356,24.0,0.0,0.0,0.6790483909809822,0.0
gtzan/gtzan_disco_00013/track.npy,gtzan,0.9863013698630138,0.8474618139962102,0.8474618139962102,0.8474618139962102,0.972972972972973,0.972972972972973,0.972972972972973,0.972972972972973,0.6428571428571429,0.5959183918963455,0.8397837256152348,0.7178510587557903,0.0,0.0,0.42105263157894735,0.8421052631578947,45.0,0.0,0.0,0.044451762570835184,23.0,0.0,0.0,0.6637332953536501,0.0
gtzan/gtzan_disco_00014/track.npy,gtzan,1.0,0.964642506006174,0.964642506006174,0.964642506006174,1.0,1.0,1.0,1.0,0.846153846153846,0.78467468911983,0.78467468911983,0.78467468911983,0.26666666666666666,0.4666666666666667,0.2857142857142857,0.4666666666666667,52.0,0.0,0.0,0.026793681059484976,19.0,0.0,0.0,0.6896914516443322,0.0
gtzan/gtzan_disco_00015/track.npy,gtzan,0.9607843137254902,0.9178956240592917,0.9178956240592917,0.9178956240592917,0.9803921568627451,0.9803921568627451,0.9803921568627451,0.9803921568627451,0.8387096774193548,0.7768797116409678,0.7912257574997931,0.7840527345703805,0.2222222222222222,0.4444444444444444,0.4,0.4444444444444444,61.0,0.0,0.0,0.07760309791642069,21.0,0.0,0.0,0.680560143677304,0.0
gtzan/gtzan_disco_00016/track.npy,gtzan,1.0,0.9668010833262515,0.9668010833262515,0.9668010833262515,1.0,1.0,1.0,1.0,0.14285714285714288,0.13700920182709422,0.8626844872202887,0.49984684452369144,0.0,0.0,0.5333333333333333,0.6666666666666666,62.0,0.0,0.0,0.04082199452025792,18.0,0.0,0.0,0.6855329019619318,0.0
gtzan/gtzan_disco_00017/track.npy,gtzan,0.99009900990099,0.9716282540485967,0.9716282540485967,0.9716282540485967,0.9803921568627451,0.9803921568627451,0.9803921568627451,0.9803921568627451,0.6842105263157895,0.6773498291427097,0.9832004882809202,0.8302751587118149,0.0,0.0,1.0,1.0,62.0,0.0,0.0,0.040821994520255284,30.0,0.0,0.0,0.020619287202738274,0.0
gtzan/gtzan_disco_00018/track.npy,gtzan,1.0,0.97444668073869,0.97444668073869,0.97444668073869,1.0,1.0,1.0,1.0,1.0,0.9884229207294006,0.9884229207294006,0.9884229207294006,1.0,1.0,1.0,1.0,63.0,0.0,0.0,0.041672696400567144,16.0,0.0,0.0,0.02473955084658256,0.0
gtzan/gtzan_disco_00019/track.npy,gtzan,1.0,0.9380514796876022,0.9380514796876022,0.9380514796876022,1.0,1.0,1.0,1.0,0.6842105263157895,0.6194278622361631,0.926820717257651,0.7731242897469071,0.0,0.0,1.0,1.0,59.0,0.0,0.0,0.062007334726407924,30.0,0.0,0.0,0.03922071315328284,0.0
gtzan/gtzan_disco_00020/track.npy,gtzan,0.9166666666666667,0.809836009347262,0.809836009347262,0.809836009347262,0.3157894736842105,0.7631578947368421,0.3157894736842105,0.7631578947368421,0.5925925925925926,0.5301123118153553,0.7890395944930004,0.6595759531541778,0.0,0.0,0.7222222222222222,0.8888888888888888,45.0,0.0,0.0,0.6917866153543591,22.0,0.0,0.0,0.7065702008920836,0.0
gtzan/gtzan_disco_00021/track.npy,gtzan,0.9777777777777777,0.806518293341111,0.806518293341111,0.806518293341111,0.9777777777777777,0.9777777777777777,0.9777777777777777,0.9777777777777777,1.0,0.8707517540734737,0.8707517540734737,0.8707517540734737,1.0,1.0,1.0,1.0,55.0,0.0,0.0,0.03636764417088045,16.0,0.0,0.0,0.2858534705372293,0.0
gtzan/gtzan_disco_00022/track.npy,gtzan,1.0,0.9794595947138289,0.9794595947138289,0.9794595947138289,1.0,1.0,1.0,1.0,0.888888888888889,0.8678605715321728,0.8678605715321728,0.8678605715321728,0.6666666666666666,0.6666666666666666,0.6666666666666666,0.6666666666666666,60.0,0.0,0.0,0.020202707317522606,19.0,0.0,0.0,0.6931471805599453,0.0
gtzan/gtzan_disco_00023/track.npy,gtzan,1.0,0.9167082449738019,0.9167082449738019,0.9167082449738019,1.0,1.0,1.0,1.0,0.5806451612903226,0.5282111495856497,0.766172245095962,0.6471916973408058,0.05263157894736842,0.10526315789473684,0.30434782608695654,0.5652173913043478,58.0,0.0,0.0,0.06210907066399354,23.0,0.0,0.0,0.7027166315760923,0.0
gtzan/gtzan_disco_00024/track.npy,gtzan,1.0,0.9602675959352743,0.9602675959352743,0.9602675959352743,1.0,1.0,1.0,1.0,0.6842105263157895,0.6597548751493341,0.9663818865425795,0.8130683808459568,0.0,0.0,1.0,1.0,64.0,0.0,0.0,0.04255961441879497,30.0,0.0,0.0,0.4650247771171869,0.0
gtzan/gtzan_disco_00025/track.npy,gtzan,1.0,0.9724522752820745,0.9724522752820745,0.9724522752820745,1.0,1.0,1.0,1.0,0.0,2.59803878251668e-31,3.7414875957008247e-31,3.1697631891087523e-31,0.0,0.0,0.0,0.0,62.0,0.0,0.0,0.04082199452025426,23.0,0.0,0.0,0.7035099675954908,0.0
gtzan/gtzan_disco_00026/track.npy,gtzan,1.0,0.9523106425351844,0.9523106425351844,0.9523106425351844,1.0,1.0,1.0,1.0,0.8,0.7586006152280617,0.7866750871010351,0.7726378511645484,0.3333333333333333,0.3333333333333333,0.4782608695652174,0.4782608695652174,60.0,0.0,0.0,0.039220713153280976,23.0,0.0,0.0,0.02000066670666932,0.0
gtzan/gtzan_disco_00027/track.npy,gtzan,1.0,0.9302977366204283,0.9302977366204283,0.9302977366204283,1.0,1.0,1.0,1.0,0.6470588235294118,0.6034551281271371,0.8972341373766749,0.750344632751906,0.0,0.0,0.9130434782608695,0.9130434782608695,56.0,0.0,0.0,0.07410797215372197,28.0,0.0,0.0,0.0346938365928885,0.0
gtzan/gtzan_disco_00028/track.npy,gtzan,1.0,0.9546670500071553,0.9546670500071553,0.9546670500071553,1.0,1.0,1.0,1.0,0.6842105263157895,0.6451910775454562,0.9562918365835634,0.8007414570645098,0.0,0.0,1.0,1.0,61.0,0.0,0.0,0.04082199452025792,29.0,0.0,0.0,0.03463620835943475,0.0
gtzan/gtzan_disco_00029/track.npy,gtzan,1.0,0.9129204765543496,0.9129204765543496,0.9129204765543496,1.0,1.0,1.0,1.0,1.0,0.8933548745024423,0.8933548745024423,0.8933548745024423,1.0,1.0,1.0,1.0,53.0,0.0,0.0,0.035091319811275556,14.0,0.0,0.0,0.015147791697983894,0.0
gtzan/gtzan_disco_00030/track.npy,gtzan,0.9913043478260869,0.9505483415698259,0.9505483415698259,0.9505483415698259,0.9827586206896551,0.9827586206896551,0.9827586206896551,0.9827586206896551,0.6666666666666666,0.6425162106126481,0.9447322624333234,0.7936242365229857,0.0,0.0,0.9642857142857143,0.9642857142857143,69.0,0.0,0.0,0.046202723167446065,34.0,0.0,0.0,0.022472855852059034,0.0
gtzan/gtzan_disco_00031/track.npy,gtzan,1.0,0.9659981367738106,0.9659981367738106,0.9659981367738106,1.0,1.0,1.0,1.0,0.8125000000000001,0.7914845554060715,0.8423261842507265,0.816905369828399,0.2631578947368421,0.3684210526315789,0.48,0.48,62.0,0.0,0.0,0.21405257284886695,24.0,0.0,0.0,0.6908449836348767,0.0
gtzan/gtzan_disco_00032/track.npy,gtzan,0.9787234042553191,0.8363301238943937,0.8363301238943937,0.8363301238943937,0.9787234042553191,0.9787234042553191,0.9787234042553191,0.9787234042553191,0.7272727272727273,0.6099946910201504,0.8116276806622253,0.7108111858411879,0.09523809523809523,0.09523809523809523,0.6521739130434783,0.8260869565217391,56.0,0.0,0.0,0.03704127168035165,26.0,0.0,0.0,0.5737438591131738,0.0
gtzan/gtzan_disco_00033/track.npy,gtzan,0.24299065420560748,0.2180648604667365,0.6352443801139563,0.4266546202903464,0.24074074074074073,0.24074074074074073,0.7037037037037037,0.7037037037037037,0.21428571428571427,0.2001640531766947,0.2001640531766947,0.2001640531766947,0.3333333333333333,0.7333333333333333,0.3333333333333333,0.7333333333333333,64.0,0.0,0.0,0.08243945454898265,19.0,0.0,0.0,0.696381752409067,0.0
gtzan/gtzan_disco_00034/track.npy,gtzan,0.9818181818181818,0.9620710741304153,0.9620710741304153,0.9620710741304153,0.9818181818181818,0.9818181818181818,0.9818181818181818,0.9818181818181818,0.65,0.6366874153883837,0.9370790196996026,0.7868832175439932,0.0,0.0,0.9259259259259259,0.9259259259259259,66.0,0.0,0.0,0.04348511193973803,33.0,0.0,0.0,0.02197890671877477,0.0
gtzan/gtzan_disco_00035/track.npy,gtzan,0.9803921568627451,0.9649033437563797,0.9649033437563797,0.9649033437563797,0.9803921568627451,0.9803921568627451,0.9803921568627451,0.9803921568627451,0.6842105263157895,0.6774595418030204,0.9841092411033349,0.8307843914531776,0.0,0.0,1.0,1.0,61.0,0.0,0.0,0.04082199452025603,29.0,0.0,0.0,0.03742443908192599,0.0
gtzan/gtzan_disco_00036/track.npy,gtzan,1.0,0.95519509452639,0.95519509452639,0.95519509452639,1.0,1.0,1.0,1.0,0.7894736842105263,0.7644290036688111,0.8538026744954083,0.8091158390821096,0.21739130434782608,0.30434782608695654,0.5517241379310345,0.5517241379310345,68.0,0.0,0.0,0.09097177820571678,27.0,0.0,0.0,0.692020417016294,0.0
gtzan/gtzan_disco_00037/track.npy,gtzan,1.0,0.9857795296136453,0.9857795296136453,0.9857795296136453,1.0,1.0,1.0,1.0,0.6666666666666666,0.6562357037733959,0.9661256533215086,0.8111806785474522,0.0,0.0,0.9642857142857143,0.9642857142857143,66.0,0.0,0.0,0.021978906718763125,33.0,0.0,0.0,0.02197890671877087,0.0
gtzan/gtzan_disco_00038/track.npy,gtzan,1.0,0.9577140427175271,0.9577140427175271,0.9577140427175271,1.0,1.0,1.0,1.0,0.7027027027027027,0.6742229135625762,0.9459316741331623,0.8100772938478693,0.08333333333333333,0.08333333333333333,0.88,0.88,62.0,0.0,0.0,0.041672696400567616,29.0,0.0,0.0,0.4906569218799668,0.0
gtzan/gtzan_disco_00039/track.npy,gtzan,0.9787234042553191,0.8879634752914963,0.8879634752914963,0.8879634752914963,0.9787234042553191,0.9787234042553191,0.9787234042553191,0.9787234042553191,0.8,0.7047704830911512,0.7792879844622478,0.7420292337766995,0.1111111111111111,0.2777777777777778,0.30434782608695654,0.5652173913043478,56.0,0.0,0.0,0.036367644170874056,22.0,0.0,0.0,0.7025926690162398,0.0
gtzan/gtzan_disco_00040/track.npy,gtzan,1.0,0.9179923804677211,0.9179923804677211,0.9179923804677211,1.0,1.0,1.0,1.0,0.6818181818181819,0.6122329278121804,0.916366571986822,0.7642997498995012,0.0,0.0,1.0,1.0,69.0,0.0,0.0,0.046520015634898895,35.0,0.0,0.0,0.02309645580052726,0.0
gtzan/gtzan_disco_00041/track.npy,gtzan,0.5057471264367815,0.4368199606256404,0.4368199606256404,0.4368199606256404,0.0,0.0,0.0,0.0,0.5,0.44090097487032043,0.7057786465327325,0.5733398107015264,0.0,0.0,0.5,0.7142857142857143,79.0,0.0,0.0,0.31541961348189884,18.0,0.0,0.0,1.7525800435099284,0.0
gtzan/gtzan_disco_00042/track.npy,gtzan,0.9885057471264368,0.8937371063042324,0.8937371063042324,0.8937371063042324,0.9772727272727273,0.9772727272727273,0.9772727272727273,0.9772727272727273,0.7586206896551725,0.6912158514644591,0.798415126192591,0.744815488828525,0.1111111111111111,0.2222222222222222,0.23809523809523808,0.6190476190476191,52.0,0.0,0.0,0.036075341464916,21.0,0.0,0.0,0.7115346078860909,0.0
gtzan/gtzan_disco_00043/track.npy,gtzan,1.0,0.9697508010518858,0.9697508010518858,0.9697508010518858,1.0,1.0,1.0,1.0,0.6842105263157895,0.6650252554697426,0.8941470829324719,0.7795861692011072,0.04,0.08,0.4,0.84,64.0,0.0,0.0,0.04255961441879681,28.0,0.0,0.0,0.6904733582807585,0.0
gtzan/gtzan_disco_00044/track.npy,gtzan,0.9902912621359222,0.969627516122282,0.969627516122282,0.969627516122282,0.9807692307692307,0.9807692307692307,0.9807692307692307,0.9807692307692307,0.7428571428571429,0.7312206149815824,0.9206434913063387,0.8259320531439606,0.13636363636363635,0.18181818181818182,0.72,0.72,62.0,0.0,0.0,0.0408219945202581,25.0,0.0,0.0,0.7019621788252601,0.0
gtzan/gtzan_disco_00045/track.npy,gtzan,1.0,0.9736199524887996,0.9736199524887996,0.9736199524887996,1.0,1.0,1.0,1.0,0.6666666666666666,0.6525691152748099,0.9587077544951125,0.8056384348849612,0.0,0.0,0.9615384615384616,0.9615384615384616,62.0,0.0,0.0,0.04082199452025613,31.0,0.0,0.0,0.02061928720273524,0.0
gtzan/gtzan_disco_00046/track.npy,gtzan,1.0,0.9756670890377506,0.9756670890377506,0.9756670890377506,1.0,1.0,1.0,1.0,0.6486486486486487,0.6320143526001236,0.9381160249890912,0.7850651887946074,0.0,0.0,0.92,0.92,61.0,0.0,0.0,0.040821994520261584,30.0,0.0,0.0,0.020202707317521527,0.0
gtzan/gtzan_disco_00047/track.npy,gtzan,0.10958904109589042,0.09342608152579622,0.13482642191269129,0.11412625171924376,0.0,0.0,0.038461538461538464,0.09615384615384616,0.0588235294117647,0.04662137513921808,0.057571711891104056,0.05209654351516107,0.0,0.0,0.0,0.0,62.0,0.0,0.01639344262295082,0.7262466223450441,36.0,0.0,0.0,1.2647231089200557,0.0
gtzan/gtzan_disco_00048/track.npy,gtzan,1.0,0.908779414604858,0.908779414604858,0.908779414604858,1.0,1.0,1.0,1.0,0.7586206896551725,0.6866719814160004,0.8233721185408283,0.7550220499784144,0.1111111111111111,0.2222222222222222,0.38095238095238093,0.6666666666666666,51.0,0.0,0.0,0.03390155167568665,20.0,0.0,0.0,0.694413010856825,0.0
gtzan/gtzan_disco_00049/track.npy,gtzan,1.0,0.9335908314500729,0.9335908314500729,0.9335908314500729,1.0,1.0,1.0,1.0,1.0,0.9278565296400006,0.9278565296400006,0.9278565296400006,1.0,1.0,1.0,1.0,60.0,0.0,0.0,0.039220713153281,15.0,0.0,0.0,0.014962872676712124,0.0
gtzan/gtzan_disco_00050/track.npy,gtzan,0.989010989010989,0.8611109499687051,0.8611109499687051,0.8611109499687051,0.9782608695652174,0.9782608695652174,0.9782608695652174,0.9782608695652174,0.9600000000000001,0.8410103000459606,0.8410103000459606,0.8410103000459606,0.8461538461538461,0.8461538461538461,0.8461538461538461,0.8461538461538461,56.0,0.0,0.0,0.03636764417088045,15.0,0.0,0.0,0.2882559959145348,0.0
gtzan/gtzan_disco_00051/track.npy,gtzan,0.9887640449438202,0.9354280987208148,0.9354280987208148,0.9354280987208148,0.9777777777777777,0.9777777777777777,0.9777777777777777,0.9777777777777777,0.9166666666666666,0.8548395285606105,0.8548395285606105,0.8548395285606105,0.7692307692307693,0.7692307692307693,0.7692307692307693,0.7692307692307693,55.0,0.0,0.0,0.03636764417088045,16.0,0.0,0.0,0.700835510205164,0.0
gtzan/gtzan_disco_00052/track.npy,gtzan,1.0,0.9770980918886212,0.9770980918886212,0.9770980918886212,1.0,1.0,1.0,1.0,0.7647058823529412,0.7482925243315981,0.8526850738539546,0.8004887990927764,0.14285714285714285,0.23809523809523808,0.24,0.6,63.0,0.0,0.0,0.04255961441879497,27.0,0.0,0.0,0.6858085886759272,0.0
gtzan/gtzan_disco_00053/track.npy,gtzan,0.9913043478260869,0.9213719716272415,0.9213719716272415,0.9213719716272415,0.9827586206896551,0.9827586206896551,0.9827586206896551,0.9827586206896551,0.6511627906976745,0.6187646937762196,0.9182571167429747,0.7685109052595971,0.0,0.0,0.9310344827586207,0.9310344827586207,70.0,0.0,0.0,0.061127371938729774,35.0,0.0,0.0,0.04652001563489412,0.0
gtzan/gtzan_disco_00054/track.npy,gtzan,1.0,0.9477505397633971,0.9477505397633971,0.9477505397633971,1.0,1.0,1.0,1.0,0.6470588235294118,0.6202392537260899,0.8964507709787639,0.7583450123524269,0.0,0.0,0.9130434782608695,0.9130434782608695,57.0,0.0,0.0,0.04407392073143919,28.0,0.0,0.0,0.028642063241957578,0.0
gtzan/gtzan_disco_00055/track.npy,gtzan,1.0,0.931654549193254,0.931654549193254,0.931654549193254,1.0,1.0,1.0,1.0,0.65,0.6189885269879161,0.9109921492424472,0.7649903381151817,0.0,0.0,0.9259259259259259,0.9259259259259259,65.0,0.0,0.0,0.04255961441879508,32.0,0.0,0.0,0.02150620522096326,0.0
gtzan/gtzan_disco_00056/track.npy,gtzan,1.0,0.9566363474810713,0.9566363474810713,0.9566363474810713,1.0,1.0,1.0,1.0,0.6923076923076924,0.6791356416469658,0.921453028200013,0.8002943349234894,0.058823529411764705,0.058823529411764705,0.7058823529411765,0.8823529411764706,44.0,0.0,0.0,0.029852963149680556,21.0,0.0,0.0,0.6800082610809087,0.0
gtzan/gtzan_disco_00057/track.npy,gtzan,1.0,0.9846039554130882,0.9846039554130882,0.9846039554130882,1.0,1.0,1.0,1.0,0.6857142857142856,0.6761944239031121,0.9383621479373871,0.8072782859202496,0.043478260869565216,0.043478260869565216,0.4782608695652174,0.9130434782608695,59.0,0.0,0.0,0.039220713153287345,28.0,0.0,0.0,0.5248110422440047,0.0
gtzan/gtzan_disco_00058/track.npy,gtzan,1.0,0.9596730264971299,0.9596730264971299,0.9596730264971299,1.0,1.0,1.0,1.0,0.6829268292682926,0.6590570943649614,0.9648449077050707,0.811951001035016,0.0,0.0,1.0,1.0,66.0,0.0,0.0,0.04445176257083357,33.0,0.0,0.0,0.021978906718778682,0.0
gtzan/gtzan_disco_00059/track.npy,gtzan,1.0,0.9510120585061765,0.9510120585061765,0.9510120585061765,1.0,1.0,1.0,1.0,0.7647058823529412,0.7210031109703054,0.8263332315551881,0.7736681712627468,0.19047619047619047,0.23809523809523808,0.32,0.6,63.0,0.0,0.0,0.04255961441878764,24.0,0.0,0.0,0.6981340686517825,0.0
gtzan/gtzan_disco_00060/track.npy,gtzan,0.9908256880733944,0.9202619383031923,0.9202619383031923,0.9202619383031923,0.9818181818181818,0.9818181818181818,0.9818181818181818,0.9818181818181818,0.6341463414634146,0.6001399214158921,0.8863143200404562,0.7432271207281742,0.0,0.0,0.8928571428571429,0.8928571428571429,66.0,0.0,0.0,0.04348511193974151,33.0,0.0,0.0,0.02173998663640543,0.0
gtzan/gtzan_disco_00061/track.npy,gtzan,1.0,0.9088938817724511,0.9088938817724511,0.9088938817724511,1.0,1.0,1.0,1.0,0.7777777777777778,0.7022007979398276,0.808935813813592,0.7555683058767098,0.18181818181818182,0.2727272727272727,0.5185185185185185,0.5925925925925926,63.0,0.0,0.0,0.04255961441879497,24.0,0.0,0.0,0.6871336633179596,0.0
gtzan/gtzan_disco_00062/track.npy,gtzan,0.989010989010989,0.9386021681188523,0.9386021681188523,0.9386021681188523,0.9782608695652174,0.9782608695652174,0.9782608695652174,0.9782608695652174,0.6857142857142856,0.6528305058568129,0.9543235451638544,0.8035770255103336,0.0,0.0,1.0,1.0,55.0,0.0,0.0,0.03663709517466822,27.0,0.0,0.0,0.009132483563272342,0.0
gtzan/gtzan_disco_00063/track.npy,gtzan,1.0,0.9576601928353535,0.9576601928353535,0.9576601928353535,1.0,1.0,1.0,1.0,0.6666666666666666,0.6386792916263018,0.8993637885045216,0.7690215400654117,0.038461538461538464,0.038461538461538464,0.7307692307692307,0.8846153846153846,65.0,0.0,0.0,0.021978906718778668,32.0,0.0,0.0,0.39112145733141734,0.0
gtzan/gtzan_disco_00064/track.npy,gtzan,1.0,0.9804248421080534,0.9804248421080534,0.9804248421080534,1.0,1.0,1.0,1.0,0.6842105263157895,0.6740260736756988,0.9859436821172739,0.8299848778964863,0.0,0.0,1.0,1.0,61.0,0.0,0.0,0.040821994520259884,30.0,0.0,0.0,0.020545641752698962,0.0
gtzan/gtzan_disco_00065/track.npy,gtzan,1.0,0.9363443445239161,0.9363443445239161,0.9363443445239161,1.0,1.0,1.0,1.0,0.6666666666666666,0.6281476352616013,0.9269085889536037,0.7775281121076025,0.0,0.0,0.9642857142857143,0.9642857142857143,66.0,0.0,0.0,0.044451762570840825,33.0,0.0,0.0,0.02197890671877721,0.0
gtzan/gtzan_disco_00066/track.npy,gtzan,1.0,0.9607956396066487,0.9607956396066487,0.9607956396066487,1.0,1.0,1.0,1.0,0.6666666666666666,0.6397695694598126,0.9431435568039587,0.7914565631318856,0.0,0.0,0.9642857142857143,0.9642857142857143,67.0,0.0,0.0,0.04445176257084003,33.0,0.0,0.0,0.04445176257082893,0.0
gtzan/gtzan_disco_00067/track.npy,gtzan,1.0,0.875234777621667,0.875234777621667,0.875234777621667,1.0,1.0,1.0,1.0,1.0,0.8699728977264822,0.8699728977264822,0.8699728977264822,1.0,1.0,1.0,1.0,50.0,0.0,0.0,0.044103554827081504,12.0,0.0,0.0,0.008387588289741349,0.0
gtzan/gtzan_disco_00068/track.npy,gtzan,1.0,0.8493748829711459,0.8493748829711459,0.8493748829711459,1.0,1.0,1.0,1.0,1.0,0.8395389113457629,0.8395389113457629,0.8395389113457629,1.0,1.0,1.0,1.0,54.0,0.0,0.0,0.03636764417088045,14.0,0.0,0.0,0.32816620717475353,0.0
gtzan/gtzan_disco_00069/track.npy,gtzan,0.9887640449438202,0.9001452781853219,0.9001452781853219,0.9001452781853219,0.9777777777777777,0.9777777777777777,0.9777777777777777,0.9777777777777777,0.6666666666666666,0.5820500969364167,0.8816314382941229,0.7318407676152698,0.0,0.0,0.9545454545454546,0.9545454545454546,55.0,0.0,0.0,0.043064516628105905,27.0,0.0,0.0,0.035718082602081015,0.0
gtzan/gtzan_disco_00070/track.npy,gtzan,1.0,0.8124989121619264,0.8124989121619264,0.8124989121619264,1.0,1.0,1.0,1.0,0.923076923076923,0.7524935489157991,0.7524935489157991,0.7524935489157991,0.7142857142857143,0.7142857142857143,0.7142857142857143,0.7142857142857143,55.0,0.0,0.0,0.0366370951746676,16.0,0.0,0.0,0.26357828885022516,0.0
gtzan/gtzan_disco_00071/track.npy,gtzan,1.0,0.8709313717694757,0.8709313717694757,0.8709313717694757,1.0,1.0,1.0,1.0,1.0,0.7906424061794065,0.7906424061794065,0.7906424061794065,1.0,1.0,1.0,1.0,57.0,0.0,0.0,0.03846628082778847,17.0,0.0,0.0,0.21843426746110578,0.0
gtzan/gtzan_disco_00072/track.npy,gtzan,1.0,0.8695837388935482,0.8695837388935482,0.8695837388935482,1.0,1.0,1.0,1.0,0.7000000000000001,0.6180167428359549,0.8281836003295763,0.7231001715827656,0.07692307692307693,0.11538461538461539,0.4444444444444444,0.8148148148148148,69.0,0.0,0.0,0.046520015634898895,30.0,0.0,0.0,0.6931471805599467,0.0
gtzan/gtzan_disco_00073/track.npy,gtzan,1.0,0.8546445485755788,0.8546445485755788,0.8546445485755788,1.0,1.0,1.0,1.0,0.8275862068965517,0.7401835143728301,0.7401835143728301,0.7401835143728301,0.4117647058823529,0.4117647058823529,0.4117647058823529,0.4117647058823529,57.0,0.0,0.0,0.03774032798284799,21.0,0.0,0.0,0.6865211304979243,0.0
gtzan/gtzan_disco_00074/track.npy,gtzan,1.0,0.8607472958072611,0.8607472958072611,0.8607472958072611,1.0,1.0,1.0,1.0,0.846153846153846,0.6920713915451807,0.6920713915451807,0.6920713915451807,0.4,0.5333333333333333,0.4,0.5333333333333333,56.0,0.0,0.0,0.05608946665104467,19.0,0.0,0.0,0.6950076590924098,0.0
gtzan/gtzan_disco_00075/track.npy,gtzan,1.0,0.9680086874413122,0.9680086874413122,0.9680086874413122,1.0,1.0,1.0,1.0,0.7000000000000001,0.6796546372796017,0.9566766603022012,0.8181656487909015,0.038461538461538464,0.038461538461538464,0.5555555555555556,0.9259259259259259,67.0,0.0,0.0,0.044451762570840825,32.0,0.0,0.0,0.4073116523674673,0.0
gtzan/gtzan_disco_00076/track.npy,gtzan,0.9906542056074767,0.9450008095224525,0.9450008095224525,0.9450008095224525,0.9814814814814815,0.9814814814814815,0.9814814814814815,0.9814814814814815,0.65,0.6099856704058731,0.9116511975801873,0.7608184339930302,0.0,0.0,0.9259259259259259,0.9259259259259259,65.0,0.0,0.0,0.04255961441880263,33.0,0.0,0.0,0.05891165354291225,0.0
gtzan/gtzan_disco_00077/track.npy,gtzan,0.9896907216494846,0.9137049434797251,0.9137049434797251,0.9137049434797251,0.9795918367346939,0.9795918367346939,0.9795918367346939,0.9795918367346939,0.7058823529411764,0.632467513728567,0.820860219081295,0.726663866404931,0.09090909090909091,0.13636363636363635,0.2608695652173913,0.7391304347826086,59.0,0.0,0.0,0.039220713153283196,27.0,0.0,0.0,0.6970212801405749,0.0
gtzan/gtzan_disco_00078/track.npy,gtzan,1.0,0.96863282561687,0.96863282561687,0.96863282561687,1.0,1.0,1.0,1.0,1.0,0.94795396596584,0.94795396596584,0.94795396596584,1.0,1.0,1.0,1.0,64.0,0.0,0.0,0.18091301294561984,16.0,0.0,0.0,0.07393205312023549,0.0
gtzan/gtzan_disco_00079/track.npy,gtzan,1.0,0.9780300390150611,0.9780300390150611,0.9780300390150611,1.0,1.0,1.0,1.0,0.8666666666666666,0.839010588783114,0.839010588783114,0.839010588783114,0.5294117647058824,0.5294117647058824,0.5294117647058824,0.5294117647058824,61.0,0.0,0.0,0.04082199452025426,20.0,0.0,0.0,0.1196368279258599,0.0
gtzan/gtzan_disco_00080/track.npy,gtzan,1.0,0.8887723954092358,0.8887723954092358,0.8887723954092358,1.0,1.0,1.0,1.0,1.0,0.8779047624593632,0.8779047624593632,0.8779047624593632,1.0,1.0,1.0,1.0,50.0,0.0,0.0,0.032789822822996084,13.0,0.0,0.0,0.014433992000425944,0.0
gtzan/gtzan_disco_00081/track.npy,gtzan,0.9158878504672898,0.8427294399116684,0.8427294399116684,0.8427294399116684,0.9074074074074074,0.9074074074074074,0.9074074074074074,0.9074074074074074,0.5714285714285714,0.5285213717479795,0.8115710382645699,0.6700462050062748,0.0,0.0,0.8928571428571429,0.8928571428571429,64.0,0.0,0.0,0.20928706385864557,33.0,0.0,0.0,0.6877417225078373,0.0
gtzan/gtzan_disco_00082/track.npy,gtzan,1.0,0.9779631202901501,0.9779631202901501,0.9779631202901501,1.0,1.0,1.0,1.0,0.6666666666666666,0.6570766214209842,0.9670287091482707,0.8120526652846274,0.0,0.0,0.9615384615384616,0.9615384615384616,62.0,0.0,0.0,0.04082199452026148,31.0,0.0,0.0,0.020619287202737813,0.0
gtzan/gtzan_disco_00083/track.npy,gtzan,0.9896907216494846,0.930715221903755,0.930715221903755,0.930715221903755,0.9795918367346939,0.9795918367346939,0.9795918367346939,0.9795918367346939,0.6486486486486487,0.6008581983950418,0.8905636672589406,0.7457109328269913,0.0,0.0,0.92,0.92,59.0,0.0,0.0,0.039220713153287345,30.0,0.0,0.0,0.03922071315328153,0.0
gtzan/gtzan_disco_00084/track.npy,gtzan,0.9894736842105264,0.9294048109482158,0.9294048109482158,0.9294048109482158,0.9791666666666666,0.9791666666666666,0.9791666666666666,0.9791666666666666,0.6666666666666666,0.6247220724426158,0.8385058529185121,0.731613962680564,0.09090909090909091,0.13636363636363635,0.45454545454545453,0.7272727272727273,58.0,0.0,0.0,0.03774032798284954,27.0,0.0,0.0,0.6989069925819563,0.0
gtzan/gtzan_disco_00085/track.npy,gtzan,1.0,0.9735156928388504,0.9735156928388504,0.9735156928388504,1.0,1.0,1.0,1.0,0.6666666666666666,0.6410524587023476,0.9597680630451214,0.8004102608737345,0.0,0.0,0.9615384615384616,0.9615384615384616,62.0,0.0,0.0,0.040821994520261584,31.0,0.0,0.0,0.020619287202738906,0.0
gtzan/gtzan_disco_00086/track.npy,gtzan,1.0,0.9212607662962798,0.9212607662962798,0.9212607662962798,1.0,1.0,1.0,1.0,0.962962962962963,0.8802675110961863,0.8802675110961863,0.8802675110961863,0.9285714285714286,0.9285714285714286,0.9285714285714286,0.9285714285714286,63.0,0.0,0.0,0.04255961441879885,17.0,0.0,0.0,0.6978966201249497,0.0
gtzan/gtzan_disco_00087/track.npy,gtzan,1.0,0.9403812973407313,0.9403812973407313,0.9403812973407313,1.0,1.0,1.0,1.0,1.0,0.9517863505414627,0.9517863505414627,0.9517863505414627,1.0,1.0,1.0,1.0,53.0,0.0,0.0,0.05218575317056917,13.0,0.0,0.0,0.026540697478698916,0.0
gtzan/gtzan_disco_00088/track.npy,gtzan,1.0,0.9713412893123711,0.9713412893123711,0.9713412893123711,1.0,1.0,1.0,1.0,0.787878787878788,0.7453507909195647,0.8099310814076623,0.7776409361636135,0.2,0.35,0.48,0.48,63.0,0.0,0.0,0.04167269640056781,24.0,0.0,0.0,0.7024790032353554,0.0
gtzan/gtzan_disco_00089/track.npy,gtzan,0.9908256880733944,0.9326484967477785,0.9326484967477785,0.9326484967477785,0.9818181818181818,0.9818181818181818,0.9818181818181818,0.9818181818181818,0.6341463414634146,0.5909872599367415,0.8772451838154047,0.7341162218760731,0.0,0.0,0.8928571428571429,0.8928571428571429,66.0,0.0,0.0,0.042559614418796854,33.0,0.0,0.0,0.021506205220965524,0.0
gtzan/gtzan_disco_00090/track.npy,gtzan,0.9906542056074767,0.962384998963403,0.962384998963403,0.962384998963403,0.9814814814814815,0.9814814814814815,0.9814814814814815,0.9814814814814815,0.65,0.6315354973593517,0.940408573526113,0.7859720354427323,0.0,0.0,0.9259259259259259,0.9259259259259259,65.0,0.0,0.0,0.04255961441880263,32.0,0.0,0.0,0.021403242172809412,0.0
gtzan/gtzan_disco_00091/track.npy,gtzan,1.0,0.9153383023871582,0.9153383023871582,0.9153383023871582,1.0,1.0,1.0,1.0,0.6451612903225806,0.5813288913573326,0.8593863062029534,0.7203575987801429,0.0,0.0,0.9047619047619048,0.9047619047619048,51.0,0.0,0.0,0.03345686013460306,24.0,0.0,0.0,0.016793227498123054,0.0
gtzan/gtzan_disco_00092/track.npy,gtzan,1.0,0.953226287212917,0.953226287212917,0.953226287212917,1.0,1.0,1.0,1.0,0.6666666666666666,0.6169704012869747,0.9178750351914022,0.7674227182391884,0.0,0.0,0.9583333333333334,0.9583333333333334,58.0,0.0,0.0,0.07696104113612845,29.0,0.0,0.0,0.035114490649970714,0.0
gtzan/gtzan_disco_00093/track.npy,gtzan,1.0,0.9420920180760227,0.9420920180760227,0.9420920180760227,1.0,1.0,1.0,1.0,0.7586206896551725,0.7421186833131953,0.8482122639310727,0.7951654736221341,0.16666666666666666,0.2777777777777778,0.47619047619047616,0.5714285714285714,55.0,0.0,0.0,0.074107972153721,21.0,0.0,0.0,0.6969212133582329,0.0
gtzan/gtzan_disco_00094/track.npy,gtzan,1.0,0.9545480697288218,0.9545480697288218,0.9545480697288218,1.0,1.0,1.0,1.0,0.6818181818181819,0.6492157155172361,0.959740395808362,0.8044780556627991,0.0,0.0,1.0,1.0,70.0,0.0,0.0,0.04652001563489524,35.0,0.0,0.0,0.022989518224698476,0.0
gtzan/gtzan_disco_00095/track.npy,gtzan,0.99009900990099,0.9708892541436487,0.9708892541436487,0.9708892541436487,0.9803921568627451,0.9803921568627451,0.9803921568627451,0.9803921568627451,0.6486486486486487,0.6143863255082703,0.9267965517946103,0.7705914386514403,0.0,0.0,0.92,0.92,61.0,0.0,0.0,0.04082199452025542,29.0,0.0,0.0,0.02716793891473833,0.0
gtzan/gtzan_disco_00096/track.npy,gtzan,1.0,0.8730729625066639,0.8730729625066639,0.8730729625066639,1.0,1.0,1.0,1.0,0.7333333333333334,0.6407910172288688,0.6407910172288688,0.6407910172288688,0.10526315789473684,0.21052631578947367,0.19047619047619047,0.2857142857142857,51.0,0.0,0.0,0.03390155167568447,21.0,0.0,0.0,1.1436238603057929,0.0
gtzan/gtzan_disco_00097/track.npy,gtzan,1.0,0.9909550910328482,0.9909550910328482,0.9909550910328482,1.0,1.0,1.0,1.0,0.6829268292682926,0.6783721832902941,0.9941843773112056,0.8362782803007498,0.0,0.0,1.0,1.0,66.0,0.0,0.0,0.04025918115659391,33.0,0.0,0.0,0.010929070532190027,0.0
gtzan/gtzan_disco_00098/track.npy,gtzan,0.9902912621359222,0.9674254972143,0.9674254972143,0.9674254972143,0.9807692307692307,0.9807692307692307,0.9807692307692307,0.9807692307692307,0.6842105263157895,0.6662988613784735,0.6662988613784735,0.6662988613784735,0.08,0.16,0.16,0.28,62.0,0.0,0.0,0.04082199452025603,30.0,0.0,0.0,1.2985031719074631,0.0
gtzan/gtzan_disco_00099/track.npy,gtzan,0.9902912621359222,0.9613590398590616,0.9613590398590616,0.9613590398590616,0.9807692307692307,0.9807692307692307,0.9807692307692307,0.9807692307692307,0.6842105263157895,0.6598986268640422,0.6598986268640422,0.6598986268640422,0.08,0.16,0.16,0.28,62.0,0.0,0.0,0.04082199452025603,30.0,0.0,0.0,1.2985031719074631,0.0
gtzan/gtzan_hiphop_00000/track.npy,gtzan,1.0,0.9314005106936922,0.9314005106936922,0.9314005106936922,1.0,1.0,1.0,1.0,0.8571428571428571,0.7851465699559138,0.7851465699559138,0.7851465699559138,0.5,0.5,0.5,0.5,60.0,0.0,0.0,0.03933840637234499,21.0,0.0,0.0,0.10631455229363998,0.0
gtzan/gtzan_hiphop_00001/track.npy,gtzan,0.9743589743589743,0.9278254836435453,0.9278254836435453,0.9278254836435453,0.9743589743589743,0.9743589743589743,0.9743589743589743,0.9743589743589743,0.6896551724137931,0.6476878168031921,0.9423310296514787,0.7950094232273355,0.0,0.0,1.0,1.0,46.0,0.0,0.0,0.05840235894866214,22.0,0.0,0.0,0.016019365999017657,0.0
gtzan/gtzan_hiphop_00002/track.npy,gtzan,1.0,0.8816075924519032,0.8816075924519032,0.8816075924519032,1.0,1.0,1.0,1.0,1.0,0.8580784076149621,0.8580784076149621,0.8580784076149621,1.0,1.0,1.0,1.0,50.0,0.0,0.0,0.04959694113937391,12.0,0.0,0.0,0.008298802814694861,0.0
gtzan/gtzan_hiphop_00003/track.npy,gtzan,0.9873417721518987,0.9033369199733492,0.9033369199733492,0.9033369199733492,0.975,0.975,0.975,0.975,0.6666666666666666,0.6217591981561256,0.9083660867318886,0.765062642444007,0.0,0.0,0.95,0.95,46.0,0.0,0.0,0.0312525435041064,23.0,0.0,0.0,0.015504186535966274,0.0
gtzan/gtzan_hiphop_00004/track.npy,gtzan,0.9876543209876543,0.8934019246575257,0.8934019246575257,0.8934019246575257,0.975609756097561,0.975609756097561,0.975609756097561,0.975609756097561,0.6666666666666666,0.5978767781936493,0.8690332967954478,0.7334550374945485,0.0,0.0,0.95,0.95,49.0,0.0,0.0,0.043990061765501104,24.0,0.0,0.0,0.031862453735762665,0.0
gtzan/gtzan_hiphop_00005/track.npy,gtzan,0.9833333333333333,0.8476337750153656,0.8476337750153656,0.8476337750153656,0.9833333333333333,0.9833333333333333,0.9833333333333333,0.9833333333333333,1.0,0.8106846106518424,0.8106846106518424,0.8106846106518424,1.0,1.0,1.0,1.0,72.0,0.0,0.0,0.09793548311828638,18.0,0.0,0.0,0.01769957709940151,0.0
gtzan/gtzan_hiphop_00006/track.npy,gtzan,0.9879518072289156,0.9368149710788767,0.9368149710788767,0.9368149710788767,0.9761904761904762,0.9761904761904762,0.9761904761904762,0.9761904761904762,0.5517241379310345,0.5234385180688647,0.8514348335629908,0.6874366758159277,0.0,0.0,0.5263157894736842,0.7894736842105263,51.0,0.0,0.0,0.033336420267591094,23.0,0.0,0.0,0.6806730063347691,0.0
gtzan/gtzan_hiphop_00007/track.npy,gtzan,0.9306930693069307,0.8732567982666991,0.8732567982666991,0.8732567982666991,0.9215686274509803,0.9215686274509803,0.9215686274509803,0.9215686274509803,0.7058823529411765,0.6620252990735839,0.7981066148507905,0.7300659569621872,0.14285714285714285,0.23809523809523808,0.4,0.64,61.0,0.0,0.0,0.08004270767353472,26.0,0.0,0.0,0.7016899660354213,0.0
gtzan/gtzan_hiphop_00008/track.npy,gtzan,0.9722222222222222,0.8527636541406565,0.8527636541406565,0.8527636541406565,1.0,1.0,1.0,1.0,0.6153846153846153,0.5466911346657602,0.795221013449235,0.6709560740574976,0.0,0.0,1.0,1.0,43.0,0.0,0.0,0.05406722127027935,21.0,0.0,0.0,0.6875771354413254,0.0
gtzan/gtzan_hiphop_00009/track.npy,gtzan,0.9885057471264368,0.8442558044858945,0.8442558044858945,0.8442558044858945,0.9545454545454546,0.9545454545454546,0.9545454545454546,0.9545454545454546,0.9523809523809523,0.8216491285218153,0.8216491285218153,0.8216491285218153,0.9090909090909091,0.9090909090909091,0.9090909090909091,0.9090909090909091,52.0,0.0,0.0,0.034819005128225396,13.0,0.0,0.0,0.00858374369139131,0.0
gtzan/gtzan_hiphop_00010/track.npy,gtzan,0.975609756097561,0.8770893691778674,0.8770893691778674,0.8770893691778674,0.975609756097561,0.975609756097561,0.975609756097561,0.975609756097561,0.8333333333333333,0.77836008330838,0.7884016001926298,0.7833808417505049,0.2857142857142857,0.35714285714285715,0.3157894736842105,0.47368421052631576,49.0,0.0,0.0,0.031748698314585266,16.0,0.0,0.0,0.7039682116344202,0.0
gtzan/gtzan_hiphop_00011/track.npy,gtzan,0.9879518072289156,0.9024113262355633,0.9024113262355633,0.9024113262355633,0.9761904761904762,0.9761904761904762,0.9761904761904762,0.9761904761904762,0.6666666666666666,0.6294107016352034,0.8386539901506999,0.7340323458929516,0.05,0.05,0.6,0.85,51.0,0.0,0.0,0.06018716614995873,25.0,0.0,0.0,0.6373117774441461,0.0
gtzan/gtzan_hiphop_00012/track.npy,gtzan,0.9761904761904762,0.8269932433309913,0.8269932433309913,0.8269932433309913,0.9761904761904762,0.9761904761904762,0.9761904761904762,0.9761904761904762,0.6666666666666666,0.5557201063866305,0.813825431902023,0.6847727691443268,0.0,0.0,0.95,0.95,50.0,0.0,0.0,0.06453852113756409,24.0,0.0,0.0,0.03278982282298723,0.0
gtzan/gtzan_hiphop_00013/track.npy,gtzan,1.0,0.9646677166969722,0.9646677166969722,0.9646677166969722,1.0,1.0,1.0,1.0,0.5714285714285715,0.5487342722877879,0.7323718713041156,0.6405530717959518,0.16666666666666666,0.16666666666666666,0.16666666666666666,0.2916666666666667,51.0,0.0,0.0,0.03390155167568665,26.0,0.0,0.0,0.7102416139192511,0.0
gtzan/gtzan_hiphop_00014/track.npy,gtzan,1.0,0.9049930204163087,0.9049930204163087,0.9049930204163087,1.0,1.0,1.0,1.0,0.6666666666666666,0.6299028165669331,0.9144868429668411,0.7721948297668871,0.0,0.0,0.9642857142857143,0.9642857142857143,67.0,0.0,0.0,0.09097177820573288,34.0,0.0,0.0,0.02247285585205992,0.0
gtzan/gtzan_hiphop_00015/track.npy,gtzan,0.9213483146067416,0.7494419021656168,0.7494419021656168,0.7494419021656168,0.7083333333333334,0.7083333333333334,0.7083333333333334,0.7083333333333334,0.6896551724137931,0.5816351402068511,0.6722802341902279,0.6269576871985395,0.10526315789473684,0.21052631578947367,0.3684210526315789,0.47368421052631576,65.0,0.0,0.0,0.30232956718688425,22.0,0.0,0.0,1.9711329047756316,0.0
gtzan/gtzan_hiphop_00016/track.npy,gtzan,1.0,0.936179326215955,0.936179326215955,0.936179326215955,1.0,1.0,1.0,1.0,0.6666666666666666,0.6139175518185295,0.8515229836183181,0.7327202677184238,0.05,0.05,0.6,0.85,51.0,0.0,0.0,0.03390155167568132,25.0,0.0,0.0,0.6292867647696212,0.0
gtzan/gtzan_hiphop_00017/track.npy,gtzan,0.9876543209876543,0.9136931117234512,0.9136931117234512,0.9136931117234512,0.975609756097561,0.975609756097561,0.975609756097561,0.975609756097561,0.9090909090909091,0.8331030341041866,0.8331030341041866,0.8331030341041866,0.25,0.6666666666666666,0.25,0.6666666666666666,49.0,0.0,0.0,0.04800921918635306,14.0,0.0,0.0,0.7031360515121317,0.0
gtzan/gtzan_hiphop_00018/track.npy,gtzan,0.3025210084033613,0.23303000978300326,0.35456655796987224,0.29379828387643775,0.013333333333333334,0.04,0.08045977011494253,0.20689655172413793,0.30769230769230765,0.20505108720229864,0.20505108720229864,0.20505108720229864,0.03571428571428571,0.07142857142857142,0.07142857142857142,0.07142857142857142,93.0,0.0,0.17391304347826086,0.693147180559945,34.0,0.0,0.0,2.0405641611604666,0.0
gtzan/gtzan_hiphop_00019/track.npy,gtzan,1.0,0.8782941865359414,0.8782941865359414,0.8782941865359414,1.0,1.0,1.0,1.0,0.6875000000000001,0.616509410982691,0.8841164594659975,0.7503129352243443,0.0,0.0,1.0,1.0,51.0,0.0,0.0,0.033901551675685405,28.0,0.0,0.0,0.6702523236992822,0.0
gtzan/gtzan_hiphop_00020/track.npy,gtzan,0.9795918367346939,0.8384287579919932,0.8384287579919932,0.8384287579919932,0.9795918367346939,0.9795918367346939,0.9795918367346939,0.9795918367346939,0.9230769230769231,0.7718464274758781,0.7718464274758781,0.7718464274758781,1.0,1.0,1.0,1.0,59.0,0.0,0.0,0.05826890812397523,15.0,0.0,0.0,0.021479355806462756,0.0
gtzan/gtzan_hiphop_00021/track.npy,gtzan,1.0,0.9138293193242624,0.9138293193242624,0.9138293193242624,1.0,1.0,1.0,1.0,0.6451612903225806,0.5697097176302991,0.8614685740733158,0.7155891458518074,0.0,0.0,0.9047619047619048,0.9047619047619048,51.0,0.0,0.0,0.044052982604603684,25.0,0.0,0.0,0.016807118316381625,0.0
gtzan/gtzan_hiphop_00022/track.npy,gtzan,1.0,0.9239578702074683,0.9239578702074683,0.9239578702074683,1.0,1.0,1.0,1.0,1.0,0.9224081179025568,0.9224081179025568,0.9224081179025568,1.0,1.0,1.0,1.0,51.0,0.0,0.0,0.05357544536947342,13.0,0.0,0.0,0.012631746905901076,0.0
gtzan/gtzan_hiphop_00023/track.npy,gtzan,0.9873417721518987,0.8655676456910074,0.8655676456910074,0.8655676456910074,0.975,0.975,0.975,0.975,0.8695652173913044,0.7622744244871812,0.7622744244871812,0.7622744244871812,0.23076923076923078,0.5384615384615384,0.23076923076923078,0.5384615384615384,47.0,0.0,0.0,0.04415204754335422,15.0,0.0,0.0,0.6994465233472007,0.0
gtzan/gtzan_hiphop_00024/track.npy,gtzan,1.0,0.9606941312040934,0.9606941312040934,0.9606941312040934,1.0,1.0,1.0,1.0,0.88,0.851482644227675,0.851482644227675,0.851482644227675,0.21428571428571427,0.5714285714285714,0.21428571428571427,0.5714285714285714,51.0,0.0,0.0,0.03390155167568665,17.0,0.0,0.0,0.6982755105677354,0.0
gtzan/gtzan_hiphop_00025/track.npy,gtzan,1.0,0.7612356044046339,0.7612356044046339,0.7612356044046339,1.0,1.0,1.0,1.0,1.0,0.8235139082498601,0.8235139082498601,0.8235139082498601,1.0,1.0,1.0,1.0,53.0,0.0,0.0,0.06959856508010254,13.0,0.0,0.0,0.01762160134981916,0.0
gtzan/gtzan_hiphop_00026/track.npy,gtzan,1.0,0.9127298165289595,0.9127298165289595,0.9127298165289595,1.0,1.0,1.0,1.0,0.9166666666666666,0.8326564557555846,0.8326564557555846,0.8326564557555846,0.6923076923076923,0.6923076923076923,0.6923076923076923,0.6923076923076923,52.0,0.0,0.0,0.03390155167568665,15.0,0.0,0.0,0.28411125637239365,0.0
gtzan/gtzan_hiphop_00027/track.npy,gtzan,1.0,0.9297328975013285,0.9297328975013285,0.9297328975013285,1.0,1.0,1.0,1.0,0.6896551724137931,0.6342947306337751,0.9090919656336285,0.7716933481337018,0.0,0.0,1.0,1.0,46.0,0.0,0.0,0.05840235894866486,22.0,0.0,0.0,0.05030219144055761,0.0
gtzan/gtzan_hiphop_00028/track.npy,gtzan,0.8947368421052632,0.5464866980929446,0.5464866980929446,0.5464866980929446,1.0,1.0,1.0,1.0,0.5714285714285714,0.33241476681928767,0.5019933556235896,0.4172040612214386,0.0,0.0,0.8947368421052632,0.8947368421052632,45.0,0.0,0.0,0.05884050002293684,23.0,0.0,0.0,0.022472855852056828,0.0
gtzan/gtzan_hiphop_00029/track.npy,gtzan,0.7378640776699029,0.6584921958718952,0.7374096076248591,0.6979509017483772,0.19047619047619047,0.20634920634920634,0.34177215189873417,0.5316455696202531,0.4347826086956522,0.3806918583929304,0.6077653747421162,0.4942286165675233,0.0,0.0,0.08333333333333333,0.1388888888888889,79.0,0.0,0.0,0.6353434799798217,44.0,0.0,0.0,1.1837700970084202,0.0
gtzan/gtzan_hiphop_00030/track.npy,gtzan,0.7500000000000001,0.6434819592841186,0.7375123109505173,0.6904971351173179,0.05504587155963303,0.28440366972477066,0.05504587155963303,0.2953020134228188,0.4375,0.38450394436217245,0.6297427239900499,0.5071233341761112,0.0,0.0,0.06666666666666667,0.4444444444444444,130.0,0.007751937984496124,0.5426356589147286,0.7144605653948999,55.0,0.0,0.16666666666666666,1.3862943611198868,0.0
gtzan/gtzan_hiphop_00031/track.npy,gtzan,1.0,0.9474143323716901,0.9474143323716901,0.9474143323716901,1.0,1.0,1.0,1.0,0.9523809523809523,0.9173659011465561,0.9173659011465561,0.9173659011465561,0.8181818181818182,0.8181818181818182,0.8181818181818182,0.8181818181818182,50.0,0.0,0.0,0.04410355482708171,13.0,0.0,0.0,0.359196583761096,0.0
gtzan/gtzan_hiphop_00032/track.npy,gtzan,0.9425287356321839,0.6408931184201253,0.6408931184201253,0.6408931184201253,0.6956521739130435,0.8043478260869565,0.6956521739130435,0.8043478260869565,0.7586206896551725,0.5264463308334545,0.6239746410815378,0.5752104859574961,0.2222222222222222,0.2777777777777778,0.47619047619047616,0.5238095238095238,55.0,0.0,0.0,0.14348458757955695,20.0,0.0,0.0,1.1008266225327135,0.0
gtzan/gtzan_hiphop_00033/track.npy,gtzan,0.9761904761904763,0.8643281102195166,0.8643281102195166,0.8643281102195166,0.813953488372093,0.9069767441860465,0.813953488372093,0.9069767441860465,0.7407407407407407,0.6745499612543634,0.8174812784819463,0.7460156198681549,0.17647058823529413,0.17647058823529413,0.5789473684210527,0.6842105263157895,58.0,0.0,0.017543859649122806,0.615930015883038,22.0,0.0,0.0,0.6850499703273234,0.0
gtzan/gtzan_hiphop_00034/track.npy,gtzan,0.926829268292683,0.8050081522567923,0.8050081522567923,0.8050081522567923,1.0,1.0,1.0,1.0,0.8571428571428572,0.7790273710920163,0.7790273710920163,0.7790273710920163,0.7272727272727273,0.7272727272727273,0.7272727272727273,0.7272727272727273,50.0,0.0,0.0,0.03390155167568176,13.0,0.0,0.0,0.6889630557246873,0.0
gtzan/gtzan_hiphop_00035/track.npy,gtzan,1.0,0.9671390491132867,0.9671390491132867,0.9671390491132867,1.0,1.0,1.0,1.0,0.7499999999999999,0.7099843692671444,0.90424707852266,0.8071157238949022,0.06666666666666667,0.13333333333333333,0.6470588235294118,0.7647058823529411,43.0,0.0,0.0,0.0555698511548145,18.0,0.0,0.0,0.6983919786643724,0.0
gtzan/gtzan_hiphop_00036/track.npy,gtzan,1.0,0.877700900617276,0.877700900617276,0.877700900617276,0.9,0.98,0.9,0.98,1.0,0.8822962749615951,0.8822962749615951,0.8822962749615951,1.0,1.0,1.0,1.0,60.0,0.0,0.0,0.2136994659551686,15.0,0.0,0.0,0.02999446427394148,0.0
gtzan/gtzan_hiphop_00037/track.npy,gtzan,0.6666666666666666,0.6305702024289506,0.8976949011333106,0.7641325517811306,0.0,0.0,0.9516129032258065,0.9516129032258065,0.6956521739130436,0.6616073105463854,0.9612231360753127,0.8114152233108491,0.0,0.0,1.0,1.0,69.0,0.0,0.0,0.2689131813398656,18.0,0.0,0.0,0.03899953237401654,0.0
gtzan/gtzan_hiphop_00038/track.npy,gtzan,1.0,0.9057927770269759,0.9057927770269759,0.9057927770269759,1.0,1.0,1.0,1.0,0.7142857142857143,0.6230980826583893,0.8559519840804922,0.7395250333694408,0.1111111111111111,0.1111111111111111,0.8421052631578947,0.8421052631578947,47.0,0.0,0.0,0.030771658666755797,22.0,0.0,0.0,0.6863059547812652,0.0
gtzan/gtzan_hiphop_00039/track.npy,gtzan,1.0,0.9186275683726995,0.9186275683726995,0.9186275683726995,1.0,1.0,1.0,1.0,0.9166666666666666,0.7852967000722675,0.7852967000722675,0.7852967000722675,0.6153846153846154,0.6923076923076923,0.6153846153846154,0.6923076923076923,49.0,0.0,0.0,0.04260162888975815,15.0,0.0,0.0,0.6860183838278937,0.0
gtzan/gtzan_hiphop_00040/track.npy,gtzan,1.0,0.9361530217766514,0.9361530217766514,0.9361530217766514,1.0,1.0,1.0,1.0,0.6399999999999999,0.6170241135026585,0.9054114794376177,0.7612177964701381,0.0,0.0,0.8823529411764706,0.8823529411764706,41.0,0.0,0.0,0.08004270767353483,20.0,0.0,0.0,0.015409804344643408,0.0
gtzan/gtzan_hiphop_00041/track.npy,gtzan,0.9873417721518987,0.8906430946755787,0.8906430946755787,0.8906430946755787,0.975,0.975,0.975,0.975,0.9090909090909091,0.7658395792001914,0.7658395792001914,0.7658395792001914,0.6666666666666666,0.75,0.6666666666666666,0.75,48.0,0.0,0.0,0.11342368242562284,14.0,0.0,0.0,0.700746436394912,0.0
gtzan/gtzan_hiphop_00042/track.npy,gtzan,1.0,0.7151034997388774,0.7151034997388774,0.7151034997388774,1.0,1.0,1.0,1.0,0.6666666666666666,0.45359253963308,0.6230191145892796,0.5383058271111798,0.0,0.0,0.95,0.95,47.0,0.0,0.0,0.06062462181643358,23.0,0.0,0.0,0.030305349495328315,0.0
gtzan/gtzan_hiphop_00043/track.npy,gtzan,1.0,0.9418145216481348,0.9418145216481348,0.9418145216481348,1.0,1.0,1.0,1.0,0.9090909090909091,0.8811441452528466,0.8811441452528466,0.8811441452528466,0.5833333333333334,0.5833333333333334,0.5833333333333334,0.5833333333333334,46.0,0.0,0.0,0.07055552822852577,18.0,0.0,0.0,0.7198902104479872,0.0
gtzan/gtzan_hiphop_00044/track.npy,gtzan,0.7777777777777777,0.597285340899483,0.6313461825651571,0.61431576173232,0.23684210526315788,0.2631578947368421,0.23684210526315788,0.3333333333333333,0.041666666666666664,0.02275310673982094,0.14381852617086474,0.08328581645534285,0.0,0.0,0.0,0.0,87.0,0.0,0.046511627906976744,0.5333916389566413,42.0,0.0,0.024390243902439025,1.5000920618631008,0.0
gtzan/gtzan_hiphop_00045/track.npy,gtzan,1.0,0.9186275683726995,0.9186275683726995,0.9186275683726995,1.0,1.0,1.0,1.0,0.9166666666666666,0.7852967000722675,0.7852967000722675,0.7852967000722675,0.6153846153846154,0.6923076923076923,0.6153846153846154,0.6923076923076923,49.0,0.0,0.0,0.04260162888975815,15.0,0.0,0.0,0.6860183838278937,0.0
gtzan/gtzan_hiphop_00046/track.npy,gtzan,0.975609756097561,0.8792111036555136,0.8792111036555136,0.8792111036555136,0.975609756097561,0.975609756097561,0.975609756097561,0.975609756097561,0.6249999999999999,0.5612030064163577,0.833173473194876,0.6971882398056168,0.0,0.0,1.0,1.0,49.0,0.0,0.0,0.03174869831458238,25.0,0.0,0.0,0.016000341346443625,0.0
gtzan/gtzan_hiphop_00047/track.npy,gtzan,0.975609756097561,0.9406754755570089,0.9406754755570089,0.9406754755570089,0.975609756097561,0.975609756097561,0.975609756097561,0.975609756097561,0.6666666666666666,0.630778159677409,0.9307491139882345,0.7807636368328217,0.0,0.0,0.95,0.95,49.0,0.0,0.0,0.04879016416942805,24.0,0.0,0.0,0.032260862218221095,0.0
gtzan/gtzan_hiphop_00048/track.npy,gtzan,1.0,0.8880559579300359,0.8880559579300359,0.8880559579300359,1.0,1.0,1.0,1.0,1.0,0.9019037606588876,0.9019037606588876,0.9019037606588876,1.0,1.0,1.0,1.0,49.0,0.0,0.0,0.03263113464155928,12.0,0.0,0.0,0.008032171697264478,0.0
gtzan/gtzan_hiphop_00049/track.npy,gtzan,0.9523809523809523,0.9345041413765287,0.9345041413765287,0.9345041413765287,0.7619047619047619,0.9285714285714286,0.7619047619047619,0.9285714285714286,0.6249999999999999,0.6120098817761306,0.8732683901928942,0.7426391359845124,0.0,0.0,1.0,1.0,51.0,0.0,0.0,0.03390155167568665,25.0,0.0,0.0,0.01610567144918932,0.0
gtzan/gtzan_hiphop_00050/track.npy,gtzan,0.9761904761904762,0.8199767303438225,0.8199767303438225,0.8199767303438225,0.9761904761904762,0.9761904761904762,0.9761904761904762,0.9761904761904762,1.0,0.8453737220858226,0.8453737220858226,0.8453737220858226,1.0,1.0,1.0,1.0,50.0,0.0,0.0,0.033145111161984715,12.0,0.0,0.0,0.010437096167377681,0.0
gtzan/gtzan_hiphop_00051/track.npy,gtzan,1.0,0.8685212176138312,0.8685212176138312,0.8685212176138312,1.0,1.0,1.0,1.0,0.9166666666666666,0.7550936771040027,0.7550936771040027,0.7550936771040027,0.3076923076923077,0.6153846153846154,0.3076923076923077,0.6153846153846154,53.0,0.0,0.0,0.04363853649092392,15.0,0.0,0.0,0.7054051124015597,0.0
gtzan/gtzan_hiphop_00052/track.npy,gtzan,1.0,0.9100816175830083,0.9100816175830083,0.9100816175830083,1.0,1.0,1.0,1.0,0.6666666666666666,0.6332622906163788,0.8928182389776518,0.7630402647970154,0.0,0.0,0.9545454545454546,0.9545454545454546,53.0,0.0,0.0,0.03509131981127406,24.0,0.0,0.0,0.035091319811270935,0.0
gtzan/gtzan_hiphop_00053/track.npy,gtzan,1.0,0.932333018671624,0.932333018671624,0.932333018671624,1.0,1.0,1.0,1.0,0.7857142857142858,0.7223776316682358,0.7827187167707312,0.7525481742194835,0.17647058823529413,0.29411764705882354,0.23809523809523808,0.5238095238095238,55.0,0.0,0.0,0.03636764417087759,21.0,0.0,0.0,0.6989939817392663,0.0
gtzan/gtzan_hiphop_00054/track.npy,gtzan,0.989247311827957,0.8578550727286823,0.8578550727286823,0.8578550727286823,0.9787234042553191,0.9787234042553191,0.9787234042553191,0.9787234042553191,0.8,0.7217902092566306,0.7942674607017511,0.7580288349791908,0.2222222222222222,0.3333333333333333,0.5217391304347826,0.5217391304347826,57.0,0.0,0.0,0.05608946665104412,20.0,0.0,0.0,0.6845375694001123,0.0
gtzan/gtzan_hiphop_00055/track.npy,gtzan,1.0,0.9251512230262209,0.9251512230262209,0.9251512230262209,1.0,1.0,1.0,1.0,0.6923076923076924,0.6093504851528263,0.8865707055681564,0.7479605953604913,0.0,0.0,1.0,1.0,41.0,0.0,0.0,0.04082199452025426,20.0,0.0,0.0,0.01360565205577835,0.0
gtzan/gtzan_hiphop_00056/track.npy,gtzan,1.0,0.9122464275049358,0.9122464275049358,0.9122464275049358,1.0,1.0,1.0,1.0,0.6,0.514531837585466,0.859862428096162,0.687197132840814,0.0,0.0,0.8571428571428571,0.8571428571428571,50.0,0.0,0.0,0.033901551675683,22.0,0.0,0.0,0.05020570894503515,0.0
gtzan/gtzan_hiphop_00057/track.npy,gtzan,0.9787234042553191,0.7810418236000546,0.7810418236000546,0.7810418236000546,0.9787234042553191,0.9787234042553191,0.9787234042553191,0.9787234042553191,0.888888888888889,0.6867982056206378,0.6867982056206378,0.6867982056206378,0.26666666666666666,0.6,0.26666666666666666,0.6,56.0,0.0,0.0,0.07410797215372153,18.0,0.0,0.0,0.697766126416238,0.0
gtzan/gtzan_hiphop_00058/track.npy,gtzan,0.9736842105263158,0.8351923355421784,0.8351923355421784,0.8351923355421784,0.9736842105263158,0.9736842105263158,0.9736842105263158,0.9736842105263158,0.8571428571428571,0.7233764423038165,0.7233764423038165,0.7233764423038165,0.3333333333333333,0.5,0.3333333333333333,0.5,46.0,0.0,0.0,0.058298993836038863,14.0,0.0,0.0,0.7054931831166704,0.0
gtzan/gtzan_hiphop_00059/track.npy,gtzan,1.0,0.8517672935578893,0.8517672935578893,0.8517672935578893,1.0,1.0,1.0,1.0,0.6428571428571429,0.5453289154921217,0.8188430839980649,0.6820859997450933,0.0,0.0,0.8947368421052632,0.8947368421052632,46.0,0.0,0.0,0.030771658666758572,23.0,0.0,0.0,0.030771658666752993,0.0
gtzan/gtzan_hiphop_00060/track.npy,gtzan,1.0,0.893645331392613,0.893645331392613,0.893645331392613,1.0,1.0,1.0,1.0,0.6428571428571429,0.587519871142037,0.8439269215782328,0.7157233963601348,0.0,0.0,0.8947368421052632,0.8947368421052632,46.0,0.0,0.0,0.030305349495330213,23.0,0.0,0.0,0.015037877364544205,0.0
gtzan/gtzan_hiphop_00061/track.npy,gtzan,1.0,0.9702879551378987,0.9702879551378987,0.9702879551378987,1.0,1.0,1.0,1.0,0.6896551724137931,0.6590761896557242,0.9668757461213203,0.8129759678885222,0.0,0.0,1.0,1.0,47.0,0.0,0.0,0.054750206153968264,23.0,0.0,0.0,0.02334736399699061,0.0
gtzan/gtzan_hiphop_00062/track.npy,gtzan,1.0,0.937324794499038,0.937324794499038,0.937324794499038,1.0,1.0,1.0,1.0,0.5925925925925926,0.5609626598903112,0.8457168882370869,0.7033397740636991,0.0,0.0,0.8333333333333334,0.8333333333333334,46.0,0.0,0.0,0.030771658666758572,22.0,0.0,0.0,0.678643082035696,0.0
gtzan/gtzan_hiphop_00063/track.npy,gtzan,0.9873417721518987,0.9578524011564292,0.9578524011564292,0.9578524011564292,0.975,0.975,0.975,0.975,0.6428571428571429,0.631376709523371,0.9252743830531673,0.7783255462882692,0.0,0.0,0.8947368421052632,0.8947368421052632,48.0,0.0,0.0,0.0625203569813327,23.0,0.0,0.0,0.031252543504104086,0.0
gtzan/gtzan_hiphop_00064/track.npy,gtzan,0.9859154929577464,0.9325719952324921,0.9325719952324921,0.9325719952324921,0.9722222222222222,0.9722222222222222,0.9722222222222222,0.9722222222222222,0.72,0.6634607744983714,0.8529597494873118,0.7582102619928416,0.125,0.125,0.5882352941176471,0.7647058823529411,44.0,0.0,0.0,0.055749869991612806,19.0,0.0,0.0,0.690290136467476,0.0
gtzan/gtzan_hiphop_00065/track.npy,gtzan,1.0,0.9238197335533158,0.9238197335533158,0.9238197335533158,1.0,1.0,1.0,1.0,0.6666666666666666,0.6139958895777549,0.8932644253392795,0.7536301574585171,0.0,0.0,0.95,0.95,49.0,0.0,0.0,0.0317486983145844,25.0,0.0,0.0,0.016000341346443625,0.0
gtzan/gtzan_hiphop_00066/track.npy,gtzan,0.9866666666666666,0.9416916516715298,0.9416916516715298,0.9416916516715298,0.9736842105263158,0.9736842105263158,0.9736842105263158,0.9736842105263158,0.6428571428571429,0.6164200378716129,0.9138099134674178,0.7651149756695154,0.0,0.0,0.8947368421052632,0.8947368421052632,46.0,0.0,0.0,0.05621881006958497,23.0,0.0,0.0,0.03077165866675577,0.0
gtzan/gtzan_hiphop_00067/track.npy,gtzan,1.0,0.9380759520805072,0.9380759520805072,0.9380759520805072,1.0,1.0,1.0,1.0,0.6666666666666666,0.6186590204900455,0.9152181989306177,0.7669386097103317,0.0,0.0,0.95,0.95,49.0,0.0,0.0,0.03278982282299432,24.0,0.0,0.0,0.0162605208717827,0.0
gtzan/gtzan_hiphop_00068/track.npy,gtzan,1.0,0.9041732658017508,0.9041732658017508,0.9041732658017508,1.0,1.0,1.0,1.0,0.8695652173913044,0.8053732656780376,0.8053732656780376,0.8053732656780376,0.46153846153846156,0.5384615384615384,0.46153846153846156,0.5384615384615384,49.0,0.0,0.0,0.06453852113757383,17.0,0.0,0.0,0.7246525159161203,0.0
gtzan/gtzan_hiphop_00069/track.npy,gtzan,1.0,0.7423617507670827,0.7423617507670827,0.7423617507670827,1.0,1.0,1.0,1.0,0.6875000000000001,0.46806172169800003,0.6648782333572798,0.56646997752764,0.0,0.0,1.0,1.0,52.0,0.0,0.0,0.053201777571882,25.0,0.0,0.0,0.017065701855008157,0.0
gtzan/gtzan_hiphop_00070/track.npy,gtzan,1.0,0.8680581163141019,0.8680581163141019,0.8680581163141019,1.0,1.0,1.0,1.0,0.6666666666666666,0.5452993841966157,0.8116921225240057,0.6784957533603106,0.0,0.0,0.95,0.95,49.0,0.0,0.0,0.06453852113757177,25.0,0.0,0.0,0.023313848508336135,0.0
gtzan/gtzan_hiphop_00071/track.npy,gtzan,0.9620253164556962,0.8507722899916768,0.8507722899916768,0.8507722899916768,0.975,0.975,0.975,0.975,0.6896551724137931,0.5646121103603324,0.7972619891124291,0.6809370497363807,0.10526315789473684,0.10526315789473684,0.8421052631578947,0.8421052631578947,49.0,0.0,0.0,0.031748698314585266,23.0,0.0,0.0,0.6694306539426284,0.0
gtzan/gtzan_hiphop_00072/track.npy,gtzan,0.975609756097561,0.8744209270463122,0.8744209270463122,0.8744209270463122,1.0,1.0,1.0,1.0,1.0,0.8900088113317619,0.8900088113317619,0.8900088113317619,1.0,1.0,1.0,1.0,50.0,0.0,0.0,0.03447710497098325,12.0,0.0,0.0,0.006356273840992467,0.0
gtzan/gtzan_hiphop_00073/track.npy,gtzan,1.0,0.9487356223289691,0.9487356223289691,0.9487356223289691,1.0,1.0,1.0,1.0,0.6896551724137931,0.6373386799323879,0.9345651543346869,0.7859519171335374,0.0,0.0,1.0,1.0,47.0,0.0,0.0,0.030771658666758017,23.0,0.0,0.0,0.031252543504104446,0.0
gtzan/gtzan_hiphop_00074/track.npy,gtzan,1.0,0.8525752800833354,0.8525752800833354,0.8525752800833354,1.0,1.0,1.0,1.0,1.0,0.8311691454097929,0.8311691454097929,0.8311691454097929,1.0,1.0,1.0,1.0,50.0,0.0,0.0,0.032789822822996084,13.0,0.0,0.0,0.025215426813445962,0.0
gtzan/gtzan_hiphop_00075/track.npy,gtzan,1.0,0.9525884681131954,0.9525884681131954,0.9525884681131954,1.0,1.0,1.0,1.0,0.6428571428571429,0.608192440343401,0.883318282100058,0.7457553612217296,0.0,0.0,0.8947368421052632,0.8947368421052632,46.0,0.0,0.0,0.030771658666754353,23.0,0.0,0.0,0.030771658666752993,0.0
gtzan/gtzan_hiphop_00076/track.npy,gtzan,1.0,0.9307926240960152,0.9307926240960152,0.9307926240960152,1.0,1.0,1.0,1.0,0.7692307692307693,0.6887247784262343,0.8371607331166585,0.7629427557714463,0.1875,0.25,0.3157894736842105,0.631578947368421,49.0,0.0,0.0,0.03278982282299518,18.0,0.0,0.0,0.6992947905955984,0.0
gtzan/gtzan_hiphop_00077/track.npy,gtzan,1.0,0.8991870696933363,0.8991870696933363,0.8991870696933363,1.0,1.0,1.0,1.0,0.37209302325581395,0.3582202880329015,0.38430731856133277,0.37126380329711717,0.0,0.0,0.03333333333333333,0.03333333333333333,60.0,0.0,0.0,0.27466105093824894,37.0,0.0,0.0,1.070917419439573,0.0
gtzan/gtzan_hiphop_00078/track.npy,gtzan,1.0,0.9307926240960152,0.9307926240960152,0.9307926240960152,1.0,1.0,1.0,1.0,0.7692307692307693,0.6887247784262343,0.8371607331166585,0.7629427557714463,0.1875,0.25,0.3157894736842105,0.631578947368421,49.0,0.0,0.0,0.03278982282299518,18.0,0.0,0.0,0.6992947905955984,0.0
gtzan/gtzan_hiphop_00079/track.npy,gtzan,1.0,0.890727444199878,0.890727444199878,0.890727444199878,1.0,1.0,1.0,1.0,0.88,0.7858981719444017,0.7858981719444017,0.7858981719444017,0.2857142857142857,0.5,0.2857142857142857,0.5,53.0,0.0,0.0,0.035091319811275556,17.0,0.0,0.0,0.7018808605287006,0.0
gtzan/gtzan_hiphop_00080/track.npy,gtzan,0.603448275862069,0.4243246737688424,0.5295432503243389,0.47693396204659066,0.02631578947368421,0.07894736842105263,0.08860759493670886,0.4430379746835443,0.25,0.13798689395374863,0.21436320426062008,0.17617504910718434,0.0,0.0,0.1,0.23333333333333334,100.0,0.08080808080808081,0.21212121212121213,0.7996921796170713,40.0,0.05128205128205128,0.07692307692307693,1.615321019407092,0.0
gtzan/gtzan_hiphop_00081/track.npy,gtzan,0.988235294117647,0.8629768330194729,0.8629768330194729,0.8629768330194729,0.9767441860465116,0.9767441860465116,0.9767441860465116,0.9767441860465116,0.7692307692307693,0.6685821759643976,0.766290828942159,0.7174365024532783,0.125,0.3125,0.21052631578947367,0.5263157894736842,52.0,0.0,0.0,0.03422309509320169,20.0,0.0,0.0,0.6957113455638405,0.0
gtzan/gtzan_hiphop_00082/track.npy,gtzan,1.0,0.861244400423805,0.861244400423805,0.861244400423805,1.0,1.0,1.0,1.0,1.0,0.8214615656927857,0.8214615656927857,0.8214615656927857,1.0,1.0,1.0,1.0,53.0,0.0,0.0,0.03509131981127178,13.0,0.0,0.0,0.00881062968215629,0.0
gtzan/gtzan_hiphop_00083/track.npy,gtzan,1.0,0.8346270763577804,0.8346270763577804,0.8346270763577804,1.0,1.0,1.0,1.0,1.0,0.8676663053702979,0.8676663053702979,0.8676663053702979,1.0,1.0,1.0,1.0,52.0,0.0,0.0,0.06142966824457655,13.0,0.0,0.0,0.008620743043906864,0.0
gtzan/gtzan_hiphop_00084/track.npy,gtzan,0.523076923076923,0.3839659322017317,0.5324033332550441,0.4581846327283879,0.024096385542168676,0.060240963855421686,0.10752688172043011,0.3118279569892473,0.4615384615384615,0.36958399771562767,0.36958399771562767,0.36958399771562767,0.0,0.0,0.05,0.05,102.0,0.04950495049504951,0.1485148514851485,0.6949017465505233,46.0,0.0,0.022222222222222223,1.3452627607814693,0.0
gtzan/gtzan_hiphop_00085/track.npy,gtzan,1.0,0.8222177931886714,0.8222177931886714,0.8222177931886714,1.0,1.0,1.0,1.0,0.88,0.6883307108165261,0.6883307108165261,0.6883307108165261,0.5714285714285714,0.5714285714285714,0.5714285714285714,0.5714285714285714,56.0,0.0,0.0,0.04345474063344719,19.0,0.0,0.0,0.6995671786083417,0.0
gtzan/gtzan_hiphop_00086/track.npy,gtzan,1.0,0.9487807634976133,0.9487807634976133,0.9487807634976133,1.0,1.0,1.0,1.0,0.6896551724137931,0.6471630757596141,0.8456016176044475,0.7463823466820307,0.10526315789473684,0.10526315789473684,0.7894736842105263,0.7894736842105263,49.0,0.0,0.0,0.03278982282299518,22.0,0.0,0.0,0.6898668637048532,0.0
gtzan/gtzan_hiphop_00087/track.npy,gtzan,1.0,0.8843372573923287,0.8843372573923287,0.8843372573923287,1.0,1.0,1.0,1.0,1.0,0.9239070314973655,0.9239070314973655,0.9239070314973655,1.0,1.0,1.0,1.0,51.0,0.0,0.0,0.03390155167568665,13.0,0.0,0.0,0.008438868645865849,0.0
gtzan/gtzan_hiphop_00088/track.npy,gtzan,0.9896907216494846,0.8805022004926853,0.8805022004926853,0.8805022004926853,0.9795918367346939,0.9795918367346939,0.9795918367346939,0.9795918367346939,0.923076923076923,0.820844329934918,0.820844329934918,0.820844329934918,0.5714285714285714,0.7857142857142857,0.5714285714285714,0.7857142857142857,59.0,0.0,0.0,0.07696104113612703,16.0,0.0,0.0,0.6968109744265651,0.0
gtzan/gtzan_hiphop_00089/track.npy,gtzan,0.9904761904761905,0.9263288665865582,0.9263288665865582,0.9263288665865582,0.9811320754716981,0.9811320754716981,0.9811320754716981,0.9811320754716981,1.0,0.930227175152238,0.930227175152238,0.930227175152238,1.0,1.0,1.0,1.0,64.0,0.0,0.0,0.06214793726139033,16.0,0.0,0.0,0.010526412986987754,0.0
gtzan/gtzan_hiphop_00090/track.npy,gtzan,1.0,0.9355479467599696,0.9355479467599696,0.9355479467599696,1.0,1.0,1.0,1.0,0.9600000000000001,0.9051705344071753,0.9051705344071753,0.9051705344071753,0.8461538461538461,0.8461538461538461,0.8461538461538461,0.8461538461538461,58.0,0.0,0.0,0.07696104113612678,16.0,0.0,0.0,0.25701452165117583,0.0
gtzan/gtzan_hiphop_00091/track.npy,gtzan,1.0,0.8275164466984488,0.8275164466984488,0.8275164466984488,1.0,1.0,1.0,1.0,0.846153846153846,0.7065323646641762,0.7065323646641762,0.7065323646641762,0.2,0.4,0.2,0.42857142857142855,51.0,0.0,0.0,0.03390155167568665,19.0,0.0,0.0,0.7110872811411498,0.0
gtzan/gtzan_hiphop_00092/track.npy,gtzan,0.9894736842105264,0.8350994037999706,0.8350994037999706,0.8350994037999706,0.9791666666666666,0.9791666666666666,0.9791666666666666,0.9791666666666666,0.9600000000000001,0.7890349331875355,0.7890349331875355,0.7890349331875355,0.9230769230769231,0.9230769230769231,0.9230769230769231,0.9230769230769231,58.0,0.0,0.0,0.03846628082779732,15.0,0.0,0.0,0.2896378662547585,0.0
gtzan/gtzan_hiphop_00093/track.npy,gtzan,1.0,0.9523795483026408,0.9523795483026408,0.9523795483026408,1.0,1.0,1.0,1.0,1.0,0.947522047363996,0.947522047363996,0.947522047363996,1.0,1.0,1.0,1.0,59.0,0.0,0.0,0.03922071315328213,15.0,0.0,0.0,0.009804000096621834,0.0
gtzan/gtzan_hiphop_00094/track.npy,gtzan,0.6666666666666666,0.583288565660228,0.859468864355691,0.7213787150079596,0.0,0.0,0.9838709677419355,0.9838709677419355,0.3636363636363636,0.30299135613055533,0.45992695644904913,0.3814591562898022,0.0,0.0,0.05555555555555555,0.05555555555555555,75.0,0.0,0.0,0.10008345855698497,45.0,0.0,0.0,1.0977959576041934,0.0
gtzan/gtzan_hiphop_00095/track.npy,gtzan,1.0,0.8653349524669217,0.8653349524669217,0.8653349524669217,1.0,1.0,1.0,1.0,0.8,0.6946046372296661,0.7701855887387336,0.7323951129841999,0.2222222222222222,0.2777777777777778,0.43478260869565216,0.5652173913043478,55.0,0.0,0.0,0.07410797215372096,22.0,0.0,0.0,0.7132525560758799,0.0
gtzan/gtzan_hiphop_00096/track.npy,gtzan,0.6617647058823529,0.564230903044936,0.7802471201510379,0.6722390115979869,0.01098901098901099,0.01098901098901099,0.16483516483516483,0.8461538461538461,0.4,0.31695033741255085,0.49750340883554617,0.4072268731240485,0.0,0.0,0.022727272727272728,0.09090909090909091,110.0,0.009174311926605505,0.009174311926605505,0.30228942875562625,54.0,0.0,0.0,1.3344022022833548,0.0
gtzan/gtzan_hiphop_00097/track.npy,gtzan,0.9375000000000001,0.7101225774242663,0.7101225774242663,0.7101225774242663,0.8979591836734694,0.8979591836734694,0.8979591836734694,0.8979591836734694,0.6875000000000001,0.5324711967358374,0.5324711967358374,0.5324711967358374,0.19047619047619047,0.19047619047619047,0.19047619047619047,0.19047619047619047,65.0,0.015625,0.015625,0.605305923288846,29.0,0.03571428571428571,0.03571428571428571,1.85676000107337,0.0
gtzan/gtzan_hiphop_00098/track.npy,gtzan,1.0,0.8943979412092451,0.8943979412092451,0.8943979412092451,1.0,1.0,1.0,1.0,1.0,0.8901706054140729,0.8901706054140729,0.8901706054140729,1.0,1.0,1.0,1.0,54.0,0.0,0.0,0.05354065349429536,14.0,0.0,0.0,0.013271659244374318,0.0
gtzan/gtzan_hiphop_00099/track.npy,gtzan,0.989010989010989,0.8581406783487657,0.8581406783487657,0.8581406783487657,0.9782608695652174,0.9782608695652174,0.9782608695652174,0.9782608695652174,0.6470588235294118,0.55028758269764,0.8323865203328786,0.6913370515152593,0.0,0.0,0.9130434782608695,0.9130434782608695,55.0,0.0,0.0,0.07145896398213965,28.0,0.0,0.0,0.0496423269954277,0.0
gtzan/gtzan_jazz_00000/track.npy,gtzan,0.6060606060606062,0.41003456754496237,0.47468428088566583,0.4423594242153141,0.13924050632911392,0.24050632911392406,0.13924050632911392,0.24050632911392406,0.208955223880597,0.14757634051868815,0.2338940390811855,0.1907351897999368,0.0,0.0,0.037037037037037035,0.05555555555555555,98.0,0.07216494845360824,0.2268041237113402,0.7940755743272816,66.0,0.0,0.046153846153846156,1.0765089904989187,0.0
gtzan/gtzan_jazz_00001/track.npy,gtzan,0.33707865168539325,0.22735262494757433,0.2977160117351244,0.2625343183413494,0.0,0.0,0.15,0.35,0.05555555555555556,0.03472310760193214,0.15076717200005282,0.09274513980099248,0.0,0.0,0.03571428571428571,0.07142857142857142,71.0,0.0,0.07142857142857142,0.76277422292032,34.0,0.0,0.0,1.1406990147729814,0.0
gtzan/gtzan_jazz_00002/track.npy,gtzan,0.5365853658536586,0.436079141510391,0.436079141510391,0.436079141510391,0.2926829268292683,0.43902439024390244,0.2926829268292683,0.43902439024390244,0.28571428571428575,0.21656149814228526,0.3443971122193283,0.28047930518080677,0.0,0.0,0.2,0.32,49.0,0.0,0.0,0.7934158679337104,31.0,0.0,0.0,1.274646288979594,0.0
gtzan/gtzan_jazz_00004/track.npy,gtzan,0.5,0.3809627757142698,0.3809627757142698,0.3809627757142698,0.015151515151515152,0.015151515151515152,0.07575757575757576,0.13636363636363635,0.34285714285714286,0.2573290924397659,0.2573290924397659,0.2573290924397659,0.0,0.0,0.1111111111111111,0.14814814814814814,80.0,0.0,0.0,0.8456752910939119,33.0,0.0,0.0,1.1793754754606243,0.0
gtzan/gtzan_jazz_00005/track.npy,gtzan,0.5777777777777778,0.5029204389268768,0.7481485414859211,0.625534490206399,0.0,0.0,0.2857142857142857,0.7582417582417582,0.35714285714285715,0.3137012569865475,0.3137012569865475,0.3137012569865475,0.0,0.0,0.047619047619047616,0.047619047619047616,107.0,0.009433962264150943,0.04716981132075472,0.4809309570149822,51.0,0.0,0.02,1.3083216246014735,0.0
gtzan/gtzan_jazz_00006/track.npy,gtzan,1.0,0.8791653570942153,0.8791653570942153,0.8791653570942153,1.0,1.0,1.0,1.0,0.5333333333333333,0.4851829270685817,0.7823081182194858,0.6337455226440337,0.0,0.0,0.3225806451612903,0.6129032258064516,67.0,0.0,0.0,0.06714461819478651,40.0,0.0,0.0,0.7375989431307768,0.0
gtzan/gtzan_jazz_00007/track.npy,gtzan,0.6753246753246753,0.5619698873511519,0.7379600846910591,0.6499649860211055,0.0196078431372549,0.0392156862745098,0.5294117647058824,0.7647058823529411,0.5833333333333334,0.46764501077193765,0.7304585813603443,0.599051796066141,0.0,0.0,0.23529411764705882,0.47058823529411764,60.0,0.0,0.0,0.8376709728284862,22.0,0.0,0.0,1.1670513123398094,0.0
gtzan/gtzan_jazz_00008/track.npy,gtzan,1.0,0.879253619404467,0.879253619404467,0.879253619404467,1.0,1.0,1.0,1.0,0.4489795918367347,0.3970889920685147,0.6726166274298027,0.5348528097491587,0.0,0.0,0.08108108108108109,0.21621621621621623,55.0,0.0,0.0,0.08979625741503569,46.0,0.0,0.0,0.7295148247308184,0.0
gtzan/gtzan_jazz_00011/track.npy,gtzan,1.0,0.8533100464837349,0.8533100464837349,0.8533100464837349,0.7142857142857143,0.9761904761904762,0.7142857142857143,0.9761904761904762,0.626865671641791,0.5480773383710124,0.8331440150363776,0.690610676703695,0.0,0.0,0.2608695652173913,0.8043478260869565,103.0,0.00980392156862745,0.0196078431372549,0.13353139262452585,56.0,0.0,0.0,0.6991302322357006,0.0
gtzan/gtzan_jazz_00012/track.npy,gtzan,0.9473684210526315,0.7681384189416093,0.7681384189416093,0.7681384189416093,0.9583333333333334,0.9583333333333334,0.9583333333333334,0.9583333333333334,0.5581395348837209,0.4428499329335818,0.692572326967597,0.5677111299505894,0.0,0.0,0.3870967741935484,0.5483870967741935,58.0,0.0,0.0,0.1585755741021061,36.0,0.0,0.0,0.7063562953539446,0.0
gtzan/gtzan_jazz_00013/track.npy,gtzan,0.4368932038834952,0.34933880670029166,0.4775272169614232,0.41343301183085746,0.013793103448275862,0.034482758620689655,0.020689655172413793,0.034482758620689655,0.26262626262626265,0.2028159613923576,0.27031227865450136,0.23656412002342947,0.0,0.0,0.02531645569620253,0.0759493670886076,175.0,0.6494252873563219,0.8333333333333334,1.6166453146351762,97.0,0.13541666666666666,0.34375,1.5147431891185545,0.0
gtzan/gtzan_jazz_00015/track.npy,gtzan,0.32432432432432434,0.2784961335165101,0.39195495284263726,0.33522554317957365,0.04,0.07,0.04,0.07,0.2195121951219512,0.17827459736713205,0.2558297032423371,0.21705215030473457,0.0,0.0,0.030303030303030304,0.030303030303030304,118.0,0.5384615384615384,0.6837606837606838,1.8757656055471945,75.0,0.08108108108108109,0.25675675675675674,1.8897945142488175,0.0
gtzan/gtzan_jazz_00016/track.npy,gtzan,0.5348837209302325,0.40657653065200944,0.43508771328868706,0.42083212197034825,0.05263157894736842,0.08771929824561403,0.12280701754385964,0.2807017543859649,0.4137931034482759,0.36332514681395695,0.5347462130082375,0.4490356799110973,0.0,0.0,0.2857142857142857,0.38095238095238093,70.0,0.0,0.0,0.7959668427091958,26.0,0.0,0.0,1.679321835367986,0.0
gtzan/gtzan_jazz_00017/track.npy,gtzan,0.7783251231527094,0.5613165440818664,0.5613165440818664,0.5613165440818664,0.19298245614035087,0.37719298245614036,0.19298245614035087,0.37719298245614036,0.430379746835443,0.3082160327264756,0.42124805506011176,0.36473204389329367,0.0,0.0,0.21052631578947367,0.45614035087719296,131.0,0.2153846153846154,0.4230769230769231,0.8642003865672019,67.0,0.07575757575757576,0.16666666666666666,1.5166760823507843,0.0
gtzan/gtzan_jazz_00019/track.npy,gtzan,0.4318181818181818,0.266271775769484,0.35119811097180065,0.30873494337064233,0.04,0.14,0.04,0.14666666666666667,0.7857142857142856,0.5333877144026108,0.5333877144026108,0.5333877144026108,0.6,0.8,0.6,0.8,63.0,0.0,0.016129032258064516,0.7537718023763789,20.0,0.0,0.05263157894736842,1.9418481720016345,0.0
gtzan/gtzan_jazz_00021/track.npy,gtzan,0.38983050847457623,0.30033330693361665,0.39206575771551283,0.34619953232456474,0.014925373134328358,0.014925373134328358,0.039603960396039604,0.12871287128712872,0.1935483870967742,0.17332033420423146,0.25561689350050737,0.21446861385236943,0.02040816326530612,0.04081632653061224,0.02040816326530612,0.04081632653061224,89.0,0.09090909090909091,0.3068181818181818,1.5148092332249865,65.0,0.015625,0.09375,1.4044995857754385,0.0
gtzan/gtzan_jazz_00022/track.npy,gtzan,0.7924528301886793,0.5673577577312553,0.5673577577312553,0.5673577577312553,0.37735849056603776,0.6792452830188679,0.37735849056603776,0.6792452830188679,0.39999999999999997,0.33785445026327593,0.5141809022845799,0.42601767627392795,0.13636363636363635,0.13636363636363635,0.44,0.44,64.0,0.0,0.031746031746031744,0.8349716603892675,28.0,0.0,0.0,1.1745690925316983,0.0
gtzan/gtzan_jazz_00023/track.npy,gtzan,0.738095238095238,0.5873501485323157,0.5873501485323157,0.5873501485323157,0.1875,0.4791666666666667,0.1875,0.4791666666666667,0.4,0.3112418270084119,0.5648501508405414,0.43804598892447666,0.0,0.0,0.23809523809523808,0.5714285714285714,61.0,0.0,0.03333333333333333,0.7317931509603048,26.0,0.0,0.0,1.087540575085756,0.0
gtzan/gtzan_jazz_00024/track.npy,gtzan,0.5333333333333334,0.40833415997577654,0.4883990763757041,0.4483666181757403,0.05333333333333334,0.13333333333333333,0.07865168539325842,0.3146067415730337,0.2909090909090909,0.2231469459681346,0.33402577841792735,0.278586362193031,0.0,0.0,0.045454545454545456,0.11363636363636363,97.0,0.020833333333333332,0.15625,0.7093673469410274,55.0,0.0,0.0,1.4228436385979153,0.0
gtzan/gtzan_jazz_00025/track.npy,gtzan,1.0,0.8259103877135936,0.8259103877135936,0.8259103877135936,0.4117647058823529,0.9647058823529412,0.4117647058823529,0.9647058823529412,0.3888888888888889,0.3339710415676713,0.5308308863036492,0.43240096393566024,0.02,0.02,0.08,0.24,102.0,0.0,0.0,0.06899287148696231,60.0,0.0,0.0,1.12490930442927,0.0
gtzan/gtzan_jazz_00026/track.npy,gtzan,0.35294117647058826,0.2798607844239742,0.2798607844239742,0.2798607844239742,0.044444444444444446,0.17777777777777778,0.044444444444444446,0.17777777777777778,0.2,0.12358239730190945,0.1694423517175961,0.1465123745097528,0.1,0.15,0.1,0.15,59.0,0.0,0.0,1.0536973802913023,24.0,0.0,0.0,1.027885139281767,0.0
gtzan/gtzan_jazz_00027/track.npy,gtzan,0.37948717948717947,0.2818001958747735,0.4623681757563025,0.37208418581553804,0.014814814814814815,0.022222222222222223,0.022222222222222223,0.05185185185185185,0.14814814814814814,0.0987534661765591,0.17877785769304216,0.13876566193480064,0.0,0.0,0.0,0.0,175.0,0.5459770114942529,0.7758620689655172,0.9808292530117246,117.0,0.19827586206896552,0.4396551724137931,1.3344187806122794,0.0
gtzan/gtzan_jazz_00028/track.npy,gtzan,0.9940119760479043,0.8478904183047473,0.8478904183047473,0.8478904183047473,0.6190476190476191,0.9166666666666666,0.6190476190476191,0.9166666666666666,0.626865671641791,0.53844786259816,0.8093181201272558,0.6738829913627079,0.0,0.0,0.45652173913043476,0.7608695652173914,102.0,0.0,0.009900990099009901,0.10178269430994313,60.0,0.0,0.0,0.7621400520468918,0.0
gtzan/gtzan_jazz_00029/track.npy,gtzan,0.43636363636363634,0.3227610249302836,0.37282555677368956,0.34779329085198657,0.03225806451612903,0.03225806451612903,0.041666666666666664,0.06944444444444445,0.2898550724637681,0.2224616924877067,0.25413373067185907,0.23829771157978288,0.06521739130434782,0.06521739130434782,0.06521739130434782,0.06521739130434782,101.0,0.36,0.65,1.5628794637634835,62.0,0.06557377049180328,0.13114754098360656,1.3141967099900727,0.0
gtzan/gtzan_jazz_00030/track.npy,gtzan,0.34782608695652173,0.29732612277214654,0.38468812386288836,0.3410071233175175,0.04081632653061224,0.061224489795918366,0.04081632653061224,0.10588235294117647,0.18749999999999997,0.1891062220897775,0.1960353999961072,0.19257081104294235,0.09090909090909091,0.09090909090909091,0.09090909090909091,0.09090909090909091,60.0,0.0,0.0,1.2239705760219022,28.0,0.0,0.0,1.6974803105063003,0.0
gtzan/gtzan_jazz_00031/track.npy,gtzan,0.7107438016528926,0.5470599952190215,0.6039275764164966,0.5754937858177591,0.029411764705882353,0.15441176470588236,0.029411764705882353,0.15441176470588236,0.29059829059829057,0.23104076170876833,0.38669797608996587,0.3088693688993671,0.024096385542168676,0.024096385542168676,0.0963855421686747,0.1686746987951807,125.0,0.08870967741935484,0.33064516129032256,0.55076137414331,99.0,0.01020408163265306,0.17346938775510204,0.7739081520514915,0.0
gtzan/gtzan_jazz_00032/track.npy,gtzan,0.5,0.40881762939297667,0.44292690933799017,0.4258722693654834,0.10975609756097561,0.13414634146341464,0.10975609756097561,0.13414634146341464,0.20833333333333331,0.1827473383949083,0.29700412396450565,0.23987573117970698,0.0,0.0,0.05714285714285714,0.17142857142857143,95.0,0.031914893617021274,0.1595744680851064,0.7370709229803126,45.0,0.0,0.022727272727272728,1.8689818634330362,0.0
gtzan/gtzan_jazz_00033/track.npy,gtzan,1.0,0.8751496294152956,0.8751496294152956,0.8751496294152956,1.0,1.0,1.0,1.0,0.6666666666666666,0.5832035100254725,0.8734805728618503,0.7283420414436614,0.0,0.0,0.95,0.95,48.0,0.0,0.0,0.058892572532590934,24.0,0.0,0.0,0.015867099546882413,0.0
gtzan/gtzan_jazz_00034/track.npy,gtzan,0.9937888198757764,0.8905966627662574,0.8905966627662574,0.8905966627662574,0.9876543209876543,0.9876543209876543,0.9876543209876543,0.9876543209876543,0.6440677966101694,0.5956629848404769,0.8564055253223345,0.7260342550814056,0.02564102564102564,0.05128205128205128,0.5641025641025641,0.7948717948717948,98.0,0.0,0.0,0.06453852113757702,48.0,0.0,0.0,0.7012774409958382,0.0
gtzan/gtzan_jazz_00035/track.npy,gtzan,0.7945205479452054,0.5603523924410035,0.5786584931208685,0.5695054427809361,0.13636363636363635,0.36363636363636365,0.3157894736842105,0.43859649122807015,0.4324324324324324,0.297279967851073,0.45788612400870277,0.3775830459298879,0.0,0.0,0.0,0.0,52.0,0.0,0.0,0.7096364876520164,35.0,0.0,0.0,0.04652001563489394,0.0
gtzan/gtzan_jazz_00036/track.npy,gtzan,0.4351851851851852,0.3188777616782875,0.419393624373858,0.36913569302607274,0.03048780487804878,0.03048780487804878,0.03048780487804878,0.054878048780487805,0.15789473684210525,0.11016686402194448,0.17493868150016167,0.14255277276105308,0.0,0.0,0.0,0.0,193.0,0.5885416666666666,0.8333333333333334,0.9152935696198987,118.0,0.09401709401709402,0.3076923076923077,1.0703070426809749,0.0
gtzan/gtzan_jazz_00037/track.npy,gtzan,1.0,0.9482104197822324,0.9482104197822324,0.9482104197822324,1.0,1.0,1.0,1.0,0.5882352941176471,0.5633786478606589,0.8397915452105637,0.7015850965356113,0.0,0.0,0.3333333333333333,0.6666666666666666,49.0,0.0,0.0,0.06453852113757473,29.0,0.0,0.0,0.6931471805599512,0.0
gtzan/gtzan_jazz_00038/track.npy,gtzan,0.976,0.7826676030585961,0.7826676030585961,0.7826676030585961,0.9523809523809523,0.9523809523809523,0.9523809523809523,0.9523809523809523,0.5660377358490566,0.4308280543061958,0.6170766536684396,0.5239523539873177,0.02631578947368421,0.02631578947368421,0.15789473684210525,0.4473684210526316,76.0,0.0,0.0,0.3920890568180357,45.0,0.0,0.0,0.7908208839590196,0.0
gtzan/gtzan_jazz_00039/track.npy,gtzan,0.993939393939394,0.9563978357657105,0.9563978357657105,0.9563978357657105,0.9879518072289156,0.9879518072289156,0.9879518072289156,0.9879518072289156,0.6557377049180327,0.6370224259436704,0.9492901289613191,0.7931562774524947,0.0,0.0,0.9512195121951219,0.9512195121951219,100.0,0.0,0.0,0.06486144914174578,49.0,0.0,0.0,0.032789822822992656,0.0
gtzan/gtzan_jazz_00040/track.npy,gtzan,1.0,0.805548269180849,0.805548269180849,0.805548269180849,1.0,1.0,1.0,1.0,0.6451612903225806,0.5031482629695789,0.7615387193644085,0.6323434911669937,0.0,0.0,0.9047619047619048,0.9047619047619048,50.0,0.0,0.0,0.06669137449866964,25.0,0.0,0.0,0.03333642026759401,0.0
gtzan/gtzan_jazz_00041/track.npy,gtzan,1.0,0.9163064767091222,0.9163064767091222,0.9163064767091222,1.0,1.0,1.0,1.0,0.06557377049180328,0.06240923049253693,0.07464633450453625,0.0685277824985366,0.0,0.0,0.0,0.0,95.0,0.0,0.0,0.06453852113756975,52.0,0.0,0.0,0.6931471805599447,0.0
gtzan/gtzan_jazz_00042/track.npy,gtzan,0.7209302325581396,0.5993134080223631,0.6934280754480662,0.6463707417352147,0.09090909090909091,0.10909090909090909,0.3114754098360656,0.7049180327868853,0.43750000000000006,0.3920473210371507,0.62243720576515,0.5072422634011504,0.0,0.0,0.08,0.16,63.0,0.0,0.0,0.49824684155913446,31.0,0.0,0.0,0.7054172731517594,0.0
gtzan/gtzan_jazz_00043/track.npy,gtzan,0.8217054263565892,0.6836005800941546,0.6836005800941546,0.6836005800941546,0.4153846153846154,0.7384615384615385,0.4153846153846154,0.7384615384615385,0.39999999999999997,0.3416212794502906,0.4403306312218461,0.3909759553360683,0.022727272727272728,0.022727272727272728,0.045454545454545456,0.18181818181818182,78.0,0.0,0.0,0.3566749439387357,54.0,0.0,0.0,1.0425972057295025,0.0
gtzan/gtzan_jazz_00044/track.npy,gtzan,1.0,0.8675089466640036,0.8675089466640036,0.8675089466640036,1.0,1.0,1.0,1.0,0.6666666666666666,0.5982208382960075,0.85960322447837,0.7289120313871887,0.0,0.0,0.9545454545454546,0.9545454545454546,52.0,0.0,0.0,0.035436039346217134,27.0,0.0,0.0,0.04864583775068894,0.0
gtzan/gtzan_jazz_00045/track.npy,gtzan,0.6829268292682927,0.583665103173913,0.6604496666334102,0.6220573849036616,0.19607843137254902,0.19607843137254902,0.5901639344262295,0.6065573770491803,0.43750000000000006,0.38371062832657893,0.5923445862668114,0.48802760729669514,0.0,0.0,0.125,0.2916666666666667,62.0,0.0,0.0,0.20502126431163278,30.0,0.0,0.0,0.7012218185590061,0.0
gtzan/gtzan_jazz_00046/track.npy,gtzan,0.9513513513513514,0.8797208406710999,0.8797208406710999,0.8797208406710999,0.7263157894736842,0.8210526315789474,0.7263157894736842,0.8210526315789474,0.5714285714285715,0.5402693572579016,0.71256637850365,0.6264178678807758,0.01818181818181818,0.01818181818181818,0.12727272727272726,0.38181818181818183,115.0,0.02631578947368421,0.09649122807017543,0.4920740976635346,69.0,0.0,0.014705882352941176,1.1962507582320248,0.0
gtzan/gtzan_jazz_00047/track.npy,gtzan,0.9491525423728815,0.8070957738135328,0.8070957738135328,0.8070957738135328,0.4666666666666667,0.8444444444444444,0.4666666666666667,0.8444444444444444,0.5063291139240507,0.4376225235983158,0.5907124513334329,0.5141674874658744,0.017543859649122806,0.017543859649122806,0.14035087719298245,0.2631578947368421,107.0,0.009433962264150943,0.04716981132075472,0.28133233278884245,68.0,0.0,0.0,1.1541932677833966,0.0
gtzan/gtzan_jazz_00048/track.npy,gtzan,0.9908256880733944,0.8427613038750627,0.8427613038750627,0.8427613038750627,0.9818181818181818,0.9818181818181818,0.9818181818181818,0.9818181818181818,0.5365853658536585,0.4206550724987002,0.622287892554993,0.5214714825268466,0.0,0.0,0.7407407407407407,0.7407407407407407,66.0,0.0,0.0,0.08701137698962948,33.0,0.0,0.0,0.8164551343096241,0.0
gtzan/gtzan_jazz_00049/track.npy,gtzan,0.37142857142857144,0.2858766421583122,0.4153234128021652,0.3506000274802387,0.0,0.0,0.11538461538461539,0.2692307692307692,0.19999999999999998,0.14793356845722475,0.24668685767454726,0.197310213065886,0.0,0.0,0.0,0.0,62.0,0.0,0.0,0.6987084623154497,30.0,0.0,0.0,1.1775200763860438,0.0
gtzan/gtzan_jazz_00050/track.npy,gtzan,0.6911764705882353,0.5690065856616959,0.5690065856616959,0.5690065856616959,0.17142857142857143,0.45714285714285713,0.17142857142857143,0.45714285714285713,0.49230769230769234,0.40899886641847144,0.40899886641847144,0.40899886641847144,0.046511627906976744,0.09302325581395349,0.046511627906976744,0.11627906976744186,84.0,0.0,0.024096385542168676,0.6658513101742284,52.0,0.0,0.0,1.1682506642416082,0.0
gtzan/gtzan_jazz_00051/track.npy,gtzan,1.0,0.8785790173137729,0.8785790173137729,0.8785790173137729,1.0,1.0,1.0,1.0,0.6666666666666666,0.5847788979068278,0.8746924096936619,0.7297356538002449,0.0,0.0,0.95,0.95,48.0,0.0,0.0,0.05870348894863629,24.0,0.0,0.0,0.023324367744264326,0.0
gtzan/gtzan_jazz_00052/track.npy,gtzan,0.9662921348314608,0.8757087375278427,0.8757087375278427,0.8757087375278427,0.9777777777777777,0.9777777777777777,0.9777777777777777,0.9777777777777777,0.6875000000000001,0.624957411529075,0.7385892357638449,0.68177332364646,0.09523809523809523,0.14285714285714285,0.19047619047619047,0.5714285714285714,55.0,0.0,0.0,0.08358845611326823,24.0,0.0,0.0,0.7290918819281278,0.0
gtzan/gtzan_jazz_00053/track.npy,gtzan,0.9937888198757764,0.889526987648611,0.889526987648611,0.889526987648611,0.9876543209876543,0.9876543209876543,0.9876543209876543,0.9876543209876543,0.6545454545454545,0.6027763293783411,0.7730177305278967,0.6878970299531189,0.08571428571428572,0.11428571428571428,0.28205128205128205,0.5897435897435898,98.0,0.0,0.0,0.06453852113757552,44.0,0.0,0.0,1.099333109764046,0.0
gtzan/gtzan_jazz_00054/track.npy,gtzan,0.7083333333333333,0.6100069172588026,0.6100069172588026,0.6100069172588026,0.5192307692307693,0.5192307692307693,0.5192307692307693,0.5192307692307693,0.8148148148148148,0.716334613403914,0.725001628238567,0.7206681208212404,0.25,0.375,0.25,0.38095238095238093,62.0,0.0,0.0,0.23207496267322714,21.0,0.0,0.0,0.7238687195108918,0.0
gtzan/gtzan_jazz_00055/track.npy,gtzan,0.7837837837837839,0.5568629060212713,0.5784342798447143,0.5676485929329929,0.1111111111111111,0.3333333333333333,0.3157894736842105,0.47368421052631576,0.3888888888888889,0.25341210666925207,0.4247263051083893,0.3390692058888207,0.0,0.0,0.0,0.0,54.0,0.0,0.0,0.7169328523461298,35.0,0.0,0.0,0.04652001563489394,0.0
gtzan/gtzan_jazz_00056/track.npy,gtzan,0.4275862068965517,0.33042700894922,0.4216114921213865,0.3760192505353033,0.010752688172043012,0.010752688172043012,0.03225806451612903,0.14563106796116504,0.15625000000000003,0.12265345734276058,0.1475282506029431,0.13509085397285184,0.0196078431372549,0.0196078431372549,0.0196078431372549,0.058823529411764705,110.0,0.1834862385321101,0.3853211009174312,0.9084252323259344,59.0,0.06896551724137931,0.1724137931034483,2.1657896390606757,0.0
gtzan/gtzan_jazz_00057/track.npy,gtzan,0.9873417721518987,0.8798960172568303,0.8798960172568303,0.8798960172568303,0.975,0.975,0.975,0.975,0.625,0.5474862369941803,0.8084759689710777,0.677981102982629,0.0,0.0,0.45454545454545453,0.7727272727272727,48.0,0.0,0.0,0.0625203569813354,26.0,0.0,0.0,0.7201335741273389,0.0
gtzan/gtzan_jazz_00058/track.npy,gtzan,0.42156862745098034,0.3420547211511614,0.5060506581615766,0.424052689656369,0.006578947368421052,0.006578947368421052,0.03289473684210526,0.09210526315789473,0.1592920353982301,0.123413280686326,0.23959409961790543,0.1815036901521157,0.0,0.0,0.0,0.0,181.0,0.5,0.8222222222222222,0.8981130147416531,117.0,0.1206896551724138,0.33620689655172414,1.1609040981015963,0.0
gtzan/gtzan_jazz_00059/track.npy,gtzan,1.0,0.8963850650100381,0.8963850650100381,0.8963850650100381,1.0,1.0,1.0,1.0,0.8,0.6844519723963406,0.7701602087152567,0.7273060905557986,0.1111111111111111,0.3333333333333333,0.2608695652173913,0.5217391304347826,55.0,0.0,0.0,0.31674429866149745,21.0,0.0,0.0,0.715883297900146,0.0
gtzan/gtzan_jazz_00060/track.npy,gtzan,1.0,0.9495527626370012,0.9495527626370012,0.9495527626370012,1.0,1.0,1.0,1.0,0.5882352941176471,0.5622873474125518,0.8348944084891888,0.6985908779508703,0.0,0.0,0.3333333333333333,0.6666666666666666,49.0,0.0,0.0,0.06453852113757563,29.0,0.0,0.0,0.7047176919257947,0.0
gtzan/gtzan_jazz_00061/track.npy,gtzan,0.8496732026143792,0.6894923957169462,0.6894923957169462,0.6894923957169462,0.189873417721519,0.6582278481012658,0.189873417721519,0.6582278481012658,0.5432098765432098,0.4469503924110604,0.4469503924110604,0.4469503924110604,0.017543859649122806,0.05263157894736842,0.03508771929824561,0.07017543859649122,96.0,0.0,0.07368421052631578,0.5406131317823912,68.0,0.0,0.0,1.2287573736297646,0.0
gtzan/gtzan_jazz_00062/track.npy,gtzan,0.976,0.7931609825770837,0.7931609825770837,0.7931609825770837,0.9523809523809523,0.9523809523809523,0.9523809523809523,0.9523809523809523,0.5882352941176471,0.44738018181709244,0.6351291331182043,0.5412546574676483,0.027777777777777776,0.027777777777777776,0.16666666666666666,0.5277777777777778,77.0,0.0,0.0,0.3226388027926375,43.0,0.0,0.0,0.7691330875378672,0.0
gtzan/gtzan_jazz_00063/track.npy,gtzan,0.7666666666666666,0.5561039605200009,0.6102294396083077,0.5831667000641543,0.021739130434782608,0.16666666666666666,0.021739130434782608,0.16666666666666666,0.3888888888888889,0.27052021864892556,0.40696044270631837,0.338740330677622,0.0,0.0,0.024096385542168676,0.14457831325301204,164.0,0.26993865030674846,0.6257668711656442,0.6449510303231184,98.0,0.061855670103092786,0.23711340206185566,1.137149958624921,0.0
gtzan/gtzan_jazz_00064/track.npy,gtzan,0.9941520467836257,0.9588993718721346,0.9588993718721346,0.9588993718721346,0.9883720930232558,0.9883720930232558,0.9883720930232558,0.9883720930232558,0.6774193548387097,0.6496916485034212,0.8735886029869891,0.7616401257452052,0.024390243902439025,0.0975609756097561,0.3170731707317073,0.7560975609756098,103.0,0.0,0.0,0.06899287148695321,49.0,0.0,0.0,0.6931471805599444,0.0
gtzan/gtzan_jazz_00065/track.npy,gtzan,0.993939393939394,0.9579545086233986,0.9579545086233986,0.9579545086233986,0.9879518072289156,0.9879518072289156,0.9879518072289156,0.9879518072289156,0.6557377049180327,0.6374195311504592,0.9487482153836739,0.7930838732670666,0.0,0.0,0.9512195121951219,0.9512195121951219,100.0,0.0,0.0,0.06486144914174578,49.0,0.0,0.0,0.032789822822992656,0.0
gtzan/gtzan_jazz_00066/track.npy,gtzan,0.5789473684210525,0.47795393693827787,0.7141411262496168,0.5960475315939473,0.0,0.0,0.8717948717948718,0.8717948717948718,0.7804878048780488,0.6270261228226602,0.6270261228226602,0.6270261228226602,0.21739130434782608,0.5217391304347826,0.21739130434782608,0.5217391304347826,47.0,0.0,0.0,0.28950690218734826,31.0,0.0,0.0,0.747570127761994,0.0
gtzan/gtzan_jazz_00067/track.npy,gtzan,1.0,0.8202994027706939,0.8202994027706939,0.8202994027706939,1.0,1.0,1.0,1.0,0.6451612903225806,0.5292372388442458,0.7817576756672755,0.6554974572557606,0.0,0.0,0.9047619047619048,0.9047619047619048,50.0,0.0,0.0,0.06669137449867565,25.0,0.0,0.0,0.03333642026759401,0.0
gtzan/gtzan_jazz_00068/track.npy,gtzan,0.7209302325581396,0.5938910462878116,0.685717788182561,0.6398044172351863,0.09090909090909091,0.10909090909090909,0.22950819672131148,0.7213114754098361,0.45161290322580644,0.3962815901070532,0.643208566926339,0.5197450785166962,0.0,0.0,0.08333333333333333,0.20833333333333334,63.0,0.0,0.0,0.5780778507751605,30.0,0.0,0.0,0.7054642947453279,0.0
gtzan/gtzan_jazz_00069/track.npy,gtzan,0.828125,0.6891277294788342,0.6891277294788342,0.6891277294788342,0.40625,0.75,0.40625,0.75,0.4067796610169491,0.35549298874283763,0.4517463176981735,0.4036196532205056,0.023255813953488372,0.046511627906976744,0.046511627906976744,0.18604651162790697,77.0,0.0,0.0,0.3493958488841039,52.0,0.0,0.0,1.15899669912883,0.0
gtzan/gtzan_jazz_00070/track.npy,gtzan,1.0,0.8666927136088433,0.8666927136088433,0.8666927136088433,1.0,1.0,1.0,1.0,0.6666666666666666,0.5945774779383886,0.8568071572271738,0.7256923175827812,0.0,0.0,0.9545454545454546,0.9545454545454546,52.0,0.0,0.0,0.035436039346217134,27.0,0.0,0.0,0.048645837750689085,0.0
gtzan/gtzan_jazz_00071/track.npy,gtzan,0.6585365853658537,0.567789021327066,0.6341816233797442,0.6009853223534051,0.19607843137254902,0.19607843137254902,0.5409836065573771,0.5901639344262295,0.43750000000000006,0.37706254037299525,0.5868897448689991,0.4819761426209972,0.0,0.0,0.125,0.2916666666666667,62.0,0.0,0.0,0.2263704773710879,30.0,0.0,0.0,0.7057754293147676,0.0
gtzan/gtzan_jazz_00072/track.npy,gtzan,0.9513513513513514,0.8822740046661839,0.8822740046661839,0.8822740046661839,0.7263157894736842,0.8210526315789474,0.7263157894736842,0.8210526315789474,0.5714285714285715,0.5413346643929658,0.7127339739657969,0.6270343191793813,0.01818181818181818,0.01818181818181818,0.12727272727272726,0.38181818181818183,115.0,0.02631578947368421,0.09649122807017543,0.5489496956877142,68.0,0.0,0.014925373134328358,1.1751196364731222,0.0
gtzan/gtzan_jazz_00073/track.npy,gtzan,0.7931034482758621,0.5978396403970391,0.611948702490547,0.604894171443793,0.0661764705882353,0.2426470588235294,0.0661764705882353,0.2426470588235294,0.3789473684210526,0.2904591180583662,0.42124326759852887,0.35585119282844757,0.014084507042253521,0.014084507042253521,0.04225352112676056,0.18309859154929578,168.0,0.23952095808383234,0.6407185628742516,0.6061358035703165,87.0,0.046511627906976744,0.20930232558139536,1.195785100280102,0.0
gtzan/gtzan_jazz_00074/track.npy,gtzan,0.7733333333333334,0.6896349053837743,0.6896349053837743,0.6896349053837743,0.5853658536585366,0.5853658536585366,0.5853658536585366,0.5853658536585366,0.6666666666666666,0.5475474191292856,0.7789731986719809,0.6632603089006333,0.0625,0.0625,0.8125,0.8125,49.0,0.0,0.0,0.6578122698630253,20.0,0.0,0.0,0.702042143950194,0.0
gtzan/gtzan_jazz_00075/track.npy,gtzan,0.7875647668393783,0.5641435613386522,0.5641435613386522,0.5641435613386522,0.16037735849056603,0.4056603773584906,0.16037735849056603,0.4056603773584906,0.4578313253012048,0.31772604671955856,0.4070704572481771,0.3623982519838678,0.01639344262295082,0.01639344262295082,0.09836065573770492,0.19672131147540983,127.0,0.05555555555555555,0.25396825396825395,0.550046336919265,76.0,0.0,0.09333333333333334,1.1676051601550554,0.0
gtzan/gtzan_jazz_00076/track.npy,gtzan,0.64,0.473258158022063,0.5966592433137957,0.5349587006679294,0.02,0.06,0.34,0.64,0.41379310344827586,0.3150605089654053,0.5157873900217426,0.4154239494935739,0.0,0.0,0.13043478260869565,0.21739130434782608,60.0,0.01694915254237288,0.03389830508474576,0.9540939883357786,27.0,0.038461538461538464,0.07692307692307693,1.8375206857540671,0.0
gtzan/gtzan_jazz_00077/track.npy,gtzan,0.6145251396648044,0.4655722735144531,0.5428973753948249,0.504234824454639,0.029411764705882353,0.14705882352941177,0.0392156862745098,0.14705882352941177,0.21951219512195122,0.16563101390748125,0.20074549725484003,0.18318825558116064,0.015873015873015872,0.015873015873015872,0.015873015873015872,0.015873015873015872,128.0,0.12598425196850394,0.48031496062992124,0.8260084083021357,74.0,0.0547945205479452,0.1917808219178082,1.250024795147651,0.0
gtzan/gtzan_jazz_00078/track.npy,gtzan,0.8714285714285713,0.7279278404041101,0.7279278404041101,0.7279278404041101,0.3194444444444444,0.7777777777777778,0.3194444444444444,0.7777777777777778,0.39344262295081966,0.33963569706426006,0.5487852968796272,0.4442104969719436,0.0,0.0,0.20454545454545456,0.38636363636363635,86.0,0.0,0.03529411764705882,0.36509642752149146,52.0,0.0,0.0392156862745098,1.0259841925582889,0.0
gtzan/gtzan_jazz_00079/track.npy,gtzan,1.0,0.9446523640164946,0.9446523640164946,0.9446523640164946,1.0,1.0,1.0,1.0,0.6857142857142856,0.650154356228984,0.9454796238966392,0.7978169900628116,0.0,0.0,1.0,1.0,55.0,0.0,0.0,0.06161945190267752,27.0,0.0,0.0,0.03656908077698097,0.0
gtzan/gtzan_jazz_00080/track.npy,gtzan,0.9125,0.7982445973801268,0.7982445973801268,0.7982445973801268,0.3373493975903614,0.7590361445783133,0.3373493975903614,0.7590361445783133,0.6666666666666666,0.6097290608754041,0.7236818092610051,0.6667054350682047,0.05128205128205128,0.1794871794871795,0.14634146341463414,0.4878048780487805,96.0,0.0,0.031578947368421054,0.49436904857620256,48.0,0.0,0.0425531914893617,1.6407511442012357,0.0
gtzan/gtzan_jazz_00081/track.npy,gtzan,1.0,0.9054610454540293,0.9054610454540293,0.9054610454540293,1.0,1.0,1.0,1.0,0.8571428571428571,0.7642536279806201,0.7642536279806201,0.7642536279806201,0.375,0.5,0.375,0.5,58.0,0.0,0.0,0.06294194137701262,20.0,0.0,0.0,0.6945825982123691,0.0
gtzan/gtzan_jazz_00082/track.npy,gtzan,0.9156626506024096,0.8165692499462536,0.8165692499462536,0.8165692499462536,0.5,0.8333333333333334,0.5,0.8333333333333334,0.5517241379310345,0.5082231796296754,0.7507468563437046,0.62948501798669,0.07894736842105263,0.10526315789473684,0.8205128205128205,0.8205128205128205,97.0,0.0,0.03125,0.4968299141765551,43.0,0.0,0.047619047619047616,1.8908503718722838,0.0
gtzan/gtzan_jazz_00083/track.npy,gtzan,0.6909090909090909,0.5344430748933358,0.5344430748933358,0.5344430748933358,0.26153846153846155,0.3384615384615385,0.26153846153846155,0.3384615384615385,0.41379310344827586,0.35900626386166684,0.3929632263291043,0.3759847450953856,0.10526315789473684,0.10526315789473684,0.2631578947368421,0.3157894736842105,74.0,0.0,0.0136986301369863,0.627256520663011,21.0,0.0,0.05,1.8198307833900442,0.0
gtzan/gtzan_jazz_00084/track.npy,gtzan,1.0,0.9486308586988076,0.9486308586988076,0.9486308586988076,1.0,1.0,1.0,1.0,0.7499999999999999,0.7147307595766069,0.8376019832123776,0.7761663713944922,0.1,0.25,0.43478260869565216,0.6086956521739131,62.0,0.0,0.0,0.04167269640056535,26.0,0.0,0.0,0.7071049616470801,0.0
gtzan/gtzan_jazz_00085/track.npy,gtzan,0.761904761904762,0.6559200479090659,0.6559200479090659,0.6559200479090659,0.6666666666666666,0.6666666666666666,0.6666666666666666,0.6666666666666666,0.5641025641025642,0.5315424180053379,0.5315424180053379,0.5315424180053379,0.18181818181818182,0.5,0.18181818181818182,0.5,74.0,0.0136986301369863,0.0410958904109589,0.4794790291805726,27.0,0.0,0.07692307692307693,1.7557120713169954,0.0
gtzan/gtzan_jazz_00086/track.npy,gtzan,0.5357142857142857,0.4221389849735161,0.5190693803705274,0.47060418267202175,0.028985507246376812,0.10144927536231885,0.32941176470588235,0.3764705882352941,0.2564102564102564,0.24226728403999004,0.3313487252278463,0.2868080046339182,0.037037037037037035,0.037037037037037035,0.14814814814814814,0.3333333333333333,89.0,0.011363636363636364,0.07954545454545454,0.7842237341862768,33.0,0.0,0.09375,2.232457147239825,0.0
gtzan/gtzan_jazz_00087/track.npy,gtzan,0.9909909909909909,0.8180615186919006,0.8180615186919006,0.8180615186919006,0.9821428571428571,0.9821428571428571,0.9821428571428571,0.9821428571428571,0.6046511627906977,0.5011794028490056,0.7915077418374621,0.6463435723432338,0.0,0.0,0.3448275862068966,0.7931034482758621,68.0,0.0,0.0,0.20376892200973923,36.0,0.0,0.0,0.7728279053979268,0.0
gtzan/gtzan_jazz_00088/track.npy,gtzan,1.0,0.9348684512435967,0.9348684512435967,0.9348684512435967,1.0,1.0,1.0,1.0,0.717948717948718,0.6813428806806887,0.8983560021151058,0.7898494413978973,0.08,0.08,0.7407407407407407,0.8518518518518519,64.0,0.0,0.0,0.04343883706368377,30.0,0.0,0.0,0.4584313389935821,0.0
gtzan/gtzan_jazz_00089/track.npy,gtzan,0.6376811594202898,0.4745339581691916,0.6610903009414272,0.5678121295553094,0.0,0.0,0.8478260869565217,0.9565217391304348,0.631578947368421,0.47646277454346814,0.7003232674488947,0.5883930209961814,0.0,0.0,0.5384615384615384,0.7692307692307693,56.0,0.0,0.0,0.3626154577466548,16.0,0.0,0.0,1.2417610647619506,0.0
gtzan/gtzan_jazz_00090/track.npy,gtzan,0.9911504424778761,0.8726507408842398,0.8726507408842398,0.8726507408842398,0.9824561403508771,0.9824561403508771,0.9824561403508771,0.9824561403508771,0.8260869565217391,0.7338008811993453,0.7338008811993453,0.7338008811993453,0.1111111111111111,0.4074074074074074,0.1111111111111111,0.4074074074074074,69.0,0.0,0.0,0.09245482960792965,35.0,0.0,0.0,1.0954669563354524,0.0
gtzan/gtzan_jazz_00091/track.npy,gtzan,0.611111111111111,0.4769179718873839,0.6700875081839798,0.5735027400356818,0.0,0.0,0.6666666666666666,0.8125,0.4444444444444445,0.32315133446755256,0.5349665275868373,0.42905893102719495,0.0,0.0,0.047619047619047616,0.09523809523809523,59.0,0.0,0.0,0.5627654593290563,25.0,0.0,0.0,0.7106003793963085,0.0
gtzan/gtzan_jazz_00092/track.npy,gtzan,0.523076923076923,0.37308302880896993,0.5317908040761673,0.4524369164425686,0.0,0.0,0.4418604651162791,0.7209302325581395,0.23076923076923073,0.18096522371071402,0.3224023454246024,0.2516837845676582,0.0,0.0,0.0,0.0,53.0,0.0,0.0,0.34830669426821526,25.0,0.0,0.0,0.11122563511022364,0.0
gtzan/gtzan_jazz_00093/track.npy,gtzan,0.7272727272727274,0.6312780957944674,0.7868514848319872,0.7090647903132272,0.18840579710144928,0.18840579710144928,0.6585365853658537,0.6585365853658537,0.75,0.633814682587231,0.6767468028951374,0.6552807427411842,0.08695652173913043,0.30434782608695654,0.18181818181818182,0.3939393939393939,50.0,0.0,0.0,0.5929564292873294,29.0,0.0,0.0,0.9877458736435426,0.0
gtzan/gtzan_jazz_00094/track.npy,gtzan,1.0,0.878674880675221,0.878674880675221,0.878674880675221,1.0,1.0,1.0,1.0,0.7027027027027027,0.6011600667879,0.8729179821839982,0.737039024485949,0.041666666666666664,0.041666666666666664,0.84,0.92,60.0,0.0,0.0,0.24700649082748422,29.0,0.0,0.0,0.5840467867310343,0.0
gtzan/gtzan_jazz_00095/track.npy,gtzan,0.6015037593984962,0.4726186165145046,0.574036984322127,0.5233278004183158,0.1566265060240964,0.1566265060240964,0.1566265060240964,0.2828282828282828,0.4615384615384615,0.3859455618509535,0.4739620474725467,0.42995380466175015,0.02564102564102564,0.05128205128205128,0.07692307692307693,0.20512820512820512,94.0,0.03225806451612903,0.16129032258064516,0.7101303281522252,45.0,0.0,0.06818181818181818,1.9966405546985286,0.0
gtzan/gtzan_jazz_00096/track.npy,gtzan,0.9369369369369368,0.7983762524007406,0.7983762524007406,0.7983762524007406,0.8928571428571429,0.9642857142857143,0.8928571428571429,0.9642857142857143,0.5957446808510638,0.47364064276612794,0.7357113648978643,0.604676003831996,0.0,0.0,0.5454545454545454,0.6666666666666666,68.0,0.0,0.0,0.19226654276239588,38.0,0.0,0.0,0.7045120526006637,0.0
gtzan/gtzan_jazz_00097/track.npy,gtzan,0.4848484848484849,0.38624122199418454,0.4409701529523935,0.413605687473289,0.022727272727272728,0.06818181818181818,0.13636363636363635,0.36363636363636365,0.1818181818181818,0.12825551834556603,0.17289197871341272,0.15057374852948938,0.0,0.0,0.0,0.0,54.0,0.0,0.0,1.0682774663650185,22.0,0.0,0.0,1.9667514417074097,0.0
gtzan/gtzan_jazz_00098/track.npy,gtzan,0.8057553956834531,0.6260224716039662,0.6260224716039662,0.6260224716039662,0.2676056338028169,0.6619718309859155,0.2676056338028169,0.6619718309859155,0.3116883116883117,0.2309850487043868,0.36861994021185734,0.29980249445812207,0.0,0.0,0.03333333333333333,0.08333333333333333,85.0,0.0,0.0,0.22314355131420727,71.0,0.0,0.0,0.769142416235681,0.0
gtzan/gtzan_jazz_00099/track.npy,gtzan,0.9739130434782608,0.854878428079198,0.854878428079198,0.854878428079198,0.9310344827586207,0.9655172413793104,0.9310344827586207,0.9655172413793104,0.5531914893617021,0.5024987403168623,0.5024987403168623,0.5024987403168623,0.03571428571428571,0.03571428571428571,0.03571428571428571,0.03571428571428571,70.0,0.0,0.0,0.18799844877364688,31.0,0.0,0.0,0.7785803153281248,0.0
gtzan/gtzan_metal_00000/track.npy,gtzan,1.0,0.8170785054626486,0.8170785054626486,0.8170785054626486,1.0,1.0,1.0,1.0,0.7142857142857143,0.567874891298285,0.7781881041530172,0.6730314977256511,0.05555555555555555,0.05555555555555555,0.7368421052631579,0.8947368421052632,47.0,0.0,0.0,0.06252035698133829,20.0,0.0,0.0,0.6773988235918071,0.0
gtzan/gtzan_metal_00001/track.npy,gtzan,0.9774436090225563,0.8865722136816625,0.8865722136816625,0.8865722136816625,0.7941176470588235,0.9264705882352942,0.7941176470588235,0.9264705882352942,0.45945945945945943,0.41290589580799425,0.619062255564969,0.5159840756864816,0.0,0.0,0.05263157894736842,0.12280701754385964,81.0,0.0,0.0,0.21700458295995362,68.0,0.0,0.0,0.7468585298840051,0.0
gtzan/gtzan_metal_00002/track.npy,gtzan,1.0,0.8471553096180143,0.8471553096180143,0.8471553096180143,1.0,1.0,1.0,1.0,0.9565217391304348,0.8177042552206109,0.8177042552206109,0.8177042552206109,0.5833333333333334,0.8333333333333334,0.5833333333333334,0.8333333333333334,56.0,0.0,0.0,0.062395943576975275,15.0,0.0,0.0,0.6894133233050751,0.0
gtzan/gtzan_metal_00003/track.npy,gtzan,0.7529411764705882,0.6368056565744697,0.6368056565744697,0.6368056565744697,0.16666666666666666,0.4777777777777778,0.16666666666666666,0.4777777777777778,0.3888888888888889,0.3284678422575445,0.5122046281778653,0.4203362352177049,0.0,0.0,0.1346153846153846,0.40384615384615385,107.0,0.018867924528301886,0.18867924528301888,0.6411095736212955,59.0,0.017241379310344827,0.13793103448275862,1.3476074823994733,0.0
gtzan/gtzan_metal_00004/track.npy,gtzan,0.30000000000000004,0.19905982598915511,0.3194189416048394,0.2592393837969973,0.009708737864077669,0.019417475728155338,0.019417475728155338,0.019417475728155338,0.10169491525423728,0.044058739278144625,0.044058739278144625,0.044058739278144625,0.022222222222222223,0.022222222222222223,0.022222222222222223,0.022222222222222223,126.0,0.448,0.72,1.0149854092269264,55.0,0.05555555555555555,0.2222222222222222,1.9185081269554,0.0
gtzan/gtzan_metal_00005/track.npy,gtzan,0.9922480620155039,0.8978990237526918,0.8978990237526918,0.8978990237526918,0.9846153846153847,0.9846153846153847,0.9846153846153847,0.9846153846153847,0.7111111111111111,0.6391469573461569,0.8279546151499612,0.733550786248059,0.10344827586206896,0.10344827586206896,0.5161290322580645,0.8064516129032258,78.0,0.0,0.0,0.05163090416202515,34.0,0.0,0.0,0.6792223861685875,0.0
gtzan/gtzan_metal_00006/track.npy,gtzan,0.94,0.8253729041541891,0.8253729041541891,0.8253729041541891,0.96,0.96,0.96,0.96,0.7333333333333334,0.6646408069966012,0.7557115162873428,0.710176161641972,0.1111111111111111,0.2777777777777778,0.17391304347826086,0.5652173913043478,60.0,0.0,0.0,0.0800427076735364,22.0,0.0,0.0,0.6931471805599451,0.0
gtzan/gtzan_metal_00007/track.npy,gtzan,0.6710526315789473,0.5502439411743597,0.5502439411743597,0.5502439411743597,0.15730337078651685,0.3707865168539326,0.15730337078651685,0.3707865168539326,0.3225806451612903,0.2804571778599869,0.48946517584407345,0.3849611768520302,0.0,0.0,0.32608695652173914,0.41304347826086957,103.0,0.21568627450980393,0.3333333333333333,1.1631508098056673,52.0,0.0784313725490196,0.17647058823529413,1.6435093726582883,0.0
gtzan/gtzan_metal_00008/track.npy,gtzan,1.0,0.9631729671923948,0.9631729671923948,0.9631729671923948,1.0,1.0,1.0,1.0,0.888888888888889,0.8538101840086597,0.8538101840086597,0.8538101840086597,0.26666666666666666,0.6666666666666666,0.26666666666666666,0.6666666666666666,59.0,0.0,0.0,0.03922071315328459,19.0,0.0,0.0,0.7049126459754734,0.0
gtzan/gtzan_metal_00009/track.npy,gtzan,0.5789473684210527,0.44143663045931697,0.44143663045931697,0.44143663045931697,0.045454545454545456,0.25757575757575757,0.045454545454545456,0.25757575757575757,0.0909090909090909,0.07753368164718158,0.19724314906774956,0.13738841535746557,0.0,0.0,0.018518518518518517,0.037037037037037035,79.0,0.0,0.05128205128205128,0.7724770139785475,63.0,0.0,0.03225806451612903,1.1420974006078486,0.0
gtzan/gtzan_metal_00010/track.npy,gtzan,0.5106382978723404,0.348570919743435,0.4922103904297382,0.4203906550865866,0.0297029702970297,0.06930693069306931,0.039603960396039604,0.06930693069306931,0.0963855421686747,0.07557857543126617,0.20047035284228995,0.13802446413677805,0.0,0.0,0.03333333333333333,0.03333333333333333,118.0,0.28205128205128205,0.5811965811965812,1.4786728720755193,73.0,0.08333333333333333,0.2222222222222222,1.6848779279136639,0.0
gtzan/gtzan_metal_00011/track.npy,gtzan,0.24000000000000002,0.19095574764417525,0.23115264306578392,0.2110541953549796,0.015151515151515152,0.015151515151515152,0.015384615384615385,0.03076923076923077,0.08695652173913045,0.05214161380041684,0.0899399165773249,0.07104076518887087,0.0,0.0,0.03333333333333333,0.06666666666666667,35.0,0.29411764705882354,0.4411764705882353,1.8516740248767725,31.0,0.13333333333333333,0.3,1.743324043222616,0.0
gtzan/gtzan_metal_00012/track.npy,gtzan,0.9929078014184397,0.9319328638739295,0.9319328638739295,0.9319328638739295,0.9859154929577465,0.9859154929577465,0.9859154929577465,0.9859154929577465,0.7234042553191489,0.6898326474093353,0.8472233952583754,0.7685280213338553,0.1,0.16666666666666666,0.42424242424242425,0.6666666666666666,85.0,0.0,0.0,0.1460195956916336,37.0,0.0,0.0,0.7036745765033261,0.0
gtzan/gtzan_metal_00013/track.npy,gtzan,0.5405405405405405,0.427322076757741,0.4722774541255794,0.4497997654416602,0.03296703296703297,0.12087912087912088,0.035398230088495575,0.12389380530973451,0.2608695652173913,0.19962204719138688,0.23444240123896465,0.21703222421517576,0.0,0.0,0.01818181818181818,0.03636363636363636,107.0,0.22641509433962265,0.3867924528301887,1.1987428030313318,67.0,0.07575757575757576,0.19696969696969696,1.5908198278208938,0.0
gtzan/gtzan_metal_00014/track.npy,gtzan,0.6666666666666666,0.570923721521532,0.7609473269199467,0.6659355242207394,0.0847457627118644,0.1016949152542373,0.6557377049180327,0.7868852459016393,0.34285714285714286,0.30917979068470675,0.4785990694450926,0.3938894300648997,0.0,0.0,0.07407407407407407,0.14814814814814814,70.0,0.0,0.0,0.6581179700650064,31.0,0.0,0.0,1.3045934086012567,0.0
gtzan/gtzan_metal_00015/track.npy,gtzan,0.5428571428571429,0.38010443756973494,0.50507064073155,0.4425875391506424,0.010752688172043012,0.03225806451612903,0.13978494623655913,0.3010752688172043,0.33962264150943394,0.2488810372122874,0.26347641701501257,0.25617872711365,0.023809523809523808,0.023809523809523808,0.047619047619047616,0.07142857142857142,109.0,0.09259259259259259,0.2962962962962963,1.097936112703254,53.0,0.019230769230769232,0.11538461538461539,2.027907043495139,0.0
gtzan/gtzan_metal_00016/track.npy,gtzan,0.5365853658536585,0.4336926564253862,0.5883490638880984,0.5110208601567423,0.011904761904761904,0.011904761904761904,0.14285714285714285,0.4166666666666667,0.2622950819672131,0.19713910853392386,0.30579824070807043,0.25146867462099715,0.0,0.0,0.0196078431372549,0.0196078431372549,99.0,0.030612244897959183,0.24489795918367346,0.8708544675184791,61.0,0.0,0.06666666666666667,1.428221328865456,0.0
gtzan/gtzan_metal_00017/track.npy,gtzan,0.42162162162162165,0.26413787588849164,0.4503860596973322,0.3572619677929119,0.041666666666666664,0.0625,0.052083333333333336,0.15625,0.2105263157894737,0.12555557103508921,0.1602501341503749,0.14290285259273205,0.018867924528301886,0.05660377358490566,0.018867924528301886,0.1320754716981132,125.0,0.08064516129032258,0.41935483870967744,0.8667675996549281,65.0,0.015625,0.078125,1.5372517362368465,0.0
gtzan/gtzan_metal_00018/track.npy,gtzan,0.42016806722689076,0.3459059136713569,0.4817452009715679,0.4138255573214624,0.012987012987012988,0.012987012987012988,0.20481927710843373,0.27710843373493976,0.11594202898550726,0.11405315201506012,0.19216999545310856,0.15311157373408435,0.0,0.0,0.03389830508474576,0.03389830508474576,96.0,0.06315789473684211,0.3684210526315789,1.0420548936248437,76.0,0.04,0.2,1.1212007710662477,0.0
gtzan/gtzan_metal_00019/track.npy,gtzan,0.7326732673267325,0.4767352542707454,0.487648043998711,0.48219164913472823,0.044642857142857144,0.1875,0.044642857142857144,0.1875,0.30107526881720437,0.20389227805742782,0.32074747403528386,0.26231987604635587,0.0,0.0,0.04285714285714286,0.15714285714285714,126.0,0.08,0.392,0.7822709165841898,80.0,0.012658227848101266,0.20253164556962025,1.364226440975955,0.0
gtzan/gtzan_metal_00020/track.npy,gtzan,0.5666666666666667,0.4716900452067595,0.4716900452067595,0.4716900452067595,0.2077922077922078,0.2077922077922078,0.2558139534883721,0.3023255813953488,0.35,0.3211281682844297,0.379911584978871,0.35051987663165035,0.05,0.05,0.20512820512820512,0.20512820512820512,54.0,0.0,0.0,0.4104857609738401,22.0,0.0,0.0,0.6470434153611784,0.0
gtzan/gtzan_metal_00021/track.npy,gtzan,0.989010989010989,0.884588562665146,0.884588562665146,0.884588562665146,0.9782608695652174,0.9782608695652174,0.9782608695652174,0.9782608695652174,0.7586206896551725,0.6867097209828932,0.7273077644490783,0.7070087427159857,0.3333333333333333,0.3333333333333333,0.47619047619047616,0.47619047619047616,55.0,0.0,0.0,0.03636764417088045,21.0,0.0,0.0,0.6564450896822129,0.0
gtzan/gtzan_metal_00022/track.npy,gtzan,1.0,0.9138313629079415,0.9138313629079415,0.9138313629079415,1.0,1.0,1.0,1.0,0.6829268292682926,0.6099045662748784,0.871654560181607,0.7407795632282428,0.037037037037037035,0.037037037037037035,0.7407407407407407,0.9259259259259259,69.0,0.0,0.0,0.06116490124734455,31.0,0.0,0.0,0.7069408914947639,0.0
gtzan/gtzan_metal_00023/track.npy,gtzan,0.9344262295081968,0.8405180637444819,0.8405180637444819,0.8405180637444819,0.4918032786885246,0.9344262295081968,0.4918032786885246,0.9344262295081968,0.5909090909090909,0.5535289648985421,0.8455565968880915,0.6995427808933168,0.0,0.0,0.5172413793103449,0.9310344827586207,73.0,0.0,0.0,0.15242084636730657,34.0,0.0,0.0,0.690869681097333,0.0
gtzan/gtzan_metal_00024/track.npy,gtzan,0.989247311827957,0.6754215620512636,0.6754215620512636,0.6754215620512636,0.9787234042553191,0.9787234042553191,0.9787234042553191,0.9787234042553191,0.9600000000000001,0.6443881748278981,0.6443881748278981,0.6443881748278981,0.46153846153846156,0.8461538461538461,0.46153846153846156,0.8461538461538461,57.0,0.0,0.0,0.07410797215371459,16.0,0.0,0.0,0.713757258294164,0.0
gtzan/gtzan_metal_00025/track.npy,gtzan,1.0,0.9272862571561663,0.9272862571561663,0.9272862571561663,1.0,1.0,1.0,1.0,0.6511627906976745,0.6025210717744778,0.9103822855498631,0.7564516786621704,0.0,0.0,0.9310344827586207,0.9310344827586207,69.0,0.0,0.0,0.09097177820572237,35.0,0.0,0.0,0.057422876659500466,0.0
gtzan/gtzan_metal_00026/track.npy,gtzan,0.8081632653061225,0.5711909351674815,0.5964636000017557,0.5838272675846186,0.1267605633802817,0.21830985915492956,0.1267605633802817,0.21830985915492956,0.34951456310679613,0.2479717198548507,0.39232535194037643,0.32014853589761355,0.012987012987012988,0.012987012987012988,0.12987012987012986,0.2077922077922078,173.0,0.36627906976744184,0.7325581395348837,0.6931471805599452,90.0,0.0898876404494382,0.38202247191011235,1.4186044740143802,0.0
gtzan/gtzan_metal_00027/track.npy,gtzan,0.8879310344827587,0.6731521496454294,0.6731521496454294,0.6731521496454294,0.088,0.416,0.088,0.416,0.3963963963963964,0.2895595574592504,0.3764452566363734,0.3330024070478119,0.0,0.0,0.011764705882352941,0.047058823529411764,148.0,0.10204081632653061,0.4013605442176871,0.49073431776878373,102.0,0.009900990099009901,0.13861386138613863,1.1301205872055462,0.0
gtzan/gtzan_metal_00028/track.npy,gtzan,0.9579831932773109,0.7357243679884427,0.7357243679884427,0.7357243679884427,0.5737704918032787,0.9016393442622951,0.5737704918032787,0.9016393442622951,0.49122807017543857,0.36411495042413355,0.5880064982860421,0.47606072435508784,0.0,0.0,0.11627906976744186,0.3488372093023256,74.0,0.0,0.0273972602739726,0.3083617048510276,48.0,0.0,0.0,0.7166776779701409,0.0
gtzan/gtzan_metal_00029/track.npy,gtzan,1.0,0.860499889925502,0.860499889925502,0.860499889925502,1.0,1.0,1.0,1.0,0.7058823529411764,0.6076769178058433,0.7633957614549284,0.6855363396303858,0.09090909090909091,0.13636363636363635,0.43478260869565216,0.7391304347826086,61.0,0.0,0.0,0.040821994520261584,26.0,0.0,0.0,0.6916396301819201,0.0
gtzan/gtzan_metal_00030/track.npy,gtzan,1.0,0.961526189459894,0.961526189459894,0.961526189459894,1.0,1.0,1.0,1.0,0.8484848484848484,0.8185834863338951,0.8185834863338951,0.8185834863338951,0.5263157894736842,0.5263157894736842,0.5263157894736842,0.5263157894736842,66.0,0.0,0.0,0.04445176257083683,22.0,0.0,0.0,0.6936996723692745,0.0
gtzan/gtzan_metal_00031/track.npy,gtzan,1.0,0.8518294050155732,0.8518294050155732,0.8518294050155732,1.0,1.0,1.0,1.0,0.6818181818181819,0.5544821360289043,0.8338819849275293,0.6941820604782167,0.0,0.0,1.0,1.0,70.0,0.0,0.0,0.0909717782057233,35.0,0.0,0.0,0.04652001563488767,0.0
gtzan/gtzan_metal_00032/track.npy,gtzan,0.937062937062937,0.7856527745784725,0.7856527745784725,0.7856527745784725,0.3918918918918919,0.7702702702702703,0.3918918918918919,0.7702702702702703,0.9230769230769231,0.707843434944321,0.707843434944321,0.707843434944321,0.4,0.8,0.4,0.8,80.0,0.0,0.0,0.6677721618827162,26.0,0.0,0.0,1.2804180699273424,0.0
gtzan/gtzan_metal_00033/track.npy,gtzan,1.0,0.9348703793744396,0.9348703793744396,0.9348703793744396,1.0,1.0,1.0,1.0,0.3157894736842105,0.255311413217566,0.30997940208548036,0.2826454076515232,0.04,0.04,0.04,0.04,62.0,0.0,0.0,0.08012447384058494,32.0,0.0,0.0,1.139434283188364,0.0
gtzan/gtzan_metal_00034/track.npy,gtzan,0.702290076335878,0.5821233870755468,0.5821233870755468,0.5821233870755468,0.3787878787878788,0.5454545454545454,0.3787878787878788,0.5454545454545454,0.2909090909090909,0.255502421520373,0.4187122345917198,0.3371073280560464,0.0,0.0,0.18421052631578946,0.2631578947368421,81.0,0.0125,0.0375,0.7085622485426738,47.0,0.021739130434782608,0.021739130434782608,1.2242340699543948,0.0
gtzan/gtzan_metal_00035/track.npy,gtzan,0.98989898989899,0.8968982397571297,0.8968982397571297,0.8968982397571297,0.98,0.98,0.98,0.98,0.6857142857142856,0.6039906776887486,0.8608386750352169,0.7324146763619828,0.043478260869565216,0.043478260869565216,0.5217391304347826,0.9130434782608695,62.0,0.01639344262295082,0.03278688524590164,0.4107331338910553,30.0,0.0,0.0,0.6931471805599453,0.0
gtzan/gtzan_metal_00036/track.npy,gtzan,1.0,0.8847531461691023,0.8847531461691023,0.8847531461691023,1.0,1.0,1.0,1.0,0.6511627906976745,0.600255042604266,0.8535379072816157,0.7268964749429409,0.034482758620689655,0.034482758620689655,0.5862068965517241,0.8275862068965517,71.0,0.0,0.0,0.09442227710899581,35.0,0.0,0.0,0.7213020069305683,0.0
gtzan/gtzan_metal_00037/track.npy,gtzan,0.9913043478260869,0.9196511966301963,0.9196511966301963,0.9196511966301963,0.9827586206896551,0.9827586206896551,0.9827586206896551,0.9827586206896551,0.6511627906976745,0.5747702006075802,0.8802049199675034,0.7274875602875418,0.0,0.0,0.9310344827586207,0.9310344827586207,70.0,0.0,0.0,0.11329537768512629,35.0,0.0,0.0,0.0551953093915512,0.0
gtzan/gtzan_metal_00038/track.npy,gtzan,0.8048780487804876,0.6965357229769101,0.6965357229769101,0.6965357229769101,0.7619047619047619,0.7857142857142857,0.7619047619047619,0.7857142857142857,0.4666666666666667,0.3837754291923808,0.5461543975911735,0.46496491339177715,0.10526315789473684,0.15789473684210525,0.47619047619047616,0.47619047619047616,49.0,0.0,0.0,0.08672453821263063,22.0,0.0,0.0,1.1193248689045354,0.0
gtzan/gtzan_metal_00039/track.npy,gtzan,0.6666666666666666,0.630183770103186,0.9302742499709041,0.780229010037045,0.0,0.0,0.98,0.98,0.631578947368421,0.6108911181112385,0.8954887819064945,0.7531899500088666,0.0,0.0,0.8461538461538461,0.8461538461538461,60.0,0.0,0.0,0.06062462181643485,18.0,0.0,0.0,0.698197857389325,0.0
gtzan/gtzan_metal_00040/track.npy,gtzan,0.4305555555555556,0.2610857135256383,0.4345656999335572,0.3478257067295978,0.02040816326530612,0.02040816326530612,0.07142857142857142,0.25510204081632654,0.03076923076923077,0.009371804367192389,0.03764338219809948,0.023507593282645935,0.0,0.0,0.0,0.0,122.0,0.08264462809917356,0.30578512396694213,0.7544459698932436,64.0,0.0,0.07936507936507936,1.0536428992447073,0.0
gtzan/gtzan_metal_00041/track.npy,gtzan,1.0,0.9579796612450944,0.9579796612450944,0.9579796612450944,1.0,1.0,1.0,1.0,1.0,0.9521441441330228,0.9521441441330228,0.9521441441330228,1.0,1.0,1.0,1.0,59.0,0.0,0.0,0.06323305946494523,15.0,0.0,0.0,0.021440528797961093,0.0
gtzan/gtzan_metal_00042/track.npy,gtzan,1.0,0.9199122330073054,0.9199122330073054,0.9199122330073054,1.0,1.0,1.0,1.0,0.7567567567567568,0.6984786365798915,0.8463274699654723,0.7724030532726819,0.13043478260869565,0.17391304347826086,0.37037037037037035,0.7037037037037037,65.0,0.0,0.0,0.04445176257083272,27.0,0.0,0.0,0.6931471805599453,0.0
gtzan/gtzan_metal_00043/track.npy,gtzan,0.9873417721518987,0.9404553620884826,0.9404553620884826,0.9404553620884826,0.975,0.975,0.975,0.975,0.6896551724137931,0.6560146381196282,0.9568026707649888,0.8064086544423086,0.0,0.0,1.0,1.0,47.0,0.0,0.0,0.03174869831458073,23.0,0.0,0.0,0.023530497410192225,0.0
gtzan/gtzan_metal_00044/track.npy,gtzan,0.9056603773584905,0.8326416342655707,0.8326416342655707,0.8326416342655707,0.7368421052631579,0.7368421052631579,0.7368421052631579,0.7368421052631579,0.8275862068965517,0.7375500056416816,0.7375500056416816,0.7375500056416816,0.5,0.625,0.5,0.625,67.0,0.0,0.045454545454545456,0.2741433344491294,20.0,0.0,0.0,2.097303971596285,0.0
gtzan/gtzan_metal_00045/track.npy,gtzan,0.6493506493506493,0.6207060937878065,0.9112366567665794,0.765971375277193,0.0,0.0,0.9803921568627451,0.9803921568627451,0.6,0.586915116964191,0.8501461412278504,0.7185306290960207,0.0,0.0,0.7857142857142857,0.7857142857142857,61.0,0.0,0.0,0.12260232209233365,17.0,0.0,0.0,1.1674931021854118,0.0
gtzan/gtzan_metal_00046/track.npy,gtzan,0.6666666666666666,0.4867784643332868,0.5004866542265947,0.49363255927994076,0.0380952380952381,0.17142857142857143,0.0380952380952381,0.17142857142857143,0.15555555555555556,0.1150480845907124,0.19813996135126263,0.1565940229709875,0.015151515151515152,0.015151515151515152,0.015151515151515152,0.030303030303030304,131.0,0.3,0.5153846153846153,1.2008297563146688,77.0,0.039473684210526314,0.14473684210526316,1.5637997219501694,0.0
gtzan/gtzan_metal_00047/track.npy,gtzan,0.6931818181818182,0.5845144432978553,0.5845144432978553,0.5845144432978553,0.3707865168539326,0.5168539325842697,0.3707865168539326,0.5168539325842697,0.325,0.27035685948126587,0.4582503089934011,0.36430358423733344,0.01694915254237288,0.01694915254237288,0.13559322033898305,0.3389830508474576,113.0,0.0625,0.3125,1.0340064229281043,76.0,0.04,0.16,1.1414322592841273,0.0
gtzan/gtzan_metal_00048/track.npy,gtzan,0.745945945945946,0.5816389377206377,0.5816389377206377,0.5816389377206377,0.20212765957446807,0.40425531914893614,0.20212765957446807,0.40425531914893614,0.3896103896103896,0.2998529388066326,0.46087757065676277,0.3803652547316977,0.01818181818181818,0.01818181818181818,0.09090909090909091,0.23636363636363636,120.0,0.08403361344537816,0.3949579831932773,0.6071811039677287,69.0,0.0,0.14705882352941177,1.1714264754059565,0.0
gtzan/gtzan_metal_00049/track.npy,gtzan,0.7428571428571429,0.5676688989005989,0.5676688989005989,0.5676688989005989,0.07526881720430108,0.40860215053763443,0.07526881720430108,0.40860215053763443,0.4,0.26794870936658904,0.3923215932151863,0.33013515129088766,0.01694915254237288,0.05084745762711865,0.03389830508474576,0.13559322033898305,113.0,0.017857142857142856,0.2857142857142857,0.7085330098933187,71.0,0.014285714285714285,0.11428571428571428,1.0896231463272914,0.0
gtzan/gtzan_metal_00050/track.npy,gtzan,0.6796116504854368,0.4680959496405378,0.527556526929913,0.4978262382852254,0.017857142857142856,0.125,0.017857142857142856,0.125,0.22916666666666663,0.17842516036675593,0.2553851247518624,0.21690514255930918,0.0136986301369863,0.0136986301369863,0.0136986301369863,0.0273972602739726,131.0,0.17692307692307693,0.6307692307692307,0.8999619340660571,83.0,0.012195121951219513,0.25609756097560976,1.4240346891027384,0.0
gtzan/gtzan_metal_00051/track.npy,gtzan,0.7021276595744682,0.5622316726367923,0.5622316726367923,0.5622316726367923,0.17525773195876287,0.32989690721649484,0.17525773195876287,0.32989690721649484,0.2816901408450704,0.24539311628521726,0.3595901503839393,0.3024916333345783,0.04081632653061224,0.061224489795918366,0.061224489795918366,0.14285714285714285,123.0,0.09836065573770492,0.45901639344262296,0.6931471805599652,62.0,0.01639344262295082,0.13114754098360656,1.5233274607195946,0.0
gtzan/gtzan_metal_00052/track.npy,gtzan,1.0,0.9189472234028049,0.9189472234028049,0.9189472234028049,0.7424242424242424,0.9696969696969697,0.7424242424242424,0.9696969696969697,0.6808510638297872,0.6467073292008738,0.6467073292008738,0.6467073292008738,0.1935483870967742,0.1935483870967742,0.1935483870967742,0.1935483870967742,80.0,0.0,0.0,0.10536051565782922,35.0,0.0,0.0,1.1409308828189235,0.0
gtzan/gtzan_metal_00053/track.npy,gtzan,0.826530612244898,0.609662976600368,0.609662976600368,0.609662976600368,0.11538461538461539,0.3269230769230769,0.11538461538461539,0.3269230769230769,0.31168831168831174,0.24429933024617304,0.2517302614911987,0.24801479586868586,0.0196078431372549,0.0196078431372549,0.0196078431372549,0.0392156862745098,104.0,0.04854368932038835,0.17475728155339806,0.6931471805599466,57.0,0.0,0.03571428571428571,1.1576019541316622,0.0
gtzan/gtzan_metal_00054/track.npy,gtzan,0.6624203821656051,0.6135150000484211,0.9151382747815845,0.7643266374150028,0.0,0.0,0.9811320754716981,0.9811320754716981,0.0,1.8776646568012376e-07,1.942234741619169e-07,1.9099496992102034e-07,0.0,0.0,0.0,0.0,63.0,0.0,0.0,0.10536051565782589,31.0,0.0,0.0,0.04877728664012321,0.0
gtzan/gtzan_metal_00055/track.npy,gtzan,0.9583333333333334,0.8350985894758105,0.8350985894758105,0.8350985894758105,0.821917808219178,0.9041095890410958,0.821917808219178,0.9041095890410958,0.6799999999999999,0.5690739348799199,0.6195445667808446,0.5943092508303822,0.09375,0.1875,0.17142857142857143,0.42857142857142855,87.0,0.0,0.011627906976744186,0.3319093010679784,37.0,0.0,0.0,1.425947193272437,0.0
gtzan/gtzan_metal_00056/track.npy,gtzan,0.7999999999999999,0.6088914489520963,0.6088914489520963,0.6088914489520963,0.16363636363636364,0.35454545454545455,0.16363636363636364,0.35454545454545455,0.4444444444444445,0.3421331622165758,0.47096277619094895,0.40654796920376235,0.02040816326530612,0.02040816326530612,0.14285714285714285,0.3469387755102041,128.0,0.11023622047244094,0.4251968503937008,0.6931471805599507,62.0,0.04918032786885246,0.18032786885245902,1.9272419467413455,0.0
gtzan/gtzan_metal_00057/track.npy,gtzan,0.9906542056074767,0.8571726325859218,0.8571726325859218,0.8571726325859218,0.9814814814814815,0.9814814814814815,0.9814814814814815,0.9814814814814815,0.631578947368421,0.5303337735582497,0.8136349734823267,0.6719843735202882,0.0,0.0,0.72,0.92,65.0,0.0,0.0,0.08338160893905291,31.0,0.0,0.0,0.42974591984297855,0.0
gtzan/gtzan_metal_00058/track.npy,gtzan,0.9752066115702478,0.8021543979911537,0.8021543979911537,0.8021543979911537,0.819672131147541,0.9672131147540983,0.819672131147541,0.9672131147540983,0.6976744186046512,0.5733899115718846,0.8154344416507622,0.6944121766113234,0.07142857142857142,0.07142857142857142,0.7241379310344828,0.8620689655172413,74.0,0.0,0.0,0.18560125965869037,35.0,0.0,0.0,0.31628955197530095,0.0
gtzan/gtzan_metal_00059/track.npy,gtzan,1.0,0.9088797246637544,0.9088797246637544,0.9088797246637544,1.0,1.0,1.0,1.0,0.6451612903225806,0.587278901824488,0.8657651648349344,0.7265220333297112,0.0,0.0,0.9047619047619048,0.9047619047619048,49.0,0.0,0.0,0.0984400728132525,24.0,0.0,0.0,0.6040260952384037,0.0
gtzan/gtzan_metal_00060/track.npy,gtzan,0.9866666666666666,0.9502190955593153,0.9502190955593153,0.9502190955593153,0.9736842105263158,0.9736842105263158,0.9736842105263158,0.9736842105263158,0.6896551724137931,0.6683210267783211,0.9624112452033631,0.8153661359908421,0.0,0.0,1.0,1.0,46.0,0.0,0.0,0.05742911388200389,23.0,0.0,0.0,0.015037877364541208,0.0
gtzan/gtzan_metal_00061/track.npy,gtzan,0.6772486772486773,0.47604156250925184,0.48415821431405887,0.48009988841165535,0.14285714285714285,0.336734693877551,0.14285714285714285,0.336734693877551,0.3733333333333333,0.2893816364271763,0.4485684915677444,0.3689750639974604,0.018867924528301886,0.018867924528301886,0.1509433962264151,0.4528301886792453,122.0,0.08264462809917356,0.30578512396694213,0.7544459698932436,64.0,0.0,0.07936507936507936,1.0536428992447073,0.0
gtzan/gtzan_metal_00062/track.npy,gtzan,1.0,0.9608609727942596,0.9608609727942596,0.9608609727942596,1.0,1.0,1.0,1.0,1.0,0.9521441441330228,0.9521441441330228,0.9521441441330228,1.0,1.0,1.0,1.0,59.0,0.0,0.0,0.06323305946494523,15.0,0.0,0.0,0.021440528797961093,0.0
gtzan/gtzan_metal_00063/track.npy,gtzan,1.0,0.9304253449135963,0.9304253449135963,0.9304253449135963,1.0,1.0,1.0,1.0,0.7567567567567568,0.6984786365798915,0.8463274699654723,0.7724030532726819,0.13043478260869565,0.17391304347826086,0.37037037037037035,0.7037037037037037,65.0,0.0,0.0,0.04445176257083272,27.0,0.0,0.0,0.6931471805599453,0.0
gtzan/gtzan_metal_00064/track.npy,gtzan,1.0,0.952901548058465,0.952901548058465,0.952901548058465,1.0,1.0,1.0,1.0,0.6896551724137931,0.6560146381196282,0.9568026707649888,0.8064086544423086,0.0,0.0,1.0,1.0,47.0,0.0,0.0,0.03174869831458073,23.0,0.0,0.0,0.023530497410192225,0.0
gtzan/gtzan_metal_00065/track.npy,gtzan,0.9056603773584905,0.783965472307581,0.783965472307581,0.783965472307581,0.7368421052631579,0.7368421052631579,0.7368421052631579,0.7368421052631579,0.8275862068965517,0.695703178433208,0.695703178433208,0.695703178433208,0.5,0.625,0.5,0.625,67.0,0.0,0.045454545454545456,0.2741433344491294,20.0,0.0,0.0,2.097303971596285,0.0
gtzan/gtzan_metal_00066/track.npy,gtzan,0.6578947368421052,0.6320980910171309,0.9245258143959534,0.7783119527065421,0.0,0.0,0.9607843137254902,0.9607843137254902,0.6,0.5690135748572756,0.8200572213808671,0.6945353981190714,0.0,0.0,0.7857142857142857,0.7857142857142857,61.0,0.0,0.0,0.12260232209233365,17.0,0.0,0.0,1.1674931021854118,0.0
gtzan/gtzan_metal_00067/track.npy,gtzan,1.0,0.9655109846686154,0.9655109846686154,0.9655109846686154,1.0,1.0,1.0,1.0,0.6666666666666666,0.6435574809177619,0.9498659595088642,0.796711720213313,0.0,0.0,0.9642857142857143,0.9642857142857143,67.0,0.0,0.0,0.04445176257083683,33.0,0.0,0.0,0.021978906718776975,0.0
gtzan/gtzan_metal_00068/track.npy,gtzan,1.0,0.9582575530639224,0.9582575530639224,0.9582575530639224,1.0,1.0,1.0,1.0,0.6799999999999999,0.6479175142286178,0.9275886580077636,0.7877530861181907,0.030303030303030304,0.030303030303030304,0.7575757575757576,0.9393939393939394,83.0,0.0,0.0,0.05715841383995235,36.0,0.0,0.0,0.6513048071312666,0.0
gtzan/gtzan_metal_00069/track.npy,gtzan,1.0,0.8461360607802625,0.8461360607802625,0.8461360607802625,1.0,1.0,1.0,1.0,0.8095238095238095,0.6593904895233184,0.7135614272883861,0.6864759584058522,0.08,0.36,0.12121212121212122,0.48484848484848486,82.0,0.0,0.0,0.16251892949777513,30.0,0.0,0.0,0.6975840578557043,0.0
gtzan/gtzan_metal_00070/track.npy,gtzan,1.0,0.9223965975779828,0.9223965975779828,0.9223965975779828,1.0,1.0,1.0,1.0,0.923076923076923,0.8452681998298186,0.8452681998298186,0.8452681998298186,0.5,0.7857142857142857,0.5,0.7857142857142857,58.0,0.0,0.0,0.03922071315328046,18.0,0.0,0.0,0.6931472365267912,0.0
gtzan/gtzan_metal_00071/track.npy,gtzan,1.0,0.9167328927842756,0.9167328927842756,0.9167328927842756,1.0,1.0,1.0,1.0,0.6666666666666666,0.6130051719061628,0.8995266450157571,0.75626590846096,0.0,0.0,0.9444444444444444,0.9444444444444444,42.0,0.0,0.0,0.02817087696670073,21.0,0.0,0.0,0.0141846349919586,0.0
gtzan/gtzan_metal_00072/track.npy,gtzan,1.0,0.9638772403983614,0.9638772403983614,0.9638772403983614,1.0,1.0,1.0,1.0,0.8,0.7702033178517053,0.7702033178517053,0.7702033178517053,0.4444444444444444,0.4444444444444444,0.4444444444444444,0.4444444444444444,60.0,0.0,0.0,0.04094959980230122,23.0,0.0,0.0,0.6931471805599457,0.0
gtzan/gtzan_metal_00073/track.npy,gtzan,0.673913043478261,0.6259785336440421,0.9303936038076491,0.7781860687258456,0.0,0.0,1.0,1.0,0.375,0.34862634747468807,0.49434268199974046,0.42148451473721427,0.0,0.0,0.3333333333333333,0.375,73.0,0.0,0.0,0.14485215891627323,27.0,0.0,0.0,1.1304963426866719,0.0
gtzan/gtzan_metal_00074/track.npy,gtzan,0.9902912621359222,0.9455165330080572,0.9455165330080572,0.9455165330080572,0.9807692307692307,0.9807692307692307,0.9807692307692307,0.9807692307692307,0.6666666666666666,0.6345774669000981,0.9306124692214036,0.7825949680607509,0.0,0.0,0.9615384615384616,0.9615384615384616,63.0,0.0,0.0,0.0800427076735365,31.0,0.0,0.0,0.02698798700315596,0.0
gtzan/gtzan_metal_00075/track.npy,gtzan,0.9894736842105264,0.9265422411025314,0.9265422411025314,0.9265422411025314,0.9791666666666666,0.9791666666666666,0.9791666666666666,0.9791666666666666,0.846153846153846,0.8277238283565441,0.8277238283565441,0.8277238283565441,0.3333333333333333,0.6,0.3333333333333333,0.6,57.0,0.0,0.0,0.07496389284844392,19.0,0.0,0.0,0.7083045275476484,0.0
gtzan/gtzan_metal_00076/track.npy,gtzan,0.9914529914529915,0.8400000315332435,0.8400000315332435,0.8400000315332435,0.9830508474576272,0.9830508474576272,0.9830508474576272,0.9830508474576272,0.11428571428571427,0.09882284547245576,0.6204601321852007,0.35964148882882824,0.0,0.0,0.23809523809523808,0.38095238095238093,82.0,0.13580246913580246,0.13580246913580246,0.9162907318741539,28.0,0.0,0.0,1.558543121293341,0.0
gtzan/gtzan_metal_00077/track.npy,gtzan,0.9919999999999999,0.8807158174383152,0.8807158174383152,0.8807158174383152,0.9841269841269841,0.9841269841269841,0.9841269841269841,0.9841269841269841,0.8205128205128205,0.7136135299817672,0.7291469272214703,0.7213802286016188,0.17391304347826086,0.34782608695652173,0.22580645161290322,0.4838709677419355,76.0,0.0,0.0,0.10008345855698075,29.0,0.0,0.0,0.697508565385392,0.0
gtzan/gtzan_metal_00078/track.npy,gtzan,0.9940119760479043,0.9197555286798577,0.9197555286798577,0.9197555286798577,0.9880952380952381,0.9880952380952381,0.9880952380952381,0.9880952380952381,0.6461538461538462,0.6033465298165258,0.8914978053382664,0.7474221675773961,0.0,0.0,0.6590909090909091,0.9090909090909091,101.0,0.0,0.01,0.10178269430994065,53.0,0.0,0.019230769230769232,0.7523031786905208,0.0
gtzan/gtzan_metal_00079/track.npy,gtzan,1.0,0.9441872628772999,0.9441872628772999,0.9441872628772999,1.0,1.0,1.0,1.0,0.787878787878788,0.7515713333339157,0.8521647991170725,0.8018680662254941,0.1,0.25,0.36,0.6,62.0,0.0,0.0,0.08338160893904922,24.0,0.0,0.0,0.7024790032353531,0.0
gtzan/gtzan_metal_00080/track.npy,gtzan,0.8474576271186441,0.8058793978871899,0.8058793978871899,0.8058793978871899,0.47058823529411764,0.47058823529411764,0.47058823529411764,0.47058823529411764,0.787878787878788,0.7464567923803497,0.8033450802813523,0.774900936330851,0.15,0.3,0.28,0.52,82.0,0.0,0.0,0.0540672212702793,24.0,0.0,0.0,0.6931471805599443,0.0
gtzan/gtzan_metal_00081/track.npy,gtzan,0.9838709677419355,0.9111986085906356,0.9111986085906356,0.9111986085906356,0.7903225806451613,0.9838709677419355,0.7903225806451613,0.9838709677419355,0.5714285714285714,0.5528853741967856,0.7523784294247086,0.6526319018107472,0.0,0.0,0.6896551724137931,0.6896551724137931,73.0,0.0,0.0,0.17435338714477683,31.0,0.0,0.0,1.1610353759310008,0.0
gtzan/gtzan_metal_00082/track.npy,gtzan,0.9902912621359222,0.9253779051706997,0.9253779051706997,0.9253779051706997,0.9807692307692307,0.9807692307692307,0.9807692307692307,0.9807692307692307,0.962962962962963,0.8998028145291582,0.8998028145291582,0.8998028145291582,0.6428571428571429,0.8571428571428571,0.6428571428571429,0.8571428571428571,62.0,0.0,0.0,0.04086452961427722,17.0,0.0,0.0,0.6844331002428826,0.0
gtzan/gtzan_metal_00083/track.npy,gtzan,1.0,0.9589298760082643,0.9589298760082643,0.9589298760082643,1.0,1.0,1.0,1.0,0.8571428571428571,0.8164407132652208,0.8164407132652208,0.8164407132652208,0.25,0.5,0.25,0.5,59.0,0.0,0.0,0.05942342047080022,19.0,0.0,0.0,0.7251914387155038,0.0
gtzan/gtzan_metal_00084/track.npy,gtzan,0.9919999999999999,0.8830006470559124,0.8830006470559124,0.8830006470559124,0.9841269841269841,0.9841269841269841,0.9841269841269841,0.9841269841269841,0.6382978723404256,0.5595465627579144,0.8308144029703943,0.6951804828641543,0.0,0.0,0.90625,0.90625,75.0,0.0,0.0,0.060419165494017275,38.0,0.0,0.0,0.05001042057466098,0.0
gtzan/gtzan_metal_00085/track.npy,gtzan,1.0,0.8629335847664497,0.8629335847664497,0.8629335847664497,1.0,1.0,1.0,1.0,0.7142857142857143,0.5989532071951021,0.738566071691002,0.6687596394430521,0.1111111111111111,0.1111111111111111,0.47368421052631576,0.7894736842105263,51.0,0.0,0.0,0.035091319811275556,22.0,0.0,0.0,0.7191226669632054,0.0
gtzan/gtzan_metal_00086/track.npy,gtzan,1.0,0.9619874185523681,0.9619874185523681,0.9619874185523681,1.0,1.0,1.0,1.0,0.8125000000000001,0.7788658375915344,0.8313720550525303,0.8051189463220323,0.21052631578947367,0.3684210526315789,0.32,0.48,61.0,0.0,0.0,0.04082199452025622,22.0,0.0,0.0,0.688032079893174,0.0
gtzan/gtzan_metal_00087/track.npy,gtzan,1.0,0.8616069790658483,0.8616069790658483,0.8616069790658483,0.55,0.95,0.55,0.95,0.6779661016949152,0.5767337176636059,0.5767337176636059,0.5767337176636059,0.05128205128205128,0.10256410256410256,0.10256410256410256,0.2564102564102564,96.0,0.0,0.0,0.21416145928494376,50.0,0.0,0.0,1.2527629684953747,0.0
gtzan/gtzan_metal_00088/track.npy,gtzan,1.0,0.9238889822835535,0.9238889822835535,0.9238889822835535,1.0,1.0,1.0,1.0,0.7027027027027027,0.6249563835857925,0.8951615708370133,0.7600589772114029,0.041666666666666664,0.041666666666666664,0.8,0.92,58.0,0.0,0.0,0.039220713153284764,28.0,0.0,0.0,0.5319400297376613,0.0
gtzan/gtzan_metal_00089/track.npy,gtzan,0.9411764705882353,0.8231397219589464,0.8231397219589464,0.8231397219589464,0.6111111111111112,0.75,0.6111111111111112,0.75,0.3333333333333333,0.2655525194948017,0.2655525194948017,0.2655525194948017,0.0,0.0,0.0,0.0,44.0,0.0,0.0,0.6918484062397843,26.0,0.0,0.0,0.7039753524707614,0.0
gtzan/gtzan_metal_00090/track.npy,gtzan,0.9932885906040269,0.843822258884126,0.843822258884126,0.843822258884126,0.64,0.9733333333333334,0.64,0.9733333333333334,0.6440677966101694,0.5623365441799771,0.7755312325160139,0.6689338883479955,0.025,0.075,0.15,0.625,91.0,0.0,0.0,0.11778303565638507,47.0,0.0,0.0,0.7237351001232838,0.0
gtzan/gtzan_metal_00091/track.npy,gtzan,0.7286821705426356,0.5610635413811864,0.5610635413811864,0.5610635413811864,0.3333333333333333,0.3888888888888889,0.3333333333333333,0.3888888888888889,0.6666666666666666,0.5263298976148436,0.5492173636684308,0.5377736306416372,0.16,0.32,0.2222222222222222,0.37037037037037035,84.0,0.04819277108433735,0.25301204819277107,0.8622940764230962,33.0,0.0,0.03125,2.169980484694187,0.0
gtzan/gtzan_metal_00092/track.npy,gtzan,0.9137931034482759,0.8534815907106649,0.8534815907106649,0.8534815907106649,0.4745762711864407,0.8813559322033898,0.4745762711864407,0.8813559322033898,0.3,0.2546397071570833,0.3357465094822483,0.29519310831966583,0.038461538461538464,0.038461538461538464,0.3333333333333333,0.3333333333333333,69.0,0.0,0.0,0.19003309740894372,30.0,0.0,0.0,0.9000921643411898,0.0
gtzan/gtzan_metal_00093/track.npy,gtzan,0.9589041095890412,0.891887010719022,0.891887010719022,0.891887010719022,0.4594594594594595,0.918918918918919,0.4594594594594595,0.918918918918919,0.64,0.5730954862558175,0.8197953030817893,0.6964453946688034,0.09375,0.09375,0.22857142857142856,0.7142857142857143,89.0,0.0,0.022727272727272728,0.22655183121734787,38.0,0.0,0.0,0.7709779499071258,0.0
gtzan/gtzan_metal_00094/track.npy,gtzan,0.803030303030303,0.6181491063456814,0.6181491063456814,0.6181491063456814,0.21212121212121213,0.5757575757575758,0.21212121212121213,0.5757575757575758,0.4074074074074074,0.3186911476481677,0.4399388184158018,0.37931498303198474,0.02631578947368421,0.02631578947368421,0.18421052631578946,0.2894736842105263,81.0,0.0125,0.0375,0.7085622485426738,47.0,0.021739130434782608,0.021739130434782608,1.2242340699543948,0.0
gtzan/gtzan_metal_00095/track.npy,gtzan,1.0,0.7715521053322423,0.7715521053322423,0.7715521053322423,1.0,1.0,1.0,1.0,0.6666666666666666,0.5000675250088112,0.7617108574474053,0.6308891912281083,0.0,0.0,0.9375,0.9375,41.0,0.0,0.0,0.18318418986992457,19.0,0.0,0.0,0.028158187054708784,0.0
gtzan/gtzan_metal_00096/track.npy,gtzan,0.8450704225352113,0.7213616608775232,0.7213616608775232,0.7213616608775232,0.7027027027027027,0.7027027027027027,0.7027027027027027,0.7027027027027027,0.5384615384615384,0.4530521619206217,0.6687278055558519,0.5608899837382368,0.0,0.0,0.6842105263157895,0.6842105263157895,44.0,0.0,0.0,0.8374623456748989,23.0,0.0,0.0,1.6835458845878215,0.0
gtzan/gtzan_metal_00097/track.npy,gtzan,0.9577464788732395,0.8647245047548401,0.8647245047548401,0.8647245047548401,0.8108108108108109,0.8108108108108109,0.8108108108108109,0.8108108108108109,0.8181818181818181,0.7266564389700704,0.7266564389700704,0.7266564389700704,0.38461538461538464,0.46153846153846156,0.38461538461538464,0.46153846153846156,49.0,0.0,0.0,0.5140220198644936,17.0,0.0,0.0,2.020541077592811,0.0
gtzan/gtzan_metal_00098/track.npy,gtzan,1.0,0.9336817269893262,0.9336817269893262,0.9336817269893262,1.0,1.0,1.0,1.0,0.6956521739130436,0.6392251857715643,0.8707894610640036,0.7550073234177839,0.06666666666666667,0.06666666666666667,0.8666666666666667,0.8666666666666667,39.0,0.0,0.0,0.057122023976916216,18.0,0.0,0.0,0.21689121821221044,0.0
gtzan/gtzan_metal_00099/track.npy,gtzan,0.6666666666666667,0.6147489103621416,0.7790942798968461,0.6969215951294938,0.05263157894736842,0.08771929824561403,0.6271186440677966,0.7796610169491526,0.608695652173913,0.5539185488695184,0.854317573688752,0.7041180612791352,0.0,0.0,1.0,1.0,69.0,0.0,0.0,0.5671910268918605,18.0,0.0,0.0,0.02420844091332483,0.0
gtzan/gtzan_pop_00000/track.npy,gtzan,0.6666666666666666,0.6061978021320462,0.8918562072523326,0.7490270046921894,0.0,0.0,0.9821428571428571,0.9821428571428571,0.6363636363636364,0.6089877881997464,0.8544424822203098,0.7317151352100282,0.0,0.0,0.5333333333333333,0.8,67.0,0.0,0.0,0.06744128079553433,20.0,0.0,0.0,0.68375481980135,0.0
gtzan/gtzan_pop_00001/track.npy,gtzan,0.9887640449438202,0.9302375879507145,0.9302375879507145,0.9302375879507145,0.9777777777777777,0.9777777777777777,0.9777777777777777,0.9777777777777777,0.846153846153846,0.7981373638159859,0.7981373638159859,0.7981373638159859,0.26666666666666666,0.5333333333333333,0.26666666666666666,0.5333333333333333,54.0,0.0,0.0,0.035091319811275556,19.0,0.0,0.0,0.6887594699394946,0.0
gtzan/gtzan_pop_00002/track.npy,gtzan,0.9904761904761905,0.9707608997932379,0.9707608997932379,0.9707608997932379,0.9811320754716981,0.9811320754716981,0.9811320754716981,0.9811320754716981,0.7428571428571429,0.7268680676949132,0.8801616066276545,0.8035148371612839,0.22727272727272727,0.22727272727272727,0.64,0.64,64.0,0.0,0.0,0.04255961441880263,27.0,0.0,0.0,0.5503513863936839,0.0
gtzan/gtzan_pop_00003/track.npy,gtzan,0.9743589743589743,0.9084437978043829,0.9084437978043829,0.9084437978043829,0.9743589743589743,0.9743589743589743,0.9743589743589743,0.9743589743589743,0.9,0.8144679871335576,0.8144679871335576,0.8144679871335576,1.0,1.0,1.0,1.0,47.0,0.0,0.0,0.030771658666758007,12.0,0.0,0.0,0.02013477609498739,0.0
gtzan/gtzan_pop_00004/track.npy,gtzan,0.9850746268656716,0.9006850175550533,0.9006850175550533,0.9006850175550533,0.9705882352941176,0.9705882352941176,0.9705882352941176,0.9705882352941176,0.6666666666666666,0.6293721746486837,0.8662081697565894,0.7477901722026365,0.0,0.0,0.9375,0.9375,41.0,0.0,0.0,0.0566647699106054,20.0,0.0,0.0,0.04102922937425606,0.0
gtzan/gtzan_pop_00005/track.npy,gtzan,0.9859154929577464,0.8863573328958938,0.8863573328958938,0.8863573328958938,0.9722222222222222,0.9722222222222222,0.9722222222222222,0.9722222222222222,0.9,0.8121854374283697,0.8121854374283697,0.8121854374283697,0.5454545454545454,0.5454545454545454,0.5454545454545454,0.5454545454545454,44.0,0.0,0.0,0.37834888781659487,14.0,0.0,0.0,0.7203762071448659,0.0
gtzan/gtzan_pop_00006/track.npy,gtzan,0.9743589743589743,0.913708047653756,0.913708047653756,0.913708047653756,0.9743589743589743,0.9743589743589743,0.9743589743589743,0.9743589743589743,0.9,0.8311039324391765,0.8311039324391765,0.8311039324391765,1.0,1.0,1.0,1.0,47.0,0.0,0.0,0.030771658666758017,13.0,0.0,0.0,0.35829287676598137,0.0
gtzan/gtzan_pop_00007/track.npy,gtzan,0.6749999999999999,0.6232787212492952,0.9193116261961477,0.7712951737227214,0.0,0.0,1.0,1.0,0.5,0.4798213170974011,0.6854471933688965,0.5826342552331488,0.0,0.0,0.16666666666666666,0.3888888888888889,64.0,0.0,0.0,0.10307983026703932,23.0,0.0,0.0,0.7357067949787413,0.0
gtzan/gtzan_pop_00008/track.npy,gtzan,1.0,0.9573287065066732,0.9573287065066732,0.9573287065066732,1.0,1.0,1.0,1.0,0.6399999999999999,0.6194190318013687,0.9021846169270699,0.7608018243642193,0.0,0.0,0.8823529411764706,0.8823529411764706,42.0,0.0,0.0,0.028170876966698358,21.0,0.0,0.0,0.013986241974740982,0.0
gtzan/gtzan_pop_00009/track.npy,gtzan,0.9885057471264368,0.8887558925484538,0.8887558925484538,0.8887558925484538,0.9772727272727273,0.9772727272727273,0.9772727272727273,0.9772727272727273,0.9523809523809523,0.8498493389507316,0.8498493389507316,0.8498493389507316,0.9090909090909091,0.9090909090909091,0.9090909090909091,0.9090909090909091,53.0,0.0,0.0,0.035091319811275556,13.0,0.0,0.0,0.013177469666531494,0.0
gtzan/gtzan_pop_00010/track.npy,gtzan,0.9777777777777777,0.8934061063661697,0.8934061063661697,0.8934061063661697,0.9777777777777777,0.9777777777777777,0.9777777777777777,0.9777777777777777,0.6875000000000001,0.6332110476838659,0.8765181294981552,0.7548645885910106,0.047619047619047616,0.047619047619047616,0.9047619047619048,0.9047619047619048,54.0,0.0,0.0,0.0554582579266206,25.0,0.0,0.0,0.01681851413118239,0.0
gtzan/gtzan_pop_00011/track.npy,gtzan,0.2077922077922078,0.12940050144292675,0.198081561398904,0.1637410314209154,0.0,0.0,0.038461538461538464,0.07692307692307693,0.16666666666666666,0.08177798568963741,0.08588345899680057,0.08383072234321899,0.05555555555555555,0.05555555555555555,0.05555555555555555,0.05555555555555555,61.0,0.0,0.0,0.7233748026586366,23.0,0.0,0.0,1.6823869120802675,0.0
gtzan/gtzan_pop_00012/track.npy,gtzan,0.963855421686747,0.7809643114284809,0.7809643114284809,0.7809643114284809,0.9761904761904762,0.9761904761904762,0.9761904761904762,0.9761904761904762,0.4848484848484849,0.42171999136004235,0.4424870901646366,0.4321035407623395,0.05,0.05,0.05,0.05,50.0,0.0,0.0,0.1336048200464343,25.0,0.0,0.0,1.0339140347610118,0.0
gtzan/gtzan_pop_00013/track.npy,gtzan,0.7894736842105263,0.7378565849269121,0.7834765759587385,0.7606665804428253,0.2608695652173913,0.30434782608695654,0.4745762711864407,0.5254237288135594,0.6363636363636364,0.5804313987028732,0.8698495997919796,0.7251404992474264,0.0,0.0,0.8666666666666667,0.8666666666666667,55.0,0.0,0.0,0.6931471805599453,18.0,0.0,0.0,0.011976191046715823,0.0
gtzan/gtzan_pop_00014/track.npy,gtzan,0.9896907216494846,0.9632975935121842,0.9632975935121842,0.9632975935121842,0.9795918367346939,0.9795918367346939,0.9795918367346939,0.9795918367346939,0.6486486486486487,0.6255343225009808,0.9285827866708968,0.7770585545859388,0.0,0.0,0.92,0.92,59.0,0.0,0.0,0.07696104113612678,30.0,0.0,0.0,0.019418085857104597,0.0
gtzan/gtzan_pop_00015/track.npy,gtzan,1.0,0.9264714875041189,0.9264714875041189,0.9264714875041189,1.0,1.0,1.0,1.0,0.846153846153846,0.7910462191975722,0.7910462191975722,0.7910462191975722,0.2,0.5333333333333333,0.2,0.5333333333333333,52.0,0.0,0.0,0.017391742711875297,19.0,0.0,0.0,0.6974855821585416,0.0
gtzan/gtzan_pop_00016/track.npy,gtzan,0.9565217391304348,0.796234220681366,0.796234220681366,0.796234220681366,1.0,1.0,1.0,1.0,0.8275862068965517,0.6792961878431949,0.7252251646928932,0.7022606762680441,0.23529411764705882,0.4117647058823529,0.2608695652173913,0.43478260869565216,55.0,0.0,0.0,0.08223706347939626,19.0,0.0,0.0,0.7078516659994513,0.0
gtzan/gtzan_pop_00017/track.npy,gtzan,0.72,0.622155564921893,0.622155564921893,0.622155564921893,0.25925925925925924,0.5370370370370371,0.25925925925925924,0.5370370370370371,0.631578947368421,0.5342710552671331,0.5342710552671331,0.5342710552671331,0.19230769230769232,0.19230769230769232,0.19230769230769232,0.19230769230769232,64.0,0.0,0.015873015873015872,0.8008094316015975,29.0,0.0,0.0,1.5486260807950862,0.0
gtzan/gtzan_pop_00018/track.npy,gtzan,1.0,0.9777225975823811,0.9777225975823811,0.9777225975823811,1.0,1.0,1.0,1.0,0.6842105263157895,0.6712622744200608,0.978842833836294,0.8250525541281775,0.0,0.0,1.0,1.0,62.0,0.0,0.0,0.040821994520261584,30.0,0.0,0.0,0.020336714121417847,0.0
gtzan/gtzan_pop_00019/track.npy,gtzan,1.0,0.9262378812459559,0.9262378812459559,0.9262378812459559,1.0,1.0,1.0,1.0,0.6666666666666666,0.6106368926714351,0.8989698384700656,0.7548033655707503,0.0,0.0,0.95,0.95,47.0,0.0,0.0,0.030771658666754353,24.0,0.0,0.0,0.015504186535967662,0.0
gtzan/gtzan_pop_00020/track.npy,gtzan,1.0,0.9178077725530375,0.9178077725530375,0.9178077725530375,1.0,1.0,1.0,1.0,0.7096774193548387,0.6640741010938601,0.8202441828525051,0.7421591419731826,0.05,0.15,0.2857142857142857,0.7142857142857143,54.0,0.0,0.0,0.0618935054906181,24.0,0.0,0.0,0.7019692437832599,0.0
gtzan/gtzan_pop_00021/track.npy,gtzan,0.9767441860465116,0.920220279752885,0.920220279752885,0.920220279752885,0.9767441860465116,0.9767441860465116,0.9767441860465116,0.9767441860465116,0.7333333333333334,0.6878999207692721,0.8893296830452672,0.7886148019072696,0.15789473684210525,0.15789473684210525,0.7619047619047619,0.7619047619047619,51.0,0.0,0.0,0.03390155167568487,21.0,0.0,0.0,0.08444112454073588,0.0
gtzan/gtzan_pop_00022/track.npy,gtzan,1.0,0.8252773949723498,0.8252773949723498,0.8252773949723498,1.0,1.0,1.0,1.0,0.846153846153846,0.7000720932074487,0.7000720932074487,0.7000720932074487,0.2,0.5333333333333333,0.2,0.5333333333333333,53.0,0.0,0.0,0.03509131981127139,19.0,0.0,0.0,0.6992323181522948,0.0
gtzan/gtzan_pop_00023/track.npy,gtzan,1.0,0.9143128579271647,0.9143128579271647,0.9143128579271647,1.0,1.0,1.0,1.0,0.9166666666666666,0.8369363890621141,0.8369363890621141,0.8369363890621141,0.7692307692307693,0.7692307692307693,0.7692307692307693,0.7692307692307693,52.0,0.0,0.0,0.03390155167568665,15.0,0.0,0.0,0.28751553223955706,0.0
gtzan/gtzan_pop_00024/track.npy,gtzan,1.0,0.9190456089928134,0.9190456089928134,0.9190456089928134,1.0,1.0,1.0,1.0,1.0,0.9173301453069729,0.9173301453069729,0.9173301453069729,1.0,1.0,1.0,1.0,59.0,0.0,0.0,0.0392207131532815,16.0,0.0,0.0,0.6839400859837068,0.0
gtzan/gtzan_pop_00025/track.npy,gtzan,1.0,0.9794564897637918,0.9794564897637918,0.9794564897637918,1.0,1.0,1.0,1.0,0.6666666666666666,0.6495215857487582,0.9425240291235004,0.7960228074361293,0.0,0.0,0.9375,0.9375,38.0,0.0,0.0,4.440892098500626e-15,19.0,0.0,0.0,2.220446049250313e-15,0.0
gtzan/gtzan_pop_00026/track.npy,gtzan,0.96875,0.9148531715885045,0.9148531715885045,0.9148531715885045,0.96875,0.96875,0.96875,0.96875,0.6666666666666666,0.6199793990767729,0.8979896163206541,0.7589845076987135,0.0,0.0,0.9375,0.9375,39.0,0.0,0.0,0.02531780798429384,19.0,0.0,0.0,0.014000859616083711,0.0
gtzan/gtzan_pop_00027/track.npy,gtzan,0.9859154929577464,0.9535575485148478,0.9535575485148478,0.9535575485148478,0.9722222222222222,0.9722222222222222,0.9722222222222222,0.9722222222222222,0.7499999999999999,0.7155147122100805,0.836529422031421,0.7760220671207507,0.2,0.2,0.6470588235294118,0.6470588235294118,43.0,0.0,0.0,0.02817087696670073,18.0,0.0,0.0,0.6844118922435537,0.0
gtzan/gtzan_pop_00028/track.npy,gtzan,1.0,0.941725574352503,0.941725574352503,0.941725574352503,1.0,1.0,1.0,1.0,1.0,0.9474538128763197,0.9474538128763197,0.9474538128763197,1.0,1.0,1.0,1.0,51.0,0.0,0.0,0.033901551675685405,13.0,0.0,0.0,0.008403410796379684,0.0
gtzan/gtzan_pop_00029/track.npy,gtzan,1.0,0.8585022954960891,0.8585022954960891,0.8585022954960891,1.0,1.0,1.0,1.0,0.6399999999999999,0.5686095756444639,0.8322222026437216,0.7004158891440928,0.0,0.0,0.8823529411764706,0.8823529411764706,41.0,0.0,0.0,0.053345980705292576,20.0,0.0,0.0,0.013423020332140712,0.0
gtzan/gtzan_pop_00030/track.npy,gtzan,1.0,0.9415066147376132,0.9415066147376132,0.9415066147376132,1.0,1.0,1.0,1.0,1.0,0.9479072574487984,0.9479072574487984,0.9479072574487984,1.0,1.0,1.0,1.0,48.0,0.0,0.0,0.031748698314584545,12.0,0.0,0.0,0.010106177655796146,0.0
gtzan/gtzan_pop_00031/track.npy,gtzan,1.0,0.9269259225007745,0.9269259225007745,0.9269259225007745,1.0,1.0,1.0,1.0,1.0,0.9575710029627695,0.9575710029627695,0.9575710029627695,1.0,1.0,1.0,1.0,48.0,0.0,0.0,0.031748698314585266,12.0,0.0,0.0,0.007922433055855637,0.0
gtzan/gtzan_pop_00032/track.npy,gtzan,1.0,0.9207942275721395,0.9207942275721395,0.9207942275721395,1.0,1.0,1.0,1.0,0.6666666666666666,0.6188683882164658,0.8965653293767142,0.75771685879659,0.0,0.0,0.95,0.95,48.0,0.0,0.0,0.031748698314585266,23.0,0.0,0.0,0.031748698314582435,0.0
gtzan/gtzan_pop_00033/track.npy,gtzan,0.4814814814814815,0.4552373869247747,0.7827265951070137,0.6189819910158942,0.014925373134328358,0.014925373134328358,0.5679012345679012,0.6172839506172839,0.3636363636363636,0.3192575208585644,0.3192575208585644,0.3192575208585644,0.13636363636363635,0.3181818181818182,0.13636363636363635,0.3181818181818182,76.0,0.0,0.0,0.5406131317823887,24.0,0.0,0.0,2.0223907914464427,0.0
gtzan/gtzan_pop_00034/track.npy,gtzan,0.9873417721518987,0.8917830646984566,0.8917830646984566,0.8917830646984566,0.975,0.975,0.975,0.975,1.0,0.9532643181410915,0.9532643181410915,0.9532643181410915,1.0,1.0,1.0,1.0,48.0,0.0,0.0,0.03174869831458238,12.0,0.0,0.0,0.006203633095783446,0.0
gtzan/gtzan_pop_00035/track.npy,gtzan,1.0,0.8974879274280921,0.8974879274280921,0.8974879274280921,1.0,1.0,1.0,1.0,0.7857142857142858,0.7159767484643266,0.765818688133551,0.7408977182989388,0.17647058823529413,0.35294117647058826,0.19047619047619047,0.47619047619047616,54.0,0.0,0.0,0.03636764417087777,19.0,0.0,0.0,0.7030958939974304,0.0
gtzan/gtzan_pop_00036/track.npy,gtzan,1.0,0.9171267610790681,0.9171267610790681,0.9171267610790681,1.0,1.0,1.0,1.0,0.9523809523809523,0.8622043382258565,0.8622043382258565,0.8622043382258565,0.9090909090909091,0.9090909090909091,0.9090909090909091,0.9090909090909091,49.0,0.0,0.0,0.032789822822996084,13.0,0.0,0.0,0.3425249851636645,0.0
gtzan/gtzan_pop_00037/track.npy,gtzan,1.0,0.8801587653072108,0.8801587653072108,0.8801587653072108,1.0,1.0,1.0,1.0,0.88,0.7640961481433713,0.7640961481433713,0.7640961481433713,0.21428571428571427,0.5714285714285714,0.21428571428571427,0.5714285714285714,52.0,0.0,0.0,0.03509131981127186,17.0,0.0,0.0,0.7105389232718142,0.0
gtzan/gtzan_pop_00038/track.npy,gtzan,1.0,0.9161450194464558,0.9161450194464558,0.9161450194464558,1.0,1.0,1.0,1.0,0.6428571428571429,0.6038728097236444,0.8801412903671169,0.7420070500453806,0.0,0.0,0.8947368421052632,0.8947368421052632,47.0,0.0,0.0,0.030771658666753687,23.0,0.0,0.0,0.015504186535967662,0.0
gtzan/gtzan_pop_00039/track.npy,gtzan,1.0,0.8765146218280117,0.8765146218280117,0.8765146218280117,1.0,1.0,1.0,1.0,0.72,0.6198860682610804,0.8414822039061377,0.730684136083609,0.0625,0.0625,0.7647058823529411,0.8823529411764706,41.0,0.0,0.0,0.027398974188113878,18.0,0.0,0.0,0.7000676234045214,0.0
gtzan/gtzan_pop_00040/track.npy,gtzan,0.6585365853658536,0.6070647740274429,0.8978722354613388,0.7524685047443909,0.0,0.0,0.9636363636363636,0.9636363636363636,0.4615384615384615,0.4126552656100477,0.6546925065708933,0.5336738860904705,0.0,0.0,0.2,0.3,66.0,0.0,0.0,0.1251585000655517,23.0,0.0,0.0,1.3809610151445215,0.0
gtzan/gtzan_pop_00041/track.npy,gtzan,0.6176470588235294,0.5051916134517218,0.7064274418319172,0.6058095276418195,0.0,0.0,0.8222222222222222,0.9555555555555556,0.5555555555555556,0.43376573965313425,0.6477153967210022,0.5407405681870683,0.0,0.0,0.9166666666666666,0.9166666666666666,54.0,0.0,0.0,0.08510464262965256,14.0,0.0,0.0,0.01797406285387259,0.0
gtzan/gtzan_pop_00042/track.npy,gtzan,1.0,0.9206701251343807,0.9206701251343807,0.9206701251343807,1.0,1.0,1.0,1.0,1.0,0.9029939595991543,0.9029939595991543,0.9029939595991543,1.0,1.0,1.0,1.0,47.0,0.0,0.0,0.03077165866675302,12.0,0.0,0.0,0.00990980266990988,0.0
gtzan/gtzan_pop_00043/track.npy,gtzan,0.6666666666666666,0.506337962000621,0.7526564525045604,0.6294972072525906,0.0,0.0,0.9821428571428571,0.9821428571428571,0.9818181818181818,0.7768611298384481,0.7768611298384481,0.7768611298384481,0.9642857142857143,0.9642857142857143,0.9642857142857143,0.9642857142857143,67.0,0.0,0.0,0.044451762570840825,34.0,0.0,0.0,0.016035823352418804,0.0
gtzan/gtzan_pop_00044/track.npy,gtzan,0.98989898989899,0.9359680255410973,0.9359680255410973,0.9359680255410973,0.98,0.98,0.98,0.98,0.8275862068965517,0.7892343666131116,0.7892343666131116,0.7892343666131116,0.4117647058823529,0.47058823529411764,0.4117647058823529,0.47058823529411764,60.0,0.0,0.0,0.039220713153283904,20.0,0.0,0.0,0.6862652782113607,0.0
gtzan/gtzan_pop_00045/track.npy,gtzan,1.0,0.9499388500793519,0.9499388500793519,0.9499388500793519,1.0,1.0,1.0,1.0,0.8181818181818181,0.7801807299294334,0.7801807299294334,0.7801807299294334,0.15384615384615385,0.46153846153846156,0.15384615384615385,0.46153846153846156,44.0,0.0,0.0,0.028987536873251542,15.0,0.0,0.0,0.6946150721155312,0.0
gtzan/gtzan_pop_00046/track.npy,gtzan,1.0,0.9376986858064655,0.9376986858064655,0.9376986858064655,1.0,1.0,1.0,1.0,0.9,0.851705674469018,0.851705674469018,0.851705674469018,0.36363636363636365,0.6363636363636364,0.36363636363636365,0.6363636363636364,44.0,0.0,0.0,0.028987536873252322,13.0,0.0,0.0,0.7004732206520187,0.0
gtzan/gtzan_pop_00047/track.npy,gtzan,0.9782608695652174,0.7719547301970664,0.7719547301970664,0.7719547301970664,0.9782608695652174,0.9782608695652174,0.9782608695652174,0.9782608695652174,0.8148148148148148,0.6220637905283346,0.646841853964916,0.6344528222466252,0.1875,0.4375,0.2857142857142857,0.4375,56.0,0.0,0.0,0.0896897165959347,19.0,0.0,0.0,0.6949905115809284,0.0
gtzan/gtzan_pop_00048/track.npy,gtzan,0.9811320754716981,0.9525628442669436,0.9525628442669436,0.9525628442669436,0.9629629629629629,0.9629629629629629,0.9629629629629629,0.9629629629629629,0.8666666666666666,0.8323006046442055,0.8323006046442055,0.8323006046442055,0.23529411764705882,0.5882352941176471,0.23529411764705882,0.5882352941176471,65.0,0.0,0.0,0.04255961441879885,23.0,0.0,0.0,0.6984522327896387,0.0
gtzan/gtzan_pop_00049/track.npy,gtzan,0.6666666666666666,0.6320760945476767,0.9387159396758511,0.7853960171117639,0.0,0.0,0.98,0.98,0.6666666666666666,0.6308378157299778,0.9058240385525586,0.7683309271412682,0.0,0.0,0.9166666666666666,0.9166666666666666,60.0,0.0,0.0,0.05844208497600113,15.0,0.0,0.0,0.009804000096620368,0.0
gtzan/gtzan_pop_00050/track.npy,gtzan,0.6666666666666666,0.5853703137190286,0.8504865088480622,0.7179284112835453,0.0,0.0,0.9827586206896551,0.9827586206896551,0.6956521739130436,0.612550269466571,0.8804305634379508,0.7464904164522609,0.0,0.0,1.0,1.0,70.0,0.0,0.0,0.09097177820572473,18.0,0.0,0.0,0.02342728403357716,0.0
gtzan/gtzan_pop_00051/track.npy,gtzan,0.9574468085106383,0.7750596526810658,0.7750596526810658,0.7750596526810658,0.9583333333333334,0.9583333333333334,0.9583333333333334,0.9583333333333334,0.8461538461538461,0.6853831135935999,0.6853831135935999,0.6853831135935999,0.5714285714285714,0.5714285714285714,0.5714285714285714,0.5714285714285714,56.0,0.0,0.0,0.11332868530700313,17.0,0.0,0.0,0.6832646634778977,0.0
gtzan/gtzan_pop_00052/track.npy,gtzan,0.9772727272727273,0.890498547574585,0.890498547574585,0.890498547574585,0.9772727272727273,0.9772727272727273,0.9772727272727273,0.9772727272727273,0.6875000000000001,0.6251879775765233,0.8646810117186641,0.7449344946475938,0.047619047619047616,0.047619047619047616,0.47619047619047616,0.9047619047619048,52.0,0.0,0.0,0.009401938347617546,25.0,0.0,0.0,0.6246982687782614,0.0
gtzan/gtzan_pop_00053/track.npy,gtzan,0.22,0.16937471906738857,0.23577303663596752,0.20257387785167805,0.0,0.0,0.0273972602739726,0.0958904109589041,0.18181818181818182,0.1055503958401382,0.16440250105803728,0.13497644844908774,0.0,0.0,0.02631578947368421,0.02631578947368421,82.0,0.0,0.13580246913580246,1.1422091853675105,44.0,0.0,0.06976744186046512,1.6780929938313511,0.0
gtzan/gtzan_pop_00054/track.npy,gtzan,1.0,0.9183305449605386,0.9183305449605386,0.9183305449605386,1.0,1.0,1.0,1.0,0.8333333333333333,0.7789413763649429,0.7992904440970168,0.7891159102309798,0.2857142857142857,0.35714285714285715,0.3684210526315789,0.47368421052631576,49.0,0.0,0.0,0.04415404099887863,16.0,0.0,0.0,0.6945786753979788,0.0
gtzan/gtzan_pop_00055/track.npy,gtzan,0.9772727272727273,0.9045222504583624,0.9045222504583624,0.9045222504583624,0.9772727272727273,0.9772727272727273,0.9772727272727273,0.9772727272727273,0.6249999999999999,0.5916083781158915,0.8051989842808799,0.6984036811983857,0.047619047619047616,0.047619047619047616,0.7142857142857143,0.9047619047619048,53.0,0.0,0.0,0.035091319811275556,25.0,0.0,0.0,0.6386569531391855,0.0
gtzan/gtzan_pop_00056/track.npy,gtzan,1.0,0.9070670847192509,0.9070670847192509,0.9070670847192509,1.0,1.0,1.0,1.0,0.9090909090909091,0.8290118537265958,0.8290118537265958,0.8290118537265958,0.5,0.6666666666666666,0.5,0.6666666666666666,45.0,0.0,0.0,0.029852963149681104,14.0,0.0,0.0,0.6833291226496773,0.0
gtzan/gtzan_pop_00057/track.npy,gtzan,0.9772727272727273,0.927295270705866,0.927295270705866,0.927295270705866,1.0,1.0,1.0,1.0,0.6666666666666666,0.6313486207627236,0.9254559364342342,0.7784022785984789,0.0,0.0,0.9545454545454546,0.9545454545454546,52.0,0.0,0.0,0.03448617607116855,26.0,0.0,0.0,0.008583743691391282,0.0
gtzan/gtzan_pop_00058/track.npy,gtzan,0.9879518072289156,0.8342488627709612,0.8342488627709612,0.8342488627709612,0.9761904761904762,0.9761904761904762,0.9761904761904762,0.9761904761904762,1.0,0.8482550847329469,0.8482550847329469,0.8482550847329469,1.0,1.0,1.0,1.0,50.0,0.0,0.0,0.04390575883425027,12.0,0.0,0.0,0.004089985251524509,0.0
gtzan/gtzan_pop_00059/track.npy,gtzan,1.0,0.8976989035746799,0.8976989035746799,0.8976989035746799,1.0,1.0,1.0,1.0,0.9090909090909091,0.8300453615873832,0.8300453615873832,0.8300453615873832,0.5,0.6666666666666666,0.5,0.6666666666666666,45.0,0.0,0.0,0.029852963149685514,14.0,0.0,0.0,0.6964929208793277,0.0
gtzan/gtzan_pop_00060/track.npy,gtzan,0.926829268292683,0.820369913669097,0.820369913669097,0.820369913669097,0.9512195121951219,0.9512195121951219,0.9512195121951219,0.9512195121951219,0.8333333333333333,0.7009820183540386,0.7315317017630363,0.7162568600585375,0.2857142857142857,0.35714285714285715,0.3684210526315789,0.47368421052631576,49.0,0.0,0.0,0.04415404099887863,16.0,0.0,0.0,0.6945786753979788,0.0
gtzan/gtzan_pop_00061/track.npy,gtzan,1.0,0.9651848662208294,0.9651848662208294,0.9651848662208294,1.0,1.0,1.0,1.0,0.6666666666666666,0.6513949183174678,0.9443967119175016,0.7978958151174846,0.0,0.0,0.95,0.95,48.0,0.0,0.0,0.04363711934365591,24.0,0.0,0.0,0.016000341346443625,0.0
gtzan/gtzan_pop_00062/track.npy,gtzan,0.9565217391304348,0.6320292534012232,0.6320292534012232,0.6320292534012232,0.8611111111111112,0.8611111111111112,0.8611111111111112,0.8611111111111112,0.6399999999999999,0.40117274153212845,0.5242133178625475,0.462693029697338,0.058823529411764705,0.058823529411764705,0.7647058823529411,0.7647058823529411,43.0,0.0,0.0,0.08223809823697215,21.0,0.0,0.0,0.700550111556371,0.0
gtzan/gtzan_pop_00063/track.npy,gtzan,0.3893805309734513,0.31672917963549907,0.5240658972562685,0.4203975384458838,0.0,0.0,0.034482758620689655,0.08045977011494253,0.36363636363636365,0.32358124074449396,0.4847549055143368,0.4041680731294154,0.0,0.0,0.07692307692307693,0.38461538461538464,108.0,0.0,0.06542056074766354,0.7237636764501387,31.0,0.0,0.06666666666666667,2.170180243154716,0.0
gtzan/gtzan_pop_00064/track.npy,gtzan,0.8392857142857144,0.6983031492915569,0.6983031492915569,0.6983031492915569,0.3448275862068966,0.7068965517241379,0.3448275862068966,0.7068965517241379,0.4888888888888889,0.4591874177068002,0.5046631307019132,0.4819252742043567,0.03333333333333333,0.03333333333333333,0.36666666666666664,0.4,69.0,0.0,0.058823529411764705,0.6436868272695838,35.0,0.0,0.0,1.2160941783677912,0.0
gtzan/gtzan_pop_00065/track.npy,gtzan,0.6666666666666666,0.5980671257291819,0.8683519361365517,0.7332095309328668,0.0,0.0,0.9791666666666666,0.9791666666666666,0.5454545454545454,0.4961945753527305,0.7378126364339197,0.617003605893325,0.0,0.0,0.1875,0.4375,58.0,0.0,0.0,0.07696104113613333,18.0,0.0,0.0,1.3886867238739298,0.0
gtzan/gtzan_pop_00066/track.npy,gtzan,1.0,0.9730449681848121,0.9730449681848121,0.9730449681848121,1.0,1.0,1.0,1.0,0.8181818181818181,0.799372244560809,0.8507767571669541,0.8250745008638816,0.23076923076923078,0.3076923076923077,0.29411764705882354,0.5294117647058824,41.0,0.0,0.0,0.030065798896334393,17.0,0.0,0.0,0.6975881348052144,0.0
gtzan/gtzan_pop_00067/track.npy,gtzan,1.0,0.9301539227346857,0.9301539227346857,0.9301539227346857,1.0,1.0,1.0,1.0,0.6857142857142856,0.6328662162442664,0.9298404041158363,0.7813533101800514,0.0,0.0,1.0,1.0,57.0,0.0,0.0,0.03774032798285287,28.0,0.0,0.0,0.019048194970694092,0.0
gtzan/gtzan_pop_00068/track.npy,gtzan,0.6749999999999999,0.5706700702546111,0.8769939803048435,0.7238320252797273,0.0,0.0,1.0,1.0,0.4,0.33383808366943135,0.5277458867092941,0.43079198518936274,0.0,0.0,0.03571428571428571,0.07142857142857142,64.0,0.0,0.0,0.1659304418705596,35.0,0.0,0.0,1.1589526081152388,0.0
gtzan/gtzan_pop_00069/track.npy,gtzan,1.0,0.9389086310907907,0.9389086310907907,0.9389086310907907,1.0,1.0,1.0,1.0,1.0,0.9414081068698703,0.9414081068698703,0.9414081068698703,1.0,1.0,1.0,1.0,53.0,0.0,0.0,0.03509131981127328,13.0,0.0,0.0,0.004395611473038796,0.0
gtzan/gtzan_pop_00070/track.npy,gtzan,0.9904761904761905,0.9494333524431072,0.9494333524431072,0.9494333524431072,0.9811320754716981,0.9811320754716981,0.9811320754716981,0.9811320754716981,0.6666666666666666,0.6372686840174848,0.6372686840174848,0.6372686840174848,0.0,0.0,0.0,0.0,63.0,0.0,0.0,0.08338160893905688,32.0,0.0,0.0,1.177949910885516,0.0
gtzan/gtzan_pop_00071/track.npy,gtzan,1.0,0.9404329522763172,0.9404329522763172,0.9404329522763172,1.0,1.0,1.0,1.0,0.6857142857142856,0.6485666258368931,0.9528122219718942,0.8006894239043936,0.0,0.0,1.0,1.0,57.0,0.0,0.0,0.03774032798285287,28.0,0.0,0.0,0.019048194970694092,0.0
gtzan/gtzan_pop_00072/track.npy,gtzan,1.0,0.8619414575969846,0.8619414575969846,0.8619414575969846,1.0,1.0,1.0,1.0,0.6285714285714286,0.5305101292051453,0.8152389139841101,0.6728745215946277,0.0,0.0,0.9565217391304348,0.9565217391304348,58.0,0.0,0.0,0.07696104113613084,28.0,0.0,0.0,0.07228800788309037,0.0
gtzan/gtzan_pop_00073/track.npy,gtzan,1.0,0.939636002477177,0.939636002477177,0.939636002477177,1.0,1.0,1.0,1.0,0.787878787878788,0.7350628997821097,0.8304989084244874,0.7827809041032985,0.2,0.25,0.52,0.6,64.0,0.0,0.0,0.042559614418796854,26.0,0.0,0.0,0.6862265181849998,0.0
gtzan/gtzan_pop_00074/track.npy,gtzan,1.0,0.9340214727938166,0.9340214727938166,0.9340214727938166,1.0,1.0,1.0,1.0,0.6399999999999999,0.6179477814232286,0.9062393967921402,0.7620935891076843,0.0,0.0,0.8823529411764706,0.8823529411764706,42.0,0.0,0.0,0.029465694181876056,21.0,0.0,0.0,0.027437033180010128,0.0
gtzan/gtzan_pop_00075/track.npy,gtzan,1.0,0.9502490893740381,0.9502490893740381,0.9502490893740381,1.0,1.0,1.0,1.0,0.6896551724137931,0.6540227884730164,0.942641187671575,0.7983319880722957,0.0,0.0,1.0,1.0,47.0,0.0,0.0,0.031748698314585266,23.0,0.0,0.0,0.01574835696814164,0.0
gtzan/gtzan_pop_00076/track.npy,gtzan,0.4533333333333333,0.34032767806533054,0.34032767806533054,0.34032767806533054,0.0,0.0,0.057692307692307696,0.07692307692307693,0.15384615384615383,0.05748644118538645,0.14975657314674107,0.10362150716606376,0.0,0.0,0.05,0.05,67.0,0.0,0.0,0.6355777201217665,26.0,0.0,0.0,1.321162217313675,0.0
gtzan/gtzan_pop_00077/track.npy,gtzan,1.0,0.9770624005121556,0.9770624005121556,0.9770624005121556,1.0,1.0,1.0,1.0,0.9565217391304348,0.9335356965801268,0.9335356965801268,0.9335356965801268,0.5833333333333334,0.8333333333333334,0.5833333333333334,0.8333333333333334,56.0,0.0,0.0,0.05505977718302756,15.0,0.0,0.0,0.6968338426019148,0.0
gtzan/gtzan_pop_00078/track.npy,gtzan,1.0,0.9436669488334236,0.9436669488334236,0.9436669488334236,1.0,1.0,1.0,1.0,0.6875000000000001,0.6550007456768159,0.9046847916638586,0.7798427686703373,0.047619047619047616,0.047619047619047616,0.5714285714285714,0.9047619047619048,53.0,0.0,0.0,0.03509131981127406,26.0,0.0,0.0,0.5856818313616154,0.0
gtzan/gtzan_pop_00079/track.npy,gtzan,1.0,0.8653241044235522,0.8653241044235522,0.8653241044235522,1.0,1.0,1.0,1.0,0.6857142857142856,0.6051826909123514,0.8951879416134093,0.7501853162628804,0.0,0.0,1.0,1.0,56.0,0.0,0.0,0.07410797215372143,28.0,0.0,0.0,0.035414729817268946,0.0
gtzan/gtzan_pop_00080/track.npy,gtzan,1.0,0.7817612566655063,0.7817612566655063,0.7817612566655063,1.0,1.0,1.0,1.0,0.846153846153846,0.6135341442626087,0.6404797453618806,0.6270069448122446,0.2,0.4666666666666667,0.2857142857142857,0.4666666666666667,55.0,0.0,0.0,0.08979625741503569,18.0,0.0,0.0,0.6886019816637212,0.0
gtzan/gtzan_pop_00081/track.npy,gtzan,0.6741573033707865,0.6285711203855293,0.9138640532810531,0.7712175868332912,0.01694915254237288,0.01694915254237288,0.8305084745762712,0.9661016949152542,0.6956521739130436,0.6217424625364659,0.9282310677929395,0.7749867651647027,0.0,0.0,1.0,1.0,66.0,0.0,0.0,0.14577474280208458,18.0,0.0,0.0,0.03636764417087443,0.0
gtzan/gtzan_pop_00082/track.npy,gtzan,0.9906542056074767,0.9486303312216006,0.9486303312216006,0.9486303312216006,0.9814814814814815,0.9814814814814815,0.9814814814814815,0.9814814814814815,0.8387096774193548,0.8163547910681919,0.8163547910681919,0.8163547910681919,0.3333333333333333,0.4444444444444444,0.3333333333333333,0.4444444444444444,64.0,0.0,0.0,0.08338160893905291,21.0,0.0,0.0,0.6931471805599436,0.0
gtzan/gtzan_pop_00083/track.npy,gtzan,1.0,0.988183452067526,0.988183452067526,0.988183452067526,1.0,1.0,1.0,1.0,0.6666666666666666,0.6591399878098821,0.9695091453954283,0.8143245666026553,0.0,0.0,0.9615384615384616,0.9615384615384616,62.0,0.0,0.0,0.040821994520255145,31.0,0.0,0.0,0.020619287202737074,0.0
gtzan/gtzan_pop_00084/track.npy,gtzan,1.0,0.8674016897470956,0.8674016897470956,0.8674016897470956,1.0,1.0,1.0,1.0,0.9523809523809523,0.8284421798210598,0.8284421798210598,0.8284421798210598,0.45454545454545453,0.8181818181818182,0.45454545454545453,0.8181818181818182,50.0,0.0,0.0,0.03370375568284988,13.0,0.0,0.0,0.6869100934473572,0.0
gtzan/gtzan_pop_00085/track.npy,gtzan,1.0,0.9181446208307166,0.9181446208307166,0.9181446208307166,1.0,1.0,1.0,1.0,0.4375,0.40799205071770106,0.8077384937107311,0.6078652722142162,0.0,0.0,0.3157894736842105,0.52,60.0,0.0,0.0,0.043612208412843814,22.0,0.0,0.0,0.7037051349866474,0.0
gtzan/gtzan_pop_00086/track.npy,gtzan,1.0,0.9666233551990999,0.9666233551990999,0.9666233551990999,1.0,1.0,1.0,1.0,0.6666666666666666,0.6355850902647159,0.9430127387385645,0.7892989145016402,0.0,0.0,0.9642857142857143,0.9642857142857143,67.0,0.0,0.0,0.044451762570840825,34.0,0.0,0.0,0.03780201439717866,0.0
gtzan/gtzan_pop_00087/track.npy,gtzan,1.0,0.8013862857698855,0.8013862857698855,0.8013862857698855,1.0,1.0,1.0,1.0,1.0,0.7850079044163482,0.7850079044163482,0.7850079044163482,1.0,1.0,1.0,1.0,51.0,0.0,0.0,0.033901551675681985,13.0,0.0,0.0,0.016949558313773205,0.0
gtzan/gtzan_pop_00088/track.npy,gtzan,1.0,0.8918353681484879,0.8918353681484879,0.8918353681484879,1.0,1.0,1.0,1.0,0.9090909090909091,0.7909005903313395,0.7909005903313395,0.7909005903313395,0.75,0.75,0.75,0.75,50.0,0.0,0.0,0.03351244657723993,14.0,0.0,0.0,0.3164805728000557,0.0
gtzan/gtzan_pop_00089/track.npy,gtzan,1.0,0.9206836440003401,0.9206836440003401,0.9206836440003401,1.0,1.0,1.0,1.0,0.7857142857142858,0.7279827870609562,0.8227747631697172,0.7753787751153367,0.17647058823529413,0.29411764705882354,0.38095238095238093,0.5714285714285714,50.0,0.0,0.0,0.016807118316383818,19.0,0.0,0.0,0.6998629068312521,0.0
gtzan/gtzan_pop_00090/track.npy,gtzan,1.0,0.7974159909686714,0.7974159909686714,0.7974159909686714,1.0,1.0,1.0,1.0,1.0,0.7758983593222571,0.7758983593222571,0.7758983593222571,1.0,1.0,1.0,1.0,51.0,0.0,0.0,0.04381913284641265,13.0,0.0,0.0,0.01062485772266969,0.0
gtzan/gtzan_pop_00091/track.npy,gtzan,1.0,0.9366017888496746,0.9366017888496746,0.9366017888496746,1.0,1.0,1.0,1.0,0.6666666666666666,0.6424957425035035,0.9398421200689644,0.791168931286234,0.0,0.0,0.9583333333333334,0.9583333333333334,58.0,0.0,0.0,0.043139314080834934,28.0,0.0,0.0,0.531799522424745,0.0
gtzan/gtzan_pop_00092/track.npy,gtzan,1.0,0.914425087520403,0.914425087520403,0.914425087520403,1.0,1.0,1.0,1.0,0.846153846153846,0.8004645805811565,0.8004645805811565,0.8004645805811565,0.2,0.4666666666666667,0.2,0.4666666666666667,55.0,0.0,0.0,0.03636764417088045,19.0,0.0,0.0,0.6958807083056785,0.0
gtzan/gtzan_pop_00093/track.npy,gtzan,1.0,0.9736042029691786,0.9736042029691786,0.9736042029691786,1.0,1.0,1.0,1.0,0.717948717948718,0.7038067249664413,0.9046762880465888,0.804241506506515,0.08,0.12,0.4444444444444444,0.7777777777777778,67.0,0.0,0.0,0.044451762570840825,29.0,0.0,0.0,0.7088781796563863,0.0
gtzan/gtzan_pop_00094/track.npy,gtzan,0.9841269841269841,0.9040495367242181,0.9040495367242181,0.9040495367242181,0.6875,0.9375,0.6875,0.9375,0.6666666666666666,0.6350220352213458,0.8764142541522502,0.755718144686798,0.0,0.0,0.9375,0.9375,39.0,0.0,0.0,0.20893817012368435,19.0,0.0,0.0,0.025001302205416964,0.0
gtzan/gtzan_pop_00095/track.npy,gtzan,1.0,0.91147845867824,0.91147845867824,0.91147845867824,1.0,1.0,1.0,1.0,1.0,0.897473520573331,0.897473520573331,0.897473520573331,1.0,1.0,1.0,1.0,53.0,0.0,0.0,0.035091319811275556,14.0,0.0,0.0,0.015147791697982419,0.0
gtzan/gtzan_pop_00096/track.npy,gtzan,1.0,0.922682138574587,0.922682138574587,0.922682138574587,1.0,1.0,1.0,1.0,0.7407407407407407,0.678700557807398,0.8704980789360562,0.7745993183717271,0.11764705882352941,0.11764705882352941,0.6842105263157895,0.7894736842105263,46.0,0.0,0.0,0.045706170918670304,21.0,0.0,0.0,0.682255281549253,0.0
gtzan/gtzan_pop_00097/track.npy,gtzan,1.0,0.818239779883651,0.818239779883651,0.818239779883651,1.0,1.0,1.0,1.0,1.0,0.7569939646223014,0.7569939646223014,0.7569939646223014,1.0,1.0,1.0,1.0,50.0,0.0,0.0,0.032789822822996084,12.0,0.0,0.0,0.008249205028873819,0.0
gtzan/gtzan_pop_00098/track.npy,gtzan,0.9896907216494846,0.90020635169259,0.90020635169259,0.90020635169259,0.9795918367346939,0.9795918367346939,0.9795918367346939,0.9795918367346939,0.8275862068965517,0.7240530949707314,0.7240530949707314,0.7240530949707314,0.4117647058823529,0.4117647058823529,0.4117647058823529,0.4117647058823529,58.0,0.0,0.0,0.03774032798285287,22.0,0.0,0.0,0.0529271528594922,0.0
gtzan/gtzan_pop_00099/track.npy,gtzan,1.0,0.9239165941674344,0.9239165941674344,0.9239165941674344,1.0,1.0,1.0,1.0,0.6399999999999999,0.5976079821412207,0.879908537154732,0.7387582596479764,0.0,0.0,0.8823529411764706,0.8823529411764706,39.0,0.0,0.0,0.052643733485421784,20.0,0.0,0.0,0.015206038985123417,0.0
gtzan/gtzan_reggae_00000/track.npy,gtzan,1.0,0.9368506555202201,0.9368506555202201,0.9368506555202201,1.0,1.0,1.0,1.0,0.5945945945945945,0.5709968514103101,0.8765024432889733,0.7237496473496416,0.0,0.0,0.48,0.8,62.0,0.0,0.0,0.04082199452025792,30.0,0.0,0.0,0.7049029751760905,0.0
gtzan/gtzan_reggae_00001/track.npy,gtzan,0.6526315789473683,0.5939270510481232,0.8617518374917728,0.727839444269948,0.015873015873015872,0.015873015873015872,0.8253968253968254,0.9523809523809523,0.41025641025641024,0.3669893462390401,0.5746542955556617,0.4708218208973509,0.0,0.0,0.06451612903225806,0.0967741935483871,77.0,0.0,0.0,0.13728239372190942,39.0,0.0,0.0,0.7628671643647518,0.0
gtzan/gtzan_reggae_00002/track.npy,gtzan,0.6615384615384615,0.6201735786384848,0.9266954965512241,0.7734345375948544,0.0,0.0,0.9772727272727273,0.9772727272727273,0.9523809523809523,0.8864472994796725,0.8864472994796725,0.8864472994796725,0.5,0.8181818181818182,0.5,0.8181818181818182,53.0,0.0,0.0,0.035091319811275556,24.0,0.0,0.0,0.6511342490615823,0.0
gtzan/gtzan_reggae_00003/track.npy,gtzan,0.991869918699187,0.9077906457075193,0.9077906457075193,0.9077906457075193,0.9838709677419355,0.9838709677419355,0.9838709677419355,0.9838709677419355,0.0,1.245695478015922e-84,0.8752989861583929,0.4376494930791964,0.0,0.0,0.9333333333333333,0.9333333333333333,75.0,0.0,0.0,0.08562492760954334,20.0,0.0,0.0,0.6793178051459543,0.0
gtzan/gtzan_reggae_00004/track.npy,gtzan,0.9807692307692307,0.9184303396823785,0.9184303396823785,0.9184303396823785,0.9807692307692307,0.9807692307692307,0.9807692307692307,0.9807692307692307,0.4262295081967213,0.3995151581811765,0.6470390666917791,0.5232771124364778,0.0,0.0,0.020833333333333332,0.08333333333333333,63.0,0.0,0.0,0.04255961441879497,56.0,0.0,0.0,0.6931471805599478,0.0
gtzan/gtzan_reggae_00005/track.npy,gtzan,1.0,0.9732476478692996,0.9732476478692996,0.9732476478692996,1.0,1.0,1.0,1.0,0.5652173913043479,0.5464381590368802,0.891612972094457,0.7190255655656685,0.0,0.0,0.3870967741935484,0.8064516129032258,79.0,0.0,0.0,0.0577072950822891,36.0,0.0,0.0,0.7042500995404892,0.0
gtzan/gtzan_reggae_00006/track.npy,gtzan,0.9919999999999999,0.9700785916293939,0.9700785916293939,0.9700785916293939,0.9841269841269841,0.9841269841269841,0.9841269841269841,0.9841269841269841,0.6511627906976744,0.6429603882161566,0.9161865826005635,0.77957348540836,0.07407407407407407,0.1111111111111111,0.3548387096774194,0.7096774193548387,76.0,0.0,0.0,0.10008345855698074,33.0,0.0,0.0,0.6995166934486616,0.0
gtzan/gtzan_reggae_00007/track.npy,gtzan,0.9841269841269841,0.9372912440972271,0.9372912440972271,0.9372912440972271,0.96875,0.96875,0.96875,0.96875,0.7272727272727273,0.6955499462434853,0.9133790537929816,0.8044645000182334,0.03571428571428571,0.10714285714285714,0.41935483870967744,0.8064516129032258,77.0,0.0,0.0,0.1071928185389717,34.0,0.0,0.0,0.6803177463003526,0.0
gtzan/gtzan_reggae_00008/track.npy,gtzan,0.8531468531468532,0.7678383514468059,0.7678383514468059,0.7678383514468059,0.2839506172839506,0.5061728395061729,0.2839506172839506,0.5061728395061729,0.5384615384615384,0.49059255675515456,0.652960877028786,0.5717767168919703,0.12903225806451613,0.1935483870967742,0.12903225806451613,0.34146341463414637,78.0,0.0,0.0,0.40232303230336774,38.0,0.0,0.0,1.0883169584494308,0.0
gtzan/gtzan_reggae_00009/track.npy,gtzan,1.0,0.9352137225200554,0.9352137225200554,0.9352137225200554,1.0,1.0,1.0,1.0,0.6938775510204082,0.6583179099316516,0.9251648365245552,0.7917413732281033,0.03125,0.03125,0.7575757575757576,0.9393939393939394,80.0,0.0,0.0,0.11404975908092252,37.0,0.0,0.0,0.6924483262082056,0.0
gtzan/gtzan_reggae_00010/track.npy,gtzan,1.0,0.9287564832032967,0.9287564832032967,0.9287564832032967,1.0,1.0,1.0,1.0,0.8275862068965517,0.7955182540336857,0.7955182540336857,0.7955182540336857,0.29411764705882354,0.47058823529411764,0.29411764705882354,0.47058823529411764,58.0,0.0,0.0,0.07696104113613084,20.0,0.0,0.0,0.7136038365831169,0.0
gtzan/gtzan_reggae_00011/track.npy,gtzan,1.0,0.9054503740850809,0.9054503740850809,0.9054503740850809,1.0,1.0,1.0,1.0,0.2745098039215686,0.24543276233569425,0.3057911445707764,0.2756119534532353,0.0,0.0,0.0,0.0,63.0,0.0,0.0,0.04255961441879508,45.0,0.0,0.0,0.713153459771046,0.0
gtzan/gtzan_reggae_00012/track.npy,gtzan,0.6707317073170732,0.6186045059523947,0.9222821386383383,0.7704433222953665,0.0,0.0,1.0,1.0,0.28571428571428575,0.27889816614217905,0.7469585720280668,0.512928369085123,0.027777777777777776,0.027777777777777776,0.19444444444444445,0.4722222222222222,66.0,0.0,0.0,0.04445176257083293,40.0,0.0,0.0,0.7058363773263523,0.0
gtzan/gtzan_reggae_00013/track.npy,gtzan,0.9902912621359222,0.9321486555560761,0.9321486555560761,0.9321486555560761,0.9807692307692307,0.9807692307692307,0.9807692307692307,0.9807692307692307,0.5909090909090909,0.5494412048997747,0.8397237296955405,0.6945824672976576,0.0,0.0,0.25806451612903225,0.6451612903225806,63.0,0.0,0.0,0.041672696400567144,39.0,0.0,0.0,0.7179771496022498,0.0
gtzan/gtzan_reggae_00014/track.npy,gtzan,0.9908256880733944,0.7993450729840025,0.7993450729840025,0.7993450729840025,0.9818181818181818,0.9818181818181818,0.9818181818181818,0.9818181818181818,0.1935483870967742,0.17471591882737508,0.7814006974439341,0.47805830813565464,0.0,0.0,0.5294117647058824,0.6470588235294118,66.0,0.0,0.0,0.061525507352563,20.0,0.0,0.0,0.6964440165677634,0.0
gtzan/gtzan_reggae_00015/track.npy,gtzan,1.0,0.9516498939222158,0.9516498939222158,0.9516498939222158,1.0,1.0,1.0,1.0,0.0,4.317668263822186e-30,0.21844838924036064,0.10922419462018032,0.0,0.0,0.0,0.0,63.0,0.0,0.0,0.04255961441879885,28.0,0.0,0.0,1.1021704967564006,0.0
gtzan/gtzan_reggae_00016/track.npy,gtzan,0.983050847457627,0.9518287120321205,0.9518287120321205,0.9518287120321205,0.9666666666666667,0.9666666666666667,0.9666666666666667,0.9666666666666667,0.5217391304347825,0.5097334210963629,0.5097334210963629,0.5097334210963629,0.0,0.0,0.09375,0.125,72.0,0.0,0.0,0.06079523584391579,37.0,0.0,0.0,1.1764945313681576,0.0
gtzan/gtzan_reggae_00017/track.npy,gtzan,0.9904761904761905,0.8091749847301,0.8091749847301,0.8091749847301,0.9811320754716981,0.9811320754716981,0.9811320754716981,0.9811320754716981,0.0,5.7289693271175185e-27,0.44311809264880886,0.22155904632440443,0.0,0.0,0.0,0.0,64.0,0.0,0.0,0.06317890162153178,40.0,0.0,0.0,1.1271856611121625,0.0
gtzan/gtzan_reggae_00018/track.npy,gtzan,0.9922480620155039,0.9470580139944775,0.9470580139944775,0.9470580139944775,0.9846153846153847,0.9846153846153847,0.9846153846153847,0.9846153846153847,0.4,0.38012337461258394,0.7950060843100656,0.5875647294613248,0.0,0.0,0.3548387096774194,0.4838709677419355,79.0,0.0,0.0,0.10536051565782589,30.0,0.0,0.0,0.6886309888673761,0.0
gtzan/gtzan_reggae_00019/track.npy,gtzan,0.9917355371900827,0.9301604592091401,0.9301604592091401,0.9301604592091401,0.9836065573770492,0.9836065573770492,0.9836065573770492,0.9836065573770492,0.8823529411764706,0.8151421789585275,0.8151421789585275,0.8151421789585275,0.2631578947368421,0.631578947368421,0.2631578947368421,0.631578947368421,74.0,0.0,0.0,0.04879016416943971,24.0,0.0,0.0,0.7052685410922909,0.0
gtzan/gtzan_reggae_00020/track.npy,gtzan,0.9906542056074767,0.9301858542919211,0.9301858542919211,0.9301858542919211,0.9814814814814815,0.9814814814814815,0.9814814814814815,0.9814814814814815,0.65,0.605319271524374,0.9079170823280366,0.7566181769262053,0.0,0.0,0.9259259259259259,0.9259259259259259,65.0,0.0,0.0,0.04255961441880263,33.0,0.0,0.0,0.02150620522096696,0.0
gtzan/gtzan_reggae_00021/track.npy,gtzan,1.0,0.8134880434733134,0.8134880434733134,0.8134880434733134,0.8615384615384616,0.9846153846153847,0.8615384615384616,0.9846153846153847,0.358974358974359,0.2819497525144117,0.6468002282974297,0.4643749904059207,0.0,0.0,0.25806451612903225,0.45161290322580644,78.0,0.0,0.0,0.10008345855698147,26.0,0.0,0.0,0.7061939606175832,0.0
gtzan/gtzan_reggae_00022/track.npy,gtzan,0.991869918699187,0.9273535208580131,0.9273535208580131,0.9273535208580131,0.9838709677419355,0.9838709677419355,0.9838709677419355,0.9838709677419355,0.0,2.5010265213631055e-17,3.0138798127909907e-17,2.7574531670770482e-17,0.0,0.0,0.0,0.0,75.0,0.0,0.0,0.04879016416943971,38.0,0.0,0.0,0.02469261259037539,0.0
gtzan/gtzan_reggae_00023/track.npy,gtzan,1.0,0.9275735291170979,0.9275735291170979,0.9275735291170979,1.0,1.0,1.0,1.0,0.5405405405405405,0.5101289208037953,0.8671842373025233,0.6886565790531594,0.0,0.0,0.3333333333333333,0.7037037037037037,65.0,0.0,0.0,0.04426254775562981,29.0,0.0,0.0,0.7007148218328961,0.0
gtzan/gtzan_reggae_00024/track.npy,gtzan,0.9824561403508771,0.875765581685015,0.875765581685015,0.875765581685015,0.9655172413793104,0.9655172413793104,0.9655172413793104,0.9655172413793104,0.6511627906976745,0.5612444783990689,0.8555240044341657,0.7083842414166173,0.0,0.0,0.9310344827586207,0.9310344827586207,70.0,0.0,0.0,0.08327916085415504,35.0,0.0,0.0,0.04652001563489394,0.0
gtzan/gtzan_reggae_00025/track.npy,gtzan,0.98,0.8905705941290906,0.8905705941290906,0.8905705941290906,0.9607843137254902,0.9607843137254902,0.9607843137254902,0.9607843137254902,0.36363636363636365,0.34185922797131574,0.6884308461567941,0.5151450370640549,0.0,0.0,0.23809523809523808,0.43478260869565216,61.0,0.0,0.0,0.08037659780009274,26.0,0.0,0.0,0.6873480449848537,0.0
gtzan/gtzan_reggae_00026/track.npy,gtzan,0.9913043478260869,0.8854324207544212,0.8854324207544212,0.8854324207544212,0.9827586206896551,0.9827586206896551,0.9827586206896551,0.9827586206896551,0.6511627906976745,0.6242691784567282,0.9292603634603299,0.776764770958529,0.0,0.0,0.9310344827586207,0.9310344827586207,69.0,0.0,0.0,0.09097177820572677,35.0,0.0,0.0,0.046520015634893525,0.0
gtzan/gtzan_reggae_00027/track.npy,gtzan,0.9824561403508771,0.9054720116989102,0.9054720116989102,0.9054720116989102,0.9824561403508771,0.9824561403508771,0.9824561403508771,0.9824561403508771,0.6511627906976745,0.60006722565353,0.8608537392451775,0.7304604824493537,0.0,0.0,0.41379310344827586,0.8275862068965517,68.0,0.0,0.0,0.04520972120027755,37.0,0.0,0.0,0.715620036412003,0.0
gtzan/gtzan_reggae_00028/track.npy,gtzan,0.9843749999999999,0.9091125169779871,0.9091125169779871,0.9091125169779871,0.9538461538461539,0.9538461538461539,0.9538461538461539,0.9538461538461539,1.0,0.9801698066856063,0.9801698066856063,0.9801698066856063,1.0,1.0,1.0,1.0,76.0,0.0,0.0,0.1555763437129304,20.0,0.0,0.0,0.02597548640326014,0.0
gtzan/gtzan_reggae_00029/track.npy,gtzan,0.9919999999999999,0.9245888928384084,0.9245888928384084,0.9245888928384084,0.9841269841269841,0.9841269841269841,0.9841269841269841,0.9841269841269841,0.5161290322580645,0.4840365334161576,0.6393500696115133,0.5616933015138355,0.0,0.0,0.06521739130434782,0.17391304347826086,76.0,0.0,0.0,0.07476524934219819,55.0,0.0,0.0,1.0819704937680072,0.0
gtzan/gtzan_reggae_00030/track.npy,gtzan,1.0,0.9283297464324389,0.9283297464324389,0.9283297464324389,1.0,1.0,1.0,1.0,0.411764705882353,0.38692799845639053,0.5677406718149552,0.4773343351356729,0.0,0.0,0.018867924528301886,0.07547169811320754,76.0,0.0,0.0,0.100083458556985,64.0,0.0,0.0,0.7444404749474992,0.0
gtzan/gtzan_reggae_00031/track.npy,gtzan,0.9268292682926829,0.8061667601163993,0.8061667601163993,0.8061667601163993,0.6363636363636364,0.7272727272727273,0.6363636363636364,0.7272727272727273,0.9411764705882353,0.9048648036499914,0.9048648036499914,0.9048648036499914,0.4444444444444444,0.7777777777777778,0.4444444444444444,0.7777777777777778,68.0,0.0,0.0,0.5342176880460978,24.0,0.0,0.0,1.4046962846806588,0.0
gtzan/gtzan_reggae_00032/track.npy,gtzan,0.9841269841269841,0.9365038413683565,0.9365038413683565,0.9365038413683565,0.9841269841269841,0.9841269841269841,0.9841269841269841,0.9841269841269841,0.4761904761904763,0.45531499467826914,0.45531499467826914,0.45531499467826914,0.0,0.0,0.02127659574468085,0.02127659574468085,76.0,0.0,0.0,0.10008345855698246,60.0,0.0,0.0,1.0986122886681084,0.0
gtzan/gtzan_reggae_00033/track.npy,gtzan,0.9863013698630138,0.9526467035833758,0.9526467035833758,0.9526467035833758,0.972972972972973,0.972972972972973,0.972972972972973,0.972972972972973,0.5161290322580644,0.4988993877734007,0.4988993877734007,0.4988993877734007,0.0,0.0,0.0,0.0,45.0,0.0,0.0,0.028987536873256725,27.0,0.0,0.0,1.1160979923428636,0.0
gtzan/gtzan_reggae_00034/track.npy,gtzan,0.6722689075630253,0.6476831474049857,0.9634286817646677,0.8055559145848267,0.0,0.0,1.0,1.0,1.0,0.9581301402244794,0.9581301402244794,0.9581301402244794,1.0,1.0,1.0,1.0,48.0,0.0,0.0,0.031748698314585266,24.0,0.0,0.0,0.015748356968141503,0.0
gtzan/gtzan_reggae_00035/track.npy,gtzan,0.9927007299270074,0.8715060065205306,0.8715060065205306,0.8715060065205306,0.9855072463768116,0.9855072463768116,0.9855072463768116,0.9855072463768116,0.1111111111111111,0.10938953988433278,0.8236761549294762,0.4665328474069045,0.0,0.0,0.42105263157894735,0.7368421052631579,83.0,0.0,0.0,0.1112256351102221,23.0,0.0,0.0,0.6863674935745692,0.0
gtzan/gtzan_reggae_00036/track.npy,gtzan,0.6545454545454545,0.5821905139619529,0.8654183315593496,0.7238044227606513,0.0,0.0,0.972972972972973,0.972972972972973,0.8095238095238096,0.7014881886599456,0.7014881886599456,0.7014881886599456,0.125,0.4583333333333333,0.14285714285714285,0.4583333333333333,44.0,0.0,0.0,0.02898753687325417,28.0,0.0,0.0,0.7059013421191804,0.0
gtzan/gtzan_reggae_00037/track.npy,gtzan,0.984375,0.9570782314661057,0.9570782314661057,0.9570782314661057,0.984375,0.984375,0.984375,0.984375,0.06060606060606061,0.059928063309771656,0.9234738214356456,0.4917009423727086,0.0,0.0,0.8823529411764706,0.8823529411764706,77.0,0.0,0.0,0.051293294387558364,21.0,0.0,0.0,0.09273972505173042,0.0
gtzan/gtzan_reggae_00038/track.npy,gtzan,1.0,0.9639539529196547,0.9639539529196547,0.9639539529196547,1.0,1.0,1.0,1.0,0.6666666666666666,0.6453362793883549,0.9361173517302503,0.7907268155593026,0.0,0.0,0.95,0.95,48.0,0.0,0.0,0.06252035698133455,24.0,0.0,0.0,0.031748698314582435,0.0
gtzan/gtzan_reggae_00039/track.npy,gtzan,0.8392857142857143,0.6679730397239269,0.6679730397239269,0.6679730397239269,0.296875,0.484375,0.296875,0.484375,1.0,0.7327880664631182,0.7327880664631182,0.7327880664631182,1.0,1.0,1.0,1.0,61.0,0.0,0.0,0.6931471805599498,21.0,0.0,0.0,1.0799586527438045,0.0
gtzan/gtzan_reggae_00040/track.npy,gtzan,0.3584905660377359,0.3080839129658722,0.4279115295817563,0.36799772127381425,0.014925373134328358,0.04477611940298507,0.03896103896103896,0.18181818181818182,0.11538461538461539,0.10201379625937244,0.10201379625937244,0.10201379625937244,0.0,0.0,0.046511627906976744,0.09302325581395349,83.0,0.012195121951219513,0.07317073170731707,0.7884573603642766,52.0,0.0,0.0392156862745098,1.0662242138368185,0.0
gtzan/gtzan_reggae_00041/track.npy,gtzan,0.991869918699187,0.8921319911787282,0.8921319911787282,0.8921319911787282,0.9838709677419355,0.9838709677419355,0.9838709677419355,0.9838709677419355,0.6976744186046512,0.6240566887639031,0.8406637395117648,0.7323602141378339,0.07407407407407407,0.1111111111111111,0.3870967741935484,0.7419354838709677,74.0,0.0,0.0,0.09763846956391387,33.0,0.0,0.0,0.6655091625787216,0.0
gtzan/gtzan_reggae_00042/track.npy,gtzan,1.0,0.9347110183199618,0.9347110183199618,0.9347110183199618,1.0,1.0,1.0,1.0,0.30434782608695654,0.2880899735111166,0.6184003345843169,0.4532451540477167,0.0,0.0,0.06060606060606061,0.15151515151515152,61.0,0.0,0.0,0.08073957460514558,39.0,0.0,0.0,1.1429721589326083,0.0
gtzan/gtzan_reggae_00043/track.npy,gtzan,1.0,0.877279785535154,0.877279785535154,0.877279785535154,1.0,1.0,1.0,1.0,0.6037735849056604,0.551150838893634,0.8398887949537963,0.6955198169237151,0.0,0.0,0.21621621621621623,0.7027027027027027,78.0,0.0,0.0,0.05163090416202398,44.0,0.0,0.0,0.7062192621273,0.0
gtzan/gtzan_reggae_00044/track.npy,gtzan,0.6545454545454545,0.6297151126768293,0.9488857862253558,0.7893004494510926,0.0,0.0,0.972972972972973,0.972972972972973,0.3181818181818182,0.3023667611569382,0.7712167116463974,0.5367917364016678,0.0,0.0,0.14285714285714285,0.38461538461538464,44.0,0.0,0.0,0.028987536873252336,31.0,0.0,0.0,0.6931471805599463,0.0
gtzan/gtzan_reggae_00045/track.npy,gtzan,0.7522935779816513,0.6396325277753147,0.8228680409668165,0.7312502843710655,0.14705882352941177,0.20588235294117646,0.6341463414634146,0.6585365853658537,1.0,0.9202600568321306,0.9202600568321306,0.9202600568321306,1.0,1.0,1.0,1.0,54.0,0.0,0.0,0.3600964053892799,20.0,0.0,0.0,0.027028672387918912,0.0
gtzan/gtzan_reggae_00046/track.npy,gtzan,1.0,0.8033845677592174,0.8033845677592174,0.8033845677592174,1.0,1.0,1.0,1.0,0.409090909090909,0.3330970840883037,0.6586445682755062,0.4958708261819049,0.0,0.0,0.30303030303030304,0.5454545454545454,85.0,0.0,0.0,0.05715841383995235,32.0,0.0,0.0,0.714349388210548,0.0
gtzan/gtzan_reggae_00047/track.npy,gtzan,0.991869918699187,0.9125586961275125,0.9125586961275125,0.9125586961275125,0.9838709677419355,0.9838709677419355,0.9838709677419355,0.9838709677419355,0.0625,0.04717747512431195,0.8315614906967698,0.43936948291054084,0.0,0.0,0.4117647058823529,0.7647058823529411,74.0,0.0,0.0,0.04933927955178899,20.0,0.0,0.0,0.6792726312260212,0.0
gtzan/gtzan_reggae_00048/track.npy,gtzan,0.9863013698630136,0.8461486432834131,0.8461486432834131,0.8461486432834131,0.7123287671232876,0.9863013698630136,0.7123287671232876,0.9863013698630136,0.4,0.3514960744881576,0.7153251782554616,0.5334106263718096,0.0,0.0,0.2571428571428571,0.4857142857142857,88.0,0.0,0.0,0.11778303565639925,32.0,0.0,0.0,0.712339437428301,0.0
gtzan/gtzan_reggae_00049/track.npy,gtzan,0.9811320754716981,0.8260383824061236,0.8260383824061236,0.8260383824061236,0.9629629629629629,0.9629629629629629,0.9629629629629629,0.9629629629629629,0.5671641791044776,0.48432116321271,0.640074249089705,0.5621977061512076,0.020833333333333332,0.041666666666666664,0.10416666666666667,0.375,98.0,0.0,0.0,0.14337892751803338,59.0,0.0,0.0,1.125499417170111,0.0
gtzan/gtzan_reggae_00050/track.npy,gtzan,0.6666666666666666,0.6471703340558912,0.9707555010836666,0.8089629175697789,0.0,0.0,1.0,1.0,0.45454545454545453,0.4421561243762,0.7421499813081298,0.5921530528421649,0.0,0.0,0.05128205128205128,0.38461538461538464,47.0,0.0,0.0,0.05636602524798302,28.0,0.0,0.0,1.114570337503574,0.0
gtzan/gtzan_reggae_00051/track.npy,gtzan,1.0,0.9907335633773546,0.9907335633773546,0.9907335633773546,1.0,1.0,1.0,1.0,0.6666666666666666,0.6599391963271248,0.9734201798669057,0.8166796880970153,0.0,0.0,0.9615384615384616,0.9615384615384616,64.0,0.0,0.0,0.04255961441879497,32.0,0.0,0.0,0.021277398447284455,0.0
gtzan/gtzan_reggae_00052/track.npy,gtzan,1.0,0.8570648612608375,0.8570648612608375,0.8570648612608375,1.0,1.0,1.0,1.0,0.6666666666666666,0.5725045398408733,0.7890747165546745,0.6807896281977739,0.05,0.05,0.85,0.85,50.0,0.0,0.0,0.03370375568285162,24.0,0.0,0.0,0.6601566425453242,0.0
gtzan/gtzan_reggae_00053/track.npy,gtzan,1.0,0.9388206229863977,0.9388206229863977,0.9388206229863977,1.0,1.0,1.0,1.0,0.11764705882352941,0.10997900636645862,0.8508208005271866,0.4803999034468226,0.0,0.0,0.5,0.7777777777777778,77.0,0.0,0.0,0.10008345855697423,22.0,0.0,0.0,0.6802600068554882,0.0
gtzan/gtzan_reggae_00054/track.npy,gtzan,0.991869918699187,0.9056459790887657,0.9056459790887657,0.9056459790887657,0.9838709677419355,0.9838709677419355,0.9838709677419355,0.9838709677419355,0.06451612903225808,0.062122159128475345,0.8354243822588618,0.44877327069366857,0.0,0.0,0.625,0.8125,75.0,0.0,0.0,0.049278266731527944,21.0,0.0,0.0,0.7055697005585012,0.0
gtzan/gtzan_reggae_00055/track.npy,gtzan,0.8807339449541284,0.8578622330349408,0.8578622330349408,0.8578622330349408,0.8727272727272727,0.8727272727272727,0.8727272727272727,0.8727272727272727,0.6153846153846153,0.5922366460590305,0.7840347583027376,0.688135702180884,0.08,0.08,0.4074074074074074,0.7407407407407407,66.0,0.0,0.0,0.043485111939741236,30.0,0.0,0.0,0.6856200087326076,0.0
gtzan/gtzan_reggae_00056/track.npy,gtzan,1.0,0.91701605086491,0.91701605086491,0.91701605086491,1.0,1.0,1.0,1.0,0.5652173913043479,0.5311217030306292,0.826514382661645,0.6788180428461371,0.0,0.0,0.25806451612903225,0.8064516129032258,78.0,0.0,0.0,0.05264373348542142,35.0,0.0,0.0,0.7126917766329147,0.0
gtzan/gtzan_reggae_00057/track.npy,gtzan,0.888888888888889,0.7844958771720428,0.7844958771720428,0.7844958771720428,0.1875,0.575,0.1875,0.575,0.6,0.5315623549665967,0.6525247535427934,0.592043554254695,0.13333333333333333,0.2,0.13333333333333333,0.3076923076923077,77.0,0.0,0.0,0.7259370033829369,36.0,0.0,0.0,1.2422893191982685,0.0
gtzan/gtzan_reggae_00058/track.npy,gtzan,1.0,0.9191061643710364,0.9191061643710364,0.9191061643710364,1.0,1.0,1.0,1.0,0.6046511627906976,0.542098352208088,0.8090037563264969,0.6755510542672925,0.0,0.0,0.36666666666666664,0.7,62.0,0.0,0.0,0.04082199452025603,37.0,0.0,0.0,0.7137664677626794,0.0
gtzan/gtzan_reggae_00059/track.npy,gtzan,1.0,0.9580621243839251,0.9580621243839251,0.9580621243839251,1.0,1.0,1.0,1.0,0.7111111111111111,0.6923677196527568,0.9021450461515846,0.7972563829021707,0.06896551724137931,0.10344827586206896,0.45161290322580644,0.8064516129032258,77.0,0.0,0.0,0.10166657568723375,36.0,0.0,0.0,0.6802437757240388,0.0
gtzan/gtzan_reggae_00060/track.npy,gtzan,1.0,0.8967535458229349,0.8967535458229349,0.8967535458229349,1.0,1.0,1.0,1.0,0.7272727272727273,0.6753195670180421,0.792133974479858,0.7337267707489501,0.14285714285714285,0.19047619047619047,0.2608695652173913,0.6086956521739131,57.0,0.0,0.0,0.100715731455129,25.0,0.0,0.0,0.7208910953512029,0.0
gtzan/gtzan_reggae_00061/track.npy,gtzan,0.8351648351648352,0.7941954943215932,0.7941954943215932,0.7941954943215932,0.16981132075471697,0.4528301886792453,0.16981132075471697,0.4528301886792453,0.6428571428571429,0.6251034919714734,0.9229411259829716,0.7740223089772225,0.0,0.0,0.8947368421052632,0.8947368421052632,65.0,0.0,0.0,0.7247981749097454,23.0,0.0,0.0,0.02298951822469686,0.0
gtzan/gtzan_reggae_00062/track.npy,gtzan,1.0,0.9391320006756675,0.9391320006756675,0.9391320006756675,1.0,1.0,1.0,1.0,0.3684210526315789,0.3458421293197304,0.7753004672603064,0.5605712982900184,0.0,0.0,0.20689655172413793,0.4482758620689655,76.0,0.0,0.0,0.0857042124502542,28.0,0.0,0.0,0.7108018392053099,0.0
gtzan/gtzan_reggae_00063/track.npy,gtzan,0.9295774647887323,0.8720044401184632,0.8720044401184632,0.8720044401184632,0.5333333333333333,0.76,0.5333333333333333,0.76,0.7,0.6765825681003899,0.6765825681003899,0.6765825681003899,0.23809523809523808,0.3333333333333333,0.23809523809523808,0.3333333333333333,75.0,0.0,0.0,0.6234193053028085,26.0,0.0,0.0,1.1341405350133686,0.0
gtzan/gtzan_reggae_00064/track.npy,gtzan,0.6728971962616822,0.643227620182341,0.9559077133265342,0.7995676667544376,0.0,0.0,1.0,1.0,0.9142857142857143,0.8848860515399123,0.8848860515399123,0.8848860515399123,0.4444444444444444,0.8333333333333334,0.4444444444444444,0.8333333333333334,43.0,0.0,0.0,0.043172171865210274,18.0,0.0,0.0,0.7129649848095493,0.0
gtzan/gtzan_reggae_00065/track.npy,gtzan,0.6727272727272727,0.6376678032334735,0.9478845723740708,0.7927761878037721,0.0,0.0,1.0,1.0,0.9714285714285714,0.9356904504880873,0.9356904504880873,0.9356904504880873,0.8888888888888888,0.8888888888888888,0.8888888888888888,0.8888888888888888,44.0,0.0,0.0,0.029852963149680556,21.0,0.0,0.0,0.08191028453285845,0.0
gtzan/gtzan_reggae_00066/track.npy,gtzan,1.0,0.9667192248136927,0.9667192248136927,0.9667192248136927,1.0,1.0,1.0,1.0,0.6666666666666666,0.6496817554519705,0.9452833167837483,0.7974825361178595,0.0,0.0,0.9375,0.9375,40.0,0.0,0.0,0.052643733485422006,20.0,0.0,0.0,0.013245226750021488,0.0
gtzan/gtzan_reggae_00067/track.npy,gtzan,1.0,0.9531922776154615,0.9531922776154615,0.9531922776154615,1.0,1.0,1.0,1.0,0.5714285714285714,0.5533270312734971,0.8955947641073548,0.724460897690426,0.0,0.0,0.696969696969697,0.8181818181818182,84.0,0.0,0.0,0.11122563511022159,37.0,0.0,0.0,0.6973430531523692,0.0
gtzan/gtzan_reggae_00068/track.npy,gtzan,0.9824561403508771,0.9045137026848299,0.9045137026848299,0.9045137026848299,0.9824561403508771,0.9824561403508771,0.9824561403508771,0.9824561403508771,0.6222222222222223,0.5709948701160467,0.5709948701160467,0.5709948701160467,0.03333333333333333,0.03333333333333333,0.06666666666666667,0.1,69.0,0.0,0.0,0.13353139262452784,38.0,0.0,0.0,1.1904408863941958,0.0
gtzan/gtzan_reggae_00069/track.npy,gtzan,0.991869918699187,0.9170610250207847,0.9170610250207847,0.9170610250207847,0.9838709677419355,0.9838709677419355,0.9838709677419355,0.9838709677419355,0.6363636363636364,0.5955839877586343,0.8732844314623944,0.7344342096105143,0.034482758620689655,0.034482758620689655,0.6896551724137931,0.8620689655172413,74.0,0.0,0.0,0.09873871461079377,34.0,0.0,0.0,0.6614302119495389,0.0
gtzan/gtzan_reggae_00070/track.npy,gtzan,0.706896551724138,0.6495952159624516,0.8615246828062764,0.755559949384364,0.08108108108108109,0.12162162162162163,0.42857142857142855,0.7619047619047619,0.9142857142857143,0.8720841828519652,0.8720841828519652,0.8720841828519652,0.5789473684210527,0.6842105263157895,0.5789473684210527,0.6842105263157895,49.0,0.0,0.0,0.23638877806423925,18.0,0.0,0.0,0.7225610657662392,0.0
gtzan/gtzan_reggae_00071/track.npy,gtzan,0.7446808510638298,0.7057392792169161,0.841136770249188,0.7734380247330521,0.1896551724137931,0.1896551724137931,0.6666666666666666,0.6666666666666666,1.0,0.9644637428229489,0.9644637428229489,0.9644637428229489,1.0,1.0,1.0,1.0,42.0,0.0,0.0,0.05937813554306494,17.0,0.0,0.0,0.025026778802425546,0.0
gtzan/gtzan_reggae_00072/track.npy,gtzan,1.0,0.946300072801286,0.946300072801286,0.946300072801286,1.0,1.0,1.0,1.0,0.72,0.7002764842692207,0.9462343793733006,0.8232554318212606,0.0625,0.0625,0.7058823529411765,0.8823529411764706,42.0,0.0,0.0,0.02817087696670073,20.0,0.0,0.0,0.6861785112438515,0.0
gtzan/gtzan_reggae_00073/track.npy,gtzan,1.0,0.873453696196119,0.873453696196119,0.873453696196119,1.0,1.0,1.0,1.0,0.6399999999999999,0.5816621273652047,0.8395659485504056,0.7106140379578052,0.0,0.0,0.8823529411764706,0.8823529411764706,42.0,0.0,0.0,0.028170876966698358,21.0,0.0,0.0,0.015404705473937528,0.0
gtzan/gtzan_reggae_00074/track.npy,gtzan,0.9859154929577464,0.8213246750765627,0.8213246750765627,0.8213246750765627,0.9722222222222222,0.9722222222222222,0.9722222222222222,0.9722222222222222,0.6399999999999999,0.5284972653530003,0.7693690870000824,0.6489331761765413,0.0,0.0,0.8823529411764706,0.8823529411764706,43.0,0.0,0.0,0.028170876966698233,21.0,0.0,0.0,0.01398624197474213,0.0
gtzan/gtzan_reggae_00075/track.npy,gtzan,0.9917355371900827,0.7803683969223056,0.7803683969223056,0.7803683969223056,0.9836065573770492,0.9836065573770492,0.9836065573770492,0.9836065573770492,0.3243243243243243,0.25165148171362756,0.6154008589996461,0.4335261703566369,0.0,0.0,0.18181818181818182,0.4090909090909091,73.0,0.0,0.0,0.09531017980432716,25.0,0.0,0.0,0.7175386336841059,0.0
gtzan/gtzan_reggae_00076/track.npy,gtzan,1.0,0.8445995863631526,0.8445995863631526,0.8445995863631526,1.0,1.0,1.0,1.0,0.6399999999999999,0.5359063597662587,0.7489562921611802,0.6424313259637194,0.0,0.0,0.8823529411764706,0.8823529411764706,40.0,0.0,0.0,0.026668247082161936,20.0,0.0,0.0,0.026317308317372834,0.0
gtzan/gtzan_reggae_00077/track.npy,gtzan,0.991869918699187,0.9546709215626478,0.9546709215626478,0.9546709215626478,0.9838709677419355,0.9838709677419355,0.9838709677419355,0.9838709677419355,0.5306122448979592,0.5184130873956176,0.8066746503684531,0.6625438688820353,0.029411764705882353,0.029411764705882353,0.14705882352941177,0.5294117647058824,75.0,0.0,0.0,0.10949565752106383,44.0,0.0,0.0,0.7178397931503205,0.0
gtzan/gtzan_reggae_00078/track.npy,gtzan,1.0,0.9075467564779559,0.9075467564779559,0.9075467564779559,1.0,1.0,1.0,1.0,0.6956521739130436,0.6423594473666325,0.8714608274303896,0.756910137398511,0.1,0.1,0.8387096774193549,0.8387096774193549,78.0,0.0,0.0,0.11680207448880092,35.0,0.0,0.0,0.6852000445099334,0.0
gtzan/gtzan_reggae_00079/track.npy,gtzan,1.0,0.9321615324013766,0.9321615324013766,0.9321615324013766,1.0,1.0,1.0,1.0,0.6956521739130436,0.6323258279721462,0.8981624022831862,0.7652441151276662,0.03333333333333333,0.03333333333333333,0.4838709677419355,0.9354838709677419,77.0,0.0,0.0,0.058701078164666874,35.0,0.0,0.0,0.699512535945503,0.0
gtzan/gtzan_reggae_00080/track.npy,gtzan,1.0,0.9440636101340181,0.9440636101340181,0.9440636101340181,1.0,1.0,1.0,1.0,0.9090909090909091,0.854313702637701,0.854313702637701,0.854313702637701,0.3333333333333333,0.6666666666666666,0.3333333333333333,0.6666666666666666,50.0,0.0,0.0,0.03370375568284923,14.0,0.0,0.0,0.6931471805599464,0.0
gtzan/gtzan_reggae_00081/track.npy,gtzan,1.0,0.9328499106987691,0.9328499106987691,0.9328499106987691,1.0,1.0,1.0,1.0,0.8695652173913044,0.7994273634628115,0.7994273634628115,0.7994273634628115,0.3076923076923077,0.5384615384615384,0.3157894736842105,0.5384615384615384,51.0,0.0,0.0,0.02639674102034406,16.0,0.0,0.0,0.6988014388136493,0.0
gtzan/gtzan_reggae_00082/track.npy,gtzan,1.0,0.9328499106987691,0.9328499106987691,0.9328499106987691,1.0,1.0,1.0,1.0,0.8695652173913044,0.7994273634628115,0.7994273634628115,0.7994273634628115,0.3076923076923077,0.5384615384615384,0.3157894736842105,0.5384615384615384,51.0,0.0,0.0,0.02639674102034406,16.0,0.0,0.0,0.6988014388136493,0.0
gtzan/gtzan_reggae_00083/track.npy,gtzan,0.5783132530120482,0.49211300871767427,0.7234226114095346,0.6077678100636044,0.0,0.0,0.5636363636363636,0.9454545454545454,0.5,0.3911737151193559,0.5967976444493022,0.49398567978432906,0.0,0.0,0.9230769230769231,0.9230769230769231,67.0,0.0,0.0,0.21357410029805984,19.0,0.0,0.0,1.5168109653407085,0.0
gtzan/gtzan_reggae_00084/track.npy,gtzan,1.0,0.9391892524286932,0.9391892524286932,0.9391892524286932,1.0,1.0,1.0,1.0,0.060606060606060615,0.0520989553698496,0.06140234025732274,0.05675064781358617,0.0,0.0,0.0,0.0,50.0,0.0,0.0,0.03390155167568665,26.0,0.0,0.0,0.5942603362273026,0.0
gtzan/gtzan_reggae_00085/track.npy,gtzan,1.0,0.9225966418862532,0.9225966418862532,0.9225966418862532,1.0,1.0,1.0,1.0,0.6666666666666666,0.6053392349408334,0.8771794313367834,0.7412593331388084,0.027777777777777776,0.027777777777777776,0.9166666666666666,0.9166666666666666,88.0,0.0,0.0,0.07812816602678524,46.0,0.0,0.0,0.7055561600679225,0.0
gtzan/gtzan_reggae_00087/track.npy,gtzan,1.0,0.9192687835186624,0.9192687835186624,0.9192687835186624,1.0,1.0,1.0,1.0,1.0,0.9593765009062408,0.9593765009062408,0.9593765009062408,1.0,1.0,1.0,1.0,42.0,0.0,0.0,0.05556985115481037,10.0,0.0,0.0,0.003466207976486435,0.0
gtzan/gtzan_reggae_00088/track.npy,gtzan,1.0,0.9356299643413897,0.9356299643413897,0.9356299643413897,1.0,1.0,1.0,1.0,0.7333333333333334,0.6917459268412205,0.8490616082740443,0.7704037675576324,0.21052631578947367,0.21052631578947367,0.6666666666666666,0.6666666666666666,54.0,0.0,0.0,0.04433245386560626,21.0,0.0,0.0,0.08598081196719012,0.0
gtzan/gtzan_reggae_00089/track.npy,gtzan,0.9919999999999999,0.8656556810466373,0.8656556810466373,0.8656556810466373,0.9841269841269841,0.9841269841269841,0.9841269841269841,0.9841269841269841,0.0,1.404734746285933e-82,0.8673717947575331,0.43368589737876656,0.0,0.0,0.875,0.875,76.0,0.0,0.0,0.10008345855698919,19.0,0.0,0.0,0.025001302205418074,0.0
gtzan/gtzan_reggae_00090/track.npy,gtzan,1.0,0.8766977448539164,0.8766977448539164,0.8766977448539164,1.0,1.0,1.0,1.0,0.06060606060606061,0.046599154541260186,0.8220359021526563,0.43431752834695825,0.0,0.0,0.8823529411764706,0.8823529411764706,77.0,0.0,0.0,0.051293294387558364,20.0,0.0,0.0,0.11114229999687056,0.0
gtzan/gtzan_reggae_00091/track.npy,gtzan,1.0,0.9187042154000943,0.9187042154000943,0.9187042154000943,1.0,1.0,1.0,1.0,0.28571428571428575,0.2759712380674239,0.7840341439246064,0.5300026909960152,0.0,0.0,0.3,0.5,73.0,0.0,0.0,0.09763846956391714,23.0,0.0,0.0,0.7112745651525026,0.0
gtzan/gtzan_reggae_00092/track.npy,gtzan,1.0,0.8210584833492087,0.8210584833492087,0.8210584833492087,0.9836065573770492,0.9836065573770492,0.9836065573770492,0.9836065573770492,0.2777777777777778,0.19926698145399735,0.7129237408229988,0.4560953611384981,0.0,0.0,0.3,0.55,73.0,0.0,0.0,0.09531017980431444,24.0,0.0,0.0,0.7178247351770056,0.0
gtzan/gtzan_reggae_00093/track.npy,gtzan,0.9932885906040269,0.8970082292117492,0.8970082292117492,0.8970082292117492,0.9733333333333334,0.9733333333333334,0.9733333333333334,0.9733333333333334,0.6909090909090909,0.6401533283812739,0.8927129328411935,0.7664331306112337,0.027777777777777776,0.05555555555555555,0.7837837837837838,0.8918918918918919,89.0,0.0,0.0,0.16296000045268016,43.0,0.0,0.0,0.7008100533055184,0.0
gtzan/gtzan_reggae_00094/track.npy,gtzan,1.0,0.9528287502337667,0.9528287502337667,0.9528287502337667,1.0,1.0,1.0,1.0,0.6842105263157895,0.6557188111436695,0.9194439196638085,0.7875813654037389,0.04,0.04,0.52,0.92,64.0,0.0,0.0,0.06311372672635465,31.0,0.0,0.0,0.44020688244938955,0.0
gtzan/gtzan_reggae_00095/track.npy,gtzan,1.0,0.9666870200923255,0.9666870200923255,0.9666870200923255,1.0,1.0,1.0,1.0,0.5128205128205128,0.4952611094088742,0.722416706708358,0.6088389080586161,0.0,0.0,0.6923076923076923,0.6923076923076923,63.0,0.0,0.0,0.04167269640056892,29.0,0.0,0.0,0.02772594722754878,0.0
gtzan/gtzan_reggae_00096/track.npy,gtzan,1.0,0.9460434331859573,0.9460434331859573,0.9460434331859573,1.0,1.0,1.0,1.0,0.5538461538461539,0.5274693889786098,0.7694897100432901,0.64847954951095,0.02127659574468085,0.0425531914893617,0.14893617021276595,0.3829787234042553,89.0,0.0,0.0,0.11778303565638304,55.0,0.0,0.0,0.7353088071763341,0.0
gtzan/gtzan_reggae_00097/track.npy,gtzan,0.4651162790697674,0.4223677146172377,0.4223677146172377,0.4223677146172377,0.0,0.0,0.015625,0.015625,0.3125,0.29338063488224303,0.44071978735793627,0.3670502111200896,0.0,0.0,0.0,0.0,78.0,0.0,0.0,0.2845326103735484,32.0,0.0,0.0,1.0627196501738,0.0
gtzan/gtzan_reggae_00098/track.npy,gtzan,0.6666666666666666,0.5756148155668313,0.8634217480800317,0.7195182818234315,0.0,0.0,1.0,1.0,0.9803921568627451,0.848545040136159,0.848545040136159,0.848545040136159,0.9230769230769231,0.9230769230769231,0.9230769230769231,0.9230769230769231,61.0,0.0,0.0,0.04280225724987332,32.0,0.0,0.0,0.03615874035425867,0.0
gtzan/gtzan_reggae_00099/track.npy,gtzan,0.7777777777777778,0.6909615159157024,0.779187992973141,0.7350747544444217,0.10204081632653061,0.23469387755102042,0.5625,0.5625,0.21052631578947367,0.18259121156156866,0.738325339010376,0.46045827528597233,0.03125,0.03125,0.53125,0.5625,74.0,0.0,0.0136986301369863,0.29779485758521074,37.0,0.0,0.0,0.82944947293696,0.0
gtzan/gtzan_rock_00000/track.npy,gtzan,0.8235294117647058,0.7465613687165138,0.7465613687165138,0.7465613687165138,0.803921568627451,0.8431372549019608,0.803921568627451,0.8431372549019608,0.6451612903225806,0.595792273450791,0.595792273450791,0.595792273450791,0.16666666666666666,0.3888888888888889,0.2,0.44,61.0,0.0,0.0,0.16174372378214932,23.0,0.0,0.0,0.6931471805599435,0.0
gtzan/gtzan_rock_00001/track.npy,gtzan,0.911764705882353,0.6360518649723863,0.6360518649723863,0.6360518649723863,0.4864864864864865,0.7027027027027027,0.4864864864864865,0.7027027027027027,0.6399999999999999,0.41878240689665136,0.6070782911941133,0.5129303490453823,0.0,0.0,0.8235294117647058,0.8235294117647058,44.0,0.0,0.0,0.6443570163905101,20.0,0.0,0.0,1.0910876180354105,0.0
gtzan/gtzan_rock_00002/track.npy,gtzan,1.0,0.9210718459666286,0.9210718459666286,0.9210718459666286,1.0,1.0,1.0,1.0,1.0,0.9486167704182681,0.9486167704182681,0.9486167704182681,1.0,1.0,1.0,1.0,53.0,0.0,0.0,0.04363853649092142,13.0,0.0,0.0,0.023787299103361137,0.0
gtzan/gtzan_rock_00003/track.npy,gtzan,1.0,0.8954961476121284,0.8954961476121284,0.8954961476121284,1.0,1.0,1.0,1.0,0.6666666666666666,0.584441315391452,0.864332586317756,0.724386950854604,0.0,0.0,0.95,0.95,48.0,0.0,0.0,0.06252035698133257,24.0,0.0,0.0,0.03174869831457963,0.0
gtzan/gtzan_rock_00004/track.npy,gtzan,1.0,0.7365981567981872,0.7365981567981872,0.7365981567981872,1.0,1.0,1.0,1.0,0.6923076923076924,0.446327360482923,0.6801165778178783,0.5632219691504006,0.0,0.0,1.0,1.0,39.0,0.0,0.0,0.06722312520399956,20.0,0.0,0.0,0.027962270415763466,0.0
gtzan/gtzan_rock_00005/track.npy,gtzan,0.48484848484848475,0.3864305839511232,0.6741845485578124,0.5303075662544678,0.1206896551724138,0.1206896551724138,0.2345679012345679,0.38271604938271603,0.2,0.1391902780970729,0.1489554818912442,0.14407287999415855,0.1,0.1,0.2,0.2,75.0,0.0,0.0,0.6931471805599417,25.0,0.0,0.0,1.2685675665438,0.0
gtzan/gtzan_rock_00006/track.npy,gtzan,0.638888888888889,0.5583280184613916,0.7275620678605708,0.6429450431609811,0.0,0.0,0.7291666666666666,0.9166666666666666,0.5,0.3852930968450968,0.6252116303742562,0.5052523636096765,0.0,0.0,0.7142857142857143,0.7142857142857143,58.0,0.0,0.0,0.2290726829685401,17.0,0.0,0.0,0.2338430698829058,0.0
gtzan/gtzan_rock_00007/track.npy,gtzan,1.0,0.82875087321301,0.82875087321301,0.82875087321301,1.0,1.0,1.0,1.0,0.6896551724137931,0.5966068232214933,0.866748448220497,0.7316776357209951,0.0,0.0,1.0,1.0,45.0,0.0,0.0,0.029852963149680556,23.0,0.0,0.0,0.015037877364540209,0.0
gtzan/gtzan_rock_00008/track.npy,gtzan,0.8648648648648649,0.7187626713088148,0.7187626713088148,0.7187626713088148,0.5405405405405406,0.972972972972973,0.5405405405405406,0.972972972972973,0.5161290322580645,0.4057737466913989,0.6198108937613316,0.5127923202263652,0.0,0.0,0.42857142857142855,0.8095238095238095,45.0,0.0,0.0,0.12552789034510742,25.0,0.0,0.0,0.7200148473946607,0.0
gtzan/gtzan_rock_00009/track.npy,gtzan,1.0,0.8627876981784574,0.8627876981784574,0.8627876981784574,1.0,1.0,1.0,1.0,0.6666666666666666,0.5487298557871942,0.796576217972401,0.6726530368797976,0.0,0.0,0.9375,0.9375,38.0,0.0,0.0,0.050010420574660236,19.0,0.0,0.0,0.025001302205416742,0.0
gtzan/gtzan_rock_00010/track.npy,gtzan,0.8947368421052632,0.7608029190375791,0.7608029190375791,0.7608029190375791,0.5853658536585366,0.6829268292682927,0.5853658536585366,0.6829268292682927,0.6666666666666667,0.5603516882936165,0.5608915798510326,0.5606216340723245,0.13333333333333333,0.26666666666666666,0.29411764705882354,0.4117647058823529,54.0,0.0,0.0,0.666478933477785,18.0,0.0,0.0,1.2088711490403095,0.0
gtzan/gtzan_rock_00011/track.npy,gtzan,1.0,0.849408949792413,0.849408949792413,0.849408949792413,1.0,1.0,1.0,1.0,1.0,0.820750923587282,0.820750923587282,0.820750923587282,1.0,1.0,1.0,1.0,58.0,0.0,0.0,0.17933411879110897,15.0,0.0,0.0,0.2625764490640282,0.0
gtzan/gtzan_rock_00012/track.npy,gtzan,1.0,0.8861582705002772,0.8861582705002772,0.8861582705002772,1.0,1.0,1.0,1.0,0.7096774193548387,0.6015553778814018,0.7578117119619022,0.6796835449216521,0.2,0.2,0.6666666666666666,0.6666666666666666,57.0,0.0,0.0,0.03774032798285287,25.0,0.0,0.0,0.6276064953022341,0.0
gtzan/gtzan_rock_00013/track.npy,gtzan,0.9743589743589743,0.8175480874760434,0.8175480874760434,0.8175480874760434,0.5,0.9,0.5,0.9,0.9473684210526316,0.8176362394767649,0.8176362394767649,0.8176362394767649,0.5,0.8,0.5,0.8,48.0,0.0,0.0,0.6587883277397545,12.0,0.0,0.0,0.7665920491167746,0.0
gtzan/gtzan_rock_00014/track.npy,gtzan,0.5774647887323944,0.4904246697324105,0.7124848987685993,0.6014547842505049,0.010638297872340425,0.010638297872340425,0.17894736842105263,0.6947368421052632,0.09230769230769231,0.08899298200225254,0.12509579840336665,0.10704439020280959,0.0,0.0,0.0,0.0,112.0,0.0,0.0,0.3652194153023906,60.0,0.0,0.0,1.3291266582336216,0.0
gtzan/gtzan_rock_00015/track.npy,gtzan,0.679245283018868,0.5348082634250848,0.5348082634250848,0.5348082634250848,0.20634920634920634,0.2857142857142857,0.20634920634920634,0.2857142857142857,0.4782608695652174,0.3697980701785263,0.4435698462115446,0.40668395819503544,0.0,0.0,0.02857142857142857,0.08571428571428572,75.0,0.0,0.02702702702702703,0.6154783670943337,43.0,0.0,0.023809523809523808,1.5114575040738938,0.0
gtzan/gtzan_rock_00016/track.npy,gtzan,0.7704918032786885,0.671131935383556,0.671131935383556,0.671131935383556,0.7704918032786885,0.7704918032786885,0.7704918032786885,0.7704918032786885,0.5116279069767441,0.4577757721396868,0.6562685139294079,0.5570221430345473,0.07142857142857142,0.07142857142857142,0.7241379310344828,0.7241379310344828,74.0,0.0,0.0,0.18560125965869037,35.0,0.0,0.0,0.31628955197530095,0.0
gtzan/gtzan_rock_00017/track.npy,gtzan,0.9803921568627451,0.8915963488589795,0.8915963488589795,0.8915963488589795,0.9803921568627451,0.9803921568627451,0.9803921568627451,0.9803921568627451,0.8571428571428571,0.8017712552616458,0.8017712552616458,0.8017712552616458,0.7333333333333333,0.7333333333333333,0.7333333333333333,0.7333333333333333,61.0,0.0,0.0,0.04082199452025444,18.0,0.0,0.0,0.19348950245750535,0.0
gtzan/gtzan_rock_00018/track.npy,gtzan,0.9795918367346939,0.9221605446957974,0.9221605446957974,0.9221605446957974,0.9795918367346939,0.9795918367346939,0.9795918367346939,0.9795918367346939,0.6486486486486487,0.5994615192792073,0.9092431712042567,0.754352345241732,0.0,0.0,0.92,0.92,59.0,0.0,0.0,0.07757737444360836,30.0,0.0,0.0,0.06480162642875203,0.0
gtzan/gtzan_rock_00019/track.npy,gtzan,1.0,0.9260434820423186,0.9260434820423186,0.9260434820423186,1.0,1.0,1.0,1.0,1.0,0.9128324363534114,0.9128324363534114,0.9128324363534114,1.0,1.0,1.0,1.0,60.0,0.0,0.0,0.08004270767353472,18.0,0.0,0.0,0.195676517502248,0.0
gtzan/gtzan_rock_00020/track.npy,gtzan,0.592,0.5344613561044311,0.81154859466804,0.6730049753862355,0.0,0.0,0.5952380952380952,0.8571428571428571,0.14492753623188406,0.1435317575301056,0.21387093303837246,0.17870134528423903,0.0,0.0,0.0,0.0,102.0,0.0,0.0297029702970297,0.2935712242346022,70.0,0.0,0.014492753623188406,1.1380530331624472,0.0
gtzan/gtzan_rock_00021/track.npy,gtzan,0.9012345679012346,0.7247521937179348,0.7247521937179348,0.7247521937179348,0.27710843373493976,0.7469879518072289,0.27710843373493976,0.7469879518072289,0.3611111111111111,0.3044235739212226,0.4587387459309151,0.3815811599260689,0.0,0.0,0.057692307692307696,0.19230769230769232,99.0,0.0,0.01020408163265306,0.30799606586464895,57.0,0.0,0.0,1.2350584448610336,0.0
gtzan/gtzan_rock_00022/track.npy,gtzan,0.963855421686747,0.8579397894618622,0.8579397894618622,0.8579397894618622,0.5542168674698795,0.927710843373494,0.5542168674698795,0.927710843373494,0.4470588235294118,0.3974101663207794,0.6452293124038943,0.5213197393623368,0.0,0.0,0.046875,0.21875,103.0,0.0196078431372549,0.0784313725490196,0.4855078157816991,75.0,0.0,0.0,0.8013645373173808,0.0
gtzan/gtzan_rock_00023/track.npy,gtzan,0.9841269841269841,0.8632428849430961,0.8632428849430961,0.8632428849430961,0.96875,0.96875,0.96875,0.96875,0.6666666666666666,0.5796039140011926,0.8717322741421638,0.7256680940716782,0.0,0.0,0.9375,0.9375,38.0,0.0,0.0,0.040456151241590126,19.0,0.0,0.0,0.03237841318328274,0.0
gtzan/gtzan_rock_00024/track.npy,gtzan,0.8943089430894309,0.5758803781855456,0.5758803781855456,0.5758803781855456,0.6935483870967742,0.9032258064516129,0.6935483870967742,0.9032258064516129,0.9333333333333333,0.5642363564275878,0.5642363564275878,0.5642363564275878,1.0,1.0,1.0,1.0,75.0,0.0,0.0,0.16057584644655148,19.0,0.0,0.0,0.037374442925178726,0.0
gtzan/gtzan_rock_00025/track.npy,gtzan,0.9302325581395349,0.661079090856779,0.661079090856779,0.661079090856779,0.9767441860465116,0.9767441860465116,0.9767441860465116,0.9767441860465116,0.9090909090909091,0.6369599487834694,0.6369599487834694,0.6369599487834694,1.0,1.0,1.0,1.0,52.0,0.0,0.0,0.10375049605127695,14.0,0.0,0.0,0.3130807773337602,0.0
gtzan/gtzan_rock_00026/track.npy,gtzan,1.0,0.7917005428406219,0.7917005428406219,0.7917005428406219,1.0,1.0,1.0,1.0,0.7272727272727273,0.5536571668356697,0.7180467399742345,0.635851953404952,0.14285714285714285,0.14285714285714285,0.391304347826087,0.7391304347826086,57.0,0.0,0.0,0.07696104113612855,26.0,0.0,0.0,0.5848309465860434,0.0
gtzan/gtzan_rock_00027/track.npy,gtzan,0.9763779527559054,0.8370284086074806,0.8370284086074806,0.8370284086074806,0.984375,0.984375,0.984375,0.984375,0.5084745762711865,0.4415054192922652,0.6832707924901229,0.562388105891194,0.023255813953488372,0.023255813953488372,0.09302325581395349,0.37209302325581395,78.0,0.0,0.0,0.16003330417980716,53.0,0.0,0.0,0.8499759599874679,0.0
gtzan/gtzan_rock_00028/track.npy,gtzan,0.9913043478260869,0.8418918843526457,0.8418918843526457,0.8418918843526457,0.9827586206896551,0.9827586206896551,0.9827586206896551,0.9827586206896551,0.8484848484848484,0.6990870024990787,0.6990870024990787,0.6990870024990787,0.42105263157894735,0.5789473684210527,0.42105263157894735,0.5789473684210527,70.0,0.0,0.0,0.0923488973649087,23.0,0.0,0.0,0.7161366987846443,0.0
gtzan/gtzan_rock_00029/track.npy,gtzan,1.0,0.9400088049283689,0.9400088049283689,0.9400088049283689,1.0,1.0,1.0,1.0,0.5555555555555556,0.5265731481548137,0.5265731481548137,0.5265731481548137,0.09090909090909091,0.13636363636363635,0.25925925925925924,0.25925925925925924,64.0,0.0,0.0,0.06447054016177202,27.0,0.0,0.0,1.4267597155652265,0.0
gtzan/gtzan_rock_00030/track.npy,gtzan,0.7450980392156864,0.632887111304729,0.632887111304729,0.632887111304729,0.5925925925925926,0.5925925925925926,0.5925925925925926,0.5925925925925926,0.5333333333333333,0.45543499671132337,0.45543499671132337,0.45543499671132337,0.3888888888888889,0.3888888888888889,0.3888888888888889,0.3888888888888889,64.0,0.0,0.0,0.6931471805599569,21.0,0.0,0.0,1.9459101490553072,0.0
gtzan/gtzan_rock_00031/track.npy,gtzan,1.0,0.9426774859543675,0.9426774859543675,0.9426774859543675,1.0,1.0,1.0,1.0,1.0,0.9342165894974658,0.9342165894974658,0.9342165894974658,1.0,1.0,1.0,1.0,59.0,0.0,0.0,0.039220713153281864,15.0,0.0,0.0,0.014528100562909629,0.0
gtzan/gtzan_rock_00032/track.npy,gtzan,0.9610389610389611,0.7542977760510098,0.7542977760510098,0.7542977760510098,0.9743589743589743,0.9743589743589743,0.9743589743589743,0.9743589743589743,0.6206896551724138,0.4058025388516054,0.6265212767599349,0.5161619078057701,0.0,0.0,0.9473684210526315,0.9473684210526315,46.0,0.0,0.0,0.05840235894866378,23.0,0.0,0.0,0.03077165866675402,0.0
gtzan/gtzan_rock_00033/track.npy,gtzan,1.0,0.8953306439049866,0.8953306439049866,0.8953306439049866,1.0,1.0,1.0,1.0,1.0,0.8809699636325871,0.8809699636325871,0.8809699636325871,1.0,1.0,1.0,1.0,59.0,0.0,0.0,0.03922071315328213,14.0,0.0,0.0,0.02377643941593294,0.0
gtzan/gtzan_rock_00034/track.npy,gtzan,0.6666666666666666,0.6094851273199084,0.8916303501734385,0.7505577387466735,0.0,0.0,0.9827586206896551,0.9827586206896551,0.6666666666666666,0.618246317872296,0.8692022511748493,0.7437242845235726,0.0,0.0,0.9285714285714286,0.9285714285714286,70.0,0.0,0.0,0.14193222819774315,17.0,0.0,0.0,0.024689239485401353,0.0
gtzan/gtzan_rock_00035/track.npy,gtzan,1.0,0.9226379817162683,0.9226379817162683,0.9226379817162683,1.0,1.0,1.0,1.0,0.65,0.5985454125734427,0.8871398500117207,0.7428426312925818,0.0,0.0,0.9259259259259259,0.9259259259259259,66.0,0.0,0.0,0.021978906718778668,33.0,0.0,0.0,0.02197890671877307,0.0
gtzan/gtzan_rock_00036/track.npy,gtzan,0.6588235294117647,0.5116140856588887,0.7621702655335465,0.6368921755962176,0.0,0.0,0.9649122807017544,0.9649122807017544,0.6666666666666666,0.508983033587052,0.7647764480727064,0.6368797408298792,0.0,0.0,0.9285714285714286,0.9285714285714286,69.0,0.0,0.0,0.13353139262452657,18.0,0.0,0.0,0.43865160794135205,0.0
gtzan/gtzan_rock_00037/track.npy,gtzan,0.9906542056074767,0.9290931389923627,0.9290931389923627,0.9290931389923627,0.9814814814814815,0.9814814814814815,0.9814814814814815,0.9814814814814815,0.6666666666666666,0.6263495935276909,0.8851927512620605,0.7557711723948757,0.038461538461538464,0.038461538461538464,0.8076923076923077,0.8846153846153846,65.0,0.0,0.0,0.042559614418797756,31.0,0.0,0.0,0.41816712952047813,0.0
gtzan/gtzan_rock_00038/track.npy,gtzan,0.6746987951807228,0.6134927135021574,0.8494990572115505,0.731495885356854,0.01818181818181818,0.01818181818181818,0.8181818181818182,0.9272727272727272,0.6666666666666666,0.5744570699029615,0.8506479124114423,0.7125524911572019,0.0,0.0,0.9285714285714286,0.9285714285714286,66.0,0.0,0.0,0.22039118051398257,17.0,0.0,0.0,0.027702602549335896,0.0
gtzan/gtzan_rock_00039/track.npy,gtzan,0.9500000000000001,0.7502883221817842,0.7502883221817842,0.7502883221817842,0.9333333333333333,0.95,0.9333333333333333,0.95,0.9032258064516129,0.7534308237447547,0.7534308237447547,0.7534308237447547,0.875,0.875,0.875,0.875,73.0,0.0,0.0,0.188820596171561,19.0,0.0,0.0,0.20946594860588538,0.0
gtzan/gtzan_rock_00040/track.npy,gtzan,0.5679012345679012,0.44001857600994093,0.44001857600994093,0.44001857600994093,0.13953488372093023,0.37209302325581395,0.13953488372093023,0.37209302325581395,0.30303030303030304,0.25440735713608986,0.27672999667026493,0.2655686769031774,0.0,0.0,0.13636363636363635,0.4090909090909091,53.0,0.0,0.0,0.6392338764834364,28.0,0.0,0.0,1.2727064882627486,0.0
gtzan/gtzan_rock_00041/track.npy,gtzan,1.0,0.9445473716281555,0.9445473716281555,0.9445473716281555,1.0,1.0,1.0,1.0,0.0,6.237823076717179e-137,0.9036720323530654,0.4518360161765327,0.0,0.0,0.9166666666666666,0.9166666666666666,59.0,0.0,0.0,0.04000533461369837,15.0,0.0,0.0,0.019608471388376736,0.0
gtzan/gtzan_rock_00042/track.npy,gtzan,0.6185567010309279,0.5778753168424146,0.7957235749365699,0.6867994458894922,0.015625,0.03125,0.5230769230769231,0.8461538461538461,0.5925925925925926,0.5257361073826506,0.8078336448040724,0.6667848760933615,0.0,0.0,0.5263157894736842,0.6842105263157895,78.0,0.0,0.0,0.6531365779181731,24.0,0.0,0.0,1.2080520196482294,0.0
gtzan/gtzan_rock_00043/track.npy,gtzan,0.7933884297520661,0.724744327094042,0.8160302227258696,0.7703872749099558,0.3013698630136986,0.3013698630136986,0.4583333333333333,0.5416666666666666,0.7647058823529411,0.7125597967611979,0.7125597967611979,0.7125597967611979,0.5,0.6111111111111112,0.5,0.6111111111111112,55.0,0.0,0.0,0.2542893814906223,18.0,0.0,0.0,1.9574299122490846,0.0
gtzan/gtzan_rock_00044/track.npy,gtzan,0.9743589743589743,0.8563414889173433,0.8563414889173433,0.8563414889173433,0.95,0.95,0.95,0.95,0.6451612903225806,0.5505916071267255,0.5505916071267255,0.5505916071267255,0.0,0.0,0.0,0.0,48.0,0.0,0.0,0.10456871078485024,23.0,0.0,0.0,1.1407237740182337,0.0
gtzan/gtzan_rock_00045/track.npy,gtzan,0.6526315789473683,0.5792640903158078,0.851837063454016,0.715550576884912,0.0,0.0,0.9841269841269841,0.9841269841269841,0.19354838709677416,0.16872401355406014,0.3361890650852025,0.2524565393196313,0.0,0.0,0.0,0.0,76.0,0.0,0.0,0.1363413466049855,29.0,0.0,0.0,0.7184649885442352,0.0
gtzan/gtzan_rock_00046/track.npy,gtzan,1.0,0.823338535554996,0.823338535554996,0.823338535554996,1.0,1.0,1.0,1.0,0.9565217391304348,0.7723875691274068,0.7723875691274068,0.7723875691274068,0.75,0.75,0.75,0.75,51.0,0.0,0.0,0.06018716614995871,14.0,0.0,0.0,0.6793389239378534,0.0
gtzan/gtzan_rock_00047/track.npy,gtzan,0.782608695652174,0.6554021948974162,0.6554021948974162,0.6554021948974162,0.7391304347826086,0.8695652173913043,0.7391304347826086,0.8695652173913043,0.6060606060606061,0.5045429179198196,0.636558304010733,0.5705506109652763,0.047619047619047616,0.14285714285714285,0.2608695652173913,0.6956521739130435,55.0,0.0,0.0,0.12736521323151243,23.0,0.0,0.0,0.7025369209097858,0.0
gtzan/gtzan_rock_00048/track.npy,gtzan,1.0,0.8906027976628526,0.8906027976628526,0.8906027976628526,1.0,1.0,1.0,1.0,0.6,0.5281859765943008,0.8349190630304761,0.6815525198123884,0.0,0.0,0.37037037037037035,0.8518518518518519,66.0,0.0,0.0,0.04445176257083961,31.0,0.0,0.0,0.6931471805599465,0.0
gtzan/gtzan_rock_00049/track.npy,gtzan,1.0,0.9160619952804073,0.9160619952804073,0.9160619952804073,1.0,1.0,1.0,1.0,0.5714285714285715,0.5370113270011079,0.823233797353437,0.6801225621772724,0.0,0.0,0.45,0.6,43.0,0.0,0.0,0.05556985115481089,24.0,0.0,0.0,0.7062508365856646,0.0
gtzan/gtzan_rock_00050/track.npy,gtzan,1.0,0.9646086406086424,0.9646086406086424,0.9646086406086424,1.0,1.0,1.0,1.0,0.7222222222222222,0.6980139043293456,0.8878085502530325,0.7929112272911891,0.08695652173913043,0.13043478260869565,0.4,0.76,62.0,0.0,0.0,0.04352540388376145,28.0,0.0,0.0,0.6957644490359207,0.0
gtzan/gtzan_rock_00051/track.npy,gtzan,1.0,0.9057604603369248,0.9057604603369248,0.9057604603369248,1.0,1.0,1.0,1.0,0.8181818181818181,0.7191616859003921,0.7698429527136895,0.7445023193070408,0.15384615384615385,0.38461538461538464,0.35294117647058826,0.47058823529411764,45.0,0.0,0.0,0.0293712503729886,15.0,0.0,0.0,0.7004732206520168,0.0
gtzan/gtzan_rock_00052/track.npy,gtzan,0.9876543209876543,0.8456314877042161,0.8456314877042161,0.8456314877042161,0.975609756097561,0.975609756097561,0.975609756097561,0.975609756097561,0.9523809523809523,0.7954718689573932,0.7954718689573932,0.7954718689573932,0.9090909090909091,0.9090909090909091,0.9090909090909091,0.9090909090909091,49.0,0.0,0.0,0.13223549428116654,14.0,0.0,0.0,1.1819005976679549,0.0
gtzan/gtzan_rock_00053/track.npy,gtzan,1.0,0.9608218906211097,0.9608218906211097,0.9608218906211097,1.0,1.0,1.0,1.0,0.6486486486486487,0.6288286790907694,0.9298797232914048,0.7793542011910871,0.0,0.0,0.92,0.92,60.0,0.0,0.0,0.0401278335996877,30.0,0.0,0.0,0.020131993103721543,0.0
gtzan/gtzan_rock_00054/track.npy,gtzan,0.7884615384615385,0.6199526056322243,0.6199526056322243,0.6199526056322243,0.2542372881355932,0.4576271186440678,0.2542372881355932,0.4576271186440678,0.5454545454545454,0.44843911506601786,0.6513857642140889,0.5499124396400534,0.0,0.0,0.1875,0.4375,75.0,0.02702702702702703,0.02702702702702703,0.9602557659484872,40.0,0.02564102564102564,0.02564102564102564,1.6552004181563418,0.0
gtzan/gtzan_rock_00055/track.npy,gtzan,0.9818181818181818,0.9104519664827552,0.9104519664827552,0.9104519664827552,0.9818181818181818,0.9818181818181818,0.9818181818181818,0.9818181818181818,0.8387096774193548,0.7671102772891546,0.7671102772891546,0.7671102772891546,0.2777777777777778,0.4444444444444444,0.2777777777777778,0.4444444444444444,66.0,0.0,0.0,0.04445176257083608,21.0,0.0,0.0,1.3873754527303173,0.0
gtzan/gtzan_rock_00056/track.npy,gtzan,0.9913043478260869,0.9269958861104556,0.9269958861104556,0.9269958861104556,0.9827586206896551,0.9827586206896551,0.9827586206896551,0.9827586206896551,1.0,0.9373597431118548,0.9373597431118548,0.9373597431118548,1.0,1.0,1.0,1.0,70.0,0.0,0.0,0.06112737193873381,17.0,0.0,0.0,0.01900090344445197,0.0
gtzan/gtzan_rock_00057/track.npy,gtzan,1.0,0.946315507971065,0.946315507971065,0.946315507971065,1.0,1.0,1.0,1.0,0.7428571428571429,0.6868563413559208,0.8790596218400725,0.7829579815979966,0.13636363636363635,0.13636363636363635,0.4,0.76,63.0,0.0,0.0,0.04167269640056703,25.0,0.0,0.0,0.6931471805599453,0.0
gtzan/gtzan_rock_00058/track.npy,gtzan,0.6732673267326733,0.5449075752341451,0.5449075752341451,0.5449075752341451,0.16981132075471697,0.6415094339622641,0.16981132075471697,0.6415094339622641,0.3783783783783784,0.3673319116490541,0.42171040066669935,0.39452115615787675,0.04,0.08,0.2,0.4,63.0,0.0,0.04838709677419355,0.6931471805599452,30.0,0.0,0.0,1.4692474358552332,0.0
gtzan/gtzan_rock_00059/track.npy,gtzan,0.9896907216494846,0.9346622127400589,0.9346622127400589,0.9346622127400589,0.9795918367346939,0.9795918367346939,0.9795918367346939,0.9795918367346939,0.6382978723404255,0.6049807678682535,0.6049807678682535,0.6049807678682535,0.03225806451612903,0.06451612903225806,0.03225806451612903,0.06451612903225806,59.0,0.0,0.0,0.06489253120169114,37.0,0.0,0.0,1.0876506381838875,0.0
gtzan/gtzan_rock_00060/track.npy,gtzan,1.0,0.9205085159857307,0.9205085159857307,0.9205085159857307,1.0,1.0,1.0,1.0,0.7058823529411764,0.6489362573863622,0.831410001489846,0.7401731294381041,0.030303030303030304,0.09090909090909091,0.5428571428571428,0.7714285714285715,86.0,0.0,0.0,0.08526402815869297,39.0,0.0,0.0,0.853851756752334,0.0
gtzan/gtzan_rock_00061/track.npy,gtzan,1.0,0.964053734926697,0.964053734926697,0.964053734926697,1.0,1.0,1.0,1.0,0.2631578947368421,0.25679799210136584,0.5075408874058793,0.3821694397536226,0.0,0.0,0.04,0.08,61.0,0.0,0.0,0.08004270767354182,30.0,0.0,0.0,1.3654961639551093,0.0
gtzan/gtzan_rock_00062/track.npy,gtzan,1.0,0.8962530503131035,0.8962530503131035,0.8962530503131035,1.0,1.0,1.0,1.0,1.0,0.9186168208200158,0.9186168208200158,0.9186168208200158,1.0,1.0,1.0,1.0,62.0,0.0,0.0,0.0632468825973288,16.0,0.0,0.0,0.015584731016698305,0.0
gtzan/gtzan_rock_00063/track.npy,gtzan,1.0,0.9440504162862923,0.9440504162862923,0.9440504162862923,1.0,1.0,1.0,1.0,0.8666666666666666,0.8098855649067039,0.8098855649067039,0.8098855649067039,0.47058823529411764,0.5882352941176471,0.47058823529411764,0.5882352941176471,63.0,0.0,0.0,0.08338160893905688,22.0,0.0,0.0,0.6891866467740352,0.0
gtzan/gtzan_rock_00064/track.npy,gtzan,0.9763779527559054,0.7333751943677281,0.7333751943677281,0.7333751943677281,0.90625,0.96875,0.90625,0.96875,0.4262295081967213,0.31907773779462617,0.31907773779462617,0.31907773779462617,0.0,0.0,0.020833333333333332,0.020833333333333332,77.0,0.0,0.0,0.1488676358824877,58.0,0.0,0.0,1.1153572008094843,0.0
gtzan/gtzan_rock_00065/track.npy,gtzan,0.6666666666666666,0.6368061094409911,0.939350460589481,0.7880782850152361,0.0,0.0,0.9807692307692307,0.9807692307692307,0.5,0.47708551397212834,0.7257503940506793,0.6014179540114039,0.0,0.0,0.14285714285714285,0.2857142857142857,62.0,0.0,0.0,0.04268283176644491,25.0,0.0,0.0,0.6977744401103216,0.0
gtzan/gtzan_rock_00066/track.npy,gtzan,1.0,0.8335586009824197,0.8335586009824197,0.8335586009824197,1.0,1.0,1.0,1.0,0.6666666666666666,0.5726310442124937,0.8131075398368145,0.6928692920246541,0.0,0.0,0.9375,0.9375,38.0,0.0,0.0,0.037983874032307366,19.0,0.0,0.0,0.025975486403260195,0.0
gtzan/gtzan_rock_00067/track.npy,gtzan,1.0,0.889691393366429,0.889691393366429,0.889691393366429,1.0,1.0,1.0,1.0,0.3846153846153846,0.3568315674070439,0.6981573515821816,0.5274944594946127,0.06666666666666667,0.06666666666666667,0.2,0.4,53.0,0.0,0.0,0.05310982531394892,20.0,0.0,0.0,0.6971121691201684,0.0
gtzan/gtzan_rock_00068/track.npy,gtzan,0.9126213592233009,0.8028588929825253,0.8028588929825253,0.8028588929825253,0.5961538461538461,0.8846153846153846,0.5961538461538461,0.8846153846153846,0.3829787234042553,0.32834040920493707,0.32834040920493707,0.32834040920493707,0.03333333333333333,0.03333333333333333,0.03333333333333333,0.09090909090909091,62.0,0.0,0.0,0.1226023220923304,36.0,0.0,0.0,1.1356946078548422,0.0
gtzan/gtzan_rock_00069/track.npy,gtzan,0.9929078014184397,0.8842041612850134,0.8842041612850134,0.8842041612850134,0.5352112676056338,0.971830985915493,0.5352112676056338,0.971830985915493,0.9387755102040817,0.8340717377206127,0.8340717377206127,0.8340717377206127,0.52,0.88,0.52,0.88,86.0,0.0,0.0,0.1718502569266558,30.0,0.0,0.0,0.966559307768595,0.0
gtzan/gtzan_rock_00070/track.npy,gtzan,1.0,0.9097799505823385,0.9097799505823385,0.9097799505823385,1.0,1.0,1.0,1.0,0.4918032786885246,0.4612976701164233,0.46429906854527375,0.4627983693308485,0.05405405405405406,0.08108108108108109,0.05405405405405406,0.08108108108108109,82.0,0.0,0.0,0.2231435513142076,43.0,0.0,0.0,1.3723081191451532,0.0
gtzan/gtzan_rock_00071/track.npy,gtzan,0.989247311827957,0.8973332679825103,0.8973332679825103,0.8973332679825103,0.9787234042553191,0.9787234042553191,0.9787234042553191,0.9787234042553191,0.6666666666666666,0.5981937118253837,0.9034145265695314,0.7508041191974575,0.0,0.0,0.9583333333333334,0.9583333333333334,57.0,0.0,0.0,0.03774032798284954,29.0,0.0,0.0,0.01869213301215547,0.0
gtzan/gtzan_rock_00072/track.npy,gtzan,0.9767441860465117,0.8629020391822042,0.8629020391822042,0.8629020391822042,0.9545454545454546,0.9545454545454546,0.9545454545454546,0.9545454545454546,1.0,0.8957839986632835,0.8957839986632835,0.8957839986632835,1.0,1.0,1.0,1.0,53.0,0.0,0.0,0.035091319811275556,13.0,0.0,0.0,0.008658062743114425,0.0
gtzan/gtzan_rock_00073/track.npy,gtzan,1.0,0.9040733036757816,0.9040733036757816,0.9040733036757816,1.0,1.0,1.0,1.0,1.0,0.927568975489455,0.927568975489455,0.927568975489455,1.0,1.0,1.0,1.0,47.0,0.0,0.0,0.03174869831457955,12.0,0.0,0.0,0.00784317746102659,0.0
gtzan/gtzan_rock_00074/track.npy,gtzan,1.0,0.8884218796974466,0.8884218796974466,0.8884218796974466,1.0,1.0,1.0,1.0,0.7857142857142857,0.722024753495265,0.7458984463385238,0.7339615999168944,0.25,0.4375,0.25,0.4375,56.0,0.0,0.0,0.07410797215372247,19.0,0.0,0.0,0.6996871417357241,0.0
gtzan/gtzan_rock_00075/track.npy,gtzan,1.0,0.9381062994300087,0.9381062994300087,0.9381062994300087,1.0,1.0,1.0,1.0,1.0,0.9359365698841232,0.9359365698841232,0.9359365698841232,1.0,1.0,1.0,1.0,60.0,0.0,0.0,0.04012783359968176,15.0,0.0,0.0,0.014030468194768372,0.0
gtzan/gtzan_rock_00076/track.npy,gtzan,1.0,0.9451965539255797,0.9451965539255797,0.9451965539255797,1.0,1.0,1.0,1.0,1.0,0.9669746209797523,0.9669746209797523,0.9669746209797523,1.0,1.0,1.0,1.0,48.0,0.0,0.0,0.031748698314585266,12.0,0.0,0.0,0.010186924275878324,0.0
gtzan/gtzan_rock_00077/track.npy,gtzan,0.9662921348314608,0.894841718997236,0.894841718997236,0.894841718997236,0.9555555555555556,0.9555555555555556,0.9555555555555556,0.9555555555555556,0.88,0.8188746639629437,0.8188746639629437,0.8188746639629437,0.21428571428571427,0.5714285714285714,0.21428571428571427,0.5714285714285714,53.0,0.0,0.0,0.03540470120667433,16.0,0.0,0.0,0.6991536398830772,0.0
gtzan/gtzan_rock_00078/track.npy,gtzan,1.0,0.9410887916480204,0.9410887916480204,0.9410887916480204,1.0,1.0,1.0,1.0,1.0,0.9652069421267592,0.9652069421267592,0.9652069421267592,1.0,1.0,1.0,1.0,49.0,0.0,0.0,0.03278982282299309,13.0,0.0,0.0,0.014298492939620988,0.0
gtzan/gtzan_rock_00079/track.npy,gtzan,1.0,0.9581983165920965,0.9581983165920965,0.9581983165920965,1.0,1.0,1.0,1.0,0.787878787878788,0.7402015252953384,0.8487076701170887,0.7944545977062136,0.15,0.3,0.4,0.56,63.0,0.0,0.0,0.04167269640057447,26.0,0.0,0.0,0.7019555495401587,0.0
gtzan/gtzan_rock_00080/track.npy,gtzan,1.0,0.9316738624038177,0.9316738624038177,0.9316738624038177,1.0,1.0,1.0,1.0,1.0,0.9336071456594507,0.9336071456594507,0.9336071456594507,1.0,1.0,1.0,1.0,59.0,0.0,0.0,0.03922071315328213,15.0,0.0,0.0,0.018717555763286316,0.0
gtzan/gtzan_rock_00081/track.npy,gtzan,0.96,0.9120613553738921,0.9120613553738921,0.9120613553738921,0.96,0.96,0.96,0.96,0.923076923076923,0.885191281994956,0.885191281994956,0.885191281994956,0.5,0.7142857142857143,0.5,0.7142857142857143,60.0,0.0,0.0,0.04581489116527509,17.0,0.0,0.0,0.6890387979461037,0.0
gtzan/gtzan_rock_00082/track.npy,gtzan,1.0,0.9587224627537085,0.9587224627537085,0.9587224627537085,1.0,1.0,1.0,1.0,0.6896551724137931,0.6485411376066338,0.8273227675734081,0.737931952590021,0.16666666666666666,0.16666666666666666,0.3333333333333333,0.6666666666666666,50.0,0.0,0.0,0.032789822822996084,22.0,0.0,0.0,0.6978591316464527,0.0
gtzan/gtzan_rock_00083/track.npy,gtzan,1.0,0.9718441258023586,0.9718441258023586,0.9718441258023586,1.0,1.0,1.0,1.0,0.8125000000000001,0.7807337581331264,0.8357414879912447,0.8082376230621855,0.21052631578947367,0.3684210526315789,0.24,0.48,61.0,0.0,0.0,0.04082199452025829,22.0,0.0,0.0,0.7032995520239631,0.0
gtzan/gtzan_rock_00084/track.npy,gtzan,1.0,0.9134200748059689,0.9134200748059689,0.9134200748059689,1.0,1.0,1.0,1.0,0.9333333333333333,0.8445782263641888,0.8445782263641888,0.8445782263641888,0.625,0.75,0.625,0.75,65.0,0.0,0.0,0.044355097507724005,20.0,0.0,0.0,0.6947688179755777,0.0
gtzan/gtzan_rock_00085/track.npy,gtzan,1.0,0.8846021302160154,0.8846021302160154,0.8846021302160154,1.0,1.0,1.0,1.0,0.6666666666666666,0.6006841173790008,0.874837082931159,0.7377606001550799,0.0,0.0,0.9090909090909091,0.9090909090909091,52.0,0.0,0.0,0.12976568027278962,27.0,0.0,0.0,1.019151929174306,0.0
gtzan/gtzan_rock_00086/track.npy,gtzan,1.0,0.9361175935411226,0.9361175935411226,0.9361175935411226,1.0,1.0,1.0,1.0,0.6666666666666666,0.6375447871327281,0.9450960005993359,0.791320393866032,0.0,0.0,0.9615384615384616,0.9615384615384616,66.0,0.0,0.0,0.08701137698963579,32.0,0.0,0.0,0.4010143548474699,0.0
gtzan/gtzan_rock_00087/track.npy,gtzan,0.9818181818181818,0.8434450550805601,0.8434450550805601,0.8434450550805601,0.9818181818181818,0.9818181818181818,0.9818181818181818,0.9818181818181818,0.6842105263157894,0.5844222148311662,0.7664020172546693,0.6754121160429177,0.125,0.125,0.5185185185185185,0.7407407407407407,67.0,0.0,0.0,0.04445176257083683,28.0,0.0,0.0,0.7014345576998839,0.0
gtzan/gtzan_rock_00088/track.npy,gtzan,1.0,0.9247211021985411,0.9247211021985411,0.9247211021985411,1.0,1.0,1.0,1.0,0.6666666666666666,0.5947416310548256,0.8966027346500428,0.7456721828524342,0.0,0.0,0.95,0.95,46.0,0.0,0.0,0.03077165866675794,23.0,0.0,0.0,0.03077165866675402,0.0
gtzan/gtzan_rock_00089/track.npy,gtzan,0.989010989010989,0.8906546703470851,0.8906546703470851,0.8906546703470851,0.9782608695652174,0.9782608695652174,0.9782608695652174,0.9782608695652174,0.6666666666666666,0.5968864989780972,0.8842294534308957,0.7405579762044965,0.0,0.0,0.9545454545454546,0.9545454545454546,55.0,0.0,0.0,0.03636764417088045,27.0,0.0,0.0,0.0183491386681994,0.0
gtzan/gtzan_rock_00090/track.npy,gtzan,0.99009900990099,0.9102075522449713,0.9102075522449713,0.9102075522449713,0.9803921568627451,0.9803921568627451,0.9803921568627451,0.9803921568627451,0.8387096774193548,0.7555136166139398,0.7555136166139398,0.7555136166139398,0.4444444444444444,0.4444444444444444,0.4444444444444444,0.4444444444444444,62.0,0.0,0.0,0.06278376891586206,24.0,0.0,0.0,0.6701550513396615,0.0
gtzan/gtzan_rock_00091/track.npy,gtzan,1.0,0.9349033703881741,0.9349033703881741,0.9349033703881741,1.0,1.0,1.0,1.0,0.8108108108108109,0.7728090759463239,0.7803144406744387,0.7765617583103812,0.13636363636363635,0.4090909090909091,0.13636363636363635,0.41379310344827586,72.0,0.0,0.0,0.09531017980432539,28.0,0.0,0.0,0.693147180559947,0.0
gtzan/gtzan_rock_00092/track.npy,gtzan,1.0,0.904173695454238,0.904173695454238,0.904173695454238,1.0,1.0,1.0,1.0,1.0,0.9139613349330387,0.9139613349330387,0.9139613349330387,1.0,1.0,1.0,1.0,66.0,0.0,0.0,0.044451762570840825,16.0,0.0,0.0,0.010929070532190055,0.0
gtzan/gtzan_rock_00093/track.npy,gtzan,0.9885057471264368,0.869945616091704,0.869945616091704,0.869945616091704,0.9772727272727273,0.9772727272727273,0.9772727272727273,0.9772727272727273,0.7096774193548387,0.6338349934312056,0.88352017840619,0.7586775859186978,0.05,0.05,0.6666666666666666,0.9047619047619048,53.0,0.0,0.0,0.03509131981127023,23.0,0.0,0.0,0.6931471805599454,0.0
gtzan/gtzan_rock_00094/track.npy,gtzan,0.989247311827957,0.8943413874895535,0.8943413874895535,0.8943413874895535,0.9787234042553191,0.9787234042553191,0.9787234042553191,0.9787234042553191,0.1,0.09493597785329341,0.2166786162416757,0.15580729704748456,0.0,0.0,0.0,0.0,57.0,0.0,0.0,0.08004270767353816,31.0,0.0,0.0,0.7041566637608662,0.0
gtzan/gtzan_rock_00095/track.npy,gtzan,0.5411764705882354,0.4645178073786282,0.559782080742722,0.512149944060675,0.5116279069767442,0.5116279069767442,0.5116279069767442,0.5116279069767442,0.5,0.4432143675496401,0.4695148587146433,0.4563646131321417,0.42857142857142855,0.5,0.42857142857142855,0.5,51.0,0.0,0.0,0.034486176071169085,17.0,0.0,0.0,0.6987591847863819,0.0
gtzan/gtzan_rock_00096/track.npy,gtzan,1.0,0.8752414882853168,0.8752414882853168,0.8752414882853168,1.0,1.0,1.0,1.0,1.0,0.8758842041724284,0.8758842041724284,0.8758842041724284,1.0,1.0,1.0,1.0,58.0,0.0,0.0,0.11444227289434775,15.0,0.0,0.0,0.6529523538346564,0.0
gtzan/gtzan_rock_00097/track.npy,gtzan,0.9906542056074767,0.914486844350081,0.914486844350081,0.914486844350081,0.9814814814814815,0.9814814814814815,0.9814814814814815,0.9814814814814815,0.7777777777777778,0.7278789172143063,0.8306250965584268,0.7792520068863665,0.09090909090909091,0.22727272727272727,0.25925925925925924,0.6296296296296297,65.0,0.0,0.0,0.06440255918596928,25.0,0.0,0.0,0.7026710789574283,0.0
gtzan/gtzan_rock_00098/track.npy,gtzan,0.7758620689655172,0.5990537784974286,0.63893978371446,0.6189967811059442,0.22857142857142856,0.32857142857142857,0.22857142857142856,0.3626373626373626,0.611111111111111,0.45280828158170827,0.45280828158170827,0.45280828158170827,0.125,0.20833333333333334,0.16666666666666666,0.20833333333333334,79.0,0.0,0.01282051282051282,0.6931471805599453,26.0,0.0,0.0,1.8018187582280158,0.0
gtzan/gtzan_rock_00099/track.npy,gtzan,0.7540983606557378,0.596842211495286,0.5990463234555624,0.5979442674754243,0.2676056338028169,0.4084507042253521,0.2676056338028169,0.4084507042253521,0.15789473684210525,0.14184753737904282,0.3535324487252246,0.2476899930521337,0.0,0.0,0.08,0.12,89.0,0.0,0.10227272727272728,0.9028677115420229,30.0,0.0,0.06896551724137931,2.187072205872202,0.0
smc/smc_001/track.npy,smc,0.3953488372093023,0.2968156365650501,0.39252570705971834,0.3446706718123842,0.017241379310344827,0.017241379310344827,0.15517241379310345,0.5517241379310345,nan,nan,nan,nan,nan,nan,nan,nan,63.0,0.0,0.0,0.7166776779701347,33.0,0.0,0.0,0.7533406199027373,0.0
smc/smc_002/track.npy,smc,0.4081632653061225,0.3071200880933998,0.3071200880933998,0.3071200880933998,0.0,0.0,0.009174311926605505,0.009174311926605505,nan,nan,nan,nan,nan,nan,nan,nan,123.0,0.0,0.00819672131147541,0.5436154465889846,61.0,0.0,0.0,1.4388558120787542,0.0
smc/smc_003/track.npy,smc,0.3469387755102041,0.27133504660473967,0.4278908299716113,0.3496129382881755,0.0,0.0,0.056962025316455694,0.12658227848101267,nan,nan,nan,nan,nan,nan,nan,nan,180.0,0.20670391061452514,0.5977653631284916,0.8417011121950668,131.0,0.046153846153846156,0.2692307692307692,0.9808292530117286,0.0
smc/smc_004/track.npy,smc,0.4504504504504505,0.34851575141543645,0.4463672632456016,0.39744150733051903,0.01282051282051282,0.01282051282051282,0.1282051282051282,0.4230769230769231,nan,nan,nan,nan,nan,nan,nan,nan,85.0,0.0,0.10714285714285714,1.0105395867544074,54.0,0.0,0.09433962264150944,1.5084669475764707,0.0
smc/smc_005/track.npy,smc,0.3055555555555556,0.2309801721916783,0.3338089096066684,0.2823945408991734,0.0,0.0,0.1836734693877551,0.46938775510204084,nan,nan,nan,nan,nan,nan,nan,nan,56.0,0.0,0.0,0.49487927240649054,23.0,0.0,0.0,0.8593132971316157,0.0
smc/smc_006/track.npy,smc,0.782608695652174,0.6844800317160277,0.6844800317160277,0.6844800317160277,0.25,0.375,0.25,0.375,nan,nan,nan,nan,nan,nan,nan,nan,65.0,0.0,0.0,0.7961954544756668,35.0,0.0,0.0,0.9339108863481134,0.0
smc/smc_007/track.npy,smc,0.425531914893617,0.2862032747248155,0.4706240949634511,0.3784136848441333,0.015625,0.015625,0.171875,0.609375,nan,nan,nan,nan,nan,nan,nan,nan,73.0,0.0,0.0,0.5493061443340538,24.0,0.0,0.0,2.0246366387821033,0.0
smc/smc_008/track.npy,smc,0.37878787878787884,0.2987973295012828,0.3451524686967754,0.3219748990990291,0.0,0.0,0.0,0.0,nan,nan,nan,nan,nan,nan,nan,nan,62.0,0.0,0.0,0.12136085700426506,21.0,0.0,0.0,1.1155281327996072,0.0
smc/smc_009/track.npy,smc,0.4603174603174603,0.32841053221840644,0.32841053221840644,0.32841053221840644,0.0,0.0,0.021505376344086023,0.021505376344086023,nan,nan,nan,nan,nan,nan,nan,nan,103.0,0.0,0.0,0.6931471805599453,35.0,0.0,0.0,1.234106799813822,0.0
smc/smc_010/track.npy,smc,0.8602150537634408,0.7202062402841523,0.7202062402841523,0.7202062402841523,0.75,0.8541666666666666,0.75,0.8541666666666666,nan,nan,nan,nan,nan,nan,nan,nan,54.0,0.0,0.0,0.22487459914635693,24.0,0.0,0.0,1.1149236227658639,0.0
smc/smc_011/track.npy,smc,0.7563025210084034,0.6267957594016242,0.6267957594016242,0.6267957594016242,0.16176470588235295,0.39705882352941174,0.16176470588235295,0.39705882352941174,nan,nan,nan,nan,nan,nan,nan,nan,76.0,0.0,0.0,0.762242601320423,41.0,0.0,0.0,1.0203020493774546,0.0
smc/smc_012/track.npy,smc,0.4462809917355372,0.3784747308813536,0.4182227576309246,0.3983487442561391,0.21428571428571427,0.34285714285714286,0.21428571428571427,0.34285714285714286,nan,nan,nan,nan,nan,nan,nan,nan,81.0,0.0,0.0125,0.8682918530585394,37.0,0.0,0.0,1.522263179066933,0.0
smc/smc_013/track.npy,smc,0.875,0.7101974194276713,0.7101974194276713,0.7101974194276713,0.5535714285714286,0.8928571428571429,0.5535714285714286,0.8928571428571429,nan,nan,nan,nan,nan,nan,nan,nan,64.0,0.0,0.0,0.31074619712718315,36.0,0.0,0.0,1.2322579091646144,0.0
smc/smc_014/track.npy,smc,0.7524752475247526,0.6028886214305271,0.6028886214305271,0.6028886214305271,0.25,0.5357142857142857,0.25,0.5357142857142857,nan,nan,nan,nan,nan,nan,nan,nan,63.0,0.0,0.0,0.9162907318741615,36.0,0.0,0.0,1.3240739136056825,0.0
smc/smc_015/track.npy,smc,0.30088495575221236,0.2593996488203766,0.2963619228339412,0.2778807858271589,0.0,0.0,0.010869565217391304,0.010869565217391304,nan,nan,nan,nan,nan,nan,nan,nan,104.0,0.0,0.019417475728155338,0.49511522346047737,47.0,0.0,0.021739130434782608,1.5171659509808786,0.0
smc/smc_016/track.npy,smc,0.6122448979591836,0.48029898236592933,0.48029898236592933,0.48029898236592933,0.10526315789473684,0.3333333333333333,0.10526315789473684,0.3333333333333333,nan,nan,nan,nan,nan,nan,nan,nan,63.0,0.0,0.016129032258064516,0.8109302162163338,32.0,0.0,0.0,1.0293931654506072,0.0
smc/smc_017/track.npy,smc,0.4166666666666667,0.31541408843221197,0.35296498757949474,0.3341895380058534,0.00980392156862745,0.029411764705882353,0.0392156862745098,0.11764705882352941,nan,nan,nan,nan,nan,nan,nan,nan,122.0,0.03305785123966942,0.10743801652892562,1.0306295525470335,72.0,0.0,0.0,1.137511033577088,0.0
smc/smc_018/track.npy,smc,0.4266666666666667,0.3401971027040804,0.4683143351650466,0.40425571893456347,0.019801980198019802,0.039603960396039604,0.0891089108910891,0.39603960396039606,nan,nan,nan,nan,nan,nan,nan,nan,115.0,0.008771929824561403,0.07017543859649122,0.6339090419341125,81.0,0.0,0.025,1.088794194868892,0.0
smc/smc_019/track.npy,smc,0.619718309859155,0.4382282874036039,0.6238821631671683,0.5310552252853861,0.0,0.0,0.3541666666666667,0.8541666666666666,nan,nan,nan,nan,nan,nan,nan,nan,56.0,0.0,0.0,0.41733065119465584,26.0,0.0,0.0,1.1491157038819888,0.0
smc/smc_021/track.npy,smc,0.46153846153846156,0.35961464588176134,0.35961464588176134,0.35961464588176134,0.09090909090909091,0.3116883116883117,0.09090909090909091,0.3116883116883117,nan,nan,nan,nan,nan,nan,nan,nan,83.0,0.012195121951219513,0.06097560975609756,0.8690378470236245,43.0,0.0,0.0,1.550597412411166,0.0
smc/smc_022/track.npy,smc,0.608,0.47129015524997836,0.5369787300114773,0.5041344426307278,0.04597701149425287,0.08045977011494253,0.09195402298850575,0.40229885057471265,nan,nan,nan,nan,nan,nan,nan,nan,95.0,0.02127659574468085,0.09574468085106383,0.8818617618163165,45.0,0.0,0.022727272727272728,1.3156581398033096,0.0
smc/smc_023/track.npy,smc,0.42424242424242425,0.3953152575790204,0.5814765016164336,0.488395879597727,0.0,0.0,0.038461538461538464,0.0641025641025641,nan,nan,nan,nan,nan,nan,nan,nan,88.0,0.0,0.0,0.61945624192795,37.0,0.0,0.0,1.3075465675250437,0.0
smc/smc_024/track.npy,smc,0.8322981366459627,0.7003475783359305,0.7003475783359305,0.7003475783359305,0.2441860465116279,0.627906976744186,0.2441860465116279,0.627906976744186,nan,nan,nan,nan,nan,nan,nan,nan,96.0,0.0,0.021052631578947368,0.6705249940909601,59.0,0.0,0.0,1.0495171315670697,0.0
smc/smc_026/track.npy,smc,0.45454545454545453,0.30781953106131715,0.4354220166767659,0.3716207738690415,0.01694915254237288,0.01694915254237288,0.2033898305084746,0.711864406779661,nan,nan,nan,nan,nan,nan,nan,nan,68.0,0.0,0.0,0.38097000601811437,34.0,0.0,0.0,0.32936005987530415,0.0
smc/smc_027/track.npy,smc,0.3302752293577982,0.24226303248876233,0.33474181480765636,0.2885024236482093,0.013888888888888888,0.027777777777777776,0.0821917808219178,0.3287671232876712,nan,nan,nan,nan,nan,nan,nan,nan,82.0,0.0,0.037037037037037035,1.0344568329018555,38.0,0.0,0.02702702702702703,1.3673683720387624,0.0
smc/smc_028/track.npy,smc,0.6666666666666666,0.5378602963268466,0.5378602963268466,0.5378602963268466,0.12857142857142856,0.5857142857142857,0.12857142857142856,0.5857142857142857,nan,nan,nan,nan,nan,nan,nan,nan,80.0,0.0,0.012658227848101266,0.49918631206247677,47.0,0.0,0.0,0.9922532931934431,0.0
smc/smc_030/track.npy,smc,0.8054298642533937,0.6112715185836145,0.6112715185836145,0.6112715185836145,0.06896551724137931,0.49137931034482757,0.06896551724137931,0.49137931034482757,nan,nan,nan,nan,nan,nan,nan,nan,121.0,0.0,0.08333333333333333,0.8107787148108953,58.0,0.0,0.017543859649122806,1.1272884808849968,0.0
smc/smc_032/track.npy,smc,0.5873015873015873,0.4557189083398358,0.4557189083398358,0.4557189083398358,0.3333333333333333,0.4027777777777778,0.3333333333333333,0.4027777777777778,nan,nan,nan,nan,nan,nan,nan,nan,81.0,0.025,0.075,0.9461565646722276,33.0,0.0,0.0,0.9350935512631448,0.0
smc/smc_033/track.npy,smc,0.5517241379310345,0.43320512013024787,0.43320512013024787,0.43320512013024787,0.15873015873015872,0.49206349206349204,0.15873015873015872,0.49206349206349204,nan,nan,nan,nan,nan,nan,nan,nan,72.0,0.0,0.0,0.6788602663183844,38.0,0.0,0.0,1.127755437687053,0.0
smc/smc_034/track.npy,smc,0.6238532110091742,0.473623317808671,0.6778225354216292,0.5757229266151501,0.027777777777777776,0.027777777777777776,0.3561643835616438,0.8767123287671232,nan,nan,nan,nan,nan,nan,nan,nan,81.0,0.0,0.0,0.25275330202611096,38.0,0.0,0.0,0.6827848953548397,0.0
smc/smc_035/track.npy,smc,0.24691358024691357,0.1605056299123969,0.16268815374083506,0.16159689182661596,0.06382978723404255,0.06382978723404255,0.06382978723404255,0.06382978723404255,nan,nan,nan,nan,nan,nan,nan,nan,52.0,0.0,0.0,0.7694653617058661,20.0,0.0,0.0,0.08786568421026623,0.0
smc/smc_036/track.npy,smc,0.6055045871559632,0.47077639079128963,0.7161750350622068,0.5934757129267483,0.0136986301369863,0.0136986301369863,0.5342465753424658,0.8904109589041096,nan,nan,nan,nan,nan,nan,nan,nan,84.0,0.0,0.0,0.5668394598599278,40.0,0.0,0.0,1.1458182253511837,0.0
smc/smc_037/track.npy,smc,0.5333333333333333,0.41321852705257656,0.527273426215861,0.4702459766342188,0.017857142857142856,0.05357142857142857,0.29850746268656714,0.4925373134328358,nan,nan,nan,nan,nan,nan,nan,nan,65.0,0.0,0.0,0.7248086416227336,32.0,0.0,0.0,1.3453570609273129,0.0
smc/smc_038/track.npy,smc,0.47619047619047616,0.377225880941422,0.46635787131983275,0.4217918761306274,0.028985507246376812,0.10144927536231885,0.1267605633802817,0.4084507042253521,nan,nan,nan,nan,nan,nan,nan,nan,79.0,0.01282051282051282,0.02564102564102564,0.8341110125029181,39.0,0.0,0.0,1.2596632127890188,0.0
smc/smc_041/track.npy,smc,0.46551724137931033,0.40056335819296207,0.46272109578624837,0.4316422269896052,0.04,0.06666666666666667,0.13580246913580246,0.35802469135802467,nan,nan,nan,nan,nan,nan,nan,nan,84.0,0.0,0.024096385542168676,0.7467336288952571,37.0,0.0,0.027777777777777776,1.6610341156275101,0.0
smc/smc_042/track.npy,smc,0.5750000000000001,0.444484762712822,0.7162527983209629,0.5803687805168924,0.0,0.0,1.0,1.0,nan,nan,nan,nan,nan,nan,nan,nan,62.0,0.0,0.0,0.1504078515055809,39.0,0.0,0.0,0.787008602470364,0.0
smc/smc_043/track.npy,smc,0.6612903225806451,0.5260216713476695,0.5260216713476695,0.5260216713476695,0.08108108108108109,0.33783783783783783,0.08108108108108109,0.33783783783783783,nan,nan,nan,nan,nan,nan,nan,nan,82.0,0.0,0.012345679012345678,0.6567795363890648,36.0,0.0,0.0,1.2729644395947657,0.0
smc/smc_044/track.npy,smc,0.6115702479338844,0.43140893392322155,0.5591913756670358,0.4953001547951287,0.02564102564102564,0.08974358974358974,0.09411764705882353,0.5647058823529412,nan,nan,nan,nan,nan,nan,nan,nan,85.0,0.0,0.0,0.7821362842745677,37.0,0.0,0.0,1.1098285482895944,0.0
smc/smc_046/track.npy,smc,0.32692307692307687,0.267127004767516,0.2873658752026192,0.2772464399850676,0.06060606060606061,0.13636363636363635,0.09333333333333334,0.24,nan,nan,nan,nan,nan,nan,nan,nan,76.0,0.0,0.013333333333333334,0.6927887635672348,29.0,0.0,0.0,0.8905666916722431,0.0
smc/smc_047/track.npy,smc,0.6019417475728156,0.4342968835974855,0.4342968835974855,0.4342968835974855,0.4423076923076923,0.7692307692307693,0.4423076923076923,0.7692307692307693,nan,nan,nan,nan,nan,nan,nan,nan,60.0,0.0,0.0,0.30498625448481914,22.0,0.0,0.0,0.9771673910998281,0.0
smc/smc_048/track.npy,smc,0.4923076923076923,0.375265978909544,0.39725366105663,0.386259819983087,0.1111111111111111,0.15555555555555556,0.1111111111111111,0.15555555555555556,nan,nan,nan,nan,nan,nan,nan,nan,48.0,0.0,0.0,1.0988157187584582,24.0,0.0,0.0,1.2244234352106294,0.0
smc/smc_051/track.npy,smc,0.4482758620689656,0.3754119349999516,0.46538657957128854,0.4203992572856201,0.012658227848101266,0.02531645569620253,0.10126582278481013,0.45569620253164556,nan,nan,nan,nan,nan,nan,nan,nan,95.0,0.010638297872340425,0.010638297872340425,0.786163998534751,42.0,0.0,0.0,0.9691362092314855,0.0
smc/smc_052/track.npy,smc,0.4892086330935252,0.3142359403051635,0.37131953160676495,0.3427777359559642,0.046511627906976744,0.16279069767441862,0.047619047619047616,0.20952380952380953,nan,nan,nan,nan,nan,nan,nan,nan,94.0,0.010752688172043012,0.08602150537634409,0.877669230736275,59.0,0.0,0.017241379310344827,1.1884383356402553,0.0
smc/smc_054/track.npy,smc,0.6285714285714287,0.4970567255273002,0.7203562414201485,0.6087064834737244,0.0,0.0,0.4142857142857143,0.9142857142857143,nan,nan,nan,nan,nan,nan,nan,nan,75.0,0.0,0.0,0.4290013081173351,22.0,0.0,0.0,0.6838857499567662,0.0
smc/smc_055/track.npy,smc,0.3958333333333333,0.2926198709644698,0.2926198709644698,0.2926198709644698,0.08771929824561403,0.19298245614035087,0.08771929824561403,0.19298245614035087,nan,nan,nan,nan,nan,nan,nan,nan,62.0,0.0,0.0,0.8023464725249284,17.0,0.0,0.0,1.579431226725317,0.0
smc/smc_056/track.npy,smc,0.2911392405063291,0.20947325324224916,0.3336474426194024,0.2715603479308258,0.0,0.0,0.030303030303030304,0.11965811965811966,nan,nan,nan,nan,nan,nan,nan,nan,111.0,0.00909090909090909,0.14545454545454545,0.9502179957960857,53.0,0.0,0.0,1.2415863227693653,0.0
smc/smc_057/track.npy,smc,0.2795698924731183,0.1997547635440413,0.2946018737137537,0.2471783186288975,0.017241379310344827,0.034482758620689655,0.11594202898550725,0.3333333333333333,nan,nan,nan,nan,nan,nan,nan,nan,64.0,0.0,0.0,0.9798866967039671,27.0,0.0,0.0,1.1880484591883265,0.0
smc/smc_058/track.npy,smc,0.27184466019417475,0.22470946000371367,0.22810822839487754,0.2264088441992956,0.029850746268656716,0.11940298507462686,0.029850746268656716,0.11940298507462686,nan,nan,nan,nan,nan,nan,nan,nan,77.0,0.0,0.0,0.9131009280918069,29.0,0.0,0.0,1.6899452418646697,0.0
smc/smc_059/track.npy,smc,0.6504065040650406,0.4968475872408219,0.7000358356955906,0.5984417114682062,0.04938271604938271,0.04938271604938271,0.3614457831325301,0.8554216867469879,nan,nan,nan,nan,nan,nan,nan,nan,89.0,0.0,0.0,0.28768207245178573,47.0,0.0,0.0,0.7268313104588678,0.0
smc/smc_060/track.npy,smc,0.5517241379310345,0.41379020396045635,0.4658026957299297,0.43979644984519306,0.08,0.16,0.16049382716049382,0.4074074074074074,nan,nan,nan,nan,nan,nan,nan,nan,85.0,0.0,0.0,1.0530267504417186,20.0,0.0,0.0,1.4302815396304476,0.0
smc/smc_061/track.npy,smc,0.5352112676056338,0.3835592218112658,0.5963195724003252,0.4899393971057955,0.0,0.0,0.7708333333333334,0.8958333333333334,nan,nan,nan,nan,nan,nan,nan,nan,55.0,0.0,0.0,0.22089660442796757,27.0,0.0,0.0,1.1058850660291115,0.0
smc/smc_063/track.npy,smc,0.5294117647058824,0.38001863711834216,0.43706789772692767,0.4085432674226349,0.21176470588235294,0.21176470588235294,0.21176470588235294,0.3069306930693069,nan,nan,nan,nan,nan,nan,nan,nan,94.0,0.0,0.0,0.405465108108148,35.0,0.0,0.0,1.4843116008180965,0.0
smc/smc_064/track.npy,smc,0.2045454545454545,0.11718646167378534,0.137148040109817,0.12716725089180117,0.0,0.0,0.19047619047619047,0.2857142857142857,nan,nan,nan,nan,nan,nan,nan,nan,71.0,0.0,0.0,0.6384789073358605,51.0,0.0,0.0,0.7926402445619745,0.0
smc/smc_065/track.npy,smc,0.5666666666666667,0.410615026526976,0.5481489232442783,0.47938197488562717,0.03896103896103896,0.07792207792207792,0.2,0.49411764705882355,nan,nan,nan,nan,nan,nan,nan,nan,89.0,0.0,0.0,0.5815610206647902,35.0,0.0,0.0,1.3016472021639423,0.0
smc/smc_066/track.npy,smc,0.29545454545454547,0.207912263111934,0.2944310541392448,0.25117165862558943,0.01639344262295082,0.01639344262295082,0.2459016393442623,0.45901639344262296,nan,nan,nan,nan,nan,nan,nan,nan,69.0,0.0,0.0,0.47813928594689126,25.0,0.0,0.0,0.6907755278982148,0.0
smc/smc_067/track.npy,smc,0.796116504854369,0.5508845334759859,0.5508845334759859,0.5508845334759859,0.41509433962264153,0.8490566037735849,0.41509433962264153,0.8490566037735849,nan,nan,nan,nan,nan,nan,nan,nan,64.0,0.0,0.0,0.6931471805599456,25.0,0.0,0.0,1.2055142239469019,0.0
smc/smc_068/track.npy,smc,0.897196261682243,0.6366439678894172,0.6366439678894172,0.6366439678894172,0.9814814814814815,0.9814814814814815,0.9814814814814815,0.9814814814814815,nan,nan,nan,nan,nan,nan,nan,nan,63.0,0.0,0.0,0.12516314295400321,31.0,0.0,0.0,1.0883765443606168,0.0
smc/smc_069/track.npy,smc,0.6507936507936508,0.5037991033258595,0.5275773166748012,0.5156882100003304,0.14102564102564102,0.24358974358974358,0.18947368421052632,0.37894736842105264,nan,nan,nan,nan,nan,nan,nan,nan,95.0,0.0,0.010638297872340425,0.6842581290888587,45.0,0.0,0.0,1.3949068670344336,0.0
smc/smc_071/track.npy,smc,0.7049180327868853,0.5390088384244627,0.6016998058276647,0.5703543221260636,0.13157894736842105,0.21052631578947367,0.13186813186813187,0.4945054945054945,nan,nan,nan,nan,nan,nan,nan,nan,90.0,0.0,0.0,0.6206021467093291,36.0,0.0,0.0,1.454555300990275,0.0
smc/smc_072/track.npy,smc,0.6724137931034482,0.49449951301589207,0.6347184983555905,0.5646090056857412,0.025974025974025976,0.05194805194805195,0.12987012987012986,0.6883116883116883,nan,nan,nan,nan,nan,nan,nan,nan,85.0,0.0,0.011904761904761904,0.5749223523498194,31.0,0.0,0.0,1.0728304642909727,0.0
smc/smc_073/track.npy,smc,0.5660377358490567,0.4261199792411415,0.4261199792411415,0.4261199792411415,0.15384615384615385,0.2923076923076923,0.15384615384615385,0.2923076923076923,nan,nan,nan,nan,nan,nan,nan,nan,76.0,0.0,0.06666666666666667,0.8023464725249417,39.0,0.0,0.0,1.4081250641905965,0.0
smc/smc_074/track.npy,smc,0.8,0.6341003904898335,0.6341003904898335,0.6341003904898335,0.24561403508771928,0.7719298245614035,0.24561403508771928,0.7719298245614035,nan,nan,nan,nan,nan,nan,nan,nan,67.0,0.0,0.0,0.36685916300635674,43.0,0.0,0.0,1.1100409844917363,0.0
smc/smc_075/track.npy,smc,0.48739495798319327,0.3387921486838527,0.40019158901944313,0.3694918688516479,0.05555555555555555,0.125,0.11827956989247312,0.3225806451612903,nan,nan,nan,nan,nan,nan,nan,nan,83.0,0.0,0.0,0.9075570519054001,32.0,0.0,0.0,1.5433692570907267,0.0
smc/smc_076/track.npy,smc,0.453781512605042,0.27791616742506164,0.2887918531871966,0.2833540103061291,0.08333333333333333,0.08333333333333333,0.08333333333333333,0.13978494623655913,nan,nan,nan,nan,nan,nan,nan,nan,83.0,0.0,0.0,0.5780778507751605,47.0,0.0,0.0,1.007603415712586,0.0
smc/smc_079/track.npy,smc,0.9090909090909091,0.7463779045568806,0.7463779045568806,0.7463779045568806,0.09821428571428571,0.6339285714285714,0.09821428571428571,0.6339285714285714,nan,nan,nan,nan,nan,nan,nan,nan,131.0,0.007692307692307693,0.07692307692307693,0.5707926665741174,95.0,0.0,0.0425531914893617,0.9546065924708858,0.0
smc/smc_080/track.npy,smc,0.31460674157303364,0.22062861876082535,0.22062861876082535,0.22062861876082535,0.0,0.0,0.04285714285714286,0.11428571428571428,nan,nan,nan,nan,nan,nan,nan,nan,82.0,0.024691358024691357,0.04938271604938271,0.8560428070552276,52.0,0.0,0.0,1.4620287732020825,0.0
smc/smc_082/track.npy,smc,0.8387096774193548,0.6966544484340882,0.6966544484340882,0.6966544484340882,0.3283582089552239,0.746268656716418,0.3283582089552239,0.746268656716418,nan,nan,nan,nan,nan,nan,nan,nan,78.0,0.0,0.0,0.34163782500365514,35.0,0.0,0.0,1.11185751541813,0.0
smc/smc_084/track.npy,smc,0.14035087719298245,0.11225252126474565,0.1325524251810999,0.12240247322292278,0.09375,0.15625,0.09375,0.15625,nan,nan,nan,nan,nan,nan,nan,nan,49.0,0.0,0.125,2.088942429007847,13.0,0.0,0.0,2.380273987827026,0.0
smc/smc_085/track.npy,smc,0.26373626373626374,0.1843068584257294,0.2397239560598237,0.21201540724277654,0.0,0.0,0.07936507936507936,0.1746031746031746,nan,nan,nan,nan,nan,nan,nan,nan,65.0,0.0,0.015625,1.147165939711486,29.0,0.0,0.0,0.8459530426684418,0.0
smc/smc_086/track.npy,smc,0.5365853658536586,0.41784467727514946,0.5609143311362044,0.4893795042056769,0.012048192771084338,0.012048192771084338,0.1686746987951807,0.5542168674698795,nan,nan,nan,nan,nan,nan,nan,nan,93.0,0.0,0.0,0.8276102777697868,52.0,0.0,0.0,1.1103510508672594,0.0
smc/smc_087/track.npy,smc,0.888888888888889,0.7015243558188475,0.7015243558188475,0.7015243558188475,0.3787878787878788,0.803030303030303,0.3787878787878788,0.803030303030303,nan,nan,nan,nan,nan,nan,nan,nan,75.0,0.0,0.0,0.2878033920392813,37.0,0.0,0.0,1.2170439845419532,0.0
smc/smc_088/track.npy,smc,0.2962962962962963,0.22997820290036197,0.2329608680129317,0.23146953545664684,0.019801980198019802,0.039603960396039604,0.019801980198019802,0.039603960396039604,nan,nan,nan,nan,nan,nan,nan,nan,112.0,0.009009009009009009,0.08108108108108109,0.7049755934314813,66.0,0.015384615384615385,0.03076923076923077,1.1690331862235674,0.0
smc/smc_089/track.npy,smc,0.41791044776119407,0.32683656408969897,0.41813619150855547,0.3724863777991272,0.023809523809523808,0.05952380952380952,0.0707070707070707,0.3333333333333333,nan,nan,nan,nan,nan,nan,nan,nan,99.0,0.0,0.01020408163265306,0.8570416190103325,19.0,0.0,0.0,2.217770227459508,0.0
smc/smc_092/track.npy,smc,0.8211920529801325,0.6411858576801671,0.6411858576801671,0.6411858576801671,0.23376623376623376,0.7012987012987013,0.23376623376623376,0.7012987012987013,nan,nan,nan,nan,nan,nan,nan,nan,88.0,0.011494252873563218,0.034482758620689655,0.43274084123631273,39.0,0.0,0.0,1.7834517191561927,0.0
smc/smc_093/track.npy,smc,0.3387096774193548,0.22365452131833308,0.22365452131833308,0.22365452131833308,0.02631578947368421,0.07894736842105263,0.0625,0.125,nan,nan,nan,nan,nan,nan,nan,nan,58.0,0.17543859649122806,0.42105263157894735,1.8836906642593894,50.0,0.08163265306122448,0.2653061224489796,1.7676119642076231,0.0
smc/smc_095/track.npy,smc,0.6166666666666666,0.46581996301525674,0.5860363421371898,0.5259281525762233,0.0547945205479452,0.1917808219178082,0.13978494623655913,0.46236559139784944,nan,nan,nan,nan,nan,nan,nan,nan,85.0,0.0,0.0,0.6676943286658654,25.0,0.0,0.0,1.5742504990676955,0.0
smc/smc_096/track.npy,smc,0.967741935483871,0.7529254495677106,0.7529254495677106,0.7529254495677106,1.0,1.0,1.0,1.0,nan,nan,nan,nan,nan,nan,nan,nan,72.0,0.0,0.0,0.11392035099526494,45.0,0.0,0.0,1.0699742220456048,0.0
smc/smc_098/track.npy,smc,0.6181818181818182,0.46985593075805765,0.46985593075805765,0.46985593075805765,0.32786885245901637,0.5573770491803278,0.32786885245901637,0.5573770491803278,nan,nan,nan,nan,nan,nan,nan,nan,71.0,0.0,0.0,0.5511292022762009,30.0,0.0,0.0,2.0000536598712975,0.0
smc/smc_099/track.npy,smc,0.30303030303030304,0.25254821674251554,0.3945494238491936,0.3235488202958546,0.030303030303030304,0.030303030303030304,0.2727272727272727,0.6212121212121212,nan,nan,nan,nan,nan,nan,nan,nan,75.0,0.0,0.0,0.40611149175001365,32.0,0.0,0.0,1.0973960298988763,0.0
smc/smc_100/track.npy,smc,0.2807017543859649,0.18714122627219126,0.2736776926866315,0.23040945947941138,0.012987012987012988,0.012987012987012988,0.06493506493506493,0.11688311688311688,nan,nan,nan,nan,nan,nan,nan,nan,82.0,0.0,0.09876543209876543,1.5722965087810061,41.0,0.0,0.025,1.6483703492841615,0.0
smc/smc_101/track.npy,smc,0.748091603053435,0.5633571161845728,0.5633571161845728,0.5633571161845728,0.1111111111111111,0.4722222222222222,0.1111111111111111,0.4722222222222222,nan,nan,nan,nan,nan,nan,nan,nan,82.0,0.037037037037037035,0.07407407407407407,0.6798602506839453,42.0,0.0,0.0,1.1992732335098224,0.0
smc/smc_103/track.npy,smc,0.689655172413793,0.4452266542683833,0.4452266542683833,0.4452266542683833,0.22580645161290322,0.6451612903225806,0.22580645161290322,0.6451612903225806,nan,nan,nan,nan,nan,nan,nan,nan,75.0,0.0,0.0,0.6305453769797917,48.0,0.0,0.0,1.1094359135881966,0.0
smc/smc_104/track.npy,smc,0.3090909090909091,0.22614432507234677,0.3303502173575252,0.278247271214936,0.014084507042253521,0.028169014084507043,0.14285714285714285,0.3116883116883117,nan,nan,nan,nan,nan,nan,nan,nan,84.0,0.0,0.012048192771084338,0.846972126336133,29.0,0.0,0.03571428571428571,2.5034026454159184,0.0
smc/smc_105/track.npy,smc,0.3116883116883117,0.1938449145781795,0.2818458626744803,0.23784538862632992,0.024691358024691357,0.08641975308641975,0.04938271604938271,0.13580246913580246,nan,nan,nan,nan,nan,nan,nan,nan,96.0,0.0,0.021052631578947368,0.6782039937138892,58.0,0.0,0.0,1.014504867908618,0.0
smc/smc_106/track.npy,smc,0.2631578947368421,0.18861399404664317,0.25145004045065517,0.22003201724864918,0.01282051282051282,0.05128205128205128,0.05128205128205128,0.16666666666666666,nan,nan,nan,nan,nan,nan,nan,nan,89.0,0.0,0.022727272727272728,0.8010526564390276,30.0,0.0,0.034482758620689655,1.9220372615460348,0.0
smc/smc_109/track.npy,smc,0.3063063063063063,0.252378352793818,0.2540762010769918,0.2532272769354049,0.0547945205479452,0.0684931506849315,0.06666666666666667,0.10666666666666667,nan,nan,nan,nan,nan,nan,nan,nan,80.0,0.0,0.0,0.6931471805599472,33.0,0.0,0.0,1.4683069099428776,0.0
smc/smc_111/track.npy,smc,0.6371681415929203,0.5050750588247708,0.5050750588247708,0.5050750588247708,0.1076923076923077,0.35384615384615387,0.1076923076923077,0.35384615384615387,nan,nan,nan,nan,nan,nan,nan,nan,77.0,0.0,0.0,0.9478357811602897,46.0,0.0,0.0,1.4343768619301553,0.0
smc/smc_113/track.npy,smc,0.4835164835164834,0.3454813509370095,0.3502019233944714,0.34784163716574046,0.015625,0.015625,0.125,0.328125,nan,nan,nan,nan,nan,nan,nan,nan,68.0,0.0,0.0,0.7050476740614184,18.0,0.0,0.0,0.7868205429202959,0.0
smc/smc_114/track.npy,smc,0.4587155963302752,0.34216764043046777,0.43095290680909104,0.3865602736197794,0.014084507042253521,0.014084507042253521,0.24,0.4666666666666667,nan,nan,nan,nan,nan,nan,nan,nan,81.0,0.0,0.0,0.6471969670365024,35.0,0.0,0.0,1.387209988098982,0.0
smc/smc_116/track.npy,smc,0.21118012422360244,0.15646493797229116,0.24967553236569898,0.20307023516899508,0.0,0.0,0.01639344262295082,0.040983606557377046,nan,nan,nan,nan,nan,nan,nan,nan,137.0,0.029411764705882353,0.11764705882352941,0.6656926813526627,103.0,0.00980392156862745,0.0392156862745098,1.1631508098056673,0.0
smc/smc_117/track.npy,smc,0.34234234234234234,0.23997640453101882,0.28526336927684043,0.2626198869039296,0.0,0.0,0.039473684210526314,0.21052631578947367,nan,nan,nan,nan,nan,nan,nan,nan,89.0,0.0,0.03409090909090909,0.8753015946167964,36.0,0.0,0.0,1.8320699700854515,0.0
smc/smc_118/track.npy,smc,0.3461538461538461,0.22699299788342062,0.28622453565693134,0.25660876677017597,0.014084507042253521,0.014084507042253521,0.056338028169014086,0.22535211267605634,nan,nan,nan,nan,nan,nan,nan,nan,79.0,0.02564102564102564,0.07692307692307693,0.8180992589498741,42.0,0.0,0.024390243902439025,1.2330677484597126,0.0
smc/smc_119/track.npy,smc,0.26666666666666666,0.1749104829540011,0.1997281318670328,0.18731930741051694,0.0,0.0,0.0,0.0,nan,nan,nan,nan,nan,nan,nan,nan,117.0,0.0,0.02586206896551724,0.3529810039681624,50.0,0.0,0.0,1.0760238062699616,0.0
smc/smc_120/track.npy,smc,0.9345794392523364,0.6905401652161353,0.6905401652161353,0.6905401652161353,0.9814814814814815,0.9814814814814815,0.9814814814814815,0.9814814814814815,nan,nan,nan,nan,nan,nan,nan,nan,62.0,0.0,0.0,0.12048639671989665,33.0,0.0,0.0,1.1399228030122772,0.0
smc/smc_121/track.npy,smc,0.2368421052631579,0.15672111074523312,0.22401429045377663,0.19036770059950486,0.0,0.0,0.05357142857142857,0.21428571428571427,nan,nan,nan,nan,nan,nan,nan,nan,61.0,0.0,0.0,0.7769639210317693,19.0,0.0,0.0,1.791711762367035,0.0
smc/smc_124/track.npy,smc,0.37837837837837834,0.2807086349408399,0.2807086349408399,0.2807086349408399,0.2631578947368421,0.4473684210526316,0.2631578947368421,0.4473684210526316,nan,nan,nan,nan,nan,nan,nan,nan,43.0,0.0,0.0,1.7844867098989727,23.0,0.0,0.0,2.123893304250677,0.0
smc/smc_126/track.npy,smc,0.6588235294117647,0.4541545052078537,0.4541545052078537,0.4541545052078537,0.2978723404255319,0.5106382978723404,0.2978723404255319,0.5106382978723404,nan,nan,nan,nan,nan,nan,nan,nan,50.0,0.0,0.0,0.730912362549967,25.0,0.0,0.0,1.1366844303897297,0.0
smc/smc_127/track.npy,smc,0.3820224719101123,0.2821292715466217,0.2821292715466217,0.2821292715466217,0.1206896551724138,0.1206896551724138,0.1206896551724138,0.14754098360655737,nan,nan,nan,nan,nan,nan,nan,nan,69.0,0.0,0.0,0.6759996564079607,29.0,0.0,0.0,1.7643453342935453,0.0
smc/smc_130/track.npy,smc,0.4285714285714286,0.34606955330948297,0.4112754884018946,0.3786725208556888,0.0273972602739726,0.0410958904109589,0.0547945205479452,0.2054794520547945,nan,nan,nan,nan,nan,nan,nan,nan,81.0,0.0,0.0,0.810344942852616,45.0,0.0,0.0,1.1784835793630617,0.0
smc/smc_133/track.npy,smc,0.36507936507936506,0.2738808608344802,0.2738808608344802,0.2738808608344802,0.022727272727272728,0.045454545454545456,0.03409090909090909,0.06818181818181818,nan,nan,nan,nan,nan,nan,nan,nan,99.0,0.0,0.02040816326530612,0.7624649911922906,42.0,0.0,0.0,1.3557273781691523,0.0
smc/smc_135/track.npy,smc,0.5688073394495413,0.41870639203979376,0.44088276220929074,0.4297945771245423,0.12698412698412698,0.25396825396825395,0.26373626373626374,0.2967032967032967,nan,nan,nan,nan,nan,nan,nan,nan,71.0,0.0,0.0,0.8134997043115655,28.0,0.0,0.0,0.9291701994994253,0.0
smc/smc_137/track.npy,smc,0.7210884353741497,0.5683897210192425,0.5683897210192425,0.5683897210192425,0.16,0.6,0.16,0.6,nan,nan,nan,nan,nan,nan,nan,nan,78.0,0.0,0.012987012987012988,0.48073433393414733,41.0,0.0,0.0,1.055641320516391,0.0
smc/smc_139/track.npy,smc,0.23076923076923073,0.15909725654745574,0.2763224588396831,0.21770985769356943,0.0,0.0,0.018691588785046728,0.028037383177570093,nan,nan,nan,nan,nan,nan,nan,nan,126.0,0.0,0.08,0.6712334455894906,72.0,0.0,0.028169014084507043,1.4685936531692427,0.0
smc/smc_140/track.npy,smc,0.611111111111111,0.44855878852768416,0.44855878852768416,0.44855878852768416,0.13095238095238096,0.32142857142857145,0.13095238095238096,0.32142857142857145,nan,nan,nan,nan,nan,nan,nan,nan,98.0,0.0,0.010309278350515464,0.687731693721581,51.0,0.0,0.02,1.2316937521648286,0.0
smc/smc_142/track.npy,smc,0.4444444444444445,0.32974648304468257,0.33665002486660023,0.3331982539556414,0.10714285714285714,0.32142857142857145,0.10714285714285714,0.32142857142857145,nan,nan,nan,nan,nan,nan,nan,nan,66.0,0.0,0.0,0.6519742085020617,32.0,0.0,0.0,1.3748419078199074,0.0
smc/smc_143/track.npy,smc,0.5040650406504065,0.3454709004755285,0.3530491743188803,0.34926003739720435,0.056338028169014086,0.29577464788732394,0.07766990291262135,0.29577464788732394,nan,nan,nan,nan,nan,nan,nan,nan,79.0,0.0,0.01282051282051282,0.6706104789865958,46.0,0.0,0.0,1.1918563683360683,0.0
smc/smc_146/track.npy,smc,0.46315789473684216,0.2918953369967479,0.3695421058973622,0.33071872144705505,0.03225806451612903,0.08064516129032258,0.15384615384615385,0.46153846153846156,nan,nan,nan,nan,nan,nan,nan,nan,69.0,0.0,0.0,0.6890654849432151,26.0,0.0,0.0,1.5666079039833927,0.0
smc/smc_147/track.npy,smc,0.5512820512820513,0.3789352060401246,0.5094860601935399,0.4442106331168323,0.04081632653061224,0.1326530612244898,0.0782608695652174,0.391304347826087,nan,nan,nan,nan,nan,nan,nan,nan,108.0,0.0,0.0,0.8301427825766778,39.0,0.0,0.0,1.8476774181467164,0.0
smc/smc_148/track.npy,smc,0.3738317757009346,0.2704112737041236,0.2777813738248929,0.2740963237645082,0.046875,0.140625,0.046875,0.140625,nan,nan,nan,nan,nan,nan,nan,nan,69.0,0.0,0.029411764705882353,0.9650808960435878,40.0,0.0,0.02564102564102564,1.3417519225176413,0.0
smc/smc_149/track.npy,smc,0.3975155279503106,0.30356072855456245,0.4316693237095384,0.36761502613205044,0.0,0.0,0.0847457627118644,0.2542372881355932,nan,nan,nan,nan,nan,nan,nan,nan,133.0,0.03787878787878788,0.15151515151515152,0.7996937882903143,91.0,0.0,0.06666666666666667,1.0204185809170092,0.0
smc/smc_150/track.npy,smc,0.8421052631578948,0.6803842573262017,0.6803842573262017,0.6803842573262017,0.5072463768115942,0.7101449275362319,0.5072463768115942,0.7101449275362319,nan,nan,nan,nan,nan,nan,nan,nan,81.0,0.0,0.025,0.7810271333508378,47.0,0.0,0.0,1.029477133684974,0.0
smc/smc_151/track.npy,smc,0.603174603174603,0.41657723521242507,0.43549116525484155,0.4260342002336333,0.08928571428571429,0.1875,0.08928571428571429,0.1875,nan,nan,nan,nan,nan,nan,nan,nan,127.0,0.047619047619047616,0.2777777777777778,0.9903987040278868,78.0,0.0,0.03896103896103896,1.243761658953999,0.0
smc/smc_152/track.npy,smc,0.5970149253731343,0.4955275855715321,0.6214112827865064,0.5584694341790193,0.03488372093023256,0.046511627906976744,0.07368421052631578,0.45263157894736844,nan,nan,nan,nan,nan,nan,nan,nan,98.0,0.0,0.08247422680412371,0.8464360855242506,41.0,0.0,0.025,1.5680125470645547,0.0
smc/smc_153/track.npy,smc,0.6,0.44888006842373224,0.537662366518442,0.49327121747108715,0.06315789473684211,0.18947368421052632,0.1559633027522936,0.3853211009174312,nan,nan,nan,nan,nan,nan,nan,nan,111.0,0.0,0.00909090909090909,0.6365601134381501,25.0,0.0,0.0,1.2003500391284696,0.0
smc/smc_154/track.npy,smc,0.26666666666666666,0.22424035863801545,0.22424035863801545,0.22424035863801545,0.017241379310344827,0.05172413793103448,0.031746031746031744,0.07936507936507936,nan,nan,nan,nan,nan,nan,nan,nan,69.0,0.0,0.0,0.5410077652158083,24.0,0.0,0.0,1.8123558070149342,0.0
smc/smc_157/track.npy,smc,0.32989690721649484,0.23750050936766764,0.2769424050911202,0.25722145722939393,0.07547169811320754,0.22641509433962265,0.07547169811320754,0.22641509433962265,nan,nan,nan,nan,nan,nan,nan,nan,64.0,0.0,0.0,0.8853029282702194,20.0,0.0,0.0,1.3489256012134156,0.0
smc/smc_158/track.npy,smc,0.2947368421052632,0.24867963573696047,0.3055188055547147,0.2770992206458376,0.013888888888888888,0.013888888888888888,0.027777777777777776,0.08333333333333333,nan,nan,nan,nan,nan,nan,nan,nan,82.0,0.0,0.0,0.9350527208154319,37.0,0.0,0.0,1.9603867761014584,0.0
smc/smc_159/track.npy,smc,0.5132743362831859,0.35738811451991115,0.35738811451991115,0.35738811451991115,0.2033898305084746,0.6101694915254238,0.2033898305084746,0.6101694915254238,nan,nan,nan,nan,nan,nan,nan,nan,68.0,0.0,0.0,0.5834762132934898,30.0,0.0,0.0,0.9386551596240305,0.0
smc/smc_161/track.npy,smc,0.4271844660194175,0.266308417861603,0.43284537200245043,0.3495768949320267,0.029411764705882353,0.04411764705882353,0.42028985507246375,0.6811594202898551,nan,nan,nan,nan,nan,nan,nan,nan,77.0,0.0,0.0,0.5537440519979338,30.0,0.0,0.0,0.9972797448886235,0.0
smc/smc_166/track.npy,smc,0.6721311475409836,0.5457782581560761,0.6353338092369839,0.59055603369653,0.11842105263157894,0.2236842105263158,0.12087912087912088,0.4945054945054945,nan,nan,nan,nan,nan,nan,nan,nan,90.0,0.0,0.0,0.6596140479108548,37.0,0.0,0.0,1.4543286227466443,0.0
smc/smc_167/track.npy,smc,0.26086956521739124,0.1820350160177095,0.2275535873936298,0.20479430170566965,0.08333333333333333,0.10416666666666667,0.10416666666666667,0.16666666666666666,nan,nan,nan,nan,nan,nan,nan,nan,57.0,0.0,0.0,1.0604317510940517,35.0,0.0,0.0,1.5304741288234989,0.0
smc/smc_168/track.npy,smc,0.19753086419753085,0.15447622532362265,0.17889041063144004,0.16668331797753133,0.016129032258064516,0.016129032258064516,0.11290322580645161,0.1774193548387097,nan,nan,nan,nan,nan,nan,nan,nan,72.0,0.0,0.028169014084507043,1.4342824785801227,20.0,0.0,0.0,0.9848633665616067,0.0
smc/smc_169/track.npy,smc,0.6888888888888889,0.583461045576887,0.583461045576887,0.583461045576887,0.16494845360824742,0.4329896907216495,0.16494845360824742,0.4329896907216495,nan,nan,nan,nan,nan,nan,nan,nan,96.0,0.0,0.0,0.6172803517007531,45.0,0.0,0.0,1.3169068132332022,0.0
smc/smc_170/track.npy,smc,0.39263803680981596,0.3010131669222789,0.3157980875777447,0.3084056272500118,0.016666666666666666,0.05,0.016666666666666666,0.05,nan,nan,nan,nan,nan,nan,nan,nan,141.0,0.07142857142857142,0.22857142857142856,1.041905342863614,77.0,0.013157894736842105,0.05263157894736842,1.4107216212783134,0.0
smc/smc_171/track.npy,smc,0.2335766423357664,0.17409791291168047,0.27431844719635423,0.22420818005401735,0.0,0.0,0.037383177570093455,0.102803738317757,nan,nan,nan,nan,nan,nan,nan,nan,127.0,0.06349206349206349,0.20634920634920634,1.0175756451825517,90.0,0.011235955056179775,0.10112359550561797,1.2649937079147835,0.0
smc/smc_172/track.npy,smc,0.26785714285714285,0.16973528876258132,0.19593133637808996,0.18283331257033564,0.014705882352941176,0.014705882352941176,0.05747126436781609,0.11494252873563218,nan,nan,nan,nan,nan,nan,nan,nan,81.0,0.0125,0.0875,1.3176793924507315,40.0,0.0,0.02564102564102564,1.4039618164683445,0.0
smc/smc_173/track.npy,smc,0.28800000000000003,0.2378045045636557,0.35615586406712596,0.29698018431539086,0.0,0.0,0.0297029702970297,0.04950495049504951,nan,nan,nan,nan,nan,nan,nan,nan,111.0,0.01818181818181818,0.08181818181818182,0.833668943516451,51.0,0.0,0.04,1.7964296735129242,0.0
smc/smc_174/track.npy,smc,0.3458646616541354,0.2793785762738149,0.36307740738964595,0.32122799183173045,0.011494252873563218,0.04597701149425287,0.03296703296703297,0.14285714285714285,nan,nan,nan,nan,nan,nan,nan,nan,102.0,0.019801980198019802,0.10891089108910891,0.7193624755763667,68.0,0.0,0.04477611940298507,1.348028269730618,0.0
smc/smc_175/track.npy,smc,0.17910447761194032,0.12886026306579382,0.1618958442742109,0.14537805367000234,0.02040816326530612,0.061224489795918366,0.04081632653061224,0.16326530612244897,nan,nan,nan,nan,nan,nan,nan,nan,54.0,0.0,0.0,1.554392758143409,10.0,0.0,0.0,1.2552623339724887,0.0
smc/smc_176/track.npy,smc,0.4752475247524753,0.36379670706729,0.37154426881253094,0.3676704879399105,0.14285714285714285,0.25,0.14285714285714285,0.25,nan,nan,nan,nan,nan,nan,nan,nan,62.0,0.0,0.0,2.139631186610595,12.0,0.0,0.0,1.7145016062413874,0.0
smc/smc_178/track.npy,smc,0.5538461538461539,0.37362874909289623,0.5231473861919681,0.44838806764243216,0.022727272727272728,0.022727272727272728,0.7954545454545454,0.7954545454545454,nan,nan,nan,nan,nan,nan,nan,nan,50.0,0.0,0.0,0.36072342807970637,23.0,0.0,0.0,0.1306201824170632,0.0
smc/smc_179/track.npy,smc,0.2894736842105263,0.23483693192611968,0.36618017438823186,0.3005085531571758,0.01818181818181818,0.01818181818181818,0.14545454545454545,0.36363636363636365,nan,nan,nan,nan,nan,nan,nan,nan,62.0,0.01639344262295082,0.03278688524590164,0.8887369509801056,21.0,0.0,0.0,1.6947074158693922,0.0
smc/smc_181/track.npy,smc,0.3939393939393939,0.2544379863627444,0.2544379863627444,0.2544379863627444,0.0,0.0,0.0,0.0,nan,nan,nan,nan,nan,nan,nan,nan,113.0,0.0,0.0,0.24746825546932838,77.0,0.0,0.0,1.0441734530124966,0.0
smc/smc_182/track.npy,smc,0.6055045871559633,0.43957823205112523,0.4550667851468071,0.44732250859896616,0.10294117647058823,0.25,0.14814814814814814,0.4567901234567901,nan,nan,nan,nan,nan,nan,nan,nan,79.0,0.0,0.0,0.7532438520308422,43.0,0.0,0.0,0.9520088144762286,0.0
smc/smc_184/track.npy,smc,0.4489795918367347,0.347742053909887,0.46120690444881746,0.4044744791793522,0.03125,0.046875,0.208955223880597,0.6417910447761194,nan,nan,nan,nan,nan,nan,nan,nan,66.0,0.0,0.0,1.324918749473294,23.0,0.0,0.0,0.847297860387202,0.0
smc/smc_187/track.npy,smc,0.18181818181818182,0.1406044761849553,0.15361604531157222,0.14711026074826378,0.0,0.0,0.028985507246376812,0.043478260869565216,nan,nan,nan,nan,nan,nan,nan,nan,75.0,0.0,0.013513513513513514,1.2118938552444039,32.0,0.0,0.0,1.7263970324640505,0.0
smc/smc_188/track.npy,smc,0.6067415730337079,0.45701694489827505,0.6311003213616514,0.5440586331299633,0.0,0.0,0.3770491803278688,0.7213114754098361,nan,nan,nan,nan,nan,nan,nan,nan,69.0,0.0,0.0,0.3218351873703809,36.0,0.0,0.0,0.810709340737153,0.0
smc/smc_190/track.npy,smc,0.3809523809523809,0.27764590726056426,0.27764590726056426,0.27764590726056426,0.013333333333333334,0.02666666666666667,0.02666666666666667,0.09333333333333334,nan,nan,nan,nan,nan,nan,nan,nan,83.0,0.0,0.036585365853658534,0.7375989431307742,31.0,0.0,0.0,1.2953367282009167,0.0
smc/smc_192/track.npy,smc,0.17948717948717952,0.0966778395119355,0.156743609316831,0.12671072441438325,0.016666666666666666,0.016666666666666666,0.03333333333333333,0.08333333333333333,nan,nan,nan,nan,nan,nan,nan,nan,67.0,0.015151515151515152,0.045454545454545456,1.580817743705983,15.0,0.07142857142857142,0.07142857142857142,1.2940753754104883,0.0
smc/smc_193/track.npy,smc,0.4069767441860465,0.30546927775278515,0.3248067987345108,0.31513803824364794,0.023255813953488372,0.046511627906976744,0.023255813953488372,0.046511627906976744,nan,nan,nan,nan,nan,nan,nan,nan,140.0,0.03597122302158273,0.17266187050359713,0.8018786245956278,74.0,0.0410958904109589,0.0684931506849315,1.3180007943069645,0.0
smc/smc_194/track.npy,smc,0.15730337078651685,0.12813385232795454,0.18912026330969128,0.15862705781882291,0.018518518518518517,0.018518518518518517,0.028985507246376812,0.043478260869565216,nan,nan,nan,nan,nan,nan,nan,nan,64.0,0.0,0.0,1.5598252303797193,7.0,0.0,0.0,1.4901336269333638,0.0
smc/smc_195/track.npy,smc,0.4,0.32612865713438843,0.32612865713438843,0.32612865713438843,0.12631578947368421,0.25263157894736843,0.12631578947368421,0.25263157894736843,nan,nan,nan,nan,nan,nan,nan,nan,110.0,0.0,0.01834862385321101,0.6931471805599505,83.0,0.0,0.024390243902439025,1.1526795099383875,0.0
smc/smc_197/track.npy,smc,0.29411764705882354,0.16532684287291957,0.30442621717454793,0.23487653002373376,0.0,0.0,0.44680851063829785,0.6170212765957447,nan,nan,nan,nan,nan,nan,nan,nan,53.0,0.0,0.0,0.4566769361004217,26.0,0.0,0.0,0.9254354389608748,0.0
smc/smc_198/track.npy,smc,0.64,0.4596735509557791,0.4596735509557791,0.4596735509557791,0.18666666666666668,0.44,0.18666666666666668,0.44,nan,nan,nan,nan,nan,nan,nan,nan,89.0,0.0,0.022727272727272728,0.5684251085608593,44.0,0.0,0.023255813953488372,1.315291168609047,0.0
smc/smc_199/track.npy,smc,0.3698630136986301,0.2455538886197431,0.3863370749012397,0.3159454817604914,0.018867924528301886,0.03773584905660377,0.0660377358490566,0.16037735849056603,nan,nan,nan,nan,nan,nan,nan,nan,122.0,0.049586776859504134,0.18181818181818182,1.1428651700120214,71.0,0.014285714285714285,0.07142857142857142,1.3642762014116026,0.0
smc/smc_202/track.npy,smc,0.28,0.20292417288734227,0.2744988355950781,0.23871150424121018,0.029411764705882353,0.04411764705882353,0.1323529411764706,0.22058823529411764,nan,nan,nan,nan,nan,nan,nan,nan,87.0,0.03488372093023256,0.09302325581395349,0.9382696385929304,51.0,0.02,0.04,1.2576654402210257,0.0
smc/smc_203/track.npy,smc,0.23853211009174316,0.15754573342160516,0.19177466838424612,0.17466020090292564,0.02857142857142857,0.08571428571428572,0.04285714285714286,0.08571428571428572,nan,nan,nan,nan,nan,nan,nan,nan,81.0,0.0125,0.075,1.1638428540901475,36.0,0.0,0.05714285714285714,1.8321380673904961,0.0
smc/smc_204/track.npy,smc,0.42580645161290326,0.2890471439049543,0.34584888830165345,0.31744801610330386,0.019801980198019802,0.06930693069306931,0.019801980198019802,0.06930693069306931,nan,nan,nan,nan,nan,nan,nan,nan,122.0,0.01652892561983471,0.1322314049586777,0.7295151654714784,69.0,0.0,0.058823529411764705,1.3210797529920841,0.0
smc/smc_205/track.npy,smc,0.46153846153846156,0.3416487652423484,0.5200412089119534,0.4308449870771509,0.0,0.0,0.09649122807017543,0.37719298245614036,nan,nan,nan,nan,nan,nan,nan,nan,129.0,0.0234375,0.1484375,0.5596157879354255,86.0,0.011764705882352941,0.047058823529411764,1.123987307345315,0.0
smc/smc_206/track.npy,smc,0.37894736842105264,0.2868523480569348,0.2868523480569348,0.2868523480569348,0.04918032786885246,0.11475409836065574,0.04918032786885246,0.11475409836065574,nan,nan,nan,nan,nan,nan,nan,nan,65.0,0.0,0.015625,1.0952221335005408,31.0,0.0,0.0,1.098162359540302,0.0
smc/smc_207/track.npy,smc,0.5,0.3742785087907801,0.3742785087907801,0.3742785087907801,0.0821917808219178,0.2602739726027397,0.0821917808219178,0.2602739726027397,nan,nan,nan,nan,nan,nan,nan,nan,80.0,0.0,0.012658227848101266,0.9818128630936517,29.0,0.0,0.0,2.031114039762732,0.0
smc/smc_208/track.npy,smc,0.5161290322580645,0.3466124264200289,0.4938447403610904,0.42022858339055963,0.016129032258064516,0.016129032258064516,0.22580645161290322,0.7741935483870968,nan,nan,nan,nan,nan,nan,nan,nan,74.0,0.0,0.0,0.7509442374430789,35.0,0.0,0.0,0.9269820890082535,0.0
smc/smc_209/track.npy,smc,0.4893617021276596,0.3007882866329013,0.3007882866329013,0.3007882866329013,0.12962962962962962,0.37037037037037035,0.12962962962962962,0.37037037037037035,nan,nan,nan,nan,nan,nan,nan,nan,62.0,0.0,0.0,0.5740699842262748,22.0,0.0,0.0,1.1627008147122577,0.0
smc/smc_211/track.npy,smc,0.4761904761904762,0.30359038115870507,0.30359038115870507,0.30359038115870507,0.3392857142857143,0.4642857142857143,0.3392857142857143,0.4642857142857143,nan,nan,nan,nan,nan,nan,nan,nan,64.0,0.0,0.015873015873015872,0.6071104933132554,34.0,0.0,0.0,0.8939861502107893,0.0
smc/smc_212/track.npy,smc,0.2962962962962963,0.20208712980538432,0.2083377345102841,0.2052124321578342,0.0,0.0,0.05263157894736842,0.14035087719298245,nan,nan,nan,nan,nan,nan,nan,nan,69.0,0.0,0.014705882352941176,0.9446578462842176,21.0,0.0,0.0,2.1742781044003254,0.0
smc/smc_213/track.npy,smc,0.36,0.30107736106174376,0.41344397748732914,0.3572606692745365,0.06451612903225806,0.12903225806451613,0.16,0.37333333333333335,nan,nan,nan,nan,nan,nan,nan,nan,71.0,0.0,0.0,0.5471701889572759,26.0,0.0,0.0,1.3862023292507586,0.0
smc/smc_214/track.npy,smc,0.2619047619047619,0.17356426680193207,0.20689621272741948,0.1902302397646758,0.016666666666666666,0.05,0.03333333333333333,0.13333333333333333,nan,nan,nan,nan,nan,nan,nan,nan,64.0,0.0,0.015873015873015872,1.548371518791402,17.0,0.0,0.0,2.0119807041652735,0.0
smc/smc_215/track.npy,smc,0.4552845528455285,0.3588991794001219,0.3950885966718599,0.3769938880359909,0.0,0.0,0.03333333333333333,0.2222222222222222,nan,nan,nan,nan,nan,nan,nan,nan,101.0,0.01,0.03,0.6422217853422413,55.0,0.0,0.0,1.4205259562864665,0.0
smc/smc_216/track.npy,smc,0.33333333333333326,0.22526786034576307,0.31185653763581445,0.26856219899078876,0.011904761904761904,0.047619047619047616,0.03571428571428571,0.14285714285714285,nan,nan,nan,nan,nan,nan,nan,nan,96.0,0.031578947368421054,0.08421052631578947,1.266698767544001,53.0,0.0,0.0,1.5455212266791563,0.0
smc/smc_217/track.npy,smc,0.4597701149425288,0.32140901497523433,0.42879539564127594,0.3751022053082551,0.0,0.0,0.29508196721311475,0.47540983606557374,nan,nan,nan,nan,nan,nan,nan,nan,63.0,0.0,0.0,0.47445797959511016,20.0,0.0,0.0,0.6245548490538327,0.0
smc/smc_219/track.npy,smc,0.5555555555555556,0.4714942991424194,0.596352031379128,0.5339231652607737,0.06315789473684211,0.12631578947368421,0.15463917525773196,0.4948453608247423,nan,nan,nan,nan,nan,nan,nan,nan,104.0,0.0,0.038834951456310676,0.5998312446799813,58.0,0.0,0.017543859649122806,1.291300638452171,0.0
smc/smc_220/track.npy,smc,0.430379746835443,0.314456131241064,0.3512223381615821,0.33283923470132304,0.008620689655172414,0.04310344827586207,0.04310344827586207,0.06896551724137931,nan,nan,nan,nan,nan,nan,nan,nan,133.0,0.022727272727272728,0.12878787878787878,0.8163473872991818,67.0,0.0,0.06060606060606061,1.192731605853945,0.0
smc/smc_221/track.npy,smc,0.23728813559322037,0.1884937528590622,0.2595999857704733,0.22404686931476775,0.011363636363636364,0.022727272727272728,0.022727272727272728,0.06818181818181818,nan,nan,nan,nan,nan,nan,nan,nan,96.0,0.010526315789473684,0.1368421052631579,0.983652146025056,53.0,0.0,0.057692307692307696,1.3377124868930663,0.0
smc/smc_222/track.npy,smc,0.23157894736842105,0.19456891566244308,0.29858371304819903,0.24657631435532107,0.0,0.0,0.14285714285714285,0.21428571428571427,nan,nan,nan,nan,nan,nan,nan,nan,81.0,0.0,0.0,0.731377724925804,40.0,0.0,0.0,1.6307156653606674,0.0
smc/smc_223/track.npy,smc,0.3709677419354839,0.27311069515058256,0.3126384179902452,0.2928745565704139,0.02197802197802198,0.02197802197802198,0.02197802197802198,0.07692307692307693,nan,nan,nan,nan,nan,nan,nan,nan,106.0,0.0,0.009523809523809525,0.6439198017555234,54.0,0.0,0.0,1.3103116749554429,0.0
smc/smc_224/track.npy,smc,0.2638888888888889,0.1650657971142977,0.24289314970982337,0.20397947341206052,0.0,0.0,0.009345794392523364,0.009345794392523364,nan,nan,nan,nan,nan,nan,nan,nan,123.0,0.0,0.09016393442622951,0.5340824859302584,62.0,0.0,0.06557377049180328,1.2950185590823065,0.0
smc/smc_225/track.npy,smc,0.37168141592920356,0.2465588382660461,0.2641301134068479,0.255344475836447,0.0,0.0,0.022727272727272728,0.045454545454545456,nan,nan,nan,nan,nan,nan,nan,nan,100.0,0.0,0.04040404040404041,0.6536051672702938,62.0,0.0,0.0,1.256581617434601,0.0
smc/smc_226/track.npy,smc,0.4035087719298246,0.2782355344922449,0.2782355344922449,0.2782355344922449,0.012195121951219513,0.024390243902439025,0.06097560975609756,0.08536585365853659,nan,nan,nan,nan,nan,nan,nan,nan,89.0,0.0,0.0,0.7872252915182001,37.0,0.0,0.0,1.4191698882506607,0.0
smc/smc_227/track.npy,smc,0.3619047619047619,0.28381858970441126,0.34809201153208563,0.31595530061824845,0.029850746268656716,0.07462686567164178,0.09333333333333334,0.38666666666666666,nan,nan,nan,nan,nan,nan,nan,nan,76.0,0.0,0.0,0.829212979624262,17.0,0.0,0.0,1.3369618717237661,0.0
smc/smc_229/track.npy,smc,0.6194690265486726,0.46844703509158886,0.4694176517959197,0.4689323434437543,0.07246376811594203,0.30434782608695654,0.08045977011494253,0.3333333333333333,nan,nan,nan,nan,nan,nan,nan,nan,81.0,0.0,0.0,0.7736413562689368,43.0,0.0,0.0,1.8813716279177402,0.0
smc/smc_232/track.npy,smc,0.5857142857142857,0.45998839433423505,0.45998839433423505,0.45998839433423505,0.17105263157894737,0.3684210526315789,0.17105263157894737,0.3684210526315789,nan,nan,nan,nan,nan,nan,nan,nan,88.0,0.0,0.0,0.6557829228024177,36.0,0.0,0.0,1.5729797591109187,0.0
smc/smc_235/track.npy,smc,0.34210526315789475,0.2544813515903768,0.290788829042905,0.2726350903166409,0.0,0.0,0.06896551724137931,0.11206896551724138,nan,nan,nan,nan,nan,nan,nan,nan,135.0,0.06716417910447761,0.16417910447761194,0.6647251666275211,84.0,0.012048192771084338,0.04819277108433735,1.2623455684336211,0.0
smc/smc_236/track.npy,smc,0.3779527559055118,0.2877643362639835,0.2877643362639835,0.2877643362639835,0.0,0.0,0.010416666666666666,0.010416666666666666,nan,nan,nan,nan,nan,nan,nan,nan,109.0,0.0,0.037037037037037035,0.9082058242799442,53.0,0.0,0.019230769230769232,1.465596876208214,0.0
smc/smc_237/track.npy,smc,0.31304347826086953,0.20440324187325862,0.26825787835840914,0.23633056011583387,0.0,0.0,0.06493506493506493,0.16883116883116883,nan,nan,nan,nan,nan,nan,nan,nan,83.0,0.036585365853658534,0.07317073170731707,0.8031480757742735,37.0,0.0,0.0,1.1218282877527344,0.0
smc/smc_239/track.npy,smc,0.21176470588235294,0.14420075477314062,0.31365916113474535,0.228929957953943,0.0,0.0,0.21052631578947367,0.40350877192982454,nan,nan,nan,nan,nan,nan,nan,nan,65.0,0.0,0.0,0.7851783780819692,27.0,0.0,0.0,1.6412836419244323,0.0
smc/smc_241/track.npy,smc,0.2689075630252101,0.15710926533561081,0.17383323585311983,0.16547125059436532,0.02631578947368421,0.06578947368421052,0.03529411764705882,0.06578947368421052,nan,nan,nan,nan,nan,nan,nan,nan,89.0,0.03409090909090909,0.06818181818181818,0.9158551454093398,62.0,0.0,0.0,0.8936706156151221,0.0
smc/smc_242/track.npy,smc,0.64,0.4036774417861333,0.4036774417861333,0.4036774417861333,0.34545454545454546,0.5454545454545454,0.34545454545454546,0.5454545454545454,nan,nan,nan,nan,nan,nan,nan,nan,62.0,0.0,0.0,0.6702717878453717,30.0,0.0,0.0,0.7337101919328608,0.0
smc/smc_243/track.npy,smc,0.4,0.3013447638923825,0.31869928714050527,0.31002202551644387,0.014705882352941176,0.014705882352941176,0.04411764705882353,0.08823529411764706,nan,nan,nan,nan,nan,nan,nan,nan,79.0,0.0,0.0,0.6666174856135636,32.0,0.0,0.0,1.3105592007419538,0.0
smc/smc_244/track.npy,smc,0.3230769230769231,0.22010547673415765,0.22010547673415765,0.22010547673415765,0.029850746268656716,0.1044776119402985,0.029850746268656716,0.1044776119402985,nan,nan,nan,nan,nan,nan,nan,nan,77.0,0.0,0.039473684210526314,1.00664430008372,38.0,0.0,0.02702702702702703,1.2503330428233728,0.0
smc/smc_248/track.npy,smc,0.47619047619047616,0.3695598275795635,0.38658951066224606,0.3780746691209048,0.13513513513513514,0.25675675675675674,0.13513513513513514,0.25675675675675674,nan,nan,nan,nan,nan,nan,nan,nan,86.0,0.0,0.023529411764705882,0.7099102697167612,47.0,0.0,0.0,1.346188290346582,0.0
smc/smc_249/track.npy,smc,0.5517241379310346,0.4370796039895407,0.4370796039895407,0.4370796039895407,0.075,0.15,0.075,0.15,nan,nan,nan,nan,nan,nan,nan,nan,98.0,0.010309278350515464,0.020618556701030927,1.0484895849493512,47.0,0.0,0.0,1.0912420926460196,0.0
smc/smc_251/track.npy,smc,0.5859872611464968,0.4526036193187721,0.5156596915298417,0.4841316554243069,0.07526881720430108,0.24731182795698925,0.14960629921259844,0.24731182795698925,nan,nan,nan,nan,nan,nan,nan,nan,114.0,0.008849557522123894,0.061946902654867256,0.6817801063954017,55.0,0.0,0.0,1.3021807035926742,0.0
smc/smc_252/track.npy,smc,0.6040268456375839,0.4619872795487257,0.6084970728313357,0.5352421761900307,0.07368421052631578,0.11578947368421053,0.14018691588785046,0.5046728971962616,nan,nan,nan,nan,nan,nan,nan,nan,102.0,0.0,0.0,0.3942351489007227,28.0,0.0,0.0,2.081677569869283,0.0
smc/smc_253/track.npy,smc,0.4696969696969696,0.3372250274550534,0.3372250274550534,0.3372250274550534,0.010752688172043012,0.053763440860215055,0.021505376344086023,0.053763440860215055,nan,nan,nan,nan,nan,nan,nan,nan,105.0,0.0,0.0,0.7282385003712084,43.0,0.0,0.0,1.6784307839210477,0.0
smc/smc_254/track.npy,smc,0.3119266055045871,0.2793499962525309,0.2793499962525309,0.2793499962525309,0.22807017543859648,0.2631578947368421,0.22807017543859648,0.2631578947368421,nan,nan,nan,nan,nan,nan,nan,nan,59.0,0.0,0.0,0.6129161139054538,31.0,0.0,0.0,1.0414433989725218,0.0
smc/smc_255/track.npy,smc,0.7216494845360825,0.5531332436529767,0.6024441540281943,0.5777886988405855,0.16666666666666666,0.21666666666666667,0.16666666666666666,0.4794520547945205,nan,nan,nan,nan,nan,nan,nan,nan,69.0,0.0,0.0,0.6870863683646897,35.0,0.0,0.0,1.1072443892507864,0.0
smc/smc_256/track.npy,smc,0.36,0.29866660362005343,0.32125727266537385,0.30996193814271367,0.0,0.0,0.028169014084507043,0.04225352112676056,nan,nan,nan,nan,nan,nan,nan,nan,73.0,0.0,0.0,0.6840705832061729,41.0,0.0,0.0,1.0823631523813657,0.0
smc/smc_257/track.npy,smc,0.6323529411764706,0.48705566639046366,0.48705566639046366,0.48705566639046366,0.17647058823529413,0.4852941176470588,0.17647058823529413,0.4852941176470588,nan,nan,nan,nan,nan,nan,nan,nan,78.0,0.0,0.0,0.8484869250055604,43.0,0.0,0.0,1.517322623526295,0.0
smc/smc_258/track.npy,smc,0.25136612021857924,0.2060248960241488,0.33910351412322653,0.27256420507368767,0.007633587786259542,0.015267175572519083,0.015267175572519083,0.015267175572519083,nan,nan,nan,nan,nan,nan,nan,nan,152.0,0.23841059602649006,0.6556291390728477,1.2955485228636494,99.0,0.05102040816326531,0.2755102040816326,1.4011159555506352,0.0
smc/smc_259/track.npy,smc,0.33027522935779813,0.23611872631090616,0.33441626640316746,0.2852674963570368,0.03614457831325301,0.07228915662650602,0.0963855421686747,0.2289156626506024,nan,nan,nan,nan,nan,nan,nan,nan,91.0,0.0,0.022222222222222223,0.7857261151772134,57.0,0.0,0.0,1.1001785893889975,0.0
smc/smc_260/track.npy,smc,0.7377049180327868,0.5670914929582311,0.5670914929582311,0.5670914929582311,0.14492753623188406,0.43478260869565216,0.14492753623188406,0.43478260869565216,nan,nan,nan,nan,nan,nan,nan,nan,78.0,0.0,0.0,0.5280198322506987,57.0,0.0,0.0,0.9785223970427699,0.0
smc/smc_261/track.npy,smc,0.38596491228070173,0.2572944742292909,0.33367792050103107,0.295486197365161,0.07692307692307693,0.10256410256410256,0.07692307692307693,0.20512820512820512,nan,nan,nan,nan,nan,nan,nan,nan,81.0,0.0125,0.1125,0.8060335893101372,43.0,0.0,0.0,1.6691571471357158,0.0
smc/smc_262/track.npy,smc,0.7741935483870968,0.6304676434764142,0.6304676434764142,0.6304676434764142,0.20634920634920634,0.6825396825396826,0.20634920634920634,0.6825396825396826,nan,nan,nan,nan,nan,nan,nan,nan,67.0,0.0,0.0,0.8424940139615087,38.0,0.0,0.0,1.7746323833374555,0.0
smc/smc_263/track.npy,smc,0.41237113402061853,0.3226849442544398,0.3226849442544398,0.3226849442544398,0.014705882352941176,0.014705882352941176,0.07352941176470588,0.22058823529411764,nan,nan,nan,nan,nan,nan,nan,nan,76.0,0.0,0.0,0.5913042824508448,32.0,0.0,0.0,1.6059108696739004,0.0
smc/smc_264/track.npy,smc,0.3571428571428571,0.23295811370663802,0.37096107781726484,0.3019595957619514,0.0,0.0,0.05102040816326531,0.3163265306122449,nan,nan,nan,nan,nan,nan,nan,nan,105.0,0.0,0.038461538461538464,0.629444375894762,43.0,0.0,0.047619047619047616,1.6784307839210477,0.0
smc/smc_265/track.npy,smc,0.6987951807228916,0.528162161547331,0.528162161547331,0.528162161547331,0.08333333333333333,0.5238095238095238,0.08333333333333333,0.5238095238095238,nan,nan,nan,nan,nan,nan,nan,nan,92.0,0.0,0.01098901098901099,0.6304531807766082,42.0,0.0,0.024390243902439025,1.1928545136483257,0.0
smc/smc_266/track.npy,smc,0.34408602150537637,0.2981670654682809,0.37147161443335197,0.3348193399508165,0.015384615384615385,0.015384615384615385,0.1076923076923077,0.36923076923076925,nan,nan,nan,nan,nan,nan,nan,nan,72.0,0.0,0.0,0.9061779467407239,38.0,0.0,0.0,1.0278507206904157,0.0
smc/smc_269/track.npy,smc,0.3773584905660377,0.24425908995089396,0.4108669591683133,0.3275630245596036,0.0,0.0,0.18666666666666668,0.4,nan,nan,nan,nan,nan,nan,nan,nan,83.0,0.0,0.024390243902439025,0.6592456288842703,37.0,0.0,0.0,1.9598528652742546,0.0
smc/smc_271/track.npy,smc,0.9090909090909091,0.8530644858186922,0.8530644858186922,0.8530644858186922,0.4262295081967213,0.8524590163934426,0.4262295081967213,0.8524590163934426,nan,nan,nan,nan,nan,nan,nan,nan,70.0,0.0,0.0,0.2982893852173475,35.0,0.0,0.0,0.07560459226743613,0.0
smc/smc_272/track.npy,smc,0.6408839779005524,0.6264922821529344,0.6264922821529344,0.6264922821529344,0.0,0.0,0.5245901639344263,0.5245901639344263,nan,nan,nan,nan,nan,nan,nan,nan,69.0,0.0,0.0,0.0470574231627774,18.0,0.0,0.0,0.008658062743114092,0.0
smc/smc_273/track.npy,smc,1.0,0.8235906694473749,0.8235906694473749,0.8235906694473749,1.0,1.0,1.0,1.0,nan,nan,nan,nan,nan,nan,nan,nan,64.0,0.0,0.0,0.031748698314585266,16.0,0.0,0.0,0.011945237928777974,0.0
smc/smc_274/track.npy,smc,0.1894736842105263,0.15776594322796836,0.700503472225179,0.42913470772657364,0.0,0.0,0.3177570093457944,0.5887850467289719,nan,nan,nan,nan,nan,nan,nan,nan,127.0,0.07142857142857142,0.2777777777777778,0.6931471805599416,53.0,0.038461538461538464,0.1346153846153846,2.12435265200921,0.0
smc/smc_275/track.npy,smc,0.4946236559139785,0.40821400604910585,0.40821400604910585,0.40821400604910585,0.0,0.0,0.0,0.0,nan,nan,nan,nan,nan,nan,nan,nan,80.0,0.0,0.0,0.08004270767353491,37.0,0.0,0.0,0.7233002187306375,0.0
smc/smc_276/track.npy,smc,0.6666666666666666,0.6247797567406621,0.9371696350964327,0.7809746959185474,0.0,0.0,1.0,1.0,nan,nan,nan,nan,nan,nan,nan,nan,63.0,0.0,0.0,0.031252543504104224,16.0,0.0,0.0,0.00784317746102714,0.0
smc/smc_277/track.npy,smc,0.673913043478261,0.6491794636872733,0.9376146566430887,0.793397060165181,0.0,0.0,1.0,1.0,nan,nan,nan,nan,nan,nan,nan,nan,70.0,0.0,0.0,0.1078557202574853,35.0,0.0,0.0,0.04192909315499016,0.0
smc/smc_278/track.npy,smc,0.9917355371900827,0.8568523040719647,0.8568523040719647,0.8568523040719647,0.9836065573770492,0.9836065573770492,0.9836065573770492,0.9836065573770492,nan,nan,nan,nan,nan,nan,nan,nan,70.0,0.0,0.0,0.035091319811285854,30.0,0.0,0.0,0.7105389232718142,0.0
smc/smc_279/track.npy,smc,1.0,0.897654048819956,0.897654048819956,0.897654048819956,1.0,1.0,1.0,1.0,nan,nan,nan,nan,nan,nan,nan,nan,69.0,0.0,0.0,0.05218575317057158,35.0,0.0,0.0,0.02432105621901504,0.0
smc/smc_280/track.npy,smc,1.0,0.9156724667058799,0.9156724667058799,0.9156724667058799,1.0,1.0,1.0,1.0,nan,nan,nan,nan,nan,nan,nan,nan,57.0,0.0,0.0,0.057158413839947846,24.0,0.0,0.0,0.7071554485260018,0.0
smc/smc_281/track.npy,smc,1.0,0.8959497678240197,0.8959497678240197,0.8959497678240197,1.0,1.0,1.0,1.0,nan,nan,nan,nan,nan,nan,nan,nan,62.0,0.0,0.0,0.04725288485054666,18.0,0.0,0.0,0.21039855508354866,0.0
smc/smc_282/track.npy,smc,0.9818181818181818,0.9220343334190637,0.9220343334190637,0.9220343334190637,0.6909090909090909,0.9636363636363636,0.6909090909090909,0.9636363636363636,nan,nan,nan,nan,nan,nan,nan,nan,63.0,0.0,0.0,0.03174869831457383,30.0,0.0,0.0,0.01574835696813974,0.0
smc/smc_283/track.npy,smc,0.9423076923076924,0.8463800386263881,0.8463800386263881,0.8463800386263881,0.8518518518518519,0.8518518518518519,0.8518518518518519,0.8518518518518519,nan,nan,nan,nan,nan,nan,nan,nan,66.0,0.0,0.0,0.2314703046407815,30.0,0.0,0.0,0.9153193067489602,0.0
smc/smc_284/track.npy,smc,0.9827586206896551,0.8570926797229181,0.8570926797229181,0.8570926797229181,0.6379310344827587,0.9827586206896551,0.6379310344827587,0.9827586206896551,nan,nan,nan,nan,nan,nan,nan,nan,67.0,0.0,0.0,0.09762668742599709,19.0,0.0,0.0,0.7047657331360431,0.0
smc/smc_285/track.npy,smc,0.16993464052287582,0.14264149676173307,0.7149397165671317,0.4287906066644324,0.0,0.0,0.1686746987951807,0.6506024096385542,nan,nan,nan,nan,nan,nan,nan,nan,104.0,0.0,0.009708737864077669,0.6131044728864242,51.0,0.0,0.0,1.2552761787699707,0.0
smc/smc_286/track.npy,smc,1.0,0.9539653075557991,0.9539653075557991,0.9539653075557991,1.0,1.0,1.0,1.0,nan,nan,nan,nan,nan,nan,nan,nan,59.0,0.0,0.0,0.0588405000229373,30.0,0.0,0.0,0.04120038018776158,0.0
smc/smc_287/track.npy,smc,1.0,0.8310778525532836,0.8310778525532836,0.8310778525532836,1.0,1.0,1.0,1.0,nan,nan,nan,nan,nan,nan,nan,nan,68.0,0.0,0.0,0.03390155167568665,33.0,0.0,0.0,0.3465735902799742,0.0
smc/smc_288/track.npy,smc,0.9243697478991596,0.836068228089756,0.836068228089756,0.836068228089756,0.6166666666666667,0.8833333333333333,0.6166666666666667,0.8833333333333333,nan,nan,nan,nan,nan,nan,nan,nan,68.0,0.0,0.0,0.3605590087579862,22.0,0.0,0.0,0.7036856484548627,0.0
smc/smc_289/track.npy,smc,1.0,0.789682545201087,0.789682545201087,0.789682545201087,1.0,1.0,1.0,1.0,nan,nan,nan,nan,nan,nan,nan,nan,66.0,0.0,0.0,0.06669137449866919,32.0,0.0,0.0,0.3990227982956038,0.0
