piece,dataset,beat_fmeasure,beat_cemgil,beat_cemgil_max,beat_cemgil_bt_legacy,beat_cmlc,beat_cmlt,beat_amlc,beat_amlt,downbeat_fmeasure,downbeat_cemgil,downbeat_cemgil_max,downbeat_cemgil_bt_legacy,downbeat_cmlc,downbeat_cmlt,downbeat_amlc,downbeat_amlt,beat_diag_count,beat_diag_ibi_lt_140ms,beat_diag_ibi_lt_200ms,beat_diag_log_ibi_jump_p95,downbeat_diag_count,downbeat_diag_ibi_lt_140ms,downbeat_diag_ibi_lt_200ms,downbeat_diag_log_ibi_jump_p95,downbeats_off_beat
smc/smc_001/track.npy,smc,0.35714285714285715,0.28363739218465495,0.28363739218465495,0.28363739218465495,0.0,0.0,0.0,0.0,nan,nan,nan,nan,nan,nan,nan,nan,96.0,0.0,0.0,0.10008345855698153,32.0,0.0,0.0,0.03333642026759461,0.0
smc/smc_002/track.npy,smc,0.3368421052631579,0.27524623353883026,0.34405779069978637,0.3096520121193083,0.0,0.0,0.0,0.0,nan,nan,nan,nan,nan,nan,nan,nan,66.0,0.0,0.0,0.07074382555962429,22.0,0.0,0.0,0.07742860723977993,0.0
smc/smc_003/track.npy,smc,0.42016806722689076,0.33851200036070633,0.5033329208018049,0.4209224605812556,0.0,0.0,0.20987654320987653,0.5555555555555556,nan,nan,nan,nan,nan,nan,nan,nan,94.0,0.0,0.0,0.09531017980433942,24.0,0.0,0.0,0.07759055962168185,0.0
smc/smc_004/track.npy,smc,0.2758620689655172,0.20868037519728289,0.20868037519728289,0.20868037519728289,0.030303030303030304,0.030303030303030304,0.08,0.12,nan,nan,nan,nan,nan,nan,nan,nan,28.0,0.0,0.0,0.10943973906230942,10.0,0.0,0.0,0.07852374710368187,0.0
smc/smc_005/track.npy,smc,0.18965517241379312,0.15289868523481862,0.27828880029820363,0.2155937427665111,0.0,0.0,0.0,0.0,nan,nan,nan,nan,nan,nan,nan,nan,106.0,0.0,0.0,0.11122563511022432,27.0,0.0,0.0,0.07253048020790183,0.0
smc/smc_006/track.npy,smc,0.2807017543859649,0.2385794834090611,0.34869309084614475,0.2936362871276029,0.05555555555555555,0.05555555555555555,0.05555555555555555,0.05555555555555555,nan,nan,nan,nan,nan,nan,nan,nan,24.0,0.0,0.0,0.1052251975779386,8.0,0.0,0.0,0.09669654719677923,0.0
smc/smc_007/track.npy,smc,0.26415094339622636,0.18593034623087118,0.21603031765044325,0.20098033194065723,0.06666666666666667,0.06666666666666667,0.06666666666666667,0.06666666666666667,nan,nan,nan,nan,nan,nan,nan,nan,27.0,0.0,0.0,0.08107377098997444,9.0,0.0,0.0,0.08661223014552438,0.0
smc/smc_008/track.npy,smc,0.37878787878787884,0.3011410006561168,0.32380705561954953,0.3124740281378332,0.0,0.0,0.0,0.0,nan,nan,nan,nan,nan,nan,nan,nan,61.0,0.0,0.0,0.11778303565638104,16.0,0.0,0.0,0.02247285585205832,0.0
smc/smc_009/track.npy,smc,0.4122137404580152,0.27479939171527923,0.27479939171527923,0.27479939171527923,0.0,0.0,0.0,0.0,nan,nan,nan,nan,nan,nan,nan,nan,111.0,0.0,0.0,0.11778303565638115,37.0,0.0,0.0,0.037740327982847814,0.0
smc/smc_010/track.npy,smc,0.9333333333333333,0.751011571819055,0.751011571819055,0.751011571819055,1.0,1.0,1.0,1.0,nan,nan,nan,nan,nan,nan,nan,nan,51.0,0.0,0.0,0.10227169722026383,17.0,0.0,0.0,0.03885619650707142,0.0
smc/smc_011/track.npy,smc,0.4871794871794872,0.38874110101055304,0.38874110101055304,0.38874110101055304,0.0196078431372549,0.0196078431372549,0.2222222222222222,0.37037037037037035,nan,nan,nan,nan,nan,nan,nan,nan,31.0,0.0,0.0,0.1036590901547143,8.0,0.0,0.0,0.05870348894863675,0.0
smc/smc_012/track.npy,smc,0.4130434782608696,0.33474145312154935,0.3443517200831633,0.3395465866023563,0.3137254901960784,0.3137254901960784,0.3137254901960784,0.3137254901960784,nan,nan,nan,nan,nan,nan,nan,nan,46.0,0.0,0.0,0.12014431184206067,12.0,0.0,0.0,0.18146582333264127,0.0
smc/smc_013/track.npy,smc,0.8571428571428571,0.6618570422096463,0.6618570422096463,0.6618570422096463,0.5,0.9285714285714286,0.5,0.9285714285714286,nan,nan,nan,nan,nan,nan,nan,nan,64.0,0.0,0.0,0.06669137449868189,16.0,0.0,0.0,0.03514153691600164,0.0
smc/smc_014/track.npy,smc,0.3142857142857143,0.2376726581568003,0.284092355188706,0.26088250667275314,0.0,0.0,0.44,0.48,nan,nan,nan,nan,nan,nan,nan,nan,28.0,0.0,0.0,0.10356199742314538,10.0,0.0,0.0,0.16416771438415997,0.0
smc/smc_015/track.npy,smc,0.13043478260869565,0.08994232982383767,0.15074116757749395,0.1203417487006658,0.08,0.12,0.12,0.16,nan,nan,nan,nan,nan,nan,nan,nan,29.0,0.0,0.0,0.15832255984236873,10.0,0.0,0.0,0.09928489820056137,0.0
smc/smc_016/track.npy,smc,0.5245901639344263,0.41501898614537025,0.6329039538716896,0.52396147000853,0.0,0.0,1.0,1.0,nan,nan,nan,nan,nan,nan,nan,nan,23.0,0.0,0.0,0.059188871390331466,7.0,0.0,0.0,0.04784094489819241,0.0
smc/smc_017/track.npy,smc,0.3571428571428571,0.27994005907807334,0.3939059637643021,0.33692301142118775,0.0,0.0,0.20408163265306123,0.30612244897959184,nan,nan,nan,nan,nan,nan,nan,nan,113.0,0.0,0.0,0.1177830356563837,38.0,0.0,0.0,0.07020425867324781,0.0
smc/smc_018/track.npy,smc,0.10958904109589039,0.08396624693432973,0.12871777647686827,0.10634201170559901,0.0,0.0,0.25,0.375,nan,nan,nan,nan,nan,nan,nan,nan,28.0,0.0,0.0,0.132740986326362,10.0,0.0,0.0,0.12273416780741199,0.0
smc/smc_019/track.npy,smc,0.1702127659574468,0.11359104879526488,0.371232362451316,0.24241170562329045,0.16666666666666666,0.16666666666666666,0.75,0.75,nan,nan,nan,nan,nan,nan,nan,nan,28.0,0.0,0.0,0.0927515129698964,7.0,0.0,0.0,0.026797684114467212,0.0
smc/smc_021/track.npy,smc,0.430379746835443,0.3083727362308554,0.45964992758938833,0.3840113319101219,0.0,0.0,0.7407407407407407,0.9259259259259259,nan,nan,nan,nan,nan,nan,nan,nan,29.0,0.0,0.0,0.08455738802806378,10.0,0.0,0.0,0.07334576805980009,0.0
smc/smc_022/track.npy,smc,0.2857142857142857,0.21079507113826482,0.2290973985519624,0.2199462348451136,0.0,0.0,0.04,0.08,nan,nan,nan,nan,nan,nan,nan,nan,29.0,0.0,0.0,0.12718273341725259,10.0,0.0,0.0,0.10145137473460861,0.0
smc/smc_023/track.npy,smc,0.36538461538461536,0.28209402108316195,0.4803908531631046,0.38124243712313327,0.0,0.0,0.0,0.0,nan,nan,nan,nan,nan,nan,nan,nan,93.0,0.0,0.0,0.10272198710740177,23.0,0.0,0.0,0.1039897135240454,0.0
smc/smc_024/track.npy,smc,0.3709677419354838,0.30580505986702383,0.3189373965964228,0.3123712282317233,0.0,0.0,0.22448979591836735,0.24489795918367346,nan,nan,nan,nan,nan,nan,nan,nan,53.0,0.0,0.0,0.12136085700425939,18.0,0.0,0.0,0.24230220643908346,0.0
smc/smc_026/track.npy,smc,0.3361344537815126,0.2166646568277432,0.2166646568277432,0.2166646568277432,0.0,0.0,0.0,0.0,nan,nan,nan,nan,nan,nan,nan,nan,103.0,0.0,0.0,0.11122563511022432,35.0,0.0,0.0,0.04160319101200312,0.0
smc/smc_027/track.npy,smc,0.41441441441441434,0.29648563610230727,0.43506460112721623,0.36577511861476175,0.0,0.0,0.16216216216216217,0.6756756756756757,nan,nan,nan,nan,nan,nan,nan,nan,83.0,0.0,0.0,0.0870113769896318,21.0,0.0,0.0,0.08699099456407108,0.0
smc/smc_028/track.npy,smc,0.3736263736263736,0.28377211176027517,0.3307198489107705,0.30724598033552286,0.0,0.0,0.12903225806451613,0.2903225806451613,nan,nan,nan,nan,nan,nan,nan,nan,31.0,0.0,0.0,0.1616029245199443,10.0,0.0,0.0,0.22636690981283086,0.0
smc/smc_030/track.npy,smc,0.6091954022988506,0.46929160432944445,0.7039373742496576,0.5866144892895511,0.0,0.0,0.7931034482758621,0.9827586206896551,nan,nan,nan,nan,nan,nan,nan,nan,67.0,0.0,0.0,0.06669137449867363,23.0,0.0,0.0,0.034289073478632304,0.0
smc/smc_032/track.npy,smc,0.3404255319148936,0.2498762308414911,0.2498762308414911,0.2498762308414911,0.0,0.0,0.275,0.275,nan,nan,nan,nan,nan,nan,nan,nan,48.0,0.0,0.0,0.12046640166729847,16.0,0.0,0.0,0.16427666165175137,0.0
smc/smc_033/track.npy,smc,0.5046728971962616,0.3408170804291108,0.3408170804291108,0.3408170804291108,0.16666666666666666,0.6296296296296297,0.16666666666666666,0.6296296296296297,nan,nan,nan,nan,nan,nan,nan,nan,63.0,0.0,0.0,0.1213608570042648,21.0,0.0,0.0,0.11784524289508083,0.0
smc/smc_034/track.npy,smc,0.6306306306306306,0.4807868038788365,0.7177402740930839,0.5992635389859602,0.0,0.0,0.8513513513513513,0.9324324324324325,nan,nan,nan,nan,nan,nan,nan,nan,84.0,0.0,0.0,0.0870113769896356,21.0,0.0,0.0,0.044024699339185264,0.0
smc/smc_035/track.npy,smc,0.1627906976744186,0.0996945791302224,0.12425700315410673,0.11197579114216456,0.0,0.0,0.0,0.0,nan,nan,nan,nan,nan,nan,nan,nan,59.0,0.0,0.0,0.11849859992596673,20.0,0.0,0.0,0.04152651076384049,0.0
smc/smc_036/track.npy,smc,0.5818181818181818,0.4809140134537421,0.7361631580530552,0.6085385857533987,0.0,0.0,0.5135135135135135,0.8918918918918919,nan,nan,nan,nan,nan,nan,nan,nan,84.0,0.0,0.0,0.08701137698961237,21.0,0.0,0.0,0.06452042365200143,0.0
smc/smc_037/track.npy,smc,0.2711864406779661,0.21192098899056191,0.23624258136100323,0.2240817851757826,0.058823529411764705,0.11764705882352941,0.058823529411764705,0.11764705882352941,nan,nan,nan,nan,nan,nan,nan,nan,28.0,0.0,0.0,0.12610699765564778,10.0,0.0,0.0,0.08398142129954307,0.0
smc/smc_038/track.npy,smc,0.2580645161290323,0.20636530529983965,0.2494122798644343,0.22788879258213696,0.027777777777777776,0.05555555555555555,0.038461538461538464,0.05555555555555555,nan,nan,nan,nan,nan,nan,nan,nan,30.0,0.0,0.0,0.12323264042394538,10.0,0.0,0.0,0.045192749319426684,0.0
smc/smc_041/track.npy,smc,0.31746031746031744,0.24318556651915826,0.34185224047386803,0.29251890349651316,0.0,0.0,0.4090909090909091,0.5909090909090909,nan,nan,nan,nan,nan,nan,nan,nan,25.0,0.0,0.0,0.09519788332986205,7.0,0.0,0.0,0.10056216338036905,0.0
smc/smc_042/track.npy,smc,0.5750000000000001,0.42558169439874804,0.6644886826954348,0.5450351885470914,0.0,0.0,0.7358490566037735,0.9811320754716981,nan,nan,nan,nan,nan,nan,nan,nan,61.0,0.0,0.0,0.09457702323569127,16.0,0.0,0.0,0.08651861669021263,0.0
smc/smc_043/track.npy,smc,0.2597402597402597,0.23142686310244495,0.23396973781845132,0.23269830046044815,0.0,0.0,0.1111111111111111,0.2962962962962963,nan,nan,nan,nan,nan,nan,nan,nan,31.0,0.0,0.0,0.10863384100279538,11.0,0.0,0.0,0.10083381215426342,0.0
smc/smc_044/track.npy,smc,0.34285714285714286,0.21871053385327574,0.2615784689852125,0.2401445014192441,0.023255813953488372,0.023255813953488372,0.2222222222222222,0.37037037037037035,nan,nan,nan,nan,nan,nan,nan,nan,31.0,0.0,0.0,0.12605902893578425,11.0,0.0,0.0,0.110249078161951,0.0
smc/smc_046/track.npy,smc,0.35087719298245607,0.27420935476115327,0.40862384203927726,0.34141659840021527,0.0,0.0,0.18421052631578946,0.5394736842105263,nan,nan,nan,nan,nan,nan,nan,nan,86.0,0.0,0.0,0.09097177820571561,22.0,0.0,0.0,0.10481950606933384,0.0
smc/smc_047/track.npy,smc,0.5263157894736842,0.347386152284207,0.5280269514719946,0.4377065518781008,0.0,0.0,1.0,1.0,nan,nan,nan,nan,nan,nan,nan,nan,29.0,0.0,0.0,0.11355438175848165,8.0,0.0,0.0,0.09460127828609494,0.0
smc/smc_048/track.npy,smc,0.2857142857142857,0.25976627243530825,0.32637300895718213,0.2930696406962452,0.0,0.0,0.02564102564102564,0.02564102564102564,nan,nan,nan,nan,nan,nan,nan,nan,34.0,0.0,0.0,0.09589834813567047,12.0,0.0,0.0,0.058814476390183446,0.0
smc/smc_051/track.npy,smc,0.28260869565217395,0.19831403059730127,0.24992962009658934,0.2241218253469453,0.0,0.0,0.0,0.0,nan,nan,nan,nan,nan,nan,nan,nan,63.0,0.0,0.0,0.06453852113756964,21.0,0.0,0.0,0.03446211698185069,0.0
smc/smc_052/track.npy,smc,0.2962962962962963,0.17257542483523156,0.2100518839978371,0.19131365441653433,0.0,0.0,0.42857142857142855,0.5,nan,nan,nan,nan,nan,nan,nan,nan,32.0,0.0,0.0,0.11245839001411992,11.0,0.0,0.0,0.13652197261187746,0.0
smc/smc_054/track.npy,smc,0.6055045871559633,0.47184465066902165,0.7243416546327753,0.5980931526508985,0.0,0.0,0.8648648648648649,0.9054054054054054,nan,nan,nan,nan,nan,nan,nan,nan,85.0,0.0,0.0,0.08664840018457058,22.0,0.0,0.0,0.03399742669089624,0.0
smc/smc_055/track.npy,smc,0.2318840579710145,0.21618572862817703,0.2606862793496147,0.23843600398889586,0.02564102564102564,0.02564102564102564,0.02564102564102564,0.02564102564102564,nan,nan,nan,nan,nan,nan,nan,nan,34.0,0.0,0.0,0.08374829175729619,12.0,0.0,0.0,0.04037702370039317,0.0
smc/smc_056/track.npy,smc,0.1348314606741573,0.11154759072877322,0.13192070206825074,0.12173414639851199,0.0,0.0,0.16666666666666666,0.5,nan,nan,nan,nan,nan,nan,nan,nan,34.0,0.0,0.0,0.07710119896315647,12.0,0.0,0.0,0.0805778508944356,0.0
smc/smc_057/track.npy,smc,0.17241379310344826,0.12598087474497008,0.180946941151969,0.15346390794846954,0.0,0.0,0.043478260869565216,0.08695652173913043,nan,nan,nan,nan,nan,nan,nan,nan,26.0,0.0,0.0,0.10713663492441758,9.0,0.0,0.0,0.08058296502652482,0.0
smc/smc_058/track.npy,smc,0.3146067415730337,0.20478979927778038,0.20595625188922725,0.20537302558350382,0.018867924528301886,0.018867924528301886,0.028169014084507043,0.04225352112676056,nan,nan,nan,nan,nan,nan,nan,nan,61.0,0.0,0.0,0.12136085700425397,20.0,0.0,0.0,0.0728226167017899,0.0
smc/smc_059/track.npy,smc,0.592,0.4693479769125244,0.713125823936201,0.5912369004243627,0.0,0.0,0.3132530120481928,0.9036144578313253,nan,nan,nan,nan,nan,nan,nan,nan,94.0,0.0,0.0,0.09531017980432728,24.0,0.0,0.0,0.059919391507356506,0.0
smc/smc_060/track.npy,smc,0.27692307692307694,0.1907171185035059,0.21342519821899128,0.2020711583612486,0.0,0.0,0.3333333333333333,0.4583333333333333,nan,nan,nan,nan,nan,nan,nan,nan,27.0,0.0,0.0,0.10682116976600463,9.0,0.0,0.0,0.04402686766839196,0.0
smc/smc_061/track.npy,smc,0.041666666666666664,0.027916344368639042,0.39885233442882934,0.2133843393987342,0.08,0.08,0.56,0.6,nan,nan,nan,nan,nan,nan,nan,nan,29.0,0.0,0.0,0.12175720084309337,10.0,0.0,0.0,0.12174343687248056,0.0
smc/smc_063/track.npy,smc,0.7184466019417477,0.458438825261352,0.458438825261352,0.458438825261352,0.5384615384615384,0.8653846153846154,0.5384615384615384,0.8653846153846154,nan,nan,nan,nan,nan,nan,nan,nan,59.0,0.0,0.0,0.0923733201310137,14.0,0.0,0.0,0.05470444876976235,0.0
smc/smc_064/track.npy,smc,0.10526315789473684,0.05293638399854188,0.08230635193694984,0.06762136796774586,0.0,0.0,0.35294117647058826,0.47058823529411764,nan,nan,nan,nan,nan,nan,nan,nan,59.0,0.0,0.0,0.090164390977956,15.0,0.0,0.0,0.023855410845832217,0.0
smc/smc_065/track.npy,smc,0.49230769230769234,0.3904887747469346,0.5802147078900606,0.48535174131849756,0.0,0.0,0.7727272727272727,0.7727272727272727,nan,nan,nan,nan,nan,nan,nan,nan,25.0,0.0,0.0,0.08573633521872492,8.0,0.0,0.0,0.14487196552185583,0.0
smc/smc_066/track.npy,smc,0.2962962962962963,0.22062886306424406,0.22062886306424406,0.22062886306424406,0.0,0.0,0.0,0.0,nan,nan,nan,nan,nan,nan,nan,nan,93.0,0.0,0.0,0.0976968191806582,31.0,0.0,0.0,0.06947292608476635,0.0
smc/smc_067/track.npy,smc,0.8316831683168315,0.5680051674327024,0.5680051674327024,0.5680051674327024,0.8823529411764706,0.9411764705882353,0.8823529411764706,0.9411764705882353,nan,nan,nan,nan,nan,nan,nan,nan,58.0,0.0,0.0,0.0966548779313595,15.0,0.0,0.0,0.05293551571557175,0.0
smc/smc_068/track.npy,smc,0.7663551401869159,0.531591904559949,0.531591904559949,0.531591904559949,0.6851851851851852,0.8888888888888888,0.6851851851851852,0.8888888888888888,nan,nan,nan,nan,nan,nan,nan,nan,62.0,0.0,0.0,0.11796192672377548,21.0,0.0,0.0,0.1729459295922363,0.0
smc/smc_069/track.npy,smc,0.6138613861386139,0.4709851584280609,0.4709851584280609,0.4709851584280609,0.20754716981132076,0.6415094339622641,0.20754716981132076,0.6415094339622641,nan,nan,nan,nan,nan,nan,nan,nan,60.0,0.0,0.0,0.11778303565638396,20.0,0.0,0.0,0.06029661882502828,0.0
smc/smc_071/track.npy,smc,0.8043478260869565,0.5833716656947439,0.5833716656947439,0.5833716656947439,1.0,1.0,1.0,1.0,nan,nan,nan,nan,nan,nan,nan,nan,53.0,0.0,0.0,0.10265415406008216,18.0,0.0,0.0,0.04297595843791391,0.0
smc/smc_072/track.npy,smc,0.5811965811965812,0.4369179561410977,0.6480430632926854,0.5424805097168915,0.0,0.0,0.48717948717948717,0.8974358974358975,nan,nan,nan,nan,nan,nan,nan,nan,90.0,0.0,0.0,0.09097177820573141,23.0,0.0,0.0,0.06979576193554149,0.0
smc/smc_073/track.npy,smc,0.6178861788617885,0.5062141817421875,0.7523001418475227,0.629257161794855,0.0,0.0,0.5487804878048781,0.9146341463414634,nan,nan,nan,nan,nan,nan,nan,nan,94.0,0.0,0.0,0.09531017980433502,24.0,0.0,0.0,0.046468701305649146,0.0
smc/smc_074/track.npy,smc,0.5393258426966292,0.3545507014251834,0.3545507014251834,0.3545507014251834,0.11320754716981132,0.24528301886792453,0.3055555555555556,0.3055555555555556,nan,nan,nan,nan,nan,nan,nan,nan,38.0,0.0,0.0,0.14881813165090207,13.0,0.0,0.0,0.31058684046742796,0.0
smc/smc_075/track.npy,smc,0.36111111111111105,0.22501815393267613,0.2354788549843885,0.23024850445853232,0.0,0.0,0.36,0.44,nan,nan,nan,nan,nan,nan,nan,nan,28.0,0.0,0.0,0.1424149721542352,7.0,0.0,0.0,0.10812230362719986,0.0
smc/smc_076/track.npy,smc,0.15151515151515152,0.11041409632057288,0.16920640903108397,0.13981025267582842,0.0,0.0,0.043478260869565216,0.043478260869565216,nan,nan,nan,nan,nan,nan,nan,nan,22.0,0.0,0.0,0.08658786219112441,8.0,0.0,0.0,0.04712310669737857,0.0
smc/smc_079/track.npy,smc,0.5487804878048781,0.452974162423549,0.452974162423549,0.452974162423549,0.009259259259259259,0.009259259259259259,0.25,0.5357142857142857,nan,nan,nan,nan,nan,nan,nan,nan,64.0,0.0,0.0,0.09844007281325609,22.0,0.0,0.0,0.06987892203787222,0.0
smc/smc_080/track.npy,smc,0.1276595744680851,0.11048668683436022,0.11135149353937247,0.11091909018686635,0.07142857142857142,0.10714285714285714,0.07142857142857142,0.10714285714285714,nan,nan,nan,nan,nan,nan,nan,nan,31.0,0.0,0.0,0.10536051565782936,11.0,0.0,0.0,0.11715148003317569,0.0
smc/smc_082/track.npy,smc,0.3636363636363636,0.2941443880311909,0.3141462683114012,0.304145328171296,0.0,0.0,0.03571428571428571,0.03571428571428571,nan,nan,nan,nan,nan,nan,nan,nan,23.0,0.0,0.0,0.10426101032440804,6.0,0.0,0.0,0.12414265846025448,0.0
smc/smc_084/track.npy,smc,0.08888888888888889,0.05062195772007964,0.09551921558484847,0.07307058665246405,0.0,0.0,0.041666666666666664,0.041666666666666664,nan,nan,nan,nan,nan,nan,nan,nan,23.0,0.0,0.0,0.11000089521432621,8.0,0.0,0.0,0.0852192309666015,0.0
smc/smc_085/track.npy,smc,0.21374045801526714,0.15875210310050972,0.21339378278265286,0.18607294294158128,0.0,0.0,0.0,0.0,nan,nan,nan,nan,nan,nan,nan,nan,113.0,0.0,0.0,0.11450433538330629,38.0,0.0,0.0,0.043705138324948045,0.0
smc/smc_086/track.npy,smc,0.3684210526315789,0.29758591309378934,0.38612702640722957,0.34185646975050943,0.05405405405405406,0.05405405405405406,0.1518987341772152,0.35443037974683544,nan,nan,nan,nan,nan,nan,nan,nan,81.0,0.0,0.0,0.11441035117774434,20.0,0.0,0.0,0.14603789515248397,0.0
smc/smc_087/track.npy,smc,0.6153846153846154,0.44097187908981517,0.6578432950356259,0.5494075870627205,0.0,0.0,0.967741935483871,0.967741935483871,nan,nan,nan,nan,nan,nan,nan,nan,35.0,0.0,0.0,0.05201990675810734,9.0,0.0,0.0,0.04549271783359989,0.0
smc/smc_088/track.npy,smc,0.2285714285714286,0.16059963425692766,0.2081945845103599,0.1843971093836438,0.0,0.0,0.0,0.0,nan,nan,nan,nan,nan,nan,nan,nan,121.0,0.0,0.0,0.11778303565638115,40.0,0.0,0.0,0.05676973992584837,0.0
smc/smc_089/track.npy,smc,0.20289855072463772,0.14406249509346547,0.14406249509346547,0.14406249509346547,0.0,0.0,0.0,0.0,nan,nan,nan,nan,nan,nan,nan,nan,22.0,0.0,0.0,0.11467519056186828,8.0,0.0,0.0,0.06656743474438181,0.0
smc/smc_092/track.npy,smc,0.3838383838383838,0.34026081890139476,0.34026081890139476,0.34026081890139476,0.0,0.0,0.02702702702702703,0.02702702702702703,nan,nan,nan,nan,nan,nan,nan,nan,27.0,0.0,0.0,0.07570341003063505,9.0,0.0,0.0,0.15856007441828646,0.0
smc/smc_093/track.npy,smc,0.384180790960452,0.2637251896055832,0.3542047483409631,0.3089649689732732,0.019801980198019802,0.09900990099009901,0.0297029702970297,0.09900990099009901,nan,nan,nan,nan,nan,nan,nan,nan,116.0,0.0,0.0,0.11778303565638445,39.0,0.0,0.0,0.07226868168734356,0.0
smc/smc_095/track.npy,smc,0.8936170212765957,0.647169267181598,0.647169267181598,0.647169267181598,1.0,1.0,1.0,1.0,nan,nan,nan,nan,nan,nan,nan,nan,54.0,0.0,0.0,0.1110021295821143,18.0,0.0,0.0,0.057189313256220564,0.0
smc/smc_096/track.npy,smc,0.6451612903225807,0.48207831683381125,0.7231174752507169,0.6025978960422641,0.0,0.0,1.0,1.0,nan,nan,nan,nan,nan,nan,nan,nan,36.0,0.0,0.0,0.07145896398214337,9.0,0.0,0.0,0.03402464508568237,0.0
smc/smc_098/track.npy,smc,0.5576923076923076,0.45450835928918415,0.45450835928918415,0.45450835928918415,0.4909090909090909,0.5636363636363636,0.4909090909090909,0.5636363636363636,nan,nan,nan,nan,nan,nan,nan,nan,62.0,0.0,0.0,0.10821358464023415,16.0,0.0,0.0,0.08284616150180024,0.0
smc/smc_099/track.npy,smc,0.06557377049180328,0.05000448566765579,0.2582293630383932,0.15411692435302451,0.030303030303030304,0.06060606060606061,0.25,0.25,nan,nan,nan,nan,nan,nan,nan,nan,32.0,0.0,0.0,0.09611541217780453,11.0,0.0,0.0,0.2069012440611311,0.0
smc/smc_100/track.npy,smc,0.2696629213483146,0.1710567165009026,0.21955350294544118,0.1953051097231719,0.019230769230769232,0.038461538461538464,0.019230769230769232,0.038461538461538464,nan,nan,nan,nan,nan,nan,nan,nan,59.0,0.0,0.0,0.12136085700426788,20.0,0.0,0.0,0.0549741449716376,0.0
smc/smc_101/track.npy,smc,0.25,0.2238747244153175,0.31588701970971106,0.26988087206251427,0.0,0.0,0.06666666666666667,0.06666666666666667,nan,nan,nan,nan,nan,nan,nan,nan,24.0,0.0,0.0,0.13333256381616349,8.0,0.0,0.0,0.19571208596224893,0.0
smc/smc_103/track.npy,smc,0.08108108108108109,0.07252955475073217,0.08995451140961865,0.08124203308017541,0.0,0.0,0.037037037037037035,0.1111111111111111,nan,nan,nan,nan,nan,nan,nan,nan,22.0,0.0,0.0,0.10507594997338594,8.0,0.0,0.0,0.0738838916941777,0.0
smc/smc_104/track.npy,smc,0.13559322033898302,0.09118735739311049,0.13391720875542526,0.11255228307426787,0.0,0.0,0.35,0.5,nan,nan,nan,nan,nan,nan,nan,nan,22.0,0.0,0.0,0.11377660642719586,8.0,0.0,0.0,0.10180057827989675,0.0
smc/smc_105/track.npy,smc,0.10752688172043011,0.09108535812370627,0.12319820266740981,0.10714178039555805,0.0,0.0,0.0,0.0,nan,nan,nan,nan,nan,nan,nan,nan,23.0,0.0,0.0,0.0848994437864844,8.0,0.0,0.0,0.0732063074243684,0.0
smc/smc_106/track.npy,smc,0.17777777777777776,0.16815073567505534,0.21701725707241493,0.19258399637373513,0.0,0.0,0.0,0.0,nan,nan,nan,nan,nan,nan,nan,nan,61.0,0.0,0.0,0.11474761962560885,21.0,0.0,0.0,0.06345089474032661,0.0
smc/smc_109/track.npy,smc,0.24242424242424243,0.1683663050874184,0.2084126401717795,0.18838947262959893,0.0,0.0,0.0,0.0,nan,nan,nan,nan,nan,nan,nan,nan,32.0,0.0,0.0,0.07933098327172772,11.0,0.0,0.0,0.10560633702555214,0.0
smc/smc_111/track.npy,smc,0.33663366336633666,0.2672904648772163,0.2672904648772163,0.2672904648772163,0.11320754716981132,0.22641509433962265,0.11320754716981132,0.22641509433962265,nan,nan,nan,nan,nan,nan,nan,nan,61.0,0.0,0.0,0.1177830356563824,20.0,0.0,0.0,0.08016411601686974,0.0
smc/smc_113/track.npy,smc,0.26865671641791045,0.17678816410454573,0.2193482776852697,0.19806822089490772,0.0,0.0,0.0,0.0,nan,nan,nan,nan,nan,nan,nan,nan,46.0,0.0,0.0,0.08894748601649624,16.0,0.0,0.0,0.047744921789117115,0.0
smc/smc_114/track.npy,smc,0.0,0.000317199902101711,0.30856503263362006,0.1544411162678609,0.0,0.0,0.0,0.0,nan,nan,nan,nan,nan,nan,nan,nan,21.0,0.0,0.0,0.10306856760226694,6.0,0.0,0.0,0.0605805584605356,0.0
smc/smc_116/track.npy,smc,0.24817518248175185,0.19398467847776804,0.24743740985192647,0.22071104416484727,0.0,0.0,0.04081632653061224,0.20408163265306123,nan,nan,nan,nan,nan,nan,nan,nan,113.0,0.0,0.0,0.11778303565638226,37.0,0.0,0.0,0.08617648504064805,0.0
smc/smc_117/track.npy,smc,0.16666666666666666,0.13850176623413496,0.13850176623413496,0.13850176623413496,0.02857142857142857,0.02857142857142857,0.04,0.04,nan,nan,nan,nan,nan,nan,nan,nan,28.0,0.0,0.0,0.14197871652935948,10.0,0.0,0.0,0.1322596825143398,0.0
smc/smc_118/track.npy,smc,0.1754385964912281,0.09962250775385681,0.12462452672428889,0.11212351723907285,0.0,0.0,0.09375,0.125,nan,nan,nan,nan,nan,nan,nan,nan,27.0,0.0,0.0,0.08293039611371428,9.0,0.0,0.0,0.1482351359755467,0.0
smc/smc_119/track.npy,smc,0.21374045801526714,0.13337181144797144,0.1693992724070812,0.15138554192752632,0.0,0.0,0.0,0.0,nan,nan,nan,nan,nan,nan,nan,nan,113.0,0.0,0.0,0.11778303565638115,38.0,0.0,0.0,0.07175533053359615,0.0
smc/smc_120/track.npy,smc,0.897196261682243,0.6595233881449682,0.6595233881449682,0.6595233881449682,0.9814814814814815,0.9814814814814815,0.9814814814814815,0.9814814814814815,nan,nan,nan,nan,nan,nan,nan,nan,62.0,0.0,0.0,0.06262126518915496,16.0,0.0,0.0,0.05787294066013129,0.0
smc/smc_121/track.npy,smc,0.0,1.8167064950497852e-35,0.1750837748194683,0.08754188740973415,0.0,0.0,0.9047619047619048,0.9047619047619048,nan,nan,nan,nan,nan,nan,nan,nan,25.0,0.0,0.0,0.09207014673998738,9.0,0.0,0.0,0.08286298382616283,0.0
smc/smc_124/track.npy,smc,0.25396825396825395,0.20009098465328773,0.2112185766823232,0.20565478066780546,0.0,0.0,0.04,0.04,nan,nan,nan,nan,nan,nan,nan,nan,29.0,0.0,0.0,0.10494927501769112,8.0,0.0,0.0,0.10800733512302102,0.0
smc/smc_126/track.npy,smc,0.3859649122807018,0.20750948190836432,0.31126422286254646,0.2593868523854554,0.0,0.0,1.0,1.0,nan,nan,nan,nan,nan,nan,nan,nan,22.0,0.0,0.0,0.07493768192268903,8.0,0.0,0.0,0.07246904307814933,0.0
smc/smc_127/track.npy,smc,0.19999999999999998,0.1470037229693314,0.20045938537658603,0.1737315541729587,0.03225806451612903,0.03225806451612903,0.2413793103448276,0.2413793103448276,nan,nan,nan,nan,nan,nan,nan,nan,32.0,0.0,0.0,0.09248429438895298,10.0,0.0,0.0,0.13714062965780963,0.0
smc/smc_130/track.npy,smc,0.17391304347826086,0.15201390085824945,0.21516586799405296,0.1835898844261512,0.04,0.08,0.16666666666666666,0.2916666666666667,nan,nan,nan,nan,nan,nan,nan,nan,25.0,0.0,0.0,0.0997082235951278,9.0,0.0,0.0,0.12433829265718073,0.0
smc/smc_133/track.npy,smc,0.3125,0.2334852223546651,0.29109508102054266,0.2622901516876039,0.0,0.0,0.0,0.0,nan,nan,nan,nan,nan,nan,nan,nan,66.0,0.0,0.0,0.0666913744986734,22.0,0.0,0.0,0.04638182897224712,0.0
smc/smc_135/track.npy,smc,0.3478260869565218,0.28359681638271417,0.3412071294807974,0.31240197293175576,0.0,0.0,0.391304347826087,0.5217391304347826,nan,nan,nan,nan,nan,nan,nan,nan,28.0,0.0,0.0,0.10928914837102033,7.0,0.0,0.0,0.1342038484547999,0.0
smc/smc_137/track.npy,smc,0.5565217391304348,0.4307913253842649,0.6234017207776937,0.5270965230809793,0.013333333333333334,0.013333333333333334,0.875,0.875,nan,nan,nan,nan,nan,nan,nan,nan,45.0,0.0,0.0,0.11551288712184356,15.0,0.0,0.0,0.12542891331364298,0.0
smc/smc_139/track.npy,smc,0.2689075630252101,0.21712660755852733,0.37644488817494753,0.29678574786673745,0.0,0.0,0.0,0.0,nan,nan,nan,nan,nan,nan,nan,nan,110.0,0.0,0.0,0.11122563511022676,28.0,0.0,0.0,0.06782492314316861,0.0
smc/smc_140/track.npy,smc,0.3576158940397351,0.25365971778696056,0.29671116739860603,0.2751854425927833,0.054945054945054944,0.13186813186813187,0.054945054945054944,0.13186813186813187,nan,nan,nan,nan,nan,nan,nan,nan,105.0,0.0,0.0,0.11122563511024208,35.0,0.0,0.0,0.09221473011830911,0.0
smc/smc_142/track.npy,smc,0.4153846153846154,0.29263872852422645,0.4408896929974311,0.36676421076082877,0.0,0.0,0.20689655172413793,0.47126436781609193,nan,nan,nan,nan,nan,nan,nan,nan,96.0,0.0,0.0,0.11778303565638115,24.0,0.0,0.0,0.11512080993044477,0.0
smc/smc_143/track.npy,smc,0.6923076923076923,0.5046079391436278,0.5046079391436278,0.5046079391436278,0.34615384615384615,0.9423076923076923,0.34615384615384615,0.9423076923076923,nan,nan,nan,nan,nan,nan,nan,nan,59.0,0.0,0.0,0.11778303565638104,15.0,0.0,0.0,0.113311334731143,0.0
smc/smc_146/track.npy,smc,0.18823529411764706,0.12427935021747752,0.12427935021747752,0.12427935021747752,0.0,0.0,0.015384615384615385,0.015384615384615385,nan,nan,nan,nan,nan,nan,nan,nan,59.0,0.0,0.0,0.11778303565638153,20.0,0.0,0.0,0.04031560852552236,0.0
smc/smc_147/track.npy,smc,0.7758620689655173,0.5644526101321032,0.5644526101321032,0.5644526101321032,1.0,1.0,1.0,1.0,nan,nan,nan,nan,nan,nan,nan,nan,66.0,0.0,0.0,0.06669137449867674,22.0,0.0,0.0,0.04348511193973792,0.0
smc/smc_148/track.npy,smc,0.1739130434782609,0.1659474682706234,0.1659474682706234,0.1659474682706234,0.0,0.0,0.11538461538461539,0.2692307692307692,nan,nan,nan,nan,nan,nan,nan,nan,30.0,0.0,0.0,0.16407453671227049,10.0,0.0,0.0,0.09664421625489839,0.0
smc/smc_149/track.npy,smc,0.3857142857142857,0.2931471714044134,0.39764432600268923,0.3453957487035513,0.0,0.0,0.09278350515463918,0.3917525773195876,nan,nan,nan,nan,nan,nan,nan,nan,111.0,0.0,0.0,0.11778303565638701,37.0,0.0,0.0,0.09883593114064489,0.0
smc/smc_150/track.npy,smc,0.43809523809523815,0.33690378182451775,0.36977300530090595,0.35333839356271185,0.0,0.0,0.3902439024390244,0.3902439024390244,nan,nan,nan,nan,nan,nan,nan,nan,46.0,0.0,0.0,0.13330479855299723,15.0,0.0,0.0,0.1486293866470406,0.0
smc/smc_151/track.npy,smc,0.5952380952380952,0.3780322787601194,0.3780322787601194,0.3780322787601194,0.16483516483516483,0.4065934065934066,0.16483516483516483,0.4065934065934066,nan,nan,nan,nan,nan,nan,nan,nan,105.0,0.0,0.0,0.11122563511024101,35.0,0.0,0.0,0.0936481548700786,0.0
smc/smc_152/track.npy,smc,0.4,0.35739155275399087,0.5135608509074411,0.435476201830716,0.0,0.0,0.375,0.7083333333333334,nan,nan,nan,nan,nan,nan,nan,nan,25.0,0.0,0.0,0.154150679827262,9.0,0.0,0.0,0.2181935979329771,0.0
smc/smc_153/track.npy,smc,0.3614457831325301,0.26183628963598166,0.3880787863838999,0.32495753800994076,0.0,0.0,0.7142857142857143,0.7142857142857143,nan,nan,nan,nan,nan,nan,nan,nan,32.0,0.0,0.0,0.0635134057223273,8.0,0.0,0.0,0.04291524860977797,0.0
smc/smc_154/track.npy,smc,0.07692307692307693,0.06005653081773236,0.08166912563969189,0.07086282822871212,0.0,0.0,0.1,0.2,nan,nan,nan,nan,nan,nan,nan,nan,23.0,0.0,0.0,0.08388148398070033,7.0,0.0,0.0,0.05041245016719191,0.0
smc/smc_157/track.npy,smc,0.17391304347826086,0.11053875006118191,0.15079928498095183,0.13066901752106685,0.0,0.0,0.28,0.44,nan,nan,nan,nan,nan,nan,nan,nan,28.0,0.0,0.0,0.12949042844752975,9.0,0.0,0.0,0.17707712177033869,0.0
smc/smc_158/track.npy,smc,0.2978723404255319,0.18365449313190532,0.18365449313190532,0.18365449313190532,0.16666666666666666,0.25,0.16666666666666666,0.25,nan,nan,nan,nan,nan,nan,nan,nan,28.0,0.0,0.0,0.09437443323461492,10.0,0.0,0.0,0.1410361179358687,0.0
smc/smc_159/track.npy,smc,0.24324324324324323,0.15542783586174852,0.15542783586174852,0.15542783586174852,0.0,0.0,0.07407407407407407,0.07407407407407407,nan,nan,nan,nan,nan,nan,nan,nan,23.0,0.0,0.0,0.11375888535665768,8.0,0.0,0.0,0.05502670016071759,0.0
smc/smc_161/track.npy,smc,0.25925925925925924,0.1519362527490743,0.21005479227813748,0.1809955225136059,0.0,0.0,0.47368421052631576,0.5789473684210527,nan,nan,nan,nan,nan,nan,nan,nan,22.0,0.0,0.0,0.09315835882115359,8.0,0.0,0.0,0.03998749539050722,0.0
smc/smc_166/track.npy,smc,0.6593406593406593,0.5365378147816053,0.5365378147816053,0.5365378147816053,0.34782608695652173,0.6956521739130435,0.34782608695652173,0.6956521739130435,nan,nan,nan,nan,nan,nan,nan,nan,50.0,0.0,0.0,0.12091557183974977,17.0,0.0,0.0,0.1573422417084039,0.0
smc/smc_167/track.npy,smc,0.1923076923076923,0.14994588327517372,0.19017526659290318,0.17006057493403845,0.03225806451612903,0.03225806451612903,0.03225806451612903,0.03225806451612903,nan,nan,nan,nan,nan,nan,nan,nan,36.0,0.0,0.0,0.11701379656361438,12.0,0.0,0.0,0.08933318327137928,0.0
smc/smc_168/track.npy,smc,0.14925373134328357,0.111097267075347,0.1472847666333331,0.12919101685434004,0.0,0.0,0.041666666666666664,0.10416666666666667,nan,nan,nan,nan,nan,nan,nan,nan,55.0,0.0,0.0,0.11122563511022401,19.0,0.0,0.0,0.04535199121023358,0.0
smc/smc_169/track.npy,smc,0.5405405405405405,0.44794749639128917,0.44794749639128917,0.44794749639128917,0.0,0.0,0.27450980392156865,0.5294117647058824,nan,nan,nan,nan,nan,nan,nan,nan,58.0,0.0,0.0,0.11868887589764637,20.0,0.0,0.0,0.08670363309438225,0.0
smc/smc_170/track.npy,smc,0.3939393939393939,0.29536251269313135,0.44240821427482224,0.3688853634839768,0.0,0.0,0.2247191011235955,0.5617977528089888,nan,nan,nan,nan,nan,nan,nan,nan,103.0,0.0,0.0,0.11778303565638337,26.0,0.0,0.0,0.057158413839949254,0.0
smc/smc_171/track.npy,smc,0.096,0.07958074909250948,0.20663503023784216,0.14310788966517582,0.0,0.0,0.0,0.0,nan,nan,nan,nan,nan,nan,nan,nan,109.0,0.0,0.0,0.11778303565638992,37.0,0.0,0.0,0.08144834069699824,0.0
smc/smc_172/track.npy,smc,0.27941176470588236,0.17260482598491284,0.2314917934489231,0.20204830971691795,0.0,0.0,0.05434782608695652,0.1956521739130435,nan,nan,nan,nan,nan,nan,nan,nan,102.0,0.0,0.0,0.11778303565639148,34.0,0.0,0.0,0.11750182186040212,0.0
smc/smc_173/track.npy,smc,0.33333333333333337,0.23506213445103974,0.4120786631162661,0.3235703987836529,0.0,0.0,0.0,0.0,nan,nan,nan,nan,nan,nan,nan,nan,110.0,0.0,0.0,0.11122563511024208,27.0,0.0,0.0,0.05153082024879033,0.0
smc/smc_174/track.npy,smc,0.15151515151515152,0.1160658198149024,0.15153741189539835,0.13380161585515038,0.0,0.0,0.13043478260869565,0.21739130434782608,nan,nan,nan,nan,nan,nan,nan,nan,23.0,0.0,0.0,0.09418721505970218,8.0,0.0,0.0,0.07584721439393033,0.0
smc/smc_175/track.npy,smc,0.10810810810810811,0.09132932690350458,0.12570554965931235,0.10851743828140847,0.0,0.0,0.47368421052631576,0.47368421052631576,nan,nan,nan,nan,nan,nan,nan,nan,22.0,0.0,0.0,0.17090626510002327,8.0,0.0,0.0,0.11301545428571219,0.0
smc/smc_176/track.npy,smc,0.4222222222222222,0.33744896809732927,0.33744896809732927,0.33744896809732927,0.35555555555555557,0.5333333333333333,0.35555555555555557,0.5333333333333333,nan,nan,nan,nan,nan,nan,nan,nan,52.0,0.0,0.0,0.10345478285589059,18.0,0.0,0.0,0.0531895636528415,0.0
smc/smc_178/track.npy,smc,0.28037383177570097,0.19838786322731358,0.35285494759291386,0.2756214054101137,0.0,0.0,0.0,0.0,nan,nan,nan,nan,nan,nan,nan,nan,99.0,0.0,0.0,0.10536051565782682,25.0,0.0,0.0,0.05709210553331794,0.0
smc/smc_179/track.npy,smc,0.0425531914893617,0.029025739223098108,0.26735903573639014,0.14819238747974411,0.0,0.0,0.46153846153846156,0.46153846153846156,nan,nan,nan,nan,nan,nan,nan,nan,29.0,0.0,0.0,0.07522342123758961,10.0,0.0,0.0,0.06489305985235387,0.0
smc/smc_181/track.npy,smc,0.37037037037037035,0.23068189802570657,0.23068189802570657,0.23068189802570657,0.0,0.0,0.0,0.0,nan,nan,nan,nan,nan,nan,nan,nan,116.0,0.0,0.0,0.1112256351102221,39.0,0.0,0.0,0.08607525234922285,0.0
smc/smc_182/track.npy,smc,0.49600000000000005,0.322469801887234,0.4755857569705343,0.3990277794288841,0.0,0.0,0.30952380952380953,0.7380952380952381,nan,nan,nan,nan,nan,nan,nan,nan,95.0,0.0,0.0,0.10008345855698075,24.0,0.0,0.0,0.07537240234832752,0.0
smc/smc_184/track.npy,smc,0.23333333333333334,0.18386250980135413,0.21051055975977906,0.19718653478056658,0.0,0.0,0.038461538461538464,0.038461538461538464,nan,nan,nan,nan,nan,nan,nan,nan,29.0,0.0,0.0,0.11107226098533413,10.0,0.0,0.0,0.09988576189720601,0.0
smc/smc_187/track.npy,smc,0.05128205128205128,0.040834540878916754,0.0530849031419604,0.046959722010438576,0.1,0.1,0.35,0.5,nan,nan,nan,nan,nan,nan,nan,nan,22.0,0.0,0.0,0.10793707525057954,8.0,0.0,0.0,0.08032166000758856,0.0
smc/smc_188/track.npy,smc,0.47787610619469023,0.35083511552571034,0.35083511552571034,0.35083511552571034,0.0,0.0,0.0,0.0,nan,nan,nan,nan,nan,nan,nan,nan,97.0,0.0,0.0,0.11568094367302975,33.0,0.0,0.0,0.06357758774262186,0.0
smc/smc_190/track.npy,smc,0.27499999999999997,0.23558744628930928,0.28994931186002193,0.2627683790746656,0.0,0.0,0.01694915254237288,0.01694915254237288,nan,nan,nan,nan,nan,nan,nan,nan,57.0,0.0,0.0,0.11122563511022215,19.0,0.0,0.0,0.06464467117661539,0.0
smc/smc_192/track.npy,smc,0.13953488372093023,0.09625526094275737,0.1273818550227954,0.11181855798277637,0.0,0.0,0.05714285714285714,0.05714285714285714,nan,nan,nan,nan,nan,nan,nan,nan,28.0,0.0,0.0,0.10786922637550925,10.0,0.0,0.0,0.13943151382296862,0.0
smc/smc_193/track.npy,smc,0.32116788321167883,0.2478267202062676,0.33170008594719713,0.2897634030767324,0.0,0.0,0.07446808510638298,0.3723404255319149,nan,nan,nan,nan,nan,nan,nan,nan,108.0,0.0,0.0,0.11122563511022293,36.0,0.0,0.0,0.061300474016400965,0.0
smc/smc_194/track.npy,smc,0.2,0.15151797430587188,0.17932412013596413,0.165421047220918,0.06666666666666667,0.1111111111111111,0.06666666666666667,0.1111111111111111,nan,nan,nan,nan,nan,nan,nan,nan,52.0,0.0,0.0,0.09763846956391636,18.0,0.0,0.0,0.053089886935340946,0.0
smc/smc_195/track.npy,smc,0.40875912408759124,0.31622227036927375,0.31622227036927375,0.31622227036927375,0.12745098039215685,0.23529411764705882,0.12745098039215685,0.23529411764705882,nan,nan,nan,nan,nan,nan,nan,nan,117.0,0.0,0.0,0.11778303565638115,39.0,0.0,0.0,0.08174484560711998,0.0
smc/smc_197/track.npy,smc,0.18867924528301885,0.1531186190625658,0.26200119519891174,0.20755990713073877,0.0,0.0,0.0,0.0,nan,nan,nan,nan,nan,nan,nan,nan,98.0,0.0,0.0,0.1014027228321982,24.0,0.0,0.0,0.05116813787664514,0.0
smc/smc_198/track.npy,smc,0.31654676258992803,0.23967640273191357,0.2710330141799527,0.2553547084559331,0.0,0.0,0.0,0.0,nan,nan,nan,nan,nan,nan,nan,nan,102.0,0.0,0.0,0.105360515657833,34.0,0.0,0.0,0.06834922015544861,0.0
smc/smc_199/track.npy,smc,0.2753623188405797,0.21436682218351624,0.3308831129180371,0.2726249675507767,0.0,0.0,0.12244897959183673,0.2755102040816326,nan,nan,nan,nan,nan,nan,nan,nan,112.0,0.0,0.0,0.11483220541061855,37.0,0.0,0.0,0.07184908107223051,0.0
smc/smc_202/track.npy,smc,0.15267175572519084,0.12104957697338954,0.2356561960257992,0.17835288649959438,0.0,0.0,0.0,0.0,nan,nan,nan,nan,nan,nan,nan,nan,114.0,0.0,0.0,0.11778303565638165,38.0,0.0,0.0,0.05885783654709205,0.0
smc/smc_203/track.npy,smc,0.14925373134328357,0.11915616431242905,0.15608957671859638,0.13762287051551272,0.02564102564102564,0.02564102564102564,0.10714285714285714,0.10714285714285714,nan,nan,nan,nan,nan,nan,nan,nan,32.0,0.0,0.0,0.13236715824476528,11.0,0.0,0.0,0.13832293864172848,0.0
smc/smc_204/track.npy,smc,0.18823529411764706,0.1508148191662493,0.15905816548786886,0.15493649232705908,0.0,0.0,0.12903225806451613,0.3870967741935484,nan,nan,nan,nan,nan,nan,nan,nan,34.0,0.0,0.0,0.10178269430994445,12.0,0.0,0.0,0.11432288777480387,0.0
smc/smc_205/track.npy,smc,0.48888888888888893,0.3867032847408667,0.5911191782860367,0.48891123151345167,0.0,0.0,0.2903225806451613,0.6666666666666666,nan,nan,nan,nan,nan,nan,nan,nan,107.0,0.0,0.0,0.11122563511022628,27.0,0.0,0.0,0.07071806049096847,0.0
smc/smc_206/track.npy,smc,0.14925373134328357,0.12241431949231743,0.16894220433590912,0.14567826191411326,0.058823529411764705,0.058823529411764705,0.09090909090909091,0.09090909090909091,nan,nan,nan,nan,nan,nan,nan,nan,37.0,0.0,0.0,0.15968424000896317,13.0,0.0,0.0,0.1788632198248855,0.0
smc/smc_207/track.npy,smc,0.1956521739130435,0.13440450364538728,0.1422161837103328,0.13831034367786005,0.0,0.0,0.0,0.0,nan,nan,nan,nan,nan,nan,nan,nan,29.0,0.0,0.0,0.11056500059908915,10.0,0.0,0.0,0.09292967013301287,0.0
smc/smc_208/track.npy,smc,0.2641509433962264,0.16127594075836815,0.1997513214947376,0.1805136311265529,0.0,0.0,0.045454545454545456,0.09090909090909091,nan,nan,nan,nan,nan,nan,nan,nan,24.0,0.0,0.0,0.10512466616391995,8.0,0.0,0.0,0.08400933986678893,0.0
smc/smc_209/track.npy,smc,0.37209302325581395,0.2787370865790395,0.2787370865790395,0.2787370865790395,0.3695652173913043,0.5434782608695652,0.3695652173913043,0.5434782608695652,nan,nan,nan,nan,nan,nan,nan,nan,52.0,0.0,0.0,0.10821358464023033,17.0,0.0,0.0,0.06368505104208834,0.0
smc/smc_211/track.npy,smc,0.4,0.30598917305769446,0.30598917305769446,0.30598917305769446,0.42857142857142855,0.6122448979591837,0.42857142857142855,0.6122448979591837,nan,nan,nan,nan,nan,nan,nan,nan,53.0,0.0,0.0,0.09673186667359379,18.0,0.0,0.0,0.043226250447577996,0.0
smc/smc_212/track.npy,smc,0.04081632653061224,0.051006996656747634,0.07329674629957973,0.06215187147816369,0.08,0.16,0.24,0.44,nan,nan,nan,nan,nan,nan,nan,nan,28.0,0.0,0.0,0.09597106079925954,9.0,0.0,0.0,0.05382571243251992,0.0
smc/smc_213/track.npy,smc,0.22950819672131145,0.1688494274905923,0.19868760497663815,0.18376851623361523,0.0,0.0,0.2608695652173913,0.2608695652173913,nan,nan,nan,nan,nan,nan,nan,nan,27.0,0.0,0.0,0.09673518913844306,7.0,0.0,0.0,0.15620980993200848,0.0
smc/smc_214/track.npy,smc,0.0909090909090909,0.06631339555565857,0.09115995247478488,0.07873667401522172,0.0,0.0,0.21739130434782608,0.2608695652173913,nan,nan,nan,nan,nan,nan,nan,nan,23.0,0.0,0.0,0.10294796925244232,8.0,0.0,0.0,0.14221415155615585,0.0
smc/smc_215/track.npy,smc,0.21428571428571427,0.18176598123406157,0.19502836259194184,0.1883971719130017,0.030303030303030304,0.06060606060606061,0.043478260869565216,0.06060606060606061,nan,nan,nan,nan,nan,nan,nan,nan,26.0,0.0,0.0,0.08835370500960799,9.0,0.0,0.0,0.06817779378613896,0.0
smc/smc_216/track.npy,smc,0.2553191489361702,0.18211913192216517,0.26208290772826653,0.22210101982521585,0.0,0.0,0.009523809523809525,0.009523809523809525,nan,nan,nan,nan,nan,nan,nan,nan,119.0,0.0,0.0,0.11778303565638115,40.0,0.0,0.0,0.0779241263065678,0.0
smc/smc_217/track.npy,smc,0.28205128205128205,0.2222136776755601,0.27476891130176756,0.24849129448866383,0.0,0.0,0.03278688524590164,0.04918032786885246,nan,nan,nan,nan,nan,nan,nan,nan,54.0,0.0,0.0,0.10664439669990433,18.0,0.0,0.0,0.07038480742000014,0.0
smc/smc_219/track.npy,smc,0.46464646464646464,0.40404729931841576,0.40404729931841576,0.40404729931841576,0.2,0.48,0.2,0.48,nan,nan,nan,nan,nan,nan,nan,nan,58.0,0.0,0.0,0.11778303565638104,20.0,0.0,0.0,0.13175127641555248,0.0
smc/smc_220/track.npy,smc,0.20588235294117643,0.16587472872947112,0.16587472872947112,0.16587472872947112,0.0,0.0,0.11538461538461539,0.34615384615384615,nan,nan,nan,nan,nan,nan,nan,nan,29.0,0.0,0.0,0.08721288167612644,10.0,0.0,0.0,0.1716474236279482,0.0
smc/smc_221/track.npy,smc,0.2459016393442623,0.15708776461849078,0.20105399746770158,0.17907088104309618,0.0,0.0,0.010869565217391304,0.010869565217391304,nan,nan,nan,nan,nan,nan,nan,nan,107.0,0.0,0.0,0.1112256351102221,36.0,0.0,0.0,0.06780755098394058,0.0
smc/smc_222/track.npy,smc,0.2368421052631579,0.11451374658251624,0.1758791792184151,0.14519646290046567,0.0,0.0,0.0784313725490196,0.2549019607843137,nan,nan,nan,nan,nan,nan,nan,nan,59.0,0.0,0.0,0.11778303565638161,20.0,0.0,0.0,0.07770898432731659,0.0
smc/smc_223/track.npy,smc,0.29885057471264365,0.22572254863633148,0.22572254863633148,0.22572254863633148,0.0,0.0,0.07692307692307693,0.1076923076923077,nan,nan,nan,nan,nan,nan,nan,nan,61.0,0.0,0.0,0.09755746538952863,20.0,0.0,0.0,0.0621718139583542,0.0
smc/smc_224/track.npy,smc,0.30303030303030304,0.21024789103988825,0.238123195674003,0.22418554335694563,0.0,0.0,0.031578947368421054,0.12631578947368421,nan,nan,nan,nan,nan,nan,nan,nan,107.0,0.0,0.0,0.105360515657833,36.0,0.0,0.0,0.12491159164493579,0.0
smc/smc_225/track.npy,smc,0.36036036036036034,0.248184174781871,0.2758524777236928,0.2620183262527819,0.0,0.0,0.0,0.0,nan,nan,nan,nan,nan,nan,nan,nan,98.0,0.0,0.0,0.09782276376770216,33.0,0.0,0.0,0.09384174996766964,0.0
smc/smc_226/track.npy,smc,0.21052631578947367,0.12576586619712035,0.14599365487394378,0.13587976053553208,0.03125,0.03125,0.03125,0.03125,nan,nan,nan,nan,nan,nan,nan,nan,28.0,0.0,0.0,0.1194890336546505,10.0,0.0,0.0,0.07479548848599106,0.0
smc/smc_227/track.npy,smc,0.30508474576271183,0.17099886043038548,0.23135197573018318,0.20117541808028433,0.0,0.0,0.3333333333333333,0.38095238095238093,nan,nan,nan,nan,nan,nan,nan,nan,25.0,0.0,0.0,0.06453852113757287,9.0,0.0,0.0,0.12092958912481713,0.0
smc/smc_229/track.npy,smc,0.5376344086021506,0.36135757177829053,0.36135757177829053,0.36135757177829053,0.3469387755102041,0.5102040816326531,0.3469387755102041,0.5102040816326531,nan,nan,nan,nan,nan,nan,nan,nan,57.0,0.0,0.0,0.13833149502845687,19.0,0.0,0.0,0.18094288461848212,0.0
smc/smc_232/track.npy,smc,0.21978021978021978,0.15707564419123732,0.18888048003081717,0.17297806211102723,0.0,0.0,0.03125,0.03125,nan,nan,nan,nan,nan,nan,nan,nan,32.0,0.0,0.0,0.1289939105904901,11.0,0.0,0.0,0.07388427189132306,0.0
smc/smc_235/track.npy,smc,0.2647058823529412,0.1825690572817989,0.27490033657602264,0.22873469692891077,0.0,0.0,0.04,0.1,nan,nan,nan,nan,nan,nan,nan,nan,113.0,0.0,0.0,0.11778303565638115,38.0,0.0,0.0,0.06365830493293204,0.0
smc/smc_236/track.npy,smc,0.2666666666666667,0.1990767560928689,0.23541957918240186,0.21724816763763538,0.0,0.0,0.0,0.0,nan,nan,nan,nan,nan,nan,nan,nan,67.0,0.0,0.0,0.0941705755813978,22.0,0.0,0.0,0.07030873690282113,0.0
smc/smc_237/track.npy,smc,0.19999999999999998,0.15867339903220035,0.18893035847454012,0.17380187875337022,0.057692307692307696,0.11538461538461539,0.057692307692307696,0.11538461538461539,nan,nan,nan,nan,nan,nan,nan,nan,59.0,0.0,0.0,0.12293103189941655,20.0,0.0,0.0,0.0850723094368586,0.0
smc/smc_239/track.npy,smc,0.2,0.1345360660450038,0.14408322321460668,0.13930964462980522,0.07142857142857142,0.17857142857142858,0.07142857142857142,0.17857142857142858,nan,nan,nan,nan,nan,nan,nan,nan,25.0,0.0,0.0,0.14894867562360067,8.0,0.0,0.0,0.29622882287651253,0.0
smc/smc_241/track.npy,smc,0.2302158273381295,0.17216574857486167,0.23485796693764663,0.20351185775625413,0.0,0.0,0.052083333333333336,0.25,nan,nan,nan,nan,nan,nan,nan,nan,110.0,0.0,0.0,0.11778303565638115,37.0,0.0,0.0,0.07012808318957686,0.0
smc/smc_242/track.npy,smc,0.5588235294117647,0.34473384456439127,0.5096065528343175,0.4271701986993544,0.0,0.0,1.0,1.0,nan,nan,nan,nan,nan,nan,nan,nan,26.0,0.0,0.0,0.11257170618711104,6.0,0.0,0.0,0.04315448260096181,0.0
smc/smc_243/track.npy,smc,0.2916666666666667,0.23646657202215704,0.23646657202215704,0.23646657202215704,0.037037037037037035,0.037037037037037035,0.047619047619047616,0.047619047619047616,nan,nan,nan,nan,nan,nan,nan,nan,25.0,0.0,0.0,0.17330967300202427,9.0,0.0,0.0,0.20599613896058014,0.0
smc/smc_244/track.npy,smc,0.21238938053097342,0.18797245632486181,0.21484280697636524,0.20140763165061354,0.015873015873015872,0.031746031746031744,0.04838709677419355,0.06451612903225806,nan,nan,nan,nan,nan,nan,nan,nan,57.0,0.0,0.0,0.12136085700427177,19.0,0.0,0.0,0.09633170718678094,0.0
smc/smc_248/track.npy,smc,0.21621621621621623,0.13366594964016154,0.14089284152424864,0.1372793955822051,0.0,0.0,0.07692307692307693,0.11538461538461539,nan,nan,nan,nan,nan,nan,nan,nan,25.0,0.0,0.0,0.12491820191168898,8.0,0.0,0.0,0.1200467331352158,0.0
smc/smc_249/track.npy,smc,0.35789473684210527,0.2744352913936785,0.33833995699966246,0.3063876241966705,0.0,0.0,0.014084507042253521,0.014084507042253521,nan,nan,nan,nan,nan,nan,nan,nan,67.0,0.0,0.0,0.07145896398214668,23.0,0.0,0.0,0.057708317620648986,0.0
smc/smc_251/track.npy,smc,0.3157894736842105,0.2407492823989652,0.2654069442911526,0.2530781133450589,0.0,0.0,0.0,0.0,nan,nan,nan,nan,nan,nan,nan,nan,56.0,0.0,0.0,0.12238712079525442,19.0,0.0,0.0,0.05482257018564778,0.0
smc/smc_252/track.npy,smc,0.9259259259259259,0.6928136452132575,0.6928136452132575,0.6928136452132575,1.0,1.0,1.0,1.0,nan,nan,nan,nan,nan,nan,nan,nan,61.0,0.0,0.0,0.09266700609834466,16.0,0.0,0.0,0.04490149405569815,0.0
smc/smc_253/track.npy,smc,0.3125,0.23961562673968143,0.25082913135585055,0.245222379047766,0.0,0.0,0.0,0.0,nan,nan,nan,nan,nan,nan,nan,nan,65.0,0.0,0.0,0.08755022996941439,22.0,0.0,0.0,0.05683150088338673,0.0
smc/smc_254/track.npy,smc,0.20253164556962025,0.1366055526523485,0.18579518835239903,0.16120037050237376,0.0,0.0,0.07142857142857142,0.07142857142857142,nan,nan,nan,nan,nan,nan,nan,nan,25.0,0.0,0.0,0.11438375527033127,8.0,0.0,0.0,0.16602396704275113,0.0
smc/smc_255/track.npy,smc,0.2903225806451613,0.26615128192157694,0.2744552130266888,0.27030324747413287,0.0,0.0,0.04,0.04,nan,nan,nan,nan,nan,nan,nan,nan,29.0,0.0,0.0,0.10863384100279545,10.0,0.0,0.0,0.11928694670593622,0.0
smc/smc_256/track.npy,smc,0.18181818181818182,0.1471071544835671,0.1471071544835671,0.1471071544835671,0.0,0.0,0.3157894736842105,0.5263157894736842,nan,nan,nan,nan,nan,nan,nan,nan,22.0,0.0,0.0,0.13052029660130737,8.0,0.0,0.0,0.12193808730851963,0.0
smc/smc_257/track.npy,smc,0.4074074074074075,0.2950064225782839,0.4042241879840054,0.34961530528114465,0.0,0.0,0.55,0.65,nan,nan,nan,nan,nan,nan,nan,nan,44.0,0.0,0.0,0.10905852371182434,11.0,0.0,0.0,0.2685738096938418,0.0
smc/smc_258/track.npy,smc,0.29166666666666663,0.22890537132553052,0.34630368762738534,0.2876045294764579,0.0,0.0,0.18446601941747573,0.2912621359223301,nan,nan,nan,nan,nan,nan,nan,nan,104.0,0.0,0.0,0.11778303565638115,26.0,0.0,0.0,0.08490820464484226,0.0
smc/smc_259/track.npy,smc,0.2764227642276423,0.196975615604999,0.3138297989795446,0.25540270729227177,0.0,0.0,0.10309278350515463,0.28865979381443296,nan,nan,nan,nan,nan,nan,nan,nan,110.0,0.0,0.0,0.11778303565638115,37.0,0.0,0.0,0.08845857534801005,0.0
smc/smc_260/track.npy,smc,0.2105263157894737,0.1769180311832144,0.2029735581659542,0.18994579467458428,0.0,0.0,0.1111111111111111,0.14814814814814814,nan,nan,nan,nan,nan,nan,nan,nan,26.0,0.0,0.0,0.09848533485679203,9.0,0.0,0.0,0.07395100494116791,0.0
smc/smc_261/track.npy,smc,0.1724137931034483,0.13001228751542185,0.16328493092394877,0.1466486092196853,0.027777777777777776,0.027777777777777776,0.13636363636363635,0.2727272727272727,nan,nan,nan,nan,nan,nan,nan,nan,25.0,0.0,0.0,0.08820686148701155,9.0,0.0,0.0,0.13363738695238087,0.0
smc/smc_262/track.npy,smc,0.2823529411764706,0.2513814829286581,0.2513814829286581,0.2513814829286581,0.0,0.0,0.0625,0.0625,nan,nan,nan,nan,nan,nan,nan,nan,25.0,0.0,0.0,0.09293810011195792,9.0,0.0,0.0,0.10674837173238745,0.0
smc/smc_263/track.npy,smc,0.2777777777777778,0.2021146094879033,0.2509008939902427,0.226507751739073,0.0,0.0,0.017543859649122806,0.017543859649122806,nan,nan,nan,nan,nan,nan,nan,nan,49.0,0.0,0.0,0.09693998263603719,17.0,0.0,0.0,0.04251899496364227,0.0
smc/smc_264/track.npy,smc,0.39682539682539686,0.3188520854389103,0.506727579770196,0.41278983260455315,0.0,0.0,0.2857142857142857,0.6547619047619048,nan,nan,nan,nan,nan,nan,nan,nan,97.0,0.0,0.0,0.10008345855698624,24.0,0.0,0.0,0.07250267739164698,0.0
smc/smc_265/track.npy,smc,0.7586206896551724,0.5388687108757481,0.5388687108757481,0.5388687108757481,0.3,0.7333333333333333,0.3,0.7333333333333333,nan,nan,nan,nan,nan,nan,nan,nan,101.0,0.0,0.0,0.1112256351102221,33.0,0.0,0.0,0.07792495779010736,0.0
smc/smc_266/track.npy,smc,0.0392156862745098,0.036303905207911824,0.057976257441811944,0.04714008132486189,0.0,0.0,0.07407407407407407,0.18518518518518517,nan,nan,nan,nan,nan,nan,nan,nan,26.0,0.0,0.0,0.1039688692383923,9.0,0.0,0.0,0.12096142861348466,0.0
smc/smc_269/track.npy,smc,0.3709677419354839,0.2387257022409459,0.2387257022409459,0.2387257022409459,0.0,0.0,0.0,0.0,nan,nan,nan,nan,nan,nan,nan,nan,108.0,0.0,0.0,0.11778303565638198,36.0,0.0,0.0,0.10022114443509993,0.0
smc/smc_271/track.npy,smc,0.9666666666666667,0.9190665659899925,0.9190665659899925,0.9190665659899925,0.9666666666666667,0.9666666666666667,0.9666666666666667,0.9666666666666667,nan,nan,nan,nan,nan,nan,nan,nan,69.0,0.0,0.0,0.06899287148696052,17.0,0.0,0.0,0.022505099329779846,0.0
smc/smc_272/track.npy,smc,0.6408839779005524,0.6203636674230969,0.6203636674230969,0.6203636674230969,0.0,0.0,0.5245901639344263,0.5245901639344263,nan,nan,nan,nan,nan,nan,nan,nan,69.0,0.0,0.0,0.06899287148695299,18.0,0.0,0.0,0.017391742711869718,0.0
smc/smc_273/track.npy,smc,1.0,0.8139487725543912,0.8139487725543912,0.8139487725543912,1.0,1.0,1.0,1.0,nan,nan,nan,nan,nan,nan,nan,nan,64.0,0.0,0.0,0.06098177404798453,16.0,0.0,0.0,0.023905520853553908,0.0
smc/smc_274/track.npy,smc,0.0,0.00046084949286796453,0.7901757604600613,0.39531830497646464,0.0,0.0,0.7951807228915663,0.9397590361445783,nan,nan,nan,nan,nan,nan,nan,nan,95.0,0.0,0.0,0.09531017980433462,23.0,0.0,0.0,0.0346855579878903,0.0
smc/smc_275/track.npy,smc,0.47311827956989244,0.3706171654310142,0.3706171654310142,0.3706171654310142,0.0,0.0,0.0,0.0,nan,nan,nan,nan,nan,nan,nan,nan,80.0,0.0,0.0,0.08004270767353835,20.0,0.0,0.0,0.02000066670666938,0.0
smc/smc_276/track.npy,smc,0.6666666666666666,0.603805383770785,0.9057080753338682,0.7547567295523265,0.0,0.0,1.0,1.0,nan,nan,nan,nan,nan,nan,nan,nan,63.0,0.0,0.0,0.0625203569813354,16.0,0.0,0.0,0.007843177461026706,0.0
smc/smc_277/track.npy,smc,0.673913043478261,0.6228032966516391,0.9192478322729536,0.7710255644622963,0.0,0.0,1.0,1.0,nan,nan,nan,nan,nan,nan,nan,nan,70.0,0.0,0.0,0.07145896398214452,17.0,0.0,0.0,0.026202372394025553,0.0
smc/smc_278/track.npy,smc,1.0,0.8462502325253242,0.8462502325253242,0.8462502325253242,1.0,1.0,1.0,1.0,nan,nan,nan,nan,nan,nan,nan,nan,69.0,0.0,0.0,0.06899287148695477,17.0,0.0,0.0,0.017391742711869718,0.0
smc/smc_279/track.npy,smc,1.0,0.9222371204633869,0.9222371204633869,0.9222371204633869,1.0,1.0,1.0,1.0,nan,nan,nan,nan,nan,nan,nan,nan,69.0,0.0,0.0,0.06899287148695112,18.0,0.0,0.0,0.019537678634716754,0.0
smc/smc_280/track.npy,smc,1.0,0.921465985070657,0.921465985070657,0.921465985070657,1.0,1.0,1.0,1.0,nan,nan,nan,nan,nan,nan,nan,nan,57.0,0.0,0.0,0.08455738802806025,15.0,0.0,0.0,0.014184634991956102,0.0
smc/smc_281/track.npy,smc,1.0,0.8737557824669588,0.8737557824669588,0.8737557824669588,1.0,1.0,1.0,1.0,nan,nan,nan,nan,nan,nan,nan,nan,62.0,0.0,0.0,0.06262126518914579,16.0,0.0,0.0,0.04169484547061168,0.0
smc/smc_282/track.npy,smc,0.9818181818181818,0.8926547393215362,0.8926547393215362,0.8926547393215362,0.6909090909090909,0.9636363636363636,0.6909090909090909,0.9636363636363636,nan,nan,nan,nan,nan,nan,nan,nan,63.0,0.0,0.0,0.06252035698133829,16.0,0.0,0.0,0.018472106122858364,0.0
smc/smc_283/track.npy,smc,0.98,0.8334930486122447,0.8334930486122447,0.8334930486122447,1.0,1.0,1.0,1.0,nan,nan,nan,nan,nan,nan,nan,nan,57.0,0.0,0.0,0.11441035117774263,15.0,0.0,0.0,0.017235724559644963,0.0
smc/smc_284/track.npy,smc,1.0,0.8776920686758255,0.8776920686758255,0.8776920686758255,1.0,1.0,1.0,1.0,nan,nan,nan,nan,nan,nan,nan,nan,66.0,0.0,0.0,0.06669137449867674,17.0,0.0,0.0,0.02475409429977765,0.0
smc/smc_285/track.npy,smc,0.2377622377622378,0.17357744634627503,0.5813045314097132,0.3774409888779941,0.0958904109589041,0.2054794520547945,0.6438356164383562,0.6575342465753424,nan,nan,nan,nan,nan,nan,nan,nan,83.0,0.0,0.0,0.08338160893904922,21.0,0.0,0.0,0.12000360777626731,0.0
smc/smc_286/track.npy,smc,1.0,0.9631623634306818,0.9631623634306818,0.9631623634306818,1.0,1.0,1.0,1.0,nan,nan,nan,nan,nan,nan,nan,nan,58.0,0.0,0.0,0.058840500022942666,15.0,0.0,0.0,0.02188299112429428,0.0
smc/smc_287/track.npy,smc,1.0,0.8386723717200425,0.8386723717200425,0.8386723717200425,1.0,1.0,1.0,1.0,nan,nan,nan,nan,nan,nan,nan,nan,68.0,0.0,0.0,0.06669137449868245,17.0,0.0,0.0,0.016949558313774316,0.0
smc/smc_288/track.npy,smc,0.957983193277311,0.8280325034496597,0.8280325034496597,0.8280325034496597,0.9666666666666667,0.9666666666666667,0.9666666666666667,0.9666666666666667,nan,nan,nan,nan,nan,nan,nan,nan,68.0,0.0,0.0,0.06669137449867674,17.0,0.0,0.0,0.0417190141042214,0.0
smc/smc_289/track.npy,smc,0.9913043478260869,0.7994574248090021,0.7994574248090021,0.7994574248090021,0.9827586206896551,0.9827586206896551,0.9827586206896551,0.9827586206896551,nan,nan,nan,nan,nan,nan,nan,nan,65.0,0.0,0.0,0.06669137449868189,16.0,0.0,0.0,0.024970480950000047,0.0
gtzan/gtzan_blues_00000/track.npy,gtzan,0.9811320754716981,0.8912475344242605,0.8912475344242605,0.8912475344242605,0.9811320754716981,0.9811320754716981,0.9811320754716981,0.9811320754716981,0.9285714285714286,0.8264618897503409,0.8264618897503409,0.8264618897503409,1.0,1.0,1.0,1.0,63.0,0.0,0.0,0.08338160893905155,16.0,0.0,0.0,0.031748698314580916,0.0
gtzan/gtzan_blues_00001/track.npy,gtzan,0.4,0.3571365389419823,0.44642067310264594,0.4017786060223141,0.0,0.0,0.0,0.0,0.6666666666666666,0.6253120940082871,0.8639589607158302,0.7446355273620586,0.0,0.0,0.9285714285714286,0.9285714285714286,51.0,0.0,0.0,0.06899287148695299,17.0,0.0,0.0,0.03736979839600305,0.0
gtzan/gtzan_blues_00002/track.npy,gtzan,0.9923664122137404,0.8829170663372036,0.8829170663372036,0.8829170663372036,0.9848484848484849,0.9848484848484849,0.9848484848484849,0.9848484848484849,0.9696969696969697,0.8170697144859628,0.8170697144859628,0.8170697144859628,0.9411764705882353,0.9411764705882353,0.9411764705882353,0.9411764705882353,79.0,0.0,0.0,0.10536051565782856,20.0,0.0,0.0,0.04202677510685483,0.0
gtzan/gtzan_blues_00003/track.npy,gtzan,0.5,0.39408710240523337,0.39408710240523337,0.39408710240523337,0.0,0.0,0.0,0.0,0.375,0.2291662787438732,0.3682216224229236,0.2986939505833984,0.0,0.0,0.0,0.0,93.0,0.0,0.0,1.1102230246251565e-14,31.0,0.0,0.0,0.011881576377709271,0.0
gtzan/gtzan_blues_00004/track.npy,gtzan,0.9642857142857143,0.7975857719521423,0.7975857719521423,0.7975857719521423,1.0,1.0,1.0,1.0,0.9285714285714286,0.7575954347242143,0.7575954347242143,0.7575954347242143,1.0,1.0,1.0,1.0,67.0,0.0,0.0,0.0901796979625059,17.0,0.0,0.0,0.0335226920386435,0.0
gtzan/gtzan_blues_00005/track.npy,gtzan,0.896551724137931,0.7354903309801071,0.7354903309801071,0.7354903309801071,1.0,1.0,1.0,1.0,0.375,0.3495901730184865,0.3541927259870264,0.3518914495027564,0.0,0.0,0.0,0.0,35.0,0.0,0.0,0.0779495347349696,11.0,0.0,0.0,0.030914805512238398,0.0
gtzan/gtzan_blues_00006/track.npy,gtzan,0.1818181818181818,0.17559680123331187,0.1767493884531305,0.1761730948432212,0.03225806451612903,0.03225806451612903,0.1,0.1,0.125,0.1682970686613874,0.18990351154304033,0.17910029010221387,0.625,0.625,0.625,0.625,28.0,0.0,0.0,0.11538226309938984,9.0,0.0,0.0,0.05135256092560222,0.0
gtzan/gtzan_blues_00007/track.npy,gtzan,0.9743589743589743,0.8903792852846879,0.8903792852846879,0.8903792852846879,1.0,1.0,1.0,1.0,0.2608695652173913,0.23701518740043354,0.3251623468726364,0.28108876713653497,0.0,0.0,0.0,0.0,47.0,0.0,0.0,0.1213608570042648,16.0,0.0,0.0,0.05888565046816925,0.0
gtzan/gtzan_blues_00008/track.npy,gtzan,0.9859154929577465,0.8676289127353337,0.8676289127353337,0.8676289127353337,0.971830985915493,0.971830985915493,0.971830985915493,0.971830985915493,0.0,6.040175219163908e-64,0.8356721502693141,0.41783607513465704,0.0,0.0,0.8888888888888888,0.8888888888888888,85.0,0.0,0.0,0.11122563511022658,21.0,0.0,0.0,0.028170876966698233,0.0
gtzan/gtzan_blues_00009/track.npy,gtzan,0.8529411764705883,0.6551904659407952,0.6551904659407952,0.6551904659407952,0.9428571428571428,0.9428571428571428,0.9428571428571428,0.9428571428571428,0.28571428571428575,0.13528304741831876,0.25835395404489236,0.19681850073160556,0.0,0.0,0.0,0.0,42.0,0.0,0.0,0.08455738802806147,14.0,0.0,0.0,0.027150989065950915,0.0
gtzan/gtzan_blues_00010/track.npy,gtzan,0.6078431372549019,0.5274875272594989,0.7824897020461107,0.6549886146528048,0.0,0.0,0.5147058823529411,0.8970588235294118,0.125,0.10015427379319587,0.1857647816238556,0.14295952770852574,0.0,0.0,0.0,0.0,81.0,0.0,0.0,0.1112256351102221,27.0,0.0,0.0,0.03746579122045512,0.0
gtzan/gtzan_blues_00011/track.npy,gtzan,0.5106382978723404,0.454083156653661,0.454083156653661,0.454083156653661,0.0,0.0,0.0,0.0,0.6666666666666666,0.6004908072504929,0.8634066381152667,0.7319487226828798,0.0,0.0,0.9583333333333334,0.9583333333333334,84.0,0.0,0.0,0.11122563511022676,28.0,0.0,0.0,0.03704127168035117,0.0
gtzan/gtzan_blues_00012/track.npy,gtzan,0.9487179487179487,0.7281915390957097,0.7281915390957097,0.7281915390957097,1.0,1.0,1.0,1.0,0.0,4.132937395306471e-45,4.437885967074736e-45,4.2854116811906035e-45,0.0,0.0,0.0,0.0,47.0,0.0,0.0,0.09237332013101804,12.0,0.0,0.0,0.0430294611803294,0.0
gtzan/gtzan_blues_00013/track.npy,gtzan,0.8131868131868132,0.704721952699997,0.704721952699997,0.704721952699997,0.6086956521739131,0.8260869565217391,0.6086956521739131,0.8260869565217391,0.5833333333333334,0.5362919782003791,0.5362919782003791,0.5362919782003791,0.75,0.75,0.75,0.75,55.0,0.0,0.0,0.07410797215372045,14.0,0.0,0.0,0.07215798383465143,0.0
gtzan/gtzan_blues_00014/track.npy,gtzan,0.6346153846153846,0.45791318395763886,0.7129263849808088,0.5854197844692238,0.0,0.0,0.6231884057971014,0.8840579710144928,0.56,0.4069134309219429,0.6050729130812619,0.5059931720016024,0.0,0.0,0.8823529411764706,0.8823529411764706,84.0,0.0,0.0,0.11778303565638426,21.0,0.0,0.0,0.06313884181053404,0.0
gtzan/gtzan_blues_00015/track.npy,gtzan,0.9024390243902439,0.7695501016942665,0.7695501016942665,0.7695501016942665,0.6829268292682927,0.9512195121951219,0.6829268292682927,0.9512195121951219,0.380952380952381,0.3557056539569123,0.3557056539569123,0.3557056539569123,0.2727272727272727,0.2727272727272727,0.2727272727272727,0.2727272727272727,49.0,0.0,0.0,0.0666913744986758,12.0,0.0,0.0,0.06627534745820439,0.0
gtzan/gtzan_blues_00016/track.npy,gtzan,0.963855421686747,0.795693872391894,0.795693872391894,0.795693872391894,0.9761904761904762,0.9761904761904762,0.9761904761904762,0.9761904761904762,0.0,2.4112530652239422e-179,0.8277689100775791,0.41388445503878957,0.0,0.0,0.9,0.9,50.0,0.0,0.0,0.0881335523490483,12.0,0.0,0.0,0.020908246882607808,0.0
gtzan/gtzan_blues_00017/track.npy,gtzan,0.9787234042553192,0.761845102599779,0.761845102599779,0.761845102599779,0.49295774647887325,0.9436619718309859,0.49295774647887325,0.9436619718309859,0.0,2.0243343711261016e-14,7.113181263239258e-14,4.56875781718268e-14,0.0,0.0,0.0,0.0,85.0,0.0,0.0,0.11778303565638115,21.0,0.0,0.0,0.05715841383994815,0.0
gtzan/gtzan_blues_00018/track.npy,gtzan,0.8695652173913043,0.6730646053969014,0.6730646053969014,0.6730646053969014,0.9714285714285714,0.9714285714285714,0.9714285714285714,0.9714285714285714,0.1904761904761905,0.16204172749872645,0.2824475924080545,0.2222446599533905,0.0,0.0,0.0,0.0,42.0,0.0,0.0,0.08574019785867444,14.0,0.0,0.0,0.04149714967509381,0.0
gtzan/gtzan_blues_00019/track.npy,gtzan,0.0,1.2449205310769907e-05,0.756574485254307,0.3782934672298089,0.0,0.0,0.9615384615384616,0.9615384615384616,0.0,1.206278498187059e-08,3.0849191074306716e-06,1.548490946206271e-06,0.0,0.0,0.0,0.0,62.0,0.0,0.0,0.08338160893905311,21.0,0.0,0.0,0.02777956410707651,0.0
gtzan/gtzan_blues_00020/track.npy,gtzan,0.4153846153846154,0.2820106921499518,0.3691833085000509,0.32559700032500133,0.0136986301369863,0.0958904109589041,0.0136986301369863,0.0958904109589041,0.052631578947368425,0.023471914436312316,0.15435320679986061,0.08891256061808647,0.0,0.0,0.1111111111111111,0.2222222222222222,88.0,0.0,0.0,0.1177830356563857,29.0,0.0,0.0,0.039220713153283376,0.0
gtzan/gtzan_blues_00021/track.npy,gtzan,0.9761904761904762,0.5899599350595276,0.5899599350595276,0.5899599350595276,1.0,1.0,1.0,1.0,0.32,0.21449365001738147,0.23801548881935508,0.22625456941836827,0.0,0.0,0.0,0.0,50.0,0.0,0.0,0.06899287148694999,17.0,0.0,0.0,0.04546237407675665,0.0
gtzan/gtzan_blues_00022/track.npy,gtzan,1.0,0.7506778263599849,0.7506778263599849,0.7506778263599849,1.0,1.0,1.0,1.0,0.0,1.3281572577857517e-46,5.882749516049683e-42,2.941441165887731e-42,0.0,0.0,0.0,0.0,49.0,0.0,0.0,0.08466873644131358,12.0,0.0,0.0,0.02469261259037194,0.0
gtzan/gtzan_blues_00023/track.npy,gtzan,0.4193548387096774,0.3314076493543802,0.4892208157136083,0.41031423253399424,0.0,0.0,0.9047619047619048,0.9047619047619048,0.0,3.446450446490794e-46,4.3877417030297247e-29,2.1938708515148624e-29,0.0,0.0,0.8333333333333334,0.8333333333333334,25.0,0.0,0.0,0.06304436313775275,7.0,0.0,0.0,0.014647770138260395,0.0
gtzan/gtzan_blues_00024/track.npy,gtzan,0.9302325581395349,0.6877539527607031,0.6877539527607031,0.6877539527607031,1.0,1.0,1.0,1.0,0.6875000000000001,0.46789653812546067,0.6805767827279428,0.5742366604267017,0.0,0.0,1.0,1.0,52.0,0.0,0.0,0.06899287148695234,13.0,0.0,0.0,0.02975458636628464,0.0
gtzan/gtzan_blues_00025/track.npy,gtzan,0.3684210526315789,0.28817846389776564,0.4128448418135882,0.3505116528556769,0.013513513513513514,0.013513513513513514,0.1518987341772152,0.379746835443038,0.17142857142857143,0.12993912554820766,0.13779572218454705,0.13386742386637734,0.0,0.0,0.12,0.12,89.0,0.0,0.0,0.11778303565638304,30.0,0.0,0.0,0.07073630043162453,0.0
gtzan/gtzan_blues_00026/track.npy,gtzan,0.8484848484848486,0.6999690780858588,0.6999690780858588,0.6999690780858588,0.7272727272727273,0.9393939393939394,0.7272727272727273,0.9393939393939394,0.3157894736842105,0.2605763720647665,0.2605763720647665,0.2605763720647665,0.0,0.0,0.0,0.0,40.0,0.0,0.0,0.10821358464023045,13.0,0.0,0.0,0.07602438183462279,0.0
gtzan/gtzan_blues_00027/track.npy,gtzan,0.6582278481012659,0.4714840684145138,0.4714840684145138,0.4714840684145138,0.675,0.825,0.675,0.825,0.5,0.41711383729795004,0.41711383729795004,0.41711383729795004,0.8,0.8,0.8,0.8,48.0,0.0,0.0,0.0881554784779097,12.0,0.0,0.0,0.05300709192367947,0.0
gtzan/gtzan_blues_00028/track.npy,gtzan,1.0,0.8553345151059195,0.8553345151059195,0.8553345151059195,1.0,1.0,1.0,1.0,0.6451612903225806,0.5628752140752863,0.8724565818166937,0.71766589794599,0.0,0.0,1.0,1.0,52.0,0.0,0.0,0.07145896398214693,13.0,0.0,0.0,0.03896902339660646,0.0
gtzan/gtzan_blues_00029/track.npy,gtzan,0.6728971962616823,0.46820400768498877,0.46820400768498877,0.46820400768498877,0.41818181818181815,0.7272727272727273,0.41818181818181815,0.7272727272727273,0.5185185185185186,0.3871501979032374,0.3871501979032374,0.3871501979032374,0.7857142857142857,0.7857142857142857,0.7857142857142857,0.7857142857142857,66.0,0.0,0.0,0.09465941956452592,17.0,0.0,0.0,0.04526150547613389,0.0
gtzan/gtzan_blues_00030/track.npy,gtzan,0.1904761904761905,0.12868370415300678,0.153219690854961,0.1409516975039839,0.0,0.0,0.043478260869565216,0.043478260869565216,0.0,5.017789732642401e-05,7.526684598963602e-05,6.272237165803001e-05,0.0,0.0,1.0,1.0,21.0,0.0,0.0,0.09705871123842716,7.0,0.0,0.0,0.10156465416348354,0.0
gtzan/gtzan_blues_00031/track.npy,gtzan,0.27083333333333337,0.21759627127518308,0.308488978369497,0.26304262482234003,0.1836734693877551,0.3469387755102041,0.2916666666666667,0.375,0.16666666666666666,0.12821688827626407,0.12821688827626407,0.12821688827626407,0.5,0.5,0.5,0.5,56.0,0.0,0.0,0.07696104113613333,14.0,0.0,0.0,0.0446831989382004,0.0
gtzan/gtzan_blues_00032/track.npy,gtzan,0.26666666666666666,0.18692042301702366,0.24234930242994923,0.21463486272348645,0.0,0.0,0.02631578947368421,0.02631578947368421,0.3076923076923077,0.21724541573828288,0.21724541573828288,0.21724541573828288,0.6153846153846154,0.6153846153846154,0.6153846153846154,0.6153846153846154,45.0,0.0,0.0,0.0896121586896864,15.0,0.0,0.0,0.04975391791296379,0.0
gtzan/gtzan_blues_00033/track.npy,gtzan,0.8615384615384615,0.6279364177031986,0.6279364177031986,0.6279364177031986,0.3384615384615385,0.8461538461538461,0.3384615384615385,0.8461538461538461,0.6875,0.5799987403158413,0.5799987403158413,0.5799987403158413,1.0,1.0,1.0,1.0,78.0,0.0,0.0,0.105360515657833,19.0,0.0,0.0,0.06636485973611041,0.0
gtzan/gtzan_blues_00034/track.npy,gtzan,0.9230769230769231,0.7112188693063378,0.7112188693063378,0.7112188693063378,1.0,1.0,1.0,1.0,0.9,0.6668867271242834,0.6668867271242834,0.6668867271242834,1.0,1.0,1.0,1.0,47.0,0.0,0.0,0.0625203569813377,12.0,0.0,0.0,0.043777964108285716,0.0
gtzan/gtzan_blues_00035/track.npy,gtzan,0.46296296296296297,0.3752931551658352,0.41258455875856515,0.3939388569622002,0.2909090909090909,0.4909090909090909,0.35185185185185186,0.4909090909090909,0.22222222222222224,0.15340980021606188,0.15340980021606188,0.15340980021606188,0.5714285714285714,0.5714285714285714,0.5714285714285714,0.5714285714285714,64.0,0.0,0.0,0.0870113769896318,16.0,0.0,0.0,0.052061681084753425,0.0
gtzan/gtzan_blues_00036/track.npy,gtzan,0.14084507042253522,0.09283106668070298,0.24694086314650196,0.16988596491360247,0.0,0.0,0.375,0.5833333333333334,0.0,5.015839501345302e-31,2.022709142558237e-10,1.0113545712791186e-10,0.0,0.0,0.3333333333333333,0.5,29.0,0.0,0.0,0.09352605801082478,7.0,0.0,0.0,0.07872656820268199,0.0
gtzan/gtzan_blues_00037/track.npy,gtzan,0.5652173913043478,0.4099645568169911,0.5462123436899974,0.4780884502534942,0.0,0.0,0.8125,0.8125,0.15384615384615385,0.14813745638328737,0.21397632588697063,0.18105689113512902,0.0,0.0,0.2,0.2,18.0,0.0,0.0,0.12213534018068588,6.0,0.0,0.0,0.1592233438069965,0.0
gtzan/gtzan_blues_00038/track.npy,gtzan,0.29213483146067415,0.2550636492856435,0.2550636492856435,0.2550636492856435,0.0,0.0,0.0,0.0,0.0,7.0897765145493835e-06,0.031516945744699695,0.015762017760607122,0.0,0.0,0.0,0.0,64.0,0.0,0.0,0.08338160893905301,16.0,0.0,0.0,0.051293294387550446,0.0
gtzan/gtzan_blues_00039/track.npy,gtzan,0.8541666666666666,0.7593185781794859,0.7593185781794859,0.7593185781794859,0.9166666666666666,0.9166666666666666,0.9166666666666666,0.9166666666666666,0.875,0.7621581912130202,0.7621581912130202,0.7621581912130202,0.9375,0.9375,0.9375,0.9375,58.0,0.0,0.0,0.07773145777048368,20.0,0.0,0.0,0.07532406422189661,0.0
gtzan/gtzan_blues_00040/track.npy,gtzan,0.9859154929577464,0.911522299713469,0.911522299713469,0.911522299713469,0.9722222222222222,0.9722222222222222,0.9722222222222222,0.9722222222222222,1.0,0.9035352677104035,0.9035352677104035,0.9035352677104035,1.0,1.0,1.0,1.0,87.0,0.0,0.0,0.11778303565638293,21.0,0.0,0.0,0.057158413839949906,0.0
gtzan/gtzan_blues_00041/track.npy,gtzan,0.9906542056074767,0.9400495666653019,0.9400495666653019,0.9400495666653019,0.9814814814814815,0.9814814814814815,0.9814814814814815,0.9814814814814815,0.962962962962963,0.9349836426472588,0.9349836426472588,0.9349836426472588,0.9285714285714286,0.9285714285714286,0.9285714285714286,0.9285714285714286,64.0,0.0,0.0,0.08682988858709198,16.0,0.0,0.0,0.02150620522096345,0.0
gtzan/gtzan_blues_00042/track.npy,gtzan,0.4600000000000001,0.38807129208745983,0.38807129208745983,0.38807129208745983,0.0,0.0,0.0,0.0,0.3225806451612903,0.28842465009924584,0.44203220376682184,0.3652284269330338,0.0,0.0,0.0,0.0,89.0,0.0,0.0,0.11778303565638426,30.0,0.0,0.0,0.060204201345461617,0.0
gtzan/gtzan_blues_00043/track.npy,gtzan,0.9906542056074767,0.8909643848331303,0.8909643848331303,0.8909643848331303,0.9814814814814815,0.9814814814814815,0.9814814814814815,0.9814814814814815,0.0,7.140263284558405e-109,0.8300488575614028,0.4150244287807014,0.0,0.0,0.8571428571428571,0.8571428571428571,65.0,0.0,0.0,0.08701137698962752,17.0,0.0,0.0,0.021576339645595254,0.0
gtzan/gtzan_blues_00044/track.npy,gtzan,0.4,0.3220987948564761,0.5368313216627216,0.42946505825959885,0.0,0.0,0.0,0.0,0.0,1.2159250424337854e-43,0.3385036430137251,0.16925182150686255,0.0,0.0,0.0,0.0,25.0,0.0,0.0,0.06887584397213216,6.0,0.0,0.0,0.012685159527315826,0.0
gtzan/gtzan_blues_00045/track.npy,gtzan,0.6666666666666666,0.5974660723201192,0.8961961176609918,0.7468310949905554,0.0,0.0,1.0,1.0,0.6666666666666666,0.5920643626538974,0.8880965439808461,0.7400804533173717,0.0,0.0,1.0,1.0,66.0,0.0,0.0,0.08701137698962938,16.0,0.0,0.0,0.03315220731690053,0.0
gtzan/gtzan_blues_00046/track.npy,gtzan,1.0,0.9501195547424738,0.9501195547424738,0.9501195547424738,1.0,1.0,1.0,1.0,1.0,0.944328500876368,0.944328500876368,0.944328500876368,1.0,1.0,1.0,1.0,61.0,0.0,0.0,0.0800427076735348,15.0,0.0,0.0,0.028409138313874434,0.0
gtzan/gtzan_blues_00047/track.npy,gtzan,1.0,0.8010616262822521,0.8010616262822521,0.8010616262822521,0.9523809523809523,0.9841269841269841,0.9523809523809523,0.9841269841269841,0.2777777777777778,0.23693713357423116,0.3411894723468929,0.28906330296056204,0.0,0.0,0.0,0.0,76.0,0.0,0.0,0.11979555114474665,19.0,0.0,0.0,0.0463638179717777,0.0
gtzan/gtzan_blues_00048/track.npy,gtzan,1.0,0.8913952086325918,0.8913952086325918,0.8913952086325918,1.0,1.0,1.0,1.0,1.0,0.8483826909476639,0.8483826909476639,0.8483826909476639,1.0,1.0,1.0,1.0,61.0,0.0,0.0,0.08037659780009894,15.0,0.0,0.0,0.024680235788344093,0.0
gtzan/gtzan_blues_00049/track.npy,gtzan,0.5384615384615384,0.4876317056224903,0.732475538107872,0.6100536218651812,0.0,0.0,0.7884615384615384,0.9038461538461539,0.6,0.5512155484768895,0.7498544117591576,0.6505349801180236,0.0,0.0,1.0,1.0,62.0,0.0,0.0,0.08338160893904942,16.0,0.0,0.0,0.02768549490510512,0.0
gtzan/gtzan_blues_00050/track.npy,gtzan,1.0,0.816986490681884,0.816986490681884,0.816986490681884,1.0,1.0,1.0,1.0,1.0,0.8009763775257159,0.8009763775257159,0.8009763775257159,1.0,1.0,1.0,1.0,68.0,0.0,0.0,0.09422557940467846,17.0,0.0,0.0,0.02325686216426781,0.0
gtzan/gtzan_blues_00051/track.npy,gtzan,0.5,0.45159285775037106,0.45159285775037106,0.45159285775037106,0.0,0.0,0.025,0.025,0.4615384615384615,0.4208606960896348,0.4208606960896348,0.4208606960896348,0.0,0.0,0.0,0.0,33.0,0.0,0.0,0.05520486518131447,8.0,0.0,0.0,0.019156554406020876,0.0
gtzan/gtzan_blues_00052/track.npy,gtzan,0.4150943396226415,0.35564658008647826,0.4383550870833337,0.397000833584906,0.0,0.0,0.0,0.0,0.0,1.1067949021850024e-19,1.3834007754036297e-19,1.245097838794316e-19,0.0,0.0,0.4,0.6,38.0,0.0,0.0,0.097638469563915,12.0,0.0,0.0,0.04633693078703941,0.0
gtzan/gtzan_blues_00053/track.npy,gtzan,1.0,0.7871821228958817,0.7871821228958817,0.7871821228958817,1.0,1.0,1.0,1.0,1.0,0.7264736500727595,0.7264736500727595,0.7264736500727595,1.0,1.0,1.0,1.0,51.0,0.0,0.0,0.06899287148694377,12.0,0.0,0.0,0.026209056663996793,0.0
gtzan/gtzan_blues_00054/track.npy,gtzan,0.9933774834437086,0.8529715729362689,0.8529715729362689,0.8529715729362689,0.9868421052631579,0.9868421052631579,0.9868421052631579,0.9868421052631579,1.0,0.8630359932713939,0.8630359932713939,0.8630359932713939,1.0,1.0,1.0,1.0,90.0,0.0,0.0,0.11778303565638337,22.0,0.0,0.0,0.07522342123758854,0.0
gtzan/gtzan_blues_00055/track.npy,gtzan,0.9636363636363636,0.8125177326560231,0.8125177326560231,0.8125177326560231,0.6181818181818182,0.9636363636363636,0.6181818181818182,0.9636363636363636,0.9230769230769231,0.8182759926497961,0.8182759926497961,0.8182759926497961,1.0,1.0,1.0,1.0,67.0,0.0,0.0,0.08701137698963579,16.0,0.0,0.0,0.0589330539444741,0.0
gtzan/gtzan_blues_00056/track.npy,gtzan,0.5111111111111112,0.4424963935267688,0.4424963935267688,0.4424963935267688,0.0,0.0,0.0,0.0,0.3571428571428571,0.3087469064959988,0.5089646587198005,0.4088557826078996,0.0,0.0,0.0,0.0,80.0,0.0,0.0,0.10624028357569132,27.0,0.0,0.0,0.06921943886254969,0.0
gtzan/gtzan_blues_00057/track.npy,gtzan,0.5,0.4482951685592727,0.4482951685592727,0.4482951685592727,0.0,0.0,0.0,0.0,0.4799999999999999,0.39008237214530195,0.39008237214530195,0.39008237214530195,0.0,0.0,0.0,0.0,31.0,0.0,0.0,0.041672696400569365,8.0,0.0,0.0,0.014145695158939653,0.0
gtzan/gtzan_blues_00058/track.npy,gtzan,1.0,0.85639835034462,0.85639835034462,0.85639835034462,1.0,1.0,1.0,1.0,1.0,0.8358317048300555,0.8358317048300555,0.8358317048300555,1.0,1.0,1.0,1.0,53.0,0.0,0.0,0.07145896398214502,13.0,0.0,0.0,0.026433257068155414,0.0
gtzan/gtzan_blues_00059/track.npy,gtzan,1.0,0.8906425717520908,0.8906425717520908,0.8906425717520908,1.0,1.0,1.0,1.0,1.0,0.893097131296321,0.893097131296321,0.893097131296321,1.0,1.0,1.0,1.0,54.0,0.0,0.0,0.07410797215372356,14.0,0.0,0.0,0.026218246913193674,0.0
gtzan/gtzan_blues_00060/track.npy,gtzan,0.9919999999999999,0.7464897119853536,0.7464897119853536,0.7464897119853536,0.9841269841269841,0.9841269841269841,0.9841269841269841,0.9841269841269841,0.967741935483871,0.7091145642263431,0.7091145642263431,0.7091145642263431,0.9375,0.9375,0.9375,0.9375,75.0,0.0,0.0,0.10008345855698156,19.0,0.0,0.0,0.02736383638887692,0.0
gtzan/gtzan_blues_00061/track.npy,gtzan,1.0,0.9337667655911798,0.9337667655911798,0.9337667655911798,1.0,1.0,1.0,1.0,0.0,3.1142586222324816e-102,0.9202845402134451,0.46014227010672254,0.0,0.0,1.0,1.0,66.0,0.0,0.0,0.0870113769896318,16.0,0.0,0.0,0.0444517625708356,0.0
gtzan/gtzan_blues_00062/track.npy,gtzan,1.0,0.8727056045621554,0.8727056045621554,0.8727056045621554,1.0,1.0,1.0,1.0,1.0,0.8211362696970617,0.8211362696970617,0.8211362696970617,1.0,1.0,1.0,1.0,57.0,0.0,0.0,0.07410797215372213,15.0,0.0,0.0,0.022589441369307704,0.0
gtzan/gtzan_blues_00063/track.npy,gtzan,1.0,0.8549046066819674,0.8549046066819674,0.8549046066819674,1.0,1.0,1.0,1.0,1.0,0.9102000752757216,0.9102000752757216,0.9102000752757216,1.0,1.0,1.0,1.0,45.0,0.0,0.0,0.06062462181643606,11.0,0.0,0.0,0.01526747213078845,0.0
gtzan/gtzan_blues_00064/track.npy,gtzan,1.0,0.9299537024950595,0.9299537024950595,0.9299537024950595,1.0,1.0,1.0,1.0,1.0,0.905912108784927,0.905912108784927,0.905912108784927,1.0,1.0,1.0,1.0,78.0,0.0,0.0,0.10536051565782967,20.0,0.0,0.0,0.038714512180689775,0.0
gtzan/gtzan_blues_00065/track.npy,gtzan,0.9777777777777777,0.8092994851106489,0.8092994851106489,0.8092994851106489,1.0,1.0,1.0,1.0,1.0,0.7443192518554205,0.7443192518554205,0.7443192518554205,1.0,1.0,1.0,1.0,54.0,0.0,0.0,0.07410797215372034,14.0,0.0,0.0,0.040367670508635586,0.0
gtzan/gtzan_blues_00066/track.npy,gtzan,1.0,0.8680657868607118,0.8680657868607118,0.8680657868607118,1.0,1.0,1.0,1.0,1.0,0.8841437658161267,0.8841437658161267,0.8841437658161267,1.0,1.0,1.0,1.0,82.0,0.0,0.0,0.1112256351102221,21.0,0.0,0.0,0.027437033180010163,0.0
gtzan/gtzan_blues_00067/track.npy,gtzan,1.0,0.8936666797025064,0.8936666797025064,0.8936666797025064,1.0,1.0,1.0,1.0,1.0,0.8961419291483103,0.8961419291483103,0.8961419291483103,1.0,1.0,1.0,1.0,81.0,0.0,0.0,0.10536051565782856,20.0,0.0,0.0,0.04027389913794027,0.0
gtzan/gtzan_blues_00068/track.npy,gtzan,1.0,0.8117145075316994,0.8117145075316994,0.8117145075316994,1.0,1.0,1.0,1.0,1.0,0.8429650418804074,0.8429650418804074,0.8429650418804074,1.0,1.0,1.0,1.0,81.0,0.0,0.0,0.1112256351102221,20.0,0.0,0.0,0.0271413061457939,0.0
gtzan/gtzan_blues_00069/track.npy,gtzan,0.41463414634146345,0.36276641593909426,0.4507097344000232,0.40673807516955873,0.0,0.0,0.0,0.0,0.6399999999999999,0.5579662135843076,0.8080167171588498,0.6829914653715787,0.0,0.0,0.8823529411764706,0.8823529411764706,59.0,0.0,0.0,0.08004270767353516,20.0,0.0,0.0,0.03974032864951321,0.0
gtzan/gtzan_blues_00070/track.npy,gtzan,1.0,0.8648955693240649,0.8648955693240649,0.8648955693240649,1.0,1.0,1.0,1.0,1.0,0.8580261341029285,0.8580261341029285,0.8580261341029285,1.0,1.0,1.0,1.0,74.0,0.0,0.0,0.05129329438755446,18.0,0.0,0.0,0.04879016416943155,0.0
gtzan/gtzan_blues_00071/track.npy,gtzan,1.0,0.9354049083141467,0.9354049083141467,0.9354049083141467,1.0,1.0,1.0,1.0,0.0,1.4024908428052704e-84,0.9079443628491609,0.45397218142458046,0.0,0.0,1.0,1.0,74.0,0.0,0.0,0.10008345855697819,18.0,0.0,0.0,0.027722952723457095,0.0
gtzan/gtzan_blues_00072/track.npy,gtzan,0.4444444444444445,0.3891612517400932,0.4470090325592024,0.41808514214964776,0.0,0.0,0.4375,0.5625,0.15384615384615383,0.12850310944788626,0.16705404228225212,0.1477785758650692,0.0,0.0,0.0,0.0,19.0,0.0,0.0,0.07050599554390882,7.0,0.0,0.0,0.14525309441088538,0.0
gtzan/gtzan_blues_00073/track.npy,gtzan,0.975609756097561,0.7407073653923676,0.7407073653923676,0.7407073653923676,1.0,1.0,1.0,1.0,1.0,0.7550478463856861,0.7550478463856861,0.7550478463856861,1.0,1.0,1.0,1.0,49.0,0.0,0.0,0.0660455184903464,12.0,0.0,0.0,0.01626052087177927,0.0
gtzan/gtzan_blues_00074/track.npy,gtzan,0.9787234042553191,0.8710656276985748,0.8710656276985748,0.8710656276985748,0.9787234042553191,0.9787234042553191,0.9787234042553191,0.9787234042553191,1.0,0.9441268372088341,0.9441268372088341,0.9441268372088341,1.0,1.0,1.0,1.0,56.0,0.0,0.0,0.08824442892623054,14.0,0.0,0.0,0.026949245412840453,0.0
gtzan/gtzan_blues_00075/track.npy,gtzan,1.0,0.875301060031577,0.875301060031577,0.875301060031577,1.0,1.0,1.0,1.0,1.0,0.8547665941653636,0.8547665941653636,0.8547665941653636,1.0,1.0,1.0,1.0,59.0,0.0,0.0,0.0775773744436136,15.0,0.0,0.0,0.029558802241544613,0.0
gtzan/gtzan_blues_00076/track.npy,gtzan,1.0,0.8675075502595601,0.8675075502595601,0.8675075502595601,1.0,1.0,1.0,1.0,0.28571428571428575,0.1940411313203044,0.2716575838484262,0.2328493575843653,0.0,0.0,0.0,0.0,58.0,0.0,0.0,0.08004270767353783,15.0,0.0,0.0,0.038839833316263415,0.0
gtzan/gtzan_blues_00077/track.npy,gtzan,0.9838709677419355,0.8924406505618945,0.8924406505618945,0.8924406505618945,0.9838709677419355,0.9838709677419355,0.9838709677419355,0.9838709677419355,1.0,0.9182906575974787,0.9182906575974787,0.9182906575974787,1.0,1.0,1.0,1.0,74.0,0.0,0.0,0.07187214664383312,18.0,0.0,0.0,0.03681397312271559,0.0
gtzan/gtzan_blues_00078/track.npy,gtzan,0.4133333333333334,0.2125012898263566,0.31727348634663094,0.26488738808649376,0.0,0.0,0.44,0.82,0.48648648648648657,0.20141433826247,0.3105137714879746,0.2559640548752223,0.0,0.0,1.0,1.0,60.0,0.0,0.0,0.0805435428633634,15.0,0.0,0.0,0.020369339271606224,0.0
gtzan/gtzan_blues_00079/track.npy,gtzan,0.9924812030075187,0.9145395411335568,0.9145395411335568,0.9145395411335568,0.9850746268656716,0.9850746268656716,0.9850746268656716,0.9850746268656716,0.9696969696969697,0.8670727623243716,0.8670727623243716,0.8670727623243716,0.9411764705882353,0.9411764705882353,0.9411764705882353,0.9411764705882353,80.0,0.0,0.0,0.1112256351102221,20.0,0.0,0.0,0.06923723913384203,0.0
gtzan/gtzan_blues_00080/track.npy,gtzan,1.0,0.8666634914651632,0.8666634914651632,0.8666634914651632,1.0,1.0,1.0,1.0,1.0,0.8717302614569093,0.8717302614569093,0.8717302614569093,1.0,1.0,1.0,1.0,58.0,0.0,0.0,0.039220713153286096,14.0,0.0,0.0,0.03390666215182614,0.0
gtzan/gtzan_blues_00081/track.npy,gtzan,0.564885496183206,0.48780598373213346,0.6906117645605648,0.5892088741463491,0.0,0.0,0.7333333333333333,0.8,0.5454545454545455,0.49725853930025704,0.6603798031899929,0.5788191712451249,0.0,0.0,0.8181818181818182,0.8181818181818182,54.0,0.0,0.0,0.08338160893905266,13.0,0.0,0.0,0.10414852159860705,0.0
gtzan/gtzan_blues_00082/track.npy,gtzan,0.9811320754716981,0.8521350356233269,0.8521350356233269,0.8521350356233269,0.9811320754716981,0.9811320754716981,0.9811320754716981,0.9811320754716981,0.9285714285714286,0.8049467580831432,0.8049467580831432,0.8049467580831432,1.0,1.0,1.0,1.0,63.0,0.0,0.0,0.08338160893905688,16.0,0.0,0.0,0.0425596144187957,0.0
gtzan/gtzan_blues_00083/track.npy,gtzan,1.0,0.949381583088971,0.949381583088971,0.949381583088971,1.0,1.0,1.0,1.0,1.0,0.9186792302088305,0.9186792302088305,0.9186792302088305,1.0,1.0,1.0,1.0,67.0,0.0,0.0,0.09097177820572477,17.0,0.0,0.0,0.033636349929754374,0.0
gtzan/gtzan_blues_00084/track.npy,gtzan,1.0,0.7992202515506255,0.7992202515506255,0.7992202515506255,1.0,1.0,1.0,1.0,1.0,0.7602015375808883,0.7602015375808883,0.7602015375808883,1.0,1.0,1.0,1.0,56.0,0.0,0.0,0.07410797215372095,14.0,0.0,0.0,0.009302392662314113,0.0
gtzan/gtzan_blues_00085/track.npy,gtzan,1.0,0.9121633068276195,0.9121633068276195,0.9121633068276195,1.0,1.0,1.0,1.0,1.0,0.8816924882450632,0.8816924882450632,0.8816924882450632,1.0,1.0,1.0,1.0,72.0,0.0,0.0,0.09531017980433143,18.0,0.0,0.0,0.03980802088439456,0.0
gtzan/gtzan_blues_00086/track.npy,gtzan,0.9902912621359222,0.8533157076613138,0.8533157076613138,0.8533157076613138,0.9807692307692307,0.9807692307692307,0.9807692307692307,0.9807692307692307,1.0,0.8000118839739303,0.8000118839739303,0.8000118839739303,1.0,1.0,1.0,1.0,61.0,0.0,0.0,0.08338160893904961,15.0,0.0,0.0,0.042960445296339245,0.0
gtzan/gtzan_blues_00087/track.npy,gtzan,1.0,0.8934758303681767,0.8934758303681767,0.8934758303681767,0.7534246575342466,0.9863013698630136,0.7534246575342466,0.9863013698630136,0.0,1.488958049007501e-57,0.8567681900785223,0.42838409503926117,0.0,0.0,0.9444444444444444,0.9444444444444444,88.0,0.0,0.0,0.11778303565638354,22.0,0.0,0.0,0.029413885206293438,0.0
gtzan/gtzan_blues_00088/track.npy,gtzan,0.0,0.005717109045413426,0.6399264261801287,0.3228217676127711,0.0,0.0,0.49295774647887325,0.9154929577464789,0.0,2.739597626489824e-05,3.540620470075004e-05,3.140109048282414e-05,1.0,1.0,1.0,1.0,85.0,0.0,0.0,0.11778303565638115,21.0,0.0,0.0,0.05715841383994811,0.0
gtzan/gtzan_blues_00089/track.npy,gtzan,1.0,0.8444373465105409,0.8444373465105409,0.8444373465105409,1.0,1.0,1.0,1.0,0.0,1.3216283271386671e-38,5.423741058936626e-38,3.372684693037646e-38,0.0,0.0,0.0,0.0,54.0,0.0,0.0,0.07145896398214968,13.0,0.0,0.0,0.04525659158812029,0.0
gtzan/gtzan_blues_00090/track.npy,gtzan,1.0,0.8556361923838244,0.8556361923838244,0.8556361923838244,1.0,1.0,1.0,1.0,1.0,0.8617636147966985,0.8617636147966985,0.8617636147966985,1.0,1.0,1.0,1.0,71.0,0.0,0.0,0.09531017980433143,18.0,0.0,0.0,0.05781957088882694,0.0
gtzan/gtzan_blues_00091/track.npy,gtzan,1.0,0.914831685542806,0.914831685542806,0.914831685542806,1.0,1.0,1.0,1.0,0.0,7.317522612649376e-121,0.8935126988498339,0.44675634942491693,0.0,0.0,0.9230769230769231,0.9230769230769231,63.0,0.0,0.0,0.08338160893905311,16.0,0.0,0.0,0.02105340919783194,0.0
gtzan/gtzan_blues_00092/track.npy,gtzan,0.40963855421686746,0.35815037267519545,0.4252585998956262,0.3917044862854108,0.0,0.0,0.0,0.0,0.42857142857142855,0.391166646563072,0.43574250939271386,0.4134545779778929,0.0,0.0,0.0,0.0,40.0,0.0,0.0,0.10821358464023523,13.0,0.0,0.0,0.04425587618243254,0.0
gtzan/gtzan_blues_00093/track.npy,gtzan,0.972972972972973,0.8164878385891473,0.8164878385891473,0.8164878385891473,1.0,1.0,1.0,1.0,1.0,0.820568108790976,0.820568108790976,0.820568108790976,1.0,1.0,1.0,1.0,44.0,0.0,0.0,0.08701137698963284,11.0,0.0,0.0,0.021978906718774515,0.0
gtzan/gtzan_blues_00094/track.npy,gtzan,1.0,0.8551135359247737,0.8551135359247737,0.8551135359247737,1.0,1.0,1.0,1.0,1.0,0.7814018628737185,0.7814018628737185,0.7814018628737185,1.0,1.0,1.0,1.0,52.0,0.0,0.0,0.0689928714869561,13.0,0.0,0.0,0.02971742684042289,0.0
gtzan/gtzan_blues_00095/track.npy,gtzan,0.631578947368421,0.4472401457723464,0.4472401457723464,0.4472401457723464,0.6666666666666666,0.6666666666666666,0.6666666666666666,0.6666666666666666,0.0,7.314157085612027e-11,9.683311784614178e-11,8.498734435113102e-11,0.2857142857142857,0.2857142857142857,0.2857142857142857,0.2857142857142857,68.0,0.0,0.0,0.09097177820573288,17.0,0.0,0.0,0.037337880206293084,0.0
gtzan/gtzan_blues_00096/track.npy,gtzan,0.4109589041095891,0.3016826010593818,0.4480943721416319,0.3748884866005069,0.0,0.0,0.5510204081632653,0.673469387755102,0.5263157894736842,0.39530102973111014,0.4499450765873765,0.4226230531592433,0.0,0.0,0.9230769230769231,0.9230769230769231,58.0,0.0,0.0,0.0800427076735365,14.0,0.0,0.0,0.04133897025803249,0.0
gtzan/gtzan_blues_00097/track.npy,gtzan,0.581081081081081,0.4819460493629584,0.6496606208923629,0.5658033351276606,0.0,0.0,0.8367346938775511,0.8367346938775511,0.0,8.06607379513318e-07,0.05563673239080871,0.027818769499094113,0.0,0.0,0.8333333333333334,0.8333333333333334,59.0,0.0,0.0,0.08004270767353498,15.0,0.0,0.0,0.05309882941324223,0.0
gtzan/gtzan_blues_00098/track.npy,gtzan,1.0,0.9123957743993503,0.9123957743993503,0.9123957743993503,1.0,1.0,1.0,1.0,1.0,0.9183009265753174,0.9183009265753174,0.9183009265753174,1.0,1.0,1.0,1.0,63.0,0.0,0.0,0.08338160893905111,16.0,0.0,0.0,0.024942353400839664,0.0
gtzan/gtzan_blues_00099/track.npy,gtzan,0.9743589743589743,0.8278233530457032,0.8278233530457032,0.8278233530457032,1.0,1.0,1.0,1.0,0.2608695652173913,0.24228523238583194,0.32779766734553734,0.28504144986568464,0.0,0.0,0.0,0.0,46.0,0.0,0.0,0.11701272647328667,12.0,0.0,0.0,0.05448818528406996,0.0
gtzan/gtzan_classical_00000/track.npy,gtzan,1.0,0.8281754945576825,0.8281754945576825,0.8281754945576825,1.0,1.0,1.0,1.0,0.0,4.480918711975885e-202,0.7685403227879993,0.38427016139399967,0.0,0.0,0.9,0.9,47.0,0.0,0.0,0.09237332013101884,12.0,0.0,0.0,0.023550403438170397,0.0
gtzan/gtzan_classical_00001/track.npy,gtzan,0.380952380952381,0.2951538873220974,0.2951538873220974,0.2951538873220974,0.0,0.0,0.043478260869565216,0.043478260869565216,0.0,9.325327688306266e-33,1.0755406052006315e-05,5.377703026003158e-06,0.0,0.0,0.0,0.0,19.0,0.0,0.0,0.1276658836891881,6.0,0.0,0.0,0.10269165388762089,0.0
gtzan/gtzan_classical_00002/track.npy,gtzan,0.6719999999999999,0.5852198293927242,0.870862841314174,0.7280413353534492,0.0,0.0,1.0,1.0,0.4,0.3313833377006709,0.4212157333215702,0.37629953551112055,0.0,0.0,0.0,0.0,50.0,0.0,0.0,0.06669137449867313,16.0,0.0,0.0,0.03291665739586119,0.0
gtzan/gtzan_classical_00003/track.npy,gtzan,0.14285714285714285,0.12228454562910676,0.14137916888104385,0.1318318572550753,0.0,0.0,0.13333333333333333,0.13333333333333333,0.16666666666666666,0.13492860811131493,0.2023929121669724,0.16866076013914366,0.0,0.0,0.0,0.0,19.0,0.0,0.0,0.09071102891866636,6.0,0.0,0.0,0.1299367043669355,0.0
gtzan/gtzan_classical_00004/track.npy,gtzan,0.5882352941176471,0.421607558387323,0.6324113375808768,0.5270094479840999,0.0,0.0,1.0,1.0,0.42857142857142855,0.2893501109138068,0.3480014183518919,0.31867576463284936,0.0,0.0,0.0,0.0,41.0,0.0,0.0,0.08483564687729812,13.0,0.0,0.0,0.022504303232978584,0.0
gtzan/gtzan_classical_00005/track.npy,gtzan,0.8173913043478261,0.5905368991442582,0.5905368991442582,0.5905368991442582,0.43103448275862066,0.7931034482758621,0.43103448275862066,0.7931034482758621,0.17647058823529413,0.09152398671801053,0.10479740790176838,0.09816069730988945,0.0,0.0,0.0,0.0,69.0,0.0,0.0,0.09531017980433143,18.0,0.0,0.0,0.07919320060600105,0.0
gtzan/gtzan_classical_00006/track.npy,gtzan,0.5,0.37178251085376424,0.5102458732761358,0.44101419206495,0.0,0.0,0.85,0.85,0.0,1.1281406139378907e-68,0.3387157634969443,0.16935788174847216,0.0,0.0,0.2,0.2,24.0,0.0,0.0,0.0992834414896599,6.0,0.0,0.0,0.03763779516121573,0.0
gtzan/gtzan_classical_00007/track.npy,gtzan,0.3283582089552239,0.2705195125697819,0.4119273582001642,0.341223435384973,0.0,0.0,0.5454545454545454,0.5454545454545454,0.26666666666666666,0.2252583138358142,0.2252583138358142,0.2252583138358142,0.0,0.0,0.0,0.0,26.0,0.0,0.0,0.08774462826821215,9.0,0.0,0.0,0.058689000158578974,0.0
gtzan/gtzan_classical_00008/track.npy,gtzan,0.719298245614035,0.5060070574354868,0.5060070574354868,0.5060070574354868,0.25862068965517243,0.7413793103448276,0.25862068965517243,0.7413793103448276,0.6206896551724138,0.3982370341478526,0.3982370341478526,0.3982370341478526,0.8,0.8,0.8,0.8,70.0,0.0,0.0,0.09097177820573005,18.0,0.0,0.0,0.04639584717868164,0.0
gtzan/gtzan_classical_00009/track.npy,gtzan,0.16666666666666666,0.11879068723685432,0.21894048342793446,0.16886558533239437,0.0,0.0,0.0,0.0,0.06666666666666667,0.07534695238305367,0.07820131513803497,0.07677413376054432,0.0,0.0,0.0,0.0,85.0,0.0,0.0,0.11778303565639152,29.0,0.0,0.0,0.05715841383994861,0.0
gtzan/gtzan_classical_00010/track.npy,gtzan,0.25287356321839083,0.19391472869327012,0.25246956407984933,0.2231921463865597,0.36363636363636365,0.36363636363636365,0.36363636363636365,0.4883720930232558,0.07692307692307691,0.03443907104515546,0.07230038007693217,0.053369725561043815,0.0,0.0,0.0,0.0,51.0,0.0,0.0,0.06899287148694999,17.0,0.0,0.0,0.022989518224696793,0.0
gtzan/gtzan_classical_00011/track.npy,gtzan,0.90625,0.6566322064782835,0.6566322064782835,0.6566322064782835,1.0,1.0,1.0,1.0,0.3157894736842105,0.15671406173819147,0.26704896214141455,0.211881511939803,0.0,0.0,0.0,0.0,39.0,0.0,0.0,0.07796154146970558,13.0,0.0,0.0,0.09116077839697723,0.0
gtzan/gtzan_classical_00012/track.npy,gtzan,0.5599999999999999,0.3662445533782151,0.3662445533782151,0.3662445533782151,0.39473684210526316,0.631578947368421,0.39473684210526316,0.631578947368421,0.1904761904761905,0.07050892474131043,0.08709925997455994,0.07880409235793519,0.0,0.0,0.0,0.0,44.0,0.0,0.0,0.08961215868969545,15.0,0.0,0.0,0.08079104353815109,0.0
gtzan/gtzan_classical_00013/track.npy,gtzan,0.9230769230769231,0.6237467676862672,0.6237467676862672,0.6237467676862672,0.7692307692307693,0.9423076923076923,0.7692307692307693,0.9423076923076923,0.1935483870967742,0.13608762315283074,0.19175983262444332,0.16392372788863702,0.0,0.0,0.0,0.0,63.0,0.0,0.0,0.08338160893905111,16.0,0.0,0.0,0.031113622543493636,0.0
gtzan/gtzan_classical_00014/track.npy,gtzan,0.8032786885245902,0.5850406593929591,0.5850406593929591,0.5850406593929591,0.36065573770491804,0.819672131147541,0.36065573770491804,0.819672131147541,0.8000000000000002,0.6195089377247085,0.6195089377247085,0.6195089377247085,1.0,1.0,1.0,1.0,73.0,0.0,0.0,0.10008345855698497,18.0,0.0,0.0,0.03966100529650603,0.0
gtzan/gtzan_classical_00015/track.npy,gtzan,0.5714285714285714,0.43465279345562075,0.6655620899789193,0.55010744171727,0.0,0.0,1.0,1.0,0.0,7.787045264343991e-69,1.211317883496556e-68,9.950112049654775e-69,0.0,0.0,0.0,0.0,19.0,0.0,0.0,0.11288914053714207,6.0,0.0,0.0,0.10546141607617159,0.0
gtzan/gtzan_classical_00016/track.npy,gtzan,0.9397590361445782,0.6725195857253268,0.6725195857253268,0.6725195857253268,0.9761904761904762,0.9761904761904762,0.9761904761904762,0.9761904761904762,0.0,2.370974945613099e-51,8.945921966254436e-10,4.472960983127218e-10,0.0,0.0,0.9285714285714286,0.9285714285714286,49.0,0.0,0.0,0.06669137449867171,16.0,0.0,0.0,0.037674990958501464,0.0
gtzan/gtzan_classical_00017/track.npy,gtzan,0.4954128440366973,0.37561342423332744,0.5686296559341484,0.4721215400837379,0.0,0.0,0.4166666666666667,0.8888888888888888,0.33333333333333337,0.22948197576934648,0.3012668908420537,0.2653744333057001,0.0,0.0,0.0,0.0,43.0,0.0,0.0,0.08701137698962991,14.0,0.0,0.0,0.033081857857343674,0.0
gtzan/gtzan_classical_00018/track.npy,gtzan,0.13043478260869568,0.0780135968369413,0.09224890535665144,0.08513125109679637,0.0,0.0,0.0,0.0,0.16666666666666666,0.07870481512666118,0.1180547403139153,0.09837977772028825,0.0,0.0,0.0,0.0,16.0,0.0,0.0,0.06033735119912568,4.0,0.0,0.0,0.010104223063662432,0.0
gtzan/gtzan_classical_00019/track.npy,gtzan,0.3333333333333333,0.2452931429829939,0.36793961394392827,0.30661637846346107,0.0,0.0,0.75,0.75,0.4,0.29832149902104876,0.44748224853157315,0.37290187377631095,0.0,0.0,1.0,1.0,24.0,0.0,0.0,0.08109700642048452,6.0,0.0,0.0,0.027137463116684434,0.0
gtzan/gtzan_classical_00020/track.npy,gtzan,0.8135593220338985,0.587027374663697,0.587027374663697,0.587027374663697,0.6949152542372882,0.8305084745762712,0.6949152542372882,0.8305084745762712,0.85,0.598492744176774,0.598492744176774,0.598492744176774,1.0,1.0,1.0,1.0,70.0,0.0,0.0,0.09531017980431992,23.0,0.0,0.0,0.031748698314582435,0.0
gtzan/gtzan_classical_00021/track.npy,gtzan,0.6428571428571429,0.485505198457565,0.7281953261350002,0.6068502622962826,0.0,0.0,0.6785714285714286,0.9821428571428571,0.6666666666666666,0.49387916600475396,0.740818749007131,0.6173489575059424,0.0,0.0,1.0,1.0,68.0,0.0,0.0,0.09097177820573182,17.0,0.0,0.0,0.048230109021923685,0.0
gtzan/gtzan_classical_00022/track.npy,gtzan,0.6823529411764706,0.5461249027807571,0.5461249027807571,0.5461249027807571,0.5454545454545454,0.6590909090909091,0.5454545454545454,0.6590909090909091,0.5714285714285713,0.4667971226316708,0.4667971226316708,0.4667971226316708,0.5454545454545454,0.5454545454545454,0.5454545454545454,0.5454545454545454,53.0,0.0,0.0,0.08794533323183648,13.0,0.0,0.0,0.06284410758174774,0.0
gtzan/gtzan_classical_00023/track.npy,gtzan,0.2413793103448276,0.20437575001521718,0.30285221824930647,0.2536139841322618,0.0,0.0,0.8,0.8,0.2,0.19379658449981502,0.27685226357116427,0.23532442403548964,0.0,0.0,1.0,1.0,22.0,0.0,0.0,0.10778514559575719,8.0,0.0,0.0,0.09423489448791228,0.0
gtzan/gtzan_classical_00024/track.npy,gtzan,0.9448818897637795,0.7284875505536297,0.7284875505536297,0.7284875505536297,0.921875,0.921875,0.921875,0.921875,0.8837209302325582,0.7129848171693334,0.7129848171693334,0.7129848171693334,0.9545454545454546,0.9545454545454546,0.9545454545454546,0.9545454545454546,76.0,0.0,0.0,0.10008345855698919,26.0,0.0,0.0,0.05192251823901914,0.0
gtzan/gtzan_classical_00025/track.npy,gtzan,1.0,0.7376972789707935,0.7376972789707935,0.7376972789707935,1.0,1.0,1.0,1.0,1.0,0.7028237611527276,0.7028237611527276,0.7028237611527276,1.0,1.0,1.0,1.0,66.0,0.0,0.0,0.0870113769896352,17.0,0.0,0.0,0.04445176257083683,0.0
gtzan/gtzan_classical_00026/track.npy,gtzan,0.42105263157894735,0.2681414628182073,0.37142417752212137,0.31978282017016435,0.0,0.0,0.84375,0.84375,0.4166666666666667,0.23131851026407582,0.34697776539611375,0.2891481378300948,0.0,0.0,1.0,1.0,39.0,0.0,0.0,0.10436845027010813,10.0,0.0,0.0,0.08468320393464221,0.0
gtzan/gtzan_classical_00027/track.npy,gtzan,0.0425531914893617,0.05080847391806747,0.264243766447129,0.15752612018259823,0.0,0.0,0.25,0.25,0.14285714285714288,0.14174541975146301,0.19844358765204823,0.1700945037017556,0.0,0.0,0.0,0.0,19.0,0.0,0.0,0.12591719510494978,7.0,0.0,0.0,0.10036962693798719,0.0
gtzan/gtzan_classical_00028/track.npy,gtzan,0.6534653465346534,0.48268986767573785,0.7144612521037889,0.5985755598897633,0.0,0.0,0.8955223880597015,0.9552238805970149,0.6470588235294118,0.48522747737783023,0.7034407047831889,0.5943340910805095,0.0,0.0,0.9130434782608695,0.9130434782608695,80.0,0.0,0.0,0.1112256351102221,27.0,0.0,0.0,0.03571808260208166,0.0
gtzan/gtzan_classical_00029/track.npy,gtzan,0.6666666666666666,0.5480340313531791,0.835215842669367,0.691624937011273,0.0,0.0,0.9827586206896551,0.9827586206896551,0.0,6.634296053613356e-95,6.634296053613356e-95,6.634296053613356e-95,0.0,0.0,0.0,0.0,69.0,0.0,0.0,0.09097177820573288,17.0,0.0,0.0,0.04614558395974527,0.0
gtzan/gtzan_classical_00030/track.npy,gtzan,0.29333333333333333,0.20904669125432884,0.31357003688146373,0.26130836406789626,0.0,0.0,0.4,0.92,0.0,6.670035919330745e-26,3.9660841188621635e-20,1.9830453944490414e-20,0.0,0.0,0.0,0.0,30.0,0.0,0.0,0.1209155718397498,10.0,0.0,0.0,0.07522848829011153,0.0
gtzan/gtzan_classical_00031/track.npy,gtzan,0.39655172413793105,0.3154615933861198,0.3274379107023067,0.3214497520442132,0.0,0.0,0.014285714285714285,0.014285714285714285,0.0,2.273461834746117e-05,2.7281542015905647e-05,2.5008080181683408e-05,0.0,0.0,0.041666666666666664,0.041666666666666664,84.0,0.0,0.0,0.11778303565639062,28.0,0.0,0.0,0.07659766897913095,0.0
gtzan/gtzan_classical_00032/track.npy,gtzan,0.2105263157894737,0.15598756533216177,0.18248870337051565,0.16923813435133872,0.0,0.0,0.5,0.5,0.15384615384615385,0.06369105431370231,0.09199818956423668,0.07784462193896949,0.0,0.0,0.6,0.6,16.0,0.0,0.0,0.0864046603624715,6.0,0.0,0.0,0.05022476072483982,0.0
gtzan/gtzan_classical_00033/track.npy,gtzan,0.06896551724137931,0.0695206357904,0.11869098510626136,0.09410581044833069,0.0,0.0,0.0,0.0,0.0,4.714627671808699e-16,6.857640249903563e-16,5.7861339608561315e-16,0.0,0.0,0.0,0.0,16.0,0.0,0.0,0.07376246558090747,6.0,0.0,0.0,0.08037555202037405,0.0
gtzan/gtzan_classical_00034/track.npy,gtzan,0.0909090909090909,0.09199115395761694,0.09256150358368065,0.09227632877064879,0.0,0.0,0.0,0.0,0.0,3.721155505072114e-13,5.581733257601887e-13,4.651444381337e-13,0.0,0.0,0.16666666666666666,0.16666666666666666,21.0,0.0,0.0,0.1252210842722715,7.0,0.0,0.0,0.07785071739045017,0.0
gtzan/gtzan_classical_00035/track.npy,gtzan,0.7796610169491525,0.6189969482485046,0.6189969482485046,0.6189969482485046,0.47619047619047616,0.6349206349206349,0.47619047619047616,0.6349206349206349,0.7692307692307692,0.6373029474378048,0.6373029474378048,0.6373029474378048,0.6190476190476191,0.6190476190476191,0.6190476190476191,0.6190476190476191,61.0,0.0,0.0,0.10536051565781435,20.0,0.0,0.0,0.22938637815286478,0.0
gtzan/gtzan_classical_00036/track.npy,gtzan,0.16216216216216214,0.11809132646161173,0.12594694223253605,0.1220191343470739,0.047619047619047616,0.09523809523809523,0.125,0.125,0.1818181818181818,0.10477709320127905,0.12805090526040058,0.11641399923083981,0.8333333333333334,0.8333333333333334,0.8333333333333334,0.8333333333333334,19.0,0.0,0.0,0.09918287878269959,7.0,0.0,0.0,0.09243237952126798,0.0
gtzan/gtzan_classical_00037/track.npy,gtzan,0.36507936507936506,0.26911034971696013,0.3480402510529265,0.3085753003849433,0.027777777777777776,0.05555555555555555,0.027777777777777776,0.05555555555555555,0.10810810810810811,0.07236799232685873,0.08780177501732307,0.0800848836720909,0.0,0.0,0.16,0.24,87.0,0.0,0.0,0.11778303565638115,29.0,0.0,0.0,0.08004270767353472,0.0
gtzan/gtzan_classical_00038/track.npy,gtzan,0.07999999999999999,0.07214970629657674,0.1026583363451082,0.08740402132084246,0.0,0.0,0.05263157894736842,0.10526315789473684,0.0,0.0015850890711835099,0.0022895731028206253,0.0019373310870020675,0.0,0.0,0.0,0.0,23.0,0.0,0.0,0.11954515064978546,6.0,0.0,0.0,0.044698063442935955,0.0
gtzan/gtzan_classical_00039/track.npy,gtzan,0.13043478260869565,0.05949493558291638,0.10533316533125793,0.08241405045708716,0.0,0.0,0.0,0.0,0.0,4.668373798737428e-05,6.743206598176285e-05,5.7057901984568564e-05,0.0,0.0,0.3333333333333333,0.3333333333333333,22.0,0.0,0.0,0.11948418451696433,8.0,0.0,0.0,0.0780562393579326,0.0
gtzan/gtzan_classical_00040/track.npy,gtzan,0.20689655172413793,0.20818815662476894,0.20818815662476894,0.20818815662476894,0.0,0.0,0.25,0.4,0.0,3.807799045599725e-05,5.517169034871506e-05,4.662484040235615e-05,0.0,0.0,0.2857142857142857,0.2857142857142857,22.0,0.0,0.0,0.1314061427081663,8.0,0.0,0.0,0.16349698923641076,0.0
gtzan/gtzan_classical_00041/track.npy,gtzan,0.0967741935483871,0.07996919610661184,0.13278852214698755,0.1063788591267997,0.0,0.0,0.044444444444444446,0.08888888888888889,0.1111111111111111,0.0992578934078059,0.11910947203472494,0.10918368272126541,0.0,0.0,0.23076923076923078,0.3076923076923077,46.0,0.0,0.0,0.12136085700427013,16.0,0.0,0.0,0.11314258913121317,0.0
gtzan/gtzan_classical_00042/track.npy,gtzan,0.9135802469135802,0.6632039344749319,0.6632039344749319,0.6632039344749319,0.975609756097561,0.975609756097561,0.975609756097561,0.975609756097561,0.962962962962963,0.6647516525851404,0.6647516525851404,0.6647516525851404,0.9285714285714286,0.9285714285714286,0.9285714285714286,0.9285714285714286,48.0,0.0,0.0,0.08761726513763757,16.0,0.0,0.0,0.047072862319066155,0.0
gtzan/gtzan_classical_00043/track.npy,gtzan,0.792079207920792,0.5772763379257809,0.5772763379257809,0.5772763379257809,0.3333333333333333,0.8235294117647058,0.3333333333333333,0.8235294117647058,0.7199999999999999,0.5303796646170674,0.5303796646170674,0.5303796646170674,0.9230769230769231,0.9230769230769231,0.9230769230769231,0.9230769230769231,61.0,0.0,0.0,0.11377412034193955,15.0,0.0,0.0,0.11257839773553364,0.0
gtzan/gtzan_classical_00044/track.npy,gtzan,0.23529411764705885,0.16350300409852317,0.2452542299319204,0.20437861701522178,0.0,0.0,0.5294117647058824,0.5294117647058824,0.13333333333333333,0.1230821795182159,0.16783933570665804,0.14546075761243699,0.0,0.0,0.0,0.0,20.0,0.0,0.0,0.1676606513272772,7.0,0.0,0.0,0.06938962300771791,0.0
gtzan/gtzan_classical_00045/track.npy,gtzan,0.8354430379746836,0.6996048384013955,0.6996048384013955,0.6996048384013955,0.975,0.975,0.975,0.975,1.0,0.723255817808965,0.723255817808965,0.723255817808965,1.0,1.0,1.0,1.0,47.0,0.0,0.0,0.06453852113757227,12.0,0.0,0.0,0.05653652178114103,0.0
gtzan/gtzan_classical_00046/track.npy,gtzan,0.14084507042253522,0.08726811166406398,0.20710063234044593,0.14718437200225495,0.0,0.0,0.0,0.0,0.10526315789473682,0.025884689540236355,0.040984065940936336,0.033434377740586343,0.0,0.0,0.0,0.0,22.0,0.0,0.0,0.0746304429474399,6.0,0.0,0.0,0.04172948259243866,0.0
gtzan/gtzan_classical_00047/track.npy,gtzan,0.05555555555555555,0.02428801289578031,0.08004589585899283,0.05216695437738657,0.10526315789473684,0.15789473684210525,0.1111111111111111,0.15789473684210525,0.0,0.009351202687062306,0.011689002234740517,0.01052010246090141,0.8,0.8,0.8,0.8,21.0,0.0,0.0,0.09917442180025461,7.0,0.0,0.0,0.07612314494739074,0.0
gtzan/gtzan_classical_00048/track.npy,gtzan,0.1917808219178082,0.14356810262574307,0.22357196459473072,0.18357003361023688,0.21621621621621623,0.2702702702702703,0.24324324324324326,0.4864864864864865,0.0,0.00873451151202361,0.016378317224147912,0.012556414368085762,0.16666666666666666,0.16666666666666666,0.16666666666666666,0.16666666666666666,44.0,0.0,0.0,0.11441035117774434,14.0,0.0,0.0,0.06585842175380041,0.0
gtzan/gtzan_classical_00049/track.npy,gtzan,0.43478260869565216,0.29217940526390374,0.43284506075737095,0.36251223301063734,0.0,0.0,0.22950819672131148,0.5901639344262295,0.3478260869565218,0.3009620107115271,0.39996747815135,0.35046474443143855,0.0,0.0,0.8,0.8,73.0,0.0,0.0,0.105360515657833,18.0,0.0,0.0,0.12031533307079849,0.0
gtzan/gtzan_classical_00050/track.npy,gtzan,0.14634146341463417,0.12206193736863179,0.12206193736863179,0.12206193736863179,0.0,0.0,0.4666666666666667,0.5333333333333333,0.0,2.6917965069288343e-06,3.888150510008317e-06,3.2899735084685755e-06,0.0,0.0,0.6,0.6,18.0,0.0,0.0,0.060496787668230564,6.0,0.0,0.0,0.06084993636704736,0.0
gtzan/gtzan_classical_00051/track.npy,gtzan,0.2903225806451613,0.23205755995046554,0.36891199752893217,0.30048477873969887,0.0,0.0,0.044444444444444446,0.044444444444444446,0.26666666666666666,0.2624502672716982,0.43741711211949696,0.34993368969559757,0.18181818181818182,0.18181818181818182,0.18181818181818182,0.18181818181818182,19.0,0.0,0.0,0.18756619581377487,5.0,0.0,0.0,0.15055653483821846,0.0
gtzan/gtzan_classical_00052/track.npy,gtzan,0.9923664122137404,0.8347968508386177,0.8347968508386177,0.8347968508386177,0.9848484848484849,0.9848484848484849,0.9848484848484849,0.9848484848484849,0.4074074074074074,0.3207159451484639,0.41508727513290156,0.36790161014068273,0.0,0.0,0.0,0.0,79.0,0.0,0.0,0.10653353954831084,26.0,0.0,0.0,0.0488629982011087,0.0
gtzan/gtzan_classical_00053/track.npy,gtzan,0.6323529411764706,0.5214071117275613,0.6324795003916762,0.5769433060596187,0.0,0.0,0.6739130434782609,0.6739130434782609,0.6222222222222223,0.5147171132005294,0.6537867487035476,0.5842519309520384,0.0,0.0,0.6666666666666666,0.6666666666666666,56.0,0.0,0.0,0.08504636238015473,19.0,0.0,0.0,0.23734352463040645,0.0
gtzan/gtzan_classical_00054/track.npy,gtzan,0.5614035087719298,0.4042020967503354,0.5907567796558586,0.49747943820309704,0.0,0.0,0.75,0.75,0.0,8.72059148250585e-51,3.0142690919817435e-07,1.5071345459908717e-07,0.0,0.0,0.125,0.125,24.0,0.0,0.0,0.07997961618251642,8.0,0.0,0.0,0.014292738477087563,0.0
gtzan/gtzan_classical_00055/track.npy,gtzan,0.25,0.15974164294907056,0.1845820476834987,0.17216184531628465,0.13636363636363635,0.13636363636363635,0.13636363636363635,0.13636363636363635,0.4705882352941177,0.3126995008880428,0.44299095959139395,0.3778452302397184,0.0,0.0,0.8333333333333334,0.8333333333333334,22.0,0.0,0.0,0.092584821316641,7.0,0.0,0.0,0.03781230626845926,0.0
gtzan/gtzan_classical_00056/track.npy,gtzan,0.3384615384615385,0.25066980077654755,0.2801509381276572,0.2654103694521024,0.0,0.0,0.34782608695652173,0.34782608695652173,0.4210526315789473,0.34069482695975245,0.4257766841545503,0.3832357555571514,0.0,0.0,0.0,0.0,23.0,0.0,0.0,0.11211729812070576,6.0,0.0,0.0,0.12091505025824213,0.0
gtzan/gtzan_classical_00057/track.npy,gtzan,0.26666666666666666,0.2029911056825517,0.2029911056825517,0.2029911056825517,0.0,0.0,0.0,0.0,0.11764705882352942,0.11633094642485087,0.16480217410187206,0.14056656026336145,0.0,0.0,0.5,0.6666666666666666,19.0,0.0,0.0,0.11165760367344907,7.0,0.0,0.0,0.09915969165174741,0.0
gtzan/gtzan_classical_00058/track.npy,gtzan,0.5238095238095237,0.3828174134846527,0.574226120226979,0.4785217668558159,0.0,0.0,1.0,1.0,0.7142857142857143,0.5293729529478689,0.7411221341270166,0.6352475435374427,0.0,0.0,1.0,1.0,17.0,0.0,0.0,0.0897366827066097,6.0,0.0,0.0,0.060371377058112456,0.0
gtzan/gtzan_classical_00059/track.npy,gtzan,1.0,0.9376975297729933,0.9376975297729933,0.9376975297729933,1.0,1.0,1.0,1.0,1.0,0.9333249176284337,0.9333249176284337,0.9333249176284337,1.0,1.0,1.0,1.0,58.0,0.0,0.0,0.076961041136129,15.0,0.0,0.0,0.043048493559741705,0.0
gtzan/gtzan_classical_00060/track.npy,gtzan,0.99009900990099,0.8958657677053968,0.8958657677053968,0.8958657677053968,0.9803921568627451,0.9803921568627451,0.9803921568627451,0.9803921568627451,0.0,7.352152751708244e-126,0.8831185408506187,0.44155927042530935,0.0,0.0,0.8461538461538461,0.8461538461538461,61.0,0.0,0.0,0.08004270767353507,15.0,0.0,0.0,0.03411917972884296,0.0
gtzan/gtzan_classical_00061/track.npy,gtzan,1.0,0.8580387740780963,0.8580387740780963,0.8580387740780963,1.0,1.0,1.0,1.0,1.0,0.8441953529106263,0.8441953529106263,0.8441953529106263,1.0,1.0,1.0,1.0,77.0,0.0,0.0,0.10536051565782478,19.0,0.0,0.0,0.051293294387549704,0.0
gtzan/gtzan_classical_00062/track.npy,gtzan,0.449438202247191,0.33937586475596654,0.33937586475596654,0.33937586475596654,0.2,0.22,0.2,0.22,0.5833333333333334,0.39528286120169603,0.39528286120169603,0.39528286120169603,0.6666666666666666,0.9166666666666666,0.6666666666666666,0.9166666666666666,58.0,0.0,0.0,0.08428905095169492,14.0,0.0,0.0,0.1393009398846267,0.0
gtzan/gtzan_classical_00063/track.npy,gtzan,0.6835443037974683,0.5800323561316075,0.5800323561316075,0.5800323561316075,0.625,0.7,0.625,0.7,0.7,0.5633851048713889,0.5633851048713889,0.5633851048713889,0.8,0.8,0.8,0.8,48.0,0.0,0.0,0.06453852113757627,12.0,0.0,0.0,0.039704127141445764,0.0
gtzan/gtzan_classical_00064/track.npy,gtzan,0.2909090909090909,0.20920868214794844,0.319289590231705,0.2642491361898267,0.0,0.0,0.2777777777777778,0.6111111111111112,0.42105263157894735,0.3414344318692236,0.5406045171262707,0.44101947449774714,0.0,0.0,0.8333333333333334,0.8333333333333334,22.0,0.0,0.0,0.09046644066995012,8.0,0.0,0.0,0.0926376729505623,0.0
gtzan/gtzan_classical_00065/track.npy,gtzan,0.1923076923076923,0.16962681285871828,0.1957424536740548,0.18268463326638654,0.0,0.0,0.2777777777777778,0.5555555555555556,0.11764705882352942,0.0967776003932762,0.13710160055714127,0.11693960047520874,0.0,0.0,0.8333333333333334,0.8333333333333334,20.0,0.0,0.0,0.0938782200501975,7.0,0.0,0.0,0.09305969529778713,0.0
gtzan/gtzan_classical_00066/track.npy,gtzan,0.5,0.39991407710524907,0.39991407710524907,0.39991407710524907,0.0,0.0,0.3333333333333333,0.5666666666666667,0.16666666666666666,0.09029361665676384,0.10984222974527624,0.10006792320102004,0.0,0.0,0.0,0.0,35.0,0.0,0.0,0.09531017980432516,12.0,0.0,0.0,0.08931455444733954,0.0
gtzan/gtzan_classical_00067/track.npy,gtzan,0.3333333333333333,0.2813177742595718,0.4329697332656671,0.3571437537626194,0.022222222222222223,0.022222222222222223,0.022222222222222223,0.022222222222222223,0.25000000000000006,0.24825056199801127,0.24825056199801127,0.24825056199801127,0.0,0.0,0.2,0.2,19.0,0.0,0.0,0.09206360641044903,7.0,0.0,0.0,0.09997746654908495,0.0
gtzan/gtzan_classical_00068/track.npy,gtzan,0.6538461538461539,0.520991413027478,0.7852624196354299,0.6531269163314539,0.0,0.0,0.9714285714285714,0.9714285714285714,0.6153846153846153,0.5414515110875396,0.8281023110750607,0.6847769110813002,0.0,0.0,0.8888888888888888,0.8888888888888888,42.0,0.0,0.0,0.11122563511022328,11.0,0.0,0.0,0.02786211585526317,0.0
gtzan/gtzan_classical_00069/track.npy,gtzan,0.4470588235294118,0.33472349395725476,0.4795500287844258,0.4071367613708403,0.0,0.0,0.24561403508771928,0.7192982456140351,0.4761904761904762,0.2806999657533403,0.3695721419307021,0.32513605384202116,0.0,0.0,0.9285714285714286,0.9285714285714286,68.0,0.0,0.0,0.09531017980432652,17.0,0.0,0.0,0.09012021310029514,0.0
gtzan/gtzan_classical_00070/track.npy,gtzan,0.9242424242424242,0.7435145269145786,0.7435145269145786,0.7435145269145786,0.4696969696969697,0.9242424242424242,0.4696969696969697,0.9242424242424242,0.9545454545454546,0.7664711528953955,0.7664711528953955,0.7664711528953955,1.0,1.0,1.0,1.0,80.0,0.0,0.0,0.10536051565782577,27.0,0.0,0.0,0.0369065461784564,0.0
gtzan/gtzan_classical_00071/track.npy,gtzan,0.8547008547008546,0.6796415062067444,0.6796415062067444,0.6796415062067444,0.559322033898305,0.847457627118644,0.559322033898305,0.847457627118644,0.55,0.47668737864663696,0.47668737864663696,0.47668737864663696,0.6,0.6,0.6,0.6,71.0,0.0,0.0,0.09531017980432632,24.0,0.0,0.0,0.06395690950267352,0.0
gtzan/gtzan_classical_00072/track.npy,gtzan,0.8958333333333334,0.7318294840345153,0.7318294840345153,0.7318294840345153,0.5416666666666666,0.9375,0.5416666666666666,0.9375,0.0,1.8398092701323917e-33,1.0181694195981572e-28,5.090939088454292e-29,0.0,0.0,0.0,0.0,58.0,0.0,0.0,0.08004270767353783,15.0,0.0,0.0,0.05252734637165713,0.0
gtzan/gtzan_classical_00073/track.npy,gtzan,0.9074074074074074,0.7727440316166122,0.7727440316166122,0.7727440316166122,0.9259259259259259,0.9444444444444444,0.9259259259259259,0.9444444444444444,0.31250000000000006,0.22661123554123103,0.31528519727475623,0.2709482164079936,0.0,0.0,0.0,0.0,65.0,0.0,0.0,0.0870113769896318,17.0,0.0,0.0,0.03208831455150104,0.0
gtzan/gtzan_classical_00074/track.npy,gtzan,0.6336633663366337,0.5325340400646219,0.5325340400646219,0.5325340400646219,0.0,0.0,0.5,0.5,0.20689655172413793,0.1334824877980803,0.16232455524842979,0.14790352152325503,0.0,0.0,0.0,0.0,40.0,0.0,0.0,0.0952011673778948,14.0,0.0,0.0,0.08604255582257259,0.0
gtzan/gtzan_classical_00075/track.npy,gtzan,0.2571428571428572,0.18653949790147936,0.277712019216074,0.2321257585587767,0.0,0.0,0.4583333333333333,0.5833333333333334,0.0,1.1191986800176641e-06,1.5988552571680914e-06,1.3590269685928778e-06,0.0,0.0,0.0,0.0,28.0,0.0,0.0,0.0897624473684924,10.0,0.0,0.0,0.031738901523833705,0.0
gtzan/gtzan_classical_00076/track.npy,gtzan,0.6666666666666666,0.5700370638857476,0.8550555958283855,0.7125463298570666,0.0,0.0,1.0,1.0,0.6666666666666666,0.5981876914034978,0.8972815371052467,0.7477346142543723,0.0,0.0,1.0,1.0,43.0,0.0,0.0,0.05884050002293223,11.0,0.0,0.0,0.018794100989734195,0.0
gtzan/gtzan_classical_00077/track.npy,gtzan,0.18867924528301885,0.12067831053187256,0.1440901179665549,0.13238421424921373,0.0,0.0,0.0,0.0,0.13333333333333333,0.09932061215525353,0.15663182294424524,0.1279762175497494,0.0,0.0,0.6,0.6,17.0,0.0,0.0,0.10285604071430812,6.0,0.0,0.0,0.05918042789303664,0.0
gtzan/gtzan_classical_00078/track.npy,gtzan,0.3555555555555555,0.24545855996834048,0.293955671391268,0.2697071156798042,0.0,0.0,0.1111111111111111,0.1111111111111111,0.3333333333333333,0.32553148886765687,0.32553148886765687,0.32553148886765687,0.0,0.0,0.0,0.0,22.0,0.0,0.0,0.11785886333351671,6.0,0.0,0.0,0.09356994542233098,0.0
gtzan/gtzan_classical_00079/track.npy,gtzan,0.29508196721311475,0.2413854061843709,0.3506369157812046,0.29601116098278774,0.0,0.0,0.35,0.65,0.0,9.385998979245416e-24,1.726905819061693e-10,8.634529095308934e-11,0.0,0.0,0.16666666666666666,0.16666666666666666,24.0,0.0,0.0,0.11693411882966372,8.0,0.0,0.0,0.09455355495009926,0.0
gtzan/gtzan_classical_00080/track.npy,gtzan,0.1212121212121212,0.09274289763148494,0.12411419574068222,0.10842854668608358,0.0,0.0,0.11764705882352941,0.13333333333333333,0.0,9.685405372754031e-08,1.3317432387536793e-07,1.1501418880145412e-07,0.0,0.0,0.6,0.6,18.0,0.0,0.0,0.12109437492766108,6.0,0.0,0.0,0.04964384178082115,0.0
gtzan/gtzan_classical_00081/track.npy,gtzan,0.34210526315789475,0.2594152326669586,0.3080864937174739,0.2837508631922162,0.0,0.0,0.0,0.0,0.5,0.4163131811255692,0.4163131811255692,0.4163131811255692,0.0,0.0,0.0,0.0,19.0,0.0,0.0,0.15411983965130022,4.0,0.0,0.0,0.022202010883762714,0.0
gtzan/gtzan_classical_00082/track.npy,gtzan,0.9782608695652174,0.8103596628710181,0.8103596628710181,0.8103596628710181,1.0,1.0,1.0,1.0,0.28571428571428575,0.2533285047542332,0.3399010279589682,0.29661476635660067,0.0,0.0,0.0,0.0,56.0,0.0,0.0,0.07696104113613,19.0,0.0,0.0,0.0499061520498025,0.0
gtzan/gtzan_classical_00083/track.npy,gtzan,0.3137254901960785,0.22984501403290392,0.30666141018551263,0.26825321210920827,0.0,0.0,0.29411764705882354,0.5882352941176471,0.26666666666666666,0.16364520094889867,0.24220614329473794,0.2029256721218183,0.0,0.0,0.3333333333333333,0.3333333333333333,20.0,0.0,0.0,0.16018242205643635,7.0,0.0,0.0,0.11420375136717666,0.0
gtzan/gtzan_classical_00084/track.npy,gtzan,0.417910447761194,0.26658556596463584,0.40593711180385283,0.33626133888424437,0.0,0.0,0.6818181818181818,0.6818181818181818,0.3157894736842105,0.13149775301565061,0.2106787799496602,0.1710882664826554,0.0,0.0,0.0,0.0,27.0,0.0,0.0,0.07969527231708178,9.0,0.0,0.0,0.06766966065244007,0.0
gtzan/gtzan_classical_00085/track.npy,gtzan,0.9111111111111111,0.7813404466751935,0.7813404466751935,0.7813404466751935,0.9555555555555556,0.9555555555555556,0.9555555555555556,0.9555555555555556,0.9090909090909091,0.7873676055471873,0.7873676055471873,0.7873676055471873,1.0,1.0,1.0,1.0,54.0,0.0,0.0,0.07145896398214512,14.0,0.0,0.0,0.02221822057543169,0.0
gtzan/gtzan_classical_00086/track.npy,gtzan,1.0,0.8582559064762423,0.8582559064762423,0.8582559064762423,1.0,1.0,1.0,1.0,0.0,1.5661645657874882e-45,7.051919730626681e-42,3.526742947596234e-42,0.0,0.0,0.0,0.0,51.0,0.0,0.0,0.06807227269164068,13.0,0.0,0.0,0.033345687249336065,0.0
gtzan/gtzan_classical_00087/track.npy,gtzan,0.19512195121951217,0.11803067917826875,0.1664254694869162,0.14222807433259246,0.04,0.04,0.0625,0.125,0.0,0.00010454320269720018,0.048093190723024086,0.024098866962860642,0.0,0.0,0.0,0.0,19.0,0.0,0.0,0.11013717153399841,7.0,0.0,0.0,0.08416789842991976,0.0
gtzan/gtzan_classical_00088/track.npy,gtzan,1.0,0.9003764080478116,0.9003764080478116,0.9003764080478116,1.0,1.0,1.0,1.0,0.0,2.583898907426512e-158,0.9087754822999174,0.4543877411499587,0.0,0.0,0.9090909090909091,0.9090909090909091,52.0,0.0,0.0,0.07145896398214352,13.0,0.0,0.0,0.03465173936329735,0.0
gtzan/gtzan_classical_00089/track.npy,gtzan,0.9024390243902439,0.7464799224775583,0.7464799224775583,0.7464799224775583,0.926829268292683,0.9512195121951219,0.926829268292683,0.9512195121951219,0.2608695652173913,0.24994340212497046,0.31395041840249077,0.28194691026373064,0.0,0.0,0.0,0.0,49.0,0.0,0.0,0.06669137449867278,16.0,0.0,0.0,0.05787598334489827,0.0
gtzan/gtzan_classical_00090/track.npy,gtzan,0.0,3.975612489661062e-23,0.3546352246008363,0.17731761230041815,0.0,0.0,0.9090909090909091,0.9090909090909091,0.0,2.9775345535769544e-27,4.1684618157152934e-27,3.572998184646124e-27,1.0,1.0,1.0,1.0,26.0,0.0,0.0,0.11736212168185105,8.0,0.0,0.0,0.04257216847648898,0.0
gtzan/gtzan_classical_00091/track.npy,gtzan,0.8648648648648649,0.7372507840389975,0.7372507840389975,0.7372507840389975,0.6756756756756757,0.8108108108108109,0.6756756756756757,0.8108108108108109,0.2727272727272727,0.2576548557897446,0.34355644427586574,0.30060565003280515,0.0,0.0,0.0,0.0,44.0,0.0,0.0,0.10471115588148788,14.0,0.0,0.0,0.09233514910386909,0.0
gtzan/gtzan_classical_00092/track.npy,gtzan,0.21052631578947367,0.142042121408394,0.15328511488950045,0.14766361814894724,0.0,0.0,0.0,0.0,0.3,0.21631497868033076,0.21631497868033076,0.21631497868033076,0.0,0.0,0.0,0.0,21.0,0.0,0.0,0.11284881326151046,6.0,0.0,0.0,0.23195445936800996,0.0
gtzan/gtzan_classical_00093/track.npy,gtzan,1.0,0.7772690715504602,0.7772690715504602,0.7772690715504602,1.0,1.0,1.0,1.0,1.0,0.7540251166686244,0.7540251166686244,0.7540251166686244,1.0,1.0,1.0,1.0,69.0,0.0,0.0,0.09097177820573171,17.0,0.0,0.0,0.049738441273759065,0.0
gtzan/gtzan_classical_00094/track.npy,gtzan,0.3461538461538462,0.21145751784447195,0.2963022699575202,0.2538798939009961,0.0,0.0,0.3888888888888889,0.8333333333333334,0.23529411764705885,0.14513324710048078,0.2056054333923478,0.1753693402464143,0.0,0.0,0.5,0.5,22.0,0.0,0.0,0.12436707987870779,8.0,0.0,0.0,0.11965019541174776,0.0
gtzan/gtzan_classical_00095/track.npy,gtzan,0.12244897959183672,0.09036061359169867,0.11795642132015258,0.10415851745592562,0.0,0.0,0.25,0.3125,0.15384615384615385,0.13821603243026065,0.19964538017704314,0.1689307063036519,0.0,0.0,0.2,0.2,20.0,0.0,0.0,0.11680423712749145,7.0,0.0,0.0,0.11768060287565518,0.0
gtzan/gtzan_classical_00096/track.npy,gtzan,0.8571428571428571,0.63547546713379,0.63547546713379,0.63547546713379,0.6785714285714286,0.9107142857142857,0.6785714285714286,0.9107142857142857,0.8421052631578947,0.6336410618219002,0.6336410618219002,0.6336410618219002,0.9473684210526315,0.9473684210526315,0.9473684210526315,0.9473684210526315,67.0,0.0,0.0,0.09097177820573203,23.0,0.0,0.0,0.0597192347016226,0.0
gtzan/gtzan_classical_00097/track.npy,gtzan,0.1839080459770115,0.1542286429018146,0.5779170826735078,0.3660728627876612,0.18181818181818182,0.18181818181818182,0.7727272727272727,0.7727272727272727,0.12121212121212123,0.11867341824311287,0.17801012736466928,0.14834177280389108,0.0,0.0,1.0,1.0,53.0,0.0,0.0,0.07145896398214452,13.0,0.0,0.0,0.06812110209728284,0.0
gtzan/gtzan_classical_00098/track.npy,gtzan,0.9876543209876543,0.8345264197489015,0.8345264197489015,0.8345264197489015,0.975609756097561,0.975609756097561,0.975609756097561,0.975609756097561,0.0,5.342089917627084e-185,0.8329348086559778,0.4164674043279889,0.0,0.0,0.8181818181818182,0.8181818181818182,49.0,0.0,0.0,0.0660455184903464,13.0,0.0,0.0,0.055964984654985284,0.0
gtzan/gtzan_classical_00099/track.npy,gtzan,0.888888888888889,0.7289371420933389,0.7289371420933389,0.7289371420933389,0.8378378378378378,0.8378378378378378,0.8378378378378378,0.8378378378378378,0.2,0.1078738352681686,0.13400841964812693,0.12094112745814777,0.0,0.0,0.0,0.0,48.0,0.0,0.0,0.10142342641578915,16.0,0.0,0.0,0.14565382680847808,0.0
gtzan/gtzan_country_00000/track.npy,gtzan,0.9577464788732395,0.8656950163733956,0.8656950163733956,0.8656950163733956,0.9722222222222222,0.9722222222222222,0.9722222222222222,0.9722222222222222,1.0,0.8105902920367725,0.8105902920367725,0.8105902920367725,1.0,1.0,1.0,1.0,42.0,0.0,0.0,0.05556985115481063,11.0,0.0,0.0,0.01408473988173875,0.0
gtzan/gtzan_country_00001/track.npy,gtzan,1.0,0.8924421753638145,0.8924421753638145,0.8924421753638145,1.0,1.0,1.0,1.0,1.0,0.8751153820810769,0.8751153820810769,0.8751153820810769,1.0,1.0,1.0,1.0,65.0,0.0,0.0,0.04445176257083393,16.0,0.0,0.0,0.03591348923776652,0.0
gtzan/gtzan_country_00002/track.npy,gtzan,1.0,0.8939838682718146,0.8939838682718146,0.8939838682718146,1.0,1.0,1.0,1.0,1.0,0.8744490333595772,0.8744490333595772,0.8744490333595772,1.0,1.0,1.0,1.0,83.0,0.0,0.0,0.11122563511023142,20.0,0.0,0.0,0.054178373553983694,0.0
gtzan/gtzan_country_00003/track.npy,gtzan,0.9850746268656716,0.928131606815978,0.928131606815978,0.928131606815978,0.9705882352941176,0.9705882352941176,0.9705882352941176,0.9705882352941176,1.0,0.9280195990947437,0.9280195990947437,0.9280195990947437,1.0,1.0,1.0,1.0,40.0,0.0,0.0,0.05264373348542084,10.0,0.0,0.0,0.013333530869466537,0.0
gtzan/gtzan_country_00004/track.npy,gtzan,1.0,0.9247089699588265,0.9247089699588265,0.9247089699588265,1.0,1.0,1.0,1.0,1.0,0.9081154210807522,0.9081154210807522,0.9081154210807522,1.0,1.0,1.0,1.0,59.0,0.0,0.0,0.07757737444361093,15.0,0.0,0.0,0.03725134701270036,0.0
gtzan/gtzan_country_00005/track.npy,gtzan,1.0,0.9298451218105404,0.9298451218105404,0.9298451218105404,1.0,1.0,1.0,1.0,1.0,0.9130562162217153,0.9130562162217153,0.9130562162217153,1.0,1.0,1.0,1.0,66.0,0.0,0.0,0.0870113769896318,16.0,0.0,0.0,0.021739986636405417,0.0
gtzan/gtzan_country_00006/track.npy,gtzan,0.9787234042553191,0.8529430868940969,0.8529430868940969,0.8529430868940969,1.0,1.0,1.0,1.0,0.9166666666666666,0.7735045719347734,0.7735045719347734,0.7735045719347734,1.0,1.0,1.0,1.0,57.0,0.0,0.0,0.07410797215372678,14.0,0.0,0.0,0.02283962780936815,0.0
gtzan/gtzan_country_00007/track.npy,gtzan,0.634920634920635,0.5622700709574313,0.8394522573771473,0.7008611641672893,0.0,0.0,0.9761904761904762,0.9761904761904762,0.5882352941176471,0.48061415359191756,0.7656250878514211,0.6231196207216694,0.0,0.0,1.0,1.0,51.0,0.0,0.0,0.06669137449867549,13.0,0.0,0.0,0.02946720939163716,0.0
gtzan/gtzan_country_00008/track.npy,gtzan,0.6666666666666666,0.6065395115755278,0.8950967728645964,0.7508181422200622,0.0,0.0,0.9821428571428571,0.9821428571428571,0.6666666666666666,0.5899272812456738,0.8687691771388202,0.7293482291922471,0.0,0.0,0.9285714285714286,0.9285714285714286,67.0,0.0,0.0,0.08701137698962991,17.0,0.0,0.0,0.0331522073169002,0.0
gtzan/gtzan_country_00009/track.npy,gtzan,1.0,0.9705839115514912,0.9705839115514912,0.9705839115514912,1.0,1.0,1.0,1.0,1.0,0.9515335837759672,0.9515335837759672,0.9515335837759672,1.0,1.0,1.0,1.0,49.0,0.0,0.0,0.06453852113757244,12.0,0.0,0.0,0.024097551579060444,0.0
gtzan/gtzan_country_00010/track.npy,gtzan,0.9846153846153847,0.9370667957013408,0.9370667957013408,0.9370667957013408,0.9696969696969697,0.9696969696969697,0.9696969696969697,0.9696969696969697,1.0,0.9357303773955206,0.9357303773955206,0.9357303773955206,1.0,1.0,1.0,1.0,40.0,0.0,0.0,0.08004270767353944,10.0,0.0,0.0,0.006688988150796327,0.0
gtzan/gtzan_country_00011/track.npy,gtzan,0.9787234042553191,0.8159157230854754,0.8159157230854754,0.8159157230854754,0.9583333333333334,0.9583333333333334,0.9583333333333334,0.9583333333333334,1.0,0.8230805892357892,0.8230805892357892,0.8230805892357892,1.0,1.0,1.0,1.0,58.0,0.0,0.0,0.07696104113612845,14.0,0.0,0.0,0.037740327982847835,0.0
gtzan/gtzan_country_00012/track.npy,gtzan,1.0,0.8046685294896465,0.8046685294896465,0.8046685294896465,0.9315068493150684,0.9863013698630136,0.9315068493150684,0.9863013698630136,1.0,0.8535267827632531,0.8535267827632531,0.8535267827632531,1.0,1.0,1.0,1.0,88.0,0.0,0.0,0.1177830356563836,22.0,0.0,0.0,0.015545025756198101,0.0
gtzan/gtzan_country_00013/track.npy,gtzan,1.0,0.9014497176322285,0.9014497176322285,0.9014497176322285,1.0,1.0,1.0,1.0,1.0,0.8499119805079338,0.8499119805079338,0.8499119805079338,1.0,1.0,1.0,1.0,64.0,0.0,0.0,0.08338160893905111,16.0,0.0,0.0,0.035753269505054405,0.0
gtzan/gtzan_country_00014/track.npy,gtzan,1.0,0.8465626033048516,0.8465626033048516,0.8465626033048516,1.0,1.0,1.0,1.0,1.0,0.8150453003498261,0.8150453003498261,0.8150453003498261,1.0,1.0,1.0,1.0,69.0,0.0,0.0,0.04652001563490016,17.0,0.0,0.0,0.014989431148164244,0.0
gtzan/gtzan_country_00015/track.npy,gtzan,0.9354838709677419,0.7222845834193093,0.7222845834193093,0.7222845834193093,0.8709677419354839,0.9354838709677419,0.8709677419354839,0.9354838709677419,0.9375,0.7009027701325464,0.7009027701325464,0.7009027701325464,1.0,1.0,1.0,1.0,74.0,0.0,0.0,0.10008345855698086,19.0,0.0,0.0,0.02736383638887755,0.0
gtzan/gtzan_country_00016/track.npy,gtzan,0.6716417910447761,0.6312963559986507,0.9399301294360495,0.7856132427173501,0.0,0.0,1.0,1.0,0.6470588235294118,0.6100701982496995,0.9428357609313539,0.7764529795905267,0.0,0.0,1.0,1.0,54.0,0.0,0.0,0.07145896398214968,13.0,0.0,0.0,0.02655075207515928,0.0
gtzan/gtzan_country_00017/track.npy,gtzan,1.0,0.9587425665949442,0.9587425665949442,0.9587425665949442,1.0,1.0,1.0,1.0,1.0,0.9705648597030292,0.9705648597030292,0.9705648597030292,1.0,1.0,1.0,1.0,88.0,0.0,0.0,0.11778303565638337,22.0,0.0,0.0,0.015545025756197975,0.0
gtzan/gtzan_country_00018/track.npy,gtzan,0.6666666666666666,0.6175771770416009,0.926365765562398,0.7719714713019994,0.0,0.0,1.0,1.0,0.6428571428571429,0.5964756493720069,0.927851010134233,0.76216332975312,0.0,0.0,1.0,1.0,43.0,0.0,0.0,0.11441035117774401,11.0,0.0,0.0,0.025685273254661387,0.0
gtzan/gtzan_country_00019/track.npy,gtzan,1.0,0.9231641712364619,0.9231641712364619,0.9231641712364619,1.0,1.0,1.0,1.0,0.0,2.1622537461839749e-249,0.8868064650412135,0.44340323252060676,0.0,0.0,0.8888888888888888,0.8888888888888888,43.0,0.0,0.0,0.08701137698962802,11.0,0.0,0.0,0.0213250868117111,0.0
gtzan/gtzan_country_00020/track.npy,gtzan,1.0,0.9455025936739347,0.9455025936739347,0.9455025936739347,1.0,1.0,1.0,1.0,1.0,0.934372225011609,0.934372225011609,0.934372225011609,1.0,1.0,1.0,1.0,52.0,0.0,0.0,0.06899287148695005,13.0,0.0,0.0,0.01724180643450607,0.0
gtzan/gtzan_country_00021/track.npy,gtzan,0.9438202247191012,0.7989949768009238,0.7989949768009238,0.7989949768009238,0.9777777777777777,0.9777777777777777,0.9777777777777777,0.9777777777777777,0.0,2.095790773006023e-155,0.7762847985989496,0.3881423992994748,0.0,0.0,0.9090909090909091,0.9090909090909091,54.0,0.0,0.0,0.07145896398214502,14.0,0.0,0.0,0.027262582370924264,0.0
gtzan/gtzan_country_00022/track.npy,gtzan,0.4,0.30368960266069056,0.379602471397812,0.3416460370292513,0.0,0.0,0.0,0.0,0.7000000000000001,0.5060134436061635,0.7461835009282072,0.6260984722671854,0.0,0.0,1.0,1.0,46.0,0.0,0.0,0.09237332013101313,15.0,0.0,0.0,0.04591473570216643,0.0
gtzan/gtzan_country_00023/track.npy,gtzan,1.0,0.8130204133182538,0.8130204133182538,0.8130204133182538,1.0,1.0,1.0,1.0,1.0,0.7693011143292796,0.7693011143292796,0.7693011143292796,1.0,1.0,1.0,1.0,41.0,0.0,0.0,0.05556985115480976,10.0,0.0,0.0,0.020756831102794027,0.0
gtzan/gtzan_country_00024/track.npy,gtzan,1.0,0.9064873904150935,0.9064873904150935,0.9064873904150935,1.0,1.0,1.0,1.0,1.0,0.8930187834680203,0.8930187834680203,0.8930187834680203,1.0,1.0,1.0,1.0,64.0,0.0,0.0,0.044357155163238904,16.0,0.0,0.0,0.02127739844728538,0.0
gtzan/gtzan_country_00025/track.npy,gtzan,0.6222222222222223,0.5358853242879523,0.7616436171177796,0.6487644707028659,0.0,0.0,0.8333333333333334,0.9333333333333333,0.6956521739130436,0.5880078466712805,0.8690962481860567,0.7285520474286686,0.0,0.0,1.0,1.0,72.0,0.0,0.0,0.10008345855698919,18.0,0.0,0.0,0.034289073478632554,0.0
gtzan/gtzan_country_00026/track.npy,gtzan,1.0,0.8918723950815127,0.8918723950815127,0.8918723950815127,1.0,1.0,1.0,1.0,1.0,0.8241500358556122,0.8241500358556122,0.8241500358556122,1.0,1.0,1.0,1.0,54.0,0.0,0.0,0.07145896398214968,14.0,0.0,0.0,0.02223971641112447,0.0
gtzan/gtzan_country_00027/track.npy,gtzan,0.9743589743589743,0.8256651989091239,0.8256651989091239,0.8256651989091239,1.0,1.0,1.0,1.0,0.0,2.1369429609445698e-203,0.821855371999923,0.4109276859999615,0.0,0.0,0.9,0.9,47.0,0.0,0.0,0.09237332013101879,12.0,0.0,0.0,0.03954061513334352,0.0
gtzan/gtzan_country_00028/track.npy,gtzan,1.0,0.9432822045615799,0.9432822045615799,0.9432822045615799,1.0,1.0,1.0,1.0,0.0,1.768096665480102e-232,0.9331619900559571,0.46658099502797856,0.0,0.0,1.0,1.0,45.0,0.0,0.0,0.08671340500236058,11.0,0.0,0.0,0.019498864457051044,0.0
gtzan/gtzan_country_00029/track.npy,gtzan,0.868421052631579,0.5980571898058945,0.5980571898058945,0.5980571898058945,0.9736842105263158,0.9736842105263158,0.9736842105263158,0.9736842105263158,0.9,0.6264902171625091,0.6264902171625091,0.6264902171625091,1.0,1.0,1.0,1.0,46.0,0.0,0.0,0.08554838843343199,12.0,0.0,0.0,0.026857056759822515,0.0
gtzan/gtzan_country_00030/track.npy,gtzan,0.6666666666666666,0.6098373252762085,0.9136388269879713,0.7617380761320899,0.0,0.0,0.9848484848484849,0.9848484848484849,0.6923076923076924,0.6091980609225655,0.9094845953880656,0.7593413281553155,0.0,0.0,1.0,1.0,79.0,0.0,0.0,0.10536051565782945,20.0,0.0,0.0,0.02855111699282873,0.0
gtzan/gtzan_country_00031/track.npy,gtzan,1.0,0.9369722817825353,0.9369722817825353,0.9369722817825353,1.0,1.0,1.0,1.0,1.0,0.9445976619717847,0.9445976619717847,0.9445976619717847,1.0,1.0,1.0,1.0,55.0,0.0,0.0,0.0741079721537217,13.0,0.0,0.0,0.018434093217718606,0.0
gtzan/gtzan_country_00032/track.npy,gtzan,1.0,0.9060450081490775,0.9060450081490775,0.9060450081490775,1.0,1.0,1.0,1.0,0.3333333333333333,0.3198276331083576,0.45152136438826956,0.3856744987483136,0.0,0.0,0.0,0.0,49.0,0.0,0.0,0.06453852113757072,12.0,0.0,0.0,0.03252319170556052,0.0
gtzan/gtzan_country_00033/track.npy,gtzan,1.0,0.9120265821534241,0.9120265821534241,0.9120265821534241,1.0,1.0,1.0,1.0,1.0,0.8885457023192883,0.8885457023192883,0.8885457023192883,1.0,1.0,1.0,1.0,46.0,0.0,0.0,0.09195914591481404,12.0,0.0,0.0,0.02353830468128515,0.0
gtzan/gtzan_country_00034/track.npy,gtzan,0.6588235294117647,0.5605995305072471,0.8433628715545495,0.7019812010308983,0.0,0.0,0.9824561403508771,0.9824561403508771,0.6666666666666666,0.5265975732914255,0.7898963599371384,0.658246966614282,0.0,0.0,1.0,1.0,68.0,0.0,0.0,0.09422557940467863,17.0,0.0,0.0,0.0346855579878903,0.0
gtzan/gtzan_country_00035/track.npy,gtzan,0.528,0.27353052103229947,0.41193913052566206,0.34273482577898073,0.0,0.0,0.9761904761904762,0.9761904761904762,0.5806451612903225,0.2376760543709322,0.3683978842749449,0.30303696932293855,0.0,0.0,1.0,1.0,49.0,0.0,0.0,0.06669137449867674,12.0,0.0,0.0,0.021019122802749698,0.0
gtzan/gtzan_country_00036/track.npy,gtzan,1.0,0.8370781102516838,0.8370781102516838,0.8370781102516838,1.0,1.0,1.0,1.0,1.0,0.8430952128104853,0.8430952128104853,0.8430952128104853,1.0,1.0,1.0,1.0,57.0,0.0,0.0,0.04968689085341146,14.0,0.0,0.0,0.047157348200837286,0.0
gtzan/gtzan_country_00037/track.npy,gtzan,1.0,0.8230830473125393,0.8230830473125393,0.8230830473125393,1.0,1.0,1.0,1.0,1.0,0.7911296108888263,0.7911296108888263,0.7911296108888263,1.0,1.0,1.0,1.0,49.0,0.0,0.0,0.06669137449867103,16.0,0.0,0.0,0.021823608665235056,0.0
gtzan/gtzan_country_00038/track.npy,gtzan,0.9922480620155039,0.9285219121536856,0.9285219121536856,0.9285219121536856,0.9846153846153847,0.9846153846153847,0.9846153846153847,0.9846153846153847,1.0,0.9261399503977429,0.9261399503977429,0.9261399503977429,1.0,1.0,1.0,1.0,78.0,0.0,0.0,0.10536051565782412,20.0,0.0,0.0,0.025975486403260636,0.0
gtzan/gtzan_country_00039/track.npy,gtzan,0.5565217391304348,0.4936977220058136,0.5298192897405132,0.5117585058731634,0.0,0.0,0.6052631578947368,0.631578947368421,0.41379310344827586,0.36599737680612143,0.5306961963688761,0.44834678658749877,0.0,0.0,1.0,1.0,46.0,0.0,0.0,0.1170127264732771,12.0,0.0,0.0,0.023901296207899346,0.0
gtzan/gtzan_country_00040/track.npy,gtzan,1.0,0.9050777801311634,0.9050777801311634,0.9050777801311634,1.0,1.0,1.0,1.0,1.0,0.8921350098076032,0.8921350098076032,0.8921350098076032,1.0,1.0,1.0,1.0,70.0,0.0,0.0,0.09531017980432643,17.0,0.0,0.0,0.04652001563489213,0.0
gtzan/gtzan_country_00041/track.npy,gtzan,1.0,0.8464850986551914,0.8464850986551914,0.8464850986551914,0.9818181818181818,0.9818181818181818,0.9818181818181818,0.9818181818181818,0.0,8.091277547623862e-106,0.8317679989141105,0.41588399945705523,0.0,0.0,0.9285714285714286,0.9285714285714286,66.0,0.0,0.0,0.08701137698963579,17.0,0.0,0.0,0.021811662661116615,0.0
gtzan/gtzan_country_00042/track.npy,gtzan,0.65625,0.5979464004700431,0.9004369320953006,0.7491916662826719,0.0,0.0,0.9767441860465116,0.9767441860465116,0.6875000000000001,0.6496441236001843,0.9449369070548136,0.797290515327499,0.0,0.0,1.0,1.0,51.0,0.0,0.0,0.0689928714869561,13.0,0.0,0.0,0.01709443335930133,0.0
gtzan/gtzan_country_00043/track.npy,gtzan,1.0,0.8236269867618639,0.8236269867618639,0.8236269867618639,1.0,1.0,1.0,1.0,1.0,0.8037065029488718,0.8037065029488718,0.8037065029488718,1.0,1.0,1.0,1.0,69.0,0.0,0.0,0.09097177820572809,17.0,0.0,0.0,0.04190979513453699,0.0
gtzan/gtzan_country_00044/track.npy,gtzan,0.9846153846153847,0.8817191441712895,0.8817191441712895,0.8817191441712895,0.9696969696969697,0.9696969696969697,0.9696969696969697,0.9696969696969697,1.0,0.8866332334359992,0.8866332334359992,0.8866332334359992,1.0,1.0,1.0,1.0,39.0,0.0,0.0,0.07796154146971099,10.0,0.0,0.0,0.019672765598703967,0.0
gtzan/gtzan_country_00045/track.npy,gtzan,0.9696969696969697,0.8594154812809531,0.8594154812809531,0.8594154812809531,0.9696969696969697,0.9696969696969697,0.9696969696969697,0.9696969696969697,0.0,1.8129531404353682e-250,0.7239806788991544,0.3619903394495772,0.0,0.0,1.0,1.0,40.0,0.0,0.0,0.05285725665315363,10.0,0.0,0.0,0.030325358819010825,0.0
gtzan/gtzan_country_00046/track.npy,gtzan,0.9923664122137404,0.9182536603004803,0.9182536603004803,0.9182536603004803,0.9848484848484849,0.9848484848484849,0.9848484848484849,0.9848484848484849,1.0,0.9297950559257068,0.9297950559257068,0.9297950559257068,1.0,1.0,1.0,1.0,79.0,0.0,0.0,0.10536051565782945,20.0,0.0,0.0,0.02825281904275995,0.0
gtzan/gtzan_country_00047/track.npy,gtzan,1.0,0.9399209098622103,0.9399209098622103,0.9399209098622103,1.0,1.0,1.0,1.0,1.0,0.9472299234934138,0.9472299234934138,0.9472299234934138,1.0,1.0,1.0,1.0,75.0,0.0,0.0,0.10008345855698497,18.0,0.0,0.0,0.027954469934741696,0.0
gtzan/gtzan_country_00048/track.npy,gtzan,0.9696969696969697,0.7243629385532081,0.7243629385532081,0.7243629385532081,0.98,0.98,0.98,0.98,1.0,0.8025542807472806,0.8025542807472806,0.8025542807472806,1.0,1.0,1.0,1.0,60.0,0.0,0.0,0.08004270767353472,15.0,0.0,0.0,0.04328154852480058,0.0
gtzan/gtzan_country_00049/track.npy,gtzan,1.0,0.9005859510557866,0.9005859510557866,0.9005859510557866,1.0,1.0,1.0,1.0,1.0,0.843831948265147,0.843831948265147,0.843831948265147,1.0,1.0,1.0,1.0,57.0,0.0,0.0,0.07696104113613,14.0,0.0,0.0,0.028437935320533615,0.0
gtzan/gtzan_country_00050/track.npy,gtzan,1.0,0.898310180608854,0.898310180608854,0.898310180608854,1.0,1.0,1.0,1.0,1.0,0.8796255698981371,0.8796255698981371,0.8796255698981371,1.0,1.0,1.0,1.0,60.0,0.0,0.0,0.08004270767353472,15.0,0.0,0.0,0.029558802241544436,0.0
gtzan/gtzan_country_00051/track.npy,gtzan,0.6666666666666666,0.6271970161756376,0.9312142410842301,0.7792056286299338,0.0,0.0,0.9814814814814815,0.9814814814814815,0.6666666666666666,0.6271438138365827,0.906416408149539,0.7667801109930609,0.0,0.0,0.9285714285714286,0.9285714285714286,65.0,0.0,0.0,0.08701137698963,16.0,0.0,0.0,0.021739986636405417,0.0
gtzan/gtzan_country_00052/track.npy,gtzan,0.9333333333333333,0.73057708029661,0.73057708029661,0.73057708029661,1.0,1.0,1.0,1.0,1.0,0.8640207064196499,0.8640207064196499,0.8640207064196499,1.0,1.0,1.0,1.0,36.0,0.0,0.0,0.09386733792442209,12.0,0.0,0.0,0.028219268457118092,0.0
gtzan/gtzan_country_00053/track.npy,gtzan,0.6725663716814159,0.6266659189143674,0.9317532741751976,0.7792095965447825,0.0,0.0,1.0,1.0,0.6896551724137931,0.6620610313552366,0.9599884954650932,0.8110247634101649,0.0,0.0,1.0,1.0,45.0,0.0,0.0,0.11818598717280945,11.0,0.0,0.0,0.01204160867287751,0.0
gtzan/gtzan_country_00054/track.npy,gtzan,1.0,0.9392364355380971,0.9392364355380971,0.9392364355380971,1.0,1.0,1.0,1.0,0.0,0.0,0.8637585199328532,0.4318792599664266,0.0,0.0,0.875,0.875,38.0,0.0,0.0,0.07598590697792154,9.0,0.0,0.0,0.018892406507112325,0.0
gtzan/gtzan_country_00055/track.npy,gtzan,1.0,0.9265699557188787,0.9265699557188787,0.9265699557188787,1.0,1.0,1.0,1.0,1.0,0.910938631167428,0.910938631167428,0.910938631167428,1.0,1.0,1.0,1.0,66.0,0.0,0.0,0.08701137698962508,17.0,0.0,0.0,0.021811662661116615,0.0
gtzan/gtzan_country_00056/track.npy,gtzan,1.0,0.8964630856341559,0.8964630856341559,0.8964630856341559,1.0,1.0,1.0,1.0,1.0,0.8632216861882055,0.8632216861882055,0.8632216861882055,1.0,1.0,1.0,1.0,41.0,0.0,0.0,0.08223809823696593,14.0,0.0,0.0,0.022309971347185764,0.0
gtzan/gtzan_country_00057/track.npy,gtzan,0.6588235294117647,0.5096526971066901,0.6837764661994398,0.596714581653065,0.0,0.0,0.9649122807017544,0.9649122807017544,0.6666666666666666,0.5287842924194441,0.744151639520058,0.6364679659697511,0.0,0.0,0.9285714285714286,0.9285714285714286,68.0,0.0,0.0,0.09097177820573288,17.0,0.0,0.0,0.011299555253934113,0.0
gtzan/gtzan_country_00058/track.npy,gtzan,0.9894736842105264,0.955820825834807,0.955820825834807,0.955820825834807,0.9791666666666666,0.9791666666666666,0.9791666666666666,0.9791666666666666,1.0,0.9842124686720194,0.9842124686720194,0.9842124686720194,1.0,1.0,1.0,1.0,57.0,0.0,0.0,0.07696104113612678,14.0,0.0,0.0,0.019048194970693183,0.0
gtzan/gtzan_country_00059/track.npy,gtzan,0.6744186046511628,0.6310147479080019,0.90899153437062,0.7700031411393109,0.0,0.0,1.0,1.0,0.6666666666666666,0.6117081763053526,0.8727023779726979,0.7422052771390253,0.0,0.0,0.9285714285714286,0.9285714285714286,68.0,0.0,0.0,0.09097177820573288,17.0,0.0,0.0,0.022728251077556227,0.0
gtzan/gtzan_country_00060/track.npy,gtzan,0.983050847457627,0.9132485958727132,0.9132485958727132,0.9132485958727132,0.9666666666666667,0.9666666666666667,0.9666666666666667,0.9666666666666667,1.0,0.9696748260747405,0.9696748260747405,0.9696748260747405,1.0,1.0,1.0,1.0,36.0,0.0,0.0,0.07061756721395615,12.0,0.0,0.0,0.01654605283844902,0.0
gtzan/gtzan_country_00061/track.npy,gtzan,0.6753246753246753,0.6511196141116598,0.9617964739917677,0.8064580440517137,0.0,0.0,1.0,1.0,0.7000000000000001,0.6632576737077895,0.9569028851338893,0.8100802794208395,0.0,0.0,1.0,1.0,61.0,0.0,0.0,0.08004270767353472,16.0,0.0,0.0,0.02355399671907602,0.0
gtzan/gtzan_country_00062/track.npy,gtzan,1.0,0.9686652194519354,0.9686652194519354,0.9686652194519354,1.0,1.0,1.0,1.0,1.0,0.9816950049348466,0.9816950049348466,0.9816950049348466,1.0,1.0,1.0,1.0,88.0,0.0,0.0,0.11778303565638532,22.0,0.0,0.0,0.014815085785141624,0.0
gtzan/gtzan_country_00063/track.npy,gtzan,0.9859154929577464,0.9494213700866523,0.9494213700866523,0.9494213700866523,0.9722222222222222,0.9722222222222222,0.9722222222222222,0.9722222222222222,0.9411764705882353,0.9079523975633504,0.9079523975633504,0.9079523975633504,0.8888888888888888,0.8888888888888888,0.8888888888888888,0.8888888888888888,42.0,0.0,0.0,0.05852836254935303,10.0,0.0,0.0,0.013986241974740498,0.0
gtzan/gtzan_country_00064/track.npy,gtzan,0.6585365853658536,0.6033374998137762,0.8877247260390588,0.7455311129264175,0.0,0.0,0.9636363636363636,0.9636363636363636,0.7000000000000001,0.6296740713326316,0.9288874372717155,0.7792807543021736,0.0,0.0,1.0,1.0,66.0,0.0,0.0,0.0903777180233046,16.0,0.0,0.0,0.022064387241852678,0.0
gtzan/gtzan_country_00065/track.npy,gtzan,0.98,0.8370305813480035,0.8370305813480035,0.8370305813480035,1.0,1.0,1.0,1.0,1.0,0.8901100121842738,0.8901100121842738,0.8901100121842738,1.0,1.0,1.0,1.0,60.0,0.0,0.0,0.08054354286337426,15.0,0.0,0.0,0.05264551541687264,0.0
gtzan/gtzan_country_00066/track.npy,gtzan,0.6715328467153284,0.5983937140336693,0.8910862817358938,0.7447399978847815,0.0,0.0,1.0,1.0,0.6470588235294118,0.5741455678462994,0.8873158775806446,0.7307307227134721,0.0,0.0,1.0,1.0,55.0,0.0,0.0,0.07410797215372356,13.0,0.0,0.0,0.036701366850427575,0.0
gtzan/gtzan_country_00067/track.npy,gtzan,0.6666666666666666,0.5037265835665711,0.7591128628872497,0.6314197232269103,0.0,0.0,0.9814814814814815,0.9814814814814815,0.6666666666666666,0.4396667855192994,0.7560092209045524,0.5978380032119259,0.0,0.0,0.9285714285714286,0.9285714285714286,64.0,0.0,0.0,0.08701137698963579,16.0,0.0,0.0,0.04047246220058266,0.0
gtzan/gtzan_country_00068/track.npy,gtzan,1.0,0.8879371963392817,0.8879371963392817,0.8879371963392817,1.0,1.0,1.0,1.0,1.0,0.910915370343204,0.910915370343204,0.910915370343204,1.0,1.0,1.0,1.0,42.0,0.0,0.0,0.08468008747614425,10.0,0.0,0.0,0.023044193083797175,0.0
gtzan/gtzan_country_00069/track.npy,gtzan,0.6571428571428571,0.5351625542868893,0.814377800001788,0.6747701771443386,0.0,0.0,1.0,1.0,0.6666666666666666,0.6026114489394779,0.9039171734092168,0.7532643111743473,0.0,0.0,1.0,1.0,28.0,0.0,0.0,0.0907228951372747,9.0,0.0,0.0,0.025742889980429624,0.0
gtzan/gtzan_country_00070/track.npy,gtzan,0.6521739130434782,0.5802305175386773,0.8703457704877754,0.7252881440132264,0.0,0.0,0.9782608695652174,0.9782608695652174,0.5882352941176471,0.5413536963758522,0.8366375307626807,0.6889956135692664,0.0,0.0,1.0,1.0,56.0,0.0,0.0,0.07410797215372356,14.0,0.0,0.0,0.026550916148874136,0.0
gtzan/gtzan_country_00071/track.npy,gtzan,0.673913043478261,0.5960098707730507,0.8622809310145109,0.7291454008937808,0.0,0.0,1.0,1.0,0.6363636363636364,0.568952976574957,0.837141052577922,0.7030470145764396,0.0,0.0,0.8666666666666667,0.8666666666666667,72.0,0.0,0.0,0.10008345855698166,18.0,0.0,0.0,0.035410400901171285,0.0
gtzan/gtzan_country_00072/track.npy,gtzan,1.0,0.8674567826714842,0.8674567826714842,0.8674567826714842,1.0,1.0,1.0,1.0,1.0,0.8464483369397773,0.8464483369397773,0.8464483369397773,1.0,1.0,1.0,1.0,75.0,0.0,0.0,0.10008345855698667,19.0,0.0,0.0,0.027455320723778667,0.0
gtzan/gtzan_country_00073/track.npy,gtzan,1.0,0.8283212130509972,0.8283212130509972,0.8283212130509972,1.0,1.0,1.0,1.0,1.0,0.8680464794923276,0.8680464794923276,0.8680464794923276,1.0,1.0,1.0,1.0,75.0,0.0,0.0,0.10008345855698315,19.0,0.0,0.0,0.027802311984002927,0.0
gtzan/gtzan_country_00074/track.npy,gtzan,0.6588235294117647,0.5337669462224762,0.8116426313595826,0.6727047887910294,0.0,0.0,0.9649122807017544,0.9649122807017544,0.6666666666666666,0.5251052464294323,0.7878773491050483,0.6564912977672404,0.0,0.0,0.9285714285714286,0.9285714285714286,68.0,0.0,0.0,0.09097177820572677,17.0,0.0,0.0,0.04495138786226338,0.0
gtzan/gtzan_country_00075/track.npy,gtzan,1.0,0.8964615180555182,0.8964615180555182,0.8964615180555182,1.0,1.0,1.0,1.0,1.0,0.8632674186846201,0.8632674186846201,0.8632674186846201,1.0,1.0,1.0,1.0,48.0,0.0,0.0,0.06453852113757419,12.0,0.0,0.0,0.023905520853553908,0.0
gtzan/gtzan_country_00076/track.npy,gtzan,1.0,0.8556257153408026,0.8556257153408026,0.8556257153408026,1.0,1.0,1.0,1.0,1.0,0.8726783750252174,0.8726783750252174,0.8726783750252174,1.0,1.0,1.0,1.0,72.0,0.0,0.0,0.09531017980432646,18.0,0.0,0.0,0.024246316831887202,0.0
gtzan/gtzan_country_00077/track.npy,gtzan,0.6666666666666666,0.5755765521052856,0.8633648281573563,0.7194706901313209,0.0,0.0,1.0,1.0,0.6896551724137931,0.573174902013337,0.8311036079193386,0.7021392549663378,0.0,0.0,1.0,1.0,46.0,0.0,0.0,0.12136085700426867,12.0,0.0,0.0,0.01932372467122318,0.0
gtzan/gtzan_country_00078/track.npy,gtzan,0.627906976744186,0.48509032087840986,0.7138169683164416,0.5994536445974257,0.0,0.0,0.7543859649122807,0.9473684210526315,0.5454545454545455,0.446486471209443,0.6450830921555554,0.5457847816824992,0.0,0.0,0.8666666666666667,0.8666666666666667,69.0,0.0,0.0,0.09531017980431444,18.0,0.0,0.0,0.04611883884009152,0.0
gtzan/gtzan_country_00079/track.npy,gtzan,0.9714285714285714,0.8997479399394394,0.8997479399394394,0.8997479399394394,1.0,1.0,1.0,1.0,0.9166666666666666,0.8318304608476916,0.8318304608476916,0.8318304608476916,1.0,1.0,1.0,1.0,41.0,0.0,0.0,0.08223809823696593,14.0,0.0,0.0,0.031723957314472404,0.0
gtzan/gtzan_country_00080/track.npy,gtzan,0.6666666666666666,0.6013893991487862,0.9020840987081282,0.7517367489284572,0.0,0.0,1.0,1.0,0.6875000000000001,0.6003634917789608,0.8732559880421248,0.7368097399105428,0.0,0.0,1.0,1.0,49.0,0.0,0.0,0.0666913744986758,13.0,0.0,0.0,0.028507105856926562,0.0
gtzan/gtzan_country_00081/track.npy,gtzan,0.6607142857142857,0.6010968161472727,0.9097681541687423,0.7554324851580075,0.0,0.0,1.0,1.0,0.6666666666666666,0.6251150055335737,0.9376725083003605,0.7813937569169671,0.0,0.0,1.0,1.0,45.0,0.0,0.0,0.11496594795971325,11.0,0.0,0.0,0.01195165882166864,0.0
gtzan/gtzan_country_00082/track.npy,gtzan,0.6712328767123288,0.6221210415008646,0.9268333550978806,0.7744771982993726,0.0,0.0,1.0,1.0,0.6666666666666666,0.6254417776485088,0.9381626664727633,0.781802222060636,0.0,0.0,1.0,1.0,59.0,0.0,0.0,0.08004270767353472,15.0,0.0,0.0,0.039220713153280726,0.0
gtzan/gtzan_country_00083/track.npy,gtzan,0.6593406593406593,0.559721185243302,0.7906123452996546,0.6751667652714783,0.0,0.0,0.9672131147540983,0.9672131147540983,0.6956521739130436,0.5744709420007683,0.8559369462647378,0.7152039441327531,0.0,0.0,1.0,1.0,74.0,0.0,0.0,0.10008345855698919,19.0,0.0,0.0,0.03636764417087581,0.0
gtzan/gtzan_country_00084/track.npy,gtzan,0.6666666666666666,0.6083448916060179,0.9125173374090192,0.7604311145075185,0.0,0.0,1.0,1.0,0.6666666666666666,0.6242798532742304,0.9364197799113456,0.780349816592788,0.0,0.0,1.0,1.0,44.0,0.0,0.0,0.08560283314129316,11.0,0.0,0.0,0.007220247973488192,0.0
gtzan/gtzan_country_00085/track.npy,gtzan,0.6521739130434783,0.5757046087639306,0.8153819893084407,0.6955432990361856,0.0,0.0,0.9516129032258065,0.9516129032258065,0.6956521739130436,0.5795654948092832,0.8930267411854378,0.7362961179973605,0.0,0.0,1.0,1.0,74.0,0.0,0.0,0.12101746559268275,18.0,0.0,0.0,0.030717000485137647,0.0
gtzan/gtzan_country_00086/track.npy,gtzan,0.6621621621621622,0.6294010135965027,0.9409226812068006,0.7851618474016516,0.0,0.0,0.98,0.98,0.6842105263157895,0.6662182498332188,0.9737035959100889,0.8199609228716538,0.0,0.0,1.0,1.0,60.0,0.0,0.0,0.08004270767353674,15.0,0.0,0.0,0.031359271116973814,0.0
gtzan/gtzan_country_00087/track.npy,gtzan,0.6666666666666666,0.5992993686131478,0.8671554741408589,0.7332274213770034,0.0,0.0,0.9833333333333333,0.9833333333333333,0.6363636363636364,0.6048901241576663,0.8801590686711277,0.7425245964143969,0.0,0.0,0.8666666666666667,0.8666666666666667,72.0,0.0,0.0,0.12566946715616992,18.0,0.0,0.0,0.036367644170874264,0.0
gtzan/gtzan_country_00088/track.npy,gtzan,1.0,0.9383234353515643,0.9383234353515643,0.9383234353515643,1.0,1.0,1.0,1.0,1.0,0.9446960241284621,0.9446960241284621,0.9446960241284621,1.0,1.0,1.0,1.0,53.0,0.0,0.0,0.052042095649112774,13.0,0.0,0.0,0.030762288439713015,0.0
gtzan/gtzan_country_00089/track.npy,gtzan,0.6593406593406593,0.5536176122986748,0.794723899306201,0.6741707558024379,0.0,0.0,0.9672131147540983,0.9672131147540983,0.6956521739130436,0.6453095376397862,0.9116873707900616,0.7784984542149238,0.0,0.0,1.0,1.0,74.0,0.0,0.0,0.10008345855698275,19.0,0.0,0.0,0.03681397312271545,0.0
gtzan/gtzan_country_00090/track.npy,gtzan,1.0,0.9364237305144985,0.9364237305144985,0.9364237305144985,1.0,1.0,1.0,1.0,1.0,0.9172511999135845,0.9172511999135845,0.9172511999135845,1.0,1.0,1.0,1.0,68.0,0.0,0.0,0.0909717782057316,17.0,0.0,0.0,0.03710459665007702,0.0
gtzan/gtzan_country_00091/track.npy,gtzan,0.5,0.4761888169745847,0.4761888169745847,0.4761888169745847,0.0,0.0,0.0,0.0,0.4,0.37042715097721535,0.5711129908894071,0.47077007093331125,0.0,0.0,0.0,0.0,58.0,0.0,0.0,0.07696104113612828,20.0,0.0,0.0,0.025642430613338207,0.0
gtzan/gtzan_country_00092/track.npy,gtzan,0.9852941176470589,0.792623469246511,0.792623469246511,0.792623469246511,0.6911764705882353,0.9852941176470589,0.6911764705882353,0.9852941176470589,0.9411764705882353,0.781310080016217,0.781310080016217,0.781310080016217,1.0,1.0,1.0,1.0,82.0,0.0,0.0,0.11122563511022444,20.0,0.0,0.0,0.04082199452025444,0.0
gtzan/gtzan_country_00093/track.npy,gtzan,0.9714285714285714,0.8692787233075564,0.8692787233075564,0.8692787233075564,1.0,1.0,1.0,1.0,1.0,0.8227751631490744,0.8227751631490744,0.8227751631490744,1.0,1.0,1.0,1.0,43.0,0.0,0.0,0.08701137698962924,15.0,0.0,0.0,0.03246600202236803,0.0
gtzan/gtzan_country_00094/track.npy,gtzan,1.0,0.9047486854018674,0.9047486854018674,0.9047486854018674,1.0,1.0,1.0,1.0,1.0,0.9052932619318218,0.9052932619318218,0.9052932619318218,1.0,1.0,1.0,1.0,57.0,0.0,0.0,0.07696104113612678,14.0,0.0,0.0,0.028437935320533892,0.0
gtzan/gtzan_country_00095/track.npy,gtzan,1.0,0.9297695967679908,0.9297695967679908,0.9297695967679908,1.0,1.0,1.0,1.0,1.0,0.9370429300156738,0.9370429300156738,0.9370429300156738,1.0,1.0,1.0,1.0,45.0,0.0,0.0,0.06062462181643358,11.0,0.0,0.0,0.015037877364540275,0.0
gtzan/gtzan_country_00096/track.npy,gtzan,1.0,0.9472357711988594,0.9472357711988594,0.9472357711988594,1.0,1.0,1.0,1.0,1.0,0.9603509000639381,0.9603509000639381,0.9603509000639381,1.0,1.0,1.0,1.0,58.0,0.0,0.0,0.048655795148997205,14.0,0.0,0.0,0.013968163869004445,0.0
gtzan/gtzan_country_00097/track.npy,gtzan,0.5079365079365079,0.46352145013989515,0.46352145013989515,0.46352145013989515,0.0,0.0,0.0,0.0,0.0,5.865159976114193e-149,0.320604230807873,0.1603021154039365,0.0,0.0,0.0,0.0,57.0,0.0,0.0,0.07696104113612681,14.0,0.0,0.0,0.02829105322592381,0.0
gtzan/gtzan_country_00098/track.npy,gtzan,1.0,0.9646512836480835,0.9646512836480835,0.9646512836480835,1.0,1.0,1.0,1.0,1.0,0.9729942024926309,0.9729942024926309,0.9729942024926309,1.0,1.0,1.0,1.0,60.0,0.0,0.0,0.08004270767353701,15.0,0.0,0.0,0.019802627296179497,0.0
gtzan/gtzan_country_00099/track.npy,gtzan,0.991869918699187,0.8869483188532629,0.8869483188532629,0.8869483188532629,0.9838709677419355,0.9838709677419355,0.9838709677419355,0.9838709677419355,1.0,0.9015286008602406,0.9015286008602406,0.9015286008602406,1.0,1.0,1.0,1.0,74.0,0.0,0.0,0.09745815524301489,18.0,0.0,0.0,0.0394732741705139,0.0
gtzan/gtzan_disco_00000/track.npy,gtzan,1.0,0.9098633631164166,0.9098633631164166,0.9098633631164166,1.0,1.0,1.0,1.0,1.0,0.8832282277430372,0.8832282277430372,0.8832282277430372,1.0,1.0,1.0,1.0,58.0,0.0,0.0,0.07696104113612884,15.0,0.0,0.0,0.019231361927887214,0.0
gtzan/gtzan_disco_00001/track.npy,gtzan,0.6666666666666666,0.6168192386072476,0.9156903921800372,0.7662548153936424,0.0,0.0,0.9795918367346939,0.9795918367346939,0.6666666666666666,0.5879294657872383,0.8818941986808574,0.7349118322340478,0.0,0.0,1.0,1.0,59.0,0.0,0.0,0.08004270767353472,15.0,0.0,0.0,0.043048493559741996,0.0
gtzan/gtzan_disco_00002/track.npy,gtzan,0.6713286713286714,0.6476609583829791,0.964744966008273,0.806202962195626,0.0,0.0,1.0,1.0,0.6666666666666666,0.6405850891783325,0.9608776337674986,0.8007313614729155,0.0,0.0,1.0,1.0,57.0,0.0,0.0,0.05054281154813487,15.0,0.0,0.0,0.009569451016151009,0.0
gtzan/gtzan_disco_00003/track.npy,gtzan,1.0,0.9565936056040709,0.9565936056040709,0.9565936056040709,1.0,1.0,1.0,1.0,1.0,0.9501734225972401,0.9501734225972401,0.9501734225972401,1.0,1.0,1.0,1.0,64.0,0.0,0.0,0.08338160893905111,16.0,0.0,0.0,0.02105340919783246,0.0
gtzan/gtzan_disco_00004/track.npy,gtzan,1.0,0.9547852404798232,0.9547852404798232,0.9547852404798232,1.0,1.0,1.0,1.0,1.0,0.9648573410229602,0.9648573410229602,0.9648573410229602,1.0,1.0,1.0,1.0,61.0,0.0,0.0,0.08004270767354182,15.0,0.0,0.0,0.014172505805420073,0.0
gtzan/gtzan_disco_00005/track.npy,gtzan,0.9887640449438202,0.9040971280406639,0.9040971280406639,0.9040971280406639,0.9777777777777777,0.9777777777777777,0.9777777777777777,0.9777777777777777,1.0,0.8580315155637289,0.8580315155637289,0.8580315155637289,1.0,1.0,1.0,1.0,55.0,0.0,0.0,0.08814450007822729,13.0,0.0,0.0,0.045256591588121065,0.0
gtzan/gtzan_disco_00006/track.npy,gtzan,1.0,0.9455506596533627,0.9455506596533627,0.9455506596533627,1.0,1.0,1.0,1.0,1.0,0.9556178055022149,0.9556178055022149,0.9556178055022149,1.0,1.0,1.0,1.0,62.0,0.0,0.0,0.08338160893905111,16.0,0.0,0.0,0.024284242156288646,0.0
gtzan/gtzan_disco_00007/track.npy,gtzan,1.0,0.9412677476831872,0.9412677476831872,0.9412677476831872,1.0,1.0,1.0,1.0,1.0,0.9268970858451452,0.9268970858451452,0.9268970858451452,1.0,1.0,1.0,1.0,64.0,0.0,0.0,0.0870113769896356,16.0,0.0,0.0,0.021506205220965025,0.0
gtzan/gtzan_disco_00008/track.npy,gtzan,0.9902912621359222,0.9441797895917112,0.9441797895917112,0.9441797895917112,0.9807692307692307,0.9807692307692307,0.9807692307692307,0.9807692307692307,0.9600000000000001,0.8902409576371224,0.8902409576371224,0.8902409576371224,0.9230769230769231,0.9230769230769231,0.9230769230769231,0.9230769230769231,62.0,0.0,0.0,0.04090887551518825,16.0,0.0,0.0,0.0340861829471491,0.0
gtzan/gtzan_disco_00009/track.npy,gtzan,1.0,0.8989303543609862,0.8989303543609862,0.8989303543609862,1.0,1.0,1.0,1.0,1.0,0.9136535159754979,0.9136535159754979,0.9136535159754979,1.0,1.0,1.0,1.0,65.0,0.0,0.0,0.08256620073254511,16.0,0.0,0.0,0.021506205220965375,0.0
gtzan/gtzan_disco_00010/track.npy,gtzan,1.0,0.9178124549798181,0.9178124549798181,0.9178124549798181,1.0,1.0,1.0,1.0,1.0,0.9485126802270671,0.9485126802270671,0.9485126802270671,1.0,1.0,1.0,1.0,54.0,0.0,0.0,0.07145896398214668,14.0,0.0,0.0,0.008888947417246157,0.0
gtzan/gtzan_disco_00011/track.npy,gtzan,1.0,0.9037113914980412,0.9037113914980412,0.9037113914980412,1.0,1.0,1.0,1.0,1.0,0.8913601642682544,0.8913601642682544,0.8913601642682544,1.0,1.0,1.0,1.0,47.0,0.0,0.0,0.06453852113756853,12.0,0.0,0.0,0.03546712351416749,0.0
gtzan/gtzan_disco_00012/track.npy,gtzan,1.0,0.8561471268584514,0.8561471268584514,0.8561471268584514,1.0,1.0,1.0,1.0,0.0,6.992073380403402e-142,0.7933789464804524,0.3966894732402262,0.0,0.0,1.0,1.0,57.0,0.0,0.0,0.07410797215371993,14.0,0.0,0.0,0.03247712992396423,0.0
gtzan/gtzan_disco_00013/track.npy,gtzan,0.9315068493150684,0.8468433160797113,0.8468433160797113,0.8468433160797113,0.972972972972973,0.972972972972973,0.972972972972973,0.972972972972973,1.0,0.9125972997442473,0.9125972997442473,0.9125972997442473,1.0,1.0,1.0,1.0,45.0,0.0,0.0,0.08671340500236004,11.0,0.0,0.0,0.01503787736454083,0.0
gtzan/gtzan_disco_00014/track.npy,gtzan,0.9767441860465116,0.9382649043810517,0.9382649043810517,0.9382649043810517,1.0,1.0,1.0,1.0,0.9090909090909091,0.8635752066166128,0.8635752066166128,0.8635752066166128,1.0,1.0,1.0,1.0,52.0,0.0,0.0,0.06899287148695155,13.0,0.0,0.0,0.008658062743114425,0.0
gtzan/gtzan_disco_00015/track.npy,gtzan,0.9411764705882353,0.887562713033679,0.887562713033679,0.887562713033679,0.9215686274509803,0.9607843137254902,0.9215686274509803,0.9607843137254902,1.0,0.9115389864105313,0.9115389864105313,0.9115389864105313,1.0,1.0,1.0,1.0,61.0,0.0,0.0,0.08037659780008925,15.0,0.0,0.0,0.03443933982597608,0.0
gtzan/gtzan_disco_00016/track.npy,gtzan,1.0,0.9232287112201909,0.9232287112201909,0.9232287112201909,1.0,1.0,1.0,1.0,0.0,2.3994860545216445e-124,0.8806070081839239,0.44030350409196195,0.0,0.0,0.9230769230769231,0.9230769230769231,62.0,0.0,0.0,0.08004270767353472,16.0,0.0,0.0,0.034289276215479336,0.0
gtzan/gtzan_disco_00017/track.npy,gtzan,0.99009900990099,0.9448373717643763,0.9448373717643763,0.9448373717643763,0.9803921568627451,0.9803921568627451,0.9803921568627451,0.9803921568627451,1.0,0.9548464718049292,0.9548464718049292,0.9548464718049292,1.0,1.0,1.0,1.0,62.0,0.0,0.0,0.08338160893904922,16.0,0.0,0.0,0.020619287202735804,0.0
gtzan/gtzan_disco_00018/track.npy,gtzan,1.0,0.9231224264994579,0.9231224264994579,0.9231224264994579,1.0,1.0,1.0,1.0,1.0,0.934297125673814,0.934297125673814,0.934297125673814,1.0,1.0,1.0,1.0,62.0,0.0,0.0,0.08338160893904922,15.0,0.0,0.0,0.010362787035546384,0.0
gtzan/gtzan_disco_00019/track.npy,gtzan,1.0,0.8859751499616622,0.8859751499616622,0.8859751499616622,1.0,1.0,1.0,1.0,1.0,0.8496565101159859,0.8496565101159859,0.8496565101159859,1.0,1.0,1.0,1.0,59.0,0.0,0.0,0.07696104113612845,15.0,0.0,0.0,0.03327121467143189,0.0
gtzan/gtzan_disco_00020/track.npy,gtzan,1.0,0.8209663614190982,0.8209663614190982,0.8209663614190982,1.0,1.0,1.0,1.0,1.0,0.7852475223518931,0.7852475223518931,0.7852475223518931,1.0,1.0,1.0,1.0,41.0,0.0,0.0,0.08663770079104245,11.0,0.0,0.0,0.030880229395691745,0.0
gtzan/gtzan_disco_00021/track.npy,gtzan,0.9777777777777777,0.8289420704112489,0.8289420704112489,0.8289420704112489,0.9777777777777777,0.9777777777777777,0.9777777777777777,0.9777777777777777,1.0,0.8762827417327205,0.8762827417327205,0.8762827417327205,1.0,1.0,1.0,1.0,55.0,0.0,0.0,0.07410797215372189,14.0,0.0,0.0,0.02739897418811415,0.0
gtzan/gtzan_disco_00022/track.npy,gtzan,1.0,0.9678307962140567,0.9678307962140567,0.9678307962140567,1.0,1.0,1.0,1.0,1.0,0.9695021220420493,0.9695021220420493,0.9695021220420493,1.0,1.0,1.0,1.0,60.0,0.0,0.0,0.08004270767353472,15.0,0.0,0.0,0.014030468194768372,0.0
gtzan/gtzan_disco_00023/track.npy,gtzan,1.0,0.9471634558394296,0.9471634558394296,0.9471634558394296,1.0,1.0,1.0,1.0,1.0,0.9518702335186343,0.9518702335186343,0.9518702335186343,1.0,1.0,1.0,1.0,57.0,0.0,0.0,0.07696104113612845,14.0,0.0,0.0,0.028437935320533292,0.0
gtzan/gtzan_disco_00024/track.npy,gtzan,1.0,0.9004467234145452,0.9004467234145452,0.9004467234145452,1.0,1.0,1.0,1.0,1.0,0.8978544596677787,0.8978544596677787,0.8978544596677787,1.0,1.0,1.0,1.0,64.0,0.0,0.0,0.0870113769896317,16.0,0.0,0.0,0.010695289116749013,0.0
gtzan/gtzan_disco_00025/track.npy,gtzan,1.0,0.8975627252475236,0.8975627252475236,0.8975627252475236,1.0,1.0,1.0,1.0,0.0,1.1073412809148082e-33,1.70769827061104e-29,8.539045023695658e-30,0.0,0.0,0.0,0.0,62.0,0.0,0.0,0.08338160893905164,16.0,0.0,0.0,0.010362787035547272,0.0
gtzan/gtzan_disco_00026/track.npy,gtzan,1.0,0.9464492248844633,0.9464492248844633,0.9464492248844633,1.0,1.0,1.0,1.0,1.0,0.9418012319035144,0.9418012319035144,0.9418012319035144,1.0,1.0,1.0,1.0,60.0,0.0,0.0,0.08004270767354182,15.0,0.0,0.0,0.02394158528387403,0.0
gtzan/gtzan_disco_00027/track.npy,gtzan,1.0,0.920789477392357,0.920789477392357,0.920789477392357,1.0,1.0,1.0,1.0,1.0,0.9728578939701638,0.9728578939701638,0.9728578939701638,1.0,1.0,1.0,1.0,56.0,0.0,0.0,0.07410797215372356,14.0,0.0,0.0,0.02274443092466494,0.0
gtzan/gtzan_disco_00028/track.npy,gtzan,1.0,0.9226215229456187,0.9226215229456187,0.9226215229456187,1.0,1.0,1.0,1.0,1.0,0.9231639947771046,0.9231639947771046,0.9231639947771046,1.0,1.0,1.0,1.0,61.0,0.0,0.0,0.08004270767353706,15.0,0.0,0.0,0.0142349830273211,0.0
gtzan/gtzan_disco_00029/track.npy,gtzan,1.0,0.9020586063671767,0.9020586063671767,0.9020586063671767,1.0,1.0,1.0,1.0,1.0,0.8648280644065093,0.8648280644065093,0.8648280644065093,1.0,1.0,1.0,1.0,53.0,0.0,0.0,0.06899287148695066,14.0,0.0,0.0,0.026202372394024342,0.0
gtzan/gtzan_disco_00030/track.npy,gtzan,1.0,0.8892717245561883,0.8892717245561883,0.8892717245561883,1.0,1.0,1.0,1.0,1.0,0.8532243274096292,0.8532243274096292,0.8532243274096292,1.0,1.0,1.0,1.0,68.0,0.0,0.0,0.09097177820572866,17.0,0.0,0.0,0.011299555253931004,0.0
gtzan/gtzan_disco_00031/track.npy,gtzan,1.0,0.9086970688349598,0.9086970688349598,0.9086970688349598,1.0,1.0,1.0,1.0,1.0,0.8987285212072789,0.8987285212072789,0.8987285212072789,1.0,1.0,1.0,1.0,62.0,0.0,0.0,0.08338160893905111,16.0,0.0,0.0,0.030883283607900918,0.0
gtzan/gtzan_disco_00032/track.npy,gtzan,0.989247311827957,0.8423852108846777,0.8423852108846777,0.8423852108846777,0.9787234042553191,0.9787234042553191,0.9787234042553191,0.9787234042553191,1.0,0.8366103260884167,0.8366103260884167,0.8366103260884167,1.0,1.0,1.0,1.0,55.0,0.0,0.0,0.07410797215372164,14.0,0.0,0.0,0.031585050886155465,0.0
gtzan/gtzan_disco_00033/track.npy,gtzan,0.24299065420560748,0.20681472286420657,0.5888778935120754,0.397846308188141,0.24074074074074073,0.24074074074074073,0.7037037037037037,0.7037037037037037,0.23076923076923078,0.18914597668345184,0.18914597668345184,0.18914597668345184,1.0,1.0,1.0,1.0,64.0,0.0,0.0,0.08338160893905669,16.0,0.0,0.0,0.03208831455150109,0.0
gtzan/gtzan_disco_00034/track.npy,gtzan,0.9818181818181818,0.9515816505890173,0.9515816505890173,0.9515816505890173,0.9818181818181818,0.9818181818181818,0.9818181818181818,0.9818181818181818,1.0,0.9673667339327673,0.9673667339327673,0.9673667339327673,1.0,1.0,1.0,1.0,66.0,0.0,0.0,0.08701137698963579,16.0,0.0,0.0,0.025483337827269442,0.0
gtzan/gtzan_disco_00035/track.npy,gtzan,0.9803921568627451,0.9420434083766918,0.9420434083766918,0.9420434083766918,0.9803921568627451,0.9803921568627451,0.9803921568627451,0.9803921568627451,1.0,0.9569741814283402,0.9569741814283402,0.9569741814283402,1.0,1.0,1.0,1.0,61.0,0.0,0.0,0.08037659780008631,15.0,0.0,0.0,0.020408871631206683,0.0
gtzan/gtzan_disco_00036/track.npy,gtzan,1.0,0.8941975135523241,0.8941975135523241,0.8941975135523241,1.0,1.0,1.0,1.0,1.0,0.8278738685576659,0.8278738685576659,0.8278738685576659,1.0,1.0,1.0,1.0,68.0,0.0,0.0,0.09097177820573288,17.0,0.0,0.0,0.022472855852059458,0.0
gtzan/gtzan_disco_00037/track.npy,gtzan,1.0,0.9225241182350743,0.9225241182350743,0.9225241182350743,1.0,1.0,1.0,1.0,1.0,0.8952313199744983,0.8952313199744983,0.8952313199744983,1.0,1.0,1.0,1.0,66.0,0.0,0.0,0.0870113769896352,16.0,0.0,0.0,0.021739986636405768,0.0
gtzan/gtzan_disco_00038/track.npy,gtzan,1.0,0.8853820025598811,0.8853820025598811,0.8853820025598811,1.0,1.0,1.0,1.0,1.0,0.8720488338930562,0.8720488338930562,0.8720488338930562,1.0,1.0,1.0,1.0,62.0,0.0,0.0,0.0833816089390533,16.0,0.0,0.0,0.040821994520255145,0.0
gtzan/gtzan_disco_00039/track.npy,gtzan,0.9787234042553191,0.9038284605250663,0.9038284605250663,0.9038284605250663,0.9787234042553191,0.9787234042553191,0.9787234042553191,0.9787234042553191,1.0,0.8702963466132291,0.8702963466132291,0.8702963466132291,1.0,1.0,1.0,1.0,56.0,0.0,0.0,0.07410797215372045,14.0,0.0,0.0,0.02262866537071119,0.0
gtzan/gtzan_disco_00040/track.npy,gtzan,1.0,0.8701536672277269,0.8701536672277269,0.8701536672277269,1.0,1.0,1.0,1.0,1.0,0.8203631625517291,0.8203631625517291,0.8203631625517291,1.0,1.0,1.0,1.0,69.0,0.0,0.0,0.09097177820573288,18.0,0.0,0.0,0.04652001563489311,0.0
gtzan/gtzan_disco_00041/track.npy,gtzan,0.3928571428571429,0.3607888545909745,0.4489816857132126,0.4048852701520935,0.0,0.0,0.0,0.0,0.0,7.101333303098134e-23,6.951645349894575e-19,3.4761777416124426e-19,0.0,0.0,0.0,0.0,40.0,0.0,0.0,0.08004270767353944,10.0,0.0,0.0,0.015298385538310082,0.0
gtzan/gtzan_disco_00042/track.npy,gtzan,0.9885057471264368,0.8702400096393097,0.8702400096393097,0.8702400096393097,0.9772727272727273,0.9772727272727273,0.9772727272727273,0.9772727272727273,1.0,0.8994832126319211,0.8994832126319211,0.8994832126319211,1.0,1.0,1.0,1.0,52.0,0.0,0.0,0.07145896398214968,13.0,0.0,0.0,0.030762288439713792,0.0
gtzan/gtzan_disco_00043/track.npy,gtzan,1.0,0.9393280828500283,0.9393280828500283,0.9393280828500283,1.0,1.0,1.0,1.0,1.0,0.94221824441684,0.94221824441684,0.94221824441684,1.0,1.0,1.0,1.0,64.0,0.0,0.0,0.08701137698962581,16.0,0.0,0.0,0.025209943486651717,0.0
gtzan/gtzan_disco_00044/track.npy,gtzan,1.0,0.9360647117768436,0.9360647117768436,0.9360647117768436,1.0,1.0,1.0,1.0,1.0,0.9247197473623621,0.9247197473623621,0.9247197473623621,1.0,1.0,1.0,1.0,61.0,0.0,0.0,0.046641813870820156,15.0,0.0,0.0,0.020408871631207526,0.0
gtzan/gtzan_disco_00045/track.npy,gtzan,1.0,0.9208963602581647,0.9208963602581647,0.9208963602581647,1.0,1.0,1.0,1.0,1.0,0.9528312202683821,0.9528312202683821,0.9528312202683821,1.0,1.0,1.0,1.0,62.0,0.0,0.0,0.04090887551518825,15.0,0.0,0.0,0.024680235788343205,0.0
gtzan/gtzan_disco_00046/track.npy,gtzan,1.0,0.9601164996606321,0.9601164996606321,0.9601164996606321,1.0,1.0,1.0,1.0,1.0,0.9588989210896613,0.9588989210896613,0.9588989210896613,1.0,1.0,1.0,1.0,61.0,0.0,0.0,0.08004270767354893,15.0,0.0,0.0,0.02000066670667213,0.0
gtzan/gtzan_disco_00047/track.npy,gtzan,0.058823529411764705,0.05474393946241132,0.10406629655268759,0.07940511800754946,0.0,0.0,0.07692307692307693,0.15384615384615385,0.0,1.956428586157191e-06,0.23713946260160937,0.11857070951509777,0.0,0.0,0.0,0.0,15.0,0.0,0.0,0.09553444374751853,5.0,0.0,0.0,0.04882801138620813,0.0
gtzan/gtzan_disco_00048/track.npy,gtzan,1.0,0.8697994971191401,0.8697994971191401,0.8697994971191401,1.0,1.0,1.0,1.0,1.0,0.8735609306413952,0.8735609306413952,0.8735609306413952,1.0,1.0,1.0,1.0,51.0,0.0,0.0,0.06899287148694999,13.0,0.0,0.0,0.021133683149031635,0.0
gtzan/gtzan_disco_00049/track.npy,gtzan,1.0,0.8964528111246167,0.8964528111246167,0.8964528111246167,1.0,1.0,1.0,1.0,1.0,0.9135300962636407,0.9135300962636407,0.9135300962636407,1.0,1.0,1.0,1.0,60.0,0.0,0.0,0.08004270767354893,15.0,0.0,0.0,0.009950330853170009,0.0
gtzan/gtzan_disco_00050/track.npy,gtzan,0.989010989010989,0.8426912805949534,0.8426912805949534,0.8426912805949534,0.9782608695652174,0.9782608695652174,0.9782608695652174,0.9782608695652174,1.0,0.8041036716580653,0.8041036716580653,0.8041036716580653,1.0,1.0,1.0,1.0,55.0,0.0,0.0,0.03636764417088045,14.0,0.0,0.0,0.0354845605612085,0.0
gtzan/gtzan_disco_00051/track.npy,gtzan,0.9887640449438202,0.941940611565909,0.941940611565909,0.941940611565909,0.9777777777777777,0.9777777777777777,0.9777777777777777,0.9777777777777777,0.9565217391304348,0.903728245962813,0.903728245962813,0.903728245962813,0.9166666666666666,0.9166666666666666,0.9166666666666666,0.9166666666666666,55.0,0.0,0.0,0.03774032798284632,14.0,0.0,0.0,0.027398974188115266,0.0
gtzan/gtzan_disco_00052/track.npy,gtzan,1.0,0.9379274984023772,0.9379274984023772,0.9379274984023772,1.0,1.0,1.0,1.0,1.0,0.9285341116458075,0.9285341116458075,0.9285341116458075,1.0,1.0,1.0,1.0,63.0,0.0,0.0,0.08338160893905111,16.0,0.0,0.0,0.021053409197831337,0.0
gtzan/gtzan_disco_00053/track.npy,gtzan,0.9913043478260869,0.8978402161937509,0.8978402161937509,0.8978402161937509,0.9827586206896551,0.9827586206896551,0.9827586206896551,0.9827586206896551,0.0,1.1001998568966018e-93,0.805392802264372,0.402696401132186,0.0,0.0,0.8666666666666667,0.8666666666666667,70.0,0.0,0.0,0.09379173924481926,18.0,0.0,0.0,0.046118838840092075,0.0
gtzan/gtzan_disco_00054/track.npy,gtzan,1.0,0.9212774832977578,0.9212774832977578,0.9212774832977578,1.0,1.0,1.0,1.0,1.0,0.8686341280362387,0.8686341280362387,0.8686341280362387,1.0,1.0,1.0,1.0,57.0,0.0,0.0,0.07696104113612702,14.0,0.0,0.0,0.02745965482616277,0.0
gtzan/gtzan_disco_00055/track.npy,gtzan,1.0,0.915475161061267,0.915475161061267,0.915475161061267,1.0,1.0,1.0,1.0,1.0,0.9129508171914739,0.9129508171914739,0.9129508171914739,1.0,1.0,1.0,1.0,65.0,0.0,0.0,0.08701137698963,16.0,0.0,0.0,0.014712891168665917,0.0
gtzan/gtzan_disco_00056/track.npy,gtzan,1.0,0.9451862051725741,0.9451862051725741,0.9451862051725741,1.0,1.0,1.0,1.0,1.0,0.9851499836058709,0.9851499836058709,0.9851499836058709,1.0,1.0,1.0,1.0,44.0,0.0,0.0,0.058840500022934665,11.0,0.0,0.0,0.014598799421152053,0.0
gtzan/gtzan_disco_00057/track.npy,gtzan,1.0,0.9319050713999559,0.9319050713999559,0.9319050713999559,1.0,1.0,1.0,1.0,1.0,0.9349295143854525,0.9349295143854525,0.9349295143854525,1.0,1.0,1.0,1.0,59.0,0.0,0.0,0.0775773744436097,15.0,0.0,0.0,0.023705097274325067,0.0
gtzan/gtzan_disco_00058/track.npy,gtzan,1.0,0.9205344866711221,0.9205344866711221,0.9205344866711221,1.0,1.0,1.0,1.0,1.0,0.9193538748962914,0.9193538748962914,0.9193538748962914,1.0,1.0,1.0,1.0,66.0,0.0,0.0,0.08701137698962769,17.0,0.0,0.0,0.021978906718774782,0.0
gtzan/gtzan_disco_00059/track.npy,gtzan,1.0,0.8987598224457976,0.8987598224457976,0.8987598224457976,1.0,1.0,1.0,1.0,1.0,0.9111574688811009,0.9111574688811009,0.9111574688811009,1.0,1.0,1.0,1.0,63.0,0.0,0.0,0.08338160893905311,15.0,0.0,0.0,0.010471299867295225,0.0
gtzan/gtzan_disco_00060/track.npy,gtzan,1.0,0.9046613985962426,0.9046613985962426,0.9046613985962426,1.0,1.0,1.0,1.0,1.0,0.8837326684444566,0.8837326684444566,0.8837326684444566,1.0,1.0,1.0,1.0,65.0,0.0,0.0,0.08701137698963006,16.0,0.0,0.0,0.014712891168665716,0.0
gtzan/gtzan_disco_00061/track.npy,gtzan,1.0,0.8380363753266606,0.8380363753266606,0.8380363753266606,1.0,1.0,1.0,1.0,1.0,0.8420811346920803,0.8420811346920803,0.8420811346920803,1.0,1.0,1.0,1.0,63.0,0.0,0.0,0.08338160893905111,16.0,0.0,0.0,0.01424706428408973,0.0
gtzan/gtzan_disco_00062/track.npy,gtzan,0.989010989010989,0.9117827592986586,0.9117827592986586,0.9117827592986586,0.9782608695652174,0.9782608695652174,0.9782608695652174,0.9782608695652174,1.0,0.9364371209985567,0.9364371209985567,0.9364371209985567,1.0,1.0,1.0,1.0,55.0,0.0,0.0,0.07410797215372045,14.0,0.0,0.0,0.027398974188114534,0.0
gtzan/gtzan_disco_00063/track.npy,gtzan,1.0,0.9665527768311288,0.9665527768311288,0.9665527768311288,1.0,1.0,1.0,1.0,1.0,0.9760962835116185,0.9760962835116185,0.9760962835116185,1.0,1.0,1.0,1.0,65.0,0.0,0.0,0.0870113769896318,16.0,0.0,0.0,0.010929070532191405,0.0
gtzan/gtzan_disco_00064/track.npy,gtzan,1.0,0.9293159932730989,0.9293159932730989,0.9293159932730989,1.0,1.0,1.0,1.0,1.0,0.941246418586843,0.941246418586843,0.941246418586843,1.0,1.0,1.0,1.0,61.0,0.0,0.0,0.08004270767353472,15.0,0.0,0.0,0.020408871631207526,0.0
gtzan/gtzan_disco_00065/track.npy,gtzan,1.0,0.880611055522341,0.880611055522341,0.880611055522341,1.0,1.0,1.0,1.0,1.0,0.8809919004233662,0.8809919004233662,0.8809919004233662,1.0,1.0,1.0,1.0,66.0,0.0,0.0,0.08701137698963579,16.0,0.0,0.0,0.022223136784709774,0.0
gtzan/gtzan_disco_00066/track.npy,gtzan,1.0,0.9067408864607732,0.9067408864607732,0.9067408864607732,1.0,1.0,1.0,1.0,0.0,2.57446822261195e-103,0.8600285478476958,0.4300142739238479,0.0,0.0,0.9285714285714286,0.9285714285714286,67.0,0.0,0.0,0.09097177820572637,17.0,0.0,0.0,0.04445176257083424,0.0
gtzan/gtzan_disco_00067/track.npy,gtzan,1.0,0.8477753390826767,0.8477753390826767,0.8477753390826767,1.0,1.0,1.0,1.0,1.0,0.8558768553392003,0.8558768553392003,0.8558768553392003,1.0,1.0,1.0,1.0,50.0,0.0,0.0,0.06669137449867223,12.0,0.0,0.0,0.016807118316381247,0.0
gtzan/gtzan_disco_00068/track.npy,gtzan,1.0,0.8176450368947203,0.8176450368947203,0.8176450368947203,1.0,1.0,1.0,1.0,1.0,0.7871568306285155,0.7871568306285155,0.7871568306285155,1.0,1.0,1.0,1.0,54.0,0.0,0.0,0.07145896398214668,13.0,0.0,0.0,0.017699577099402175,0.0
gtzan/gtzan_disco_00069/track.npy,gtzan,1.0,0.8416213870747596,0.8416213870747596,0.8416213870747596,1.0,1.0,1.0,1.0,1.0,0.8318160266668501,0.8318160266668501,0.8318160266668501,1.0,1.0,1.0,1.0,53.0,0.0,0.0,0.07145896398214668,13.0,0.0,0.0,0.018018505502678417,0.0
gtzan/gtzan_disco_00070/track.npy,gtzan,1.0,0.8212636612218825,0.8212636612218825,0.8212636612218825,1.0,1.0,1.0,1.0,1.0,0.7780970373900832,0.7780970373900832,0.7780970373900832,1.0,1.0,1.0,1.0,55.0,0.0,0.0,0.07145896398214532,14.0,0.0,0.0,0.03129848386316594,0.0
gtzan/gtzan_disco_00071/track.npy,gtzan,1.0,0.8626273109278817,0.8626273109278817,0.8626273109278817,1.0,1.0,1.0,1.0,1.0,0.7887839539690744,0.7887839539690744,0.7887839539690744,1.0,1.0,1.0,1.0,57.0,0.0,0.0,0.07496389284844367,14.0,0.0,0.0,0.023273578128123244,0.0
gtzan/gtzan_disco_00072/track.npy,gtzan,1.0,0.8565202738087796,0.8565202738087796,0.8565202738087796,1.0,1.0,1.0,1.0,1.0,0.8676942075919566,0.8676942075919566,0.8676942075919566,1.0,1.0,1.0,1.0,69.0,0.0,0.0,0.0909717782057275,17.0,0.0,0.0,0.022989518224698934,0.0
gtzan/gtzan_disco_00073/track.npy,gtzan,1.0,0.8363145902877065,0.8363145902877065,0.8363145902877065,1.0,1.0,1.0,1.0,1.0,0.8659622396267151,0.8659622396267151,0.8659622396267151,1.0,1.0,1.0,1.0,57.0,0.0,0.0,0.07696104113612845,14.0,0.0,0.0,0.018949354104223427,0.0
gtzan/gtzan_disco_00074/track.npy,gtzan,1.0,0.8138276341742354,0.8138276341742354,0.8138276341742354,1.0,1.0,1.0,1.0,1.0,0.6349586474384394,0.6349586474384394,0.6349586474384394,1.0,1.0,1.0,1.0,56.0,0.0,0.0,0.07696104113612791,14.0,0.0,0.0,0.023054561002424267,0.0
gtzan/gtzan_disco_00075/track.npy,gtzan,1.0,0.9191153831738328,0.9191153831738328,0.9191153831738328,1.0,1.0,1.0,1.0,1.0,0.8866250098406473,0.8866250098406473,0.8866250098406473,1.0,1.0,1.0,1.0,67.0,0.0,0.0,0.09097177820572558,17.0,0.0,0.0,0.04396312342111549,0.0
gtzan/gtzan_disco_00076/track.npy,gtzan,1.0,0.9152856469341742,0.9152856469341742,0.9152856469341742,1.0,1.0,1.0,1.0,1.0,0.9255820157876291,0.9255820157876291,0.9255820157876291,1.0,1.0,1.0,1.0,63.0,0.0,0.0,0.04255961441880263,16.0,0.0,0.0,0.014399027382434778,0.0
gtzan/gtzan_disco_00077/track.npy,gtzan,0.9896907216494846,0.9073260104966056,0.9073260104966056,0.9073260104966056,0.9795918367346939,0.9795918367346939,0.9795918367346939,0.9795918367346939,0.9600000000000001,0.8666333867382255,0.8666333867382255,0.8666333867382255,0.9230769230769231,0.9230769230769231,0.9230769230769231,0.9230769230769231,59.0,0.0,0.0,0.07696104113613,15.0,0.0,0.0,0.03922071315328135,0.0
gtzan/gtzan_disco_00078/track.npy,gtzan,1.0,0.9565461137555102,0.9565461137555102,0.9565461137555102,1.0,1.0,1.0,1.0,1.0,0.938511348310883,0.938511348310883,0.938511348310883,1.0,1.0,1.0,1.0,64.0,0.0,0.0,0.0870113769896298,16.0,0.0,0.0,0.04320541965376139,0.0
gtzan/gtzan_disco_00079/track.npy,gtzan,1.0,0.9626988843725741,0.9626988843725741,0.9626988843725741,1.0,1.0,1.0,1.0,1.0,0.978880809787014,0.978880809787014,0.978880809787014,1.0,1.0,1.0,1.0,61.0,0.0,0.0,0.0800427076735349,16.0,0.0,0.0,0.020202707317519053,0.0
gtzan/gtzan_disco_00080/track.npy,gtzan,1.0,0.8651606074015765,0.8651606074015765,0.8651606074015765,1.0,1.0,1.0,1.0,1.0,0.8668667280851945,0.8668667280851945,0.8668667280851945,1.0,1.0,1.0,1.0,50.0,0.0,0.0,0.05381558182590876,13.0,0.0,0.0,0.03299537545752412,0.0
gtzan/gtzan_disco_00081/track.npy,gtzan,0.9444444444444444,0.8434191544174461,0.8434191544174461,0.8434191544174461,0.9629629629629629,0.9629629629629629,0.9629629629629629,0.9629629629629629,0.0,5.294066327249144e-106,0.8210311876072093,0.41051559380360464,0.0,0.0,1.0,1.0,65.0,0.0,0.0,0.0870113769896318,16.0,0.0,0.0,0.02158802871636916,0.0
gtzan/gtzan_disco_00082/track.npy,gtzan,1.0,0.9394454401605385,0.9394454401605385,0.9394454401605385,1.0,1.0,1.0,1.0,0.0,3.136819610839753e-120,0.8913368206362513,0.44566841031812565,0.0,0.0,0.9230769230769231,0.9230769230769231,62.0,0.0,0.0,0.08338160893904961,16.0,0.0,0.0,0.04082199452025537,0.0
gtzan/gtzan_disco_00083/track.npy,gtzan,0.9896907216494846,0.9032016513623022,0.9032016513623022,0.9032016513623022,0.9795918367346939,0.9795918367346939,0.9795918367346939,0.9795918367346939,0.9600000000000001,0.8525386325229729,0.8525386325229729,0.8525386325229729,0.9230769230769231,0.9230769230769231,0.9230769230769231,0.9230769230769231,59.0,0.0,0.0,0.08004270767353472,15.0,0.0,0.0,0.03883983331626519,0.0
gtzan/gtzan_disco_00084/track.npy,gtzan,0.9894736842105264,0.9035471556165244,0.9035471556165244,0.9035471556165244,0.9791666666666666,0.9791666666666666,0.9791666666666666,0.9791666666666666,0.9565217391304348,0.89316829963453,0.89316829963453,0.89316829963453,0.9166666666666666,0.9166666666666666,0.9166666666666666,0.9166666666666666,58.0,0.0,0.0,0.07696104113612884,15.0,0.0,0.0,0.019048194970694876,0.0
gtzan/gtzan_disco_00085/track.npy,gtzan,1.0,0.9381149418019219,0.9381149418019219,0.9381149418019219,1.0,1.0,1.0,1.0,1.0,0.9002050174938296,0.9002050174938296,0.9002050174938296,1.0,1.0,1.0,1.0,62.0,0.0,0.0,0.08338160893904929,16.0,0.0,0.0,0.034643917082435395,0.0
gtzan/gtzan_disco_00086/track.npy,gtzan,1.0,0.8679531961196374,0.8679531961196374,0.8679531961196374,1.0,1.0,1.0,1.0,1.0,0.8591224884975736,0.8591224884975736,0.8591224884975736,1.0,1.0,1.0,1.0,63.0,0.0,0.0,0.08338160893904922,16.0,0.0,0.0,0.021053409197832385,0.0
gtzan/gtzan_disco_00087/track.npy,gtzan,1.0,0.9463610998190712,0.9463610998190712,0.9463610998190712,1.0,1.0,1.0,1.0,1.0,0.9677936688643346,0.9677936688643346,0.9677936688643346,1.0,1.0,1.0,1.0,53.0,0.0,0.0,0.07145896398214663,13.0,0.0,0.0,0.017699577099401564,0.0
gtzan/gtzan_disco_00088/track.npy,gtzan,1.0,0.9592610652763175,0.9592610652763175,0.9592610652763175,1.0,1.0,1.0,1.0,1.0,0.9494493220487499,0.9494493220487499,0.9494493220487499,1.0,1.0,1.0,1.0,62.0,0.0,0.0,0.08338160893904922,15.0,0.0,0.0,0.02083408690284161,0.0
gtzan/gtzan_disco_00089/track.npy,gtzan,0.9908256880733944,0.9031243970232834,0.9031243970232834,0.9031243970232834,0.9818181818181818,0.9818181818181818,0.9818181818181818,0.9818181818181818,0.962962962962963,0.8420457920197687,0.8420457920197687,0.8420457920197687,0.9285714285714286,0.9285714285714286,0.9285714285714286,0.9285714285714286,65.0,0.0,0.0,0.08701137698962969,17.0,0.0,0.0,0.02150620522096327,0.0
gtzan/gtzan_disco_00090/track.npy,gtzan,1.0,0.9416810070122533,0.9416810070122533,0.9416810070122533,1.0,1.0,1.0,1.0,1.0,0.9314619599164562,0.9314619599164562,0.9314619599164562,1.0,1.0,1.0,1.0,64.0,0.0,0.0,0.0870113769896318,16.0,0.0,0.0,0.035753269505054405,0.0
gtzan/gtzan_disco_00091/track.npy,gtzan,1.0,0.9499606968514714,0.9499606968514714,0.9499606968514714,1.0,1.0,1.0,1.0,0.0,2.2025525992149148e-189,0.8331425487767469,0.41657127438837344,0.0,0.0,0.8181818181818182,0.8181818181818182,51.0,0.0,0.0,0.06669137449867674,13.0,0.0,0.0,0.008368249670517525,0.0
gtzan/gtzan_disco_00092/track.npy,gtzan,1.0,0.9490265062912071,0.9490265062912071,0.9490265062912071,1.0,1.0,1.0,1.0,1.0,0.9267382228601306,0.9267382228601306,0.9267382228601306,1.0,1.0,1.0,1.0,58.0,0.0,0.0,0.0769610411361272,14.0,0.0,0.0,0.023496796707433074,0.0
gtzan/gtzan_disco_00093/track.npy,gtzan,1.0,0.9483254616097313,0.9483254616097313,0.9483254616097313,1.0,1.0,1.0,1.0,1.0,0.9632293517539554,0.9632293517539554,0.9632293517539554,1.0,1.0,1.0,1.0,55.0,0.0,0.0,0.07410797215372256,13.0,0.0,0.0,0.03175931661841369,0.0
gtzan/gtzan_disco_00094/track.npy,gtzan,1.0,0.909141048020658,0.909141048020658,0.909141048020658,1.0,1.0,1.0,1.0,1.0,0.8878115128435351,0.8878115128435351,0.8878115128435351,1.0,1.0,1.0,1.0,70.0,0.0,0.0,0.09097177820573141,18.0,0.0,0.0,0.03468555798789141,0.0
gtzan/gtzan_disco_00095/track.npy,gtzan,1.0,0.9650860228240076,0.9650860228240076,0.9650860228240076,1.0,1.0,1.0,1.0,1.0,0.9569549843944777,0.9569549843944777,0.9569549843944777,1.0,1.0,1.0,1.0,60.0,0.0,0.0,0.08004270767353872,15.0,0.0,0.0,0.014172505805420073,0.0
gtzan/gtzan_disco_00096/track.npy,gtzan,1.0,0.817564640709089,0.817564640709089,0.817564640709089,1.0,1.0,1.0,1.0,1.0,0.876453162100622,0.876453162100622,0.876453162100622,1.0,1.0,1.0,1.0,51.0,0.0,0.0,0.06899287148695273,13.0,0.0,0.0,0.012802561513605204,0.0
gtzan/gtzan_disco_00097/track.npy,gtzan,1.0,0.9332595111615971,0.9332595111615971,0.9332595111615971,1.0,1.0,1.0,1.0,1.0,0.9416443669725413,0.9416443669725413,0.9416443669725413,1.0,1.0,1.0,1.0,65.0,0.0,0.0,0.08701137698963503,16.0,0.0,0.0,0.021739986636405417,0.0
gtzan/gtzan_disco_00098/track.npy,gtzan,0.9902912621359222,0.9150802079939944,0.9150802079939944,0.9150802079939944,0.9807692307692307,0.9807692307692307,0.9807692307692307,0.9807692307692307,1.0,0.9172331023289572,0.9172331023289572,0.9172331023289572,1.0,1.0,1.0,1.0,62.0,0.0,0.0,0.08338160893904922,15.0,0.0,0.0,0.04082199452025501,0.0
gtzan/gtzan_disco_00099/track.npy,gtzan,0.9902912621359222,0.9199914068898774,0.9199914068898774,0.9199914068898774,0.9807692307692307,0.9807692307692307,0.9807692307692307,0.9807692307692307,1.0,0.9132760138986831,0.9132760138986831,0.9132760138986831,1.0,1.0,1.0,1.0,62.0,0.0,0.0,0.08338160893904922,15.0,0.0,0.0,0.04082199452025501,0.0
gtzan/gtzan_hiphop_00000/track.npy,gtzan,1.0,0.9036434012697397,0.9036434012697397,0.9036434012697397,1.0,1.0,1.0,1.0,1.0,0.9364902832339504,0.9364902832339504,0.9364902832339504,1.0,1.0,1.0,1.0,60.0,0.0,0.0,0.08004270767353472,15.0,0.0,0.0,0.020000666706669112,0.0
gtzan/gtzan_hiphop_00001/track.npy,gtzan,0.9870129870129869,0.9173066987631703,0.9173066987631703,0.9173066987631703,0.9743589743589743,0.9743589743589743,0.9743589743589743,0.9743589743589743,1.0,0.9167359518032269,0.9167359518032269,0.9167359518032269,1.0,1.0,1.0,1.0,45.0,0.0,0.0,0.06252035698133387,11.0,0.0,0.0,0.02281467776617192,0.0
gtzan/gtzan_hiphop_00002/track.npy,gtzan,1.0,0.8612977292310383,0.8612977292310383,0.8612977292310383,1.0,1.0,1.0,1.0,1.0,0.8580784076149621,0.8580784076149621,0.8580784076149621,1.0,1.0,1.0,1.0,50.0,0.0,0.0,0.06669137449867674,12.0,0.0,0.0,0.012825577339778267,0.0
gtzan/gtzan_hiphop_00003/track.npy,gtzan,0.9743589743589743,0.8474353583525838,0.8474353583525838,0.8474353583525838,0.95,0.95,0.95,0.95,0.0,2.1405805604739237e-210,0.7650501657368876,0.3825250828684438,0.0,0.0,0.9,0.9,46.0,0.0,0.0,0.0881981002819995,12.0,0.0,0.0,0.038915416249673894,0.0
gtzan/gtzan_hiphop_00004/track.npy,gtzan,1.0,0.9409180697843711,0.9409180697843711,0.9409180697843711,1.0,1.0,1.0,1.0,1.0,0.9547425871058592,0.9547425871058592,0.9547425871058592,1.0,1.0,1.0,1.0,48.0,0.0,0.0,0.06453852113757264,12.0,0.0,0.0,0.012514904666115143,0.0
gtzan/gtzan_hiphop_00005/track.npy,gtzan,0.9833333333333333,0.8504365174941456,0.8504365174941456,0.8504365174941456,0.9666666666666667,0.9666666666666667,0.9666666666666667,0.9666666666666667,1.0,0.8449085655928951,0.8449085655928951,0.8449085655928951,1.0,1.0,1.0,1.0,72.0,0.0,0.0,0.09531017980433143,18.0,0.0,0.0,0.038085367572948226,0.0
gtzan/gtzan_hiphop_00006/track.npy,gtzan,0.9879518072289156,0.9207792619690602,0.9207792619690602,0.9207792619690602,0.9761904761904762,0.9761904761904762,0.9761904761904762,0.9761904761904762,0.0,4.4604565680635615e-189,0.8178906155433362,0.4089453077716681,0.0,0.0,0.8181818181818182,0.8181818181818182,50.0,0.0,0.0,0.06669137449867264,13.0,0.0,0.0,0.008298802814696415,0.0
gtzan/gtzan_hiphop_00007/track.npy,gtzan,0.94,0.8540077684464669,0.8540077684464669,0.8540077684464669,0.94,0.94,0.94,0.94,0.9230769230769231,0.8574082377182263,0.8574082377182263,0.8574082377182263,1.0,1.0,1.0,1.0,60.0,0.0,0.0,0.08004270767353637,15.0,0.0,0.0,0.04040953833787575,0.0
gtzan/gtzan_hiphop_00008/track.npy,gtzan,0.9722222222222222,0.7773337967857628,0.7773337967857628,0.7773337967857628,1.0,1.0,1.0,1.0,0.8888888888888888,0.76270289091477,0.76270289091477,0.76270289091477,1.0,1.0,1.0,1.0,43.0,0.0,0.0,0.11122563511022215,11.0,0.0,0.0,0.025383409240258635,0.0
gtzan/gtzan_hiphop_00009/track.npy,gtzan,0.9885057471264368,0.8473067214844664,0.8473067214844664,0.8473067214844664,0.9545454545454546,0.9545454545454546,0.9545454545454546,0.9545454545454546,0.9523809523809523,0.7785188886981135,0.7785188886981135,0.7785188886981135,0.9090909090909091,0.9090909090909091,0.9090909090909091,0.9090909090909091,52.0,0.0,0.0,0.06899287148695475,13.0,0.0,0.0,0.008583743691391255,0.0
gtzan/gtzan_hiphop_00010/track.npy,gtzan,0.9876543209876543,0.8668800222989695,0.8668800222989695,0.8668800222989695,0.975609756097561,0.975609756097561,0.975609756097561,0.975609756097561,1.0,0.8616139416293634,0.8616139416293634,0.8616139416293634,1.0,1.0,1.0,1.0,48.0,0.0,0.0,0.06453852113757219,12.0,0.0,0.0,0.016000341346440905,0.0
gtzan/gtzan_hiphop_00011/track.npy,gtzan,1.0,0.9227609654726943,0.9227609654726943,0.9227609654726943,1.0,1.0,1.0,1.0,1.0,0.8898084971323028,0.8898084971323028,0.8898084971323028,1.0,1.0,1.0,1.0,50.0,0.0,0.0,0.06669137449867565,12.0,0.0,0.0,0.01666705248521152,0.0
gtzan/gtzan_hiphop_00012/track.npy,gtzan,0.9879518072289156,0.753419673073283,0.753419673073283,0.753419673073283,0.9761904761904762,0.9761904761904762,0.9761904761904762,0.9761904761904762,1.0,0.6969070062408604,0.6969070062408604,0.6969070062408604,1.0,1.0,1.0,1.0,49.0,0.0,0.0,0.06669137449867203,12.0,0.0,0.0,0.03720751725648641,0.0
gtzan/gtzan_hiphop_00013/track.npy,gtzan,1.0,0.9207446584792975,0.9207446584792975,0.9207446584792975,1.0,1.0,1.0,1.0,1.0,0.9501687220755851,0.9501687220755851,0.9501687220755851,1.0,1.0,1.0,1.0,51.0,0.0,0.0,0.06899287148695366,13.0,0.0,0.0,0.01273012399084067,0.0
gtzan/gtzan_hiphop_00014/track.npy,gtzan,1.0,0.8711623366218945,0.8711623366218945,0.8711623366218945,1.0,1.0,1.0,1.0,0.0,1.8178178829873717e-101,0.8200548336611233,0.41002741683056165,0.0,0.0,0.9285714285714286,0.9285714285714286,67.0,0.0,0.0,0.09097177820573288,17.0,0.0,0.0,0.04445176257083494,0.0
gtzan/gtzan_hiphop_00015/track.npy,gtzan,0.975609756097561,0.8049403215303818,0.8049403215303818,0.8049403215303818,1.0,1.0,1.0,1.0,0.9,0.8323918185620636,0.8323918185620636,0.8323918185620636,1.0,1.0,1.0,1.0,50.0,0.0,0.0,0.0666913744986732,12.0,0.0,0.0,0.03374861553709561,0.0
gtzan/gtzan_hiphop_00016/track.npy,gtzan,1.0,0.8950038674835076,0.8950038674835076,0.8950038674835076,1.0,1.0,1.0,1.0,1.0,0.9297366581518567,0.9297366581518567,0.9297366581518567,1.0,1.0,1.0,1.0,51.0,0.0,0.0,0.06669137449867063,13.0,0.0,0.0,0.016807118316381597,0.0
gtzan/gtzan_hiphop_00017/track.npy,gtzan,0.9876543209876543,0.8720694730583318,0.8720694730583318,0.8720694730583318,0.975609756097561,0.975609756097561,0.975609756097561,0.975609756097561,1.0,0.8922717054651441,0.8922717054651441,0.8922717054651441,1.0,1.0,1.0,1.0,49.0,0.0,0.0,0.05501391164319852,12.0,0.0,0.0,0.020787295396863928,0.0
gtzan/gtzan_hiphop_00018/track.npy,gtzan,0.06779661016949153,0.07028145217731416,0.28017639864511756,0.17522892541121587,0.0,0.0,0.0,0.0,0.26666666666666666,0.26513341396058265,0.26513341396058265,0.26513341396058265,0.0,0.0,0.0,0.0,17.0,0.0,0.0,0.10872052603792186,4.0,0.0,0.0,0.03414737305327724,0.0
gtzan/gtzan_hiphop_00019/track.npy,gtzan,1.0,0.8686616759891985,0.8686616759891985,0.8686616759891985,1.0,1.0,1.0,1.0,0.0,4.2304816752917004e-183,0.8938298921252834,0.4469149460626417,0.0,0.0,1.0,1.0,51.0,0.0,0.0,0.06669137449867674,13.0,0.0,0.0,0.016807118316381597,0.0
gtzan/gtzan_hiphop_00020/track.npy,gtzan,0.9896907216494846,0.8597993888061377,0.8597993888061377,0.8597993888061377,0.9795918367346939,0.9795918367346939,0.9795918367346939,0.9795918367346939,0.9600000000000001,0.7915924164982644,0.7915924164982644,0.7915924164982644,0.9230769230769231,0.9230769230769231,0.9230769230769231,0.9230769230769231,58.0,0.0,0.0,0.07773145777048418,14.0,0.0,0.0,0.023724338814369764,0.0
gtzan/gtzan_hiphop_00021/track.npy,gtzan,1.0,0.8983726008677267,0.8983726008677267,0.8983726008677267,1.0,1.0,1.0,1.0,1.0,0.8908812947508707,0.8908812947508707,0.8908812947508707,1.0,1.0,1.0,1.0,50.0,0.0,0.0,0.03390155167568665,12.0,0.0,0.0,0.01680711831638094,0.0
gtzan/gtzan_hiphop_00022/track.npy,gtzan,1.0,0.9059323816777087,0.9059323816777087,0.9059323816777087,1.0,1.0,1.0,1.0,1.0,0.8853796628275739,0.8853796628275739,0.8853796628275739,1.0,1.0,1.0,1.0,50.0,0.0,0.0,0.06669137449867674,13.0,0.0,0.0,0.008438868645865072,0.0
gtzan/gtzan_hiphop_00023/track.npy,gtzan,0.9873417721518987,0.855832265986917,0.855832265986917,0.855832265986917,0.975,0.975,0.975,0.975,1.0,0.8756424209998956,0.8756424209998956,0.8756424209998956,1.0,1.0,1.0,1.0,47.0,0.0,0.0,0.09237332013101535,12.0,0.0,0.0,0.023347363996991242,0.0
gtzan/gtzan_hiphop_00024/track.npy,gtzan,1.0,0.9302041981073809,0.9302041981073809,0.9302041981073809,1.0,1.0,1.0,1.0,1.0,0.9216146493529614,0.9216146493529614,0.9216146493529614,1.0,1.0,1.0,1.0,51.0,0.0,0.0,0.06899287148695155,13.0,0.0,0.0,0.025533302005164626,0.0
gtzan/gtzan_hiphop_00025/track.npy,gtzan,0.9545454545454546,0.7676927332655376,0.7676927332655376,0.7676927332655376,1.0,1.0,1.0,1.0,0.9090909090909091,0.7578396002410795,0.7578396002410795,0.7578396002410795,1.0,1.0,1.0,1.0,53.0,0.0,0.0,0.07145896398214457,13.0,0.0,0.0,0.022066417083778544,0.0
gtzan/gtzan_hiphop_00026/track.npy,gtzan,1.0,0.8876606991382974,0.8876606991382974,0.8876606991382974,1.0,1.0,1.0,1.0,1.0,0.8777824453873561,0.8777824453873561,0.8777824453873561,1.0,1.0,1.0,1.0,52.0,0.0,0.0,0.06899287148694823,13.0,0.0,0.0,0.02997193042534635,0.0
gtzan/gtzan_hiphop_00027/track.npy,gtzan,1.0,0.9063189853855582,0.9063189853855582,0.9063189853855582,1.0,1.0,1.0,1.0,1.0,0.8944610879148932,0.8944610879148932,0.8944610879148932,1.0,1.0,1.0,1.0,46.0,0.0,0.0,0.060624621816444346,12.0,0.0,0.0,0.007604599385220512,0.0
gtzan/gtzan_hiphop_00028/track.npy,gtzan,0.8157894736842104,0.5478916952389068,0.5478916952389068,0.5478916952389068,1.0,1.0,1.0,1.0,0.6666666666666666,0.5261636957394789,0.5261636957394789,0.5261636957394789,1.0,1.0,1.0,1.0,45.0,0.0,0.0,0.08437270147230881,11.0,0.0,0.0,0.02230575751429815,0.0
gtzan/gtzan_hiphop_00029/track.npy,gtzan,1.0,0.7700918377921928,0.7700918377921928,0.7700918377921928,1.0,1.0,1.0,1.0,1.0,0.75212550968461,0.75212550968461,0.75212550968461,1.0,1.0,1.0,1.0,47.0,0.0,0.0,0.06252035698133505,12.0,0.0,0.0,0.027561944007054744,0.0
gtzan/gtzan_hiphop_00030/track.npy,gtzan,1.0,0.8166887551313509,0.8166887551313509,0.8166887551313509,1.0,1.0,1.0,1.0,1.0,0.8278397521541713,0.8278397521541713,0.8278397521541713,1.0,1.0,1.0,1.0,90.0,0.0,0.0,0.11778303565638115,22.0,0.0,0.0,0.03177604375564297,0.0
gtzan/gtzan_hiphop_00031/track.npy,gtzan,1.0,0.9365753410118567,0.9365753410118567,0.9365753410118567,1.0,1.0,1.0,1.0,1.0,0.9161458232962154,0.9161458232962154,0.9161458232962154,1.0,1.0,1.0,1.0,50.0,0.0,0.0,0.06669137449867514,12.0,0.0,0.0,0.02988214953237235,0.0
gtzan/gtzan_hiphop_00032/track.npy,gtzan,0.8674698795180722,0.6207797367002922,0.6207797367002922,0.6207797367002922,0.9761904761904762,0.9761904761904762,0.9761904761904762,0.9761904761904762,0.9090909090909091,0.6748765679243588,0.6748765679243588,0.6748765679243588,1.0,1.0,1.0,1.0,51.0,0.0,0.0,0.0672111313472021,13.0,0.0,0.0,0.038050953083028416,0.0
gtzan/gtzan_hiphop_00033/track.npy,gtzan,1.0,0.9182688065683206,0.9182688065683206,0.9182688065683206,1.0,1.0,1.0,1.0,1.0,0.9014617917644223,0.9014617917644223,0.9014617917644223,1.0,1.0,1.0,1.0,49.0,0.0,0.0,0.06453852113757563,12.0,0.0,0.0,0.016260520871780648,0.0
gtzan/gtzan_hiphop_00034/track.npy,gtzan,0.926829268292683,0.8273389404608376,0.8273389404608376,0.8273389404608376,1.0,1.0,1.0,1.0,0.9,0.8572938450346355,0.8572938450346355,0.8572938450346355,1.0,1.0,1.0,1.0,50.0,0.0,0.0,0.06669137449867313,12.0,0.0,0.0,0.02114414016707627,0.0
gtzan/gtzan_hiphop_00035/track.npy,gtzan,1.0,0.9283543659603632,0.9283543659603632,0.9283543659603632,1.0,1.0,1.0,1.0,1.0,0.9262138288538202,0.9262138288538202,0.9262138288538202,1.0,1.0,1.0,1.0,43.0,0.0,0.0,0.11122563511022449,11.0,0.0,0.0,0.021053409197832496,0.0
gtzan/gtzan_hiphop_00036/track.npy,gtzan,1.0,0.9036106489671166,0.9036106489671166,0.9036106489671166,1.0,1.0,1.0,1.0,1.0,0.8882958556135059,0.8882958556135059,0.8882958556135059,1.0,1.0,1.0,1.0,59.0,0.0,0.0,0.07696104113612845,15.0,0.0,0.0,0.031166917182033994,0.0
gtzan/gtzan_hiphop_00037/track.npy,gtzan,0.6666666666666666,0.6181633008744826,0.9181568323973602,0.7681600666359214,0.0,0.0,0.9838709677419355,0.9838709677419355,0.6956521739130436,0.6675822065600608,0.9427627003036062,0.8051724534318335,0.0,0.0,1.0,1.0,73.0,0.0,0.0,0.09769681918065709,18.0,0.0,0.0,0.027056165990811176,0.0
gtzan/gtzan_hiphop_00038/track.npy,gtzan,1.0,0.8673354556529106,0.8673354556529106,0.8673354556529106,1.0,1.0,1.0,1.0,1.0,0.7989997434443187,0.7989997434443187,0.7989997434443187,1.0,1.0,1.0,1.0,47.0,0.0,0.0,0.09237332013101479,12.0,0.0,0.0,0.015267472130789383,0.0
gtzan/gtzan_hiphop_00039/track.npy,gtzan,1.0,0.9093305837376275,0.9093305837376275,0.9093305837376275,1.0,1.0,1.0,1.0,1.0,0.8757001741143832,0.8757001741143832,0.8757001741143832,1.0,1.0,1.0,1.0,49.0,0.0,0.0,0.06393307189070023,13.0,0.0,0.0,0.015873349156290517,0.0
gtzan/gtzan_hiphop_00040/track.npy,gtzan,1.0,0.8755972299454623,0.8755972299454623,0.8755972299454623,1.0,1.0,1.0,1.0,0.0,8.0362128493913415e-286,0.7529987176465613,0.37649935882328067,0.0,0.0,0.7777777777777778,0.7777777777777778,41.0,0.0,0.0,0.054217484258729305,10.0,0.0,0.0,0.024358007671187683,0.0
gtzan/gtzan_hiphop_00041/track.npy,gtzan,0.9873417721518987,0.8819354576713375,0.8819354576713375,0.8819354576713375,0.975,0.975,0.975,0.975,1.0,0.8562700807117359,0.8562700807117359,0.8562700807117359,1.0,1.0,1.0,1.0,47.0,0.0,0.0,0.060624621816434465,11.0,0.0,0.0,0.007662872745569782,0.0
gtzan/gtzan_hiphop_00042/track.npy,gtzan,1.0,0.6711083174396517,0.6711083174396517,0.6711083174396517,1.0,1.0,1.0,1.0,0.0,3.826686001497552e-215,0.5514599776923529,0.27572998884617644,0.0,0.0,0.9,0.9,46.0,0.0,0.0,0.08961215868968525,12.0,0.0,0.0,0.01515180502060271,0.0
gtzan/gtzan_hiphop_00043/track.npy,gtzan,1.0,0.9234977840527434,0.9234977840527434,0.9234977840527434,1.0,1.0,1.0,1.0,1.0,0.9446885779290083,0.9446885779290083,0.9446885779290083,1.0,1.0,1.0,1.0,46.0,0.0,0.0,0.09195914591481608,12.0,0.0,0.0,0.02247285585205805,0.0
gtzan/gtzan_hiphop_00044/track.npy,gtzan,0.88,0.6860019577357004,0.6860019577357004,0.6860019577357004,0.9,0.9,0.9,0.9,0.0,1.0744797304886301e-32,2.1886364296732567e-24,1.094318220209027e-24,0.0,0.0,0.0,0.0,60.0,0.0,0.0,0.08004270767353472,15.0,0.0,0.0,0.053523947228232685,0.0
gtzan/gtzan_hiphop_00045/track.npy,gtzan,1.0,0.9093305837376275,0.9093305837376275,0.9093305837376275,1.0,1.0,1.0,1.0,1.0,0.8757001741143832,0.8757001741143832,0.8757001741143832,1.0,1.0,1.0,1.0,49.0,0.0,0.0,0.06393307189070023,13.0,0.0,0.0,0.015873349156290517,0.0
gtzan/gtzan_hiphop_00046/track.npy,gtzan,0.975609756097561,0.9150692917357938,0.9150692917357938,0.9150692917357938,0.975609756097561,0.975609756097561,0.975609756097561,0.975609756097561,0.9090909090909091,0.8858129057899519,0.8858129057899519,0.8858129057899519,1.0,1.0,1.0,1.0,49.0,0.0,0.0,0.06453852113757264,13.0,0.0,0.0,0.023939040122231914,0.0
gtzan/gtzan_hiphop_00047/track.npy,gtzan,0.9876543209876543,0.9317520835262793,0.9317520835262793,0.9317520835262793,0.975609756097561,0.975609756097561,0.975609756097561,0.975609756097561,1.0,0.9683299047873634,0.9683299047873634,0.9683299047873634,1.0,1.0,1.0,1.0,48.0,0.0,0.0,0.06453852113757128,12.0,0.0,0.0,0.008097210232619112,0.0
gtzan/gtzan_hiphop_00048/track.npy,gtzan,1.0,0.9205632195853197,0.9205632195853197,0.9205632195853197,1.0,1.0,1.0,1.0,1.0,0.9430232041975675,0.9430232041975675,0.9430232041975675,1.0,1.0,1.0,1.0,49.0,0.0,0.0,0.06453852113757563,12.0,0.0,0.0,0.016129381929883446,0.0
gtzan/gtzan_hiphop_00049/track.npy,gtzan,0.9523809523809523,0.9270372298871934,0.9270372298871934,0.9270372298871934,0.7619047619047619,0.9285714285714286,0.7619047619047619,0.9285714285714286,0.0,8.363119228179283e-153,0.8445748755866594,0.4222874377933297,0.0,0.0,1.0,1.0,51.0,0.0,0.0,0.05357544536947685,12.0,0.0,0.0,0.008510689667908416,0.0
gtzan/gtzan_hiphop_00050/track.npy,gtzan,0.9879518072289156,0.7955785137235404,0.7955785137235404,0.7955785137235404,0.9761904761904762,0.9761904761904762,0.9761904761904762,0.9761904761904762,1.0,0.8211901272670605,0.8211901272670605,0.8211901272670605,1.0,1.0,1.0,1.0,49.0,0.0,0.0,0.0645385211375713,12.0,0.0,0.0,0.020847275403616458,0.0
gtzan/gtzan_hiphop_00051/track.npy,gtzan,1.0,0.8610513703435321,0.8610513703435321,0.8610513703435321,1.0,1.0,1.0,1.0,1.0,0.8518641788600919,0.8518641788600919,0.8518641788600919,1.0,1.0,1.0,1.0,53.0,0.0,0.0,0.06899287148695155,13.0,0.0,0.0,0.035091319811271005,0.0
gtzan/gtzan_hiphop_00052/track.npy,gtzan,1.0,0.8946491029161394,0.8946491029161394,0.8946491029161394,1.0,1.0,1.0,1.0,1.0,0.8237487989897047,0.8237487989897047,0.8237487989897047,1.0,1.0,1.0,1.0,53.0,0.0,0.0,0.07145896398214968,13.0,0.0,0.0,0.04835186163972688,0.0
gtzan/gtzan_hiphop_00053/track.npy,gtzan,1.0,0.8908141526345916,0.8908141526345916,0.8908141526345916,1.0,1.0,1.0,1.0,1.0,0.856529330553455,0.856529330553455,0.856529330553455,1.0,1.0,1.0,1.0,55.0,0.0,0.0,0.07145896398214968,13.0,0.0,0.0,0.040812117879497734,0.0
gtzan/gtzan_hiphop_00054/track.npy,gtzan,1.0,0.8406167831880778,0.8406167831880778,0.8406167831880778,1.0,1.0,1.0,1.0,1.0,0.8701910217530938,0.8701910217530938,0.8701910217530938,1.0,1.0,1.0,1.0,56.0,0.0,0.0,0.07410797215372356,14.0,0.0,0.0,0.018692133012152817,0.0
gtzan/gtzan_hiphop_00055/track.npy,gtzan,1.0,0.9105945341085189,0.9105945341085189,0.9105945341085189,1.0,1.0,1.0,1.0,1.0,0.9533085504129823,0.9533085504129823,0.9533085504129823,1.0,1.0,1.0,1.0,41.0,0.0,0.0,0.08223809823697063,10.0,0.0,0.0,0.013698844358162932,0.0
gtzan/gtzan_hiphop_00056/track.npy,gtzan,1.0,0.8887436074264773,0.8887436074264773,0.8887436074264773,1.0,1.0,1.0,1.0,0.0,1.8458790245070234e-188,0.9570902426568868,0.4785451213284434,0.0,0.0,1.0,1.0,50.0,0.0,0.0,0.0666913744986746,12.0,0.0,0.0,1.4432899320127035e-15,0.0
gtzan/gtzan_hiphop_00057/track.npy,gtzan,0.989247311827957,0.781606493423593,0.781606493423593,0.781606493423593,0.9787234042553191,0.9787234042553191,0.9787234042553191,0.9787234042553191,1.0,0.739761923365739,0.739761923365739,0.739761923365739,1.0,1.0,1.0,1.0,55.0,0.0,0.0,0.07410797215372485,14.0,0.0,0.0,0.018349138668196447,0.0
gtzan/gtzan_hiphop_00058/track.npy,gtzan,0.9866666666666666,0.8109845427799051,0.8109845427799051,0.8109845427799051,0.9736842105263158,0.9736842105263158,0.9736842105263158,0.9736842105263158,1.0,0.7696956860457544,0.7696956860457544,0.7696956860457544,1.0,1.0,1.0,1.0,45.0,0.0,0.0,0.0896121586896948,11.0,0.0,0.0,0.012132922766448747,0.0
gtzan/gtzan_hiphop_00059/track.npy,gtzan,1.0,0.8147765069220053,0.8147765069220053,0.8147765069220053,1.0,1.0,1.0,1.0,1.0,0.7474458366830083,0.7474458366830083,0.7474458366830083,1.0,1.0,1.0,1.0,46.0,0.0,0.0,0.09237332013101818,11.0,0.0,0.0,0.038318864302135824,0.0
gtzan/gtzan_hiphop_00060/track.npy,gtzan,1.0,0.8747762744555947,0.8747762744555947,0.8747762744555947,1.0,1.0,1.0,1.0,1.0,0.9223354070844143,0.9223354070844143,0.9223354070844143,1.0,1.0,1.0,1.0,46.0,0.0,0.0,0.06062462181643896,11.0,0.0,0.0,0.012041608672877933,0.0
gtzan/gtzan_hiphop_00061/track.npy,gtzan,1.0,0.9139085622682389,0.9139085622682389,0.9139085622682389,1.0,1.0,1.0,1.0,1.0,0.8650291935093188,0.8650291935093188,0.8650291935093188,1.0,1.0,1.0,1.0,46.0,0.0,0.0,0.06423579651413512,12.0,0.0,0.0,0.03964965317603789,0.0
gtzan/gtzan_hiphop_00062/track.npy,gtzan,1.0,0.8915249490264923,0.8915249490264923,0.8915249490264923,1.0,1.0,1.0,1.0,0.0,8.746267957746043e-221,0.7882656657639993,0.39413283288199963,0.0,0.0,0.8,0.8,46.0,0.0,0.0,0.09237332013101313,12.0,0.0,0.0,0.0153849188394797,0.0
gtzan/gtzan_hiphop_00063/track.npy,gtzan,1.0,0.875443103356476,0.875443103356476,0.875443103356476,1.0,1.0,1.0,1.0,0.0,4.9700349461262836e-206,0.7237152003978513,0.36185760019892566,0.0,0.0,0.8,0.8,47.0,0.0,0.0,0.06413488830632354,12.0,0.0,0.0,0.03574579241102125,0.0
gtzan/gtzan_hiphop_00064/track.npy,gtzan,0.9859154929577464,0.9244822896159808,0.9244822896159808,0.9244822896159808,0.9722222222222222,0.9722222222222222,0.9722222222222222,0.9722222222222222,1.0,0.9105991239332584,0.9105991239332584,0.9105991239332584,1.0,1.0,1.0,1.0,44.0,0.0,0.0,0.08701137698962919,11.0,0.0,0.0,0.021506205220963314,0.0
gtzan/gtzan_hiphop_00065/track.npy,gtzan,1.0,0.919003782257595,0.919003782257595,0.919003782257595,1.0,1.0,1.0,1.0,1.0,0.874094089540163,0.874094089540163,0.874094089540163,1.0,1.0,1.0,1.0,49.0,0.0,0.0,0.08607868220430051,13.0,0.0,0.0,0.032002731086174574,0.0
gtzan/gtzan_hiphop_00066/track.npy,gtzan,0.9866666666666666,0.9190980725626711,0.9190980725626711,0.9190980725626711,0.9736842105263158,0.9736842105263158,0.9736842105263158,0.9736842105263158,1.0,0.8473787270488853,0.8473787270488853,0.8473787270488853,1.0,1.0,1.0,1.0,46.0,0.0,0.0,0.08789537565856373,11.0,0.0,0.0,0.012225632376701354,0.0
gtzan/gtzan_hiphop_00067/track.npy,gtzan,1.0,0.9292657058355468,0.9292657058355468,0.9292657058355468,1.0,1.0,1.0,1.0,1.0,0.9389741259213225,0.9389741259213225,0.9389741259213225,1.0,1.0,1.0,1.0,49.0,0.0,0.0,0.06453852113757223,12.0,0.0,0.0,0.020678215305275124,0.0
gtzan/gtzan_hiphop_00068/track.npy,gtzan,1.0,0.8764187037802953,0.8764187037802953,0.8764187037802953,1.0,1.0,1.0,1.0,1.0,0.87897904983126,0.87897904983126,0.87897904983126,1.0,1.0,1.0,1.0,49.0,0.0,0.0,0.06453852113757473,13.0,0.0,0.0,0.01214634628452227,0.0
gtzan/gtzan_hiphop_00069/track.npy,gtzan,0.9767441860465116,0.7603079621483981,0.7603079621483981,0.7603079621483981,0.9767441860465116,0.9767441860465116,0.9767441860465116,0.9767441860465116,0.0,1.3391196331553308e-172,0.7091348539732991,0.35456742698664956,0.0,0.0,1.0,1.0,51.0,0.0,0.0,0.06899287148695428,12.0,0.0,0.0,0.04255961441879619,0.0
gtzan/gtzan_hiphop_00070/track.npy,gtzan,1.0,0.9168214394804182,0.9168214394804182,0.9168214394804182,1.0,1.0,1.0,1.0,1.0,0.9205767846988561,0.9205767846988561,0.9205767846988561,1.0,1.0,1.0,1.0,49.0,0.0,0.0,0.06393307189069967,12.0,0.0,0.0,0.008032171697264112,0.0
gtzan/gtzan_hiphop_00071/track.npy,gtzan,0.9743589743589743,0.8834306774997901,0.8834306774997901,0.8834306774997901,1.0,1.0,1.0,1.0,1.0,0.8806520275437706,0.8806520275437706,0.8806520275437706,1.0,1.0,1.0,1.0,47.0,0.0,0.0,0.06453852113757234,12.0,0.0,0.0,0.03174869831458105,0.0
gtzan/gtzan_hiphop_00072/track.npy,gtzan,0.975609756097561,0.8269313810148413,0.8269313810148413,0.8269313810148413,1.0,1.0,1.0,1.0,1.0,0.8878494960842982,0.8878494960842982,0.8878494960842982,1.0,1.0,1.0,1.0,49.0,0.0,0.0,0.06669137449866891,12.0,0.0,0.0,0.016393809775677504,0.0
gtzan/gtzan_hiphop_00073/track.npy,gtzan,1.0,0.9101571728184714,0.9101571728184714,0.9101571728184714,1.0,1.0,1.0,1.0,1.0,0.8630796598765416,0.8630796598765416,0.8630796598765416,1.0,1.0,1.0,1.0,47.0,0.0,0.0,0.08680636033232467,12.0,0.0,0.0,0.03077165866675279,0.0
gtzan/gtzan_hiphop_00074/track.npy,gtzan,1.0,0.8331627742215476,0.8331627742215476,0.8331627742215476,1.0,1.0,1.0,1.0,1.0,0.781228759192824,0.781228759192824,0.781228759192824,1.0,1.0,1.0,1.0,49.0,0.0,0.0,0.06669137449867207,12.0,0.0,0.0,0.016529301951210162,0.0
gtzan/gtzan_hiphop_00075/track.npy,gtzan,1.0,0.9140928923373197,0.9140928923373197,0.9140928923373197,1.0,1.0,1.0,1.0,1.0,0.8661121763048958,0.8661121763048958,0.8661121763048958,1.0,1.0,1.0,1.0,46.0,0.0,0.0,0.08761101538382707,11.0,0.0,0.0,0.032258142293896404,0.0
gtzan/gtzan_hiphop_00076/track.npy,gtzan,1.0,0.8801929367303329,0.8801929367303329,0.8801929367303329,1.0,1.0,1.0,1.0,1.0,0.8787043024287341,0.8787043024287341,0.8787043024287341,1.0,1.0,1.0,1.0,49.0,0.0,0.0,0.06453852113757264,12.0,0.0,0.0,0.012616776267101611,0.0
gtzan/gtzan_hiphop_00077/track.npy,gtzan,1.0,0.8351734248051343,0.8351734248051343,0.8351734248051343,1.0,1.0,1.0,1.0,0.0,3.6840694841457053e-32,5.04223123742524e-32,4.3631503607854726e-32,0.0,0.0,0.0,0.0,59.0,0.0,0.0,0.0875907732701095,15.0,0.0,0.0,0.033423566606239075,0.0
gtzan/gtzan_hiphop_00078/track.npy,gtzan,1.0,0.8801929367303329,0.8801929367303329,0.8801929367303329,1.0,1.0,1.0,1.0,1.0,0.8787043024287341,0.8787043024287341,0.8787043024287341,1.0,1.0,1.0,1.0,49.0,0.0,0.0,0.06453852113757264,12.0,0.0,0.0,0.012616776267101611,0.0
gtzan/gtzan_hiphop_00079/track.npy,gtzan,1.0,0.8981963147336599,0.8981963147336599,0.8981963147336599,1.0,1.0,1.0,1.0,1.0,0.9030714213260566,0.9030714213260566,0.9030714213260566,1.0,1.0,1.0,1.0,53.0,0.0,0.0,0.07022591773455056,14.0,0.0,0.0,0.01739174271186903,0.0
gtzan/gtzan_hiphop_00080/track.npy,gtzan,0.6,0.45659197325725365,0.6848879598858805,0.5707399665715671,0.0,0.0,1.0,1.0,0.0,2.927309242415395e-42,4.390963863623092e-42,3.659136553019243e-42,0.0,0.0,1.0,1.0,24.0,0.0,0.0,0.06375110328916361,6.0,0.0,0.0,0.007430968487633237,0.0
gtzan/gtzan_hiphop_00081/track.npy,gtzan,0.988235294117647,0.8467626732621715,0.8467626732621715,0.8467626732621715,0.9767441860465116,0.9767441860465116,0.9767441860465116,0.9767441860465116,1.0,0.855184048177987,0.855184048177987,0.855184048177987,1.0,1.0,1.0,1.0,52.0,0.0,0.0,0.03390155167568665,13.0,0.0,0.0,0.025533302005164682,0.0
gtzan/gtzan_hiphop_00082/track.npy,gtzan,1.0,0.8131496683536035,0.8131496683536035,0.8131496683536035,1.0,1.0,1.0,1.0,1.0,0.7766034132776394,0.7766034132776394,0.7766034132776394,1.0,1.0,1.0,1.0,53.0,0.0,0.0,0.035091319811275556,13.0,0.0,0.0,0.017544309650910306,0.0
gtzan/gtzan_hiphop_00083/track.npy,gtzan,1.0,0.8583620893335123,0.8583620893335123,0.8583620893335123,1.0,1.0,1.0,1.0,1.0,0.8558599801285987,0.8558599801285987,0.8558599801285987,1.0,1.0,1.0,1.0,52.0,0.0,0.0,0.06899287148695299,13.0,0.0,0.0,0.00865806274311498,0.0
gtzan/gtzan_hiphop_00084/track.npy,gtzan,0.9473684210526315,0.7082805865013743,0.7082805865013743,0.7082805865013743,0.9791666666666666,0.9791666666666666,0.9791666666666666,0.9791666666666666,1.0,0.7019139942979279,0.7019139942979279,0.7019139942979279,1.0,1.0,1.0,1.0,57.0,0.0,0.0,0.11332868530699843,14.0,0.0,0.0,0.028437935320534624,0.0
gtzan/gtzan_hiphop_00085/track.npy,gtzan,1.0,0.7893620738953768,0.7893620738953768,0.7893620738953768,1.0,1.0,1.0,1.0,1.0,0.7655715698860224,0.7655715698860224,0.7655715698860224,1.0,1.0,1.0,1.0,55.0,0.0,0.0,0.07410797215372256,14.0,0.0,0.0,0.018349138668196097,0.0
gtzan/gtzan_hiphop_00086/track.npy,gtzan,1.0,0.8964623372063405,0.8964623372063405,0.8964623372063405,1.0,1.0,1.0,1.0,1.0,0.851734300313945,0.851734300313945,0.851734300313945,1.0,1.0,1.0,1.0,49.0,0.0,0.0,0.0666913744986758,12.0,0.0,0.0,0.032789822822990325,0.0
gtzan/gtzan_hiphop_00087/track.npy,gtzan,1.0,0.9007075601581196,0.9007075601581196,0.9007075601581196,1.0,1.0,1.0,1.0,1.0,0.9430498110918856,0.9430498110918856,0.9430498110918856,1.0,1.0,1.0,1.0,51.0,0.0,0.0,0.0689928714869561,13.0,0.0,0.0,0.025317807984289287,0.0
gtzan/gtzan_hiphop_00088/track.npy,gtzan,1.0,0.8878148823282742,0.8878148823282742,0.8878148823282742,1.0,1.0,1.0,1.0,1.0,0.8756228458640808,0.8756228458640808,0.8756228458640808,1.0,1.0,1.0,1.0,58.0,0.0,0.0,0.07696104113612845,14.0,0.0,0.0,0.023724338814369538,0.0
gtzan/gtzan_hiphop_00089/track.npy,gtzan,0.9904761904761905,0.8934397421425984,0.8934397421425984,0.8934397421425984,0.9811320754716981,0.9811320754716981,0.9811320754716981,0.9811320754716981,1.0,0.9241394466620749,0.9241394466620749,0.9241394466620749,1.0,1.0,1.0,1.0,64.0,0.0,0.0,0.08134050921303672,16.0,0.0,0.0,0.021053409197830948,0.0
gtzan/gtzan_hiphop_00090/track.npy,gtzan,1.0,0.9314583302584216,0.9314583302584216,0.9314583302584216,1.0,1.0,1.0,1.0,1.0,0.9316104155023796,0.9316104155023796,0.9316104155023796,1.0,1.0,1.0,1.0,58.0,0.0,0.0,0.07696104113612678,15.0,0.0,0.0,0.01923136192788668,0.0
gtzan/gtzan_hiphop_00091/track.npy,gtzan,1.0,0.7911823674994926,0.7911823674994926,0.7911823674994926,1.0,1.0,1.0,1.0,1.0,0.7369147153619554,0.7369147153619554,0.7369147153619554,1.0,1.0,1.0,1.0,51.0,0.0,0.0,0.0689928714869561,13.0,0.0,0.0,0.02960967982998558,0.0
gtzan/gtzan_hiphop_00092/track.npy,gtzan,1.0,0.8291474567440288,0.8291474567440288,0.8291474567440288,1.0,1.0,1.0,1.0,1.0,0.8001039807613801,0.8001039807613801,0.8001039807613801,1.0,1.0,1.0,1.0,57.0,0.0,0.0,0.0769610411361286,14.0,0.0,0.0,0.02327357812812193,0.0
gtzan/gtzan_hiphop_00093/track.npy,gtzan,1.0,0.9214030214289031,0.9214030214289031,0.9214030214289031,1.0,1.0,1.0,1.0,1.0,0.9336273498965495,0.9336273498965495,0.9336273498965495,1.0,1.0,1.0,1.0,59.0,0.0,0.0,0.08004270767353472,15.0,0.0,0.0,0.02347323575307226,0.0
gtzan/gtzan_hiphop_00094/track.npy,gtzan,0.6451612903225807,0.546808837694827,0.8267164423400576,0.6867626400174422,0.0,0.0,0.967741935483871,0.967741935483871,0.5833333333333334,0.4594097721304298,0.7270602060511964,0.5932349890908131,0.0,0.0,0.9375,0.9375,75.0,0.0,0.0,0.10008345855698919,19.0,0.0,0.0,0.039695666903700424,0.0
gtzan/gtzan_hiphop_00095/track.npy,gtzan,1.0,0.875882149599661,0.875882149599661,0.875882149599661,1.0,1.0,1.0,1.0,1.0,0.8337910393678053,0.8337910393678053,0.8337910393678053,1.0,1.0,1.0,1.0,55.0,0.0,0.0,0.07410797215372356,14.0,0.0,0.0,0.018519047767237118,0.0
gtzan/gtzan_hiphop_00096/track.npy,gtzan,0.989010989010989,0.8217093701939061,0.8217093701939061,0.8217093701939061,0.9782608695652174,0.9782608695652174,0.9782608695652174,0.9782608695652174,0.9565217391304348,0.7627404710500257,0.7627404710500257,0.7627404710500257,0.9166666666666666,0.9166666666666666,0.9166666666666666,0.9166666666666666,55.0,0.0,0.0,0.07410797215372678,14.0,0.0,0.0,0.04567003683318738,0.0
gtzan/gtzan_hiphop_00097/track.npy,gtzan,0.9894736842105264,0.7538273209138469,0.7538273209138469,0.7538273209138469,0.9791666666666666,0.9791666666666666,0.9791666666666666,0.9791666666666666,0.9565217391304348,0.7527126125266467,0.7527126125266467,0.7527126125266467,0.9166666666666666,0.9166666666666666,0.9166666666666666,0.9166666666666666,57.0,0.0,0.0,0.07696104113613,15.0,0.0,0.0,0.04572752383796712,0.0
gtzan/gtzan_hiphop_00098/track.npy,gtzan,1.0,0.8391569035628911,0.8391569035628911,0.8391569035628911,1.0,1.0,1.0,1.0,1.0,0.7625316029253676,0.7625316029253676,0.7625316029253676,1.0,1.0,1.0,1.0,54.0,0.0,0.0,0.07145896398214668,14.0,0.0,0.0,0.02643325706815347,0.0
gtzan/gtzan_hiphop_00099/track.npy,gtzan,0.989010989010989,0.8005917655004428,0.8005917655004428,0.8005917655004428,0.9782608695652174,0.9782608695652174,0.9782608695652174,0.9782608695652174,0.0,1.622569241979334e-153,0.6497556589801536,0.3248778294900768,0.0,0.0,0.8333333333333334,0.8333333333333334,55.0,0.0,0.0,0.07410797215372092,14.0,0.0,0.0,0.018092221613909963,0.0
gtzan/gtzan_jazz_00000/track.npy,gtzan,0.6055045871559632,0.4423956863681134,0.4423956863681134,0.4423956863681134,0.5357142857142857,0.5892857142857143,0.5357142857142857,0.5892857142857143,0.07407407407407408,0.04605116649979143,0.06531407121524274,0.05568261885751709,0.0,0.0,0.21428571428571427,0.21428571428571427,70.0,0.0,0.0,0.11122563511022346,18.0,0.0,0.0,0.0828679749862664,0.0
gtzan/gtzan_jazz_00001/track.npy,gtzan,0.41379310344827586,0.261834927036438,0.39146414397725476,0.3266495355068464,0.0,0.0,0.25862068965517243,0.5862068965517241,0.14814814814814814,0.09832366949368589,0.12235119575853733,0.1103374326261116,0.0,0.0,0.0,0.0,69.0,0.0,0.0,0.09531017980432721,23.0,0.0,0.0,0.05971923470162227,0.0
gtzan/gtzan_jazz_00002/track.npy,gtzan,0.3225806451612903,0.27289512786094783,0.35991718088018937,0.3164061543705686,0.0,0.0,0.5238095238095238,0.5238095238095238,0.0,5.677665288129107e-50,0.1375567418777914,0.0687783709388957,0.0,0.0,0.6,0.6,25.0,0.0,0.0,0.11409264125393262,6.0,0.0,0.0,0.029192676756716596,0.0
gtzan/gtzan_jazz_00004/track.npy,gtzan,0.26666666666666666,0.19376399636786065,0.2724805702071777,0.23312228328751916,0.0,0.0,0.0,0.0,0.28571428571428575,0.16090887624382605,0.22527242674135647,0.19309065149259125,0.0,0.0,0.0,0.0,23.0,0.0,0.0,0.06252035698133543,7.0,0.0,0.0,0.024164873903285453,0.0
gtzan/gtzan_jazz_00005/track.npy,gtzan,0.711111111111111,0.6481635119806822,0.6481635119806822,0.6481635119806822,0.717391304347826,0.717391304347826,0.717391304347826,0.717391304347826,0.23076923076923075,0.19895969934785812,0.2722606412128585,0.2356101702803583,0.0,0.0,0.0,0.0,56.0,0.0,0.0,0.07338469098604222,14.0,0.0,0.0,0.02826938111148609,0.0
gtzan/gtzan_jazz_00006/track.npy,gtzan,1.0,0.8184972720871412,0.8184972720871412,0.8184972720871412,1.0,1.0,1.0,1.0,0.0,3.681007725062795e-102,0.7998023696294694,0.3999011848147347,0.0,0.0,0.9285714285714286,0.9285714285714286,67.0,0.0,0.0,0.0870113769896315,17.0,0.0,0.0,0.036542073893080416,0.0
gtzan/gtzan_jazz_00007/track.npy,gtzan,0.5974025974025974,0.5328463139573553,0.8058420096958251,0.6693441618265902,0.0,0.0,0.7058823529411765,0.9411764705882353,0.7000000000000001,0.593756739040928,0.8924346048759152,0.7430956719584216,0.0,0.0,1.0,1.0,61.0,0.0,0.0,0.08338160893905114,15.0,0.0,0.0,0.03479179300815439,0.0
gtzan/gtzan_jazz_00008/track.npy,gtzan,1.0,0.8762776574090192,0.8762776574090192,0.8762776574090192,1.0,1.0,1.0,1.0,0.0,4.098397778790289e-151,0.9328239372693763,0.46641196863468815,0.0,0.0,1.0,1.0,55.0,0.0,0.0,0.07251856725077523,14.0,0.0,0.0,0.02739897418811421,0.0
gtzan/gtzan_jazz_00011/track.npy,gtzan,1.0,0.8603229607302755,0.8603229607302755,0.8603229607302755,0.6190476190476191,0.9523809523809523,0.6190476190476191,0.9523809523809523,1.0,0.8626984200229215,0.8626984200229215,0.8626984200229215,1.0,1.0,1.0,1.0,101.0,0.0,0.0,0.06899287148693789,25.0,0.0,0.0,0.050357333021081654,0.0
gtzan/gtzan_jazz_00012/track.npy,gtzan,1.0,0.819382113617958,0.819382113617958,0.819382113617958,1.0,1.0,1.0,1.0,1.0,0.8133822239454226,0.8133822239454226,0.8133822239454226,1.0,1.0,1.0,1.0,57.0,0.0,0.0,0.07696104113612702,14.0,0.0,0.0,0.023153401868895255,0.0
gtzan/gtzan_jazz_00013/track.npy,gtzan,0.34328358208955223,0.27972580454411033,0.3680776690507697,0.32390173679744005,0.0410958904109589,0.2328767123287671,0.0410958904109589,0.2328767123287671,0.10256410256410256,0.09140834150059728,0.12336117382193687,0.10738475766126707,0.2,0.35,0.21052631578947367,0.35,86.0,0.0,0.0,0.11778303565638563,22.0,0.0,0.0,0.07198250884994571,0.0
gtzan/gtzan_jazz_00015/track.npy,gtzan,0.34710743801652894,0.24298209077947724,0.3453894851551541,0.29418578796731565,0.0,0.0,0.0,0.0,0.24390243902439027,0.1691525070099585,0.21015917537600906,0.1896558411929838,0.0,0.0,0.04,0.04,88.0,0.0,0.0,0.1177830356563836,30.0,0.0,0.0,0.031007746145888193,0.0
gtzan/gtzan_jazz_00016/track.npy,gtzan,0.35555555555555557,0.3050227602271388,0.4575341403407082,0.3812784502839235,0.0,0.0,0.875,0.875,0.0,4.323269819750647e-72,6.244723072973157e-72,5.283996446361902e-72,0.0,0.0,0.0,0.0,19.0,0.0,0.0,0.07723920810323084,6.0,0.0,0.0,0.06965024933377764,0.0
gtzan/gtzan_jazz_00017/track.npy,gtzan,0.6506024096385542,0.4895725374098153,0.4895725374098153,0.4895725374098153,0.20224719101123595,0.38202247191011235,0.20224719101123595,0.38202247191011235,0.4878048780487805,0.4183068498728211,0.4183068498728211,0.4183068498728211,0.22727272727272727,0.4090909090909091,0.22727272727272727,0.4090909090909091,94.0,0.0,0.0,0.11122563511022629,23.0,0.0,0.0,0.1397619423751598,0.0
gtzan/gtzan_jazz_00019/track.npy,gtzan,0.5866666666666667,0.40854096985425425,0.40854096985425425,0.40854096985425425,0.5789473684210527,0.868421052631579,0.5789473684210527,0.868421052631579,0.7199999999999999,0.4562845579361586,0.4562845579361586,0.4562845579361586,0.9230769230769231,0.9230769230769231,0.9230769230769231,0.9230769230769231,45.0,0.0,0.0,0.09209720398688279,15.0,0.0,0.0,0.05942342047080116,0.0
gtzan/gtzan_jazz_00021/track.npy,gtzan,0.2950819672131148,0.25205627317021123,0.34977173993370825,0.30091400655195977,0.014084507042253521,0.014084507042253521,0.014084507042253521,0.014084507042253521,0.16666666666666669,0.11585334160344386,0.13559545822752064,0.12572439991548226,0.0,0.0,0.28,0.4,85.0,0.0,0.0,0.11778303565638115,28.0,0.0,0.0,0.03922071315328175,0.0
gtzan/gtzan_jazz_00022/track.npy,gtzan,0.826923076923077,0.5484997916271017,0.5484997916271017,0.5484997916271017,0.3584905660377358,0.8490566037735849,0.3584905660377358,0.8490566037735849,0.38461538461538464,0.36167066738581305,0.37847889951162345,0.37007478344871825,0.5384615384615384,0.5384615384615384,0.5384615384615384,0.5384615384615384,62.0,0.0,0.0,0.08356309734158524,16.0,0.0,0.0,0.19135298167977954,0.0
gtzan/gtzan_jazz_00023/track.npy,gtzan,0.8333333333333334,0.6521668512357055,0.6521668512357055,0.6521668512357055,0.8611111111111112,0.8611111111111112,0.8611111111111112,0.8611111111111112,0.7777777777777778,0.5169436204963758,0.5169436204963758,0.5169436204963758,1.0,1.0,1.0,1.0,43.0,0.0,0.0,0.11778303565638226,10.0,0.0,0.0,0.06122018812949482,0.0
gtzan/gtzan_jazz_00024/track.npy,gtzan,0.35398230088495575,0.23911697491538353,0.32595932092212065,0.2825381479187521,0.0,0.0,0.011235955056179775,0.02247191011235955,0.5294117647058824,0.3140352950669869,0.4681961023182058,0.3911156986925963,0.0,0.0,0.9130434782608695,0.9130434782608695,82.0,0.0,0.0,0.11122563511022432,27.0,0.0,0.0,0.05066203135228928,0.0
gtzan/gtzan_jazz_00025/track.npy,gtzan,0.6299212598425197,0.43796317131554036,0.6621585628582276,0.550060867086884,0.0,0.0,1.0,1.0,0.0,2.512004088393744e-13,1.038170284223634e-07,5.190863981138612e-08,0.0,0.0,1.0,1.0,51.0,0.0,0.0,0.08666119228273293,13.0,0.0,0.0,0.033901551675681096,0.0
gtzan/gtzan_jazz_00026/track.npy,gtzan,0.14285714285714288,0.08439996814577296,0.1069597637751526,0.09567986596046277,0.0,0.0,0.1,0.15,0.25,0.13913441080582278,0.2023773248084695,0.17075586780714613,0.0,0.0,0.6666666666666666,0.6666666666666666,19.0,0.0,0.0,0.14693988825143764,7.0,0.0,0.0,0.09737085021436166,0.0
gtzan/gtzan_jazz_00027/track.npy,gtzan,0.2677165354330709,0.17546580470629058,0.3519043046760226,0.26368505469115655,0.029850746268656716,0.11940298507462686,0.22388059701492538,0.34328358208955223,0.10526315789473685,0.0770108907523983,0.08168590240831361,0.07934839658035595,0.0,0.0,0.0,0.0,79.0,0.0,0.0,0.11778303565638115,27.0,0.0,0.0,0.07780715430088528,0.0
gtzan/gtzan_jazz_00028/track.npy,gtzan,0.46846846846846846,0.3930814695417736,0.3930814695417736,0.3930814695417736,0.0,0.0,0.0,0.0,0.5,0.3825889490281115,0.3825889490281115,0.3825889490281115,0.0,0.0,0.0,0.0,34.0,0.0,0.0,0.07721418247806675,8.0,0.0,0.0,0.021033012132479323,0.0
gtzan/gtzan_jazz_00029/track.npy,gtzan,0.4242424242424243,0.3068995140671645,0.4219066417935768,0.36440307793037063,0.0,0.0,0.010869565217391304,0.043478260869565216,0.0,5.4715585869580565e-05,0.294269693671906,0.14716220462888777,0.041666666666666664,0.041666666666666664,0.75,0.75,87.0,0.0,0.0,0.11778303565639008,29.0,0.0,0.0,0.05177710363395113,0.0
gtzan/gtzan_jazz_00030/track.npy,gtzan,0.12698412698412698,0.07263407672515795,0.15298575867237246,0.11280991769876521,0.0,0.0,0.23809523809523808,0.38095238095238093,0.125,0.03907572282003387,0.05683740721811928,0.04795656501907657,0.0,0.0,0.0,0.0,24.0,0.0,0.0,0.11242374522096887,8.0,0.0,0.0,0.09943932033906289,0.0
gtzan/gtzan_jazz_00031/track.npy,gtzan,0.631578947368421,0.4897640968589383,0.4897640968589383,0.4897640968589383,0.058823529411764705,0.058823529411764705,0.2328767123287671,0.4657534246575342,0.23728813559322035,0.18583968698476236,0.2226298271294949,0.20423475705712862,0.0,0.0,0.0,0.0,87.0,0.0,0.0,0.11778303565638115,29.0,0.0,0.0,0.052554449632767355,0.0
gtzan/gtzan_jazz_00032/track.npy,gtzan,0.1388888888888889,0.13966923433764183,0.13966923433764183,0.13966923433764183,0.0,0.0,0.0,0.0,0.21052631578947367,0.20786239201287804,0.20786239201287804,0.20786239201287804,0.0,0.0,0.16666666666666666,0.16666666666666666,22.0,0.0,0.0,0.10900575751529384,7.0,0.0,0.0,0.11026647880877122,0.0
gtzan/gtzan_jazz_00033/track.npy,gtzan,1.0,0.8571103655723823,0.8571103655723823,0.8571103655723823,1.0,1.0,1.0,1.0,0.0,2.506799358069135e-205,0.7876461483923588,0.3938230741961794,0.0,0.0,0.9,0.9,47.0,0.0,0.0,0.06413488830632402,12.0,0.0,0.0,0.035696567850301855,0.0
gtzan/gtzan_jazz_00034/track.npy,gtzan,0.5046728971962617,0.43459914564173485,0.43459914564173485,0.43459914564173485,0.0,0.0,0.0,0.0,0.5185185185185185,0.4484735137482629,0.4484735137482629,0.4484735137482629,0.0,0.0,0.0,0.0,33.0,0.0,0.0,0.06595796779179991,9.0,0.0,0.0,0.020013881070749945,0.0
gtzan/gtzan_jazz_00035/track.npy,gtzan,0.6590909090909091,0.4917608702732015,0.7236298589105087,0.607695364591855,0.0,0.0,0.9661016949152542,0.9661016949152542,0.0,1.455973323872404e-90,9.651452118692294e-85,4.8257333392127663e-85,0.0,0.0,0.0,0.0,71.0,0.0,0.0,0.09531017980433143,17.0,0.0,0.0,0.038974935177233716,0.0
gtzan/gtzan_jazz_00036/track.npy,gtzan,0.4743589743589744,0.2402135891146034,0.3568674421284412,0.2985405156215223,0.0,0.0,0.1346153846153846,0.20192307692307693,0.0,0.0018206180479864414,0.002141763436606635,0.0019811907422965383,0.0,0.0,0.07692307692307693,0.19230769230769232,125.0,0.0,0.0,1.4876988529977098e-14,31.0,0.0,0.0,0.03451243084297583,0.0
gtzan/gtzan_jazz_00037/track.npy,gtzan,1.0,0.9343260036573521,0.9343260036573521,0.9343260036573521,1.0,1.0,1.0,1.0,1.0,0.9744376849488656,0.9744376849488656,0.9744376849488656,1.0,1.0,1.0,1.0,49.0,0.0,0.0,0.06669137449866891,12.0,0.0,0.0,0.029146078218310802,0.0
gtzan/gtzan_jazz_00038/track.npy,gtzan,1.0,0.8403994989674181,0.8403994989674181,0.8403994989674181,1.0,1.0,1.0,1.0,1.0,0.862040821281549,0.862040821281549,0.862040821281549,1.0,1.0,1.0,1.0,75.0,0.0,0.0,0.10008345855698497,19.0,0.0,0.0,0.019821058599372506,0.0
gtzan/gtzan_jazz_00039/track.npy,gtzan,0.4954128440366972,0.4670793296249836,0.4670793296249836,0.4670793296249836,0.0,0.0,0.0,0.0,0.0,9.06480303004162e-49,0.449678931514887,0.2248394657574435,0.0,0.0,0.0,0.0,33.0,0.0,0.0,0.05520486518131608,9.0,0.0,0.0,0.009378725059997324,0.0
gtzan/gtzan_jazz_00040/track.npy,gtzan,1.0,0.7952109536298044,0.7952109536298044,0.7952109536298044,1.0,1.0,1.0,1.0,1.0,0.7550107907277793,0.7550107907277793,0.7550107907277793,1.0,1.0,1.0,1.0,50.0,0.0,0.0,0.06669137449867514,12.0,0.0,0.0,0.021371459864463697,0.0
gtzan/gtzan_jazz_00041/track.npy,gtzan,0.5094339622641509,0.42001758389026866,0.42001758389026866,0.42001758389026866,0.0,0.0,0.0,0.0,0.0,4.039664815968271e-12,4.039664815968271e-12,4.039664815968271e-12,0.0,0.0,0.0,0.0,32.0,0.0,0.0,0.0942730539519497,8.0,0.0,0.0,0.018216261936019384,0.0
gtzan/gtzan_jazz_00042/track.npy,gtzan,0.967741935483871,0.7391151476840172,0.7391151476840172,0.7391151476840172,1.0,1.0,1.0,1.0,0.33333333333333326,0.3293793961035008,0.40431628349259324,0.366847839798047,0.0,0.0,0.0,0.0,37.0,0.0,0.0,0.09914317491276702,13.0,0.0,0.0,0.028979206941306623,0.0
gtzan/gtzan_jazz_00043/track.npy,gtzan,0.859375,0.643633617109736,0.643633617109736,0.643633617109736,0.453125,0.84375,0.453125,0.84375,0.8125,0.6134515092531432,0.6134515092531432,0.6134515092531432,1.0,1.0,1.0,1.0,77.0,0.0,0.0,0.10536051565782618,19.0,0.0,0.0,0.06371581438610757,0.0
gtzan/gtzan_jazz_00044/track.npy,gtzan,1.0,0.8365277274914558,0.8365277274914558,0.8365277274914558,1.0,1.0,1.0,1.0,1.0,0.8196222672679322,0.8196222672679322,0.8196222672679322,1.0,1.0,1.0,1.0,52.0,0.0,0.0,0.0689928714869561,13.0,0.0,0.0,0.03482527495296078,0.0
gtzan/gtzan_jazz_00045/track.npy,gtzan,0.8709677419354839,0.7791716906307267,0.7791716906307267,0.7791716906307267,0.967741935483871,0.967741935483871,0.967741935483871,0.967741935483871,0.75,0.7613382092823199,0.7613382092823199,0.7613382092823199,1.0,1.0,1.0,1.0,38.0,0.0,0.0,0.08413469461730758,9.0,0.0,0.0,0.031732775945311015,0.0
gtzan/gtzan_jazz_00046/track.npy,gtzan,1.0,0.8960481143626873,0.8960481143626873,0.8960481143626873,1.0,1.0,1.0,1.0,1.0,0.9079514783630828,0.9079514783630828,0.9079514783630828,1.0,1.0,1.0,1.0,108.0,0.0,0.0,1.2656542480726785e-14,27.0,0.0,0.0,0.029094115336702385,0.0
gtzan/gtzan_jazz_00047/track.npy,gtzan,0.5,0.43288953133521757,0.43288953133521757,0.43288953133521757,0.0,0.0,0.0,0.0,0.4827586206896552,0.4108666017199038,0.41128202945607106,0.41107431558798746,0.0,0.0,0.0,0.0,35.0,0.0,0.0,0.09309042306601202,8.0,0.0,0.0,0.03504560493042613,0.0
gtzan/gtzan_jazz_00048/track.npy,gtzan,1.0,0.8037622700378715,0.8037622700378715,0.8037622700378715,1.0,1.0,1.0,1.0,1.0,0.7788372152054842,0.7788372152054842,0.7788372152054842,1.0,1.0,1.0,1.0,65.0,0.0,0.0,0.08701137698962978,17.0,0.0,0.0,0.055880458394455435,0.0
gtzan/gtzan_jazz_00049/track.npy,gtzan,0.10256410256410256,0.0907391903855907,0.2373898192957189,0.1640645048406548,0.0,0.0,0.14285714285714285,0.23809523809523808,0.1818181818181818,0.13465213657394873,0.22874559019402047,0.1816988633839846,0.16666666666666666,0.16666666666666666,0.3333333333333333,0.3333333333333333,26.0,0.0,0.0,0.09326828169716843,7.0,0.0,0.0,0.06634921663739694,0.0
gtzan/gtzan_jazz_00050/track.npy,gtzan,0.8333333333333334,0.694930152220673,0.694930152220673,0.694930152220673,0.6666666666666666,0.8181818181818182,0.6666666666666666,0.8181818181818182,0.2105263157894737,0.16637396927932568,0.23415595401974387,0.20026496164953478,0.0,0.0,0.0,0.0,79.0,0.0,0.0,0.105360515657825,20.0,0.0,0.0,0.04070129619319349,0.0
gtzan/gtzan_jazz_00051/track.npy,gtzan,1.0,0.8502112095005833,0.8502112095005833,0.8502112095005833,1.0,1.0,1.0,1.0,0.0,2.506799358069135e-205,0.7876461483923588,0.3938230741961794,0.0,0.0,0.9,0.9,47.0,0.0,0.0,0.06413488830632402,12.0,0.0,0.0,0.03580560589299667,0.0
gtzan/gtzan_jazz_00052/track.npy,gtzan,0.9887640449438202,0.8932354114482753,0.8932354114482753,0.8932354114482753,0.9777777777777777,0.9777777777777777,0.9777777777777777,0.9777777777777777,1.0,0.9475372195091315,0.9475372195091315,0.9475372195091315,1.0,1.0,1.0,1.0,54.0,0.0,0.0,0.07145896398214734,13.0,0.0,0.0,0.030646846102647285,0.0
gtzan/gtzan_jazz_00053/track.npy,gtzan,0.5046728971962617,0.42455877935556746,0.42455877935556746,0.42455877935556746,0.0,0.0,0.0,0.0,0.5185185185185185,0.3921191986175344,0.3921191986175344,0.3921191986175344,0.0,0.0,0.0,0.0,33.0,0.0,0.0,0.0755578880660539,9.0,0.0,0.0,0.030835271960545047,0.0
gtzan/gtzan_jazz_00054/track.npy,gtzan,0.7789473684210527,0.6743754208645584,0.6743754208645584,0.6743754208645584,0.6078431372549019,0.6078431372549019,0.6078431372549019,0.6078431372549019,0.7500000000000001,0.6751119066056647,0.6751119066056647,0.6751119066056647,0.6153846153846154,0.6153846153846154,0.6153846153846154,0.6153846153846154,61.0,0.0,0.0,0.1114359401299086,16.0,0.0,0.0,0.17737612760063953,0.0
gtzan/gtzan_jazz_00055/track.npy,gtzan,0.6590909090909091,0.4914013082451074,0.719731810695605,0.6055665594703562,0.0,0.0,0.6949152542372882,0.9491525423728814,0.6666666666666666,0.48394657722486917,0.6969669958034909,0.59045678651418,0.0,0.0,0.9285714285714286,0.9285714285714286,71.0,0.0,0.0,0.09531017980433143,17.0,0.0,0.0,0.038974935177233716,0.0
gtzan/gtzan_jazz_00056/track.npy,gtzan,0.3305785123966942,0.23673705260346506,0.3436094836792368,0.2901732681413509,0.028985507246376812,0.07246376811594203,0.028985507246376812,0.08695652173913043,0.06451612903225808,0.04860271970820044,0.06026737242240693,0.05443504606530368,0.0,0.0,0.05555555555555555,0.05555555555555555,83.0,0.0,0.0,0.10536051565782856,21.0,0.0,0.0,0.06788270985983391,0.0
gtzan/gtzan_jazz_00057/track.npy,gtzan,0.9873417721518987,0.8501505959377851,0.8501505959377851,0.8501505959377851,0.975,0.975,0.975,0.975,1.0,0.8804878602477126,0.8804878602477126,0.8804878602477126,1.0,1.0,1.0,1.0,48.0,0.0,0.0,0.0876172651376339,12.0,0.0,0.0,0.028081751266753538,0.0
gtzan/gtzan_jazz_00058/track.npy,gtzan,0.6666666666666666,0.5703039345436041,0.8507322734311031,0.7105181039873536,0.0,0.0,0.7403846153846154,0.9711538461538461,0.6666666666666666,0.5743243313886086,0.8479536225152514,0.7111389769519301,0.0,0.0,0.9615384615384616,0.9615384615384616,125.0,0.0,0.0,1.4876988529977098e-14,31.0,0.0,0.0,0.03451243084297583,0.0
gtzan/gtzan_jazz_00059/track.npy,gtzan,1.0,0.8978322012655487,0.8978322012655487,0.8978322012655487,1.0,1.0,1.0,1.0,1.0,0.9099586500449145,0.9099586500449145,0.9099586500449145,1.0,1.0,1.0,1.0,54.0,0.0,0.0,0.07145896398214968,14.0,0.0,0.0,0.02973717343378688,0.0
gtzan/gtzan_jazz_00060/track.npy,gtzan,1.0,0.9348639574013003,0.9348639574013003,0.9348639574013003,1.0,1.0,1.0,1.0,1.0,0.9744376849488656,0.9744376849488656,0.9744376849488656,1.0,1.0,1.0,1.0,49.0,0.0,0.0,0.06669137449866891,12.0,0.0,0.0,0.029146078218310802,0.0
gtzan/gtzan_jazz_00061/track.npy,gtzan,0.9395973154362416,0.810040386740105,0.810040386740105,0.810040386740105,0.36,0.8666666666666667,0.36,0.8666666666666667,0.9387755102040817,0.826896579314853,0.826896579314853,0.826896579314853,0.96,0.96,0.96,0.96,90.0,0.0,0.0,0.11778303565638518,30.0,0.0,0.0,0.04082199452025424,0.0
gtzan/gtzan_jazz_00062/track.npy,gtzan,1.0,0.8570589216832256,0.8570589216832256,0.8570589216832256,1.0,1.0,1.0,1.0,1.0,0.8752070969525404,0.8752070969525404,0.8752070969525404,1.0,1.0,1.0,1.0,75.0,0.0,0.0,0.10008345855698667,19.0,0.0,0.0,0.024513422940410656,0.0
gtzan/gtzan_jazz_00063/track.npy,gtzan,0.5113636363636364,0.3535485333261064,0.4320027371860498,0.3927756352560781,0.0,0.0,0.0,0.0,0.12244897959183673,0.09630509167699183,0.2062913386524566,0.15129821516472422,0.2,0.2,0.5,0.5,89.0,0.0,0.0,0.11778303565638337,29.0,0.0,0.0,0.05468383362758096,0.0
gtzan/gtzan_jazz_00064/track.npy,gtzan,0.49122807017543857,0.42663997940012677,0.42663997940012677,0.42663997940012677,0.0,0.0,0.0,0.0,0.5,0.39273125073823384,0.39273125073823384,0.39273125073823384,0.0,0.0,0.0,0.0,35.0,0.0,0.0,0.06806191707209977,9.0,0.0,0.0,0.0305110357481489,0.0
gtzan/gtzan_jazz_00065/track.npy,gtzan,0.4954128440366972,0.4670793296249836,0.4670793296249836,0.4670793296249836,0.0,0.0,0.0,0.0,0.0,9.06480303004162e-49,0.449678931514887,0.2248394657574435,0.0,0.0,0.0,0.0,33.0,0.0,0.0,0.05520486518131608,9.0,0.0,0.0,0.009378725059997324,0.0
gtzan/gtzan_jazz_00066/track.npy,gtzan,0.625,0.4806478401879176,0.7274670012103601,0.6040574206991389,0.0,0.0,1.0,1.0,0.6666666666666666,0.46426666520164195,0.6963999978024629,0.5803333315020525,0.0,0.0,1.0,1.0,45.0,0.0,0.0,0.1213608570042648,11.0,0.0,0.0,0.022406016516954397,0.0
gtzan/gtzan_jazz_00067/track.npy,gtzan,1.0,0.7686714228097751,0.7686714228097751,0.7686714228097751,1.0,1.0,1.0,1.0,1.0,0.7550107907277793,0.7550107907277793,0.7550107907277793,1.0,1.0,1.0,1.0,50.0,0.0,0.0,0.06669137449867565,12.0,0.0,0.0,0.021371459864463697,0.0
gtzan/gtzan_jazz_00068/track.npy,gtzan,0.967741935483871,0.7502117172740691,0.7502117172740691,0.7502117172740691,1.0,1.0,1.0,1.0,0.33333333333333326,0.3293793961035008,0.40518995661952867,0.36728467636151474,0.0,0.0,0.0,0.0,37.0,0.0,0.0,0.08248167575371962,13.0,0.0,0.0,0.028979206941306623,0.0
gtzan/gtzan_jazz_00069/track.npy,gtzan,0.96875,0.7744344255636678,0.7744344255636678,0.7744344255636678,0.890625,0.96875,0.890625,0.96875,1.0,0.7469683756728751,0.7469683756728751,0.7469683756728751,1.0,1.0,1.0,1.0,77.0,0.0,0.0,0.10536051565782856,19.0,0.0,0.0,0.05225736714088363,0.0
gtzan/gtzan_jazz_00070/track.npy,gtzan,1.0,0.8264611673234309,0.8264611673234309,0.8264611673234309,1.0,1.0,1.0,1.0,1.0,0.7929526332022608,0.7929526332022608,0.7929526332022608,1.0,1.0,1.0,1.0,52.0,0.0,0.0,0.0689928714869554,13.0,0.0,0.0,0.03482527495296078,0.0
gtzan/gtzan_jazz_00071/track.npy,gtzan,0.9032258064516129,0.7920770796581712,0.7920770796581712,0.7920770796581712,0.967741935483871,0.967741935483871,0.967741935483871,0.967741935483871,0.875,0.7902955416732079,0.7902955416732079,0.7902955416732079,1.0,1.0,1.0,1.0,38.0,0.0,0.0,0.07457745585976983,9.0,0.0,0.0,0.022930817862492844,0.0
gtzan/gtzan_jazz_00072/track.npy,gtzan,1.0,0.8960481143626873,0.8960481143626873,0.8960481143626873,1.0,1.0,1.0,1.0,1.0,0.9079514783630828,0.9079514783630828,0.9079514783630828,1.0,1.0,1.0,1.0,108.0,0.0,0.0,1.2656542480726785e-14,27.0,0.0,0.0,0.029094115336702385,0.0
gtzan/gtzan_jazz_00073/track.npy,gtzan,0.5238095238095238,0.3679592978961755,0.42431156123508323,0.39613542956562936,0.010416666666666666,0.010416666666666666,0.010416666666666666,0.010416666666666666,0.375,0.26766568817259095,0.26766568817259095,0.26766568817259095,0.5416666666666666,0.5833333333333334,0.5416666666666666,0.5833333333333334,87.0,0.0,0.0,0.11778303565638412,29.0,0.0,0.0,0.03922071315328107,0.0
gtzan/gtzan_jazz_00074/track.npy,gtzan,0.9705882352941176,0.8537821593976688,0.8537821593976688,0.8537821593976688,1.0,1.0,1.0,1.0,1.0,0.8837396140143468,0.8837396140143468,0.8837396140143468,1.0,1.0,1.0,1.0,41.0,0.0,0.0,0.08247002721607981,10.0,0.0,0.0,0.027398974188112657,0.0
gtzan/gtzan_jazz_00075/track.npy,gtzan,0.564885496183206,0.3866713866543937,0.575610608148121,0.4811409974012574,0.0,0.0,1.0,1.0,0.6060606060606061,0.41731338786637034,0.6259700817995555,0.5216417348329629,0.0,0.0,1.0,1.0,53.0,0.0,0.0,0.070225917734549,13.0,0.0,0.0,0.03464134227977439,0.0
gtzan/gtzan_jazz_00076/track.npy,gtzan,0.6493506493506493,0.49525568319262014,0.7363116497511821,0.6157836664719012,0.0,0.0,0.9423076923076923,0.9423076923076923,0.631578947368421,0.5373612954416083,0.7913227912640961,0.6643420433528522,0.0,0.0,0.8461538461538461,0.8461538461538461,63.0,0.0,0.0,0.08338160893905311,16.0,0.0,0.0,0.03469434991163844,0.0
gtzan/gtzan_jazz_00077/track.npy,gtzan,0.6081081081081082,0.39337072043074445,0.39337072043074445,0.39337072043074445,0.15584415584415584,0.4025974025974026,0.15584415584415584,0.4025974025974026,0.23809523809523808,0.1559903453305161,0.20828847017429794,0.182139407752407,0.08695652173913043,0.21739130434782608,0.08695652173913043,0.21739130434782608,85.0,0.0,0.0,0.11712729560176566,28.0,0.0,0.0,0.056891177042724485,0.0
gtzan/gtzan_jazz_00078/track.npy,gtzan,1.0,0.834285631730226,0.834285631730226,0.834285631730226,0.8529411764705882,0.9852941176470589,0.8529411764705882,0.9852941176470589,1.0,0.8103413146129931,0.8103413146129931,0.8103413146129931,1.0,1.0,1.0,1.0,81.0,0.0,0.0,0.11122563511022232,21.0,0.0,0.0,0.040328708676173816,0.0
gtzan/gtzan_jazz_00079/track.npy,gtzan,1.0,0.9136621806589212,0.9136621806589212,0.9136621806589212,1.0,1.0,1.0,1.0,1.0,0.8706888632876638,0.8706888632876638,0.8706888632876638,1.0,1.0,1.0,1.0,54.0,0.0,0.0,0.07265101765935497,14.0,0.0,0.0,0.027150989065951037,0.0
gtzan/gtzan_jazz_00080/track.npy,gtzan,0.6719999999999999,0.5820545347598259,0.8661525812836943,0.7241035580217601,0.0,0.0,1.0,1.0,0.6875000000000001,0.5969487429082128,0.868289080593764,0.7326189117509884,0.0,0.0,1.0,1.0,50.0,0.0,0.0,0.0666913744986717,13.0,0.0,0.0,0.016667052485211054,0.0
gtzan/gtzan_jazz_00081/track.npy,gtzan,1.0,0.9262067627087052,0.9262067627087052,0.9262067627087052,1.0,1.0,1.0,1.0,1.0,0.9049083782775714,0.9049083782775714,0.9049083782775714,1.0,1.0,1.0,1.0,57.0,0.0,0.0,0.07696104113612845,14.0,0.0,0.0,0.019130620101432717,0.0
gtzan/gtzan_jazz_00082/track.npy,gtzan,0.46153846153846156,0.32431316073648303,0.372249321545236,0.3482812411408595,0.0,0.0,0.0,0.0,0.25,0.17841552788708825,0.17841552788708825,0.17841552788708825,1.0,1.0,1.0,1.0,74.0,0.0,0.0,0.10008345855698497,24.0,0.0,0.0,0.07971786568972472,0.0
gtzan/gtzan_jazz_00083/track.npy,gtzan,0.7777777777777778,0.47553980332948803,0.47553980332948803,0.47553980332948803,0.8444444444444444,0.8444444444444444,0.8444444444444444,0.8444444444444444,0.47619047619047616,0.3196761610280328,0.3196761610280328,0.3196761610280328,0.45454545454545453,0.6363636363636364,0.45454545454545453,0.6363636363636364,53.0,0.0,0.0,0.07145896398214968,13.0,0.0,0.0,0.0314004506195153,0.0
gtzan/gtzan_jazz_00084/track.npy,gtzan,1.0,0.9191710921317684,0.9191710921317684,0.9191710921317684,1.0,1.0,1.0,1.0,1.0,0.9372176306263021,0.9372176306263021,0.9372176306263021,1.0,1.0,1.0,1.0,62.0,0.0,0.0,0.0853426445967205,15.0,0.0,0.0,0.02468023578834356,0.0
gtzan/gtzan_jazz_00085/track.npy,gtzan,0.6717557251908397,0.6235687075428192,0.6235687075428192,0.6235687075428192,0.6666666666666666,0.6666666666666666,0.6666666666666666,0.6666666666666666,0.6666666666666667,0.6212544937718911,0.6212544937718911,0.6212544937718911,0.9411764705882353,0.9411764705882353,0.9411764705882353,0.9411764705882353,78.0,0.0,0.0,0.10536051565782967,19.0,0.0,0.0,0.02879674909003618,0.0
gtzan/gtzan_jazz_00086/track.npy,gtzan,0.30508474576271183,0.21860983320925295,0.2336114213053691,0.22611062725731101,0.0,0.0,0.045454545454545456,0.045454545454545456,0.125,0.09076862963421133,0.14522980741473812,0.11799921852447473,0.0,0.0,0.0,0.0,19.0,0.0,0.0,0.10549431035015627,5.0,0.0,0.0,0.19978862247921764,0.0
gtzan/gtzan_jazz_00087/track.npy,gtzan,0.9909909909909909,0.8171243563376677,0.8171243563376677,0.8171243563376677,0.9821428571428571,0.9821428571428571,0.9821428571428571,0.9821428571428571,0.0,9.103220469289797e-99,0.7850244061084912,0.3925122030542456,0.0,0.0,0.9285714285714286,0.9285714285714286,67.0,0.0,0.0,0.09097177820572713,17.0,0.0,0.0,0.03695130078572978,0.0
gtzan/gtzan_jazz_00088/track.npy,gtzan,1.0,0.9230002507912017,0.9230002507912017,0.9230002507912017,1.0,1.0,1.0,1.0,1.0,0.9302794779117413,0.9302794779117413,0.9302794779117413,1.0,1.0,1.0,1.0,64.0,0.0,0.0,0.08701137698962896,16.0,0.0,0.0,0.032088314551500526,0.0
gtzan/gtzan_jazz_00089/track.npy,gtzan,0.6376811594202898,0.4919493698163004,0.7405943033569798,0.6162718365866401,0.0,0.0,0.9782608695652174,0.9782608695652174,0.6666666666666666,0.4973029921930737,0.7448258841896491,0.6210644381913615,0.0,0.0,0.9166666666666666,0.9166666666666666,56.0,0.0,0.0,0.07410797215372356,14.0,0.0,0.0,0.017746054942721776,0.0
gtzan/gtzan_jazz_00090/track.npy,gtzan,1.0,0.8717467566242642,0.8717467566242642,0.8717467566242642,1.0,1.0,1.0,1.0,1.0,0.864797787462668,0.864797787462668,0.864797787462668,1.0,1.0,1.0,1.0,67.0,0.0,0.0,0.09097177820572866,23.0,0.0,0.0,0.03030534949532898,0.0
gtzan/gtzan_jazz_00091/track.npy,gtzan,0.4102564102564102,0.3233243815660414,0.39006900515134,0.3566966933586907,0.0,0.0,0.0,0.0,0.4,0.3361562327527832,0.48191752460474946,0.40903687867876637,0.0,0.0,0.0,0.0,19.0,0.0,0.0,0.07410797215372172,5.0,0.0,0.0,0.026699243270155337,0.0
gtzan/gtzan_jazz_00092/track.npy,gtzan,0.4044943820224719,0.2676579788975778,0.2676579788975778,0.2676579788975778,0.0,0.0,0.0,0.0,0.2962962962962963,0.20667310644508183,0.321718220284993,0.2641956633650374,0.0,0.0,0.0,0.0,80.0,0.0,0.0,0.11122563511022338,26.0,0.0,0.0,0.05059849814248727,0.0
gtzan/gtzan_jazz_00093/track.npy,gtzan,0.6601941747572816,0.548266861537736,0.8304630402703853,0.6893649509040607,0.0,0.0,1.0,1.0,0.6923076923076924,0.5500108144881041,0.7944600653717059,0.672235439929905,0.0,0.0,1.0,1.0,41.0,0.0,0.0,0.1112256351102219,11.0,0.0,0.0,0.01792721718590817,0.0
gtzan/gtzan_jazz_00094/track.npy,gtzan,1.0,0.8885997918930384,0.8885997918930384,0.8885997918930384,1.0,1.0,1.0,1.0,1.0,0.878064197496106,0.878064197496106,0.878064197496106,1.0,1.0,1.0,1.0,60.0,0.0,0.0,0.08004270767353579,15.0,0.0,0.0,0.03479179300815439,0.0
gtzan/gtzan_jazz_00095/track.npy,gtzan,0.3636363636363636,0.23181758583355389,0.38014595090961506,0.3059817683715845,0.36,0.36,0.3673469387755102,0.5510204081632653,0.38461538461538464,0.24750145296304732,0.24750145296304732,0.24750145296304732,1.0,1.0,1.0,1.0,59.0,0.0,0.0,0.0800427076735389,15.0,0.0,0.0,0.08933998129242328,0.0
gtzan/gtzan_jazz_00096/track.npy,gtzan,0.918918918918919,0.7344043236588242,0.7344043236588242,0.7344043236588242,0.7857142857142857,0.9642857142857143,0.7857142857142857,0.9642857142857143,1.0,0.8016338136984091,0.8016338136984091,0.8016338136984091,1.0,1.0,1.0,1.0,67.0,0.0,0.0,0.12501946974075528,17.0,0.0,0.0,0.04445176257083283,0.0
gtzan/gtzan_jazz_00097/track.npy,gtzan,0.32727272727272727,0.2911284394119412,0.36347647391736004,0.32730245666465063,0.0,0.0,0.0,0.0,0.0,1.7015878583915032e-144,3.236938869125296e-144,2.4692633637583993e-144,0.0,0.0,0.0,0.0,39.0,0.0,0.0,0.10319542637963149,13.0,0.0,0.0,0.03896902339660563,0.0
gtzan/gtzan_jazz_00098/track.npy,gtzan,0.75,0.5490412399024823,0.5490412399024823,0.5490412399024823,0.29411764705882354,0.7352941176470589,0.29411764705882354,0.7352941176470589,0.7058823529411765,0.5577808114415671,0.5577808114415671,0.5577808114415671,1.0,1.0,1.0,1.0,81.0,0.0,0.0,0.11122563511022444,20.0,0.0,0.0,0.07001427548011849,0.0
gtzan/gtzan_jazz_00099/track.npy,gtzan,1.0,0.8818547810604361,0.8818547810604361,0.8818547810604361,1.0,1.0,1.0,1.0,0.30303030303030304,0.2931680211886497,0.40310602913439336,0.34813702516152156,0.0,0.0,0.0,0.0,69.0,0.0,0.0,0.09097177820572708,17.0,0.0,0.0,0.02262785456385058,0.0
gtzan/gtzan_metal_00000/track.npy,gtzan,1.0,0.813142476804721,0.813142476804721,0.813142476804721,1.0,1.0,1.0,1.0,1.0,0.7700134781746036,0.7700134781746036,0.7700134781746036,1.0,1.0,1.0,1.0,47.0,0.0,0.0,0.09237332013101428,12.0,0.0,0.0,0.044142902082955335,0.0
gtzan/gtzan_metal_00001/track.npy,gtzan,0.9923664122137404,0.8649085517002149,0.8649085517002149,0.8649085517002149,0.9848484848484849,0.9848484848484849,0.9848484848484849,0.9848484848484849,1.0,0.8612057439136782,0.8612057439136782,0.8612057439136782,1.0,1.0,1.0,1.0,79.0,0.0,0.0,0.105360515657833,20.0,0.0,0.0,0.040601329511719846,0.0
gtzan/gtzan_metal_00002/track.npy,gtzan,1.0,0.8365325779354005,0.8365325779354005,0.8365325779354005,1.0,1.0,1.0,1.0,1.0,0.7709196973319099,0.7709196973319099,0.7709196973319099,1.0,1.0,1.0,1.0,56.0,0.0,0.0,0.07410797215372356,14.0,0.0,0.0,0.01859693612744926,0.0
gtzan/gtzan_metal_00003/track.npy,gtzan,0.4539007092198582,0.30917379563747427,0.3731254226510561,0.3411496091442652,0.0,0.0,0.0,0.0,0.9268292682926829,0.65527383212356,0.65527383212356,0.65527383212356,0.9523809523809523,0.9523809523809523,0.9523809523809523,0.9523809523809523,73.0,0.0,0.0,0.10008345855698708,25.0,0.0,0.0,0.04879016416943166,0.0
gtzan/gtzan_metal_00004/track.npy,gtzan,0.2459016393442623,0.16103268373216592,0.23970579222384455,0.20036923797800524,0.046153846153846156,0.13846153846153847,0.07692307692307693,0.2,0.05555555555555555,0.027929590952976948,0.04608492563517526,0.037007258294076105,0.0,0.0,0.037037037037037035,0.037037037037037035,76.0,0.0,0.0,0.11778303565638115,26.0,0.0,0.0,0.06366567066910535,0.0
gtzan/gtzan_metal_00005/track.npy,gtzan,0.9922480620155039,0.881791411898772,0.881791411898772,0.881791411898772,0.9846153846153847,0.9846153846153847,0.9846153846153847,0.9846153846153847,1.0,0.8893828490053934,0.8893828490053934,0.8893828490053934,1.0,1.0,1.0,1.0,78.0,0.0,0.0,0.10536051565782034,20.0,0.0,0.0,0.038714512180690885,0.0
gtzan/gtzan_metal_00006/track.npy,gtzan,0.96,0.8445403097834198,0.8445403097834198,0.8445403097834198,0.98,0.98,0.98,0.98,1.0,0.8816709991539654,0.8816709991539654,0.8816709991539654,1.0,1.0,1.0,1.0,60.0,0.0,0.0,0.08004270767354893,15.0,0.0,0.0,0.020000666706670712,0.0
gtzan/gtzan_metal_00007/track.npy,gtzan,0.9291338582677166,0.797435694079882,0.797435694079882,0.797435694079882,0.703125,0.921875,0.703125,0.921875,0.0,6.3609685184002914e-71,0.8306464385342324,0.4153232192671162,0.0,0.0,0.9375,0.9375,77.0,0.0,0.0,0.10536051565782747,19.0,0.0,0.0,0.05394233973755447,0.0
gtzan/gtzan_metal_00008/track.npy,gtzan,1.0,0.927322044320635,0.927322044320635,0.927322044320635,1.0,1.0,1.0,1.0,1.0,0.9487636447792345,0.9487636447792345,0.9487636447792345,1.0,1.0,1.0,1.0,59.0,0.0,0.0,0.08004270767353472,15.0,0.0,0.0,0.033423566606238936,0.0
gtzan/gtzan_metal_00009/track.npy,gtzan,0.3697478991596639,0.3093137504101845,0.38243329970116846,0.3458735250556765,0.0,0.0,0.0,0.0,0.0,0.0003451541340795534,0.00039685301005762906,0.00037100357206859124,0.0,0.0,0.17391304347826086,0.391304347826087,85.0,0.0,0.0,0.11778303565638577,28.0,0.0,0.0,0.07119789141210178,0.0
gtzan/gtzan_metal_00010/track.npy,gtzan,0.3790849673202614,0.28622045630953286,0.3902958956139571,0.338258175961745,0.05747126436781609,0.1724137931034483,0.07575757575757576,0.1724137931034483,0.049999999999999996,0.04261169697395677,0.1435288221829814,0.0930702595784691,0.043478260869565216,0.043478260869565216,0.22727272727272727,0.22727272727272727,81.0,0.0,0.0,0.11778303565638319,20.0,0.0,0.0,0.06586572949843157,0.0
gtzan/gtzan_metal_00011/track.npy,gtzan,0.4148148148148148,0.299278639598688,0.3669859560450123,0.33313229782185017,0.14492753623188406,0.3333333333333333,0.14492753623188406,0.34782608695652173,0.05128205128205128,0.037885683056307004,0.09170457976711974,0.06479513141171336,0.0,0.0,0.0,0.0,83.0,0.0,0.0,0.11122563511022676,28.0,0.0,0.0,0.06285454090669651,0.0
gtzan/gtzan_metal_00012/track.npy,gtzan,0.9929078014184397,0.9220072563086025,0.9220072563086025,0.9220072563086025,0.9859154929577465,0.9859154929577465,0.9859154929577465,0.9859154929577465,0.9714285714285714,0.9128089982639273,0.9128089982639273,0.9128089982639273,0.9444444444444444,0.9444444444444444,0.9444444444444444,0.9444444444444444,85.0,0.0,0.0,0.11122563511022676,22.0,0.0,0.0,0.02817087696669354,0.0
gtzan/gtzan_metal_00013/track.npy,gtzan,0.8448275862068966,0.6423748207646791,0.6423748207646791,0.6423748207646791,0.5084745762711864,0.8305084745762712,0.5084745762711864,0.8305084745762712,0.6428571428571429,0.47259864684419234,0.47259864684419234,0.47259864684419234,0.7857142857142857,0.7857142857142857,0.7857142857142857,0.7857142857142857,71.0,0.0,0.0,0.09357481916488812,17.0,0.0,0.0,0.0507513974893558,0.0
gtzan/gtzan_metal_00014/track.npy,gtzan,0.6595744680851063,0.5751707399734546,0.8425308407914144,0.7088507903824345,0.0,0.0,0.9682539682539683,0.9682539682539683,0.0,6.631466711615788e-19,5.1596147079677456e-17,2.6129646875419518e-17,0.0,0.0,0.0,0.0,76.0,0.0,0.0,0.10536051565782718,19.0,0.0,0.0,0.0657232685556819,0.0
gtzan/gtzan_metal_00015/track.npy,gtzan,0.9787234042553191,0.7941442902885503,0.7941442902885503,0.7941442902885503,0.8297872340425532,0.9787234042553191,0.8297872340425532,0.9787234042553191,1.0,0.8621815635908058,0.8621815635908058,0.8621815635908058,1.0,1.0,1.0,1.0,58.0,0.0,0.0,0.1213608570042648,14.0,0.0,0.0,0.17451529045127606,0.0
gtzan/gtzan_metal_00016/track.npy,gtzan,1.0,0.8161565359654398,0.8161565359654398,0.8161565359654398,1.0,1.0,1.0,1.0,1.0,0.7212823420104282,0.7212823420104282,0.7212823420104282,1.0,1.0,1.0,1.0,46.0,0.0,0.0,0.12136085700426594,12.0,0.0,0.0,0.031252543504104516,0.0
gtzan/gtzan_metal_00017/track.npy,gtzan,0.48750000000000004,0.31933216211388854,0.39662094819988647,0.35797655515688753,0.02247191011235955,0.056179775280898875,0.022727272727272728,0.056179775280898875,0.0851063829787234,0.0652387469725817,0.07488884905821118,0.07006379801539644,0.5416666666666666,0.5833333333333334,0.5416666666666666,0.5833333333333334,86.0,0.0,0.0,0.11778303565638115,29.0,0.0,0.0,0.039220713153281954,0.0
gtzan/gtzan_metal_00018/track.npy,gtzan,0.33043478260869563,0.23054767616250368,0.3201115307540144,0.275329603458259,0.0,0.0,0.04819277108433735,0.24096385542168675,0.05714285714285714,0.0605232742347943,0.07386238313745332,0.0671928286861238,0.0,0.0,0.12,0.36,88.0,0.0,0.0,0.11778303565638115,30.0,0.0,0.0,0.08515780834030626,0.0
gtzan/gtzan_metal_00019/track.npy,gtzan,0.5061728395061729,0.331258390133738,0.4089337373896124,0.3700960637616752,0.011111111111111112,0.03333333333333333,0.011235955056179775,0.0449438202247191,0.0851063829787234,0.05683758423643229,0.22268406222983195,0.1397608232331321,0.2916666666666667,0.3333333333333333,0.4583333333333333,0.4583333333333333,87.0,0.0,0.0,0.11778303565638115,29.0,0.0,0.0,0.05177710363394761,0.0
gtzan/gtzan_metal_00020/track.npy,gtzan,0.5161290322580645,0.4178341531155689,0.4178341531155689,0.4178341531155689,0.2077922077922078,0.2077922077922078,0.2978723404255319,0.425531914893617,0.5625000000000001,0.4290338223458572,0.4519577697404525,0.4404957960431548,0.2,0.2,0.5833333333333334,0.6666666666666666,58.0,0.0,0.0,0.09070420631971039,15.0,0.0,0.0,0.11857890738659166,0.0
gtzan/gtzan_metal_00021/track.npy,gtzan,1.0,0.8571804867135899,0.8571804867135899,0.8571804867135899,1.0,1.0,1.0,1.0,1.0,0.8211919013437773,0.8211919013437773,0.8211919013437773,1.0,1.0,1.0,1.0,54.0,0.0,0.0,0.07145896398214968,13.0,0.0,0.0,0.027150989065951037,0.0
gtzan/gtzan_metal_00022/track.npy,gtzan,1.0,0.8150123935315788,0.8150123935315788,0.8150123935315788,1.0,1.0,1.0,1.0,1.0,0.7597926235515847,0.7597926235515847,0.7597926235515847,1.0,1.0,1.0,1.0,69.0,0.0,0.0,0.09097177820572214,17.0,0.0,0.0,0.038075424564069225,0.0
gtzan/gtzan_metal_00023/track.npy,gtzan,0.9508196721311475,0.8094642931282601,0.8094642931282601,0.8094642931282601,0.4918032786885246,0.9508196721311475,0.4918032786885246,0.9508196721311475,0.9333333333333333,0.7908605816864402,0.7908605816864402,0.7908605816864402,1.0,1.0,1.0,1.0,73.0,0.0,0.0,0.09531017980433143,18.0,0.0,0.0,0.048349117405766764,0.0
gtzan/gtzan_metal_00024/track.npy,gtzan,0.9782608695652174,0.7543476611983035,0.7543476611983035,0.7543476611983035,1.0,1.0,1.0,1.0,0.9166666666666666,0.7046650156220161,0.7046650156220161,0.7046650156220161,1.0,1.0,1.0,1.0,56.0,0.0,0.0,0.07510654629756676,14.0,0.0,0.0,0.022744430924665347,0.0
gtzan/gtzan_metal_00025/track.npy,gtzan,1.0,0.868259116337227,0.868259116337227,0.868259116337227,1.0,1.0,1.0,1.0,0.0,6.432910145051379e-93,0.805978768082208,0.402989384041104,0.0,0.0,0.8666666666666667,0.8666666666666667,69.0,0.0,0.0,0.09097177820572866,18.0,0.0,0.0,0.04652001563489236,0.0
gtzan/gtzan_metal_00026/track.npy,gtzan,0.5419354838709677,0.3853308276124964,0.3853308276124964,0.3853308276124964,0.0,0.0,0.4230769230769231,0.5384615384615384,0.20512820512820515,0.17866106941899007,0.2679916041284851,0.2233263367737376,0.0,0.0,1.0,1.0,63.0,0.0,0.0,0.09097177820572677,16.0,0.0,0.0,0.08371549768079503,0.0
gtzan/gtzan_metal_00027/track.npy,gtzan,0.6211180124223602,0.4947457712566171,0.4947457712566171,0.4947457712566171,0.0,0.0,0.5,0.5,0.30769230769230776,0.23988457493671836,0.3598268624050775,0.29985571867089794,0.0,0.0,1.0,1.0,65.0,0.0,0.0,0.08701137698963579,16.0,0.0,0.0,0.0732066640862176,0.0
gtzan/gtzan_metal_00028/track.npy,gtzan,0.9059829059829059,0.693075123178342,0.693075123178342,0.693075123178342,0.6101694915254238,0.9322033898305084,0.6101694915254238,0.9322033898305084,0.896551724137931,0.6582117322364205,0.6582117322364205,0.6582117322364205,0.9333333333333333,0.9333333333333333,0.9333333333333333,0.9333333333333333,71.0,0.0,0.0,0.09531017980433143,18.0,0.0,0.0,0.04652001563489311,0.0
gtzan/gtzan_metal_00029/track.npy,gtzan,1.0,0.8573336849977755,0.8573336849977755,0.8573336849977755,1.0,1.0,1.0,1.0,1.0,0.9049647042663903,0.9049647042663903,0.9049647042663903,1.0,1.0,1.0,1.0,61.0,0.0,0.0,0.08004270767354013,15.0,0.0,0.0,0.02853538765679357,0.0
gtzan/gtzan_metal_00030/track.npy,gtzan,1.0,0.9391177447354132,0.9391177447354132,0.9391177447354132,1.0,1.0,1.0,1.0,1.0,0.953359449246533,0.953359449246533,0.953359449246533,1.0,1.0,1.0,1.0,66.0,0.0,0.0,0.08701137698962957,16.0,0.0,0.0,0.02604831147097829,0.0
gtzan/gtzan_metal_00031/track.npy,gtzan,1.0,0.7839248025577766,0.7839248025577766,0.7839248025577766,1.0,1.0,1.0,1.0,1.0,0.7561380402613852,0.7561380402613852,0.7561380402613852,1.0,1.0,1.0,1.0,69.0,0.0,0.0,0.09097177820573162,18.0,0.0,0.0,0.04934490444837661,0.0
gtzan/gtzan_metal_00032/track.npy,gtzan,0.979591836734694,0.777081089575875,0.777081089575875,0.777081089575875,0.6621621621621622,0.9324324324324325,0.6621621621621622,0.9324324324324325,0.972972972972973,0.7581838668460397,0.7581838668460397,0.7581838668460397,0.9473684210526315,0.9473684210526315,0.9473684210526315,0.9473684210526315,87.0,0.0,0.0,0.11778303565638115,21.0,0.0,0.0,0.04317217186520905,0.0
gtzan/gtzan_metal_00033/track.npy,gtzan,1.0,0.9069209196840174,0.9069209196840174,0.9069209196840174,1.0,1.0,1.0,1.0,0.0,6.259760128916598e-30,3.064416632398315e-29,1.8451963226449873e-29,0.0,0.0,0.0,0.0,62.0,0.0,0.0,0.08338160893905111,16.0,0.0,0.0,0.044760576082775005,0.0
gtzan/gtzan_metal_00034/track.npy,gtzan,0.8636363636363636,0.692553565711364,0.692553565711364,0.692553565711364,0.3880597014925373,0.835820895522388,0.3880597014925373,0.835820895522388,0.0,9.270024068253375e-19,0.3434755718236831,0.17173778591184155,0.0,0.0,0.5,0.5,81.0,0.0,0.0,0.105360515657833,20.0,0.0,0.0,0.06713930283762709,0.0
gtzan/gtzan_metal_00035/track.npy,gtzan,0.98989898989899,0.873712039400216,0.873712039400216,0.873712039400216,0.98,0.98,0.98,0.98,1.0,0.8813794565238279,0.8813794565238279,0.8813794565238279,1.0,1.0,1.0,1.0,59.0,0.0,0.0,0.08004270767353908,15.0,0.0,0.0,0.029270382300112762,0.0
gtzan/gtzan_metal_00036/track.npy,gtzan,1.0,0.8850154372438269,0.8850154372438269,0.8850154372438269,1.0,1.0,1.0,1.0,1.0,0.9075279359463213,0.9075279359463213,0.9075279359463213,1.0,1.0,1.0,1.0,71.0,0.0,0.0,0.09531017980433143,17.0,0.0,0.0,0.03851992855835747,0.0
gtzan/gtzan_metal_00037/track.npy,gtzan,1.0,0.9281916832523506,0.9281916832523506,0.9281916832523506,1.0,1.0,1.0,1.0,1.0,0.8914082238171884,0.8914082238171884,0.8914082238171884,1.0,1.0,1.0,1.0,69.0,0.0,0.0,0.09097177820572866,17.0,0.0,0.0,0.04652001563489176,0.0
gtzan/gtzan_metal_00038/track.npy,gtzan,0.7804878048780488,0.716061369510143,0.716061369510143,0.716061369510143,0.7619047619047619,0.7857142857142857,0.7619047619047619,0.7857142857142857,0.761904761904762,0.6677049047989759,0.6677049047989759,0.6677049047989759,0.8181818181818182,0.8181818181818182,0.8181818181818182,0.8181818181818182,48.0,0.0,0.0,0.06453852113757055,12.0,0.0,0.0,0.02051187523693076,0.0
gtzan/gtzan_metal_00039/track.npy,gtzan,0.6666666666666666,0.6383631177339858,0.9479769439372768,0.7931700308356313,0.0,0.0,0.98,0.98,0.6666666666666666,0.6329069136356713,0.9118679103969324,0.7723874120163019,0.0,0.0,0.9166666666666666,0.9166666666666666,60.0,0.0,0.0,0.08004270767353472,15.0,0.0,0.0,0.020000666706669112,0.0
gtzan/gtzan_metal_00040/track.npy,gtzan,0.3157894736842105,0.23652590003833066,0.3077978859535992,0.27216189299596494,0.0,0.0,0.0,0.0,0.0,7.92279977342482e-09,9.6205073278955e-09,8.77165355066016e-09,0.0,0.0,0.0,0.0,82.0,0.0,0.0,0.11155350513753898,27.0,0.0,0.0,0.054861266000479164,0.0
gtzan/gtzan_metal_00041/track.npy,gtzan,1.0,0.9108746608956678,0.9108746608956678,0.9108746608956678,1.0,1.0,1.0,1.0,1.0,0.8610807905617895,0.8610807905617895,0.8610807905617895,1.0,1.0,1.0,1.0,59.0,0.0,0.0,0.08004270767353472,15.0,0.0,0.0,0.033271214671432243,0.0
gtzan/gtzan_metal_00042/track.npy,gtzan,1.0,0.8795330578680143,0.8795330578680143,0.8795330578680143,1.0,1.0,1.0,1.0,1.0,0.8631070190563458,0.8631070190563458,0.8631070190563458,1.0,1.0,1.0,1.0,65.0,0.0,0.0,0.08701137698962791,17.0,0.0,0.0,0.021739986636405584,0.0
gtzan/gtzan_metal_00043/track.npy,gtzan,0.9873417721518987,0.9198508769095465,0.9198508769095465,0.9198508769095465,0.975,0.975,0.975,0.975,1.0,0.9410984131479259,0.9410984131479259,0.9410984131479259,1.0,1.0,1.0,1.0,47.0,0.0,0.0,0.06252035698133758,12.0,0.0,0.0,0.023632813474111704,0.0
gtzan/gtzan_metal_00044/track.npy,gtzan,0.9795918367346939,0.8432562294220683,0.8432562294220683,0.8432562294220683,0.9795918367346939,0.9795918367346939,0.9795918367346939,0.9795918367346939,0.9230769230769231,0.7674389987812353,0.7674389987812353,0.7674389987812353,1.0,1.0,1.0,1.0,59.0,0.0,0.0,0.08004270767353745,15.0,0.0,0.0,0.03762019749252183,0.0
gtzan/gtzan_metal_00045/track.npy,gtzan,0.6493506493506493,0.6048492887457535,0.9085767682633323,0.7567130285045429,0.0,0.0,0.9803921568627451,0.9803921568627451,0.631578947368421,0.6103150164021621,0.8443792614913433,0.7273471389467527,0.0,0.0,0.8461538461538461,0.8461538461538461,61.0,0.0,0.0,0.08004270767353666,15.0,0.0,0.0,0.024305307384395985,0.0
gtzan/gtzan_metal_00046/track.npy,gtzan,0.4970414201183432,0.3360766385055853,0.42349668306220856,0.3797866607838969,0.0,0.0,0.0,0.0,0.04081632653061224,0.02907245993661786,0.02907245993661786,0.02907245993661786,0.52,0.52,0.52,0.52,88.0,0.0,0.0,0.11778303565638415,30.0,0.0,0.0,0.050185402926826876,0.0
gtzan/gtzan_metal_00047/track.npy,gtzan,0.42580645161290326,0.30260291988308974,0.3912293689746236,0.34691614442885665,0.011494252873563218,0.011494252873563218,0.023255813953488372,0.046511627906976744,0.4090909090909091,0.2811735404083738,0.2811735404083738,0.2811735404083738,0.8260869565217391,0.8260869565217391,0.8260869565217391,0.8260869565217391,82.0,0.0,0.0,0.11778303565638115,27.0,0.0,0.0,0.05274651912866769,0.0
gtzan/gtzan_metal_00048/track.npy,gtzan,0.44999999999999996,0.3168195012032455,0.39451137722883173,0.3556654392160386,0.0,0.0,0.0,0.0,0.3555555555555555,0.25637980566808516,0.25637980566808516,0.25637980566808516,0.5217391304347826,0.9130434782608695,0.5217391304347826,0.9130434782608695,83.0,0.0,0.0,0.11778303565638115,28.0,0.0,0.0,0.076597668979133,0.0
gtzan/gtzan_metal_00049/track.npy,gtzan,0.44594594594594594,0.32215209840883197,0.37931216075305574,0.35073212958094385,0.036585365853658534,0.12195121951219512,0.036585365853658534,0.12195121951219512,0.5581395348837208,0.37531309088960096,0.37531309088960096,0.37531309088960096,0.5909090909090909,0.6818181818181818,0.5909090909090909,0.6818181818181818,81.0,0.0,0.0,0.11778303565638604,27.0,0.0,0.0,0.048878778140697035,0.0
gtzan/gtzan_metal_00050/track.npy,gtzan,0.4878048780487805,0.3374983696862593,0.41374455193160625,0.37562146080893277,0.010638297872340425,0.010638297872340425,0.010638297872340425,0.010638297872340425,0.08695652173913043,0.10324684730169591,0.10324684730169591,0.10324684730169591,1.0,1.0,1.0,1.0,85.0,0.0,0.0,0.11778303565638215,28.0,0.0,0.0,0.03885061686067171,0.0
gtzan/gtzan_metal_00051/track.npy,gtzan,0.44999999999999996,0.33927024714441145,0.40849108651030513,0.3738806668273583,0.0,0.0,0.0,0.0,0.04444444444444444,0.05842477823990992,0.05842477823990992,0.05842477823990992,0.8260869565217391,0.8260869565217391,0.8260869565217391,0.8260869565217391,83.0,0.0,0.0,0.1112256351102221,28.0,0.0,0.0,0.06833446000757575,0.0
gtzan/gtzan_metal_00052/track.npy,gtzan,1.0,0.8864905445784553,0.8864905445784553,0.8864905445784553,1.0,1.0,1.0,1.0,1.0,0.8318456984573954,0.8318456984573954,0.8318456984573954,1.0,1.0,1.0,1.0,80.0,0.0,0.0,0.105360515657833,20.0,0.0,0.0,0.051709383419960224,0.0
gtzan/gtzan_metal_00053/track.npy,gtzan,0.6369426751592356,0.45844316894014037,0.6853963563370863,0.5719197626386133,0.0,0.0,0.9811320754716981,0.9811320754716981,0.0,5.3377607618402595e-06,3.218041084074248e-05,1.8759085801291373e-05,0.0,0.0,1.0,1.0,63.0,0.0,0.0,0.08701137698962769,16.0,0.0,0.0,0.03077165866675391,0.0
gtzan/gtzan_metal_00054/track.npy,gtzan,0.6666666666666666,0.6005350841026835,0.9008022432008098,0.7506686636517467,0.0,0.0,1.0,1.0,0.0,5.6472854636488984e-08,1.338889540735276e-07,9.51809043550083e-08,0.0,0.0,1.0,1.0,62.0,0.0,0.0,0.08338160893905211,15.0,0.0,0.0,0.02061928720273698,0.0
gtzan/gtzan_metal_00055/track.npy,gtzan,1.0,0.7620849944335458,0.7620849944335458,0.7620849944335458,0.6197183098591549,0.9859154929577465,0.6197183098591549,0.9859154929577465,1.0,0.6911239171370657,0.6911239171370657,0.6911239171370657,1.0,1.0,1.0,1.0,85.0,0.0,0.0,0.11122563511023142,21.0,0.0,0.0,0.05863992241846257,0.0
gtzan/gtzan_metal_00056/track.npy,gtzan,0.4402515723270441,0.3420341905710221,0.3954557269653958,0.36874495876820895,0.0,0.0,0.0,0.0,0.21739130434782608,0.12805890994891977,0.12805890994891977,0.12805890994891977,0.8260869565217391,0.8260869565217391,0.8260869565217391,0.8260869565217391,82.0,0.0,0.0,0.11122563511022676,27.0,0.0,0.0,0.03704127168035158,0.0
gtzan/gtzan_metal_00057/track.npy,gtzan,1.0,0.8284851552068603,0.8284851552068603,0.8284851552068603,1.0,1.0,1.0,1.0,0.0,8.042156740751298e-109,0.7592302296658758,0.3796151148329379,0.0,0.0,0.9230769230769231,0.9230769230769231,64.0,0.0,0.0,0.0870113769896318,16.0,0.0,0.0,0.03597879428612816,0.0
gtzan/gtzan_metal_00058/track.npy,gtzan,1.0,0.8264347282247724,0.8264347282247724,0.8264347282247724,1.0,1.0,1.0,1.0,1.0,0.8415538166310491,0.8415538166310491,0.8415538166310491,1.0,1.0,1.0,1.0,73.0,0.0,0.0,0.09769681918065709,19.0,0.0,0.0,0.04831971428819121,0.0
gtzan/gtzan_metal_00059/track.npy,gtzan,1.0,0.888119475645052,0.888119475645052,0.888119475645052,1.0,1.0,1.0,1.0,1.0,0.8942962020813956,0.8942962020813956,0.8942962020813956,1.0,1.0,1.0,1.0,49.0,0.0,0.0,0.0666913744986758,12.0,0.0,0.0,0.028908714441790852,0.0
gtzan/gtzan_metal_00060/track.npy,gtzan,1.0,0.9111836526386143,0.9111836526386143,0.9111836526386143,1.0,1.0,1.0,1.0,1.0,0.9079380434759621,0.9079380434759621,0.9079380434759621,1.0,1.0,1.0,1.0,45.0,0.0,0.0,0.1213608570042648,12.0,0.0,0.0,0.014987375148001076,0.0
gtzan/gtzan_metal_00061/track.npy,gtzan,0.44025157232704404,0.31439500614138444,0.39760621298821336,0.3560006095647989,0.0,0.0,0.0,0.0,0.5,0.34513086966158424,0.34513086966158424,0.34513086966158424,1.0,1.0,1.0,1.0,82.0,0.0,0.0,0.11155350513753898,27.0,0.0,0.0,0.054861266000479164,0.0
gtzan/gtzan_metal_00062/track.npy,gtzan,1.0,0.9064493374078987,0.9064493374078987,0.9064493374078987,1.0,1.0,1.0,1.0,1.0,0.8610807905617895,0.8610807905617895,0.8610807905617895,1.0,1.0,1.0,1.0,59.0,0.0,0.0,0.08004270767353472,15.0,0.0,0.0,0.033271214671432243,0.0
gtzan/gtzan_metal_00063/track.npy,gtzan,1.0,0.8914472572880584,0.8914472572880584,0.8914472572880584,1.0,1.0,1.0,1.0,1.0,0.8631070190563458,0.8631070190563458,0.8631070190563458,1.0,1.0,1.0,1.0,65.0,0.0,0.0,0.08701137698962791,17.0,0.0,0.0,0.021739986636405584,0.0
gtzan/gtzan_metal_00064/track.npy,gtzan,1.0,0.9412674710198247,0.9412674710198247,0.9412674710198247,1.0,1.0,1.0,1.0,1.0,0.9410984131479259,0.9410984131479259,0.9410984131479259,1.0,1.0,1.0,1.0,47.0,0.0,0.0,0.06252035698133758,12.0,0.0,0.0,0.023632813474111704,0.0
gtzan/gtzan_metal_00065/track.npy,gtzan,0.9795918367346939,0.7794129759347976,0.7794129759347976,0.7794129759347976,0.9795918367346939,0.9795918367346939,0.9795918367346939,0.9795918367346939,0.9230769230769231,0.6890845222263964,0.6890845222263964,0.6890845222263964,1.0,1.0,1.0,1.0,59.0,0.0,0.0,0.08004270767353745,15.0,0.0,0.0,0.03762019749252183,0.0
gtzan/gtzan_metal_00066/track.npy,gtzan,0.6578947368421052,0.6073588585783493,0.9196950516481543,0.7635269551132517,0.0,0.0,0.9607843137254902,0.9607843137254902,0.631578947368421,0.5950885964464298,0.8147646011399258,0.7049265987931778,0.0,0.0,0.8461538461538461,0.8461538461538461,61.0,0.0,0.0,0.08004270767353666,15.0,0.0,0.0,0.024305307384395985,0.0
gtzan/gtzan_metal_00067/track.npy,gtzan,1.0,0.9061152906472271,0.9061152906472271,0.9061152906472271,1.0,1.0,1.0,1.0,1.0,0.8703196268081712,0.8703196268081712,0.8703196268081712,1.0,1.0,1.0,1.0,67.0,0.0,0.0,0.08701137698963499,17.0,0.0,0.0,0.036395482148164425,0.0
gtzan/gtzan_metal_00068/track.npy,gtzan,1.0,0.933354142199455,0.933354142199455,0.933354142199455,1.0,1.0,1.0,1.0,1.0,0.9014526996780339,0.9014526996780339,0.9014526996780339,1.0,1.0,1.0,1.0,83.0,0.0,0.0,0.11122563511022676,20.0,0.0,0.0,0.05665789644638998,0.0
gtzan/gtzan_metal_00069/track.npy,gtzan,0.9705882352941176,0.8120804831923814,0.8120804831923814,0.8120804831923814,0.7058823529411765,0.9558823529411765,0.7058823529411765,0.9558823529411765,0.9411764705882353,0.7743738101288455,0.7743738101288455,0.7743738101288455,1.0,1.0,1.0,1.0,82.0,0.0,0.0,0.1112256351102239,20.0,0.0,0.0,0.05417837355398375,0.0
gtzan/gtzan_metal_00070/track.npy,gtzan,1.0,0.9185840064616434,0.9185840064616434,0.9185840064616434,1.0,1.0,1.0,1.0,1.0,0.9220061245263108,0.9220061245263108,0.9220061245263108,1.0,1.0,1.0,1.0,58.0,0.0,0.0,0.07773145777048368,15.0,0.0,0.0,0.03922071315328113,0.0
gtzan/gtzan_metal_00071/track.npy,gtzan,1.0,0.8605154861505964,0.8605154861505964,0.8605154861505964,1.0,1.0,1.0,1.0,1.0,0.8543599710685492,0.8543599710685492,0.8543599710685492,1.0,1.0,1.0,1.0,42.0,0.0,0.0,0.08468008747614425,11.0,0.0,0.0,0.021202207650602656,0.0
gtzan/gtzan_metal_00072/track.npy,gtzan,1.0,0.9463164033830934,0.9463164033830934,0.9463164033830934,1.0,1.0,1.0,1.0,1.0,0.9490547819531233,0.9490547819531233,0.9490547819531233,1.0,1.0,1.0,1.0,60.0,0.0,0.0,0.08004270767353489,15.0,0.0,0.0,0.02000066670666929,0.0
gtzan/gtzan_metal_00073/track.npy,gtzan,0.6451612903225807,0.5880014896708525,0.8587125759646417,0.7233570328177471,0.0,0.0,0.5645161290322581,0.9354838709677419,0.4166666666666667,0.3918951957781485,0.5404353358438668,0.4661652658110077,0.0,0.0,0.625,0.625,74.0,0.0,0.0,0.13075223299735217,19.0,0.0,0.0,0.09586385630589025,0.0
gtzan/gtzan_metal_00074/track.npy,gtzan,0.9902912621359222,0.8854193278821724,0.8854193278821724,0.8854193278821724,0.9807692307692307,0.9807692307692307,0.9807692307692307,0.9807692307692307,0.0,2.0571572156406257e-118,0.805166818777682,0.402583409388841,0.0,0.0,0.9230769230769231,0.9230769230769231,63.0,0.0,0.0,0.08338160893905311,16.0,0.0,0.0,0.020619287202735825,0.0
gtzan/gtzan_metal_00075/track.npy,gtzan,0.9894736842105264,0.9051123300001959,0.9051123300001959,0.9051123300001959,0.9791666666666666,0.9791666666666666,0.9791666666666666,0.9791666666666666,0.9565217391304348,0.9202223702134009,0.9202223702134009,0.9202223702134009,0.9166666666666666,0.9166666666666666,0.9166666666666666,0.9166666666666666,57.0,0.0,0.0,0.051663708505015914,15.0,0.0,0.0,0.02670760291374869,0.0
gtzan/gtzan_metal_00076/track.npy,gtzan,0.9914529914529915,0.8497728610890896,0.8497728610890896,0.8497728610890896,0.9830508474576272,0.9830508474576272,0.9830508474576272,0.9830508474576272,0.0,5.108790648849427e-87,0.7892731549856041,0.39463657749280207,0.0,0.0,0.8666666666666667,0.8666666666666667,71.0,0.0,0.0,0.09531017980432721,18.0,0.0,0.0,0.035195161972680994,0.0
gtzan/gtzan_metal_00077/track.npy,gtzan,1.0,0.9265271169908315,0.9265271169908315,0.9265271169908315,1.0,1.0,1.0,1.0,1.0,0.9004248214767238,0.9004248214767238,0.9004248214767238,1.0,1.0,1.0,1.0,75.0,0.0,0.0,0.10008345855698919,19.0,0.0,0.0,0.014938276439926615,0.0
gtzan/gtzan_metal_00078/track.npy,gtzan,0.9759036144578314,0.9018088774904907,0.9018088774904907,0.9018088774904907,0.7590361445783133,0.9397590361445783,0.7590361445783133,0.9397590361445783,1.0,0.8978967366100135,0.8978967366100135,0.8978967366100135,1.0,1.0,1.0,1.0,100.0,0.0,0.0,1.176836406102666e-14,25.0,0.0,0.0,0.030687706191519816,0.0
gtzan/gtzan_metal_00079/track.npy,gtzan,1.0,0.9011715567895021,0.9011715567895021,0.9011715567895021,1.0,1.0,1.0,1.0,1.0,0.8970404759766029,0.8970404759766029,0.8970404759766029,1.0,1.0,1.0,1.0,62.0,0.0,0.0,0.08338160893904922,15.0,0.0,0.0,0.030771658666754263,0.0
gtzan/gtzan_metal_00080/track.npy,gtzan,0.8474576271186441,0.7891835007299465,0.7891835007299465,0.7891835007299465,0.47058823529411764,0.47058823529411764,0.47058823529411764,0.47058823529411764,0.8666666666666666,0.8210999945809384,0.8210999945809384,0.8210999945809384,0.47058823529411764,0.47058823529411764,0.47058823529411764,0.47058823529411764,82.0,0.0,0.0,0.11122563511022432,21.0,0.0,0.0,0.054141322792747235,0.0
gtzan/gtzan_metal_00081/track.npy,gtzan,1.0,0.8704512720867662,0.8704512720867662,0.8704512720867662,1.0,1.0,1.0,1.0,0.7333333333333333,0.6321373768298443,0.6321373768298443,0.6321373768298443,0.6666666666666666,0.6666666666666666,0.6666666666666666,0.6666666666666666,73.0,0.0,0.0,0.10536051565782856,18.0,0.0,0.0,0.04531428206868468,0.0
gtzan/gtzan_metal_00082/track.npy,gtzan,0.9902912621359222,0.9026152284617996,0.9026152284617996,0.9026152284617996,0.9807692307692307,0.9807692307692307,0.9807692307692307,0.9807692307692307,1.0,0.880872313649395,0.880872313649395,0.880872313649395,1.0,1.0,1.0,1.0,62.0,0.0,0.0,0.08338160893904942,16.0,0.0,0.0,0.034436613620307546,0.0
gtzan/gtzan_metal_00083/track.npy,gtzan,1.0,0.9160015079554682,0.9160015079554682,0.9160015079554682,1.0,1.0,1.0,1.0,1.0,0.9021583437411865,0.9021583437411865,0.9021583437411865,1.0,1.0,1.0,1.0,59.0,0.0,0.0,0.08004270767353472,15.0,0.0,0.0,0.053098829413242496,0.0
gtzan/gtzan_metal_00084/track.npy,gtzan,0.9919999999999999,0.857040679835261,0.857040679835261,0.857040679835261,0.9841269841269841,0.9841269841269841,0.9841269841269841,0.9841269841269841,0.967741935483871,0.8112201387300123,0.8112201387300123,0.8112201387300123,0.9375,0.9375,0.9375,0.9375,75.0,0.0,0.0,0.10008345855698919,19.0,0.0,0.0,0.039329729564089415,0.0
gtzan/gtzan_metal_00085/track.npy,gtzan,1.0,0.8811637152007006,0.8811637152007006,0.8811637152007006,1.0,1.0,1.0,1.0,1.0,0.8417208441471409,0.8417208441471409,0.8417208441471409,1.0,1.0,1.0,1.0,51.0,0.0,0.0,0.06899287148695092,12.0,0.0,0.0,0.021735811114525137,0.0
gtzan/gtzan_metal_00086/track.npy,gtzan,1.0,0.9435509194141982,0.9435509194141982,0.9435509194141982,1.0,1.0,1.0,1.0,1.0,0.9383678938248512,0.9383678938248512,0.9383678938248512,1.0,1.0,1.0,1.0,61.0,0.0,0.0,0.04255961441879615,15.0,0.0,0.0,0.024553986445425887,0.0
gtzan/gtzan_metal_00087/track.npy,gtzan,0.5046728971962617,0.448088627832178,0.448088627832178,0.448088627832178,0.0,0.0,0.0,0.0,0.5185185185185185,0.4376173135063653,0.4376173135063653,0.4376173135063653,0.0,0.0,0.0,0.0,32.0,0.0,0.0,0.08515780834030508,8.0,0.0,0.0,0.02508126917790654,0.0
gtzan/gtzan_metal_00088/track.npy,gtzan,1.0,0.8774901780360219,0.8774901780360219,0.8774901780360219,1.0,1.0,1.0,1.0,1.0,0.8206458424856884,0.8206458424856884,0.8206458424856884,1.0,1.0,1.0,1.0,58.0,0.0,0.0,0.07696104113613,15.0,0.0,0.0,0.03899218525107175,0.0
gtzan/gtzan_metal_00089/track.npy,gtzan,1.0,0.7936865108373756,0.7936865108373756,0.7936865108373756,1.0,1.0,1.0,1.0,1.0,0.7950120272140935,0.7950120272140935,0.7950120272140935,1.0,1.0,1.0,1.0,38.0,0.0,0.0,0.10265415406008396,9.0,0.0,0.0,0.034133041536497113,0.0
gtzan/gtzan_metal_00090/track.npy,gtzan,0.6428571428571428,0.5299918730542684,0.7914545303711111,0.6607232017126898,0.0,0.0,0.9736842105263158,0.9736842105263158,0.0,2.274194028788476e-16,7.451572361059039e-12,3.725899890230959e-12,0.0,0.0,1.0,1.0,45.0,0.0,0.0,0.08935208051967952,11.0,0.0,0.0,0.03153152822084348,0.0
gtzan/gtzan_metal_00091/track.npy,gtzan,1.0,0.9026887166680017,0.9026887166680017,0.9026887166680017,1.0,1.0,1.0,1.0,1.0,0.9464479123391298,0.9464479123391298,0.9464479123391298,1.0,1.0,1.0,1.0,68.0,0.0,0.0,0.09097177820572866,17.0,0.0,0.0,0.022989518224696193,0.0
gtzan/gtzan_metal_00092/track.npy,gtzan,0.9322033898305084,0.8516741060203358,0.8516741060203358,0.8516741060203358,0.45901639344262296,0.8524590163934426,0.45901639344262296,0.8524590163934426,0.4137931034482759,0.3388657067033342,0.3388657067033342,0.3388657067033342,0.4,0.4,0.4,0.4,71.0,0.0,0.0,0.11778303565638115,18.0,0.0,0.0,0.1508811099789174,0.0
gtzan/gtzan_metal_00093/track.npy,gtzan,1.0,0.8649805125607352,0.8649805125607352,0.8649805125607352,1.0,1.0,1.0,1.0,0.0,5.1209775460727074e-61,0.8671774058370184,0.4335887029185092,0.0,0.0,0.9444444444444444,0.9444444444444444,86.0,0.0,0.0,0.11778303565638115,22.0,0.0,0.0,0.043289554389855205,0.0
gtzan/gtzan_metal_00094/track.npy,gtzan,0.9624060150375939,0.7705166514376894,0.7705166514376894,0.7705166514376894,0.6417910447761194,0.9402985074626866,0.6417910447761194,0.9402985074626866,1.0,0.7828324874079892,0.7828324874079892,0.7828324874079892,1.0,1.0,1.0,1.0,81.0,0.0,0.0,0.105360515657833,20.0,0.0,0.0,0.06713930283762709,0.0
gtzan/gtzan_metal_00095/track.npy,gtzan,0.875,0.7061659003540857,0.7061659003540857,0.7061659003540857,1.0,1.0,1.0,1.0,0.875,0.6735941638766622,0.6735941638766622,0.6735941638766622,1.0,1.0,1.0,1.0,38.0,0.0,0.0,0.10265415406008377,10.0,0.0,0.0,0.019043711655142136,0.0
gtzan/gtzan_metal_00096/track.npy,gtzan,0.8450704225352113,0.6981714717297367,0.6981714717297367,0.6981714717297367,0.7027027027027027,0.7027027027027027,0.7027027027027027,0.7027027027027027,0.7368421052631577,0.6454007617508228,0.6454007617508228,0.6454007617508228,0.7,0.7,0.7,0.7,41.0,0.0,0.0,0.10382977377185083,11.0,0.0,0.0,0.0917605764218824,0.0
gtzan/gtzan_metal_00097/track.npy,gtzan,0.9705882352941176,0.8379683877139431,0.8379683877139431,0.8379683877139431,1.0,1.0,1.0,1.0,1.0,0.8196559733614732,0.8196559733614732,0.8196559733614732,1.0,1.0,1.0,1.0,40.0,0.0,0.0,0.08223809823697104,10.0,0.0,0.0,0.031186311924248297,0.0
gtzan/gtzan_metal_00098/track.npy,gtzan,1.0,0.9033607480036974,0.9033607480036974,0.9033607480036974,1.0,1.0,1.0,1.0,1.0,0.9027902150760796,0.9027902150760796,0.9027902150760796,1.0,1.0,1.0,1.0,39.0,0.0,0.0,0.07638103387627923,10.0,0.0,0.0,0.030070194310876538,0.0
gtzan/gtzan_metal_00099/track.npy,gtzan,0.9836065573770492,0.8688989303277446,0.8688989303277446,0.8688989303277446,0.967741935483871,0.967741935483871,0.967741935483871,0.967741935483871,1.0,0.8233874236068931,0.8233874236068931,0.8233874236068931,1.0,1.0,1.0,1.0,37.0,0.0,0.0,0.07232066157962458,9.0,0.0,0.0,0.030842578733338608,0.0
gtzan/gtzan_pop_00000/track.npy,gtzan,0.6666666666666666,0.6062250190576045,0.9059696612874327,0.7560973401725186,0.0,0.0,0.9821428571428571,0.9821428571428571,0.6666666666666666,0.5945347176392962,0.8693849113859076,0.7319598145126018,0.0,0.0,0.9285714285714286,0.9285714285714286,67.0,0.0,0.0,0.08701137698963009,16.0,0.0,0.0,0.022223136784711772,0.0
gtzan/gtzan_pop_00001/track.npy,gtzan,0.9887640449438202,0.9494834181087558,0.9494834181087558,0.9494834181087558,0.9777777777777777,0.9777777777777777,0.9777777777777777,0.9777777777777777,0.9565217391304348,0.9236631245178515,0.9236631245178515,0.9236631245178515,0.9166666666666666,0.9166666666666666,0.9166666666666666,0.9166666666666666,54.0,0.0,0.0,0.07145896398214399,14.0,0.0,0.0,0.017699577099401686,0.0
gtzan/gtzan_pop_00002/track.npy,gtzan,0.9904761904761905,0.9141662532551843,0.9141662532551843,0.9141662532551843,0.9811320754716981,0.9811320754716981,0.9811320754716981,0.9811320754716981,1.0,0.9509718509680436,0.9509718509680436,0.9509718509680436,1.0,1.0,1.0,1.0,64.0,0.0,0.0,0.08338160893905101,16.0,0.0,0.0,0.021053409197833717,0.0
gtzan/gtzan_pop_00003/track.npy,gtzan,0.9870129870129869,0.8686214250264027,0.8686214250264027,0.8686214250264027,0.9743589743589743,0.9743589743589743,0.9743589743589743,0.9743589743589743,0.9473684210526316,0.8767852504635375,0.8767852504635375,0.8767852504635375,0.9,0.9,0.9,0.9,46.0,0.0,0.0,0.06062462181643543,11.0,0.0,0.0,0.015384918839479367,0.0
gtzan/gtzan_pop_00004/track.npy,gtzan,1.0,0.9111993115916148,0.9111993115916148,0.9111993115916148,1.0,1.0,1.0,1.0,1.0,0.9425763863431749,0.9425763863431749,0.9425763863431749,1.0,1.0,1.0,1.0,40.0,0.0,0.0,0.05406722127027458,10.0,0.0,0.0,0.013423020332140378,0.0
gtzan/gtzan_pop_00005/track.npy,gtzan,1.0,0.8611969598391218,0.8611969598391218,0.8611969598391218,1.0,1.0,1.0,1.0,1.0,0.8488424270595957,0.8488424270595957,0.8488424270595957,1.0,1.0,1.0,1.0,42.0,0.0,0.0,0.11441035117774317,11.0,0.0,0.0,0.021353124470568828,0.0
gtzan/gtzan_pop_00006/track.npy,gtzan,0.9870129870129869,0.9135004434096375,0.9135004434096375,0.9135004434096375,0.9743589743589743,0.9743589743589743,0.9743589743589743,0.9743589743589743,0.9473684210526316,0.8467994977934273,0.8467994977934273,0.8467994977934273,0.9,0.9,0.9,0.9,46.0,0.0,0.0,0.06252035698133497,11.0,0.0,0.0,0.02010191018330496,0.0
gtzan/gtzan_pop_00007/track.npy,gtzan,0.6749999999999999,0.6017861707575463,0.8993683559366277,0.750577263347087,0.0,0.0,1.0,1.0,0.631578947368421,0.5422986682635836,0.7923695543242353,0.6673341112939095,0.0,0.0,0.8461538461538461,0.8461538461538461,64.0,0.0,0.0,0.08143511662063864,16.0,0.0,0.0,0.0357532695050538,0.0
gtzan/gtzan_pop_00008/track.npy,gtzan,1.0,0.9261015728777301,0.9261015728777301,0.9261015728777301,1.0,1.0,1.0,1.0,1.0,0.939346951465638,0.939346951465638,0.939346951465638,1.0,1.0,1.0,1.0,42.0,0.0,0.0,0.08455738802806378,10.0,0.0,0.0,0.007017572658646998,0.0
gtzan/gtzan_pop_00009/track.npy,gtzan,0.9885057471264368,0.8927172766855564,0.8927172766855564,0.8927172766855564,0.9772727272727273,0.9772727272727273,0.9772727272727273,0.9772727272727273,0.9523809523809523,0.8533535372680341,0.8533535372680341,0.8533535372680341,0.9090909090909091,0.9090909090909091,0.9090909090909091,0.9090909090909091,52.0,0.0,0.0,0.06899287148694999,13.0,0.0,0.0,0.013177469666532327,0.0
gtzan/gtzan_pop_00010/track.npy,gtzan,0.9887640449438202,0.8823796961508746,0.8823796961508746,0.8823796961508746,0.9777777777777777,0.9777777777777777,0.9777777777777777,0.9777777777777777,1.0,0.9110434323194391,0.9110434323194391,0.9110434323194391,1.0,1.0,1.0,1.0,53.0,0.0,0.0,0.07145896398214585,13.0,0.0,0.0,0.017857617400005632,0.0
gtzan/gtzan_pop_00011/track.npy,gtzan,0.1818181818181818,0.10701304297515243,0.1265704361043842,0.11679173953976832,0.1,0.23333333333333334,0.1,0.23333333333333334,0.0,0.0003717978932595033,0.0004731973186774229,0.0004224976059684631,0.25,0.25,0.25,0.25,37.0,0.0,0.0,0.10290552219960956,10.0,0.0,0.0,0.04327747001840442,0.0
gtzan/gtzan_pop_00012/track.npy,gtzan,0.963855421686747,0.8122457323780092,0.8122457323780092,0.8122457323780092,0.9761904761904762,0.9761904761904762,0.9761904761904762,0.9761904761904762,0.962962962962963,0.8542651310239634,0.8542651310239634,0.8542651310239634,0.9285714285714286,0.9285714285714286,0.9285714285714286,0.9285714285714286,50.0,0.0,0.0,0.06899287148694377,17.0,0.0,0.0,0.03278982282299139,0.0
gtzan/gtzan_pop_00013/track.npy,gtzan,1.0,0.941964525675728,0.941964525675728,0.941964525675728,1.0,1.0,1.0,1.0,1.0,0.9681208915387042,0.9681208915387042,0.9681208915387042,1.0,1.0,1.0,1.0,36.0,0.0,0.0,0.0476280489892561,9.0,0.0,0.0,0.011976191046715323,0.0
gtzan/gtzan_pop_00014/track.npy,gtzan,0.9896907216494846,0.9423444477415446,0.9423444477415446,0.9423444477415446,0.9795918367346939,0.9795918367346939,0.9795918367346939,0.9795918367346939,1.0,0.9375015247109713,0.9375015247109713,0.9375015247109713,1.0,1.0,1.0,1.0,59.0,0.0,0.0,0.0775773744436136,15.0,0.0,0.0,0.031166917182032374,0.0
gtzan/gtzan_pop_00015/track.npy,gtzan,1.0,0.9053986330759137,0.9053986330759137,0.9053986330759137,1.0,1.0,1.0,1.0,1.0,0.8841112857914439,0.8841112857914439,0.8841112857914439,1.0,1.0,1.0,1.0,52.0,0.0,0.0,0.07145896398214693,13.0,0.0,0.0,0.021683614557565734,0.0
gtzan/gtzan_pop_00016/track.npy,gtzan,0.9782608695652174,0.7773037010310276,0.7773037010310276,0.7773037010310276,1.0,1.0,1.0,1.0,0.9166666666666666,0.7967689528432903,0.7967689528432903,0.7967689528432903,1.0,1.0,1.0,1.0,55.0,0.0,0.0,0.07145896398214788,14.0,0.0,0.0,0.03129848386316692,0.0
gtzan/gtzan_pop_00017/track.npy,gtzan,0.9782608695652174,0.8585068566812142,0.8585068566812142,0.8585068566812142,0.9782608695652174,0.9782608695652174,0.9782608695652174,0.9782608695652174,1.0,0.9188747366719375,0.9188747366719375,0.9188747366719375,1.0,1.0,1.0,1.0,56.0,0.0,0.0,0.07410797215372678,14.0,0.0,0.0,0.02242156465215964,0.0
gtzan/gtzan_pop_00018/track.npy,gtzan,1.0,0.9679223299595447,0.9679223299595447,0.9679223299595447,1.0,1.0,1.0,1.0,1.0,0.9570340397359304,0.9570340397359304,0.9570340397359304,1.0,1.0,1.0,1.0,61.0,0.0,0.0,0.044744065835588674,15.0,0.0,0.0,0.020408871631207658,0.0
gtzan/gtzan_pop_00019/track.npy,gtzan,1.0,0.9114940867897221,0.9114940867897221,0.9114940867897221,1.0,1.0,1.0,1.0,1.0,0.9017750054148166,0.9017750054148166,0.9017750054148166,1.0,1.0,1.0,1.0,47.0,0.0,0.0,0.06252035698133401,12.0,0.0,0.0,0.01981793413952994,0.0
gtzan/gtzan_pop_00020/track.npy,gtzan,1.0,0.9108568780841213,0.9108568780841213,0.9108568780841213,1.0,1.0,1.0,1.0,1.0,0.9046709707645543,0.9046709707645543,0.9046709707645543,1.0,1.0,1.0,1.0,54.0,0.0,0.0,0.07145896398214968,13.0,0.0,0.0,0.027029220992938585,0.0
gtzan/gtzan_pop_00021/track.npy,gtzan,0.988235294117647,0.914694436378895,0.914694436378895,0.914694436378895,0.9767441860465116,0.9767441860465116,0.9767441860465116,0.9767441860465116,1.0,0.9069763908844313,0.9069763908844313,0.9069763908844313,1.0,1.0,1.0,1.0,50.0,0.0,0.0,0.06899287148695178,13.0,0.0,0.0,0.029717426840422723,0.0
gtzan/gtzan_pop_00022/track.npy,gtzan,1.0,0.7925215587107676,0.7925215587107676,0.7925215587107676,1.0,1.0,1.0,1.0,1.0,0.7567357148064512,0.7567357148064512,0.7567357148064512,1.0,1.0,1.0,1.0,52.0,0.0,0.0,0.07145896398214968,13.0,0.0,0.0,0.017316774573187255,0.0
gtzan/gtzan_pop_00023/track.npy,gtzan,1.0,0.8890021327402993,0.8890021327402993,0.8890021327402993,1.0,1.0,1.0,1.0,1.0,0.9130215153404868,0.9130215153404868,0.9130215153404868,1.0,1.0,1.0,1.0,52.0,0.0,0.0,0.06899287148695385,13.0,0.0,0.0,0.008583743691392143,0.0
gtzan/gtzan_pop_00024/track.npy,gtzan,1.0,0.927462817899611,0.927462817899611,0.927462817899611,1.0,1.0,1.0,1.0,1.0,0.9457435402301861,0.9457435402301861,0.9457435402301861,1.0,1.0,1.0,1.0,59.0,0.0,0.0,0.11778303565638104,15.0,0.0,0.0,0.029270382300113473,0.0
gtzan/gtzan_pop_00025/track.npy,gtzan,1.0,0.9239392369068031,0.9239392369068031,0.9239392369068031,1.0,1.0,1.0,1.0,1.0,0.8741525740736199,0.8741525740736199,0.8741525740736199,1.0,1.0,1.0,1.0,38.0,0.0,0.0,0.05001042057466479,9.0,0.0,0.0,0.025001302205417342,0.0
gtzan/gtzan_pop_00026/track.npy,gtzan,0.9841269841269841,0.9230663525160634,0.9230663525160634,0.9230663525160634,0.96875,0.96875,0.96875,0.96875,1.0,0.967956440336287,0.967956440336287,0.967956440336287,1.0,1.0,1.0,1.0,38.0,0.0,0.0,0.07598590697792265,10.0,0.0,0.0,0.006349227678658531,0.0
gtzan/gtzan_pop_00027/track.npy,gtzan,0.9859154929577464,0.9372632653779317,0.9372632653779317,0.9372632653779317,0.9722222222222222,0.9722222222222222,0.9722222222222222,0.9722222222222222,1.0,0.9757087940161104,0.9757087940161104,0.9757087940161104,1.0,1.0,1.0,1.0,43.0,0.0,0.0,0.05556985115480967,10.0,0.0,0.0,0.013986241974739388,0.0
gtzan/gtzan_pop_00028/track.npy,gtzan,1.0,0.9010954586393729,0.9010954586393729,0.9010954586393729,1.0,1.0,1.0,1.0,1.0,0.9156365426407437,0.9156365426407437,0.9156365426407437,1.0,1.0,1.0,1.0,51.0,0.0,0.0,0.03390155167568665,13.0,0.0,0.0,0.01255296056553934,0.0
gtzan/gtzan_pop_00029/track.npy,gtzan,1.0,0.8440821464863468,0.8440821464863468,0.8440821464863468,1.0,1.0,1.0,1.0,1.0,0.864907463584557,0.864907463584557,0.864907463584557,1.0,1.0,1.0,1.0,40.0,0.0,0.0,0.05796354423076833,10.0,0.0,0.0,0.013333530869465305,0.0
gtzan/gtzan_pop_00030/track.npy,gtzan,1.0,0.9469904392981496,0.9469904392981496,0.9469904392981496,1.0,1.0,1.0,1.0,1.0,0.961909307551229,0.961909307551229,0.961909307551229,1.0,1.0,1.0,1.0,48.0,0.0,0.0,0.06252035698133505,12.0,0.0,0.0,0.01228767281416058,0.0
gtzan/gtzan_pop_00031/track.npy,gtzan,1.0,0.862783876955414,0.862783876955414,0.862783876955414,1.0,1.0,1.0,1.0,1.0,0.8297440747467334,0.8297440747467334,0.8297440747467334,1.0,1.0,1.0,1.0,48.0,0.0,0.0,0.0640339800985149,12.0,0.0,0.0,0.015873349156289795,0.0
gtzan/gtzan_pop_00032/track.npy,gtzan,1.0,0.927547192043984,0.927547192043984,0.927547192043984,1.0,1.0,1.0,1.0,1.0,0.886733770737601,0.886733770737601,0.886733770737601,1.0,1.0,1.0,1.0,48.0,0.0,0.0,0.06453852113757111,12.0,0.0,0.0,0.02813422105081292,0.0
gtzan/gtzan_pop_00033/track.npy,gtzan,0.5853658536585366,0.5598288303493334,0.6050096970458015,0.5824192636975675,0.5853658536585366,0.5853658536585366,0.5853658536585366,0.5853658536585366,0.5454545454545454,0.5313374621526324,0.5313374621526324,0.5313374621526324,1.0,1.0,1.0,1.0,50.0,0.0,0.0,0.06669137449867363,13.0,0.0,0.0,0.029467209391638605,0.0
gtzan/gtzan_pop_00034/track.npy,gtzan,0.9873417721518987,0.9070632433968067,0.9070632433968067,0.9070632433968067,0.975,0.975,0.975,0.975,1.0,0.9350230200159384,0.9350230200159384,0.9350230200159384,1.0,1.0,1.0,1.0,48.0,0.0,0.0,0.03252954169589113,12.0,0.0,0.0,0.016000341346440905,0.0
gtzan/gtzan_pop_00035/track.npy,gtzan,1.0,0.8991868336229926,0.8991868336229926,0.8991868336229926,1.0,1.0,1.0,1.0,1.0,0.9207705295227829,0.9207705295227829,0.9207705295227829,1.0,1.0,1.0,1.0,54.0,0.0,0.0,0.07265101765935716,13.0,0.0,0.0,0.027150989065951037,0.0
gtzan/gtzan_pop_00036/track.npy,gtzan,1.0,0.8985552458188975,0.8985552458188975,0.8985552458188975,1.0,1.0,1.0,1.0,1.0,0.9067713660281077,0.9067713660281077,0.9067713660281077,1.0,1.0,1.0,1.0,49.0,0.0,0.0,0.06453852113756813,12.0,0.0,0.0,0.020847275403618006,0.0
gtzan/gtzan_pop_00037/track.npy,gtzan,0.9885057471264368,0.9059589344287784,0.9059589344287784,0.9059589344287784,0.9772727272727273,0.9772727272727273,0.9772727272727273,0.9772727272727273,1.0,0.8952521756101806,0.8952521756101806,0.8952521756101806,1.0,1.0,1.0,1.0,52.0,0.0,0.0,0.06899287148695268,13.0,0.0,0.0,0.01739174271187005,0.0
gtzan/gtzan_pop_00038/track.npy,gtzan,1.0,0.8904601335005463,0.8904601335005463,0.8904601335005463,1.0,1.0,1.0,1.0,1.0,0.8712856328411319,0.8712856328411319,0.8712856328411319,1.0,1.0,1.0,1.0,47.0,0.0,0.0,0.06252035698133415,11.0,0.0,0.0,0.032616073462418564,0.0
gtzan/gtzan_pop_00039/track.npy,gtzan,1.0,0.8532862338314977,0.8532862338314977,0.8532862338314977,1.0,1.0,1.0,1.0,1.0,0.8094217007462133,0.8094217007462133,0.8094217007462133,1.0,1.0,1.0,1.0,41.0,0.0,0.0,0.0555698511548145,11.0,0.0,0.0,0.027587956518829726,0.0
gtzan/gtzan_pop_00040/track.npy,gtzan,0.6666666666666666,0.5956583020208142,0.9075592778637636,0.7516087899422889,0.0,0.0,0.9814814814814815,0.9814814814814815,0.631578947368421,0.5345411723816116,0.8173319730016245,0.675936572691618,0.0,0.0,0.8461538461538461,0.8461538461538461,65.0,0.0,0.0,0.08701137698963161,16.0,0.0,0.0,0.021739986636405417,0.0
gtzan/gtzan_pop_00041/track.npy,gtzan,0.6176470588235294,0.4982760116540291,0.705758908873837,0.602017460263933,0.0,0.0,0.9777777777777777,0.9777777777777777,0.5555555555555556,0.4173254761641115,0.6172969541792684,0.51731121517169,0.0,0.0,0.9166666666666666,0.9166666666666666,54.0,0.0,0.0,0.07145896398214693,14.0,0.0,0.0,0.018018505502678618,0.0
gtzan/gtzan_pop_00042/track.npy,gtzan,1.0,0.9241258223450203,0.9241258223450203,0.9241258223450203,1.0,1.0,1.0,1.0,1.0,0.9138666199414465,0.9138666199414465,0.9138666199414465,1.0,1.0,1.0,1.0,47.0,0.0,0.0,0.06252035698133483,12.0,0.0,0.0,0.015504186535966002,0.0
gtzan/gtzan_pop_00043/track.npy,gtzan,0.6666666666666666,0.4713173765526211,0.7005859455706565,0.5859516610616388,0.0,0.0,0.9821428571428571,0.9821428571428571,0.6341463414634146,0.4644262713643355,0.7052398935532502,0.5848330824587928,0.0,0.0,0.9285714285714286,0.9285714285714286,67.0,0.0,0.0,0.08701137698963499,17.0,0.0,0.0,0.04769503740209854,0.0
gtzan/gtzan_pop_00044/track.npy,gtzan,0.98989898989899,0.9284658886645857,0.9284658886645857,0.9284658886645857,0.98,0.98,0.98,0.98,1.0,0.9539502802579821,0.9539502802579821,0.9539502802579821,1.0,1.0,1.0,1.0,60.0,0.0,0.0,0.08004270767353472,15.0,0.0,0.0,0.019802627296180986,0.0
gtzan/gtzan_pop_00045/track.npy,gtzan,1.0,0.910893754084074,0.910893754084074,0.910893754084074,1.0,1.0,1.0,1.0,1.0,0.8716121504846259,0.8716121504846259,0.8716121504846259,1.0,1.0,1.0,1.0,44.0,0.0,0.0,0.05884050002293223,11.0,0.0,0.0,0.019069802987144287,0.0
gtzan/gtzan_pop_00046/track.npy,gtzan,1.0,0.883172355674191,0.883172355674191,0.883172355674191,1.0,1.0,1.0,1.0,1.0,0.8342648293731968,0.8342648293731968,0.8342648293731968,1.0,1.0,1.0,1.0,44.0,0.0,0.0,0.05884050002293463,11.0,0.0,0.0,0.011689695689521782,0.0
gtzan/gtzan_pop_00047/track.npy,gtzan,0.9782608695652174,0.7728644047334938,0.7728644047334938,0.7728644047334938,0.9782608695652174,0.9782608695652174,0.9782608695652174,0.9782608695652174,1.0,0.7324670552309454,0.7324670552309454,0.7324670552309454,1.0,1.0,1.0,1.0,56.0,0.0,0.0,0.07410797215372356,14.0,0.0,0.0,0.03158505088615497,0.0
gtzan/gtzan_pop_00048/track.npy,gtzan,0.9811320754716981,0.9136176452880104,0.9136176452880104,0.9136176452880104,0.9629629629629629,0.9629629629629629,0.9629629629629629,0.9629629629629629,0.962962962962963,0.8835096938693267,0.8835096938693267,0.8835096938693267,0.9285714285714286,0.9285714285714286,0.9285714285714286,0.9285714285714286,64.0,0.0,0.0,0.08701137698962769,16.0,0.0,0.0,0.021277398447284646,0.0
gtzan/gtzan_pop_00049/track.npy,gtzan,0.6666666666666666,0.627127462183043,0.9373260014933047,0.7822267318381739,0.0,0.0,0.98,0.98,0.6666666666666666,0.6118873575226549,0.8909284070494069,0.7514078822860308,0.0,0.0,0.9166666666666666,0.9166666666666666,60.0,0.0,0.0,0.08004270767354182,15.0,0.0,0.0,0.013754766421157836,0.0
gtzan/gtzan_pop_00050/track.npy,gtzan,0.6666666666666666,0.5512044580361877,0.8095746198542041,0.6803895389451959,0.0,0.0,0.9827586206896551,0.9827586206896551,0.6956521739130436,0.575201946674419,0.8483420852639144,0.7117720159691667,0.0,0.0,1.0,1.0,70.0,0.0,0.0,0.04652001563490016,18.0,0.0,0.0,0.026215476576016916,0.0
gtzan/gtzan_pop_00051/track.npy,gtzan,0.9787234042553191,0.7896394634823893,0.7896394634823893,0.7896394634823893,0.9583333333333334,0.9583333333333334,0.9583333333333334,0.9583333333333334,0.9565217391304348,0.7250172494367667,0.7250172494367667,0.7250172494367667,0.9166666666666666,0.9166666666666666,0.9166666666666666,0.9166666666666666,56.0,0.0,0.0,0.051431253803436494,14.0,0.0,0.0,0.027202055799638636,0.0
gtzan/gtzan_pop_00052/track.npy,gtzan,0.9772727272727273,0.871119880212362,0.871119880212362,0.871119880212362,0.9772727272727273,0.9772727272727273,0.9772727272727273,0.9772727272727273,1.0,0.8639168016207196,0.8639168016207196,0.8639168016207196,1.0,1.0,1.0,1.0,52.0,0.0,0.0,0.06899287148695475,13.0,0.0,0.0,0.008658062743114203,0.0
gtzan/gtzan_pop_00053/track.npy,gtzan,0.13043478260869565,0.0752523109904496,0.09239889759851273,0.08382560429448116,0.0,0.0,0.0,0.0,0.0,0.01935953076007328,0.025812668078243513,0.022586099419158394,0.5,0.5,0.5,0.5,23.0,0.0,0.0,0.08576682175742484,8.0,0.0,0.0,0.07222016271780801,0.0
gtzan/gtzan_pop_00054/track.npy,gtzan,1.0,0.889411308011503,0.889411308011503,0.889411308011503,1.0,1.0,1.0,1.0,1.0,0.9348198193790797,0.9348198193790797,0.9348198193790797,1.0,1.0,1.0,1.0,49.0,0.0,0.0,0.06604551849033811,12.0,0.0,0.0,0.008163310639161536,0.0
gtzan/gtzan_pop_00055/track.npy,gtzan,0.9885057471264368,0.9063385611775189,0.9063385611775189,0.9063385611775189,0.9772727272727273,0.9772727272727273,0.9772727272727273,0.9772727272727273,0.9523809523809523,0.897163669720005,0.897163669720005,0.897163669720005,0.9090909090909091,0.9090909090909091,0.9090909090909091,0.9090909090909091,52.0,0.0,0.0,0.07145896398214668,13.0,0.0,0.0,0.017391742711869718,0.0
gtzan/gtzan_pop_00056/track.npy,gtzan,1.0,0.9037971323322398,0.9037971323322398,0.9037971323322398,1.0,1.0,1.0,1.0,1.0,0.9150028174664315,0.9150028174664315,0.9150028174664315,1.0,1.0,1.0,1.0,45.0,0.0,0.0,0.055941746335607286,12.0,0.0,0.0,0.01481508578514168,0.0
gtzan/gtzan_pop_00057/track.npy,gtzan,0.9772727272727273,0.887936493044561,0.887936493044561,0.887936493044561,1.0,1.0,1.0,1.0,0.0,1.6761354107072813e-173,0.8149868631087152,0.4074934315543576,0.0,0.0,0.9090909090909091,0.9090909090909091,52.0,0.0,0.0,0.0689928714869561,13.0,0.0,0.0,0.01724180643450829,0.0
gtzan/gtzan_pop_00058/track.npy,gtzan,0.9879518072289156,0.8539227976210599,0.8539227976210599,0.8539227976210599,0.9761904761904762,0.9761904761904762,0.9761904761904762,0.9761904761904762,1.0,0.8749326165247113,0.8749326165247113,0.8749326165247113,1.0,1.0,1.0,1.0,50.0,0.0,0.0,0.032789822822996084,12.0,0.0,0.0,0.012690085164242722,0.0
gtzan/gtzan_pop_00059/track.npy,gtzan,1.0,0.9120327463798584,0.9120327463798584,0.9120327463798584,1.0,1.0,1.0,1.0,1.0,0.9371928278975371,0.9371928278975371,0.9371928278975371,1.0,1.0,1.0,1.0,45.0,0.0,0.0,0.05884050002293223,12.0,0.0,0.0,0.00743497848751784,0.0
gtzan/gtzan_pop_00060/track.npy,gtzan,0.926829268292683,0.7872073012257648,0.7872073012257648,0.7872073012257648,0.9512195121951219,0.9512195121951219,0.9512195121951219,0.9512195121951219,1.0,0.8299206390764503,0.8299206390764503,0.8299206390764503,1.0,1.0,1.0,1.0,49.0,0.0,0.0,0.06604551849033811,12.0,0.0,0.0,0.008163310639161536,0.0
gtzan/gtzan_pop_00061/track.npy,gtzan,1.0,0.9448669137926731,0.9448669137926731,0.9448669137926731,1.0,1.0,1.0,1.0,1.0,0.9444725675892253,0.9444725675892253,0.9444725675892253,1.0,1.0,1.0,1.0,48.0,0.0,0.0,0.06453852113757488,12.0,0.0,0.0,0.023905520853556083,0.0
gtzan/gtzan_pop_00062/track.npy,gtzan,0.955223880597015,0.5706507068355458,0.5706507068355458,0.5706507068355458,0.9705882352941176,0.9705882352941176,0.9705882352941176,0.9705882352941176,0.823529411764706,0.5452660464959627,0.5452660464959627,0.5452660464959627,0.8888888888888888,0.8888888888888888,0.8888888888888888,0.8888888888888888,41.0,0.0,0.0,0.08004270767353708,11.0,0.0,0.0,0.026847250036189107,0.0
gtzan/gtzan_pop_00063/track.npy,gtzan,0.28205128205128205,0.23841446313632558,0.3420136657597222,0.2902140644480239,0.0,0.0,0.46153846153846156,0.46153846153846156,0.3,0.2769415476469841,0.39913244873151765,0.33803699818925087,0.0,0.0,1.0,1.0,62.0,0.0,0.0,0.08338160893905311,15.0,0.0,0.0,0.07447044693292756,0.0
gtzan/gtzan_pop_00064/track.npy,gtzan,0.7090909090909091,0.6020138556380636,0.6020138556380636,0.6020138556380636,0.39285714285714285,0.6964285714285714,0.39285714285714285,0.6964285714285714,0.5517241379310344,0.5249645174386924,0.5249645174386924,0.5249645174386924,0.4,0.6666666666666666,0.4,0.6666666666666666,67.0,0.0,0.0,0.09444249948459812,17.0,0.0,0.0,0.08206807129154056,0.0
gtzan/gtzan_pop_00065/track.npy,gtzan,0.6666666666666666,0.5730657533174894,0.863713300788508,0.7183895270529987,0.0,0.0,0.9791666666666666,0.9791666666666666,0.6666666666666666,0.6064600365422261,0.8661278775528622,0.7362939570475442,0.0,0.0,0.9166666666666666,0.9166666666666666,58.0,0.0,0.0,0.07696104113612678,14.0,0.0,0.0,0.013917310926433777,0.0
gtzan/gtzan_pop_00066/track.npy,gtzan,1.0,0.957337022112206,0.957337022112206,0.957337022112206,1.0,1.0,1.0,1.0,1.0,0.9682327890295271,0.9682327890295271,0.9682327890295271,1.0,1.0,1.0,1.0,41.0,0.0,0.0,0.08026224672987908,11.0,0.0,0.0,0.0068259650703998975,0.0
gtzan/gtzan_pop_00067/track.npy,gtzan,1.0,0.9095312287888332,0.9095312287888332,0.9095312287888332,1.0,1.0,1.0,1.0,1.0,0.9110243594925237,0.9110243594925237,0.9110243594925237,1.0,1.0,1.0,1.0,57.0,0.0,0.0,0.03774032798285287,14.0,0.0,0.0,0.03247712992396433,0.0
gtzan/gtzan_pop_00068/track.npy,gtzan,0.6749999999999999,0.5645225233440676,0.8424675495563108,0.7034950364501892,0.0,0.0,1.0,1.0,0.6666666666666666,0.5520422917052548,0.7707516941853785,0.6613969929453166,0.0,0.0,0.9285714285714286,0.9285714285714286,64.0,0.0,0.0,0.0870113769896317,16.0,0.0,0.0,0.03575326950505475,0.0
gtzan/gtzan_pop_00069/track.npy,gtzan,1.0,0.9469305867241722,0.9469305867241722,0.9469305867241722,1.0,1.0,1.0,1.0,1.0,0.9498520134000842,0.9498520134000842,0.9498520134000842,1.0,1.0,1.0,1.0,53.0,0.0,0.0,0.035091319811275556,13.0,0.0,0.0,0.017544309650910306,0.0
gtzan/gtzan_pop_00070/track.npy,gtzan,1.0,0.9287789277174876,0.9287789277174876,0.9287789277174876,1.0,1.0,1.0,1.0,1.0,0.8876144218323353,0.8876144218323353,0.8876144218323353,1.0,1.0,1.0,1.0,62.0,0.0,0.0,0.08338160893905311,16.0,0.0,0.0,0.02083408690284161,0.0
gtzan/gtzan_pop_00071/track.npy,gtzan,1.0,0.9165628816872101,0.9165628816872101,0.9165628816872101,1.0,1.0,1.0,1.0,1.0,0.9212018982956905,0.9212018982956905,0.9212018982956905,1.0,1.0,1.0,1.0,57.0,0.0,0.0,0.03774032798285287,14.0,0.0,0.0,0.03247712992396433,0.0
gtzan/gtzan_pop_00072/track.npy,gtzan,1.0,0.8923497071318844,0.8923497071318844,0.8923497071318844,1.0,1.0,1.0,1.0,1.0,0.8724969270639865,0.8724969270639865,0.8724969270639865,1.0,1.0,1.0,1.0,58.0,0.0,0.0,0.07696104113613,14.0,0.0,0.0,0.009661910911736737,0.0
gtzan/gtzan_pop_00073/track.npy,gtzan,1.0,0.9244977995951634,0.9244977995951634,0.9244977995951634,1.0,1.0,1.0,1.0,1.0,0.9291258559888766,0.9291258559888766,0.9291258559888766,1.0,1.0,1.0,1.0,64.0,0.0,0.0,0.08701137698963159,16.0,0.0,0.0,0.03208831455150005,0.0
gtzan/gtzan_pop_00074/track.npy,gtzan,0.9714285714285714,0.9172172537527126,0.9172172537527126,0.9172172537527126,1.0,1.0,1.0,1.0,0.0,1.0439242333918863e-270,0.7915884875723447,0.39579424378617234,0.0,0.0,0.7777777777777778,0.7777777777777778,42.0,0.0,0.0,0.08235406272652931,11.0,0.0,0.0,0.013889112160666794,0.0
gtzan/gtzan_pop_00075/track.npy,gtzan,1.0,0.9066645928121095,0.9066645928121095,0.9066645928121095,1.0,1.0,1.0,1.0,1.0,0.851208004839549,0.851208004839549,0.851208004839549,1.0,1.0,1.0,1.0,47.0,0.0,0.0,0.09472280786966183,12.0,0.0,0.0,0.05146746486060898,0.0
gtzan/gtzan_pop_00076/track.npy,gtzan,0.3859649122807018,0.27086946190491695,0.34310131841270314,0.30698539015881005,0.0,0.0,0.0,0.0,0.0,8.820951107423695e-21,6.862164220564899e-15,3.431086520758003e-15,0.0,0.0,0.0,0.0,41.0,0.0,0.0,0.10821358464023523,10.0,0.0,0.0,0.018230199428094992,0.0
gtzan/gtzan_pop_00077/track.npy,gtzan,0.989247311827957,0.9576589447233744,0.9576589447233744,0.9576589447233744,0.9787234042553191,0.9787234042553191,0.9787234042553191,0.9787234042553191,0.9565217391304348,0.9033455761585172,0.9033455761585172,0.9033455761585172,0.9166666666666666,0.9166666666666666,0.9166666666666666,0.9166666666666666,56.0,0.0,0.0,0.07410797215372356,14.0,0.0,0.0,0.02765153133051016,0.0
gtzan/gtzan_pop_00078/track.npy,gtzan,1.0,0.9295391048634538,0.9295391048634538,0.9295391048634538,1.0,1.0,1.0,1.0,1.0,0.9463564520654831,0.9463564520654831,0.9463564520654831,1.0,1.0,1.0,1.0,53.0,0.0,0.0,0.07145896398214191,14.0,0.0,0.0,0.02620237239402306,0.0
gtzan/gtzan_pop_00079/track.npy,gtzan,1.0,0.8778514170769501,0.8778514170769501,0.8778514170769501,1.0,1.0,1.0,1.0,1.0,0.8949375971416126,0.8949375971416126,0.8949375971416126,1.0,1.0,1.0,1.0,56.0,0.0,0.0,0.07510654629756466,14.0,0.0,0.0,0.018868484304384148,0.0
gtzan/gtzan_pop_00080/track.npy,gtzan,1.0,0.7766775675070562,0.7766775675070562,0.7766775675070562,1.0,1.0,1.0,1.0,1.0,0.7053997039611902,0.7053997039611902,0.7053997039611902,1.0,1.0,1.0,1.0,55.0,0.0,0.0,0.07410797215372485,14.0,0.0,0.0,0.026701091354672808,0.0
gtzan/gtzan_pop_00081/track.npy,gtzan,0.6593406593406593,0.5668431738856984,0.8227906798574178,0.694816926871558,0.0,0.0,0.9672131147540983,0.9672131147540983,0.6956521739130436,0.6121410820112896,0.8586270614542807,0.7353840717327851,0.0,0.0,1.0,1.0,73.0,0.0,0.0,0.0976968191806582,18.0,0.0,0.0,0.027385500885838132,0.0
gtzan/gtzan_pop_00082/track.npy,gtzan,0.9906542056074767,0.9026668557292146,0.9026668557292146,0.9026668557292146,0.9814814814814815,0.9814814814814815,0.9814814814814815,0.9814814814814815,1.0,0.9026581478219846,0.9026581478219846,0.9026581478219846,1.0,1.0,1.0,1.0,64.0,0.0,0.0,0.08338160893905111,16.0,0.0,0.0,0.031748698314579715,0.0
gtzan/gtzan_pop_00083/track.npy,gtzan,1.0,0.9361772957510903,0.9361772957510903,0.9361772957510903,1.0,1.0,1.0,1.0,0.0,1.2876534685471142e-120,0.8449698478089807,0.42248492390449033,0.0,0.0,0.9230769230769231,0.9230769230769231,62.0,0.0,0.0,0.08338160893905311,15.0,0.0,0.0,0.02061928720273698,0.0
gtzan/gtzan_pop_00084/track.npy,gtzan,1.0,0.8943154367356075,0.8943154367356075,0.8943154367356075,1.0,1.0,1.0,1.0,1.0,0.8335027335938578,0.8335027335938578,0.8335027335938578,1.0,1.0,1.0,1.0,50.0,0.0,0.0,0.0666913744986717,12.0,0.0,0.0,0.008368249670516215,0.0
gtzan/gtzan_pop_00085/track.npy,gtzan,1.0,0.9309711340872449,0.9309711340872449,0.9309711340872449,1.0,1.0,1.0,1.0,0.0,1.8851432609313006e-131,0.9172384233370887,0.45861921166854436,0.0,0.0,1.0,1.0,60.0,0.0,0.0,0.08004270767354893,15.0,0.0,0.0,0.020000666706670667,0.0
gtzan/gtzan_pop_00086/track.npy,gtzan,1.0,0.9348185163663488,0.9348185163663488,0.9348185163663488,1.0,1.0,1.0,1.0,0.0,1.7602351474824635e-107,0.8852318986893603,0.4426159493446801,0.0,0.0,0.9285714285714286,0.9285714285714286,66.0,0.0,0.0,0.08701137698962988,16.0,0.0,0.0,0.014875010872851603,0.0
gtzan/gtzan_pop_00087/track.npy,gtzan,1.0,0.8110495926151537,0.8110495926151537,0.8110495926151537,1.0,1.0,1.0,1.0,1.0,0.7604474504547408,0.7604474504547408,0.7604474504547408,1.0,1.0,1.0,1.0,51.0,0.0,0.0,0.0689928714869561,13.0,0.0,0.0,0.029717426840422667,0.0
gtzan/gtzan_pop_00088/track.npy,gtzan,1.0,0.8831261365981724,0.8831261365981724,0.8831261365981724,1.0,1.0,1.0,1.0,1.0,0.8253112678479683,0.8253112678479683,0.8253112678479683,1.0,1.0,1.0,1.0,50.0,0.0,0.0,0.06669137449867674,12.0,0.0,0.0,0.012932591218599656,0.0
gtzan/gtzan_pop_00089/track.npy,gtzan,1.0,0.8884128663802804,0.8884128663802804,0.8884128663802804,1.0,1.0,1.0,1.0,1.0,0.8569972220265801,0.8569972220265801,0.8569972220265801,1.0,1.0,1.0,1.0,50.0,0.0,0.0,0.06669137449867565,13.0,0.0,0.0,0.029467209391637494,0.0
gtzan/gtzan_pop_00090/track.npy,gtzan,1.0,0.8086848002474023,0.8086848002474023,0.8086848002474023,1.0,1.0,1.0,1.0,1.0,0.7843817578255279,0.7843817578255279,0.7843817578255279,1.0,1.0,1.0,1.0,51.0,0.0,0.0,0.06899287148695155,13.0,0.0,0.0,0.03404645821198016,0.0
gtzan/gtzan_pop_00091/track.npy,gtzan,1.0,0.9081622085147844,0.9081622085147844,0.9081622085147844,1.0,1.0,1.0,1.0,1.0,0.9299586138774739,0.9299586138774739,0.9299586138774739,1.0,1.0,1.0,1.0,58.0,0.0,0.0,0.07696104113612678,14.0,0.0,0.0,0.01923136192788899,0.0
gtzan/gtzan_pop_00092/track.npy,gtzan,1.0,0.8878121998250649,0.8878121998250649,0.8878121998250649,1.0,1.0,1.0,1.0,1.0,0.8830229786391748,0.8830229786391748,0.8830229786391748,1.0,1.0,1.0,1.0,55.0,0.0,0.0,0.07251856725077743,13.0,0.0,0.0,0.04567003683318882,0.0
gtzan/gtzan_pop_00093/track.npy,gtzan,1.0,0.9551105637602854,0.9551105637602854,0.9551105637602854,1.0,1.0,1.0,1.0,1.0,0.9394315873984685,0.9394315873984685,0.9394315873984685,1.0,1.0,1.0,1.0,67.0,0.0,0.0,0.09097177820572828,17.0,0.0,0.0,0.033522692038643345,0.0
gtzan/gtzan_pop_00094/track.npy,gtzan,1.0,0.868962322175847,0.868962322175847,0.868962322175847,1.0,1.0,1.0,1.0,1.0,0.848988247476728,0.848988247476728,0.848988247476728,1.0,1.0,1.0,1.0,38.0,0.0,0.0,0.05001042057466308,9.0,0.0,0.0,0.02500130220541801,0.0
gtzan/gtzan_pop_00095/track.npy,gtzan,1.0,0.8975547327713489,0.8975547327713489,0.8975547327713489,1.0,1.0,1.0,1.0,1.0,0.8773315535651982,0.8773315535651982,0.8773315535651982,1.0,1.0,1.0,1.0,53.0,0.0,0.0,0.035091319811275556,14.0,0.0,0.0,0.026202372394024342,0.0
gtzan/gtzan_pop_00096/track.npy,gtzan,1.0,0.893633835687169,0.893633835687169,0.893633835687169,1.0,1.0,1.0,1.0,1.0,0.8214118897577919,0.8214118897577919,0.8214118897577919,1.0,1.0,1.0,1.0,46.0,0.0,0.0,0.0606246218164391,12.0,0.0,0.0,0.026934547217208452,0.0
gtzan/gtzan_pop_00097/track.npy,gtzan,1.0,0.7799725229325157,0.7799725229325157,0.7799725229325157,1.0,1.0,1.0,1.0,1.0,0.7419516201755655,0.7419516201755655,0.7419516201755655,1.0,1.0,1.0,1.0,50.0,0.0,0.0,0.06669137449867218,12.0,0.0,0.0,0.012825577339778267,0.0
gtzan/gtzan_pop_00098/track.npy,gtzan,1.0,0.9132931939262704,0.9132931939262704,0.9132931939262704,1.0,1.0,1.0,1.0,1.0,0.9342138316203079,0.9342138316203079,0.9342138316203079,1.0,1.0,1.0,1.0,57.0,0.0,0.0,0.07696104113612892,15.0,0.0,0.0,0.01923136192788899,0.0
gtzan/gtzan_pop_00099/track.npy,gtzan,1.0,0.8995790894357509,0.8995790894357509,0.8995790894357509,1.0,1.0,1.0,1.0,1.0,0.9711767877510803,0.9711767877510803,0.9711767877510803,1.0,1.0,1.0,1.0,39.0,0.0,0.0,0.08004270767353706,10.0,0.0,0.0,0.006600684031353055,0.0
gtzan/gtzan_reggae_00000/track.npy,gtzan,1.0,0.9291350406421492,0.9291350406421492,0.9291350406421492,1.0,1.0,1.0,1.0,0.0,1.4545211761862706e-124,0.8542236063619745,0.42711180318098724,0.0,0.0,0.8461538461538461,0.8461538461538461,61.0,0.0,0.0,0.08338160893904922,15.0,0.0,0.0,0.04082199452025603,0.0
gtzan/gtzan_reggae_00001/track.npy,gtzan,0.6666666666666666,0.5497773619364187,0.8385939320270793,0.694185646981749,0.0,0.0,0.890625,0.96875,0.6666666666666666,0.5297315389301407,0.8236736525861479,0.6767025957581443,0.0,0.0,0.9375,0.9375,78.0,0.0,0.0,0.10536051565782856,19.0,0.0,0.0,0.04136355753069566,0.0
gtzan/gtzan_reggae_00002/track.npy,gtzan,0.6666666666666666,0.6270484293515408,0.9405726439471928,0.7838105366493668,0.0,0.0,1.0,1.0,0.6666666666666666,0.6164333685171624,0.9246500527757434,0.7705417106464529,0.0,0.0,1.0,1.0,51.0,0.0,0.0,0.0689928714869561,13.0,0.0,0.0,0.017241806434506457,0.0
gtzan/gtzan_reggae_00003/track.npy,gtzan,0.991869918699187,0.897958252233175,0.897958252233175,0.897958252233175,0.9838709677419355,0.9838709677419355,0.9838709677419355,0.9838709677419355,0.0,5.522959483820466e-83,0.8781277580543588,0.4390638790271794,0.0,0.0,0.9333333333333333,0.9333333333333333,75.0,0.0,0.0,0.10008345855698256,19.0,0.0,0.0,0.024692612590369645,0.0
gtzan/gtzan_reggae_00004/track.npy,gtzan,0.9807692307692307,0.903582549889994,0.903582549889994,0.903582549889994,0.9807692307692307,0.9807692307692307,0.9807692307692307,0.9807692307692307,1.0,0.940888151944728,0.940888151944728,0.940888151944728,1.0,1.0,1.0,1.0,63.0,0.0,0.0,0.08338160893905688,16.0,0.0,0.0,0.024423861961358734,0.0
gtzan/gtzan_reggae_00005/track.npy,gtzan,1.0,0.9509345666174616,0.9509345666174616,0.9509345666174616,1.0,1.0,1.0,1.0,0.0,2.042572783961492e-76,0.8808893789999096,0.4404446894999548,0.0,0.0,0.8823529411764706,0.8823529411764706,79.0,0.0,0.0,0.105360515657825,20.0,0.0,0.0,0.03922071315328157,0.0
gtzan/gtzan_reggae_00006/track.npy,gtzan,1.0,0.9345480173019314,0.9345480173019314,0.9345480173019314,1.0,1.0,1.0,1.0,1.0,0.9149868212115295,0.9149868212115295,0.9149868212115295,1.0,1.0,1.0,1.0,75.0,0.0,0.0,0.10008345855698497,19.0,0.0,0.0,0.027549107360903737,0.0
gtzan/gtzan_reggae_00007/track.npy,gtzan,0.9841269841269841,0.918922062968287,0.918922062968287,0.918922062968287,0.96875,0.96875,0.96875,0.96875,1.0,0.9414673925371425,0.9414673925371425,0.9414673925371425,1.0,1.0,1.0,1.0,76.0,0.0,0.0,0.10193042854228139,19.0,0.0,0.0,0.037836504950317075,0.0
gtzan/gtzan_reggae_00008/track.npy,gtzan,0.6557377049180327,0.5822057147510745,0.8662085024134885,0.7242071085822814,0.0,0.0,0.975609756097561,0.975609756097561,0.4,0.33788035073987804,0.4129868505449716,0.3754336006424248,0.0,0.0,0.0,0.0,49.0,0.0,0.0,0.06453852113757264,16.0,0.0,0.0,0.04618658988123742,0.0
gtzan/gtzan_reggae_00009/track.npy,gtzan,1.0,0.9425892075865034,0.9425892075865034,0.9425892075865034,1.0,1.0,1.0,1.0,1.0,0.9452463442450795,0.9452463442450795,0.9452463442450795,1.0,1.0,1.0,1.0,79.0,0.0,0.0,0.105360515657833,20.0,0.0,0.0,0.013245226750020322,0.0
gtzan/gtzan_reggae_00010/track.npy,gtzan,1.0,0.8867422723221795,0.8867422723221795,0.8867422723221795,1.0,1.0,1.0,1.0,1.0,0.908641323653947,0.908641323653947,0.908641323653947,1.0,1.0,1.0,1.0,57.0,0.0,0.0,0.076961041136131,14.0,0.0,0.0,0.027722179864859562,0.0
gtzan/gtzan_reggae_00011/track.npy,gtzan,1.0,0.9120038985016654,0.9120038985016654,0.9120038985016654,1.0,1.0,1.0,1.0,0.0,1.275693138603228e-31,1.0258010449425433e-29,5.192789881642878e-30,0.0,0.0,0.0,0.0,63.0,0.0,0.0,0.08338160893905111,16.0,0.0,0.0,0.021053409197830053,0.0
gtzan/gtzan_reggae_00012/track.npy,gtzan,0.6707317073170732,0.6053747670627259,0.9025572338258313,0.7539660004442785,0.0,0.0,1.0,1.0,0.0,3.7365763831099267e-26,0.6029595265766543,0.30147976328832715,0.0,0.0,0.0,0.0,66.0,0.0,0.0,0.08701137698963579,17.0,0.0,0.0,0.02197890671877578,0.0
gtzan/gtzan_reggae_00013/track.npy,gtzan,1.0,0.9251068095217211,0.9251068095217211,0.9251068095217211,1.0,1.0,1.0,1.0,1.0,0.9064057028990787,0.9064057028990787,0.9064057028990787,1.0,1.0,1.0,1.0,62.0,0.0,0.0,0.08338160893905078,16.0,0.0,0.0,0.04457823692782968,0.0
gtzan/gtzan_reggae_00014/track.npy,gtzan,0.9908256880733944,0.7951703127832795,0.7951703127832795,0.7951703127832795,0.9818181818181818,0.9818181818181818,0.9818181818181818,0.9818181818181818,0.0,6.418383078625002e-106,0.7966028261415987,0.39830141307079936,0.0,0.0,0.9285714285714286,0.9285714285714286,66.0,0.0,0.0,0.0870113769896318,17.0,0.0,0.0,0.021739986636405882,0.0
gtzan/gtzan_reggae_00015/track.npy,gtzan,1.0,0.9352449580403932,0.9352449580403932,0.9352449580403932,1.0,1.0,1.0,1.0,0.0,1.8359313631677683e-28,2.4612033949966298e-28,2.1485673790821992e-28,0.0,0.0,0.0,0.0,63.0,0.0,0.0,0.08338160893905311,16.0,0.0,0.0,0.03537567377702025,0.0
gtzan/gtzan_reggae_00016/track.npy,gtzan,0.9914529914529915,0.8945193563904114,0.8945193563904114,0.8945193563904114,0.9830508474576272,0.9830508474576272,0.9830508474576272,0.9830508474576272,0.9655172413793104,0.8796365512928975,0.8796365512928975,0.8796365512928975,0.9333333333333333,0.9333333333333333,0.9333333333333333,0.9333333333333333,71.0,0.0,0.0,0.09531017980433143,18.0,0.0,0.0,0.023810648693718073,0.0
gtzan/gtzan_reggae_00017/track.npy,gtzan,0.9904761904761905,0.8518159427270493,0.8518159427270493,0.8518159427270493,0.9811320754716981,0.9811320754716981,0.9811320754716981,0.9811320754716981,0.0,8.37299948178509e-114,0.871366438675209,0.4356832193376045,0.0,0.0,0.9230769230769231,0.9230769230769231,63.0,0.0,0.0,0.12783337150988194,15.0,0.0,0.0,0.04670472923301406,0.0
gtzan/gtzan_reggae_00018/track.npy,gtzan,0.9922480620155039,0.911514474683706,0.911514474683706,0.911514474683706,0.9846153846153847,0.9846153846153847,0.9846153846153847,0.9846153846153847,0.0,9.200129021164229e-74,0.8480805652585521,0.42404028262927607,0.0,0.0,0.9375,0.9375,78.0,0.0,0.0,0.10536051565782967,19.0,0.0,0.0,0.039220713153280684,0.0
gtzan/gtzan_reggae_00019/track.npy,gtzan,0.9917355371900827,0.8951987039775132,0.8951987039775132,0.8951987039775132,0.9836065573770492,0.9836065573770492,0.9836065573770492,0.9836065573770492,1.0,0.8575465859846385,0.8575465859846385,0.8575465859846385,1.0,1.0,1.0,1.0,74.0,0.0,0.0,0.10008345855698375,19.0,0.0,0.0,0.05643440673347162,0.0
gtzan/gtzan_reggae_00020/track.npy,gtzan,0.9906542056074767,0.8988957394931116,0.8988957394931116,0.8988957394931116,0.9814814814814815,0.9814814814814815,0.9814814814814815,0.9814814814814815,1.0,0.9229146324145543,0.9229146324145543,0.9229146324145543,1.0,1.0,1.0,1.0,64.0,0.0,0.0,0.08701137698962769,16.0,0.0,0.0,0.024942353400839015,0.0
gtzan/gtzan_reggae_00021/track.npy,gtzan,0.9692307692307692,0.769817993383556,0.769817993383556,0.769817993383556,0.8615384615384616,0.9538461538461539,0.8615384615384616,0.9538461538461539,0.0,1.5432821953000048e-71,0.7158769256820036,0.3579384628410018,0.0,0.0,0.9375,0.9375,78.0,0.0,0.0,0.10536051565782634,19.0,0.0,0.0,0.02604385078608268,0.0
gtzan/gtzan_reggae_00022/track.npy,gtzan,0.991869918699187,0.8733070425379714,0.8733070425379714,0.8733070425379714,0.9838709677419355,0.9838709677419355,0.9838709677419355,0.9838709677419355,0.0,5.165543381922397e-19,6.666621889000959e-19,5.916082635461678e-19,0.0,0.0,0.0,0.0,75.0,0.0,0.0,0.10008345855698156,19.0,0.0,0.0,0.03681397312271634,0.0
gtzan/gtzan_reggae_00023/track.npy,gtzan,1.0,0.8912090158689635,0.8912090158689635,0.8912090158689635,1.0,1.0,1.0,1.0,0.0,1.5315835608806343e-110,0.9148994190290716,0.4574497095145358,0.0,0.0,1.0,1.0,65.0,0.0,0.0,0.0870113769896318,16.0,0.0,0.0,0.021506205220965025,0.0
gtzan/gtzan_reggae_00024/track.npy,gtzan,0.9824561403508771,0.8687076406646667,0.8687076406646667,0.8687076406646667,0.9655172413793104,0.9655172413793104,0.9655172413793104,0.9655172413793104,0.9655172413793104,0.7956458710048663,0.7956458710048663,0.7956458710048663,0.9333333333333333,0.9333333333333333,0.9333333333333333,0.9333333333333333,70.0,0.0,0.0,0.12420382547536032,18.0,0.0,0.0,0.05849620668160771,0.0
gtzan/gtzan_reggae_00025/track.npy,gtzan,0.98989898989899,0.9016273573317869,0.9016273573317869,0.9016273573317869,0.98,0.98,0.98,0.98,0.0,9.046906007823633e-126,0.8229003378086389,0.41145016890431946,0.0,0.0,0.9166666666666666,0.9166666666666666,60.0,0.0,0.0,0.08004270767353673,15.0,0.0,0.0,0.03425563823756378,0.0
gtzan/gtzan_reggae_00026/track.npy,gtzan,0.9913043478260869,0.8808882485342964,0.8808882485342964,0.8808882485342964,0.9827586206896551,0.9827586206896551,0.9827586206896551,0.9827586206896551,0.9655172413793104,0.8606598927451439,0.8606598927451439,0.8606598927451439,0.9333333333333333,0.9333333333333333,0.9333333333333333,0.9333333333333333,69.0,0.0,0.0,0.09097177820572677,18.0,0.0,0.0,0.037510446801374664,0.0
gtzan/gtzan_reggae_00027/track.npy,gtzan,0.9824561403508771,0.8912748200511432,0.8912748200511432,0.8912748200511432,0.9824561403508771,0.9824561403508771,0.9824561403508771,0.9824561403508771,1.0,0.8868043826604353,0.8868043826604353,0.8868043826604353,1.0,1.0,1.0,1.0,68.0,0.0,0.0,0.09097177820573182,17.0,0.0,0.0,0.033522692038642776,0.0
gtzan/gtzan_reggae_00028/track.npy,gtzan,0.6597938144329897,0.6054396061497788,0.9176194030707583,0.7615295046102686,0.0,0.0,1.0,1.0,0.6666666666666666,0.5385534127074775,0.8078301190612163,0.6731917658843469,0.0,0.0,1.0,1.0,39.0,0.0,0.0,0.08344133630733563,10.0,0.0,0.0,0.03032535881901148,0.0
gtzan/gtzan_reggae_00029/track.npy,gtzan,1.0,0.8839959419849971,0.8839959419849971,0.8839959419849971,1.0,1.0,1.0,1.0,1.0,0.9161992049198492,0.9161992049198492,0.9161992049198492,1.0,1.0,1.0,1.0,75.0,0.0,0.0,0.10008345855698919,19.0,0.0,0.0,0.02754910736090457,0.0
gtzan/gtzan_reggae_00030/track.npy,gtzan,1.0,0.9116854459273298,0.9116854459273298,0.9116854459273298,1.0,1.0,1.0,1.0,0.0,2.7079271188353797e-80,0.8686846602611422,0.4343423301305711,0.0,0.0,0.875,0.875,76.0,0.0,0.0,0.10193042854228139,19.0,0.0,0.0,0.03822121282019919,0.0
gtzan/gtzan_reggae_00031/track.npy,gtzan,0.6666666666666666,0.5922468189458177,0.8883702284187263,0.740308523682272,0.0,0.0,1.0,1.0,0.6666666666666666,0.5124451844196659,0.7686677766294988,0.6405564805245824,0.0,0.0,1.0,1.0,40.0,0.0,0.0,0.10578847600518917,10.0,0.0,0.0,0.031137694656566947,0.0
gtzan/gtzan_reggae_00032/track.npy,gtzan,0.9841269841269841,0.8706900526798746,0.8706900526798746,0.8706900526798746,0.9682539682539683,0.9682539682539683,0.9682539682539683,0.9682539682539683,0.0,1.415424234547348e-20,1.3646485909543679e-17,6.830320075944576e-18,0.0,0.0,0.0,0.0,76.0,0.0,0.0,0.10008345855698919,19.0,0.0,0.0,0.012453772440217526,0.0
gtzan/gtzan_reggae_00033/track.npy,gtzan,0.9863013698630138,0.9093461947870208,0.9093461947870208,0.9093461947870208,0.972972972972973,0.972972972972973,0.972972972972973,0.972972972972973,1.0,0.9442068111443694,0.9442068111443694,0.9442068111443694,1.0,1.0,1.0,1.0,44.0,0.0,0.0,0.08701137698963046,11.0,0.0,0.0,0.0189738873926613,0.0
gtzan/gtzan_reggae_00034/track.npy,gtzan,0.6722689075630253,0.6303100260917143,0.9375861638109801,0.7839480949513472,0.0,0.0,1.0,1.0,0.6666666666666666,0.6047145518897901,0.9070718278346851,0.7558931898622376,0.0,0.0,1.0,1.0,47.0,0.0,0.0,0.0625203569813377,12.0,0.0,0.0,0.03224382921209692,0.0
gtzan/gtzan_reggae_00035/track.npy,gtzan,1.0,0.8861454254225751,0.8861454254225751,0.8861454254225751,1.0,1.0,1.0,1.0,0.0,1.574745844170138e-67,0.8786166214741864,0.4393083107370932,0.0,0.0,0.9411764705882353,0.9411764705882353,82.0,0.0,0.0,0.11122563511022421,21.0,0.0,0.0,0.040821994520254895,0.0
gtzan/gtzan_reggae_00036/track.npy,gtzan,0.6545454545454545,0.5481454588716498,0.8148108172410574,0.6814781380563536,0.0,0.0,1.0,1.0,0.6666666666666666,0.5685375963453102,0.8528063945179652,0.7106719954316377,0.0,0.0,1.0,1.0,44.0,0.0,0.0,0.0896121586896871,11.0,0.0,0.0,0.018752393049547764,0.0
gtzan/gtzan_reggae_00037/track.npy,gtzan,0.984375,0.9117543807306319,0.9117543807306319,0.9117543807306319,0.984375,0.984375,0.984375,0.984375,0.0,4.76232054469208e-82,0.9368995497580221,0.46844977487901107,0.0,0.0,0.9375,0.9375,77.0,0.0,0.0,0.10008345855698318,20.0,0.0,0.0,0.025317807984291563,0.0
gtzan/gtzan_reggae_00038/track.npy,gtzan,1.0,0.9335416708816962,0.9335416708816962,0.9335416708816962,1.0,1.0,1.0,1.0,0.0,5.4274631615525395e-211,0.9004573532329992,0.4502286766164996,0.0,0.0,0.9,0.9,48.0,0.0,0.0,0.06403398009851557,12.0,0.0,0.0,0.015873349156290222,0.0
gtzan/gtzan_reggae_00039/track.npy,gtzan,0.6666666666666666,0.4476674219938175,0.6715011329907262,0.5595842774922719,0.0,0.0,1.0,1.0,0.6666666666666666,0.409387280951609,0.6140809214274134,0.5117341011895112,0.0,0.0,1.0,1.0,38.0,0.0,0.0,0.05847927685854671,9.0,0.0,0.0,0.010891421329973934,0.0
gtzan/gtzan_reggae_00040/track.npy,gtzan,0.6101694915254238,0.45676663466404677,0.673730786129469,0.5652487103967578,0.0,0.0,1.0,1.0,0.0,5.538465390517622e-43,8.055949658934723e-43,6.797207524726172e-43,0.0,0.0,0.0,0.0,24.0,0.0,0.0,0.08825756860426764,8.0,0.0,0.0,0.03087124861992052,0.0
gtzan/gtzan_reggae_00041/track.npy,gtzan,1.0,0.9013656238508767,0.9013656238508767,0.9013656238508767,1.0,1.0,1.0,1.0,1.0,0.8915454933082589,0.8915454933082589,0.8915454933082589,1.0,1.0,1.0,1.0,73.0,0.0,0.0,0.10008345855697143,19.0,0.0,0.0,0.04879016416943155,0.0
gtzan/gtzan_reggae_00042/track.npy,gtzan,1.0,0.8725837989982443,0.8725837989982443,0.8725837989982443,1.0,1.0,1.0,1.0,0.0,2.3881036484010656e-127,0.8802413854389736,0.4401206927194868,0.0,0.0,1.0,1.0,60.0,0.0,0.0,0.08338160893905111,15.0,0.0,0.0,0.050772325373423334,0.0
gtzan/gtzan_reggae_00043/track.npy,gtzan,1.0,0.8509426609005475,0.8509426609005475,0.8509426609005475,1.0,1.0,1.0,1.0,0.0,5.791822882752448e-73,0.7698506942985369,0.38492534714926846,0.0,0.0,0.9375,0.9375,78.0,0.0,0.0,0.10536051565782883,20.0,0.0,0.0,0.0657025983986116,0.0
gtzan/gtzan_reggae_00044/track.npy,gtzan,0.6545454545454545,0.5909131789371442,0.8904171189462732,0.7406651489417087,0.0,0.0,0.972972972972973,0.972972972972973,0.6666666666666666,0.6304699238968924,0.9457048858453386,0.7880874048711155,0.0,0.0,1.0,1.0,44.0,0.0,0.0,0.11624445272304339,11.0,0.0,0.0,0.026311055502867827,0.0
gtzan/gtzan_reggae_00045/track.npy,gtzan,0.6666666666666666,0.5879264748652039,0.8818897122978058,0.7349080935815049,0.0,0.0,1.0,1.0,0.6399999999999999,0.5616107721036601,0.8775168314119689,0.7195638017578145,0.0,0.0,1.0,1.0,41.0,0.0,0.0,0.05823667586302845,10.0,0.0,0.0,0.017982772973652136,0.0
gtzan/gtzan_reggae_00046/track.npy,gtzan,0.9859154929577465,0.775733527012741,0.775733527012741,0.775733527012741,0.8309859154929577,0.971830985915493,0.8309859154929577,0.971830985915493,0.0,1.2008332190684624e-59,0.7339649207466002,0.3669824603733001,0.0,0.0,0.8888888888888888,0.8888888888888888,85.0,0.0,0.0,0.11778303565638115,21.0,0.0,0.0,0.04255961441879308,0.0
gtzan/gtzan_reggae_00047/track.npy,gtzan,1.0,0.9166746732943729,0.9166746732943729,0.9166746732943729,1.0,1.0,1.0,1.0,0.0,3.1367796094987825e-86,0.841963031864749,0.4209815159323745,0.0,0.0,0.875,0.875,73.0,0.0,0.0,0.07330173709593485,19.0,0.0,0.0,0.0246926125903712,0.0
gtzan/gtzan_reggae_00048/track.npy,gtzan,1.0,0.8143286703420022,0.8143286703420022,0.8143286703420022,1.0,1.0,1.0,1.0,0.0,1.43204089913183e-58,0.7837412257505649,0.39187061287528246,0.0,0.0,0.9444444444444444,0.9444444444444444,88.0,0.0,0.0,0.11778303565638604,22.0,0.0,0.0,0.02900885428990382,0.0
gtzan/gtzan_reggae_00049/track.npy,gtzan,0.6554621848739496,0.5782157334626755,0.8600959034952271,0.7191558184789513,0.0,0.0,0.9512195121951219,0.9512195121951219,0.6896551724137931,0.6109368723023023,0.8858584648383383,0.7483976685703203,0.0,0.0,1.0,1.0,49.0,0.0,0.0,0.06453852113757473,12.0,0.0,0.0,0.0125446498490587,0.0
gtzan/gtzan_reggae_00050/track.npy,gtzan,0.6666666666666666,0.6037913620847212,0.9056870431253758,0.7547392026050486,0.0,0.0,1.0,1.0,0.6666666666666666,0.5970206731403621,0.8955310097105432,0.7462758414254527,0.0,0.0,1.0,1.0,47.0,0.0,0.0,0.06453852113757563,12.0,0.0,0.0,0.03174869831458008,0.0
gtzan/gtzan_reggae_00051/track.npy,gtzan,1.0,0.9661999529165713,0.9661999529165713,0.9661999529165713,1.0,1.0,1.0,1.0,0.0,6.330670191877354e-116,0.937413065082367,0.4687065325411835,0.0,0.0,0.9230769230769231,0.9230769230769231,64.0,0.0,0.0,0.04255961441880263,16.0,0.0,0.0,0.010695289116747997,0.0
gtzan/gtzan_reggae_00052/track.npy,gtzan,1.0,0.840440938744387,0.840440938744387,0.840440938744387,1.0,1.0,1.0,1.0,1.0,0.8009424339213351,0.8009424339213351,0.8009424339213351,1.0,1.0,1.0,1.0,50.0,0.0,0.0,0.06669137449867674,12.0,0.0,0.0,0.01666705248521283,0.0
gtzan/gtzan_reggae_00053/track.npy,gtzan,1.0,0.8899266626596188,0.8899266626596188,0.8899266626596188,1.0,1.0,1.0,1.0,0.0,1.2223996114387816e-77,0.8579438278140166,0.4289719139070083,0.0,0.0,0.9375,0.9375,76.0,0.0,0.0,0.10008345855698497,19.0,0.0,0.0,0.05129329438755059,0.0
gtzan/gtzan_reggae_00054/track.npy,gtzan,0.991869918699187,0.9065208462821223,0.9065208462821223,0.9065208462821223,0.9838709677419355,0.9838709677419355,0.9838709677419355,0.9838709677419355,0.0,1.4456166235084342e-83,0.8729713998065497,0.43648569990327485,0.0,0.0,0.9333333333333333,0.9333333333333333,75.0,0.0,0.0,0.07080936005532407,19.0,0.0,0.0,0.03681397312271656,0.0
gtzan/gtzan_reggae_00055/track.npy,gtzan,0.8807339449541284,0.8378446998311584,0.8378446998311584,0.8378446998311584,0.8727272727272727,0.8727272727272727,0.8727272727272727,0.8727272727272727,0.8571428571428571,0.8103678414925183,0.8103678414925183,0.8103678414925183,1.0,1.0,1.0,1.0,66.0,0.0,0.0,0.0870113769896349,17.0,0.0,0.0,0.024784926380620142,0.0
gtzan/gtzan_reggae_00056/track.npy,gtzan,0.9846153846153847,0.8642731541958603,0.8642731541958603,0.8642731541958603,0.7076923076923077,0.9846153846153847,0.7076923076923077,0.9846153846153847,0.0,8.802241305971988e-70,0.8227753483565039,0.41138767417825195,0.0,0.0,0.8823529411764706,0.8823529411764706,78.0,0.0,0.0,0.10536051565782639,20.0,0.0,0.0,0.026026759690377516,0.0
gtzan/gtzan_reggae_00057/track.npy,gtzan,0.6666666666666666,0.5645674331887337,0.846851149767178,0.7057092914779559,0.0,0.0,1.0,1.0,0.4117647058823529,0.3285884655330611,0.4103696360444208,0.36947905078874094,0.0,0.0,0.0,0.0,48.0,0.0,0.0,0.06453852113757114,16.0,0.0,0.0,0.045992544303276935,0.0
gtzan/gtzan_reggae_00058/track.npy,gtzan,1.0,0.9010618257173117,0.9010618257173117,0.9010618257173117,1.0,1.0,1.0,1.0,1.0,0.8979199451965241,0.8979199451965241,0.8979199451965241,1.0,1.0,1.0,1.0,62.0,0.0,0.0,0.08338160893904942,16.0,0.0,0.0,0.034436613620307886,0.0
gtzan/gtzan_reggae_00059/track.npy,gtzan,1.0,0.9268035311889405,0.9268035311889405,0.9268035311889405,1.0,1.0,1.0,1.0,1.0,0.9273040881945867,0.9273040881945867,0.9273040881945867,1.0,1.0,1.0,1.0,77.0,0.0,0.0,0.11999756490865937,20.0,0.0,0.0,0.0513932610690243,0.0
gtzan/gtzan_reggae_00060/track.npy,gtzan,1.0,0.8508140076141096,0.8508140076141096,0.8508140076141096,1.0,1.0,1.0,1.0,1.0,0.8926066844008659,0.8926066844008659,0.8926066844008659,1.0,1.0,1.0,1.0,57.0,0.0,0.0,0.07696104113613,14.0,0.0,0.0,0.023273578128122755,0.0
gtzan/gtzan_reggae_00061/track.npy,gtzan,1.0,0.9320715695032448,0.9320715695032448,0.9320715695032448,1.0,1.0,1.0,1.0,0.0,3.1696743656348e-219,0.7893010614482628,0.3946505307241314,0.0,0.0,0.8,0.8,46.0,0.0,0.0,0.08961215868968686,12.0,0.0,0.0,0.03831886430213655,0.0
gtzan/gtzan_reggae_00062/track.npy,gtzan,1.0,0.9160198153450342,0.9160198153450342,0.9160198153450342,1.0,1.0,1.0,1.0,0.0,4.702043411093313e-78,0.8805309793843267,0.44026548969216334,0.0,0.0,0.875,0.875,76.0,0.0,0.0,0.10008345855698275,19.0,0.0,0.0,0.015191481063026804,0.0
gtzan/gtzan_reggae_00063/track.npy,gtzan,0.6725663716814159,0.6245413630335584,0.9285943950364101,0.7765678790349843,0.0,0.0,1.0,1.0,0.6896551724137931,0.6154995500513244,0.8924743475744205,0.7539869488128724,0.0,0.0,1.0,1.0,46.0,0.0,0.0,0.09237332013101313,12.0,0.0,0.0,0.03465659331111834,0.0
gtzan/gtzan_reggae_00064/track.npy,gtzan,0.6728971962616822,0.6192349980839205,0.9202520110413788,0.7697435045626496,0.0,0.0,1.0,1.0,0.6666666666666666,0.5792750647248298,0.8689125970872448,0.7240938309060373,0.0,0.0,1.0,1.0,43.0,0.0,0.0,0.11441035117774434,10.0,0.0,0.0,0.011879766134586231,0.0
gtzan/gtzan_reggae_00065/track.npy,gtzan,0.6727272727272727,0.6358754471826313,0.9452202593255171,0.7905478532540742,0.0,0.0,1.0,1.0,0.6666666666666666,0.6419838432288621,0.9629757648432933,0.8024798040360777,0.0,0.0,1.0,1.0,44.0,0.0,0.0,0.060624621816443805,11.0,0.0,0.0,0.022175017196088564,0.0
gtzan/gtzan_reggae_00066/track.npy,gtzan,1.0,0.9507375947621317,0.9507375947621317,0.9507375947621317,1.0,1.0,1.0,1.0,0.0,4.0010709370237806e-302,0.891861355832485,0.4459306779162425,0.0,0.0,0.875,0.875,40.0,0.0,0.0,0.05406722127027119,10.0,0.0,0.0,0.01762397548984363,0.0
gtzan/gtzan_reggae_00067/track.npy,gtzan,1.0,0.9564636755259092,0.9564636755259092,0.9564636755259092,1.0,1.0,1.0,1.0,0.0,1.2028335962359788e-65,0.8974204041545346,0.4487102020772673,0.0,0.0,0.8888888888888888,0.8888888888888888,84.0,0.0,0.0,0.11122563511022676,21.0,0.0,0.0,0.04196419909903376,0.0
gtzan/gtzan_reggae_00068/track.npy,gtzan,1.0,0.9049457954180473,0.9049457954180473,0.9049457954180473,1.0,1.0,1.0,1.0,0.0,1.7870594096697626e-22,2.173249193420304e-22,1.9801543015450332e-22,0.0,0.0,0.0,0.0,69.0,0.0,0.0,0.09097177820573288,17.0,0.0,0.0,0.034685557987889935,0.0
gtzan/gtzan_reggae_00069/track.npy,gtzan,1.0,0.9160058131054323,0.9160058131054323,0.9160058131054323,1.0,1.0,1.0,1.0,0.0,8.432111024511343e-83,0.8067538338027748,0.4033769169013874,0.0,0.0,0.875,0.875,73.0,0.0,0.0,0.09769681918064932,19.0,0.0,0.0,0.0420909051130435,0.0
gtzan/gtzan_reggae_00070/track.npy,gtzan,0.6666666666666666,0.5997061245667795,0.8995591868500812,0.7496326557084303,0.0,0.0,1.0,1.0,0.6896551724137931,0.6661654569546631,0.9659399125842615,0.8160526847694622,0.0,0.0,1.0,1.0,44.0,0.0,0.0,0.058840500022934665,11.0,0.0,0.0,0.007326040092073383,0.0
gtzan/gtzan_reggae_00071/track.npy,gtzan,1.0,0.9330860587851973,0.9330860587851973,0.9330860587851973,1.0,1.0,1.0,1.0,1.0,0.9529823410603143,0.9529823410603143,0.9529823410603143,1.0,1.0,1.0,1.0,70.0,0.0,0.0,0.0754136613059361,17.0,0.0,0.0,0.03509131981126964,0.0
gtzan/gtzan_reggae_00072/track.npy,gtzan,1.0,0.9369219525012467,0.9369219525012467,0.9369219525012467,1.0,1.0,1.0,1.0,1.0,0.9766335936863266,0.9766335936863266,0.9766335936863266,1.0,1.0,1.0,1.0,42.0,0.0,0.0,0.055649279289071145,11.0,0.0,0.0,0.0070175726586458875,0.0
gtzan/gtzan_reggae_00073/track.npy,gtzan,1.0,0.8227392264149352,0.8227392264149352,0.8227392264149352,1.0,1.0,1.0,1.0,1.0,0.8806638620471713,0.8806638620471713,0.8806638620471713,1.0,1.0,1.0,1.0,42.0,0.0,0.0,0.055649279289071145,10.0,0.0,0.0,0.013986241974740733,0.0
gtzan/gtzan_reggae_00074/track.npy,gtzan,1.0,0.8058522458453294,0.8058522458453294,0.8058522458453294,1.0,1.0,1.0,1.0,1.0,0.7768162171225556,0.7768162171225556,0.7768162171225556,1.0,1.0,1.0,1.0,42.0,0.0,0.0,0.08235406272652486,10.0,0.0,0.0,0.018614374937199547,0.0
gtzan/gtzan_reggae_00075/track.npy,gtzan,0.9752066115702478,0.754316617492969,0.754316617492969,0.754316617492969,0.9508196721311475,0.9672131147540983,0.9508196721311475,0.9672131147540983,0.0,4.9175716210256506e-76,0.7349166883528603,0.36745834417643014,0.0,0.0,0.875,0.875,73.0,0.0,0.0,0.10008345855698597,19.0,0.0,0.0,0.03920921133205986,0.0
gtzan/gtzan_reggae_00076/track.npy,gtzan,1.0,0.7747995381029481,0.7747995381029481,0.7747995381029481,1.0,1.0,1.0,1.0,1.0,0.7042668540959259,0.7042668540959259,0.7042668540959259,1.0,1.0,1.0,1.0,40.0,0.0,0.0,0.05644140468306551,10.0,0.0,0.0,0.017392627241287182,0.0
gtzan/gtzan_reggae_00077/track.npy,gtzan,0.991869918699187,0.9283823354442975,0.9283823354442975,0.9283823354442975,0.9838709677419355,0.9838709677419355,0.9838709677419355,0.9838709677419355,0.0,1.6673380326169938e-83,0.8558898061354512,0.4279449030677256,0.0,0.0,0.875,0.875,75.0,0.0,0.0,0.10008345855698919,19.0,0.0,0.0,0.03690545745762057,0.0
gtzan/gtzan_reggae_00078/track.npy,gtzan,1.0,0.9240416546718832,0.9240416546718832,0.9240416546718832,1.0,1.0,1.0,1.0,1.0,0.9002902654542217,0.9002902654542217,0.9002902654542217,1.0,1.0,1.0,1.0,79.0,0.0,0.0,0.10536051565782945,20.0,0.0,0.0,0.02862905931726291,0.0
gtzan/gtzan_reggae_00079/track.npy,gtzan,1.0,0.9278780705027196,0.9278780705027196,0.9278780705027196,1.0,1.0,1.0,1.0,1.0,0.9287820000329897,0.9287820000329897,0.9287820000329897,1.0,1.0,1.0,1.0,76.0,0.0,0.0,0.10008345855698275,19.0,0.0,0.0,0.02842463168664932,0.0
gtzan/gtzan_reggae_00080/track.npy,gtzan,1.0,0.8732437820857452,0.8732437820857452,0.8732437820857452,1.0,1.0,1.0,1.0,1.0,0.8477987704318866,0.8477987704318866,0.8477987704318866,1.0,1.0,1.0,1.0,50.0,0.0,0.0,0.0666913744986708,12.0,0.0,0.0,0.021371459864463763,0.0
gtzan/gtzan_reggae_00081/track.npy,gtzan,1.0,0.8698699897243258,0.8698699897243258,0.8698699897243258,1.0,1.0,1.0,1.0,1.0,0.8174320023234987,0.8174320023234987,0.8174320023234987,1.0,1.0,1.0,1.0,51.0,0.0,0.0,0.06669137449867674,13.0,0.0,0.0,0.016807118316380543,0.0
gtzan/gtzan_reggae_00082/track.npy,gtzan,1.0,0.8698699897243258,0.8698699897243258,0.8698699897243258,1.0,1.0,1.0,1.0,1.0,0.8174320023234987,0.8174320023234987,0.8174320023234987,1.0,1.0,1.0,1.0,51.0,0.0,0.0,0.06669137449867674,13.0,0.0,0.0,0.016807118316380543,0.0
gtzan/gtzan_reggae_00083/track.npy,gtzan,0.49411764705882344,0.4185391633585273,0.6372521406886023,0.5278956520235648,0.0,0.0,0.5614035087719298,0.8070175438596491,0.4761904761904762,0.4396243980620477,0.598642242648917,0.5191333203554823,0.0,0.0,0.8571428571428571,0.8571428571428571,68.0,0.0,0.0,0.09097177820572677,17.0,0.0,0.0,0.03680141319830159,0.0
gtzan/gtzan_reggae_00084/track.npy,gtzan,1.0,0.9164605913282187,0.9164605913282187,0.9164605913282187,1.0,1.0,1.0,1.0,0.0,5.440182721884738e-44,6.942117046637251e-44,6.191149884260995e-44,0.0,0.0,0.0,0.0,50.0,0.0,0.0,0.06669137449867218,13.0,0.0,0.0,0.01680711831638121,0.0
gtzan/gtzan_reggae_00085/track.npy,gtzan,1.0,0.8568700878426486,0.8568700878426486,0.8568700878426486,1.0,1.0,1.0,1.0,0.0,9.122423564944883e-56,0.8315536217636894,0.4157768108818447,0.0,0.0,0.9444444444444444,0.9444444444444444,87.0,0.0,0.0,0.11778303565638995,21.0,0.0,0.0,0.05724129822098823,0.0
gtzan/gtzan_reggae_00087/track.npy,gtzan,1.0,0.9066329586827111,0.9066329586827111,0.9066329586827111,1.0,1.0,1.0,1.0,1.0,0.9879172480033419,0.9879172480033419,0.9879172480033419,1.0,1.0,1.0,1.0,41.0,0.0,0.0,0.0555698511548145,10.0,0.0,0.0,0.011387814381619262,0.0
gtzan/gtzan_reggae_00088/track.npy,gtzan,1.0,0.9243099880775525,0.9243099880775525,0.9243099880775525,1.0,1.0,1.0,1.0,1.0,0.9227759436211677,0.9227759436211677,0.9227759436211677,1.0,1.0,1.0,1.0,54.0,0.0,0.0,0.07145896398214668,13.0,0.0,0.0,0.018018505502678417,0.0
gtzan/gtzan_reggae_00089/track.npy,gtzan,0.9919999999999999,0.8721052332630517,0.8721052332630517,0.8721052332630517,0.9841269841269841,0.9841269841269841,0.9841269841269841,0.9841269841269841,0.0,8.983632394999637e-83,0.8745066508245374,0.4372533254122687,0.0,0.0,0.875,0.875,75.0,0.0,0.0,0.10008345855698049,19.0,0.0,0.0,0.015063286206573014,0.0
gtzan/gtzan_reggae_00090/track.npy,gtzan,0.984375,0.846142594638706,0.846142594638706,0.846142594638706,0.828125,0.984375,0.828125,0.984375,0.0,4.3201893652945885e-72,0.8351092552440862,0.4175546276220431,0.0,0.0,0.9375,0.9375,77.0,0.0,0.0,0.10008345855698919,19.0,0.0,0.0,0.04070571681990966,0.0
gtzan/gtzan_reggae_00091/track.npy,gtzan,1.0,0.8989319370640313,0.8989319370640313,0.8989319370640313,1.0,1.0,1.0,1.0,0.0,2.1837627881654915e-86,0.8840154020847335,0.44200770104236675,0.0,0.0,0.9333333333333333,0.9333333333333333,72.0,0.0,0.0,0.10008345855698031,18.0,0.0,0.0,0.03932625858262476,0.0
gtzan/gtzan_reggae_00092/track.npy,gtzan,1.0,0.812527978069894,0.812527978069894,0.812527978069894,1.0,1.0,1.0,1.0,0.0,6.401634202072067e-83,0.8007089763478326,0.4003544881739163,0.0,0.0,1.0,1.0,73.0,0.0,0.0,0.09531017980433143,18.0,0.0,0.0,0.03636764417087521,0.0
gtzan/gtzan_reggae_00093/track.npy,gtzan,0.6725663716814159,0.5970727605995547,0.8877529203648522,0.7424128404822035,0.0,0.0,1.0,1.0,0.3870967741935484,0.3688167577116108,0.4610582872140822,0.41493752246284654,0.0,0.0,0.0,0.0,45.0,0.0,0.0,0.12136085700427507,15.0,0.0,0.0,0.014172505805418296,0.0
gtzan/gtzan_reggae_00094/track.npy,gtzan,1.0,0.9173865528405557,0.9173865528405557,0.9173865528405557,1.0,1.0,1.0,1.0,1.0,0.9172382744960639,0.9172382744960639,0.9172382744960639,1.0,1.0,1.0,1.0,64.0,0.0,0.0,0.08338160893905133,16.0,0.0,0.0,0.04255961441879539,0.0
gtzan/gtzan_reggae_00095/track.npy,gtzan,1.0,0.9532491581987356,0.9532491581987356,0.9532491581987356,1.0,1.0,1.0,1.0,0.7692307692307693,0.727308606254202,0.727308606254202,0.727308606254202,0.6923076923076923,0.6923076923076923,0.6923076923076923,0.6923076923076923,62.0,0.0,0.0,0.04255961441879545,15.0,0.0,0.0,0.020705207082778742,0.0
gtzan/gtzan_reggae_00096/track.npy,gtzan,1.0,0.8893684120758486,0.8893684120758486,0.8893684120758486,0.9864864864864865,0.9864864864864865,0.9864864864864865,0.9864864864864865,1.0,0.8863431143945024,0.8863431143945024,0.8863431143945024,1.0,1.0,1.0,1.0,89.0,0.0,0.0,0.11778303565639092,22.0,0.0,0.0,0.04585037525152642,0.0
gtzan/gtzan_reggae_00097/track.npy,gtzan,0.45977011494252884,0.3505323224133407,0.3505323224133407,0.3505323224133407,0.0,0.0,0.0,0.0,0.37037037037037035,0.2979597237639057,0.47834128150783045,0.3881505026358681,0.0,0.0,0.0,0.0,78.0,0.0,0.0,0.10536051565782656,26.0,0.0,0.0,0.03509131981126934,0.0
gtzan/gtzan_reggae_00098/track.npy,gtzan,0.6666666666666666,0.5579652874530627,0.8369472484286917,0.6974562679408772,0.0,0.0,1.0,1.0,0.6842105263157895,0.5673181070552825,0.8291572333884899,0.6982376702218862,0.0,0.0,1.0,1.0,61.0,0.0,0.0,0.0800427076735349,16.0,0.0,0.0,0.04055389800170854,0.0
gtzan/gtzan_reggae_00099/track.npy,gtzan,0.6666666666666666,0.6001903717240562,0.9002853835360823,0.7502378776300693,0.0,0.0,1.0,1.0,0.0,1.7145620317178508e-31,0.5694845692297621,0.28474228461488105,0.0,0.0,0.0,0.0,59.0,0.0,0.0,0.08004270767353719,15.0,0.0,0.0,0.03922071315328135,0.0
gtzan/gtzan_rock_00000/track.npy,gtzan,0.8039215686274509,0.7010770757029658,0.7010770757029658,0.7010770757029658,0.803921568627451,0.8431372549019608,0.803921568627451,0.8431372549019608,0.7692307692307693,0.6110440502866085,0.6110440502866085,0.6110440502866085,1.0,1.0,1.0,1.0,61.0,0.0,0.0,0.0833816089390513,15.0,0.0,0.0,0.03479179300815435,0.0
gtzan/gtzan_rock_00001/track.npy,gtzan,1.0,0.6697049799729143,0.6697049799729143,0.6697049799729143,1.0,1.0,1.0,1.0,1.0,0.5488430445575284,0.5488430445575284,0.5488430445575284,1.0,1.0,1.0,1.0,38.0,0.0,0.0,0.08265296874846344,9.0,0.0,0.0,0.0188572468235092,0.0
gtzan/gtzan_rock_00002/track.npy,gtzan,1.0,0.9129460699123961,0.9129460699123961,0.9129460699123961,1.0,1.0,1.0,1.0,1.0,0.9275834741146199,0.9275834741146199,0.9275834741146199,1.0,1.0,1.0,1.0,53.0,0.0,0.0,0.07022591773454673,13.0,0.0,0.0,0.02643325706815558,0.0
gtzan/gtzan_rock_00003/track.npy,gtzan,1.0,0.8706472645729916,0.8706472645729916,0.8706472645729916,1.0,1.0,1.0,1.0,0.0,4.720952525964447e-205,0.8182269193245126,0.4091134596622563,0.0,0.0,0.9,0.9,48.0,0.0,0.0,0.09457596488599918,12.0,0.0,0.0,0.03149866705937111,0.0
gtzan/gtzan_rock_00004/track.npy,gtzan,1.0,0.7155197457970031,0.7155197457970031,0.7155197457970031,1.0,1.0,1.0,1.0,1.0,0.6350209395616209,0.6350209395616209,0.6350209395616209,1.0,1.0,1.0,1.0,39.0,0.0,0.0,0.10536051565782668,10.0,0.0,0.0,0.02145929471069357,0.0
gtzan/gtzan_rock_00005/track.npy,gtzan,0.17283950617283952,0.11527154439007825,0.7203222576143561,0.41779690100221717,0.14634146341463414,0.14634146341463414,0.8,0.8,0.20000000000000004,0.15776882295997316,0.15776882295997316,0.15776882295997316,1.0,1.0,1.0,1.0,48.0,0.0,0.0,0.06669137449867596,12.0,0.0,0.0,0.016544093265921933,0.0
gtzan/gtzan_rock_00006/track.npy,gtzan,0.6666666666666666,0.5615416119108425,0.8333359358752361,0.6974387738930393,0.0,0.0,0.9791666666666666,0.9791666666666666,0.6666666666666666,0.4777788042805432,0.6796079924573061,0.5786933983689246,0.0,0.0,0.9166666666666666,0.9166666666666666,57.0,0.0,0.0,0.07696104113613,15.0,0.0,0.0,0.04529175438951145,0.0
gtzan/gtzan_rock_00007/track.npy,gtzan,1.0,0.842141959365178,0.842141959365178,0.842141959365178,1.0,1.0,1.0,1.0,1.0,0.8571799347808472,0.8571799347808472,0.8571799347808472,1.0,1.0,1.0,1.0,45.0,0.0,0.0,0.06062462181643358,12.0,0.0,0.0,0.023085918335637546,0.0
gtzan/gtzan_rock_00008/track.npy,gtzan,0.918918918918919,0.7242611700730676,0.7242611700730676,0.7242611700730676,1.0,1.0,1.0,1.0,0.9,0.6658824862457106,0.6658824862457106,0.6658824862457106,1.0,1.0,1.0,1.0,45.0,0.0,0.0,0.09209720398688655,12.0,0.0,0.0,0.023186174546369315,0.0
gtzan/gtzan_rock_00009/track.npy,gtzan,1.0,0.8354821449827661,0.8354821449827661,0.8354821449827661,1.0,1.0,1.0,1.0,0.0,0.0,0.7349348490608942,0.3674674245304471,0.0,0.0,0.875,0.875,38.0,0.0,0.0,0.05603480846942865,9.0,0.0,0.0,0.010619278860152898,0.0
gtzan/gtzan_rock_00010/track.npy,gtzan,1.0,0.8612102488275841,0.8612102488275841,0.8612102488275841,1.0,1.0,1.0,1.0,1.0,0.888128816097464,0.888128816097464,0.888128816097464,1.0,1.0,1.0,1.0,42.0,0.0,0.0,0.08223809823697292,11.0,0.0,0.0,0.017888901174575176,0.0
gtzan/gtzan_rock_00011/track.npy,gtzan,1.0,0.8178227886417436,0.8178227886417436,0.8178227886417436,1.0,1.0,1.0,1.0,1.0,0.8140756690834238,0.8140756690834238,0.8140756690834238,1.0,1.0,1.0,1.0,58.0,0.0,0.0,0.04985675617422555,14.0,0.0,0.0,0.029558802241544124,0.0
gtzan/gtzan_rock_00012/track.npy,gtzan,1.0,0.8274047250150052,0.8274047250150052,0.8274047250150052,1.0,1.0,1.0,1.0,1.0,0.7773323901909819,0.7773323901909819,0.7773323901909819,1.0,1.0,1.0,1.0,57.0,0.0,0.0,0.07696104113612678,14.0,0.0,0.0,0.03262401201857523,0.0
gtzan/gtzan_rock_00013/track.npy,gtzan,1.0,0.8513782945150455,0.8513782945150455,0.8513782945150455,1.0,1.0,1.0,1.0,1.0,0.8414430970916775,0.8414430970916775,0.8414430970916775,1.0,1.0,1.0,1.0,46.0,0.0,0.0,0.06252035698133519,11.0,0.0,0.0,0.019947678470610873,0.0
gtzan/gtzan_rock_00014/track.npy,gtzan,0.547945205479452,0.42224562778059255,0.6290598128159849,0.5256527202982887,0.0,0.0,0.96,0.96,0.4444444444444444,0.44926572029993905,0.6738985804499086,0.5615821503749239,0.0,0.0,1.0,1.0,30.0,0.0,0.0,0.09117138418060794,8.0,0.0,0.0,0.026830990280980627,0.0
gtzan/gtzan_rock_00015/track.npy,gtzan,0.8505747126436781,0.6066730383014576,0.6066730383014576,0.6066730383014576,0.9090909090909091,0.9090909090909091,0.9090909090909091,0.9090909090909091,0.0,2.485943431595035e-27,3.217103264417104e-27,2.8515233480060694e-27,0.0,0.0,0.0,0.0,53.0,0.0,0.0,0.0714589639821403,13.0,0.0,0.0,0.049520022205771785,0.0
gtzan/gtzan_rock_00016/track.npy,gtzan,0.7933884297520661,0.6636168555603762,0.6636168555603762,0.6636168555603762,0.7704918032786885,0.7704918032786885,0.7704918032786885,0.7704918032786885,0.8000000000000002,0.666691894757392,0.666691894757392,0.666691894757392,1.0,1.0,1.0,1.0,73.0,0.0,0.0,0.09769681918065709,19.0,0.0,0.0,0.04831971428819121,0.0
gtzan/gtzan_rock_00017/track.npy,gtzan,1.0,0.8848132215927984,0.8848132215927984,0.8848132215927984,1.0,1.0,1.0,1.0,1.0,0.8897773474971882,0.8897773474971882,0.8897773474971882,1.0,1.0,1.0,1.0,61.0,0.0,0.0,0.08004270767353472,16.0,0.0,0.0,0.010152371464018706,0.0
gtzan/gtzan_rock_00018/track.npy,gtzan,0.9795918367346939,0.9221375209759111,0.9221375209759111,0.9221375209759111,0.9795918367346939,0.9795918367346939,0.9795918367346939,0.9795918367346939,1.0,0.9350252417886264,0.9350252417886264,0.9350252417886264,1.0,1.0,1.0,1.0,59.0,0.0,0.0,0.08004270767353472,15.0,0.0,0.0,0.03922071315328153,0.0
gtzan/gtzan_rock_00019/track.npy,gtzan,1.0,0.9329337201923451,0.9329337201923451,0.9329337201923451,1.0,1.0,1.0,1.0,1.0,0.9401997827906955,0.9401997827906955,0.9401997827906955,1.0,1.0,1.0,1.0,60.0,0.0,0.0,0.08004270767353472,15.0,0.0,0.0,0.010050335853501235,0.0
gtzan/gtzan_rock_00020/track.npy,gtzan,0.3235294117647059,0.2541605005448564,0.33076944316752327,0.2924649718561898,0.0,0.0,0.0,0.0,0.0,4.560161900486827e-13,6.439122416323511e-13,5.499642158405169e-13,0.0,0.0,0.0,0.0,33.0,0.0,0.0,0.08894748601649535,8.0,0.0,0.0,0.019460677738064036,0.0
gtzan/gtzan_rock_00021/track.npy,gtzan,0.4873949579831932,0.3939334655903474,0.3939334655903474,0.3939334655903474,0.0,0.0,0.325,0.425,0.26666666666666666,0.19789456747298334,0.296841851209475,0.24736820934122916,0.0,0.0,1.0,1.0,48.0,0.0,0.0,0.08388196264193504,12.0,0.0,0.0,0.050123283634857956,0.0
gtzan/gtzan_rock_00022/track.npy,gtzan,1.0,0.8915371268041914,0.8915371268041914,0.8915371268041914,1.0,1.0,1.0,1.0,0.0,3.954070763095048e-44,0.8864209339040258,0.4432104669520129,0.0,0.0,1.0,1.0,99.0,0.0,0.0,0.07518742404133191,24.0,0.0,0.0,0.048790164169433825,0.0
gtzan/gtzan_rock_00023/track.npy,gtzan,0.9841269841269841,0.8628109622709018,0.8628109622709018,0.8628109622709018,0.96875,0.96875,0.96875,0.96875,0.0,0.0,0.8591621857128506,0.4295810928564253,0.0,0.0,0.875,0.875,38.0,0.0,0.0,0.056034808469429216,10.0,0.0,0.0,0.029073943929934627,0.0
gtzan/gtzan_rock_00024/track.npy,gtzan,0.9268292682926829,0.5894640984202912,0.5894640984202912,0.5894640984202912,0.6935483870967742,0.9354838709677419,0.6935483870967742,0.9354838709677419,0.8666666666666667,0.5845979026378069,0.5845979026378069,0.5845979026378069,1.0,1.0,1.0,1.0,74.0,0.0,0.0,0.10008345855698263,18.0,0.0,0.0,0.0426179697222297,0.0
gtzan/gtzan_rock_00025/track.npy,gtzan,0.9302325581395349,0.6452130117078781,0.6452130117078781,0.6452130117078781,1.0,1.0,1.0,1.0,0.9090909090909091,0.5862152445289813,0.5862152445289813,0.5862152445289813,1.0,1.0,1.0,1.0,52.0,0.0,0.0,0.07034922235931092,13.0,0.0,0.0,0.021608646418883326,0.0
gtzan/gtzan_rock_00026/track.npy,gtzan,1.0,0.7861461710866274,0.7861461710866274,0.7861461710866274,1.0,1.0,1.0,1.0,1.0,0.6853602620610268,0.6853602620610268,0.6853602620610268,1.0,1.0,1.0,1.0,57.0,0.0,0.0,0.07696104113612814,14.0,0.0,0.0,0.03774032798284632,0.0
gtzan/gtzan_rock_00027/track.npy,gtzan,1.0,0.8922216518500576,0.8922216518500576,0.8922216518500576,1.0,1.0,1.0,1.0,1.0,0.8947192505320058,0.8947192505320058,0.8947192505320058,1.0,1.0,1.0,1.0,75.0,0.0,0.0,0.10008345855698667,19.0,0.0,0.0,0.03783650495031591,0.0
gtzan/gtzan_rock_00028/track.npy,gtzan,1.0,0.8199412064524599,0.8199412064524599,0.8199412064524599,1.0,1.0,1.0,1.0,1.0,0.7294241793385066,0.7294241793385066,0.7294241793385066,1.0,1.0,1.0,1.0,69.0,0.0,0.0,0.09400865932473995,17.0,0.0,0.0,0.038075424564070155,0.0
gtzan/gtzan_rock_00029/track.npy,gtzan,1.0,0.893416670123087,0.893416670123087,0.893416670123087,1.0,1.0,1.0,1.0,1.0,0.9235995115502561,0.9235995115502561,0.9235995115502561,1.0,1.0,1.0,1.0,64.0,0.0,0.0,0.08338160893905111,16.0,0.0,0.0,0.020910849706088204,0.0
gtzan/gtzan_rock_00030/track.npy,gtzan,0.6875,0.5803886030848924,0.5803886030848924,0.5803886030848924,0.6666666666666666,0.6666666666666666,0.6666666666666666,0.6666666666666666,0.6666666666666666,0.5654050620529323,0.5654050620529323,0.5654050620529323,1.0,1.0,1.0,1.0,58.0,0.0,0.0,0.07696104113613,15.0,0.0,0.0,0.023022859509706114,0.0
gtzan/gtzan_rock_00031/track.npy,gtzan,1.0,0.9210360860455432,0.9210360860455432,0.9210360860455432,1.0,1.0,1.0,1.0,1.0,0.9084742765424738,0.9084742765424738,0.9084742765424738,1.0,1.0,1.0,1.0,59.0,0.0,0.0,0.039220713153283904,15.0,0.0,0.0,0.02336009758232703,0.0
gtzan/gtzan_rock_00032/track.npy,gtzan,0.9870129870129869,0.7500187780931479,0.7500187780931479,0.7500187780931479,0.9743589743589743,0.9743589743589743,0.9743589743589743,0.9743589743589743,0.9473684210526316,0.5909644102361526,0.5909644102361526,0.5909644102361526,0.9,0.9,0.9,0.9,46.0,0.0,0.0,0.08961215868968525,11.0,0.0,0.0,0.0506564448006574,0.0
gtzan/gtzan_rock_00033/track.npy,gtzan,1.0,0.8625256054215824,0.8625256054215824,0.8625256054215824,1.0,1.0,1.0,1.0,1.0,0.8045182011683146,0.8045182011683146,0.8045182011683146,1.0,1.0,1.0,1.0,59.0,0.0,0.0,0.0775773744436136,14.0,0.0,0.0,0.029558802241544613,0.0
gtzan/gtzan_rock_00034/track.npy,gtzan,0.6666666666666666,0.578468690396848,0.8433201089440797,0.7108943996704639,0.0,0.0,0.9827586206896551,0.9827586206896551,0.6666666666666666,0.543894616379547,0.8015547679040661,0.6727246921418065,0.0,0.0,0.9285714285714286,0.9285714285714286,70.0,0.0,0.0,0.09097177820572677,17.0,0.0,0.0,0.022806631221698383,0.0
gtzan/gtzan_rock_00035/track.npy,gtzan,1.0,0.924592456274266,0.924592456274266,0.924592456274266,1.0,1.0,1.0,1.0,0.0,1.2440114637439092e-108,0.8816534448328436,0.4408267224164218,0.0,0.0,0.8571428571428571,0.8571428571428571,66.0,0.0,0.0,0.08701137698963579,17.0,0.0,0.0,0.021978906718777346,0.0
gtzan/gtzan_rock_00036/track.npy,gtzan,0.6588235294117647,0.5393260819143194,0.7912193661955171,0.6652727240549183,0.0,0.0,0.9649122807017544,0.9649122807017544,0.6666666666666666,0.5348523091888123,0.819354131542677,0.6771032203657447,0.0,0.0,0.9285714285714286,0.9285714285714286,68.0,0.0,0.0,0.09097177820572819,17.0,0.0,0.0,0.03267391327262412,0.0
gtzan/gtzan_rock_00037/track.npy,gtzan,0.9906542056074767,0.8870977434989242,0.8870977434989242,0.8870977434989242,0.9814814814814815,0.9814814814814815,0.9814814814814815,0.9814814814814815,1.0,0.838671354029609,0.838671354029609,0.838671354029609,1.0,1.0,1.0,1.0,65.0,0.0,0.0,0.0792994094870245,16.0,0.0,0.0,0.021357480818072594,0.0
gtzan/gtzan_rock_00038/track.npy,gtzan,0.6666666666666666,0.5969831507290749,0.8862238279389147,0.7416034893339949,0.0,0.0,0.9821428571428571,0.9821428571428571,0.6666666666666666,0.5814389262253293,0.8349149185200064,0.7081769223726679,0.0,0.0,0.9285714285714286,0.9285714285714286,67.0,0.0,0.0,0.0870113769896318,17.0,0.0,0.0,0.033522692038644886,0.0
gtzan/gtzan_rock_00039/track.npy,gtzan,1.0,0.8170080529855618,0.8170080529855618,0.8170080529855618,1.0,1.0,1.0,1.0,1.0,0.8092382070165507,0.8092382070165507,0.8092382070165507,1.0,1.0,1.0,1.0,72.0,0.0,0.0,0.09531017980432288,18.0,0.0,0.0,0.036367644170875235,0.0
gtzan/gtzan_rock_00040/track.npy,gtzan,0.43333333333333335,0.37844310321912755,0.37844310321912755,0.37844310321912755,0.0,0.0,0.3181818181818182,0.3181818181818182,0.0,2.4109373102263072e-23,3.8574996963620917e-23,3.1342185032941996e-23,0.0,0.0,0.6,0.8,27.0,0.0,0.0,0.11701528039494898,7.0,0.0,0.0,0.1372892585352595,0.0
gtzan/gtzan_rock_00041/track.npy,gtzan,1.0,0.9356627323068167,0.9356627323068167,0.9356627323068167,1.0,1.0,1.0,1.0,0.0,4.84161400271746e-137,0.9158566647852746,0.4579283323926373,0.0,0.0,0.9166666666666666,0.9166666666666666,59.0,0.0,0.0,0.08004270767353472,15.0,0.0,0.0,0.0235897292977531,0.0
gtzan/gtzan_rock_00042/track.npy,gtzan,0.8955223880597014,0.8306242493438164,0.8306242493438164,0.8306242493438164,0.9117647058823529,0.9117647058823529,0.9117647058823529,0.9117647058823529,0.9411764705882353,0.8440439787333307,0.8440439787333307,0.8440439787333307,0.8888888888888888,0.8888888888888888,0.8888888888888888,0.8888888888888888,41.0,0.0,0.0,0.0822380982369687,11.0,0.0,0.0,0.013513719166723481,0.0
gtzan/gtzan_rock_00043/track.npy,gtzan,0.6727272727272727,0.6153613484447022,0.9147263287691008,0.7650438386069015,0.0,0.0,1.0,1.0,0.6666666666666666,0.6016395949713284,0.9024593924569925,0.7520494937141604,0.0,0.0,1.0,1.0,44.0,0.0,0.0,0.08961215868968525,11.0,0.0,0.0,0.019124195294790078,0.0
gtzan/gtzan_rock_00044/track.npy,gtzan,0.935064935064935,0.7889902615530151,0.7889902615530151,0.7889902615530151,0.9743589743589743,0.9743589743589743,0.9743589743589743,0.9743589743589743,1.0,0.8841037403241767,0.8841037403241767,0.8841037403241767,1.0,1.0,1.0,1.0,46.0,0.0,0.0,0.09531017980432521,11.0,0.0,0.0,0.020258545559427785,0.0
gtzan/gtzan_rock_00045/track.npy,gtzan,0.6666666666666666,0.5458696236348065,0.8168342363943626,0.6813519300145845,0.0,0.0,0.984375,0.984375,0.0,6.134672861991032e-78,7.289530778034721e-78,6.712101820012876e-78,0.0,0.0,0.0,0.0,76.0,0.0,0.0,0.10536051565782711,19.0,0.0,0.0,0.04123026862206202,0.0
gtzan/gtzan_rock_00046/track.npy,gtzan,0.9767441860465116,0.7440232252763629,0.7440232252763629,0.7440232252763629,1.0,1.0,1.0,1.0,1.0,0.7382183138748986,0.7382183138748986,0.7382183138748986,1.0,1.0,1.0,1.0,51.0,0.0,0.0,0.06669137449867249,13.0,0.0,0.0,0.021100177245187923,0.0
gtzan/gtzan_rock_00047/track.npy,gtzan,0.9130434782608695,0.7762698587009065,0.7762698587009065,0.7762698587009065,0.8913043478260869,0.9565217391304348,0.8913043478260869,0.9565217391304348,0.9166666666666666,0.7735144180369588,0.7735144180369588,0.7735144180369588,1.0,1.0,1.0,1.0,55.0,0.0,0.0,0.07410797215372678,14.0,0.0,0.0,0.03633758014845052,0.0
gtzan/gtzan_rock_00048/track.npy,gtzan,1.0,0.8829225821383782,0.8829225821383782,0.8829225821383782,1.0,1.0,1.0,1.0,0.0,4.540495896164564e-105,0.831258238433436,0.415629119216718,0.0,0.0,0.9285714285714286,0.9285714285714286,66.0,0.0,0.0,0.08701137698962788,17.0,0.0,0.0,0.021978906718774782,0.0
gtzan/gtzan_rock_00049/track.npy,gtzan,1.0,0.8988372116559925,0.8988372116559925,0.8988372116559925,1.0,1.0,1.0,1.0,1.0,0.9427554709056936,0.9427554709056936,0.9427554709056936,1.0,1.0,1.0,1.0,42.0,0.0,0.0,0.08822208989565777,10.0,0.0,0.0,0.013885652808936676,0.0
gtzan/gtzan_rock_00050/track.npy,gtzan,1.0,0.9118700012355043,0.9118700012355043,0.9118700012355043,1.0,1.0,1.0,1.0,1.0,0.8906965066631134,0.8906965066631134,0.8906965066631134,1.0,1.0,1.0,1.0,62.0,0.0,0.0,0.08338160893905311,16.0,0.0,0.0,0.02083408690284235,0.0
gtzan/gtzan_rock_00051/track.npy,gtzan,1.0,0.8592745140402349,0.8592745140402349,0.8592745140402349,1.0,1.0,1.0,1.0,1.0,0.7404562055292009,0.7404562055292009,0.7404562055292009,1.0,1.0,1.0,1.0,45.0,0.0,0.0,0.05884050002293473,11.0,0.0,0.0,0.007326040092074049,0.0
gtzan/gtzan_rock_00052/track.npy,gtzan,1.0,0.9031371386461157,0.9031371386461157,0.9031371386461157,1.0,1.0,1.0,1.0,1.0,0.9033934952144695,0.9033934952144695,0.9033934952144695,1.0,1.0,1.0,1.0,48.0,0.0,0.0,0.06453852113757419,12.0,0.0,0.0,0.008097210232619407,0.0
gtzan/gtzan_rock_00053/track.npy,gtzan,1.0,0.9398184145537752,0.9398184145537752,0.9398184145537752,1.0,1.0,1.0,1.0,1.0,0.9612068768733693,0.9612068768733693,0.9612068768733693,1.0,1.0,1.0,1.0,60.0,0.0,0.0,0.08004270767353472,15.0,0.0,0.0,0.014030468194768372,0.0
gtzan/gtzan_rock_00054/track.npy,gtzan,0.6470588235294117,0.5141570660700358,0.7769484553947207,0.6455527607323782,0.0,0.0,0.9565217391304348,0.9565217391304348,0.0,6.197633777971584e-37,9.296450666957376e-37,7.74704222246448e-37,0.0,0.0,1.0,1.0,28.0,0.0,0.0,0.07275935428242916,7.0,0.0,0.0,0.03722220154348296,0.0
gtzan/gtzan_rock_00055/track.npy,gtzan,0.9818181818181818,0.8715793937910603,0.8715793937910603,0.8715793937910603,0.9818181818181818,0.9818181818181818,0.9818181818181818,0.9818181818181818,1.0,0.8556860075375184,0.8556860075375184,0.8556860075375184,1.0,1.0,1.0,1.0,66.0,0.0,0.0,0.0870113769896318,16.0,0.0,0.0,0.021588028716369872,0.0
gtzan/gtzan_rock_00056/track.npy,gtzan,1.0,0.9094992418887109,0.9094992418887109,0.9094992418887109,1.0,1.0,1.0,1.0,1.0,0.9082729675263436,0.9082729675263436,0.9082729675263436,1.0,1.0,1.0,1.0,69.0,0.0,0.0,0.04652001563490016,17.0,0.0,0.0,0.022989518224699246,0.0
gtzan/gtzan_rock_00057/track.npy,gtzan,1.0,0.9375272962361674,0.9375272962361674,0.9375272962361674,1.0,1.0,1.0,1.0,1.0,0.9214751296385462,0.9214751296385462,0.9214751296385462,1.0,1.0,1.0,1.0,63.0,0.0,0.0,0.08338160893904922,16.0,0.0,0.0,0.02083408690283961,0.0
gtzan/gtzan_rock_00058/track.npy,gtzan,0.5833333333333334,0.41600860569745957,0.6240129085461893,0.5200107571218244,0.0,0.0,1.0,1.0,0.0,1.3635435864352958e-24,2.0453153796529436e-24,1.7044294830441198e-24,0.0,0.0,1.0,1.0,29.0,0.0,0.0,0.09110293625839218,7.0,0.0,0.0,0.02789803378593887,0.0
gtzan/gtzan_rock_00059/track.npy,gtzan,1.0,0.9067034684167422,0.9067034684167422,0.9067034684167422,1.0,1.0,1.0,1.0,1.0,0.9067852593269895,0.9067852593269895,0.9067852593269895,1.0,1.0,1.0,1.0,58.0,0.0,0.0,0.07773145777048368,19.0,0.0,0.0,0.03922071315328046,0.0
gtzan/gtzan_rock_00060/track.npy,gtzan,1.0,0.9086491408408982,0.9086491408408982,0.9086491408408982,1.0,1.0,1.0,1.0,1.0,0.9286752824553042,0.9286752824553042,0.9286752824553042,1.0,1.0,1.0,1.0,88.0,0.0,0.0,0.11778303565638115,22.0,0.0,0.0,0.04512043528046866,0.0
gtzan/gtzan_rock_00061/track.npy,gtzan,0.6753246753246753,0.6071099765331559,0.8989897729433269,0.7530498747382415,0.0,0.0,1.0,1.0,0.0,1.7935229797802457e-28,2.5621756854003507e-28,2.1778493325902984e-28,0.0,0.0,1.0,1.0,31.0,0.0,0.0,0.06137509095742712,8.0,0.0,0.0,0.019045817653256525,0.0
gtzan/gtzan_rock_00062/track.npy,gtzan,1.0,0.8631183967902069,0.8631183967902069,0.8631183967902069,1.0,1.0,1.0,1.0,1.0,0.8629097546504778,0.8629097546504778,0.8629097546504778,1.0,1.0,1.0,1.0,62.0,0.0,0.0,0.08338160893904932,16.0,0.0,0.0,0.024172617215141436,0.0
gtzan/gtzan_rock_00063/track.npy,gtzan,1.0,0.9282692358907417,0.9282692358907417,0.9282692358907417,1.0,1.0,1.0,1.0,1.0,0.9041267479125447,0.9041267479125447,0.9041267479125447,1.0,1.0,1.0,1.0,63.0,0.0,0.0,0.08338160893905089,15.0,0.0,0.0,0.04042194931263682,0.0
gtzan/gtzan_rock_00064/track.npy,gtzan,0.9606299212598425,0.664526650355411,0.664526650355411,0.664526650355411,0.484375,0.921875,0.484375,0.921875,0.20689655172413793,0.11585474002858412,0.14607771568821476,0.13096622785839945,0.0,0.0,0.0,0.0,77.0,0.0,0.0,0.10536051565782478,19.0,0.0,0.0,0.054310954021790536,0.0
gtzan/gtzan_rock_00065/track.npy,gtzan,0.6666666666666666,0.564856850770659,0.8456891841868487,0.7052730174787538,0.0,0.0,0.9807692307692307,0.9807692307692307,0.7000000000000001,0.6049619157344648,0.8187131085070618,0.7118375121207633,0.0,0.0,1.0,1.0,62.0,0.0,0.0,0.0833816089390514,15.0,0.0,0.0,0.040821994520254964,0.0
gtzan/gtzan_rock_00066/track.npy,gtzan,1.0,0.8503668738917435,0.8503668738917435,0.8503668738917435,1.0,1.0,1.0,1.0,0.0,1.01598386941e-312,0.8182138548574556,0.4091069274287278,0.0,0.0,0.875,0.875,38.0,0.0,0.0,0.05746644753514677,9.0,0.0,0.0,0.023253791332556756,0.0
gtzan/gtzan_rock_00067/track.npy,gtzan,1.0,0.8856297892027709,0.8856297892027709,0.8856297892027709,1.0,1.0,1.0,1.0,0.0,1.178767749111657e-160,0.8063716883866919,0.40318584419334597,0.0,0.0,0.9090909090909091,0.9090909090909091,53.0,0.0,0.0,0.0689928714869561,14.0,0.0,0.0,0.03032938530255581,0.0
gtzan/gtzan_rock_00068/track.npy,gtzan,0.8932038834951457,0.7738968291008963,0.7738968291008963,0.7738968291008963,0.5769230769230769,0.8653846153846154,0.5769230769230769,0.8653846153846154,0.3448275862068966,0.2728974841920983,0.2728974841920983,0.2728974841920983,0.11764705882352941,0.11764705882352941,0.11764705882352941,0.11764705882352941,62.0,0.0,0.0,0.08338160893905121,15.0,0.0,0.0,0.04471267706395519,0.0
gtzan/gtzan_rock_00069/track.npy,gtzan,1.0,0.8364451422405639,0.8364451422405639,0.8364451422405639,0.42857142857142855,0.9714285714285714,0.42857142857142855,0.9714285714285714,1.0,0.8339881284921754,0.8339881284921754,0.8339881284921754,1.0,1.0,1.0,1.0,85.0,0.0,0.0,0.11778303565638275,29.0,0.0,0.0,0.056837729683278077,0.0
gtzan/gtzan_rock_00070/track.npy,gtzan,0.6666666666666666,0.5672939258274227,0.8509408887410962,0.7091174072842594,0.0,0.0,1.0,1.0,0.6666666666666666,0.5450388161720287,0.8175582242580429,0.6812985202150358,0.0,0.0,1.0,1.0,42.0,0.0,0.0,0.1144103511777443,14.0,0.0,0.0,0.028437935320532043,0.0
gtzan/gtzan_rock_00071/track.npy,gtzan,1.0,0.9017575133317727,0.9017575133317727,0.9017575133317727,1.0,1.0,1.0,1.0,1.0,0.8766368634100522,0.8766368634100522,0.8766368634100522,1.0,1.0,1.0,1.0,56.0,0.0,0.0,0.07410797215372356,14.0,0.0,0.0,0.03231837176391142,0.0
gtzan/gtzan_rock_00072/track.npy,gtzan,0.9767441860465117,0.849564227667204,0.849564227667204,0.849564227667204,0.9545454545454546,0.9545454545454546,0.9545454545454546,0.9545454545454546,1.0,0.8645740663936503,0.8645740663936503,0.8645740663936503,1.0,1.0,1.0,1.0,53.0,0.0,0.0,0.06899287148694377,13.0,0.0,0.0,0.008658062743114536,0.0
gtzan/gtzan_rock_00073/track.npy,gtzan,1.0,0.9084835402109744,0.9084835402109744,0.9084835402109744,1.0,1.0,1.0,1.0,1.0,0.9290114570772477,0.9290114570772477,0.9290114570772477,1.0,1.0,1.0,1.0,47.0,0.0,0.0,0.06252035698133829,12.0,0.0,0.0,0.00784317746102664,0.0
gtzan/gtzan_rock_00074/track.npy,gtzan,0.989247311827957,0.9004208240676086,0.9004208240676086,0.9004208240676086,0.9787234042553191,0.9787234042553191,0.9787234042553191,0.9787234042553191,1.0,0.8893144034685664,0.8893144034685664,0.8893144034685664,1.0,1.0,1.0,1.0,56.0,0.0,0.0,0.07410797215372678,14.0,0.0,0.0,0.027908788117076727,0.0
gtzan/gtzan_rock_00075/track.npy,gtzan,1.0,0.9421209142941752,0.9421209142941752,0.9421209142941752,1.0,1.0,1.0,1.0,1.0,0.9364186365861956,0.9364186365861956,0.9364186365861956,1.0,1.0,1.0,1.0,60.0,0.0,0.0,0.08004270767353486,15.0,0.0,0.0,0.020000666706669824,0.0
gtzan/gtzan_rock_00076/track.npy,gtzan,1.0,0.9335780727322142,0.9335780727322142,0.9335780727322142,1.0,1.0,1.0,1.0,1.0,0.9807543211940393,0.9807543211940393,0.9807543211940393,1.0,1.0,1.0,1.0,48.0,0.0,0.0,0.06453852113757197,12.0,0.0,0.0,0.007968169649177358,0.0
gtzan/gtzan_rock_00077/track.npy,gtzan,0.9662921348314608,0.8885055106543303,0.8885055106543303,0.8885055106543303,0.9555555555555556,0.9555555555555556,0.9555555555555556,0.9555555555555556,1.0,0.9189341817219283,0.9189341817219283,0.9189341817219283,1.0,1.0,1.0,1.0,53.0,0.0,0.0,0.036367644170875624,13.0,0.0,0.0,0.017857617400005854,0.0
gtzan/gtzan_rock_00078/track.npy,gtzan,1.0,0.8950307277531481,0.8950307277531481,0.8950307277531481,1.0,1.0,1.0,1.0,1.0,0.9373942159559504,0.9373942159559504,0.9373942159559504,1.0,1.0,1.0,1.0,49.0,0.0,0.0,0.06453852113757087,13.0,0.0,0.0,0.016393809775676393,0.0
gtzan/gtzan_rock_00079/track.npy,gtzan,1.0,0.9362235699936681,0.9362235699936681,0.9362235699936681,1.0,1.0,1.0,1.0,1.0,0.9082966142530517,0.9082966142530517,0.9082966142530517,1.0,1.0,1.0,1.0,63.0,0.0,0.0,0.08338160893905311,16.0,0.0,0.0,0.010471299867295225,0.0
gtzan/gtzan_rock_00080/track.npy,gtzan,1.0,0.9050462802370088,0.9050462802370088,0.9050462802370088,1.0,1.0,1.0,1.0,1.0,0.9125770543233197,0.9125770543233197,0.9125770543233197,1.0,1.0,1.0,1.0,59.0,0.0,0.0,0.046768778749855404,15.0,0.0,0.0,0.029558802241543725,0.0
gtzan/gtzan_rock_00081/track.npy,gtzan,1.0,0.9332025036783875,0.9332025036783875,0.9332025036783875,1.0,1.0,1.0,1.0,1.0,0.9337239863244208,0.9337239863244208,0.9337239863244208,1.0,1.0,1.0,1.0,60.0,0.0,0.0,0.08004270767353472,15.0,0.0,0.0,0.03744370094763942,0.0
gtzan/gtzan_rock_00082/track.npy,gtzan,1.0,0.9048899515660915,0.9048899515660915,0.9048899515660915,1.0,1.0,1.0,1.0,1.0,0.9114482964836406,0.9114482964836406,0.9114482964836406,1.0,1.0,1.0,1.0,50.0,0.0,0.0,0.06669137449867565,13.0,0.0,0.0,0.028407942137302356,0.0
gtzan/gtzan_rock_00083/track.npy,gtzan,1.0,0.9528371429645338,0.9528371429645338,0.9528371429645338,1.0,1.0,1.0,1.0,1.0,0.9495767896415109,0.9495767896415109,0.9495767896415109,1.0,1.0,1.0,1.0,61.0,0.0,0.0,0.08004270767353472,15.0,0.0,0.0,0.030459207484708494,0.0
gtzan/gtzan_rock_00084/track.npy,gtzan,1.0,0.8735205206428596,0.8735205206428596,0.8735205206428596,1.0,1.0,1.0,1.0,1.0,0.8392338005392485,0.8392338005392485,0.8392338005392485,1.0,1.0,1.0,1.0,65.0,0.0,0.0,0.08701137698962769,17.0,0.0,0.0,0.021506205220963425,0.0
gtzan/gtzan_rock_00085/track.npy,gtzan,1.0,0.9016421533157533,0.9016421533157533,0.9016421533157533,1.0,1.0,1.0,1.0,1.0,0.9039186081158257,0.9039186081158257,0.9039186081158257,1.0,1.0,1.0,1.0,49.0,0.0,0.0,0.06604551849033811,13.0,0.0,0.0,0.0243918562886693,0.0
gtzan/gtzan_rock_00086/track.npy,gtzan,1.0,0.9106615134775201,0.9106615134775201,0.9106615134775201,1.0,1.0,1.0,1.0,1.0,0.917442611953999,0.917442611953999,0.917442611953999,1.0,1.0,1.0,1.0,66.0,0.0,0.0,0.0870113769896318,16.0,0.0,0.0,0.022223136784710367,0.0
gtzan/gtzan_rock_00087/track.npy,gtzan,0.9818181818181818,0.8285242970823014,0.8285242970823014,0.8285242970823014,0.9818181818181818,0.9818181818181818,0.9818181818181818,0.9818181818181818,0.962962962962963,0.8460534475618157,0.8460534475618157,0.8460534475618157,0.9285714285714286,0.9285714285714286,0.9285714285714286,0.9285714285714286,66.0,0.0,0.0,0.08701137698962991,16.0,0.0,0.0,0.02604831147097599,0.0
gtzan/gtzan_rock_00088/track.npy,gtzan,1.0,0.9024934236313166,0.9024934236313166,0.9024934236313166,1.0,1.0,1.0,1.0,1.0,0.91759997745949,0.91759997745949,0.91759997745949,1.0,1.0,1.0,1.0,46.0,0.0,0.0,0.09237332013101313,11.0,0.0,0.0,0.03077165866675342,0.0
gtzan/gtzan_rock_00089/track.npy,gtzan,1.0,0.9022417304898036,0.9022417304898036,0.9022417304898036,1.0,1.0,1.0,1.0,1.0,0.875971013685513,0.875971013685513,0.875971013685513,1.0,1.0,1.0,1.0,54.0,0.0,0.0,0.07410797215372307,13.0,0.0,0.0,0.03666078408185036,0.0
gtzan/gtzan_rock_00090/track.npy,gtzan,0.99009900990099,0.9300602330213671,0.9300602330213671,0.9300602330213671,0.9803921568627451,0.9803921568627451,0.9803921568627451,0.9803921568627451,1.0,0.948684411314497,0.948684411314497,0.948684411314497,1.0,1.0,1.0,1.0,61.0,0.0,0.0,0.08338160893904922,16.0,0.0,0.0,0.023926489179933955,0.0
gtzan/gtzan_rock_00091/track.npy,gtzan,1.0,0.8861058859357764,0.8861058859357764,0.8861058859357764,1.0,1.0,1.0,1.0,1.0,0.8892470481737185,0.8892470481737185,0.8892470481737185,1.0,1.0,1.0,1.0,72.0,0.0,0.0,0.09531017980433143,18.0,0.0,0.0,0.046520015634892886,0.0
gtzan/gtzan_rock_00092/track.npy,gtzan,1.0,0.8797968244820623,0.8797968244820623,0.8797968244820623,1.0,1.0,1.0,1.0,1.0,0.8820906276512466,0.8820906276512466,0.8820906276512466,1.0,1.0,1.0,1.0,66.0,0.0,0.0,0.08701137698963164,16.0,0.0,0.0,0.021978906718774782,0.0
gtzan/gtzan_rock_00093/track.npy,gtzan,0.9885057471264368,0.8318815518216773,0.8318815518216773,0.8318815518216773,0.9772727272727273,0.9772727272727273,0.9772727272727273,0.9772727272727273,1.0,0.8644484848832559,0.8644484848832559,0.8644484848832559,1.0,1.0,1.0,1.0,52.0,0.0,0.0,0.0689928714869561,13.0,0.0,0.0,0.01724180643450568,0.0
gtzan/gtzan_rock_00094/track.npy,gtzan,0.989247311827957,0.884966342716613,0.884966342716613,0.884966342716613,0.9787234042553191,0.9787234042553191,0.9787234042553191,0.9787234042553191,0.0,2.9879226566785856e-27,3.983896791172822e-27,3.4859097239257036e-27,0.0,0.0,0.0,0.0,56.0,0.0,0.0,0.07510654629756734,14.0,0.0,0.0,0.031715273341285086,0.0
gtzan/gtzan_rock_00095/track.npy,gtzan,0.5411764705882354,0.47630424421602646,0.5744174244585637,0.5253608343372951,0.5116279069767442,0.5116279069767442,0.5116279069767442,0.5116279069767442,0.5714285714285713,0.5065009895519912,0.5065009895519912,0.5065009895519912,0.9090909090909091,0.9090909090909091,0.9090909090909091,0.9090909090909091,51.0,0.0,0.0,0.06899287148695155,13.0,0.0,0.0,0.01724180643450568,0.0
gtzan/gtzan_rock_00096/track.npy,gtzan,1.0,0.8493526785231635,0.8493526785231635,0.8493526785231635,1.0,1.0,1.0,1.0,1.0,0.844608990121546,0.844608990121546,0.844608990121546,1.0,1.0,1.0,1.0,58.0,0.0,0.0,0.07696104113612884,14.0,0.0,0.0,0.009852296443013109,0.0
gtzan/gtzan_rock_00097/track.npy,gtzan,0.9906542056074767,0.8923267105928119,0.8923267105928119,0.8923267105928119,0.9814814814814815,0.9814814814814815,0.9814814814814815,0.9814814814814815,1.0,0.8864957047888657,0.8864957047888657,0.8864957047888657,1.0,1.0,1.0,1.0,65.0,0.0,0.0,0.08701137698963499,16.0,0.0,0.0,0.032088314551498624,0.0
gtzan/gtzan_rock_00098/track.npy,gtzan,1.0,0.8184287145673761,0.8184287145673761,0.8184287145673761,1.0,1.0,1.0,1.0,1.0,0.7131443888193965,0.7131443888193965,0.7131443888193965,1.0,1.0,1.0,1.0,55.0,0.0,0.0,0.07410797215372678,14.0,0.0,0.0,0.022515014656631603,0.0
gtzan/gtzan_rock_00099/track.npy,gtzan,0.4594594594594595,0.3866235470076369,0.47235169659849435,0.42948762180306566,0.0,0.0,0.44,0.44,0.09523809523809525,0.09379087060043696,0.13130721884061175,0.11254904472052435,0.0,0.0,0.375,0.375,27.0,0.0,0.0,0.05941971120234335,9.0,0.0,0.0,0.13082336947208886,0.0
