piece,dataset,beat_fmeasure,beat_cemgil,beat_cemgil_max,beat_cemgil_bt_legacy,beat_cmlc,beat_cmlt,beat_amlc,beat_amlt,downbeat_fmeasure,downbeat_cemgil,downbeat_cemgil_max,downbeat_cemgil_bt_legacy,downbeat_cmlc,downbeat_cmlt,downbeat_amlc,downbeat_amlt,beat_diag_count,beat_diag_ibi_lt_140ms,beat_diag_ibi_lt_200ms,beat_diag_log_ibi_jump_p95,downbeat_diag_count,downbeat_diag_ibi_lt_140ms,downbeat_diag_ibi_lt_200ms,downbeat_diag_log_ibi_jump_p95,downbeats_off_beat
smc/smc_001/track.npy,smc,0.4285714285714286,0.31486930110336314,0.3723539952139752,0.3436116481586692,0.05357142857142857,0.16071428571428573,0.10714285714285714,0.4107142857142857,nan,nan,nan,nan,nan,nan,nan,nan,62.0,0.04918032786885246,0.13114754098360656,2.050165257135976,41.0,0.025,0.15,2.1005897363863495,0.0
smc/smc_002/track.npy,smc,0.42647058823529405,0.32127745210166436,0.32127745210166436,0.32127745210166436,0.01020408163265306,0.01020408163265306,0.01020408163265306,0.01020408163265306,nan,nan,nan,nan,nan,nan,nan,nan,110.0,0.009174311926605505,0.05504587155963303,0.8614288517008708,66.0,0.015384615384615385,0.07692307692307693,1.3833816482412968,0.0
smc/smc_003/track.npy,smc,0.3582089552238806,0.2737693958399188,0.4073077400481972,0.340538567944058,0.0,0.0,0.03680981595092025,0.09202453987730061,nan,nan,nan,nan,nan,nan,nan,nan,186.0,0.16756756756756758,0.5081081081081081,0.9496283380544555,150.0,0.087248322147651,0.348993288590604,1.1451323043029933,0.0
smc/smc_004/track.npy,smc,0.54,0.4254043892818685,0.4254043892818685,0.4254043892818685,0.07462686567164178,0.23880597014925373,0.11940298507462686,0.26865671641791045,nan,nan,nan,nan,nan,nan,nan,nan,74.0,0.0684931506849315,0.1780821917808219,1.5382658399892504,55.0,0.0,0.1111111111111111,1.4325374319068194,0.0
smc/smc_005/track.npy,smc,0.4230769230769231,0.3243293326215945,0.325278710427547,0.3248040215245708,0.13793103448275862,0.41379310344827586,0.13793103448275862,0.41379310344827586,nan,nan,nan,nan,nan,nan,nan,nan,32.0,0.03225806451612903,0.03225806451612903,1.7762325388285207,24.0,0.0,0.0,0.7405288008810423,0.0
smc/smc_006/track.npy,smc,0.8918918918918918,0.823272137058519,0.823272137058519,0.823272137058519,0.18421052631578946,0.6842105263157895,0.18421052631578946,0.6842105263157895,nan,nan,nan,nan,nan,nan,nan,nan,43.0,0.0,0.023809523809523808,1.139434283188364,35.0,0.0,0.029411764705882353,1.4964708434031557,0.0
smc/smc_007/track.npy,smc,0.326530612244898,0.2267054653648454,0.2874132624542099,0.25705936390952766,0.1,0.1,0.10344827586206896,0.10344827586206896,nan,nan,nan,nan,nan,nan,nan,nan,23.0,0.0,0.045454545454545456,2.253239218890889,21.0,0.0,0.0,1.9721986025623455,0.0
smc/smc_008/track.npy,smc,0.3538461538461539,0.287023832326241,0.3154192310843606,0.3012215317053008,0.0,0.0,0.0196078431372549,0.0196078431372549,nan,nan,nan,nan,nan,nan,nan,nan,59.0,0.0,0.0,0.6384931513734476,19.0,0.0,0.0,0.17928871988959885,0.0
smc/smc_009/track.npy,smc,0.4504504504504505,0.31705699715803515,0.31705699715803515,0.31705699715803515,0.01282051282051282,0.02564102564102564,0.038461538461538464,0.07692307692307693,nan,nan,nan,nan,nan,nan,nan,nan,85.0,0.023809523809523808,0.03571428571428571,1.0917130015194116,37.0,0.0,0.0,1.1588134973067599,0.0
smc/smc_010/track.npy,smc,0.8470588235294118,0.7150939887201359,0.7150939887201359,0.7150939887201359,0.35555555555555557,0.7777777777777778,0.35555555555555557,0.7777777777777778,nan,nan,nan,nan,nan,nan,nan,nan,43.0,0.0,0.0,0.758529939822798,20.0,0.0,0.0,0.851650354131186,0.0
smc/smc_011/track.npy,smc,0.7567567567567567,0.6711742598834344,0.6711742598834344,0.6711742598834344,0.15,0.5833333333333334,0.15,0.5833333333333334,nan,nan,nan,nan,nan,nan,nan,nan,67.0,0.030303030303030304,0.06060606060606061,1.6306062090956286,38.0,0.0,0.0,1.132384985316315,0.0
smc/smc_012/track.npy,smc,0.4954128440366972,0.3850436092170623,0.3850436092170623,0.3850436092170623,0.2413793103448276,0.3620689655172414,0.2413793103448276,0.3620689655172414,nan,nan,nan,nan,nan,nan,nan,nan,66.0,0.03076923076923077,0.07692307692307693,1.710741351193657,35.0,0.0,0.0,1.5700818221194164,0.0
smc/smc_013/track.npy,smc,0.830188679245283,0.6515136657135301,0.6515136657135301,0.6515136657135301,0.5535714285714286,0.7857142857142857,0.5535714285714286,0.7857142857142857,nan,nan,nan,nan,nan,nan,nan,nan,58.0,0.017543859649122806,0.017543859649122806,1.113072321880116,40.0,0.0,0.0,1.0386636223487824,0.0
smc/smc_014/track.npy,smc,0.7368421052631579,0.6120367609775137,0.6120367609775137,0.6120367609775137,0.2,0.4666666666666667,0.2,0.4666666666666667,nan,nan,nan,nan,nan,nan,nan,nan,35.0,0.0,0.0,1.1633459363005472,31.0,0.0,0.0,1.194117636573936,0.0
smc/smc_015/track.npy,smc,0.4,0.31561788162205806,0.354260550759272,0.334939216190665,0.018518518518518517,0.018518518518518517,0.05555555555555555,0.2037037037037037,nan,nan,nan,nan,nan,nan,nan,nan,60.0,0.01694915254237288,0.03389830508474576,1.5530981259872905,35.0,0.029411764705882353,0.029411764705882353,1.7064988591207848,0.0
smc/smc_016/track.npy,smc,0.6666666666666667,0.5439314560321299,0.5439314560321299,0.5439314560321299,0.21951219512195122,0.6829268292682927,0.21951219512195122,0.6829268292682927,nan,nan,nan,nan,nan,nan,nan,nan,46.0,0.044444444444444446,0.06666666666666667,2.286781015645371,30.0,0.034482758620689655,0.034482758620689655,1.9861258130244102,0.0
smc/smc_017/track.npy,smc,0.41489361702127664,0.29465531475986984,0.38002590145128634,0.3373406081055781,0.0,0.0,0.0136986301369863,0.06164383561643835,nan,nan,nan,nan,nan,nan,nan,nan,166.0,0.20606060606060606,0.36363636363636365,1.0986122886681096,97.0,0.041666666666666664,0.13541666666666666,1.256592543836102,0.0
smc/smc_018/track.npy,smc,0.3945578231292517,0.34022632955339877,0.4365250811335036,0.38837570534345117,0.02040816326530612,0.04081632653061224,0.04081632653061224,0.22448979591836735,nan,nan,nan,nan,nan,nan,nan,nan,110.0,0.10091743119266056,0.27522935779816515,1.4287780483633803,81.0,0.05,0.1375,1.4831164144165245,0.0
smc/smc_019/track.npy,smc,0.5714285714285715,0.36317703899746884,0.5124294586050413,0.4378032488012551,0.030303030303030304,0.030303030303030304,0.26666666666666666,0.5111111111111111,nan,nan,nan,nan,nan,nan,nan,nan,39.0,0.0,0.0,1.1254262662875003,27.0,0.0,0.0,1.1708357316452356,0.0
smc/smc_021/track.npy,smc,0.5076923076923078,0.397490196970287,0.397490196970287,0.397490196970287,0.09090909090909091,0.3246753246753247,0.09090909090909091,0.3246753246753247,nan,nan,nan,nan,nan,nan,nan,nan,90.0,0.12359550561797752,0.21348314606741572,1.6434015496537482,55.0,0.05555555555555555,0.1111111111111111,1.9395805534043387,0.0
smc/smc_022/track.npy,smc,0.7999999999999999,0.5877198501168399,0.5877198501168399,0.5877198501168399,0.28846153846153844,0.5,0.28846153846153844,0.5,nan,nan,nan,nan,nan,nan,nan,nan,58.0,0.017543859649122806,0.03508771929824561,1.4101219060709906,44.0,0.0,0.0,0.8099956095657203,0.0
smc/smc_023/track.npy,smc,0.6896551724137931,0.6312150550289224,0.7542663770967296,0.6927407160628261,0.05405405405405406,0.13513513513513514,0.1951219512195122,0.6097560975609756,nan,nan,nan,nan,nan,nan,nan,nan,41.0,0.0,0.0,0.8266231884177299,32.0,0.0,0.0,0.9467488926313608,0.0
smc/smc_024/track.npy,smc,0.794701986754967,0.6546283885415618,0.6546283885415618,0.6546283885415618,0.19736842105263158,0.5921052631578947,0.19736842105263158,0.5921052631578947,nan,nan,nan,nan,nan,nan,nan,nan,84.0,0.04819277108433735,0.08433734939759036,1.3105986624166222,62.0,0.01639344262295082,0.03278688524590164,1.247087466889262,0.0
smc/smc_026/track.npy,smc,0.7241379310344829,0.5065823354064397,0.5065823354064397,0.5065823354064397,0.5862068965517241,0.7931034482758621,0.5862068965517241,0.7931034482758621,nan,nan,nan,nan,nan,nan,nan,nan,34.0,0.0,0.0,1.0206599130966851,31.0,0.0,0.0,1.09053656874373,0.0
smc/smc_027/track.npy,smc,0.35789473684210527,0.27367583457868255,0.27367583457868255,0.27367583457868255,0.06896551724137931,0.1896551724137931,0.06896551724137931,0.1896551724137931,nan,nan,nan,nan,nan,nan,nan,nan,65.0,0.03125,0.125,1.4712685879815846,45.0,0.0,0.09090909090909091,1.4712685879815846,0.0
smc/smc_028/track.npy,smc,0.5789473684210527,0.4947974408391578,0.4947974408391578,0.4947974408391578,0.11290322580645161,0.3709677419354839,0.11290322580645161,0.3709677419354839,nan,nan,nan,nan,nan,nan,nan,nan,57.0,0.05357142857142857,0.07142857142857142,1.4781421634591874,47.0,0.021739130434782608,0.043478260869565216,1.2673132439418886,0.0
smc/smc_030/track.npy,smc,0.7727272727272727,0.587956509432338,0.587956509432338,0.587956509432338,0.06896551724137931,0.4482758620689655,0.06896551724137931,0.4482758620689655,nan,nan,nan,nan,nan,nan,nan,nan,119.0,0.059322033898305086,0.0847457627118644,0.9958739372592609,51.0,0.02,0.02,1.798389370940005,0.0
smc/smc_032/track.npy,smc,0.5567010309278351,0.4560537419863742,0.4560537419863742,0.4560537419863742,0.3333333333333333,0.4444444444444444,0.3333333333333333,0.4444444444444444,nan,nan,nan,nan,nan,nan,nan,nan,44.0,0.023255813953488372,0.046511627906976744,1.3859798605484908,25.0,0.0,0.0,0.8126235375060643,0.0
smc/smc_033/track.npy,smc,0.5982905982905983,0.43918548380785927,0.43918548380785927,0.43918548380785927,0.078125,0.40625,0.078125,0.40625,nan,nan,nan,nan,nan,nan,nan,nan,76.0,0.06666666666666667,0.14666666666666667,1.786684202253997,42.0,0.04878048780487805,0.14634146341463414,2.4134030192135545,0.0
smc/smc_034/track.npy,smc,0.8831168831168831,0.7387805699184427,0.7387805699184427,0.7387805699184427,0.425,0.875,0.425,0.875,nan,nan,nan,nan,nan,nan,nan,nan,45.0,0.045454545454545456,0.045454545454545456,1.7114138489243444,41.0,0.05,0.05,1.822034094717827,0.0
smc/smc_035/track.npy,smc,0.3461538461538462,0.21794635652131686,0.22960912962527885,0.22377774307329784,0.14705882352941177,0.20588235294117646,0.2222222222222222,0.3888888888888889,nan,nan,nan,nan,nan,nan,nan,nan,20.0,0.0,0.0,1.40826779334156,17.0,0.0,0.0,0.7677082528894772,0.0
smc/smc_036/track.npy,smc,0.7272727272727274,0.5895967691516897,0.637634628660898,0.6136156989062939,0.09615384615384616,0.3269230769230769,0.29577464788732394,0.43661971830985913,nan,nan,nan,nan,nan,nan,nan,nan,54.0,0.0,0.0,0.7241274199199327,38.0,0.0,0.0,1.1409143635566017,0.0
smc/smc_037/track.npy,smc,0.5517241379310345,0.4199139928278832,0.4199139928278832,0.4199139928278832,0.11764705882352941,0.17647058823529413,0.11764705882352941,0.17647058823529413,nan,nan,nan,nan,nan,nan,nan,nan,29.0,0.0,0.0,1.2357796173215423,25.0,0.0,0.0,1.2238954676963005,0.0
smc/smc_038/track.npy,smc,0.6052631578947367,0.4941282722019619,0.4941282722019619,0.4941282722019619,0.1,0.4,0.1,0.4,nan,nan,nan,nan,nan,nan,nan,nan,46.0,0.022222222222222223,0.022222222222222223,1.6764515177277586,40.0,0.02564102564102564,0.02564102564102564,1.7685671137106804,0.0
smc/smc_041/track.npy,smc,0.5523809523809524,0.4120579445626449,0.4120579445626449,0.4120579445626449,0.046875,0.203125,0.046875,0.203125,nan,nan,nan,nan,nan,nan,nan,nan,73.0,0.08333333333333333,0.16666666666666666,1.935600505453936,43.0,0.0,0.09523809523809523,2.125251077711154,0.0
smc/smc_042/track.npy,smc,0.5526315789473685,0.40653856722659043,0.603220758617402,0.5048796629219963,0.02040816326530612,0.02040816326530612,0.39622641509433965,0.7924528301886793,nan,nan,nan,nan,nan,nan,nan,nan,58.0,0.017543859649122806,0.03508771929824561,1.1543981764966618,40.0,0.0,0.02564102564102564,1.329338681856743,0.0
smc/smc_043/track.npy,smc,0.7058823529411765,0.5570043342243592,0.5570043342243592,0.5570043342243592,0.11538461538461539,0.5961538461538461,0.11538461538461539,0.5961538461538461,nan,nan,nan,nan,nan,nan,nan,nan,59.0,0.017241379310344827,0.034482758620689655,1.5836842156184279,44.0,0.0,0.0,1.0579327865375467,0.0
smc/smc_044/track.npy,smc,0.6666666666666666,0.46021095255637606,0.46021095255637606,0.46021095255637606,0.11627906976744186,0.4883720930232558,0.11627906976744186,0.4883720930232558,nan,nan,nan,nan,nan,nan,nan,nan,39.0,0.0,0.0,1.1480059334404045,35.0,0.0,0.0,1.1619976511617878,0.0
smc/smc_046/track.npy,smc,0.4578313253012048,0.3687780747740304,0.3687780747740304,0.3687780747740304,0.1111111111111111,0.4222222222222222,0.1111111111111111,0.4222222222222222,nan,nan,nan,nan,nan,nan,nan,nan,49.0,0.0,0.020833333333333332,1.379397505652485,24.0,0.0,0.0,1.3143926770426533,0.0
smc/smc_047/track.npy,smc,0.6666666666666667,0.4251638310199331,0.4251638310199331,0.4251638310199331,0.11764705882352941,0.47058823529411764,0.11764705882352941,0.47058823529411764,nan,nan,nan,nan,nan,nan,nan,nan,38.0,0.0,0.02702702702702703,1.3233449778590125,23.0,0.0,0.045454545454545456,1.0573693301340605,0.0
smc/smc_048/track.npy,smc,0.5365853658536585,0.3927901055849991,0.3927901055849991,0.3927901055849991,0.42857142857142855,0.6666666666666666,0.42857142857142855,0.6666666666666666,nan,nan,nan,nan,nan,nan,nan,nan,23.0,0.0,0.0,0.8426789145309084,22.0,0.0,0.0,0.8485680663137276,0.0
smc/smc_051/track.npy,smc,0.5,0.36604200114258517,0.37691863369175993,0.3714803174171726,0.07042253521126761,0.16901408450704225,0.1095890410958904,0.16901408450704225,nan,nan,nan,nan,nan,nan,nan,nan,83.0,0.04878048780487805,0.13414634146341464,1.0986122886681098,41.0,0.0,0.05,1.577250141722795,0.0
smc/smc_052/track.npy,smc,0.45390070921985815,0.3250852992875892,0.3250852992875892,0.3250852992875892,0.045454545454545456,0.20454545454545456,0.045454545454545456,0.20454545454545456,nan,nan,nan,nan,nan,nan,nan,nan,99.0,0.10204081632653061,0.2653061224489796,1.8337210679712177,68.0,0.07462686567164178,0.1791044776119403,1.8838562153114602,0.0
smc/smc_054/track.npy,smc,0.7126436781609196,0.5620568581354619,0.5645339001281036,0.5632953791317827,0.15384615384615385,0.36538461538461536,0.15384615384615385,0.391304347826087,nan,nan,nan,nan,nan,nan,nan,nan,53.0,0.019230769230769232,0.019230769230769232,1.349894055355769,19.0,0.0,0.0,0.29616419941187544,0.0
smc/smc_055/track.npy,smc,0.28571428571428564,0.20925038955044237,0.24365185466759956,0.22645112210902096,0.05128205128205128,0.05128205128205128,0.05128205128205128,0.15,nan,nan,nan,nan,nan,nan,nan,nan,20.0,0.0,0.0,1.5716558974764396,14.0,0.0,0.0,1.2543144047710733,0.0
smc/smc_056/track.npy,smc,0.3311258278145695,0.22841055723142364,0.30710164730176076,0.2677561022665922,0.021739130434782608,0.06521739130434782,0.03418803418803419,0.08547008547008547,nan,nan,nan,nan,nan,nan,nan,nan,105.0,0.08653846153846154,0.17307692307692307,1.3672900008311228,67.0,0.015151515151515152,0.06060606060606061,1.6311049414881014,0.0
smc/smc_057/track.npy,smc,0.2058823529411765,0.1551913602762383,0.21755719416869918,0.18637427722246874,0.05714285714285714,0.05714285714285714,0.07246376811594203,0.10144927536231885,nan,nan,nan,nan,nan,nan,nan,nan,37.0,0.0,0.027777777777777776,1.9107055238941522,26.0,0.0,0.04,1.9437808138738362,0.0
smc/smc_058/track.npy,smc,0.463768115942029,0.30235565922317714,0.3883724021266095,0.3453640306748933,0.05555555555555555,0.1388888888888889,0.09090909090909091,0.3333333333333333,nan,nan,nan,nan,nan,nan,nan,nan,40.0,0.0,0.02564102564102564,1.6679002174958628,33.0,0.0,0.03125,1.988780513449403,0.0
smc/smc_059/track.npy,smc,0.7184466019417476,0.5641549040815649,0.578010456874009,0.5710826804777869,0.14754098360655737,0.3442622950819672,0.14754098360655737,0.37349397590361444,nan,nan,nan,nan,nan,nan,nan,nan,65.0,0.015625,0.03125,0.8225563915800418,42.0,0.0,0.0,0.8385710443554509,0.0
smc/smc_060/track.npy,smc,0.4210526315789473,0.31778824354975255,0.31778824354975255,0.31778824354975255,0.04878048780487805,0.0975609756097561,0.14285714285714285,0.14285714285714285,nan,nan,nan,nan,nan,nan,nan,nan,16.0,0.0,0.0,1.6784064517702137,13.0,0.0,0.0,1.754931047957412,0.0
smc/smc_061/track.npy,smc,0.5106382978723404,0.4117395451653898,0.47890256529802977,0.4453210552317098,0.041666666666666664,0.041666666666666664,0.08888888888888889,0.37777777777777777,nan,nan,nan,nan,nan,nan,nan,nan,25.0,0.0,0.0,2.049497777258813,22.0,0.0,0.0,2.1656183996459912,0.0
smc/smc_063/track.npy,smc,0.5591397849462365,0.38313966817165707,0.38313966817165707,0.38313966817165707,0.13725490196078433,0.39215686274509803,0.13725490196078433,0.39215686274509803,nan,nan,nan,nan,nan,nan,nan,nan,46.0,0.044444444444444446,0.044444444444444446,2.1212916920531004,30.0,0.0,0.0,1.1456902345287339,0.0
smc/smc_064/track.npy,smc,0.30434782608695654,0.22692260054839233,0.2682488099398577,0.24758570524412504,0.0,0.0,0.04477611940298507,0.373134328358209,nan,nan,nan,nan,nan,nan,nan,nan,72.0,0.15492957746478872,0.19718309859154928,1.9387321499412098,46.0,0.06666666666666667,0.06666666666666667,2.6416302515883796,0.0
smc/smc_065/track.npy,smc,0.7272727272727273,0.5128943071835876,0.5128943071835876,0.5128943071835876,0.15555555555555556,0.5555555555555556,0.15555555555555556,0.5555555555555556,nan,nan,nan,nan,nan,nan,nan,nan,52.0,0.058823529411764705,0.0784313725490196,2.0563595592054056,32.0,0.03225806451612903,0.06451612903225806,2.538231947863765,0.0
smc/smc_066/track.npy,smc,0.39344262295081966,0.30952263614453407,0.30952263614453407,0.30952263614453407,0.14705882352941177,0.5294117647058824,0.14705882352941177,0.5294117647058824,nan,nan,nan,nan,nan,nan,nan,nan,40.0,0.0,0.02564102564102564,1.001222774307003,31.0,0.0,0.0,0.9711951493728814,0.0
smc/smc_067/track.npy,smc,0.74,0.49171733332892975,0.49171733332892975,0.49171733332892975,0.52,0.74,0.52,0.74,nan,nan,nan,nan,nan,nan,nan,nan,56.0,0.03636363636363636,0.05454545454545454,1.751350700271933,25.0,0.0,0.041666666666666664,1.2139699627497083,0.0
smc/smc_068/track.npy,smc,0.8846153846153846,0.62213569962002,0.62213569962002,0.62213569962002,0.6981132075471698,0.9056603773584906,0.6981132075471698,0.9056603773584906,nan,nan,nan,nan,nan,nan,nan,nan,60.0,0.0,0.01694915254237288,0.6677721618827159,35.0,0.0,0.029411764705882353,1.1344693286440575,0.0
smc/smc_069/track.npy,smc,0.6166666666666666,0.46869947099930775,0.46869947099930775,0.46869947099930775,0.08333333333333333,0.3472222222222222,0.08333333333333333,0.3472222222222222,nan,nan,nan,nan,nan,nan,nan,nan,82.0,0.04938271604938271,0.13580246913580246,1.6838089752000975,48.0,0.0425531914893617,0.0851063829787234,2.0130442759203877,0.0
smc/smc_071/track.npy,smc,0.7551020408163265,0.5740810420191553,0.5740810420191553,0.5740810420191553,0.2692307692307692,0.6153846153846154,0.2692307692307692,0.6153846153846154,nan,nan,nan,nan,nan,nan,nan,nan,57.0,0.0,0.0,0.7689521063645184,31.0,0.0,0.0,1.3433236978768,0.0
smc/smc_072/track.npy,smc,0.7608695652173912,0.5699502421506062,0.5699502421506062,0.5699502421506062,0.16981132075471697,0.37735849056603776,0.16981132075471697,0.37735849056603776,nan,nan,nan,nan,nan,nan,nan,nan,60.0,0.01694915254237288,0.05084745762711865,1.728767692897389,27.0,0.0,0.0,0.6542226424907438,0.0
smc/smc_073/track.npy,smc,0.5925925925925926,0.4795013099686814,0.4795013099686814,0.4795013099686814,0.07462686567164178,0.26865671641791045,0.07462686567164178,0.26865671641791045,nan,nan,nan,nan,nan,nan,nan,nan,76.0,0.013333333333333334,0.06666666666666667,1.5523283871616254,44.0,0.0,0.023255813953488372,1.828561074182198,0.0
smc/smc_074/track.npy,smc,0.8163265306122449,0.5937870861883652,0.5937870861883652,0.5937870861883652,0.1320754716981132,0.6415094339622641,0.1320754716981132,0.6415094339622641,nan,nan,nan,nan,nan,nan,nan,nan,49.0,0.0,0.0,1.0672404474922388,40.0,0.0,0.0,1.1005231425347273,0.0
smc/smc_075/track.npy,smc,0.5542168674698795,0.3440631909220709,0.3440631909220709,0.3440631909220709,0.14893617021276595,0.3617021276595745,0.14893617021276595,0.3617021276595745,nan,nan,nan,nan,nan,nan,nan,nan,44.0,0.0,0.0,1.3914055820985136,29.0,0.0,0.0,1.5141748136635105,0.0
smc/smc_076/track.npy,smc,0.40404040404040403,0.2932254750177892,0.2932254750177892,0.2932254750177892,0.09615384615384616,0.25,0.09615384615384616,0.25,nan,nan,nan,nan,nan,nan,nan,nan,57.0,0.017857142857142856,0.017857142857142856,1.1524664560856548,47.0,0.0,0.0,1.0448041792100884,0.0
smc/smc_079/track.npy,smc,0.8333333333333333,0.6932547644070003,0.6932547644070003,0.6932547644070003,0.058333333333333334,0.44166666666666665,0.058333333333333334,0.44166666666666665,nan,nan,nan,nan,nan,nan,nan,nan,131.0,0.08461538461538462,0.2230769230769231,1.1631508098056673,100.0,0.030303030303030304,0.13131313131313133,1.1917423774916496,0.0
smc/smc_080/track.npy,smc,0.34285714285714286,0.23967685813018355,0.23967685813018355,0.23967685813018355,0.0,0.0,0.058823529411764705,0.13725490196078433,nan,nan,nan,nan,nan,nan,nan,nan,59.0,0.034482758620689655,0.08620689655172414,1.619883670428443,47.0,0.043478260869565216,0.06521739130434782,1.9622981097127017,0.0
smc/smc_082/track.npy,smc,0.8518518518518519,0.6407236150379612,0.6407236150379612,0.6407236150379612,0.17543859649122806,0.6140350877192983,0.17543859649122806,0.6140350877192983,nan,nan,nan,nan,nan,nan,nan,nan,57.0,0.05357142857142857,0.07142857142857142,1.6154948928423967,38.0,0.02702702702702703,0.05405405405405406,1.9342735306152576,0.0
smc/smc_084/track.npy,smc,0.06666666666666667,0.021643497823893902,0.03819440792451865,0.029918952874206275,0.0,0.0,0.0,0.0,nan,nan,nan,nan,nan,nan,nan,nan,5.0,0.0,0.0,1.33248303011624,5.0,0.0,0.0,1.33248303011624,0.0
smc/smc_085/track.npy,smc,0.2711864406779661,0.22386546955084421,0.22386546955084421,0.22386546955084421,0.125,0.21875,0.125,0.21875,nan,nan,nan,nan,nan,nan,nan,nan,32.0,0.0,0.0,1.5030715702352961,27.0,0.0,0.0,1.462686658692739,0.0
smc/smc_086/track.npy,smc,0.625,0.4681706536680212,0.48131131753343703,0.4747409856007291,0.08333333333333333,0.2361111111111111,0.08333333333333333,0.25316455696202533,nan,nan,nan,nan,nan,nan,nan,nan,81.0,0.075,0.1125,1.3903765605719203,50.0,0.061224489795918366,0.08163265306122448,1.6615105368826997,0.0
smc/smc_087/track.npy,smc,0.8333333333333334,0.5961054678423439,0.5961054678423439,0.5961054678423439,0.2833333333333333,0.75,0.2833333333333333,0.75,nan,nan,nan,nan,nan,nan,nan,nan,64.0,0.031746031746031744,0.031746031746031744,1.7455944259969467,40.0,0.02564102564102564,0.02564102564102564,2.0087836740855534,0.0
smc/smc_088/track.npy,smc,0.2823529411764706,0.19932254162353244,0.23950355105046195,0.2194130463369972,0.0,0.0,0.007352941176470588,0.014705882352941176,nan,nan,nan,nan,nan,nan,nan,nan,157.0,0.17307692307692307,0.33974358974358976,1.163150809805685,78.0,0.025974025974025976,0.11688311688311688,1.442755953276063,0.0
smc/smc_089/track.npy,smc,0.13559322033898308,0.07781123273648531,0.13502537445443705,0.10641830359546117,0.0,0.0,0.02040816326530612,0.02040816326530612,nan,nan,nan,nan,nan,nan,nan,nan,11.0,0.0,0.0,2.5700877182172883,11.0,0.0,0.0,2.5700877182172883,0.0
smc/smc_092/track.npy,smc,0.746268656716418,0.6233508554743026,0.6233508554743026,0.6233508554743026,0.25675675675675674,0.5405405405405406,0.25675675675675674,0.5405405405405406,nan,nan,nan,nan,nan,nan,nan,nan,69.0,0.014705882352941176,0.014705882352941176,1.634997898720515,50.0,0.0,0.0,1.5292582242765262,0.0
smc/smc_093/track.npy,smc,0.4901185770750988,0.3714164246286505,0.5011946592201098,0.4363055419243801,0.005649717514124294,0.011299435028248588,0.01694915254237288,0.13559322033898305,nan,nan,nan,nan,nan,nan,nan,nan,206.0,0.28780487804878047,0.5951219512195122,1.0069851628784428,138.0,0.0948905109489051,0.2773722627737226,1.2809338454620711,0.0
smc/smc_095/track.npy,smc,0.5542168674698795,0.44254273751343876,0.44254273751343876,0.44254273751343876,0.14893617021276595,0.3191489361702128,0.14893617021276595,0.3191489361702128,nan,nan,nan,nan,nan,nan,nan,nan,42.0,0.0,0.0,1.112776188362022,24.0,0.0,0.0,1.4421628461628857,0.0
smc/smc_096/track.npy,smc,0.9105691056910569,0.7248306903742688,0.7248306903742688,0.7248306903742688,0.7258064516129032,0.9193548387096774,0.7258064516129032,0.9193548387096774,nan,nan,nan,nan,nan,nan,nan,nan,69.0,0.014705882352941176,0.014705882352941176,0.5047222358216621,47.0,0.0,0.0,0.9632627211700009,0.0
smc/smc_098/track.npy,smc,0.6055045871559633,0.45460306071049256,0.45460306071049256,0.45460306071049256,0.16666666666666666,0.38333333333333336,0.16666666666666666,0.38333333333333336,nan,nan,nan,nan,nan,nan,nan,nan,68.0,0.05970149253731343,0.11940298507462686,1.4182310649413563,42.0,0.024390243902439025,0.07317073170731707,1.865658555805515,0.0
smc/smc_099/track.npy,smc,0.4126984126984127,0.3060047115326741,0.3060047115326741,0.3060047115326741,0.09090909090909091,0.21212121212121213,0.1076923076923077,0.21212121212121213,nan,nan,nan,nan,nan,nan,nan,nan,37.0,0.0,0.0,1.4486489132292435,28.0,0.0,0.0,1.3354837093023626,0.0
smc/smc_100/track.npy,smc,0.2982456140350877,0.22771211366537253,0.27154526650705757,0.24962869008621505,0.012987012987012988,0.025974025974025976,0.025974025974025976,0.1038961038961039,nan,nan,nan,nan,nan,nan,nan,nan,83.0,0.10975609756097561,0.15853658536585366,1.8362112317988957,45.0,0.06818181818181818,0.09090909090909091,2.324121597044415,0.0
smc/smc_101/track.npy,smc,0.64,0.5096562783312574,0.5096562783312574,0.5096562783312574,0.11864406779661017,0.3050847457627119,0.11864406779661017,0.3050847457627119,nan,nan,nan,nan,nan,nan,nan,nan,44.0,0.0,0.0,1.117199610094769,42.0,0.0,0.0,1.1242448827486318,0.0
smc/smc_103/track.npy,smc,0.6095238095238096,0.45994657431126285,0.45994657431126285,0.45994657431126285,0.12962962962962962,0.5370370370370371,0.12962962962962962,0.5370370370370371,nan,nan,nan,nan,nan,nan,nan,nan,57.0,0.017857142857142856,0.07142857142857142,1.982475673307309,40.0,0.0,0.05128205128205128,2.231139430508005,0.0
smc/smc_104/track.npy,smc,0.21052631578947367,0.12172734980829823,0.13117005235745002,0.12644870108287412,0.0,0.0,0.15789473684210525,0.2631578947368421,nan,nan,nan,nan,nan,nan,nan,nan,20.0,0.0,0.0,1.2382693375154223,18.0,0.0,0.0,1.2300532289105228,0.0
smc/smc_105/track.npy,smc,0.2684563758389262,0.16501913714258967,0.24785599589273605,0.20643756651766287,0.013157894736842105,0.05263157894736842,0.02631578947368421,0.05263157894736842,nan,nan,nan,nan,nan,nan,nan,nan,94.0,0.15053763440860216,0.3010752688172043,1.6582280766035167,62.0,0.04918032786885246,0.11475409836065574,1.5150118568245383,0.0
smc/smc_106/track.npy,smc,0.2459016393442623,0.20032103909974042,0.287336590293002,0.24382881469637122,0.011627906976744186,0.03488372093023256,0.023255813953488372,0.12790697674418605,nan,nan,nan,nan,nan,nan,nan,nan,98.0,0.07216494845360824,0.12371134020618557,1.7092527186140942,31.0,0.0,0.0,2.1838217082257794,0.0
smc/smc_109/track.npy,smc,0.37333333333333335,0.26559686689399503,0.26559686689399503,0.26559686689399503,0.07894736842105263,0.13157894736842105,0.08108108108108109,0.13513513513513514,nan,nan,nan,nan,nan,nan,nan,nan,40.0,0.0,0.0,1.3607319688231254,25.0,0.0,0.0,1.05899183644028,0.0
smc/smc_111/track.npy,smc,0.6,0.5162291488307439,0.5162291488307439,0.5162291488307439,0.08064516129032258,0.3870967741935484,0.08064516129032258,0.3870967741935484,nan,nan,nan,nan,nan,nan,nan,nan,70.0,0.07246376811594203,0.18840579710144928,1.9313247053151217,47.0,0.06521739130434782,0.17391304347826086,2.4605672627925093,0.0
smc/smc_113/track.npy,smc,0.5263157894736842,0.3176990971609533,0.3176990971609533,0.3176990971609533,0.13333333333333333,0.3333333333333333,0.13333333333333333,0.3333333333333333,nan,nan,nan,nan,nan,nan,nan,nan,30.0,0.0,0.0,1.1507040986025796,17.0,0.0,0.0,0.7863890388221316,0.0
smc/smc_114/track.npy,smc,0.5128205128205129,0.43541545850671864,0.43541545850671864,0.43541545850671864,0.025,0.05,0.08,0.21333333333333335,nan,nan,nan,nan,nan,nan,nan,nan,45.0,0.0,0.06818181818181818,1.4398514871693504,36.0,0.0,0.02857142857142857,1.2992829841302589,0.0
smc/smc_116/track.npy,smc,0.2155688622754491,0.15571299835308577,0.24178376043330663,0.1987483793931962,0.0,0.0,0.015625,0.015625,nan,nan,nan,nan,nan,nan,nan,nan,143.0,0.09859154929577464,0.1619718309859155,1.0116009116784737,114.0,0.05309734513274336,0.09734513274336283,1.115764474275909,0.0
smc/smc_117/track.npy,smc,0.3218390804597701,0.247886089807444,0.247886089807444,0.247886089807444,0.038461538461538464,0.09615384615384616,0.038461538461538464,0.10144927536231885,nan,nan,nan,nan,nan,nan,nan,nan,59.0,0.05172413793103448,0.06896551724137931,1.6975330407029143,38.0,0.08108108108108109,0.10810810810810811,2.5254665573474866,0.0
smc/smc_118/track.npy,smc,0.4367816091954023,0.28456203868645624,0.30074505196963164,0.29265354532804394,0.037037037037037035,0.09259259259259259,0.06153846153846154,0.15384615384615385,nan,nan,nan,nan,nan,nan,nan,nan,61.0,0.03333333333333333,0.13333333333333333,1.924313356434233,42.0,0.0,0.04878048780487805,1.2360474537299702,0.0
smc/smc_119/track.npy,smc,0.2602739726027397,0.16411591377935875,0.21084440114319786,0.1874801574612783,0.0,0.0,0.017543859649122806,0.017543859649122806,nan,nan,nan,nan,nan,nan,nan,nan,127.0,0.07936507936507936,0.20634920634920634,1.2899789810032884,60.0,0.01694915254237288,0.06779661016949153,1.7917594692280772,0.0
smc/smc_120/track.npy,smc,0.9622641509433962,0.7101711485385463,0.7101711485385463,0.7101711485385463,1.0,1.0,1.0,1.0,nan,nan,nan,nan,nan,nan,nan,nan,59.0,0.0,0.0,0.09237332013101426,33.0,0.0,0.0,0.9232870094172154,0.0
smc/smc_121/track.npy,smc,0.30303030303030304,0.1938763969817523,0.21749721661521698,0.20568680679848464,0.05,0.05,0.15384615384615385,0.15384615384615385,nan,nan,nan,nan,nan,nan,nan,nan,16.0,0.0,0.0,1.468911166156008,16.0,0.0,0.0,1.468911166156008,0.0
smc/smc_124/track.npy,smc,0.196078431372549,0.14309284090893565,0.20725164217532277,0.1751722415421292,0.05263157894736842,0.05263157894736842,0.10526315789473684,0.21052631578947367,nan,nan,nan,nan,nan,nan,nan,nan,15.0,0.07142857142857142,0.07142857142857142,2.783302724524696,14.0,0.07692307692307693,0.07692307692307693,2.8191229266609072,0.0
smc/smc_126/track.npy,smc,0.5588235294117647,0.37600634802998817,0.37600634802998817,0.37600634802998817,0.10526315789473684,0.2631578947368421,0.2,0.36666666666666664,nan,nan,nan,nan,nan,nan,nan,nan,31.0,0.13333333333333333,0.13333333333333333,2.6270811385685495,26.0,0.08,0.08,2.6270811385685495,0.0
smc/smc_127/track.npy,smc,0.325,0.2569392434702249,0.2569392434702249,0.2569392434702249,0.02040816326530612,0.04081632653061224,0.08196721311475409,0.13114754098360656,nan,nan,nan,nan,nan,nan,nan,nan,56.0,0.0,0.09090909090909091,1.5097351576605942,30.0,0.0,0.13793103448275862,2.461788733754428,0.0
smc/smc_130/track.npy,smc,0.5316455696202531,0.3890109323892752,0.3890109323892752,0.3890109323892752,0.037037037037037035,0.16666666666666666,0.07407407407407407,0.16666666666666666,nan,nan,nan,nan,nan,nan,nan,nan,59.0,0.034482758620689655,0.034482758620689655,1.7549686881904174,44.0,0.0,0.0,1.4645575215382962,0.0
smc/smc_133/track.npy,smc,0.348993288590604,0.2306076179997915,0.24033970480721975,0.23547366140350562,0.0,0.0,0.009009009009009009,0.04504504504504504,nan,nan,nan,nan,nan,nan,nan,nan,121.0,0.08333333333333333,0.13333333333333333,1.1860657935570296,56.0,0.0,0.01818181818181818,1.4283867744578638,0.0
smc/smc_135/track.npy,smc,0.6436781609195402,0.513259468708573,0.513259468708573,0.513259468708573,0.13043478260869565,0.34782608695652173,0.13043478260869565,0.34782608695652173,nan,nan,nan,nan,nan,nan,nan,nan,44.0,0.0,0.0,1.5372647985272805,28.0,0.0,0.0,1.39414643916331,0.0
smc/smc_137/track.npy,smc,0.6218487394957983,0.4522425780636609,0.4522425780636609,0.4522425780636609,0.02666666666666667,0.16,0.045454545454545456,0.16,nan,nan,nan,nan,nan,nan,nan,nan,47.0,0.0,0.0,1.1134738012877736,37.0,0.0,0.0,1.2903713726364927,0.0
smc/smc_139/track.npy,smc,0.28758169934640526,0.219305855595479,0.33844604073398404,0.2788759481647315,0.0,0.0,0.0,0.0,nan,nan,nan,nan,nan,nan,nan,nan,150.0,0.08053691275167785,0.3288590604026846,1.0468932371139992,73.0,0.041666666666666664,0.16666666666666666,1.723521884893799,0.0
smc/smc_140/track.npy,smc,0.5207100591715977,0.33712483432561485,0.33712483432561485,0.33712483432561485,0.05504587155963303,0.22935779816513763,0.05504587155963303,0.22935779816513763,nan,nan,nan,nan,nan,nan,nan,nan,122.0,0.09090909090909091,0.2066115702479339,1.3887338693283633,62.0,0.06557377049180328,0.08196721311475409,1.7062407403959317,0.0
smc/smc_142/track.npy,smc,0.46341463414634154,0.3804172828117457,0.3804172828117457,0.3804172828117457,0.16279069767441862,0.46511627906976744,0.16279069767441862,0.46511627906976744,nan,nan,nan,nan,nan,nan,nan,nan,47.0,0.0,0.021739130434782608,1.4660824203832297,32.0,0.0,0.0,1.3884659252821885,0.0
smc/smc_143/track.npy,smc,0.481203007518797,0.3575485146975586,0.3575485146975586,0.3575485146975586,0.04938271604938271,0.18518518518518517,0.04938271604938271,0.18518518518518517,nan,nan,nan,nan,nan,nan,nan,nan,90.0,0.0449438202247191,0.14606741573033707,1.5975723693476074,42.0,0.0,0.0,0.8790251045546827,0.0
smc/smc_146/track.npy,smc,0.5,0.34067252140629856,0.34067252140629856,0.34067252140629856,0.15151515151515152,0.30303030303030304,0.15151515151515152,0.30303030303030304,nan,nan,nan,nan,nan,nan,nan,nan,24.0,0.0,0.0,1.298116554134323,22.0,0.0,0.0,1.0039202943566499,0.0
smc/smc_147/track.npy,smc,0.5391304347826087,0.38238318809148675,0.38238318809148675,0.38238318809148675,0.10344827586206896,0.41379310344827586,0.10344827586206896,0.41379310344827586,nan,nan,nan,nan,nan,nan,nan,nan,61.0,0.0,0.0,1.169502750300956,31.0,0.0,0.0,1.4782386137696335,0.0
smc/smc_148/track.npy,smc,0.26666666666666666,0.22205430773545812,0.2512730426401498,0.23666367518780396,0.016129032258064516,0.016129032258064516,0.023529411764705882,0.08235294117647059,nan,nan,nan,nan,nan,nan,nan,nan,70.0,0.0,0.043478260869565216,1.3135737961097795,43.0,0.0,0.023809523809523808,1.9148195619852846,0.0
smc/smc_149/track.npy,smc,0.4047619047619048,0.3170066148617908,0.4522358651924976,0.3846212400271442,0.0,0.0,0.064,0.232,nan,nan,nan,nan,nan,nan,nan,nan,141.0,0.12857142857142856,0.3,1.2039728043259252,92.0,0.03296703296703297,0.0989010989010989,1.2034712357459059,0.0
smc/smc_150/track.npy,smc,0.7659574468085106,0.6029817569192283,0.6029817569192283,0.6029817569192283,0.2597402597402597,0.44155844155844154,0.2597402597402597,0.44155844155844154,nan,nan,nan,nan,nan,nan,nan,nan,88.0,0.05747126436781609,0.13793103448275862,1.5651348605502997,65.0,0.03125,0.09375,1.980507947111916,0.0
smc/smc_151/track.npy,smc,0.5767441860465117,0.40932031878420555,0.44521006040077316,0.4272651895924894,0.06521739130434782,0.14492753623188406,0.06521739130434782,0.14492753623188406,nan,nan,nan,nan,nan,nan,nan,nan,156.0,0.15483870967741936,0.36129032258064514,1.2237754316221041,97.0,0.08333333333333333,0.1875,1.4880770554298304,0.0
smc/smc_152/track.npy,smc,0.5909090909090908,0.5153191905906682,0.5153191905906682,0.5153191905906682,0.14583333333333334,0.2916666666666667,0.14583333333333334,0.2916666666666667,nan,nan,nan,nan,nan,nan,nan,nan,46.0,0.0,0.0,1.1320041815060382,35.0,0.0,0.0,1.0468466752091272,0.0
smc/smc_153/track.npy,smc,0.3684210526315789,0.270894057800636,0.270894057800636,0.270894057800636,0.05454545454545454,0.10909090909090909,0.07407407407407407,0.10909090909090909,nan,nan,nan,nan,nan,nan,nan,nan,27.0,0.0,0.0,2.192982318342474,21.0,0.0,0.0,1.620694857582238,0.0
smc/smc_154/track.npy,smc,0.36363636363636365,0.3057922321350869,0.3057922321350869,0.3057922321350869,0.0625,0.09375,0.0625,0.09375,nan,nan,nan,nan,nan,nan,nan,nan,27.0,0.0,0.0,1.4502610890031544,22.0,0.0,0.0,1.272708573268168,0.0
smc/smc_157/track.npy,smc,0.23809523809523808,0.16620980310536465,0.19262383285879395,0.1794168179820793,0.09090909090909091,0.3181818181818182,0.09302325581395349,0.3181818181818182,nan,nan,nan,nan,nan,nan,nan,nan,44.0,0.023255813953488372,0.046511627906976744,1.7100651693705795,25.0,0.041666666666666664,0.041666666666666664,1.6761735673552778,0.0
smc/smc_158/track.npy,smc,0.3666666666666667,0.2868559529201271,0.32336053186547653,0.3051082423928018,0.0,0.0,0.06666666666666667,0.2222222222222222,nan,nan,nan,nan,nan,nan,nan,nan,45.0,0.0,0.0,1.71464650111333,34.0,0.0,0.0,1.6875697921738575,0.0
smc/smc_159/track.npy,smc,0.5714285714285714,0.4224784100007611,0.4224784100007611,0.4224784100007611,0.1111111111111111,0.42592592592592593,0.1111111111111111,0.42592592592592593,nan,nan,nan,nan,nan,nan,nan,nan,39.0,0.0,0.0,1.0608676249057152,28.0,0.0,0.0,0.8763373250944897,0.0
smc/smc_161/track.npy,smc,0.5454545454545455,0.3903634359524188,0.3903634359524188,0.3903634359524188,0.4857142857142857,0.6857142857142857,0.4857142857142857,0.6857142857142857,nan,nan,nan,nan,nan,nan,nan,nan,34.0,0.0,0.0,1.066319099916398,26.0,0.0,0.0,1.5098696893218413,0.0
smc/smc_166/track.npy,smc,0.711111111111111,0.5511604679978754,0.5511604679978754,0.5511604679978754,0.21739130434782608,0.5434782608695652,0.21739130434782608,0.5434782608695652,nan,nan,nan,nan,nan,nan,nan,nan,48.0,0.0,0.0,0.8836424654761557,44.0,0.0,0.0,0.8898574748060062,0.0
smc/smc_167/track.npy,smc,0.36363636363636365,0.2500936427491324,0.25163098639343723,0.25086231457128483,0.022222222222222223,0.1111111111111111,0.1111111111111111,0.24444444444444444,nan,nan,nan,nan,nan,nan,nan,nan,50.0,0.08163265306122448,0.14285714285714285,2.080968869429899,46.0,0.06666666666666667,0.13333333333333333,2.0957526673944997,0.0
smc/smc_168/track.npy,smc,0.24242424242424243,0.20123729141913405,0.20123729141913405,0.20123729141913405,0.10526315789473684,0.15789473684210525,0.10526315789473684,0.15789473684210525,nan,nan,nan,nan,nan,nan,nan,nan,15.0,0.0,0.0,1.775902071324067,14.0,0.0,0.0,1.3711696508505147,0.0
smc/smc_169/track.npy,smc,0.617283950617284,0.5035500507902272,0.5035500507902272,0.5035500507902272,0.041237113402061855,0.20618556701030927,0.046153846153846156,0.20618556701030927,nan,nan,nan,nan,nan,nan,nan,nan,72.0,0.028169014084507043,0.028169014084507043,1.2874401953874561,49.0,0.041666666666666664,0.041666666666666664,1.9626960818948558,0.0
smc/smc_170/track.npy,smc,0.39999999999999997,0.31086795346145146,0.3449872923820268,0.32792762292173916,0.007874015748031496,0.007874015748031496,0.023622047244094488,0.07874015748031496,nan,nan,nan,nan,nan,nan,nan,nan,145.0,0.09722222222222222,0.2569444444444444,1.0948382558698144,79.0,0.0,0.0641025641025641,1.3701504517435463,0.0
smc/smc_171/track.npy,smc,0.26845637583892623,0.1887876470765711,0.31662597956656713,0.25270681332156913,0.0,0.0,0.01680672268907563,0.09243697478991597,nan,nan,nan,nan,nan,nan,nan,nan,141.0,0.17857142857142858,0.32142857142857145,1.3401303961710773,87.0,0.06976744186046512,0.12790697674418605,1.6026576020989673,0.0
smc/smc_172/track.npy,smc,0.2742857142857143,0.191383755639501,0.3171841037899076,0.25428392971470426,0.015267175572519083,0.015267175572519083,0.015267175572519083,0.06870229007633588,nan,nan,nan,nan,nan,nan,nan,nan,144.0,0.18181818181818182,0.44755244755244755,1.2795253016137478,72.0,0.056338028169014086,0.2535211267605634,1.9078239564118173,0.0
smc/smc_173/track.npy,smc,0.291970802919708,0.2313141994864896,0.3665849490425114,0.2989495742645005,0.0,0.0,0.008849557522123894,0.008849557522123894,nan,nan,nan,nan,nan,nan,nan,nan,129.0,0.1171875,0.1875,1.1900167996354671,55.0,0.037037037037037035,0.09259259259259259,1.668832928114773,0.0
smc/smc_174/track.npy,smc,0.35114503816793896,0.2834584056792255,0.3532116535807051,0.3183350296299653,0.011764705882352941,0.047058823529411764,0.02197802197802198,0.10989010989010989,nan,nan,nan,nan,nan,nan,nan,nan,97.0,0.03125,0.13541666666666666,1.3132335104480974,63.0,0.0,0.08064516129032258,1.7917594692280505,0.0
smc/smc_175/track.npy,smc,0.20689655172413793,0.13852799163865814,0.15265212788996088,0.1455900597643095,0.1111111111111111,0.1111111111111111,0.14285714285714285,0.14285714285714285,nan,nan,nan,nan,nan,nan,nan,nan,11.0,0.1,0.1,4.113786871755474,8.0,0.14285714285714285,0.14285714285714285,4.406123844902738,0.0
smc/smc_176/track.npy,smc,0.2545454545454545,0.20883489773324804,0.20883489773324804,0.20883489773324804,0.022222222222222223,0.022222222222222223,0.045454545454545456,0.09090909090909091,nan,nan,nan,nan,nan,nan,nan,nan,10.0,0.0,0.0,2.340931856599282,10.0,0.0,0.0,2.340931856599282,0.0
smc/smc_178/track.npy,smc,0.6545454545454545,0.4396577179183495,0.4470834379733467,0.4433705779458481,0.08823529411764706,0.3235294117647059,0.14634146341463414,0.4878048780487805,nan,nan,nan,nan,nan,nan,nan,nan,37.0,0.027777777777777776,0.05555555555555555,2.0166827897903095,26.0,0.04,0.08,2.492257111611116,0.0
smc/smc_179/track.npy,smc,0.42857142857142855,0.3170680166885984,0.3170680166885984,0.3170680166885984,0.09523809523809523,0.2857142857142857,0.12195121951219512,0.2857142857142857,nan,nan,nan,nan,nan,nan,nan,nan,23.0,0.0,0.0,1.1659454087366963,21.0,0.0,0.0,1.1714410545056648,0.0
smc/smc_181/track.npy,smc,0.3287671232876712,0.22279512645527638,0.22574203219325117,0.22426857932426378,0.0,0.0,0.008849557522123894,0.008849557522123894,nan,nan,nan,nan,nan,nan,nan,nan,126.0,0.056,0.112,1.3114069092593,81.0,0.0125,0.025,1.107128069502141,0.0
smc/smc_182/track.npy,smc,0.6862745098039217,0.49682727347385436,0.49682727347385436,0.49682727347385436,0.19672131147540983,0.45901639344262296,0.19672131147540983,0.45901639344262296,nan,nan,nan,nan,nan,nan,nan,nan,71.0,0.08571428571428572,0.12857142857142856,1.5583045638301436,48.0,0.0425531914893617,0.0851063829787234,2.08513767752573,0.0
smc/smc_184/track.npy,smc,0.576923076923077,0.413110561273137,0.413110561273137,0.413110561273137,0.17647058823529413,0.3235294117647059,0.17647058823529413,0.3235294117647059,nan,nan,nan,nan,nan,nan,nan,nan,19.0,0.0,0.0,1.6519475907046335,19.0,0.0,0.0,1.6519475907046335,0.0
smc/smc_187/track.npy,smc,0.186046511627907,0.129750419033772,0.13682167677422827,0.13328604790400012,0.08333333333333333,0.16666666666666666,0.08333333333333333,0.16666666666666666,nan,nan,nan,nan,nan,nan,nan,nan,28.0,0.0,0.037037037037037035,1.7245162655778956,28.0,0.0,0.037037037037037035,1.7245162655778956,0.0
smc/smc_188/track.npy,smc,0.8750000000000001,0.6458509453936012,0.6458509453936012,0.6458509453936012,0.19444444444444445,0.5833333333333334,0.19444444444444445,0.5833333333333334,nan,nan,nan,nan,nan,nan,nan,nan,41.0,0.0,0.0,0.7891271141502088,36.0,0.0,0.0,0.8791767585125405,0.0
smc/smc_190/track.npy,smc,0.43010752688172044,0.3320785914333808,0.3320785914333808,0.3320785914333808,0.015873015873015872,0.015873015873015872,0.015873015873015872,0.031746031746031744,nan,nan,nan,nan,nan,nan,nan,nan,69.0,0.029411764705882353,0.029411764705882353,1.350797527194648,30.0,0.0,0.0,1.5599445297358834,0.0
smc/smc_192/track.npy,smc,0.23076923076923078,0.15099435879874548,0.15099435879874548,0.15099435879874548,0.05555555555555555,0.1111111111111111,0.3333333333333333,0.3333333333333333,nan,nan,nan,nan,nan,nan,nan,nan,10.0,0.0,0.0,0.8544958227943856,10.0,0.0,0.0,0.8544958227943856,0.0
smc/smc_193/track.npy,smc,0.402061855670103,0.2820164684459388,0.3236716571124994,0.3028440627792191,0.0,0.0,0.006622516556291391,0.046357615894039736,nan,nan,nan,nan,nan,nan,nan,nan,167.0,0.1686746987951807,0.3493975903614458,1.0116009116784426,96.0,0.06315789473684211,0.15789473684210525,1.4995374910201411,0.0
smc/smc_194/track.npy,smc,0.0,1.1098724567153032e-09,2.1613305736034852e-09,1.6356015151593942e-09,0.0,0.0,0.0,0.0,nan,nan,nan,nan,nan,nan,nan,nan,3.0,0.0,0.0,0.9331687696615072,3.0,0.0,0.0,0.9331687696615072,0.0
smc/smc_195/track.npy,smc,0.33333333333333337,0.2733328970044617,0.2733328970044617,0.2733328970044617,0.06593406593406594,0.15384615384615385,0.06593406593406594,0.15384615384615385,nan,nan,nan,nan,nan,nan,nan,nan,103.0,0.10784313725490197,0.1568627450980392,1.5040773967762493,84.0,0.0963855421686747,0.14457831325301204,1.7809912437588598,0.0
smc/smc_197/track.npy,smc,0.44,0.28205995191188493,0.28205995191188493,0.28205995191188493,0.10344827586206896,0.41379310344827586,0.10344827586206896,0.41379310344827586,nan,nan,nan,nan,nan,nan,nan,nan,32.0,0.03225806451612903,0.03225806451612903,2.0015829706433306,24.0,0.043478260869565216,0.043478260869565216,2.3492795478531887,0.0
smc/smc_198/track.npy,smc,0.5161290322580645,0.3875085222168002,0.3875085222168002,0.3875085222168002,0.06666666666666667,0.18095238095238095,0.06666666666666667,0.18095238095238095,nan,nan,nan,nan,nan,nan,nan,nan,118.0,0.1282051282051282,0.23931623931623933,1.4428976611653324,55.0,0.09259259259259259,0.09259259259259259,2.364241592807745,0.0
smc/smc_199/track.npy,smc,0.30434782608695654,0.2292304155484106,0.39425390348902123,0.3117421595187159,0.0,0.0,0.027777777777777776,0.1111111111111111,nan,nan,nan,nan,nan,nan,nan,nan,165.0,0.22560975609756098,0.43902439024390244,1.3811650316811401,75.0,0.05405405405405406,0.12162162162162163,1.6289539781018743,0.0
smc/smc_202/track.npy,smc,0.20224719101123595,0.16227572122183215,0.17993612382811022,0.1711059225249712,0.017543859649122806,0.03508771929824561,0.047619047619047616,0.12698412698412698,nan,nan,nan,nan,nan,nan,nan,nan,66.0,0.0,0.015384615384615385,1.2264823551416029,51.0,0.0,0.02,1.1398441841177904,0.0
smc/smc_203/track.npy,smc,0.24096385542168672,0.18928710162669973,0.18928710162669973,0.18928710162669973,0.06818181818181818,0.22727272727272727,0.06818181818181818,0.22727272727272727,nan,nan,nan,nan,nan,nan,nan,nan,52.0,0.0196078431372549,0.0392156862745098,1.8455805382120818,28.0,0.0,0.037037037037037035,2.1733314326478763,0.0
smc/smc_204/track.npy,smc,0.445945945945946,0.3014254873593236,0.31617911921983316,0.30880230328957836,0.02127659574468085,0.0851063829787234,0.02127659574468085,0.102803738317757,nan,nan,nan,nan,nan,nan,nan,nan,107.0,0.0660377358490566,0.11320754716981132,1.127706404004813,70.0,0.0,0.028985507246376812,1.2891840747921366,0.0
smc/smc_205/track.npy,smc,0.4285714285714285,0.33102007524681915,0.5283581269374782,0.42968910109214864,0.0,0.0,0.05714285714285714,0.29285714285714287,nan,nan,nan,nan,nan,nan,nan,nan,156.0,0.16129032258064516,0.4064516129032258,1.3217558399823306,87.0,0.05813953488372093,0.11627906976744186,1.5524326169267073,0.0
smc/smc_206/track.npy,smc,0.4731182795698925,0.35777856638635896,0.35777856638635896,0.35777856638635896,0.03389830508474576,0.1016949152542373,0.03389830508474576,0.1016949152542373,nan,nan,nan,nan,nan,nan,nan,nan,62.0,0.01639344262295082,0.16393442622950818,1.509345422559162,39.0,0.0,0.10526315789473684,2.174988875452263,0.0
smc/smc_207/track.npy,smc,0.38181818181818183,0.32138406225766597,0.3819627148989309,0.35167338857829844,0.029850746268656716,0.11940298507462686,0.046511627906976744,0.13953488372093023,nan,nan,nan,nan,nan,nan,nan,nan,48.0,0.02127659574468085,0.0425531914893617,1.3677673680814546,29.0,0.0,0.03571428571428571,1.7957578110947026,0.0
smc/smc_208/track.npy,smc,0.5454545454545455,0.39596677441368283,0.4399693209527582,0.4179680476832205,0.17142857142857143,0.3142857142857143,0.17142857142857143,0.3142857142857143,nan,nan,nan,nan,nan,nan,nan,nan,37.0,0.0,0.0,1.4127276181880442,31.0,0.0,0.0,1.063807737872257,0.0
smc/smc_209/track.npy,smc,0.5194805194805195,0.3819490596121216,0.3819490596121216,0.3819490596121216,0.175,0.6,0.175,0.6,nan,nan,nan,nan,nan,nan,nan,nan,41.0,0.0,0.0,1.2897298239178328,23.0,0.0,0.0,1.2153365629762518,0.0
smc/smc_211/track.npy,smc,0.4666666666666667,0.3233553339095071,0.3233553339095071,0.3233553339095071,0.3877551020408163,0.4897959183673469,0.3877551020408163,0.4897959183673469,nan,nan,nan,nan,nan,nan,nan,nan,45.0,0.022727272727272728,0.06818181818181818,1.3831194912884184,30.0,0.034482758620689655,0.034482758620689655,2.6692279059654584,0.0
smc/smc_212/track.npy,smc,0.10526315789473685,0.07098982180106313,0.10375435494001535,0.08737208837053924,0.041666666666666664,0.041666666666666664,0.14285714285714285,0.14285714285714285,nan,nan,nan,nan,nan,nan,nan,nan,17.0,0.0,0.0,2.319114394945256,16.0,0.0,0.0,2.319114394945256,0.0
smc/smc_213/track.npy,smc,0.4266666666666667,0.31471670203117685,0.3443058548289262,0.32951127843005157,0.15789473684210525,0.23684210526315788,0.15789473684210525,0.23684210526315788,nan,nan,nan,nan,nan,nan,nan,nan,39.0,0.0,0.02631578947368421,1.4979138123273523,24.0,0.0,0.043478260869565216,2.398585718473336,0.0
smc/smc_214/track.npy,smc,0.13793103448275862,0.06506791557398181,0.11099820892032192,0.08803306224715186,0.0,0.0,0.08333333333333333,0.08333333333333333,nan,nan,nan,nan,nan,nan,nan,nan,5.0,0.0,0.0,2.645686638380308,5.0,0.0,0.0,2.645686638380308,0.0
smc/smc_215/track.npy,smc,0.5185185185185185,0.4133301269061359,0.4133301269061359,0.4133301269061359,0.0625,0.16666666666666666,0.0625,0.16666666666666666,nan,nan,nan,nan,nan,nan,nan,nan,53.0,0.057692307692307696,0.057692307692307696,1.609437912434099,47.0,0.043478260869565216,0.043478260869565216,1.5648092021712574,0.0
smc/smc_216/track.npy,smc,0.25477707006369427,0.18287930911191116,0.29085789532819234,0.23686860222005174,0.0,0.0,0.04132231404958678,0.10743801652892562,nan,nan,nan,nan,nan,nan,nan,nan,134.0,0.14285714285714285,0.2932330827067669,1.3119806376311998,63.0,0.04838709677419355,0.12903225806451613,1.7917594692281056,0.0
smc/smc_217/track.npy,smc,0.6181818181818182,0.4115339610331184,0.4334997372779365,0.42251684915552745,0.0967741935483871,0.16129032258064516,0.16666666666666666,0.4583333333333333,nan,nan,nan,nan,nan,nan,nan,nan,26.0,0.0,0.04,1.4385815523731837,22.0,0.0,0.047619047619047616,1.4844628892851728,0.0
smc/smc_219/track.npy,smc,0.562962962962963,0.45022504656442774,0.5290806481835286,0.4896528473739782,0.06976744186046512,0.1744186046511628,0.06976744186046512,0.35051546391752575,nan,nan,nan,nan,nan,nan,nan,nan,95.0,0.05319148936170213,0.09574468085106383,1.3038791346143515,63.0,0.04838709677419355,0.08064516129032258,1.8562979903656127,0.0
smc/smc_220/track.npy,smc,0.3647058823529412,0.273663617243383,0.32150675637698667,0.29758518681018487,0.0,0.0,0.0078125,0.03125,nan,nan,nan,nan,nan,nan,nan,nan,143.0,0.08450704225352113,0.1619718309859155,0.9808292530116893,74.0,0.0136986301369863,0.0410958904109589,1.1299239597778383,0.0
smc/smc_221/track.npy,smc,0.24060150375939846,0.18192867549583205,0.2411075456001247,0.21151811054797837,0.009708737864077669,0.009708737864077669,0.019417475728155338,0.06796116504854369,nan,nan,nan,nan,nan,nan,nan,nan,119.0,0.11016949152542373,0.2711864406779661,1.5307836753011739,69.0,0.014705882352941176,0.11764705882352941,1.675455844289983,0.0
smc/smc_222/track.npy,smc,0.3232323232323232,0.23645930051257036,0.29025200493629516,0.26335565272443273,0.013513513513513514,0.013513513513513514,0.05405405405405406,0.17567567567567569,nan,nan,nan,nan,nan,nan,nan,nan,84.0,0.07228915662650602,0.10843373493975904,1.7484699148382001,41.0,0.025,0.025,1.7975838623656848,0.0
smc/smc_223/track.npy,smc,0.3846153846153846,0.28780526380211063,0.32726855121344145,0.30753690750777607,0.010309278350515464,0.030927835051546393,0.05154639175257732,0.10309278350515463,nan,nan,nan,nan,nan,nan,nan,nan,104.0,0.13592233009708737,0.1941747572815534,1.3343388053948233,56.0,0.03636363636363636,0.03636363636363636,1.6860562514626147,0.0
smc/smc_224/track.npy,smc,0.2625,0.1625782229635068,0.23564538240919336,0.1991118026863501,0.0,0.0,0.0,0.0,nan,nan,nan,nan,nan,nan,nan,nan,138.0,0.08759124087591241,0.20437956204379562,1.0620196655410274,87.0,0.08139534883720931,0.11627906976744186,1.5934536447577219,0.0
smc/smc_225/track.npy,smc,0.30344827586206896,0.21700444114114065,0.28515923880929217,0.2510818399752164,0.0,0.0,0.008333333333333333,0.008333333333333333,nan,nan,nan,nan,nan,nan,nan,nan,132.0,0.16030534351145037,0.2595419847328244,1.4319232042424246,70.0,0.07246376811594203,0.11594202898550725,1.9514925436238473,0.0
smc/smc_226/track.npy,smc,0.4444444444444445,0.314046673013816,0.314046673013816,0.314046673013816,0.075,0.2,0.075,0.2,nan,nan,nan,nan,nan,nan,nan,nan,42.0,0.0,0.0,1.5859906838916265,29.0,0.0,0.0,1.4832621981368328,0.0
smc/smc_227/track.npy,smc,0.2692307692307692,0.18142127256065804,0.2619647840086344,0.2216930282846462,0.05263157894736842,0.10526315789473684,0.10526315789473684,0.10526315789473684,nan,nan,nan,nan,nan,nan,nan,nan,15.0,0.0,0.0,1.4364963938200124,14.0,0.0,0.0,1.4427716479075268,0.0
smc/smc_229/track.npy,smc,0.7647058823529411,0.521546858660833,0.521546858660833,0.521546858660833,0.10344827586206896,0.5689655172413793,0.10344827586206896,0.5689655172413793,nan,nan,nan,nan,nan,nan,nan,nan,71.0,0.014285714285714285,0.08571428571428572,1.4943650834533748,35.0,0.0,0.0,1.354235832562057,0.0
smc/smc_232/track.npy,smc,0.6194690265486725,0.4891713887887293,0.4891713887887293,0.4891713887887293,0.234375,0.359375,0.234375,0.359375,nan,nan,nan,nan,nan,nan,nan,nan,58.0,0.03508771929824561,0.03508771929824561,1.9520454262843456,40.0,0.02564102564102564,0.02564102564102564,2.375603300890738,0.0
smc/smc_235/track.npy,smc,0.35151515151515156,0.2702204671703815,0.31566059752173364,0.29294053234605755,0.0,0.0,0.046511627906976744,0.05426356589147287,nan,nan,nan,nan,nan,nan,nan,nan,147.0,0.1506849315068493,0.2671232876712329,1.2469654611207106,89.0,0.056818181818181816,0.10227272727272728,1.2440667074333853,0.0
smc/smc_236/track.npy,smc,0.32432432432432434,0.242383917734324,0.2555572286278468,0.2489705731810854,0.0,0.0,0.0,0.0,nan,nan,nan,nan,nan,nan,nan,nan,131.0,0.12307692307692308,0.16153846153846155,1.0986122886681096,68.0,0.05970149253731343,0.05970149253731343,1.526294994457595,0.0
smc/smc_237/track.npy,smc,0.29850746268656714,0.24453292235207943,0.32540467044591703,0.28496879639899825,0.020833333333333332,0.020833333333333332,0.03125,0.125,nan,nan,nan,nan,nan,nan,nan,nan,102.0,0.13861386138613863,0.27722772277227725,1.3902964965035596,59.0,0.034482758620689655,0.10344827586206896,1.6711357808310408,0.0
smc/smc_239/track.npy,smc,0.360655737704918,0.2238074107048877,0.28461112751048306,0.2542092691076854,0.06060606060606061,0.12121212121212122,0.07272727272727272,0.23636363636363636,nan,nan,nan,nan,nan,nan,nan,nan,34.0,0.030303030303030304,0.030303030303030304,1.967827655944719,24.0,0.0,0.0,1.6948418620273695,0.0
smc/smc_241/track.npy,smc,0.25373134328358204,0.18575015144050186,0.23079271007046523,0.20827143075548354,0.02197802197802198,0.08791208791208792,0.02197802197802198,0.08791208791208792,nan,nan,nan,nan,nan,nan,nan,nan,102.0,0.07920792079207921,0.1485148514851485,1.8772621414998385,66.0,0.03076923076923077,0.06153846153846154,1.436775550492913,0.0
smc/smc_242/track.npy,smc,0.7160493827160493,0.44072108209304567,0.44072108209304567,0.44072108209304567,0.5111111111111111,0.6444444444444445,0.5111111111111111,0.6444444444444445,nan,nan,nan,nan,nan,nan,nan,nan,43.0,0.0,0.0,0.847297860387205,26.0,0.0,0.0,0.7822222716186167,0.0
smc/smc_243/track.npy,smc,0.5538461538461538,0.40865185685229627,0.40865185685229627,0.40865185685229627,0.13157894736842105,0.2631578947368421,0.13157894736842105,0.2631578947368421,nan,nan,nan,nan,nan,nan,nan,nan,44.0,0.0,0.046511627906976744,1.3483945636434058,35.0,0.0,0.029411764705882353,1.3315408772817634,0.0
smc/smc_244/track.npy,smc,0.2522522522522523,0.17767359357277313,0.18009928622180316,0.17888643989728814,0.031746031746031744,0.07936507936507936,0.041666666666666664,0.08333333333333333,nan,nan,nan,nan,nan,nan,nan,nan,55.0,0.07407407407407407,0.09259259259259259,1.9442331991484323,39.0,0.02631578947368421,0.05263157894736842,1.9036255155119197,0.0
smc/smc_248/track.npy,smc,0.4597701149425288,0.3328316263550162,0.3328316263550162,0.3328316263550162,0.038461538461538464,0.11538461538461539,0.05714285714285714,0.11538461538461539,nan,nan,nan,nan,nan,nan,nan,nan,41.0,0.025,0.025,1.7090847695723557,34.0,0.0,0.0,1.7112047096940728,0.0
smc/smc_249/track.npy,smc,0.4225352112676056,0.36610932375607563,0.36610932375607563,0.36610932375607563,0.009433962264150943,0.02830188679245283,0.009433962264150943,0.05660377358490566,nan,nan,nan,nan,nan,nan,nan,nan,122.0,0.0743801652892562,0.12396694214876033,1.2555414610531137,60.0,0.01694915254237288,0.05084745762711865,1.4238800161504364,0.0
smc/smc_251/track.npy,smc,0.5528455284552846,0.4584602606820007,0.4612712239783158,0.45986574233015826,0.0625,0.171875,0.0847457627118644,0.1864406779661017,nan,nan,nan,nan,nan,nan,nan,nan,62.0,0.04918032786885246,0.04918032786885246,1.3405969625425225,47.0,0.021739130434782608,0.021739130434782608,1.2321436812926394,0.0
smc/smc_252/track.npy,smc,0.7304347826086957,0.5329627493619884,0.5329627493619884,0.5329627493619884,0.16393442622950818,0.5901639344262295,0.16393442622950818,0.5901639344262295,nan,nan,nan,nan,nan,nan,nan,nan,68.0,0.014925373134328358,0.04477611940298507,1.3045076221105816,24.0,0.0,0.0,1.951446232687553,0.0
smc/smc_253/track.npy,smc,0.43243243243243246,0.3205625274601151,0.3205625274601151,0.3205625274601151,0.027777777777777776,0.1111111111111111,0.027777777777777776,0.1111111111111111,nan,nan,nan,nan,nan,nan,nan,nan,84.0,0.03614457831325301,0.08433734939759036,1.5301064222549816,36.0,0.0,0.02857142857142857,1.8191787125604217,0.0
smc/smc_254/track.npy,smc,0.19999999999999998,0.16351402382567864,0.206869688340516,0.18519185608309732,0.03508771929824561,0.08771929824561403,0.08928571428571429,0.12121212121212122,nan,nan,nan,nan,nan,nan,nan,nan,37.0,0.0,0.027777777777777776,1.4763762093877046,33.0,0.0,0.0,1.211559581011159,0.0
smc/smc_255/track.npy,smc,0.6956521739130435,0.6205680881305089,0.6205680881305089,0.6205680881305089,0.10810810810810811,0.43243243243243246,0.10810810810810811,0.43243243243243246,nan,nan,nan,nan,nan,nan,nan,nan,38.0,0.0,0.0,1.1157974020837225,36.0,0.0,0.0,1.1110691194540556,0.0
smc/smc_256/track.npy,smc,0.4657534246575342,0.3716073938243939,0.45907499344251523,0.41534119363345456,0.05405405405405406,0.08108108108108109,0.05405405405405406,0.10810810810810811,nan,nan,nan,nan,nan,nan,nan,nan,43.0,0.0,0.0,1.0021520224805538,34.0,0.0,0.0,1.0021520224805502,0.0
smc/smc_257/track.npy,smc,0.5833333333333334,0.41983402993151375,0.42306900893552474,0.4214515194335192,0.11764705882352941,0.22058823529411764,0.1346153846153846,0.3269230769230769,nan,nan,nan,nan,nan,nan,nan,nan,57.0,0.03571428571428571,0.08928571428571429,1.6444150514808302,41.0,0.0,0.05,1.6721399536588912,0.0
smc/smc_258/track.npy,smc,0.3022222222222223,0.22204814977100287,0.3473477917100514,0.28469797074052716,0.0,0.0,0.005780346820809248,0.028901734104046242,nan,nan,nan,nan,nan,nan,nan,nan,194.0,0.16580310880829016,0.5492227979274611,0.966904458620355,143.0,0.11267605633802817,0.33098591549295775,1.1786549963416595,0.0
smc/smc_259/track.npy,smc,0.38532110091743116,0.27747057433507183,0.3004447560535089,0.28895766519429034,0.04819277108433735,0.1566265060240964,0.04819277108433735,0.1566265060240964,nan,nan,nan,nan,nan,nan,nan,nan,89.0,0.11363636363636363,0.1590909090909091,1.5013443631956975,60.0,0.01694915254237288,0.03389830508474576,1.4337894383079208,0.0
smc/smc_260/track.npy,smc,0.75,0.5970792792517131,0.5970792792517131,0.5970792792517131,0.2033898305084746,0.5254237288135594,0.2033898305084746,0.5254237288135594,nan,nan,nan,nan,nan,nan,nan,nan,67.0,0.0,0.030303030303030304,1.1676566992249826,56.0,0.0,0.0,1.18732360600183,0.0
smc/smc_261/track.npy,smc,0.3958333333333333,0.2993032345561786,0.2993032345561786,0.2993032345561786,0.1,0.21666666666666667,0.1,0.21666666666666667,nan,nan,nan,nan,nan,nan,nan,nan,63.0,0.03225806451612903,0.06451612903225806,1.504077396776276,47.0,0.021739130434782608,0.06521739130434782,1.8683570428535619,0.0
smc/smc_262/track.npy,smc,0.6804123711340205,0.5444960506372735,0.5444960506372735,0.5444960506372735,0.14285714285714285,0.2698412698412698,0.14285714285714285,0.2698412698412698,nan,nan,nan,nan,nan,nan,nan,nan,37.0,0.0,0.0,1.5051973206452176,34.0,0.0,0.0,1.51275040356706,0.0
smc/smc_263/track.npy,smc,0.48101265822784806,0.39094632929649237,0.39094632929649237,0.39094632929649237,0.08,0.18,0.08,0.18,nan,nan,nan,nan,nan,nan,nan,nan,56.0,0.0,0.01818181818181818,1.1839987905684277,36.0,0.0,0.02857142857142857,1.3840022849644542,0.0
smc/smc_264/track.npy,smc,0.34722222222222215,0.24328204334205944,0.3329800900704786,0.288131066706269,0.0392156862745098,0.09803921568627451,0.0392156862745098,0.1568627450980392,nan,nan,nan,nan,nan,nan,nan,nan,111.0,0.14545454545454545,0.3181818181818182,1.7926718795696315,37.0,0.027777777777777776,0.19444444444444445,2.290692599224808,0.0
smc/smc_265/track.npy,smc,0.6590909090909092,0.47147691394401714,0.47147691394401714,0.47147691394401714,0.09782608695652174,0.44565217391304346,0.09782608695652174,0.44565217391304346,nan,nan,nan,nan,nan,nan,nan,nan,104.0,0.02912621359223301,0.1262135922330097,1.3806279268545176,47.0,0.021739130434782608,0.043478260869565216,1.8964545268481294,0.0
smc/smc_266/track.npy,smc,0.33333333333333337,0.26191746946981953,0.31894445205507643,0.290430960762448,0.05263157894736842,0.07894736842105263,0.05454545454545454,0.18181818181818182,nan,nan,nan,nan,nan,nan,nan,nan,42.0,0.0,0.0,1.2485160483076765,38.0,0.0,0.0,1.1698578319058694,0.0
smc/smc_269/track.npy,smc,0.5263157894736842,0.3617700810555212,0.3617700810555212,0.3617700810555212,0.2222222222222222,0.35555555555555557,0.2222222222222222,0.35555555555555557,nan,nan,nan,nan,nan,nan,nan,nan,50.0,0.0,0.04081632653061224,1.4299873613827379,45.0,0.0,0.022727272727272728,1.5752574593133382,0.0
smc/smc_271/track.npy,smc,0.8421052631578947,0.800188589380851,0.800188589380851,0.800188589380851,0.0958904109589041,0.6027397260273972,0.0958904109589041,0.6027397260273972,nan,nan,nan,nan,nan,nan,nan,nan,83.0,0.08536585365853659,0.15853658536585366,1.6486586255873876,36.0,0.0,0.02857142857142857,1.3448226039476292,0.0
smc/smc_272/track.npy,smc,0.6408839779005524,0.6223948647273713,0.6223948647273713,0.6223948647273713,0.0,0.0,0.5245901639344263,0.5245901639344263,nan,nan,nan,nan,nan,nan,nan,nan,69.0,0.0,0.0,0.09445022240656512,18.0,0.0,0.0,0.00865806274311598,0.0
smc/smc_273/track.npy,smc,1.0,0.8049322932601577,0.8049322932601577,0.8049322932601577,1.0,1.0,1.0,1.0,nan,nan,nan,nan,nan,nan,nan,nan,64.0,0.0,0.0,0.062899029996415,16.0,0.0,0.0,0.015873349156289872,0.0
smc/smc_274/track.npy,smc,0.3188405797101449,0.252197931096818,0.5997413373070074,0.4259696342019127,0.0,0.0,0.056451612903225805,0.33064516129032256,nan,nan,nan,nan,nan,nan,nan,nan,149.0,0.12162162162162163,0.3783783783783784,1.428731596391379,58.0,0.03508771929824561,0.24561403508771928,2.024846432211546,0.0
smc/smc_275/track.npy,smc,0.4946236559139785,0.39996147761665,0.39996147761665,0.39996147761665,0.0,0.0,0.0,0.0,nan,nan,nan,nan,nan,nan,nan,nan,80.0,0.0,0.0,0.08642664983636568,42.0,0.0,0.0,1.0613526111724931,0.0
smc/smc_276/track.npy,smc,0.6666666666666666,0.6134802286922015,0.920220343023609,0.7668502858579053,0.0,0.0,1.0,1.0,nan,nan,nan,nan,nan,nan,nan,nan,63.0,0.0,0.0,0.0625203569813354,16.0,0.0,0.0,0.00784317746102714,0.0
smc/smc_277/track.npy,smc,0.673913043478261,0.6449715352727275,0.9206427888592553,0.7828071620659914,0.0,0.0,1.0,1.0,nan,nan,nan,nan,nan,nan,nan,nan,68.0,0.014925373134328358,0.014925373134328358,0.10536051565783022,35.0,0.029411764705882353,0.029411764705882353,1.4551556088645001,0.0
smc/smc_278/track.npy,smc,0.9917355371900827,0.8364580466069322,0.8364580466069322,0.8364580466069322,0.9836065573770492,0.9836065573770492,0.9836065573770492,0.9836065573770492,nan,nan,nan,nan,nan,nan,nan,nan,70.0,0.0,0.0,0.0689928714869561,30.0,0.0,0.0,0.6988240725396346,0.0
smc/smc_279/track.npy,smc,1.0,0.9071964717076434,0.9071964717076434,0.9071964717076434,1.0,1.0,1.0,1.0,nan,nan,nan,nan,nan,nan,nan,nan,69.0,0.0,0.0,0.09268557521159915,35.0,0.0,0.0,0.041929093154988606,0.0
smc/smc_280/track.npy,smc,1.0,0.9209585526282312,0.9209585526282312,0.9209585526282312,1.0,1.0,1.0,1.0,nan,nan,nan,nan,nan,nan,nan,nan,57.0,0.0,0.0,0.05715841383994783,26.0,0.0,0.0,0.6860800133368515,0.0
smc/smc_281/track.npy,smc,1.0,0.8918067362683666,0.8918067362683666,0.8918067362683666,1.0,1.0,1.0,1.0,nan,nan,nan,nan,nan,nan,nan,nan,63.0,0.0,0.016129032258064516,0.0625203569813354,20.0,0.0,0.05263157894736842,0.9163299527794051,0.0
smc/smc_282/track.npy,smc,0.9818181818181818,0.914101891182262,0.914101891182262,0.914101891182262,0.6909090909090909,0.9636363636363636,0.6909090909090909,0.9636363636363636,nan,nan,nan,nan,nan,nan,nan,nan,63.0,0.0,0.0,0.06252035698133473,31.0,0.0,0.0,0.03125254350410555,0.0
smc/smc_283/track.npy,smc,0.99009900990099,0.896244482091932,0.896244482091932,0.896244482091932,0.8235294117647058,0.9607843137254902,0.8235294117647058,0.9607843137254902,nan,nan,nan,nan,nan,nan,nan,nan,60.0,0.0,0.01694915254237288,0.7924401174202685,30.0,0.0,0.0,0.8768449829255194,0.0
smc/smc_284/track.npy,smc,0.9344262295081966,0.827366812706143,0.827366812706143,0.827366812706143,0.234375,0.796875,0.234375,0.796875,nan,nan,nan,nan,nan,nan,nan,nan,72.0,0.07042253521126761,0.08450704225352113,1.6094379124340898,23.0,0.22727272727272727,0.2727272727272727,3.3141860046724556,0.0
smc/smc_285/track.npy,smc,0.4795918367346939,0.3946452260550949,0.6928274945475819,0.5437363603013383,0.0,0.0,0.05755395683453238,0.5107913669064749,nan,nan,nan,nan,nan,nan,nan,nan,147.0,0.0547945205479452,0.136986301369863,1.0812100132701816,66.0,0.0,0.015384615384615385,1.530959965831536,0.0
smc/smc_286/track.npy,smc,1.0,0.9572076594388377,0.9572076594388377,0.9572076594388377,1.0,1.0,1.0,1.0,nan,nan,nan,nan,nan,nan,nan,nan,59.0,0.0,0.0,0.05884050002293728,30.0,0.0,0.0,0.024228605181494417,0.0
smc/smc_287/track.npy,smc,1.0,0.8408828908080204,0.8408828908080204,0.8408828908080204,1.0,1.0,1.0,1.0,nan,nan,nan,nan,nan,nan,nan,nan,68.0,0.0,0.0,0.06899287148694999,33.0,0.0,0.0,0.35512080695962256,0.0
smc/smc_288/track.npy,smc,0.8780487804878049,0.7578932936135206,0.7578932936135206,0.7578932936135206,0.34375,0.796875,0.34375,0.796875,nan,nan,nan,nan,nan,nan,nan,nan,72.0,0.04225352112676056,0.07042253521126761,1.7097147686707883,23.0,0.0,0.045454545454545456,2.005333569526109,0.0
smc/smc_289/track.npy,smc,1.0,0.7951125139202191,0.7951125139202191,0.7951125139202191,1.0,1.0,1.0,1.0,nan,nan,nan,nan,nan,nan,nan,nan,66.0,0.0,0.0,0.06669137449867606,31.0,0.0,0.0,0.6964530409501885,0.0
gtzan/gtzan_blues_00000/track.npy,gtzan,0.9811320754716981,0.8970304415583067,0.8970304415583067,0.8970304415583067,0.9811320754716981,0.9811320754716981,0.9811320754716981,0.9811320754716981,0.65,0.6039826734463729,0.8233452628172947,0.7136639681318337,0.038461538461538464,0.038461538461538464,0.8148148148148148,0.9259259259259259,63.0,0.0,0.0,0.08338160893904922,31.0,0.0,0.0,0.441159868984579,0.0
gtzan/gtzan_blues_00001/track.npy,gtzan,0.5090909090909091,0.44262177532621005,0.44262177532621005,0.44262177532621005,0.0,0.0,0.012195121951219513,0.012195121951219513,0.25925925925925924,0.22408071961448936,0.3690365598132051,0.2965586397138472,0.0,0.0,0.0,0.0,100.0,0.020202020202020204,0.020202020202020204,0.599675205722776,58.0,0.0,0.0,1.081757646779066,0.0
gtzan/gtzan_blues_00002/track.npy,gtzan,0.9923664122137404,0.9042033262402699,0.9042033262402699,0.9042033262402699,0.9696969696969697,0.9696969696969697,0.9696969696969697,0.9696969696969697,0.6808510638297872,0.6172701689458342,0.8129620241304951,0.7151160965381647,0.03225806451612903,0.0967741935483871,0.3225806451612903,0.8064516129032258,79.0,0.01282051282051282,0.01282051282051282,0.10536051565782678,38.0,0.02702702702702703,0.02702702702702703,0.7945134575869922,0.0
gtzan/gtzan_blues_00003/track.npy,gtzan,0.5048543689320388,0.4108436974443763,0.4108436974443763,0.4108436974443763,0.0,0.0,0.0,0.0,0.3157894736842105,0.23894717669828267,0.3578219338532225,0.2983845552757526,0.0,0.0,0.0,0.0,91.0,0.0,0.0,0.17105320600727375,37.0,0.0,0.0,1.124159631170205,0.0
gtzan/gtzan_blues_00004/track.npy,gtzan,0.9464285714285714,0.8120937325282058,0.8120937325282058,0.8120937325282058,1.0,1.0,1.0,1.0,0.6666666666666666,0.5254470869373006,0.5364922182032542,0.5309696525702774,0.2,0.28,0.2,0.28,67.0,0.0,0.0,0.12588715006047993,32.0,0.0,0.0,1.2224150045896474,0.0
gtzan/gtzan_blues_00005/track.npy,gtzan,0.5148514851485149,0.42276646897589615,0.42276646897589615,0.42276646897589615,0.013888888888888888,0.013888888888888888,0.027777777777777776,0.08333333333333333,0.2,0.1722417149355588,0.25874940277672487,0.21549555885614183,0.0,0.0,0.0,0.0,83.0,0.024390243902439025,0.07317073170731707,0.9162907318741534,53.0,0.019230769230769232,0.038461538461538464,1.207745517344371,0.0
gtzan/gtzan_blues_00006/track.npy,gtzan,0.48214285714285704,0.40036137492848295,0.40036137492848295,0.40036137492848295,0.012345679012345678,0.012345679012345678,0.037037037037037035,0.07407407407407407,0.10169491525423728,0.1150583720637206,0.16235521177854387,0.13870679192113222,0.0,0.0,0.0,0.0,100.0,0.13131313131313133,0.21212121212121213,1.3068795440530783,61.0,0.03333333333333333,0.08333333333333333,1.3068849650105652,0.0
gtzan/gtzan_blues_00007/track.npy,gtzan,0.8131868131868132,0.7437870828321749,0.7437870828321749,0.7437870828321749,0.23076923076923078,0.4807692307692308,0.23076923076923078,0.4807692307692308,0.2608695652173913,0.2371204207149492,0.403031299315688,0.3200758600153186,0.0,0.0,0.0,0.0,61.0,0.03333333333333333,0.08333333333333333,1.431038426955465,44.0,0.023255813953488372,0.046511627906976744,1.5973098305755289,0.0
gtzan/gtzan_blues_00008/track.npy,gtzan,0.9929078014184397,0.8840281464487797,0.8840281464487797,0.8840281464487797,0.971830985915493,0.971830985915493,0.971830985915493,0.971830985915493,0.6538461538461539,0.6020241912186135,0.8833088142723157,0.7426665027454646,0.0,0.0,0.9428571428571428,0.9428571428571428,84.0,0.0,0.0,0.11122563511023142,42.0,0.0,0.0,0.02954082567610616,0.0
gtzan/gtzan_blues_00009/track.npy,gtzan,0.46728971962616817,0.37347292116686953,0.37347292116686953,0.37347292116686953,0.04054054054054054,0.06756756756756757,0.04054054054054054,0.08108108108108109,0.1509433962264151,0.1500011276778328,0.298399723846121,0.2242004257619769,0.0,0.0,0.022727272727272728,0.022727272727272728,85.0,0.07142857142857142,0.16666666666666666,1.2267948127975365,53.0,0.038461538461538464,0.07692307692307693,1.6235233509174494,0.0
gtzan/gtzan_blues_00010/track.npy,gtzan,0.6799999999999999,0.5939176920618136,0.7948972330137016,0.6944074625377576,0.015151515151515152,0.030303030303030304,0.373134328358209,0.7611940298507462,0.17857142857142855,0.1614497489969909,0.2715642343630363,0.21650699168001358,0.0,0.0,0.0,0.0,79.0,0.01282051282051282,0.01282051282051282,0.7039606248139968,59.0,0.0,0.0,1.0370434557592036,0.0
gtzan/gtzan_blues_00011/track.npy,gtzan,0.5052631578947369,0.4415710397120949,0.4415710397120949,0.4415710397120949,0.0,0.0,0.0,0.0,0.5853658536585366,0.5117132003963814,0.7638367015329568,0.6377749509646691,0.0,0.0,0.20689655172413793,0.6206896551724138,85.0,0.011904761904761904,0.011904761904761904,0.20736320999315744,35.0,0.0,0.0,1.0580748167845868,0.0
gtzan/gtzan_blues_00012/track.npy,gtzan,0.6545454545454545,0.5266921616701871,0.6837685792327576,0.6052303704514723,0.028169014084507043,0.09859154929577464,0.3116883116883117,0.6233766233766234,0.12244897959183675,0.11718974649122244,0.23593694764147963,0.17656334706635102,0.0,0.0,0.0,0.0,87.0,0.0,0.0,0.7239188392266983,49.0,0.0,0.0,1.2039728043259337,0.0
gtzan/gtzan_blues_00013/track.npy,gtzan,0.524822695035461,0.45379056114847016,0.6607405577126629,0.5572655594305665,0.0,0.0,0.5,0.59375,0.1590909090909091,0.13602653621285504,0.28073549213344134,0.2083810141731482,0.0,0.0,0.0,0.0,116.0,0.05217391304347826,0.13043478260869565,0.6106519952629001,88.0,0.011494252873563218,0.034482758620689655,0.8184510613674818,0.0
gtzan/gtzan_blues_00014/track.npy,gtzan,0.6736842105263158,0.5456451674171101,0.6540492094026504,0.5998471884098803,0.03333333333333333,0.16666666666666666,0.11594202898550725,0.463768115942029,0.32558139534883723,0.2735817431104043,0.3554435715400592,0.3145126573252317,0.0,0.0,0.0,0.0,75.0,0.05405405405405406,0.10810810810810811,1.073076520016827,43.0,0.023809523809523808,0.047619047619047616,1.6739764335716707,0.0
gtzan/gtzan_blues_00015/track.npy,gtzan,0.6666666666666666,0.584069265086146,0.6813842134648637,0.6327267392755048,0.0410958904109589,0.1506849315068493,0.14814814814814814,0.5061728395061729,0.3225806451612903,0.2818814219155563,0.38129895887721105,0.3315901903963837,0.0,0.0,0.0196078431372549,0.0196078431372549,84.0,0.024096385542168676,0.024096385542168676,0.9474410635559847,61.0,0.0,0.0,0.9839064188784015,0.0
gtzan/gtzan_blues_00016/track.npy,gtzan,0.6190476190476191,0.5240775110040427,0.7634166469675682,0.6437470789858054,0.011904761904761904,0.011904761904761904,0.30952380952380953,0.7738095238095238,0.25925925925925924,0.24275725350160393,0.4272123848629129,0.3349848191822584,0.0,0.0,0.022727272727272728,0.045454545454545456,101.0,0.03,0.03,0.4195729679341514,54.0,0.018867924528301886,0.018867924528301886,1.3909360827365187,0.0
gtzan/gtzan_blues_00017/track.npy,gtzan,0.85,0.6789667835729516,0.6789667835729516,0.6789667835729516,0.21348314606741572,0.5617977528089888,0.21348314606741572,0.5617977528089888,0.33766233766233766,0.2749644211353084,0.3887273657123224,0.33184589342381543,0.0,0.0,0.01694915254237288,0.05084745762711865,104.0,0.13592233009708737,0.2524271844660194,0.9555114450274389,72.0,0.04225352112676056,0.056338028169014086,1.4074050337821893,0.0
gtzan/gtzan_blues_00018/track.npy,gtzan,0.6888888888888888,0.5185550214985823,0.5185550214985823,0.5185550214985823,0.125,0.32142857142857145,0.125,0.32142857142857145,0.3555555555555555,0.28170646101827584,0.3494778062223953,0.31559213362033556,0.0,0.0,0.027777777777777776,0.08333333333333333,69.0,0.04411764705882353,0.10294117647058823,1.3285651355485266,43.0,0.0,0.07142857142857142,1.329135947279943,0.0
gtzan/gtzan_blues_00019/track.npy,gtzan,0.5534591194968553,0.4182098706934549,0.6864451498210453,0.5523275102572501,0.0,0.0,0.12962962962962962,0.4722222222222222,0.17204301075268819,0.13887627951094586,0.17840545596938717,0.1586408677401665,0.0,0.0,0.0,0.0,131.0,0.06923076923076923,0.26153846153846155,0.849653328898879,94.0,0.053763440860215055,0.11827956989247312,1.2765513521550076,0.0
gtzan/gtzan_blues_00020/track.npy,gtzan,0.48044692737430167,0.3883794544478593,0.5435871070206528,0.4659832807342561,0.00819672131147541,0.01639344262295082,0.04918032786885246,0.1885245901639344,0.17094017094017094,0.136766428200436,0.21546602118194366,0.17611622469118982,0.0,0.0,0.0,0.0,147.0,0.18493150684931506,0.5068493150684932,1.0986122886680965,121.0,0.10833333333333334,0.31666666666666665,1.0986122886680918,0.0
gtzan/gtzan_blues_00021/track.npy,gtzan,0.863157894736842,0.5029046952607912,0.5029046952607912,0.5029046952607912,0.18867924528301888,0.5660377358490566,0.18867924528301888,0.5660377358490566,0.38461538461538464,0.2025285065721872,0.35473223844668994,0.27863037250943856,0.0,0.0,0.0,0.0,67.0,0.0,0.015151515151515152,0.9002821903394548,49.0,0.0,0.0,0.21297308581150395,0.0
gtzan/gtzan_blues_00022/track.npy,gtzan,0.5755395683453237,0.4554746108306079,0.6807875693734436,0.5681310901020258,0.01020408163265306,0.01020408163265306,0.1326530612244898,0.45918367346938777,0.2191780821917808,0.17524658048499164,0.33581239312221184,0.25552948680360177,0.0,0.0,0.0,0.0,116.0,0.08695652173913043,0.24347826086956523,0.9571902843006491,73.0,0.0,0.08333333333333333,0.9925862431919629,0.0
gtzan/gtzan_blues_00023/track.npy,gtzan,0.4806201550387597,0.392808792441323,0.5352188446358903,0.4640138185386067,0.011363636363636364,0.011363636363636364,0.18181818181818182,0.5340909090909091,0.1724137931034483,0.14079602705049654,0.2607368420508983,0.20076643455069743,0.0,0.0,0.020833333333333332,0.020833333333333332,104.0,0.04854368932038835,0.10679611650485436,0.9535504093697994,55.0,0.037037037037037035,0.07407407407407407,1.3497215952652313,0.0
gtzan/gtzan_blues_00024/track.npy,gtzan,0.6557377049180328,0.49940893715249596,0.6485600727507562,0.5739845049516261,0.02531645569620253,0.11392405063291139,0.11764705882352941,0.5529411764705883,0.7307692307692307,0.5781118348231138,0.5781118348231138,0.5781118348231138,0.16129032258064516,0.3870967741935484,0.36585365853658536,0.4146341463414634,95.0,0.031914893617021274,0.06382978723404255,0.8959498008687411,39.0,0.0,0.02631578947368421,1.118793231085985,0.0
gtzan/gtzan_blues_00025/track.npy,gtzan,0.5354330708661418,0.3823096970359835,0.5813372819593483,0.4818234894976659,0.0,0.0,0.22988505747126436,0.5977011494252874,0.13698630136986303,0.09490939035181677,0.1084117180459995,0.10166055419890813,0.0,0.0,0.0,0.0,109.0,0.14814814814814814,0.18518518518518517,0.9162907318741536,77.0,0.06578947368421052,0.06578947368421052,1.3931262094579882,0.0
gtzan/gtzan_blues_00026/track.npy,gtzan,0.6593406593406593,0.5659020603850328,0.5659020603850328,0.5659020603850328,0.20689655172413793,0.3103448275862069,0.20689655172413793,0.3103448275862069,0.2380952380952381,0.19141532545722226,0.29621242184064095,0.2438138736489316,0.0,0.0,0.058823529411764705,0.058823529411764705,70.0,0.028985507246376812,0.11594202898550725,1.0681583067217446,41.0,0.025,0.075,1.8299283156031463,0.0
gtzan/gtzan_blues_00027/track.npy,gtzan,0.6516853932584269,0.4847293804804507,0.4847293804804507,0.4847293804804507,0.26,0.48,0.26,0.48,0.3255813953488372,0.24610880080547676,0.3953964395016603,0.32075262015356854,0.0,0.0,0.030303030303030304,0.06060606060606061,58.0,0.03508771929824561,0.07017543859649122,1.3307133820046075,40.0,0.02564102564102564,0.02564102564102564,1.4344272900281476,0.0
gtzan/gtzan_blues_00028/track.npy,gtzan,0.671875,0.5529232615513385,0.7811908746779499,0.6670570681146442,0.011764705882352941,0.023529411764705882,0.24705882352941178,0.8823529411764706,0.7241379310344828,0.6044242785324776,0.7431182209473168,0.6737712497398972,0.10810810810810811,0.16216216216216217,0.2926829268292683,0.6585365853658537,98.0,0.0,0.0,0.6677210168031839,45.0,0.0,0.0,0.7966451186454954,0.0
gtzan/gtzan_blues_00029/track.npy,gtzan,0.7288135593220337,0.48265692225481777,0.48265692225481777,0.48265692225481777,0.2727272727272727,0.5151515151515151,0.2727272727272727,0.5151515151515151,0.339622641509434,0.21598658724554265,0.21598658724554265,0.21598658724554265,0.05,0.05,0.05,0.05,76.0,0.02666666666666667,0.13333333333333333,1.180491969912363,45.0,0.0,0.06818181818181818,1.4462699992472139,0.0
gtzan/gtzan_blues_00030/track.npy,gtzan,0.41666666666666663,0.3020639677449149,0.4200197372991396,0.36104185252202725,0.02702702702702703,0.12162162162162163,0.04054054054054054,0.14285714285714285,0.13333333333333333,0.09438834938017027,0.12518433351810204,0.10978634144913615,0.030303030303030304,0.030303030303030304,0.030303030303030304,0.06060606060606061,90.0,0.11235955056179775,0.1797752808988764,1.4524531124213687,44.0,0.06976744186046512,0.11627906976744186,2.0373147848111435,0.0
gtzan/gtzan_blues_00031/track.npy,gtzan,0.2857142857142857,0.2481764702010703,0.47951794283513544,0.3638472065181029,0.012987012987012988,0.03896103896103896,0.07792207792207792,0.23376623376623376,0.046511627906976744,0.04749751378278881,0.07444481707646076,0.06097116542962479,0.03225806451612903,0.03225806451612903,0.03225806451612903,0.03225806451612903,92.0,0.13186813186813187,0.27472527472527475,1.6486586255873747,38.0,0.02702702702702703,0.05405405405405406,2.2485637383343056,0.0
gtzan/gtzan_blues_00032/track.npy,gtzan,0.4036697247706422,0.32148429630947095,0.3330361366251317,0.3272602164673013,0.03508771929824561,0.08771929824561403,0.03508771929824561,0.08771929824561403,0.12244897959183675,0.10986137615338598,0.2605286302416121,0.18519500319749904,0.0,0.0,0.08333333333333333,0.2222222222222222,72.0,0.15492957746478872,0.19718309859154928,1.7497047450996643,44.0,0.023255813953488372,0.046511627906976744,1.6921233040720929,0.0
gtzan/gtzan_blues_00033/track.npy,gtzan,0.6666666666666667,0.490555960814715,0.5281564461056388,0.5093562034601768,0.06153846153846154,0.2923076923076923,0.08695652173913043,0.41304347826086957,0.6285714285714286,0.487729750736444,0.487729750736444,0.487729750736444,0.3157894736842105,0.5789473684210527,0.3157894736842105,0.5789473684210527,56.0,0.0,0.0,0.7444404749474971,23.0,0.0,0.0,1.3862943611199023,0.0
gtzan/gtzan_blues_00034/track.npy,gtzan,0.8636363636363635,0.6312603443016708,0.6312603443016708,0.6312603443016708,0.32653061224489793,0.5714285714285714,0.32653061224489793,0.5714285714285714,0.4615384615384615,0.34586062276480634,0.5984795700601964,0.47217009641250135,0.0,0.0,0.20689655172413793,0.3448275862068966,60.0,0.0,0.0,0.7306993081301224,34.0,0.0,0.0,1.1507366056544148,0.0
gtzan/gtzan_blues_00035/track.npy,gtzan,0.47058823529411764,0.31173320662725773,0.4523666226192873,0.38204991462327254,0.07407407407407407,0.14814814814814814,0.07407407407407407,0.14814814814814814,0.34615384615384615,0.2677203008652282,0.3608014727564005,0.3142608868108143,0.05263157894736842,0.05263157894736842,0.05263157894736842,0.10526315789473684,97.0,0.11458333333333333,0.25,1.3850956849680371,47.0,0.021739130434782608,0.08695652173913043,1.525996576126776,0.0
gtzan/gtzan_blues_00036/track.npy,gtzan,0.32558139534883723,0.2398609325003711,0.4849074172915899,0.3623841748959805,0.0,0.0,0.043010752688172046,0.26881720430107525,0.10344827586206896,0.08587204710988479,0.12591451670478682,0.1058932819073358,0.0,0.0,0.043478260869565216,0.06521739130434782,104.0,0.10679611650485436,0.20388349514563106,1.0986122886681238,54.0,0.03773584905660377,0.07547169811320754,1.6397432619294232,0.0
gtzan/gtzan_blues_00037/track.npy,gtzan,0.6976744186046512,0.5520547730095022,0.5520547730095022,0.5520547730095022,0.07272727272727272,0.2,0.08196721311475409,0.2,0.3404255319148936,0.2601314495517531,0.4539223900659615,0.3570269198088573,0.0,0.0,0.02564102564102564,0.05128205128205128,70.0,0.028985507246376812,0.08695652173913043,1.3776284107787526,49.0,0.020833333333333332,0.041666666666666664,1.4575422471368467,0.0
gtzan/gtzan_blues_00038/track.npy,gtzan,0.41025641025641024,0.3219763971741328,0.35617853734235694,0.33907746725824484,0.0,0.0,0.024691358024691357,0.09876543209876543,0.08333333333333333,0.06148286138108061,0.08845921164158377,0.07497103651133219,0.0,0.0,0.02564102564102564,0.02564102564102564,98.0,0.09278350515463918,0.1958762886597938,1.0666925778540115,47.0,0.021739130434782608,0.043478260869565216,1.4813962179002094,0.0
gtzan/gtzan_blues_00039/track.npy,gtzan,0.8333333333333334,0.6857133015064746,0.6857133015064746,0.6857133015064746,0.3333333333333333,0.6666666666666666,0.3333333333333333,0.6666666666666666,0.6046511627906976,0.4946767922725805,0.4946767922725805,0.4946767922725805,0.14814814814814814,0.2222222222222222,0.14814814814814814,0.2222222222222222,58.0,0.05263157894736842,0.07017543859649122,1.2906966555133932,37.0,0.027777777777777776,0.027777777777777776,1.564278605414924,0.0
gtzan/gtzan_blues_00040/track.npy,gtzan,0.9859154929577464,0.9482523720411847,0.9482523720411847,0.9482523720411847,0.9722222222222222,0.9722222222222222,0.9722222222222222,0.9722222222222222,0.6792452830188679,0.657028423622463,0.9413811027425355,0.7992047631824992,0.02857142857142857,0.02857142857142857,0.4857142857142857,0.9428571428571428,87.0,0.0,0.0,0.11647155554714976,42.0,0.0,0.0,0.08895785217594684,0.0
gtzan/gtzan_blues_00041/track.npy,gtzan,0.9906542056074767,0.9416467149550047,0.9416467149550047,0.9416467149550047,0.9814814814814815,0.9814814814814815,0.9814814814814815,0.9814814814814815,0.6842105263157895,0.6637522389923303,0.8955226430486506,0.7796374410204905,0.08,0.12,0.56,0.8,65.0,0.0,0.0,0.08701137698963919,30.0,0.0,0.0,0.7039580966641606,0.0
gtzan/gtzan_blues_00042/track.npy,gtzan,0.46464646464646464,0.3885398399749198,0.3885398399749198,0.3885398399749198,0.0,0.0,0.0,0.0,0.3225806451612903,0.27204063640714327,0.42105880926949774,0.34654972283832053,0.0,0.0,0.0,0.0,88.0,0.011494252873563218,0.011494252873563218,0.553336987427794,31.0,0.0,0.0,0.46300152259851957,0.0
gtzan/gtzan_blues_00043/track.npy,gtzan,0.9906542056074767,0.9078757199620933,0.9078757199620933,0.9078757199620933,0.9814814814814815,0.9814814814814815,0.9814814814814815,0.9814814814814815,0.6153846153846155,0.5558164099849431,0.8638737081115495,0.7098450590482464,0.0,0.0,0.5384615384615384,0.8846153846153846,65.0,0.0,0.0,0.04445176257083233,32.0,0.0,0.0,0.3889708368093224,0.0
gtzan/gtzan_blues_00044/track.npy,gtzan,0.8500000000000001,0.6529824816872052,0.6529824816872052,0.6529824816872052,0.13095238095238096,0.5238095238095238,0.13095238095238096,0.5238095238095238,0.7599999999999999,0.6398054670912982,0.6398054670912982,0.6398054670912982,0.10344827586206896,0.5517241379310345,0.10344827586206896,0.5517241379310345,87.0,0.046511627906976744,0.08139534883720931,1.18739825276739,34.0,0.030303030303030304,0.06060606060606061,2.2440232277448415,0.0
gtzan/gtzan_blues_00045/track.npy,gtzan,0.7802197802197802,0.7093456153637004,0.8109483442180958,0.7601469797908982,0.07272727272727272,0.20909090909090908,0.3194444444444444,0.5416666666666666,0.7088607594936709,0.6510509788414367,0.8819215443786136,0.7664862616100252,0.0196078431372549,0.09803921568627451,0.3090909090909091,0.8,83.0,0.0,0.08536585365853659,0.6931471805599534,60.0,0.0,0.0,0.714798383375579,0.0
gtzan/gtzan_blues_00046/track.npy,gtzan,1.0,0.9434640196900892,0.9434640196900892,0.9434640196900892,1.0,1.0,1.0,1.0,0.9285714285714286,0.8604929083604157,0.8604929083604157,0.8604929083604157,0.7333333333333333,0.7333333333333333,0.7333333333333333,0.7333333333333333,61.0,0.0,0.0,0.08004270767353472,18.0,0.0,0.0,0.6931471805599452,0.0
gtzan/gtzan_blues_00047/track.npy,gtzan,0.9344262295081968,0.7436399979130683,0.7436399979130683,0.7436399979130683,0.3968253968253968,0.7936507936507936,0.3968253968253968,0.7936507936507936,0.5238095238095238,0.43002785283153344,0.5464168015898073,0.4882223272106704,0.09523809523809523,0.09523809523809523,0.09523809523809523,0.14285714285714285,70.0,0.014492753623188406,0.014492753623188406,1.0411241422957689,30.0,0.0,0.0,1.0986122886681124,0.0
gtzan/gtzan_blues_00048/track.npy,gtzan,1.0,0.8951283176907406,0.8951283176907406,0.8951283176907406,1.0,1.0,1.0,1.0,0.6666666666666666,0.5994505699552476,0.8782728738830873,0.7388617219191674,0.0,0.0,0.9615384615384616,0.9615384615384616,61.0,0.0,0.0,0.0800427076735364,31.0,0.0,0.0,0.040495330557635816,0.0
gtzan/gtzan_blues_00049/track.npy,gtzan,0.6376811594202898,0.5209317883398425,0.6326573887708203,0.5767945885553314,0.046511627906976744,0.18604651162790697,0.27450980392156865,0.5882352941176471,0.5454545454545455,0.4479819911116402,0.6230674391849297,0.5355247151482849,0.0,0.0,0.8,0.8666666666666667,54.0,0.018867924528301886,0.018867924528301886,1.5044523312115738,18.0,0.058823529411764705,0.058823529411764705,2.959749885476642,0.0
gtzan/gtzan_blues_00050/track.npy,gtzan,1.0,0.8371953913424172,0.8371953913424172,0.8371953913424172,1.0,1.0,1.0,1.0,0.7317073170731707,0.5980106350654188,0.792025070985783,0.6950178530256009,0.07692307692307693,0.11538461538461539,0.3448275862068966,0.7931034482758621,68.0,0.0,0.0,0.09097177820573288,31.0,0.0,0.0,0.6768777641016948,0.0
gtzan/gtzan_blues_00051/track.npy,gtzan,0.9878048780487805,0.9048706603900007,0.9048706603900007,0.9048706603900007,0.9518072289156626,0.9518072289156626,0.9518072289156626,0.9518072289156626,0.6333333333333334,0.5905435242662779,0.8560481710253446,0.7232958476458112,0.025,0.025,0.6,0.875,99.0,0.0,0.0,0.13353139262452585,48.0,0.0,0.0,0.14047550634019415,0.0
gtzan/gtzan_blues_00052/track.npy,gtzan,0.5555555555555556,0.49942304680066396,0.49942304680066396,0.49942304680066396,0.0,0.0,0.0,0.0,0.3571428571428571,0.30437974510562044,0.46212689187309286,0.3832533184893566,0.0,0.0,0.08695652173913043,0.17391304347826086,61.0,0.03333333333333333,0.03333333333333333,1.1972434685027555,28.0,0.0,0.0,1.6749144300359298,0.0
gtzan/gtzan_blues_00053/track.npy,gtzan,1.0,0.8237853056537374,0.8237853056537374,0.8237853056537374,1.0,1.0,1.0,1.0,0.9523809523809523,0.781585812959438,0.781585812959438,0.781585812959438,0.5454545454545454,0.8181818181818182,0.5454545454545454,0.8181818181818182,51.0,0.0,0.0,0.06669137449867674,14.0,0.0,0.0,0.688544643241162,0.0
gtzan/gtzan_blues_00054/track.npy,gtzan,1.0,0.9017454981617868,0.9017454981617868,0.9017454981617868,0.9868421052631579,0.9868421052631579,0.9868421052631579,0.9868421052631579,0.6909090909090909,0.6265339654784433,0.8810673853533533,0.7538006754158983,0.05555555555555555,0.08333333333333333,0.6486486486486487,0.8648648648648649,91.0,0.0,0.0,0.12516314295400477,43.0,0.0,0.0,0.6931471805599453,0.0
gtzan/gtzan_blues_00055/track.npy,gtzan,0.9345794392523366,0.796124642178996,0.796124642178996,0.796124642178996,0.6,0.8909090909090909,0.6,0.8909090909090909,0.6486486486486487,0.5448211403139173,0.7264479357109959,0.6356345380124566,0.125,0.125,0.64,0.76,64.0,0.0,0.0,0.09097177820572856,30.0,0.0,0.0,0.41475304089593934,0.0
gtzan/gtzan_blues_00056/track.npy,gtzan,0.5411764705882353,0.4698831612576507,0.4698831612576507,0.4698831612576507,0.0,0.0,0.0,0.0,0.3846153846153846,0.3166413511981815,0.5010172762095652,0.4088293137038733,0.0,0.0,0.09523809523809523,0.23809523809523808,74.0,0.0136986301369863,0.0136986301369863,0.7813501346374101,24.0,0.043478260869565216,0.043478260869565216,3.228419494594075,0.0
gtzan/gtzan_blues_00057/track.npy,gtzan,0.9936305732484078,0.9329313860808152,0.9329313860808152,0.9329313860808152,0.8987341772151899,0.9746835443037974,0.8987341772151899,0.9746835443037974,0.7450980392156863,0.7135681249465504,0.8592040694185077,0.786386097182529,0.0625,0.21875,0.16216216216216217,0.6486486486486487,94.0,0.010752688172043012,0.010752688172043012,0.1251631429540115,38.0,0.0,0.0,0.7086513670959109,0.0
gtzan/gtzan_blues_00058/track.npy,gtzan,1.0,0.8808896552020019,0.8808896552020019,0.8808896552020019,1.0,1.0,1.0,1.0,1.0,0.8497142611144043,0.8497142611144043,0.8497142611144043,1.0,1.0,1.0,1.0,53.0,0.0,0.0,0.07145896398214502,13.0,0.0,0.0,0.03540192705091533,0.0
gtzan/gtzan_blues_00059/track.npy,gtzan,0.989010989010989,0.8937652171115348,0.8937652171115348,0.8937652171115348,0.9782608695652174,0.9782608695652174,0.9782608695652174,0.9782608695652174,0.9166666666666666,0.7934268248524446,0.7934268248524446,0.7934268248524446,0.6153846153846154,0.7692307692307693,0.6153846153846154,0.7692307692307693,55.0,0.0,0.0,0.10689602618069162,18.0,0.0,0.0,0.7420285825277841,0.0
gtzan/gtzan_blues_00060/track.npy,gtzan,0.9606299212598426,0.7653297385838994,0.7653297385838994,0.7653297385838994,0.8769230769230769,0.9076923076923077,0.8769230769230769,0.9076923076923077,0.6222222222222223,0.4864829911006732,0.7062985140549018,0.5963907525777875,0.03333333333333333,0.06666666666666667,0.6666666666666666,0.8333333333333334,77.0,0.02631578947368421,0.02631578947368421,0.7959081529220364,36.0,0.0,0.0,0.7309435021311379,0.0
gtzan/gtzan_blues_00061/track.npy,gtzan,1.0,0.941529895927743,0.941529895927743,0.941529895927743,1.0,1.0,1.0,1.0,0.6829268292682926,0.6449028307164889,0.9514667225184541,0.7981847766174714,0.0,0.0,1.0,1.0,66.0,0.0,0.0,0.08701137698963148,33.0,0.0,0.0,0.021978906718778682,0.0
gtzan/gtzan_blues_00062/track.npy,gtzan,1.0,0.904583602280821,0.904583602280821,0.904583602280821,1.0,1.0,1.0,1.0,0.6666666666666666,0.5888266995466569,0.8829230434596766,0.7358748715031668,0.0,0.0,0.9583333333333334,0.9583333333333334,57.0,0.0,0.0,0.07410797215372453,29.0,0.0,0.0,0.019048194970694234,0.0
gtzan/gtzan_blues_00063/track.npy,gtzan,1.0,0.8373209167880702,0.8373209167880702,0.8373209167880702,1.0,1.0,1.0,1.0,0.6428571428571429,0.5646640273999671,0.8464146390056112,0.7055393332027892,0.0,0.0,0.8947368421052632,0.8947368421052632,46.0,0.0,0.0,0.09237332013101505,23.0,0.0,0.0,0.03077165866675438,0.0
gtzan/gtzan_blues_00064/track.npy,gtzan,1.0,0.9598352195396355,0.9598352195396355,0.9598352195396355,1.0,1.0,1.0,1.0,0.6666666666666666,0.6507302634796194,0.9581710028764626,0.804450633178041,0.0,0.0,0.96875,0.96875,78.0,0.0,0.0,0.10536051565782634,39.0,0.0,0.0,0.025975486403264747,0.0
gtzan/gtzan_blues_00065/track.npy,gtzan,0.989010989010989,0.8159231840508465,0.8159231840508465,0.8159231840508465,0.9782608695652174,0.9782608695652174,0.9782608695652174,0.9782608695652174,0.7058823529411764,0.5592670685752575,0.7590753213740489,0.6591711949746533,0.045454545454545456,0.045454545454545456,0.6956521739130435,0.9130434782608695,55.0,0.0,0.0,0.08660898955535923,26.0,0.0,0.0,0.5922705785879282,0.0
gtzan/gtzan_blues_00066/track.npy,gtzan,1.0,0.8706784655695754,0.8706784655695754,0.8706784655695754,1.0,1.0,1.0,1.0,0.8717948717948718,0.7415312157671721,0.7415312157671721,0.7415312157671721,0.36363636363636365,0.5454545454545454,0.36363636363636365,0.5454545454545454,82.0,0.0,0.0,0.11122563511022363,26.0,0.0,0.0,0.7185053069396957,0.0
gtzan/gtzan_blues_00067/track.npy,gtzan,1.0,0.9303558298065823,0.9303558298065823,0.9303558298065823,1.0,1.0,1.0,1.0,0.6666666666666666,0.615223228593238,0.9191283917901494,0.7671758101916937,0.0,0.0,0.9705882352941176,0.9705882352941176,82.0,0.0,0.0,0.105360515657833,41.0,0.0,0.0,0.054067221270276106,0.0
gtzan/gtzan_blues_00068/track.npy,gtzan,1.0,0.8258188155045163,0.8258188155045163,0.8258188155045163,1.0,1.0,1.0,1.0,0.6938775510204082,0.5774308690250487,0.8031764005263735,0.6903036347757111,0.03125,0.0625,0.5454545454545454,0.8787878787878788,81.0,0.0,0.0,0.06197862402173668,39.0,0.0,0.0,0.6718125828942161,0.0
gtzan/gtzan_blues_00069/track.npy,gtzan,0.6966292134831461,0.6357822352994377,0.6357822352994377,0.6357822352994377,0.05357142857142857,0.14285714285714285,0.05357142857142857,0.14285714285714285,0.6153846153846153,0.6004885390929523,0.8574629619508167,0.7289757505218846,0.0,0.0,0.6666666666666666,0.7777777777777778,67.0,0.030303030303030304,0.045454545454545456,1.1786549963416422,21.0,0.0,0.0,0.7350182140457628,0.0
gtzan/gtzan_blues_00070/track.npy,gtzan,1.0,0.886801993653389,0.886801993653389,0.886801993653389,1.0,1.0,1.0,1.0,0.6521739130434783,0.5957751537879805,0.8930063039579772,0.7443907288729789,0.0,0.0,0.9354838709677419,0.9354838709677419,74.0,0.0,0.0,0.10008345855698375,37.0,0.0,0.0,0.048970941517475816,0.0
gtzan/gtzan_blues_00071/track.npy,gtzan,1.0,0.9481979613587633,0.9481979613587633,0.9481979613587633,1.0,1.0,1.0,1.0,0.6808510638297872,0.6487238138602893,0.9526194695594976,0.8006716417098935,0.0,0.0,1.0,1.0,74.0,0.0,0.0,0.10008345855698687,37.0,0.0,0.0,0.04879016416943094,0.0
gtzan/gtzan_blues_00072/track.npy,gtzan,0.5858585858585859,0.5121993842970638,0.5121993842970638,0.5121993842970638,0.0,0.0,0.0,0.0,0.4666666666666667,0.4147736721492757,0.6689965160436739,0.5418850940964748,0.0,0.0,0.13043478260869565,0.2608695652173913,84.0,0.012048192771084338,0.012048192771084338,0.8345529466168307,27.0,0.0,0.0,1.1649224165127239,0.0
gtzan/gtzan_blues_00073/track.npy,gtzan,0.975609756097561,0.8025473306935764,0.8025473306935764,0.8025473306935764,1.0,1.0,1.0,1.0,0.6666666666666666,0.5517160810120721,0.7373661533150407,0.6445411171635564,0.1,0.15,0.3,0.65,50.0,0.0,0.0,0.08529359794734813,25.0,0.0,0.0,0.7259370033829325,0.0
gtzan/gtzan_blues_00074/track.npy,gtzan,0.967741935483871,0.8731125684397912,0.8731125684397912,0.8731125684397912,0.9574468085106383,0.9574468085106383,0.9574468085106383,0.9574468085106383,0.6666666666666667,0.6196389795506633,0.8418015465611294,0.7307202630558963,0.047619047619047616,0.09523809523809523,0.5217391304347826,0.782608695652174,56.0,0.0,0.0,0.07410797215372678,25.0,0.0,0.0,0.7114963192281414,0.0
gtzan/gtzan_blues_00075/track.npy,gtzan,1.0,0.8737071149713098,0.8737071149713098,0.8737071149713098,1.0,1.0,1.0,1.0,1.0,0.8502809544134836,0.8502809544134836,0.8502809544134836,1.0,1.0,1.0,1.0,59.0,0.0,0.0,0.08004270767353613,15.0,0.0,0.0,0.019608471388375848,0.0
gtzan/gtzan_blues_00076/track.npy,gtzan,1.0,0.8687551026440081,0.8687551026440081,0.8687551026440081,1.0,1.0,1.0,1.0,0.6190476190476191,0.5447198366064386,0.5447198366064386,0.5447198366064386,0.038461538461538464,0.11538461538461539,0.038461538461538464,0.11538461538461539,58.0,0.0,0.0,0.07696104113612845,31.0,0.0,0.0,1.0934509267337464,0.0
gtzan/gtzan_blues_00077/track.npy,gtzan,0.9838709677419355,0.8957972653004194,0.8957972653004194,0.8957972653004194,0.9838709677419355,0.9838709677419355,0.9838709677419355,0.9838709677419355,1.0,0.8959525414027124,0.8959525414027124,0.8959525414027124,1.0,1.0,1.0,1.0,74.0,0.0,0.0,0.10008345855698375,18.0,0.0,0.0,0.015490043146509563,0.0
gtzan/gtzan_blues_00078/track.npy,gtzan,0.49122807017543857,0.352850984993776,0.3858905050971926,0.3693707450454843,0.04,0.09,0.056338028169014086,0.3380281690140845,0.358974358974359,0.24378581234379246,0.36567871851568867,0.3047322654297406,0.0,0.0,0.5,0.7857142857142857,88.0,0.12643678160919541,0.25287356321839083,1.4868291789045294,20.0,0.0,0.0,1.666742719574251,0.0
gtzan/gtzan_blues_00079/track.npy,gtzan,0.9078014184397163,0.8417689246093577,0.8417689246093577,0.8417689246093577,0.5733333333333334,0.7066666666666667,0.5733333333333334,0.7066666666666667,0.608695652173913,0.5669781645442655,0.717469122863746,0.6422236437040058,0.1,0.16666666666666666,0.6129032258064516,0.6451612903225806,88.0,0.022988505747126436,0.13793103448275862,0.9941039358362769,36.0,0.02857142857142857,0.05714285714285714,2.3421490934814795,0.0
gtzan/gtzan_blues_00080/track.npy,gtzan,1.0,0.8904555768848427,0.8904555768848427,0.8904555768848427,1.0,1.0,1.0,1.0,1.0,0.8441152462826653,0.8441152462826653,0.8441152462826653,1.0,1.0,1.0,1.0,58.0,0.0,0.0,0.08004270767353472,15.0,0.0,0.0,0.12813450938340695,0.0
gtzan/gtzan_blues_00081/track.npy,gtzan,0.9039548022598871,0.7786151526197447,0.7786151526197447,0.7786151526197447,0.6593406593406593,0.7142857142857143,0.6593406593406593,0.7142857142857143,0.6315789473684209,0.5642322868165902,0.7788432302010733,0.6715377585088318,0.05714285714285714,0.14285714285714285,0.32558139534883723,0.6511627906976745,108.0,0.037383177570093455,0.11214953271028037,0.8684260181122094,43.0,0.0,0.0,1.2602536402245281,0.0
gtzan/gtzan_blues_00082/track.npy,gtzan,0.9811320754716981,0.8540800596564047,0.8540800596564047,0.8540800596564047,0.9811320754716981,0.9811320754716981,0.9811320754716981,0.9811320754716981,0.9285714285714286,0.8235562875071933,0.8235562875071933,0.8235562875071933,1.0,1.0,1.0,1.0,63.0,0.0,0.0,0.12783337150988194,16.0,0.0,0.0,0.02105340919783314,0.0
gtzan/gtzan_blues_00083/track.npy,gtzan,1.0,0.9783638634941668,0.9783638634941668,0.9783638634941668,1.0,1.0,1.0,1.0,0.6666666666666666,0.6550427264443153,0.9641995112748039,0.8096211188595596,0.0,0.0,0.9642857142857143,0.9642857142857143,67.0,0.0,0.0,0.044451762570840825,34.0,0.0,0.0,0.044451762570833886,0.0
gtzan/gtzan_blues_00084/track.npy,gtzan,1.0,0.8511895198881974,0.8511895198881974,0.8511895198881974,1.0,1.0,1.0,1.0,1.0,0.8745858936665784,0.8745858936665784,0.8745858936665784,1.0,1.0,1.0,1.0,56.0,0.0,0.0,0.049541850582604935,14.0,0.0,0.0,0.01834913866819654,0.0
gtzan/gtzan_blues_00085/track.npy,gtzan,1.0,0.9284993677111937,0.9284993677111937,0.9284993677111937,1.0,1.0,1.0,1.0,0.6666666666666666,0.6266660509968156,0.9109449930068113,0.7688055220018135,0.0,0.0,0.9666666666666667,0.9666666666666667,72.0,0.0,0.0,0.1466034741918809,36.0,0.0,0.0,0.08036699295826892,0.0
gtzan/gtzan_blues_00086/track.npy,gtzan,0.9902912621359222,0.8711937223301816,0.8711937223301816,0.8711937223301816,0.9807692307692307,0.9807692307692307,0.9807692307692307,0.9807692307692307,0.8125000000000001,0.699992871586314,0.7506361678705187,0.7253145197284163,0.21052631578947367,0.3157894736842105,0.21052631578947367,0.52,63.0,0.016129032258064516,0.016129032258064516,0.12260232209233246,22.0,0.0,0.0,0.7133707168717252,0.0
gtzan/gtzan_blues_00087/track.npy,gtzan,0.9931972789115647,0.8886149078827853,0.8886149078827853,0.8886149078827853,0.9864864864864865,0.9864864864864865,0.9864864864864865,0.9864864864864865,0.6037735849056604,0.5541982645701155,0.8716971849641375,0.7129477247671265,0.0,0.0,0.4,0.8857142857142857,89.0,0.0,0.0,0.1906056771468536,42.0,0.0,0.0,0.7229079287180784,0.0
gtzan/gtzan_blues_00088/track.npy,gtzan,0.2261904761904762,0.16082779409738043,0.5145022172494309,0.3376650056734057,0.0,0.0,0.17525773195876287,0.422680412371134,0.14545454545454545,0.09648965936226352,0.09648965936226352,0.09648965936226352,0.10810810810810811,0.13513513513513514,0.10810810810810811,0.13513513513513514,127.0,0.19047619047619047,0.46825396825396826,1.1786549963416733,47.0,0.08695652173913043,0.2391304347826087,2.0200374467176925,0.0
gtzan/gtzan_blues_00089/track.npy,gtzan,0.8712871287128713,0.7619386335015936,0.7619386335015936,0.7619386335015936,0.16071428571428573,0.6428571428571429,0.16071428571428573,0.6428571428571429,0.25,0.19147236742588983,0.31314423727259877,0.2523083023492443,0.0,0.0,0.0,0.0,67.0,0.045454545454545456,0.10606060606060606,1.2527629684953658,46.0,0.044444444444444446,0.044444444444444446,1.677399858719325,0.0
gtzan/gtzan_blues_00090/track.npy,gtzan,1.0,0.8801761236024013,0.8801761236024013,0.8801761236024013,1.0,1.0,1.0,1.0,1.0,0.8706044968026969,0.8706044968026969,0.8706044968026969,1.0,1.0,1.0,1.0,71.0,0.0,0.0,0.17542483422015498,18.0,0.0,0.0,0.03519516197268055,0.0
gtzan/gtzan_blues_00091/track.npy,gtzan,1.0,0.9026357224840699,0.9026357224840699,0.9026357224840699,1.0,1.0,1.0,1.0,0.3225806451612903,0.30697285241713457,0.7286969719447506,0.5178349121809426,0.0,0.0,0.4444444444444444,0.4444444444444444,63.0,0.0,0.0,0.08338160893905311,22.0,0.0,0.0,0.694178144920082,0.0
gtzan/gtzan_blues_00092/track.npy,gtzan,0.4235294117647058,0.3510718418092677,0.4219063680295622,0.38648910491941496,0.02,0.02,0.02,0.02,0.5161290322580646,0.47618634736274373,0.5271933244523275,0.5016898359075356,0.11764705882352941,0.17647058823529413,0.11764705882352941,0.17647058823529413,44.0,0.046511627906976744,0.06976744186046512,1.934658158003797,18.0,0.0,0.0,1.0214980808554832,0.0
gtzan/gtzan_blues_00093/track.npy,gtzan,0.7209302325581396,0.6137596959232394,0.6383958200191563,0.6260777579711978,0.10204081632653061,0.3877551020408163,0.1232876712328767,0.3877551020408163,0.39999999999999997,0.3504039488816645,0.3656575793617556,0.35803076412171003,0.0,0.0,0.038461538461538464,0.038461538461538464,59.0,0.0,0.0,1.0944720265124415,32.0,0.0,0.0,1.4066818553865756,0.0
gtzan/gtzan_blues_00094/track.npy,gtzan,0.9767441860465116,0.8815504948452648,0.8815504948452648,0.8815504948452648,1.0,1.0,1.0,1.0,0.6249999999999999,0.5821306007285544,0.8042956620445642,0.6932131313865593,0.047619047619047616,0.047619047619047616,0.8095238095238095,0.9047619047619048,52.0,0.0,0.0,0.12085449798950539,26.0,0.0,0.0,0.698249383694398,0.0
gtzan/gtzan_blues_00095/track.npy,gtzan,0.5837837837837838,0.4412068306717091,0.5547644532434975,0.4979856419576033,0.015625,0.046875,0.0234375,0.203125,0.32911392405063294,0.18641494444722284,0.22328583536874608,0.20485038990798446,0.0,0.0,0.046153846153846156,0.06153846153846154,152.0,0.2251655629139073,0.5695364238410596,1.0116009116784799,79.0,0.07692307692307693,0.2692307692307692,1.6789264219487445,0.0
gtzan/gtzan_blues_00096/track.npy,gtzan,0.4923076923076923,0.3890484130897824,0.4981858436981134,0.4436171283939479,0.025,0.05,0.1836734693877551,0.3673469387755102,0.41379310344827586,0.3346248079685755,0.38949951816352113,0.3620621630660483,0.0,0.0,0.09090909090909091,0.13636363636363635,48.0,0.02127659574468085,0.06382978723404255,1.1705381028972437,28.0,0.0,0.037037037037037035,1.4816466512726552,0.0
gtzan/gtzan_blues_00097/track.npy,gtzan,0.5975609756097561,0.5191691212521203,0.6637998106811158,0.5914844659666181,0.0,0.0,0.5538461538461539,0.5692307692307692,0.0,0.0004885942692671194,0.11402924659203573,0.05725892043065142,0.03225806451612903,0.03225806451612903,0.03225806451612903,0.03225806451612903,75.0,0.013513513513513514,0.25675675675675674,0.5992785860761377,36.0,0.0,0.11428571428571428,1.4048594715717782,0.0
gtzan/gtzan_blues_00098/track.npy,gtzan,1.0,0.9142890099439279,0.9142890099439279,0.9142890099439279,1.0,1.0,1.0,1.0,0.962962962962963,0.9048264748648847,0.9048264748648847,0.9048264748648847,0.9285714285714286,0.9285714285714286,0.9285714285714286,0.9285714285714286,63.0,0.0,0.0,0.08338160893905111,17.0,0.0,0.0,0.2164957544456454,0.0
gtzan/gtzan_blues_00099/track.npy,gtzan,0.9743589743589743,0.8286348493324425,0.8286348493324425,0.8286348493324425,0.5641025641025641,0.9743589743589743,0.5641025641025641,0.9743589743589743,0.5641025641025641,0.47750622190948694,0.47750622190948694,0.47750622190948694,0.038461538461538464,0.038461538461538464,0.038461538461538464,0.038461538461538464,47.0,0.0,0.0,0.09781409421146707,33.0,0.0,0.0,1.1036374565948592,0.0
gtzan/gtzan_classical_00000/track.npy,gtzan,0.962962962962963,0.8310376790022346,0.8310376790022346,0.8310376790022346,0.7142857142857143,0.8571428571428571,0.7142857142857143,0.8571428571428571,0.6060606060606061,0.5426743790419233,0.8119242155486982,0.6772992972953107,0.0,0.0,0.30434782608695654,0.6956521739130435,50.0,0.0,0.0,0.1860464953547936,28.0,0.0,0.0,0.7419373447293769,0.0
gtzan/gtzan_classical_00001/track.npy,gtzan,0.6835443037974684,0.5168923129364614,0.5168923129364614,0.5168923129364614,0.14893617021276595,0.44680851063829785,0.14893617021276595,0.44680851063829785,0.4444444444444445,0.32701657666959605,0.32701657666959605,0.32701657666959605,0.05,0.1,0.05,0.1,42.0,0.0,0.0,1.1448116360421794,28.0,0.0,0.0,1.6426304574285793,0.0
gtzan/gtzan_classical_00002/track.npy,gtzan,0.9559748427672956,0.800085378467274,0.800085378467274,0.800085378467274,0.3132530120481928,0.7710843373493976,0.3132530120481928,0.7710843373493976,0.41379310344827586,0.3495484677658883,0.5551676660066871,0.4523580668862877,0.02702702702702703,0.02702702702702703,0.17073170731707318,0.34146341463414637,93.0,0.010869565217391304,0.010869565217391304,0.7621400520469038,45.0,0.0,0.0,1.4308675365556398,0.0
gtzan/gtzan_classical_00003/track.npy,gtzan,0.5555555555555556,0.4819523260487158,0.4819523260487158,0.4819523260487158,0.1111111111111111,0.4074074074074074,0.1111111111111111,0.4074074074074074,0.29629629629629634,0.2137620503666915,0.2656754580989568,0.23971875423282415,0.0,0.0,0.05,0.05,34.0,0.0,0.0,1.1341874818229267,26.0,0.0,0.0,1.0094882006962163,0.0
gtzan/gtzan_classical_00004/track.npy,gtzan,0.6846846846846847,0.5206172571898935,0.620576437768647,0.5705968474792702,0.08823529411764706,0.14705882352941177,0.27906976744186046,0.6046511627906976,0.7111111111111111,0.5172933972813534,0.5808021853503168,0.5490477913158351,0.07142857142857142,0.21428571428571427,0.12121212121212122,0.42424242424242425,51.0,0.02,0.04,1.1283851801511808,33.0,0.0,0.03125,1.131155596928057,0.0
gtzan/gtzan_classical_00005/track.npy,gtzan,0.7777777777777778,0.5195043817115769,0.5195043817115769,0.5195043817115769,0.14705882352941177,0.5882352941176471,0.14705882352941177,0.5882352941176471,0.4242424242424243,0.28398793338510286,0.28398793338510286,0.28398793338510286,0.02127659574468085,0.02127659574468085,0.02127659574468085,0.0425531914893617,82.0,0.04938271604938271,0.19753086419753085,1.2049629356907345,56.0,0.01818181818181818,0.07272727272727272,1.2772470747653617,0.0
gtzan/gtzan_classical_00006/track.npy,gtzan,0.6842105263157895,0.48722117766744405,0.48722117766744405,0.48722117766744405,0.25,0.6,0.25,0.6,0.2702702702702703,0.2083996185760019,0.34488176396364384,0.2766406912698229,0.037037037037037035,0.037037037037037035,0.037037037037037035,0.07407407407407407,44.0,0.046511627906976744,0.046511627906976744,1.663594465332781,34.0,0.030303030303030304,0.030303030303030304,1.3237527933712527,0.0
gtzan/gtzan_classical_00007/track.npy,gtzan,0.5510204081632653,0.43334139511225095,0.43334139511225095,0.43334139511225095,0.24528301886792453,0.33962264150943394,0.24528301886792453,0.33962264150943394,0.28571428571428575,0.25326880741737634,0.3905842067410703,0.3219265070792233,0.024390243902439025,0.024390243902439025,0.09302325581395349,0.27906976744186046,62.0,0.0,0.0,1.0091665631899467,49.0,0.0,0.0,1.2212272631427783,0.0
gtzan/gtzan_classical_00008/track.npy,gtzan,0.8623853211009174,0.637304983168497,0.637304983168497,0.637304983168497,0.32142857142857145,0.8035714285714286,0.32142857142857145,0.8035714285714286,0.5853658536585367,0.42947561807131523,0.42947561807131523,0.42947561807131523,0.037037037037037035,0.07407407407407407,0.037037037037037035,0.07407407407407407,63.0,0.0,0.0,0.8007778447523064,33.0,0.0,0.0,1.3154676509883525,0.0
gtzan/gtzan_classical_00009/track.npy,gtzan,0.18604651162790697,0.09641005105813157,0.10756672395001289,0.10198838750407223,0.16,0.2,0.16666666666666666,0.2777777777777778,0.08695652173913045,0.08180890210668003,0.08408975242551331,0.08294932726609666,0.058823529411764705,0.058823529411764705,0.17647058823529413,0.29411764705882354,24.0,0.0,0.08695652173913043,2.501514230955575,23.0,0.0,0.09090909090909091,2.535678975161422,0.0
gtzan/gtzan_classical_00010/track.npy,gtzan,0.5471698113207547,0.39056412535589885,0.4869166184746219,0.4387403719152604,0.12903225806451613,0.22580645161290322,0.12903225806451613,0.22988505747126436,0.22222222222222218,0.14378177963341526,0.261833461262524,0.20280762044796963,0.0,0.0,0.023255813953488372,0.046511627906976744,71.0,0.014285714285714285,0.02857142857142857,1.0696554264362441,50.0,0.02040816326530612,0.02040816326530612,1.4837474788286829,0.0
gtzan/gtzan_classical_00011/track.npy,gtzan,0.7931034482758621,0.555952069702426,0.555952069702426,0.555952069702426,0.5625,0.75,0.5625,0.75,0.48275862068965514,0.26580716387064074,0.4149182591419606,0.3403627115063007,0.047619047619047616,0.047619047619047616,0.047619047619047616,0.14285714285714285,32.0,0.0,0.0,1.1611829528840736,25.0,0.0,0.0,0.7696841493212931,0.0
gtzan/gtzan_classical_00012/track.npy,gtzan,0.5,0.36839122921850104,0.36839122921850104,0.36839122921850104,0.07894736842105263,0.2631578947368421,0.07894736842105263,0.2631578947368421,0.08695652173913043,0.05795054558886596,0.13716847251153244,0.0975595090501992,0.07142857142857142,0.07142857142857142,0.07142857142857142,0.07142857142857142,27.0,0.0,0.038461538461538464,1.6639084324626803,19.0,0.0,0.0,1.374604086841803,0.0
gtzan/gtzan_classical_00013/track.npy,gtzan,0.8653846153846154,0.6509883979162996,0.6509883979162996,0.6509883979162996,0.4807692307692308,0.9038461538461539,0.4807692307692308,0.9038461538461539,0.3529411764705882,0.2539896911418488,0.2539896911418488,0.2539896911418488,0.0,0.0,0.030303030303030304,0.06060606060606061,63.0,0.0,0.0,0.12260232209233357,38.0,0.0,0.0,1.1088177872981715,0.0
gtzan/gtzan_classical_00014/track.npy,gtzan,0.5918367346938777,0.4660103448254186,0.4671451335118055,0.466577739168612,0.06557377049180328,0.19672131147540983,0.13513513513513514,0.35135135135135137,0.5777777777777778,0.4629509749576913,0.5024822968080183,0.48271663588285474,0.1,0.1,0.36666666666666664,0.43333333333333335,50.0,0.04081632653061224,0.08163265306122448,1.572387162236284,40.0,0.05128205128205128,0.07692307692307693,2.0661122637713962,0.0
gtzan/gtzan_classical_00015/track.npy,gtzan,0.6206896551724138,0.4954726087988727,0.4954726087988727,0.4954726087988727,0.24242424242424243,0.5757575757575758,0.24242424242424243,0.5757575757575758,0.3870967741935484,0.31483724379956285,0.42841506836199755,0.3716261560807802,0.0,0.0,0.18181818181818182,0.2727272727272727,28.0,0.0,0.0,1.104836390779131,25.0,0.0,0.0,1.1060812112013354,0.0
gtzan/gtzan_classical_00016/track.npy,gtzan,0.875,0.6249833378348579,0.6249833378348579,0.6249833378348579,0.9047619047619048,0.9047619047619048,0.9047619047619048,0.9047619047619048,0.5106382978723404,0.36014987117523384,0.36014987117523384,0.36014987117523384,0.0,0.0,0.030303030303030304,0.030303030303030304,40.0,0.0,0.0,0.06669137449866669,35.0,0.0,0.0,0.8713497883669357,0.0
gtzan/gtzan_classical_00017/track.npy,gtzan,0.5090909090909091,0.3917338100895749,0.5902833085445129,0.4910085593170439,0.0,0.0,0.40540540540540543,0.8648648648648649,0.6666666666666667,0.5030969980372207,0.5181912246213386,0.5106441113292797,0.14814814814814814,0.3333333333333333,0.34285714285714286,0.5142857142857142,44.0,0.0,0.023255813953488372,0.253395691786504,32.0,0.0,0.0,0.7351113796589768,0.0
gtzan/gtzan_classical_00018/track.npy,gtzan,0.16,0.13161567504972432,0.19217943074914928,0.1618975528994368,0.030303030303030304,0.030303030303030304,0.17647058823529413,0.35294117647058826,0.18181818181818182,0.17518448375222143,0.20303643719032433,0.1891104604712729,0.0,0.0,0.26666666666666666,0.4,22.0,0.047619047619047616,0.047619047619047616,2.6301535380259793,18.0,0.0,0.0,1.1608380333336077,0.0
gtzan/gtzan_classical_00019/track.npy,gtzan,0.6571428571428571,0.45458283877492384,0.45458283877492384,0.45458283877492384,0.2,0.475,0.2,0.475,0.12121212121212122,0.09396229858847378,0.12099854009700159,0.10748041934273769,0.0,0.0,0.0,0.0,31.0,0.03333333333333333,0.03333333333333333,1.609383682860433,24.0,0.0,0.0,1.0239529829158087,0.0
gtzan/gtzan_classical_00020/track.npy,gtzan,0.8035714285714285,0.6401485537717039,0.6401485537717039,0.6401485537717039,0.3389830508474576,0.7288135593220338,0.3389830508474576,0.7288135593220338,0.6666666666666666,0.5011182370571585,0.5011182370571585,0.5011182370571585,0.10714285714285714,0.25,0.10714285714285714,0.25,61.0,0.0,0.0,0.7398942110482923,33.0,0.0,0.0,1.1630287245895983,0.0
gtzan/gtzan_classical_00021/track.npy,gtzan,0.5575757575757576,0.43044516724414916,0.6468226536409823,0.5386339104425657,0.0,0.0,0.17857142857142858,0.6964285714285714,0.8679245283018867,0.6540019582271737,0.6540019582271737,0.6540019582271737,0.39285714285714285,0.7142857142857143,0.39285714285714285,0.7142857142857143,65.0,0.0,0.015625,0.7372624802165496,30.0,0.0,0.0,1.1075044281932958,0.0
gtzan/gtzan_classical_00022/track.npy,gtzan,0.7954545454545454,0.6361699188863661,0.6361699188863661,0.6361699188863661,0.5106382978723404,0.6595744680851063,0.5106382978723404,0.6595744680851063,0.47058823529411764,0.4099961882372974,0.5157139528637685,0.462855070550533,0.0,0.0,0.4583333333333333,0.5,56.0,0.0,0.01818181818181818,0.7506383543627461,28.0,0.0,0.0,1.5560881168681537,0.0
gtzan/gtzan_classical_00023/track.npy,gtzan,0.24561403508771928,0.16356344912882426,0.17070580914238281,0.16713462913560354,0.05128205128205128,0.10256410256410256,0.10526315789473684,0.10526315789473684,0.28571428571428575,0.22274637185605736,0.22274637185605736,0.22274637185605736,0.06666666666666667,0.13333333333333333,0.13333333333333333,0.2,24.0,0.0,0.0,1.0984762836566777,21.0,0.0,0.0,1.1098806055858117,0.0
gtzan/gtzan_classical_00024/track.npy,gtzan,0.953125,0.7417655639069184,0.7417655639069184,0.7417655639069184,0.75,0.953125,0.75,0.953125,0.5084745762711864,0.41140096178792357,0.41140096178792357,0.41140096178792357,0.02702702702702703,0.02702702702702703,0.02702702702702703,0.02702702702702703,76.0,0.013333333333333334,0.013333333333333334,0.3901674000820774,45.0,0.0,0.0,1.0306619564412807,0.0
gtzan/gtzan_classical_00025/track.npy,gtzan,0.9454545454545454,0.7587479887916803,0.7587479887916803,0.7587479887916803,0.8181818181818182,0.9636363636363636,0.8181818181818182,0.9636363636363636,0.65,0.5196784788358852,0.7299430661337888,0.6248107724848371,0.07692307692307693,0.07692307692307693,0.8888888888888888,0.8888888888888888,66.0,0.0,0.0,0.12714745046169496,31.0,0.0,0.0,0.4523831316935948,0.0
gtzan/gtzan_classical_00026/track.npy,gtzan,0.46315789473684205,0.2714275459125714,0.3910015046896754,0.3312145253011234,0.031746031746031744,0.031746031746031744,0.5,0.75,0.6153846153846153,0.36282883753906414,0.407915240922086,0.38537203923057506,0.08695652173913043,0.13043478260869565,0.3225806451612903,0.5483870967741935,39.0,0.0,0.02631578947368421,1.2072751650697795,30.0,0.0,0.0,1.2400970185879492,0.0
gtzan/gtzan_classical_00027/track.npy,gtzan,0.0,0.005418514132667078,0.37199996008770353,0.1887092371101853,0.0,0.0,0.3,0.3333333333333333,0.0,1.835468199915302e-18,3.0852341891503186e-13,1.5426262719161588e-13,0.05555555555555555,0.05555555555555555,0.05555555555555555,0.05555555555555555,21.0,0.0,0.0,1.1194110692957848,20.0,0.0,0.0,1.141438890691757,0.0
gtzan/gtzan_classical_00028/track.npy,gtzan,0.5609756097560975,0.4232234156105297,0.5964314796198431,0.5098274476151864,0.041666666666666664,0.16666666666666666,0.13432835820895522,0.373134328358209,0.43243243243243246,0.35585945149244474,0.561010777382704,0.45843511443757434,0.0,0.0,0.2692307692307692,0.46153846153846156,57.0,0.0,0.0,0.7472144018302221,30.0,0.0,0.0,1.2989656699901821,0.0
gtzan/gtzan_classical_00029/track.npy,gtzan,0.7088607594936709,0.553722928067493,0.7105556212883609,0.632139274677927,0.06,0.16,0.5263157894736842,0.7017543859649122,0.411764705882353,0.3478911193087135,0.5143070636617715,0.4310990914852425,0.0,0.0,0.07692307692307693,0.11538461538461539,55.0,0.0,0.018518518518518517,0.7931842931288652,31.0,0.0,0.0,0.7047080029610231,0.0
gtzan/gtzan_classical_00030/track.npy,gtzan,0.48,0.3367594258802168,0.3367594258802168,0.3367594258802168,0.14,0.4,0.14,0.4,0.36,0.2445123793867941,0.304501003694588,0.2745066915406911,0.0,0.0,0.07894736842105263,0.2894736842105263,67.0,0.030303030303030304,0.12121212121212122,1.3185534470849465,47.0,0.0,0.043478260869565216,1.1228868936889962,0.0
gtzan/gtzan_classical_00031/track.npy,gtzan,0.4810126582278481,0.3852062470660155,0.45935482241693837,0.4222805347414769,0.008928571428571428,0.017857142857142856,0.017857142857142856,0.09821428571428571,0.2117647058823529,0.15729016091100273,0.2687618492064257,0.21302600505871422,0.0,0.0,0.0136986301369863,0.0136986301369863,140.0,0.17266187050359713,0.5251798561151079,0.9619640527899913,89.0,0.06818181818181818,0.23863636363636365,1.377843098029883,0.0
gtzan/gtzan_classical_00032/track.npy,gtzan,0.058823529411764705,0.042040628698829415,0.06351261693873855,0.05277662281878398,0.0,0.0,0.043478260869565216,0.043478260869565216,0.0,0.00020377898111925114,0.0002620015471533229,0.00023289026413628704,0.0,0.0,0.1,0.1,11.0,0.0,0.0,2.2132261652496115,11.0,0.0,0.0,2.2132261652496115,0.0
gtzan/gtzan_classical_00033/track.npy,gtzan,0.21818181818181817,0.2008745591492188,0.2008745591492188,0.2008745591492188,0.06818181818181818,0.06818181818181818,0.06818181818181818,0.06818181818181818,0.18181818181818182,0.16531255294320651,0.17025729114925914,0.16778492204623283,0.0,0.0,0.047619047619047616,0.047619047619047616,14.0,0.0,0.0,2.266934841827091,14.0,0.0,0.0,2.266934841827091,0.0
gtzan/gtzan_classical_00034/track.npy,gtzan,0.10714285714285715,0.0971055262282362,0.12170323361315331,0.10940437992069477,0.034482758620689655,0.034482758620689655,0.06896551724137931,0.10344827586206896,0.0,0.00626133353937737,0.0072246112153263745,0.006742972377351872,0.0,0.0,0.043478260869565216,0.08695652173913043,36.0,0.0,0.0,1.1297678162244433,28.0,0.0,0.0,1.1807147280969872,0.0
gtzan/gtzan_classical_00035/track.npy,gtzan,0.7244094488188977,0.5659355424027034,0.5659355424027034,0.5659355424027034,0.296875,0.5625,0.296875,0.5625,0.5714285714285714,0.43686000381883444,0.4925541170976664,0.4647070604582504,0.04081632653061224,0.04081632653061224,0.14285714285714285,0.24489795918367346,76.0,0.04,0.10666666666666667,1.24519686680567,56.0,0.03636363636363636,0.05454545454545454,1.2207972192482768,0.0
gtzan/gtzan_classical_00036/track.npy,gtzan,0.375,0.32150424032288094,0.36467585283825144,0.3430900465805662,0.037037037037037035,0.07407407407407407,0.0975609756097561,0.24390243902439024,0.13333333333333333,0.1047524327866476,0.119112743266928,0.1119325880267878,0.0,0.0,0.04,0.08,32.0,0.03225806451612903,0.03225806451612903,1.8575323640902597,30.0,0.034482758620689655,0.034482758620689655,1.8756549907335152,0.0
gtzan/gtzan_classical_00037/track.npy,gtzan,0.4074074074074074,0.30785520770781255,0.33587873048740535,0.3218669690976089,0.037037037037037035,0.12962962962962962,0.037037037037037035,0.12962962962962962,0.13636363636363635,0.10871557936883858,0.1597032354493158,0.1342094074090772,0.0,0.0,0.03225806451612903,0.03225806451612903,71.0,0.07142857142857142,0.17142857142857143,1.2361046325585494,39.0,0.02631578947368421,0.02631578947368421,1.7578579175523719,0.0
gtzan/gtzan_classical_00038/track.npy,gtzan,0.3561643835616438,0.25989504076508224,0.29525827978348423,0.27757666027428324,0.047619047619047616,0.07142857142857142,0.11475409836065574,0.19672131147540983,0.15384615384615383,0.12196515504230299,0.13828103244601972,0.13012309374416137,0.0,0.0,0.0,0.0,47.0,0.021739130434782608,0.021739130434782608,1.1026446223937638,35.0,0.0,0.0,1.2882735009293438,0.0
gtzan/gtzan_classical_00039/track.npy,gtzan,0.07142857142857142,0.0625118476471415,0.09234963932350512,0.0774307434853233,0.03571428571428571,0.03571428571428571,0.03571428571428571,0.03636363636363636,0.06451612903225806,0.06106416487036669,0.06634851228456763,0.06370633857746716,0.0,0.0,0.041666666666666664,0.041666666666666664,32.0,0.06451612903225806,0.0967741935483871,2.582904463604605,28.0,0.07407407407407407,0.1111111111111111,2.6984889326699246,0.0
gtzan/gtzan_classical_00040/track.npy,gtzan,0.2686567164179105,0.24362507328959696,0.24362507328959696,0.24362507328959696,0.07692307692307693,0.1794871794871795,0.07692307692307693,0.1794871794871795,0.0,0.0005353035118178119,0.16352342699614578,0.0820293652539818,0.03571428571428571,0.03571428571428571,0.07142857142857142,0.10714285714285714,31.0,0.0,0.03333333333333333,1.5279894343118654,31.0,0.0,0.03333333333333333,1.5279894343118654,0.0
gtzan/gtzan_classical_00041/track.npy,gtzan,0.04545454545454545,0.044510135582525916,0.0904450785396412,0.06747760706108356,0.043478260869565216,0.043478260869565216,0.045454545454545456,0.09090909090909091,0.08333333333333333,0.07260517064562667,0.0829773369584505,0.07779125380203858,0.0,0.0,0.05263157894736842,0.05263157894736842,24.0,0.0,0.0,1.9611466986421882,22.0,0.0,0.0,1.994754660425575,0.0
gtzan/gtzan_classical_00042/track.npy,gtzan,0.5999999999999999,0.4350075113401895,0.6262802375318073,0.5306438744359984,0.02531645569620253,0.05063291139240506,0.14814814814814814,0.6790123456790124,0.48148148148148157,0.3087915776125011,0.4652566923542698,0.38702413498338545,0.0,0.0,0.15,0.3,95.0,0.02127659574468085,0.02127659574468085,0.8461946388522283,47.0,0.0,0.0,1.17138971123269,0.0
gtzan/gtzan_classical_00043/track.npy,gtzan,0.6024096385542168,0.4690425336881488,0.491288789752741,0.4801656617204449,0.09803921568627451,0.1568627450980392,0.1875,0.375,0.5806451612903226,0.47531564744225396,0.47531564744225396,0.47531564744225396,0.2777777777777778,0.3888888888888889,0.2777777777777778,0.3888888888888889,40.0,0.0,0.0,1.0111691156856824,22.0,0.0,0.0,1.2660814181368178,0.0
gtzan/gtzan_classical_00044/track.npy,gtzan,0.23333333333333334,0.17658892634685006,0.24639750641604763,0.21149321638144886,0.0,0.0,0.09090909090909091,0.12121212121212122,0.125,0.11065429490157701,0.18308409987169907,0.14686919738663803,0.08695652173913043,0.08695652173913043,0.08695652173913043,0.08695652173913043,32.0,0.03225806451612903,0.03225806451612903,1.7963006946491014,29.0,0.0,0.0,1.261147733281657,0.0
gtzan/gtzan_classical_00045/track.npy,gtzan,0.8292682926829269,0.6494146179450603,0.6494146179450603,0.6494146179450603,0.8095238095238095,0.8571428571428571,0.8095238095238095,0.8571428571428571,0.4210526315789473,0.3213212241109462,0.486158360803415,0.4037397924571806,0.0,0.0,0.10714285714285714,0.32142857142857145,50.0,0.0,0.0,0.5714730083473316,36.0,0.0,0.0,0.8797190351663591,0.0
gtzan/gtzan_classical_00046/track.npy,gtzan,0.41441441441441446,0.265380124324734,0.3811773354330228,0.3232787298788784,0.08620689655172414,0.1896551724137931,0.08620689655172414,0.1896551724137931,0.29268292682926833,0.20286668600098348,0.20286668600098348,0.20286668600098348,0.07407407407407407,0.14814814814814814,0.07407407407407407,0.14814814814814814,69.0,0.058823529411764705,0.16176470588235295,1.6182489023506503,33.0,0.03125,0.03125,1.7726488628179438,0.0
gtzan/gtzan_classical_00047/track.npy,gtzan,0.06666666666666667,0.06903793720310701,0.09417267091535546,0.08160530405923123,0.0,0.0,0.09090909090909091,0.09090909090909091,0.0,0.006234135124716402,0.007193232144465162,0.0067136836345907825,0.1,0.1,0.1,0.1,13.0,0.0,0.0,1.7787081572767374,12.0,0.0,0.0,1.7905493400376518,0.0
gtzan/gtzan_classical_00048/track.npy,gtzan,0.30769230769230765,0.22218587526710357,0.36639231955178714,0.29428909740944537,0.029411764705882353,0.07352941176470588,0.11267605633802817,0.2112676056338028,0.18518518518518515,0.16811396375856158,0.21733100895421728,0.19272248635638944,0.0,0.0,0.0,0.0,78.0,0.09090909090909091,0.2077922077922078,1.3012978471396446,49.0,0.020833333333333332,0.0625,1.314427575876489,0.0
gtzan/gtzan_classical_00049/track.npy,gtzan,0.40983606557377045,0.31200013851983543,0.3869262328194304,0.3494631856696329,0.01098901098901099,0.02197802197802198,0.03296703296703297,0.0989010989010989,0.23076923076923075,0.18089172742254891,0.24782986593807738,0.21436079668031316,0.0,0.0,0.045454545454545456,0.045454545454545456,104.0,0.1941747572815534,0.4077669902912621,1.4266138388474767,51.0,0.12,0.24,2.026486232115104,0.0
gtzan/gtzan_classical_00050/track.npy,gtzan,0.07142857142857144,0.035815667930927435,0.06685591347106454,0.05133579070099599,0.0,0.0,0.0,0.0,0.2,0.10028387020659682,0.16713978367766136,0.13371182694212908,0.125,0.125,0.125,0.125,3.0,0.0,0.0,2.167196689622311,3.0,0.0,0.0,2.167196689622311,0.0
gtzan/gtzan_classical_00051/track.npy,gtzan,0.5393258426966292,0.3896714400948843,0.3951929822536409,0.39243221117426264,0.06521739130434782,0.2608695652173913,0.06521739130434782,0.2608695652173913,0.1951219512195122,0.1588479766838172,0.3701064426993449,0.26447720969158106,0.0,0.0,0.06666666666666667,0.2,49.0,0.10416666666666667,0.16666666666666666,2.0235463984897963,35.0,0.058823529411764705,0.08823529411764706,2.010210869718547,0.0
gtzan/gtzan_classical_00052/track.npy,gtzan,0.9696969696969696,0.822564636735031,0.822564636735031,0.822564636735031,0.8059701492537313,0.9552238805970149,0.8059701492537313,0.9552238805970149,0.4,0.33903746464744033,0.6876072461104968,0.5133223553789685,0.020833333333333332,0.020833333333333332,0.06349206349206349,0.47619047619047616,81.0,0.0125,0.0125,0.2113090936672113,60.0,0.0,0.0,0.7731898882334802,0.0
gtzan/gtzan_classical_00053/track.npy,gtzan,0.8795180722891566,0.6289421897074469,0.6289421897074469,0.6289421897074469,0.1111111111111111,0.4666666666666667,0.1111111111111111,0.4666666666666667,0.7352941176470588,0.5385366360712195,0.5385366360712195,0.5385366360712195,0.13157894736842105,0.2631578947368421,0.13157894736842105,0.2631578947368421,91.0,0.011111111111111112,0.05555555555555555,1.0199803965495358,49.0,0.0,0.0,1.0986122886681078,0.0
gtzan/gtzan_classical_00054/track.npy,gtzan,0.8205128205128206,0.6882549400010848,0.6882549400010848,0.6882549400010848,0.5121951219512195,0.7317073170731707,0.5121951219512195,0.7317073170731707,0.3555555555555555,0.29106173851939,0.41760395756980917,0.3543328480445996,0.0,0.0,0.027777777777777776,0.08333333333333333,52.0,0.0392156862745098,0.0392156862745098,1.5297427848316454,40.0,0.05128205128205128,0.05128205128205128,1.9587294523316583,0.0
gtzan/gtzan_classical_00055/track.npy,gtzan,0.5555555555555556,0.36531232664840557,0.403545831421645,0.3844290790350253,0.18181818181818182,0.2727272727272727,0.18181818181818182,0.2727272727272727,0.6956521739130435,0.43863677328439676,0.43863677328439676,0.43863677328439676,0.16666666666666666,0.3333333333333333,0.16666666666666666,0.3333333333333333,19.0,0.0,0.05555555555555555,1.9218769824562811,16.0,0.0,0.06666666666666667,2.47501321429648,0.0
gtzan/gtzan_classical_00056/track.npy,gtzan,0.5301204819277109,0.34405188630214306,0.34405188630214306,0.34405188630214306,0.08695652173913043,0.2391304347826087,0.16216216216216217,0.2702702702702703,0.5142857142857143,0.3918800291947434,0.3918800291947434,0.3918800291947434,0.09523809523809523,0.23809523809523808,0.18518518518518517,0.25925925925925924,43.0,0.0,0.07142857142857142,1.9148195619852775,25.0,0.0,0.041666666666666664,2.086196602199608,0.0
gtzan/gtzan_classical_00057/track.npy,gtzan,0.34615384615384615,0.24525799345859098,0.2873008312681188,0.2662794123633549,0.05,0.16666666666666666,0.05,0.16666666666666666,0.14814814814814814,0.11813297956566732,0.20321729850041628,0.16067513903304181,0.0,0.0,0.046511627906976744,0.06976744186046512,71.0,0.04285714285714286,0.12857142857142856,1.5405378638798466,52.0,0.0196078431372549,0.0392156862745098,1.5749454411940869,0.0
gtzan/gtzan_classical_00058/track.npy,gtzan,0.5531914893617021,0.44570110425025844,0.44570110425025844,0.44570110425025844,0.4642857142857143,0.5,0.4642857142857143,0.5,0.6956521739130435,0.6105849275421837,0.6105849275421837,0.6105849275421837,0.21428571428571427,0.42857142857142855,0.21428571428571427,0.42857142857142855,21.0,0.0,0.0,1.033128003006142,16.0,0.0,0.0,1.0833034933998955,0.0
gtzan/gtzan_classical_00059/track.npy,gtzan,0.810344827586207,0.762621899806642,0.762621899806642,0.762621899806642,0.14925373134328357,0.47761194029850745,0.14925373134328357,0.47761194029850745,0.5416666666666666,0.510119323123167,0.7612858530310305,0.6357025880770988,0.0,0.0,0.11428571428571428,0.45714285714285713,78.0,0.025974025974025976,0.07792207792207792,0.8669767476675678,41.0,0.0,0.025,1.4221309298836873,0.0
gtzan/gtzan_classical_00060/track.npy,gtzan,0.99009900990099,0.9171918403283916,0.9171918403283916,0.9171918403283916,0.9803921568627451,0.9803921568627451,0.9803921568627451,0.9803921568627451,0.5853658536585366,0.5425979540365341,0.8186693433323958,0.680633648684465,0.0,0.0,0.6896551724137931,0.6896551724137931,61.0,0.0,0.0,0.08004270767353666,38.0,0.0,0.0,0.677995150071806,0.0
gtzan/gtzan_classical_00061/track.npy,gtzan,0.984375,0.8621744243693636,0.8621744243693636,0.8621744243693636,0.96875,0.984375,0.96875,0.984375,0.6399999999999999,0.5277323459661742,0.5848130305418178,0.556272688253996,0.058823529411764705,0.058823529411764705,0.29411764705882354,0.38235294117647056,77.0,0.0,0.0,0.2038622149236697,40.0,0.0,0.0,1.1185681963838712,0.0
gtzan/gtzan_classical_00062/track.npy,gtzan,0.49350649350649345,0.3820269723591254,0.3820269723591254,0.3820269723591254,0.15384615384615385,0.2564102564102564,0.15384615384615385,0.2564102564102564,0.6,0.4206704199091432,0.4206704199091432,0.4206704199091432,0.3888888888888889,0.5555555555555556,0.3888888888888889,0.5555555555555556,49.0,0.08333333333333333,0.10416666666666667,2.1718515236394462,22.0,0.047619047619047616,0.09523809523809523,2.514642005175335,0.0
gtzan/gtzan_classical_00063/track.npy,gtzan,0.835820895522388,0.767085670067995,0.767085670067995,0.767085670067995,0.15384615384615385,0.5897435897435898,0.15384615384615385,0.5897435897435898,0.5517241379310345,0.5384457421232214,0.5384457421232214,0.5384457421232214,0.10526315789473684,0.21052631578947367,0.10526315789473684,0.21052631578947367,34.0,0.0,0.0,1.4203172350768558,23.0,0.0,0.0,1.3700338402481098,0.0
gtzan/gtzan_classical_00064/track.npy,gtzan,0.6545454545454547,0.5706984972267904,0.5706984972267904,0.5706984972267904,0.02702702702702703,0.1891891891891892,0.10526315789473684,0.2222222222222222,0.7096774193548387,0.5992917880081988,0.5992917880081988,0.5992917880081988,0.05555555555555555,0.1111111111111111,0.05555555555555555,0.1111111111111111,24.0,0.0,0.0,1.1361962080748644,24.0,0.0,0.0,1.1361962080748644,0.0
gtzan/gtzan_classical_00065/track.npy,gtzan,0.4444444444444444,0.36879057938929993,0.36879057938929993,0.36879057938929993,0.043478260869565216,0.043478260869565216,0.043478260869565216,0.043478260869565216,0.21276595744680854,0.18544980494984795,0.18544980494984795,0.18544980494984795,0.0,0.0,0.05555555555555555,0.05555555555555555,56.0,0.0,0.01818181818181818,1.6454379973379973,44.0,0.0,0.0,1.4954152216962442,0.0
gtzan/gtzan_classical_00066/track.npy,gtzan,0.723404255319149,0.6055436124330204,0.6055436124330204,0.6055436124330204,0.18518518518518517,0.4074074074074074,0.18518518518518517,0.4074074074074074,0.39215686274509803,0.3255292394653792,0.3996763709997134,0.3626028052325463,0.02702702702702703,0.05405405405405406,0.05405405405405406,0.10810810810810811,43.0,0.0,0.047619047619047616,1.6529230243738402,40.0,0.0,0.05128205128205128,1.6639088987291,0.0
gtzan/gtzan_classical_00067/track.npy,gtzan,0.6376811594202899,0.5628500429035856,0.7668813457744312,0.6648656943390084,0.044444444444444446,0.08888888888888889,0.4583333333333333,0.7083333333333334,0.5333333333333333,0.4731654402165082,0.573703942416923,0.5234346913167156,0.10526315789473684,0.10526315789473684,0.14285714285714285,0.38095238095238093,28.0,0.0,0.0,1.386312886009413,22.0,0.0,0.0,1.408501374872186,0.0
gtzan/gtzan_classical_00068/track.npy,gtzan,0.6538461538461539,0.5563705602526071,0.8385875111052618,0.6974790356789344,0.0,0.0,0.9714285714285714,0.9714285714285714,0.9444444444444444,0.7949232443962556,0.7949232443962556,0.7949232443962556,0.42105263157894735,0.8421052631578947,0.42105263157894735,0.8421052631578947,42.0,0.0,0.0,0.042094447912458345,23.0,0.0,0.0,0.6931471805599441,0.0
gtzan/gtzan_classical_00069/track.npy,gtzan,0.6923076923076924,0.42200945641563836,0.42200945641563836,0.42200945641563836,0.35714285714285715,0.7857142857142857,0.35714285714285715,0.7857142857142857,0.5217391304347825,0.3286261036450657,0.3484756851460698,0.33855089439556774,0.0625,0.0625,0.375,0.5625,29.0,0.0,0.0,1.2572540205417935,20.0,0.0,0.0,0.8093153419934866,0.0
gtzan/gtzan_classical_00070/track.npy,gtzan,0.75,0.6535635670456285,0.6535635670456285,0.6535635670456285,0.15151515151515152,0.3787878787878788,0.15151515151515152,0.3787878787878788,0.7755102040816326,0.6803397251858405,0.6803397251858405,0.6803397251858405,0.18518518518518517,0.4074074074074074,0.18518518518518517,0.4074074074074074,52.0,0.0,0.0,1.2585430868116665,31.0,0.0,0.0,1.1692749811429548,0.0
gtzan/gtzan_classical_00071/track.npy,gtzan,0.8288288288288289,0.663060845546958,0.663060845546958,0.663060845546958,0.29310344827586204,0.6379310344827587,0.29310344827586204,0.6379310344827587,0.5185185185185185,0.4163572609980046,0.4163572609980046,0.4163572609980046,0.08823529411764706,0.11764705882352941,0.08823529411764706,0.11764705882352941,65.0,0.015625,0.03125,1.223775431622117,39.0,0.0,0.02631578947368421,1.5071712152261978,0.0
gtzan/gtzan_classical_00072/track.npy,gtzan,0.8842105263157894,0.7217767926435855,0.7217767926435855,0.7217767926435855,0.4583333333333333,0.8541666666666666,0.4583333333333333,0.8541666666666666,0.37209302325581395,0.32717015926286347,0.516429756300468,0.4217999577816657,0.03225806451612903,0.03225806451612903,0.03225806451612903,0.22580645161290322,58.0,0.03508771929824561,0.03508771929824561,1.7265009364858237,35.0,0.0,0.0,1.3725599121462844,0.0
gtzan/gtzan_classical_00073/track.npy,gtzan,0.9444444444444444,0.7848782258839229,0.7848782258839229,0.7848782258839229,0.9259259259259259,0.9629629629629629,0.9259259259259259,0.9629629629629629,0.5,0.3978838393220608,0.3978838393220608,0.3978838393220608,0.06666666666666667,0.06666666666666667,0.06666666666666667,0.06666666666666667,65.0,0.0,0.0,0.13296159051305825,39.0,0.0,0.0,0.8098016122382423,0.0
gtzan/gtzan_classical_00074/track.npy,gtzan,0.7894736842105263,0.6580837658743356,0.6580837658743356,0.6580837658743356,0.14925373134328357,0.29850746268656714,0.1702127659574468,0.3191489361702128,0.3333333333333333,0.24410622788467792,0.4571639654512056,0.35063509666794174,0.03225806451612903,0.03225806451612903,0.18181818181818182,0.3939393939393939,53.0,0.019230769230769232,0.038461538461538464,0.9177172663653534,36.0,0.0,0.02857142857142857,1.2251961634183282,0.0
gtzan/gtzan_classical_00075/track.npy,gtzan,0.3692307692307692,0.27530543584650025,0.39218470170112923,0.3337450687738147,0.043478260869565216,0.043478260869565216,0.21739130434782608,0.43478260869565216,0.3703703703703704,0.24704641301913638,0.38395961380329785,0.3155030134112171,0.13333333333333333,0.2,0.13333333333333333,0.30434782608695654,21.0,0.1,0.1,3.280286222190128,17.0,0.0625,0.0625,3.307230918282841,0.0
gtzan/gtzan_classical_00076/track.npy,gtzan,0.6666666666666666,0.5603998135915126,0.8405997203872416,0.7004997669893771,0.0,0.0,1.0,1.0,0.972972972972973,0.7983943139416737,0.7983943139416737,0.7983943139416737,0.6842105263157895,0.8947368421052632,0.6842105263157895,0.8947368421052632,43.0,0.0,0.0,0.028987536873256725,22.0,0.0,0.0,0.6794778799804461,0.0
gtzan/gtzan_classical_00077/track.npy,gtzan,0.45161290322580644,0.3319405895879278,0.3319405895879278,0.3319405895879278,0.05128205128205128,0.05128205128205128,0.21739130434782608,0.2608695652173913,0.4375,0.35898374363399244,0.3996456303737456,0.37931468700386906,0.09090909090909091,0.09090909090909091,0.18181818181818182,0.36363636363636365,26.0,0.0,0.0,1.1825923145421835,25.0,0.0,0.0,1.1879601254364867,0.0
gtzan/gtzan_classical_00078/track.npy,gtzan,0.8,0.7120378869133336,0.7120378869133336,0.7120378869133336,0.2962962962962963,0.4074074074074074,0.2962962962962963,0.4074074074074074,0.5,0.43964402283352294,0.43964402283352294,0.43964402283352294,0.0,0.0,0.29411764705882354,0.35294117647058826,21.0,0.0,0.0,0.7381106721181081,20.0,0.0,0.0,0.8449907399354537,0.0
gtzan/gtzan_classical_00079/track.npy,gtzan,0.532258064516129,0.4361816814876077,0.5492934235957312,0.49273755254166945,0.03614457831325301,0.10843373493975904,0.060240963855421686,0.24096385542168675,0.19277108433734935,0.16495316797337956,0.2918730879457063,0.22841312795954294,0.0,0.0,0.013888888888888888,0.013888888888888888,94.0,0.1935483870967742,0.34408602150537637,1.2095092484698482,82.0,0.14814814814814814,0.2716049382716049,1.1780519975422108,0.0
gtzan/gtzan_classical_00080/track.npy,gtzan,0.0909090909090909,0.09088068625664006,0.15379808443431395,0.122339385345477,0.0,0.0,0.058823529411764705,0.058823529411764705,0.0,8.350020111696995e-20,0.11471237198787845,0.05735618599393923,0.0,0.0,0.25,0.25,5.0,0.0,0.0,1.836723761862416,5.0,0.0,0.0,1.836723761862416,0.0
gtzan/gtzan_classical_00081/track.npy,gtzan,0.7083333333333334,0.5495309924835371,0.5495309924835371,0.5495309924835371,0.15,0.2833333333333333,0.15,0.2833333333333333,0.7499999999999999,0.614745699070521,0.614745699070521,0.614745699070521,0.1,0.25,0.1,0.25,44.0,0.0,0.023255813953488372,1.2119584768067555,25.0,0.0,0.041666666666666664,1.5668167312056338,0.0
gtzan/gtzan_classical_00082/track.npy,gtzan,0.9195402298850575,0.764424993342033,0.764424993342033,0.764424993342033,0.4782608695652174,0.8260869565217391,0.4782608695652174,0.8260869565217391,0.23809523809523808,0.2058925691629047,0.3846961633479912,0.29529436625544797,0.0,0.0,0.1,0.1,51.0,0.02,0.02,0.6661632575561944,39.0,0.02631578947368421,0.02631578947368421,0.8236048163703356,0.0
gtzan/gtzan_classical_00083/track.npy,gtzan,0.6779661016949153,0.5230204694895382,0.5230204694895382,0.5230204694895382,0.47058823529411764,0.5,0.47058823529411764,0.5,0.35714285714285715,0.2305209715564025,0.3538827572923543,0.2922018644243784,0.0,0.0,0.15789473684210525,0.2631578947368421,29.0,0.0,0.0,0.9948894052219839,23.0,0.0,0.0,0.9973585549629389,0.0
gtzan/gtzan_classical_00084/track.npy,gtzan,0.6741573033707865,0.5302574306634719,0.5302574306634719,0.5302574306634719,0.6444444444444445,0.6444444444444445,0.6444444444444445,0.6444444444444445,0.22641509433962262,0.15831190281874957,0.27806072060237047,0.21818631171056002,0.0,0.0,0.0,0.0,48.0,0.0,0.0,0.7376152190325287,44.0,0.0,0.0,0.6550712808476994,0.0
gtzan/gtzan_classical_00085/track.npy,gtzan,0.9361702127659575,0.8283342896161026,0.8283342896161026,0.8283342896161026,0.7551020408163265,0.8367346938775511,0.7551020408163265,0.8367346938775511,0.4782608695652174,0.4194686491986513,0.6413104371047387,0.530389543151695,0.0,0.0,0.11428571428571428,0.2571428571428571,58.0,0.017543859649122806,0.07017543859649122,1.3307133820045953,41.0,0.0,0.025,0.8500056652396231,0.0
gtzan/gtzan_classical_00086/track.npy,gtzan,0.7241379310344828,0.6463293209876125,0.8094919722116372,0.7279106465996248,0.08108108108108109,0.13513513513513514,0.3614457831325301,0.7590361445783133,0.09523809523809523,0.09018306189074848,0.14641834317543492,0.1183007025330917,0.0,0.0,0.0,0.0,91.0,0.0,0.0,0.7468515669188162,38.0,0.0,0.0,1.4384801142904617,0.0
gtzan/gtzan_classical_00087/track.npy,gtzan,0.7450980392156863,0.6201010465649446,0.6201010465649446,0.6201010465649446,0.2692307692307692,0.5,0.2692307692307692,0.5,0.411764705882353,0.3842776669859584,0.3842776669859584,0.3842776669859584,0.038461538461538464,0.038461538461538464,0.038461538461538464,0.038461538461538464,31.0,0.0,0.03333333333333333,1.2777542935029362,31.0,0.0,0.03333333333333333,1.2777542935029362,0.0
gtzan/gtzan_classical_00088/track.npy,gtzan,1.0,0.9007545294359052,0.9007545294359052,0.9007545294359052,1.0,1.0,1.0,1.0,0.6285714285714286,0.5444572070100484,0.803472383779388,0.6739647953947182,0.0,0.0,0.5,0.7916666666666666,55.0,0.037037037037037035,0.037037037037037035,1.005267134868618,30.0,0.0,0.0,0.6979520853175526,0.0
gtzan/gtzan_classical_00089/track.npy,gtzan,0.7333333333333334,0.5831322614754765,0.5831322614754765,0.5831322614754765,0.3673469387755102,0.5102040816326531,0.3673469387755102,0.5102040816326531,0.2448979591836735,0.21935103347031176,0.33382025430285267,0.27658564388658224,0.0,0.0,0.02564102564102564,0.02564102564102564,58.0,0.0,0.0,0.862903129231479,44.0,0.0,0.0,1.1354965646119524,0.0
gtzan/gtzan_classical_00090/track.npy,gtzan,0.4230769230769231,0.35454439037874064,0.35471197568625557,0.3546281830324981,0.03225806451612903,0.06451612903225806,0.04878048780487805,0.24390243902439024,0.13793103448275862,0.127268301315584,0.127268301315584,0.127268301315584,0.045454545454545456,0.045454545454545456,0.045454545454545456,0.045454545454545456,37.0,0.0,0.0,1.2124428437544812,26.0,0.0,0.0,1.540421184347472,0.0
gtzan/gtzan_classical_00091/track.npy,gtzan,0.9066666666666667,0.7721843970021539,0.7721843970021539,0.7721843970021539,0.5526315789473685,0.7894736842105263,0.5526315789473685,0.7894736842105263,0.4285714285714286,0.37752098205113505,0.5201319859628984,0.44882648400701675,0.03125,0.03125,0.03125,0.03125,45.0,0.045454545454545456,0.06818181818181818,2.0375145739342577,38.0,0.02702702702702703,0.05405405405405406,2.0589064299910524,0.0
gtzan/gtzan_classical_00092/track.npy,gtzan,0.3908045977011494,0.30504582968068916,0.4575246222234291,0.38128522595205916,0.0,0.0,0.2413793103448276,0.6206896551724138,0.5263157894736841,0.41767030717650167,0.4338245615162361,0.42574743434636886,0.13043478260869565,0.2608695652173913,0.2413793103448276,0.5172413793103449,35.0,0.0,0.058823529411764705,1.5864380659782547,29.0,0.0,0.0,1.5524309512907895,0.0
gtzan/gtzan_classical_00093/track.npy,gtzan,0.9827586206896551,0.8412026679084499,0.8412026679084499,0.8412026679084499,0.9827586206896551,0.9827586206896551,0.9827586206896551,0.9827586206896551,0.6511627906976745,0.5776518162638584,0.866894010220323,0.7222729132420906,0.0,0.0,0.9310344827586207,0.9310344827586207,70.0,0.0,0.0,0.16742569174737637,35.0,0.0,0.0,0.055509157975717933,0.0
gtzan/gtzan_classical_00094/track.npy,gtzan,0.5517241379310345,0.3730427894364881,0.3730427894364881,0.3730427894364881,0.20588235294117646,0.4117647058823529,0.20588235294117646,0.4117647058823529,0.3703703703703703,0.27141826011725634,0.27141826011725634,0.27141826011725634,0.25,0.375,0.25,0.375,30.0,0.0,0.0,1.268561174857941,22.0,0.0,0.0,1.3766880221110496,0.0
gtzan/gtzan_classical_00095/track.npy,gtzan,0.4126984126984127,0.27745885346684607,0.27745885346684607,0.27745885346684607,0.15151515151515152,0.45454545454545453,0.15151515151515152,0.45454545454545453,0.29411764705882354,0.21634119782483807,0.21634119782483807,0.21634119782483807,0.0,0.0,0.038461538461538464,0.07692307692307693,36.0,0.05714285714285714,0.05714285714285714,2.002655013471302,32.0,0.03225806451612903,0.03225806451612903,1.6863069807404372,0.0
gtzan/gtzan_classical_00096/track.npy,gtzan,0.888888888888889,0.6754866191282826,0.6754866191282826,0.6754866191282826,0.5573770491803278,0.7868852459016393,0.5573770491803278,0.7868852459016393,0.5483870967741935,0.43487306212204907,0.43487306212204907,0.43487306212204907,0.023255813953488372,0.023255813953488372,0.023255813953488372,0.023255813953488372,76.0,0.08,0.13333333333333333,1.2998573729066862,50.0,0.02040816326530612,0.04081632653061224,0.9471371288823439,0.0
gtzan/gtzan_classical_00097/track.npy,gtzan,0.41818181818181815,0.3114766316533867,0.6372738083607178,0.47437522000705223,0.0,0.0,0.17647058823529413,0.4470588235294118,0.16949152542372883,0.13097322297138977,0.21980001713045963,0.1753866200509247,0.0,0.0,0.05405405405405406,0.09302325581395349,81.0,0.0125,0.0125,0.733577950297147,44.0,0.023255813953488372,0.023255813953488372,1.466282471469802,0.0
gtzan/gtzan_classical_00098/track.npy,gtzan,0.9876543209876543,0.8468634601783896,0.8468634601783896,0.8468634601783896,0.975609756097561,0.975609756097561,0.975609756097561,0.975609756097561,0.625,0.5670575096249033,0.8650831188809361,0.7160703142529197,0.0,0.0,0.7727272727272727,0.8181818181818182,53.0,0.019230769230769232,0.019230769230769232,0.6166482095862197,27.0,0.0,0.0,0.7339962087626137,0.0
gtzan/gtzan_classical_00099/track.npy,gtzan,0.8857142857142857,0.8005622744704972,0.8005622744704972,0.8005622744704972,0.7142857142857143,0.7714285714285715,0.7142857142857143,0.7714285714285715,0.48484848484848486,0.4437447937074449,0.5036655840148357,0.4737051888611403,0.0,0.0,0.12,0.24,41.0,0.0,0.0,0.8644250324479462,30.0,0.0,0.0,0.8515858349808558,0.0
gtzan/gtzan_country_00000/track.npy,gtzan,0.9577464788732395,0.8808857599118071,0.8808857599118071,0.8808857599118071,0.9722222222222222,0.9722222222222222,0.9722222222222222,0.9722222222222222,0.7499999999999999,0.6528820019953794,0.8543684826102205,0.7536252423027999,0.2,0.2,0.7058823529411765,0.7058823529411765,42.0,0.0,0.0,0.05556985115481223,18.0,0.0,0.0,0.6826574990788904,0.0
gtzan/gtzan_country_00001/track.npy,gtzan,1.0,0.8958071620221975,0.8958071620221975,0.8958071620221975,1.0,1.0,1.0,1.0,1.0,0.8806404105664838,0.8806404105664838,0.8806404105664838,1.0,1.0,1.0,1.0,65.0,0.0,0.0,0.07929940948702659,16.0,0.0,0.0,0.014554267295077156,0.0
gtzan/gtzan_country_00002/track.npy,gtzan,1.0,0.929468683984315,0.929468683984315,0.929468683984315,1.0,1.0,1.0,1.0,0.64,0.5876410160890327,0.8842813290246757,0.7359611725568542,0.0,0.0,0.8787878787878788,0.9393939393939394,83.0,0.0,0.0,0.16251892949777158,39.0,0.0,0.0,0.6306496301363437,0.0
gtzan/gtzan_country_00003/track.npy,gtzan,0.9850746268656716,0.9276101977751591,0.9276101977751591,0.9276101977751591,0.9705882352941176,0.9705882352941176,0.9705882352941176,0.9705882352941176,0.6399999999999999,0.610960792538544,0.8769057110801842,0.7439332518093641,0.0,0.0,0.8823529411764706,0.8823529411764706,41.0,0.0,0.0,0.0566647699106054,21.0,0.0,0.0,0.03366410594285191,0.0
gtzan/gtzan_country_00004/track.npy,gtzan,1.0,0.9399986143749045,0.9399986143749045,0.9399986143749045,1.0,1.0,1.0,1.0,1.0,0.9221163175327008,0.9221163175327008,0.9221163175327008,1.0,1.0,1.0,1.0,59.0,0.0,0.0,0.07696104113613333,15.0,0.0,0.0,0.027569861639020105,0.0
gtzan/gtzan_country_00005/track.npy,gtzan,1.0,0.9235805273847523,0.9235805273847523,0.9235805273847523,1.0,1.0,1.0,1.0,0.8235294117647058,0.7595480324500401,0.7595480324500401,0.7595480324500401,0.25,0.45,0.2962962962962963,0.45,66.0,0.0,0.0,0.08701137698962733,22.0,0.0,0.0,0.6931471805599454,0.0
gtzan/gtzan_country_00006/track.npy,gtzan,1.0,0.8996032842776381,0.8996032842776381,0.8996032842776381,1.0,1.0,1.0,1.0,0.8571428571428571,0.7709007037611013,0.7709007037611013,0.7709007037611013,0.5,0.5,0.5,0.5,57.0,0.0,0.0,0.07410797215372453,21.0,0.0,0.0,0.6931471805599465,0.0
gtzan/gtzan_country_00007/track.npy,gtzan,0.5757575757575758,0.5294095042882343,0.794204789127197,0.6618071467077157,0.0,0.0,0.7555555555555555,0.8444444444444444,0.4347826086956522,0.36779792718009396,0.634954659955399,0.5013762935677465,0.0,0.0,0.29411764705882354,0.29411764705882354,53.0,0.0,0.0,0.7599128768722025,22.0,0.0,0.0,1.236387514013059,0.0
gtzan/gtzan_country_00008/track.npy,gtzan,0.8484848484848484,0.7940807881872451,0.7940807881872451,0.7940807881872451,0.23684210526315788,0.47368421052631576,0.23684210526315788,0.47368421052631576,0.6363636363636364,0.562100251174683,0.8544196073404315,0.7082599292575573,0.0,0.0,0.8666666666666667,0.8666666666666667,49.0,0.0,0.0,0.6865535085443187,18.0,0.0,0.0,0.18427624849937568,0.0
gtzan/gtzan_country_00009/track.npy,gtzan,1.0,0.9726971228578106,0.9726971228578106,0.9726971228578106,1.0,1.0,1.0,1.0,0.6060606060606061,0.5964845888035203,0.7955786558686726,0.6960316223360965,0.043478260869565216,0.043478260869565216,0.43478260869565216,0.5652173913043478,49.0,0.0,0.0,0.06453852113757187,28.0,0.0,0.0,0.7379372593927669,0.0
gtzan/gtzan_country_00010/track.npy,gtzan,0.9846153846153847,0.931106809848396,0.931106809848396,0.931106809848396,0.9696969696969697,0.9696969696969697,0.9696969696969697,0.9696969696969697,0.6666666666666666,0.6238202515970137,0.8986467036346879,0.7612334776158508,0.0,0.0,0.9375,0.9375,40.0,0.0,0.0,0.08004270767353944,20.0,0.0,0.0,0.026668247082161308,0.0
gtzan/gtzan_country_00011/track.npy,gtzan,0.9787234042553191,0.8204786813448028,0.8204786813448028,0.8204786813448028,0.9583333333333334,0.9583333333333334,0.9583333333333334,0.9583333333333334,0.6666666666666666,0.538200710455121,0.8210639413948344,0.6796323259249777,0.0,0.0,0.9583333333333334,0.9583333333333334,58.0,0.0,0.0,0.0769610411361272,28.0,0.0,0.0,0.037740327982847495,0.0
gtzan/gtzan_country_00012/track.npy,gtzan,0.993103448275862,0.80644359397505,0.80644359397505,0.80644359397505,0.9315068493150684,0.958904109589041,0.9315068493150684,0.958904109589041,0.7346938775510204,0.6147685769457234,0.808225219877754,0.7114968984117387,0.06451612903225806,0.12903225806451613,0.4,0.7714285714285715,87.0,0.0,0.0,0.17185025692665853,36.0,0.0,0.0,0.6982567603573494,0.0
gtzan/gtzan_country_00013/track.npy,gtzan,1.0,0.9084487695444202,0.9084487695444202,0.9084487695444202,1.0,1.0,1.0,1.0,1.0,0.8667794811963727,0.8667794811963727,0.8667794811963727,1.0,1.0,1.0,1.0,64.0,0.0,0.0,0.08134050921303851,16.0,0.0,0.0,0.02127739844728509,0.0
gtzan/gtzan_country_00014/track.npy,gtzan,1.0,0.8486621142351629,0.8486621142351629,0.8486621142351629,1.0,1.0,1.0,1.0,1.0,0.8209914480631945,0.8209914480631945,0.8209914480631945,1.0,1.0,1.0,1.0,69.0,0.0,0.0,0.09097177820572444,17.0,0.0,0.0,0.034685557987889935,0.0
gtzan/gtzan_country_00015/track.npy,gtzan,0.9206349206349206,0.7481725647773892,0.7481725647773892,0.7481725647773892,0.859375,0.890625,0.859375,0.890625,0.5660377358490566,0.46762337770659,0.5640558968990078,0.5158396373027989,0.02702702702702703,0.05405405405405406,0.13513513513513514,0.35135135135135137,76.0,0.02666666666666667,0.02666666666666667,0.33458443562608997,42.0,0.0,0.0,1.0206333392680462,0.0
gtzan/gtzan_country_00016/track.npy,gtzan,0.6716417910447761,0.6407711760706333,0.954037084168792,0.7974041301197126,0.0,0.0,1.0,1.0,0.8571428571428572,0.8180773632503024,0.8180773632503024,0.8180773632503024,0.19230769230769232,0.5769230769230769,0.19230769230769232,0.5769230769230769,54.0,0.0,0.0,0.07145896398214502,30.0,0.0,0.0,1.0743541356874478,0.0
gtzan/gtzan_country_00017/track.npy,gtzan,1.0,0.9633859552372833,0.9633859552372833,0.9633859552372833,1.0,1.0,1.0,1.0,0.6785714285714285,0.6601673776449414,0.9773627645034013,0.8187650710741714,0.0,0.0,1.0,1.0,88.0,0.0,0.0,0.11778303565638987,44.0,0.0,0.0,0.02898753687325417,0.0
gtzan/gtzan_country_00018/track.npy,gtzan,0.9411764705882353,0.8751903607300986,0.8751903607300986,0.8751903607300986,0.6805555555555556,0.7916666666666666,0.6805555555555556,0.7916666666666666,0.7659574468085106,0.7229461261672359,0.7824973455159913,0.7527217358416136,0.17857142857142858,0.2857142857142857,0.21621621621621623,0.5135135135135135,78.0,0.0,0.0,0.589168429668036,35.0,0.0,0.0,0.7132529763044203,0.0
gtzan/gtzan_country_00019/track.npy,gtzan,1.0,0.9511104886752667,0.9511104886752667,0.9511104886752667,1.0,1.0,1.0,1.0,0.6666666666666666,0.6550523870131023,0.9333049826445893,0.7941786848288458,0.0,0.0,0.9444444444444444,0.9444444444444444,43.0,0.0,0.0,0.11441035117774434,21.0,0.0,0.0,0.028987536873252895,0.0
gtzan/gtzan_country_00020/track.npy,gtzan,1.0,0.9461386736583373,0.9461386736583373,0.9461386736583373,1.0,1.0,1.0,1.0,0.7857142857142858,0.7483316502380479,0.8054896624819787,0.7769106563600133,0.23529411764705882,0.35294117647058826,0.38095238095238093,0.47619047619047616,52.0,0.0,0.0,0.0689928714869561,20.0,0.0,0.0,0.6957559419667256,0.0
gtzan/gtzan_country_00021/track.npy,gtzan,0.9438202247191012,0.8284181888852183,0.8284181888852183,0.8284181888852183,0.9777777777777777,0.9777777777777777,0.9777777777777777,0.9777777777777777,0.6666666666666666,0.5536711134170318,0.8239987095635393,0.6888349114902855,0.0,0.0,0.9545454545454546,0.9545454545454546,54.0,0.0,0.0,0.08844211157442605,27.0,0.0,0.0,0.036367644170874486,0.0
gtzan/gtzan_country_00022/track.npy,gtzan,0.47191011235955055,0.36207047857580654,0.36207047857580654,0.36207047857580654,0.0,0.0,0.0,0.0,0.45161290322580644,0.3295777427566649,0.5276606557350608,0.4286191992458629,0.0,0.0,0.125,0.16666666666666666,76.0,0.0,0.0,0.7684557822308784,29.0,0.0,0.0,1.351352490341476,0.0
gtzan/gtzan_country_00023/track.npy,gtzan,1.0,0.8234738661641905,0.8234738661641905,0.8234738661641905,1.0,1.0,1.0,1.0,0.8571428571428571,0.6527225630016942,0.6527225630016942,0.6527225630016942,0.16666666666666666,0.5,0.23529411764705882,0.5,41.0,0.0,0.0,0.05556985115480967,14.0,0.0,0.0,0.7100121869739621,0.0
gtzan/gtzan_country_00024/track.npy,gtzan,1.0,0.9239787485851375,0.9239787485851375,0.9239787485851375,1.0,1.0,1.0,1.0,0.6842105263157895,0.6453760198283822,0.901289959132754,0.7733329894805681,0.04,0.04,0.92,0.92,64.0,0.0,0.0,0.04255961441879885,31.0,0.0,0.0,0.042559614418796896,0.0
gtzan/gtzan_country_00025/track.npy,gtzan,0.9152542372881356,0.7826483794560962,0.7826483794560962,0.7826483794560962,0.8,0.9,0.8,0.9,0.6956521739130436,0.5688112209651162,0.8527917180582957,0.710801469511706,0.0,0.0,1.0,1.0,34.0,0.0,0.0,0.7049816382069484,18.0,0.0,0.0,0.024246316831887757,0.0
gtzan/gtzan_country_00026/track.npy,gtzan,1.0,0.9136549217104434,0.9136549217104434,0.9136549217104434,1.0,1.0,1.0,1.0,0.7058823529411764,0.6374297714540621,0.867138923976457,0.7522843477152595,0.045454545454545456,0.045454545454545456,0.6956521739130435,0.9130434782608695,54.0,0.0,0.0,0.07145896398214803,26.0,0.0,0.0,0.5907296775305804,0.0
gtzan/gtzan_country_00027/track.npy,gtzan,1.0,0.8288791284673027,0.8288791284673027,0.8288791284673027,1.0,1.0,1.0,1.0,0.5185185185185185,0.4129032547118179,0.7200613778297704,0.5664823162707942,0.0,0.0,0.7368421052631579,0.7368421052631579,47.0,0.0,0.0,0.06214120994835175,21.0,0.0,0.0,0.14100802607450866,0.0
gtzan/gtzan_country_00028/track.npy,gtzan,1.0,0.9647434469612582,0.9647434469612582,0.9647434469612582,1.0,1.0,1.0,1.0,0.6896551724137931,0.6613421366492929,0.9746144249443031,0.8179782807967979,0.0,0.0,1.0,1.0,45.0,0.0,0.0,0.06062462181643606,22.0,0.0,0.0,0.0298529631496819,0.0
gtzan/gtzan_country_00029/track.npy,gtzan,0.8421052631578947,0.5895477346046034,0.5895477346046034,0.5895477346046034,0.9736842105263158,0.9736842105263158,0.9736842105263158,0.9736842105263158,0.4285714285714286,0.3192091757413256,0.47376000305282345,0.39648458939707454,0.0,0.0,0.09375,0.15625,46.0,0.0,0.0,0.03077165866675548,40.0,0.0,0.0,0.6783320947748049,0.0
gtzan/gtzan_country_00030/track.npy,gtzan,0.9850746268656716,0.8391781547315613,0.8391781547315613,0.8391781547315613,0.9705882352941176,0.9705882352941176,0.9705882352941176,0.9705882352941176,0.6923076923076924,0.5832018242569261,0.8559304097272191,0.7195661169920726,0.0,0.0,1.0,1.0,40.0,0.0,0.0,0.10536051565782609,20.0,0.0,0.0,0.06816023940781377,0.0
gtzan/gtzan_country_00031/track.npy,gtzan,1.0,0.9349424403621067,0.9349424403621067,0.9349424403621067,1.0,1.0,1.0,1.0,0.6470588235294118,0.6069810675813886,0.9017867122346647,0.7543838899080266,0.0,0.0,0.9130434782608695,0.9130434782608695,55.0,0.0,0.0,0.03774032798285287,27.0,0.0,0.0,0.01869213301214883,0.0
gtzan/gtzan_country_00032/track.npy,gtzan,1.0,0.9286111192608096,0.9286111192608096,0.9286111192608096,1.0,1.0,1.0,1.0,0.6666666666666666,0.6371870006341965,0.6371870006341965,0.6371870006341965,0.08,0.08,0.08,0.08,49.0,0.0,0.0,0.064538521137571,31.0,0.0,0.0,1.086579283910222,0.0
gtzan/gtzan_country_00033/track.npy,gtzan,0.9870129870129869,0.9275089318569789,0.9275089318569789,0.9275089318569789,0.9743589743589743,0.9743589743589743,0.9743589743589743,0.9743589743589743,0.6666666666666666,0.6103992479849573,0.8932165992037884,0.7518079235943729,0.0,0.0,0.7,0.9,47.0,0.0,0.021739130434782608,0.060624621816439093,23.0,0.0,0.0,0.6931471805599453,0.0
gtzan/gtzan_country_00034/track.npy,gtzan,0.6666666666666666,0.5697112590249817,0.8545554962570562,0.7121333776410189,0.0,0.0,1.0,1.0,0.8235294117647057,0.7360759658129951,0.7360759658129951,0.7360759658129951,0.25,0.5,0.25,0.5,69.0,0.0,0.0,0.1335313926245277,32.0,0.0,0.0,0.9895075959475168,0.0
gtzan/gtzan_country_00035/track.npy,gtzan,0.696969696969697,0.3149543479641756,0.3899447302535628,0.3524495391088692,0.023809523809523808,0.11904761904761904,0.2916666666666667,0.7083333333333334,0.9130434782608696,0.38458838760181885,0.38458838760181885,0.38458838760181885,0.48,0.64,0.48,0.64,62.0,0.0,0.0,0.7259370033829357,30.0,0.0,0.0,0.7038912268282347,0.0
gtzan/gtzan_country_00036/track.npy,gtzan,0.9782608695652174,0.8406336450515925,0.8406336450515925,0.8406336450515925,0.40425531914893614,0.9148936170212766,0.40425531914893614,0.9148936170212766,0.6666666666666666,0.5870545899086027,0.65118229104692,0.6191184404777614,0.08333333333333333,0.16666666666666666,0.16666666666666666,0.3333333333333333,53.0,0.0,0.0,0.6838011140538705,27.0,0.0,0.0,1.0784002678303288,0.0
gtzan/gtzan_country_00037/track.npy,gtzan,1.0,0.8710098193230642,0.8710098193230642,0.8710098193230642,1.0,1.0,1.0,1.0,0.7567567567567568,0.6584339500824344,0.6584339500824344,0.6584339500824344,0.13043478260869565,0.17391304347826086,0.13043478260869565,0.17391304347826086,49.0,0.0,0.0,0.08891546331887708,27.0,0.0,0.0,1.1140332308222873,0.0
gtzan/gtzan_country_00038/track.npy,gtzan,0.9922480620155039,0.9473617480126387,0.9473617480126387,0.9473617480126387,0.9846153846153847,0.9846153846153847,0.9846153846153847,0.9846153846153847,0.6666666666666666,0.637019794836302,0.9471956715679275,0.7921077332021147,0.0,0.0,0.96875,0.96875,79.0,0.0,0.0,0.10536051565782945,39.0,0.0,0.0,0.025975486403264747,0.0
gtzan/gtzan_country_00039/track.npy,gtzan,0.6176470588235294,0.5523754616656178,0.5527409318816856,0.5525581967736517,0.1038961038961039,0.23376623376623376,0.1694915254237288,0.288135593220339,0.37288135593220345,0.36002825902954366,0.541156555967268,0.4505924074984058,0.025,0.025,0.25,0.475,74.0,0.0273972602739726,0.0821917808219178,1.4223135795729718,50.0,0.04081632653061224,0.061224489795918366,1.6280983336311805,0.0
gtzan/gtzan_country_00040/track.npy,gtzan,1.0,0.9474237317233901,0.9474237317233901,0.9474237317233901,1.0,1.0,1.0,1.0,0.6511627906976745,0.6296624243100651,0.9126301458944799,0.7711462851022726,0.0,0.0,0.9310344827586207,0.9310344827586207,70.0,0.0,0.0,0.09097177820572724,35.0,0.0,0.0,0.046520015634892914,0.0
gtzan/gtzan_country_00041/track.npy,gtzan,1.0,0.8452092395165953,0.8452092395165953,0.8452092395165953,0.9818181818181818,0.9818181818181818,0.9818181818181818,0.9818181818181818,0.6,0.5032151833760375,0.7982538414785327,0.6507345124272852,0.0,0.0,0.4444444444444444,0.8518518518518519,66.0,0.0,0.0,0.08701137698963148,31.0,0.0,0.0,0.6822181100277539,0.0
gtzan/gtzan_country_00042/track.npy,gtzan,0.9883720930232558,0.9435433504795829,0.9435433504795829,0.9435433504795829,0.9302325581395349,0.9418604651162791,0.9302325581395349,0.9418604651162791,0.8400000000000001,0.815700351621886,0.815700351621886,0.815700351621886,0.20689655172413793,0.4482758620689655,0.20689655172413793,0.4482758620689655,103.0,0.0,0.00980392156862745,0.2076393647782393,35.0,0.0,0.0,0.7169644612458012,0.0
gtzan/gtzan_country_00043/track.npy,gtzan,1.0,0.8936284857348616,0.8936284857348616,0.8936284857348616,1.0,1.0,1.0,1.0,0.6511627906976745,0.5885875109907719,0.8712150510133159,0.7299012810020439,0.0,0.0,0.9310344827586207,0.9310344827586207,69.0,0.0,0.0,0.04652001563490016,35.0,0.0,0.0,0.0229895182247023,0.0
gtzan/gtzan_country_00044/track.npy,gtzan,0.9696969696969697,0.8886396359470189,0.8886396359470189,0.8886396359470189,0.9696969696969697,0.9696969696969697,0.9696969696969697,0.9696969696969697,0.6666666666666666,0.6222668139797258,0.8679981830745218,0.7451324985271238,0.0,0.0,0.9375,0.9375,40.0,0.0,0.0,0.05264373348542556,20.0,0.0,0.0,0.039220713153280615,0.0
gtzan/gtzan_country_00045/track.npy,gtzan,0.9696969696969697,0.8684504327410543,0.8684504327410543,0.8684504327410543,0.9696969696969697,0.9696969696969697,0.9696969696969697,0.9696969696969697,0.6153846153846153,0.5455494318893934,0.7991627462519301,0.6723560890706617,0.0,0.0,1.0,1.0,40.0,0.0,0.0,0.07796154146971244,20.0,0.0,0.0,0.028252819042759086,0.0
gtzan/gtzan_country_00046/track.npy,gtzan,0.9923664122137404,0.9232612962426211,0.9232612962426211,0.9232612962426211,0.5909090909090909,0.9696969696969697,0.5909090909090909,0.9696969696969697,0.6799999999999999,0.6435271851084198,0.9269251094452734,0.7852261472768466,0.0,0.0,1.0,1.0,79.0,0.0,0.0,0.1746438538610656,37.0,0.0,0.0,0.11276829943493667,0.0
gtzan/gtzan_country_00047/track.npy,gtzan,1.0,0.9438957692259681,0.9438957692259681,0.9438957692259681,1.0,1.0,1.0,1.0,0.6521739130434783,0.6253979645555109,0.9325405729592723,0.7789692687573916,0.0,0.0,0.9354838709677419,0.9354838709677419,75.0,0.0,0.0,0.10008345855698497,37.0,0.0,0.0,0.05001042057466251,0.0
gtzan/gtzan_country_00048/track.npy,gtzan,0.9056603773584905,0.6978328641395896,0.6978328641395896,0.6978328641395896,0.7017543859649122,0.7543859649122807,0.7017543859649122,0.7543859649122807,0.888888888888889,0.7119376011297497,0.7119376011297497,0.7119376011297497,0.6666666666666666,0.8,0.6666666666666666,0.8,68.0,0.014925373134328358,0.08955223880597014,0.8754687373539232,18.0,0.0,0.11764705882352941,2.2425364690030527,0.0
gtzan/gtzan_country_00049/track.npy,gtzan,1.0,0.951248288566361,0.951248288566361,0.951248288566361,1.0,1.0,1.0,1.0,0.6666666666666666,0.618729727650756,0.8946638804703502,0.7566968040605531,0.0,0.0,0.9583333333333334,0.9583333333333334,57.0,0.0,0.0,0.07696104113612892,27.0,0.0,0.0,0.0384662808277983,0.0
gtzan/gtzan_country_00050/track.npy,gtzan,1.0,0.927595701370378,0.927595701370378,0.927595701370378,1.0,1.0,1.0,1.0,1.0,0.9327400238408274,0.9327400238408274,0.9327400238408274,1.0,1.0,1.0,1.0,60.0,0.0,0.0,0.08570375687096814,15.0,0.0,0.0,0.023705097274325067,0.0
gtzan/gtzan_country_00051/track.npy,gtzan,0.6923076923076924,0.6330270163607715,0.8934196386155434,0.7632233274881575,0.0392156862745098,0.058823529411764705,0.5094339622641509,0.8867924528301887,0.6666666666666666,0.6361955950795727,0.8811260718676258,0.7586608334735992,0.0,0.0,0.9285714285714286,0.9285714285714286,62.0,0.0,0.0,0.6931471805599414,16.0,0.0,0.0,0.021739986636405417,0.0
gtzan/gtzan_country_00052/track.npy,gtzan,0.8571428571428572,0.7151257558955147,0.7151257558955147,0.7151257558955147,0.7878787878787878,0.8484848484848485,0.7878787878787878,0.8484848484848485,0.6451612903225806,0.5626443156349972,0.5626443156349972,0.5626443156349972,0.047619047619047616,0.047619047619047616,0.047619047619047616,0.047619047619047616,41.0,0.025,0.025,1.1780934324316208,23.0,0.0,0.0,1.1384581972153092,0.0
gtzan/gtzan_country_00053/track.npy,gtzan,0.9436619718309859,0.8945986792807773,0.8945986792807773,0.8945986792807773,0.6,0.7866666666666666,0.6,0.7866666666666666,0.8260869565217391,0.7982749880722181,0.8170437338527746,0.8076593609624964,0.18518518518518517,0.4074074074074074,0.3783783783783784,0.43243243243243246,81.0,0.0,0.0,0.6693566795919076,31.0,0.0,0.0,0.7021699069786694,0.0
gtzan/gtzan_country_00054/track.npy,gtzan,0.9841269841269841,0.9493198714476493,0.9493198714476493,0.9493198714476493,0.96875,0.96875,0.96875,0.96875,0.6666666666666666,0.6432157467909954,0.9386248745659743,0.7909203106784848,0.0,0.0,0.9375,0.9375,39.0,0.0,0.0,0.05560064475367227,19.0,0.0,0.0,0.025001302205417852,0.0
gtzan/gtzan_country_00055/track.npy,gtzan,1.0,0.9354745255800447,0.9354745255800447,0.9354745255800447,1.0,1.0,1.0,1.0,0.6829268292682926,0.6551448994322611,0.9370935497873921,0.7961192246098265,0.0,0.0,1.0,1.0,66.0,0.0,0.0,0.04445176257083683,33.0,0.0,0.0,0.021978906718778682,0.0
gtzan/gtzan_country_00056/track.npy,gtzan,1.0,0.8975568652770951,0.8975568652770951,0.8975568652770951,1.0,1.0,1.0,1.0,1.0,0.867240434625446,0.867240434625446,0.867240434625446,1.0,1.0,1.0,1.0,41.0,0.0,0.0,0.08223809823697305,14.0,0.0,0.0,0.01801850550267845,0.0
gtzan/gtzan_country_00057/track.npy,gtzan,0.9655172413793104,0.8067643000522553,0.8067643000522553,0.8067643000522553,0.5666666666666667,0.8333333333333334,0.5666666666666667,0.8333333333333334,0.6666666666666666,0.57553287430395,0.7845899732091884,0.6800614237565692,0.0,0.0,0.9285714285714286,0.9285714285714286,37.0,0.0,0.0,0.7071031852504137,17.0,0.0,0.0,0.026080241256993906,0.0
gtzan/gtzan_country_00058/track.npy,gtzan,0.9894736842105264,0.9594745372212352,0.9594745372212352,0.9594745372212352,0.9791666666666666,0.9791666666666666,0.9791666666666666,0.9791666666666666,0.7499999999999999,0.7226189740671772,0.8536450178502143,0.7881319959586958,0.2,0.2,0.4782608695652174,0.6521739130434783,57.0,0.0,0.0,0.07496389284844451,24.0,0.0,0.0,0.6336145048127283,0.0
gtzan/gtzan_country_00059/track.npy,gtzan,1.0,0.9385931295537133,0.9385931295537133,0.9385931295537133,1.0,1.0,1.0,1.0,0.6666666666666666,0.6355639535275944,0.8677494329688116,0.751656693248203,0.0,0.0,0.9285714285714286,0.9285714285714286,35.0,0.0,0.0,0.3186545951161487,17.0,0.0,0.0,0.03428907347863271,0.0
gtzan/gtzan_country_00060/track.npy,gtzan,0.983050847457627,0.9486570586872548,0.9486570586872548,0.9486570586872548,0.9666666666666667,0.9666666666666667,0.9666666666666667,0.9666666666666667,0.7407407407407407,0.7182776489442523,0.7182776489442523,0.7182776489442523,0.058823529411764705,0.17647058823529413,0.058823529411764705,0.17647058823529413,36.0,0.0,0.0,0.04652001563489464,21.0,0.0,0.0,1.1001871243649235,0.0
gtzan/gtzan_country_00061/track.npy,gtzan,0.6753246753246753,0.6443186971074244,0.94825170076405,0.7962851989357371,0.0,0.0,1.0,1.0,0.7000000000000001,0.6340568467962706,0.9325790804732119,0.7833179636347413,0.0,0.0,1.0,1.0,61.0,0.0,0.0,0.08004270767353472,16.0,0.0,0.0,0.01366998901274348,0.0
gtzan/gtzan_country_00062/track.npy,gtzan,0.9931972789115647,0.9587018012408557,0.9587018012408557,0.9587018012408557,0.9864864864864865,0.9864864864864865,0.9864864864864865,0.9864864864864865,0.7058823529411764,0.6863783382932048,0.886524388970834,0.7864513636320194,0.06060606060606061,0.15151515151515152,0.34285714285714286,0.7428571428571429,89.0,0.0,0.0,0.11778303565638945,39.0,0.0,0.0,0.7077459799810987,0.0
gtzan/gtzan_country_00063/track.npy,gtzan,0.9859154929577464,0.9445882408123275,0.9445882408123275,0.9445882408123275,0.9722222222222222,0.9722222222222222,0.9722222222222222,0.9722222222222222,0.6153846153846153,0.5967099731921554,0.8437473110846476,0.7202286421384014,0.0,0.0,0.9411764705882353,0.9411764705882353,42.0,0.0,0.0,0.028170876966698358,21.0,0.0,0.0,0.01398624197474213,0.0
gtzan/gtzan_country_00064/track.npy,gtzan,0.8852459016393442,0.8359267983127817,0.8359267983127817,0.8359267983127817,0.29411764705882354,0.6470588235294118,0.29411764705882354,0.6470588235294118,0.6666666666666666,0.623602657197895,0.9130832497617695,0.7683429534798323,0.0,0.0,0.9285714285714286,0.9285714285714286,43.0,0.0,0.0,0.6711682738411725,17.0,0.0,0.0,0.017791692942202217,0.0
gtzan/gtzan_country_00065/track.npy,gtzan,0.8958333333333334,0.8142531592857024,0.8142531592857024,0.8142531592857024,0.38,0.78,0.38,0.78,0.7222222222222222,0.683258683689202,0.8257239780265041,0.754491330857853,0.08695652173913043,0.13043478260869565,0.24,0.76,53.0,0.0,0.019230769230769232,0.7034568241613147,27.0,0.0,0.038461538461538464,1.5374377562524342,0.0
gtzan/gtzan_country_00066/track.npy,gtzan,0.7000000000000001,0.6484952845737263,0.8949164136629919,0.771705849118359,0.02197802197802198,0.06593406593406594,0.5102040816326531,0.8775510204081632,0.6865671641791045,0.6231194693753852,0.8869363929364901,0.7550279311559376,0.022727272727272728,0.045454545454545456,0.6444444444444445,0.9111111111111111,58.0,0.0,0.0,0.7025822625556553,53.0,0.0,0.0,0.6380874033769157,0.0
gtzan/gtzan_country_00067/track.npy,gtzan,0.9152542372881356,0.7345771861120736,0.7345771861120736,0.7345771861120736,0.3125,0.78125,0.3125,0.78125,0.6363636363636364,0.4468180770586523,0.7274987617226827,0.5871584193906675,0.0,0.0,0.5333333333333333,0.8666666666666667,39.0,0.05263157894736842,0.05263157894736842,2.014903020542256,17.0,0.0625,0.0625,2.740840023925192,0.0
gtzan/gtzan_country_00068/track.npy,gtzan,1.0,0.858647732716101,0.858647732716101,0.858647732716101,1.0,1.0,1.0,1.0,0.6923076923076924,0.5963671801199887,0.8125955215709963,0.7044813508454926,0.058823529411764705,0.058823529411764705,0.8823529411764706,0.8823529411764706,42.0,0.0,0.0,0.05830262853162932,20.0,0.0,0.0,0.6741917076583217,0.0
gtzan/gtzan_country_00069/track.npy,gtzan,0.8865979381443299,0.7422430292409626,0.7422430292409626,0.7422430292409626,0.18,0.64,0.18,0.64,0.7692307692307693,0.701372592958315,0.701372592958315,0.701372592958315,0.17391304347826086,0.43478260869565216,0.17391304347826086,0.43478260869565216,57.0,0.07142857142857142,0.08928571428571429,1.360721307924078,28.0,0.07407407407407407,0.07407407407407407,1.9298703686547753,0.0
gtzan/gtzan_country_00070/track.npy,gtzan,0.6666666666666666,0.5994732293142954,0.8992098413223737,0.7493415353183346,0.0,0.0,1.0,1.0,1.0,0.9075643609018738,0.9075643609018738,0.9075643609018738,1.0,1.0,1.0,1.0,56.0,0.0,0.0,0.04867871820928184,28.0,0.0,0.0,0.049092686905547724,0.0
gtzan/gtzan_country_00071/track.npy,gtzan,0.8450704225352113,0.7669575050269691,0.7669575050269691,0.7669575050269691,0.275,0.575,0.275,0.575,0.43750000000000006,0.4124197495429121,0.6463091526057273,0.5293644510743197,0.0,0.0,0.16,0.32,48.0,0.0,0.0425531914893617,1.337452587007009,30.0,0.0,0.06896551724137931,1.7050889740031183,0.0
gtzan/gtzan_country_00072/track.npy,gtzan,1.0,0.8418430680718332,0.8418430680718332,0.8418430680718332,1.0,1.0,1.0,1.0,0.8205128205128205,0.6771710988925972,0.7089883920311758,0.6930797454618864,0.17391304347826086,0.391304347826087,0.25806451612903225,0.45161290322580644,75.0,0.0,0.0,0.10008345855698667,29.0,0.0,0.0,0.7018429445589336,0.0
gtzan/gtzan_country_00073/track.npy,gtzan,1.0,0.8311964415122933,0.8311964415122933,0.8311964415122933,1.0,1.0,1.0,1.0,0.7441860465116279,0.6201698725468682,0.7657436946315489,0.6929567835892085,0.1111111111111111,0.18518518518518517,0.25806451612903225,0.6774193548387096,76.0,0.0,0.0,0.10008345855698919,31.0,0.0,0.0,0.7083378653505179,0.0
gtzan/gtzan_country_00074/track.npy,gtzan,0.7671232876712328,0.622512663849524,0.7117601010304369,0.6671363824399804,0.1111111111111111,0.26666666666666666,0.18181818181818182,0.5818181818181818,0.5833333333333334,0.4490507816534221,0.7120659254074493,0.5805583535304357,0.0,0.0,0.5294117647058824,0.5294117647058824,53.0,0.0,0.019230769230769232,0.8109302162163295,20.0,0.0,0.0,0.6400197655171358,0.0
gtzan/gtzan_country_00075/track.npy,gtzan,1.0,0.9049989481144503,0.9049989481144503,0.9049989481144503,1.0,1.0,1.0,1.0,0.9523809523809523,0.8229300574012571,0.8229300574012571,0.8229300574012571,0.6363636363636364,0.8181818181818182,0.6363636363636364,0.8181818181818182,48.0,0.0,0.0,0.06453852113757073,13.0,0.0,0.0,0.6811629250621365,0.0
gtzan/gtzan_country_00076/track.npy,gtzan,1.0,0.8650400949409952,0.8650400949409952,0.8650400949409952,1.0,1.0,1.0,1.0,0.7142857142857143,0.6478194518570837,0.842594670415434,0.7452070611362589,0.07407407407407407,0.1111111111111111,0.41379310344827586,0.7931034482758621,73.0,0.0,0.0,0.12334346637442634,32.0,0.0,0.0,0.7172447321390053,0.0
gtzan/gtzan_country_00077/track.npy,gtzan,0.8307692307692308,0.7149133819216243,0.7387915084203049,0.7268524451709646,0.07894736842105263,0.42105263157894735,0.16666666666666666,0.42105263157894735,0.8636363636363636,0.7600498772392512,0.7600498772392512,0.7600498772392512,0.32,0.52,0.32,0.52,67.0,0.0,0.0,0.7884573603642681,29.0,0.0,0.0,0.7036736947151239,0.0
gtzan/gtzan_country_00078/track.npy,gtzan,0.8813559322033899,0.6999163917133839,0.6999163917133839,0.6999163917133839,0.7333333333333333,0.7333333333333333,0.7333333333333333,0.7333333333333333,0.6363636363636364,0.5096643328047983,0.6947228405519058,0.6021935866783521,0.0,0.0,0.8666666666666667,0.8666666666666667,38.0,0.0,0.02702702702702703,1.2217467847468706,19.0,0.0,0.0,1.9068780177197688,0.0
gtzan/gtzan_country_00079/track.npy,gtzan,1.0,0.9102056871754624,0.9102056871754624,0.9102056871754624,1.0,1.0,1.0,1.0,1.0,0.8543882710108583,0.8543882710108583,0.8543882710108583,1.0,1.0,1.0,1.0,42.0,0.0,0.0,0.05690326350892007,14.0,0.0,0.0,0.02670109135467261,0.0
gtzan/gtzan_country_00080/track.npy,gtzan,0.6984126984126985,0.6691639413237597,0.923005026745249,0.7960844840345043,0.04878048780487805,0.07317073170731707,0.4772727272727273,0.8636363636363636,0.7636363636363637,0.7324880663809553,0.8684011501104398,0.8004446082456975,0.20588235294117646,0.20588235294117646,0.5609756097560976,0.6585365853658537,53.0,0.0,0.0,0.7095420919714346,42.0,0.0,0.0,0.09515592806509533,0.0
gtzan/gtzan_country_00081/track.npy,gtzan,0.9510489510489509,0.9070623806532628,0.9070623806532628,0.9070623806532628,0.6933333333333334,0.8266666666666667,0.6933333333333334,0.8266666666666667,0.72,0.6857720805816214,0.8870513763989364,0.786411728490279,0.0625,0.15625,0.6285714285714286,0.7428571428571429,83.0,0.0,0.0,0.1177830356563836,39.0,0.0,0.0,0.6961547560328533,0.0
gtzan/gtzan_country_00082/track.npy,gtzan,0.6712328767123288,0.6484296362431559,0.9660278027388624,0.807228719491009,0.0,0.0,1.0,1.0,0.8421052631578948,0.8116448317959019,0.8116448317959019,0.8116448317959019,0.18181818181818182,0.48484848484848486,0.18181818181818182,0.48484848484848486,59.0,0.0,0.0,0.046768778749852316,40.0,0.0,0.0,0.7352251229588305,0.0
gtzan/gtzan_country_00083/track.npy,gtzan,0.9836065573770492,0.9274791577933973,0.9274791577933973,0.9274791577933973,0.4838709677419355,0.9354838709677419,0.4838709677419355,0.9354838709677419,0.6956521739130436,0.6519071603774244,0.9474906060798838,0.799698883228654,0.0,0.0,1.0,1.0,38.0,0.0,0.0,0.26558500898040804,19.0,0.0,0.0,0.036367644170875194,0.0
gtzan/gtzan_country_00084/track.npy,gtzan,0.9007633587786259,0.8266504410399385,0.8266504410399385,0.8266504410399385,0.2777777777777778,0.6527777777777778,0.2777777777777778,0.6527777777777778,0.6923076923076924,0.6360326088559145,0.8857412430521433,0.760886925954029,0.029411764705882353,0.058823529411764705,0.7142857142857143,0.8857142857142857,67.0,0.0,0.0,0.7163372100585446,42.0,0.0,0.0,0.6809272568241135,0.0
gtzan/gtzan_country_00085/track.npy,gtzan,0.9836065573770492,0.8915911174454056,0.8915911174454056,0.8915911174454056,0.967741935483871,0.967741935483871,0.967741935483871,0.967741935483871,0.6956521739130436,0.6229256824131495,0.9310626272021378,0.7769941548076437,0.0,0.0,1.0,1.0,37.0,0.0,0.0,0.05584931339249421,18.0,0.0,0.0,0.042766635296146216,0.0
gtzan/gtzan_country_00086/track.npy,gtzan,0.8750000000000001,0.7921540621536646,0.7921540621536646,0.7921540621536646,0.17346938775510204,0.5102040816326531,0.17346938775510204,0.5102040816326531,0.7755102040816326,0.730996215772963,0.730996215772963,0.730996215772963,0.16,0.4,0.16,0.4,97.0,0.010416666666666666,0.0625,0.7893900551496024,27.0,0.0,0.038461538461538464,2.296323451441687,0.0
gtzan/gtzan_country_00087/track.npy,gtzan,0.9523809523809523,0.894454957628571,0.894454957628571,0.894454957628571,0.45454545454545453,0.7878787878787878,0.45454545454545453,0.7878787878787878,0.6086956521739131,0.6027627972820486,0.8641071561691978,0.7334349767256232,0.0,0.0,0.75,0.75,45.0,0.0,0.0,0.6931471805599491,21.0,0.0,0.0,0.7456525712925115,0.0
gtzan/gtzan_country_00088/track.npy,gtzan,1.0,0.9483264595198263,0.9483264595198263,0.9483264595198263,1.0,1.0,1.0,1.0,1.0,0.9375139721810668,0.9375139721810668,0.9375139721810668,1.0,1.0,1.0,1.0,53.0,0.0,0.0,0.035091319811275556,13.0,0.0,0.0,0.008810629682155291,0.0
gtzan/gtzan_country_00089/track.npy,gtzan,0.967741935483871,0.8691563183725194,0.8691563183725194,0.8691563183725194,0.75,0.84375,0.75,0.84375,0.6399999999999999,0.618498982262837,0.8292796774600001,0.7238893298614185,0.0,0.0,0.5882352941176471,0.7058823529411765,39.0,0.0,0.02631578947368421,0.8751630668563446,21.0,0.0,0.0,0.7005579777753174,0.0
gtzan/gtzan_country_00090/track.npy,gtzan,1.0,0.9348869920397186,0.9348869920397186,0.9348869920397186,1.0,1.0,1.0,1.0,0.6818181818181819,0.6388628064610274,0.9283316323448937,0.7835972194029606,0.0,0.0,1.0,1.0,68.0,0.0,0.0,0.07934177429699779,34.0,0.0,0.0,0.03236336387550715,0.0
gtzan/gtzan_country_00091/track.npy,gtzan,0.5,0.465177299471448,0.465177299471448,0.465177299471448,0.0,0.0,0.0,0.0,0.2222222222222222,0.2057928616540085,0.33372738201679486,0.26976012183540166,0.0,0.0,0.0,0.0,58.0,0.0,0.0,0.1392622414788811,38.0,0.0,0.0,0.838215138679967,0.0
gtzan/gtzan_country_00092/track.npy,gtzan,0.9379310344827586,0.7925632174026586,0.7925632174026586,0.7925632174026586,0.5844155844155844,0.7922077922077922,0.5844155844155844,0.7922077922077922,0.4473684210526315,0.38901775079372447,0.42540275184321635,0.40721025131847044,0.0,0.0,0.01694915254237288,0.01694915254237288,91.0,0.05555555555555555,0.1,0.7958340850231992,70.0,0.028985507246376812,0.043478260869565216,1.0705973409823628,0.0
gtzan/gtzan_country_00093/track.npy,gtzan,0.9714285714285714,0.869447383728362,0.869447383728362,0.869447383728362,1.0,1.0,1.0,1.0,0.9600000000000001,0.8340506922611435,0.8340506922611435,0.8340506922611435,0.6923076923076923,0.8461538461538461,0.6923076923076923,0.8461538461538461,43.0,0.0,0.0,0.08701137698962802,17.0,0.0,0.0,1.111267036886996,0.0
gtzan/gtzan_country_00094/track.npy,gtzan,1.0,0.9173222508904214,0.9173222508904214,0.9173222508904214,1.0,1.0,1.0,1.0,0.9600000000000001,0.8809195213150468,0.8809195213150468,0.8809195213150468,0.9230769230769231,0.9230769230769231,0.9230769230769231,0.9230769230769231,57.0,0.0,0.0,0.07696104113612892,15.0,0.0,0.0,0.29630706719467237,0.0
gtzan/gtzan_country_00095/track.npy,gtzan,1.0,0.9421558101786985,0.9421558101786985,0.9421558101786985,1.0,1.0,1.0,1.0,0.6428571428571429,0.603245104891361,0.8977818217247435,0.7505134633080522,0.0,0.0,0.8947368421052632,0.8947368421052632,45.0,0.0,0.0,0.029852963149681767,22.0,0.0,0.0,0.015778631653797868,0.0
gtzan/gtzan_country_00096/track.npy,gtzan,1.0,0.9470807022759017,0.9470807022759017,0.9470807022759017,1.0,1.0,1.0,1.0,1.0,0.955341279572211,0.955341279572211,0.955341279572211,1.0,1.0,1.0,1.0,58.0,0.0,0.0,0.07696104113612678,14.0,0.0,0.0,0.009569451016148811,0.0
gtzan/gtzan_country_00097/track.npy,gtzan,0.5079365079365079,0.47014474856847366,0.47014474856847366,0.47014474856847366,0.0,0.0,0.0,0.0,0.2758620689655173,0.26298040858875377,0.40381976755329485,0.3334000880710243,0.0,0.0,0.0,0.0,58.0,0.017543859649122806,0.017543859649122806,0.1569170320932007,30.0,0.0,0.0,0.7308875085427948,0.0
gtzan/gtzan_country_00098/track.npy,gtzan,1.0,0.9588538582948231,0.9588538582948231,0.9588538582948231,1.0,1.0,1.0,1.0,1.0,0.9679845820009039,0.9679845820009039,0.9679845820009039,1.0,1.0,1.0,1.0,60.0,0.0,0.0,0.08570375687096869,15.0,0.0,0.0,0.019802627296179987,0.0
gtzan/gtzan_country_00099/track.npy,gtzan,0.991869918699187,0.916652973817731,0.916652973817731,0.916652973817731,0.9838709677419355,0.9838709677419355,0.9838709677419355,0.9838709677419355,1.0,0.9720144667748118,0.9720144667748118,0.9720144667748118,1.0,1.0,1.0,1.0,74.0,0.0,0.0,0.10008345855698125,18.0,0.0,0.0,0.012270092591816328,0.0
gtzan/gtzan_disco_00000/track.npy,gtzan,1.0,0.9272334103384114,0.9272334103384114,0.9272334103384114,1.0,1.0,1.0,1.0,0.7499999999999999,0.6778066330583767,0.8509863846697246,0.7643965088640507,0.1,0.2,0.2608695652173913,0.6956521739130435,58.0,0.0,0.0,0.07696104113612678,23.0,0.0,0.0,0.7027166315760975,0.0
gtzan/gtzan_disco_00001/track.npy,gtzan,0.6620689655172414,0.6209407394751232,0.9187388337157179,0.7698397865954205,0.0,0.0,0.96,0.96,0.8727272727272727,0.8041520231167368,0.8041520231167368,0.8041520231167368,0.22580645161290322,0.6129032258064516,0.22580645161290322,0.6129032258064516,60.0,0.0,0.0,0.07696104113612777,36.0,0.0,0.0,0.7129498078561246,0.0
gtzan/gtzan_disco_00002/track.npy,gtzan,0.6713286713286714,0.6481496104150865,0.9654728539399814,0.8068112321775339,0.0,0.0,1.0,1.0,0.6666666666666666,0.6405850891783325,0.9608776337674986,0.8007313614729155,0.0,0.0,1.0,1.0,57.0,0.0,0.0,0.07696104113612845,15.0,0.0,0.0,0.009569451016150522,0.0
gtzan/gtzan_disco_00003/track.npy,gtzan,1.0,0.9613709823917513,0.9613709823917513,0.9613709823917513,1.0,1.0,1.0,1.0,0.8387096774193548,0.8036348411979413,0.8036348411979413,0.8036348411979413,0.4444444444444444,0.5,0.4444444444444444,0.5,64.0,0.0,0.0,0.08338160893904922,21.0,0.0,0.0,0.6763044532016829,0.0
gtzan/gtzan_disco_00004/track.npy,gtzan,1.0,0.9640209206215402,0.9640209206215402,0.9640209206215402,1.0,1.0,1.0,1.0,0.896551724137931,0.8613572472349994,0.8613572472349994,0.8613572472349994,0.625,0.625,0.625,0.625,61.0,0.0,0.0,0.04082199452025659,19.0,0.0,0.0,0.6830968447064438,0.0
gtzan/gtzan_disco_00005/track.npy,gtzan,0.9887640449438202,0.9218855626379886,0.9218855626379886,0.9218855626379886,0.9777777777777777,0.9777777777777777,0.9777777777777777,0.9777777777777777,0.7333333333333334,0.6597455555868266,0.8340264758578222,0.7468860157223244,0.15789473684210525,0.21052631578947367,0.38095238095238093,0.6666666666666666,55.0,0.0,0.0,0.07145896398213965,23.0,0.0,0.0,0.6841785105771834,0.0
gtzan/gtzan_disco_00006/track.npy,gtzan,1.0,0.9561796072915276,0.9561796072915276,0.9561796072915276,1.0,1.0,1.0,1.0,0.787878787878788,0.7488243298222342,0.8139655287262043,0.7813949292742193,0.25,0.3,0.28,0.52,62.0,0.0,0.0,0.04460071414480756,25.0,0.0,0.0,0.712740817745961,0.0
gtzan/gtzan_disco_00007/track.npy,gtzan,0.9908256880733944,0.9452597125260706,0.9452597125260706,0.9452597125260706,0.9818181818181818,0.9818181818181818,0.9818181818181818,0.9818181818181818,0.65,0.6091583219264862,0.9077634055592717,0.7584608637428789,0.0,0.0,0.9259259259259259,0.9259259259259259,65.0,0.0,0.0,0.04255961441879885,31.0,0.0,0.0,0.02150620522096696,0.0
gtzan/gtzan_disco_00008/track.npy,gtzan,0.9902912621359222,0.9525920153670503,0.9525920153670503,0.9525920153670503,0.9807692307692307,0.9807692307692307,0.9807692307692307,0.9807692307692307,0.6486486486486487,0.6138571908379072,0.8723097943173564,0.7430834925776318,0.04,0.04,0.76,0.84,62.0,0.0,0.0,0.0427830301779253,30.0,0.0,0.0,0.4585983927993851,0.0
gtzan/gtzan_disco_00009/track.npy,gtzan,1.0,0.8879767034836052,0.8879767034836052,0.8879767034836052,1.0,1.0,1.0,1.0,1.0,0.8720058174835884,0.8720058174835884,0.8720058174835884,1.0,1.0,1.0,1.0,65.0,0.0,0.0,0.08256620073254511,16.0,0.0,0.0,0.0145542672950781,0.0
gtzan/gtzan_disco_00010/track.npy,gtzan,1.0,0.9231024556989758,0.9231024556989758,0.9231024556989758,1.0,1.0,1.0,1.0,1.0,0.9485126802270671,0.9485126802270671,0.9485126802270671,1.0,1.0,1.0,1.0,54.0,0.0,0.0,0.07145896398214062,14.0,0.0,0.0,0.008888947417246157,0.0
gtzan/gtzan_disco_00011/track.npy,gtzan,1.0,0.9427896393417914,0.9427896393417914,0.9427896393417914,1.0,1.0,1.0,1.0,0.8695652173913044,0.8111458059960576,0.8111458059960576,0.8111458059960576,0.46153846153846156,0.46153846153846156,0.46153846153846156,0.46153846153846156,47.0,0.0,0.0,0.06252035698133394,15.0,0.0,0.0,0.7073024872282905,0.0
gtzan/gtzan_disco_00012/track.npy,gtzan,1.0,0.8918064631450784,0.8918064631450784,0.8918064631450784,1.0,1.0,1.0,1.0,0.41379310344827586,0.3573773854325811,0.7421953132862721,0.5497863493594266,0.0,0.0,0.5217391304347826,0.5217391304347826,57.0,0.0,0.0,0.03774032798285287,20.0,0.0,0.0,0.6786673285520913,0.0
gtzan/gtzan_disco_00013/track.npy,gtzan,0.918918918918919,0.8089014503879843,0.8089014503879843,0.8089014503879843,0.631578947368421,0.9210526315789473,0.631578947368421,0.9210526315789473,0.6923076923076924,0.6203148226193475,0.826814585597362,0.7235647041083547,0.058823529411764705,0.058823529411764705,0.6470588235294118,0.8823529411764706,47.0,0.043478260869565216,0.043478260869565216,1.125207957401235,21.0,0.0,0.0,0.6749915464832827,0.0
gtzan/gtzan_disco_00014/track.npy,gtzan,1.0,0.9549606631830362,0.9549606631830362,0.9549606631830362,1.0,1.0,1.0,1.0,0.8148148148148148,0.7526848565355067,0.7999935114422799,0.7763391839888933,0.25,0.375,0.38095238095238093,0.47619047619047616,52.0,0.0,0.0,0.0689928714869561,19.0,0.0,0.0,0.696625529102319,0.0
gtzan/gtzan_disco_00015/track.npy,gtzan,0.9411764705882353,0.8969537795391227,0.8969537795391227,0.8969537795391227,0.9019607843137255,0.9411764705882353,0.9019607843137255,0.9411764705882353,0.9285714285714286,0.8592320156628751,0.8592320156628751,0.8592320156628751,0.3333333333333333,0.7333333333333333,0.3333333333333333,0.7333333333333333,62.0,0.0,0.01639344262295082,0.303677540649444,17.0,0.0,0.0,0.7032995520239644,0.0
gtzan/gtzan_disco_00016/track.npy,gtzan,1.0,0.9293246431486116,0.9293246431486116,0.9293246431486116,1.0,1.0,1.0,1.0,0.26666666666666666,0.23762355337106175,0.7757782792532004,0.5067009163121311,0.0,0.0,0.29411764705882354,0.4117647058823529,62.0,0.0,0.0,0.040821994520261584,20.0,0.0,0.0,0.7137664677626812,0.0
gtzan/gtzan_disco_00017/track.npy,gtzan,0.99009900990099,0.9487525150839053,0.9487525150839053,0.9487525150839053,0.9803921568627451,0.9803921568627451,0.9803921568627451,0.9803921568627451,0.6842105263157895,0.6612511496292734,0.9646410631521042,0.8129461063906889,0.0,0.0,1.0,1.0,62.0,0.0,0.0,0.08338160893905111,30.0,0.0,0.0,0.4510956927762492,0.0
gtzan/gtzan_disco_00018/track.npy,gtzan,1.0,0.9352371745193244,0.9352371745193244,0.9352371745193244,1.0,1.0,1.0,1.0,1.0,0.9458019466484835,0.9458019466484835,0.9458019466484835,1.0,1.0,1.0,1.0,63.0,0.0,0.0,0.04082199452025792,16.0,0.0,0.0,0.01773148025478779,0.0
gtzan/gtzan_disco_00019/track.npy,gtzan,1.0,0.935718737117018,0.935718737117018,0.935718737117018,1.0,1.0,1.0,1.0,0.5909090909090909,0.558140198127433,0.8045234369115061,0.6813318175194696,0.0,0.0,0.3225806451612903,0.5806451612903226,59.0,0.0,0.0,0.07696104113612845,36.0,0.0,0.0,0.7129498078561246,0.0
gtzan/gtzan_disco_00020/track.npy,gtzan,0.9705882352941176,0.8717755661618466,0.8717755661618466,0.8717755661618466,1.0,1.0,1.0,1.0,0.6153846153846153,0.5600783115077498,0.8173260803117592,0.6887021959097546,0.0,0.0,1.0,1.0,41.0,0.0,0.0,0.029265795722491165,21.0,0.0,0.0,0.02670428961273865,0.0
gtzan/gtzan_disco_00021/track.npy,gtzan,0.9777777777777777,0.8339679037647098,0.8339679037647098,0.8339679037647098,0.9777777777777777,0.9777777777777777,0.9777777777777777,0.9777777777777777,1.0,0.8807584539364283,0.8807584539364283,0.8807584539364283,1.0,1.0,1.0,1.0,55.0,0.0,0.0,0.11085104930179643,14.0,0.0,0.0,0.013131193436006288,0.0
gtzan/gtzan_disco_00022/track.npy,gtzan,1.0,0.9773025433559226,0.9773025433559226,0.9773025433559226,1.0,1.0,1.0,1.0,0.9600000000000001,0.9430026133151556,0.9430026133151556,0.9430026133151556,0.7692307692307693,0.7692307692307693,0.7692307692307693,0.7692307692307693,60.0,0.0,0.0,0.08004270767353472,17.0,0.0,0.0,0.6931471805599453,0.0
gtzan/gtzan_disco_00023/track.npy,gtzan,1.0,0.9467023985613922,0.9467023985613922,0.9467023985613922,1.0,1.0,1.0,1.0,0.7058823529411764,0.6665516744975443,0.8697690881630464,0.7681603813302953,0.045454545454545456,0.09090909090909091,0.5652173913043478,0.8260869565217391,58.0,0.0,0.0,0.07696104113612845,27.0,0.0,0.0,0.6989069925819587,0.0
gtzan/gtzan_disco_00024/track.npy,gtzan,1.0,0.9337162367701576,0.9337162367701576,0.9337162367701576,1.0,1.0,1.0,1.0,0.7027027027027027,0.6669215588055405,0.9398303899686024,0.8033759743870714,0.08333333333333333,0.08333333333333333,0.88,0.88,64.0,0.0,0.0,0.04255961441879885,29.0,0.0,0.0,0.688372543968175,0.0
gtzan/gtzan_disco_00025/track.npy,gtzan,1.0,0.9206450904493035,0.9206450904493035,0.9206450904493035,1.0,1.0,1.0,1.0,0.0,4.332230223876902e-30,5.611929605288294e-30,4.972079914582598e-30,0.0,0.0,0.0,0.0,62.0,0.0,0.0,0.040821994520261584,31.0,0.0,0.0,0.6890445804930689,0.0
gtzan/gtzan_disco_00026/track.npy,gtzan,1.0,0.9574369080658933,0.9574369080658933,0.9574369080658933,1.0,1.0,1.0,1.0,0.8,0.7691318991697093,0.8006455636807425,0.7848887314252259,0.3333333333333333,0.3333333333333333,0.4782608695652174,0.4782608695652174,60.0,0.0,0.0,0.08004270767353612,22.0,0.0,0.0,0.053967371502028974,0.0
gtzan/gtzan_disco_00027/track.npy,gtzan,1.0,0.9056990009235315,0.9056990009235315,0.9056990009235315,1.0,1.0,1.0,1.0,0.6470588235294118,0.6059700280736948,0.9018179824429716,0.7538940052583332,0.0,0.0,0.9130434782608695,0.9130434782608695,56.0,0.0,0.0,0.11332868530700091,28.0,0.0,0.0,0.03704127168034861,0.0
gtzan/gtzan_disco_00028/track.npy,gtzan,1.0,0.9243800020719192,0.9243800020719192,0.9243800020719192,1.0,1.0,1.0,1.0,0.6842105263157895,0.6254541491940506,0.9190345684790008,0.7722443588365258,0.0,0.0,1.0,1.0,61.0,0.0,0.0,0.04082199452025792,28.0,0.0,0.0,0.5249110622493388,0.0
gtzan/gtzan_disco_00029/track.npy,gtzan,1.0,0.9139991799620286,0.9139991799620286,0.9139991799620286,1.0,1.0,1.0,1.0,1.0,0.8724751069968195,0.8724751069968195,0.8724751069968195,1.0,1.0,1.0,1.0,53.0,0.0,0.0,0.03509131981127406,14.0,0.0,0.0,0.012740785668094744,0.0
gtzan/gtzan_disco_00030/track.npy,gtzan,1.0,0.8898018926637185,0.8898018926637185,0.8898018926637185,1.0,1.0,1.0,1.0,0.6666666666666666,0.5688162182730861,0.8441101375197524,0.7064631778964192,0.0,0.0,0.9642857142857143,0.9642857142857143,68.0,0.0,0.0,0.09097177820572866,34.0,0.0,0.0,0.04546237407675527,0.0
gtzan/gtzan_disco_00031/track.npy,gtzan,1.0,0.938168281897426,0.938168281897426,0.938168281897426,1.0,1.0,1.0,1.0,0.8387096774193548,0.8111046101980337,0.8111046101980337,0.8111046101980337,0.3333333333333333,0.4444444444444444,0.4,0.4444444444444444,62.0,0.0,0.0,0.08701137698962795,22.0,0.0,0.0,0.6834035054011156,0.0
gtzan/gtzan_disco_00032/track.npy,gtzan,0.989247311827957,0.8657915147151528,0.8657915147151528,0.8657915147151528,0.9787234042553191,0.9787234042553191,0.9787234042553191,0.9787234042553191,0.8571428571428571,0.7560519760784755,0.7560519760784755,0.7560519760784755,0.25,0.5,0.2608695652173913,0.5,55.0,0.0,0.0,0.03636764417088045,20.0,0.0,0.0,0.7023638356648694,0.0
gtzan/gtzan_disco_00033/track.npy,gtzan,0.24074074074074073,0.2205627111493587,0.6312694471465058,0.4259160791479322,0.23636363636363636,0.23636363636363636,0.5636363636363636,0.6909090909090909,0.20689655172413793,0.17691495942579658,0.17691495942579658,0.17691495942579658,0.375,0.625,0.375,0.625,65.0,0.015625,0.015625,0.15904981389580924,19.0,0.0,0.0,1.365196643512425,0.0
gtzan/gtzan_disco_00034/track.npy,gtzan,0.9818181818181818,0.9540100836441564,0.9540100836441564,0.9540100836441564,0.9818181818181818,0.9818181818181818,0.9818181818181818,0.9818181818181818,0.65,0.6342598389077001,0.9366057412456802,0.7854327900766902,0.0,0.0,0.9259259259259259,0.9259259259259259,66.0,0.0,0.0,0.08701137698963579,33.0,0.0,0.0,0.03273200932925634,0.0
gtzan/gtzan_disco_00035/track.npy,gtzan,0.9803921568627451,0.9584980128848299,0.9584980128848299,0.9584980128848299,0.9803921568627451,0.9803921568627451,0.9803921568627451,0.9803921568627451,0.896551724137931,0.8702933714893735,0.8702933714893735,0.8702933714893735,0.3125,0.5625,0.3125,0.5625,61.0,0.0,0.0,0.04082199452025792,19.0,0.0,0.0,0.7053096191946637,0.0
gtzan/gtzan_disco_00036/track.npy,gtzan,1.0,0.9353677378463302,0.9353677378463302,0.9353677378463302,1.0,1.0,1.0,1.0,0.8571428571428571,0.7977885315281418,0.7977885315281418,0.7977885315281418,0.3,0.5,0.3448275862068966,0.5,68.0,0.0,0.0,0.09097177820572769,23.0,0.0,0.0,0.7044467358138773,0.0
gtzan/gtzan_disco_00037/track.npy,gtzan,1.0,0.942672785251095,0.942672785251095,0.942672785251095,1.0,1.0,1.0,1.0,0.8,0.7495500826444962,0.778145180751903,0.7638476316981996,0.14285714285714285,0.38095238095238093,0.2222222222222222,0.4444444444444444,66.0,0.0,0.0,0.0870113769896318,26.0,0.0,0.0,0.6931471805599457,0.0
gtzan/gtzan_disco_00038/track.npy,gtzan,1.0,0.9079599737711693,0.9079599737711693,0.9079599737711693,1.0,1.0,1.0,1.0,0.7027027027027027,0.6414032565418633,0.8887442127927141,0.7650737346672887,0.041666666666666664,0.041666666666666664,0.8,0.92,62.0,0.0,0.0,0.04082199452025792,28.0,0.0,0.0,0.7086116459619959,0.0
gtzan/gtzan_disco_00039/track.npy,gtzan,0.9787234042553191,0.9061101938854654,0.9061101938854654,0.9061101938854654,0.9787234042553191,0.9787234042553191,0.9787234042553191,0.9787234042553191,0.9600000000000001,0.8672694982619983,0.8672694982619983,0.8672694982619983,0.7692307692307693,0.8461538461538461,0.7692307692307693,0.8461538461538461,56.0,0.0,0.0,0.03636764417087615,17.0,0.0,0.0,0.6959121770914218,0.0
gtzan/gtzan_disco_00040/track.npy,gtzan,1.0,0.8965516415531193,0.8965516415531193,0.8965516415531193,1.0,1.0,1.0,1.0,0.6818181818181819,0.5849169860917736,0.8861628152398013,0.7355399006657874,0.0,0.0,1.0,1.0,69.0,0.0,0.0,0.04652001563490016,35.0,0.0,0.0,0.0229895182247023,0.0
gtzan/gtzan_disco_00041/track.npy,gtzan,0.5757575757575758,0.4858244811832726,0.4858244811832726,0.4858244811832726,0.0,0.0,0.0,0.0,0.3157894736842105,0.22160538259256557,0.44099704233743986,0.3313012124650027,0.0,0.0,0.23076923076923078,0.38461538461538464,53.0,0.0,0.0,0.7472144018302234,16.0,0.0,0.0,1.7150216924294686,0.0
gtzan/gtzan_disco_00042/track.npy,gtzan,0.9885057471264368,0.900547704445093,0.900547704445093,0.900547704445093,0.9772727272727273,0.9772727272727273,0.9772727272727273,0.9772727272727273,0.7333333333333334,0.6862536106381426,0.853275859465621,0.7697647350518818,0.10526315789473684,0.15789473684210525,0.38095238095238093,0.7142857142857143,52.0,0.0,0.0,0.04400240582822654,21.0,0.0,0.0,0.7117201256562218,0.0
gtzan/gtzan_disco_00043/track.npy,gtzan,1.0,0.9675010502664584,0.9675010502664584,0.9675010502664584,1.0,1.0,1.0,1.0,0.7027027027027027,0.6690412263880113,0.8579290297510639,0.7634851280695376,0.08333333333333333,0.125,0.32,0.76,64.0,0.0,0.0,0.04255961441880263,27.0,0.0,0.0,0.693147180559946,0.0
gtzan/gtzan_disco_00044/track.npy,gtzan,1.0,0.94190247392091,0.94190247392091,0.94190247392091,1.0,1.0,1.0,1.0,0.7428571428571429,0.6814311887608536,0.8750900832207691,0.7782606359908113,0.13636363636363635,0.18181818181818182,0.72,0.72,61.0,0.0,0.0,0.04082199452025622,25.0,0.0,0.0,0.6916204333468664,0.0
gtzan/gtzan_disco_00045/track.npy,gtzan,1.0,0.9375521124924728,0.9375521124924728,0.9375521124924728,1.0,1.0,1.0,1.0,0.7027027027027027,0.6547090526287637,0.8766178574746505,0.7656634550517071,0.041666666666666664,0.08333333333333333,0.72,0.84,62.0,0.0,0.0,0.040821994520257816,27.0,0.0,0.0,0.709642610322134,0.0
gtzan/gtzan_disco_00046/track.npy,gtzan,1.0,0.9726535818315638,0.9726535818315638,0.9726535818315638,1.0,1.0,1.0,1.0,0.6486486486486487,0.6320143526001236,0.9389683428424901,0.7854913477213068,0.0,0.0,0.92,0.92,61.0,0.0,0.0,0.08004270767353472,30.0,0.0,0.0,0.03307441506004141,0.0
gtzan/gtzan_disco_00047/track.npy,gtzan,0.16129032258064516,0.11328983969906466,0.13670810774464445,0.12499897372185456,0.024390243902439025,0.024390243902439025,0.024390243902439025,0.12195121951219512,0.05555555555555555,0.04304751464580457,0.1515887372366081,0.09731812594120634,0.0,0.0,0.0,0.0,50.0,0.04081632653061224,0.061224489795918366,1.8434396895545162,37.0,0.027777777777777776,0.027777777777777776,1.9992995250696206,0.0
gtzan/gtzan_disco_00048/track.npy,gtzan,1.0,0.8911894096371421,0.8911894096371421,0.8911894096371421,1.0,1.0,1.0,1.0,0.8148148148148148,0.6897114333655209,0.7499182922811092,0.719814862823315,0.1875,0.375,0.2857142857142857,0.47619047619047616,51.0,0.0,0.0,0.06669137449867674,18.0,0.0,0.0,0.6931471805599454,0.0
gtzan/gtzan_disco_00049/track.npy,gtzan,1.0,0.9129590459861794,0.9129590459861794,0.9129590459861794,1.0,1.0,1.0,1.0,1.0,0.9202205772710322,0.9202205772710322,0.9202205772710322,1.0,1.0,1.0,1.0,60.0,0.0,0.0,0.08004270767354893,15.0,0.0,0.0,0.014030468194768993,0.0
gtzan/gtzan_disco_00050/track.npy,gtzan,0.989010989010989,0.8676862657851047,0.8676862657851047,0.8676862657851047,0.9782608695652174,0.9782608695652174,0.9782608695652174,0.9782608695652174,1.0,0.8658499110876373,0.8658499110876373,0.8658499110876373,1.0,1.0,1.0,1.0,55.0,0.0,0.0,0.05146377536401764,14.0,0.0,0.0,0.017398698692359996,0.0
gtzan/gtzan_disco_00051/track.npy,gtzan,0.9887640449438202,0.9400390880540517,0.9400390880540517,0.9400390880540517,0.9777777777777777,0.9777777777777777,0.9777777777777777,0.9777777777777777,0.9565217391304348,0.8907227961653598,0.8907227961653598,0.8907227961653598,0.9166666666666666,0.9166666666666666,0.9166666666666666,0.9166666666666666,55.0,0.0,0.0,0.037740327982848945,14.0,0.0,0.0,0.02242156465215904,0.0
gtzan/gtzan_disco_00052/track.npy,gtzan,1.0,0.9500036242942721,0.9500036242942721,0.9500036242942721,1.0,1.0,1.0,1.0,0.7222222222222222,0.6842028991859012,0.8623160534773855,0.7732594763316434,0.08695652173913043,0.13043478260869565,0.52,0.76,63.0,0.0,0.0,0.08338160893904922,29.0,0.0,0.0,0.6974132671311362,0.0
gtzan/gtzan_disco_00053/track.npy,gtzan,0.9913043478260869,0.9112559203435313,0.9112559203435313,0.9112559203435313,0.9827586206896551,0.9827586206896551,0.9827586206896551,0.9827586206896551,0.6511627906976745,0.6008394385639835,0.8964923955868234,0.7486659170754034,0.0,0.0,0.9310344827586207,0.9310344827586207,70.0,0.0,0.0,0.04652001563490016,34.0,0.0,0.0,0.33750223985116756,0.0
gtzan/gtzan_disco_00054/track.npy,gtzan,1.0,0.9459558733545512,0.9459558733545512,0.9459558733545512,1.0,1.0,1.0,1.0,0.6875000000000001,0.6316360812290247,0.8382292402763156,0.7349326607526702,0.09523809523809523,0.09523809523809523,0.6666666666666666,0.8095238095238095,57.0,0.0,0.0,0.07696104113612859,26.0,0.0,0.0,0.5628657668147017,0.0
gtzan/gtzan_disco_00055/track.npy,gtzan,1.0,0.9192187755915919,0.9192187755915919,0.9192187755915919,1.0,1.0,1.0,1.0,0.65,0.5891988864265703,0.87853754519839,0.7338682158124801,0.0,0.0,0.9259259259259259,0.9259259259259259,65.0,0.0,0.0,0.08701137698963499,32.0,0.0,0.0,0.04348511193974068,0.0
gtzan/gtzan_disco_00056/track.npy,gtzan,1.0,0.9550454433877879,0.9550454433877879,0.9550454433877879,1.0,1.0,1.0,1.0,0.7499999999999999,0.7308249908299224,0.8508030656499799,0.7908140282399512,0.26666666666666666,0.26666666666666666,0.5882352941176471,0.5882352941176471,44.0,0.0,0.0,0.02985296314968145,18.0,0.0,0.0,0.6967968804152338,0.0
gtzan/gtzan_disco_00057/track.npy,gtzan,1.0,0.9585314748423774,0.9585314748423774,0.9585314748423774,1.0,1.0,1.0,1.0,0.8275862068965517,0.7969471989203044,0.7969471989203044,0.7969471989203044,0.4117647058823529,0.4117647058823529,0.4117647058823529,0.4117647058823529,59.0,0.0,0.0,0.039220713153283904,22.0,0.0,0.0,0.054459986324178755,0.0
gtzan/gtzan_disco_00058/track.npy,gtzan,1.0,0.9422209119730381,0.9422209119730381,0.9422209119730381,1.0,1.0,1.0,1.0,0.6829268292682926,0.6415327655151379,0.950629022891894,0.796080894203516,0.0,0.0,1.0,1.0,66.0,0.0,0.0,0.044451762570840825,33.0,0.0,0.0,0.03273200932925872,0.0
gtzan/gtzan_disco_00059/track.npy,gtzan,1.0,0.9155561991595043,0.9155561991595043,0.9155561991595043,1.0,1.0,1.0,1.0,0.962962962962963,0.9158090587964854,0.9158090587964854,0.9158090587964854,0.9285714285714286,0.9285714285714286,0.9285714285714286,0.9285714285714286,63.0,0.0,0.0,0.08338160893905111,16.0,0.0,0.0,0.25677655132896615,0.0
gtzan/gtzan_disco_00060/track.npy,gtzan,0.9908256880733944,0.8985973018082696,0.8985973018082696,0.8985973018082696,0.9818181818181818,0.9818181818181818,0.9818181818181818,0.9818181818181818,0.6666666666666666,0.6054294927263532,0.821693798328161,0.7135616455272571,0.07692307692307693,0.07692307692307693,0.46153846153846156,0.8076923076923077,66.0,0.0,0.0,0.0870113769896352,29.0,0.0,0.0,0.703958096664161,0.0
gtzan/gtzan_disco_00061/track.npy,gtzan,1.0,0.8849582050900968,0.8849582050900968,0.8849582050900968,1.0,1.0,1.0,1.0,0.8750000000000001,0.7596864934190757,0.7596864934190757,0.7596864934190757,0.2222222222222222,0.5555555555555556,0.2222222222222222,0.5555555555555556,63.0,0.0,0.0,0.08338160893904922,22.0,0.0,0.0,0.7042528548838467,0.0
gtzan/gtzan_disco_00062/track.npy,gtzan,0.989010989010989,0.9280661777224904,0.9280661777224904,0.9280661777224904,0.9782608695652174,0.9782608695652174,0.9782608695652174,0.9782608695652174,0.7499999999999999,0.7023646634148938,0.8706658796890412,0.7865152715519674,0.05,0.15,0.30434782608695654,0.7391304347826086,55.0,0.0,0.0,0.03636764417088045,24.0,0.0,0.0,0.693147180559947,0.0
gtzan/gtzan_disco_00063/track.npy,gtzan,1.0,0.9544108433639562,0.9544108433639562,0.9544108433639562,1.0,1.0,1.0,1.0,0.6842105263157895,0.6447371977581957,0.868682493196001,0.7567098454770984,0.08,0.08,0.56,0.84,65.0,0.0,0.0,0.0870113769896316,31.0,0.0,0.0,0.43328235311186114,0.0
gtzan/gtzan_disco_00064/track.npy,gtzan,1.0,0.9480921001291751,0.9480921001291751,0.9480921001291751,1.0,1.0,1.0,1.0,0.9285714285714286,0.8980008906236422,0.8980008906236422,0.8980008906236422,0.4666666666666667,0.6666666666666666,0.4666666666666667,0.6666666666666666,61.0,0.0,0.0,0.040821994520261584,17.0,0.0,0.0,0.6962560166706105,0.0
gtzan/gtzan_disco_00065/track.npy,gtzan,1.0,0.9147266527754921,0.9147266527754921,0.9147266527754921,1.0,1.0,1.0,1.0,0.8484848484848484,0.7834458864710078,0.7834458864710078,0.7834458864710078,0.3157894736842105,0.5263157894736842,0.3157894736842105,0.5263157894736842,66.0,0.0,0.0,0.0870113769896318,24.0,0.0,0.0,0.7041970167465289,0.0
gtzan/gtzan_disco_00066/track.npy,gtzan,1.0,0.9509455153901516,0.9509455153901516,0.9509455153901516,1.0,1.0,1.0,1.0,0.6666666666666666,0.6370163371910635,0.9374101880386285,0.787213262614846,0.0,0.0,0.9642857142857143,0.9642857142857143,67.0,0.0,0.0,0.044451762570840825,33.0,0.0,0.0,0.021978906718775018,0.0
gtzan/gtzan_disco_00067/track.npy,gtzan,1.0,0.8649969979959165,0.8649969979959165,0.8649969979959165,1.0,1.0,1.0,1.0,1.0,0.8817101056532151,0.8817101056532151,0.8817101056532151,1.0,1.0,1.0,1.0,50.0,0.0,0.0,0.06669137449867213,12.0,0.0,0.0,0.004602537318785096,0.0
gtzan/gtzan_disco_00068/track.npy,gtzan,1.0,0.86820392349004,0.86820392349004,0.86820392349004,1.0,1.0,1.0,1.0,0.9565217391304348,0.8154367706619811,0.8154367706619811,0.8154367706619811,0.5833333333333334,0.8333333333333334,0.5833333333333334,0.8333333333333334,54.0,0.0,0.0,0.07145896398214346,17.0,0.0,0.0,0.7020361279771904,0.0
gtzan/gtzan_disco_00069/track.npy,gtzan,1.0,0.8954422943061733,0.8954422943061733,0.8954422943061733,1.0,1.0,1.0,1.0,0.6666666666666666,0.6025014298868037,0.8917540880165726,0.7471277589516881,0.0,0.0,0.9545454545454546,0.9545454545454546,54.0,0.0,0.0,0.07145896398214968,27.0,0.0,0.0,0.03571808260208166,0.0
gtzan/gtzan_disco_00070/track.npy,gtzan,1.0,0.8279598686167047,0.8279598686167047,0.8279598686167047,1.0,1.0,1.0,1.0,0.9600000000000001,0.7663920464947945,0.7663920464947945,0.7663920464947945,0.8461538461538461,0.8461538461538461,0.8461538461538461,0.8461538461538461,55.0,0.0,0.0,0.036367644170878524,15.0,0.0,0.0,0.30465784641209026,0.0
gtzan/gtzan_disco_00071/track.npy,gtzan,1.0,0.878531720226751,0.878531720226751,0.878531720226751,1.0,1.0,1.0,1.0,1.0,0.8538057460394929,0.8538057460394929,0.8538057460394929,1.0,1.0,1.0,1.0,57.0,0.0,0.0,0.039220713153280726,16.0,0.0,0.0,0.2810677940237765,0.0
gtzan/gtzan_disco_00072/track.npy,gtzan,1.0,0.8570448521535697,0.8570448521535697,0.8570448521535697,1.0,1.0,1.0,1.0,0.7368421052631579,0.6316671841498493,0.7708771152776562,0.7012721497137528,0.125,0.20833333333333334,0.37037037037037035,0.6666666666666666,69.0,0.0,0.0,0.0909717782057274,28.0,0.0,0.0,0.6902900066040388,0.0
gtzan/gtzan_disco_00073/track.npy,gtzan,1.0,0.8520586030737932,0.8520586030737932,0.8520586030737932,1.0,1.0,1.0,1.0,0.888888888888889,0.7563094636141737,0.7563094636141737,0.7563094636141737,0.6666666666666666,0.6666666666666666,0.6666666666666666,0.6666666666666666,57.0,0.0,0.0,0.03774032798285287,19.0,0.0,0.0,0.6836684366053991,0.0
gtzan/gtzan_disco_00074/track.npy,gtzan,1.0,0.8829575866974978,0.8829575866974978,0.8829575866974978,1.0,1.0,1.0,1.0,1.0,0.835640269517882,0.835640269517882,0.835640269517882,1.0,1.0,1.0,1.0,56.0,0.0,0.0,0.07410797215372678,14.0,0.0,0.0,0.028170876966696623,0.0
gtzan/gtzan_disco_00075/track.npy,gtzan,1.0,0.9350815864653083,0.9350815864653083,0.9350815864653083,1.0,1.0,1.0,1.0,0.8484848484848484,0.7620706948357965,0.7620706948357965,0.7620706948357965,0.2631578947368421,0.42105263157894735,0.2631578947368421,0.42105263157894735,67.0,0.0,0.0,0.08701137698963417,25.0,0.0,0.0,0.7030920331278733,0.0
gtzan/gtzan_disco_00076/track.npy,gtzan,0.9906542056074767,0.9126658665804378,0.9126658665804378,0.9126658665804378,0.9814814814814815,0.9814814814814815,0.9814814814814815,0.9814814814814815,0.65,0.5873079087129165,0.8772698758315852,0.7322888922722508,0.0,0.0,0.9259259259259259,0.9259259259259259,64.0,0.0,0.0,0.04255961441880263,32.0,0.0,0.0,0.03308558027976885,0.0
gtzan/gtzan_disco_00077/track.npy,gtzan,0.9896907216494846,0.9217132927762256,0.9217132927762256,0.9217132927762256,0.9795918367346939,0.9795918367346939,0.9795918367346939,0.9795918367346939,0.7741935483870968,0.7121959006190607,0.7579368831553757,0.7350663918872182,0.15789473684210525,0.3157894736842105,0.21739130434782608,0.4782608695652174,59.0,0.0,0.0,0.07696104113612875,22.0,0.0,0.0,0.7134376166033933,0.0
gtzan/gtzan_disco_00078/track.npy,gtzan,0.9904761904761905,0.9520332730872578,0.9520332730872578,0.9520332730872578,0.9245283018867925,0.9622641509433962,0.9245283018867925,0.9622641509433962,1.0,0.9662841032820578,0.9662841032820578,0.9662841032820578,1.0,1.0,1.0,1.0,63.0,0.0,0.016129032258064516,0.6523251860396901,16.0,0.0,0.0,0.04996094787573256,0.0
gtzan/gtzan_disco_00079/track.npy,gtzan,1.0,0.9704025165927067,0.9704025165927067,0.9704025165927067,1.0,1.0,1.0,1.0,0.9285714285714286,0.9132547123665662,0.9132547123665662,0.9132547123665662,0.6666666666666666,0.7333333333333333,0.6666666666666666,0.7333333333333333,61.0,0.0,0.0,0.08004270767353472,18.0,0.0,0.0,0.7058121359873393,0.0
gtzan/gtzan_disco_00080/track.npy,gtzan,1.0,0.8774536652594406,0.8774536652594406,0.8774536652594406,1.0,1.0,1.0,1.0,1.0,0.8993441257080986,0.8993441257080986,0.8993441257080986,1.0,1.0,1.0,1.0,50.0,0.0,0.0,0.032789822822996084,13.0,0.0,0.0,0.020612086450025158,0.0
gtzan/gtzan_disco_00081/track.npy,gtzan,0.9357798165137615,0.831535628834999,0.831535628834999,0.831535628834999,0.8545454545454545,0.8727272727272727,0.8545454545454545,0.8727272727272727,0.5365853658536585,0.44896424530531326,0.7466540733839646,0.597809159344639,0.0,0.0,0.37037037037037035,0.7777777777777778,66.0,0.0,0.03076923076923077,0.39511617738512644,32.0,0.0,0.06451612903225806,1.3657167193670607,0.0
gtzan/gtzan_disco_00082/track.npy,gtzan,1.0,0.957205572522796,0.957205572522796,0.957205572522796,1.0,1.0,1.0,1.0,0.6666666666666666,0.636290114765768,0.9464337829463119,0.7913619488560399,0.0,0.0,0.9615384615384616,0.9615384615384616,62.0,0.0,0.0,0.040821994520261584,31.0,0.0,0.0,0.04082199452025424,0.0
gtzan/gtzan_disco_00083/track.npy,gtzan,0.9896907216494846,0.9385001275796074,0.9385001275796074,0.9385001275796074,0.9795918367346939,0.9795918367346939,0.9795918367346939,0.9795918367346939,0.6486486486486487,0.6065186406426886,0.9097104208072837,0.7581145307249861,0.0,0.0,0.92,0.92,59.0,0.0,0.0,0.07696104113612809,30.0,0.0,0.0,0.0324243831032956,0.0
gtzan/gtzan_disco_00084/track.npy,gtzan,0.9894736842105264,0.9273383150140057,0.9273383150140057,0.9273383150140057,0.9791666666666666,0.9791666666666666,0.9791666666666666,0.9791666666666666,0.6285714285714286,0.5890236683030378,0.8743533586265607,0.7316885134647992,0.0,0.0,0.875,0.875,58.0,0.0,0.0,0.03774032798284954,29.0,0.0,0.0,0.01904819497069745,0.0
gtzan/gtzan_disco_00085/track.npy,gtzan,1.0,0.9404779745127814,0.9404779745127814,0.9404779745127814,1.0,1.0,1.0,1.0,0.6666666666666666,0.6410524587023476,0.9077337737018306,0.7743931162020892,0.0,0.0,0.9615384615384616,0.9615384615384616,62.0,0.0,0.0,0.04082199452025792,31.0,0.0,0.0,0.02061928720273892,0.0
gtzan/gtzan_disco_00086/track.npy,gtzan,1.0,0.8795270856663789,0.8795270856663789,0.8795270856663789,1.0,1.0,1.0,1.0,0.896551724137931,0.8250961750360004,0.8250961750360004,0.8250961750360004,0.4375,0.625,0.4375,0.625,63.0,0.0,0.0,0.04255961441879885,20.0,0.0,0.0,0.7052999848705772,0.0
gtzan/gtzan_disco_00087/track.npy,gtzan,1.0,0.9511204254433835,0.9511204254433835,0.9511204254433835,1.0,1.0,1.0,1.0,1.0,0.972177758068597,0.972177758068597,0.972177758068597,1.0,1.0,1.0,1.0,53.0,0.0,0.0,0.07145896398214352,13.0,0.0,0.0,0.0220664170837786,0.0
gtzan/gtzan_disco_00088/track.npy,gtzan,1.0,0.9540942527255362,0.9540942527255362,0.9540942527255362,1.0,1.0,1.0,1.0,0.8125000000000001,0.7691181745309459,0.7842444191196823,0.7766812968253141,0.21052631578947367,0.42105263157894735,0.4,0.42105263157894735,63.0,0.0,0.0,0.08338160893904922,21.0,0.0,0.0,0.688083600049534,0.0
gtzan/gtzan_disco_00089/track.npy,gtzan,0.9908256880733944,0.9240115750507022,0.9240115750507022,0.9240115750507022,0.9818181818181818,0.9818181818181818,0.9818181818181818,0.9818181818181818,0.6341463414634146,0.5879353305288595,0.8748842572923262,0.7314097939105928,0.0,0.0,0.8928571428571429,0.8928571428571429,66.0,0.0,0.0,0.08062743482680258,32.0,0.0,0.0,0.043485111939739626,0.0
gtzan/gtzan_disco_00090/track.npy,gtzan,0.9906542056074767,0.9570240658139538,0.9570240658139538,0.9570240658139538,0.9814814814814815,0.9814814814814815,0.9814814814814815,0.9814814814814815,0.65,0.6276542669771998,0.9342254250933443,0.7809398460352721,0.0,0.0,0.9259259259259259,0.9259259259259259,65.0,0.0,0.0,0.04255961441880263,32.0,0.0,0.0,0.02150620522096696,0.0
gtzan/gtzan_disco_00091/track.npy,gtzan,1.0,0.9244845873390309,0.9244845873390309,0.9244845873390309,1.0,1.0,1.0,1.0,0.6451612903225806,0.5813288913573326,0.8548047347815727,0.7180668130694526,0.0,0.0,0.9047619047619048,0.9047619047619048,51.0,0.0,0.0,0.06669137449867674,25.0,0.0,0.0,0.016807118316381604,0.0
gtzan/gtzan_disco_00092/track.npy,gtzan,1.0,0.9588878211892431,0.9588878211892431,0.9588878211892431,1.0,1.0,1.0,1.0,0.6666666666666666,0.6279649007114931,0.9252890708544734,0.7766269857829833,0.0,0.0,0.9583333333333334,0.9583333333333334,58.0,0.0,0.0,0.07696104113612884,29.0,0.0,0.0,0.032751822336588216,0.0
gtzan/gtzan_disco_00093/track.npy,gtzan,1.0,0.9507011072748847,0.9507011072748847,0.9507011072748847,1.0,1.0,1.0,1.0,0.9166666666666666,0.8907353979362741,0.8907353979362741,0.8907353979362741,0.46153846153846156,0.7692307692307693,0.46153846153846156,0.7692307692307693,58.0,0.05263157894736842,0.05263157894736842,1.4057395301171853,15.0,0.0,0.0,0.7004868360272247,0.0
gtzan/gtzan_disco_00094/track.npy,gtzan,1.0,0.9410092015215008,0.9410092015215008,0.9410092015215008,1.0,1.0,1.0,1.0,0.6818181818181819,0.6327005632162469,0.9333111802484358,0.7830058717323414,0.0,0.0,1.0,1.0,70.0,0.0,0.0,0.04652001563490016,35.0,0.0,0.0,0.0229895182247003,0.0
gtzan/gtzan_disco_00095/track.npy,gtzan,0.99009900990099,0.9706598805603888,0.9706598805603888,0.9706598805603888,0.9803921568627451,0.9803921568627451,0.9803921568627451,0.9803921568627451,0.7499999999999999,0.7233066899689844,0.8167969668316716,0.7700518284003279,0.3,0.3,0.5217391304347826,0.5217391304347826,61.0,0.0,0.0,0.04082199452025829,24.0,0.0,0.0,0.683096844706444,0.0
gtzan/gtzan_disco_00096/track.npy,gtzan,1.0,0.8651048473667491,0.8651048473667491,0.8651048473667491,1.0,1.0,1.0,1.0,0.5945945945945945,0.5211343126003698,0.633785797678219,0.5774600551392943,0.038461538461538464,0.038461538461538464,0.11538461538461539,0.3076923076923077,51.0,0.0,0.0,0.03390155167568665,30.0,0.0,0.0,1.110040984491732,0.0
gtzan/gtzan_disco_00097/track.npy,gtzan,1.0,0.9630436316783153,0.9630436316783153,0.9630436316783153,1.0,1.0,1.0,1.0,0.6829268292682926,0.6581622477106195,0.9617942117467722,0.8099782297286958,0.0,0.0,1.0,1.0,66.0,0.0,0.0,0.04255961441879885,32.0,0.0,0.0,0.011828412871531406,0.0
gtzan/gtzan_disco_00098/track.npy,gtzan,0.9902912621359222,0.975058646819996,0.975058646819996,0.975058646819996,0.9807692307692307,0.9807692307692307,0.9807692307692307,0.9807692307692307,0.6046511627906976,0.5932956502968066,0.7482124442693363,0.6707540472830715,0.03333333333333333,0.03333333333333333,0.3,0.43333333333333335,62.0,0.0,0.0,0.040821994520261584,33.0,0.0,0.0,1.105600265596096,0.0
gtzan/gtzan_disco_00099/track.npy,gtzan,0.9902912621359222,0.9748252630344917,0.9748252630344917,0.9748252630344917,0.9807692307692307,0.9807692307692307,0.9807692307692307,0.9807692307692307,0.6046511627906976,0.5909029921761758,0.7439639180143942,0.667433455095285,0.03333333333333333,0.03333333333333333,0.3,0.43333333333333335,62.0,0.0,0.0,0.040821994520261584,33.0,0.0,0.0,1.105600265596096,0.0
gtzan/gtzan_hiphop_00000/track.npy,gtzan,1.0,0.9151049651649167,0.9151049651649167,0.9151049651649167,1.0,1.0,1.0,1.0,0.8571428571428571,0.7816914679047674,0.7816914679047674,0.7816914679047674,0.5,0.5,0.5,0.5,60.0,0.0,0.0,0.08570375687096816,21.0,0.0,0.0,0.10631455229363918,0.0
gtzan/gtzan_hiphop_00001/track.npy,gtzan,0.9870129870129869,0.8985469822203335,0.8985469822203335,0.8985469822203335,0.9743589743589743,0.9743589743589743,0.9743589743589743,0.9743589743589743,0.6896551724137931,0.5879254928818181,0.8794241970487485,0.7336748449652832,0.0,0.0,1.0,1.0,45.0,0.0,0.0,0.1213608570042648,22.0,0.0,0.0,0.03030534949532845,0.0
gtzan/gtzan_hiphop_00002/track.npy,gtzan,1.0,0.8576493060129061,0.8576493060129061,0.8576493060129061,1.0,1.0,1.0,1.0,1.0,0.844166605882758,0.844166605882758,0.844166605882758,1.0,1.0,1.0,1.0,50.0,0.0,0.0,0.06669137449867063,12.0,0.0,0.0,0.012825577339778267,0.0
gtzan/gtzan_hiphop_00003/track.npy,gtzan,0.9873417721518987,0.8882627441365359,0.8882627441365359,0.8882627441365359,0.975,0.975,0.975,0.975,0.6666666666666666,0.6217591981561256,0.8984617708409306,0.760110484498528,0.0,0.0,0.95,0.95,46.0,0.0,0.0,0.06252035698133257,23.0,0.0,0.0,0.031252543504104446,0.0
gtzan/gtzan_hiphop_00004/track.npy,gtzan,1.0,0.9407645461267048,0.9407645461267048,0.9407645461267048,1.0,1.0,1.0,1.0,0.6666666666666666,0.622876887438764,0.9140728318002832,0.7684748596195237,0.0,0.0,0.95,0.95,48.0,0.0,0.0,0.06453852113757177,24.0,0.0,0.0,0.03226086221822068,0.0
gtzan/gtzan_hiphop_00005/track.npy,gtzan,0.9508196721311476,0.8121630223606364,0.8121630223606364,0.8121630223606364,0.45161290322580644,0.9032258064516129,0.45161290322580644,0.9032258064516129,0.9333333333333333,0.7567922227293112,0.7567922227293112,0.7567922227293112,1.0,1.0,1.0,1.0,74.0,0.0273972602739726,0.0273972602739726,0.6268793835211695,18.0,0.0,0.0,0.029624864234784776,0.0
gtzan/gtzan_hiphop_00006/track.npy,gtzan,0.9879518072289156,0.9351900272093738,0.9351900272093738,0.9351900272093738,0.9761904761904762,0.9761904761904762,0.9761904761904762,0.9761904761904762,0.6,0.5659175415417012,0.8750655968035411,0.7204915691726211,0.0,0.0,0.6,0.85,50.0,0.0,0.0,0.06669137449866863,24.0,0.0,0.0,0.6601566425453242,0.0
gtzan/gtzan_hiphop_00007/track.npy,gtzan,0.9504950495049505,0.8742312475610139,0.8742312475610139,0.8742312475610139,0.9215686274509803,0.9215686274509803,0.9215686274509803,0.9215686274509803,0.7027027027027027,0.6416694573866182,0.8454558566954512,0.7435626570410347,0.041666666666666664,0.08333333333333333,0.68,0.84,61.0,0.016666666666666666,0.016666666666666666,0.08004270767353706,29.0,0.03571428571428571,0.03571428571428571,0.7133498878774643,0.0
gtzan/gtzan_hiphop_00008/track.npy,gtzan,0.9722222222222222,0.8138198981378306,0.8138198981378306,0.8138198981378306,1.0,1.0,1.0,1.0,0.64,0.5388720405978927,0.7172952079047342,0.6280836242513135,0.0625,0.0625,0.7647058823529411,0.8823529411764706,43.0,0.0,0.0,0.11122563511022432,20.0,0.0,0.0,0.6695345510689307,0.0
gtzan/gtzan_hiphop_00009/track.npy,gtzan,0.9885057471264368,0.8709574893372206,0.8709574893372206,0.8709574893372206,0.9545454545454546,0.9545454545454546,0.9545454545454546,0.9545454545454546,0.9523809523809523,0.8064585053383455,0.8064585053383455,0.8064585053383455,0.9090909090909091,0.9090909090909091,0.9090909090909091,0.9090909090909091,52.0,0.0,0.0,0.0689928714869561,13.0,0.0,0.0,0.00858374369139131,0.0
gtzan/gtzan_hiphop_00010/track.npy,gtzan,0.975609756097561,0.8696548403709532,0.8696548403709532,0.8696548403709532,0.975609756097561,0.975609756097561,0.975609756097561,0.975609756097561,0.9523809523809523,0.8986091810686713,0.8986091810686713,0.8986091810686713,0.9090909090909091,0.9090909090909091,0.9090909090909091,0.9090909090909091,49.0,0.0,0.0,0.06453852113757087,13.0,0.0,0.0,0.3585898468018244,0.0
gtzan/gtzan_hiphop_00011/track.npy,gtzan,0.9879518072289156,0.9323008164789062,0.9323008164789062,0.9323008164789062,0.9761904761904762,0.9761904761904762,0.9761904761904762,0.9761904761904762,0.6666666666666666,0.6395861239420758,0.880326130322712,0.7599561271323939,0.05,0.05,0.85,0.85,51.0,0.0,0.0,0.06669137449867674,25.0,0.0,0.0,0.6158553778965531,0.0
gtzan/gtzan_hiphop_00012/track.npy,gtzan,0.9879518072289156,0.8116383131960311,0.8116383131960311,0.8116383131960311,0.9761904761904762,0.9761904761904762,0.9761904761904762,0.9761904761904762,0.6666666666666666,0.5606614867784498,0.8107132223759359,0.6856873545771929,0.0,0.0,0.95,0.95,49.0,0.0,0.0,0.05501391164319355,24.0,0.0,0.0,0.03278982282298723,0.0
gtzan/gtzan_hiphop_00013/track.npy,gtzan,1.0,0.9627369903235399,0.9627369903235399,0.9627369903235399,1.0,1.0,1.0,1.0,0.6285714285714286,0.6138260477182029,0.7790292510945974,0.6964276494064001,0.16666666666666666,0.16666666666666666,0.16666666666666666,0.3333333333333333,51.0,0.0,0.0,0.03390155167568665,26.0,0.0,0.0,0.7102416139192481,0.0
gtzan/gtzan_hiphop_00014/track.npy,gtzan,0.9911504424778761,0.9030390838567929,0.9030390838567929,0.9030390838567929,0.7017543859649122,0.9649122807017544,0.7017543859649122,0.9649122807017544,0.6190476190476191,0.57991637275032,0.8812916758905154,0.7306040243204177,0.0,0.0,0.9642857142857143,0.9642857142857143,68.0,0.014925373134328358,0.014925373134328358,0.12190138871580336,34.0,0.0,0.0,0.11095064965717677,0.0
gtzan/gtzan_hiphop_00015/track.npy,gtzan,1.0,0.846348971203392,0.846348971203392,0.846348971203392,1.0,1.0,1.0,1.0,0.7142857142857143,0.6152264001970497,0.7876424830825594,0.7014344416398045,0.16666666666666666,0.16666666666666666,0.6842105263157895,0.6842105263157895,50.0,0.0,0.0,0.10178269430993811,21.0,0.0,0.0,0.8338078828779951,0.0
gtzan/gtzan_hiphop_00016/track.npy,gtzan,1.0,0.9191440799767806,0.9191440799767806,0.9191440799767806,1.0,1.0,1.0,1.0,0.6451612903225806,0.5863071443642978,0.8693701359399533,0.7278386401521255,0.0,0.0,0.9047619047619048,0.9047619047619048,51.0,0.0,0.0,0.05357544536947685,26.0,0.0,0.0,0.01680711831638362,0.0
gtzan/gtzan_hiphop_00017/track.npy,gtzan,0.9876543209876543,0.8860830445707186,0.8860830445707186,0.8860830445707186,0.975609756097561,0.975609756097561,0.975609756097561,0.975609756097561,0.8695652173913044,0.7838100799391793,0.7838100799391793,0.7838100799391793,0.38461538461538464,0.5384615384615384,0.38461538461538464,0.5384615384615384,49.0,0.0,0.0,0.06453852113757072,16.0,0.0,0.0,0.7013104911991056,0.0
gtzan/gtzan_hiphop_00018/track.npy,gtzan,0.3333333333333333,0.2429474575584273,0.42787844486151866,0.335412951209973,0.01,0.01,0.02,0.11,0.3076923076923077,0.2029949917988085,0.20510393785417266,0.20404946482649058,0.024390243902439025,0.024390243902439025,0.024390243902439025,0.024390243902439025,127.0,0.2619047619047619,0.46825396825396826,1.4080877800481328,46.0,0.06666666666666667,0.06666666666666667,2.1566575233158867,0.0
gtzan/gtzan_hiphop_00019/track.npy,gtzan,1.0,0.8963295092147099,0.8963295092147099,0.8963295092147099,1.0,1.0,1.0,1.0,0.7096774193548387,0.6707117776508152,0.897914854479819,0.7843133160653171,0.1,0.1,0.8571428571428571,0.8571428571428571,51.0,0.0,0.0,0.06669137449867674,24.0,0.0,0.0,0.7007456932899909,0.0
gtzan/gtzan_hiphop_00020/track.npy,gtzan,0.9795918367346939,0.8372502934203888,0.8372502934203888,0.8372502934203888,0.9795918367346939,0.9795918367346939,0.9795918367346939,0.9795918367346939,0.9230769230769231,0.6960901275397814,0.6960901275397814,0.6960901275397814,1.0,1.0,1.0,1.0,59.0,0.0,0.0,0.15415067982725578,15.0,0.0,0.0,0.03899218525107055,0.0
gtzan/gtzan_hiphop_00021/track.npy,gtzan,1.0,0.9093594751052795,0.9093594751052795,0.9093594751052795,1.0,1.0,1.0,1.0,0.6451612903225806,0.576496172705354,0.8660015899102703,0.7212488813078122,0.0,0.0,0.9047619047619048,0.9047619047619048,50.0,0.0,0.0,0.055214936510626186,24.0,0.0,0.0,0.016807118316381625,0.0
gtzan/gtzan_hiphop_00022/track.npy,gtzan,1.0,0.9141879482474529,0.9141879482474529,0.9141879482474529,1.0,1.0,1.0,1.0,0.9565217391304348,0.8655278194426697,0.8655278194426697,0.8655278194426697,0.5833333333333334,0.8333333333333334,0.5833333333333334,0.8333333333333334,50.0,0.0,0.0,0.0666913744986753,14.0,0.0,0.0,0.6877007563765731,0.0
gtzan/gtzan_hiphop_00023/track.npy,gtzan,0.975,0.8760639946921798,0.8760639946921798,0.8760639946921798,0.675,0.975,0.675,0.975,0.9090909090909091,0.8186829748587846,0.8186829748587846,0.8186829748587846,0.3333333333333333,0.6666666666666666,0.3333333333333333,0.6666666666666666,48.0,0.02127659574468085,0.02127659574468085,0.11924284310594874,14.0,0.0,0.0,0.703735904394533,0.0
gtzan/gtzan_hiphop_00024/track.npy,gtzan,1.0,0.9554239102798581,0.9554239102798581,0.9554239102798581,1.0,1.0,1.0,1.0,0.8148148148148148,0.7951262043322923,0.8325371780025879,0.8138316911674401,0.1875,0.375,0.2857142857142857,0.47619047619047616,51.0,0.0,0.0,0.03390155167568665,19.0,0.0,0.0,0.6931471805599453,0.0
gtzan/gtzan_hiphop_00025/track.npy,gtzan,0.9772727272727273,0.7791355554528959,0.7791355554528959,0.7791355554528959,1.0,1.0,1.0,1.0,0.9090909090909091,0.7819305712686618,0.7819305712686618,0.7819305712686618,1.0,1.0,1.0,1.0,53.0,0.0,0.0,0.07145896398214346,13.0,0.0,0.0,0.01769957709940101,0.0
gtzan/gtzan_hiphop_00026/track.npy,gtzan,0.9885057471264368,0.8756002426044528,0.8756002426044528,0.8756002426044528,0.9545454545454546,0.9772727272727273,0.9545454545454546,0.9772727272727273,1.0,0.9008953412613772,0.9008953412613772,0.9008953412613772,1.0,1.0,1.0,1.0,53.0,0.019230769230769232,0.019230769230769232,0.06899287148694994,13.0,0.0,0.0,0.008510689667908466,0.0
gtzan/gtzan_hiphop_00027/track.npy,gtzan,1.0,0.9251083174678293,0.9251083174678293,0.9251083174678293,1.0,1.0,1.0,1.0,0.6896551724137931,0.6264640618255857,0.8966557890781459,0.7615599254518658,0.0,0.0,1.0,1.0,46.0,0.0,0.0,0.060624621816434944,21.0,0.0,0.0,0.08229498303518289,0.0
gtzan/gtzan_hiphop_00028/track.npy,gtzan,0.8157894736842104,0.5348681704084193,0.5348681704084193,0.5348681704084193,1.0,1.0,1.0,1.0,0.5,0.313826604615712,0.47314830279703546,0.3934874537063737,0.0,0.0,0.8947368421052632,0.8947368421052632,45.0,0.0,0.0,0.08961215868968525,23.0,0.0,0.0,0.029413885206292678,0.0
gtzan/gtzan_hiphop_00029/track.npy,gtzan,0.7647058823529411,0.6317185850216793,0.6317185850216793,0.6317185850216793,0.1774193548387097,0.2903225806451613,0.1774193548387097,0.2903225806451613,0.5555555555555556,0.49319770941923086,0.6632872493946524,0.5782424794069416,0.0,0.0,0.4230769230769231,0.5769230769230769,71.0,0.02857142857142857,0.2857142857142857,1.2887560608033208,30.0,0.06896551724137931,0.13793103448275862,2.3784639213128855,0.0
gtzan/gtzan_hiphop_00030/track.npy,gtzan,0.7398843930635838,0.6373258399524697,0.6947835313244695,0.6660546856384696,0.05102040816326531,0.41836734693877553,0.05102040816326531,0.41836734693877553,0.36666666666666664,0.3215698358817388,0.6690310034290758,0.49530041965540733,0.0,0.0,0.07317073170731707,0.4634146341463415,122.0,0.06611570247933884,0.47107438016528924,0.999182434189497,50.0,0.0,0.10204081632653061,1.446918982936324,0.0
gtzan/gtzan_hiphop_00031/track.npy,gtzan,1.0,0.933795620501031,0.933795620501031,0.933795620501031,1.0,1.0,1.0,1.0,0.9523809523809523,0.8828078531611533,0.8828078531611533,0.8828078531611533,0.8181818181818182,0.8181818181818182,0.8181818181818182,0.8181818181818182,50.0,0.0,0.0,0.03390155167568665,13.0,0.0,0.0,0.3633807085963542,0.0
gtzan/gtzan_hiphop_00032/track.npy,gtzan,0.9397590361445782,0.6540554323481995,0.6540554323481995,0.6540554323481995,0.9761904761904762,0.9761904761904762,0.9761904761904762,0.9761904761904762,0.6896551724137931,0.5090028421472282,0.5807188780851769,0.5448608601162026,0.16666666666666666,0.2777777777777778,0.2857142857142857,0.5238095238095238,51.0,0.0,0.0,0.10044564571126298,20.0,0.0,0.0,0.6987414203579465,0.0
gtzan/gtzan_hiphop_00033/track.npy,gtzan,0.9761904761904763,0.9084141521605839,0.9084141521605839,0.9084141521605839,0.7906976744186046,0.9069767441860465,0.7906976744186046,0.9069767441860465,0.7692307692307693,0.7220635935593714,0.8121209822779476,0.7670922879186595,0.25,0.25,0.5789473684210527,0.5789473684210527,52.0,0.0,0.0,0.5288600263186356,21.0,0.0,0.0,0.13140830239424894,0.0
gtzan/gtzan_hiphop_00034/track.npy,gtzan,0.975609756097561,0.8108669017353941,0.8108669017353941,0.8108669017353941,1.0,1.0,1.0,1.0,1.0,0.8275227749082511,0.8275227749082511,0.8275227749082511,1.0,1.0,1.0,1.0,50.0,0.0,0.0,0.0666913744986717,12.0,0.0,0.0,0.03433476391153232,0.0
gtzan/gtzan_hiphop_00035/track.npy,gtzan,1.0,0.942395075427625,0.942395075427625,0.942395075427625,1.0,1.0,1.0,1.0,0.8571428571428571,0.7825644922345302,0.7825644922345302,0.7825644922345302,0.25,0.4166666666666667,0.25,0.4166666666666667,43.0,0.0,0.0,0.11122563511022449,15.0,0.0,0.0,0.7282385003712153,0.0
gtzan/gtzan_hiphop_00036/track.npy,gtzan,0.98989898989899,0.8962151943133653,0.8962151943133653,0.8962151943133653,0.94,0.94,0.94,0.94,1.0,0.8404287605631127,0.8404287605631127,0.8404287605631127,1.0,1.0,1.0,1.0,55.0,0.018518518518518517,0.018518518518518517,0.58925897679691,15.0,0.0,0.0,0.061688449961914124,0.0
gtzan/gtzan_hiphop_00037/track.npy,gtzan,0.7045454545454546,0.6325437259639336,0.8558780737947015,0.7442108998793175,0.05263157894736842,0.10526315789473684,0.5245901639344263,0.819672131147541,0.6956521739130436,0.6603173522143121,0.9432484366318685,0.8017828944230903,0.0,0.0,1.0,1.0,64.0,0.0,0.015873015873015872,0.7387344629143713,20.0,0.0,0.05263157894736842,1.5535977726563082,0.0
gtzan/gtzan_hiphop_00038/track.npy,gtzan,1.0,0.8877554515384509,0.8877554515384509,0.8877554515384509,1.0,1.0,1.0,1.0,0.7142857142857143,0.6137641335936027,0.840062506031189,0.7269133198123958,0.05555555555555555,0.05555555555555555,0.7368421052631579,0.8947368421052632,44.0,0.0,0.0,0.030771658666758572,21.0,0.0,0.0,0.6870693283878044,0.0
gtzan/gtzan_hiphop_00039/track.npy,gtzan,1.0,0.915149221284043,0.915149221284043,0.915149221284043,1.0,1.0,1.0,1.0,1.0,0.8583063486332064,0.8583063486332064,0.8583063486332064,1.0,1.0,1.0,1.0,49.0,0.0,0.0,0.08607868220429496,13.0,0.0,0.0,0.011920759402733516,0.0
gtzan/gtzan_hiphop_00040/track.npy,gtzan,1.0,0.8742305181342063,0.8742305181342063,0.8742305181342063,1.0,1.0,1.0,1.0,0.6399999999999999,0.5986362379219039,0.8218302395212536,0.7102332387215787,0.0,0.0,0.8823529411764706,0.8823529411764706,41.0,0.0,0.0,0.08004270767353472,20.0,0.0,0.0,0.026668247082165475,0.0
gtzan/gtzan_hiphop_00041/track.npy,gtzan,0.9873417721518987,0.8742186362885547,0.8742186362885547,0.8742186362885547,0.975,0.975,0.975,0.975,0.9523809523809523,0.7936049868912337,0.7936049868912337,0.7936049868912337,0.7272727272727273,0.7272727272727273,0.7272727272727273,0.7272727272727273,49.0,0.020833333333333332,0.041666666666666664,1.4552872326068407,13.0,0.0,0.0,0.3692521651227957,0.0
gtzan/gtzan_hiphop_00042/track.npy,gtzan,1.0,0.6640047790195194,0.6640047790195194,0.6640047790195194,1.0,1.0,1.0,1.0,0.6666666666666666,0.3122552724821009,0.5068502910816589,0.4095527817818799,0.0,0.0,0.95,0.95,47.0,0.0,0.0,0.09237332013101804,24.0,0.0,0.0,0.030305349495330945,0.0
gtzan/gtzan_hiphop_00043/track.npy,gtzan,1.0,0.9302994026062046,0.9302994026062046,0.9302994026062046,1.0,1.0,1.0,1.0,0.9090909090909091,0.8544438220178571,0.8544438220178571,0.8544438220178571,0.5833333333333334,0.5833333333333334,0.5833333333333334,0.5833333333333334,48.0,0.02127659574468085,0.0425531914893617,1.3378728191806413,17.0,0.0,0.0625,2.079441541679835,0.0
gtzan/gtzan_hiphop_00044/track.npy,gtzan,0.7543859649122807,0.6116567840738952,0.6116567840738952,0.6116567840738952,0.3125,0.5,0.3125,0.5,0.0,0.005512526285715176,0.1472601945337166,0.07638636040971589,0.0,0.0,0.0,0.0,82.0,0.07407407407407407,0.12345679012345678,1.3498648628056975,32.0,0.03225806451612903,0.03225806451612903,2.3158478076509272,0.0
gtzan/gtzan_hiphop_00045/track.npy,gtzan,1.0,0.915149221284043,0.915149221284043,0.915149221284043,1.0,1.0,1.0,1.0,1.0,0.8583063486332064,0.8583063486332064,0.8583063486332064,1.0,1.0,1.0,1.0,49.0,0.0,0.0,0.08607868220429496,13.0,0.0,0.0,0.011920759402733516,0.0
gtzan/gtzan_hiphop_00046/track.npy,gtzan,0.975609756097561,0.8942935149011889,0.8942935149011889,0.8942935149011889,0.975609756097561,0.975609756097561,0.975609756097561,0.975609756097561,0.6249999999999999,0.56178105307394,0.8425544429477214,0.7021677480108307,0.0,0.0,1.0,1.0,49.0,0.0,0.0,0.05501391164319489,25.0,0.0,0.0,0.016000341346443625,0.0
gtzan/gtzan_hiphop_00047/track.npy,gtzan,0.975609756097561,0.9245449919445259,0.9245449919445259,0.9245449919445259,1.0,1.0,1.0,1.0,0.6666666666666666,0.6300127033484545,0.9276872254661195,0.778849964407287,0.0,0.0,0.95,0.95,49.0,0.0,0.0,0.05501391164319883,24.0,0.0,0.0,0.03226086221822361,0.0
gtzan/gtzan_hiphop_00048/track.npy,gtzan,1.0,0.8977304925013645,0.8977304925013645,0.8977304925013645,1.0,1.0,1.0,1.0,0.9523809523809523,0.8722052975153235,0.8722052975153235,0.8722052975153235,0.9090909090909091,0.9090909090909091,0.9090909090909091,0.9090909090909091,49.0,0.0,0.0,0.0598140140471312,15.0,0.0,0.0,0.6786886496125075,0.0
gtzan/gtzan_hiphop_00049/track.npy,gtzan,0.9523809523809523,0.9382127629777715,0.9382127629777715,0.9382127629777715,0.7619047619047619,0.9285714285714286,0.7619047619047619,0.9285714285714286,0.6249999999999999,0.6217450134793927,0.8806856333953798,0.7512153234373862,0.0,0.0,1.0,1.0,51.0,0.0,0.0,0.03390155167568665,25.0,0.0,0.0,0.0153849900233702,0.0
gtzan/gtzan_hiphop_00050/track.npy,gtzan,0.9879518072289156,0.8307204945268744,0.8307204945268744,0.8307204945268744,0.9761904761904762,0.9761904761904762,0.9761904761904762,0.9761904761904762,1.0,0.8862673717879629,0.8862673717879629,0.8862673717879629,1.0,1.0,1.0,1.0,49.0,0.0,0.0,0.08891546331887817,12.0,0.0,0.0,0.012690085164244877,0.0
gtzan/gtzan_hiphop_00051/track.npy,gtzan,1.0,0.8792870033579588,0.8792870033579588,0.8792870033579588,1.0,1.0,1.0,1.0,1.0,0.8292958300203874,0.8292958300203874,0.8292958300203874,1.0,1.0,1.0,1.0,53.0,0.0,0.0,0.06899287148695304,14.0,0.0,0.0,0.32243140783428625,0.0
gtzan/gtzan_hiphop_00052/track.npy,gtzan,1.0,0.9381180582315788,0.9381180582315788,0.9381180582315788,1.0,1.0,1.0,1.0,0.7096774193548387,0.6877023059126638,0.8856899262337049,0.7866961160731843,0.15,0.15,0.7619047619047619,0.7619047619047619,53.0,0.0,0.0,0.035091319811275556,22.0,0.0,0.0,0.06843079684714132,0.0
gtzan/gtzan_hiphop_00053/track.npy,gtzan,1.0,0.9215139746616646,0.9215139746616646,0.9215139746616646,1.0,1.0,1.0,1.0,0.6875000000000001,0.6154416594618448,0.876690026805256,0.7460658431335504,0.047619047619047616,0.047619047619047616,0.5714285714285714,0.9047619047619048,55.0,0.0,0.0,0.03636764417088045,26.0,0.0,0.0,0.6098485455435412,0.0
gtzan/gtzan_hiphop_00054/track.npy,gtzan,0.989247311827957,0.8331266078443531,0.8331266078443531,0.8331266078443531,0.9787234042553191,0.9787234042553191,0.9787234042553191,0.9787234042553191,1.0,0.907712486422838,0.907712486422838,0.907712486422838,1.0,1.0,1.0,1.0,57.0,0.0,0.0,0.07410797215372356,14.0,0.0,0.0,0.00938974034983906,0.0
gtzan/gtzan_hiphop_00055/track.npy,gtzan,0.9855072463768115,0.9097724359232697,0.9097724359232697,0.9097724359232697,0.9714285714285714,0.9714285714285714,0.9714285714285714,0.9714285714285714,0.6923076923076924,0.6082167944736177,0.9072999133385531,0.7577583539060854,0.0,0.0,1.0,1.0,42.0,0.024390243902439025,0.024390243902439025,0.08401534510794285,20.0,0.0,0.0,0.02739897418811284,0.0
gtzan/gtzan_hiphop_00056/track.npy,gtzan,1.0,0.9026203573331835,0.9026203573331835,0.9026203573331835,1.0,1.0,1.0,1.0,0.5,0.43563101903187385,0.8247229838428999,0.6301770014373869,0.0,0.0,0.6666666666666666,0.6666666666666666,50.0,0.0,0.0,0.03390155167568665,19.0,0.0,0.0,0.6881403545527052,0.0
gtzan/gtzan_hiphop_00057/track.npy,gtzan,0.989247311827957,0.7852029917784062,0.7852029917784062,0.7852029917784062,0.9787234042553191,0.9787234042553191,0.9787234042553191,0.9787234042553191,0.9600000000000001,0.7181052827199301,0.7181052827199301,0.7181052827199301,0.5384615384615384,0.8461538461538461,0.5384615384615384,0.8461538461538461,55.0,0.0,0.0,0.07410797215372356,15.0,0.0,0.0,0.7023638356648692,0.0
gtzan/gtzan_hiphop_00058/track.npy,gtzan,0.9736842105263158,0.8075703192832208,0.8075703192832208,0.8075703192832208,1.0,1.0,1.0,1.0,0.9,0.7117772070579399,0.7117772070579399,0.7117772070579399,0.8181818181818182,0.8181818181818182,0.8181818181818182,0.8181818181818182,46.0,0.0,0.0,0.06062462181643358,14.0,0.0,0.0,0.7258745398035027,0.0
gtzan/gtzan_hiphop_00059/track.npy,gtzan,1.0,0.8379783887443288,0.8379783887443288,0.8379783887443288,1.0,1.0,1.0,1.0,0.6428571428571429,0.5396169224817376,0.8073083505124545,0.6734626364970961,0.0,0.0,0.8947368421052632,0.8947368421052632,46.0,0.0,0.0,0.06062462181643896,23.0,0.0,0.0,0.03077165866675438,0.0
gtzan/gtzan_hiphop_00060/track.npy,gtzan,1.0,0.8741043059895723,0.8741043059895723,0.8741043059895723,1.0,1.0,1.0,1.0,0.6428571428571429,0.5829929033169764,0.8291920733904775,0.706092488353727,0.0,0.0,0.8947368421052632,0.8947368421052632,46.0,0.0,0.0,0.02985296314969035,23.0,0.0,0.0,0.015037877364544205,0.0
gtzan/gtzan_hiphop_00061/track.npy,gtzan,1.0,0.970262260015433,0.970262260015433,0.970262260015433,1.0,1.0,1.0,1.0,0.6896551724137931,0.6512455208475337,0.9687289491119921,0.809987234979763,0.0,0.0,1.0,1.0,46.0,0.0,0.0,0.06252035698133257,23.0,0.0,0.0,0.03125254350410511,0.0
gtzan/gtzan_hiphop_00062/track.npy,gtzan,1.0,0.8986226364700205,0.8986226364700205,0.8986226364700205,1.0,1.0,1.0,1.0,0.5925925925925926,0.5489797207076706,0.8279264681435811,0.6884530944256259,0.0,0.0,0.8333333333333334,0.8333333333333334,46.0,0.0,0.0,0.06062462181643358,22.0,0.0,0.0,0.6786430820356962,0.0
gtzan/gtzan_hiphop_00063/track.npy,gtzan,1.0,0.9180220875155692,0.9180220875155692,0.9180220875155692,1.0,1.0,1.0,1.0,0.6428571428571429,0.619259539818973,0.9064254524018822,0.7628424961104276,0.0,0.0,0.8947368421052632,0.8947368421052632,47.0,0.0,0.0,0.12516314295400446,23.0,0.0,0.0,0.04725288485054524,0.0
gtzan/gtzan_hiphop_00064/track.npy,gtzan,0.9859154929577464,0.928224815853917,0.928224815853917,0.928224815853917,0.9722222222222222,0.9722222222222222,0.9722222222222222,0.9722222222222222,0.72,0.647224096985903,0.8428390679835045,0.7450315824847038,0.125,0.125,0.47058823529411764,0.7647058823529411,44.0,0.0,0.0,0.057158413839952404,19.0,0.0,0.0,0.6902901364674752,0.0
gtzan/gtzan_hiphop_00065/track.npy,gtzan,1.0,0.9341338801105692,0.9341338801105692,0.9341338801105692,1.0,1.0,1.0,1.0,0.6666666666666666,0.6416423115151147,0.9137320412874851,0.7776871764012999,0.0,0.0,0.95,0.95,49.0,0.0,0.0,0.06453852113757222,24.0,0.0,0.0,0.6677334277552599,0.0
gtzan/gtzan_hiphop_00066/track.npy,gtzan,0.9866666666666666,0.9349285970854914,0.9349285970854914,0.9349285970854914,0.9736842105263158,0.9736842105263158,0.9736842105263158,0.9736842105263158,0.8181818181818181,0.7771084996790794,0.7771084996790794,0.7771084996790794,0.5384615384615384,0.5384615384615384,0.5384615384615384,0.5384615384615384,46.0,0.0,0.0,0.030771658666755797,17.0,0.0,0.0,0.6847588118920643,0.0
gtzan/gtzan_hiphop_00067/track.npy,gtzan,1.0,0.9357194070829568,0.9357194070829568,0.9357194070829568,1.0,1.0,1.0,1.0,0.6206896551724138,0.5735856441971939,0.8930134389813107,0.7332995415892523,0.0,0.0,0.8421052631578947,0.8947368421052632,49.0,0.0,0.0,0.06453852113756797,23.0,0.0,0.0,0.6771468392135017,0.0
gtzan/gtzan_hiphop_00068/track.npy,gtzan,1.0,0.9131668697517921,0.9131668697517921,0.9131668697517921,1.0,1.0,1.0,1.0,0.9090909090909091,0.8506541826330838,0.8506541826330838,0.8506541826330838,0.6666666666666666,0.6666666666666666,0.6666666666666666,0.6666666666666666,49.0,0.0,0.0,0.03278982282299475,15.0,0.0,0.0,0.3016705612565729,0.0
gtzan/gtzan_hiphop_00069/track.npy,gtzan,0.9767441860465116,0.7728696401272251,0.7728696401272251,0.7728696401272251,0.9767441860465116,0.9767441860465116,0.9767441860465116,0.9767441860465116,0.6875000000000001,0.55951387150623,0.7476973114431673,0.6536055914746987,0.0,0.0,1.0,1.0,51.0,0.0,0.0,0.03390155167568665,25.0,0.0,0.0,0.033901551675680625,0.0
gtzan/gtzan_hiphop_00070/track.npy,gtzan,1.0,0.9129474567684793,0.9129474567684793,0.9129474567684793,1.0,1.0,1.0,1.0,0.6666666666666666,0.5814935570949417,0.868030273711646,0.7247619154032938,0.0,0.0,0.95,0.95,49.0,0.0,0.0,0.0317486983145844,24.0,0.0,0.0,0.016000341346443625,0.0
gtzan/gtzan_hiphop_00071/track.npy,gtzan,0.9620253164556962,0.8632849794369617,0.8632849794369617,0.8632849794369617,0.975,0.975,0.975,0.975,0.6666666666666666,0.5334940371520158,0.8446404732235064,0.6890672551877611,0.0,0.0,0.95,0.95,48.0,0.0,0.0,0.031748698314585266,23.0,0.0,0.0,0.03226086221822361,0.0
gtzan/gtzan_hiphop_00072/track.npy,gtzan,0.975609756097561,0.8326989264971643,0.8326989264971643,0.8326989264971643,1.0,1.0,1.0,1.0,1.0,0.9018910686555122,0.9018910686555122,0.9018910686555122,1.0,1.0,1.0,1.0,49.0,0.0,0.0,0.08891546331887319,12.0,0.0,0.0,0.010437096167378314,0.0
gtzan/gtzan_hiphop_00073/track.npy,gtzan,1.0,0.9284603534919006,0.9284603534919006,0.9284603534919006,1.0,1.0,1.0,1.0,0.8,0.7317093724774586,0.8028366978098653,0.767273035143662,0.26666666666666666,0.3333333333333333,0.42105263157894735,0.5263157894736842,47.0,0.0,0.0,0.030771658666758284,18.0,0.0,0.0,0.6931471805599467,0.0
gtzan/gtzan_hiphop_00074/track.npy,gtzan,1.0,0.8508941270901429,0.8508941270901429,0.8508941270901429,1.0,1.0,1.0,1.0,1.0,0.8248987939750154,0.8248987939750154,0.8248987939750154,1.0,1.0,1.0,1.0,50.0,0.0,0.0,0.06669137449867313,13.0,0.0,0.0,0.029364828220793393,0.0
gtzan/gtzan_hiphop_00075/track.npy,gtzan,1.0,0.9299206494330595,0.9299206494330595,0.9299206494330595,1.0,1.0,1.0,1.0,0.6428571428571429,0.60205186021997,0.8882385385708873,0.7451451993954287,0.0,0.0,0.8947368421052632,0.8947368421052632,46.0,0.0,0.0,0.06062462181643358,23.0,0.0,0.0,0.03077165866675577,0.0
gtzan/gtzan_hiphop_00076/track.npy,gtzan,1.0,0.8713694454710628,0.8713694454710628,0.8713694454710628,1.0,1.0,1.0,1.0,0.7692307692307693,0.6430496624257906,0.7661614540116612,0.704605558218726,0.1875,0.25,0.5263157894736842,0.631578947368421,49.0,0.0,0.0,0.06669137449867177,18.0,0.0,0.0,0.6829926175658981,0.0
gtzan/gtzan_hiphop_00077/track.npy,gtzan,0.7704918032786885,0.6826521220841714,0.6826521220841714,0.6826521220841714,0.1232876712328767,0.3972602739726027,0.1232876712328767,0.3972602739726027,0.37735849056603776,0.3141153455042511,0.3593961734562924,0.3367557594802717,0.0,0.0,0.025,0.075,88.0,0.11494252873563218,0.27586206896551724,1.3350010667323455,46.0,0.044444444444444446,0.13333333333333333,2.169310242651289,0.0
gtzan/gtzan_hiphop_00078/track.npy,gtzan,1.0,0.8713694454710628,0.8713694454710628,0.8713694454710628,1.0,1.0,1.0,1.0,0.7692307692307693,0.6430496624257906,0.7661614540116612,0.704605558218726,0.1875,0.25,0.5263157894736842,0.631578947368421,49.0,0.0,0.0,0.06669137449867177,18.0,0.0,0.0,0.6829926175658981,0.0
gtzan/gtzan_hiphop_00079/track.npy,gtzan,1.0,0.9149204548632316,0.9149204548632316,0.9149204548632316,1.0,1.0,1.0,1.0,0.8148148148148148,0.7510166208729849,0.8021908109514001,0.7766037159121926,0.1875,0.3125,0.3333333333333333,0.5238095238095238,53.0,0.0,0.0,0.035091319811275556,21.0,0.0,0.0,0.7018808605287,0.0
gtzan/gtzan_hiphop_00080/track.npy,gtzan,0.6178861788617885,0.4457452372916555,0.5086072916418646,0.47717626446676004,0.060240963855421686,0.0963855421686747,0.07228915662650602,0.25301204819277107,0.1739130434782609,0.12945831463152027,0.2079405730775581,0.16869944385453917,0.0,0.0,0.05555555555555555,0.16666666666666666,104.0,0.1941747572815534,0.3592233009708738,1.5012194760842839,48.0,0.0425531914893617,0.1276595744680851,1.786738987589039,0.0
gtzan/gtzan_hiphop_00081/track.npy,gtzan,0.988235294117647,0.8259100415981975,0.8259100415981975,0.8259100415981975,0.9767441860465116,0.9767441860465116,0.9767441860465116,0.9767441860465116,1.0,0.8531062231293068,0.8531062231293068,0.8531062231293068,1.0,1.0,1.0,1.0,52.0,0.0,0.0,0.06899287148694999,13.0,0.0,0.0,0.016949558313773205,0.0
gtzan/gtzan_hiphop_00082/track.npy,gtzan,1.0,0.8175222133141214,0.8175222133141214,0.8175222133141214,1.0,1.0,1.0,1.0,1.0,0.7984978667524831,0.7984978667524831,0.7984978667524831,1.0,1.0,1.0,1.0,53.0,0.0,0.0,0.08840973981998684,13.0,0.0,0.0,0.008810629682155069,0.0
gtzan/gtzan_hiphop_00083/track.npy,gtzan,1.0,0.8566850972080563,0.8566850972080563,0.8566850972080563,1.0,1.0,1.0,1.0,1.0,0.8753503103547207,0.8753503103547207,0.8753503103547207,1.0,1.0,1.0,1.0,52.0,0.0,0.0,0.06899287148695234,13.0,0.0,0.0,0.017241806434506513,0.0
gtzan/gtzan_hiphop_00084/track.npy,gtzan,0.496,0.36483562999388336,0.47874984122052644,0.42179273560720487,0.05128205128205128,0.10256410256410256,0.05128205128205128,0.12903225806451613,0.4074074074074074,0.33006784548870116,0.33006784548870116,0.33006784548870116,0.0,0.0,0.023809523809523808,0.023809523809523808,92.0,0.12087912087912088,0.18681318681318682,1.3632123786454828,48.0,0.02127659574468085,0.0851063829787234,1.543382788999057,0.0
gtzan/gtzan_hiphop_00085/track.npy,gtzan,1.0,0.7911778038220831,0.7911778038220831,0.7911778038220831,1.0,1.0,1.0,1.0,0.88,0.6285035120164302,0.6285035120164302,0.6285035120164302,0.35714285714285715,0.6428571428571429,0.35714285714285715,0.6428571428571429,56.0,0.0,0.0,0.07410797215372678,17.0,0.0,0.0,0.7015198169950693,0.0
gtzan/gtzan_hiphop_00086/track.npy,gtzan,1.0,0.9214637257560943,0.9214637257560943,0.9214637257560943,1.0,1.0,1.0,1.0,0.8,0.7418485436273009,0.8204144485334701,0.7811314960803855,0.26666666666666666,0.26666666666666666,0.5789473684210527,0.5789473684210527,49.0,0.0,0.0,0.032789822822996084,19.0,0.0,0.0,0.6964530409501867,0.0
gtzan/gtzan_hiphop_00087/track.npy,gtzan,1.0,0.905922177606583,0.905922177606583,0.905922177606583,1.0,1.0,1.0,1.0,0.9565217391304348,0.8884697184608136,0.8884697184608136,0.8884697184608136,0.75,0.8333333333333334,0.75,0.8333333333333334,51.0,0.0,0.0,0.06669137449866491,14.0,0.0,0.0,0.6839032654859358,0.0
gtzan/gtzan_hiphop_00088/track.npy,gtzan,0.9791666666666666,0.8899633733749521,0.8899633733749521,0.8899633733749521,1.0,1.0,1.0,1.0,0.9600000000000001,0.8327328554328268,0.8327328554328268,0.8327328554328268,0.9230769230769231,0.9230769230769231,0.9230769230769231,0.9230769230769231,58.0,0.0,0.0,0.07773145777048204,15.0,0.0,0.0,0.12603133746211803,0.0
gtzan/gtzan_hiphop_00089/track.npy,gtzan,0.9904761904761905,0.9064590618638056,0.9064590618638056,0.9064590618638056,0.9811320754716981,0.9811320754716981,0.9811320754716981,0.9811320754716981,1.0,0.946071884876608,0.946071884876608,0.946071884876608,1.0,1.0,1.0,1.0,64.0,0.0,0.0,0.08338160893905186,16.0,0.0,0.0,0.014247064284089752,0.0
gtzan/gtzan_hiphop_00090/track.npy,gtzan,1.0,0.9104400302159433,0.9104400302159433,0.9104400302159433,1.0,1.0,1.0,1.0,1.0,0.852100975323292,0.852100975323292,0.852100975323292,1.0,1.0,1.0,1.0,58.0,0.0,0.0,0.11778303565638326,15.0,0.0,0.0,0.009569451016151542,0.0
gtzan/gtzan_hiphop_00091/track.npy,gtzan,1.0,0.823031733487954,0.823031733487954,0.823031733487954,1.0,1.0,1.0,1.0,1.0,0.8529468068817407,0.8529468068817407,0.8529468068817407,1.0,1.0,1.0,1.0,51.0,0.0,0.0,0.06669137449867549,14.0,0.0,0.0,0.693147180559945,0.0
gtzan/gtzan_hiphop_00092/track.npy,gtzan,1.0,0.8292751330032141,0.8292751330032141,0.8292751330032141,1.0,1.0,1.0,1.0,1.0,0.8009656168643117,0.8009656168643117,0.8009656168643117,1.0,1.0,1.0,1.0,57.0,0.0,0.0,0.08787133438739174,14.0,0.0,0.0,0.019048194970695275,0.0
gtzan/gtzan_hiphop_00093/track.npy,gtzan,1.0,0.9396719751921454,0.9396719751921454,0.9396719751921454,1.0,1.0,1.0,1.0,1.0,0.9548576627877495,0.9548576627877495,0.9548576627877495,1.0,1.0,1.0,1.0,59.0,0.0,0.0,0.11778303565638104,15.0,0.0,0.0,0.013754766421157902,0.0
gtzan/gtzan_hiphop_00094/track.npy,gtzan,0.6666666666666666,0.5665981174721033,0.8195172740949453,0.6930576957835244,0.0,0.0,0.9838709677419355,0.9838709677419355,0.358974358974359,0.28332821168935973,0.4852059286762252,0.3842670701827925,0.0,0.0,0.03225806451612903,0.0967741935483871,75.0,0.0,0.0,0.10008345855698919,36.0,0.0,0.0,1.3906422431193826,0.0
gtzan/gtzan_hiphop_00095/track.npy,gtzan,1.0,0.8925712400738142,0.8925712400738142,0.8925712400738142,1.0,1.0,1.0,1.0,1.0,0.8780150594254837,0.8780150594254837,0.8780150594254837,1.0,1.0,1.0,1.0,55.0,0.0,0.0,0.03774032798284632,14.0,0.0,0.0,0.018519047767237118,0.0
gtzan/gtzan_hiphop_00096/track.npy,gtzan,0.721311475409836,0.6309806124905369,0.732832374579229,0.681906493534883,0.03896103896103896,0.18181818181818182,0.11235955056179775,0.5842696629213483,0.5,0.44421270945088104,0.7121666890890396,0.5781896992699603,0.0,0.0,0.15151515151515152,0.42424242424242425,90.0,0.011235955056179775,0.033707865168539325,0.8472978603872099,38.0,0.0,0.0,1.4886519753123972,0.0
gtzan/gtzan_hiphop_00097/track.npy,gtzan,0.8288288288288289,0.6212334162937467,0.6212334162937467,0.6212334162937467,0.171875,0.453125,0.171875,0.453125,0.7333333333333334,0.5496530032404067,0.5496530032404067,0.5496530032404067,0.3684210526315789,0.3684210526315789,0.3684210526315789,0.3684210526315789,78.0,0.07792207792207792,0.18181818181818182,1.3950671910727022,24.0,0.0,0.0,1.800634617659743,0.0
gtzan/gtzan_hiphop_00098/track.npy,gtzan,1.0,0.8952927392801988,0.8952927392801988,0.8952927392801988,1.0,1.0,1.0,1.0,1.0,0.8067275317891216,0.8067275317891216,0.8067275317891216,1.0,1.0,1.0,1.0,54.0,0.0,0.0,0.07145896398214668,14.0,0.0,0.0,0.008845872662946608,0.0
gtzan/gtzan_hiphop_00099/track.npy,gtzan,0.989010989010989,0.842459936568548,0.842459936568548,0.842459936568548,0.9782608695652174,0.9782608695652174,0.9782608695652174,0.9782608695652174,0.16,0.14794524987190072,0.7080610788679675,0.42800316436993413,0.0,0.0,0.5714285714285714,0.5714285714285714,55.0,0.0,0.0,0.05040417209538614,18.0,0.0,0.0,0.7021970160798645,0.0
gtzan/gtzan_jazz_00000/track.npy,gtzan,0.507936507936508,0.40318392585600643,0.48461770479548744,0.44390081532574693,0.1095890410958904,0.2876712328767123,0.1095890410958904,0.2876712328767123,0.0967741935483871,0.08978198393387454,0.20912137244238937,0.14945167818813196,0.0,0.0,0.04081632653061224,0.08163265306122448,93.0,0.06521739130434782,0.22826086956521738,0.9162907318741491,60.0,0.01694915254237288,0.1016949152542373,1.7502291673184875,0.0
gtzan/gtzan_jazz_00001/track.npy,gtzan,0.3058823529411765,0.22054633155918904,0.31947664478374144,0.27001148817146525,0.03571428571428571,0.03571428571428571,0.15789473684210525,0.3333333333333333,0.05714285714285714,0.03194472766424942,0.12637475720811575,0.07915974243618258,0.0,0.0,0.037037037037037035,0.07407407407407407,67.0,0.09090909090909091,0.10606060606060606,1.6340341726215888,34.0,0.06060606060606061,0.06060606060606061,2.246645142074465,0.0
gtzan/gtzan_jazz_00002/track.npy,gtzan,0.547945205479452,0.46523618283060464,0.46523618283060464,0.46523618283060464,0.0975609756097561,0.17073170731707318,0.125,0.21875,0.2702702702702703,0.2160329096719018,0.3324817643444789,0.2742573370081903,0.0,0.0,0.18518518518518517,0.25925925925925924,42.0,0.0,0.0,1.093212992066472,33.0,0.0,0.0,1.4123148001824066,0.0
gtzan/gtzan_jazz_00004/track.npy,gtzan,0.5569620253164558,0.41972856219547633,0.41972856219547633,0.41972856219547633,0.03773584905660377,0.09433962264150944,0.03773584905660377,0.09433962264150944,0.3333333333333333,0.25561384507012463,0.25561384507012463,0.25561384507012463,0.07142857142857142,0.07142857142857142,0.07142857142857142,0.07142857142857142,64.0,0.031746031746031744,0.031746031746031744,1.1599238837488226,33.0,0.0,0.0,1.4332602710369922,0.0
gtzan/gtzan_jazz_00005/track.npy,gtzan,0.5797101449275361,0.513586333613628,0.7637991627902972,0.6386927482019626,0.0,0.0,0.5425531914893617,0.7340425531914894,0.36363636363636365,0.3197700550326432,0.3197700550326432,0.3197700550326432,0.0,0.0,0.024390243902439025,0.024390243902439025,120.0,0.09243697478991597,0.18487394957983194,0.8163853628419583,54.0,0.018867924528301886,0.03773584905660377,1.4112434208876994,0.0
gtzan/gtzan_jazz_00006/track.npy,gtzan,1.0,0.871025320399631,0.871025320399631,0.871025320399631,1.0,1.0,1.0,1.0,0.6046511627906977,0.5628923451039299,0.8528378779152848,0.7078651115096073,0.0,0.0,0.41379310344827586,0.8275862068965517,67.0,0.0,0.0,0.044451762570840825,36.0,0.0,0.0,0.7081950736294447,0.0
gtzan/gtzan_jazz_00007/track.npy,gtzan,0.8000000000000002,0.6952792286144474,0.6952792286144474,0.6952792286144474,0.20588235294117646,0.5588235294117647,0.20588235294117646,0.5588235294117647,0.5833333333333334,0.47147299037854373,0.7387541859551454,0.6051135881668446,0.0,0.0,0.35294117647058826,0.6470588235294118,40.0,0.02564102564102564,0.05128205128205128,1.85243817421815,20.0,0.05263157894736842,0.10526315789473684,2.784489984300428,0.0
gtzan/gtzan_jazz_00008/track.npy,gtzan,0.9787234042553191,0.8561274924904664,0.8561274924904664,0.8561274924904664,0.6666666666666666,0.9166666666666666,0.6666666666666666,0.9166666666666666,0.43999999999999995,0.35335770796845567,0.6303598130427732,0.49185876050561445,0.0,0.0,0.07894736842105263,0.18421052631578946,57.0,0.0,0.017857142857142856,0.5279726508549858,44.0,0.0,0.023255813953488372,1.04855528029058,0.0
gtzan/gtzan_jazz_00011/track.npy,gtzan,0.988235294117647,0.8314347892519062,0.8314347892519062,0.8314347892519062,0.4418604651162791,0.9302325581395349,0.4418604651162791,0.9302325581395349,0.6363636363636364,0.568806653970269,0.84098415395966,0.7048954039649644,0.0,0.0,0.4888888888888889,0.8666666666666667,105.0,0.019230769230769232,0.04807692307692308,0.5411235540860195,53.0,0.019230769230769232,0.019230769230769232,0.6925913161336033,0.0
gtzan/gtzan_jazz_00012/track.npy,gtzan,0.9400000000000001,0.773686298741881,0.773686298741881,0.773686298741881,0.5094339622641509,0.7924528301886793,0.5094339622641509,0.7924528301886793,0.5581395348837209,0.4527331726645817,0.7232352574072216,0.5879842150359016,0.0,0.0,0.45161290322580644,0.6129032258064516,63.0,0.04838709677419355,0.0967741935483871,1.203972804325924,36.0,0.05714285714285714,0.11428571428571428,2.0163754947333326,0.0
gtzan/gtzan_jazz_00013/track.npy,gtzan,0.6210526315789474,0.5013623912602057,0.7331426288408988,0.6172525100505522,0.007751937984496124,0.023255813953488372,0.08527131782945736,0.46511627906976744,0.28125,0.24760412642340177,0.3773977997980096,0.3125009631107057,0.0,0.0,0.0,0.0,154.0,0.09803921568627451,0.5686274509803921,0.8040978302171099,130.0,0.07751937984496124,0.4496124031007752,0.8938178760220928,0.0
gtzan/gtzan_jazz_00015/track.npy,gtzan,0.5064935064935064,0.37448043820781646,0.5587613236833816,0.46662088094559906,0.009433962264150943,0.009433962264150943,0.07547169811320754,0.4528301886792453,0.2772277227722772,0.19021194845398026,0.2658980018862545,0.22805497517011739,0.0,0.0,0.011764705882352941,0.011764705882352941,133.0,0.11363636363636363,0.25,0.8523740461191894,104.0,0.019417475728155338,0.11650485436893204,0.9153732749407488,0.0
gtzan/gtzan_jazz_00016/track.npy,gtzan,0.5625,0.41409555270777415,0.41409555270777415,0.41409555270777415,0.17142857142857143,0.34285714285714286,0.17142857142857143,0.34285714285714286,0.37037037037037035,0.31419111421151175,0.4884904931760066,0.4013408036937592,0.0,0.0,0.15789473684210525,0.3157894736842105,42.0,0.024390243902439025,0.14634146341463414,1.9754509747314168,24.0,0.0,0.0,0.8297945521531729,0.0
gtzan/gtzan_jazz_00017/track.npy,gtzan,0.768472906403941,0.5418229569052195,0.5550045177112403,0.5484137373082298,0.08771929824561403,0.3684210526315789,0.08771929824561403,0.3684210526315789,0.3370786516853933,0.23521184024220357,0.35041184785983986,0.29281184405102173,0.0,0.0,0.08955223880597014,0.208955223880597,131.0,0.18461538461538463,0.3769230769230769,0.8390501455061066,77.0,0.13157894736842105,0.2631578947368421,1.7491550912194438,0.0
gtzan/gtzan_jazz_00019/track.npy,gtzan,0.39175257731958757,0.2698409884773678,0.35926831038691753,0.3145546494321427,0.03389830508474576,0.0847457627118644,0.03389830508474576,0.14666666666666667,0.5789473684210525,0.3839835972806873,0.3839835972806873,0.3839835972806873,0.16,0.24,0.16,0.24,73.0,0.06944444444444445,0.20833333333333334,1.4016801904532667,30.0,0.10344827586206896,0.1724137931034483,2.4529340074011055,0.0
gtzan/gtzan_jazz_00021/track.npy,gtzan,0.3804347826086956,0.3041713725520441,0.49948874390036796,0.401830058226206,0.0,0.0,0.022556390977443608,0.11278195488721804,0.19047619047619047,0.15277992833819357,0.2543705023719923,0.20357521535509293,0.0,0.0,0.0,0.0,157.0,0.21794871794871795,0.6602564102564102,0.9448837858154489,106.0,0.0761904761904762,0.3523809523809524,0.8928406738689207,0.0
gtzan/gtzan_jazz_00022/track.npy,gtzan,0.7422680412371134,0.5406604938063484,0.5406604938063484,0.5406604938063484,0.2641509433962264,0.5283018867924528,0.2641509433962264,0.5283018867924528,0.4375,0.3416646751175469,0.49408403894858854,0.41787435703306774,0.21052631578947367,0.21052631578947367,0.28,0.28,55.0,0.018518518518518517,0.018518518518518517,1.39600667444276,24.0,0.043478260869565216,0.043478260869565216,2.3329311235918793,0.0
gtzan/gtzan_jazz_00023/track.npy,gtzan,0.7586206896551724,0.6009621216624307,0.6009621216624307,0.6009621216624307,0.17647058823529413,0.47058823529411764,0.17647058823529413,0.47058823529411764,0.368421052631579,0.269601666258427,0.5470616195222848,0.40833164289035595,0.0,0.0,0.06896551724137931,0.27586206896551724,62.0,0.06557377049180328,0.13114754098360656,1.6468464012636415,34.0,0.06060606060606061,0.12121212121212122,2.3635090764586355,0.0
gtzan/gtzan_jazz_00024/track.npy,gtzan,0.5714285714285715,0.4202802255927807,0.5068223128246119,0.46355126920869627,0.022727272727272728,0.09090909090909091,0.0449438202247191,0.30337078651685395,0.3272727272727273,0.20038895979908208,0.3457794019629063,0.2730841808809942,0.0,0.0,0.06818181818181818,0.18181818181818182,109.0,0.1388888888888889,0.3055555555555556,1.252762968495368,55.0,0.05555555555555555,0.09259259259259259,1.8120240182667842,0.0
gtzan/gtzan_jazz_00025/track.npy,gtzan,0.9767441860465116,0.7886909151265786,0.7886909151265786,0.7886909151265786,0.3563218390804598,0.9080459770114943,0.3563218390804598,0.9080459770114943,0.4266666666666667,0.3305278614950088,0.4854762419420621,0.40800205171853543,0.0,0.0,0.03773584905660377,0.16981132075471697,106.0,0.0380952380952381,0.05714285714285714,0.6931471805599456,60.0,0.05084745762711865,0.0847457627118644,1.8054052359589132,0.0
gtzan/gtzan_jazz_00026/track.npy,gtzan,0.2903225806451613,0.2305683504265331,0.2305683504265331,0.2305683504265331,0.025,0.025,0.13636363636363635,0.13636363636363635,0.21428571428571427,0.1431590594465311,0.16706565248120794,0.15511235596386952,0.05555555555555555,0.05555555555555555,0.05555555555555555,0.1111111111111111,25.0,0.041666666666666664,0.041666666666666664,1.085454204090599,21.0,0.0,0.0,1.1253362606295476,0.0
gtzan/gtzan_jazz_00027/track.npy,gtzan,0.5906735751295336,0.4528599376967733,0.6720933537953928,0.562476645746083,0.0,0.0,0.045112781954887216,0.3157894736842105,0.15625,0.1159929013462039,0.21999905141946766,0.16799597638283578,0.0,0.0,0.0,0.0,160.0,0.18238993710691823,0.5534591194968553,0.8472978603871929,135.0,0.08955223880597014,0.4253731343283582,0.9250822945616789,0.0
gtzan/gtzan_jazz_00028/track.npy,gtzan,0.988095238095238,0.7574756364948148,0.7574756364948148,0.7574756364948148,0.43529411764705883,0.8705882352941177,0.43529411764705883,0.8705882352941177,0.626865671641791,0.5183599778642438,0.735537378313577,0.6269486780889104,0.0,0.0,0.5217391304347826,0.782608695652174,102.0,0.009900990099009901,0.009900990099009901,0.2876820724517808,58.0,0.0,0.0,0.7949298748698979,0.0
gtzan/gtzan_jazz_00029/track.npy,gtzan,0.5794392523364486,0.40659929045039805,0.538769271768425,0.4726842811094115,0.0743801652892562,0.1652892561983471,0.0743801652892562,0.1652892561983471,0.2385321100917431,0.17650550800415013,0.263405415342259,0.21995546167320457,0.0,0.0,0.046511627906976744,0.06976744186046512,148.0,0.22448979591836735,0.4965986394557823,1.0986122886681093,105.0,0.08653846153846154,0.27884615384615385,1.091713001519438,0.0
gtzan/gtzan_jazz_00030/track.npy,gtzan,0.3188405797101449,0.23225937254138806,0.2439828278648805,0.2381211002031343,0.046511627906976744,0.06976744186046512,0.07692307692307693,0.09523809523809523,0.14814814814814817,0.08314566838765848,0.1185914700676957,0.10086856922767709,0.0,0.0,0.10526315789473684,0.21052631578947367,36.0,0.02857142857142857,0.05714285714285714,1.6658849963324218,24.0,0.043478260869565216,0.043478260869565216,2.398984321333594,0.0
gtzan/gtzan_jazz_00031/track.npy,gtzan,0.7849056603773584,0.6123959290658915,0.6728892952464623,0.6426426121561769,0.029411764705882353,0.17647058823529413,0.031007751937984496,0.17647058823529413,0.31343283582089554,0.25982985800567054,0.45165644148901274,0.35574314974734167,0.0,0.0,0.08,0.13,155.0,0.24675324675324675,0.6363636363636364,1.023542096938332,116.0,0.10434782608695652,0.3565217391304348,1.1227597936885654,0.0
gtzan/gtzan_jazz_00032/track.npy,gtzan,0.46031746031746035,0.35365675158145604,0.39693454869258,0.37529565013701804,0.041666666666666664,0.125,0.041666666666666664,0.125,0.20408163265306123,0.1526741602655164,0.20481919489699607,0.17874667758125623,0.027777777777777776,0.05555555555555555,0.05555555555555555,0.1111111111111111,84.0,0.024096385542168676,0.13253012048192772,1.2211165428119202,46.0,0.044444444444444446,0.08888888888888889,1.9549123024530293,0.0
gtzan/gtzan_jazz_00033/track.npy,gtzan,1.0,0.8670715762784539,0.8670715762784539,0.8670715762784539,1.0,1.0,1.0,1.0,0.6666666666666666,0.57450394481329,0.8486002489765824,0.7115520968949363,0.0,0.0,0.95,0.95,48.0,0.0,0.0,0.06252035698133505,24.0,0.0,0.0,0.03174869831458095,0.0
gtzan/gtzan_jazz_00034/track.npy,gtzan,0.9937888198757764,0.8604507235448453,0.8604507235448453,0.8604507235448453,0.9876543209876543,0.9876543209876543,0.9876543209876543,0.9876543209876543,0.6779661016949152,0.6174061768298332,0.8463700120715146,0.7318880944506739,0.02564102564102564,0.05128205128205128,0.46153846153846156,0.8205128205128205,98.0,0.0,0.0,0.13353139262453206,48.0,0.0,0.0,0.7177395476771894,0.0
gtzan/gtzan_jazz_00035/track.npy,gtzan,0.9655172413793104,0.7601899046784296,0.7601899046784296,0.7601899046784296,1.0,1.0,1.0,1.0,0.4324324324324324,0.3130456820136172,0.48948069036808045,0.40126318619084883,0.0,0.0,0.0,0.0,35.0,0.0,0.0,0.046963228976637815,35.0,0.0,0.0,0.046963228976637815,0.0
gtzan/gtzan_jazz_00036/track.npy,gtzan,0.48447204968944096,0.29979573511456503,0.4117676091323461,0.3557816721234556,0.0,0.0,0.07339449541284404,0.26605504587155965,0.16806722689075632,0.09234726603801173,0.18395980628641598,0.13815353616221385,0.0,0.0,0.0,0.0,131.0,0.03076923076923077,0.11538461538461539,0.4333771174890965,128.0,0.015748031496062992,0.08661417322834646,0.40546510810817016,0.0
gtzan/gtzan_jazz_00037/track.npy,gtzan,1.0,0.9517073908386595,0.9517073908386595,0.9517073908386595,1.0,1.0,1.0,1.0,0.6060606060606061,0.5862109525262179,0.8652473809735304,0.7257291667498742,0.0,0.0,0.34782608695652173,0.7391304347826086,49.0,0.0,0.0,0.08826960731054269,27.0,0.0,0.0,0.6867974408970267,0.0
gtzan/gtzan_jazz_00038/track.npy,gtzan,0.9523809523809523,0.7874725871641717,0.7874725871641717,0.7874725871641717,0.859375,0.90625,0.859375,0.90625,0.5454545454545454,0.43886603365418253,0.6540580020934748,0.5464620178738286,0.025,0.025,0.325,0.475,77.0,0.02631578947368421,0.05263157894736842,0.9356522882154426,45.0,0.022727272727272728,0.045454545454545456,1.9686903874410844,0.0
gtzan/gtzan_jazz_00039/track.npy,gtzan,0.993939393939394,0.9269615349536602,0.9269615349536602,0.9269615349536602,0.9879518072289156,0.9879518072289156,0.9879518072289156,0.9879518072289156,0.6451612903225806,0.6148750098359741,0.9202531088219458,0.7675640593289599,0.0,0.0,0.9285714285714286,0.9285714285714286,100.0,0.0,0.0,0.13353139262452318,50.0,0.0,0.0,0.032789822822996084,0.0
gtzan/gtzan_jazz_00040/track.npy,gtzan,1.0,0.7922609390911604,0.7922609390911604,0.7922609390911604,1.0,1.0,1.0,1.0,0.625,0.4851893729591633,0.7190753951586879,0.6021323840589257,0.0,0.0,0.45454545454545453,0.8181818181818182,50.0,0.0,0.0,0.06669137449867565,26.0,0.0,0.0,0.5521029362588364,0.0
gtzan/gtzan_jazz_00041/track.npy,gtzan,1.0,0.9215916753850291,0.9215916753850291,0.9215916753850291,1.0,1.0,1.0,1.0,0.03508771929824561,0.03491271857384195,0.051912824545457856,0.0434127715596499,0.0,0.0,0.0,0.0,95.0,0.0,0.0,0.1251631429540046,44.0,0.0,0.0,0.693147180559944,0.0
gtzan/gtzan_jazz_00042/track.npy,gtzan,0.9538461538461539,0.770125302913673,0.770125302913673,0.770125302913673,0.5,0.7941176470588235,0.5,0.7941176470588235,0.43750000000000006,0.38061548215490715,0.5683431680898788,0.474479325122393,0.0,0.0,0.08,0.24,42.0,0.0,0.0,0.7289969707160306,32.0,0.0,0.0,0.9007128178906602,0.0
gtzan/gtzan_jazz_00043/track.npy,gtzan,0.8270676691729324,0.7042425099310595,0.7042425099310595,0.7042425099310595,0.4057971014492754,0.6956521739130435,0.4057971014492754,0.6956521739130435,0.4666666666666667,0.3887238947754106,0.44129641760438443,0.4150101561898975,0.022727272727272728,0.022727272727272728,0.09090909090909091,0.25,82.0,0.037037037037037035,0.06172839506172839,1.0330690607555122,53.0,0.057692307692307696,0.057692307692307696,1.6389495826588347,0.0
gtzan/gtzan_jazz_00044/track.npy,gtzan,0.9887640449438202,0.8326770847304339,0.8326770847304339,0.8326770847304339,0.9777777777777777,0.9777777777777777,0.9777777777777777,0.9777777777777777,0.6470588235294118,0.5731081764728719,0.8044530843865523,0.6887806304297122,0.0,0.0,0.8260869565217391,0.8260869565217391,53.0,0.019230769230769232,0.019230769230769232,0.06899287148695299,27.0,0.0,0.0,0.5683163187453448,0.0
gtzan/gtzan_jazz_00045/track.npy,gtzan,0.875,0.7299472981928031,0.7299472981928031,0.7299472981928031,0.7272727272727273,0.8787878787878788,0.7272727272727273,0.8787878787878788,0.3783783783783784,0.3089223639534837,0.5051173787841235,0.40701987136880363,0.0,0.0,0.034482758620689655,0.034482758620689655,41.0,0.05,0.05,1.7744099507254047,35.0,0.0,0.0,0.46347593956067545,0.0
gtzan/gtzan_jazz_00046/track.npy,gtzan,0.994475138121547,0.9086618096805106,0.9086618096805106,0.9086618096805106,0.8021978021978022,0.945054945054945,0.8021978021978022,0.945054945054945,0.54320987654321,0.5182504693738867,0.7892722740534983,0.6537613717136925,0.0,0.0,0.1694915254237288,0.4745762711864407,109.0,0.0,0.027777777777777776,0.2818566466946482,73.0,0.0,0.0,0.8023464725249333,0.0
gtzan/gtzan_jazz_00047/track.npy,gtzan,0.9130434782608695,0.7667393306397349,0.7667393306397349,0.7667393306397349,0.36082474226804123,0.711340206185567,0.36082474226804123,0.711340206185567,0.5060240963855422,0.41882184999807004,0.6096716761766552,0.5142467630873626,0.01639344262295082,0.01639344262295082,0.16393442622950818,0.3114754098360656,114.0,0.05309734513274336,0.168141592920354,0.7800602506923244,71.0,0.02857142857142857,0.12857142857142856,1.2340488501660687,0.0
gtzan/gtzan_jazz_00048/track.npy,gtzan,0.9541284403669724,0.764511903686661,0.764511903686661,0.764511903686661,0.7272727272727273,0.9090909090909091,0.7272727272727273,0.9090909090909091,0.5238095238095237,0.3976880569301701,0.6112820985171139,0.504485077723642,0.03571428571428571,0.03571428571428571,0.6785714285714286,0.7142857142857143,66.0,0.0,0.015384615384615385,0.5792648181073116,34.0,0.0,0.030303030303030304,0.6810587818646152,0.0
gtzan/gtzan_jazz_00049/track.npy,gtzan,0.42424242424242425,0.3307915371443401,0.4575762628724612,0.39418390000840065,0.0,0.0,0.10416666666666667,0.3958333333333333,0.17142857142857143,0.1269030990602637,0.2148537955194243,0.170878447289844,0.0,0.0,0.0,0.0,57.0,0.03571428571428571,0.07142857142857142,1.429848964073241,37.0,0.027777777777777776,0.05555555555555555,1.5394768450890368,0.0
gtzan/gtzan_jazz_00050/track.npy,gtzan,0.7317073170731708,0.5982205864083361,0.5982205864083361,0.5982205864083361,0.061224489795918366,0.3469387755102041,0.061224489795918366,0.3469387755102041,0.4999999999999999,0.4288253634576358,0.4288253634576358,0.4288253634576358,0.021739130434782608,0.021739130434782608,0.021739130434782608,0.06521739130434782,111.0,0.16363636363636364,0.34545454545454546,1.1589622898587502,55.0,0.05555555555555555,0.09259259259259259,1.8402159368103386,0.0
gtzan/gtzan_jazz_00051/track.npy,gtzan,1.0,0.8670715762784539,0.8670715762784539,0.8670715762784539,1.0,1.0,1.0,1.0,0.6666666666666666,0.57450394481329,0.8486002489765824,0.7115520968949363,0.0,0.0,0.95,0.95,48.0,0.0,0.0,0.06252035698133505,24.0,0.0,0.0,0.03174869831458095,0.0
gtzan/gtzan_jazz_00052/track.npy,gtzan,0.967032967032967,0.8472323567213605,0.8472323567213605,0.8472323567213605,0.8085106382978723,0.9148936170212766,0.8085106382978723,0.9148936170212766,0.6875000000000001,0.6407608790298366,0.8168715642412552,0.7288162216355458,0.09523809523809523,0.09523809523809523,0.47619047619047616,0.7619047619047619,56.0,0.01818181818181818,0.01818181818181818,0.8245107633436112,25.0,0.0,0.0,0.7114632559115911,0.0
gtzan/gtzan_jazz_00053/track.npy,gtzan,0.9937888198757764,0.8645336567447455,0.8645336567447455,0.8645336567447455,0.9876543209876543,0.9876543209876543,0.9876543209876543,0.9876543209876543,0.6101694915254238,0.5589630298310087,0.8277320278383743,0.6933475288346915,0.02564102564102564,0.02564102564102564,0.46153846153846156,0.7948717948717948,98.0,0.0,0.0,0.1941560144409531,48.0,0.0,0.0,0.9138664447461431,0.0
gtzan/gtzan_jazz_00054/track.npy,gtzan,0.711111111111111,0.634074284744856,0.634074284744856,0.634074284744856,0.41304347826086957,0.45652173913043476,0.41304347826086957,0.45652173913043476,0.7857142857142858,0.7031883734603229,0.7125039760957188,0.7078461747780209,0.17647058823529413,0.29411764705882354,0.19047619047619047,0.42857142857142855,56.0,0.0,0.0,0.7146637616601147,20.0,0.0,0.0,0.7500188865911609,0.0
gtzan/gtzan_jazz_00055/track.npy,gtzan,0.9655172413793104,0.7575335755679711,0.7575335755679711,0.7575335755679711,1.0,1.0,1.0,1.0,0.33333333333333326,0.2760803223992923,0.4701708564103235,0.3731255894048079,0.0,0.0,0.0,0.0,35.0,0.0,0.0,0.0469632289766366,35.0,0.0,0.0,0.0469632289766366,0.0
gtzan/gtzan_jazz_00056/track.npy,gtzan,0.37931034482758624,0.28325819911283295,0.468490519129118,0.37587435912097544,0.0,0.0,0.01639344262295082,0.11475409836065574,0.09090909090909091,0.05334105765419359,0.06387623375683243,0.05860864570551301,0.018867924528301886,0.018867924528301886,0.018867924528301886,0.03773584905660377,148.0,0.20408163265306123,0.564625850340136,1.06916652975401,67.0,0.07575757575757576,0.30303030303030304,2.007102804649204,0.0
gtzan/gtzan_jazz_00057/track.npy,gtzan,0.9873417721518987,0.8625706294599261,0.8625706294599261,0.8625706294599261,0.975,0.975,0.975,0.975,0.6451612903225806,0.5499853933597474,0.8136632465786396,0.6818243199691936,0.0,0.0,0.47619047619047616,0.8571428571428571,48.0,0.0,0.0,0.06403398009851108,25.0,0.0,0.0,0.5984335038522874,0.0
gtzan/gtzan_jazz_00058/track.npy,gtzan,0.6459627329192547,0.5403699333664919,0.7653272562629327,0.6528485948147122,0.0,0.0,0.10091743119266056,0.7339449541284404,0.21666666666666667,0.1873140041355312,0.32156778062492847,0.2544408923802298,0.0,0.0,0.0,0.0,131.0,0.03076923076923077,0.12307692307692308,0.5389965007326762,129.0,0.0234375,0.109375,0.5389965007326762,0.0
gtzan/gtzan_jazz_00059/track.npy,gtzan,0.9782608695652174,0.8771486468862973,0.8771486468862973,0.8771486468862973,0.48936170212765956,0.9148936170212766,0.48936170212765956,0.9148936170212766,0.7058823529411764,0.6274652607245879,0.8425209350315613,0.7349930978780745,0.09090909090909091,0.13636363636363635,0.34782608695652173,0.782608695652174,57.0,0.017857142857142856,0.05357142857142857,1.155677794285069,25.0,0.0,0.041666666666666664,1.8397212723435303,0.0
gtzan/gtzan_jazz_00060/track.npy,gtzan,1.0,0.9517073908386595,0.9517073908386595,0.9517073908386595,1.0,1.0,1.0,1.0,0.6060606060606061,0.5862109525262179,0.8652473809735304,0.7257291667498742,0.0,0.0,0.34782608695652173,0.7391304347826086,49.0,0.0,0.0,0.08826960731054269,27.0,0.0,0.0,0.6867974408970267,0.0
gtzan/gtzan_jazz_00061/track.npy,gtzan,0.7513812154696133,0.632107991969215,0.632107991969215,0.632107991969215,0.037383177570093455,0.3644859813084112,0.037383177570093455,0.3644859813084112,0.4835164835164836,0.4141050132244531,0.45874460027595854,0.4364248067502058,0.014925373134328358,0.05970149253731343,0.029850746268656716,0.1044776119402985,130.0,0.14728682170542637,0.4883720930232558,1.1055331169125764,78.0,0.06493506493506493,0.2077922077922078,1.3556230917822842,0.0
gtzan/gtzan_jazz_00062/track.npy,gtzan,0.9523809523809523,0.7977536650072017,0.7977536650072017,0.7977536650072017,0.859375,0.90625,0.859375,0.90625,0.5555555555555556,0.4469931824255563,0.6920692315252509,0.5695312069754036,0.0,0.0,0.3333333333333333,0.5384615384615384,78.0,0.025974025974025976,0.05194805194805195,0.9162907318741611,44.0,0.023255813953488372,0.046511627906976744,1.5174327015406468,0.0
gtzan/gtzan_jazz_00063/track.npy,gtzan,0.8767123287671232,0.6337575022774052,0.6337575022774052,0.6337575022774052,0.042735042735042736,0.3418803418803419,0.042735042735042736,0.3418803418803419,0.4150943396226415,0.3135807024524252,0.46372230045437196,0.38865150145339855,0.0,0.0,0.04938271604938271,0.19753086419753085,137.0,0.10294117647058823,0.35294117647058826,0.8679957218332809,96.0,0.042105263157894736,0.14736842105263157,0.9940383678057177,0.0
gtzan/gtzan_jazz_00064/track.npy,gtzan,0.9941520467836257,0.9331512212745237,0.9331512212745237,0.9331512212745237,0.8604651162790697,0.9767441860465116,0.8604651162790697,0.9767441860465116,0.6666666666666666,0.6272213330284768,0.9083638675066051,0.767792600267541,0.023809523809523808,0.023809523809523808,0.9285714285714286,0.9285714285714286,103.0,0.0,0.0,0.1941560144409531,50.0,0.0,0.0,0.10178269430994216,0.0
gtzan/gtzan_jazz_00065/track.npy,gtzan,0.993939393939394,0.929355403257477,0.929355403257477,0.929355403257477,0.9879518072289156,0.9879518072289156,0.9879518072289156,0.9879518072289156,0.6451612903225806,0.6212457883864544,0.9251295072186096,0.773187647802532,0.0,0.0,0.9285714285714286,0.9285714285714286,100.0,0.0,0.0,0.13353139262452318,50.0,0.0,0.0,0.032789822822996084,0.0
gtzan/gtzan_jazz_00066/track.npy,gtzan,0.5739130434782609,0.46757212436945,0.6952686832997707,0.5814204038346104,0.0,0.0,0.75,0.75,0.7906976744186047,0.6039959812434468,0.6039959812434468,0.6039959812434468,0.16,0.48,0.16,0.48,54.0,0.0,0.05660377358490566,0.9228809693999218,34.0,0.0,0.030303030303030304,1.1914859849583608,0.0
gtzan/gtzan_jazz_00067/track.npy,gtzan,1.0,0.8056682954050126,0.8056682954050126,0.8056682954050126,1.0,1.0,1.0,1.0,0.6666666666666666,0.5175353311564409,0.7131166866329138,0.6153260088946774,0.05,0.05,0.6,0.85,50.0,0.0,0.0,0.06669137449867674,24.0,0.0,0.0,0.6601848991157323,0.0
gtzan/gtzan_jazz_00068/track.npy,gtzan,0.96875,0.7894772911672172,0.7894772911672172,0.7894772911672172,0.5151515151515151,0.8484848484848485,0.5151515151515151,0.8484848484848485,0.43750000000000006,0.3879286275560411,0.5715096233941263,0.47971912547508366,0.0,0.0,0.08,0.24,41.0,0.0,0.0,0.6962430005292498,31.0,0.0,0.0,0.8063709419658152,0.0
gtzan/gtzan_jazz_00069/track.npy,gtzan,0.8396946564885497,0.7005525263109259,0.7005525263109259,0.7005525263109259,0.417910447761194,0.7313432835820896,0.417910447761194,0.7313432835820896,0.44067796610169485,0.3676711745087152,0.4484867517767368,0.408078963142726,0.046511627906976744,0.046511627906976744,0.09302325581395349,0.23255813953488372,80.0,0.02531645569620253,0.0379746835443038,0.9765368428612703,50.0,0.04081632653061224,0.04081632653061224,1.337487373794735,0.0
gtzan/gtzan_jazz_00070/track.npy,gtzan,0.9887640449438202,0.8381553608623062,0.8381553608623062,0.8381553608623062,0.9777777777777777,0.9777777777777777,0.9777777777777777,0.9777777777777777,0.6470588235294118,0.5731081764728719,0.8169007438858351,0.6950044601793535,0.0,0.0,0.8260869565217391,0.8260869565217391,53.0,0.019230769230769232,0.019230769230769232,0.06899287148695299,27.0,0.0,0.0,0.5647764033254643,0.0
gtzan/gtzan_jazz_00071/track.npy,gtzan,0.875,0.7135453251042168,0.7135453251042168,0.7135453251042168,0.7272727272727273,0.8787878787878788,0.7272727272727273,0.8787878787878788,0.3888888888888889,0.3135984206826298,0.4936238346516184,0.4036111276671241,0.0,0.0,0.07142857142857142,0.10714285714285714,41.0,0.05,0.05,1.7744099507254047,34.0,0.0,0.0,0.7029649175396697,0.0
gtzan/gtzan_jazz_00072/track.npy,gtzan,0.989010989010989,0.9055674656849897,0.9055674656849897,0.9055674656849897,0.5434782608695652,0.9347826086956522,0.5434782608695652,0.9347826086956522,0.5365853658536585,0.5119303416985954,0.7785928638678793,0.6452616027832374,0.0,0.0,0.16666666666666666,0.45,110.0,0.009174311926605505,0.03669724770642202,0.3496039963775936,73.0,0.0,0.0,0.8362480242006184,0.0
gtzan/gtzan_jazz_00073/track.npy,gtzan,0.8823529411764706,0.7406083013616979,0.7406083013616979,0.7406083013616979,0.12962962962962962,0.5277777777777778,0.12962962962962962,0.5277777777777778,0.4299065420560748,0.3448494573814585,0.5176377886789311,0.4312436230301948,0.0,0.0,0.024096385542168676,0.14457831325301204,129.0,0.1484375,0.2421875,0.9830078577371797,102.0,0.019801980198019802,0.07920792079207921,0.9715105749126307,0.0
gtzan/gtzan_jazz_00074/track.npy,gtzan,0.8450704225352113,0.7700111846891745,0.7700111846891745,0.7700111846891745,0.6486486486486487,0.6756756756756757,0.6486486486486487,0.6756756756756757,0.6666666666666666,0.5941693631679564,0.8216055225357136,0.707887442851835,0.0625,0.0625,0.8125,0.8125,45.0,0.0,0.0,0.7651856174661339,20.0,0.0,0.0,0.7088218309355727,0.0
gtzan/gtzan_jazz_00075/track.npy,gtzan,0.8297872340425532,0.563673949948965,0.563673949948965,0.563673949948965,0.0594059405940594,0.43564356435643564,0.0594059405940594,0.43564356435643564,0.46153846153846156,0.3586884230579216,0.4569201551839966,0.4078042891209591,0.0,0.0,0.17857142857142858,0.35714285714285715,119.0,0.1016949152542373,0.2288135593220339,0.8058596357621945,73.0,0.0,0.027777777777777776,1.065283705669177,0.0
gtzan/gtzan_jazz_00076/track.npy,gtzan,0.6486486486486486,0.528857506304068,0.5920029300625055,0.5604302181832868,0.04081632653061224,0.12244897959183673,0.22448979591836735,0.46938775510204084,0.4,0.3347590987812779,0.5441134887678836,0.4394362937745807,0.0,0.0,0.08333333333333333,0.125,60.0,0.03389830508474576,0.1016949152542373,1.2929402516130966,30.0,0.0,0.034482758620689655,1.5093446769232417,0.0
gtzan/gtzan_jazz_00077/track.npy,gtzan,0.6732673267326733,0.5072851346864558,0.5913426527456335,0.5493138937160447,0.032,0.152,0.032,0.152,0.23404255319148934,0.17763985927882153,0.328784827450516,0.2532123433646688,0.0,0.0,0.013333333333333334,0.06666666666666667,149.0,0.25675675675675674,0.6216216216216216,1.0414538748281577,87.0,0.11627906976744186,0.27906976744186046,1.6012735135300404,0.0
gtzan/gtzan_jazz_00078/track.npy,gtzan,0.8758169934640523,0.7018413358288186,0.7018413358288186,0.7018413358288186,0.15294117647058825,0.5647058823529412,0.15294117647058825,0.5647058823529412,0.45454545454545453,0.38294213923191645,0.568443154885891,0.47569264705890374,0.02040816326530612,0.02040816326530612,0.16326530612244897,0.30612244897959184,98.0,0.10309278350515463,0.18556701030927836,1.1899351051617455,56.0,0.01818181818181818,0.03636363636363636,1.4595633488541957,0.0
gtzan/gtzan_jazz_00079/track.npy,gtzan,1.0,0.9255116872766895,0.9255116872766895,0.9255116872766895,1.0,1.0,1.0,1.0,0.6857142857142856,0.6439628561262194,0.9225609452088012,0.7832619006675103,0.0,0.0,1.0,1.0,54.0,0.0,0.0,0.07410797215372045,27.0,0.0,0.0,0.03636764417087536,0.0
gtzan/gtzan_jazz_00080/track.npy,gtzan,0.8860759493670886,0.7628305350221766,0.7628305350221766,0.7628305350221766,0.24096385542168675,0.6265060240963856,0.24096385542168675,0.6265060240963856,0.8076923076923077,0.7289427289295015,0.7289427289295015,0.7289427289295015,0.22580645161290322,0.3548387096774194,0.22580645161290322,0.3548387096774194,92.0,0.06593406593406594,0.10989010989010989,0.9093138479329734,37.0,0.027777777777777776,0.027777777777777776,1.24355501965274,0.0
gtzan/gtzan_jazz_00081/track.npy,gtzan,1.0,0.9171330591226005,0.9171330591226005,0.9171330591226005,1.0,1.0,1.0,1.0,0.8571428571428571,0.7589553138015497,0.7589553138015497,0.7589553138015497,0.5,0.5,0.5,0.5,58.0,0.0,0.0,0.07696104113612845,21.0,0.0,0.0,0.6658885717928511,0.0
gtzan/gtzan_jazz_00082/track.npy,gtzan,0.9310344827586207,0.7980265812301901,0.7980265812301901,0.7980265812301901,0.3804347826086957,0.7391304347826086,0.3804347826086957,0.7391304347826086,0.6129032258064516,0.495108100865934,0.7141167419472549,0.6046124214065944,0.07142857142857142,0.11904761904761904,0.42857142857142855,0.6904761904761905,113.0,0.09821428571428571,0.23214285714285715,1.026527393253315,47.0,0.08695652173913043,0.15217391304347827,2.1535941682936106,0.0
gtzan/gtzan_jazz_00083/track.npy,gtzan,0.6612903225806451,0.4810524106709682,0.5107639814507072,0.4959081960608377,0.21518987341772153,0.24050632911392406,0.21518987341772153,0.25842696629213485,0.3333333333333333,0.2666639941402834,0.31815041204209943,0.2924072030911914,0.0625,0.0625,0.09375,0.15625,90.0,0.14606741573033707,0.20224719101123595,1.5392210906019497,35.0,0.029411764705882353,0.058823529411764705,2.407530798781044,0.0
gtzan/gtzan_jazz_00084/track.npy,gtzan,1.0,0.9169743809117922,0.9169743809117922,0.9169743809117922,1.0,1.0,1.0,1.0,0.8,0.7268835231584401,0.7268835231584401,0.7268835231584401,0.3888888888888889,0.3888888888888889,0.3888888888888889,0.391304347826087,62.0,0.0,0.0,0.08338160893904961,24.0,0.0,0.0,0.6310373986354452,0.0
gtzan/gtzan_jazz_00085/track.npy,gtzan,0.736842105263158,0.5995542823697282,0.5995542823697282,0.5995542823697282,0.3880597014925373,0.582089552238806,0.3880597014925373,0.582089552238806,0.558139534883721,0.46831647313336516,0.46831647313336516,0.46831647313336516,0.11538461538461539,0.38461538461538464,0.11538461538461539,0.38461538461538464,84.0,0.08433734939759036,0.12048192771084337,1.3596777788154424,32.0,0.0967741935483871,0.12903225806451613,2.5476938270119733,0.0
gtzan/gtzan_jazz_00086/track.npy,gtzan,0.49586776859504134,0.392485338432324,0.4646517091792424,0.42856852380578325,0.01282051282051282,0.0641025641025641,0.1411764705882353,0.23529411764705882,0.23809523809523808,0.20184520501342362,0.28670370207427304,0.24427445354384833,0.03333333333333333,0.03333333333333333,0.03333333333333333,0.23333333333333334,96.0,0.08421052631578947,0.22105263157894736,1.449847870320988,37.0,0.0,0.1111111111111111,2.3299576165452387,0.0
gtzan/gtzan_jazz_00087/track.npy,gtzan,0.9532710280373831,0.7823578639843076,0.7823578639843076,0.7823578639843076,0.4727272727272727,0.8363636363636363,0.4727272727272727,0.8363636363636363,0.3529411764705882,0.2925565669680897,0.6867095956981635,0.48963308133312655,0.0,0.0,0.25,0.4444444444444444,64.0,0.047619047619047616,0.047619047619047616,1.517480771460565,24.0,0.043478260869565216,0.043478260869565216,2.9493076474049307,0.0
gtzan/gtzan_jazz_00088/track.npy,gtzan,1.0,0.9180544991760506,0.9180544991760506,0.9180544991760506,1.0,1.0,1.0,1.0,0.8235294117647058,0.7682950275859609,0.7730127939511545,0.7706539107685577,0.15,0.35,0.2962962962962963,0.48148148148148145,64.0,0.0,0.0,0.04255961441879885,24.0,0.0,0.0,0.7034175508589509,0.0
gtzan/gtzan_jazz_00089/track.npy,gtzan,0.6999999999999998,0.5286063872045097,0.6464642454349392,0.5875353163197244,0.08108108108108109,0.2702702702702703,0.17777777777777778,0.5777777777777777,0.631578947368421,0.4711291504987014,0.6607166594535572,0.5659229049761293,0.0,0.0,0.5384615384615384,0.7692307692307693,43.0,0.0,0.0,0.749236647210991,16.0,0.0,0.0,1.2921164996930647,0.0
gtzan/gtzan_jazz_00090/track.npy,gtzan,0.9911504424778761,0.8629302126948629,0.8629302126948629,0.8629302126948629,0.9824561403508771,0.9824561403508771,0.9824561403508771,0.9824561403508771,0.6923076923076923,0.6152626905319725,0.6152626905319725,0.6152626905319725,0.09090909090909091,0.18181818181818182,0.09090909090909091,0.18181818181818182,69.0,0.0,0.0,0.13976194237516415,38.0,0.0,0.0,1.1363914842802294,0.0
gtzan/gtzan_jazz_00091/track.npy,gtzan,0.8076923076923077,0.6778634255032089,0.6778634255032089,0.6778634255032089,0.39285714285714285,0.6071428571428571,0.39285714285714285,0.6071428571428571,0.3846153846153846,0.3317755155506988,0.5680502231916007,0.4499128693711497,0.0,0.0,0.05,0.15,36.0,0.0,0.0,0.8983817298052792,25.0,0.0,0.0,0.7464185793575896,0.0
gtzan/gtzan_jazz_00092/track.npy,gtzan,0.7391304347826088,0.5628830707236601,0.5628830707236601,0.5628830707236601,0.375,0.6666666666666666,0.375,0.6666666666666666,0.23076923076923073,0.2073788410201995,0.3452941470928231,0.2763364940565113,0.0,0.0,0.0,0.0,29.0,0.0,0.0,1.1798116307846331,25.0,0.0,0.0,0.5429525906603611,0.0
gtzan/gtzan_jazz_00093/track.npy,gtzan,0.6666666666666666,0.5937486053408627,0.8657297069099607,0.7297391561254116,0.028985507246376812,0.028985507246376812,0.8888888888888888,0.8888888888888888,0.7619047619047621,0.6651872541193813,0.7720684631135968,0.718627858616489,0.08,0.28,0.18181818181818182,0.5151515151515151,43.0,0.023809523809523808,0.023809523809523808,0.6390799592896705,32.0,0.0,0.0,0.7205461547480605,0.0
gtzan/gtzan_jazz_00094/track.npy,gtzan,0.98989898989899,0.8797101977799605,0.8797101977799605,0.8797101977799605,0.94,0.96,0.94,0.96,0.7027027027027027,0.6094981918987749,0.8875491240132506,0.7485236579560127,0.041666666666666664,0.041666666666666664,0.76,0.92,62.0,0.03278688524590164,0.04918032786885246,1.1708629089098694,32.0,0.03225806451612903,0.06451612903225806,2.00998715727632,0.0
gtzan/gtzan_jazz_00095/track.npy,gtzan,0.5428571428571428,0.4163455628922383,0.5689243193157885,0.4926349411040134,0.06666666666666667,0.1,0.08080808080808081,0.31313131313131315,0.41666666666666663,0.28777781162119864,0.33741727296897944,0.31259754229508907,0.02857142857142857,0.08571428571428572,0.14285714285714285,0.14285714285714285,105.0,0.09615384615384616,0.22115384615384615,1.3575261538747099,43.0,0.023809523809523808,0.14285714285714285,2.079441541679842,0.0
gtzan/gtzan_jazz_00096/track.npy,gtzan,0.9122807017543859,0.7716371992645652,0.7716371992645652,0.7716371992645652,0.5423728813559322,0.8983050847457628,0.5423728813559322,0.8983050847457628,0.6511627906976745,0.5471882837457486,0.7500078780009322,0.6485980808733404,0.034482758620689655,0.034482758620689655,0.3448275862068966,0.8275862068965517,70.0,0.028985507246376812,0.057971014492753624,1.2638572880027523,35.0,0.0,0.0,0.7207443291547306,0.0
gtzan/gtzan_jazz_00097/track.npy,gtzan,0.6122448979591836,0.5320990416645877,0.5320990416645877,0.5320990416645877,0.18518518518518517,0.3333333333333333,0.18518518518518517,0.3333333333333333,0.09523809523809523,0.0926776789826628,0.15066928779079927,0.12167348338673104,0.0,0.0,0.0,0.0,32.0,0.0,0.0,1.0467763077804249,21.0,0.0,0.0,0.7199152734904475,0.0
gtzan/gtzan_jazz_00098/track.npy,gtzan,0.8053691275167785,0.6033040640763305,0.6033040640763305,0.6033040640763305,0.18518518518518517,0.5555555555555556,0.18518518518518517,0.5555555555555556,0.32499999999999996,0.24431686270758407,0.39649522754697236,0.3204060451272782,0.0,0.0,0.015873015873015872,0.06349206349206349,98.0,0.08247422680412371,0.20618556701030927,1.2482705337121502,77.0,0.05263157894736842,0.06578947368421052,1.2300938751999335,0.0
gtzan/gtzan_jazz_00099/track.npy,gtzan,0.9739130434782608,0.8130140484034085,0.8130140484034085,0.8130140484034085,0.4482758620689655,0.9137931034482759,0.4482758620689655,0.9137931034482759,0.5333333333333333,0.46899038864582104,0.513042454181117,0.491016421413469,0.07692307692307693,0.07692307692307693,0.07692307692307693,0.07692307692307693,70.0,0.0,0.028985507246376812,0.5643134046391397,33.0,0.0,0.0625,1.5990530316909015,0.0
gtzan/gtzan_metal_00000/track.npy,gtzan,1.0,0.841964129314759,0.841964129314759,0.841964129314759,1.0,1.0,1.0,1.0,0.6896551724137931,0.5196606990018421,0.8131056251774877,0.666383162089665,0.0,0.0,1.0,1.0,47.0,0.0,0.0,0.09237332013101457,22.0,0.0,0.0,0.661894637055841,0.0
gtzan/gtzan_metal_00001/track.npy,gtzan,0.9420289855072463,0.8646365005611638,0.8646365005611638,0.8646365005611638,0.3287671232876712,0.7808219178082192,0.3287671232876712,0.7808219178082192,0.4657534246575342,0.43635263102528266,0.6746964511571917,0.5555245410912372,0.0,0.0,0.03571428571428571,0.17857142857142858,88.0,0.022988505747126436,0.10344827586206896,0.6803238569630573,65.0,0.0,0.015625,0.7472144018302174,0.0
gtzan/gtzan_metal_00002/track.npy,gtzan,1.0,0.8572017461875524,0.8572017461875524,0.8572017461875524,1.0,1.0,1.0,1.0,1.0,0.8416114555606274,0.8416114555606274,0.8416114555606274,1.0,1.0,1.0,1.0,56.0,0.0,0.0,0.08968971659593415,14.0,0.0,0.0,0.01859693612744926,0.0
gtzan/gtzan_metal_00003/track.npy,gtzan,0.7978723404255319,0.6380478720264882,0.6380478720264882,0.6380478720264882,0.05555555555555555,0.37962962962962965,0.05555555555555555,0.37962962962962965,0.48,0.37334233526351696,0.5640429140998195,0.4686926246816683,0.01818181818181818,0.03636363636363636,0.07272727272727272,0.36363636363636365,125.0,0.13709677419354838,0.3790322580645161,1.0247404007642165,64.0,0.06349206349206349,0.19047619047619047,1.5182383188286814,0.0
gtzan/gtzan_metal_00004/track.npy,gtzan,0.36180904522613067,0.28292408601109614,0.37754965116948097,0.33023686859028856,0.007042253521126761,0.007042253521126761,0.014084507042253521,0.07042253521126761,0.09615384615384616,0.06784545613704732,0.08176105003412298,0.07480325308558515,0.0,0.0,0.011111111111111112,0.011111111111111112,170.0,0.31952662721893493,0.5976331360946746,0.9582407706135733,108.0,0.12149532710280374,0.3364485981308411,1.3616843429165804,0.0
gtzan/gtzan_metal_00005/track.npy,gtzan,0.9922480620155039,0.887395486203671,0.887395486203671,0.887395486203671,0.9846153846153847,0.9846153846153847,0.9846153846153847,0.9846153846153847,0.7804878048780487,0.6634032551314794,0.7669950254814203,0.7151991403064498,0.12,0.24,0.2903225806451613,0.6129032258064516,78.0,0.0,0.0,0.105360515657833,30.0,0.0,0.0,0.7274030337185345,0.0
gtzan/gtzan_metal_00006/track.npy,gtzan,0.96,0.8287486152375773,0.8287486152375773,0.8287486152375773,0.98,0.98,0.98,0.98,0.8275862068965517,0.6993023167418595,0.7489093581189888,0.7241058374304241,0.29411764705882354,0.35294117647058826,0.391304347826087,0.4782608695652174,60.0,0.0,0.0,0.08004270767354893,21.0,0.0,0.0,0.6951674512916975,0.0
gtzan/gtzan_metal_00007/track.npy,gtzan,0.7225806451612903,0.5827260495116314,0.5827260495116314,0.5827260495116314,0.11956521739130435,0.358695652173913,0.11956521739130435,0.358695652173913,0.30508474576271183,0.22463555589223516,0.47127611115996987,0.3479558335261025,0.0,0.0,0.3488372093023256,0.4883720930232558,107.0,0.19811320754716982,0.33962264150943394,1.0986122886681295,50.0,0.061224489795918366,0.20408163265306123,1.9169226121820577,0.0
gtzan/gtzan_metal_00008/track.npy,gtzan,1.0,0.9642214832617463,0.9642214832617463,0.9642214832617463,1.0,1.0,1.0,1.0,0.923076923076923,0.8915824979607326,0.8915824979607326,0.8915824979607326,0.35714285714285715,0.7142857142857143,0.35714285714285715,0.7142857142857143,59.0,0.0,0.0,0.0775773744436097,17.0,0.0,0.0,0.6960740330435551,0.0
gtzan/gtzan_metal_00009/track.npy,gtzan,0.47567567567567565,0.36458667631736585,0.43968875571720595,0.4021377160172859,0.0,0.0,0.0072992700729927005,0.043795620437956206,0.16071428571428573,0.13529320714432516,0.2420417753981233,0.18866749127122423,0.0,0.0,0.0,0.0,162.0,0.20496894409937888,0.7267080745341615,0.957662314281599,118.0,0.09401709401709402,0.5042735042735043,1.4213856809311545,0.0
gtzan/gtzan_metal_00010/track.npy,gtzan,0.4930232558139535,0.3551078331334248,0.5887242073145673,0.47191602022399604,0.015625,0.03125,0.03468208092485549,0.109375,0.17821782178217824,0.12367221395295376,0.2328743589168772,0.17827328643491547,0.01282051282051282,0.01282051282051282,0.02564102564102564,0.038461538461538464,153.0,0.2565789473684211,0.5986842105263158,1.2012152139818961,98.0,0.13402061855670103,0.31958762886597936,1.2598056877370447,0.0
gtzan/gtzan_metal_00011/track.npy,gtzan,0.4680851063829787,0.37075703586373565,0.5013630078088329,0.4360600218362843,0.03278688524590164,0.06557377049180328,0.03278688524590164,0.17557251908396945,0.10084033613445378,0.09721038189180616,0.14662626227952233,0.12191832208566425,0.0,0.0,0.0,0.0,149.0,0.14189189189189189,0.6081081081081081,0.9360103457508415,127.0,0.1349206349206349,0.47619047619047616,0.9555114450274387,0.0
gtzan/gtzan_metal_00012/track.npy,gtzan,0.9929078014184397,0.9315966110554527,0.9315966110554527,0.9315966110554527,0.9859154929577465,0.9859154929577465,0.9859154929577465,0.9859154929577465,0.6666666666666666,0.644878049185711,0.8557758286319911,0.750326938908851,0.058823529411764705,0.08823529411764706,0.3235294117647059,0.7647058823529411,86.0,0.011764705882352941,0.011764705882352941,0.22314355131420865,41.0,0.0,0.0,0.6945656440591426,0.0
gtzan/gtzan_metal_00013/track.npy,gtzan,0.5454545454545454,0.43278835424255246,0.5777309833510251,0.5052596687967887,0.0070921985815602835,0.014184397163120567,0.028368794326241134,0.19858156028368795,0.2524271844660194,0.18425829750278747,0.2605640883274875,0.2224111929151375,0.0,0.0,0.011235955056179775,0.02247191011235955,165.0,0.3048780487804878,0.6341463414634146,0.9162907318741781,106.0,0.1619047619047619,0.3619047619047619,1.7392988086731906,0.0
gtzan/gtzan_metal_00014/track.npy,gtzan,0.6595744680851063,0.5695537714821096,0.7785311625837307,0.6740424670329201,0.031746031746031744,0.06349206349206349,0.2857142857142857,0.7936507936507936,0.34285714285714286,0.30594300133069147,0.4607462896383501,0.3833446454845208,0.0,0.0,0.07407407407407407,0.18518518518518517,72.0,0.014084507042253521,0.07042253521126761,0.8766495813381268,33.0,0.0,0.03125,1.9307156096560443,0.0
gtzan/gtzan_metal_00015/track.npy,gtzan,0.6143790849673203,0.48094007666983046,0.6196346881988035,0.550287382434317,0.009433962264150943,0.03773584905660377,0.12264150943396226,0.37735849056603776,0.34920634920634924,0.2420618873731876,0.24824001081012617,0.24515094909165688,0.0,0.0,0.019230769230769232,0.057692307692307696,125.0,0.20161290322580644,0.3870967741935484,1.1566969576919273,62.0,0.08196721311475409,0.13114754098360656,1.7408133157663042,0.0
gtzan/gtzan_metal_00016/track.npy,gtzan,0.527027027027027,0.42387213933597095,0.5812470255064849,0.5025595824212279,0.0,0.0,0.07339449541284404,0.28440366972477066,0.33333333333333337,0.21648150086631165,0.39428778228175787,0.3053846415740348,0.0,0.0,0.02,0.1,126.0,0.136,0.536,1.160264648027796,56.0,0.0,0.23636363636363636,1.8226099368069795,0.0
gtzan/gtzan_metal_00017/track.npy,gtzan,0.4857142857142857,0.33610064593397293,0.5271141733864947,0.4316074096602338,0.01652892561983471,0.08264462809917356,0.024793388429752067,0.11570247933884298,0.16494845360824742,0.12461875581957163,0.1884538510020173,0.15653630341079447,0.0,0.0,0.013513513513513514,0.05405405405405406,148.0,0.30612244897959184,0.5306122448979592,1.1976433523298546,88.0,0.06896551724137931,0.21839080459770116,1.2790814583538177,0.0
gtzan/gtzan_metal_00018/track.npy,gtzan,0.4444444444444444,0.3171768363623022,0.501323777525759,0.4092503069440306,0.0,0.0,0.13333333333333333,0.275,0.1320754716981132,0.09077109307758263,0.16896808161672805,0.12986958734715534,0.0,0.0,0.0,0.0,143.0,0.2323943661971831,0.5563380281690141,1.0116009116784515,118.0,0.13675213675213677,0.37606837606837606,1.1631508098056718,0.0
gtzan/gtzan_metal_00019/track.npy,gtzan,0.835820895522388,0.6831584447395683,0.6831584447395683,0.6831584447395683,0.09009009009009009,0.45045045045045046,0.09009009009009009,0.45045045045045046,0.30188679245283023,0.2555586124904785,0.43185054790079275,0.34370458019563566,0.0,0.0,0.024096385542168676,0.08433734939759036,133.0,0.1590909090909091,0.3181818181818182,0.9962150823451037,97.0,0.08333333333333333,0.15625,1.2928223862827233,0.0
gtzan/gtzan_metal_00020/track.npy,gtzan,0.5563909774436091,0.46104547770241205,0.46104547770241205,0.46104547770241205,0.2077922077922078,0.24675324675324675,0.2077922077922078,0.24675324675324675,0.3902439024390244,0.314418546785312,0.3762499631836144,0.34533425498446324,0.14285714285714285,0.14285714285714285,0.20512820512820512,0.20512820512820512,68.0,0.13432835820895522,0.19402985074626866,1.6286479486689973,24.0,0.043478260869565216,0.043478260869565216,2.1429226755475415,0.0
gtzan/gtzan_metal_00021/track.npy,gtzan,0.989010989010989,0.872274224780565,0.872274224780565,0.872274224780565,0.9782608695652174,0.9782608695652174,0.9782608695652174,0.9782608695652174,0.846153846153846,0.7188792268536145,0.7188792268536145,0.7188792268536145,0.5333333333333333,0.6,0.5333333333333333,0.6,55.0,0.0,0.0,0.07251856725077922,18.0,0.0,0.0,0.6932704216199068,0.0
gtzan/gtzan_metal_00022/track.npy,gtzan,1.0,0.8492584035766526,0.8492584035766526,0.8492584035766526,1.0,1.0,1.0,1.0,0.8235294117647058,0.6443715318199714,0.6443715318199714,0.6443715318199714,0.45,0.45,0.45,0.45,69.0,0.0,0.0,0.09097177820573288,23.0,0.0,0.0,0.0674412807955351,0.0
gtzan/gtzan_metal_00023/track.npy,gtzan,0.9508196721311475,0.8570016889402361,0.8570016889402361,0.8570016889402361,0.4918032786885246,0.9508196721311475,0.4918032786885246,0.9508196721311475,0.6046511627906976,0.5667828877843664,0.880829367070347,0.7238061274273566,0.0,0.0,0.5172413793103449,0.9310344827586207,73.0,0.0,0.0,0.1466034741918809,33.0,0.0,0.0,0.699207860826117,0.0
gtzan/gtzan_metal_00024/track.npy,gtzan,0.967741935483871,0.7400579010450458,0.7400579010450458,0.7400579010450458,0.9787234042553191,0.9787234042553191,0.9787234042553191,0.9787234042553191,0.9166666666666666,0.6997265412339694,0.6997265412339694,0.6997265412339694,1.0,1.0,1.0,1.0,57.0,0.0,0.0,0.11466499041182013,14.0,0.0,0.0,0.027908788117076727,0.0
gtzan/gtzan_metal_00025/track.npy,gtzan,1.0,0.9189007652488204,0.9189007652488204,0.9189007652488204,1.0,1.0,1.0,1.0,0.6511627906976745,0.5959377013782858,0.8963580001117373,0.7461478507450116,0.0,0.0,0.9310344827586207,0.9310344827586207,69.0,0.0,0.0,0.09097177820572475,34.0,0.0,0.0,0.3170441715166251,0.0
gtzan/gtzan_metal_00026/track.npy,gtzan,0.8392857142857142,0.6197914743944093,0.6197914743944093,0.6197914743944093,0.049586776859504134,0.3884297520661157,0.049586776859504134,0.3884297520661157,0.46464646464646464,0.3677366255432912,0.44278158520977406,0.40525910537653265,0.0,0.0,0.1095890410958904,0.2465753424657534,147.0,0.21232876712328766,0.4931506849315068,0.9081263329700943,91.0,0.1,0.23333333333333334,1.291943328662979,0.0
gtzan/gtzan_metal_00027/track.npy,gtzan,0.9099099099099099,0.6966873899529287,0.6966873899529287,0.6966873899529287,0.043478260869565216,0.3826086956521739,0.043478260869565216,0.3826086956521739,0.47826086956521735,0.3742553687034981,0.38520008751384616,0.37972772810867217,0.015151515151515152,0.030303030303030304,0.030303030303030304,0.07575757575757576,139.0,0.10869565217391304,0.42028985507246375,0.8109302162163261,80.0,0.012658227848101266,0.21518987341772153,1.526056303495051,0.0
gtzan/gtzan_metal_00028/track.npy,gtzan,0.7755102040816326,0.5971522122676477,0.5983465017983691,0.5977493570330084,0.14606741573033707,0.34831460674157305,0.14606741573033707,0.34831460674157305,0.4745762711864407,0.37741302287040673,0.5640002608851065,0.47070664187775657,0.0,0.0,0.1111111111111111,0.37777777777777777,106.0,0.10476190476190476,0.29523809523809524,1.1381543019577718,54.0,0.03773584905660377,0.16981132075471697,1.8382794848629458,0.0
gtzan/gtzan_metal_00029/track.npy,gtzan,1.0,0.8603176066710096,0.8603176066710096,0.8603176066710096,1.0,1.0,1.0,1.0,0.8571428571428571,0.746437990732241,0.746437990732241,0.746437990732241,0.3125,0.5625,0.3125,0.5625,61.0,0.0,0.0,0.08037659780008925,20.0,0.0,0.0,0.8225840119844119,0.0
gtzan/gtzan_metal_00030/track.npy,gtzan,1.0,0.9458511944790196,0.9458511944790196,0.9458511944790196,1.0,1.0,1.0,1.0,0.9032258064516129,0.8625819666564507,0.8625819666564507,0.8625819666564507,0.7058823529411765,0.7058823529411765,0.7058823529411765,0.7058823529411765,66.0,0.0,0.0,0.04445176257084023,20.0,0.0,0.0,0.6855149460355732,0.0
gtzan/gtzan_metal_00031/track.npy,gtzan,1.0,0.815777236356495,0.815777236356495,0.815777236356495,1.0,1.0,1.0,1.0,0.6818181818181819,0.5373757522504373,0.8029444345646265,0.6701600934075319,0.0,0.0,1.0,1.0,69.0,0.0,0.0,0.09097177820573135,35.0,0.0,0.0,0.05550915797571604,0.0
gtzan/gtzan_metal_00032/track.npy,gtzan,0.9054054054054054,0.7084039982159684,0.7084039982159684,0.7084039982159684,0.3783783783783784,0.7297297297297297,0.3783783783783784,0.7297297297297297,0.8780487804878049,0.6447130533610609,0.6447130533610609,0.6447130533610609,0.3181818181818182,0.7272727272727273,0.3181818181818182,0.7272727272727273,92.0,0.04395604395604396,0.17582417582417584,1.076656714791869,29.0,0.03571428571428571,0.17857142857142858,2.385882671826224,0.0
gtzan/gtzan_metal_00033/track.npy,gtzan,1.0,0.9643327485996935,0.9643327485996935,0.9643327485996935,1.0,1.0,1.0,1.0,0.4,0.3875547289023732,0.5925404311061814,0.4900475800042773,0.0,0.0,0.10810810810810811,0.1891891891891892,62.0,0.0,0.0,0.04443376908152872,44.0,0.0,0.0,0.7329590397143305,0.0
gtzan/gtzan_metal_00034/track.npy,gtzan,0.7123287671232877,0.5722214592979264,0.5722214592979264,0.5722214592979264,0.3333333333333333,0.4691358024691358,0.3333333333333333,0.4691358024691358,0.28571428571428564,0.25282726765513,0.3799309308352028,0.3163790992451664,0.0,0.0,0.358974358974359,0.358974358974359,95.0,0.09574468085106383,0.19148936170212766,1.2347572207803847,47.0,0.06521739130434782,0.17391304347826086,2.0769257852384584,0.0
gtzan/gtzan_metal_00035/track.npy,gtzan,0.98989898989899,0.8841349220042213,0.8841349220042213,0.8841349220042213,0.98,0.98,0.98,0.98,0.6857142857142856,0.5434855268119797,0.8510362232438516,0.6972608750279157,0.0,0.0,1.0,1.0,62.0,0.01639344262295082,0.01639344262295082,0.655887503064328,29.0,0.0,0.0,0.5743634025642442,0.0
gtzan/gtzan_metal_00036/track.npy,gtzan,1.0,0.8840265809416621,0.8840265809416621,0.8840265809416621,1.0,1.0,1.0,1.0,0.6829268292682926,0.60853373254895,0.754476758064587,0.6815052453067685,0.07407407407407407,0.14814814814814814,0.25925925925925924,0.6296296296296297,71.0,0.0,0.0,0.1397619423751575,33.0,0.0,0.0,0.7231619609625066,0.0
gtzan/gtzan_metal_00037/track.npy,gtzan,1.0,0.9396193591672897,0.9396193591672897,0.9396193591672897,1.0,1.0,1.0,1.0,0.6511627906976745,0.5888165575901887,0.8912809925360927,0.7400487750631407,0.0,0.0,0.9310344827586207,0.9310344827586207,69.0,0.0,0.0,0.09531017980432155,35.0,0.0,0.0,0.05488852169915048,0.0
gtzan/gtzan_metal_00038/track.npy,gtzan,0.8333333333333334,0.7067443227702362,0.7067443227702362,0.7067443227702362,0.7619047619047619,0.8095238095238095,0.7619047619047619,0.8095238095238095,0.5,0.3982796623989605,0.6259784270920086,0.5121290447454845,0.0,0.0,0.36,0.56,50.0,0.0,0.02040816326530612,0.7156486211977151,29.0,0.0,0.0,0.72593700338294,0.0
gtzan/gtzan_metal_00039/track.npy,gtzan,0.6666666666666666,0.631288719130229,0.9426175510556426,0.7869531350929357,0.0,0.0,0.98,0.98,0.631578947368421,0.612195045601212,0.8918497399751875,0.7520223927881997,0.0,0.0,0.8461538461538461,0.8461538461538461,60.0,0.0,0.0,0.08004270767353472,17.0,0.0,0.0,0.6931471805599454,0.0
gtzan/gtzan_metal_00040/track.npy,gtzan,0.4484848484848485,0.331161989891148,0.5487168913427108,0.4399394406169294,0.0,0.0,0.10084033613445378,0.31092436974789917,0.05263157894736842,0.04394099804576855,0.11506040417085386,0.0795007011083112,0.0,0.0,0.0,0.0,144.0,0.23076923076923078,0.46853146853146854,1.15992388374879,76.0,0.10666666666666667,0.22666666666666666,1.3960139553403366,0.0
gtzan/gtzan_metal_00041/track.npy,gtzan,1.0,0.9371629816198294,0.9371629816198294,0.9371629816198294,1.0,1.0,1.0,1.0,1.0,0.9074272123612764,0.9074272123612764,0.9074272123612764,1.0,1.0,1.0,1.0,59.0,0.0,0.0,0.1142195553768794,15.0,0.0,0.0,0.04638733174626812,0.0
gtzan/gtzan_metal_00042/track.npy,gtzan,1.0,0.8654642480555241,0.8654642480555241,0.8654642480555241,1.0,1.0,1.0,1.0,0.8,0.6630154012795527,0.7261435625470428,0.6945794819132978,0.19047619047619047,0.2857142857142857,0.3333333333333333,0.5555555555555556,65.0,0.0,0.0,0.12414721217946617,25.0,0.0,0.0,0.7237391127110562,0.0
gtzan/gtzan_metal_00043/track.npy,gtzan,0.9873417721518987,0.9100801430603765,0.9100801430603765,0.9100801430603765,0.975,0.975,0.975,0.975,0.6896551724137931,0.6346588357706926,0.9350760950980274,0.7848674654343599,0.0,0.0,1.0,1.0,47.0,0.0,0.0,0.06413488830632279,23.0,0.0,0.0,0.0317486983145768,0.0
gtzan/gtzan_metal_00044/track.npy,gtzan,0.8737864077669903,0.7715769807686187,0.7715769807686187,0.7715769807686187,0.7037037037037037,0.7222222222222222,0.7037037037037037,0.7222222222222222,0.8000000000000002,0.670536839190958,0.670536839190958,0.670536839190958,0.4117647058823529,0.5882352941176471,0.4117647058823529,0.5882352941176471,64.0,0.0,0.047619047619047616,0.938943588229716,22.0,0.0,0.09523809523809523,2.3359096802728554,0.0
gtzan/gtzan_metal_00045/track.npy,gtzan,0.6666666666666667,0.6460150383417176,0.890002433135992,0.7680087357388548,0.02040816326530612,0.04081632653061224,0.45098039215686275,0.9019607843137255,0.631578947368421,0.6191093137680684,0.888912090340117,0.7540107020540927,0.0,0.0,0.8461538461538461,0.8461538461538461,59.0,0.0,0.0,0.6377643015526404,16.0,0.0,0.0,0.25573327295236836,0.0
gtzan/gtzan_metal_00046/track.npy,gtzan,0.7048458149779735,0.5643169201923076,0.630500577039219,0.5974087486157633,0.03816793893129771,0.2366412213740458,0.03816793893129771,0.2366412213740458,0.16363636363636364,0.11897450455487113,0.24235634977053744,0.18066542716270428,0.011627906976744186,0.011627906976744186,0.011627906976744186,0.023255813953488372,153.0,0.27631578947368424,0.5,1.1256458993032568,101.0,0.1,0.25,1.6484797709552448,0.0
gtzan/gtzan_metal_00047/track.npy,gtzan,0.7499999999999999,0.6017676540541308,0.6017676540541308,0.6017676540541308,0.13274336283185842,0.39823008849557523,0.13274336283185842,0.39823008849557523,0.35955056179775274,0.3025591448220744,0.47927007097332475,0.3909146078976996,0.0,0.0,0.10294117647058823,0.27941176470588236,139.0,0.2028985507246377,0.427536231884058,0.9605750066242941,87.0,0.11627906976744186,0.23255813953488372,1.419847211806529,0.0
gtzan/gtzan_metal_00048/track.npy,gtzan,0.7788461538461537,0.5748232986454197,0.5748232986454197,0.5748232986454197,0.1282051282051282,0.36752136752136755,0.1282051282051282,0.36752136752136755,0.38202247191011235,0.2884505828405077,0.4310117267877879,0.35973115481414775,0.0,0.0,0.08955223880597014,0.22388059701492538,138.0,0.2116788321167883,0.40875912408759124,1.0296194171811632,80.0,0.11392405063291139,0.17721518987341772,1.4482669347439254,0.0
gtzan/gtzan_metal_00049/track.npy,gtzan,0.7960199004975125,0.6194896770174587,0.6272740241517945,0.6233818505846266,0.07563025210084033,0.31932773109243695,0.07563025210084033,0.31932773109243695,0.4395604395604395,0.3573613098308679,0.5310953205969047,0.4442283152138863,0.0,0.0,0.05714285714285714,0.2,143.0,0.23943661971830985,0.5140845070422535,1.0116009116785039,89.0,0.09090909090909091,0.23863636363636365,1.3225040254346416,0.0
gtzan/gtzan_metal_00050/track.npy,gtzan,0.7155963302752293,0.536242957777125,0.5663541885726138,0.5512985731748694,0.024193548387096774,0.1935483870967742,0.024193548387096774,0.1935483870967742,0.2222222222222222,0.1293876306716392,0.31647681713936543,0.22293222390550232,0.0,0.0,0.010638297872340425,0.031914893617021274,150.0,0.20134228187919462,0.5436241610738255,0.8528802549557436,113.0,0.0625,0.3482142857142857,1.1400561185709925,0.0
gtzan/gtzan_metal_00051/track.npy,gtzan,0.7188940092165899,0.5850502291049332,0.6213747215172323,0.6032124753110828,0.07936507936507936,0.2619047619047619,0.07936507936507936,0.2619047619047619,0.2588235294117647,0.20320706425690355,0.25814750597143066,0.2306772851141671,0.015873015873015872,0.015873015873015872,0.06349206349206349,0.1111111111111111,150.0,0.18791946308724833,0.5637583892617449,1.0427511769375497,75.0,0.06756756756756757,0.2972972972972973,1.8133863577361606,0.0
gtzan/gtzan_metal_00052/track.npy,gtzan,0.9924812030075187,0.9148204918650847,0.9148204918650847,0.9148204918650847,0.8656716417910447,0.9701492537313433,0.8656716417910447,0.9701492537313433,0.7111111111111111,0.6503698738202722,0.6503698738202722,0.6503698738202722,0.20689655172413793,0.20689655172413793,0.25806451612903225,0.25806451612903225,81.0,0.0125,0.0125,0.21381706210690898,33.0,0.0,0.0,1.0986122886681127,0.0
gtzan/gtzan_metal_00053/track.npy,gtzan,0.8235294117647058,0.6443453952890891,0.6443453952890891,0.6443453952890891,0.057692307692307696,0.27884615384615385,0.057692307692307696,0.27884615384615385,0.2535211267605634,0.19414992861461788,0.20472475523150915,0.1994373419230635,0.022222222222222223,0.044444444444444446,0.022222222222222223,0.044444444444444446,116.0,0.10434782608695652,0.3130434782608696,0.9808292530117286,52.0,0.0392156862745098,0.17647058823529413,1.7627171347161543,0.0
gtzan/gtzan_metal_00054/track.npy,gtzan,0.6708860759493671,0.5898327783587284,0.873701553404278,0.7317671658815033,0.0,0.0,0.9074074074074074,0.9444444444444444,0.0,8.0552336267439e-08,6.450079437039967e-05,3.229067335333355e-05,0.0,0.0,0.09523809523809523,0.23809523809523808,65.0,0.03125,0.03125,0.9853864228596264,27.0,0.07692307692307693,0.07692307692307693,1.8562577695445954,0.0
gtzan/gtzan_metal_00055/track.npy,gtzan,0.965034965034965,0.8015154360640346,0.8015154360640346,0.8015154360640346,0.5972222222222222,0.9027777777777778,0.5972222222222222,0.9027777777777778,0.7659574468085107,0.5629141575107486,0.5727939083888738,0.5678540329498112,0.06896551724137931,0.3103448275862069,0.11428571428571428,0.4,89.0,0.022727272727272728,0.10227272727272728,0.856107181012629,36.0,0.05714285714285714,0.08571428571428572,1.8725375169413856,0.0
gtzan/gtzan_metal_00056/track.npy,gtzan,0.8137254901960784,0.6170509227039408,0.6170509227039408,0.6170509227039408,0.043859649122807015,0.39473684210526316,0.043859649122807015,0.39473684210526316,0.4390243902439025,0.35344209525821424,0.4664994802610873,0.4099707877596508,0.01694915254237288,0.01694915254237288,0.05084745762711865,0.23728813559322035,138.0,0.17518248175182483,0.40875912408759124,1.098612288668108,76.0,0.08,0.24,1.6743416500676698,0.0
gtzan/gtzan_metal_00057/track.npy,gtzan,1.0,0.8425515381177541,0.8425515381177541,0.8425515381177541,1.0,1.0,1.0,1.0,0.6111111111111112,0.4876522921115011,0.7602638604750281,0.6239580762932646,0.0,0.0,0.64,0.84,64.0,0.0,0.0,0.0870113769896318,29.0,0.0,0.0,0.7039580966641622,0.0
gtzan/gtzan_metal_00058/track.npy,gtzan,1.0,0.8396460289344013,0.8396460289344013,0.8396460289344013,1.0,1.0,1.0,1.0,0.7317073170731707,0.6303104197503225,0.8038291403917175,0.71706978007102,0.11538461538461539,0.15384615384615385,0.41379310344827586,0.7241379310344828,73.0,0.0,0.0,0.19105523676271363,33.0,0.0,0.0,0.7115541671213041,0.0
gtzan/gtzan_metal_00059/track.npy,gtzan,0.9647058823529412,0.8913366945632678,0.8913366945632678,0.8913366945632678,0.5227272727272727,0.8636363636363636,0.5227272727272727,0.8636363636363636,0.6451612903225806,0.6185354459408348,0.8897470571391407,0.7541412515399877,0.0,0.0,0.9047619047619048,0.9047619047619048,53.0,0.0,0.057692307692307696,1.2973607578976005,25.0,0.0,0.0,0.04951626344237848,0.0
gtzan/gtzan_metal_00060/track.npy,gtzan,0.9866666666666666,0.9562731782655173,0.9562731782655173,0.9562731782655173,0.9736842105263158,0.9736842105263158,0.9736842105263158,0.9736842105263158,0.625,0.5992366339558417,0.8869729226278882,0.7431047782918649,0.0,0.0,0.36363636363636365,0.7272727272727273,46.0,0.0,0.0,0.0896121586896877,27.0,0.0,0.0,0.7051774824515774,0.0
gtzan/gtzan_metal_00061/track.npy,gtzan,0.7333333333333334,0.5702895431375645,0.5839256680552389,0.5771076055964017,0.10084033613445378,0.33613445378151263,0.10084033613445378,0.33613445378151263,0.3255813953488372,0.26629555946995576,0.44762006348317696,0.35695781147656636,0.015625,0.03125,0.046875,0.234375,144.0,0.23076923076923078,0.46853146853146854,1.15992388374879,76.0,0.10666666666666667,0.22666666666666666,1.3960139553403366,0.0
gtzan/gtzan_metal_00062/track.npy,gtzan,1.0,0.9360078104359825,0.9360078104359825,0.9360078104359825,1.0,1.0,1.0,1.0,1.0,0.9074272123612764,0.9074272123612764,0.9074272123612764,1.0,1.0,1.0,1.0,59.0,0.0,0.0,0.1142195553768794,15.0,0.0,0.0,0.04638733174626812,0.0
gtzan/gtzan_metal_00063/track.npy,gtzan,1.0,0.8796487061455193,0.8796487061455193,0.8796487061455193,1.0,1.0,1.0,1.0,0.8,0.6630154012795527,0.7261435625470428,0.6945794819132978,0.19047619047619047,0.2857142857142857,0.3333333333333333,0.5555555555555556,65.0,0.0,0.0,0.12414721217946617,25.0,0.0,0.0,0.7237391127110562,0.0
gtzan/gtzan_metal_00064/track.npy,gtzan,1.0,0.9315510485968529,0.9315510485968529,0.9315510485968529,1.0,1.0,1.0,1.0,0.6896551724137931,0.6346588357706926,0.9350760950980274,0.7848674654343599,0.0,0.0,1.0,1.0,47.0,0.0,0.0,0.06413488830632279,23.0,0.0,0.0,0.0317486983145768,0.0
gtzan/gtzan_metal_00065/track.npy,gtzan,0.8737864077669903,0.7306623967344592,0.7306623967344592,0.7306623967344592,0.7037037037037037,0.7222222222222222,0.7037037037037037,0.7222222222222222,0.8000000000000002,0.6026296261767641,0.6026296261767641,0.6026296261767641,0.4117647058823529,0.5882352941176471,0.4117647058823529,0.5882352941176471,64.0,0.0,0.047619047619047616,0.938943588229716,22.0,0.0,0.09523809523809523,2.3359096802728554,0.0
gtzan/gtzan_metal_00066/track.npy,gtzan,0.6756756756756758,0.6403072177953522,0.8903180923793951,0.7653126550873737,0.02040816326530612,0.04081632653061224,0.46938775510204084,0.9183673469387755,0.631578947368421,0.5963635131629612,0.8529440360623622,0.7246537746126618,0.0,0.0,0.8461538461538461,0.8461538461538461,59.0,0.0,0.0,0.6377643015526404,16.0,0.0,0.0,0.25573327295236836,0.0
gtzan/gtzan_metal_00067/track.npy,gtzan,1.0,0.9339748535309147,0.9339748535309147,0.9339748535309147,1.0,1.0,1.0,1.0,0.6666666666666666,0.6126414298842702,0.9106678906353726,0.7616546602598213,0.0,0.0,0.9642857142857143,0.9642857142857143,67.0,0.0,0.0,0.044451762570840825,33.0,0.0,0.0,0.033215334644807755,0.0
gtzan/gtzan_metal_00068/track.npy,gtzan,1.0,0.9693568192907354,0.9693568192907354,0.9693568192907354,1.0,1.0,1.0,1.0,0.7727272727272727,0.736374291125866,0.8332298437518695,0.7848020674388678,0.1111111111111111,0.2962962962962963,0.36363636363636365,0.5454545454545454,83.0,0.0,0.0,0.1112256351102221,31.0,0.0,0.0,0.715103893925748,0.0
gtzan/gtzan_metal_00069/track.npy,gtzan,1.0,0.8300322625045136,0.8300322625045136,0.8300322625045136,1.0,1.0,1.0,1.0,0.8717948717948718,0.7158542257219305,0.7158542257219305,0.7158542257219305,0.22727272727272727,0.5,0.22727272727272727,0.5,82.0,0.0,0.0,0.1625189294977752,27.0,0.0,0.0,0.9532438148712039,0.0
gtzan/gtzan_metal_00070/track.npy,gtzan,1.0,0.904173492874243,0.904173492874243,0.904173492874243,1.0,1.0,1.0,1.0,0.6857142857142856,0.6139495929808501,0.8751190864279595,0.7445343397044049,0.043478260869565216,0.043478260869565216,0.5652173913043478,0.9130434782608695,58.0,0.0,0.0,0.039220713153287345,28.0,0.0,0.0,0.5367940868359315,0.0
gtzan/gtzan_metal_00071/track.npy,gtzan,1.0,0.8959421777490691,0.8959421777490691,0.8959421777490691,1.0,1.0,1.0,1.0,0.6666666666666666,0.6017248531449055,0.8717124377245372,0.7367186454347214,0.0,0.0,0.9444444444444444,0.9444444444444444,42.0,0.0,0.0,0.02817087696670073,21.0,0.0,0.0,0.0141846349919586,0.0
gtzan/gtzan_metal_00072/track.npy,gtzan,1.0,0.9541358884318817,0.9541358884318817,0.9541358884318817,1.0,1.0,1.0,1.0,0.8,0.7580318251620403,0.7932255476668968,0.7756286864144686,0.3888888888888889,0.3888888888888889,0.43478260869565216,0.43478260869565216,60.0,0.0,0.0,0.08004270767353472,22.0,0.0,0.0,0.684096878041778,0.0
gtzan/gtzan_metal_00073/track.npy,gtzan,0.7654320987654321,0.6765054869290337,0.7723095742889292,0.7244075306089814,0.2,0.26,0.2459016393442623,0.5737704918032787,0.3333333333333333,0.29683870721124045,0.4599072186245763,0.37837296291790834,0.0,0.0,0.3181818181818182,0.3181818181818182,58.0,0.017543859649122806,0.017543859649122806,0.7991132634694745,25.0,0.0,0.0,1.3148879137169625,0.0
gtzan/gtzan_metal_00074/track.npy,gtzan,0.9902912621359222,0.9101083006044938,0.9101083006044938,0.9101083006044938,0.9807692307692307,0.9807692307692307,0.9807692307692307,0.9807692307692307,0.631578947368421,0.584606799304348,0.8669500439293135,0.7257784216168308,0.0,0.0,0.6,0.92,62.0,0.0,0.0,0.08356309734158553,30.0,0.0,0.0,0.4655353335566226,0.0
gtzan/gtzan_metal_00075/track.npy,gtzan,0.9894736842105264,0.9285939747387827,0.9285939747387827,0.9285939747387827,0.9791666666666666,0.9791666666666666,0.9791666666666666,0.9791666666666666,0.9166666666666666,0.88926444045053,0.88926444045053,0.88926444045053,0.8461538461538461,0.8461538461538461,0.8461538461538461,0.8461538461538461,57.0,0.0,0.0,0.0749638928484429,16.0,0.0,0.0,0.2968944723553956,0.0
gtzan/gtzan_metal_00076/track.npy,gtzan,0.9914529914529915,0.838585597254249,0.838585597254249,0.838585597254249,0.9830508474576272,0.9830508474576272,0.9830508474576272,0.9830508474576272,0.55,0.47171156863596436,0.7789098645633482,0.6253107165996563,0.0,0.0,0.7407407407407407,0.7777777777777778,82.0,0.012345679012345678,0.13580246913580246,0.6227446070139077,35.0,0.0,0.0,0.9135965813928342,0.0
gtzan/gtzan_metal_00077/track.npy,gtzan,0.9919999999999999,0.8754210893722003,0.8754210893722003,0.8754210893722003,0.9841269841269841,0.9841269841269841,0.9841269841269841,0.9841269841269841,0.7804878048780487,0.6507674335544358,0.7422951921866553,0.6965313128705455,0.16,0.24,0.22580645161290322,0.6129032258064516,76.0,0.0,0.0,0.14660347419187444,31.0,0.0,0.0,0.7133068733499398,0.0
gtzan/gtzan_metal_00078/track.npy,gtzan,0.9707602339181286,0.8754433815897325,0.8754433815897325,0.8754433815897325,0.19318181818181818,0.8863636363636364,0.19318181818181818,0.8863636363636364,0.6176470588235294,0.5294420577878105,0.7786546089891402,0.6540483333884753,0.02127659574468085,0.0425531914893617,0.1702127659574468,0.6382978723404256,106.0,0.047619047619047616,0.09523809523809523,0.6834664023893089,55.0,0.0,0.018518518518518517,1.0477007984848883,0.0
gtzan/gtzan_metal_00079/track.npy,gtzan,1.0,0.9262121032717359,0.9262121032717359,0.9262121032717359,1.0,1.0,1.0,1.0,0.8387096774193548,0.7935231809763149,0.7935231809763149,0.7935231809763149,0.4444444444444444,0.4444444444444444,0.4444444444444444,0.4444444444444444,62.0,0.0,0.0,0.04082199452025613,21.0,0.0,0.0,0.7035099675954909,0.0
gtzan/gtzan_metal_00080/track.npy,gtzan,0.8547008547008548,0.8095080273594369,0.8095080273594369,0.8095080273594369,0.47761194029850745,0.4925373134328358,0.47761194029850745,0.4925373134328358,0.8666666666666666,0.8113282624591754,0.8113282624591754,0.8113282624591754,0.47058823529411764,0.47058823529411764,0.47058823529411764,0.47058823529411764,81.0,0.0,0.0,0.1625189294977749,21.0,0.0,0.0,0.02739897418811434,0.0
gtzan/gtzan_metal_00081/track.npy,gtzan,0.991869918699187,0.848446253956815,0.848446253956815,0.848446253956815,0.6451612903225806,0.9516129032258065,0.6451612903225806,0.9516129032258065,0.6190476190476191,0.5126010092056861,0.6957796213545847,0.6041903152801353,0.037037037037037035,0.037037037037037035,0.6896551724137931,0.6896551724137931,73.0,0.027777777777777776,0.041666666666666664,1.0307115180885784,33.0,0.0,0.0,1.157452788691043,0.0
gtzan/gtzan_metal_00082/track.npy,gtzan,0.9902912621359222,0.9185699282729253,0.9185699282729253,0.9185699282729253,0.9807692307692307,0.9807692307692307,0.9807692307692307,0.9807692307692307,1.0,0.9509352893831795,0.9509352893831795,0.9509352893831795,1.0,1.0,1.0,1.0,62.0,0.0,0.0,0.08534264459671313,16.0,0.0,0.0,0.020482517081243174,0.0
gtzan/gtzan_metal_00083/track.npy,gtzan,1.0,0.9518441661666098,0.9518441661666098,0.9518441661666098,1.0,1.0,1.0,1.0,0.6857142857142856,0.6414752878236251,0.8770939731918123,0.7592846305077187,0.043478260869565216,0.043478260869565216,0.5217391304347826,0.9130434782608695,59.0,0.0,0.0,0.08004270767353508,28.0,0.0,0.0,0.5175255025552467,0.0
gtzan/gtzan_metal_00084/track.npy,gtzan,0.9919999999999999,0.8845280813265832,0.8845280813265832,0.8845280813265832,0.9841269841269841,0.9841269841269841,0.9841269841269841,0.9841269841269841,0.6382978723404256,0.5363341159456647,0.8139926350344855,0.6751633754900751,0.0,0.0,0.90625,0.90625,75.0,0.0,0.0,0.10008345855698919,38.0,0.0,0.0,0.03102206458644606,0.0
gtzan/gtzan_metal_00085/track.npy,gtzan,1.0,0.8854035801007503,0.8854035801007503,0.8854035801007503,1.0,1.0,1.0,1.0,0.7407407407407407,0.5844294723720621,0.7113335357549999,0.6478815040635311,0.17647058823529413,0.17647058823529413,0.42105263157894735,0.6842105263157895,51.0,0.0,0.0,0.08866676518074273,21.0,0.0,0.0,0.6940129868342568,0.0
gtzan/gtzan_metal_00086/track.npy,gtzan,1.0,0.9494404461313594,0.9494404461313594,0.9494404461313594,1.0,1.0,1.0,1.0,0.896551724137931,0.8639903632071518,0.8639903632071518,0.8639903632071518,0.5,0.625,0.5,0.625,61.0,0.0,0.0,0.04099575651011455,18.0,0.0,0.0,0.6854548054345537,0.0
gtzan/gtzan_metal_00087/track.npy,gtzan,1.0,0.9233253306646535,0.9233253306646535,0.9233253306646535,1.0,1.0,1.0,1.0,0.7843137254901961,0.7432712574991842,0.7432712574991842,0.7432712574991842,0.0967741935483871,0.3225806451612903,0.10256410256410256,0.358974358974359,99.0,0.030612244897959183,0.04081632653061224,0.7604416278841841,39.0,0.0,0.0,1.152999031764835,0.0
gtzan/gtzan_metal_00088/track.npy,gtzan,1.0,0.9164089077126873,0.9164089077126873,0.9164089077126873,1.0,1.0,1.0,1.0,0.6842105263157895,0.6183417270091373,0.8879495042245279,0.7531456156168326,0.0,0.0,1.0,1.0,58.0,0.0,0.0,0.07696104113612678,29.0,0.0,0.0,0.03286718476831045,0.0
gtzan/gtzan_metal_00089/track.npy,gtzan,0.9846153846153847,0.8651875259402342,0.8651875259402342,0.8651875259402342,0.6666666666666666,0.9696969696969697,0.6666666666666666,0.9696969696969697,0.4444444444444445,0.3695847621212511,0.5254884939592165,0.44753662804023375,0.0,0.0,0.07142857142857142,0.07142857142857142,39.0,0.02631578947368421,0.02631578947368421,0.43841866069119484,31.0,0.03333333333333333,0.03333333333333333,1.3791702748958736,0.0
gtzan/gtzan_metal_00090/track.npy,gtzan,0.979591836734694,0.7892361622864206,0.7892361622864206,0.7892361622864206,0.40540540540540543,0.9324324324324325,0.40540540540540543,0.9324324324324325,0.6785714285714285,0.5380160166140835,0.5614909951271582,0.5497535058706209,0.02702702702702703,0.13513513513513514,0.10810810810810811,0.2972972972972973,88.0,0.0,0.0,0.5443756676333542,45.0,0.0,0.0,1.369975487598296,0.0
gtzan/gtzan_metal_00091/track.npy,gtzan,0.6307692307692307,0.5491352419582798,0.5755165381165119,0.5623258900373959,0.1232876712328767,0.3150684931506849,0.1232876712328767,0.3150684931506849,0.5555555555555556,0.5095490397072687,0.5095490397072687,0.5095490397072687,0.13636363636363635,0.3181818181818182,0.18518518518518517,0.3181818181818182,83.0,0.08536585365853659,0.23170731707317074,1.4271163556401372,26.0,0.0,0.04,2.1000608288825786,0.0
gtzan/gtzan_metal_00092/track.npy,gtzan,0.9243697478991597,0.8488295653775714,0.8488295653775714,0.8488295653775714,0.45161290322580644,0.7741935483870968,0.45161290322580644,0.7741935483870968,0.33333333333333326,0.25943163662944557,0.25943163662944557,0.25943163662944557,0.13636363636363635,0.13636363636363635,0.13636363636363635,0.13636363636363635,72.0,0.014084507042253521,0.08450704225352113,1.192579790732998,26.0,0.0,0.0,1.0291989340424457,0.0
gtzan/gtzan_metal_00093/track.npy,gtzan,0.9387755102040817,0.8082207585200331,0.8082207585200331,0.8082207585200331,0.4,0.84,0.4,0.84,0.6799999999999999,0.6012991613836569,0.8423208987124301,0.7218100300480434,0.09375,0.09375,0.34285714285714286,0.7714285714285715,90.0,0.033707865168539325,0.06741573033707865,0.6931471805599326,39.0,0.0,0.0,0.6816361905982673,0.0
gtzan/gtzan_metal_00094/track.npy,gtzan,0.8163265306122449,0.6220820055890788,0.6220820055890788,0.6220820055890788,0.37037037037037035,0.5679012345679012,0.37037037037037035,0.5679012345679012,0.5454545454545454,0.40448564266166814,0.5417937269355614,0.4731396847986148,0.02564102564102564,0.05128205128205128,0.358974358974359,0.38461538461538464,95.0,0.09574468085106383,0.19148936170212766,1.2347572207803847,47.0,0.06521739130434782,0.17391304347826086,2.0769257852384584,0.0
gtzan/gtzan_metal_00095/track.npy,gtzan,0.9393939393939394,0.7031086376800995,0.7031086376800995,0.7031086376800995,0.5294117647058824,0.8823529411764706,0.5294117647058824,0.8823529411764706,0.6399999999999999,0.48006482400845873,0.6711285322383733,0.5755966781234161,0.0,0.0,0.47058823529411764,0.8235294117647058,40.0,0.0,0.0,0.5313642662083082,20.0,0.0,0.0,1.4178790764859923,0.0
gtzan/gtzan_metal_00096/track.npy,gtzan,0.8421052631578947,0.703835785994557,0.703835785994557,0.703835785994557,0.6666666666666666,0.6923076923076923,0.6666666666666666,0.6923076923076923,0.5384615384615384,0.47626328327181083,0.6890786469612473,0.582670965116529,0.0,0.0,0.6842105263157895,0.6842105263157895,52.0,0.0392156862745098,0.0784313725490196,1.19199802358001,20.0,0.0,0.0,0.8553694764249179,0.0
gtzan/gtzan_metal_00097/track.npy,gtzan,0.9714285714285714,0.7855565531585117,0.7855565531585117,0.7855565531585117,0.5277777777777778,0.8888888888888888,0.5277777777777778,0.8888888888888888,0.9,0.6769933964278383,0.6769933964278383,0.6769933964278383,0.45454545454545453,0.6363636363636364,0.45454545454545453,0.6363636363636364,45.0,0.045454545454545456,0.045454545454545456,1.2373479005126409,16.0,0.0,0.0,1.2526337696962606,0.0
gtzan/gtzan_metal_00098/track.npy,gtzan,1.0,0.9293461113369845,0.9293461113369845,0.9293461113369845,1.0,1.0,1.0,1.0,0.6666666666666666,0.600141455845776,0.8888996923412478,0.7445205740935119,0.0,0.0,0.9375,0.9375,39.0,0.0,0.0,0.08238592488716043,19.0,0.0,0.0,0.043484674483669696,0.0
gtzan/gtzan_metal_00099/track.npy,gtzan,0.9836065573770492,0.8629206861862411,0.8629206861862411,0.8629206861862411,0.967741935483871,0.967741935483871,0.967741935483871,0.967741935483871,0.6956521739130436,0.582109113105533,0.8354509975103983,0.7087800553079657,0.0,0.0,1.0,1.0,40.0,0.0,0.0,0.7454669193409065,18.0,0.0,0.0,0.04030173493031919,0.0
gtzan/gtzan_pop_00000/track.npy,gtzan,0.6666666666666666,0.6052761878588854,0.9287429486274896,0.7670095682431874,0.0,0.0,0.9821428571428571,0.9821428571428571,0.6666666666666666,0.613104177705524,0.86566025127756,0.739382214491542,0.0,0.0,0.9285714285714286,0.9285714285714286,67.0,0.0,0.0,0.08701137698963579,17.0,0.0,0.0,0.22350034991727968,0.0
gtzan/gtzan_pop_00001/track.npy,gtzan,0.9887640449438202,0.9387549717385243,0.9387549717385243,0.9387549717385243,0.9777777777777777,0.9777777777777777,0.9777777777777777,0.9777777777777777,0.9166666666666666,0.8967703291064438,0.8967703291064438,0.8967703291064438,0.5384615384615384,0.7692307692307693,0.5384615384615384,0.7692307692307693,54.0,0.0,0.0,0.03566566577309491,15.0,0.0,0.0,0.6914163817175498,0.0
gtzan/gtzan_pop_00002/track.npy,gtzan,0.9904761904761905,0.9434527311349256,0.9434527311349256,0.9434527311349256,0.9811320754716981,0.9811320754716981,0.9811320754716981,0.9811320754716981,0.65,0.6258456124585599,0.9344108072972586,0.7801282098779092,0.0,0.0,0.9259259259259259,0.9259259259259259,64.0,0.0,0.0,0.08338160893904922,32.0,0.0,0.0,0.021053409197835646,0.0
gtzan/gtzan_pop_00003/track.npy,gtzan,0.9743589743589743,0.8972268550544998,0.8972268550544998,0.8972268550544998,0.9743589743589743,0.9743589743589743,0.9743589743589743,0.9743589743589743,0.9,0.8196651101327832,0.8196651101327832,0.8196651101327832,1.0,1.0,1.0,1.0,47.0,0.0,0.0,0.056170617318418846,12.0,0.0,0.0,0.012068845588954038,0.0
gtzan/gtzan_pop_00004/track.npy,gtzan,1.0,0.915963346722371,0.915963346722371,0.915963346722371,1.0,1.0,1.0,1.0,0.6666666666666666,0.6223929131616108,0.8826742562337407,0.7525335846976757,0.0,0.0,0.9375,0.9375,40.0,0.0,0.0,0.08004270767353472,20.0,0.0,0.0,0.0266682470821607,0.0
gtzan/gtzan_pop_00005/track.npy,gtzan,0.9859154929577464,0.8776218760384623,0.8776218760384623,0.8776218760384623,0.8611111111111112,0.9444444444444444,0.8611111111111112,0.9444444444444444,0.8571428571428571,0.7341976489129534,0.7341976489129534,0.7341976489129534,0.3333333333333333,0.5,0.3333333333333333,0.5,47.0,0.06521739130434782,0.06521739130434782,1.6710067453430042,17.0,0.0,0.0,0.9899497209407373,0.0
gtzan/gtzan_pop_00006/track.npy,gtzan,0.9743589743589743,0.9259440063986517,0.9259440063986517,0.9259440063986517,0.9743589743589743,0.9743589743589743,0.9743589743589743,0.9743589743589743,0.9,0.8480270796482451,0.8480270796482451,0.8480270796482451,1.0,1.0,1.0,1.0,47.0,0.0,0.0,0.06252035698133512,12.0,0.0,0.0,0.016416694317866833,0.0
gtzan/gtzan_pop_00007/track.npy,gtzan,0.72,0.6574716004034692,0.8622964257824937,0.7598840130929814,0.041666666666666664,0.125,0.5660377358490566,0.7924528301886793,0.6,0.5596479252179197,0.8043044708265596,0.6819761980222396,0.0,0.0,0.7142857142857143,0.7142857142857143,59.0,0.0,0.0,0.7235437382950745,17.0,0.0,0.0,0.6602140605066015,0.0
gtzan/gtzan_pop_00008/track.npy,gtzan,1.0,0.9437501854051754,0.9437501854051754,0.9437501854051754,1.0,1.0,1.0,1.0,0.6666666666666666,0.6318331246867613,0.8362551069384755,0.7340441158126184,0.0625,0.0625,0.5,0.8125,42.0,0.0,0.0,0.029540825676106098,19.0,0.0,0.0,0.7001647532185926,0.0
gtzan/gtzan_pop_00009/track.npy,gtzan,0.9885057471264368,0.8936903938422617,0.8936903938422617,0.8936903938422617,0.9772727272727273,0.9772727272727273,0.9772727272727273,0.9772727272727273,0.9523809523809523,0.885135210234254,0.885135210234254,0.885135210234254,0.9090909090909091,0.9090909090909091,0.9090909090909091,0.9090909090909091,52.0,0.0,0.0,0.035091319811275556,13.0,0.0,0.0,0.008810629682153848,0.0
gtzan/gtzan_pop_00010/track.npy,gtzan,0.9777777777777777,0.8872966295320115,0.8872966295320115,0.8872966295320115,0.9777777777777777,0.9777777777777777,0.9777777777777777,0.9777777777777777,0.8148148148148148,0.7416550693256558,0.7416550693256558,0.7416550693256558,0.125,0.375,0.23809523809523808,0.42857142857142855,54.0,0.0,0.0,0.07145896398214498,20.0,0.0,0.0,0.6944805226725347,0.0
gtzan/gtzan_pop_00011/track.npy,gtzan,0.2413793103448276,0.13872259658155145,0.18235446356919044,0.16053853007537094,0.09090909090909091,0.09090909090909091,0.09090909090909091,0.09090909090909091,0.08333333333333333,0.01967552180543912,0.020596682563895168,0.020136102184667146,0.0,0.0,0.05555555555555555,0.05555555555555555,41.0,0.025,0.05,1.5815061031646973,24.0,0.043478260869565216,0.043478260869565216,1.8314476049061308,0.0
gtzan/gtzan_pop_00012/track.npy,gtzan,0.9411764705882352,0.7674026551053175,0.7674026551053175,0.7674026551053175,0.45454545454545453,0.8863636363636364,0.45454545454545453,0.8863636363636364,0.5294117647058824,0.4509003448321989,0.4509003448321989,0.4509003448321989,0.047619047619047616,0.047619047619047616,0.047619047619047616,0.047619047619047616,52.0,0.0,0.0,0.5422627513779638,25.0,0.0,0.0,1.592166642665375,0.0
gtzan/gtzan_pop_00013/track.npy,gtzan,1.0,0.9296213789666434,0.9296213789666434,0.9296213789666434,1.0,1.0,1.0,1.0,0.6363636363636364,0.5813127391537575,0.8705420815748174,0.7259274103642874,0.0,0.0,0.8666666666666667,0.8666666666666667,36.0,0.0,0.0,0.024097551579060173,18.0,0.0,0.0,0.011976191046715823,0.0
gtzan/gtzan_pop_00014/track.npy,gtzan,0.9896907216494846,0.9577769077409629,0.9577769077409629,0.9577769077409629,0.9795918367346939,0.9795918367346939,0.9795918367346939,0.9795918367346939,0.6666666666666666,0.6355177610018496,0.8967716921005132,0.7661447265511814,0.041666666666666664,0.041666666666666664,0.5416666666666666,0.875,59.0,0.0,0.0,0.07757737444360836,29.0,0.0,0.0,0.5092158386940233,0.0
gtzan/gtzan_pop_00015/track.npy,gtzan,1.0,0.925822420547782,0.925822420547782,0.925822420547782,1.0,1.0,1.0,1.0,0.8148148148148148,0.7609294024004439,0.8003782893427717,0.7806538458716078,0.125,0.375,0.2857142857142857,0.47619047619047616,52.0,0.0,0.0,0.035091319811275556,20.0,0.0,0.0,0.7031795699401656,0.0
gtzan/gtzan_pop_00016/track.npy,gtzan,0.9565217391304348,0.7805349929578915,0.7805349929578915,0.7805349929578915,1.0,1.0,1.0,1.0,0.9166666666666666,0.8037311049246328,0.8037311049246328,0.8037311049246328,1.0,1.0,1.0,1.0,53.0,0.0,0.0,0.11126398863599896,14.0,0.0,0.0,0.031573782108674175,0.0
gtzan/gtzan_pop_00017/track.npy,gtzan,0.6545454545454547,0.543809966721829,0.543809966721829,0.543809966721829,0.109375,0.28125,0.109375,0.28125,0.6857142857142856,0.5949293796656329,0.5949293796656329,0.5949293796656329,0.08695652173913043,0.30434782608695654,0.08695652173913043,0.30434782608695654,75.0,0.05405405405405406,0.1891891891891892,1.4225465785551654,28.0,0.0,0.07407407407407407,2.313134929013967,0.0
gtzan/gtzan_pop_00018/track.npy,gtzan,1.0,0.9753775786339942,0.9753775786339942,0.9753775786339942,1.0,1.0,1.0,1.0,0.7647058823529412,0.7555897260598042,0.9023164237031516,0.828953074881478,0.14285714285714285,0.23809523809523808,0.48,0.64,61.0,0.0,0.0,0.08004270767354893,25.0,0.0,0.0,0.7032995520239631,0.0
gtzan/gtzan_pop_00019/track.npy,gtzan,1.0,0.9327706063648733,0.9327706063648733,0.9327706063648733,1.0,1.0,1.0,1.0,0.6666666666666666,0.6326668352015898,0.9172904150372266,0.7749786251194082,0.0,0.0,0.95,0.95,47.0,0.0,0.0,0.030771658666758572,24.0,0.0,0.0,0.015504186535967662,0.0
gtzan/gtzan_pop_00020/track.npy,gtzan,1.0,0.9280473598611307,0.9280473598611307,0.9280473598611307,1.0,1.0,1.0,1.0,0.7096774193548387,0.6747925977636541,0.8320831050208005,0.7534378513922273,0.1,0.15,0.3333333333333333,0.7142857142857143,54.0,0.0,0.0,0.03636764417088045,24.0,0.0,0.0,0.6841785105771881,0.0
gtzan/gtzan_pop_00021/track.npy,gtzan,0.988235294117647,0.9290476415110419,0.9290476415110419,0.9290476415110419,0.9767441860465116,0.9767441860465116,0.9767441860465116,0.9767441860465116,0.846153846153846,0.7895520993737285,0.7895520993737285,0.7895520993737285,0.26666666666666666,0.4666666666666667,0.26666666666666666,0.4666666666666667,50.0,0.0,0.0,0.03390155167568665,17.0,0.0,0.0,0.7015860492058074,0.0
gtzan/gtzan_pop_00022/track.npy,gtzan,1.0,0.8113576484479723,0.8113576484479723,0.8113576484479723,1.0,1.0,1.0,1.0,0.8148148148148148,0.6515675728826797,0.7020126983251587,0.6767901356039192,0.125,0.375,0.2857142857142857,0.47619047619047616,52.0,0.0,0.0,0.035091319811275556,20.0,0.0,0.0,0.7031795699401695,0.0
gtzan/gtzan_pop_00023/track.npy,gtzan,1.0,0.9047554011752497,0.9047554011752497,0.9047554011752497,1.0,1.0,1.0,1.0,0.9166666666666666,0.8369363890621129,0.8369363890621129,0.8369363890621129,0.7692307692307693,0.7692307692307693,0.7692307692307693,0.7692307692307693,52.0,0.0,0.0,0.06899287148694377,15.0,0.0,0.0,0.28751553223955706,0.0
gtzan/gtzan_pop_00024/track.npy,gtzan,1.0,0.939838256069963,0.939838256069963,0.939838256069963,1.0,1.0,1.0,1.0,0.9600000000000001,0.9239387010204987,0.9239387010204987,0.9239387010204987,0.9230769230769231,0.9230769230769231,0.9230769230769231,0.9230769230769231,59.0,0.0,0.0,0.043030352147422624,16.0,0.0,0.0,0.6972125192518567,0.0
gtzan/gtzan_pop_00025/track.npy,gtzan,1.0,0.9741552280181179,0.9741552280181179,0.9741552280181179,1.0,1.0,1.0,1.0,0.6666666666666666,0.6495215857487582,0.9425240291235004,0.7960228074361293,0.0,0.0,0.9375,0.9375,38.0,0.0,0.0,4.440892098500626e-15,19.0,0.0,0.0,0.002515756441373298,0.0
gtzan/gtzan_pop_00026/track.npy,gtzan,0.96875,0.8959583011509861,0.8959583011509861,0.8959583011509861,0.96875,0.96875,0.96875,0.96875,0.6666666666666666,0.6130172469954304,0.8996118350407558,0.7563145410180931,0.0,0.0,0.9375,0.9375,39.0,0.0,0.0,0.02531780798429384,19.0,0.0,0.0,0.025317807984291563,0.0
gtzan/gtzan_pop_00027/track.npy,gtzan,0.9859154929577464,0.9264184586953825,0.9264184586953825,0.9264184586953825,0.9722222222222222,0.9722222222222222,0.9722222222222222,0.9722222222222222,0.6666666666666666,0.6303470334138824,0.9104307529581768,0.7703888931860297,0.0,0.0,0.9444444444444444,0.9444444444444444,43.0,0.0,0.0,0.02817087696670073,21.0,0.0,0.0,0.01398624197474153,0.0
gtzan/gtzan_pop_00028/track.npy,gtzan,1.0,0.9131524713064587,0.9131524713064587,0.9131524713064587,1.0,1.0,1.0,1.0,1.0,0.9615644460496408,0.9615644460496408,0.9615644460496408,1.0,1.0,1.0,1.0,51.0,0.0,0.0,0.05357544536947695,13.0,0.0,0.0,0.008438868645864794,0.0
gtzan/gtzan_pop_00029/track.npy,gtzan,1.0,0.8549433972716384,0.8549433972716384,0.8549433972716384,1.0,1.0,1.0,1.0,0.6399999999999999,0.5686095756444639,0.8322222026437216,0.7004158891440928,0.0,0.0,0.8823529411764706,0.8823529411764706,40.0,0.0,0.0,0.026668247082165475,20.0,0.0,0.0,1.1657341758564144e-15,0.0
gtzan/gtzan_pop_00030/track.npy,gtzan,1.0,0.9444456338743226,0.9444456338743226,0.9444456338743226,1.0,1.0,1.0,1.0,1.0,0.9582846785700638,0.9582846785700638,0.9582846785700638,1.0,1.0,1.0,1.0,48.0,0.0,0.0,0.032789822822992545,12.0,0.0,0.0,0.007905179507112853,0.0
gtzan/gtzan_pop_00031/track.npy,gtzan,1.0,0.8661244318833837,0.8661244318833837,0.8661244318833837,1.0,1.0,1.0,1.0,1.0,0.8653101027692314,0.8653101027692314,0.8653101027692314,1.0,1.0,1.0,1.0,48.0,0.0,0.0,0.09531017980432266,12.0,0.0,0.0,0.020130850275185738,0.0
gtzan/gtzan_pop_00032/track.npy,gtzan,1.0,0.948925865151493,0.948925865151493,0.948925865151493,1.0,1.0,1.0,1.0,0.6666666666666666,0.6491939153408325,0.9331011513935252,0.7911475333671789,0.0,0.0,0.95,0.95,48.0,0.0,0.0,0.031748698314585266,24.0,0.0,0.0,0.030961280466175377,0.0
gtzan/gtzan_pop_00033/track.npy,gtzan,0.5161290322580645,0.4781847973469602,0.6625999178178418,0.570392357582401,0.11538461538461539,0.21153846153846154,0.25,0.2716049382716049,0.39999999999999997,0.32195891058537324,0.32195891058537324,0.32195891058537324,0.15789473684210525,0.3684210526315789,0.23809523809523808,0.3684210526315789,61.0,0.0,0.0,0.7952876570046854,21.0,0.0,0.0,2.090897841126418,0.0
gtzan/gtzan_pop_00034/track.npy,gtzan,0.9873417721518987,0.9204711018316771,0.9204711018316771,0.9204711018316771,0.975,0.975,0.975,0.975,1.0,0.9762117967711585,0.9762117967711585,0.9762117967711585,1.0,1.0,1.0,1.0,48.0,0.0,0.0,0.06453852113757197,12.0,0.0,0.0,6.661338147750939e-16,0.0
gtzan/gtzan_pop_00035/track.npy,gtzan,1.0,0.9187010560019244,0.9187010560019244,0.9187010560019244,1.0,1.0,1.0,1.0,0.8148148148148148,0.7625651647634588,0.7712306642670188,0.7668979145152388,0.1875,0.4375,0.19047619047619047,0.4375,54.0,0.0,0.0,0.07145896398214498,18.0,0.0,0.0,0.695409639439925,0.0
gtzan/gtzan_pop_00036/track.npy,gtzan,1.0,0.9084153878432634,0.9084153878432634,0.9084153878432634,1.0,1.0,1.0,1.0,0.9523809523809523,0.8531289135975529,0.8531289135975529,0.8531289135975529,0.9090909090909091,0.9090909090909091,0.9090909090909091,0.9090909090909091,49.0,0.0,0.0,0.032789822822996084,13.0,0.0,0.0,0.3425249851636645,0.0
gtzan/gtzan_pop_00037/track.npy,gtzan,1.0,0.9320266294026105,0.9320266294026105,0.9320266294026105,1.0,1.0,1.0,1.0,0.7857142857142858,0.7311083228994396,0.7812727447400792,0.7561905338197594,0.11764705882352941,0.35294117647058826,0.2857142857142857,0.47619047619047616,52.0,0.0,0.0,0.06899287148695299,20.0,0.0,0.0,0.7105389232718143,0.0
gtzan/gtzan_pop_00038/track.npy,gtzan,1.0,0.9104905965771184,0.9104905965771184,0.9104905965771184,1.0,1.0,1.0,1.0,0.6428571428571429,0.6027601084329021,0.8792758560298729,0.7410179822313875,0.0,0.0,0.8947368421052632,0.8947368421052632,47.0,0.0,0.0,0.030771658666754253,23.0,0.0,0.0,0.015504186535967662,0.0
gtzan/gtzan_pop_00039/track.npy,gtzan,1.0,0.8689416293302648,0.8689416293302648,0.8689416293302648,1.0,1.0,1.0,1.0,0.782608695652174,0.6402988528473493,0.7656969809440578,0.7029979168957036,0.07142857142857142,0.21428571428571427,0.23529411764705882,0.6470588235294118,41.0,0.0,0.0,0.030216061884785192,17.0,0.0,0.0,0.700067623404518,0.0
gtzan/gtzan_pop_00040/track.npy,gtzan,0.6923076923076924,0.6367827426662992,0.8912524346243627,0.7640175886453309,0.0392156862745098,0.058823529411764705,0.39622641509433965,0.8867924528301887,0.4799999999999999,0.4117720956054971,0.6691157334162878,0.5404439145108925,0.0,0.0,0.3684210526315789,0.3684210526315789,62.0,0.0,0.0,0.6286086594223717,24.0,0.0,0.0,1.1422701317326116,0.0
gtzan/gtzan_pop_00041/track.npy,gtzan,0.6,0.5091995373135125,0.7268686139964305,0.6180340756549716,0.0,0.0,0.7872340425531915,0.8936170212765957,0.5555555555555556,0.5390832275544832,0.712585629180429,0.6258344283674562,0.0,0.0,0.9166666666666666,0.9166666666666666,56.0,0.03636363636363636,0.03636363636363636,1.5723164240830183,14.0,0.0,0.0,0.030740673066125365,0.0
gtzan/gtzan_pop_00042/track.npy,gtzan,1.0,0.9297661370410548,0.9297661370410548,0.9297661370410548,1.0,1.0,1.0,1.0,1.0,0.9289076781943031,0.9289076781943031,0.9289076781943031,1.0,1.0,1.0,1.0,47.0,0.0,0.0,0.03077165866675551,12.0,0.0,0.0,0.015504186535966002,0.0
gtzan/gtzan_pop_00043/track.npy,gtzan,0.6666666666666666,0.49251604112822306,0.7321074153151956,0.6123117282217093,0.0,0.0,0.9821428571428571,0.9821428571428571,0.9818181818181818,0.7292543647309868,0.7292543647309868,0.7292543647309868,0.9642857142857143,0.9642857142857143,0.9642857142857143,0.9642857142857143,67.0,0.0,0.0,0.044451762570840825,34.0,0.0,0.0,0.044451762570833886,0.0
gtzan/gtzan_pop_00044/track.npy,gtzan,0.98989898989899,0.9297593686918422,0.9297593686918422,0.9297593686918422,0.98,0.98,0.98,0.98,1.0,0.9572209679151316,0.9572209679151316,0.9572209679151316,1.0,1.0,1.0,1.0,60.0,0.0,0.0,0.08004270767353472,15.0,0.0,0.0,0.009950330853167877,0.0
gtzan/gtzan_pop_00045/track.npy,gtzan,1.0,0.924239036066803,0.924239036066803,0.924239036066803,1.0,1.0,1.0,1.0,1.0,0.9262299760689348,0.9262299760689348,0.9262299760689348,1.0,1.0,1.0,1.0,44.0,0.0,0.0,0.028987536873256725,11.0,0.0,0.0,0.007326040092074049,0.0
gtzan/gtzan_pop_00046/track.npy,gtzan,1.0,0.911577545264796,0.911577545264796,0.911577545264796,1.0,1.0,1.0,1.0,0.9473684210526316,0.8965322889147558,0.8965322889147558,0.8965322889147558,0.6,0.8,0.6,0.8,44.0,0.0,0.0,0.05884050002293223,12.0,0.0,0.0,0.7004732206520187,0.0
gtzan/gtzan_pop_00047/track.npy,gtzan,0.9347826086956522,0.8013002387646477,0.8013002387646477,0.8013002387646477,0.9782608695652174,0.9782608695652174,0.9782608695652174,0.9782608695652174,0.8333333333333333,0.726573114123933,0.726573114123933,0.726573114123933,0.46153846153846156,0.6923076923076923,0.46153846153846156,0.6923076923076923,56.0,0.0,0.0,0.10536051565782828,16.0,0.0,0.0,0.6374559294939018,0.0
gtzan/gtzan_pop_00048/track.npy,gtzan,0.9811320754716981,0.9299584618200067,0.9299584618200067,0.9299584618200067,0.9629629629629629,0.9629629629629629,0.9629629629629629,0.9629629629629629,0.8387096774193548,0.7715768027413694,0.7715768027413694,0.7715768027413694,0.2222222222222222,0.5,0.24,0.5,65.0,0.0,0.0,0.04255961441880263,24.0,0.0,0.0,0.7135780755198586,0.0
gtzan/gtzan_pop_00049/track.npy,gtzan,0.6756756756756758,0.6304788919302267,0.9345713067767241,0.7825250993534754,0.02040816326530612,0.02040816326530612,0.6938775510204082,0.9591836734693877,0.6666666666666666,0.6191500319896067,0.8658941439633017,0.7425220879764542,0.0,0.0,0.9166666666666666,0.9166666666666666,59.0,0.0,0.0,0.11778303565638448,15.0,0.0,0.0,0.01375476642115819,0.0
gtzan/gtzan_pop_00050/track.npy,gtzan,0.9508196721311475,0.8371095156826454,0.8371095156826454,0.8371095156826454,0.71875,0.84375,0.71875,0.84375,0.6956521739130436,0.6091777466565251,0.9025403006031635,0.7558590236298444,0.0,0.0,1.0,1.0,38.0,0.0,0.0,0.7166776779701368,18.0,0.0,0.0,0.02325686216426881,0.0
gtzan/gtzan_pop_00051/track.npy,gtzan,0.9473684210526315,0.7882125595412904,0.7882125595412904,0.7882125595412904,0.8958333333333334,0.9375,0.8958333333333334,0.9375,0.8148148148148148,0.6588195361326418,0.6588195361326418,0.6588195361326418,0.5333333333333333,0.5333333333333333,0.5333333333333333,0.5333333333333333,57.0,0.0,0.0,0.1591836788222874,18.0,0.0,0.0,1.5737004047511316,0.0
gtzan/gtzan_pop_00052/track.npy,gtzan,0.9772727272727273,0.894086354411451,0.894086354411451,0.894086354411451,0.9772727272727273,0.9772727272727273,0.9772727272727273,0.9772727272727273,0.6875000000000001,0.6251879775765233,0.8646810117186641,0.7449344946475938,0.047619047619047616,0.047619047619047616,0.47619047619047616,0.9047619047619048,52.0,0.0,0.0,0.0689928714869537,25.0,0.0,0.0,0.6238324625039502,0.0
gtzan/gtzan_pop_00053/track.npy,gtzan,0.27272727272727276,0.20592032186819506,0.2180141331114383,0.21196722748981667,0.01639344262295082,0.01639344262295082,0.01639344262295082,0.03278688524590164,0.15384615384615385,0.12906718380535517,0.15678518022845286,0.14292618201690402,0.0,0.0,0.030303030303030304,0.030303030303030304,75.0,0.02702702702702703,0.0945945945945946,1.1887821195353598,39.0,0.0,0.02631578947368421,1.5886570105072049,0.0
gtzan/gtzan_pop_00054/track.npy,gtzan,1.0,0.8860995735368795,0.8860995735368795,0.8860995735368795,1.0,1.0,1.0,1.0,0.9090909090909091,0.8454722233361021,0.8454722233361021,0.8454722233361021,0.75,0.75,0.75,0.75,50.0,0.02040816326530612,0.02040816326530612,0.032789822822996084,14.0,0.0,0.0,0.3143653332528039,0.0
gtzan/gtzan_pop_00055/track.npy,gtzan,0.9772727272727273,0.90294463107919,0.90294463107919,0.90294463107919,0.9772727272727273,0.9772727272727273,0.9772727272727273,0.9772727272727273,0.7407407407407406,0.7042535724979139,0.7146792174252792,0.7094663949615965,0.1875,0.375,0.1875,0.42857142857142855,53.0,0.0,0.0,0.05204209564911333,21.0,0.0,0.0,0.7018808605286991,0.0
gtzan/gtzan_pop_00056/track.npy,gtzan,1.0,0.9097473197275608,0.9097473197275608,0.9097473197275608,1.0,1.0,1.0,1.0,0.9523809523809523,0.8490497123650969,0.8490497123650969,0.8490497123650969,0.6363636363636364,0.8181818181818182,0.6363636363636364,0.8181818181818182,45.0,0.0,0.0,0.029852963149683213,13.0,0.0,0.0,0.6931746161548932,0.0
gtzan/gtzan_pop_00057/track.npy,gtzan,0.9772727272727273,0.927295270705866,0.927295270705866,0.927295270705866,1.0,1.0,1.0,1.0,0.6666666666666666,0.6263978914455883,0.9216565395164327,0.7740272154810105,0.0,0.0,0.9545454545454546,0.9545454545454546,52.0,0.0,0.0,0.034223095093198944,26.0,0.0,0.0,0.00864691488535593,0.0
gtzan/gtzan_pop_00058/track.npy,gtzan,0.9879518072289156,0.8304412112631269,0.8304412112631269,0.8304412112631269,0.9761904761904762,0.9761904761904762,0.9761904761904762,0.9761904761904762,1.0,0.8866829262662513,0.8866829262662513,0.8866829262662513,1.0,1.0,1.0,1.0,50.0,0.0,0.0,0.06453852113756409,12.0,0.0,0.0,0.012720319988052916,0.0
gtzan/gtzan_pop_00059/track.npy,gtzan,1.0,0.9133383385601826,0.9133383385601826,0.9133383385601826,1.0,1.0,1.0,1.0,0.9523809523809523,0.8925645979976544,0.8925645979976544,0.8925645979976544,0.6363636363636364,0.8181818181818182,0.6363636363636364,0.8181818181818182,45.0,0.0,0.0,0.029852963149681767,13.0,0.0,0.0,0.6931746161548923,0.0
gtzan/gtzan_pop_00060/track.npy,gtzan,0.926829268292683,0.7931383045343156,0.7931383045343156,0.7931383045343156,0.9512195121951219,0.9512195121951219,0.9512195121951219,0.9512195121951219,0.9090909090909091,0.7465235583923925,0.7465235583923925,0.7465235583923925,0.75,0.75,0.75,0.75,50.0,0.02040816326530612,0.02040816326530612,0.032789822822996084,14.0,0.0,0.0,0.3143653332528039,0.0
gtzan/gtzan_pop_00061/track.npy,gtzan,0.975609756097561,0.9402686528128628,0.9402686528128628,0.9402686528128628,0.5476190476190477,0.9047619047619048,0.5476190476190477,0.9047619047619048,0.6666666666666666,0.6481314027392721,0.9443086390945115,0.7962200209168917,0.0,0.0,0.95,0.95,50.0,0.0,0.0,0.7033485209847832,24.0,0.0,0.0,0.016000341346443625,0.0
gtzan/gtzan_pop_00062/track.npy,gtzan,0.9850746268656716,0.5702761719344807,0.5702761719344807,0.5702761719344807,0.9705882352941176,0.9705882352941176,0.9705882352941176,0.9705882352941176,0.6666666666666666,0.33584547054074393,0.46042579625683794,0.39813563339879093,0.0625,0.0625,0.8125,0.8125,41.0,0.0,0.0,0.05421748425873287,20.0,0.0,0.0,0.6884716454589702,0.0
gtzan/gtzan_pop_00063/track.npy,gtzan,0.3614457831325302,0.3115897517153689,0.426239852265959,0.36891480199066395,0.0,0.0,0.03508771929824561,0.19298245614035087,0.29629629629629634,0.25984923916413,0.3747322216835072,0.3172907304238186,0.0,0.0,0.2,0.4,72.0,0.04225352112676056,0.1267605633802817,1.4395965295815678,25.0,0.0,0.041666666666666664,2.166256982207286,0.0
gtzan/gtzan_pop_00064/track.npy,gtzan,0.7238095238095239,0.6042130006548496,0.6042130006548496,0.6042130006548496,0.14814814814814814,0.5185185185185185,0.14814814814814814,0.5185185185185185,0.5714285714285714,0.5103558029073832,0.513050058683335,0.5117029307953591,0.07407407407407407,0.14814814814814814,0.3103448275862069,0.3103448275862069,62.0,0.03278688524590164,0.08196721311475409,1.4435473731094743,32.0,0.0,0.03225806451612903,1.2565394597570487,0.0
gtzan/gtzan_pop_00065/track.npy,gtzan,0.6575342465753424,0.593987884217813,0.8798500063440966,0.7369189452809548,0.0,0.0,0.9387755102040817,0.9591836734693877,0.4799999999999999,0.4366512263104028,0.6640313727905277,0.5503412995504653,0.0,0.0,0.15789473684210525,0.3157894736842105,59.0,0.017241379310344827,0.017241379310344827,0.08669990320024044,21.0,0.0,0.0,1.3872513062215073,0.0
gtzan/gtzan_pop_00066/track.npy,gtzan,1.0,0.9594762591791124,0.9594762591791124,0.9594762591791124,1.0,1.0,1.0,1.0,0.8571428571428571,0.8333658467692779,0.8333658467692779,0.8333658467692779,0.25,0.4166666666666667,0.29411764705882354,0.4166666666666667,41.0,0.0,0.0,0.05406722127027029,15.0,0.0,0.0,0.6999731456303447,0.0
gtzan/gtzan_pop_00067/track.npy,gtzan,1.0,0.9115392340762963,0.9115392340762963,0.9115392340762963,1.0,1.0,1.0,1.0,0.6857142857142856,0.6113942447454532,0.9011308932842873,0.7562625690148703,0.0,0.0,1.0,1.0,57.0,0.0,0.0,0.03774032798285287,28.0,0.0,0.0,0.03306729472980902,0.0
gtzan/gtzan_pop_00068/track.npy,gtzan,0.5934065934065934,0.5179790450486801,0.7383530665052457,0.6281660557769628,0.015625,0.015625,0.125,0.59375,0.358974358974359,0.32512838334738364,0.490495756991983,0.40781207016968335,0.0,0.0,0.0625,0.125,76.0,0.013333333333333334,0.09333333333333334,0.9266326159162281,37.0,0.0,0.027777777777777776,1.795581176961279,0.0
gtzan/gtzan_pop_00069/track.npy,gtzan,1.0,0.9497345878817547,0.9497345878817547,0.9497345878817547,1.0,1.0,1.0,1.0,1.0,0.9709178187184532,0.9709178187184532,0.9709178187184532,1.0,1.0,1.0,1.0,53.0,0.0,0.0,0.035091319811275556,13.0,0.0,0.0,0.008810629682155291,0.0
gtzan/gtzan_pop_00070/track.npy,gtzan,1.0,0.9488468184927268,0.9488468184927268,0.9488468184927268,1.0,1.0,1.0,1.0,0.6842105263157895,0.6699097821263342,0.6699097821263342,0.6699097821263342,0.04,0.04,0.04,0.04,62.0,0.0,0.0,0.08338160893905311,31.0,0.0,0.0,1.1379413794517224,0.0
gtzan/gtzan_pop_00071/track.npy,gtzan,1.0,0.921818263617928,0.921818263617928,0.921818263617928,1.0,1.0,1.0,1.0,0.6857142857142856,0.6270946543380798,0.9254712389384424,0.776282946638261,0.0,0.0,1.0,1.0,57.0,0.0,0.0,0.03774032798285287,28.0,0.0,0.0,0.03306729472980902,0.0
gtzan/gtzan_pop_00072/track.npy,gtzan,1.0,0.8894788543661001,0.8894788543661001,0.8894788543661001,1.0,1.0,1.0,1.0,0.6666666666666666,0.596394265619864,0.8697708503158382,0.733082557967851,0.0,0.0,0.9583333333333334,0.9583333333333334,58.0,0.0,0.0,0.07696104113613333,29.0,0.0,0.0,0.058268908123975706,0.0
gtzan/gtzan_pop_00073/track.npy,gtzan,1.0,0.9116650642332983,0.9116650642332983,0.9116650642332983,1.0,1.0,1.0,1.0,0.962962962962963,0.8906560351480634,0.8906560351480634,0.8906560351480634,0.6428571428571429,0.8571428571428571,0.6428571428571429,0.8571428571428571,64.0,0.0,0.0,0.04255961441879885,18.0,0.0,0.0,0.6931471805599454,0.0
gtzan/gtzan_pop_00074/track.npy,gtzan,0.9714285714285714,0.9304148955024043,0.9304148955024043,0.9304148955024043,0.9714285714285714,0.9714285714285714,0.9714285714285714,0.9714285714285714,0.6399999999999999,0.6310562013845453,0.9200605396379016,0.7755583705112234,0.0,0.0,0.8823529411764706,0.8823529411764706,42.0,0.0,0.0,0.06005045908929362,21.0,0.0,0.0,0.015444955021671432,0.0
gtzan/gtzan_pop_00075/track.npy,gtzan,1.0,0.9541690183014063,0.9541690183014063,0.9541690183014063,1.0,1.0,1.0,1.0,0.6896551724137931,0.6438256930208875,0.9541297523482632,0.7989777226845753,0.0,0.0,1.0,1.0,47.0,0.0,0.0,0.05636602524798302,23.0,0.0,0.0,0.03125254350410653,0.0
gtzan/gtzan_pop_00076/track.npy,gtzan,0.39999999999999997,0.31895499231161195,0.3632421665343913,0.3410985794230016,0.0,0.0,0.0425531914893617,0.1276595744680851,0.07142857142857144,0.03581566990325503,0.14820332418552168,0.09200949704438835,0.0,0.0,0.0,0.0,57.0,0.03571428571428571,0.10714285714285714,1.5180334014667387,26.0,0.0,0.0,1.3293968788469464,0.0
gtzan/gtzan_pop_00077/track.npy,gtzan,1.0,0.9793887744890796,0.9793887744890796,0.9793887744890796,1.0,1.0,1.0,1.0,1.0,0.9819415644450943,0.9819415644450943,0.9819415644450943,1.0,1.0,1.0,1.0,56.0,0.0,0.0,0.06172664542277545,14.0,0.0,0.0,0.009216655104924398,0.0
gtzan/gtzan_pop_00078/track.npy,gtzan,1.0,0.9434630364642722,0.9434630364642722,0.9434630364642722,1.0,1.0,1.0,1.0,0.7096774193548387,0.6788875734056715,0.8827598505275789,0.7808237119666253,0.05,0.1,0.38095238095238093,0.8095238095238095,53.0,0.0,0.0,0.08717669357239005,24.0,0.0,0.0,0.7101060201346585,0.0
gtzan/gtzan_pop_00079/track.npy,gtzan,1.0,0.9070315947362179,0.9070315947362179,0.9070315947362179,1.0,1.0,1.0,1.0,0.7058823529411764,0.6679484905066088,0.9309512594179234,0.799449874962266,0.045454545454545456,0.045454545454545456,0.6086956521739131,0.9130434782608695,56.0,0.0,0.0,0.11332868530700199,27.0,0.0,0.0,0.5433736770323715,0.0
gtzan/gtzan_pop_00080/track.npy,gtzan,0.9565217391304348,0.8021787652309801,0.8021787652309801,0.8021787652309801,1.0,1.0,1.0,1.0,0.8333333333333333,0.667566627343863,0.667566627343863,0.667566627343863,0.46153846153846156,0.6923076923076923,0.46153846153846156,0.6923076923076923,55.0,0.0,0.0,0.08501958465242004,16.0,0.0,0.0,0.6374559294939015,0.0
gtzan/gtzan_pop_00081/track.npy,gtzan,0.9090909090909091,0.7890998257825379,0.7890998257825379,0.7890998257825379,0.2777777777777778,0.6944444444444444,0.2777777777777778,0.6944444444444444,0.6956521739130436,0.6297401242657459,0.8895086020780009,0.7596243631718733,0.0,0.0,1.0,1.0,43.0,0.0,0.023809523809523808,0.6931471805599498,18.0,0.0,0.0,0.012270092591814108,0.0
gtzan/gtzan_pop_00082/track.npy,gtzan,0.9906542056074767,0.9483578346662268,0.9483578346662268,0.9483578346662268,0.9814814814814815,0.9814814814814815,0.9814814814814815,0.9814814814814815,0.962962962962963,0.9290556728031155,0.9290556728031155,0.9290556728031155,0.5714285714285714,0.8571428571428571,0.5714285714285714,0.8571428571428571,64.0,0.0,0.0,0.04255961441879885,17.0,0.0,0.0,0.6815844269206259,0.0
gtzan/gtzan_pop_00083/track.npy,gtzan,1.0,0.9620448840653916,0.9620448840653916,0.9620448840653916,1.0,1.0,1.0,1.0,0.6666666666666666,0.636267045110139,0.9359329240388722,0.7860999845745056,0.0,0.0,0.9615384615384616,0.9615384615384616,62.0,0.0,0.0,0.040821994520261584,31.0,0.0,0.0,0.02061928720273892,0.0
gtzan/gtzan_pop_00084/track.npy,gtzan,1.0,0.8813908158441254,0.8813908158441254,0.8813908158441254,1.0,1.0,1.0,1.0,0.9523809523809523,0.8046084496424636,0.8046084496424636,0.8046084496424636,0.45454545454545453,0.8181818181818182,0.45454545454545453,0.8181818181818182,50.0,0.0,0.0,0.06669137449867363,13.0,0.0,0.0,0.6972965819672923,0.0
gtzan/gtzan_pop_00085/track.npy,gtzan,1.0,0.8962895542453567,0.8962895542453567,0.8962895542453567,1.0,1.0,1.0,1.0,0.4375,0.4068947477340841,0.7927017445133231,0.5997982461237036,0.0,0.0,0.28,0.56,60.0,0.0,0.0,0.0800427076735365,24.0,0.0,0.0,0.6931471805599453,0.0
gtzan/gtzan_pop_00086/track.npy,gtzan,1.0,0.9401680951844447,0.9401680951844447,0.9401680951844447,1.0,1.0,1.0,1.0,0.5641025641025641,0.5296336933404887,0.8750779109261505,0.7023558021333196,0.0,0.0,0.4074074074074074,0.7777777777777778,67.0,0.0,0.0,0.044451762570840825,30.0,0.0,0.0,0.7041970167465299,0.0
gtzan/gtzan_pop_00087/track.npy,gtzan,1.0,0.8264613217946724,0.8264613217946724,0.8264613217946724,1.0,1.0,1.0,1.0,1.0,0.8314584981438194,0.8314584981438194,0.8314584981438194,1.0,1.0,1.0,1.0,51.0,0.0,0.0,0.06899287148694377,13.0,0.0,0.0,0.008510689667909133,0.0
gtzan/gtzan_pop_00088/track.npy,gtzan,1.0,0.8725265809134777,0.8725265809134777,0.8725265809134777,1.0,1.0,1.0,1.0,0.9090909090909091,0.7562790423244162,0.7562790423244162,0.7562790423244162,0.5833333333333334,0.75,0.5833333333333334,0.75,50.0,0.0,0.0,0.06669137449867674,14.0,0.0,0.0,0.6931471805599464,0.0
gtzan/gtzan_pop_00089/track.npy,gtzan,1.0,0.9007382294549581,0.9007382294549581,0.9007382294549581,1.0,1.0,1.0,1.0,0.8148148148148148,0.7162536184391212,0.7550443615466045,0.7356489899928629,0.1875,0.375,0.19047619047619047,0.47619047619047616,50.0,0.0,0.0,0.06669137449867074,18.0,0.0,0.0,0.709954298876327,0.0
gtzan/gtzan_pop_00090/track.npy,gtzan,1.0,0.8335522269244303,0.8335522269244303,0.8335522269244303,1.0,1.0,1.0,1.0,1.0,0.8236902994948405,0.8236902994948405,0.8236902994948405,1.0,1.0,1.0,1.0,51.0,0.0,0.0,0.03390155167568665,13.0,0.0,0.0,0.0085106896679088,0.0
gtzan/gtzan_pop_00091/track.npy,gtzan,1.0,0.9325422395002508,0.9325422395002508,0.9325422395002508,1.0,1.0,1.0,1.0,0.8,0.7664077012611102,0.839585257195889,0.8029964792284996,0.16666666666666666,0.2777777777777778,0.17391304347826086,0.5652173913043478,58.0,0.0,0.0,0.07696104113612678,23.0,0.0,0.0,0.7027166315760944,0.0
gtzan/gtzan_pop_00092/track.npy,gtzan,1.0,0.9141900345526781,0.9141900345526781,0.9141900345526781,1.0,1.0,1.0,1.0,0.9565217391304348,0.8873707264290642,0.8873707264290642,0.8873707264290642,0.9166666666666666,0.9166666666666666,0.9166666666666666,0.9166666666666666,55.0,0.0,0.0,0.050404172095385655,16.0,0.0,0.0,0.2516513487158994,0.0
gtzan/gtzan_pop_00093/track.npy,gtzan,1.0,0.9679942895460606,0.9679942895460606,0.9679942895460606,1.0,1.0,1.0,1.0,0.8484848484848484,0.8014508094778551,0.8014508094778551,0.8014508094778551,0.2631578947368421,0.47368421052631576,0.2631578947368421,0.47368421052631576,67.0,0.0,0.0,0.09017969796249894,22.0,0.0,0.0,0.6836561877843313,0.0
gtzan/gtzan_pop_00094/track.npy,gtzan,1.0,0.8881298093394043,0.8881298093394043,0.8881298093394043,1.0,1.0,1.0,1.0,0.6666666666666666,0.6426579875903122,0.861082884262379,0.7518704359263456,0.0,0.0,0.9375,0.9375,38.0,0.0,0.0,0.05001042057465861,20.0,0.0,0.0,0.12902085515624045,0.0
gtzan/gtzan_pop_00095/track.npy,gtzan,1.0,0.9150115331773379,0.9150115331773379,0.9150115331773379,1.0,1.0,1.0,1.0,1.0,0.9471587551891542,0.9471587551891542,0.9471587551891542,1.0,1.0,1.0,1.0,53.0,0.0,0.0,0.035091319811275556,14.0,0.0,0.0,0.008733679968755593,0.0
gtzan/gtzan_pop_00096/track.npy,gtzan,1.0,0.9236443135419681,0.9236443135419681,0.9236443135419681,1.0,1.0,1.0,1.0,0.8,0.739475330699524,0.811837672299792,0.7756565014996579,0.26666666666666666,0.26666666666666666,0.5789473684210527,0.5789473684210527,46.0,0.0,0.0,0.06062462181643859,19.0,0.0,0.0,0.15084341381661961,0.0
gtzan/gtzan_pop_00097/track.npy,gtzan,1.0,0.7867060180936809,0.7867060180936809,0.7867060180936809,1.0,1.0,1.0,1.0,1.0,0.7706020495637611,0.7706020495637611,0.7706020495637611,1.0,1.0,1.0,1.0,50.0,0.0,0.0,0.06669137449867264,12.0,0.0,0.0,0.008230499136516444,0.0
gtzan/gtzan_pop_00098/track.npy,gtzan,1.0,0.9080790609846839,0.9080790609846839,0.9080790609846839,1.0,1.0,1.0,1.0,0.888888888888889,0.7990196666398651,0.7990196666398651,0.7990196666398651,0.6,0.6,0.6,0.6,57.0,0.0,0.0,0.07696104113612837,20.0,0.0,0.0,0.13666841578761768,0.0
gtzan/gtzan_pop_00099/track.npy,gtzan,1.0,0.9201167288600435,0.9201167288600435,0.9201167288600435,1.0,1.0,1.0,1.0,0.6399999999999999,0.6047637602828225,0.8854989888278585,0.7451313745553405,0.0,0.0,0.8823529411764706,0.8823529411764706,39.0,0.0,0.0,0.05264373348542198,20.0,0.0,0.0,0.013245226750020364,0.0
gtzan/gtzan_reggae_00000/track.npy,gtzan,1.0,0.9255242664048446,0.9255242664048446,0.9255242664048446,1.0,1.0,1.0,1.0,0.6486486486486487,0.6027508675231649,0.8941783337374115,0.7484646006302882,0.0,0.0,0.92,0.92,62.0,0.0,0.0,0.0408219945202581,31.0,0.0,0.0,0.04082199452025572,0.0
gtzan/gtzan_reggae_00001/track.npy,gtzan,0.6888888888888889,0.6244790894706356,0.8180403242502747,0.7212597068604552,0.06896551724137931,0.1206896551724138,0.30158730158730157,0.7619047619047619,0.41025641025641024,0.3590013248133873,0.5597692046779198,0.45938526474565355,0.0,0.0,0.03225806451612903,0.0967741935483871,71.0,0.0,0.0,0.7191226669632073,38.0,0.0,0.0,1.2338056578128354,0.0
gtzan/gtzan_reggae_00002/track.npy,gtzan,0.6666666666666666,0.6319043209675664,0.9478564813942585,0.7898804011809124,0.0,0.0,1.0,1.0,0.9767441860465117,0.923327576436231,0.923327576436231,0.923327576436231,0.5,0.9090909090909091,0.5,0.9090909090909091,52.0,0.0,0.0,0.05373717323289542,25.0,0.0,0.0,0.6350064494333189,0.0
gtzan/gtzan_reggae_00003/track.npy,gtzan,0.991869918699187,0.8873216056218881,0.8873216056218881,0.8873216056218881,0.9838709677419355,0.9838709677419355,0.9838709677419355,0.9838709677419355,0.0,5.6679453681854375e-83,0.8276184454161818,0.4138092227080909,0.0,0.0,0.9333333333333333,0.9333333333333333,75.0,0.0,0.0,0.10008345855698031,19.0,0.0,0.0,0.014938276439929834,0.0
gtzan/gtzan_reggae_00004/track.npy,gtzan,0.9807692307692307,0.930086018949233,0.930086018949233,0.930086018949233,0.9807692307692307,0.9807692307692307,0.9807692307692307,0.9807692307692307,0.4406779661016949,0.41836075499756337,0.6154036829996454,0.5168822189986044,0.0,0.0,0.043478260869565216,0.08695652173913043,63.0,0.0,0.0,0.08338160893905111,55.0,0.0,0.0,0.701394895441038,0.0
gtzan/gtzan_reggae_00005/track.npy,gtzan,1.0,0.9707015342499317,0.9707015342499317,0.9707015342499317,1.0,1.0,1.0,1.0,0.5,0.4885717318292695,0.8545212438145185,0.671546487821894,0.0,0.0,0.41935483870967744,0.6774193548387096,79.0,0.0,0.0,0.10536051565782545,35.0,0.0,0.0,0.6931471805599441,0.0
gtzan/gtzan_reggae_00006/track.npy,gtzan,0.9586776859504132,0.8960387370992294,0.8960387370992294,0.8960387370992294,0.6290322580645161,0.8709677419354839,0.6290322580645161,0.8709677419354839,0.6521739130434783,0.6067349149740044,0.9238888440439478,0.7653118795089762,0.0,0.0,0.8064516129032258,0.9354838709677419,72.0,0.0,0.0,0.65726681229234,36.0,0.0,0.0,0.27956694559161077,0.0
gtzan/gtzan_reggae_00007/track.npy,gtzan,0.9841269841269841,0.9339080855832738,0.9339080855832738,0.9339080855832738,0.96875,0.96875,0.96875,0.96875,0.7111111111111111,0.6669185268723968,0.9165947755611507,0.7917566512167737,0.034482758620689655,0.06896551724137931,0.6774193548387096,0.8709677419354839,76.0,0.0,0.0,0.15415067982725902,35.0,0.0,0.0,0.6779564957693761,0.0
gtzan/gtzan_reggae_00008/track.npy,gtzan,0.8142857142857142,0.7368578503606683,0.7368578503606683,0.7368578503606683,0.14814814814814814,0.4074074074074074,0.1694915254237288,0.4074074074074074,0.6071428571428571,0.5407613416506337,0.6501495204711807,0.5954554310609073,0.14285714285714285,0.2,0.14634146341463414,0.34146341463414637,69.0,0.014705882352941176,0.014705882352941176,0.8266785731844692,40.0,0.0,0.0,1.490477106631801,0.0
gtzan/gtzan_reggae_00009/track.npy,gtzan,1.0,0.9477023350507017,0.9477023350507017,0.9477023350507017,1.0,1.0,1.0,1.0,0.6799999999999999,0.6525764673458544,0.9419676198332692,0.7972720435895617,0.0,0.0,1.0,1.0,79.0,0.0,0.0,0.12148429398774027,39.0,0.0,0.0,0.1053605156578265,0.0
gtzan/gtzan_reggae_00010/track.npy,gtzan,1.0,0.9230852921465783,0.9230852921465783,0.9230852921465783,1.0,1.0,1.0,1.0,0.8275862068965517,0.7836206319277071,0.7836206319277071,0.7836206319277071,0.29411764705882354,0.4117647058823529,0.29411764705882354,0.4117647058823529,58.0,0.0,0.0,0.1133286853070013,21.0,0.0,0.0,0.7131343495656226,0.0
gtzan/gtzan_reggae_00011/track.npy,gtzan,1.0,0.9114423103095122,0.9114423103095122,0.9114423103095122,1.0,1.0,1.0,1.0,0.18181818181818182,0.16157306976000485,0.16157306976000485,0.16157306976000485,0.0,0.0,0.0,0.0,63.0,0.0,0.0,0.04255961441879641,35.0,0.0,0.0,0.7357067949787391,0.0
gtzan/gtzan_reggae_00012/track.npy,gtzan,0.6707317073170732,0.6082798893792221,0.9068888667393493,0.7575843780592857,0.0,0.0,1.0,1.0,0.07017543859649124,0.06890590245297011,0.8481835317361204,0.45854471709454525,0.0,0.0,0.36666666666666664,0.8,66.0,0.0,0.0,0.044451762570840825,34.0,0.0,0.0,0.7131504737168172,0.0
gtzan/gtzan_reggae_00013/track.npy,gtzan,0.9902912621359222,0.9309134077494061,0.9309134077494061,0.9309134077494061,0.9807692307692307,0.9807692307692307,0.9807692307692307,0.9807692307692307,0.6341463414634146,0.6009639231038928,0.89570465407312,0.7483342885885065,0.0,0.0,0.2857142857142857,0.8214285714285714,63.0,0.0,0.0,0.040821994520261584,34.0,0.0,0.0,0.7024258598011783,0.0
gtzan/gtzan_reggae_00014/track.npy,gtzan,0.9908256880733944,0.8395008408271332,0.8395008408271332,0.8395008408271332,0.9818181818181818,0.9818181818181818,0.9818181818181818,0.9818181818181818,0.13333333333333333,0.11210726104761036,0.8067259309362066,0.4594165959919085,0.0,0.0,0.75,0.75,66.0,0.0,0.0,0.0870113769896301,19.0,0.0,0.0,0.17341752566377622,0.0
gtzan/gtzan_reggae_00015/track.npy,gtzan,1.0,0.9580999399663366,0.9580999399663366,0.9580999399663366,1.0,1.0,1.0,1.0,0.0,6.77356352495887e-30,0.10885547181127994,0.05442773590563997,0.0,0.0,0.0,0.0,63.0,0.0,0.0,0.08338160893905311,27.0,0.0,0.0,1.320380906735696,0.0
gtzan/gtzan_reggae_00016/track.npy,gtzan,0.9914529914529915,0.914387441005552,0.914387441005552,0.914387441005552,0.9830508474576272,0.9830508474576272,0.9830508474576272,0.9830508474576272,0.42553191489361697,0.39623203974020227,0.39623203974020227,0.39623203974020227,0.0,0.0,0.0,0.0,71.0,0.0,0.0,0.0953101798043221,39.0,0.0,0.0,1.1017619600617419,0.0
gtzan/gtzan_reggae_00017/track.npy,gtzan,0.9904761904761905,0.8392107358124115,0.8392107358124115,0.8392107358124115,0.9811320754716981,0.9811320754716981,0.9811320754716981,0.9811320754716981,0.0,4.9994619573689804e-29,0.5309391259852391,0.26546956299261953,0.0,0.0,0.034482758620689655,0.06896551724137931,64.0,0.0,0.0,0.12783337150988394,34.0,0.0,0.0,1.242002975062723,0.0
gtzan/gtzan_reggae_00018/track.npy,gtzan,0.9922480620155039,0.9301766138268668,0.9301766138268668,0.9301766138268668,0.9846153846153847,0.9846153846153847,0.9846153846153847,0.9846153846153847,0.22222222222222224,0.2031791333582769,0.7964340666069045,0.4998065999825907,0.0,0.0,0.5,0.6,78.0,0.0,0.0,0.105360515657833,24.0,0.0,0.0,0.7062192621273,0.0
gtzan/gtzan_reggae_00019/track.npy,gtzan,0.9917355371900827,0.917827330092054,0.917827330092054,0.917827330092054,0.9836065573770492,0.9836065573770492,0.9836065573770492,0.9836065573770492,0.967741935483871,0.8773017393310474,0.8773017393310474,0.8773017393310474,0.6875,0.875,0.6875,0.875,74.0,0.0,0.0,0.10008345855697562,21.0,0.0,0.0,0.6931471805599443,0.0
gtzan/gtzan_reggae_00020/track.npy,gtzan,0.9906542056074767,0.9159017596913367,0.9159017596913367,0.9159017596913367,0.9814814814814815,0.9814814814814815,0.9814814814814815,0.9814814814814815,0.65,0.5990976669426307,0.9021616898947568,0.7506296784186937,0.0,0.0,0.9259259259259259,0.9259259259259259,65.0,0.0,0.0,0.08256620073253852,33.0,0.0,0.0,0.04255961441879403,0.0
gtzan/gtzan_reggae_00021/track.npy,gtzan,1.0,0.8006431782851846,0.8006431782851846,0.8006431782851846,0.8615384615384616,0.9846153846153847,0.8615384615384616,0.9846153846153847,0.22222222222222224,0.21882451652312163,0.66089506837594,0.43985979244953083,0.0,0.0,0.55,0.55,78.0,0.0,0.0,0.11755805670018737,23.0,0.0,0.0,0.025975486403264747,0.0
gtzan/gtzan_reggae_00022/track.npy,gtzan,0.991869918699187,0.8908662750124803,0.8908662750124803,0.8908662750124803,0.9838709677419355,0.9838709677419355,0.9838709677419355,0.9838709677419355,0.0,3.3815781175064613e-19,4.0574561795146474e-19,3.719517148510554e-19,0.0,0.0,0.0,0.0,75.0,0.0,0.0,0.04879016416943971,38.0,0.0,0.0,0.02469261259037539,0.0
gtzan/gtzan_reggae_00023/track.npy,gtzan,1.0,0.9108371816243426,0.9108371816243426,0.9108371816243426,1.0,1.0,1.0,1.0,0.4117647058823529,0.3529041202749897,0.7712433558766112,0.5620737380758004,0.0,0.0,0.25925925925925924,0.48148148148148145,65.0,0.0,0.0,0.07948862430222764,25.0,0.0,0.0,0.692077651648269,0.0
gtzan/gtzan_reggae_00024/track.npy,gtzan,0.9824561403508771,0.894521020798241,0.894521020798241,0.894521020798241,0.9655172413793104,0.9655172413793104,0.9655172413793104,0.9655172413793104,0.6190476190476191,0.5387071100178568,0.8470280077455735,0.6928675588817151,0.0,0.0,0.9285714285714286,0.9285714285714286,70.0,0.0,0.0,0.12420382547536722,34.0,0.0,0.0,0.3550646806502814,0.0
gtzan/gtzan_reggae_00025/track.npy,gtzan,0.98989898989899,0.8920336379668847,0.8920336379668847,0.8920336379668847,0.98,0.98,0.98,0.98,0.33333333333333337,0.3246398530658049,0.6889401737665859,0.5067900134161953,0.0,0.0,0.2777777777777778,0.391304347826087,60.0,0.0,0.0,0.08004270767353472,24.0,0.0,0.0,0.6921570491951363,0.0
gtzan/gtzan_reggae_00026/track.npy,gtzan,0.9913043478260869,0.8978148736430085,0.8978148736430085,0.8978148736430085,0.9827586206896551,0.9827586206896551,0.9827586206896551,0.9827586206896551,0.6511627906976745,0.6143436570663108,0.9246623492806918,0.7695030031735013,0.0,0.0,0.9310344827586207,0.9310344827586207,69.0,0.0,0.0,0.09400865932473995,35.0,0.0,0.0,0.05550915797571834,0.0
gtzan/gtzan_reggae_00027/track.npy,gtzan,0.9824561403508771,0.9159050684469381,0.9159050684469381,0.9159050684469381,0.9824561403508771,0.9824561403508771,0.9824561403508771,0.9824561403508771,0.717948717948718,0.6746445237954972,0.8675661858198679,0.7711053548076825,0.08,0.12,0.5185185185185185,0.7777777777777778,68.0,0.0,0.0,0.04600295236888216,31.0,0.0,0.0,0.7021615738319293,0.0
gtzan/gtzan_reggae_00028/track.npy,gtzan,0.761904761904762,0.7351108684426687,0.8682359956756044,0.8016734320591365,0.06153846153846154,0.24615384615384617,0.175,0.6,1.0,0.9694597893727804,0.9694597893727804,0.9694597893727804,1.0,1.0,1.0,1.0,47.0,0.0,0.0,0.741596054856821,20.0,0.0,0.0,0.013072081567353844,0.0
gtzan/gtzan_reggae_00029/track.npy,gtzan,1.0,0.9031254475561952,0.9031254475561952,0.9031254475561952,1.0,1.0,1.0,1.0,0.6274509803921569,0.5640413861844049,0.7094173977376177,0.6367293919610113,0.02857142857142857,0.02857142857142857,0.2,0.45714285714285713,75.0,0.0,0.0,0.10008345855698364,43.0,0.0,0.0,1.0986122886681082,0.0
gtzan/gtzan_reggae_00030/track.npy,gtzan,1.0,0.8954096928144745,0.8954096928144745,0.8954096928144745,1.0,1.0,1.0,1.0,0.40625,0.3823569381386942,0.6174748586187929,0.49991589837874356,0.0,0.0,0.061224489795918366,0.1836734693877551,76.0,0.0,0.0,0.15707956721194305,61.0,0.0,0.0,0.7498471970745263,0.0
gtzan/gtzan_reggae_00031/track.npy,gtzan,0.7889908256880734,0.7146939835546893,0.7819495851384822,0.7483217843465857,0.18181818181818182,0.30303030303030304,0.23255813953488372,0.5348837209302325,0.888888888888889,0.8180159264543355,0.8180159264543355,0.8180159264543355,0.4,0.55,0.4,0.55,55.0,0.0,0.0,0.7731898882334847,28.0,0.0,0.0,1.271465593544732,0.0
gtzan/gtzan_reggae_00032/track.npy,gtzan,0.9841269841269841,0.9018073761278915,0.9018073761278915,0.9018073761278915,0.9682539682539683,0.9682539682539683,0.9682539682539683,0.9682539682539683,0.38235294117647056,0.34259063159621794,0.4544847123895645,0.39853767199289125,0.0,0.0,0.019230769230769232,0.019230769230769232,76.0,0.0,0.0,0.10193042854227942,65.0,0.0,0.0,0.6931471805599498,0.0
gtzan/gtzan_reggae_00033/track.npy,gtzan,0.9863013698630138,0.9527269794262664,0.9527269794262664,0.9527269794262664,0.972972972972973,0.972972972972973,0.972972972972973,0.972972972972973,0.5294117647058824,0.5179408434625823,0.5179408434625823,0.5179408434625823,0.04,0.04,0.04,0.04,45.0,0.0,0.0,0.058840500022934575,30.0,0.0,0.0,1.1592509648236975,0.0
gtzan/gtzan_reggae_00034/track.npy,gtzan,0.6722689075630253,0.6397003754600792,0.9515543084961069,0.795627341978093,0.0,0.0,1.0,1.0,1.0,0.9402565485581288,0.9402565485581288,0.9402565485581288,1.0,1.0,1.0,1.0,47.0,0.0,0.0,0.06252035698133257,23.0,0.0,0.0,0.693147180559945,0.0
gtzan/gtzan_reggae_00035/track.npy,gtzan,1.0,0.9006234468732427,0.9006234468732427,0.9006234468732427,1.0,1.0,1.0,1.0,0.0,4.327054638539461e-69,0.8718833227357597,0.4359416613678799,0.0,0.0,0.9411764705882353,0.9411764705882353,81.0,0.0,0.0,0.1625189294977718,21.0,0.0,0.0,0.0273989741881151,0.0
gtzan/gtzan_reggae_00036/track.npy,gtzan,0.6545454545454545,0.5985517204100179,0.8897390438525471,0.7441453821312825,0.0,0.0,0.972972972972973,0.972972972972973,0.7999999999999999,0.7088003434346697,0.7088003434346697,0.7088003434346697,0.18181818181818182,0.45454545454545453,0.18181818181818182,0.45454545454545453,44.0,0.0,0.0,0.02898753687325417,27.0,0.0,0.0,0.719256969942773,0.0
gtzan/gtzan_reggae_00037/track.npy,gtzan,1.0,0.9184892902042661,0.9184892902042661,0.9184892902042661,0.984375,0.984375,0.984375,0.984375,0.0,6.389622142128022e-82,0.9326401403248131,0.46632007016240656,0.0,0.0,0.9375,0.9375,77.0,0.0,0.0,0.10166657568724032,20.0,0.0,0.0,0.025317807984291563,0.0
gtzan/gtzan_reggae_00038/track.npy,gtzan,1.0,0.960321734423,0.960321734423,0.960321734423,1.0,1.0,1.0,1.0,0.6666666666666666,0.6324673441456011,0.9309822769766145,0.7817248105611079,0.0,0.0,0.95,0.95,48.0,0.0,0.0,0.08761726513763515,25.0,0.0,0.0,0.61445986315126,0.0
gtzan/gtzan_reggae_00039/track.npy,gtzan,0.6868686868686867,0.49517182928986525,0.6881277484654298,0.5916497888776475,0.078125,0.078125,0.8285714285714286,0.8285714285714286,0.9696969696969697,0.6614954039857478,0.6614954039857478,0.6614954039857478,0.9411764705882353,0.9411764705882353,0.9411764705882353,0.9411764705882353,48.0,0.0,0.0,0.1604268670801467,23.0,0.0,0.0,1.0159205728229956,0.0
gtzan/gtzan_reggae_00040/track.npy,gtzan,0.4482758620689655,0.3583884017585497,0.4301051895207157,0.3942467956396327,0.012987012987012988,0.025974025974025976,0.025974025974025976,0.18181818181818182,0.1875,0.14312091120997011,0.14312091120997011,0.14312091120997011,0.0,0.0,0.0,0.0,95.0,0.13829787234042554,0.3191489361702128,1.343734746701103,64.0,0.07936507936507936,0.15873015873015872,1.6845119371710924,0.0
gtzan/gtzan_reggae_00041/track.npy,gtzan,1.0,0.9195240462043653,0.9195240462043653,0.9195240462043653,1.0,1.0,1.0,1.0,0.7111111111111111,0.6460147939912596,0.8926234840769164,0.769319139034088,0.06896551724137931,0.06896551724137931,0.6451612903225806,0.8709677419354839,73.0,0.0,0.0,0.14660347419186348,35.0,0.0,0.0,0.32172365551621007,0.0
gtzan/gtzan_reggae_00042/track.npy,gtzan,1.0,0.915639968841903,0.915639968841903,0.915639968841903,1.0,1.0,1.0,1.0,0.23809523809523808,0.21562567496491467,0.5433606005416647,0.3794931377532897,0.0,0.0,0.06896551724137931,0.10344827586206896,62.0,0.03278688524590164,0.03278688524590164,1.1673914835882822,36.0,0.02857142857142857,0.02857142857142857,1.4552954511103944,0.0
gtzan/gtzan_reggae_00043/track.npy,gtzan,1.0,0.8330663030400783,0.8330663030400783,0.8330663030400783,1.0,1.0,1.0,1.0,0.56,0.4816194833771192,0.7854894357765948,0.633554459576857,0.0,0.0,0.20588235294117646,0.6764705882352942,78.0,0.0,0.0,0.10536051565782856,41.0,0.0,0.0,0.7191226669631967,0.0
gtzan/gtzan_reggae_00044/track.npy,gtzan,0.6545454545454545,0.6308249732790232,0.9505581789135932,0.7906915760963082,0.0,0.0,0.972972972972973,0.972972972972973,0.43478260869565216,0.4173674353160141,0.8009448879735995,0.6091561616448068,0.0,0.0,0.14285714285714285,0.5142857142857142,44.0,0.0,0.0,0.028987536873252336,34.0,0.0,0.0,0.8785052328959438,0.0
gtzan/gtzan_reggae_00045/track.npy,gtzan,0.7857142857142858,0.6827243510374981,0.797380563772525,0.7400524574050116,0.17647058823529413,0.29411764705882354,0.29545454545454547,0.5454545454545454,0.9714285714285714,0.8853622075047846,0.8853622075047846,0.8853622075047846,0.6111111111111112,0.8888888888888888,0.6111111111111112,0.8888888888888888,57.0,0.0,0.0,0.7013668728163731,21.0,0.0,0.0,1.2200096869258343,0.0
gtzan/gtzan_reggae_00046/track.npy,gtzan,0.9859154929577465,0.7758216713568522,0.7758216713568522,0.7758216713568522,0.8309859154929577,0.971830985915493,0.8309859154929577,0.971830985915493,0.20512820512820512,0.18616170949464908,0.6735597361564611,0.4298607228255551,0.0,0.0,0.13636363636363635,0.5454545454545454,85.0,0.0,0.0,0.15051391541017253,27.0,0.0,0.0,0.7185208091316941,0.0
gtzan/gtzan_reggae_00047/track.npy,gtzan,1.0,0.9234514817402173,0.9234514817402173,0.9234514817402173,1.0,1.0,1.0,1.0,0.0,4.3844803972208516e-86,0.8394589270325495,0.41972946351627477,0.0,0.0,0.875,0.875,73.0,0.0,0.0,0.10008345855698497,19.0,0.0,0.0,0.014694364698284326,0.0
gtzan/gtzan_reggae_00048/track.npy,gtzan,0.9420289855072463,0.7810504290179362,0.7810504290179362,0.7810504290179362,0.3287671232876712,0.7808219178082192,0.3287671232876712,0.7808219178082192,0.15384615384615383,0.14505947495249297,0.7630202884316241,0.4540398816920585,0.0,0.0,0.5238095238095238,0.7142857142857143,80.0,0.0,0.0,0.6403368972509769,25.0,0.0,0.0,0.7062861000389825,0.0
gtzan/gtzan_reggae_00049/track.npy,gtzan,0.9811320754716981,0.8707349025742273,0.8707349025742273,0.8707349025742273,0.9629629629629629,0.9629629629629629,0.9629629629629629,0.9629629629629629,0.5396825396825397,0.5025194105644826,0.7727587921350483,0.6376391013497654,0.0,0.0,0.25,0.6363636363636364,98.0,0.0,0.0,0.1941560144409611,54.0,0.0,0.0,0.902615838846247,0.0
gtzan/gtzan_reggae_00050/track.npy,gtzan,0.6666666666666666,0.648060249167202,0.9720903737506262,0.8100753114589141,0.0,0.0,1.0,1.0,0.5,0.48396048775147527,0.6570361206176069,0.5704983041845411,0.0,0.0,0.05128205128205128,0.2564102564102564,47.0,0.0,0.0,0.06252035698133401,24.0,0.0,0.0,1.1303609869826896,0.0
gtzan/gtzan_reggae_00051/track.npy,gtzan,1.0,0.9638987432381761,0.9638987432381761,0.9638987432381761,1.0,1.0,1.0,1.0,0.6666666666666666,0.6372564282428728,0.9403144939657816,0.7887854611043272,0.0,0.0,0.9615384615384616,0.9615384615384616,64.0,0.0,0.0,0.04255961441880263,32.0,0.0,0.0,0.02150620522096696,0.0
gtzan/gtzan_reggae_00052/track.npy,gtzan,1.0,0.8746222491301571,0.8746222491301571,0.8746222491301571,1.0,1.0,1.0,1.0,0.7142857142857143,0.6157550114714974,0.7824497668947415,0.6991023891831194,0.1111111111111111,0.1111111111111111,0.7894736842105263,0.7894736842105263,50.0,0.0,0.0,0.06669137449867363,22.0,0.0,0.0,0.06758225433876737,0.0
gtzan/gtzan_reggae_00053/track.npy,gtzan,1.0,0.9101717463487395,0.9101717463487395,0.9101717463487395,1.0,1.0,1.0,1.0,0.06060606060606061,0.06043584553774858,0.8328173034692009,0.44662657450347476,0.0,0.0,0.8823529411764706,0.8823529411764706,77.0,0.0,0.0,0.1541506798272596,21.0,0.0,0.0,0.13780673960243436,0.0
gtzan/gtzan_reggae_00054/track.npy,gtzan,0.991869918699187,0.9029255325138471,0.9029255325138471,0.9029255325138471,0.9838709677419355,0.9838709677419355,0.9838709677419355,0.9838709677419355,0.0,3.030513617646617e-84,0.8802775381386527,0.44013876906932636,0.0,0.0,0.9333333333333333,0.9333333333333333,75.0,0.0,0.0,0.10008345855698031,20.0,0.0,0.0,0.11639459708254866,0.0
gtzan/gtzan_reggae_00055/track.npy,gtzan,0.8807339449541284,0.8400599967458272,0.8400599967458272,0.8400599967458272,0.8727272727272727,0.8727272727272727,0.8727272727272727,0.8727272727272727,0.6153846153846153,0.5819077684176371,0.8072829684786135,0.6945953684481253,0.08,0.12,0.7407407407407407,0.7407407407407407,66.0,0.0,0.0,0.0870113769896318,30.0,0.0,0.0,0.6931471805599452,0.0
gtzan/gtzan_reggae_00056/track.npy,gtzan,1.0,0.9113554773123677,0.9113554773123677,0.9113554773123677,1.0,1.0,1.0,1.0,0.5,0.46514583452338126,0.7674209363205395,0.6162833854219604,0.0,0.0,0.41935483870967744,0.6774193548387096,78.0,0.0,0.0,0.10536051565782772,34.0,0.0,0.0,0.6990296172652548,0.0
gtzan/gtzan_reggae_00057/track.npy,gtzan,0.7969924812030075,0.7200776349213713,0.7830599449375651,0.7515687899294683,0.1625,0.3375,0.2830188679245283,0.49056603773584906,0.6538461538461537,0.5971279469732549,0.7025790372875769,0.6498534921304159,0.15625,0.21875,0.15625,0.358974358974359,63.0,0.0,0.0,0.7949298748698979,40.0,0.0,0.0,1.1624318685342343,0.0
gtzan/gtzan_reggae_00058/track.npy,gtzan,1.0,0.9088674052737636,0.9088674052737636,0.9088674052737636,1.0,1.0,1.0,1.0,0.65,0.6006786685980868,0.817232549566988,0.7089556090825374,0.037037037037037035,0.037037037037037035,0.4074074074074074,0.7777777777777778,62.0,0.0,0.0,0.04082199452025792,32.0,0.0,0.0,0.7248779567873143,0.0
gtzan/gtzan_reggae_00059/track.npy,gtzan,0.9841269841269841,0.9330232989837893,0.9330232989837893,0.9330232989837893,0.875,0.9375,0.875,0.9375,0.7111111111111111,0.6918024153621185,0.8983671885591907,0.7950848019606547,0.10344827586206896,0.10344827586206896,0.8064516129032258,0.8064516129032258,75.0,0.0,0.0,0.3596221569266018,36.0,0.0,0.0,0.051293294387554034,0.0
gtzan/gtzan_reggae_00060/track.npy,gtzan,1.0,0.9056390253796929,0.9056390253796929,0.9056390253796929,1.0,1.0,1.0,1.0,0.7499999999999999,0.730730462604207,0.8351612512327352,0.7829458569184711,0.1,0.2,0.2608695652173913,0.6521739130434783,57.0,0.0,0.0,0.0878713343873935,25.0,0.0,0.0,0.6836684366054034,0.0
gtzan/gtzan_reggae_00061/track.npy,gtzan,0.9382716049382717,0.8817339464933464,0.8817339464933464,0.8817339464933464,0.3488372093023256,0.7674418604651163,0.3488372093023256,0.7674418604651163,0.6428571428571429,0.6196398065833597,0.912473770295845,0.7660567884396023,0.0,0.0,0.8947368421052632,0.8947368421052632,55.0,0.018518518518518517,0.018518518518518517,0.8216576233821559,23.0,0.0,0.0,0.045809536031294396,0.0
gtzan/gtzan_reggae_00062/track.npy,gtzan,1.0,0.9211558349455685,0.9211558349455685,0.9211558349455685,1.0,1.0,1.0,1.0,0.2285714285714286,0.2263341487018421,0.7862324210782172,0.5062832848900296,0.0,0.0,0.25,0.5,76.0,0.0,0.0,0.10008345855698275,24.0,0.0,0.0,0.7296374434325198,0.0
gtzan/gtzan_reggae_00063/track.npy,gtzan,0.7333333333333334,0.6943231780384264,0.8829073472097037,0.788615262624065,0.05333333333333334,0.16,0.4666666666666667,0.7111111111111111,0.7368421052631579,0.7181054338707317,0.7181054338707317,0.7181054338707317,0.47368421052631576,0.47368421052631576,0.47368421052631576,0.47368421052631576,53.0,0.0,0.0,0.6479083880768881,23.0,0.0,0.0,1.3786897617346714,0.0
gtzan/gtzan_reggae_00064/track.npy,gtzan,0.6728971962616822,0.6414323402559697,0.9532397278803992,0.7973360340681845,0.0,0.0,1.0,1.0,0.6111111111111112,0.5837949606995418,0.6162022741548,0.599998617427171,0.16666666666666666,0.3333333333333333,0.16666666666666666,0.3333333333333333,45.0,0.0,0.045454545454545456,1.4142397845329455,24.0,0.0,0.043478260869565216,1.0967252722689678,0.0
gtzan/gtzan_reggae_00065/track.npy,gtzan,0.6727272727272727,0.6481512820124231,0.9634681219103567,0.8058097019613899,0.0,0.0,1.0,1.0,0.9714285714285714,0.9516842508233302,0.9516842508233302,0.9516842508233302,0.8888888888888888,0.8888888888888888,0.8888888888888888,0.8888888888888888,44.0,0.0,0.0,0.029852963149680556,21.0,0.0,0.0,0.08191028453285845,0.0
gtzan/gtzan_reggae_00066/track.npy,gtzan,1.0,0.9644442065206452,0.9644442065206452,0.9644442065206452,1.0,1.0,1.0,1.0,0.6666666666666666,0.6446721349602434,0.9414049009191855,0.7930385179397145,0.0,0.0,0.9375,0.9375,40.0,0.0,0.0,0.026668247082165475,20.0,0.0,0.0,0.013245226750021488,0.0
gtzan/gtzan_reggae_00067/track.npy,gtzan,1.0,0.9349149792007948,0.9349149792007948,0.9349149792007948,1.0,1.0,1.0,1.0,0.4782608695652174,0.45832062063989853,0.844289102010991,0.6513048613254449,0.0,0.0,0.5151515151515151,0.6363636363636364,84.0,0.0,0.0,0.1718502569266558,33.0,0.0,0.0,0.7072326190432944,0.0
gtzan/gtzan_reggae_00068/track.npy,gtzan,1.0,0.9380655503489341,0.9380655503489341,0.9380655503489341,1.0,1.0,1.0,1.0,0.5833333333333333,0.532713349989851,0.5719004509222734,0.5523069004560621,0.0,0.0,0.06060606060606061,0.18181818181818182,69.0,0.0,0.0,0.13353139262452784,40.0,0.0,0.0,1.2237754316221106,0.0
gtzan/gtzan_reggae_00069/track.npy,gtzan,1.0,0.9222716499129265,0.9222716499129265,0.9222716499129265,1.0,1.0,1.0,1.0,0.6521739130434783,0.6123063653911612,0.898488804535317,0.755397584963239,0.0,0.0,0.9354838709677419,0.9354838709677419,73.0,0.0,0.0,0.10008345855697709,36.0,0.0,0.0,0.26588097685344003,0.0
gtzan/gtzan_reggae_00070/track.npy,gtzan,0.6486486486486486,0.5894637540090075,0.884191637813938,0.7368276959114728,0.0,0.0,0.40540540540540543,0.918918918918919,0.8125000000000001,0.7536059422134668,0.8357542734431069,0.7946801078282868,0.21052631578947367,0.3157894736842105,0.23076923076923078,0.5384615384615384,44.0,0.0,0.023255813953488372,0.6768827179311422,15.0,0.0,0.0,0.7063992549660746,0.0
gtzan/gtzan_reggae_00071/track.npy,gtzan,0.6666666666666666,0.616706176998641,0.9250592654979616,0.7708827212483014,0.0,0.0,1.0,1.0,1.0,0.9570636315398277,0.9570636315398277,0.9570636315398277,1.0,1.0,1.0,1.0,35.0,0.0,0.0,0.02353049741019716,17.0,0.0,0.0,0.023530497410194483,0.0
gtzan/gtzan_reggae_00072/track.npy,gtzan,1.0,0.9388345103661856,0.9388345103661856,0.9388345103661856,1.0,1.0,1.0,1.0,0.8181818181818181,0.7990638493797217,0.847157458119688,0.8231106537497048,0.15384615384615385,0.3076923076923077,0.23529411764705882,0.5294117647058824,42.0,0.0,0.0,0.02817087696670073,17.0,0.0,0.0,0.7001647532185922,0.0
gtzan/gtzan_reggae_00073/track.npy,gtzan,1.0,0.8434465483095158,0.8434465483095158,0.8434465483095158,1.0,1.0,1.0,1.0,0.6956521739130436,0.6183508108072737,0.7631630451471183,0.690756927977196,0.13333333333333333,0.13333333333333333,0.4,0.7333333333333333,42.0,0.0,0.0,0.058412398059798774,19.0,0.0,0.0,0.6861785112438509,0.0
gtzan/gtzan_reggae_00074/track.npy,gtzan,1.0,0.8067429539987627,0.8067429539987627,0.8067429539987627,1.0,1.0,1.0,1.0,0.7272727272727273,0.5389114039180422,0.6492842607054977,0.5940978323117699,0.21428571428571427,0.21428571428571427,0.4,0.6,42.0,0.0,0.0,0.0597111723799639,18.0,0.0,0.0,0.7001898998016187,0.0
gtzan/gtzan_reggae_00075/track.npy,gtzan,0.9672131147540983,0.7215359651792844,0.7215359651792844,0.7215359651792844,0.8548387096774194,0.9354838709677419,0.8548387096774194,0.9354838709677419,0.0625,0.05825640577247016,0.6846573100973884,0.3714568579349293,0.0,0.0,0.5294117647058824,0.7647058823529411,74.0,0.0136986301369863,0.0136986301369863,0.21538548633433552,20.0,0.0,0.0,0.6619831060851306,0.0
gtzan/gtzan_reggae_00076/track.npy,gtzan,1.0,0.8257855503310199,0.8257855503310199,0.8257855503310199,1.0,1.0,1.0,1.0,0.6399999999999999,0.49639075744326083,0.7255354895151045,0.6109631234791827,0.0,0.0,0.8823529411764706,0.8823529411764706,40.0,0.0,0.0,0.05264373348542556,20.0,0.0,0.0,0.013072081567353108,0.0
gtzan/gtzan_reggae_00077/track.npy,gtzan,0.991869918699187,0.9620204238074732,0.9620204238074732,0.9620204238074732,0.9838709677419355,0.9838709677419355,0.9838709677419355,0.9838709677419355,0.5769230769230769,0.5661091797183939,0.8530102507798631,0.7095597152491285,0.0,0.0,0.2702702702702703,0.6216216216216216,75.0,0.0,0.0,0.11869146481094335,45.0,0.0,0.0,0.7178397931503208,0.0
gtzan/gtzan_reggae_00078/track.npy,gtzan,0.8108108108108109,0.7475810438837246,0.7763409066429385,0.7619609752633316,0.15151515151515152,0.36363636363636365,0.15555555555555556,0.4666666666666667,0.6521739130434783,0.592167372916518,0.8753764149404664,0.7337718939284922,0.06666666666666667,0.06666666666666667,0.4838709677419355,0.8387096774193549,52.0,0.0,0.0,0.6931471805599498,36.0,0.0,0.0,0.6845377831724342,0.0
gtzan/gtzan_reggae_00079/track.npy,gtzan,1.0,0.9258771718356534,0.9258771718356534,0.9258771718356534,1.0,1.0,1.0,1.0,0.7272727272727273,0.6674666726860493,0.8680536397090435,0.7677601561975465,0.07142857142857142,0.14285714285714285,0.3870967741935484,0.7741935483870968,77.0,0.0,0.0,0.10008345855698919,33.0,0.0,0.0,0.6868577894565142,0.0
gtzan/gtzan_reggae_00080/track.npy,gtzan,1.0,0.9161893984080282,0.9161893984080282,0.9161893984080282,1.0,1.0,1.0,1.0,0.9090909090909091,0.8407170960312693,0.8407170960312693,0.8407170960312693,0.3333333333333333,0.6666666666666666,0.3333333333333333,0.6666666666666666,50.0,0.0,0.0,0.06669137449867074,14.0,0.0,0.0,0.6885446432411616,0.0
gtzan/gtzan_reggae_00081/track.npy,gtzan,1.0,0.9047415159883708,0.9047415159883708,0.9047415159883708,1.0,1.0,1.0,1.0,0.8695652173913044,0.7801289624771053,0.7801289624771053,0.7801289624771053,0.3076923076923077,0.5384615384615384,0.3157894736842105,0.5384615384615384,51.0,0.0,0.0,0.03390155167568665,16.0,0.0,0.0,0.6877078182741101,0.0
gtzan/gtzan_reggae_00082/track.npy,gtzan,1.0,0.9047415159883708,0.9047415159883708,0.9047415159883708,1.0,1.0,1.0,1.0,0.8695652173913044,0.7801289624771053,0.7801289624771053,0.7801289624771053,0.3076923076923077,0.5384615384615384,0.3157894736842105,0.5384615384615384,51.0,0.0,0.0,0.03390155167568665,16.0,0.0,0.0,0.6877078182741101,0.0
gtzan/gtzan_reggae_00083/track.npy,gtzan,0.7868852459016394,0.652341691451143,0.652341691451143,0.652341691451143,0.24242424242424243,0.5454545454545454,0.24242424242424243,0.5454545454545454,0.5454545454545455,0.47252760468389793,0.603482946390374,0.538005275537136,0.0,0.0,0.4,0.6666666666666666,39.0,0.02631578947368421,0.02631578947368421,1.7070146568021165,16.0,0.06666666666666667,0.06666666666666667,3.1027753955718618,0.0
gtzan/gtzan_reggae_00084/track.npy,gtzan,1.0,0.9216009900305202,0.9216009900305202,0.9216009900305202,1.0,1.0,1.0,1.0,0.060606060606060615,0.04985318559991741,0.05875554017133123,0.05430436288562432,0.0,0.0,0.0,0.0,50.0,0.0,0.0,0.06669137449867313,26.0,0.0,0.0,0.059208736071332695,0.0
gtzan/gtzan_reggae_00085/track.npy,gtzan,1.0,0.8894792816248603,0.8894792816248603,0.8894792816248603,1.0,1.0,1.0,1.0,0.6428571428571429,0.5565131263913522,0.8433311311030681,0.6999221287472102,0.0,0.0,0.8157894736842105,0.868421052631579,87.0,0.0,0.0,0.1718502569266558,48.0,0.0,0.0,0.6649763035932488,0.0
gtzan/gtzan_reggae_00087/track.npy,gtzan,1.0,0.9002626022455867,0.9002626022455867,0.9002626022455867,1.0,1.0,1.0,1.0,1.0,0.9310901817935795,0.9310901817935795,0.9310901817935795,1.0,1.0,1.0,1.0,41.0,0.0,0.0,0.05556985115481235,10.0,0.0,0.0,0.0069204428445741595,0.0
gtzan/gtzan_reggae_00088/track.npy,gtzan,1.0,0.9421237127679813,0.9421237127679813,0.9421237127679813,1.0,1.0,1.0,1.0,0.6875000000000001,0.6514840777129671,0.921449043130925,0.7864665604219461,0.09523809523809523,0.09523809523809523,0.8571428571428571,0.8571428571428571,54.0,0.0,0.0,0.07145896398214423,23.0,0.0,0.0,0.01801850550268115,0.0
gtzan/gtzan_reggae_00089/track.npy,gtzan,0.9919999999999999,0.8846608344826848,0.8846608344826848,0.8846608344826848,0.9841269841269841,0.9841269841269841,0.9841269841269841,0.9841269841269841,0.0,8.99809361434509e-83,0.8716902971134629,0.43584514855673145,0.0,0.0,0.875,0.875,75.0,0.0,0.0,0.10008345855698049,19.0,0.0,0.0,0.02500130220541541,0.0
gtzan/gtzan_reggae_00090/track.npy,gtzan,1.0,0.8475297596858818,0.8475297596858818,0.8475297596858818,1.0,1.0,1.0,1.0,0.06060606060606061,0.052098955369852144,0.8208763954265426,0.43648767539819733,0.0,0.0,0.5294117647058824,0.8235294117647058,77.0,0.0,0.0,0.10166657568724231,20.0,0.0,0.0,0.6716270437732971,0.0
gtzan/gtzan_reggae_00091/track.npy,gtzan,0.9917355371900827,0.8989921784733528,0.8989921784733528,0.8989921784733528,0.9836065573770492,0.9836065573770492,0.9836065573770492,0.9836065573770492,0.06451612903225808,0.062122159128475345,0.895865522167849,0.47899384064816214,0.0,0.0,0.625,0.8125,74.0,0.0136986301369863,0.0136986301369863,0.1466034741918809,19.0,0.0,0.0,0.6762934114031662,0.0
gtzan/gtzan_reggae_00092/track.npy,gtzan,1.0,0.8442145020105752,0.8442145020105752,0.8442145020105752,0.9836065573770492,0.9836065573770492,0.9836065573770492,0.9836065573770492,0.12121212121212122,0.11045613515720523,0.7920495928631353,0.45125286401017023,0.0,0.0,0.4117647058823529,0.7647058823529411,73.0,0.0,0.0,0.10008345855698597,20.0,0.0,0.0,0.7052685410922898,0.0
gtzan/gtzan_reggae_00093/track.npy,gtzan,0.9655172413793104,0.8534191928272159,0.8534191928272159,0.8534191928272159,0.41333333333333333,0.84,0.41333333333333333,0.84,0.6785714285714285,0.6271998339398069,0.9082209645368549,0.767710399238331,0.02702702702702703,0.02702702702702703,0.8108108108108109,0.9459459459459459,83.0,0.0,0.0,0.7239188392266929,45.0,0.0,0.0,0.6632942174102647,0.0
gtzan/gtzan_reggae_00094/track.npy,gtzan,1.0,0.9287588024156591,0.9287588024156591,0.9287588024156591,1.0,1.0,1.0,1.0,0.7222222222222222,0.6726125525294332,0.8540510289739424,0.7633317907516878,0.13043478260869565,0.17391304347826086,0.4,0.72,64.0,0.0,0.0,0.08338160893905688,29.0,0.0,0.0,0.697413267131135,0.0
gtzan/gtzan_reggae_00095/track.npy,gtzan,1.0,0.973880134169196,0.973880134169196,0.973880134169196,1.0,1.0,1.0,1.0,0.5128205128205128,0.4927670785900827,0.7201427061291401,0.6064548923596114,0.0,0.0,0.6923076923076923,0.6923076923076923,63.0,0.0,0.0,0.08338160893905688,30.0,0.0,0.0,0.45143082876427515,0.0
gtzan/gtzan_reggae_00096/track.npy,gtzan,0.9932885906040269,0.8867864562295512,0.8867864562295512,0.8867864562295512,0.7066666666666667,0.9733333333333334,0.7066666666666667,0.9733333333333334,0.48571428571428577,0.43109496250058316,0.7033922515898925,0.5672436070452378,0.0,0.0,0.09615384615384616,0.38461538461538464,90.0,0.011235955056179775,0.011235955056179775,0.23638877806422554,63.0,0.0,0.0,0.7537718023763789,0.0
gtzan/gtzan_reggae_00097/track.npy,gtzan,0.47500000000000003,0.41809463971634564,0.41809463971634564,0.41809463971634564,0.0,0.0,0.0,0.0,0.3125,0.2784000800554502,0.4089445349991857,0.3436723075273179,0.0,0.0,0.0,0.0,72.0,0.014084507042253521,0.014084507042253521,0.738820260943637,32.0,0.0,0.0,1.2812858979305424,0.0
gtzan/gtzan_reggae_00098/track.npy,gtzan,0.6666666666666666,0.573435240875763,0.860152455586585,0.716793848231174,0.0,0.0,1.0,1.0,0.9803921568627451,0.8509920295883089,0.8509920295883089,0.8509920295883089,0.9230769230769231,0.9230769230769231,0.9230769230769231,0.9230769230769231,61.0,0.0,0.0,0.08004270767353472,32.0,0.0,0.0,0.03066261052718939,0.0
gtzan/gtzan_reggae_00099/track.npy,gtzan,0.8275862068965517,0.7404894041266907,0.7404894041266907,0.7404894041266907,0.061224489795918366,0.37755102040816324,0.13157894736842105,0.37755102040816324,0.35294117647058815,0.31243383443480166,0.6927631070680575,0.5025984707514296,0.0,0.0,0.16279069767441862,0.42857142857142855,88.0,0.022988505747126436,0.09195402298850575,0.9316839000763573,48.0,0.0,0.0425531914893617,0.8645244392029265,0.0
gtzan/gtzan_rock_00000/track.npy,gtzan,0.8653846153846154,0.7649683010866308,0.7649683010866308,0.7649683010866308,0.7924528301886793,0.8490566037735849,0.7924528301886793,0.8490566037735849,0.8387096774193548,0.6649769931250172,0.6649769931250172,0.6649769931250172,0.2777777777777778,0.5,0.2777777777777778,0.5,63.0,0.016129032258064516,0.03225806451612903,0.8109302162163263,23.0,0.045454545454545456,0.09090909090909091,2.957511060733816,0.0
gtzan/gtzan_rock_00001/track.npy,gtzan,0.9841269841269841,0.6746940284120654,0.6746940284120654,0.6746940284120654,0.84375,0.9375,0.84375,0.9375,0.6666666666666666,0.3658953630383523,0.49602502092024414,0.43096019197929825,0.0625,0.0625,0.6875,0.75,40.0,0.0,0.02564102564102564,0.7531693607616498,19.0,0.0,0.0,1.091397087894552,0.0
gtzan/gtzan_rock_00002/track.npy,gtzan,1.0,0.9326870749324374,0.9326870749324374,0.9326870749324374,1.0,1.0,1.0,1.0,1.0,0.9560428643939706,0.9560428643939706,0.9560428643939706,1.0,1.0,1.0,1.0,53.0,0.0,0.0,0.05204209564911355,13.0,0.0,0.0,0.021608646418883215,0.0
gtzan/gtzan_rock_00003/track.npy,gtzan,1.0,0.8979324141471793,0.8979324141471793,0.8979324141471793,1.0,1.0,1.0,1.0,0.6206896551724138,0.5613080067412531,0.8619150975652891,0.7116115521532711,0.0,0.0,0.8421052631578947,0.8947368421052632,48.0,0.0,0.0,0.09457596488599644,23.0,0.0,0.0,0.6853040030989181,0.0
gtzan/gtzan_rock_00004/track.npy,gtzan,0.9705882352941176,0.7598613937363908,0.7598613937363908,0.7598613937363908,0.7142857142857143,0.9428571428571428,0.7142857142857143,0.9428571428571428,0.6666666666666666,0.5027145552197035,0.7167138594532002,0.6097142073364519,0.0,0.0,0.7222222222222222,0.9444444444444444,41.0,0.025,0.05,1.6929832188278007,21.0,0.05,0.05,2.480323302778078,0.0
gtzan/gtzan_rock_00005/track.npy,gtzan,0.29885057471264365,0.2546136707858814,0.658648469425921,0.4566310701059012,0.15217391304347827,0.15217391304347827,0.1956521739130435,0.5869565217391305,0.12903225806451613,0.1193106853950419,0.13327573983487723,0.12629321261495957,0.0,0.0,0.19047619047619047,0.19047619047619047,58.0,0.0,0.0,0.7013446362656965,25.0,0.0,0.0,0.03333642026759377,0.0
gtzan/gtzan_rock_00006/track.npy,gtzan,0.6478873239436619,0.5690513703745071,0.7482677308840268,0.658659550629267,0.02127659574468085,0.0425531914893617,0.5106382978723404,0.8297872340425532,0.47619047619047616,0.3764088187375592,0.5318879826327463,0.4541484006851527,0.0,0.0,0.5333333333333333,0.6,58.0,0.03508771929824561,0.03508771929824561,1.112187339406593,18.0,0.0,0.0,0.7306725388839718,0.0
gtzan/gtzan_rock_00007/track.npy,gtzan,1.0,0.8364773504772001,0.8364773504772001,0.8364773504772001,1.0,1.0,1.0,1.0,0.6896551724137931,0.5936583198358736,0.8644982745841032,0.7290782972099884,0.0,0.0,1.0,1.0,45.0,0.0,0.0,0.029852963149685698,23.0,0.0,0.0,0.029413885206293344,0.0
gtzan/gtzan_rock_00008/track.npy,gtzan,0.8767123287671232,0.7113737415968421,0.7113737415968421,0.7113737415968421,0.5405405405405406,0.9459459459459459,0.5405405405405406,0.9459459459459459,0.5517241379310345,0.4009527253564615,0.6576454964682854,0.5292991109123735,0.0,0.0,1.0,1.0,44.0,0.0,0.0,0.09223526205895269,23.0,0.0,0.0,0.04512043528047399,0.0
gtzan/gtzan_rock_00009/track.npy,gtzan,1.0,0.8242979772526832,0.8242979772526832,0.8242979772526832,1.0,1.0,1.0,1.0,0.6666666666666666,0.5152675131806985,0.7531455402242442,0.6342065267024714,0.0,0.0,0.9375,0.9375,38.0,0.0,0.0,0.050010420574660236,19.0,0.0,0.0,0.025317807984289342,0.0
gtzan/gtzan_rock_00010/track.npy,gtzan,0.9577464788732395,0.7884873066783028,0.7884873066783028,0.7884873066783028,0.8611111111111112,0.9444444444444444,0.8611111111111112,0.9444444444444444,0.761904761904762,0.6260758871481916,0.6260758871481916,0.6260758871481916,0.25,0.4166666666666667,0.29411764705882354,0.4166666666666667,44.0,0.0,0.0,0.6390799592896688,15.0,0.0,0.0,0.7012830542547939,0.0
gtzan/gtzan_rock_00011/track.npy,gtzan,1.0,0.8122374717816637,0.8122374717816637,0.8122374717816637,1.0,1.0,1.0,1.0,1.0,0.8108932789644986,0.8108932789644986,0.8108932789644986,1.0,1.0,1.0,1.0,62.0,0.01639344262295082,0.03278688524590164,0.833628559807708,17.0,0.0625,0.0625,1.767128698147662,0.0
gtzan/gtzan_rock_00012/track.npy,gtzan,1.0,0.8769819381771335,0.8769819381771335,0.8769819381771335,1.0,1.0,1.0,1.0,0.7586206896551725,0.6155202036641281,0.7470873107287852,0.6813037571964566,0.2777777777777778,0.2777777777777778,0.5714285714285714,0.5714285714285714,57.0,0.0,0.0,0.07696104113612867,23.0,0.0,0.0,0.6740989855892512,0.0
gtzan/gtzan_rock_00013/track.npy,gtzan,0.9870129870129869,0.8699641108448453,0.8699641108448453,0.8699641108448453,0.8717948717948718,0.9487179487179487,0.8717948717948718,0.9487179487179487,1.0,0.9032837839356643,0.9032837839356643,0.9032837839356643,1.0,1.0,1.0,1.0,48.0,0.0,0.0425531914893617,1.0216512475319823,11.0,0.0,0.0,0.012225632376700888,0.0
gtzan/gtzan_rock_00014/track.npy,gtzan,0.5846153846153846,0.4454636991534288,0.6095619112499414,0.5275128052016851,0.06097560975609756,0.15853658536585366,0.07368421052631578,0.3684210526315789,0.06779661016949153,0.05937967417739769,0.07546978716899762,0.06742473067319765,0.0,0.0,0.0,0.0,96.0,0.021052631578947368,0.12631578947368421,0.9225972088000781,55.0,0.018518518518518517,0.05555555555555555,1.802454091642834,0.0
gtzan/gtzan_rock_00015/track.npy,gtzan,0.6728971962616822,0.5148327680885532,0.5148327680885532,0.5148327680885532,0.0625,0.28125,0.0625,0.28125,0.6111111111111112,0.43699516845926895,0.43699516845926895,0.43699516845926895,0.0,0.0,0.0,0.0,75.0,0.06756756756756757,0.21621621621621623,1.408417484792315,29.0,0.07142857142857142,0.10714285714285714,2.3730289748566418,0.0
gtzan/gtzan_rock_00016/track.npy,gtzan,0.7768595041322314,0.6634031411142055,0.6634031411142055,0.6634031411142055,0.7704918032786885,0.7704918032786885,0.7704918032786885,0.7704918032786885,0.5365853658536585,0.4802787855106671,0.5906568577480379,0.5354678216293525,0.11538461538461539,0.15384615384615385,0.3793103448275862,0.6206896551724138,73.0,0.0,0.0,0.19105523676271363,33.0,0.0,0.0,0.7115541671213041,0.0
gtzan/gtzan_rock_00017/track.npy,gtzan,1.0,0.868640205247804,0.868640205247804,0.868640205247804,1.0,1.0,1.0,1.0,0.962962962962963,0.7994383235535742,0.7994383235535742,0.7994383235535742,0.8571428571428571,0.8571428571428571,0.8571428571428571,0.8571428571428571,61.0,0.0,0.0,0.08004270767353472,17.0,0.0,0.0,0.21505081419279595,0.0
gtzan/gtzan_rock_00018/track.npy,gtzan,0.9795918367346939,0.9224447825563673,0.9224447825563673,0.9224447825563673,0.9795918367346939,0.9795918367346939,0.9795918367346939,0.9795918367346939,0.6857142857142856,0.6354160851659817,0.8558129317962261,0.7456145084811039,0.08695652173913043,0.08695652173913043,0.5652173913043478,0.8260869565217391,59.0,0.0,0.0,0.08004270767353647,28.0,0.0,0.0,0.5420333717466821,0.0
gtzan/gtzan_rock_00019/track.npy,gtzan,1.0,0.9339149523000653,0.9339149523000653,0.9339149523000653,1.0,1.0,1.0,1.0,1.0,0.9174634880981897,0.9174634880981897,0.9174634880981897,1.0,1.0,1.0,1.0,60.0,0.0,0.0,0.08004270767353472,17.0,0.0,0.0,0.22884122837276044,0.0
gtzan/gtzan_rock_00020/track.npy,gtzan,0.5757575757575758,0.4471679043112789,0.6997234734703157,0.5734456888907973,0.0,0.0,0.10989010989010989,0.5934065934065934,0.125,0.1021009929136043,0.12765356139054726,0.11487727715207578,0.0,0.0,0.0,0.0,113.0,0.10714285714285714,0.17857142857142858,1.0986122886681087,66.0,0.046153846153846156,0.07692307692307693,1.5990889817110572,0.0
gtzan/gtzan_rock_00021/track.npy,gtzan,0.8208092485549134,0.6617915677833859,0.6617915677833859,0.6617915677833859,0.1595744680851064,0.574468085106383,0.1595744680851064,0.574468085106383,0.3888888888888889,0.31651859076700556,0.4273620918996432,0.3719403413333244,0.019230769230769232,0.038461538461538464,0.038461538461538464,0.07692307692307693,110.0,0.11009174311926606,0.1651376146788991,1.283000978658028,59.0,0.06896551724137931,0.08620689655172414,1.5189071913952858,0.0
gtzan/gtzan_rock_00022/track.npy,gtzan,0.9204545454545455,0.7770157699597824,0.7770157699597824,0.7770157699597824,0.16129032258064516,0.7204301075268817,0.16129032258064516,0.7204301075268817,0.5121951219512195,0.43678532660876773,0.6733588597678174,0.5550720931882925,0.0,0.0,0.09836065573770492,0.39344262295081966,117.0,0.11206896551724138,0.25862068965517243,0.9900607506117437,74.0,0.0273972602739726,0.0821917808219178,1.342476196841307,0.0
gtzan/gtzan_rock_00023/track.npy,gtzan,0.9841269841269841,0.8785700162232524,0.8785700162232524,0.8785700162232524,0.96875,0.96875,0.96875,0.96875,0.6666666666666666,0.6082178355791098,0.8863041426272997,0.7472609891032047,0.0,0.0,0.9375,0.9375,38.0,0.0,0.0,0.050010420574661804,19.0,0.0,0.0,0.027455320723781443,0.0
gtzan/gtzan_rock_00024/track.npy,gtzan,0.943089430894309,0.6067571041356057,0.6067571041356057,0.6067571041356057,0.6935483870967742,0.9516129032258065,0.6935483870967742,0.9516129032258065,0.9333333333333333,0.558325267315803,0.558325267315803,0.558325267315803,1.0,1.0,1.0,1.0,75.0,0.02702702702702703,0.04054054054054054,0.6931471805599454,18.0,0.0,0.0,0.04894081195946874,0.0
gtzan/gtzan_rock_00025/track.npy,gtzan,0.9090909090909092,0.6514206856953282,0.6514206856953282,0.6514206856953282,0.8,0.9111111111111111,0.8,0.9111111111111111,0.8695652173913043,0.5466903280955965,0.5466903280955965,0.5466903280955965,0.8333333333333334,0.9166666666666666,0.8333333333333334,0.9166666666666666,54.0,0.018867924528301886,0.03773584905660377,1.0677032383536984,16.0,0.0,0.06666666666666667,2.62760403870718,0.0
gtzan/gtzan_rock_00026/track.npy,gtzan,1.0,0.8344669735892866,0.8344669735892866,0.8344669735892866,1.0,1.0,1.0,1.0,0.9600000000000001,0.7873902430382015,0.7873902430382015,0.7873902430382015,0.7692307692307693,0.7692307692307693,0.7692307692307693,0.7692307692307693,57.0,0.0,0.0,0.09136480606839052,15.0,0.0,0.0,0.7118393135720975,0.0
gtzan/gtzan_rock_00027/track.npy,gtzan,0.9618320610687023,0.8266963142452646,0.8266963142452646,0.8266963142452646,0.3382352941176471,0.8382352941176471,0.3382352941176471,0.8382352941176471,0.463768115942029,0.40102793048638385,0.6406047655807464,0.5208163480335651,0.0,0.0,0.09433962264150944,0.2641509433962264,83.0,0.06097560975609756,0.07317073170731707,1.163150809805685,64.0,0.06349206349206349,0.07936507936507936,1.3264085538860242,0.0
gtzan/gtzan_rock_00028/track.npy,gtzan,1.0,0.8405866480210584,0.8405866480210584,0.8405866480210584,1.0,1.0,1.0,1.0,0.9032258064516129,0.7077993859710607,0.7077993859710607,0.7077993859710607,0.7058823529411765,0.7058823529411765,0.7058823529411765,0.7058823529411765,69.0,0.0,0.0,0.09097177820572237,20.0,0.0,0.0,0.6868812168435705,0.0
gtzan/gtzan_rock_00029/track.npy,gtzan,1.0,0.9036209526713291,0.9036209526713291,0.9036209526713291,1.0,1.0,1.0,1.0,0.6363636363636364,0.5897555344190352,0.5897555344190352,0.5897555344190352,0.03333333333333333,0.03333333333333333,0.13333333333333333,0.13333333333333333,64.0,0.0,0.0,0.12783337150988194,35.0,0.0,0.0,1.1549652252192433,0.0
gtzan/gtzan_rock_00030/track.npy,gtzan,0.8545454545454544,0.7285525516125813,0.7285525516125813,0.7285525516125813,0.3548387096774194,0.5483870967741935,0.3548387096774194,0.5483870967741935,0.6666666666666667,0.5354663485971034,0.5354663485971034,0.5354663485971034,0.4444444444444444,0.4444444444444444,0.4444444444444444,0.4444444444444444,72.0,0.0,0.04225352112676056,0.6554956553469817,21.0,0.0,0.0,1.86295023138688,0.0
gtzan/gtzan_rock_00031/track.npy,gtzan,1.0,0.9354685512211238,0.9354685512211238,0.9354685512211238,1.0,1.0,1.0,1.0,1.0,0.9379182333975948,0.9379182333975948,0.9379182333975948,1.0,1.0,1.0,1.0,59.0,0.0,0.0,0.08004270767353472,15.0,0.0,0.0,0.009950330853167877,0.0
gtzan/gtzan_rock_00032/track.npy,gtzan,0.9870129870129869,0.747447255605959,0.747447255605959,0.747447255605959,0.9743589743589743,0.9743589743589743,0.9743589743589743,0.9743589743589743,0.6206896551724138,0.3859900957634721,0.6351829281302944,0.5105865119468833,0.0,0.0,0.9473684210526315,0.9473684210526315,46.0,0.0,0.0,0.06062462181643871,23.0,0.0,0.0,0.06155789299943343,0.0
gtzan/gtzan_rock_00033/track.npy,gtzan,1.0,0.8644827113603774,0.8644827113603774,0.8644827113603774,1.0,1.0,1.0,1.0,1.0,0.8122425269276604,0.8122425269276604,0.8122425269276604,1.0,1.0,1.0,1.0,59.0,0.0,0.0,0.08004270767353541,14.0,0.0,0.0,0.019608471388376247,0.0
gtzan/gtzan_rock_00034/track.npy,gtzan,0.9206349206349206,0.8222760174070545,0.8222760174070545,0.8222760174070545,0.35294117647058826,0.7352941176470589,0.35294117647058826,0.7352941176470589,0.6666666666666666,0.551226021320155,0.8072569717467615,0.6792414965334582,0.0,0.0,0.9285714285714286,0.9285714285714286,42.0,0.0,0.0,0.7407908389874364,17.0,0.0,0.0,0.02298951822469819,0.0
gtzan/gtzan_rock_00035/track.npy,gtzan,1.0,0.9138182522615825,0.9138182522615825,0.9138182522615825,1.0,1.0,1.0,1.0,0.65,0.5991195048201585,0.8798093176607716,0.7394644112404651,0.0,0.0,0.9259259259259259,0.9259259259259259,66.0,0.0,0.0,0.04445176257083494,33.0,0.0,0.0,0.03273200932925703,0.0
gtzan/gtzan_rock_00036/track.npy,gtzan,0.7567567567567568,0.6248338544979309,0.7531647367610476,0.6889992956294893,0.15217391304347827,0.1956521739130435,0.5454545454545454,0.6727272727272727,0.6666666666666666,0.5348523091888123,0.819354131542677,0.6771032203657447,0.0,0.0,0.9285714285714286,0.9285714285714286,57.0,0.0,0.0,0.6931471805599448,17.0,0.0,0.0,0.03267391327262412,0.0
gtzan/gtzan_rock_00037/track.npy,gtzan,0.9906542056074767,0.910202415229219,0.910202415229219,0.910202415229219,0.9814814814814815,0.9814814814814815,0.9814814814814815,0.9814814814814815,0.6666666666666666,0.6102261601709796,0.8661600594935683,0.738193109832274,0.038461538461538464,0.038461538461538464,0.46153846153846156,0.8846153846153846,65.0,0.0,0.0,0.08338160893904922,31.0,0.0,0.0,0.43926141970180316,0.0
gtzan/gtzan_rock_00038/track.npy,gtzan,0.7567567567567568,0.6750359302384802,0.7874001750143559,0.731218052626418,0.06521739130434782,0.21739130434782608,0.14545454545454545,0.6363636363636364,0.6666666666666666,0.6072746471679983,0.8453006048976702,0.7262876260328343,0.0,0.0,0.9285714285714286,0.9285714285714286,54.0,0.0,0.0,0.7156200364120032,17.0,0.0,0.0,0.014328557346244296,0.0
gtzan/gtzan_rock_00039/track.npy,gtzan,0.957983193277311,0.7247585147434393,0.7247585147434393,0.7247585147434393,0.7,0.9166666666666666,0.7,0.9166666666666666,1.0,0.776988081444674,0.776988081444674,0.776988081444674,1.0,1.0,1.0,1.0,74.0,0.0136986301369863,0.0273972602739726,0.7617152343207801,18.0,0.0,0.0,0.02409755157906085,0.0
gtzan/gtzan_rock_00040/track.npy,gtzan,0.5476190476190477,0.4392124890265048,0.4392124890265048,0.4392124890265048,0.2391304347826087,0.30434782608695654,0.2391304347826087,0.30434782608695654,0.2352941176470588,0.188328309392099,0.3020125065228431,0.24517040795747105,0.0,0.0,0.08695652173913043,0.21739130434782608,57.0,0.017857142857142856,0.03571428571428571,1.1143895087166586,29.0,0.0,0.0,1.3401439854715822,0.0
gtzan/gtzan_rock_00041/track.npy,gtzan,1.0,0.9400127540261756,0.9400127540261756,0.9400127540261756,1.0,1.0,1.0,1.0,0.0,6.198937310165909e-137,0.9016230632705353,0.45081153163526766,0.0,0.0,0.9166666666666666,0.9166666666666666,59.0,0.0,0.0,0.0800427076735365,15.0,0.0,0.0,0.01960847138837709,0.0
gtzan/gtzan_rock_00042/track.npy,gtzan,0.8450704225352113,0.779084770401064,0.779084770401064,0.779084770401064,0.5263157894736842,0.7631578947368421,0.5263157894736842,0.7631578947368421,0.6399999999999999,0.5373609493086482,0.8420048988730984,0.6896829240908733,0.0,0.0,0.8823529411764706,0.8823529411764706,48.0,0.02127659574468085,0.02127659574468085,0.766696016632667,21.0,0.0,0.0,0.05793867248834401,0.0
gtzan/gtzan_rock_00043/track.npy,gtzan,0.6846846846846847,0.6284439356461771,0.9131148483730456,0.7707793920096113,0.0273972602739726,0.0273972602739726,0.7631578947368421,0.9473684210526315,0.7878787878787877,0.7605532901558039,0.7605532901558039,0.7605532901558039,0.3888888888888889,0.6111111111111112,0.3888888888888889,0.6111111111111112,45.0,0.0,0.0,0.22145103795678456,17.0,0.0,0.0,0.7004732206520162,0.0
gtzan/gtzan_rock_00044/track.npy,gtzan,0.9620253164556963,0.760616935727307,0.760616935727307,0.760616935727307,0.4878048780487805,0.926829268292683,0.4878048780487805,0.926829268292683,0.7142857142857143,0.5738519392424287,0.5738519392424287,0.5738519392424287,0.1111111111111111,0.16666666666666666,0.1111111111111111,0.16666666666666666,49.0,0.041666666666666664,0.041666666666666664,1.9942051590961776,21.0,0.0,0.0,1.1644965149823003,0.0
gtzan/gtzan_rock_00045/track.npy,gtzan,0.7209302325581396,0.6164530525679119,0.7651998876606466,0.6908264701142792,0.05555555555555555,0.16666666666666666,0.25396825396825395,0.6984126984126984,0.22222222222222224,0.1870762709739849,0.42347654500407017,0.30527640798902755,0.0,0.0,0.0,0.0,68.0,0.014925373134328358,0.014925373134328358,0.798507696217774,35.0,0.0,0.0,1.1156570562137849,0.0
gtzan/gtzan_rock_00046/track.npy,gtzan,0.9655172413793104,0.7503035803167113,0.7503035803167113,0.7503035803167113,0.6818181818181818,0.9318181818181818,0.6818181818181818,0.9318181818181818,0.9565217391304348,0.7331024904081542,0.7331024904081542,0.7331024904081542,0.5,0.8333333333333334,0.5,0.8333333333333334,52.0,0.0196078431372549,0.0196078431372549,0.1825795272352662,14.0,0.0,0.0,0.6884663012425959,0.0
gtzan/gtzan_rock_00047/track.npy,gtzan,0.851063829787234,0.6956781502839734,0.6956781502839734,0.6956781502839734,0.6875,0.8333333333333334,0.6875,0.8333333333333334,0.8571428571428571,0.7069787644199753,0.7069787644199753,0.7069787644199753,0.375,0.5625,0.375,0.5625,58.0,0.03508771929824561,0.05263157894736842,1.3929123202626006,18.0,0.058823529411764705,0.058823529411764705,2.2775010624808694,0.0
gtzan/gtzan_rock_00048/track.npy,gtzan,1.0,0.8917876735880846,0.8917876735880846,0.8917876735880846,1.0,1.0,1.0,1.0,0.6666666666666666,0.582416650823364,0.8644783728055269,0.7234475118144454,0.0,0.0,0.9642857142857143,0.9642857142857143,66.0,0.0,0.0,0.08701137698963464,33.0,0.0,0.0,0.03273200932926022,0.0
gtzan/gtzan_rock_00049/track.npy,gtzan,1.0,0.9195048772517898,0.9195048772517898,0.9195048772517898,1.0,1.0,1.0,1.0,0.5714285714285715,0.5378961349407333,0.8178633918618609,0.6778797634012971,0.0,0.0,0.5,0.6,41.0,0.0,0.0,0.08722421273627977,24.0,0.0,0.0,0.7619598735819494,0.0
gtzan/gtzan_rock_00050/track.npy,gtzan,1.0,0.9385203250959062,0.9385203250959062,0.9385203250959062,1.0,1.0,1.0,1.0,0.7027027027027027,0.66851430823299,0.8950158988766347,0.7817651035548123,0.041666666666666664,0.08333333333333333,0.36,0.84,62.0,0.0,0.0,0.08338160893904932,29.0,0.0,0.0,0.7035099675954898,0.0
gtzan/gtzan_rock_00051/track.npy,gtzan,1.0,0.9135710091287487,0.9135710091287487,0.9135710091287487,1.0,1.0,1.0,1.0,0.8571428571428571,0.789982147928877,0.789982147928877,0.789982147928877,0.25,0.5,0.35294117647058826,0.5,45.0,0.0,0.0,0.05585520370796464,14.0,0.0,0.0,0.6964438986013779,0.0
gtzan/gtzan_rock_00052/track.npy,gtzan,1.0,0.8859481741250061,0.8859481741250061,0.8859481741250061,1.0,1.0,1.0,1.0,1.0,0.8737815145363618,0.8737815145363618,0.8737815145363618,1.0,1.0,1.0,1.0,48.0,0.0,0.0,0.29191585395830477,14.0,0.0,0.0,0.3720896908912592,0.0
gtzan/gtzan_rock_00053/track.npy,gtzan,1.0,0.9473897455391065,0.9473897455391065,0.9473897455391065,1.0,1.0,1.0,1.0,0.6666666666666666,0.64800540715016,0.9084237551687523,0.7782145811594561,0.041666666666666664,0.041666666666666664,0.6666666666666666,0.875,60.0,0.0,0.0,0.08004270767353486,28.0,0.0,0.0,0.6931471805599453,0.0
gtzan/gtzan_rock_00054/track.npy,gtzan,0.8,0.6332985389785721,0.6332985389785721,0.6332985389785721,0.16666666666666666,0.4166666666666667,0.16666666666666666,0.4166666666666667,0.4313725490196078,0.33219415895461507,0.49977080782350053,0.4159824833890578,0.0,0.0,0.05128205128205128,0.1794871794871795,74.0,0.0684931506849315,0.1095890410958904,1.6143814140282169,44.0,0.046511627906976744,0.06976744186046512,2.280270737862603,0.0
gtzan/gtzan_rock_00055/track.npy,gtzan,0.9818181818181818,0.8962658161053134,0.8962658161053134,0.8962658161053134,0.9818181818181818,0.9818181818181818,0.9818181818181818,0.9818181818181818,0.962962962962963,0.8319883883100232,0.8319883883100232,0.8319883883100232,0.9285714285714286,0.9285714285714286,0.9285714285714286,0.9285714285714286,66.0,0.0,0.0,0.0870113769896318,19.0,0.0,0.0,1.2976101672498743,0.0
gtzan/gtzan_rock_00056/track.npy,gtzan,1.0,0.9172601586502683,0.9172601586502683,0.9172601586502683,1.0,1.0,1.0,1.0,1.0,0.9104569291638909,0.9104569291638909,0.9104569291638909,1.0,1.0,1.0,1.0,69.0,0.0,0.0,0.04652001563490016,17.0,0.0,0.0,0.01328002481377159,0.0
gtzan/gtzan_rock_00057/track.npy,gtzan,1.0,0.9398767224541019,0.9398767224541019,0.9398767224541019,1.0,1.0,1.0,1.0,0.7027027027027027,0.6553865537445884,0.8758677525808611,0.7656271531627248,0.041666666666666664,0.08333333333333333,0.56,0.84,63.0,0.0,0.0,0.04255961441879497,30.0,0.0,0.0,0.693147180559946,0.0
gtzan/gtzan_rock_00058/track.npy,gtzan,0.7766990291262137,0.5890803350367403,0.5890803350367403,0.5890803350367403,0.10909090909090909,0.6545454545454545,0.10909090909090909,0.6545454545454545,0.5365853658536586,0.4204144360801084,0.4862734284150053,0.45334393224755687,0.0,0.0,0.3793103448275862,0.4827586206896552,67.0,0.10606060606060606,0.10606060606060606,1.6935301989082194,34.0,0.030303030303030304,0.030303030303030304,1.7373842547973062,0.0
gtzan/gtzan_rock_00059/track.npy,gtzan,0.9896907216494846,0.9180534565526217,0.9180534565526217,0.9180534565526217,0.9795918367346939,0.9795918367346939,0.9795918367346939,0.9795918367346939,0.6399999999999999,0.5983059317071199,0.5983059317071199,0.5983059317071199,0.0,0.0,0.0,0.0,59.0,0.0,0.0,0.07696104113612678,43.0,0.0,0.0,0.7323678937132257,0.0
gtzan/gtzan_rock_00060/track.npy,gtzan,0.9664429530201343,0.8753418610921706,0.8753418610921706,0.8753418610921706,0.6266666666666667,0.92,0.6266666666666667,0.92,0.72,0.6516367875002185,0.7592044309417131,0.7054206092209658,0.0625,0.21875,0.17142857142857143,0.5714285714285714,89.0,0.045454545454545456,0.045454545454545456,1.2502501907259187,38.0,0.08108108108108109,0.08108108108108109,2.1858931878006578,0.0
gtzan/gtzan_rock_00061/track.npy,gtzan,1.0,0.9155336807471991,0.9155336807471991,0.9155336807471991,1.0,1.0,1.0,1.0,0.65,0.6267449646985419,0.7642520610492679,0.6954985128739049,0.07407407407407407,0.07407407407407407,0.25925925925925924,0.4444444444444444,61.0,0.0,0.0,0.12260232209232992,32.0,0.0,0.0,1.1260112628562235,0.0
gtzan/gtzan_rock_00062/track.npy,gtzan,1.0,0.8649543673132799,0.8649543673132799,0.8649543673132799,1.0,1.0,1.0,1.0,1.0,0.87937154315681,0.87937154315681,0.87937154315681,1.0,1.0,1.0,1.0,62.0,0.0,0.0,0.08534264459671492,16.0,0.0,0.0,0.01036278703554816,0.0
gtzan/gtzan_rock_00063/track.npy,gtzan,1.0,0.9214249497515871,0.9214249497515871,0.9214249497515871,1.0,1.0,1.0,1.0,0.962962962962963,0.864571248463759,0.864571248463759,0.864571248463759,0.9285714285714286,0.9285714285714286,0.9285714285714286,0.9285714285714286,63.0,0.0,0.0,0.12783337150988505,19.0,0.0,0.0,0.664064029064353,0.0
gtzan/gtzan_rock_00064/track.npy,gtzan,0.96875,0.717093782832314,0.717093782832314,0.717093782832314,0.4,0.9230769230769231,0.4,0.9230769230769231,0.3870967741935484,0.28889830162412594,0.28889830162412594,0.28889830162412594,0.0,0.0,0.02040816326530612,0.02040816326530612,78.0,0.012987012987012988,0.012987012987012988,0.22554781689907685,57.0,0.017857142857142856,0.017857142857142856,1.1154003228475173,0.0
gtzan/gtzan_rock_00065/track.npy,gtzan,0.6666666666666666,0.6073999474794903,0.8734135632422914,0.7404067553608908,0.0,0.0,0.9807692307692307,0.9807692307692307,0.45161290322580644,0.4253200557237452,0.6514502830173864,0.5383851693705658,0.0,0.0,0.08333333333333333,0.125,62.0,0.0,0.0,0.08356309734158542,28.0,0.0,0.0,0.6931471805599453,0.0
gtzan/gtzan_rock_00066/track.npy,gtzan,1.0,0.8469818263443416,0.8469818263443416,0.8469818263443416,1.0,1.0,1.0,1.0,0.6666666666666666,0.5760382331007268,0.8435072064823983,0.7097727197915625,0.0,0.0,0.9375,0.9375,38.0,0.0,0.0,0.05033113902787872,19.0,0.0,0.0,0.03871451218068955,0.0
gtzan/gtzan_rock_00067/track.npy,gtzan,0.9772727272727273,0.9128512539345993,0.9128512539345993,0.9128512539345993,1.0,1.0,1.0,1.0,0.32,0.30529862511143285,0.6475404461724369,0.47641953564193484,0.07142857142857142,0.07142857142857142,0.21428571428571427,0.42857142857142855,53.0,0.0,0.0,0.10126213205573775,18.0,0.0,0.0,0.7329828002794461,0.0
gtzan/gtzan_rock_00068/track.npy,gtzan,0.8932038834951457,0.8072981963704821,0.8072981963704821,0.8072981963704821,0.5961538461538461,0.8269230769230769,0.5961538461538461,0.8269230769230769,0.45454545454545453,0.36847986092076285,0.36847986092076285,0.36847986092076285,0.037037037037037035,0.07407407407407407,0.06060606060606061,0.12121212121212122,62.0,0.01639344262295082,0.04918032786885246,0.6378151906021077,33.0,0.0,0.0,1.4301234439730515,0.0
gtzan/gtzan_rock_00069/track.npy,gtzan,0.9444444444444445,0.799794202921043,0.799794202921043,0.799794202921043,0.21621621621621623,0.8243243243243243,0.21621621621621623,0.8243243243243243,0.8571428571428571,0.7411310021820182,0.7411310021820182,0.7411310021820182,0.25,0.5625,0.25,0.5625,90.0,0.033707865168539325,0.07865168539325842,1.1156108381609404,39.0,0.02631578947368421,0.02631578947368421,1.492941299255798,0.0
gtzan/gtzan_rock_00070/track.npy,gtzan,0.8387096774193549,0.7213842514914922,0.7213842514914922,0.7213842514914922,0.1,0.4857142857142857,0.1,0.4857142857142857,0.46428571428571425,0.3712626458875366,0.3898983656027124,0.3805805057451245,0.0,0.0,0.03125,0.0625,65.0,0.03125,0.03125,1.2812093291714741,40.0,0.02564102564102564,0.02564102564102564,1.3193552240891642,0.0
gtzan/gtzan_rock_00071/track.npy,gtzan,0.989247311827957,0.9189084454573998,0.9189084454573998,0.9189084454573998,0.9787234042553191,0.9787234042553191,0.9787234042553191,0.9787234042553191,0.6666666666666666,0.6264173502822076,0.9375985993666655,0.7820079748244365,0.0,0.0,0.9583333333333334,0.9583333333333334,57.0,0.0,0.0,0.07410797215372235,29.0,0.0,0.0,0.01869213301215547,0.0
gtzan/gtzan_rock_00072/track.npy,gtzan,0.9767441860465117,0.8706976438948903,0.8706976438948903,0.8706976438948903,0.9545454545454546,0.9545454545454546,0.9545454545454546,0.9545454545454546,1.0,0.9488953838500592,0.9488953838500592,0.9488953838500592,1.0,1.0,1.0,1.0,53.0,0.0,0.0,0.06899287148695532,13.0,0.0,0.0,0.00865806274311598,0.0
gtzan/gtzan_rock_00073/track.npy,gtzan,1.0,0.9066081364548791,0.9066081364548791,0.9066081364548791,1.0,1.0,1.0,1.0,1.0,0.9241889589525563,0.9241889589525563,0.9241889589525563,1.0,1.0,1.0,1.0,47.0,0.0,0.0,0.05636602524798302,12.0,0.0,0.0,0.00784317746102664,0.0
gtzan/gtzan_rock_00074/track.npy,gtzan,1.0,0.8980188358466062,0.8980188358466062,0.8980188358466062,1.0,1.0,1.0,1.0,0.7586206896551724,0.6943660965773811,0.7681021895567515,0.7312341430670664,0.23529411764705882,0.35294117647058826,0.391304347826087,0.43478260869565216,56.0,0.0,0.0,0.07410797215372468,19.0,0.0,0.0,0.7118393135720992,0.0
gtzan/gtzan_rock_00075/track.npy,gtzan,1.0,0.9399880141020738,0.9399880141020738,0.9399880141020738,1.0,1.0,1.0,1.0,1.0,0.9285638283820016,0.9285638283820016,0.9285638283820016,1.0,1.0,1.0,1.0,60.0,0.0,0.0,0.08004270767353472,15.0,0.0,0.0,0.020000666706669824,0.0
gtzan/gtzan_rock_00076/track.npy,gtzan,1.0,0.945955602968026,0.945955602968026,0.945955602968026,1.0,1.0,1.0,1.0,1.0,0.9610049076875521,0.9610049076875521,0.9610049076875521,1.0,1.0,1.0,1.0,48.0,0.0,0.0,0.031748698314585266,12.0,0.0,0.0,0.016000341346441273,0.0
gtzan/gtzan_rock_00077/track.npy,gtzan,0.9662921348314608,0.8922799117962483,0.8922799117962483,0.8922799117962483,0.9555555555555556,0.9555555555555556,0.9555555555555556,0.9555555555555556,1.0,0.9189341817219283,0.9189341817219283,0.9189341817219283,1.0,1.0,1.0,1.0,53.0,0.0,0.0,0.03636764417087246,13.0,0.0,0.0,0.017857617400005854,0.0
gtzan/gtzan_rock_00078/track.npy,gtzan,1.0,0.9034396367923625,0.9034396367923625,0.9034396367923625,1.0,1.0,1.0,1.0,1.0,0.9711703923728429,0.9711703923728429,0.9711703923728429,1.0,1.0,1.0,1.0,49.0,0.0,0.0,0.06453852113757087,13.0,0.0,0.0,0.008163310639162202,0.0
gtzan/gtzan_rock_00079/track.npy,gtzan,1.0,0.9147179570635985,0.9147179570635985,0.9147179570635985,1.0,1.0,1.0,1.0,0.7647058823529412,0.6743986357615449,0.7593849887400627,0.7168918122508038,0.14285714285714285,0.2857142857142857,0.32,0.56,63.0,0.0,0.0,0.08338160893904922,27.0,0.0,0.0,0.6931471805599453,0.0
gtzan/gtzan_rock_00080/track.npy,gtzan,1.0,0.9046393866829986,0.9046393866829986,0.9046393866829986,1.0,1.0,1.0,1.0,1.0,0.8583036212595602,0.8583036212595602,0.8583036212595602,1.0,1.0,1.0,1.0,59.0,0.0,0.0,0.08004270767353472,15.0,0.0,0.0,0.019608471388375848,0.0
gtzan/gtzan_rock_00081/track.npy,gtzan,0.96,0.9197096848436408,0.9197096848436408,0.9197096848436408,0.96,0.96,0.96,0.96,0.8275862068965517,0.7902428933034062,0.813901022654673,0.8020719579790396,0.4117647058823529,0.4117647058823529,0.43478260869565216,0.43478260869565216,60.0,0.0,0.0,0.08441619531725537,20.0,0.0,0.0,0.1350638986270693,0.0
gtzan/gtzan_rock_00082/track.npy,gtzan,1.0,0.949815041271658,0.949815041271658,0.949815041271658,1.0,1.0,1.0,1.0,0.6896551724137931,0.6633562689565267,0.8438289972105523,0.7535926330835394,0.16666666666666666,0.16666666666666666,0.42857142857142855,0.6666666666666666,50.0,0.0,0.0,0.06453852113757563,22.0,0.0,0.0,0.7017287907647088,0.0
gtzan/gtzan_rock_00083/track.npy,gtzan,1.0,0.9606425549254742,0.9606425549254742,0.9606425549254742,1.0,1.0,1.0,1.0,0.8666666666666666,0.8180941891380326,0.8180941891380326,0.8180941891380326,0.4117647058823529,0.47058823529411764,0.4117647058823529,0.47058823529411764,61.0,0.0,0.0,0.044744065835588674,19.0,0.0,0.0,0.67698501470593,0.0
gtzan/gtzan_rock_00084/track.npy,gtzan,1.0,0.8632151259421642,0.8632151259421642,0.8632151259421642,1.0,1.0,1.0,1.0,0.9655172413793104,0.7680194354175902,0.7680194354175902,0.7680194354175902,0.4666666666666667,0.8666666666666667,0.4666666666666667,0.8666666666666667,65.0,0.0,0.0,0.08701137698963499,18.0,0.0,0.0,0.7066319189433508,0.0
gtzan/gtzan_rock_00085/track.npy,gtzan,1.0,0.8860543921125159,0.8860543921125159,0.8860543921125159,1.0,1.0,1.0,1.0,0.6875000000000001,0.6181970246827161,0.8994268587989274,0.7588119417408217,0.0,0.0,1.0,1.0,49.0,0.0,0.0,0.09844007281325318,25.0,0.0,0.0,0.032736926762513205,0.0
gtzan/gtzan_rock_00086/track.npy,gtzan,0.9909909909909909,0.9353349929051784,0.9353349929051784,0.9353349929051784,0.6428571428571429,0.9642857142857143,0.6428571428571429,0.9642857142857143,0.6666666666666666,0.6346745529600055,0.9208852912611837,0.7777799221105945,0.0,0.0,0.9615384615384616,0.9615384615384616,68.0,0.014925373134328358,0.014925373134328358,0.26847417507049454,32.0,0.0,0.0,0.41635069372249406,0.0
gtzan/gtzan_rock_00087/track.npy,gtzan,0.9818181818181818,0.8211181632135576,0.8211181632135576,0.8211181632135576,0.9818181818181818,0.9818181818181818,0.9818181818181818,0.9818181818181818,0.7222222222222223,0.6117947336204156,0.7025054911233966,0.6571501123719061,0.13636363636363635,0.18181818181818182,0.2222222222222222,0.6296296296296297,67.0,0.0,0.0,0.08701137698962695,26.0,0.0,0.0,0.6931471805599453,0.0
gtzan/gtzan_rock_00088/track.npy,gtzan,1.0,0.912921255961738,0.912921255961738,0.912921255961738,1.0,1.0,1.0,1.0,0.6666666666666666,0.5947416310548256,0.8999357457966213,0.7473386884257234,0.0,0.0,0.95,0.95,46.0,0.0,0.0,0.06062462181643358,23.0,0.0,0.0,0.030305349495329148,0.0
gtzan/gtzan_rock_00089/track.npy,gtzan,0.989010989010989,0.8760665555988935,0.8760665555988935,0.8760665555988935,0.9782608695652174,0.9782608695652174,0.9782608695652174,0.9782608695652174,0.6875000000000001,0.6196452457102001,0.8627378869357284,0.7411915663229642,0.047619047619047616,0.047619047619047616,0.6190476190476191,0.9047619047619048,55.0,0.0,0.0,0.07251856725077432,26.0,0.0,0.0,0.5996198344681106,0.0
gtzan/gtzan_rock_00090/track.npy,gtzan,0.99009900990099,0.9369976189471609,0.9369976189471609,0.9369976189471609,0.9803921568627451,0.9803921568627451,0.9803921568627451,0.9803921568627451,0.8387096774193548,0.7895744248065077,0.7895744248065077,0.7895744248065077,0.4444444444444444,0.5,0.4444444444444444,0.5,61.0,0.0,0.0,0.08037659780008634,22.0,0.0,0.0,0.7142740863358819,0.0
gtzan/gtzan_rock_00091/track.npy,gtzan,1.0,0.8892770580464364,0.8892770580464364,0.8892770580464364,1.0,1.0,1.0,1.0,0.9090909090909091,0.836019632241553,0.836019632241553,0.836019632241553,0.7222222222222222,0.7222222222222222,0.7222222222222222,0.7222222222222222,72.0,0.0,0.0,0.09531017980432555,22.0,0.0,0.0,0.6943237054304557,0.0
gtzan/gtzan_rock_00092/track.npy,gtzan,1.0,0.8969562222414961,0.8969562222414961,0.8969562222414961,1.0,1.0,1.0,1.0,1.0,0.8370748227052657,0.8370748227052657,0.8370748227052657,1.0,1.0,1.0,1.0,66.0,0.0,0.0,0.08701137698963457,16.0,0.0,0.0,0.014875010872851242,0.0
gtzan/gtzan_rock_00093/track.npy,gtzan,0.9885057471264368,0.8519922506342424,0.8519922506342424,0.8519922506342424,0.9772727272727273,0.9772727272727273,0.9772727272727273,0.9772727272727273,0.7333333333333334,0.6683980358924294,0.8070753235389005,0.737736679715665,0.15789473684210525,0.15789473684210525,0.47619047619047616,0.7142857142857143,54.0,0.018867924528301886,0.018867924528301886,0.16633105135237497,23.0,0.0,0.0,0.6844891178168309,0.0
gtzan/gtzan_rock_00094/track.npy,gtzan,0.9583333333333334,0.8474164316270983,0.8474164316270983,0.8474164316270983,0.78,0.86,0.78,0.86,0.23529411764705882,0.21544045147534066,0.37858855794298885,0.29701450470916474,0.0,0.0,0.0,0.0,58.0,0.0,0.0,0.60871303359184,44.0,0.0,0.0,1.2711148056513737,0.0
gtzan/gtzan_rock_00095/track.npy,gtzan,0.5411764705882354,0.4789264783969305,0.56075695070512,0.5198417145510252,0.5116279069767442,0.5116279069767442,0.5116279069767442,0.5116279069767442,0.5,0.4646432785145422,0.4646432785145422,0.4646432785145422,0.2857142857142857,0.5,0.2857142857142857,0.5,51.0,0.0,0.0,0.06899287148695124,18.0,0.0,0.0,0.6974951162379122,0.0
gtzan/gtzan_rock_00096/track.npy,gtzan,0.9896907216494846,0.842782006048271,0.842782006048271,0.842782006048271,0.8775510204081632,0.9591836734693877,0.8775510204081632,0.9591836734693877,0.9600000000000001,0.8260755771534863,0.8260755771534863,0.8260755771534863,0.9230769230769231,0.9230769230769231,0.9230769230769231,0.9230769230769231,58.0,0.0,0.017543859649122806,0.5918296257290998,16.0,0.0,0.0,0.6005638455802047,0.0
gtzan/gtzan_rock_00097/track.npy,gtzan,0.9906542056074767,0.8996584816481549,0.8996584816481549,0.8996584816481549,0.9814814814814815,0.9814814814814815,0.9814814814814815,0.9814814814814815,0.7567567567567568,0.6990416153063163,0.834547421569604,0.7667945184379601,0.08695652173913043,0.17391304347826086,0.3333333333333333,0.7037037037037037,65.0,0.0,0.0,0.08701137698963499,27.0,0.0,0.0,0.7016128680243752,0.0
gtzan/gtzan_rock_00098/track.npy,gtzan,0.7008547008547008,0.5438459371540909,0.643312191211457,0.593579064182774,0.08450704225352113,0.23943661971830985,0.08450704225352113,0.3626373626373626,0.4651162790697674,0.3485999269420629,0.3485999269420629,0.3485999269420629,0.06451612903225806,0.0967741935483871,0.06451612903225806,0.12903225806451613,80.0,0.06329113924050633,0.11392405063291139,1.4681017950303739,33.0,0.0625,0.0625,1.583950729441963,0.0
gtzan/gtzan_rock_00099/track.npy,gtzan,0.6881720430107526,0.5558005390669675,0.5558005390669675,0.5558005390669675,0.0784313725490196,0.29411764705882354,0.0784313725490196,0.29411764705882354,0.2222222222222222,0.20403898732010292,0.45987273519386274,0.33195586125698284,0.0,0.0,0.16,0.28,47.0,0.0,0.021739130434782608,1.2103015094347018,26.0,0.0,0.0,1.6422140216486536,0.0
