piece,dataset,beat_fmeasure,beat_cemgil,beat_cemgil_max,beat_cemgil_bt_legacy,beat_cmlc,beat_cmlt,beat_amlc,beat_amlt,downbeat_fmeasure,downbeat_cemgil,downbeat_cemgil_max,downbeat_cemgil_bt_legacy,downbeat_cmlc,downbeat_cmlt,downbeat_amlc,downbeat_amlt,beat_diag_count,beat_diag_ibi_lt_140ms,beat_diag_ibi_lt_200ms,beat_diag_log_ibi_jump_p95,downbeat_diag_count,downbeat_diag_ibi_lt_140ms,downbeat_diag_ibi_lt_200ms,downbeat_diag_log_ibi_jump_p95,downbeats_off_beat
asap/Bach_Fugue_bwv_873_Lisiecki13M/track.npy,asap,0.9411764705882353,0.7797208359388964,0.7797208359388964,0.7797208359388964,0.7101449275362319,0.9311594202898551,0.7101449275362319,0.9311594202898551,0.7058823529411765,0.5600982298850422,0.5600982298850422,0.5600982298850422,0.7101449275362319,0.7101449275362319,0.7101449275362319,0.7101449275362319,290.0,0.0,0.0,0.09531017980436209,73.0,0.0,0.0,0.08903434952019632,0.0
asap/Bach_Fugue_bwv_874_BianF01/track.npy,asap,0.048,0.038129294711658136,0.06492854317467926,0.0515289189431687,0.0,0.0,0.0,0.0,0.0,1.9329472341270542e-48,2.302855347986292e-48,2.1179012910566733e-48,0.0,0.0,0.0,0.0,415.0,0.0,0.0,0.10008345855699852,104.0,0.0,0.0,0.11778303565639422,0.0
asap/Bach_Fugue_bwv_874_Kurz01M/track.npy,asap,0.3911290322580645,0.3404115487625847,0.567433021267853,0.45392228501521886,0.0,0.0,0.0,0.0,0.6486486486486487,0.5841635308815425,0.8320532070034278,0.7081083689424852,0.0,0.0,0.95,0.95,410.0,0.0,0.0,0.0953101798043286,103.0,0.0,0.0,0.05918887139034412,0.0
asap/Bach_Fugue_bwv_874_WongWY01M/track.npy,asap,0.3910386965376782,0.3330840242669061,0.5403081163665127,0.4366960703167094,0.0,0.0,0.0,0.0,0.6438356164383561,0.5368741944531681,0.7354046882909446,0.6361394413720564,0.0,0.0,0.9693877551020408,0.9693877551020408,403.0,0.0,0.0,0.08701137698961359,100.0,0.0,0.0,0.10582853475826429,0.0
asap/Bach_Fugue_bwv_875_Ahfat01M/track.npy,asap,0.6092307692307691,0.49063574797784537,0.7766050403054897,0.6336203941416676,0.0,0.0,0.8963963963963963,0.8963963963963963,0.5609756097560976,0.48558712742507504,0.6771718358359127,0.5813794816304938,0.0,0.0,0.9107142857142857,0.9107142857142857,230.0,0.0,0.0,0.08701137698964323,58.0,0.0,0.0,0.1142007558755736,0.0
asap/Bach_Fugue_bwv_875_CaoJ01M/track.npy,asap,0.6352201257861636,0.5461418607475385,0.8310480086852119,0.6885949347163751,0.0,0.0,0.9212962962962963,0.9212962962962963,0.6329113924050632,0.5536684827936299,0.8152178288959065,0.6844431558447682,0.0,0.0,0.9074074074074074,0.9074074074074074,225.0,0.0,0.0,0.07410797215373355,57.0,0.0,0.0,0.046651105870760344,0.0
asap/Bach_Fugue_bwv_883_GuoE01M/track.npy,asap,0.6520681265206812,0.5798779640601796,0.8729903415281387,0.7264341527941591,0.0,0.0,0.49454545454545457,0.9654545454545455,0.3203883495145631,0.2832439255186485,0.4130712773315767,0.34815760142511265,0.0,0.0,0.463768115942029,0.463768115942029,561.0,0.0,0.0,0.08338160893909552,141.0,0.0,0.0,0.053488684950986444,0.0
asap/Bach_Fugue_bwv_883_Herbert02/track.npy,asap,0.0036429872495446266,0.010212109014975048,0.010212109014975048,0.010212109014975048,0.02527075812274368,0.2888086642599278,0.02527075812274368,0.2888086642599278,0.0,1.2796944965256924e-11,1.7021179225632995e-11,1.490906209544496e-11,0.014492753623188406,0.043478260869565216,0.014492753623188406,0.043478260869565216,281.0,0.0,0.0,0.08727145515963901,70.0,0.0,0.0,0.06096582589209531,0.0
asap/Bach_Fugue_bwv_883_KaiRuiR03/track.npy,asap,0.014571948998178506,0.012580696168777935,0.1897826741939228,0.10118168518135037,0.01444043321299639,0.039711191335740074,0.2924187725631769,0.5595667870036101,0.0,0.007030231511904572,0.007030231511904572,0.007030231511904572,0.9855072463768116,0.9855072463768116,0.9855072463768116,0.9855072463768116,284.0,0.0,0.0,0.07145896398214968,71.0,0.0,0.0,0.05762911283663652,0.0
asap/Bach_Fugue_bwv_883_Khmara04/track.npy,asap,0.009569377990430622,0.007517064606322992,0.007560209241001479,0.007538636923662236,0.0,0.0,0.0,0.0,0.0,1.894739478147891e-11,0.0058684753856815455,0.00293423770231447,0.0,0.0,0.09219858156028368,0.3262411347517731,574.0,0.0,0.0,0.09097177820577373,144.0,0.0,0.0,0.043939222847038654,0.0
asap/Bach_Fugue_bwv_883_LuM01M/track.npy,asap,0.960431654676259,0.8487053861745418,0.8487053861745418,0.8487053861745418,0.7543859649122807,0.9263157894736842,0.7543859649122807,0.9263157894736842,0.0,3.487932822506941e-28,0.8100198321490643,0.40500991607453213,0.0,0.0,0.9436619718309859,0.9436619718309859,299.0,0.0,0.0,0.10536051565780777,75.0,0.0,0.0,0.10106772225840609,0.0
asap/Bach_Fugue_bwv_885_Guo01M/track.npy,asap,0.8857142857142857,0.7869383577600931,0.7869383577600931,0.7869383577600931,0.7701612903225806,0.8830645161290323,0.7701612903225806,0.8830645161290323,0.8170731707317075,0.714867856715225,0.714867856715225,0.714867856715225,0.7710843373493976,0.8313253012048193,0.7710843373493976,0.8313253012048193,255.0,0.0,0.0,0.089612158689689,85.0,0.0,0.0,0.08171258549501284,0.0
asap/Bach_Fugue_bwv_885_Huang04M/track.npy,asap,0.8858267716535433,0.7902474578124927,0.7902474578124927,0.7902474578124927,0.7471698113207547,0.7886792452830189,0.7471698113207547,0.7886792452830189,0.8470588235294118,0.7562609324963451,0.7562609324963451,0.7562609324963451,0.7415730337078652,0.7865168539325843,0.7415730337078652,0.7865168539325843,278.0,0.0,0.0,0.1026541540600627,93.0,0.0,0.0,0.06741428895736729,0.0
asap/Bach_Fugue_bwv_885_JeonH01M/track.npy,asap,0.9068825910931174,0.7772141900389347,0.7772141900389347,0.7772141900389347,0.7075098814229249,0.8853754940711462,0.7075098814229249,0.8853754940711462,0.2620689655172414,0.22025830569203195,0.2739763672117262,0.24711733645187905,0.0,0.0,0.025,0.0375,261.0,0.0,0.0,0.07696104113611506,66.0,0.0,0.0,0.0984734544809315,0.0
asap/Bach_Fugue_bwv_885_SINKEV06/track.npy,asap,0.07770961145194274,0.07506416543604062,0.07506416543604062,0.07506416543604062,0.036290322580645164,0.2661290322580645,0.036290322580645164,0.2661290322580645,0.0,6.216244046857031e-26,0.0012841826725299313,0.0006420913362649656,0.0,0.0,0.024390243902439025,0.04878048780487805,257.0,0.0,0.0,0.07797899360449682,85.0,0.0,0.0,0.05996888176180934,0.0
asap/Bach_Prelude_bwv_857_Bult-ItoS02M/track.npy,asap,0.6129032258064515,0.5196439383681323,0.7963901623250946,0.6580170503466134,0.0,0.0,0.5688622754491018,0.9161676646706587,0.5714285714285714,0.4654630610941911,0.5767282681942094,0.5210956646442002,0.0,0.0,0.9523809523809523,0.9523809523809523,176.0,0.0,0.0,0.09270192863293834,44.0,0.0,0.0,0.11066127919321934,0.0
asap/Bach_Prelude_bwv_857_Lan01M/track.npy,asap,0.6274509803921569,0.5853244832284434,0.8923685534545036,0.7388465183414735,0.0,0.0,0.9080459770114943,0.9080459770114943,0.6461538461538462,0.6083457486915385,0.7950159507009401,0.7016808496962392,0.0,0.0,0.8863636363636364,0.8863636363636364,182.0,0.0,0.0,0.06453852113758152,46.0,0.0,0.0,0.06387052512450007,0.0
asap/Bach_Prelude_bwv_857_Lisiecki04M/track.npy,asap,0.6070038910505837,0.5178863129759742,0.787460895000976,0.6526736039884751,0.0,0.0,0.3942857142857143,0.88,0.4615384615384615,0.39070977543291807,0.5268045698090966,0.45875717262100735,0.0,0.0,0.36363636363636365,0.6818181818181818,183.0,0.0,0.0,0.08223809823697481,46.0,0.0,0.0,0.11127429313255313,0.0
asap/Bach_Prelude_bwv_857_ToA01M/track.npy,asap,0.6129032258064516,0.5121086613929771,0.739265202323047,0.625686931858012,0.0,0.0,0.4819277108433735,0.9156626506024096,0.6451612903225806,0.5546489121507517,0.6878096571066611,0.6212292846287064,0.0,0.0,0.9512195121951219,0.9512195121951219,174.0,0.0,0.0,0.11720828765263723,43.0,0.0,0.0,0.10748591497014237,0.0
asap/Bach_Prelude_bwv_857_WangA01M/track.npy,asap,0.616,0.5083270016799512,0.7763672467569769,0.642347124218464,0.0,0.0,0.9583333333333334,0.9583333333333334,0.5396825396825397,0.48570771118581546,0.6587541207554384,0.5722309159706269,0.0,0.0,0.9523809523809523,0.9523809523809523,175.0,0.0,0.0,0.10265415406007733,44.0,0.0,0.0,0.05170331696838042,0.0
asap/Bach_Prelude_bwv_857_YuP01M/track.npy,asap,0.6396761133603238,0.5501998985170601,0.8224556008718349,0.6863277496944475,0.0,0.0,0.9397590361445783,0.9457831325301205,0.634920634920635,0.5472981412654729,0.6576031393391847,0.6024506403023289,0.0,0.0,0.9285714285714286,0.9285714285714286,174.0,0.0,0.0,0.10085686187166906,44.0,0.0,0.0,0.09211052571995673,0.0
asap/Bach_Prelude_bwv_864_SunD01M/track.npy,asap,0.7444444444444445,0.6842944291640621,0.6842944291640621,0.6842944291640621,0.6413043478260869,0.75,0.6413043478260869,0.75,0.18867924528301885,0.16627892350393178,0.24208828430861137,0.20418360390627158,0.0,0.0,0.03225806451612903,0.03225806451612903,100.0,0.0,0.0,0.0896121586896903,33.0,0.0,0.0,0.08824531824158122,0.0
asap/Bach_Prelude_bwv_865_Rizikov01M/track.npy,asap,0.8,0.6308489778005908,0.6308489778005908,0.6308489778005908,0.648936170212766,0.648936170212766,0.648936170212766,0.648936170212766,0.8275862068965517,0.6230002481717606,0.6230002481717606,0.6230002481717606,0.65625,0.65625,0.65625,0.65625,101.0,0.0,0.0,0.0896121586896903,34.0,0.0,0.0,0.050261834780887193,0.0
asap/Bach_Prelude_bwv_865_Teo01M/track.npy,asap,0.5573770491803278,0.4023227147078984,0.4023227147078984,0.4023227147078984,0.2777777777777778,0.2777777777777778,0.2777777777777778,0.2777777777777778,0.5573770491803278,0.4280971247050016,0.4280971247050016,0.4280971247050016,0.2777777777777778,0.2777777777777778,0.2777777777777778,0.2777777777777778,120.0,0.0,0.0,0.12136085700427557,40.0,0.0,0.0,0.23902862309902725,0.0
asap/Bach_Prelude_bwv_865_ZhangE01M/track.npy,asap,0.38578680203045684,0.2957944907969807,0.35496930412440647,0.32538189746069357,0.0,0.0,0.0,0.0,0.4242424242424242,0.32970285295762414,0.37603160910895467,0.35286723103328943,0.0,0.0,0.0392156862745098,0.0392156862745098,131.0,0.0,0.0,0.08701137698964323,43.0,0.0,0.0,0.043172171865210274,0.0
asap/Bach_Prelude_bwv_867_HuNY01M/track.npy,asap,0.6192170818505338,0.5162957456294625,0.7567555103146751,0.6365256279720688,0.0,0.0,0.7671957671957672,0.8783068783068783,0.5428571428571428,0.4407636209556503,0.5437832410900334,0.4922734310228418,0.0,0.0,0.7659574468085106,0.7659574468085106,195.0,0.0,0.0,0.09763846956391387,49.0,0.0,0.0,0.13104033917669783,0.0
asap/Bach_Prelude_bwv_867_Sham01M/track.npy,asap,0.5931034482758621,0.48524942630667167,0.7231907155722855,0.6042200709394786,0.0,0.0,0.8333333333333334,0.8484848484848485,0.5833333333333334,0.4282472158089329,0.5548343442832057,0.49154078004606927,0.0,0.0,0.8367346938775511,0.8367346938775511,204.0,0.0,0.0,0.09531017980432159,51.0,0.0,0.0,0.07634575778424744,0.0
asap/Bach_Prelude_bwv_875_Ahfat01M/track.npy,asap,0.9488636363636364,0.752821625113553,0.752821625113553,0.752821625113553,0.8011049723756906,0.9226519337016574,0.8011049723756906,0.9226519337016574,0.9743589743589743,0.7483974334231538,0.7483974334231538,0.7483974334231538,0.9333333333333333,0.9333333333333333,0.9333333333333333,0.9333333333333333,192.0,0.0,0.0,0.08338160893905101,64.0,0.0,0.0,0.06783658080207007,0.0
asap/Bach_Prelude_bwv_875_CaoJ01M/track.npy,asap,0.9827586206896551,0.8202788242187282,0.8202788242187282,0.8202788242187282,0.9715909090909091,0.9715909090909091,0.9715909090909091,0.9715909090909091,0.9743589743589743,0.815775239185341,0.815775239185341,0.815775239185341,0.9830508474576272,0.9830508474576272,0.9830508474576272,0.9830508474576272,187.0,0.0,0.0,0.08701137698962462,62.0,0.0,0.0,0.05488547149780097,0.0
asap/Bach_Prelude_bwv_875_HONG04M/track.npy,asap,0.9827586206896551,0.7385873731696789,0.7385873731696789,0.7385873731696789,0.8522727272727273,0.9659090909090909,0.8522727272727273,0.9659090909090909,0.9743589743589743,0.7454244590369463,0.7454244590369463,0.7454244590369463,0.9830508474576272,0.9830508474576272,0.9830508474576272,0.9830508474576272,187.0,0.0,0.0,0.08701137698963142,62.0,0.0,0.0,0.04383507965401776,0.0
asap/Balakirev_Islamey_CHEN10M/track.npy,asap,0.6217569412835685,0.46582728003352314,0.46582728003352314,0.46582728003352314,0.026541095890410957,0.4195205479452055,0.026541095890410957,0.4195205479452055,0.46202531645569617,0.3582817785521143,0.3582817785521143,0.3582817785521143,0.07647058823529412,0.40294117647058825,0.07647058823529412,0.40294117647058825,1182.0,0.0,0.0,0.11778303565644266,295.0,0.0,0.0,0.11266295452825434,0.0
asap/Balakirev_Islamey_Na08M/track.npy,asap,0.6103243490178162,0.4411857359497381,0.4411857359497381,0.4411857359497381,0.03181427343078246,0.3834909716251075,0.03181427343078246,0.3834909716251075,0.4634920634920635,0.345461948662634,0.345461948662634,0.345461948662634,0.07964601769911504,0.41297935103244837,0.07964601769911504,0.41297935103244837,1178.0,0.0,0.0,0.11778303565644266,295.0,0.0,0.0,0.11847956407615627,0.0
asap/Balakirev_Islamey_Yi04M/track.npy,asap,0.6515580736543909,0.4832088354583869,0.4832088354583869,0.4832088354583869,0.03035878564857406,0.5124195032198712,0.03035878564857406,0.5124195032198712,0.4934640522875817,0.3621192108726537,0.3621192108726537,0.3621192108726537,0.07941176470588235,0.40588235294117647,0.07941176470588235,0.40588235294117647,1099.0,0.0,0.0,0.11122563511021925,275.0,0.0,0.0,0.15094777591634473,0.0
asap/Beethoven_Piano_Sonatas_24-2_Lisiecki05M/track.npy,asap,0.6119205298013246,0.44317153395841136,0.44317153395841136,0.44317153395841136,0.06716417910447761,0.4601990049751244,0.06716417910447761,0.4601990049751244,0.39711191335740076,0.3104516597105597,0.3104516597105597,0.3104516597105597,0.0,0.0,0.2,0.31,416.0,0.0,0.0,0.1053605156578814,104.0,0.0,0.0,0.09945213599769512,0.0
asap/Beethoven_Piano_Sonatas_4-1_Chon03M/track.npy,asap,0.819193324061196,0.6586457045887806,0.6586457045887806,0.6586457045887806,0.09766162310866575,0.7936726272352133,0.09766162310866575,0.7936726272352133,0.449814126394052,0.3599640049171732,0.5335072411072794,0.4467356230122263,0.0,0.0,0.33516483516483514,0.7417582417582418,739.0,0.0,0.0,0.10008345855696288,185.0,0.0,0.0,0.11360972700809473,0.0
asap/Beethoven_Piano_Sonatas_4-1_LeeE02M/track.npy,asap,0.8916841369671559,0.751389439282804,0.751389439282804,0.751389439282804,0.15416666666666667,0.8805555555555555,0.15416666666666667,0.8805555555555555,0.5708955223880596,0.47136736946581076,0.7057305638201684,0.5885489666429896,0.0,0.0,0.4444444444444444,0.9333333333333333,731.0,0.0,0.0,0.09097177820573119,183.0,0.0,0.0,0.10763066419237466,0.0
asap/Beethoven_Piano_Sonatas_4-1_LiA04M/track.npy,asap,0.8255977496483825,0.6478002213639807,0.6478002213639807,0.6478002213639807,0.11954992967651196,0.7946554149085795,0.11954992967651196,0.7946554149085795,0.5168539325842696,0.4067716140869288,0.5679723066122343,0.4873719603495815,0.0028089887640449437,0.0028089887640449437,0.449438202247191,0.797752808988764,723.0,0.0,0.0,0.09531017980437662,181.0,0.0,0.0,0.11126103790212777,0.0
asap/Beethoven_Piano_Sonatas_4-1_SirajA02M/track.npy,asap,0.8095238095238094,0.6391787535435423,0.6391787535435423,0.6391787535435423,0.046089385474860335,0.7863128491620112,0.046089385474860335,0.7863128491620112,0.4747663551401869,0.3843016390162194,0.5282387139899603,0.4562701765030898,0.0,0.0,0.3463687150837989,0.7150837988826816,727.0,0.0,0.0,0.09531017980432288,182.0,0.0,0.0,0.12922784751559233,0.0
asap/Chopin_Ballades_4_ChenC04M/track.npy,asap,0.32098765432098764,0.24858763095821426,0.24858763095821426,0.24858763095821426,0.00980392156862745,0.05759803921568627,0.011470281543274244,0.08446298227320125,0.27734375,0.2136759602404244,0.22472944688305724,0.21920270356174082,0.01838235294117647,0.0661764705882353,0.054279749478079335,0.14613778705636743,819.0,0.0,0.0,0.13752818618162438,273.0,0.0,0.0,0.1611559890101097,0.0
asap/Chopin_Ballades_4_Kociuban07M/track.npy,asap,0.3071271124173402,0.2360489990076378,0.23633008645616937,0.23618954273190357,0.005681818181818182,0.023863636363636365,0.011446409989594173,0.08844953173777315,0.2546816479400749,0.18765713757443384,0.22939429012272924,0.20852571384858154,0.020477815699658702,0.08532423208191127,0.04573804573804574,0.19126819126819128,884.0,0.0,0.0,0.1319173224863866,294.0,0.0,0.0,0.1699676291284436,0.0
asap/Chopin_Ballades_4_Levitsky18M/track.npy,asap,0.33275862068965517,0.2572212746589598,0.2572212746589598,0.2572212746589598,0.0058823529411764705,0.05588235294117647,0.010294117647058823,0.06047966631908238,0.3211991434689508,0.25297371318270667,0.25297371318270667,0.25297371318270667,0.03333333333333333,0.15,0.058577405857740586,0.15,683.0,0.0,0.0,0.1407725538810849,228.0,0.0,0.0,0.1598243289605552,0.0
asap/Chopin_Ballades_4_LuEric04M/track.npy,asap,0.2941634241245136,0.22792458245343516,0.22792458245343516,0.22792458245343516,0.004968944099378882,0.02732919254658385,0.004968944099378882,0.04472049689440994,0.29527559055118113,0.21816450792937214,0.25884295822338754,0.23850373307637984,0.018656716417910446,0.055970149253731345,0.05845511482254697,0.19832985386221294,808.0,0.0,0.0,0.143100843640662,269.0,0.0,0.0,0.16525632647432686,0.0
asap/Chopin_Ballades_4_MiyashitaM04M/track.npy,asap,0.3337515683814304,0.24737548281941082,0.24737548281941082,0.24737548281941082,0.010771992818671455,0.012567324955116697,0.010771992818671455,0.05565529622980251,0.3567921440261866,0.25891412924229956,0.31454360586287833,0.286728867552589,0.0862533692722372,0.1320754716981132,0.0862533692722372,0.32150313152400833,1118.0,0.0,0.0,0.12433027224104712,372.0,0.0,0.0,0.1396288259712801,0.0
asap/Chopin_Ballades_4_Mizumoto02M/track.npy,asap,0.2716763005780347,0.21404330217355946,0.21404330217355946,0.21404330217355946,0.005376344086021506,0.04121863799283154,0.008960573476702509,0.05734767025089606,0.19248826291079812,0.15803909340152197,0.1611717662652549,0.15960542983338843,0.0125,0.025,0.05439330543933055,0.12133891213389121,561.0,0.0,0.0,0.1687503448717507,187.0,0.0,0.0,0.26069698388132295,0.0
asap/Chopin_Ballades_4_Nikiforov13M/track.npy,asap,0.292852185981957,0.2243166149564095,0.2243166149564095,0.2243166149564095,0.005202913631633715,0.018730489073881373,0.007284079084287201,0.062434963579604576,0.31729055258467026,0.24731718100236455,0.2570259915559934,0.252171586279179,0.059190031152647975,0.1059190031152648,0.059190031152647975,0.24634655532359082,964.0,0.0,0.0,0.11778303565661141,322.0,0.0,0.0,0.14486558143689887,0.0
asap/Chopin_Etudes_op_25_11_KimSuyeon03M/track.npy,asap,0.7447916666666666,0.5701416545975606,0.5701416545975606,0.5701416545975606,0.14285714285714285,0.6913265306122449,0.14285714285714285,0.6913265306122449,0.7604166666666667,0.5994355784085059,0.5994355784085059,0.5994355784085059,0.5714285714285714,0.826530612244898,0.5714285714285714,0.826530612244898,397.0,0.0,0.0,0.09938866941807104,99.0,0.0,0.0,0.07760365398063016,0.0
asap/Chopin_Etudes_op_25_11_KyykhynenT10M/track.npy,asap,0.39059304703476483,0.27276193043080027,0.3250345611730152,0.2988982458019077,0.0016638935108153079,0.0033277870216306157,0.013280212483399735,0.029216467463479414,0.5694915254237288,0.4206454723323323,0.6397943599165327,0.5302199161244325,0.0,0.0,0.6,0.86,614.0,0.0,0.0,0.11778303565637163,204.0,0.0,0.0,0.07145896398214292,0.0
asap/Chopin_Etudes_op_25_11_Lisiecki07M/track.npy,asap,0.39285714285714285,0.30532659171906434,0.361732607669856,0.33352959969446017,0.022222222222222223,0.046031746031746035,0.022222222222222223,0.06490066225165562,0.419672131147541,0.3277788550481034,0.4943936062389089,0.41108623064350613,0.0,0.0,0.2523809523809524,0.6952380952380952,642.0,0.0,0.0,0.11778303565638115,214.0,0.0,0.0,0.07204413961726372,0.0
asap/Chopin_Etudes_op_25_11_MiyashitaM03M/track.npy,asap,0.4160659114315139,0.31090445663673044,0.3680101514233813,0.33945730403005586,0.03872053872053872,0.03872053872053872,0.03872053872053872,0.06108897742363878,0.5051194539249148,0.37113671176387014,0.5595247865210732,0.46533074914247163,0.0,0.0,0.23737373737373738,0.7373737373737373,606.0,0.0,0.0,0.11778303565640336,202.0,0.0,0.0,0.07166139340844283,0.0
asap/Chopin_Etudes_op_25_11_Richardson_2013_08M/track.npy,asap,0.8308080808080808,0.6436875075102277,0.6436875075102277,0.6436875075102277,0.29156626506024097,0.7228915662650602,0.29156626506024097,0.7228915662650602,0.797979797979798,0.6590000349201134,0.6590000349201134,0.6590000349201134,0.5728155339805825,0.7864077669902912,0.5728155339805825,0.7864077669902912,423.0,0.0,0.0,0.1053605156578814,105.0,0.0,0.0,0.09524027393059274,0.0
asap/Chopin_Etudes_op_25_11_Richardson_2015_03M/track.npy,asap,0.37014314928425357,0.27069249371999077,0.3473384589073124,0.30901547631365156,0.0016638935108153079,0.008319467554076539,0.00796812749003984,0.05312084993359894,0.4594594594594595,0.35398314157570004,0.5333717944785876,0.4436774680271438,0.0,0.0,0.5671641791044776,0.7661691542288557,612.0,0.0,0.0,0.11778303565644266,204.0,0.0,0.0,0.0755075525081432,0.0
asap/Chopin_Etudes_op_25_11_Sham02M/track.npy,asap,0.7353629976580797,0.5712039813098962,0.5712039813098962,0.5712039813098962,0.06932773109243698,0.5756302521008403,0.06932773109243698,0.5756302521008403,0.7383177570093458,0.5706033606217012,0.5706033606217012,0.5706033606217012,0.47058823529411764,0.6218487394957983,0.47058823529411764,0.6218487394957983,489.0,0.0,0.0,0.11778303565627501,122.0,0.0,0.0,0.08352141330414921,0.0
asap/Chopin_Etudes_op_25_11_Shychko03M/track.npy,asap,0.7169344870210136,0.5256587941870438,0.5256587941870438,0.5256587941870438,0.10854503464203233,0.5981524249422633,0.10854503464203233,0.5981524249422633,0.6930693069306931,0.4997051372155539,0.4997051372155539,0.4997051372155539,0.5185185185185185,0.6574074074074074,0.5185185185185185,0.6574074074074074,444.0,0.0,0.0,0.11322353279717488,111.0,0.0,0.0,0.08937497919749077,0.0
asap/Chopin_Etudes_op_25_11_Song02M/track.npy,asap,0.7679222357229648,0.5837734116393368,0.5837734116393368,0.5837734116393368,0.15280898876404495,0.6674157303370787,0.15280898876404495,0.6674157303370787,0.7669902912621359,0.5898600096405769,0.5898600096405769,0.5898600096405769,0.5315315315315315,0.7117117117117117,0.5315315315315315,0.7117117117117117,458.0,0.0,0.0,0.11122563511022676,114.0,0.0,0.0,0.13978313365799672,0.0
asap/Chopin_Etudes_op_25_11_WangA02M/track.npy,asap,0.37277486910994767,0.27854174657436775,0.34813867259990927,0.3133402095871385,0.0017241379310344827,0.0034482758620689655,0.01335113484646195,0.03471295060080107,0.5087108013937282,0.382792852098037,0.5880329781748449,0.4854129151364409,0.0,0.0,0.39378238341968913,0.8808290155440415,591.0,0.0,0.0,0.11778303565638115,197.0,0.0,0.0,0.07267354053993633,0.0
asap/Chopin_Etudes_op_25_1_LeeN03M/track.npy,asap,0.3474903474903475,0.23876528548453063,0.28988627726715177,0.2643257813758412,0.0030211480362537764,0.0030211480362537764,0.013404825737265416,0.08579088471849866,0.3312101910828026,0.2564977818717298,0.34502196713111283,0.3007598745014213,0.0,0.0,0.17272727272727273,0.5,343.0,0.0,0.0,0.11122563511022121,114.0,0.0,0.0,0.09518273706517408,0.0
asap/Chopin_Etudes_op_25_1_TongB02M/track.npy,asap,0.38831615120274915,0.2670216225657085,0.41266457913807414,0.3398431008518913,0.0,0.0,0.0379746835443038,0.40253164556962023,0.452054794520548,0.3300559957023228,0.4336608218698368,0.3818584087860798,0.0,0.0,0.494949494949495,0.7575757575757576,408.0,0.0,0.0,0.11778303565638115,102.0,0.0,0.0,0.12075822042037504,0.0
asap/Chopin_Etudes_op_25_1_TuanS04M/track.npy,asap,0.483271375464684,0.36468701372371876,0.5256379952889706,0.44516250450634465,0.02849002849002849,0.03133903133903134,0.06702412868632708,0.4959785522788204,0.4740740740740741,0.39305061825191884,0.47946816553824606,0.43625939189508245,0.056818181818181816,0.056818181818181816,0.2903225806451613,0.6236559139784946,366.0,0.0,0.0,0.11778303565639092,91.0,0.0,0.0,0.1331502215946766,0.0
asap/Chopin_Etudes_op_25_1_Wong03M/track.npy,asap,0.34535104364326374,0.24430663920255244,0.3117788200917801,0.27804272964716625,0.0029411764705882353,0.0029411764705882353,0.0160857908847185,0.10991957104557641,0.36024844720496896,0.25999136986350246,0.372687905121766,0.3163396374926343,0.0,0.0,0.15789473684210525,0.5526315789473685,350.0,0.0,0.0,0.11778303565627501,117.0,0.0,0.0,0.12906804062703528,0.0
asap/Haydn_Keyboard_Sonatas_31-1_Song05M/track.npy,asap,0.5365853658536586,0.4005652861075423,0.5976248405602278,0.49909506333388504,0.0,0.0,0.06463878326996197,0.6958174904942965,0.40206185567010316,0.2977920531024438,0.43730305279151777,0.36754755294698077,0.0,0.0,0.1984732824427481,0.6870229007633588,541.0,0.0,0.0,0.11778303565640336,135.0,0.0,0.0,0.0878471261972227,0.0
asap/Haydn_Keyboard_Sonatas_48-1_GarritsonL02M/track.npy,asap,0.3555166374781085,0.2674912012758285,0.2674912012758285,0.2674912012758285,0.02556390977443609,0.06616541353383458,0.02556390977443609,0.06616541353383458,0.33070866141732286,0.27391191971633533,0.27391191971633533,0.27391191971633533,0.036036036036036036,0.08108108108108109,0.036036036036036036,0.08108108108108109,680.0,0.0,0.0,0.11778303565640336,227.0,0.0,0.0,0.11948068547672411,0.0
asap/Haydn_Keyboard_Sonatas_48-1_PrjevalskayaM02M/track.npy,asap,0.3115438108484006,0.22561409299890778,0.22561409299890778,0.22561409299890778,0.0021008403361344537,0.0021008403361344537,0.0823045267489712,0.3292181069958848,0.36666666666666664,0.27181800666517625,0.27181800666517625,0.27181800666517625,0.0,0.0,0.1111111111111111,0.4567901234567901,246.0,0.0,0.0,0.12285561909031388,82.0,0.0,0.0,0.13185535242291366,0.0
asap/Rachmaninoff_Preludes_op_23_4_ChenGuang12M/track.npy,asap,0.3325062034739454,0.262297645142853,0.262297645142853,0.262297645142853,0.02666666666666667,0.09333333333333334,0.0449438202247191,0.12946428571428573,0.3880597014925374,0.32637718831264856,0.32637718831264856,0.32637718831264856,0.13333333333333333,0.22666666666666666,0.13333333333333333,0.22666666666666666,182.0,0.0,0.0,0.14458122881111518,61.0,0.0,0.0,0.15357394158259569,0.0
asap/Rachmaninoff_Preludes_op_23_4_WuuE07M/track.npy,asap,0.3884892086330935,0.3347124516902185,0.3347124516902185,0.3347124516902185,0.044642857142857144,0.24553571428571427,0.044642857142857144,0.24553571428571427,0.5035971223021581,0.4469529698097635,0.4469529698097635,0.4469529698097635,0.17333333333333334,0.5066666666666667,0.17333333333333334,0.5066666666666667,197.0,0.0,0.0,0.17042941113230015,66.0,0.0,0.0,0.21331981245727027,0.0
asap/Schubert_Moment_Musical_no_1_MunA10M/track.npy,asap,0.2840409956076134,0.22818485274187117,0.22818485274187117,0.22818485274187117,0.008869179600886918,0.024390243902439025,0.034482758620689655,0.20689655172413793,0.14035087719298245,0.11941140805209213,0.11941140805209213,0.11941140805209213,0.006622516556291391,0.013245033112582781,0.06493506493506493,0.14285714285714285,235.0,0.0,0.0,0.13353139262453365,78.0,0.0,0.0,0.15376757000059543,0.0
ballroom/ballroom_Albums-Ballroom_Classics4-05/track.npy,ballroom,0.8767123287671232,0.6869747866711263,0.6869747866711263,0.6869747866711263,0.972972972972973,0.972972972972973,0.972972972972973,0.972972972972973,0.9166666666666666,0.7819533732161781,0.7819533732161781,0.7819533732161781,1.0,1.0,1.0,1.0,43.0,0.0,0.0,0.08701137698963313,15.0,0.0,0.0,0.06202480426391076,0.0
ballroom/ballroom_Albums-Ballroom_Magic-02/track.npy,ballroom,1.0,0.8590704165620842,0.8590704165620842,0.8590704165620842,1.0,1.0,1.0,1.0,1.0,0.9446027345013567,0.9446027345013567,0.9446027345013567,1.0,1.0,1.0,1.0,44.0,0.0,0.0,0.058840500022942395,15.0,0.0,0.0,0.019418085857101808,0.0
ballroom/ballroom_Albums-Ballroom_Magic-07/track.npy,ballroom,0.9906542056074767,0.7175216518723031,0.7175216518723031,0.7175216518723031,0.9814814814814815,0.9814814814814815,0.9814814814814815,0.9814814814814815,1.0,0.6967725407883177,0.6967725407883177,0.6967725407883177,1.0,1.0,1.0,1.0,64.0,0.0,0.0,0.08682988858709934,16.0,0.0,0.0,0.03575326950505423,0.0
ballroom/ballroom_Albums-Cafe_Paradiso-01/track.npy,ballroom,1.0,0.9050346733673366,0.9050346733673366,0.9050346733673366,1.0,1.0,1.0,1.0,1.0,0.8908739492465291,0.8908739492465291,0.8908739492465291,1.0,1.0,1.0,1.0,51.0,0.0,0.0,0.03390155167568665,13.0,0.0,0.0,0.01694955831377304,0.0
ballroom/ballroom_Albums-Cafe_Paradiso-06/track.npy,ballroom,1.0,0.8236667267649315,0.8236667267649315,0.8236667267649315,1.0,1.0,1.0,1.0,1.0,0.826291905798162,0.826291905798162,0.826291905798162,1.0,1.0,1.0,1.0,61.0,0.0,0.0,0.08338160893904922,16.0,0.0,0.0,0.02712896489355051,0.0
ballroom/ballroom_Albums-Cafe_Paradiso-07/track.npy,ballroom,0.9902912621359222,0.8505122853658542,0.8505122853658542,0.8505122853658542,0.9807692307692307,0.9807692307692307,0.9807692307692307,0.9807692307692307,1.0,0.8718960176787675,0.8718960176787675,0.8718960176787675,1.0,1.0,1.0,1.0,63.0,0.0,0.0,0.08338160893904922,16.0,0.0,0.0,0.013952562094062778,0.0
ballroom/ballroom_Albums-Cafe_Paradiso-12/track.npy,ballroom,0.625,0.5967612570568515,0.5974025350323432,0.5970818960445974,0.625,0.625,0.625,0.625,0.7,0.6631772539894492,0.6631772539894492,0.6631772539894492,1.0,1.0,1.0,1.0,48.0,0.0,0.0,0.06453852113757219,12.0,0.0,0.0,0.11686047673373769,0.0
ballroom/ballroom_Albums-Chrisanne1-03/track.npy,ballroom,1.0,0.7565927171253302,0.7565927171253302,0.7565927171253302,1.0,1.0,1.0,1.0,1.0,0.7942164503037247,0.7942164503037247,0.7942164503037247,1.0,1.0,1.0,1.0,41.0,0.0,0.0,0.08455738802806378,13.0,0.0,0.0,0.040945918922850155,0.0
ballroom/ballroom_Albums-Chrisanne1-07/track.npy,ballroom,1.0,0.908472247094181,0.908472247094181,0.908472247094181,0.972972972972973,0.9864864864864865,0.972972972972973,0.9864864864864865,1.0,0.9174547517692981,0.9174547517692981,0.9174547517692981,1.0,1.0,1.0,1.0,90.0,0.0,0.0,0.0991474555747967,30.0,0.0,0.0,0.06228490368974732,0.0
ballroom/ballroom_Albums-Chrisanne1-08/track.npy,ballroom,0.9729729729729729,0.8412235903965555,0.8412235903965555,0.8412235903965555,0.96,0.96,0.96,0.96,0.96,0.8557909050225575,0.8557909050225575,0.8557909050225575,1.0,1.0,1.0,1.0,89.0,0.0,0.0,0.11778303565638115,30.0,0.0,0.0,0.04082199452025424,0.0
ballroom/ballroom_Albums-Chrisanne3-01/track.npy,ballroom,0.9859154929577464,0.8861559947150883,0.8861559947150883,0.8861559947150883,0.9722222222222222,0.9722222222222222,0.9722222222222222,0.9722222222222222,0.9565217391304348,0.923651229084935,0.923651229084935,0.923651229084935,0.9166666666666666,0.9166666666666666,0.9166666666666666,0.9166666666666666,42.0,0.0,0.0,0.08223809823696543,14.0,0.0,0.0,0.0281469043586338,0.0
ballroom/ballroom_Albums-Chrisanne3-03/track.npy,ballroom,1.0,0.9131949522586571,0.9131949522586571,0.9131949522586571,1.0,1.0,1.0,1.0,1.0,0.8720634707462005,0.8720634707462005,0.8720634707462005,1.0,1.0,1.0,1.0,44.0,0.0,0.0,0.08701137698962802,15.0,0.0,0.0,0.0482296783743549,0.0
ballroom/ballroom_Albums-Commitments-08/track.npy,ballroom,0.9640287769784173,0.8828605926258613,0.8828605926258613,0.8828605926258613,0.9305555555555556,0.9305555555555556,0.9305555555555556,0.9305555555555556,0.9411764705882353,0.8531908389901431,0.8531908389901431,0.8531908389901431,0.8888888888888888,0.8888888888888888,0.8888888888888888,0.8888888888888888,86.0,0.0,0.0,0.105360515657833,22.0,0.0,0.0,0.014295318162395137,0.0
ballroom/ballroom_Albums-Commitments-11/track.npy,ballroom,1.0,0.9368450052515703,0.9368450052515703,0.9368450052515703,1.0,1.0,1.0,1.0,1.0,0.9526769457573517,0.9526769457573517,0.9526769457573517,1.0,1.0,1.0,1.0,44.0,0.0,0.0,0.058840500022942395,15.0,0.0,0.0,0.009852296443011443,0.0
ballroom/ballroom_Albums-Fire-02/track.npy,ballroom,0.9885057471264368,0.9343321614234988,0.9343321614234988,0.9343321614234988,0.9772727272727273,0.9772727272727273,0.9772727272727273,0.9772727272727273,0.9523809523809523,0.9168939235603546,0.9168939235603546,0.9168939235603546,0.9090909090909091,0.9090909090909091,0.9090909090909091,0.9090909090909091,53.0,0.0,0.0,0.0689928714869561,14.0,0.0,0.0,0.012629808203155245,0.0
ballroom/ballroom_Albums-Fire-03/track.npy,ballroom,0.9876543209876543,0.9532829227359734,0.9532829227359734,0.9532829227359734,0.975609756097561,0.975609756097561,0.975609756097561,0.975609756097561,1.0,0.9784632641334395,0.9784632641334395,0.9784632641334395,1.0,1.0,1.0,1.0,49.0,0.0,0.0,0.06453852113757473,12.0,0.0,0.0,0.016129381929883852,0.0
ballroom/ballroom_Albums-Fire-12/track.npy,ballroom,0.9868421052631579,0.8713591429167853,0.8713591429167853,0.8713591429167853,0.974025974025974,0.974025974025974,0.974025974025974,0.974025974025974,1.0,0.8633764169912685,0.8633764169912685,0.8633764169912685,1.0,1.0,1.0,1.0,92.0,0.0,0.0,0.09206174942840943,23.0,0.0,0.0,0.04512043528047399,0.0
ballroom/ballroom_Albums-GloriaEstefan_MiTierra-01/track.npy,ballroom,0.9863013698630138,0.9284426374053706,0.9284426374053706,0.9284426374053706,0.972972972972973,0.972972972972973,0.972972972972973,0.972972972972973,1.0,0.9119528348245161,0.9119528348245161,0.9119528348245161,1.0,1.0,1.0,1.0,44.0,0.0,0.0,0.11304040246833609,11.0,0.0,0.0,0.014388737452100564,0.0
ballroom/ballroom_Albums-GloriaEstefan_MiTierra-08/track.npy,ballroom,0.8378378378378378,0.6815026411243383,0.6815026411243383,0.6815026411243383,0.8378378378378378,0.8378378378378378,0.8378378378378378,0.8378378378378378,0.8888888888888888,0.7068756673028319,0.7068756673028319,0.7068756673028319,1.0,1.0,1.0,1.0,45.0,0.0,0.0,0.08961215868968755,11.0,0.0,0.0,0.06342424884200722,0.0
ballroom/ballroom_Albums-GloriaEstefan_MiTierra-11/track.npy,ballroom,0.9863013698630138,0.9065938363253828,0.9065938363253828,0.9065938363253828,0.972972972972973,0.972972972972973,0.972972972972973,0.972972972972973,1.0,0.9567955530612067,0.9567955530612067,0.9567955530612067,1.0,1.0,1.0,1.0,44.0,0.0,0.0,0.08455738802806366,11.0,0.0,0.0,0.03859472977455612,0.0
ballroom/ballroom_Albums-Latin_Jam2-02/track.npy,ballroom,1.0,0.9751584690797209,0.9751584690797209,0.9751584690797209,1.0,1.0,1.0,1.0,1.0,0.9652729005816711,0.9652729005816711,0.9652729005816711,1.0,1.0,1.0,1.0,52.0,0.0,0.0,0.0689928714869506,13.0,0.0,0.0,0.008658062743115535,0.0
ballroom/ballroom_Albums-Latin_Jam2-06/track.npy,ballroom,0.9906542056074767,0.9312006613561353,0.9312006613561353,0.9312006613561353,0.9814814814814815,0.9814814814814815,0.9814814814814815,0.9814814814814815,0.962962962962963,0.8690865725388898,0.8690865725388898,0.8690865725388898,0.9285714285714286,0.9285714285714286,0.9285714285714286,0.9285714285714286,65.0,0.0,0.0,0.04255961441880225,17.0,0.0,0.0,0.0032085867350262086,0.0
ballroom/ballroom_Albums-Latin_Jam2-11/track.npy,ballroom,1.0,0.9557240755033547,0.9557240755033547,0.9557240755033547,1.0,1.0,1.0,1.0,1.0,0.9245365904947919,0.9245365904947919,0.9245365904947919,1.0,1.0,1.0,1.0,88.0,0.0,0.0,0.11778303565638332,22.0,0.0,0.0,0.014598799421152404,0.0
ballroom/ballroom_Albums-Latin_Jam3-04/track.npy,ballroom,1.0,0.9720860536564324,0.9720860536564324,0.9720860536564324,1.0,1.0,1.0,1.0,1.0,0.9803454228088375,0.9803454228088375,0.9803454228088375,1.0,1.0,1.0,1.0,51.0,0.0,0.0,0.06669137449867218,13.0,0.0,0.0,1.4432899320127035e-15,0.0
ballroom/ballroom_Albums-Latin_Jam3-06/track.npy,ballroom,1.0,0.9256624278922135,0.9256624278922135,0.9256624278922135,1.0,1.0,1.0,1.0,1.0,0.946289011461182,0.946289011461182,0.946289011461182,1.0,1.0,1.0,1.0,50.0,0.0,0.0,0.06669137449867565,12.0,0.0,0.0,0.012932591218599784,0.0
ballroom/ballroom_Albums-Latin_Jam3-07/track.npy,ballroom,0.9885057471264368,0.8563179083238764,0.8563179083238764,0.8563179083238764,0.9772727272727273,0.9772727272727273,0.9772727272727273,0.9772727272727273,1.0,0.8659380513961321,0.8659380513961321,0.8659380513961321,1.0,1.0,1.0,1.0,53.0,0.0,0.0,0.05204209564910817,13.0,0.0,0.0,0.00865806274311487,0.0
ballroom/ballroom_Albums-Latin_Jam4-10/track.npy,ballroom,0.9931972789115647,0.9624839220114113,0.9624839220114113,0.9624839220114113,0.9864864864864865,0.9864864864864865,0.9864864864864865,0.9864864864864865,0.972972972972973,0.9530161520927639,0.9530161520927639,0.9530161520927639,0.9473684210526315,0.9473684210526315,0.9473684210526315,0.9473684210526315,89.0,0.0,0.0,0.06062462181643462,23.0,0.0,0.0,0.014598799421154884,0.0
ballroom/ballroom_Albums-Latin_Jam5-01/track.npy,ballroom,1.0,0.9649002923194339,0.9649002923194339,0.9649002923194339,1.0,1.0,1.0,1.0,1.0,0.9511718286010796,0.9511718286010796,0.9511718286010796,1.0,1.0,1.0,1.0,50.0,0.0,0.0,0.06669137449867514,13.0,0.0,0.0,0.035871952429420706,0.0
ballroom/ballroom_Albums-Latin_Jam5-02/track.npy,ballroom,1.0,0.903089090298554,0.903089090298554,0.903089090298554,1.0,1.0,1.0,1.0,1.0,0.9225290557654026,0.9225290557654026,0.9225290557654026,1.0,1.0,1.0,1.0,62.0,0.0,0.0,0.08338160893904932,16.0,0.0,0.0,1.887379141862766e-15,0.0
ballroom/ballroom_Albums-Latin_Jam5-06/track.npy,ballroom,1.0,0.9540770759213033,0.9540770759213033,0.9540770759213033,1.0,1.0,1.0,1.0,1.0,0.9434783623577072,0.9434783623577072,0.9434783623577072,1.0,1.0,1.0,1.0,51.0,0.0,0.0,0.06669137449867549,13.0,0.0,0.0,0.020782302053470092,0.0
ballroom/ballroom_Albums-Macumba-05/track.npy,ballroom,1.0,0.9483969433250591,0.9483969433250591,0.9483969433250591,1.0,1.0,1.0,1.0,1.0,0.8857388262216573,0.8857388262216573,0.8857388262216573,1.0,1.0,1.0,1.0,49.0,0.0,0.0,0.06669137449867674,13.0,0.0,0.0,0.016667052485211775,0.0
ballroom/ballroom_Albums-Macumba-10/track.npy,ballroom,1.0,0.9032259912194525,0.9032259912194525,0.9032259912194525,1.0,1.0,1.0,1.0,1.0,0.9462890114611829,0.9462890114611829,0.9462890114611829,1.0,1.0,1.0,1.0,49.0,0.0,0.0,0.06453852113756964,12.0,0.0,0.0,0.01241466500431169,0.0
ballroom/ballroom_Albums-Macumba-14/track.npy,ballroom,1.0,0.9246040071818429,0.9246040071818429,0.9246040071818429,1.0,1.0,1.0,1.0,0.0,8.731998659451743e-61,0.871891455067457,0.4359457275337285,0.0,0.0,0.9444444444444444,0.9444444444444444,87.0,0.0,0.0,0.11778303565638115,21.0,0.0,0.0,0.042559614418797576,0.0
ballroom/ballroom_Albums-Mambo_Kings-03/track.npy,ballroom,0.9791666666666666,0.9065379028261732,0.9065379028261732,0.9065379028261732,0.9591836734693877,0.9591836734693877,0.9591836734693877,0.9591836734693877,1.0,0.9296830154627945,0.9296830154627945,0.9296830154627945,1.0,1.0,1.0,1.0,58.0,0.0,0.0,0.07696104113613084,15.0,0.0,0.0,0.01886848430438228,0.0
ballroom/ballroom_Albums-Mambo_Kings-12/track.npy,ballroom,1.0,0.9094348856444511,0.9094348856444511,0.9094348856444511,1.0,1.0,1.0,1.0,1.0,0.8729792923293068,0.8729792923293068,0.8729792923293068,1.0,1.0,1.0,1.0,56.0,0.0,0.0,0.07696104113612678,14.0,0.0,0.0,0.03925343330400503,0.0
ballroom/ballroom_Albums-Pais_Tropical-09/track.npy,ballroom,0.9879518072289156,0.9504732508482796,0.9504732508482796,0.9504732508482796,0.9761904761904762,0.9761904761904762,0.9761904761904762,0.9761904761904762,1.0,0.9697896309442664,0.9697896309442664,0.9697896309442664,1.0,1.0,1.0,1.0,51.0,0.0,0.0,0.06669137449867073,13.0,0.0,0.0,0.008298802814695916,0.0
ballroom/ballroom_Albums-Pais_Tropical-14/track.npy,ballroom,1.0,0.8945658306664696,0.8945658306664696,0.8945658306664696,1.0,1.0,1.0,1.0,1.0,0.8942006225952812,0.8942006225952812,0.8942006225952812,1.0,1.0,1.0,1.0,85.0,0.0,0.0,0.1112256351102241,22.0,0.0,0.0,0.02886054307331261,0.0
ballroom/ballroom_Albums-Secret_Garden-02/track.npy,ballroom,0.8493150684931507,0.5681054150853234,0.5681054150853234,0.5681054150853234,0.972972972972973,0.972972972972973,0.972972972972973,0.972972972972973,0.75,0.5992788932387487,0.5992788932387487,0.5992788932387487,1.0,1.0,1.0,1.0,44.0,0.0,0.0,0.11441035117774434,15.0,0.0,0.0,0.03839584106586875,0.0
ballroom/ballroom_Albums-Secret_Garden-06/track.npy,ballroom,0.8108108108108109,0.6796800030463493,0.6796800030463493,0.6796800030463493,0.7837837837837838,0.8918918918918919,0.7837837837837838,0.8918918918918919,0.8333333333333334,0.6951695759164037,0.6951695759164037,0.6951695759164037,1.0,1.0,1.0,1.0,44.0,0.0,0.0,0.1213608570042648,15.0,0.0,0.0,0.12840966719071495,0.0
ballroom/ballroom_Albums-Step_By_Step-06/track.npy,ballroom,0.9369369369369369,0.84245267136826,0.84245267136826,0.84245267136826,0.45614035087719296,0.9122807017543859,0.45614035087719296,0.9122807017543859,0.888888888888889,0.7864818997874005,0.7864818997874005,0.7864818997874005,0.9285714285714286,0.9285714285714286,0.9285714285714286,0.9285714285714286,67.0,0.0,0.0,0.08701137698963061,17.0,0.0,0.0,0.024844485010934125,0.0
ballroom/ballroom_Albums-StrictlyDancing_Tango-09/track.npy,ballroom,0.9811320754716981,0.868319116152272,0.868319116152272,0.868319116152272,0.9629629629629629,0.9629629629629629,0.9629629629629629,0.9629629629629629,1.0,0.9075987848945726,0.9075987848945726,0.9075987848945726,1.0,1.0,1.0,1.0,64.0,0.0,0.0,0.04255961441880263,16.0,0.0,0.0,0.024942353400839664,0.0
ballroom/ballroom_Media-100614/track.npy,ballroom,0.4957264957264957,0.4662634019400661,0.4662634019400661,0.4662634019400661,0.0,0.0,0.0,0.0,0.4827586206896552,0.4690017558938554,0.4690017558938554,0.4690017558938554,0.0,0.0,0.0,0.0,35.0,0.0,0.0,0.047628048989255316,9.0,0.0,0.0,0.027751388303459797,0.0
ballroom/ballroom_Media-103313/track.npy,ballroom,0.9942196531791908,0.8638871898261444,0.8638871898261444,0.8638871898261444,0.9770114942528736,0.9770114942528736,0.9770114942528736,0.9770114942528736,1.0,0.8782968163928757,0.8782968163928757,0.8782968163928757,1.0,1.0,1.0,1.0,104.0,0.0,0.0,0.0689928714869561,26.0,0.0,0.0,0.051293294387549454,0.0
ballroom/ballroom_Media-103314/track.npy,ballroom,0.9940828402366864,0.9001076773349723,0.9001076773349723,0.9001076773349723,0.9882352941176471,0.9882352941176471,0.9882352941176471,0.9882352941176471,1.0,0.9136051807947494,0.9136051807947494,0.9136051807947494,1.0,1.0,1.0,1.0,102.0,0.0,0.0,0.06899287148695041,26.0,0.0,0.0,0.051293294387549454,0.0
ballroom/ballroom_Media-103407/track.npy,ballroom,0.9904761904761905,0.867741420340285,0.867741420340285,0.867741420340285,0.9811320754716981,0.9811320754716981,0.9811320754716981,0.9811320754716981,1.0,0.8589284585018919,0.8589284585018919,0.8589284585018919,1.0,1.0,1.0,1.0,63.0,0.0,0.0,0.08338160893905155,16.0,0.0,0.0,0.010362787035547128,0.0
ballroom/ballroom_Media-103417/track.npy,ballroom,0.9791666666666666,0.8956819119606364,0.8956819119606364,0.8956819119606364,0.9591836734693877,0.9591836734693877,0.9591836734693877,0.9591836734693877,0.9600000000000001,0.9215087744783957,0.9215087744783957,0.9215087744783957,0.9230769230769231,0.9230769230769231,0.9230769230769231,0.9230769230769231,58.0,0.0,0.0,0.07410797215372211,15.0,0.0,0.0,0.01869213301215389,0.0
ballroom/ballroom_Media-103504/track.npy,ballroom,0.8333333333333334,0.7411426384781362,0.7411426384781362,0.7411426384781362,0.8095238095238095,0.8095238095238095,0.8095238095238095,0.8095238095238095,0.9,0.7620332007937012,0.7620332007937012,0.7620332007937012,1.0,1.0,1.0,1.0,51.0,0.0,0.0,0.08136444380859183,12.0,0.0,0.0,0.10153070530726711,0.0
ballroom/ballroom_Media-103515/track.npy,ballroom,0.9852941176470589,0.9280723222062839,0.9280723222062839,0.9280723222062839,0.9710144927536232,0.9710144927536232,0.9710144927536232,0.9710144927536232,0.9714285714285714,0.9249693114901283,0.9249693114901283,0.9249693114901283,0.9444444444444444,0.9444444444444444,0.9444444444444444,0.9444444444444444,82.0,0.0,0.0,0.10536051565782423,21.0,0.0,0.0,0.02666824708216094,0.0
ballroom/ballroom_Media-103601/track.npy,ballroom,1.0,0.9127888705667957,0.9127888705667957,0.9127888705667957,1.0,1.0,1.0,1.0,1.0,0.8790868218592734,0.8790868218592734,0.8790868218592734,1.0,1.0,1.0,1.0,59.0,0.0,0.0,0.03922071315328459,15.0,0.0,0.0,1.7763568394002505e-15,0.0
ballroom/ballroom_Media-103602/track.npy,ballroom,0.9411764705882353,0.853556756200926,0.853556756200926,0.853556756200926,0.9411764705882353,0.9411764705882353,0.9411764705882353,0.9411764705882353,0.9230769230769231,0.8509840658426059,0.8509840658426059,0.8509840658426059,1.0,1.0,1.0,1.0,62.0,0.0,0.0,0.08338160893904922,16.0,0.0,0.0,0.02442386196135837,0.0
ballroom/ballroom_Media-103615/track.npy,ballroom,0.9538461538461539,0.7827838935305044,0.7827838935305044,0.7827838935305044,0.9696969696969697,0.9696969696969697,0.9696969696969697,0.9696969696969697,1.0,0.7845399626097824,0.7845399626097824,0.7845399626097824,1.0,1.0,1.0,1.0,39.0,0.0,0.0,0.07796154146971485,10.0,0.0,0.0,0.022936329948624653,0.0
ballroom/ballroom_Media-103705/track.npy,ballroom,0.9772727272727273,0.901378154347107,0.901378154347107,0.901378154347107,0.9555555555555556,0.9555555555555556,0.9555555555555556,0.9555555555555556,1.0,0.9562599709981814,0.9562599709981814,0.9562599709981814,1.0,1.0,1.0,1.0,53.0,0.0,0.0,0.06899287148694377,13.0,0.0,0.0,0.029684553450700257,0.0
ballroom/ballroom_Media-103712/track.npy,ballroom,1.0,0.9063260705707479,0.9063260705707479,0.9063260705707479,1.0,1.0,1.0,1.0,1.0,0.9376153782720127,0.9376153782720127,0.9376153782720127,1.0,1.0,1.0,1.0,50.0,0.0,0.0,0.032789822822996084,13.0,0.0,0.0,0.012379900543863065,0.0
ballroom/ballroom_Media-103715/track.npy,ballroom,0.6744186046511628,0.61485939834709,0.9209487143122642,0.7679040563296771,0.0,0.0,1.0,1.0,0.6363636363636364,0.5614046226559822,0.848657592366103,0.7050311075110427,0.0,0.0,0.8666666666666667,0.8666666666666667,69.0,0.0,0.0,0.09097177820573288,18.0,0.0,0.0,0.04652001563489211,0.0
ballroom/ballroom_Media-103807/track.npy,ballroom,1.0,0.9425127764292874,0.9425127764292874,0.9425127764292874,1.0,1.0,1.0,1.0,1.0,0.9434387014719329,0.9434387014719329,0.9434387014719329,1.0,1.0,1.0,1.0,52.0,0.0,0.0,0.035091319811269756,13.0,0.0,0.0,0.025752496102415257,0.0
ballroom/ballroom_Media-103912/track.npy,ballroom,0.9866666666666666,0.8567812196109378,0.8567812196109378,0.8567812196109378,0.9736842105263158,0.9736842105263158,0.9736842105263158,0.9736842105263158,1.0,0.9219938165823373,0.9219938165823373,0.9219938165823373,1.0,1.0,1.0,1.0,46.0,0.0,0.0,0.09195914591481556,11.0,0.0,0.0,0.054227997803118905,0.0
ballroom/ballroom_Media-104003/track.npy,ballroom,0.9879518072289156,0.9616882424425129,0.9616882424425129,0.9616882424425129,0.9761904761904762,0.9761904761904762,0.9761904761904762,0.9761904761904762,1.0,0.9876932937905394,0.9876932937905394,0.9876932937905394,1.0,1.0,1.0,1.0,51.0,0.0,0.0,0.0666913744986737,13.0,0.0,0.0,0.012517651077862957,0.0
ballroom/ballroom_Media-104005/track.npy,ballroom,0.975609756097561,0.8224937816364394,0.8224937816364394,0.8224937816364394,1.0,1.0,1.0,1.0,0.9090909090909091,0.7507372488634831,0.7507372488634831,0.7507372488634831,1.0,1.0,1.0,1.0,49.0,0.0,0.0,0.06453852113757055,13.0,0.0,0.0,0.016000341346440905,0.0
ballroom/ballroom_Media-104008/track.npy,ballroom,0.8378378378378378,0.7878355996875578,0.7878355996875578,0.7878355996875578,0.7209302325581395,0.7209302325581395,0.7209302325581395,0.7209302325581395,0.888888888888889,0.8610092567630345,0.8610092567630345,0.8610092567630345,0.8,0.8,0.8,0.8,52.0,0.0,0.0,0.07410797215372356,13.0,0.0,0.0,0.07020425867324837,0.0
ballroom/ballroom_Media-104012/track.npy,ballroom,0.7884615384615384,0.6385323579629176,0.6385323579629176,0.6385323579629176,0.7547169811320755,0.7547169811320755,0.7547169811320755,0.7547169811320755,0.7407407407407408,0.6051803402851403,0.6051803402851403,0.6051803402851403,0.9285714285714286,0.9285714285714286,0.9285714285714286,0.9285714285714286,65.0,0.0,0.0,0.08338160893905311,17.0,0.0,0.0,0.11974573983642456,0.0
ballroom/ballroom_Media-104103/track.npy,ballroom,0.988235294117647,0.9544033648851543,0.9544033648851543,0.9544033648851543,0.9767441860465116,0.9767441860465116,0.9767441860465116,0.9767441860465116,1.0,0.9539688072850471,0.9539688072850471,0.9539688072850471,1.0,1.0,1.0,1.0,52.0,0.0,0.0,0.06899287148694719,13.0,0.0,0.0,0.012730123990841391,0.0
ballroom/ballroom_Media-104107/track.npy,ballroom,0.9807692307692307,0.9092020958623532,0.9092020958623532,0.9092020958623532,0.9622641509433962,0.9622641509433962,0.9622641509433962,0.9622641509433962,1.0,0.9150759376829467,0.9150759376829467,0.9150759376829467,1.0,1.0,1.0,1.0,64.0,0.0,0.0,0.040821994520261404,16.0,0.0,0.0,0.020619287202734204,0.0
ballroom/ballroom_Media-104108/track.npy,ballroom,1.0,0.8637169759565477,0.8637169759565477,0.8637169759565477,1.0,1.0,1.0,1.0,1.0,0.8632338097609755,0.8632338097609755,0.8632338097609755,1.0,1.0,1.0,1.0,63.0,0.0,0.0,0.08338160893905111,16.0,0.0,0.0,0.010362787035547872,0.0
ballroom/ballroom_Media-104116/track.npy,ballroom,0.9824561403508771,0.6669094197995089,0.6669094197995089,0.6669094197995089,0.9655172413793104,0.9655172413793104,0.9655172413793104,0.9655172413793104,0.9655172413793104,0.6648505420222951,0.6648505420222951,0.6648505420222951,0.9333333333333333,0.9333333333333333,0.9333333333333333,0.9333333333333333,70.0,0.0,0.0,0.09097177820572866,18.0,0.0,0.0,0.022728251077555606,0.0
ballroom/ballroom_Media-104118/track.npy,ballroom,0.9793103448275862,0.8948488267048129,0.8948488267048129,0.8948488267048129,0.9594594594594594,0.9594594594594594,0.9594594594594594,0.9594594594594594,0.972972972972973,0.8702147278269181,0.8702147278269181,0.8702147278269181,0.9473684210526315,0.9473684210526315,0.9473684210526315,0.9473684210526315,89.0,0.0,0.0,0.11122563511022536,23.0,0.0,0.0,0.028573372444055445,0.0
ballroom/ballroom_Media-104212/track.npy,ballroom,0.974025974025974,0.9090699409500621,0.9090699409500621,0.9090699409500621,0.9493670886075949,0.9493670886075949,0.9493670886075949,0.9493670886075949,0.9615384615384615,0.907222363272352,0.907222363272352,0.907222363272352,0.9259259259259259,0.9259259259259259,0.9259259259259259,0.9259259259259259,94.0,0.0,0.0,0.08634590804441607,32.0,0.0,0.0,0.040005334613698304,0.0
ballroom/ballroom_Media-104308/track.npy,ballroom,0.9868421052631579,0.9509411721546959,0.9509411721546959,0.9509411721546959,0.974025974025974,0.974025974025974,0.974025974025974,0.974025974025974,0.9803921568627451,0.9394746760068818,0.9394746760068818,0.9394746760068818,0.9615384615384616,0.9615384615384616,0.9615384615384616,0.9615384615384616,92.0,0.0,0.0,0.0606246218164474,31.0,0.0,0.0,0.040005334613698304,0.0
ballroom/ballroom_Media-104402/track.npy,ballroom,0.9863013698630138,0.8801554367949923,0.8801554367949923,0.8801554367949923,0.972972972972973,0.972972972972973,0.972972972972973,0.972972972972973,1.0,0.9220692113186263,0.9220692113186263,0.9220692113186263,1.0,1.0,1.0,1.0,45.0,0.0,0.0,0.05715841383995209,15.0,0.0,0.0,0.023022859509706204,0.0
ballroom/ballroom_Media-104403/track.npy,ballroom,0.9863013698630138,0.8994809614965169,0.8994809614965169,0.8994809614965169,0.972972972972973,0.972972972972973,0.972972972972973,0.972972972972973,0.9600000000000001,0.8507642009759424,0.8507642009759424,0.8507642009759424,0.9230769230769231,0.9230769230769231,0.9230769230769231,0.9230769230769231,44.0,0.0,0.0,0.0867727130519952,15.0,0.0,0.0,0.01336094859796929,0.0
ballroom/ballroom_Media-104501/track.npy,ballroom,0.9863013698630138,0.8602648227984935,0.8602648227984935,0.8602648227984935,0.972972972972973,0.972972972972973,0.972972972972973,0.972972972972973,1.0,0.9342208954808972,0.9342208954808972,0.9342208954808972,1.0,1.0,1.0,1.0,44.0,0.0,0.0,0.08318743931865082,15.0,0.0,0.0,0.03738753207161984,0.0
ballroom/ballroom_Media-104507/track.npy,ballroom,0.974025974025974,0.8480893428916634,0.8480893428916634,0.8480893428916634,0.5443037974683544,0.9240506329113924,0.5443037974683544,0.9240506329113924,0.9803921568627451,0.8558432379456689,0.8558432379456689,0.8558432379456689,0.9615384615384616,0.9615384615384616,0.9615384615384616,0.9615384615384616,94.0,0.0,0.0,0.06062462181644003,31.0,0.0,0.0,0.0527035708979643,0.0
ballroom/ballroom_Media-104607/track.npy,ballroom,0.9743589743589743,0.8695807324870278,0.8695807324870278,0.8695807324870278,0.95,0.95,0.95,0.95,0.9615384615384615,0.8613417999543626,0.8613417999543626,0.8613417999543626,0.9259259259259259,0.9259259259259259,0.9259259259259259,0.9259259259259259,94.0,0.0,0.0,0.060624621816449384,32.0,0.0,0.0,0.0408219945202571,0.0
ballroom/ballroom_Media-104708/track.npy,ballroom,0.9719626168224299,0.7836011778076054,0.7836011778076054,0.7836011778076054,0.9454545454545454,0.9454545454545454,0.9454545454545454,0.9454545454545454,0.962962962962963,0.853873571513588,0.853873571513588,0.853873571513588,0.9285714285714286,0.9285714285714286,0.9285714285714286,0.9285714285714286,66.0,0.0,0.0,0.0833816089390528,17.0,0.0,0.0,0.03185058318565599,0.0
ballroom/ballroom_Media-104807/track.npy,ballroom,0.9649122807017544,0.8512998996983334,0.8512998996983334,0.8512998996983334,0.9322033898305084,0.9322033898305084,0.9322033898305084,0.9322033898305084,0.9655172413793104,0.8661025804109712,0.8661025804109712,0.8661025804109712,0.9333333333333333,0.9333333333333333,0.9333333333333333,0.9333333333333333,70.0,0.0,0.0,0.08701137698963035,18.0,0.0,0.0,0.04715449159688792,0.0
ballroom/ballroom_Media-104809/track.npy,ballroom,0.974025974025974,0.8926502470724434,0.8926502470724434,0.8926502470724434,0.9493670886075949,0.9493670886075949,0.9493670886075949,0.9493670886075949,0.9615384615384615,0.8939493362622303,0.8939493362622303,0.8939493362622303,0.9259259259259259,0.9259259259259259,0.9259259259259259,0.9259259259259259,94.0,0.0,0.0,0.11778303565638347,32.0,0.0,0.0,0.04045449756230828,0.0
ballroom/ballroom_Media-105005/track.npy,ballroom,0.972972972972973,0.8000427748677952,0.8000427748677952,0.8000427748677952,0.9473684210526315,0.9473684210526315,0.9473684210526315,0.9473684210526315,1.0,0.8244752086562519,0.8244752086562519,0.8244752086562519,1.0,1.0,1.0,1.0,45.0,0.0,0.0,0.08216411140689853,15.0,0.0,0.0,0.028821078278760858,0.0
ballroom/ballroom_Media-105007/track.npy,ballroom,0.9863013698630138,0.7969749208655643,0.7969749208655643,0.7969749208655643,0.972972972972973,0.972972972972973,0.972972972972973,0.972972972972973,1.0,0.7918737998042005,0.7918737998042005,0.7918737998042005,1.0,1.0,1.0,1.0,44.0,0.0,0.0,0.11441035117774434,15.0,0.0,0.0,0.055517896819765704,0.0
ballroom/ballroom_Media-105122/track.npy,ballroom,0.49572649572649563,0.41127688052822214,0.41127688052822214,0.41127688052822214,0.0,0.0,0.0,0.0,0.5,0.4386840525416304,0.4386840525416304,0.4386840525416304,0.0,0.0,0.0,0.0,36.0,0.0,0.0,0.06956151499140327,9.0,0.0,0.0,0.02140321500815938,0.0
ballroom/ballroom_Media-105213/track.npy,ballroom,0.8831168831168831,0.6964830087889985,0.6964830087889985,0.6964830087889985,0.9743589743589743,0.9743589743589743,0.9743589743589743,0.9743589743589743,0.9230769230769231,0.6899218256682255,0.6899218256682255,0.6899218256682255,1.0,1.0,1.0,1.0,47.0,0.0,0.0,0.06252035698133401,16.0,0.0,0.0,0.020408871631205482,0.0
ballroom/ballroom_Media-105214/track.npy,ballroom,0.8000000000000002,0.6917557869847784,0.6917557869847784,0.6917557869847784,0.6486486486486487,0.7297297297297297,0.6486486486486487,0.7297297297297297,0.7826086956521738,0.658266939479889,0.658266939479889,0.658266939479889,0.75,0.75,0.75,0.75,44.0,0.0,0.0,0.10444305872441438,15.0,0.0,0.0,0.2262641064958552,0.0
ballroom/ballroom_Media-105305/track.npy,ballroom,0.962962962962963,0.8362675867814958,0.8362675867814958,0.8362675867814958,0.9285714285714286,0.9285714285714286,0.9285714285714286,0.9285714285714286,0.962962962962963,0.8213593886873001,0.8213593886873001,0.8213593886873001,0.9285714285714286,0.9285714285714286,0.9285714285714286,0.9285714285714286,67.0,0.0,0.0,0.08338160893904922,17.0,0.0,0.0,0.043963384480443346,0.0
ballroom/ballroom_Media-105306/track.npy,ballroom,0.9724770642201834,0.877854871904078,0.877854871904078,0.877854871904078,0.9464285714285714,0.9464285714285714,0.9464285714285714,0.9464285714285714,0.962962962962963,0.9072931409472019,0.9072931409472019,0.9072931409472019,0.9285714285714286,0.9285714285714286,0.9285714285714286,0.9285714285714286,66.0,0.0,0.0,0.08646691178203525,17.0,0.0,0.0,0.030282167229364845,0.0
ballroom/ballroom_Media-105309/track.npy,ballroom,0.9866666666666666,0.9343547242352391,0.9343547242352391,0.9343547242352391,0.9736842105263158,0.9736842105263158,0.9736842105263158,0.9736842105263158,0.9803921568627451,0.9209922371838125,0.9209922371838125,0.9209922371838125,0.9615384615384616,0.9615384615384616,0.9615384615384616,0.9615384615384616,91.0,0.0,0.0,0.11778303565638248,31.0,0.0,0.0,0.019802627296179817,0.0
ballroom/ballroom_Media-105313/track.npy,ballroom,0.9707602339181286,0.8929742386499293,0.8929742386499293,0.8929742386499293,0.6818181818181818,0.8977272727272727,0.6818181818181818,0.8977272727272727,0.9523809523809523,0.8666656568118479,0.8666656568118479,0.8666656568118479,0.9090909090909091,0.9090909090909091,0.9090909090909091,0.9090909090909091,105.0,0.0,0.0,1.176836406102666e-14,27.0,0.0,0.0,2.9698465908722937e-15,0.0
ballroom/ballroom_Media-105317/track.npy,ballroom,0.9541284403669724,0.7579893855475957,0.7579893855475957,0.7579893855475957,0.9464285714285714,0.9464285714285714,0.9464285714285714,0.9464285714285714,0.962962962962963,0.7303187629163621,0.7303187629163621,0.7303187629163621,0.9285714285714286,0.9285714285714286,0.9285714285714286,0.9285714285714286,67.0,0.0,0.0,0.08701137698962902,17.0,0.0,0.0,0.021346040479388706,0.0
ballroom/ballroom_Media-105318/track.npy,ballroom,0.9806451612903226,0.8692356620119773,0.8692356620119773,0.8692356620119773,0.9620253164556962,0.9620253164556962,0.9620253164556962,0.9620253164556962,0.9811320754716981,0.8650651391578875,0.8650651391578875,0.8650651391578875,0.9629629629629629,0.9629629629629629,0.9629629629629629,0.9629629629629629,94.0,0.0,0.0,0.06062462181643369,32.0,0.0,0.0,0.04000533461369969,0.0
ballroom/ballroom_Media-105401/track.npy,ballroom,0.9647058823529412,0.9397612964872867,0.9397612964872867,0.9397612964872867,0.9318181818181818,0.9318181818181818,0.9318181818181818,0.9318181818181818,0.9523809523809523,0.9206790041827605,0.9206790041827605,0.9206790041827605,0.9090909090909091,0.9090909090909091,0.9090909090909091,0.9090909090909091,53.0,0.0,0.0,0.06669137449867368,14.0,0.0,0.0,0.01673008210923787,0.0
ballroom/ballroom_Media-105404/track.npy,ballroom,0.9069767441860465,0.8832606638368676,0.8832606638368676,0.8832606638368676,0.8863636363636364,0.8863636363636364,0.8863636363636364,0.8863636363636364,0.9090909090909091,0.891849235731597,0.891849235731597,0.891849235731597,1.0,1.0,1.0,1.0,55.0,0.0,0.0,0.07524919974668358,14.0,0.0,0.0,0.08921199280988283,0.0
ballroom/ballroom_Media-105413/track.npy,ballroom,0.9777777777777777,0.9390584068632578,0.9390584068632578,0.9390584068632578,0.9565217391304348,0.9565217391304348,0.9565217391304348,0.9565217391304348,0.9696969696969697,0.9182791483062157,0.9182791483062157,0.9182791483062157,0.9411764705882353,0.9411764705882353,0.9411764705882353,0.9411764705882353,83.0,0.0,0.0,0.10536051565782634,21.0,0.0,0.0,0.055374429427012074,0.0
ballroom/ballroom_Media-105420/track.npy,ballroom,0.9811320754716981,0.9253844435035793,0.9253844435035793,0.9253844435035793,0.9629629629629629,0.9629629629629629,0.9629629629629629,0.9629629629629629,0.962962962962963,0.8794396659349333,0.8794396659349333,0.8794396659349333,0.9285714285714286,0.9285714285714286,0.9285714285714286,0.9285714285714286,64.0,0.0,0.0,0.08338160893905688,16.0,0.0,0.0,0.02451458109188133,0.0
ballroom/ballroom_Media-105604/track.npy,ballroom,0.9714285714285714,0.8551091777168843,0.8551091777168843,0.8551091777168843,0.9444444444444444,0.9444444444444444,0.9444444444444444,0.9444444444444444,0.962962962962963,0.8630242068049815,0.8630242068049815,0.8630242068049815,0.9285714285714286,0.9285714285714286,0.9285714285714286,0.9285714285714286,65.0,0.0,0.0,0.04238585242893833,17.0,0.0,0.0,0.01036278703554816,0.0
ballroom/ballroom_Media-105605/track.npy,ballroom,0.9714285714285714,0.8555942801452718,0.8555942801452718,0.8555942801452718,0.9444444444444444,0.9444444444444444,0.9444444444444444,0.9444444444444444,0.962962962962963,0.8535681104645717,0.8535681104645717,0.8535681104645717,0.9285714285714286,0.9285714285714286,0.9285714285714286,0.9285714285714286,65.0,0.0,0.0,0.08338160893904922,17.0,0.0,0.0,0.01036278703554816,0.0
ballroom/ballroom_Media-105612/track.npy,ballroom,0.9772727272727273,0.9067635214648614,0.9067635214648614,0.9067635214648614,0.9555555555555556,0.9555555555555556,0.9555555555555556,0.9555555555555556,1.0,0.9194028782863711,0.9194028782863711,0.9194028782863711,1.0,1.0,1.0,1.0,54.0,0.0,0.0,0.06899287148694999,13.0,0.0,0.0,0.017316774573188087,0.0
ballroom/ballroom_Media-105702/track.npy,ballroom,0.6753246753246753,0.545228247885878,0.545228247885878,0.545228247885878,0.46153846153846156,0.717948717948718,0.46153846153846156,0.717948717948718,0.7199999999999999,0.5765093656877535,0.5765093656877535,0.5765093656877535,0.9230769230769231,0.9230769230769231,0.9230769230769231,0.9230769230769231,46.0,0.0,0.0,0.1106906223045363,16.0,0.0,0.0,0.07425729571384325,0.0
ballroom/ballroom_Media-105708/track.npy,ballroom,0.9668874172185431,0.936993646616951,0.936993646616951,0.936993646616951,0.9358974358974359,0.9358974358974359,0.9358974358974359,0.9358974358974359,0.9600000000000001,0.9356761449878139,0.9356761449878139,0.9356761449878139,0.9230769230769231,0.9230769230769231,0.9230769230769231,0.9230769230769231,93.0,0.0,0.0,0.11778303565638171,31.0,0.0,0.0,0.019802627296180687,0.0
ballroom/ballroom_Media-105807/track.npy,ballroom,0.9629629629629629,0.7799259085969723,0.7799259085969723,0.7799259085969723,0.9814814814814815,0.9814814814814815,0.9814814814814815,0.9814814814814815,0.9285714285714286,0.7398990179003115,0.7398990179003115,0.7398990179003115,1.0,1.0,1.0,1.0,65.0,0.0,0.0,0.08701137698962769,17.0,0.0,0.0,0.04566845052945974,0.0
ballroom/ballroom_Media-105820/track.npy,ballroom,0.9826589595375723,0.7734964475851981,0.7734964475851981,0.7734964475851981,0.9431818181818182,0.9431818181818182,0.9431818181818182,0.9431818181818182,0.9767441860465117,0.7907877353456093,0.7907877353456093,0.7907877353456093,0.9545454545454546,0.9545454545454546,0.9545454545454546,0.9545454545454546,105.0,0.0,0.0,0.06899287148695284,27.0,0.0,0.0,0.05129329438755492,0.0
ballroom/ballroom_Media-105907/track.npy,ballroom,0.9866666666666666,0.7395429493115236,0.7395429493115236,0.7395429493115236,0.9736842105263158,0.9736842105263158,0.9736842105263158,0.9736842105263158,0.9803921568627451,0.6973081960295542,0.6973081960295542,0.6973081960295542,0.9615384615384616,0.9615384615384616,0.9615384615384616,0.9615384615384616,91.0,0.0,0.0,0.1177830356563839,31.0,0.0,0.0,0.03145347881043959,0.0
ballroom/ballroom_Media-106003/track.npy,ballroom,0.9662921348314606,0.9094915835256943,0.9094915835256943,0.9094915835256943,0.9347826086956522,0.9347826086956522,0.9347826086956522,0.9347826086956522,0.9565217391304348,0.8922832161997298,0.8922832161997298,0.8922832161997298,0.9166666666666666,0.9166666666666666,0.9166666666666666,0.9166666666666666,54.0,0.0,0.0,0.0677270481433904,14.0,0.0,0.0,0.029429430239566595,0.0
ballroom/ballroom_Media-106009/track.npy,ballroom,0.9600000000000001,0.9314288159421248,0.9314288159421248,0.9314288159421248,0.9230769230769231,0.9230769230769231,0.9230769230769231,0.9230769230769231,1.0,0.9819313940132918,0.9819313940132918,0.9819313940132918,1.0,1.0,1.0,1.0,47.0,0.0,0.0,0.029852963149685562,11.0,0.0,0.0,0.011754104470646528,0.0
ballroom/ballroom_Media-106015/track.npy,ballroom,0.9655172413793104,0.7548976617741553,0.7548976617741553,0.7548976617741553,0.9333333333333333,0.9333333333333333,0.9333333333333333,0.9333333333333333,0.9444444444444444,0.667355687862091,0.667355687862091,0.667355687862091,0.8947368421052632,0.8947368421052632,0.8947368421052632,0.8947368421052632,89.0,0.0,0.0,0.1112256351102244,23.0,0.0,0.0,0.014184634991956435,0.0
ballroom/ballroom_Media-106103/track.npy,ballroom,0.9719626168224299,0.9408624495398109,0.9408624495398109,0.9408624495398109,0.9454545454545454,0.9454545454545454,0.9454545454545454,0.9454545454545454,0.962962962962963,0.9222462228917153,0.9222462228917153,0.9222462228917153,0.9285714285714286,0.9285714285714286,0.9285714285714286,0.9285714285714286,66.0,0.0,0.0,0.08338160893904922,17.0,0.0,0.0,0.02083408690284173,0.0
ballroom/ballroom_Media-106110/track.npy,ballroom,0.963855421686747,0.8632106374028435,0.8632106374028435,0.8632106374028435,0.9302325581395349,0.9302325581395349,0.9302325581395349,0.9302325581395349,0.9523809523809523,0.8824018815407564,0.8824018815407564,0.8824018815407564,0.9090909090909091,0.9090909090909091,0.9090909090909091,0.9090909090909091,51.0,0.0,0.0,0.06453852113757072,13.0,0.0,0.0,0.023905520853554407,0.0
beatles/beatles_01_Please_Please_Me_02_Misery/track.npy,beatles,0.9774774774774775,0.8905844805893923,0.8905844805893923,0.8905844805893923,0.9642857142857143,0.9642857142857143,0.9642857142857143,0.9642857142857143,0.9909909909909909,0.8662929627990068,0.8662929627990068,0.8662929627990068,0.9821428571428571,0.9821428571428571,0.9821428571428571,0.9821428571428571,233.0,0.0,0.0,0.08701137698964323,59.0,0.0,0.0,0.06803859330990326,0.0
beatles/beatles_01_Please_Please_Me_03_Anna_(Go_To_Him)/track.npy,beatles,0.987012987012987,0.8901193339121172,0.8901193339121172,0.8901193339121172,0.9806451612903225,0.9806451612903225,0.9806451612903225,0.9806451612903225,0.9806451612903225,0.8907341332368114,0.8907341332368114,0.8907341332368114,0.9871794871794872,0.9871794871794872,0.9871794871794872,0.9871794871794872,319.0,0.0,0.0,0.07145896398214349,80.0,0.0,0.0,0.03714613012572403,0.0
beatles/beatles_01_Please_Please_Me_07_Please_Please_Me/track.npy,beatles,0.9565217391304347,0.8451146043320545,0.8451146043320545,0.8451146043320545,0.7153284671532847,0.9233576642335767,0.7153284671532847,0.9233576642335767,0.9545454545454545,0.8130422781891999,0.8130422781891999,0.8130422781891999,0.9411764705882353,0.9411764705882353,0.9411764705882353,0.9411764705882353,286.0,0.0,0.0,0.09465941956452056,71.0,0.0,0.0,0.05781957088882694,0.0
beatles/beatles_01_Please_Please_Me_10_Baby_Its_You/track.npy,beatles,0.9891696750902527,0.7278216488348257,0.7278216488348257,0.7278216488348257,1.0,1.0,1.0,1.0,0.9855072463768116,0.7637822658551394,0.7637822658551394,0.7637822658551394,1.0,1.0,1.0,1.0,286.0,0.0,0.0,0.07145896398212284,72.0,0.0,0.0,0.03286264640275172,0.0
beatles/beatles_01_Please_Please_Me_11_Do_You_Want_To_Know_A_Secret/track.npy,beatles,0.9480812641083521,0.801018655879933,0.801018655879933,0.801018655879933,0.9090909090909091,0.9090909090909091,0.9090909090909091,0.9090909090909091,0.9549549549549551,0.7867813642648336,0.7867813642648336,0.7867813642648336,0.9137931034482759,0.9137931034482759,0.9137931034482759,0.9137931034482759,242.0,0.0,0.0,0.08701137698964323,61.0,0.0,0.0,0.05143305599017392,0.0
beatles/beatles_02_With_the_Beatles_02_All_Ive_Got_To_Do/track.npy,beatles,1.0,0.8846543850768135,0.8846543850768135,0.8846543850768135,1.0,1.0,1.0,1.0,1.0,0.8689649878550193,0.8689649878550193,0.8689649878550193,1.0,1.0,1.0,1.0,237.0,0.0,0.0,0.044368516209820096,60.0,0.0,0.0,0.03276567602824597,0.0
beatles/beatles_03_A_Hard_Days_Night_06_Tell_Me_Why/track.npy,beatles,0.9886914378029079,0.9282651132804959,0.9282651132804959,0.9282651132804959,0.9776357827476039,0.9776357827476039,0.9776357827476039,0.9776357827476039,0.9935483870967742,0.9227594181821102,0.9227594181821102,0.9227594181821102,0.9871794871794872,0.9871794871794872,0.9871794871794872,0.9871794871794872,326.0,0.0,0.0,0.10536051565780635,81.0,0.0,0.0,0.03827054275624031,0.0
beatles/beatles_03_A_Hard_Days_Night_11_When_I_Get_Home/track.npy,beatles,0.9869646182495345,0.9370282760719656,0.9370282760719656,0.9370282760719656,0.9742647058823529,0.9742647058823529,0.9742647058823529,0.9742647058823529,0.9925925925925926,0.9356092235058342,0.9356092235058342,0.9356092235058342,0.9852941176470589,0.9852941176470589,0.9852941176470589,0.9852941176470589,283.0,0.0,0.0,0.0444517625708335,70.0,0.0,0.0,0.03174869831458013,0.0
beatles/beatles_04_Beatles_for_Sale_11_Every_Little_Thing/track.npy,beatles,0.9914893617021276,0.5450808592560815,0.5450808592560815,0.5450808592560815,0.9915254237288136,0.9915254237288136,0.9915254237288136,0.9915254237288136,0.9830508474576272,0.5387216810950127,0.5387216810950127,0.5387216810950127,1.0,1.0,1.0,1.0,246.0,0.0,0.0,0.08338160893903379,61.0,0.0,0.0,0.030490452602904294,0.0
beatles/beatles_06_Rubber_Soul_07_Michelle/track.npy,beatles,0.9966555183946488,0.9524779363436764,0.9524779363436764,0.9524779363436764,1.0,1.0,1.0,1.0,0.9866666666666668,0.9509862976378607,0.9509862976378607,0.9509862976378607,1.0,1.0,1.0,1.0,309.0,0.0,0.0,0.08004270767352051,78.0,0.0,0.0,0.019802627296179376,0.0
beatles/beatles_06_Rubber_Soul_08_What_Goes_On/track.npy,beatles,0.9941291585127202,0.965571506879886,0.965571506879886,0.965571506879886,0.9883268482490273,0.9883268482490273,0.9883268482490273,0.9883268482490273,0.6596858638743456,0.6422799394570918,0.9659485703646027,0.8041142549108473,0.0,0.0,0.984375,0.984375,265.0,0.0,0.0,0.06453852113756964,66.0,0.0,0.0,0.016373816440094533,0.0
beatles/beatles_07_Revolver_03_Im_Only_Sleeping/track.npy,beatles,0.9423728813559322,0.849265038636487,0.849265038636487,0.849265038636487,0.5555555555555556,0.9427609427609428,0.5555555555555556,0.9427609427609428,0.9395973154362416,0.85448871992688,0.85448871992688,0.85448871992688,0.9466666666666667,0.9466666666666667,0.9466666666666667,0.9466666666666667,306.0,0.0,0.0,0.0689928714869853,77.0,0.0,0.0,0.06298376431008323,0.0
beatles/beatles_08_Sgt_Peppers_Lonely_Hearts_Club_Band_06_Shes_Leaving_Home/track.npy,beatles,0.8698630136986301,0.6676909851847799,0.6676909851847799,0.6676909851847799,0.19727891156462585,0.9206349206349206,0.19727891156462585,0.9206349206349206,0.8698630136986301,0.6500963281249483,0.6500963281249483,0.6500963281249483,0.9863945578231292,0.9863945578231292,0.9863945578231292,0.9863945578231292,452.0,0.0,0.0,0.08701137698964323,151.0,0.0,0.0,0.05869490635695632,0.0
beatles/beatles_08_Sgt_Peppers_Lonely_Hearts_Club_Band_09_When_Im_Sixty-Four/track.npy,beatles,0.9762237762237762,0.8241224821760692,0.8241224821760692,0.8241224821760692,0.5515320334261838,0.9749303621169917,0.5515320334261838,0.9749303621169917,0.9497206703910613,0.8311302207946611,0.8311302207946611,0.8311302207946611,0.9888888888888889,0.9888888888888889,0.9888888888888889,0.9888888888888889,370.0,0.0,0.0,0.09531017980433942,93.0,0.0,0.0,0.04706751085798999,0.0
beatles/beatles_08_Sgt_Peppers_Lonely_Hearts_Club_Band_13_A_Day_In_The_Life/track.npy,beatles,0.5838150289017342,0.5247228662674062,0.6198463214194507,0.5722845938434284,0.22206303724928367,0.22206303724928367,0.3997134670487106,0.4283667621776504,0.5900383141762452,0.543786787834555,0.594507874291943,0.569147331063249,0.25862068965517243,0.27586206896551724,0.367816091954023,0.42528735632183906,704.0,0.0,0.0,0.11122563511036077,176.0,0.0,0.0,0.05959041316547739,0.0
beatles/beatles_09_Magical_Mystery_Tour_05_Your_Mother_Should_Know/track.npy,beatles,0.9618874773139745,0.6669490899904271,0.6669490899904271,0.6669490899904271,0.3548387096774194,0.9390681003584229,0.3548387096774194,0.9390681003584229,0.9420289855072463,0.635653845639713,0.635653845639713,0.635653845639713,0.34782608695652173,0.927536231884058,0.34782608695652173,0.927536231884058,289.0,0.0,0.0,0.08004270767356038,72.0,0.0,0.0,0.15063991852846711,0.0
beatles/beatles_09_Magical_Mystery_Tour_06_I_Am_The_Walrus/track.npy,beatles,0.9819121447028424,0.8632750519684768,0.8632750519684768,0.8632750519684768,1.0,1.0,1.0,1.0,0.9895833333333334,0.8469404445416989,0.8469404445416989,0.8469404445416989,1.0,1.0,1.0,1.0,394.0,0.0,0.0,0.07243702095234732,98.0,0.0,0.0,0.03212868212892714,0.0
beatles/beatles_09_Magical_Mystery_Tour_09_Penny_Lane/track.npy,beatles,0.9750778816199377,0.698795080576894,0.698795080576894,0.698795080576894,0.9513677811550152,0.9513677811550152,0.9513677811550152,0.9513677811550152,0.9753086419753086,0.6803124693280603,0.6803124693280603,0.6803124693280603,0.9518072289156626,0.9518072289156626,0.9518072289156626,0.9518072289156626,339.0,0.0,0.0,0.07696104113613988,85.0,0.0,0.0,0.028437935320533937,0.0
beatles/beatles_10_CD1_The_Beatles_05_Wild_Honey_Pie/track.npy,beatles,0.9859154929577465,0.8127654363663568,0.8127654363663568,0.8127654363663568,0.9859154929577465,0.9859154929577465,0.9859154929577465,0.9859154929577465,0.5789473684210527,0.46019840144483853,0.4722558011650017,0.4662271013049201,0.25,0.5,0.25,0.5,79.0,0.0,0.0,0.0896121586896903,20.0,0.0,0.0,0.037179003241754605,0.0
beatles/beatles_10_CD1_The_Beatles_06_The_Continuing_Story_of_Bungalow_Bill/track.npy,beatles,0.9177631578947368,0.8600833611100099,0.8600833611100099,0.8600833611100099,0.3496932515337423,0.843558282208589,0.3496932515337423,0.843558282208589,0.5786163522012578,0.5387495707471361,0.5560272345061167,0.5473884026266265,0.10975609756097561,0.47560975609756095,0.10975609756097561,0.47560975609756095,333.0,0.0,0.0,0.08171215830630563,84.0,0.0,0.0,0.40768895996102444,0.0
beatles/beatles_10_CD1_The_Beatles_13_Rocky_Raccoon/track.npy,beatles,0.799405646359584,0.7611807115354781,0.7719766983568661,0.7665787049461721,0.28,0.4,0.28,0.4055045871559633,0.7619047619047621,0.7275199866285736,0.7398407838120925,0.7336803852203331,0.28,0.4,0.28,0.4074074074074074,413.0,0.0,0.0,0.1112256351102816,104.0,0.0,0.0,0.06696812841504907,0.0
beatles/beatles_10_CD2_The_Beatles_03_Mother_Natures_Son/track.npy,beatles,0.9662921348314608,0.881894820334775,0.881894820334775,0.881894820334775,0.6311111111111111,0.9422222222222222,0.6311111111111111,0.9422222222222222,0.6467065868263473,0.5795382917552504,0.5795382917552504,0.5795382917552504,0.0,0.0,0.625,0.625,231.0,0.0,0.0,0.08455738802804613,58.0,0.0,0.0,0.08497696886955541,0.0
beatles/beatles_11_Abbey_Road_01_Come_Together/track.npy,beatles,0.9942028985507246,0.9320114951634357,0.9320114951634357,0.9320114951634357,0.9884726224783862,0.9884726224783862,0.9884726224783862,0.9884726224783862,0.9942196531791908,0.9278036402160967,0.9278036402160967,0.9278036402160967,0.9885057471264368,0.9885057471264368,0.9885057471264368,0.9885057471264368,354.0,0.0,0.0,0.0571584138399423,89.0,0.0,0.0,0.035119215264957586,0.0
beatles/beatles_11_Abbey_Road_12_Polythene_Pam/track.npy,beatles,1.0,0.9065307829705078,0.9065307829705078,0.9065307829705078,0.5775401069518716,0.9946524064171123,0.5775401069518716,0.9946524064171123,1.0,0.8666333826858638,0.8666333826858638,0.8666333826858638,1.0,1.0,1.0,1.0,200.0,0.0,0.0,0.11122563511022468,50.0,0.0,0.0,0.040996255204135426,0.0
beatles/beatles_11_Abbey_Road_17_Her_Majesty/track.npy,beatles,1.0,0.9384099653922255,0.9384099653922255,0.9384099653922255,1.0,1.0,1.0,1.0,0.6363636363636364,0.5836644444509586,0.9171869841372206,0.7504257142940896,0.0,0.0,1.0,1.0,39.0,0.0,0.0,0.06669137449867363,9.0,0.0,0.0,0.01439635141340177,0.0
beatles/beatles_12_Let_It_Be_04_I_Me_Mine/track.npy,beatles,0.8766328011611031,0.7884548266180689,0.7884548266180689,0.7884548266180689,0.24861878453038674,0.6988950276243094,0.24861878453038674,0.6988950276243094,0.7264573991031391,0.6441424253930232,0.6441424253930232,0.6441424253930232,0.2631578947368421,0.5087719298245614,0.2631578947368421,0.5087719298245614,341.0,0.0,0.0,0.11778303565638115,114.0,0.0,0.0,0.06062462181642754,0.0
beatles/beatles_12_Let_It_Be_10_The_Long_and_Winding_Road/track.npy,beatles,0.9628008752735229,0.8647178608227553,0.8647178608227553,0.8647178608227553,0.9570815450643777,0.9570815450643777,0.9570815450643777,0.9570815450643777,0.9473684210526316,0.8566000868192947,0.8566000868192947,0.8566000868192947,0.9655172413793104,0.9655172413793104,0.9655172413793104,0.9655172413793104,239.0,0.0,0.0,0.06744128079556708,60.0,0.0,0.0,0.028547675207072923,0.0
candombe/csic.1995_ansina1_03/track.npy,candombe,0.9984984984984985,0.6136135236908272,0.6136135236908272,0.6136135236908272,1.0,1.0,1.0,1.0,0.9940119760479041,0.6261502073425314,0.6261502073425314,0.6261502073425314,1.0,1.0,1.0,1.0,677.0,0.0,0.0,0.09097177820577373,170.0,0.0,0.0,0.035506688456906854,0.0
candombe/csic.1995_ansina2_01/track.npy,candombe,0.999259807549963,0.8478627049915383,0.8478627049915383,0.8478627049915383,0.9985207100591716,0.9985207100591716,0.9985207100591716,0.9985207100591716,1.0,0.8442653900991265,0.8442653900991265,0.8442653900991265,1.0,1.0,1.0,1.0,687.0,0.0,0.0,0.044451762570918096,172.0,0.0,0.0,0.021531821951307394,0.0
candombe/csic.1995_ansina2_04/track.npy,candombe,0.9982132221560454,0.8444494663969709,0.8444494663969709,0.8444494663969709,0.9964328180737217,0.9964328180737217,0.9964328180737217,0.9964328180737217,1.0,0.8395669675006925,0.8395669675006925,0.8395669675006925,1.0,1.0,1.0,1.0,852.0,0.0,0.0,0.09097177820573288,213.0,0.0,0.0,0.035506688456910684,0.0
candombe/csic.1995_cuareim_02/track.npy,candombe,0.9993674889310563,0.763997499656284,0.763997499656284,0.763997499656284,0.9987357774968394,0.9987357774968394,0.9987357774968394,0.9987357774968394,1.0,0.7537727270833493,0.7537727270833493,0.7537727270833493,1.0,1.0,1.0,1.0,802.0,0.0,0.0,0.0909717782056444,201.0,0.0,0.0,0.03635233195336258,0.0
candombe/zavala.muniz.2014_41/track.npy,candombe,0.9970588235294118,0.91526258069529,0.91526258069529,0.91526258069529,0.9941348973607038,0.9941348973607038,0.9941348973607038,0.9941348973607038,1.0,0.8722391133815303,0.8722391133815303,0.8722391133815303,1.0,1.0,1.0,1.0,349.0,0.0,0.0,0.06669137449867095,87.0,0.0,0.0,0.02506424722920799,0.0
filosax/filosax_05/track.npy,filosax,0.9827586206896551,0.8715640796953089,0.8715640796953089,0.8715640796953089,0.9642857142857143,0.967687074829932,0.9642857142857143,0.967687074829932,0.979310344827586,0.8673819560854653,0.8673819560854653,0.8673819560854653,0.9727891156462585,0.9727891156462585,0.9727891156462585,0.9727891156462585,593.0,0.0,0.0,0.0769610411361662,148.0,0.0,0.0,0.03452261734647574,0.0
filosax/filosax_18/track.npy,filosax,0.9908609908609909,0.8995432787936412,0.8995432787936412,0.8995432787936412,0.9818875119161106,0.9818875119161106,0.9818875119161106,0.9818875119161106,0.9923076923076923,0.8802061694610379,0.8802061694610379,0.8802061694610379,0.9847328244274809,0.9847328244274809,0.9847328244274809,0.9847328244274809,1062.0,0.0,0.0,0.10536051565788891,265.0,0.0,0.0,0.04076718498199343,0.0
filosax/filosax_22/track.npy,filosax,0.9800593975392449,0.808914443788988,0.808914443788988,0.808914443788988,0.15004191114836546,0.9430008382229673,0.15004191114836546,0.9430008382229673,0.9779286926994907,0.8041830182209541,0.8041830182209541,0.8041830182209541,0.9697986577181208,0.9697986577181208,0.9697986577181208,0.9697986577181208,1209.0,0.0,0.0,0.06453852113760372,302.0,0.0,0.0,0.06453852113756978,0.0
filosax/filosax_26/track.npy,filosax,0.9859629421673217,0.8524184660393188,0.8524184660393188,0.8524184660393188,0.720489977728285,0.977728285077951,0.720489977728285,0.977728285077951,0.9887640449438202,0.852106471320081,0.852106471320081,0.852106471320081,0.9866071428571429,0.9866071428571429,0.9866071428571429,0.9866071428571429,910.0,0.0,0.0,0.10008345855696466,227.0,0.0,0.0,0.04867255169911281,0.0
filosax/filosax_35/track.npy,filosax,0.9765432098765432,0.7998142151332467,0.7998142151332467,0.7998142151332467,0.9532595325953259,0.9692496924969249,0.9532595325953259,0.9692496924969249,0.9504950495049505,0.7688074099296015,0.7688074099296015,0.7688074099296015,0.9556650246305419,0.9556650246305419,0.9556650246305419,0.9556650246305419,824.0,0.0,0.0,0.08338160893909552,206.0,0.0,0.0,0.04198120632771111,0.0
filosax/filosax_37/track.npy,filosax,0.9792176039119804,0.834587742239763,0.834587742239763,0.834587742239763,0.5572979493365501,0.9698431845597105,0.5572979493365501,0.9698431845597105,0.9779951100244499,0.8356374291191542,0.8356374291191542,0.8356374291191542,0.9758454106280193,0.9758454106280193,0.9758454106280193,0.9758454106280193,841.0,0.0,0.0,0.09531017980430556,210.0,0.0,0.0,0.04633279979731896,0.0
filosax/filosax_38/track.npy,filosax,0.9817131857555341,0.8642169282128357,0.8642169282128357,0.8642169282128357,0.8543046357615894,0.9640491958372753,0.8543046357615894,0.9640491958372753,0.9788867562380039,0.859737310458805,0.859737310458805,0.859737310458805,0.9660377358490566,0.9660377358490566,0.9660377358490566,0.9660377358490566,1071.0,0.0,0.0,0.06062462181654982,268.0,0.0,0.0,0.04580953603129587,0.0
groove_midi/drummer10_session1_3_jazz-swing_215_beat_4-4/track.npy,groove_midi,0.6374501992031872,0.5851612245856015,0.8160687323363063,0.7006149784609539,0.0,0.0,0.9047619047619048,0.9047619047619048,0.6031746031746031,0.5453343679256821,0.8180015518885232,0.6816679599071027,0.0,0.0,1.0,1.0,93.0,0.0,0.0,0.07278346806793967,24.0,0.0,0.0,0.07155809195123537,0.0
groove_midi/drummer1_eval_session_3_soul-groove3_86_beat_4-4/track.npy,groove_midi,1.0,0.9063091585762918,0.9063091585762918,0.9063091585762918,1.0,1.0,1.0,1.0,1.0,0.928315102966786,0.928315102966786,0.928315102966786,1.0,1.0,1.0,1.0,65.0,0.0,0.0,0.08419428929295944,17.0,0.0,0.0,0.016452031639522396,0.0
groove_midi/drummer1_eval_session_7_pop-groove7_138_beat_4-4/track.npy,groove_midi,0.9904761904761905,0.8584019754246036,0.8584019754246036,0.8584019754246036,0.9811320754716981,0.9811320754716981,0.9811320754716981,0.9811320754716981,0.962962962962963,0.8414335002588673,0.8414335002588673,0.8414335002588673,0.9285714285714286,0.9285714285714286,0.9285714285714286,0.9285714285714286,65.0,0.0,0.0,0.09531017980432599,17.0,0.0,0.0,0.03823589528199123,0.0
groove_midi/drummer1_eval_session_8_rock-groove8_65_beat_4-4/track.npy,groove_midi,1.0,0.8991162237552047,0.8991162237552047,0.8991162237552047,1.0,1.0,1.0,1.0,1.0,0.8658356827472168,0.8658356827472168,0.8658356827472168,1.0,1.0,1.0,1.0,64.0,0.0,0.0,0.06453852113757363,16.0,0.0,0.0,0.03417867523584016,0.0
groove_midi/drummer1_session1_38_latin-samba_116_beat_4-4/track.npy,groove_midi,0.9951219512195122,0.8300425210506962,0.8300425210506962,0.8300425210506962,0.9902912621359223,0.9902912621359223,0.9902912621359223,0.9902912621359223,0.9803921568627451,0.8571607258513202,0.8571607258513202,0.8571607258513202,0.9615384615384616,0.9615384615384616,0.9615384615384616,0.9615384615384616,113.0,0.0,0.0,0.07696104113612678,29.0,0.0,0.0,0.028987536873249453,0.0
groove_midi/drummer1_session2_32_punk_140_beat_4-4/track.npy,groove_midi,0.9574155653450808,0.7132755518979274,0.7132755518979274,0.7132755518979274,0.5073313782991202,0.9648093841642229,0.5073313782991202,0.9648093841642229,0.9473684210526314,0.6854651516640741,0.6854651516640741,0.6854651516640741,0.9883720930232558,0.9883720930232558,0.9883720930232558,0.9883720930232558,353.0,0.0,0.0,0.09531017980433143,89.0,0.0,0.0,0.05849620668161173,0.0
groove_midi/drummer1_session2_5_jazz_200_beat_3-4/track.npy,groove_midi,0.591304347826087,0.536141335751489,0.6333848668465812,0.5847631012990351,0.0,0.0,0.3401015228426396,0.6395939086294417,0.4502617801047121,0.41128618691888735,0.6137161028141129,0.5125011448665001,0.0,0.0,0.35384615384615387,0.7846153846153846,205.0,0.0,0.0,0.12136085700424382,68.0,0.0,0.0,0.14295231202924702,0.0
groove_midi/drummer1_session3_12_latin-bomba_96_beat_4-4/track.npy,groove_midi,0.9985652797704447,0.9179080837983851,0.9179080837983851,0.9179080837983851,0.997134670487106,0.997134670487106,0.997134670487106,0.997134670487106,0.9942857142857142,0.9149321503894058,0.9149321503894058,0.9149321503894058,0.9886363636363636,0.9886363636363636,0.9886363636363636,0.9886363636363636,357.0,0.0,0.0,0.06453852113758152,90.0,0.0,0.0,0.032002731086184136,0.0
groove_midi/drummer1_session3_17_afrocuban-calypso_108_beat_4-4/track.npy,groove_midi,0.8909512761020881,0.7571154493868055,0.7571154493868055,0.7571154493868055,0.5939675174013921,0.8955916473317865,0.5939675174013921,0.8955916473317865,0.8372093023255813,0.7372229471823936,0.7372229471823936,0.7372229471823936,0.6018518518518519,0.9259259259259259,0.6018518518518519,0.9259259259259259,441.0,0.0,0.0,0.07410797215370624,111.0,0.0,0.0,0.08333038713231088,0.0
groove_midi/drummer1_session3_18_rock_128_beat_4-4/track.npy,groove_midi,0.9982905982905983,0.8899910631211074,0.8899910631211074,0.8899910631211074,0.9965870307167235,0.9965870307167235,0.9965870307167235,0.9965870307167235,1.0,0.8820202366843871,0.8820202366843871,0.8820202366843871,1.0,1.0,1.0,1.0,302.0,0.0,0.0,0.08356309734161824,75.0,0.0,0.0,0.031748698314580756,0.0
groove_midi/drummer1_session3_3_rock-rockabilly_200_beat_4-4/track.npy,groove_midi,0.6658014276443868,0.6321445794620404,0.9485246318774678,0.7903346056697541,0.0,0.0,0.9980544747081712,0.9980544747081712,0.6649350649350649,0.6268771320053733,0.9390960926928745,0.7829866123491239,0.0,0.0,0.9922480620155039,0.9922480620155039,523.0,0.0,0.0,0.06669137449868245,131.0,0.0,0.0,0.016667052485220157,0.0
groove_midi/drummer1_session3_4_jazz-linear_182_beat_4-4/track.npy,groove_midi,0.4915932746196957,0.41435898191854137,0.5379147679053596,0.4761368749119505,0.01375,0.01875,0.21158129175946547,0.5701559020044543,0.40255591054313106,0.35549826718446986,0.511082250053431,0.43329025861895043,0.03,0.03,0.30973451327433627,0.6902654867256637,457.0,0.0,0.0,0.11778303565638115,115.0,0.0,0.0,0.10072014738898316,0.0
groove_midi/drummer1_session3_9_rock_135_beat_4-4/track.npy,groove_midi,0.9954022988505747,0.900805884821979,0.900805884821979,0.900805884821979,0.9908466819221968,0.9908466819221968,0.9908466819221968,0.9908466819221968,0.995433789954338,0.8839169967486221,0.8839169967486221,0.8839169967486221,0.990909090909091,0.990909090909091,0.990909090909091,0.990909090909091,449.0,0.0,0.0,0.09097177820573162,113.0,0.0,0.0,0.039426469768970074,0.0
groove_midi/drummer3_session1_7_rock_105_beat_4-4/track.npy,groove_midi,1.0,0.783844118721222,0.783844118721222,0.783844118721222,1.0,1.0,1.0,1.0,1.0,0.7716137649335736,0.7716137649335736,0.7716137649335736,1.0,1.0,1.0,1.0,61.0,0.0,0.0,0.07145896398214388,16.0,0.0,0.0,0.026202372394024342,0.0
groove_midi/drummer3_session1_8_jazz_105_beat_4-4/track.npy,groove_midi,0.8780487804878049,0.6318841799072796,0.6318841799072796,0.6318841799072796,0.832,0.864,0.832,0.864,0.8524590163934426,0.5976256038197961,0.5976256038197961,0.5976256038197961,0.8709677419354839,0.8709677419354839,0.8709677419354839,0.8709677419354839,134.0,0.0,0.0,0.07393489870143337,34.0,0.0,0.0,0.05211073330442744,0.0
groove_midi/drummer3_session2_16_rock_100_beat_4-4/track.npy,groove_midi,1.0,0.9616568840012193,0.9616568840012193,0.9616568840012193,1.0,1.0,1.0,1.0,1.0,0.9386940361308735,0.9386940361308735,0.9386940361308735,1.0,1.0,1.0,1.0,104.0,0.0,0.0,0.06669137449867218,26.0,0.0,0.0,0.016667052485214273,0.0
groove_midi/drummer3_session2_6_rock_100_beat_4-4/track.npy,groove_midi,0.9655172413793104,0.9249989319257222,0.9249989319257222,0.9249989319257222,0.9333333333333333,0.9333333333333333,0.9333333333333333,0.9333333333333333,1.0,0.966427686452754,0.966427686452754,0.966427686452754,1.0,1.0,1.0,1.0,39.0,0.0,0.0,0.06669137449867218,10.0,0.0,0.0,0.016667052485211276,0.0
groove_midi/drummer5_eval_session_10_soul-groove10_102_beat_4-4/track.npy,groove_midi,1.0,0.9595936409205469,0.9595936409205469,0.9595936409205469,1.0,1.0,1.0,1.0,1.0,0.94525293190754,0.94525293190754,0.94525293190754,1.0,1.0,1.0,1.0,64.0,0.0,0.0,0.06899287148695221,16.0,0.0,0.0,0.01694955831377299,0.0
groove_midi/drummer5_eval_session_6_hiphop-groove6_87_beat_4-4/track.npy,groove_midi,1.0,0.8966392878434285,0.8966392878434285,0.8966392878434285,1.0,1.0,1.0,1.0,1.0,0.913499839505317,0.913499839505317,0.913499839505317,1.0,1.0,1.0,1.0,64.0,0.0,0.0,0.08569203923097288,16.0,0.0,0.0,0.024328018712153364,0.0
groove_midi/drummer5_eval_session_8_rock-groove8_65_beat_4-4/track.npy,groove_midi,0.9914529914529915,0.8902409766068277,0.8902409766068277,0.8902409766068277,0.9830508474576272,0.9830508474576272,0.9830508474576272,0.9830508474576272,0.9655172413793104,0.8673241670838024,0.8673241670838024,0.8673241670838024,0.9333333333333333,0.9333333333333333,0.9333333333333333,0.9333333333333333,65.0,0.0,0.0,0.043485111939745545,17.0,0.0,0.0,0.023431734602084957,0.0
groove_midi/drummer5_session1_20_latin-brazilian-baiao_110_beat_4-4/track.npy,groove_midi,0.9044117647058824,0.803819235487714,0.803819235487714,0.803819235487714,0.6968215158924206,0.9339853300733496,0.6968215158924206,0.9339853300733496,0.8921568627450981,0.7890300035319382,0.7890300035319382,0.7890300035319382,0.9019607843137255,0.9411764705882353,0.9019607843137255,0.9411764705882353,419.0,0.0,0.0,0.07410797215373355,105.0,0.0,0.0,0.06644976874191272,0.0
groove_midi/drummer5_session1_7_latin-brazilian-maracatu_96_beat_4-4/track.npy,groove_midi,0.9440203562340967,0.752311131652279,0.752311131652279,0.752311131652279,0.4223918575063613,0.9669211195928753,0.4223918575063613,0.9669211195928753,0.934010152284264,0.7820724493725073,0.7820724493725073,0.7820724493725073,0.98989898989899,0.98989898989899,0.98989898989899,0.98989898989899,402.0,0.0,0.0,0.06669137449865803,101.0,0.0,0.0,0.07029287251301161,0.0
groove_midi/drummer5_session2_21_latin-brazilian-ijexa_108_beat_4-4/track.npy,groove_midi,0.9915966386554621,0.906065738695515,0.906065738695515,0.906065738695515,0.9833333333333333,0.9833333333333333,0.9833333333333333,0.9833333333333333,0.0,3.513518259425773e-159,0.8835662924347303,0.44178314621736514,0.0,0.0,0.9333333333333333,0.9333333333333333,129.0,0.0,0.0,0.07145896398215396,32.0,0.0,0.0,0.03175329924510856,0.0
groove_midi/drummer5_session2_5_reggae_126_beat_4-4/track.npy,groove_midi,0.9774834437086093,0.9100648090540334,0.9100648090540334,0.9100648090540334,0.9736842105263158,0.9736842105263158,0.9736842105263158,0.9736842105263158,0.0,1.875317545663289e-09,2.5137235181120184e-09,2.194520531887654e-09,0.010526315789473684,0.010526315789473684,0.010526315789473684,0.010526315789473684,386.0,0.0,0.0,0.08338160893906466,97.0,0.0,0.0,0.024162245308503597,0.0
groove_midi/drummer6_session1_5_rock_60_beat_6-8/track.npy,groove_midi,0.49214659685863876,0.3743737635712712,0.3743737635712712,0.3743737635712712,0.0,0.0,0.0,0.0,0.1818181818181818,0.12282222189647728,0.13510444408612501,0.12896333299130114,0.0,0.0,0.0,0.0,154.0,0.0,0.0,0.08004270767357746,38.0,0.0,0.0,0.04185591225472787,0.0
groove_midi/drummer6_session3_1_rock_90_beat_4-4/track.npy,groove_midi,0.9536423841059603,0.7403515797127137,0.7403515797127137,0.7403515797127137,0.9868421052631579,0.9868421052631579,0.9868421052631579,0.9868421052631579,0.0,3.4312050153804134e-215,0.7380022460899669,0.36900112304498345,0.0,0.0,0.9473684210526315,0.9473684210526315,84.0,0.0,0.0,0.060624621816444124,21.0,0.0,0.0,0.030100244663083708,0.0
groove_midi/drummer6_session3_3_rock_100_beat_4-4/track.npy,groove_midi,0.972972972972973,0.7115717541400528,0.7115717541400528,0.7115717541400528,0.9940119760479041,0.9940119760479041,0.9940119760479041,0.9940119760479041,0.9759036144578314,0.713916709698869,0.713916709698869,0.713916709698869,1.0,1.0,1.0,1.0,343.0,0.0,0.0,0.06669137449868245,86.0,0.0,0.0,0.03377544826345725,0.0
groove_midi/drummer6_session3_7_rock_88_beat_4-4/track.npy,groove_midi,0.9510086455331412,0.768961724462333,0.768961724462333,0.768961724462333,0.9942528735632183,0.9942528735632183,0.9942528735632183,0.9942528735632183,0.9318181818181818,0.7566765703612218,0.7566765703612218,0.7566765703612218,1.0,1.0,1.0,1.0,182.0,0.0,0.0,0.0606246218164341,46.0,0.0,0.0,0.04402885096355441,0.0
groove_midi/drummer7_session1_13_funk_102_beat_4-4/track.npy,groove_midi,0.9745222929936306,0.761193948861697,0.761193948861697,0.761193948861697,0.9748427672955975,0.9748427672955975,0.9748427672955975,0.9748427672955975,0.9610389610389611,0.7893651770071177,0.7893651770071177,0.7893651770071177,0.9743589743589743,0.9743589743589743,0.9743589743589743,0.9743589743589743,168.0,0.0,0.0,0.06899287148698083,42.0,0.0,0.0,0.03419136474828155,0.0
groove_midi/drummer7_session1_14_jazz_100_beat_4-4/track.npy,groove_midi,0.9613259668508287,0.7929224622029468,0.7929224622029468,0.7929224622029468,0.989010989010989,0.989010989010989,0.989010989010989,0.989010989010989,0.0,3.723928954836736e-178,0.8039697854537959,0.40198489272689797,0.0,0.0,0.9130434782608695,0.9130434782608695,100.0,0.0,0.0,0.0666913744986741,25.0,0.0,0.0,0.032765541832196245,0.0
groove_midi/drummer7_session1_38_hiphop_100_beat_4-4/track.npy,groove_midi,0.9859154929577464,0.8682775647898517,0.8682775647898517,0.8682775647898517,0.9722222222222222,0.9722222222222222,0.9722222222222222,0.9722222222222222,0.0,3.2390744051275824e-44,4.232305281479366e-44,3.7356898433034745e-44,0.0,0.0,0.0,0.0,45.0,0.0,0.0,0.06669137449867205,11.0,0.0,0.0,0.021786400005198978,0.0
groove_midi/drummer7_session1_8_rock_93_beat_4-4/track.npy,groove_midi,0.9465346534653465,0.7969255306482455,0.7969255306482455,0.7969255306482455,0.9960474308300395,0.9960474308300395,0.9960474308300395,0.9960474308300395,0.9606299212598425,0.790627507958281,0.790627507958281,0.790627507958281,0.984375,0.984375,0.984375,0.984375,261.0,0.0,0.0,0.06272217339698755,66.0,0.0,0.0,0.03917491861774073,0.0
groove_midi/drummer7_session2_15_rock_118_beat_4-4/track.npy,groove_midi,0.9930715935334873,0.903504272608361,0.903504272608361,0.903504272608361,0.9862385321100917,0.9862385321100917,0.9862385321100917,0.9862385321100917,1.0,0.910739906063146,0.910739906063146,0.910739906063146,1.0,1.0,1.0,1.0,228.0,0.0,0.0,0.07696104113613988,57.0,0.0,0.0,0.029558802241543725,0.0
groove_midi/drummer7_session2_37_rock_112_beat_4-4/track.npy,groove_midi,0.9919678714859438,0.8631647783674687,0.8631647783674687,0.8631647783674687,0.9840637450199203,0.9840637450199203,0.9840637450199203,0.9840637450199203,0.9919999999999999,0.8729858729091222,0.8729858729091222,0.8729858729091222,0.9841269841269841,0.9841269841269841,0.9841269841269841,0.9841269841269841,261.0,0.0,0.0,0.07410797215373355,66.0,0.0,0.0,0.02817087696669074,0.0
groove_midi/drummer7_session2_45_rock_135_beat_4-4/track.npy,groove_midi,0.9966329966329966,0.9182494018417472,0.9182494018417472,0.9182494018417472,0.9932885906040269,0.9932885906040269,0.9932885906040269,0.9932885906040269,0.9866666666666666,0.9050710498063009,0.9050710498063009,0.9050710498063009,0.9736842105263158,0.9736842105263158,0.9736842105263158,0.9736842105263158,161.0,0.0,0.0,0.09097177820572477,41.0,0.0,0.0,0.033901551675679056,0.0
groove_midi/drummer7_session2_64_rock_145_beat_4-4/track.npy,groove_midi,0.978021978021978,0.8307205086240183,0.8307205086240183,0.8307205086240183,0.6358695652173914,0.967391304347826,0.6358695652173914,0.967391304347826,0.989010989010989,0.8445758480623312,0.8445758480623312,0.8445758480623312,0.9782608695652174,0.9782608695652174,0.9782608695652174,0.9782608695652174,197.0,0.0,0.0,0.0953101798043734,50.0,0.0,0.0,0.036367644170876345,0.0
groove_midi/drummer7_session3_106_hiphop_70_beat_4-4/track.npy,groove_midi,0.625,0.5110452549709488,0.7664598341185984,0.6387525445447736,0.0,0.0,0.5299145299145299,0.9572649572649573,0.6222222222222223,0.4669282210212447,0.7337880324336424,0.6003581267274436,0.0,0.0,0.9666666666666667,0.9666666666666667,129.0,0.0,0.0,0.09531017980432797,33.0,0.0,0.0,0.046520015634892775,0.0
groove_midi/drummer7_session3_119_rock_95_beat_4-4/track.npy,groove_midi,0.875,0.7564773227215141,0.7564773227215141,0.7564773227215141,0.875,0.875,0.875,0.875,1.0,0.8385228731977449,0.8385228731977449,0.8385228731977449,1.0,1.0,1.0,1.0,32.0,0.0,0.0,0.06453852113757264,8.0,0.0,0.0,0.0353446665192895,0.0
groove_midi/drummer7_session3_159_soul_98_beat_4-4/track.npy,groove_midi,1.0,0.8641215206063566,0.8641215206063566,0.8641215206063566,1.0,1.0,1.0,1.0,1.0,0.8725681156947512,0.8725681156947512,0.8725681156947512,1.0,1.0,1.0,1.0,48.0,0.0,0.0,0.06615316115839641,12.0,0.0,0.0,0.029146078218311736,0.0
groove_midi/drummer7_session3_38_hiphop_67_beat_4-4/track.npy,groove_midi,0.9919999999999999,0.8536486765076029,0.8536486765076029,0.8536486765076029,0.9841269841269841,0.9841269841269841,0.9841269841269841,0.9841269841269841,0.967741935483871,0.8462045073192351,0.8462045073192351,0.8462045073192351,0.9375,0.9375,0.9375,0.9375,69.0,0.0,0.0,0.08437810619009325,18.0,0.0,0.0,0.023836469922316916,0.0
groove_midi/drummer7_session3_92_hiphop_70_beat_4-4/track.npy,groove_midi,0.7338129496402878,0.6402815105637993,0.7494633467615757,0.6948724286626875,0.2277992277992278,0.2277992277992278,0.2761904761904762,0.6031746031746031,0.7499999999999999,0.6302878451728677,0.7474641416339527,0.6888759934034102,0.23076923076923078,0.23076923076923078,0.6233766233766234,0.6233766233766234,262.0,0.0,0.0,0.09531017980430725,66.0,0.0,0.0,0.045985113241822306,0.0
groove_midi/drummer8_eval_session_2_funk-groove2_105_beat_4-4/track.npy,groove_midi,0.9909909909909909,0.8946295556850277,0.8946295556850277,0.8946295556850277,0.9821428571428571,0.9821428571428571,0.9821428571428571,0.9821428571428571,0.962962962962963,0.8986776299177364,0.8986776299177364,0.8986776299177364,0.9285714285714286,0.9285714285714286,0.9285714285714286,0.9285714285714286,65.0,0.0,0.0,0.03509131981127526,17.0,0.0,0.0,0.017544309650907586,0.0
groove_midi/drummer8_eval_session_3_soul-groove3_86_beat_4-4/track.npy,groove_midi,1.0,0.9363890425268535,0.9363890425268535,0.9363890425268535,1.0,1.0,1.0,1.0,1.0,0.9554632782444725,0.9554632782444725,0.9554632782444725,1.0,1.0,1.0,1.0,64.0,0.0,0.0,0.08455738802806617,16.0,0.0,0.0,0.014321930319095334,0.0
groove_midi/drummer8_session1_13_latin_118_beat_4-4/track.npy,groove_midi,0.9770114942528735,0.8838823966776653,0.8838823966776653,0.8838823966776653,0.9694656488549618,0.9694656488549618,0.9694656488549618,0.9694656488549618,0.9538461538461539,0.8641876354111517,0.8641876354111517,0.8641876354111517,0.9846153846153847,0.9846153846153847,0.9846153846153847,0.9846153846153847,270.0,0.0,0.0,0.08004270767354055,68.0,0.0,0.0,0.04927104900677992,0.0
groove_midi/drummer8_session1_1_funk_95_beat_4-4/track.npy,groove_midi,1.0,0.9331934764242885,0.9331934764242885,0.9331934764242885,1.0,1.0,1.0,1.0,1.0,0.9297097527369884,0.9297097527369884,0.9297097527369884,1.0,1.0,1.0,1.0,416.0,0.0,0.0,0.0645385211375119,104.0,0.0,0.0,0.02371652661731416,0.0
groove_midi/drummer8_session1_23_hiphop_70_beat_4-4/track.npy,groove_midi,1.0,0.911613103192486,0.911613103192486,0.911613103192486,1.0,1.0,1.0,1.0,1.0,0.9146496415061532,0.9146496415061532,0.9146496415061532,1.0,1.0,1.0,1.0,224.0,0.0,0.0,0.0679246303620539,56.0,0.0,0.0,0.019624753079892997,0.0
groove_midi/drummer8_session1_24_funk-latin_100_beat_4-4/track.npy,groove_midi,0.9984,0.9107528329534748,0.9107528329534748,0.9107528329534748,0.9968051118210862,0.9968051118210862,0.9968051118210862,0.9968051118210862,1.0,0.9272562094308608,0.9272562094308608,0.9272562094308608,1.0,1.0,1.0,1.0,322.0,0.0,0.0,0.06669137449870699,81.0,0.0,0.0,0.03284448256745034,0.0
groove_midi/drummer8_session1_2_funk_95_beat_4-4/track.npy,groove_midi,0.9959677419354839,0.8997950668658066,0.8997950668658066,0.8997950668658066,1.0,1.0,1.0,1.0,1.0,0.9085566134697926,0.9085566134697926,0.9085566134697926,1.0,1.0,1.0,1.0,256.0,0.0,0.0,0.06453852113757769,64.0,0.0,0.0,0.023896071141743323,0.0
groove_midi/drummer9_session1_18_rock_120_beat_4-4/track.npy,groove_midi,0.6666666666666666,0.5645811142256516,0.5645811142256516,0.5645811142256516,0.37142857142857144,0.6571428571428571,0.37142857142857144,0.6571428571428571,0.6666666666666666,0.5449476995619688,0.5449476995619688,0.5449476995619688,1.0,1.0,1.0,1.0,43.0,0.0,0.0,0.08338160893905311,11.0,0.0,0.0,0.08194485234724243,0.0
groove_midi/drummer9_session1_19_rock_120_beat_4-4/track.npy,groove_midi,0.9923664122137404,0.8430588958928436,0.8430588958928436,0.8430588958928436,0.9848484848484849,0.9848484848484849,0.9848484848484849,0.9848484848484849,1.0,0.8773768965794527,0.8773768965794527,0.8773768965794527,1.0,1.0,1.0,1.0,76.0,0.0,0.0,0.08004270767354893,19.0,0.0,0.0,0.03180419813875352,0.0
groove_midi/drummer9_session1_1_rock_100_beat_4-4/track.npy,groove_midi,0.9645390070921985,0.8928869922561917,0.8928869922561917,0.8928869922561917,0.9583333333333334,0.9583333333333334,0.9583333333333334,0.9583333333333334,0.9714285714285714,0.8633520825807728,0.8633520825807728,0.8633520825807728,0.9444444444444444,0.9444444444444444,0.9444444444444444,0.9444444444444444,78.0,0.0,0.0,0.06669137449867674,20.0,0.0,0.0,0.02458325517671135,0.0
guitarset/00_BN1-147-Gb_comp_mix/track.npy,guitarset,0.9859154929577464,0.8320242519119085,0.8320242519119085,0.8320242519119085,0.9722222222222222,0.9722222222222222,0.9722222222222222,0.9722222222222222,0.9411764705882353,0.815612414776451,0.815612414776451,0.815612414776451,0.8888888888888888,0.8888888888888888,0.8888888888888888,0.8888888888888888,49.0,0.0,0.0,0.10008345855698202,13.0,0.0,0.0,0.030907637664066928,0.0
guitarset/00_Rock1-90-C#_comp_mix/track.npy,guitarset,0.8395061728395061,0.7009560885348601,0.7009560885348601,0.7009560885348601,0.8536585365853658,0.8536585365853658,0.8536585365853658,0.8536585365853658,0.8571428571428572,0.7233402890261079,0.7233402890261079,0.7233402890261079,0.9090909090909091,0.9090909090909091,0.9090909090909091,0.9090909090909091,49.0,0.0,0.0,0.09154497169861552,13.0,0.0,0.0,0.05781255713485467,0.0
guitarset/00_SS3-84-Bb_comp_mix/track.npy,guitarset,0.9565217391304347,0.6947501501850868,0.6947501501850868,0.6947501501850868,0.9827586206896551,0.9827586206896551,0.9827586206896551,0.9827586206896551,0.9655172413793104,0.7238477804709701,0.7238477804709701,0.7238477804709701,0.9333333333333333,0.9333333333333333,0.9333333333333333,0.9333333333333333,65.0,0.0,0.0,0.08701137698963021,17.0,0.0,0.0,0.03698197166082767,0.0
guitarset/01_Jazz1-200-B_comp_mix/track.npy,guitarset,0.6382978723404255,0.6282976087329167,0.9525802454947871,0.7904389271138519,0.0,0.0,0.9375,0.9375,0.5454545454545454,0.5240903459244728,0.8235705435956,0.6738304447600364,0.0,0.0,0.75,0.75,25.0,0.0,0.0,0.0666913744986708,7.0,0.0,0.0,0.02341814740190342,0.0
guitarset/01_Jazz2-187-F#_comp_mix/track.npy,guitarset,1.0,0.9757261006835928,0.9757261006835928,0.9757261006835928,1.0,1.0,1.0,1.0,1.0,0.9896490981718675,0.9896490981718675,0.9896490981718675,1.0,1.0,1.0,1.0,64.0,0.0,0.0,0.06062462181643369,16.0,0.0,0.0,0.015504186535966274,0.0
guitarset/01_Rock1-130-A_comp_mix/track.npy,guitarset,0.9459459459459459,0.8910631565046493,0.8910631565046493,0.8910631565046493,0.9459459459459459,0.9459459459459459,0.9459459459459459,0.9459459459459459,1.0,0.9615968886863827,0.9615968886863827,0.9615968886863827,1.0,1.0,1.0,1.0,48.0,0.0,0.0,0.08701137698962727,12.0,0.0,0.0,0.021739986636405723,0.0
guitarset/02_BN3-154-E_comp_mix/track.npy,guitarset,1.0,0.857575949983227,0.857575949983227,0.857575949983227,1.0,1.0,1.0,1.0,1.0,0.8150863541895689,0.8150863541895689,0.8150863541895689,1.0,1.0,1.0,1.0,64.0,0.0,0.0,0.10536051565782412,16.0,0.0,0.0,0.03043414542536156,0.0
guitarset/02_Funk2-108-Eb_comp_mix/track.npy,guitarset,1.0,0.8806214326981298,0.8806214326981298,0.8806214326981298,1.0,1.0,1.0,1.0,1.0,0.8765209719036213,0.8765209719036213,0.8765209719036213,1.0,1.0,1.0,1.0,64.0,0.0,0.0,0.07145896398214668,16.0,0.0,0.0,0.027150989065951307,0.0
guitarset/02_Funk2-119-G_comp_mix/track.npy,guitarset,0.897196261682243,0.775258751353757,0.775258751353757,0.775258751353757,0.8888888888888888,0.8888888888888888,0.8888888888888888,0.8888888888888888,0.9230769230769231,0.8134511224443972,0.8134511224443972,0.8134511224443972,1.0,1.0,1.0,1.0,63.0,0.0,0.0,0.08004270767354893,16.0,0.0,0.0,0.05558685010613497,0.0
guitarset/02_Funk3-98-A_comp_mix/track.npy,guitarset,0.8363636363636363,0.6939387399294845,0.6939387399294845,0.6939387399294845,0.7090909090909091,0.8363636363636363,0.7090909090909091,0.8363636363636363,0.7692307692307693,0.681553008937579,0.681553008937579,0.681553008937579,1.0,1.0,1.0,1.0,64.0,0.0,0.0,0.09722346778027954,16.0,0.0,0.0,0.10333897595495407,0.0
guitarset/02_Jazz3-150-C_comp_mix/track.npy,guitarset,0.9902912621359222,0.8003952947763431,0.8003952947763431,0.8003952947763431,0.9807692307692307,0.9807692307692307,0.9807692307692307,0.9807692307692307,0.9600000000000001,0.780965128191951,0.780965128191951,0.780965128191951,0.9230769230769231,0.9230769230769231,0.9230769230769231,0.9230769230769231,65.0,0.0,0.0,0.10008345855698275,17.0,0.0,0.0,0.025001302205417075,0.0
guitarset/02_Rock2-142-D_comp_mix/track.npy,guitarset,0.9904761904761905,0.7043125294206036,0.7043125294206036,0.7043125294206036,0.9811320754716981,0.9811320754716981,0.9811320754716981,0.9811320754716981,0.962962962962963,0.7088918021866241,0.7088918021866241,0.7088918021866241,0.9285714285714286,0.9285714285714286,0.9285714285714286,0.9285714285714286,65.0,0.0,0.0,0.09531017980432478,17.0,0.0,0.0,0.027123354724209292,0.0
guitarset/03_Funk1-114-Ab_comp_mix/track.npy,guitarset,1.0,0.9234358453669307,0.9234358453669307,0.9234358453669307,1.0,1.0,1.0,1.0,1.0,0.9472738027654751,0.9472738027654751,0.9472738027654751,1.0,1.0,1.0,1.0,48.0,0.0,0.0,0.07696104113612962,12.0,0.0,0.0,0.024212552163106138,0.0
guitarset/03_Funk2-108-Eb_comp_mix/track.npy,guitarset,0.9818181818181818,0.9312922714286888,0.9312922714286888,0.9312922714286888,0.9818181818181818,0.9818181818181818,0.9818181818181818,0.9818181818181818,0.962962962962963,0.9173295793074824,0.9173295793074824,0.9173295793074824,0.9285714285714286,0.9285714285714286,0.9285714285714286,0.9285714285714286,65.0,0.0,0.0,0.07145896398213702,17.0,0.0,0.0,0.026907452919925356,0.0
guitarset/03_Funk2-119-G_comp_mix/track.npy,guitarset,0.8333333333333334,0.7044881486853234,0.7044881486853234,0.7044881486853234,0.5370370370370371,0.8518518518518519,0.5370370370370371,0.8518518518518519,0.8461538461538461,0.6937557463840925,0.6937557463840925,0.6937557463840925,1.0,1.0,1.0,1.0,64.0,0.0,0.0,0.11778303565638104,16.0,0.0,0.0,0.05478694073129852,0.0
guitarset/03_Funk3-112-C#_comp_mix/track.npy,guitarset,0.9724770642201834,0.8393381098338989,0.8393381098338989,0.8393381098338989,0.9818181818181818,0.9818181818181818,0.9818181818181818,0.9818181818181818,0.962962962962963,0.8557384108008241,0.8557384108008241,0.8557384108008241,0.9285714285714286,0.9285714285714286,0.9285714285714286,0.9285714285714286,65.0,0.0,0.0,0.07696104113612748,17.0,0.0,0.0,0.050167235426060955,0.0
guitarset/03_Rock1-130-A_comp_mix/track.npy,guitarset,0.9866666666666666,0.9265716462872833,0.9265716462872833,0.9265716462872833,0.9736842105263158,0.9736842105263158,0.9736842105263158,0.9736842105263158,0.9473684210526316,0.8983008566222243,0.8983008566222243,0.8983008566222243,0.9,0.9,0.9,0.9,49.0,0.0,0.0,0.08701137698962869,13.0,0.0,0.0,0.021739986636405806,0.0
guitarset/03_Rock3-117-Bb_comp_mix/track.npy,guitarset,0.9908256880733944,0.85851520966095,0.85851520966095,0.85851520966095,0.9818181818181818,0.9818181818181818,0.9818181818181818,0.9818181818181818,0.962962962962963,0.8705878025301828,0.8705878025301828,0.8705878025301828,0.9285714285714286,0.9285714285714286,0.9285714285714286,0.9285714285714286,65.0,0.0,0.0,0.07973454101979424,17.0,0.0,0.0,0.032255481556063295,0.0
guitarset/03_SS1-100-C#_comp_mix/track.npy,guitarset,1.0,0.9487807011266144,0.9487807011266144,0.9487807011266144,1.0,1.0,1.0,1.0,1.0,0.9477764011487047,0.9477764011487047,0.9477764011487047,1.0,1.0,1.0,1.0,48.0,0.0,0.0,0.06669137449867184,12.0,0.0,0.0,0.012932591218599472,0.0
guitarset/03_SS3-84-Bb_comp_mix/track.npy,guitarset,0.9298245614035088,0.7068026679474291,0.7068026679474291,0.7068026679474291,0.9824561403508771,0.9824561403508771,0.9824561403508771,0.9824561403508771,0.8571428571428571,0.7020319338909978,0.7020319338909978,0.7020319338909978,1.0,1.0,1.0,1.0,64.0,0.0,0.0,0.08444142353850702,16.0,0.0,0.0,0.060186500603907005,0.0
guitarset/04_BN1-147-Gb_comp_mix/track.npy,guitarset,0.9859154929577464,0.9209602705727579,0.9209602705727579,0.9209602705727579,0.9722222222222222,0.9722222222222222,0.9722222222222222,0.9722222222222222,0.9411764705882353,0.8946582496149112,0.8946582496149112,0.8946582496149112,0.8888888888888888,0.8888888888888888,0.8888888888888888,0.8888888888888888,48.0,0.0,0.0,0.1000834585569835,12.0,0.0,0.0,0.04373230333648974,0.0
guitarset/04_Funk2-119-G_comp_mix/track.npy,guitarset,0.9908256880733944,0.8694830861931245,0.8694830861931245,0.8694830861931245,0.9818181818181818,0.9818181818181818,0.9818181818181818,0.9818181818181818,0.962962962962963,0.8480185662119782,0.8480185662119782,0.8480185662119782,0.9285714285714286,0.9285714285714286,0.9285714285714286,0.9285714285714286,65.0,0.0,0.0,0.08004270767353472,17.0,0.0,0.0,0.022956355639573035,0.0
guitarset/05_BN2-166-Ab_comp_mix/track.npy,guitarset,0.99009900990099,0.9331993247405095,0.9331993247405095,0.9331993247405095,0.9803921568627451,0.9803921568627451,0.9803921568627451,0.9803921568627451,0.9600000000000001,0.9116245765366042,0.9116245765366042,0.9116245765366042,0.9230769230769231,0.9230769230769231,0.9230769230769231,0.9230769230769231,65.0,0.0,0.0,0.11122563511022676,17.0,0.0,0.0,0.027779564107075955,0.0
guitarset/05_BN3-154-E_comp_mix/track.npy,guitarset,0.9902912621359222,0.90608261377482,0.90608261377482,0.90608261377482,0.9807692307692307,0.9807692307692307,0.9807692307692307,0.9807692307692307,0.9600000000000001,0.8757925324755469,0.8757925324755469,0.8757925324755469,0.9230769230769231,0.9230769230769231,0.9230769230769231,0.9230769230769231,65.0,0.0,0.0,0.10536051565782412,17.0,0.0,0.0,0.04248814684274911,0.0
guitarset/05_Funk3-98-A_comp_mix/track.npy,guitarset,0.972972972972973,0.8823820994340439,0.8823820994340439,0.8823820994340439,0.9821428571428571,0.9821428571428571,0.9821428571428571,0.9821428571428571,0.962962962962963,0.8442518090433816,0.8442518090433816,0.8442518090433816,0.9285714285714286,0.9285714285714286,0.9285714285714286,0.9285714285714286,65.0,0.0,0.0,0.07410797215372188,17.0,0.0,0.0,0.0702436463084217,0.0
guitarset/05_Jazz2-187-F#_comp_mix/track.npy,guitarset,0.6575342465753424,0.5565608313957902,0.8291620549306011,0.6928614431631956,0.0,0.0,0.96,0.96,0.631578947368421,0.5933796899135974,0.8672472391044885,0.730313464509043,0.0,0.0,0.8571428571428571,0.8571428571428571,33.0,0.0,0.0,0.06352943905945263,9.0,0.0,0.0,0.013290675770464227,0.0
guitarset/05_Rock3-117-Bb_comp_mix/track.npy,guitarset,0.9908256880733944,0.9394749126645776,0.9394749126645776,0.9394749126645776,0.9818181818181818,0.9818181818181818,0.9818181818181818,0.9818181818181818,0.962962962962963,0.9075037190552221,0.9075037190552221,0.9075037190552221,0.9285714285714286,0.9285714285714286,0.9285714285714286,0.9285714285714286,65.0,0.0,0.0,0.0800427076735333,17.0,0.0,0.0,0.032457375515065355,0.0
hainsworth/hainsworth_007/track.npy,hainsworth,0.36538461538461536,0.26285925020394835,0.26285925020394835,0.26285925020394835,0.15254237288135594,0.1694915254237288,0.15254237288135594,0.1694915254237288,0.20689655172413796,0.1232475627618794,0.13401088856892396,0.1286292256654017,0.13333333333333333,0.3333333333333333,0.2,0.3333333333333333,48.0,0.0,0.0,0.14449765646234022,16.0,0.0,0.0,0.1118268650661979,0.0
hainsworth/hainsworth_019/track.npy,hainsworth,1.0,0.9531661911737193,0.9531661911737193,0.9531661911737193,1.0,1.0,1.0,1.0,1.0,0.942651225304101,0.942651225304101,0.942651225304101,1.0,1.0,1.0,1.0,64.0,0.0,0.0,0.08455738802806605,16.0,0.0,0.0,0.009456606919281671,0.0
hainsworth/hainsworth_020/track.npy,hainsworth,1.0,0.9386345602637988,0.9386345602637988,0.9386345602637988,1.0,1.0,1.0,1.0,1.0,0.9154664839591121,0.9154664839591121,0.9154664839591121,1.0,1.0,1.0,1.0,114.0,0.0,0.0,0.07410797215371641,29.0,0.0,0.0,0.009216655104924065,0.0
hainsworth/hainsworth_035/track.npy,hainsworth,0.4383561643835617,0.3378874349639954,0.3495191199619961,0.3437032774629958,0.0,0.0,0.17647058823529413,0.3333333333333333,0.0,0.001015158269108344,0.001565035664875364,0.001290096966991854,0.0,0.0,0.46153846153846156,0.46153846153846156,47.0,0.0,0.0,0.10771597243398531,11.0,0.0,0.0,0.16637629499162318,0.0
hainsworth/hainsworth_042/track.npy,hainsworth,0.99581589958159,0.9614683345170114,0.9614683345170114,0.9614683345170114,0.9916666666666667,0.9916666666666667,0.9916666666666667,0.9916666666666667,1.0,0.9700355576649774,0.9700355576649774,0.9700355576649774,1.0,1.0,1.0,1.0,133.0,0.0,0.0,0.09531017980432444,33.0,0.0,0.0,0.024251630642045136,0.0
hainsworth/hainsworth_054/track.npy,hainsworth,0.9740932642487047,0.8849455349560571,0.8849455349560571,0.8849455349560571,0.9591836734693877,0.9591836734693877,0.9591836734693877,0.9591836734693877,0.9795918367346939,0.8906611862802642,0.8906611862802642,0.8906611862802642,0.96,0.96,0.96,0.96,109.0,0.0,0.0,0.07141788368772607,27.0,0.0,0.0,0.030771658666753375,0.0
hainsworth/hainsworth_057/track.npy,hainsworth,0.896969696969697,0.7490675040905281,0.7490675040905281,0.7490675040905281,0.3614457831325301,0.891566265060241,0.3614457831325301,0.891566265060241,0.65,0.5747134636755884,0.5747134636755884,0.5747134636755884,0.35,0.6,0.35,0.6,90.0,0.0,0.0,0.11441035117775211,22.0,0.0,0.0,0.14902632961085024,0.0
hainsworth/hainsworth_059/track.npy,hainsworth,1.0,0.941450960526119,0.941450960526119,0.941450960526119,1.0,1.0,1.0,1.0,1.0,0.935042356288319,0.935042356288319,0.935042356288319,1.0,1.0,1.0,1.0,107.0,0.0,0.0,0.07145896398213047,36.0,0.0,0.0,0.034685557987888166,0.0
hainsworth/hainsworth_079/track.npy,hainsworth,1.0,0.921174295753944,0.921174295753944,0.921174295753944,1.0,1.0,1.0,1.0,1.0,0.9198161504732928,0.9198161504732928,0.9198161504732928,1.0,1.0,1.0,1.0,130.0,0.0,0.0,0.10536051565781923,32.0,0.0,0.0,0.057833377680803405,0.0
hainsworth/hainsworth_092/track.npy,hainsworth,1.0,0.9512201411603625,0.9512201411603625,0.9512201411603625,1.0,1.0,1.0,1.0,1.0,0.9512515522407092,0.9512515522407092,0.9512515522407092,1.0,1.0,1.0,1.0,138.0,0.0,0.0,0.10008345855698919,35.0,0.0,0.0,0.025317807984289342,0.0
hainsworth/hainsworth_103/track.npy,hainsworth,0.6039603960396039,0.4614431670495352,0.6971569804704436,0.5793000737599894,0.0,0.0,0.21481481481481482,0.837037037037037,0.64,0.49338346457262233,0.7136673809120655,0.6035254227423439,0.0,0.0,1.0,1.0,149.0,0.0,0.0,0.11122563511023749,37.0,0.0,0.0,0.07662547497823315,0.0
hainsworth/hainsworth_111/track.npy,hainsworth,0.3931623931623932,0.33178041520075413,0.40887147058022233,0.37032594289048826,0.0,0.0,0.005405405405405406,0.005405405405405406,0.6285714285714286,0.5668865515339916,0.83423803602859,0.7005622937812908,0.0,0.0,0.9574468085106383,0.9574468085106383,155.0,0.0,0.0,0.11122563511024208,52.0,0.0,0.0,0.036738139301085146,0.0
hainsworth/hainsworth_120/track.npy,hainsworth,0.5021645021645021,0.3940982538760489,0.3940982538760489,0.3940982538760489,0.0,0.0,0.0,0.0,0.49122807017543857,0.39861480648576114,0.39861480648576114,0.39861480648576114,0.0,0.0,0.0,0.0,65.0,0.0,0.0,0.08961215868968755,16.0,0.0,0.0,0.0295675624864793,0.0
hainsworth/hainsworth_128/track.npy,hainsworth,0.21359223300970873,0.16408713266152586,0.17117213289209227,0.16762963277680906,0.01639344262295082,0.01639344262295082,0.09523809523809523,0.11904761904761904,0.13333333333333333,0.10348125394056475,0.10348125394056475,0.10348125394056475,0.1875,0.1875,0.1875,0.1875,46.0,0.0,0.0,0.1048982656772114,16.0,0.0,0.0,0.13054833253022224,0.0
hainsworth/hainsworth_147/track.npy,hainsworth,1.0,0.9651381712794231,0.9651381712794231,0.9651381712794231,1.0,1.0,1.0,1.0,1.0,0.9679239787320015,0.9679239787320015,0.9679239787320015,1.0,1.0,1.0,1.0,67.0,0.0,0.0,0.056574250149667396,17.0,0.0,0.0,0.007968169649178635,0.0
hainsworth/hainsworth_150/track.npy,hainsworth,0.8205128205128205,0.6880763490728613,0.6880763490728613,0.6880763490728613,0.4098360655737705,0.7540983606557377,0.4098360655737705,0.7540983606557377,0.4827586206896552,0.45233836362619106,0.46108145031187264,0.45670990696903185,0.3333333333333333,0.3333333333333333,0.35714285714285715,0.35714285714285715,67.0,0.0,0.0,0.13133724781290732,17.0,0.0,0.0,0.2145187209027572,0.0
hainsworth/hainsworth_158/track.npy,hainsworth,1.0,0.5926649612528864,0.5926649612528864,0.5926649612528864,1.0,1.0,1.0,1.0,0.0,3.501256803318488e-88,0.5133388873387784,0.2566694436693892,0.0,0.0,0.9583333333333334,0.9583333333333334,106.0,0.0,0.0,0.0946594195645341,27.0,0.0,0.0,0.04467227264864341,0.0
hainsworth/hainsworth_161/track.npy,hainsworth,1.0,0.9285212895691926,0.9285212895691926,0.9285212895691926,1.0,1.0,1.0,1.0,1.0,0.9665954911228374,0.9665954911228374,0.9665954911228374,1.0,1.0,1.0,1.0,76.0,0.0,0.0,0.0625203569813339,19.0,0.0,0.0,0.009473814999319314,0.0
hainsworth/hainsworth_162/track.npy,hainsworth,1.0,0.9220095820653321,0.9220095820653321,0.9220095820653321,1.0,1.0,1.0,1.0,1.0,0.9421356541252284,0.9421356541252284,0.9421356541252284,1.0,1.0,1.0,1.0,85.0,0.0,0.0,0.08455738802806569,21.0,0.0,0.0,0.00771443959025729,0.0
hainsworth/hainsworth_172/track.npy,hainsworth,1.0,0.9352495886777218,0.9352495886777218,0.9352495886777218,1.0,1.0,1.0,1.0,0.0,3.245517283345487e-119,0.9026481302812869,0.45132406514064344,0.0,0.0,0.9615384615384616,0.9615384615384616,114.0,0.0,0.0,0.08338160893905111,28.0,0.0,0.0,0.020834086902841026,0.0
hainsworth/hainsworth_173/track.npy,hainsworth,1.0,0.9153714957399373,0.9153714957399373,0.9153714957399373,1.0,1.0,1.0,1.0,1.0,0.9003478130330403,0.9003478130330403,0.9003478130330403,1.0,1.0,1.0,1.0,107.0,0.0,0.0,0.07521721003499827,26.0,0.0,0.0,0.020619287202735204,0.0
hainsworth/hainsworth_175/track.npy,hainsworth,1.0,0.8778701777658806,0.8778701777658806,0.8778701777658806,1.0,1.0,1.0,1.0,1.0,0.8884728195221527,0.8884728195221527,0.8884728195221527,1.0,1.0,1.0,1.0,102.0,0.0,0.0,0.08338160893904922,25.0,0.0,0.0,0.010471299867297001,0.0
hainsworth/hainsworth_185/track.npy,hainsworth,1.0,0.9450492764817129,0.9450492764817129,0.9450492764817129,1.0,1.0,1.0,1.0,1.0,0.9491519778358951,0.9491519778358951,0.9491519778358951,1.0,1.0,1.0,1.0,80.0,0.0,0.0,0.06486144914174309,20.0,0.0,0.0,0.008230499136516745,0.0
hainsworth/hainsworth_190/track.npy,hainsworth,0.75,0.6349267708959891,0.6349267708959891,0.6349267708959891,0.27631578947368424,0.7631578947368421,0.27631578947368424,0.7631578947368421,0.5263157894736843,0.41619338127092076,0.41619338127092076,0.41619338127092076,0.0,0.0,0.3157894736842105,0.5789473684210527,84.0,0.0,0.0,0.09223526205894896,21.0,0.0,0.0,0.19462506043025452,0.0
hainsworth/hainsworth_195/track.npy,hainsworth,1.0,0.9003391569367575,0.9003391569367575,0.9003391569367575,1.0,1.0,1.0,1.0,1.0,0.8714292159419514,0.8714292159419514,0.8714292159419514,1.0,1.0,1.0,1.0,81.0,0.0,0.0,0.11778303565638104,20.0,0.0,0.0,0.02615692677314324,0.0
hainsworth/hainsworth_197/track.npy,hainsworth,1.0,0.9312574800703989,0.9312574800703989,0.9312574800703989,1.0,1.0,1.0,1.0,1.0,0.9373561076716184,0.9373561076716184,0.9373561076716184,1.0,1.0,1.0,1.0,159.0,0.0,0.0,0.060624621816444436,40.0,0.0,0.0,0.0458095360312932,0.0
hainsworth/hainsworth_200/track.npy,hainsworth,0.958904109589041,0.8749012104256868,0.8749012104256868,0.8749012104256868,0.8082191780821918,0.9726027397260274,0.8082191780821918,0.9726027397260274,1.0,0.8406702292823357,0.8406702292823357,0.8406702292823357,1.0,1.0,1.0,1.0,82.0,0.0,0.0,0.0689928714869561,21.0,0.0,0.0,0.04405998979403036,0.0
hainsworth/hainsworth_201/track.npy,hainsworth,1.0,0.776260326079707,0.776260326079707,0.776260326079707,1.0,1.0,1.0,1.0,1.0,0.823334918976027,0.823334918976027,0.823334918976027,1.0,1.0,1.0,1.0,79.0,0.0,0.0,0.057494831076542324,26.0,0.0,0.0,0.05707748586388435,0.0
hainsworth/hainsworth_207/track.npy,hainsworth,0.8333333333333334,0.5877139406118461,0.5877139406118461,0.5877139406118461,0.22807017543859648,0.7456140350877193,0.22807017543859648,0.7456140350877193,0.8421052631578947,0.5844277414656558,0.5844277414656558,0.5844277414656558,0.7631578947368421,0.9736842105263158,0.7631578947368421,0.9736842105263158,130.0,0.0,0.0,0.11778303565638115,44.0,0.0,0.0,0.060624621816434826,0.0
hainsworth/hainsworth_228/track.npy,hainsworth,1.0,0.9623199146668877,0.9623199146668877,0.9623199146668877,1.0,1.0,1.0,1.0,1.0,0.9610279538915689,0.9610279538915689,0.9610279538915689,1.0,1.0,1.0,1.0,124.0,0.0,0.0,0.06899287148695146,31.0,0.0,0.0,0.026340903198503993,0.0
hainsworth/hainsworth_232/track.npy,hainsworth,1.0,0.9015419239202925,0.9015419239202925,0.9015419239202925,1.0,1.0,1.0,1.0,1.0,0.9316532546364157,0.9316532546364157,0.9316532546364157,1.0,1.0,1.0,1.0,119.0,0.0,0.0,0.08004270767352051,30.0,0.0,0.0,0.030459207484708477,0.0
hainsworth/hainsworth_243/track.npy,hainsworth,1.0,0.8977298176377909,0.8977298176377909,0.8977298176377909,1.0,1.0,1.0,1.0,0.0,1.5745965905721417e-76,0.8806324676064639,0.4403162338032319,0.0,0.0,0.9354838709677419,0.9354838709677419,135.0,0.0,0.0,0.10008345855699852,34.0,0.0,0.0,0.025642430613339318,0.0
hainsworth/hainsworth_244/track.npy,hainsworth,1.0,0.846755853633854,0.846755853633854,0.846755853633854,1.0,1.0,1.0,1.0,0.0,1.7747428130487013e-184,0.8808125456419058,0.4404062728209529,0.0,0.0,1.0,1.0,61.0,0.0,0.0,0.06692152419750798,15.0,0.0,0.0,0.03278982282299112,0.0
harmonix/0015_babygotback/track.npy,harmonix,1.0,0.821202537546522,0.821202537546522,0.821202537546522,1.0,1.0,1.0,1.0,1.0,0.800976601339579,0.800976601339579,0.800976601339579,1.0,1.0,1.0,1.0,313.0,0.0,0.0,0.044451762570829056,79.0,0.0,0.0,0.021506205220964157,0.0
harmonix/0020_becauseofyou/track.npy,harmonix,0.9884057971014493,0.8658529118721274,0.8658529118721274,0.8658529118721274,0.9770773638968482,0.9770773638968482,0.9770773638968482,0.9770773638968482,0.9885057471264368,0.859837854098484,0.859837854098484,0.859837854098484,0.9772727272727273,0.9772727272727273,0.9772727272727273,0.9772727272727273,359.0,0.0,0.0,0.07410797215373355,90.0,0.0,0.0,0.024231531756145924,0.0
harmonix/0038_bringmetolife/track.npy,harmonix,0.9834710743801653,0.8827850836251564,0.8827850836251564,0.8827850836251564,0.7823691460055097,0.9834710743801653,0.7823691460055097,0.9834710743801653,0.9836065573770493,0.8976380452187843,0.8976380452187843,0.8976380452187843,0.7717391304347826,0.9782608695652174,0.7717391304347826,0.9782608695652174,371.0,0.0,0.0,0.09237332013101784,93.0,0.0,0.0,0.04706823537469834,0.0
harmonix/0044_cameraeye/track.npy,harmonix,0.8995578016424511,0.8064283546854258,0.8064283546854258,0.8064283546854258,0.128125,0.821875,0.128125,0.821875,0.7260812581913499,0.6601922378223029,0.6601922378223029,0.6601922378223029,0.12,0.6375,0.12,0.6375,1600.0,0.0,0.0,0.11122563511028605,400.0,0.0,0.0,0.09697578849396044,0.0
harmonix/0063_daysgoby/track.npy,harmonix,0.9910714285714286,0.7046931909861781,0.7046931909861781,0.7046931909861781,1.0,1.0,1.0,1.0,1.0,0.6954396703320358,0.6954396703320358,0.6954396703320358,1.0,1.0,1.0,1.0,235.0,0.0,0.0,0.08483351615928979,59.0,0.0,0.0,0.01069528911674802,0.0
harmonix/0078_donttouchme/track.npy,harmonix,1.0,0.884237891558092,0.884237891558092,0.884237891558092,1.0,1.0,1.0,1.0,1.0,0.8988240982859089,0.8988240982859089,0.8988240982859089,1.0,1.0,1.0,1.0,402.0,0.0,0.0,0.07696104113612902,101.0,0.0,0.0,0.028170876966691415,0.0
harmonix/0086_escapade/track.npy,harmonix,0.9972041006523765,0.7906035253688517,0.7906035253688517,0.7906035253688517,0.9944237918215614,0.9944237918215614,0.9944237918215614,0.9944237918215614,1.0,0.7764387800028262,0.7764387800028262,0.7764387800028262,1.0,1.0,1.0,1.0,547.0,0.0,0.0,0.07696104113612678,137.0,0.0,0.0,0.019231361927889455,0.0
harmonix/0090_fearofthedarklive/track.npy,harmonix,0.908641975308642,0.8023049615703849,0.8023049615703849,0.8023049615703849,0.6473384030418251,0.8460076045627376,0.6473384030418251,0.8460076045627376,0.865612648221344,0.7553143367241992,0.7553143367241992,0.7553143367241992,0.6539923954372624,0.844106463878327,0.6539923954372624,0.844106463878327,1065.0,0.0,0.0,0.10536051565781486,266.0,0.0,0.0,0.0686476469387063,0.0
harmonix/0092_fergalicious/track.npy,harmonix,0.9991902834008096,0.9212284204972423,0.9212284204972423,0.9212284204972423,0.9983818770226537,0.9983818770226537,0.9983818770226537,0.9983818770226537,0.9967637540453074,0.9110489031995628,0.9110489031995628,0.9110489031995628,0.9935483870967742,0.9935483870967742,0.9935483870967742,0.9935483870967742,629.0,0.0,0.0,0.04445176257085626,158.0,0.0,0.0,0.021506205220974628,0.0
harmonix/0099_forgetyou/track.npy,harmonix,0.9978118161925601,0.8433619525709872,0.8433619525709872,0.8433619525709872,0.9956331877729258,0.9956331877729258,0.9956331877729258,0.9956331877729258,1.0,0.8322820048394083,0.8322820048394083,0.8322820048394083,1.0,1.0,1.0,1.0,468.0,0.0,0.0,0.042559614418878344,117.0,0.0,0.0,0.02127739844728551,0.0
harmonix/0101_galang/track.npy,harmonix,1.0,0.781074810610771,0.781074810610771,0.781074810610771,1.0,1.0,1.0,1.0,1.0,0.7627510645161064,0.7627510645161064,0.7627510645161064,1.0,1.0,1.0,1.0,227.0,0.0,0.0,0.033901551675698416,57.0,0.0,0.0,0.008438868645868958,0.0
harmonix/0104_getbusy/track.npy,harmonix,0.9980582524271845,0.7207465528604936,0.7207465528604936,0.7207465528604936,0.9961240310077519,0.9961240310077519,0.9961240310077519,0.9961240310077519,0.9922480620155039,0.695998342250379,0.695998342250379,0.695998342250379,0.9846153846153847,0.9846153846153847,0.9846153846153847,0.9846153846153847,267.0,0.0,0.0,0.06669137449867611,67.0,0.0,0.0,0.015007291922273257,0.0
harmonix/0108_getup/track.npy,harmonix,0.9803571428571428,0.8838940948855145,0.8838940948855145,0.8838940948855145,0.9680851063829787,0.9698581560283688,0.9680851063829787,0.9698581560283688,0.9785714285714285,0.8352737910610062,0.8352737910610062,0.8352737910610062,0.9645390070921985,0.9645390070921985,0.9645390070921985,0.9645390070921985,576.0,0.0,0.0,0.07410797215371356,144.0,0.0,0.0,0.027150989065951498,0.0
harmonix/0113_giveituptome/track.npy,harmonix,0.9914893617021276,0.7475555844845774,0.7475555844845774,0.7475555844845774,1.0,1.0,1.0,1.0,1.0,0.7195341731054816,0.7195341731054816,0.7195341731054816,1.0,1.0,1.0,1.0,243.0,0.0,0.0,0.06453852113757563,61.0,0.0,0.0,0.016000341346449343,0.0
harmonix/0125_hellogoodmorning/track.npy,harmonix,0.982078853046595,0.7261054103812102,0.7261054103812102,0.7261054103812102,0.996415770609319,0.996415770609319,0.996415770609319,0.996415770609319,0.9855072463768116,0.7962770728090116,0.7962770728090116,0.7962770728090116,1.0,1.0,1.0,1.0,288.0,0.0,0.0,0.06899287148696243,72.0,0.0,0.0,0.022306244159627772,0.0
harmonix/0129_hotinherre/track.npy,harmonix,0.9664694280078895,0.8352635439483779,0.8352635439483779,0.8352635439483779,0.9566929133858267,0.9606299212598425,0.9566929133858267,0.9606299212598425,0.953125,0.8224252167831969,0.8224252167831969,0.8224252167831969,0.96875,0.96875,0.96875,0.96875,261.0,0.0,0.0,0.07145896398218121,66.0,0.0,0.0,0.047403257624637984,0.0
harmonix/0130_hotstuff/track.npy,harmonix,1.0,0.7560318374641551,0.7560318374641551,0.7560318374641551,1.0,1.0,1.0,1.0,1.0,0.7481662454577314,0.7481662454577314,0.7481662454577314,1.0,1.0,1.0,1.0,282.0,0.0,0.0,0.0800427076735387,71.0,0.0,0.0,0.020121891073181096,0.0
harmonix/0137_iknowyouwantme/track.npy,harmonix,1.0,0.7566394833105821,0.7566394833105821,0.7566394833105821,1.0,1.0,1.0,1.0,1.0,0.7339156886493529,0.7339156886493529,0.7339156886493529,1.0,1.0,1.0,1.0,281.0,0.0,0.0,0.042748829234072985,71.0,0.0,0.0,0.010582109330542266,0.0
harmonix/0164_low/track.npy,harmonix,0.9984962406015038,0.6959184817158492,0.6959184817158492,0.6959184817158492,0.996996996996997,0.996996996996997,0.996996996996997,0.996996996996997,0.9940119760479043,0.641330669762985,0.641330669762985,0.641330669762985,0.9880952380952381,0.9880952380952381,0.9880952380952381,0.9880952380952381,343.0,0.0,0.0,0.04255961441881784,86.0,0.0,0.0,0.02127739844728762,0.0
harmonix/0167_makesomenoise/track.npy,harmonix,0.9760479041916169,0.9351202669757976,0.9351202669757976,0.9351202669757976,0.9702380952380952,0.9702380952380952,0.9702380952380952,0.9702380952380952,0.9820359281437125,0.9486594158695186,0.9486594158695186,0.9486594158695186,0.9880952380952381,0.9880952380952381,0.9880952380952381,0.9880952380952381,344.0,0.0,0.0,0.066691374498671,86.0,0.0,0.0,0.024662373703066995,0.0
harmonix/0173_massiveattack/track.npy,harmonix,0.711864406779661,0.5971493670225879,0.5971493670225879,0.5971493670225879,0.4124293785310734,0.711864406779661,0.4124293785310734,0.711864406779661,0.6888888888888889,0.5717915114229281,0.5717915114229281,0.5717915114229281,0.7555555555555555,0.7555555555555555,0.7555555555555555,0.7555555555555555,181.0,0.0,0.0,0.11441035117772307,46.0,0.0,0.0,0.26664767125548666,0.0
harmonix/0177_milkshake/track.npy,harmonix,1.0,0.8352307333294808,0.8352307333294808,0.8352307333294808,1.0,1.0,1.0,1.0,1.0,0.8422870818361751,0.8422870818361751,0.8422870818361751,1.0,1.0,1.0,1.0,261.0,0.0,0.0,0.07696104113611357,65.0,0.0,0.0,0.018868484304385646,0.0
harmonix/0190_newfang/track.npy,harmonix,0.8822695035460992,0.6833110306622266,0.6833110306622266,0.6833110306622266,0.34277620396600567,0.8611898016997167,0.34277620396600567,0.8611898016997167,0.7344632768361583,0.5583210136549817,0.5583210136549817,0.5583210136549817,0.7415730337078652,0.7865168539325843,0.7415730337078652,0.7865168539325843,360.0,0.0,0.0,0.06453852113756264,90.0,0.0,0.0,0.06714913357450963,0.0
harmonix/0200_oceansize/track.npy,harmonix,0.9495472186287193,0.8747345762698826,0.8747345762698826,0.8747345762698826,0.8817480719794345,0.922879177377892,0.8817480719794345,0.922879177377892,0.9326424870466321,0.8676302172212091,0.8676302172212091,0.8676302172212091,0.8865979381443299,0.9278350515463918,0.8865979381443299,0.9278350515463918,398.0,0.0,0.0,0.08455738802806534,100.0,0.0,0.0,0.09200688322207784,0.0
harmonix/0201_oh/track.npy,harmonix,1.0,0.7803487526875679,0.7803487526875679,0.7803487526875679,1.0,1.0,1.0,1.0,1.0,0.7943106725323252,0.7943106725323252,0.7943106725323252,1.0,1.0,1.0,1.0,358.0,0.0,0.0,0.09531017980433984,90.0,0.0,0.0,0.04820210181788098,0.0
harmonix/0223_reallove/track.npy,harmonix,1.0,0.7065310662681207,0.7065310662681207,0.7065310662681207,1.0,1.0,1.0,1.0,0.0,5.744722191808517e-202,0.7072020672248409,0.35360103361242046,0.0,0.0,0.9838709677419355,0.9838709677419355,256.0,0.0,0.0,0.06252035698138149,64.0,0.0,0.0,0.007905179507128546,0.0
harmonix/0226_rendezvu/track.npy,harmonix,0.9193899782135077,0.6006475551212739,0.6006475551212739,0.6006475551212739,0.8508064516129032,0.8508064516129032,0.8508064516129032,0.8508064516129032,0.9217391304347826,0.5707951641147513,0.5707951641147513,0.5707951641147513,0.8548387096774194,0.8548387096774194,0.8548387096774194,0.8548387096774194,260.0,0.0,0.0,0.09531017980432288,65.0,0.0,0.0,0.04281799805803927,0.0
harmonix/0239_sandm/track.npy,harmonix,0.9984447900466563,0.7426154123315524,0.7426154123315524,0.7426154123315524,0.9968944099378882,0.9968944099378882,0.9968944099378882,0.9968944099378882,1.0,0.7133802425360017,0.7133802425360017,0.7133802425360017,1.0,1.0,1.0,1.0,333.0,0.0,0.0,0.08701137698964323,83.0,0.0,0.0,0.010695289116768647,0.0
harmonix/0240_sandstorm/track.npy,harmonix,0.9963898916967509,0.7331265075852703,0.7331265075852703,0.7331265075852703,1.0,1.0,1.0,1.0,0.9857142857142858,0.7181983549639174,0.7181983549639174,0.7181983549639174,1.0,1.0,1.0,1.0,289.0,0.0,0.0,0.09097177820572647,73.0,0.0,0.0,0.02285888465113106,0.0
harmonix/0244_sayaah/track.npy,harmonix,1.0,0.8482835639947041,0.8482835639947041,0.8482835639947041,1.0,1.0,1.0,1.0,1.0,0.8283047173054369,0.8283047173054369,0.8283047173054369,1.0,1.0,1.0,1.0,209.0,0.0,0.0,0.06252035698132147,53.0,0.0,0.0,0.015504186535964304,0.0
harmonix/0245_sayhey/track.npy,harmonix,0.991404011461318,0.9291178883960709,0.9291178883960709,0.9291178883960709,0.9886039886039886,0.9886039886039886,0.9886039886039886,0.9886039886039886,0.9942857142857142,0.9127975408614805,0.9127975408614805,0.9127975408614805,0.9886363636363636,0.9886363636363636,0.9886363636363636,0.9886363636363636,358.0,0.0,0.0,0.06252035698136593,90.0,0.0,0.0,0.03295348122656521,0.0
harmonix/0266_straightup/track.npy,harmonix,1.0,0.8016029524875464,0.8016029524875464,0.8016029524875464,1.0,1.0,1.0,1.0,1.0,0.8060867996909148,0.8060867996909148,0.8060867996909148,1.0,1.0,1.0,1.0,245.0,0.0,0.0,0.06453852113758152,62.0,0.0,0.0,0.008032171697264778,0.0
harmonix/0283_thehumptydance/track.npy,harmonix,0.9962546816479401,0.7953205455639243,0.7953205455639243,0.7953205455639243,1.0,1.0,1.0,1.0,1.0,0.753464374573031,0.753464374573031,0.753464374573031,1.0,1.0,1.0,1.0,276.0,0.0,0.0,0.06899287148694999,69.0,0.0,0.0,0.017241806434513028,0.0
harmonix/0288_thewayiare/track.npy,harmonix,0.9914529914529915,0.635671879036574,0.635671879036574,0.635671879036574,0.9957264957264957,0.9957264957264957,0.9957264957264957,0.9957264957264957,0.9830508474576272,0.6473432044571528,0.6473432044571528,0.6473432044571528,1.0,1.0,1.0,1.0,245.0,0.0,0.0,0.07696104113613988,62.0,0.0,0.0,0.021635425290947332,0.0
harmonix/0305_wenospeakamericano/track.npy,harmonix,0.9657794676806084,0.707949011477281,0.707949011477281,0.707949011477281,0.9924242424242424,0.9924242424242424,0.9924242424242424,0.9924242424242424,0.9465648854961831,0.6939546202370461,0.6939546202370461,0.6939546202370461,0.9848484848484849,0.9848484848484849,0.9848484848484849,0.9848484848484849,274.0,0.0,0.0,0.08338160893906008,69.0,0.0,0.0,0.020987612509335316,0.0
harmonix/0309_whatsmyname/track.npy,harmonix,1.0,0.7954978913083187,0.7954978913083187,0.7954978913083187,1.0,1.0,1.0,1.0,1.0,0.8028561742943696,0.8028561742943696,0.8028561742943696,1.0,1.0,1.0,1.0,254.0,0.0,0.0,0.06669137449868245,64.0,0.0,0.0,0.016667052485214273,0.0
harmonix/0311_whipmyhair/track.npy,harmonix,0.9782608695652174,0.7927527820765251,0.7927527820765251,0.7927527820765251,1.0,1.0,1.0,1.0,0.9782608695652174,0.7339502012205529,0.7339502012205529,0.7339502012205529,1.0,1.0,1.0,1.0,191.0,0.0,0.0,0.08223809823696543,48.0,0.0,0.0,0.011910730309433404,0.0
harmonix/0318_windup/track.npy,harmonix,0.996774193548387,0.9169567305739501,0.9169567305739501,0.9169567305739501,0.9935691318327974,0.9935691318327974,0.9935691318327974,0.9935691318327974,0.9299363057324842,0.8638310194640378,0.8638310194640378,0.8638310194640378,0.6708860759493671,0.9113924050632911,0.6708860759493671,0.9113924050632911,322.0,0.0,0.0,0.08338160893905,80.0,0.0,0.0,0.03208831455150929,0.0
harmonix/0323_yeah/track.npy,harmonix,1.0,0.8073891029756741,0.8073891029756741,0.8073891029756741,1.0,1.0,1.0,1.0,1.0,0.8458857690815966,0.8458857690815966,0.8458857690815966,1.0,1.0,1.0,1.0,227.0,0.0,0.0,0.03509131981131297,57.0,0.0,0.0,0.008733679968758956,0.0
harmonix/0335_allyourlife/track.npy,harmonix,0.6867305061559509,0.6338625148399257,0.8305464267041339,0.7322044707720299,0.06396588486140725,0.10660980810234541,0.6755725190839694,0.7404580152671756,0.6010928961748634,0.5382013205302277,0.6809914868074004,0.6095964036688141,0.05128205128205128,0.05128205128205128,0.6666666666666666,0.6666666666666666,273.0,0.0,0.0,0.08894748601649441,69.0,0.0,0.0,0.28793403136862294,0.0
harmonix/0345_beinlovetonight/track.npy,harmonix,0.9947916666666666,0.868190650772894,0.868190650772894,0.868190650772894,0.9896373056994818,0.9896373056994818,0.9896373056994818,0.9896373056994818,0.9948186528497409,0.8547154775469517,0.8547154775469517,0.8547154775469517,0.9896907216494846,0.9896907216494846,0.9896907216494846,0.9896907216494846,397.0,0.0,0.0,0.042559614418878344,100.0,0.0,0.0,0.010695289116753454,0.0
harmonix/0346_birthdaydress/track.npy,harmonix,0.9791376912378302,0.8112134053890341,0.8112134053890341,0.8112134053890341,0.9972222222222222,0.9972222222222222,0.9972222222222222,0.9972222222222222,0.9608938547486034,0.806432056027903,0.806432056027903,0.806432056027903,0.9888888888888889,0.9888888888888889,0.9888888888888889,0.9888888888888889,369.0,0.0,0.0,0.07410797215372313,93.0,0.0,0.0,0.03620379032703547,0.0
harmonix/0349_blow/track.npy,harmonix,0.9761904761904762,0.9026165629540909,0.9026165629540909,0.9026165629540909,0.76,0.971764705882353,0.76,0.971764705882353,0.9714285714285713,0.8668224677073512,0.8668224677073512,0.8668224677073512,0.9811320754716981,0.9811320754716981,0.9811320754716981,0.9811320754716981,435.0,0.0,0.0,0.08004270767353472,109.0,0.0,0.0,0.02648946762209146,0.0
harmonix/0352_boogiewonderland/track.npy,harmonix,0.9991915925626517,0.9643863671088727,0.9643863671088727,0.9643863671088727,0.9983844911147012,0.9983844911147012,0.9983844911147012,0.9983844911147012,0.9967637540453074,0.9744644407623917,0.9744644407623917,0.9744644407623917,0.9935483870967742,0.9935483870967742,0.9935483870967742,0.9935483870967742,629.0,0.0,0.0,0.08701137698964323,158.0,0.0,0.0,0.021978906718774727,0.0
harmonix/0360_coolerthanme/track.npy,harmonix,0.9887892376681614,0.9009360906809512,0.9009360906809512,0.9009360906809512,0.9778270509977827,0.9778270509977827,0.9778270509977827,0.9778270509977827,0.9865470852017937,0.8688886394520398,0.8688886394520398,0.8688886394520398,0.9734513274336283,0.9734513274336283,0.9734513274336283,0.9734513274336283,462.0,0.0,0.0,0.08701137698964323,116.0,0.0,0.0,0.021588028716368512,0.0
harmonix/0361_countrymustbecountrywide/track.npy,harmonix,0.9692982456140351,0.9263690208726799,0.9263690208726799,0.9263690208726799,0.7532467532467533,0.948051948051948,0.7532467532467533,0.948051948051948,0.9739130434782608,0.9334271104013624,0.9334271104013624,0.9334271104013624,0.7586206896551724,0.9482758620689655,0.7586206896551724,0.9482758620689655,238.0,0.0,0.0,0.0764798156008768,60.0,0.0,0.0,0.026528319681582917,0.0
harmonix/0366_domino/track.npy,harmonix,0.9511677282377919,0.9099194328774285,0.9099194328774285,0.9099194328774285,0.733615221987315,0.9471458773784355,0.733615221987315,0.9471458773784355,0.9535864978902954,0.9056855215124523,0.9056855215124523,0.9056855215124523,0.9915966386554622,0.9915966386554622,0.9915966386554622,0.9915966386554622,484.0,0.0,0.0,0.08338160893904922,121.0,0.0,0.0,0.020640767172755356,0.0
harmonix/0370_downonme/track.npy,harmonix,0.9639794168096055,0.8739478091437134,0.8739478091437134,0.8739478091437134,0.962457337883959,0.962457337883959,0.962457337883959,0.962457337883959,0.958904109589041,0.848079344083134,0.848079344083134,0.848079344083134,1.0,1.0,1.0,1.0,300.0,0.0,0.0,0.08004270767353944,75.0,0.0,0.0,0.029642026669870192,0.0
harmonix/0375_dynamite/track.npy,harmonix,0.7768595041322314,0.6858534790954548,0.6858534790954548,0.6858534790954548,0.25462962962962965,0.7453703703703703,0.25462962962962965,0.7453703703703703,0.7452830188679245,0.6470342462029792,0.6470342462029792,0.6470342462029792,0.26851851851851855,0.7314814814814815,0.26851851851851855,0.7314814814814815,442.0,0.0,0.0,0.09531017980430556,111.0,0.0,0.0,0.17395330712344328,0.0
harmonix/0378_effinperfect/track.npy,harmonix,0.9839228295819935,0.8969403942813635,0.8969403942813635,0.8969403942813635,0.9746031746031746,0.9746031746031746,0.9746031746031746,0.9746031746031746,0.9871794871794872,0.905882283770197,0.905882283770197,0.905882283770197,0.9746835443037974,0.9746835443037974,0.9746835443037974,0.9746835443037974,322.0,0.0,0.0,0.06453852113755983,81.0,0.0,0.0,0.038683397781833176,0.0
harmonix/0395_gold/track.npy,harmonix,0.9891304347826086,0.9419977804858115,0.9419977804858115,0.9419977804858115,0.9891696750902527,0.9891696750902527,0.9891696750902527,0.9891696750902527,0.9927007299270074,0.9168467192743995,0.9168467192743995,0.9168467192743995,0.9855072463768116,0.9855072463768116,0.9855072463768116,0.9855072463768116,285.0,0.0,0.0,0.06453852113755787,71.0,0.0,0.0,0.016000341346449343,0.0
harmonix/0396_goodfeeling/track.npy,harmonix,0.99609375,0.8677182450950843,0.8677182450950843,0.8677182450950843,0.9922178988326849,0.9922178988326849,0.9922178988326849,0.9922178988326849,0.9961089494163424,0.8412230230068881,0.8412230230068881,0.8412230230068881,0.9922480620155039,0.9922480620155039,0.9922480620155039,0.9922480620155039,525.0,0.0,0.0,0.08338160893909552,132.0,0.0,0.0,0.021277398447286905,0.0
harmonix/0410_idontwantthisnighttoend/track.npy,harmonix,0.9833546734955185,0.8429232213830804,0.8429232213830804,0.8429232213830804,0.9672544080604534,0.9672544080604534,0.9672544080604534,0.9672544080604534,0.9846153846153847,0.866878231287979,0.866878231287979,0.866878231287979,0.9696969696969697,0.9696969696969697,0.9696969696969697,0.9696969696969697,406.0,0.0,0.0,0.07410797215373355,102.0,0.0,0.0,0.018692133012162764,0.0
harmonix/0416_impossible/track.npy,harmonix,0.9969325153374233,0.9023071902894961,0.9023071902894961,0.9023071902894961,0.9938837920489296,0.9938837920489296,0.9938837920489296,0.9938837920489296,1.0,0.899899968059229,0.899899968059229,0.899899968059229,1.0,1.0,1.0,1.0,335.0,0.0,0.0,0.07231676498465901,84.0,0.0,0.0,0.02210110692767345,0.0
harmonix/0418_inthedark/track.npy,harmonix,0.9978213507625272,0.9434842177449339,0.9434842177449339,0.9434842177449339,0.9956521739130435,0.9956521739130435,0.9956521739130435,0.9956521739130435,1.0,0.9454809203471986,0.9454809203471986,0.9454809203471986,1.0,1.0,1.0,1.0,471.0,0.0,0.0,0.08338160893904922,118.0,0.0,0.0,0.01306199662618504,0.0
harmonix/0419_itgirl/track.npy,harmonix,0.9801801801801802,0.9244191009943072,0.9244191009943072,0.9244191009943072,0.9680851063829787,0.9680851063829787,0.9680851063829787,0.9680851063829787,0.9857142857142858,0.9402071379558631,0.9402071379558631,0.9402071379558631,0.971830985915493,0.971830985915493,0.971830985915493,0.971830985915493,290.0,0.0,0.0,0.09237332013101113,73.0,0.0,0.0,0.023078288753111964,0.0
harmonix/0420_itsrainingmen/track.npy,harmonix,0.9891774891774892,0.9119417832807243,0.9119417832807243,0.9119417832807243,0.9785867237687366,0.9785867237687366,0.9785867237687366,0.9785867237687366,0.9913793103448275,0.9261141886997151,0.9261141886997151,0.9261141886997151,0.9829059829059829,0.9829059829059829,0.9829059829059829,0.9829059829059829,479.0,0.0,0.0,0.09097177820572518,120.0,0.0,0.0,0.022728251077555606,0.0
harmonix/0423_iwannago/track.npy,harmonix,0.9909297052154195,0.9241604074816527,0.9241604074816527,0.9241604074816527,0.9909297052154195,0.9909297052154195,0.9909297052154195,0.9909297052154195,0.990990990990991,0.9003570896323725,0.9003570896323725,0.9003570896323725,1.0,1.0,1.0,1.0,452.0,0.0,0.0,0.08701137698961359,113.0,0.0,0.0,0.010810916104221135,0.0
harmonix/0428_kingofanything/track.npy,harmonix,0.9114249037227213,0.7636161129466081,0.7636161129466081,0.7636161129466081,0.4811083123425693,0.8967254408060453,0.4811083123425693,0.8967254408060453,0.8350515463917525,0.6959008560069705,0.6959008560069705,0.6959008560069705,0.5353535353535354,0.8888888888888888,0.5353535353535354,0.8888888888888888,407.0,0.0,0.0,0.08004270767357176,102.0,0.0,0.0,0.04699848818570435,0.0
harmonix/0431_letitrain/track.npy,harmonix,0.9893238434163701,0.9131236501617379,0.9131236501617379,0.9131236501617379,0.9858657243816255,0.9858657243816255,0.9858657243816255,0.9858657243816255,0.9787234042553192,0.8923990279754408,0.8923990279754408,0.8923990279754408,0.9859154929577465,0.9859154929577465,0.9859154929577465,0.9859154929577465,289.0,0.0,0.0,0.06941030126563852,73.0,0.0,0.0,0.02944673937599418,0.0
harmonix/0432_letsgo/track.npy,harmonix,0.9869281045751634,0.9326320107137941,0.9326320107137941,0.9326320107137941,0.978448275862069,0.978448275862069,0.978448275862069,0.978448275862069,0.9826086956521738,0.9240953560974128,0.9240953560974128,0.9240953560974128,0.9827586206896551,0.9827586206896551,0.9827586206896551,0.9827586206896551,475.0,0.0,0.0,0.08338160893904922,119.0,0.0,0.0,0.021506205220959362,0.0
harmonix/0433_lighters/track.npy,harmonix,0.984198645598194,0.8879676637837746,0.8879676637837746,0.8879676637837746,0.9732739420935412,0.9732739420935412,0.9732739420935412,0.9732739420935412,0.9865470852017937,0.9296036393434253,0.9296036393434253,0.9296036393434253,0.9734513274336283,0.9734513274336283,0.9734513274336283,0.9734513274336283,457.0,0.0,0.0,0.0896121586896903,115.0,0.0,0.0,0.022472855852058847,0.0
harmonix/0444_maybe/track.npy,harmonix,0.9776951672862454,0.9457881950789822,0.9457881950789822,0.9457881950789822,0.9635036496350365,0.9635036496350365,0.9635036496350365,0.9635036496350365,0.9777777777777777,0.9530674018137627,0.9530674018137627,0.9530674018137627,0.9565217391304348,0.9565217391304348,0.9565217391304348,0.9565217391304348,281.0,0.0,0.0,0.05715841383994796,71.0,0.0,0.0,0.01398624197473879,0.0
harmonix/0466_onthedarkside/track.npy,harmonix,0.8392638036809816,0.5575320511874639,0.5575320511874639,0.5575320511874639,0.14617169373549885,0.6032482598607889,0.15885416666666666,0.6032482598607889,0.8627450980392156,0.5790676077960956,0.5790676077960956,0.5790676077960956,0.7129629629629629,0.7129629629629629,0.7129629629629629,0.7129629629629629,391.0,0.0,0.0,0.11778303565638755,97.0,0.0,0.0,0.047126401271002226,0.0
harmonix/0467_onthefloor/track.npy,harmonix,1.0,0.974263484447094,0.974263484447094,0.974263484447094,1.0,1.0,1.0,1.0,1.0,0.9825456664037356,0.9825456664037356,0.9825456664037356,1.0,1.0,1.0,1.0,463.0,0.0,0.0,0.08701137698964323,116.0,0.0,0.0,0.010810916104231516,0.0
harmonix/0472_partofme/track.npy,harmonix,0.9910313901345292,0.7645494742110915,0.7645494742110915,0.7645494742110915,0.9822222222222222,0.9822222222222222,0.9822222222222222,0.9822222222222222,0.9910714285714286,0.8118594153570464,0.8118594153570464,0.8118594153570464,0.9823008849557522,0.9823008849557522,0.9823008849557522,0.9823008849557522,461.0,0.0,0.0,0.08701137698963293,116.0,0.0,0.0,0.010810916104236568,0.0
harmonix/0482_redsolocup/track.npy,harmonix,0.9507908611599298,0.8174499346848509,0.8174499346848509,0.8174499346848509,0.5570934256055363,0.9342560553633218,0.5570934256055363,0.9342560553633218,0.9084507042253521,0.7990883215758319,0.7990883215758319,0.7990883215758319,0.5833333333333334,0.9236111111111112,0.5833333333333334,0.9236111111111112,591.0,0.0,0.0,0.1112256351102221,148.0,0.0,0.0,0.041244410752220795,0.0
harmonix/0483_ridinsolo/track.npy,harmonix,0.9983193277310924,0.9270400331850427,0.9270400331850427,0.9270400331850427,0.9966442953020134,0.9966442953020134,0.9966442953020134,0.9966442953020134,1.0,0.9275015149677798,0.9275015149677798,0.9275015149677798,1.0,1.0,1.0,1.0,305.0,0.0,0.0,0.06062462181644401,76.0,0.0,0.0,0.015077752044161324,0.0
harmonix/0486_rundatback/track.npy,harmonix,0.9956140350877193,0.9398174868562623,0.9398174868562623,0.9398174868562623,0.9912663755458515,0.9912663755458515,0.9912663755458515,0.9912663755458515,0.9956331877729258,0.9162778098853966,0.9162778098853966,0.9162778098853966,0.991304347826087,0.991304347826087,0.991304347826087,0.991304347826087,469.0,0.0,0.0,0.08701137698964323,118.0,0.0,0.0,0.021739986636416964,0.0
harmonix/0511_theonlyexception/track.npy,harmonix,0.979557069846678,0.7955223117640436,0.7955223117640436,0.7955223117640436,0.9746192893401016,0.9746192893401016,0.9746192893401016,0.9746192893401016,0.6508474576271187,0.5202318191675211,0.7761227464217535,0.6481772827946373,0.0,0.0,0.9847715736040609,0.9847715736040609,603.0,0.0,0.0,0.09097177820573987,201.0,0.0,0.0,0.04652001563487232,0.0
harmonix/0520_tonight/track.npy,harmonix,0.9978768577494692,0.7920766336652482,0.7920766336652482,0.7920766336652482,0.9957627118644068,0.9957627118644068,0.9957627118644068,0.9957627118644068,0.9957446808510638,0.7686779158492401,0.7686779158492401,0.7686779158492401,0.9915254237288136,0.9915254237288136,0.9915254237288136,0.9915254237288136,482.0,0.0,0.0,0.08338160893904922,121.0,0.0,0.0,0.010471299867308959,0.0
harmonix/0521_tooclose/track.npy,harmonix,0.9646365422396858,0.9147451369393335,0.9147451369393335,0.9147451369393335,0.7325581395348837,0.9554263565891473,0.7325581395348837,0.9554263565891473,0.9725490196078431,0.9224174757631989,0.9224174757631989,0.9224174757631989,0.9767441860465116,0.9767441860465116,0.9767441860465116,0.9767441860465116,527.0,0.0,0.0,0.08338160893906466,132.0,0.0,0.0,0.03769470217189434,0.0
harmonix/0525_venus/track.npy,harmonix,0.9988518943742823,0.8566158878176361,0.8566158878176361,0.8566158878176361,0.9977064220183486,0.9977064220183486,0.9977064220183486,0.9977064220183486,1.0,0.8350305439383896,0.8350305439383896,0.8350305439383896,1.0,1.0,1.0,1.0,447.0,0.0,0.0,0.08338160893903379,112.0,0.0,0.0,0.010471299867300776,0.0
harmonix/0541_youdroppedabombonme/track.npy,harmonix,0.9807106598984772,0.8294256691900325,0.8294256691900325,0.8294256691900325,0.9779116465863453,0.9779116465863453,0.9779116465863453,0.9779116465863453,0.975609756097561,0.8024282516469691,0.8024282516469691,0.8024282516469691,0.9838709677419355,0.9838709677419355,0.9838709677419355,0.9838709677419355,508.0,0.0,0.0,0.08338160893903379,127.0,0.0,0.0,0.021053409197843043,0.0
harmonix/0542_yougetwhatyougive/track.npy,harmonix,0.9990393852065321,0.9501518816214977,0.9501518816214977,0.9501518816214977,0.9980806142034548,0.9980806142034548,0.9980806142034548,0.9980806142034548,1.0,0.9487536054010359,0.9487536054010359,0.9487536054010359,1.0,1.0,1.0,1.0,531.0,0.0,0.0,0.03774032798291993,133.0,0.0,0.0,0.028437935320534513,0.0
harmonix/0551_accordingtoyou/track.npy,harmonix,0.983050847457627,0.9128872211568538,0.9128872211568538,0.9128872211568538,0.9569377990430622,0.9736842105263158,0.9569377990430622,0.9736842105263158,0.9758454106280193,0.8947814281615682,0.8947814281615682,0.8947814281615682,0.9714285714285714,0.9714285714285714,0.9714285714285714,0.9714285714285714,429.0,0.0,0.0,0.08701137698962769,108.0,0.0,0.0,0.021978906718776697,0.0
harmonix/0553_alivefeatthegoodnatured/track.npy,harmonix,1.0,0.7305099904514011,0.7305099904514011,0.7305099904514011,1.0,1.0,1.0,1.0,1.0,0.6765086014277336,0.6765086014277336,0.6765086014277336,1.0,1.0,1.0,1.0,593.0,0.0,0.0,0.08701137698964323,149.0,0.0,0.0,0.010695289116753548,0.0
harmonix/0565_americanhoney/track.npy,harmonix,0.9869281045751634,0.9308778725258428,0.9308778725258428,0.9308778725258428,0.9741935483870968,0.9741935483870968,0.9741935483870968,0.9741935483870968,0.9870129870129869,0.9229829545495603,0.9229829545495603,0.9229829545495603,0.9743589743589743,0.9743589743589743,0.9743589743589743,0.9743589743589743,317.0,0.0,0.0,0.05715841383995214,80.0,0.0,0.0,0.014301374278185218,0.0
harmonix/0566_americanwoman/track.npy,harmonix,0.9870967741935484,0.9459519959426916,0.9459519959426916,0.9459519959426916,0.9745222929936306,0.9745222929936306,0.9745222929936306,0.9745222929936306,0.9871794871794872,0.9728059098835757,0.9728059098835757,0.9728059098835757,0.9746835443037974,0.9746835443037974,0.9746835443037974,0.9746835443037974,321.0,0.0,0.0,0.05556985115483937,81.0,0.0,0.0,0.007017572658650106,0.0
harmonix/0567_anythingcouldhappen/track.npy,harmonix,0.9905163329820865,0.9260051552084773,0.9260051552084773,0.9260051552084773,0.989517819706499,0.989517819706499,0.989517819706499,0.989517819706499,0.9873417721518987,0.9180308400135966,0.9180308400135966,0.9180308400135966,0.9915966386554622,0.9915966386554622,0.9915966386554622,0.9915966386554622,486.0,0.0,0.0,0.06899287148694977,122.0,0.0,0.0,0.01724180643450899,0.0
harmonix/0568_apologize/track.npy,harmonix,0.6410748560460653,0.6117080398083693,0.9045029462323072,0.7581054930203383,0.0,0.0,0.9460227272727273,0.9460227272727273,0.6356589147286822,0.6063082228036143,0.8937355600069683,0.7500218914052913,0.0,0.0,0.7159090909090909,0.8977272727272727,362.0,0.0,0.0,0.08004270767355036,91.0,0.0,0.0,0.029558802241542836,0.0
harmonix/0573_babyludacris/track.npy,harmonix,0.9787234042553192,0.9347148867341476,0.9347148867341476,0.9347148867341476,0.9626373626373627,0.9626373626373627,0.9626373626373627,0.9626373626373627,0.9732142857142858,0.9263800460349225,0.9263800460349225,0.9263800460349225,0.9649122807017544,0.9649122807017544,0.9649122807017544,0.9649122807017544,466.0,0.0,0.0,0.08701137698962036,117.0,0.0,0.0,0.014835195298994491,0.0
harmonix/0574_badromanceappboyz/track.npy,harmonix,0.9969418960244648,0.9781639128775218,0.9781639128775218,0.9781639128775218,0.9939024390243902,0.9939024390243902,0.9939024390243902,0.9939024390243902,1.0,0.9849564917985056,0.9849564917985056,0.9849564917985056,1.0,1.0,1.0,1.0,503.0,0.0,0.0,0.0870113769896318,125.0,0.0,0.0,0.010810916104221135,0.0
harmonix/0593_blameitradioedit/track.npy,harmonix,0.9932705248990579,0.9260981855831556,0.9260981855831556,0.9260981855831556,0.9866310160427807,0.9866310160427807,0.9866310160427807,0.9866310160427807,0.9946524064171123,0.9166666057057119,0.9166666057057119,0.9166666057057119,0.9893617021276596,0.9893617021276596,0.9893617021276596,0.9893617021276596,382.0,0.0,0.0,0.06062462181642187,96.0,0.0,0.0,0.007326040092076713,0.0
harmonix/0610_castle/track.npy,harmonix,0.9352226720647773,0.8743875805507253,0.8743875805507253,0.8743875805507253,0.64,0.936,0.64,0.936,0.9311740890688259,0.8746665706628673,0.8746665706628673,0.8746665706628673,0.976,0.976,0.976,0.976,510.0,0.0,0.0,0.08004270767357746,128.0,0.0,0.0,0.030234106173918696,0.0
harmonix/0621_clubcanthandleme/track.npy,harmonix,0.9874213836477987,0.8773040691193472,0.8773040691193472,0.8773040691193472,0.9751552795031055,0.9751552795031055,0.9751552795031055,0.9751552795031055,0.9874476987447699,0.848320147154831,0.848320147154831,0.848320147154831,0.9752066115702479,0.9752066115702479,0.9752066115702479,0.9752066115702479,493.0,0.0,0.0,0.08701137698961359,124.0,0.0,0.0,0.021277398447288015,0.0
harmonix/0630_crushcrushcrush/track.npy,harmonix,0.9810844892812107,0.6655329310494209,0.6655329310494209,0.6655329310494209,0.7537688442211056,0.9899497487437185,0.7537688442211056,0.9899497487437185,0.9797979797979798,0.6767202186467041,0.6767202186467041,0.6767202186467041,1.0,1.0,1.0,1.0,410.0,0.0,0.0,0.09097177820577373,102.0,0.0,0.0,0.0346855579878913,0.0
harmonix/0653_dynamite/track.npy,harmonix,0.8876636802205375,0.7704865787114171,0.7704865787114171,0.7704865787114171,0.29098360655737704,0.8743169398907104,0.29098360655737704,0.8743169398907104,0.7107438016528925,0.5993084692977312,0.5993084692977312,0.5993084692977312,0.29508196721311475,0.7103825136612022,0.29508196721311475,0.7103825136612022,742.0,0.0,0.0,0.08004270767352051,186.0,0.0,0.0,0.09149021042677971,0.0
harmonix/0654_dynamitemixinmarc/track.npy,harmonix,0.8326947637292466,0.6602774505227259,0.6602774505227259,0.6602774505227259,0.28,0.8,0.28,0.8,0.806122448979592,0.6006899303175569,0.6006899303175569,0.6006899303175569,0.29,0.81,0.29,0.81,410.0,0.0,0.0,0.09531017980430556,103.0,0.0,0.0,0.16612687087398015,0.0
harmonix/0661_everythingaboutyou/track.npy,harmonix,0.9845474613686535,0.8944376305035213,0.8944376305035213,0.8944376305035213,0.9737991266375546,0.9737991266375546,0.9737991266375546,0.9737991266375546,0.9911504424778761,0.8729893418752662,0.8729893418752662,0.8729893418752662,0.9824561403508771,0.9824561403508771,0.9824561403508771,0.9824561403508771,469.0,0.0,0.0,0.087011376989641,117.0,0.0,0.0,0.02173998663640624,0.0
harmonix/0668_fallinganthem/track.npy,harmonix,1.0,0.9552079431533753,0.9552079431533753,0.9552079431533753,1.0,1.0,1.0,1.0,1.0,0.9434411275136028,0.9434411275136028,0.9434411275136028,1.0,1.0,1.0,1.0,560.0,0.0,0.0,0.08701137698962617,140.0,0.0,0.0,0.021277398447266734,0.0
harmonix/0693_gold/track.npy,harmonix,0.96602658788774,0.912368233692743,0.912368233692743,0.912368233692743,0.9498525073746312,0.9498525073746312,0.9498525073746312,0.9498525073746312,0.9647058823529412,0.9263272932186515,0.9263272932186515,0.9263272932186515,0.9529411764705882,0.9529411764705882,0.9529411764705882,0.9529411764705882,346.0,0.0,0.0,0.0845573880280651,87.0,0.0,0.0,0.021630438469141255,0.0
harmonix/0697_goodlife/track.npy,harmonix,0.9737742303306728,0.7825865271036773,0.7825865271036773,0.7825865271036773,0.40540540540540543,0.9684684684684685,0.40540540540540543,0.9684684684684685,0.9727272727272728,0.7621289225315812,0.7621289225315812,0.7621289225315812,0.9819819819819819,0.9819819819819819,0.9819819819819819,0.9819819819819819,455.0,0.0,0.0,0.08701137698961359,113.0,0.0,0.0,0.026578091434894757,0.0
harmonix/0698_goodtime/track.npy,harmonix,0.9313725490196079,0.8527899912163878,0.8527899912163878,0.8527899912163878,0.9130434782608695,0.9130434782608695,0.9130434782608695,0.9130434782608695,0.9215686274509804,0.8349889562371468,0.8349889562371468,0.8349889562371468,0.941747572815534,0.941747572815534,0.941747572815534,0.941747572815534,424.0,0.0,0.0,0.08338160893906466,106.0,0.0,0.0,0.041593181126939535,0.0
harmonix/0701_gottabeyou/track.npy,harmonix,0.869701726844584,0.8156032497840929,0.8156032497840929,0.8156032497840929,0.7560240963855421,0.8463855421686747,0.7560240963855421,0.8463855421686747,0.8679245283018868,0.8321561250001247,0.8321561250001247,0.8321561250001247,0.9156626506024096,0.9156626506024096,0.9156626506024096,0.9156626506024096,339.0,0.0,0.0,0.08455738802810714,85.0,0.0,0.0,0.034199127910073165,0.0
harmonix/0708_haloradioedit/track.npy,harmonix,0.9982788296041308,0.9371264558849564,0.9371264558849564,0.9371264558849564,0.9965635738831615,0.9965635738831615,0.9965635738831615,0.9965635738831615,1.0,0.9249361965104382,0.9249361965104382,0.9249361965104382,1.0,1.0,1.0,1.0,298.0,0.0,0.0,0.08004270767353527,75.0,0.0,0.0,0.02012162075749475,0.0
harmonix/0709_hangingon/track.npy,harmonix,0.8009478672985781,0.5974556070221135,0.5974556070221135,0.5974556070221135,0.7757847533632287,0.7757847533632287,0.7757847533632287,0.7757847533632287,0.8113207547169812,0.5647897384440501,0.5647897384440501,0.5647897384440501,0.7678571428571429,0.7678571428571429,0.7678571428571429,0.7678571428571429,202.0,0.0,0.0,0.07061756721392358,51.0,0.0,0.0,0.11001947435954969,0.0
harmonix/0721_holdup/track.npy,harmonix,0.9886039886039886,0.9100654730669241,0.9100654730669241,0.9100654730669241,0.9774647887323944,0.9774647887323944,0.9774647887323944,0.9774647887323944,0.9886363636363636,0.9010501682374834,0.9010501682374834,0.9010501682374834,0.9775280898876404,0.9775280898876404,0.9775280898876404,0.9775280898876404,365.0,0.0,0.0,0.0870113769896318,92.0,0.0,0.0,0.021506205220971065,0.0
harmonix/0730_hurtssogood/track.npy,harmonix,0.9935649935649936,0.9558078975694209,0.9558078975694209,0.9558078975694209,0.9948586118251928,0.9948586118251928,0.9948586118251928,0.9948586118251928,1.0,0.9543517208085673,0.9543517208085673,0.9543517208085673,1.0,1.0,1.0,1.0,399.0,0.0,0.0,0.08701137698962977,99.0,0.0,0.0,0.021277398447281402,0.0
harmonix/0732_idontwannabeinlove/track.npy,harmonix,0.9956140350877193,0.9494762963383432,0.9494762963383432,0.9494762963383432,0.9912663755458515,0.9912663755458515,0.9912663755458515,0.9912663755458515,0.9956331877729258,0.9251735955658809,0.9251735955658809,0.9251735955658809,0.991304347826087,0.991304347826087,0.991304347826087,0.991304347826087,469.0,0.0,0.0,0.08338160893905111,118.0,0.0,0.0,0.02083408690284233,0.0
harmonix/0745_immabewolf/track.npy,harmonix,0.9774096385542168,0.8545340251855903,0.8545340251855903,0.8545340251855903,0.551051051051051,0.975975975975976,0.551051051051051,0.975975975975976,0.972972972972973,0.880589212739447,0.880589212739447,0.880589212739447,0.5568862275449101,0.9820359281437125,0.5568862275449101,0.9820359281437125,677.0,0.0,0.0,0.08701137698961359,170.0,0.0,0.0,0.03208831455150163,0.0
harmonix/0747_imreal/track.npy,harmonix,0.9868995633187774,0.914798990363772,0.914798990363772,0.914798990363772,0.7710144927536232,0.9884057971014493,0.7710144927536232,0.9884057971014493,0.9883720930232558,0.9233227471629748,0.9233227471629748,0.9233227471629748,1.0,1.0,1.0,1.0,352.0,0.0,0.0,0.05715841383994512,88.0,0.0,0.0,0.020870511476587195,0.0
harmonix/0766_justdance/track.npy,harmonix,0.9956616052060737,0.8615266780084788,0.8615266780084788,0.8615266780084788,0.9913606911447084,0.9913606911447084,0.9913606911447084,0.9913606911447084,0.9956709956709957,0.863408182469226,0.863408182469226,0.863408182469226,0.9913793103448276,0.9913793103448276,0.9913793103448276,0.9913793103448276,473.0,0.0,0.0,0.08004270767346344,119.0,0.0,0.0,0.019802627296176566,0.0
harmonix/0771_kisskissmainversion/track.npy,harmonix,0.9228070175438596,0.8049126522542223,0.8049126522542223,0.8049126522542223,0.9163763066202091,0.9303135888501742,0.9163763066202091,0.9303135888501742,0.9295774647887324,0.8339426623885204,0.8339426623885204,0.8339426623885204,0.9859154929577465,0.9859154929577465,0.9859154929577465,0.9859154929577465,294.0,0.0,0.0,0.08476953818803741,73.0,0.0,0.0,0.024079835845716602,0.0
harmonix/0784_lightweight/track.npy,harmonix,0.6570135746606335,0.6123114874811271,0.9041868036342554,0.7582491455576912,0.0,0.0,0.8243243243243243,0.9702702702702702,0.967479674796748,0.9015359950260142,0.9015359950260142,0.9015359950260142,0.8373983739837398,0.991869918699187,0.8373983739837398,0.991869918699187,378.0,0.0,0.0,0.06453852113757261,126.0,0.0,0.0,0.03986976193666678,0.0
harmonix/0792_lovedrunk/track.npy,harmonix,0.9659735349716447,0.9211566205472551,0.9211566205472551,0.9211566205472551,0.9341864716636198,0.9341864716636198,0.9341864716636198,0.9341864716636198,0.9660377358490566,0.9208799384155819,0.9208799384155819,0.9208799384155819,0.9343065693430657,0.9343065693430657,0.9343065693430657,0.9343065693430657,555.0,0.0,0.0,0.10008345855699852,139.0,0.0,0.0,0.025001302205421183,0.0
harmonix/0801_lovesong/track.npy,harmonix,0.992094861660079,0.9301910192504123,0.9301910192504123,0.9301910192504123,0.9882121807465619,0.9882121807465619,0.9882121807465619,0.9882121807465619,0.9960474308300395,0.9355095004665234,0.9355095004665234,0.9355095004665234,0.9921259842519685,0.9921259842519685,0.9921259842519685,0.9921259842519685,519.0,0.0,0.0,0.08338160893903379,130.0,0.0,0.0,0.027015235386022428,0.0
harmonix/0807_makemebetter/track.npy,harmonix,0.9986013986013986,0.8967821308749575,0.8967821308749575,0.8967821308749575,0.9972067039106145,0.9972067039106145,0.9972067039106145,0.9972067039106145,1.0,0.8805451296300316,0.8805451296300316,0.8805451296300316,1.0,1.0,1.0,1.0,366.0,0.0,0.0,0.08701137698963296,92.0,0.0,0.0,0.021661496781180244,0.0
harmonix/0808_makethemoney/track.npy,harmonix,0.9777777777777777,0.8746025691059326,0.8746025691059326,0.8746025691059326,0.9873817034700315,0.9873817034700315,0.9873817034700315,0.9873817034700315,0.9746835443037974,0.8584629360781498,0.8584629360781498,0.8584629360781498,1.0,1.0,1.0,1.0,324.0,0.0,0.0,0.08961215868973282,81.0,0.0,0.0,0.023341408835422323,0.0
harmonix/0811_miami2ibiza/track.npy,harmonix,1.0,0.8972463935557251,0.8972463935557251,0.8972463935557251,1.0,1.0,1.0,1.0,1.0,0.9150722016337142,0.9150722016337142,0.9150722016337142,1.0,1.0,1.0,1.0,375.0,0.0,0.0,0.08338160893904922,94.0,0.0,0.0,0.020834086902837834,0.0
harmonix/0829_nevertoolate/track.npy,harmonix,0.6147757255936676,0.5571985861322131,0.7938182383362088,0.675508412234211,0.03225806451612903,0.03225806451612903,0.5801526717557252,0.8282442748091603,0.6,0.57298016116493,0.8206305885075555,0.6968053748362428,0.04032258064516129,0.04032258064516129,0.8787878787878788,0.8787878787878788,274.0,0.0,0.0,0.1250259433195347,69.0,0.0,0.0,0.09668150573087159,0.0
harmonix/0831_noair/track.npy,harmonix,0.9688888888888889,0.8535741449864337,0.8535741449864337,0.8535741449864337,0.9852507374631269,0.9852507374631269,0.9852507374631269,0.9852507374631269,0.9704142011834319,0.8616193207642133,0.8616193207642133,0.8616193207642133,0.9882352941176471,0.9882352941176471,0.9882352941176471,0.9882352941176471,345.0,0.0,0.0,0.05406722127030272,86.0,0.0,0.0,0.006688988150796704,0.0
harmonix/0846_onelove/track.npy,harmonix,0.9812108559498957,0.9497814931964467,0.9497814931964467,0.9497814931964467,0.9631147540983607,0.9631147540983607,0.9631147540983607,0.9631147540983607,0.9833333333333333,0.9581265225171146,0.9581265225171146,0.9581265225171146,0.9672131147540983,0.9672131147540983,0.9672131147540983,0.9672131147540983,499.0,0.0,0.0,0.042559614418878344,125.0,0.0,0.0,0.010695289116768647,0.0
harmonix/0851_openurmind/track.npy,harmonix,0.37362637362637363,0.2424340941609685,0.2424340941609685,0.2424340941609685,0.07584830339321358,0.4231536926147705,0.07584830339321358,0.4231536926147705,0.37450199203187257,0.2613599326797027,0.2613599326797027,0.2613599326797027,0.9920634920634921,0.9920634920634921,0.9920634920634921,0.9920634920634921,513.0,0.0,0.0,0.09097177820577373,129.0,0.0,0.0,0.04652001563489735,0.0
harmonix/0857_paralyzer/track.npy,harmonix,0.9957567185289957,0.8264547870977437,0.8264547870977437,0.8264547870977437,0.9915492957746479,0.9915492957746479,0.9915492957746479,0.9915492957746479,1.0,0.8289435744066819,0.8289435744066819,0.8289435744066819,1.0,1.0,1.0,1.0,364.0,0.0,0.0,0.07145896398213047,91.0,0.0,0.0,0.017699577099410058,0.0
harmonix/0866_pokerfacedave/track.npy,harmonix,0.8806050783360346,0.6349140070770037,0.6349140070770037,0.6349140070770037,0.4287257019438445,0.8801295896328294,0.4287257019438445,0.8801295896328294,0.7705627705627706,0.5950301961639615,0.5950301961639615,0.5950301961639615,0.8831168831168831,0.8831168831168831,0.8831168831168831,0.8831168831168831,937.0,0.0,0.0,0.08701137698961359,234.0,0.0,0.0,0.021506205220966308,0.0
harmonix/0867_pokerfacedos/track.npy,harmonix,0.9814207650273225,0.855353962733695,0.855353962733695,0.855353962733695,0.9804347826086957,0.9826086956521739,0.9804347826086957,0.9826086956521739,0.9781659388646288,0.8501866139365909,0.8501866139365909,0.8501866139365909,0.991304347826087,0.991304347826087,0.991304347826087,0.991304347826087,470.0,0.0,0.0,0.08004270767352051,118.0,0.0,0.0,0.01239227335440532,0.0
harmonix/0869_raiseyourweapon/track.npy,harmonix,0.7000582411182295,0.6452366463720166,0.6738061096537508,0.6595213780128837,0.28205128205128205,0.2869822485207101,0.4238975817923186,0.42532005689900426,0.6883720930232557,0.6454366218749259,0.6803046645826507,0.6628706432287883,0.29133858267716534,0.3031496062992126,0.42613636363636365,0.42613636363636365,710.0,0.0,0.0,0.08701137698964323,178.0,0.0,0.0,0.11630096783934452,0.0
harmonix/0875_redbelt/track.npy,harmonix,0.9924528301886792,0.9265657320319675,0.9265657320319675,0.9265657320319675,0.9850187265917603,0.9850187265917603,0.9850187265917603,0.9850187265917603,0.9924812030075187,0.9503870884253247,0.9503870884253247,0.9503870884253247,0.9850746268656716,0.9850746268656716,0.9850746268656716,0.9850746268656716,278.0,0.0,0.0,0.08701137698964323,70.0,0.0,0.0,0.017914811950138377,0.0
harmonix/0876_rehab/track.npy,harmonix,0.935031847133758,0.8094578323746714,0.8094578323746714,0.8094578323746714,0.874384236453202,0.874384236453202,0.874384236453202,0.874384236453202,0.934010152284264,0.7244718451389278,0.7244718451389278,0.7244718451389278,0.8725490196078431,0.8725490196078431,0.8725490196078431,0.8725490196078431,419.0,0.0,0.0,0.08004270767353944,105.0,0.0,0.0,0.04628669133197048,0.0
harmonix/0878_replay/track.npy,harmonix,0.9962406015037594,0.9656629230954032,0.9656629230954032,0.9656629230954032,0.9925093632958801,0.9925093632958801,0.9925093632958801,0.9925093632958801,1.0,0.9683634558264966,0.9683634558264966,0.9683634558264966,1.0,1.0,1.0,1.0,275.0,0.0,0.0,0.06062462181646622,69.0,0.0,0.0,0.02039527523101166,0.0
harmonix/0881_rightround/track.npy,harmonix,0.9829683698296837,0.8262985680727675,0.8262985680727675,0.8262985680727675,0.9711538461538461,0.9711538461538461,0.9711538461538461,0.9711538461538461,0.9805825242718447,0.8043668584373633,0.8043668584373633,0.8043668584373633,0.9807692307692307,0.9807692307692307,0.9807692307692307,0.9807692307692307,427.0,0.0,0.0,0.08338160893904922,107.0,0.0,0.0,0.020834086902843385,0.0
harmonix/0883_rocksatmywindow/track.npy,harmonix,0.998236331569665,0.9612352768148814,0.9612352768148814,0.9612352768148814,0.9964788732394366,0.9964788732394366,0.9964788732394366,0.9964788732394366,1.0,0.9549257167291951,0.9549257167291951,0.9549257167291951,1.0,1.0,1.0,1.0,292.0,0.0,0.0,0.030771658666812918,73.0,0.0,0.0,0.015384918839468187,0.0
harmonix/0889_samelove/track.npy,harmonix,0.7926689576174112,0.6068963266784567,0.6068963266784567,0.6068963266784567,0.27601809954751133,0.8099547511312217,0.27601809954751133,0.8099547511312217,0.8165137614678899,0.6153777819152089,0.6153777819152089,0.6153777819152089,0.9099099099099099,0.9099099099099099,0.9099099099099099,0.9099099099099099,436.0,0.0,0.0,0.1112256351102093,109.0,0.0,0.0,0.08836665330842863,0.0
harmonix/0890_samemistakes/track.npy,harmonix,0.9919999999999999,0.9519942483789294,0.9519942483789294,0.9519942483789294,0.9841269841269841,0.9841269841269841,0.9841269841269841,0.9841269841269841,0.9936305732484078,0.9456676791266437,0.9456676791266437,0.9456676791266437,0.9873417721518988,0.9873417721518988,0.9873417721518988,0.9873417721518988,322.0,0.0,0.0,0.08455738802806743,81.0,0.0,0.0,0.022659696851402043,0.0
harmonix/0905_shocktoyoursystem/track.npy,harmonix,0.9843081312410842,0.9449460576914134,0.9449460576914134,0.9449460576914134,0.9691011235955056,0.9691011235955056,0.9691011235955056,0.9691011235955056,0.9886363636363636,0.9534484113015155,0.9534484113015155,0.9534484113015155,0.9775280898876404,0.9775280898876404,0.9775280898876404,0.9775280898876404,364.0,0.0,0.0,0.06899287148693789,91.0,0.0,0.0,0.00862833512242238,0.0
harmonix/0912_somenights/track.npy,harmonix,0.9341692789968652,0.8486623039724955,0.8486623039724955,0.8486623039724955,0.5883575883575883,0.9376299376299376,0.5883575883575883,0.9376299376299376,0.9333333333333333,0.8514235322755069,0.8514235322755069,0.8514235322755069,0.9834710743801653,0.9834710743801653,0.9834710743801653,0.9834710743801653,489.0,0.0,0.0,0.07145896398217388,123.0,0.0,0.0,0.0456700368331886,0.0
harmonix/0917_spacemanties/track.npy,harmonix,0.9888475836431226,0.5561936504057294,0.5561936504057294,0.5561936504057294,0.3469640644361834,0.9950433705080545,0.3469640644361834,0.9950433705080545,1.0,0.5210699836381343,0.5210699836381343,0.5210699836381343,1.0,1.0,1.0,1.0,818.0,0.0,0.0,0.09097177820577373,205.0,0.0,0.0,0.03505074362892746,0.0
harmonix/0919_stereolove/track.npy,harmonix,0.9704724409448819,0.8376659565446372,0.8376659565446372,0.8376659565446372,0.4621359223300971,0.9650485436893204,0.4621359223300971,0.9650485436893204,0.9685039370078741,0.8568221267937312,0.8568221267937312,0.8568221267937312,0.9689922480620154,0.9689922480620154,0.9689922480620154,0.9689922480620154,522.0,0.0,0.0,0.0833816089390662,131.0,0.0,0.0,0.02150620522096216,0.0
harmonix/0932_tattoo/track.npy,harmonix,0.9777070063694268,0.9092583620255459,0.9092583620255459,0.9092583620255459,0.9716088328075709,0.9716088328075709,0.9716088328075709,0.9716088328075709,0.980891719745223,0.8745453108719985,0.8745453108719985,0.8745453108719985,0.9873417721518988,0.9873417721518988,0.9873417721518988,0.9873417721518988,324.0,0.0,0.0,0.05556985115479984,81.0,0.0,0.0,0.013717871138410652,0.0
harmonix/0941_theocean/track.npy,harmonix,0.6421621621621622,0.5761003051482163,0.8488999625570351,0.7125001338526258,0.0,0.0,0.370253164556962,0.9240506329113924,0.0,3.620219177235271e-10,3.1493135361368915e-08,1.592757863954622e-08,0.0,0.0,0.379746835443038,0.5316455696202531,325.0,0.0,0.0,0.07145896398218121,81.0,0.0,0.0,0.15906469462968986,0.0
harmonix/0954_timeaftertimevan/track.npy,harmonix,0.9434389140271493,0.7591843949839255,0.7591843949839255,0.7591843949839255,0.6233183856502242,0.9439461883408071,0.6233183856502242,0.9439461883408071,0.9549549549549549,0.7571451029717126,0.7571451029717126,0.7571451029717126,0.9821428571428571,0.9821428571428571,0.9821428571428571,0.9821428571428571,458.0,0.0,0.0,0.09097177820577373,115.0,0.0,0.0,0.05849620668160549,0.0
harmonix/0967_walkingonadream/track.npy,harmonix,1.0,0.9117745474748943,0.9117745474748943,0.9117745474748943,1.0,1.0,1.0,1.0,1.0,0.9093050612326244,0.9093050612326244,0.9093050612326244,1.0,1.0,1.0,1.0,865.0,0.0,0.0,0.08338160893906466,217.0,0.0,0.0,0.013966372131874521,0.0
harmonix/0975_whathappensinvegas/track.npy,harmonix,0.994186046511628,0.9637812536108481,0.9637812536108481,0.9637812536108481,0.9884393063583815,0.9884393063583815,0.9884393063583815,0.9884393063583815,0.9942196531791908,0.9724832135412368,0.9724832135412368,0.9724832135412368,0.9885057471264368,0.9885057471264368,0.9885057471264368,0.9885057471264368,357.0,0.0,0.0,0.08701137698964323,90.0,0.0,0.0,0.010929070532186674,0.0
harmonix/0977_wheelsnow/track.npy,harmonix,0.9816700610997964,0.6388162963107674,0.6388162963107674,0.6388162963107674,0.7746478873239436,0.971830985915493,0.7746478873239436,0.971830985915493,0.9878542510121457,0.6283983367765044,0.6283983367765044,0.6283983367765044,0.976,0.976,0.976,0.976,509.0,0.0,0.0,0.09531017980430556,128.0,0.0,0.0,0.058327047733413795,0.0
harmonix/0982_whoknewdos/track.npy,harmonix,0.9731471535982814,0.7756817169531244,0.7756817169531244,0.7756817169531244,0.7127659574468085,0.9787234042553191,0.7127659574468085,0.9787234042553191,0.9658119658119658,0.8112981253369745,0.8112981253369745,0.8112981253369745,0.9830508474576272,0.9830508474576272,0.9830508474576272,0.9830508474576272,482.0,0.0,0.0,0.095310179804306,121.0,0.0,0.0,0.036608021174713005,0.0
harmonix/0988_withyoukovas/track.npy,harmonix,0.9992395437262357,0.9518244941413467,0.9518244941413467,0.9518244941413467,0.9984802431610942,0.9984802431610942,0.9984802431610942,0.9984802431610942,0.9969604863221885,0.9445701377504911,0.9445701377504911,0.9445701377504911,0.9939393939393939,0.9939393939393939,0.9939393939393939,0.9939393939393939,669.0,0.0,0.0,0.08701137698962791,168.0,0.0,0.0,0.021506205220959362,0.0
hjdb/hjdb_2_Bad_Mice_Take_You/track.npy,hjdb,1.0,0.9778767181489946,0.9778767181489946,0.9778767181489946,1.0,1.0,1.0,1.0,1.0,0.9811754681706609,0.9811754681706609,0.9811754681706609,1.0,1.0,1.0,1.0,159.0,0.0,0.0,0.04879016416943971,40.0,0.0,0.0,0.011976191046717655,0.0
hjdb/hjdb_A_Musical_Box/track.npy,hjdb,1.0,0.9347179380770434,0.9347179380770434,0.9347179380770434,1.0,1.0,1.0,1.0,1.0,0.9509040262897329,0.9509040262897329,0.9509040262897329,1.0,1.0,1.0,1.0,96.0,0.0,0.0,0.10536051565782634,24.0,0.0,0.0,0.026317308317375054,0.0
hjdb/hjdb_Bish_Bosh/track.npy,hjdb,1.0,0.950848469576907,0.950848469576907,0.950848469576907,1.0,1.0,1.0,1.0,1.0,0.9776225919656847,0.9776225919656847,0.9776225919656847,1.0,1.0,1.0,1.0,89.0,0.0,0.0,0.04879016416943971,22.0,0.0,0.0,0.024097551579060066,0.0
hjdb/hjdb_Cookin_Up_Yah_Brain/track.npy,hjdb,0.9956709956709957,0.9707985537434264,0.9707985537434264,0.9707985537434264,0.9913793103448276,0.9913793103448276,0.9913793103448276,0.9913793103448276,1.0,0.9717388020765405,0.9717388020765405,0.9717388020765405,1.0,1.0,1.0,1.0,128.0,0.0,0.0,0.09531017980432333,32.0,0.0,0.0,0.011834457647004637,0.0
hjdb/hjdb_Damage/track.npy,hjdb,1.0,0.9428769410178393,0.9428769410178393,0.9428769410178393,1.0,1.0,1.0,1.0,1.0,0.9409348205817112,0.9409348205817112,0.9409348205817112,1.0,1.0,1.0,1.0,94.0,0.0,0.0,0.09531017980432288,23.0,0.0,0.0,0.048790164169430994,0.0
hjdb/hjdb_Darkman/track.npy,hjdb,1.0,0.9335675931575075,0.9335675931575075,0.9335675931575075,1.0,1.0,1.0,1.0,1.0,0.9125552350904439,0.9125552350904439,0.9125552350904439,1.0,1.0,1.0,1.0,160.0,0.0,0.0,0.05129329438757657,40.0,0.0,0.0,0.025642430613339318,0.0
hjdb/hjdb_Ecstatic_House/track.npy,hjdb,0.9937888198757764,0.8869211813466719,0.8869211813466719,0.8869211813466719,0.9876543209876543,0.9876543209876543,0.9876543209876543,0.9876543209876543,1.0,0.8967087342169922,0.8967087342169922,0.8967087342169922,1.0,1.0,1.0,1.0,93.0,0.0,0.0,0.1297555977425393,23.0,0.0,0.0,0.03871451218069183,0.0
hjdb/hjdb_Exodus_(When_The_Lion_Awakes)/track.npy,hjdb,0.8652482269503546,0.7110248000411352,0.7110248000411352,0.7110248000411352,0.8450704225352113,0.8450704225352113,0.8450704225352113,0.8450704225352113,0.8571428571428571,0.7312457816069592,0.7312457816069592,0.7312457816069592,0.8571428571428571,0.8571428571428571,0.8571428571428571,0.8571428571428571,154.0,0.0,0.0,0.09531017980433143,38.0,0.0,0.0,0.12690100138465069,0.0
hjdb/hjdb_Fires_Burning/track.npy,hjdb,1.0,0.896568165686017,0.896568165686017,0.896568165686017,1.0,1.0,1.0,1.0,1.0,0.90901430911965,0.90901430911965,0.90901430911965,1.0,1.0,1.0,1.0,319.0,0.0,0.0,0.05722648697670885,80.0,0.0,0.0,0.046065348600777184,0.0
hjdb/hjdb_Flammable_(Tango_Remix)/track.npy,hjdb,0.9969230769230769,0.9000118251179914,0.9000118251179914,0.9000118251179914,0.9938650306748467,0.9938650306748467,0.9938650306748467,0.9938650306748467,0.9876543209876543,0.8931456516896552,0.8931456516896552,0.8931456516896552,0.975609756097561,0.975609756097561,0.975609756097561,0.975609756097561,177.0,0.0,0.0,0.10536051565782412,45.0,0.0,0.0,0.026317308317372834,0.0
hjdb/hjdb_Future_Funk/track.npy,hjdb,0.9894736842105264,0.9166648491803393,0.9166648491803393,0.9166648491803393,0.9791666666666666,0.9791666666666666,0.9791666666666666,0.9791666666666666,1.0,0.9421831706319238,0.9421831706319238,0.9421831706319238,1.0,1.0,1.0,1.0,157.0,0.0,0.0,0.10008345855698171,39.0,0.0,0.0,0.012903404835909904,0.0
hjdb/hjdb_Ghetto_People_(Remix)/track.npy,hjdb,1.0,0.9618784291716561,0.9618784291716561,0.9618784291716561,1.0,1.0,1.0,1.0,1.0,0.9480128152266737,0.9480128152266737,0.9480128152266737,1.0,1.0,1.0,1.0,64.0,0.0,0.0,0.051293294387558364,16.0,0.0,0.0,0.012739025777429469,0.0
hjdb/hjdb_Here_Comes_The_Drumz_(Drumz_VIP_Mix)/track.npy,hjdb,1.0,0.9349397488737847,0.9349397488737847,0.9349397488737847,1.0,1.0,1.0,1.0,1.0,0.934777635847713,0.934777635847713,0.934777635847713,1.0,1.0,1.0,1.0,121.0,0.0,0.0,0.04879016416943971,31.0,0.0,0.0,0.012270092591816306,0.0
hjdb/hjdb_In_Complete_Darkness_(Slipmatt_remix)/track.npy,hjdb,1.0,0.9083677638308556,0.9083677638308556,0.9083677638308556,1.0,1.0,1.0,1.0,1.0,0.9005327589943876,0.9005327589943876,0.9005327589943876,1.0,1.0,1.0,1.0,127.0,0.0,0.0,0.05129329438755881,32.0,0.0,0.0,0.012903404835909904,0.0
hjdb/hjdb_Jump_Mk_II/track.npy,hjdb,1.0,0.9318919974985377,0.9318919974985377,0.9318919974985377,1.0,1.0,1.0,1.0,1.0,0.9562703245364099,0.9562703245364099,0.9562703245364099,1.0,1.0,1.0,1.0,123.0,0.0,0.0,0.05715841383997766,31.0,0.0,0.0,0.02188164533518208,0.0
hjdb/hjdb_Keep_The_Fires_Burning/track.npy,hjdb,0.9768339768339768,0.8974749285742795,0.8974749285742795,0.8974749285742795,0.5173745173745173,0.9806949806949807,0.5173745173745173,0.9806949806949807,0.9846153846153847,0.8997155840818084,0.8997155840818084,0.8997155840818084,1.0,1.0,1.0,1.0,270.0,0.0,0.0,0.08701137698960149,68.0,0.0,0.0,0.021681541282552563,0.0
hjdb/hjdb_Lords_Of_The_Null_Lines_(Foul_Play_Remix)/track.npy,hjdb,1.0,0.930081393502391,0.930081393502391,0.930081393502391,1.0,1.0,1.0,1.0,1.0,0.946673935980236,0.946673935980236,0.946673935980236,1.0,1.0,1.0,1.0,115.0,0.0,0.0,0.05406722127028396,29.0,0.0,0.0,0.036192203521206966,0.0
hjdb/hjdb_Method_To_My_Madness/track.npy,hjdb,0.9724770642201834,0.9399866523217982,0.9399866523217982,0.9399866523217982,0.9464285714285714,0.9464285714285714,0.9464285714285714,0.9464285714285714,0.962962962962963,0.9383058921421494,0.9383058921421494,0.9383058921421494,0.9285714285714286,0.9285714285714286,0.9285714285714286,0.9285714285714286,68.0,0.0,0.0,0.04652001563490016,17.0,0.0,0.0,0.015164286483515109,0.0
hjdb/hjdb_No_Worries/track.npy,hjdb,0.7117117117117118,0.663906001614414,0.663906001614414,0.663906001614414,0.6785714285714286,0.6875,0.6785714285714286,0.6875,0.7142857142857143,0.6731094278766439,0.6731094278766439,0.6731094278766439,0.7142857142857143,0.7142857142857143,0.7142857142857143,0.7142857142857143,126.0,0.0,0.0,0.10536051565782822,31.0,0.0,0.0,0.09229670990194022,0.0
hjdb/hjdb_Obsession_(Musics_So_Wonderful)/track.npy,hjdb,1.0,0.9372728068331794,0.9372728068331794,0.9372728068331794,1.0,1.0,1.0,1.0,1.0,0.9419521948665925,0.9419521948665925,0.9419521948665925,1.0,1.0,1.0,1.0,95.0,0.0,0.0,0.05406722127028396,24.0,0.0,0.0,0.013245226750022546,0.0
hjdb/hjdb_Phizical_(Moody_Mix)/track.npy,hjdb,0.9907407407407408,0.8274037195435621,0.8274037195435621,0.8274037195435621,0.9170506912442397,0.9815668202764977,0.9170506912442397,0.9815668202764977,1.0,0.8550531126275112,0.8550531126275112,0.8550531126275112,1.0,1.0,1.0,1.0,230.0,0.0,0.0,0.10536051565784188,58.0,0.0,0.0,0.040273899137941604,0.0
hjdb/hjdb_Re-Baptised_By_Dub_(Selectors_Revenge)/track.npy,hjdb,1.0,0.9774325114521384,0.9774325114521384,0.9774325114521384,1.0,1.0,1.0,1.0,1.0,0.9798597539628446,0.9798597539628446,0.9798597539628446,1.0,1.0,1.0,1.0,130.0,0.0,0.0,0.09531017980432571,33.0,0.0,0.0,0.011834457647004637,0.0
hjdb/hjdb_Showtime/track.npy,hjdb,1.0,0.9209485176818989,0.9209485176818989,0.9209485176818989,1.0,1.0,1.0,1.0,1.0,0.9748246924535543,0.9748246924535543,0.9748246924535543,1.0,1.0,1.0,1.0,60.0,0.0,0.0,0.09097177820572769,15.0,0.0,0.0,0.02353049741019564,0.0
hjdb/hjdb_Spiritual_Aura/track.npy,hjdb,1.0,0.9282518437083928,0.9282518437083928,0.9282518437083928,1.0,1.0,1.0,1.0,1.0,0.9509322664210279,0.9509322664210279,0.9509322664210279,1.0,1.0,1.0,1.0,290.0,0.0,0.0,0.10536051565781154,73.0,0.0,0.0,0.013245226750027372,0.0
hjdb/hjdb_Sub_Dub/track.npy,hjdb,1.0,0.943358991117394,0.943358991117394,0.943358991117394,1.0,1.0,1.0,1.0,1.0,0.9360770399958247,0.9360770399958247,0.9360770399958247,1.0,1.0,1.0,1.0,90.0,0.0,0.0,0.10008345855698919,23.0,0.0,0.0,0.024692612590370977,0.0
hjdb/hjdb_Take_Me_To_The_Top/track.npy,hjdb,1.0,0.9707583885316341,0.9707583885316341,0.9707583885316341,1.0,1.0,1.0,1.0,1.0,0.9722607953265824,0.9722607953265824,0.9722607953265824,1.0,1.0,1.0,1.0,110.0,0.0,0.0,0.10008345855698919,27.0,0.0,0.0,0.022516798205704,0.0
hjdb/hjdb_Terrorist_(original)/track.npy,hjdb,1.0,0.9380219735785472,0.9380219735785472,0.9380219735785472,1.0,1.0,1.0,1.0,1.0,0.8906782174395749,0.8906782174395749,0.8906782174395749,1.0,1.0,1.0,1.0,128.0,0.0,0.0,0.10008345855698919,32.0,0.0,0.0,0.025001302205418963,0.0
hjdb/hjdb_The_Core/track.npy,hjdb,1.0,0.9008085562420557,0.9008085562420557,0.9008085562420557,1.0,1.0,1.0,1.0,1.0,0.9257630189467085,0.9257630189467085,0.9257630189467085,1.0,1.0,1.0,1.0,96.0,0.0,0.0,0.051293294387561916,24.0,0.0,0.0,0.012903404835909845,0.0
hjdb/hjdb_The_Criminal/track.npy,hjdb,0.9936305732484078,0.9629846930560481,0.9629846930560481,0.9629846930560481,0.9873417721518988,0.9873417721518988,0.9873417721518988,0.9873417721518988,1.0,0.9756647858150377,0.9756647858150377,0.9756647858150377,1.0,1.0,1.0,1.0,92.0,0.0,0.0,0.051293294387545894,23.0,0.0,0.0,0.012270092591815218,0.0
hjdb/hjdb_This_Way/track.npy,hjdb,0.0,0.0001014881284872537,0.844321331597709,0.4222114098630981,0.0,0.0,0.9791666666666666,0.9791666666666666,0.0,8.289369868161446e-05,8.289369868161446e-05,8.289369868161446e-05,0.9166666666666666,0.9166666666666666,0.9166666666666666,0.9166666666666666,61.0,0.0,0.0,0.10008345855697236,16.0,0.0,0.0,0.025317807984289342,0.0
hjdb/hjdb_Time_Bomb/track.npy,hjdb,1.0,0.9289170366938341,0.9289170366938341,0.9289170366938341,1.0,1.0,1.0,1.0,1.0,0.9187449814166353,0.9187449814166353,0.9187449814166353,1.0,1.0,1.0,1.0,96.0,0.0,0.0,0.07017290432062286,24.0,0.0,0.0,0.025642430613336983,0.0
hjdb/hjdb_Unfriendly/track.npy,hjdb,1.0,0.9185121308990409,0.9185121308990409,0.9185121308990409,1.0,1.0,1.0,1.0,1.0,0.9348108097167388,0.9348108097167388,0.9348108097167388,1.0,1.0,1.0,1.0,64.0,0.0,0.0,0.10536051565782856,16.0,0.0,0.0,0.017943283866270022,0.0
hjdb/hjdb_Wind_It_Up_(Rewound)/track.npy,hjdb,0.4313725490196078,0.3742208681998959,0.5833076507744638,0.4787642594871798,0.36538461538461536,0.36538461538461536,0.5,0.5,0.4,0.32297828306937165,0.32297828306937165,0.32297828306937165,0.38461538461538464,0.38461538461538464,0.46153846153846156,0.46153846153846156,65.0,0.0,0.0,0.09531017980433143,17.0,0.0,0.0,0.17419295185585096,0.0
hjdb/hjdb_Yaaah/track.npy,hjdb,0.9983579638752053,0.9429027652687977,0.9429027652687977,0.9429027652687977,0.9967213114754099,0.9967213114754099,0.9967213114754099,0.9967213114754099,1.0,0.9316486182689062,0.9316486182689062,0.9316486182689062,1.0,1.0,1.0,1.0,315.0,0.0,0.0,0.08701137698964323,78.0,0.0,0.0,0.010929070532195828,0.0
hjdb/hjdb_You_Got_Me_Burnin_(A.A.S_Mix)/track.npy,hjdb,0.9911504424778761,0.9576319555653686,0.9576319555653686,0.9576319555653686,0.9824561403508771,0.9824561403508771,0.9824561403508771,0.9824561403508771,1.0,0.9510443036909135,0.9510443036909135,0.9510443036909135,1.0,1.0,1.0,1.0,70.0,0.0,0.0,0.04879016416943971,17.0,0.0,0.0,0.012270092591815551,0.0
jaah/jaah_000-tito_puente-airegin/track.npy,jaah,0.5309734513274336,0.43558690598134886,0.43558690598134886,0.43558690598134886,0.1956043956043956,0.5868131868131868,0.1956043956043956,0.5868131868131868,0.48,0.4062717486636923,0.4062717486636923,0.4062717486636923,0.5221238938053098,0.8938053097345132,0.5221238938053098,0.8938053097345132,464.0,0.0,0.0,0.07410797215376097,116.0,0.0,0.0,0.06289957561331296,0.0
jaah/jaah_004-dexter_gordon_quartet-bikini/track.npy,jaah,0.8191489361702128,0.7376814055381203,0.7376814055381203,0.7376814055381203,0.09840425531914894,0.4321808510638298,0.31382978723404253,0.4321808510638298,0.6990881458966565,0.6396156007085632,0.6396156007085632,0.6396156007085632,0.3723404255319149,0.3723404255319149,0.3723404255319149,0.3723404255319149,574.0,0.0,0.0,0.07410797215376097,144.0,0.0,0.0,0.05505977718302931,0.0
jaah/jaah_010-duke_ellington_his_orchestra-blue_serge/track.npy,jaah,0.9736842105263158,0.893749894489135,0.893749894489135,0.893749894489135,0.9775280898876404,0.9775280898876404,0.9775280898876404,0.9775280898876404,0.9624060150375939,0.8727341250825003,0.8727341250825003,0.8727341250825003,0.9850746268656716,0.9850746268656716,0.9850746268656716,0.9850746268656716,275.0,0.0,0.0,0.08455738802805894,69.0,0.0,0.0,0.04191031086565651,0.0
jaah/jaah_011-charlie_parker-blues_for_alice/track.npy,jaah,0.985539488320356,0.8889069160238722,0.8889069160238722,0.8889069160238722,0.6075388026607539,0.9733924611973392,0.6075388026607539,0.9733924611973392,0.9910714285714286,0.8845846075274346,0.8845846075274346,0.8845846075274346,1.0,1.0,1.0,1.0,465.0,0.0,0.0,0.11122563511036077,116.0,0.0,0.0,0.04277400952504851,0.0
jaah/jaah_021-the_clifford_brownmax_roach_quintet-daahoud/track.npy,jaah,0.43595505617977526,0.32679717873700115,0.32679717873700115,0.32679717873700115,0.0032017075773745998,0.0032017075773745998,0.0405982905982906,0.22388059701492538,0.3701492537313432,0.27073653205482745,0.27073653205482745,0.27073653205482745,0.00425531914893617,0.00425531914893617,0.1864406779661017,0.3389830508474576,408.0,0.0,0.0,0.08998167790165151,102.0,0.0,0.0,0.10675735843092553,0.0
jaah/jaah_033-the_boswell_sisters-everybody_loves_my_baby/track.npy,jaah,0.6885964912280701,0.5398706411802929,0.576371564522173,0.558121102851233,0.11964285714285715,0.11964285714285715,0.22443181818181818,0.4034090909090909,0.5789473684210525,0.483593793300345,0.483593793300345,0.483593793300345,0.12142857142857143,0.12142857142857143,0.2159090909090909,0.2159090909090909,366.0,0.0,0.0,0.11122563511024208,92.0,0.0,0.0,0.05622324127931787,0.0
jaah/jaah_048-louis_armstrong_and_his_hot_five-hotter_than_that/track.npy,jaah,0.7635726795096321,0.6322207103187247,0.6322207103187247,0.6322207103187247,0.34345047923322686,0.46006389776357826,0.34345047923322686,0.46006389776357826,0.5664335664335665,0.489437656375991,0.489437656375991,0.489437656375991,0.47770700636942676,0.47770700636942676,0.47770700636942676,0.47770700636942676,533.0,0.0,0.0,0.11122563511023992,133.0,0.0,0.0,0.08124160728714824,0.0
jaah/jaah_050-dizzy_gillespie_sextet-i_cant_get_started/track.npy,jaah,0.6398467432950191,0.5512740717618091,0.826663041049694,0.6889685564057515,0.0,0.0,0.7298850574712644,0.9798850574712644,0.6461538461538461,0.5765791374814077,0.8566765443075685,0.716627840894488,0.0,0.0,0.9770114942528736,0.9770114942528736,358.0,0.0,0.0,0.08004270767354182,90.0,0.0,0.0,0.032238286927508034,0.0
jaah/jaah_058-jelly_roll_morton-king_porter_stomp/track.npy,jaah,0.6657997399219766,0.616345586986155,0.9239176537854978,0.7701316203858264,0.0,0.0,0.9961089494163424,0.9961089494163424,0.6632124352331606,0.6174908748996819,0.9238429368654155,0.7706669058825487,0.0,0.0,0.9846153846153847,0.9846153846153847,265.0,0.0,0.0,0.06433670472193936,67.0,0.0,0.0,0.03922071315327913,0.0
jaah/jaah_072-bennie_moten_and_his_kansas_city_orchestra-moten_swing/track.npy,jaah,0.6799601196410767,0.45707395876623774,0.45707395876623774,0.45707395876623774,0.02664576802507837,0.2601880877742947,0.02664576802507837,0.2601880877742947,0.688,0.48075817705907714,0.48075817705907714,0.48075817705907714,0.3522012578616352,0.3522012578616352,0.3522012578616352,0.3522012578616352,383.0,0.0,0.0,0.06899287148693789,96.0,0.0,0.0,0.05160565496160857,0.0
jaah/jaah_076-charlie_parker-oh_lady_be_good_feat_jazz_at_the_philharmonic/track.npy,jaah,0.9941383352872216,0.8967426124587679,0.8967426124587679,0.8967426124587679,0.9976580796252927,0.9976580796252927,0.9976580796252927,0.9976580796252927,1.0,0.9003847681542655,0.9003847681542655,0.9003847681542655,1.0,1.0,1.0,1.0,435.0,0.0,0.0,0.09531017980431444,109.0,0.0,0.0,0.04652001563490016,0.0
jaah/jaah_082-louis_armstrong_and_his_hot_five-potato_head_blues/track.npy,jaah,0.6846424384525206,0.6044661659136578,0.7031471879742199,0.6538066769439388,0.09922178988326848,0.20622568093385213,0.4837758112094395,0.4837758112094395,0.6291079812206574,0.5704843418215956,0.6408898269166095,0.6056870843691025,0.171875,0.1953125,0.49411764705882355,0.49411764705882355,346.0,0.0,0.0,0.11679942557437513,87.0,0.0,0.0,0.07095173597229872,0.0
jaah/jaah_084-gene_krupa_and_his_orchestra-rockin_chair/track.npy,jaah,0.8239700374531835,0.7291952801540228,0.7291952801540228,0.7291952801540228,0.7302158273381295,0.7733812949640287,0.7302158273381295,0.7733812949640287,0.7761194029850748,0.7095979423505252,0.7095979423505252,0.7095979423505252,0.7285714285714285,0.7571428571428571,0.7285714285714285,0.7571428571428571,286.0,0.0,0.0,0.0948696508533124,72.0,0.0,0.0,0.08215857176885709,0.0
jaah/jaah_085-the_george_shearing_quintet-september_in_the_rain/track.npy,jaah,0.9653401797175866,0.9161621097428748,0.9161621097428748,0.9161621097428748,0.5433673469387755,0.9591836734693877,0.5433673469387755,0.9591836734693877,0.4205128205128206,0.3930239934635724,0.3930239934635724,0.3930239934635724,0.4387755102040816,0.4387755102040816,0.4387755102040816,0.4387755102040816,402.0,0.0,0.0,0.08701137698961359,101.0,0.0,0.0,0.043029666253861946,0.0
jaah/jaah_100-fletcher_henderson_and_his_orchestra-the_stampede/track.npy,jaah,0.45608380338436744,0.33620294237740805,0.41574169571063513,0.3759723190440216,0.0014104372355430183,0.007052186177715092,0.0014124293785310734,0.007052186177715092,0.5915492957746479,0.36519589495365334,0.36519589495365334,0.36519589495365334,0.7584269662921348,0.9887640449438202,0.7584269662921348,0.9887640449438202,547.0,0.0,0.0,0.11778303565638115,183.0,0.0,0.0,0.03922071315328389,0.0
jaah/jaah_105-louis_armstrong_earl_hines-weather_bird/track.npy,jaah,0.4959568733153639,0.4188604098269125,0.4188604098269125,0.4188604098269125,0.001953125,0.005859375,0.17578125,0.17578125,0.32432432432432434,0.28490227782888194,0.28490227782888194,0.28490227782888194,0.0,0.0,0.171875,0.171875,236.0,0.0,0.0,0.09698082736779826,59.0,0.0,0.0,0.13744321299224913,0.0
jaah/jaah_111-fletcher_henderson_and_his_orchestra-wrappin_it_up/track.npy,jaah,0.9270729270729272,0.8407261066933868,0.8407261066933868,0.8407261066933868,0.7284644194756554,0.7284644194756554,0.7284644194756554,0.7284644194756554,0.9243027888446216,0.8400625728029334,0.8400625728029334,0.8400625728029334,0.7313432835820896,0.7313432835820896,0.7313432835820896,0.7313432835820896,476.0,0.0,0.0,0.0689928714869561,119.0,0.0,0.0,0.052185753170574736,0.0
rwc/rwc_classical_CD1_01/track.npy,rwc_classical,0.5262110152621102,0.3476060276788841,0.4502096436332478,0.3989078356560659,0.0009871668311944718,0.0034550839091806516,0.039486673247778874,0.6150049358341559,0.6893491124260355,0.4468368725198637,0.4468368725198637,0.4468368725198637,0.28530259365994237,0.7521613832853026,0.28530259365994237,0.7521613832853026,992.0,0.0,0.0,0.10008345855703227,331.0,0.0,0.0,0.07840891571921803,0.0
rwc/rwc_classical_CD1_03/track.npy,rwc_classical,0.4066059225512529,0.30380214360602925,0.41313522003882347,0.35846868182242636,0.003215434083601286,0.012057877813504822,0.11736334405144695,0.36977491961414793,0.22133333333333333,0.16781716420317808,0.16781716420317808,0.16781716420317808,0.0,0.0,0.006430868167202572,0.00964630225080386,515.0,0.0,0.0,0.11778303565646636,129.0,0.0,0.0,0.17894322901603896,0.0
rwc/rwc_classical_CD1_05/track.npy,rwc_classical,0.7620396600566572,0.5694119231064975,0.5694119231064975,0.5694119231064975,0.1264274061990212,0.6623164763458401,0.1264274061990212,0.6623164763458401,0.7396226415094338,0.5567723474256978,0.5567723474256978,0.5567723474256978,0.5602605863192183,0.6970684039087948,0.5602605863192183,0.6970684039087948,1237.0,0.0,0.0,0.09531017980427714,310.0,0.0,0.0,0.06307237399965027,0.0
rwc/rwc_classical_CD2_03/track.npy,rwc_classical,0.24543610547667338,0.1657766169127876,0.1657766169127876,0.1657766169127876,0.023115577889447236,0.1306532663316583,0.02613065326633166,0.1306532663316583,0.2694136291600634,0.180193367192968,0.180193367192968,0.180193367192968,0.006024096385542169,0.03614457831325301,0.12562814070351758,0.22613065326633167,995.0,0.0,0.0,0.11390065392098601,332.0,0.0,0.0,0.12841667826965097,0.0
rwc/rwc_classical_CD2_05/track.npy,rwc_classical,0.7762611275964391,0.5309241758839823,0.5309241758839823,0.5309241758839823,0.25602755453501724,0.7428243398392652,0.25602755453501724,0.7428243398392652,0.770053475935829,0.5273989462236136,0.5273989462236136,0.5273989462236136,0.25517241379310346,0.7379310344827587,0.25517241379310346,0.7379310344827587,820.0,0.0,0.0,0.10536051565773152,273.0,0.0,0.0,0.13865874264969164,0.0
rwc/rwc_classical_CD3_06/track.npy,rwc_classical,0.7367205542725174,0.547420175394088,0.547420175394088,0.547420175394088,0.16515837104072398,0.6900452488687783,0.16515837104072398,0.6900452488687783,0.47972972972972966,0.36965742412141755,0.4887111920439469,0.42918430808268226,0.07368421052631578,0.07368421052631578,0.7075471698113207,0.7735849056603774,428.0,0.0,0.0,0.08961215868973282,107.0,0.0,0.0,0.09939904577088268,0.0
rwc/rwc_classical_CD3_07/track.npy,rwc_classical,0.57592722183345,0.40603910006794003,0.40603910006794003,0.40603910006794003,0.04552673372154579,0.09052408681842244,0.048503611971104234,0.3395252837977296,0.5105042016806722,0.35328199653353837,0.3660924802434609,0.35968723838849964,0.0890302066772655,0.09220985691573927,0.11764705882352941,0.4024767801857585,981.0,0.0,0.0,0.11122563511012722,327.0,0.0,0.0,0.14231540794427117,0.0
rwc/rwc_classical_CD4_04/track.npy,rwc_classical,0.869244935543278,0.6464169703797505,0.6464169703797505,0.6464169703797505,0.24475524475524477,0.7482517482517482,0.24475524475524477,0.7482517482517482,0.5499999999999999,0.41511747002472327,0.6104668676735192,0.5127921688491213,0.0078125,0.0078125,0.25,0.7222222222222222,297.0,0.0,0.0,0.10536051565781043,75.0,0.0,0.0,0.14551743735599956,0.0
rwc/rwc_classical_CD4_09/track.npy,rwc_classical,0.978328173374613,0.7135983232415931,0.7135983232415931,0.7135983232415931,0.9695121951219512,0.9695121951219512,0.9695121951219512,0.9695121951219512,0.9814814814814815,0.7368181815971112,0.7368181815971112,0.7368181815971112,0.9636363636363636,0.9636363636363636,0.9636363636363636,0.9636363636363636,170.0,0.0,0.0,0.09361041844121801,57.0,0.0,0.0,0.06638212175882684,0.0
rwc/rwc_classical_CD4_15/track.npy,rwc_classical,0.5049833887043189,0.30033236997828405,0.30033236997828405,0.30033236997828405,0.3018867924528302,0.49056603773584906,0.3018867924528302,0.49056603773584906,0.48,0.2843013130932533,0.2843013130932533,0.2843013130932533,0.675,0.725,0.675,0.725,169.0,0.0,0.0,0.09237332013099692,43.0,0.0,0.0,0.1292117314800093,0.0
rwc/rwc_classical_CD5_03/track.npy,rwc_classical,0.7996381727725013,0.577006276703948,0.577006276703948,0.577006276703948,0.09129692832764505,0.7081911262798635,0.09129692832764505,0.7081911262798635,0.7681159420289855,0.5457728354782314,0.5457728354782314,0.5457728354782314,0.33447098976109213,0.7679180887372014,0.33447098976109213,0.7679180887372014,1180.0,0.0,0.0,0.10536051565782678,295.0,0.0,0.0,0.11341947723579136,0.0
rwc/rwc_classical_CD6_01/track.npy,rwc_classical,0.4240400667779633,0.3260684109724154,0.45164281052553307,0.38885561074897423,0.0103359173126615,0.012919896640826873,0.09219858156028368,0.4491725768321513,0.19574468085106383,0.14258702119474734,0.14258702119474734,0.14258702119474734,0.023255813953488372,0.10077519379844961,0.023255813953488372,0.10077519379844961,395.0,0.0,0.0,0.09909742711070971,132.0,0.0,0.0,0.14050078756733383,0.0
rwc/rwc_classical_CD6_02/track.npy,rwc_classical,0.5396145610278372,0.36357878604729094,0.4034695925779776,0.38352418931263427,0.007633587786259542,0.07251908396946564,0.05365853658536585,0.07251908396946564,0.2709677419354839,0.19507020378594772,0.20064417435238396,0.19785718906916583,0.022988505747126436,0.034482758620689655,0.10294117647058823,0.10294117647058823,219.0,0.0,0.0,0.11778303565638337,73.0,0.0,0.0,0.06563319299683885,0.0
rwc/rwc_jazz_CD1_05/track.npy,rwc_jazz,0.6036036036036035,0.4410041267975206,0.4410041267975206,0.4410041267975206,0.15789473684210525,0.6023391812865497,0.15789473684210525,0.6023391812865497,0.49549549549549554,0.378209866239927,0.378209866239927,0.378209866239927,0.3157894736842105,0.631578947368421,0.3157894736842105,0.631578947368421,352.0,0.0,0.0,0.08701137698962448,118.0,0.0,0.0,0.07514481865089062,0.0
rwc/rwc_jazz_CD1_08/track.npy,rwc_jazz,0.4708029197080292,0.39628242374299366,0.48779201716526344,0.4420372204541285,0.08139534883720931,0.0872093023255814,0.35135135135135137,0.4201474201474201,0.4361702127659574,0.37360900859900303,0.37360900859900303,0.37360900859900303,0.5,0.5098039215686274,0.5,0.5098039215686274,351.0,0.0,0.0,0.08455738802806617,88.0,0.0,0.0,0.1790102501064489,0.0
rwc/rwc_jazz_CD2_04/track.npy,rwc_jazz,0.9568034557235421,0.8206483187449426,0.8206483187449426,0.8206483187449426,0.6064516129032258,0.9612903225806452,0.6064516129032258,0.9612903225806452,0.6264367816091954,0.5509483213710467,0.8228756044511769,0.6869119629111118,0.0,0.0,0.9914529914529915,0.9914529914529915,473.0,0.0,0.0,0.0896121586896903,119.0,0.0,0.0,0.05003178384482003,0.0
rwc/rwc_jazz_CD3_04/track.npy,rwc_jazz,0.6695371367061357,0.5708312282045359,0.8385496539673077,0.7046904410859218,0.024271844660194174,0.024271844660194174,0.6940418679549114,0.9484702093397746,0.9806451612903225,0.8203647738085474,0.8203647738085474,0.8203647738085474,0.9487179487179487,0.9487179487179487,0.9487179487179487,0.9487179487179487,624.0,0.0,0.0,0.11122563511020256,156.0,0.0,0.0,0.0402738991379607,0.0
rwc/rwc_jazz_CD3_06/track.npy,rwc_jazz,0.3971880492091388,0.3400020128702846,0.576517315050569,0.45825966396042683,0.0,0.0,0.0,0.0,0.6608187134502924,0.5751647333483098,0.8458559371171163,0.710510335232713,0.0,0.0,0.9956140350877193,0.9956140350877193,926.0,0.0,0.0,0.06062462181654982,231.0,0.0,0.0,0.06062462181642935,0.0
rwc/rwc_jazz_CD3_09/track.npy,rwc_jazz,0.6943573667711599,0.5866157907655819,0.7783886047123599,0.6825021977389709,0.058394160583941604,0.10462287104622871,0.2105843439911797,0.7905181918412348,0.8729792147806005,0.7278718216585679,0.7278718216585679,0.7278718216585679,0.7973568281938326,0.7973568281938326,0.7973568281938326,0.7973568281938326,827.0,0.0,0.0,0.1053605156580315,207.0,0.0,0.0,0.05392297315726051,0.0
rwc/rwc_jazz_CD3_10/track.npy,rwc_jazz,0.9934640522875817,0.8371354630401228,0.8371354630401228,0.8371354630401228,0.402315484804631,0.9884225759768451,0.402315484804631,0.9884225759768451,0.989106753812636,0.8084029784667961,0.8084029784667961,0.8084029784667961,0.9956521739130435,0.9956521739130435,0.9956521739130435,0.9956521739130435,702.0,0.0,0.0,0.09097177820577373,234.0,0.0,0.0,0.03147581316881032,0.0
rwc/rwc_jazz_CD4_07/track.npy,rwc_jazz,0.9557251908396946,0.7429807765010559,0.7429807765010559,0.7429807765010559,0.9223880597014925,0.9238805970149254,0.9223880597014925,0.9238805970149254,0.9422492401215805,0.7668531348285754,0.7668531348285754,0.7668531348285754,0.9281437125748503,0.9281437125748503,0.9281437125748503,0.9281437125748503,680.0,0.0,0.0,0.08004270767346344,170.0,0.0,0.0,0.030153038170698015,0.0
rwc/rwc_jazz_CD4_15/track.npy,rwc_jazz,0.9596638655462184,0.7613759884374828,0.7613759884374828,0.7613759884374828,0.5570032573289903,0.8583061889250815,0.5570032573289903,0.8583061889250815,0.9494949494949494,0.7634142031840808,0.7634142031840808,0.7634142031840808,0.7516339869281046,0.869281045751634,0.7516339869281046,0.869281045751634,590.0,0.0,0.0,0.10536051565784188,148.0,0.0,0.0,0.02631730831737744,0.0
rwc/rwc_popular_CD1_05/track.npy,rwc_popular,0.9550102249488751,0.6773935182410081,0.6773935182410081,0.6773935182410081,0.4543610547667343,0.9574036511156186,0.4543610547667343,0.9574036511156186,0.9590163934426229,0.6564819821712924,0.6564819821712924,0.6564819821712924,0.983739837398374,0.983739837398374,0.983739837398374,0.983739837398374,504.0,0.0,0.0,0.09097177820570901,126.0,0.0,0.0,0.04487644406855849,0.0
rwc/rwc_popular_CD1_11/track.npy,rwc_popular,0.9987129987129987,0.9554835963657038,0.9554835963657038,0.9554835963657038,0.9974293059125964,0.9974293059125964,0.9974293059125964,0.9974293059125964,1.0,0.9797266495155481,0.9797266495155481,0.9797266495155481,1.0,1.0,1.0,1.0,396.0,0.0,0.0,0.08961215868965555,99.0,0.0,0.0,0.014948095646241399,0.0
rwc/rwc_popular_CD2_01/track.npy,rwc_popular,0.9918478260869567,0.9591236254270635,0.9591236254270635,0.9591236254270635,0.9811320754716981,0.9811320754716981,0.9811320754716981,0.9811320754716981,0.9837837837837837,0.9618482987220286,0.9618482987220286,0.9618482987220286,0.978494623655914,0.978494623655914,0.978494623655914,0.978494623655914,379.0,0.0,0.0,0.06453852113758152,95.0,0.0,0.0,0.008097210232634988,0.0
rwc/rwc_popular_CD2_03/track.npy,rwc_popular,0.9942291838417148,0.9240266207188851,0.9240266207188851,0.9240266207188851,0.9654605263157895,0.9884868421052632,0.9654605263157895,0.9884868421052632,0.9702970297029704,0.8787686721967762,0.8787686721967762,0.8787686721967762,0.9605263157894737,0.9605263157894737,0.9605263157894737,0.9605263157894737,619.0,0.0,0.0,0.08701137698963728,155.0,0.0,0.0,0.010810916104236568,0.0
rwc/rwc_popular_CD3_09/track.npy,rwc_popular,0.9664694280078896,0.944244942618186,0.944244942618186,0.944244942618186,0.421875,0.916015625,0.421875,0.916015625,0.9644268774703557,0.9444793720644588,0.9444793720644588,0.9444793720644588,0.5,0.921875,0.5,0.921875,519.0,0.0,0.0,9.459100169806334e-14,130.0,0.0,0.0,2.3675506000131463e-14,0.0
rwc/rwc_popular_CD4_02/track.npy,rwc_popular,0.6534466477809253,0.586646684774914,0.7810221733880988,0.6838344290815064,0.0,0.0,0.29608938547486036,0.8379888268156425,0.5606060606060607,0.5120933768410496,0.5170433824734252,0.5145683796572373,0.0,0.0,0.3707865168539326,0.6741573033707865,368.0,0.0,0.0,0.07927229103918193,92.0,0.0,0.0,0.17315821369708434,0.0
rwc/rwc_popular_CD4_05/track.npy,rwc_popular,0.9901639344262295,0.9131979182410344,0.9131979182410344,0.9131979182410344,0.982646420824295,0.982646420824295,0.982646420824295,0.982646420824295,0.9868995633187774,0.8901801473903902,0.8901801473903902,0.8901801473903902,0.991304347826087,0.991304347826087,0.991304347826087,0.991304347826087,472.0,0.0,0.0,0.08701137698961359,118.0,0.0,0.0,0.02197890671878655,0.0
rwc/rwc_popular_CD4_08/track.npy,rwc_popular,0.9842931937172774,0.8461948201956553,0.8461948201956553,0.8461948201956553,0.9690721649484536,0.9690721649484536,0.9690721649484536,0.9690721649484536,0.9842931937172774,0.8665264809857092,0.8665264809857092,0.8665264809857092,0.9690721649484536,0.9690721649484536,0.9690721649484536,0.9690721649484536,394.0,0.0,0.0,0.10008345855696196,99.0,0.0,0.0,0.026226538532134535,0.0
rwc/rwc_popular_CD4_16/track.npy,rwc_popular,0.9872340425531915,0.9360011894224242,0.9360011894224242,0.9360011894224242,0.9705882352941176,0.9705882352941176,0.9705882352941176,0.9705882352941176,0.9872340425531915,0.9351471322098156,0.9351471322098156,0.9351471322098156,0.9747899159663865,0.9747899159663865,0.9747899159663865,0.9747899159663865,484.0,0.0,0.0,0.06669137449861201,121.0,0.0,0.0,0.008714870468153304,0.0
rwc/rwc_popular_CD5_15/track.npy,rwc_popular,0.8863346104725415,0.7960384315939298,0.7960384315939298,0.7960384315939298,0.616751269035533,0.8781725888324873,0.616751269035533,0.8781725888324873,0.8832487309644671,0.7804571559332163,0.7804571559332163,0.7804571559332163,0.9797979797979798,0.9797979797979798,0.9797979797979798,0.9797979797979798,402.0,0.0,0.0,0.06911617611169994,101.0,0.0,0.0,0.08273494986755185,0.0
rwc/rwc_popular_CD7_06/track.npy,rwc_popular,0.9974468085106384,0.9345283945361055,0.9345283945361055,0.9345283945361055,0.9949066213921901,0.9949066213921901,0.9949066213921901,0.9949066213921901,1.0,0.9126519515898578,0.9126519515898578,0.9126519515898578,1.0,1.0,1.0,1.0,597.0,0.0,0.0,0.08701137698961359,150.0,0.0,0.0,0.010810916104236568,0.0
rwc/rwc_royalty-free_CD1_14/track.npy,rwc_royalty-free,0.6615384615384615,0.5573786411006928,0.835264822393544,0.6963217317471184,0.0,0.0,0.9942528735632183,0.9942528735632183,0.6564885496183206,0.5670381270238837,0.8441135754560086,0.7055758512399462,0.0,0.0,1.0,1.0,182.0,0.0,0.0,0.060719408574687855,46.0,0.0,0.0,0.007538725549449099,0.0
tapcorrect/004_youtube_IwOfCgkyEj0/track.npy,tapcorrect,0.9982394366197184,0.9298387026285263,0.9298387026285263,0.9298387026285263,0.7996485061511424,0.9947275922671354,0.7996485061511424,0.9947275922671354,0.9964664310954063,0.9118976244823198,0.9118976244823198,0.9118976244823198,0.795774647887324,0.9859154929577465,0.795774647887324,0.9859154929577465,577.0,0.0,0.0,0.0645385211375583,144.0,0.0,0.0,0.024692612590372476,0.0
tapcorrect/006_youtube_I3gHugP6bPE/track.npy,tapcorrect,0.9205219454329775,0.8425476828685873,0.8425476828685873,0.8425476828685873,0.7511210762331838,0.7511210762331838,0.7511210762331838,0.7511210762331838,0.9290780141843972,0.8441186341843344,0.8441186341843344,0.8441186341843344,0.7516778523489933,0.7516778523489933,0.7516778523489933,0.7516778523489933,404.0,0.0,0.0,0.10008345855699852,135.0,0.0,0.0,0.0612687582770301,0.0
tapcorrect/010_youtube_80tX5MLX8QY/track.npy,tapcorrect,0.9418886198547215,0.8348514969653886,0.8348514969653886,0.8348514969653886,0.46403712296983757,0.8955916473317865,0.46403712296983757,0.8955916473317865,0.923076923076923,0.826313810987281,0.826313810987281,0.826313810987281,0.46296296296296297,0.8981481481481481,0.46296296296296297,0.8981481481481481,441.0,0.0,0.0,0.07696104113612781,111.0,0.0,0.0,0.09587280225089215,0.0
tapcorrect/012_youtube_Va0vs1fhhNI/track.npy,tapcorrect,0.6646433990895296,0.5763000947962551,0.8501170691917694,0.7132085819940123,0.0,0.0,0.8386363636363636,0.990909090909091,0.6585365853658536,0.5818037214768635,0.8611886127389397,0.7214961671079017,0.0,0.0,0.9727272727272728,0.9727272727272728,452.0,0.0,0.0,0.09531017980434109,113.0,0.0,0.0,0.02381064869372229,0.0
tapcorrect/024_youtube_S4X_l8PIobc/track.npy,tapcorrect,0.9892933618843683,0.8920745579980921,0.8920745579980921,0.8920745579980921,0.9829059829059829,0.9829059829059829,0.9829059829059829,0.9829059829059829,0.9830508474576272,0.9150765394671214,0.9150765394671214,0.9150765394671214,1.0,1.0,1.0,1.0,239.0,0.0,0.0,0.07796154146968368,60.0,0.0,0.0,0.03163967081986624,0.0
tapcorrect/029_youtube_41TNDPn9x2Y/track.npy,tapcorrect,0.7653631284916201,0.6983363337734128,0.6983363337734128,0.6983363337734128,0.35903614457831323,0.6,0.35903614457831323,0.6,0.7222222222222222,0.6714058504985493,0.6714058504985493,0.6714058504985493,0.375,0.6153846153846154,0.375,0.6153846153846154,422.0,0.0,0.0,0.08710818244101469,106.0,0.0,0.0,0.10009239129459335,0.0
tapcorrect/030_youtube_U8EDgciZZFc/track.npy,tapcorrect,0.7715827338129496,0.6802476977085682,0.6802476977085682,0.6802476977085682,0.5061946902654867,0.672566371681416,0.5061946902654867,0.672566371681416,0.7455197132616488,0.6693308562520273,0.6693308562520273,0.6693308562520273,0.5140845070422535,0.6901408450704225,0.5140845070422535,0.6901408450704225,569.0,0.0,0.0,0.08869542046462264,143.0,0.0,0.0,0.12684928089414127,0.0
tapcorrect/037_youtube_VYCOg-yglNM/track.npy,tapcorrect,0.6479750778816199,0.5721778265315041,0.8490096219535189,0.7105937242425115,0.0,0.0,0.9373134328358209,0.9373134328358209,0.9585253456221199,0.8716669045781523,0.8716669045781523,0.8716669045781523,0.9375,0.9375,0.9375,0.9375,343.0,0.0,0.0,0.06453852113760372,115.0,0.0,0.0,0.036578974718569045,0.0
tapcorrect/045_youtube_SYUgGs9IStY/track.npy,tapcorrect,0.9892008639308855,0.9112001243953116,0.9112001243953116,0.9112001243953116,0.9786324786324786,0.9786324786324786,0.9786324786324786,0.9786324786324786,0.8035714285714286,0.7466272563765649,0.7466272563765649,0.7466272563765649,0.6896551724137931,0.7241379310344828,0.6896551724137931,0.7241379310344828,236.0,0.0,0.0,0.07061756721395068,59.0,0.0,0.0,0.018949799188843718,0.0
tapcorrect/053_youtube_yuxchcK5Gek/track.npy,tapcorrect,0.9888551165146909,0.8784061871290613,0.8784061871290613,0.8784061871290613,0.9779559118236473,0.9779559118236473,0.9779559118236473,0.9779559118236473,0.991869918699187,0.8752735361972643,0.8752735361972643,0.8752735361972643,0.9838709677419355,0.9838709677419355,0.9838709677419355,0.9838709677419355,508.0,0.0,0.0,0.07927229103913913,127.0,0.0,0.0,0.027190162839941263,0.0
tapcorrect/066_youtube_H4BB9eGUEaE/track.npy,tapcorrect,0.9032258064516129,0.8327579682248062,0.8327579682248062,0.8327579682248062,0.5921450151057401,0.8398791540785498,0.5921450151057401,0.8398791540785498,0.9102564102564101,0.8175535101692669,0.8175535101692669,0.8175535101692669,0.5975609756097561,0.8292682926829268,0.5975609756097561,0.8292682926829268,340.0,0.0,0.0,0.07598590697794559,85.0,0.0,0.0,0.04184384568200806,0.0
tapcorrect/069_youtube_8kl6q_9qZOs/track.npy,tapcorrect,0.9358255451713394,0.8149680901102041,0.8149680901102041,0.8149680901102041,0.8802816901408451,0.8802816901408451,0.8802816901408451,0.8802816901408451,0.935323383084577,0.7727200748165711,0.7727200748165711,0.7727200748165711,0.8826291079812206,0.8826291079812206,0.8826291079812206,0.8826291079812206,852.0,0.0,0.0,0.08338160893903379,213.0,0.0,0.0,0.04822118110331047,0.0
tapcorrect/087_youtube_ej93qIAlhXs/track.npy,tapcorrect,0.9914396887159533,0.8838370397993925,0.8838370397993925,0.8838370397993925,0.9830246913580247,0.9830246913580247,0.9830246913580247,0.9830246913580247,0.9906542056074767,0.8692128091402865,0.8692128091402865,0.8692128091402865,0.9814814814814815,0.9814814814814815,0.9814814814814815,0.9814814814814815,659.0,0.0,0.0,0.09097177820577373,165.0,0.0,0.0,0.035091319811278845,0.0
tapcorrect/093_youtube_C1lbOgBtE3w/track.npy,tapcorrect,0.9271844660194174,0.8548700138264159,0.8548700138264159,0.8548700138264159,0.8867469879518072,0.8867469879518072,0.8867469879518072,0.8867469879518072,0.9029126213592232,0.8426333510264802,0.8426333510264802,0.8426333510264802,0.8846153846153846,0.8846153846153846,0.8846153846153846,0.8846153846153846,412.0,0.0,0.0,0.08019520163788033,103.0,0.0,0.0,0.04706751085797678,0.0
tapcorrect/097_youtube_Nco69szMp0Y/track.npy,tapcorrect,0.9292929292929294,0.8156431531730222,0.8156431531730222,0.8156431531730222,0.7780429594272077,0.7780429594272077,0.7780429594272077,0.7780429594272077,0.9346733668341708,0.8236849003028431,0.8236849003028431,0.8236849003028431,0.780952380952381,0.780952380952381,0.780952380952381,0.780952380952381,419.0,0.0,0.0,0.09812746736252365,105.0,0.0,0.0,0.06793303583339927,0.0
