piece,dataset,beat_fmeasure,beat_cemgil,beat_cemgil_max,beat_cemgil_bt_legacy,beat_cmlc,beat_cmlt,beat_amlc,beat_amlt,downbeat_fmeasure,downbeat_cemgil,downbeat_cemgil_max,downbeat_cemgil_bt_legacy,downbeat_cmlc,downbeat_cmlt,downbeat_amlc,downbeat_amlt,beat_diag_count,beat_diag_ibi_lt_140ms,beat_diag_ibi_lt_200ms,beat_diag_log_ibi_jump_p95,downbeat_diag_count,downbeat_diag_ibi_lt_140ms,downbeat_diag_ibi_lt_200ms,downbeat_diag_log_ibi_jump_p95,downbeats_off_beat
asap/Bach_Fugue_bwv_873_Lisiecki13M/track.npy,asap,0.9062499999999999,0.8354236464889921,0.8354236464889921,0.8354236464889921,0.12313432835820895,0.7052238805970149,0.12313432835820895,0.7052238805970149,0.4947368421052632,0.47470565928506914,0.5985902324386366,0.5366479458618529,0.07317073170731707,0.12195121951219512,0.09774436090225563,0.3082706766917293,254.0,0.03162055335968379,0.039525691699604744,1.4469189829363565,130.0,0.007751937984496124,0.007751937984496124,1.1702806801965608,0.0
asap/Bach_Fugue_bwv_874_BianF01/track.npy,asap,0.07380073800738006,0.04429786843274239,0.08641633276753519,0.06535710060013879,0.0,0.0,0.06217616580310881,0.538860103626943,0.0213903743315508,0.010518085444168943,0.027241434631606547,0.018879760037887744,0.0,0.0,0.02158273381294964,0.02877697841726619,183.0,0.0,0.0,0.7047080029610189,142.0,0.0,0.0,0.7865261491072624,0.0
asap/Bach_Fugue_bwv_874_Kurz01M/track.npy,asap,0.6666666666666666,0.6215460692089273,0.90852221085796,0.7650341400334437,0.0,0.0,0.9845360824742269,0.9845360824742269,0.4777777777777778,0.449925202306954,0.663891969144224,0.556908585725589,0.0,0.0,0.12121212121212122,0.3787878787878788,204.0,0.0,0.0,0.10080682001801225,135.0,0.0,0.0,0.7433885259444271,0.0
asap/Bach_Fugue_bwv_874_WongWY01M/track.npy,asap,0.6416382252559727,0.6028026948551997,0.8073797042669023,0.7050911995610509,0.015306122448979591,0.015306122448979591,0.6989795918367347,0.8877551020408163,0.5054945054945055,0.4792932072397796,0.6358102334773269,0.5575517203585533,0.0,0.0,0.12686567164179105,0.40298507462686567,205.0,0.0,0.0,0.5476499827696827,137.0,0.0,0.0,0.7143364285647215,0.0
asap/Bach_Fugue_bwv_875_Ahfat01M/track.npy,asap,0.6996197718631177,0.6533864199615073,0.6976914879124039,0.6755389539369556,0.11875,0.275,0.13170731707317074,0.4195121951219512,0.3130434782608696,0.30135617492458244,0.4067419617018066,0.3540490683131945,0.0,0.0,0.033707865168539325,0.11235955056179775,168.0,0.0,0.005988023952095809,0.7238905646932465,91.0,0.0,0.0,1.3517504508069973,0.0
asap/Bach_Fugue_bwv_875_CaoJ01M/track.npy,asap,0.8376068376068376,0.792439164907697,0.792439164907697,0.792439164907697,0.3484848484848485,0.5075757575757576,0.3484848484848485,0.5075757575757576,0.41904761904761906,0.4043504057883437,0.5920371963694809,0.4981938010789123,0.0,0.0,0.0625,0.175,141.0,0.0,0.0,0.3997868558342231,83.0,0.0,0.0,0.7308875085427984,0.0
asap/Bach_Fugue_bwv_883_GuoE01M/track.npy,asap,0.8585858585858586,0.7917599014500697,0.7917599014500697,0.7917599014500697,0.08695652173913043,0.639751552795031,0.08695652173913043,0.639751552795031,0.4258555133079847,0.3996918340954396,0.5926511750657887,0.49617150458061415,0.0,0.0,0.035897435897435895,0.3076923076923077,330.0,0.05167173252279635,0.05167173252279635,2.3749057545738865,198.0,0.030456852791878174,0.030456852791878174,1.9056263297503548,0.0
asap/Bach_Fugue_bwv_883_Herbert02/track.npy,asap,0.011049723756906079,0.016720738599764112,0.016720738599764112,0.016720738599764112,0.03676470588235294,0.34191176470588236,0.03676470588235294,0.34191176470588236,0.0,0.003696969925129768,0.007590898673041914,0.005643934299085841,0.0,0.0,0.010869565217391304,0.05434782608695652,277.0,0.0,0.0,0.16705408466316232,188.0,0.0,0.0,0.7345554120465916,0.0
asap/Bach_Fugue_bwv_883_KaiRuiR03/track.npy,asap,0.018587360594795536,0.012181653376287285,0.23324987674895176,0.12271576506261953,0.014705882352941176,0.03308823529411765,0.28413284132841327,0.5830258302583026,0.0,0.0019420810887335713,0.0019420810887335713,0.0019420810887335713,0.014492753623188406,0.028985507246376812,0.036231884057971016,0.2246376811594203,273.0,0.0,0.0,0.07278346806795738,142.0,0.0,0.0,0.7271720368603538,0.0
asap/Bach_Fugue_bwv_883_Khmara04/track.npy,asap,0.0,7.903003398667581e-05,0.0032151426731255026,0.0016470863535560892,0.0030959752321981426,0.0030959752321981426,0.034055727554179564,0.2043343653250774,0.0,5.431837319801224e-06,3.0478737939528784e-05,1.7955287629665003e-05,0.0,0.0,0.01020408163265306,0.03571428571428571,335.0,0.0658682634730539,0.0658682634730539,2.374905754573692,200.0,0.02512562814070352,0.02512562814070352,1.8757018374183336,0.0
asap/Bach_Fugue_bwv_883_LuM01M/track.npy,asap,0.9601518026565465,0.8886178120748083,0.8886178120748083,0.8886178120748083,0.5424354243542435,0.8782287822878229,0.5424354243542435,0.8782287822878229,0.4867256637168142,0.4654909613480461,0.6583730052056339,0.56193198327684,0.006329113924050633,0.006329113924050633,0.24050632911392406,0.5063291139240507,269.0,0.0,0.0,0.4373713748085011,162.0,0.0,0.0,0.7556675375412667,0.0
asap/Bach_Fugue_bwv_885_Guo01M/track.npy,asap,0.9453781512605042,0.8723199639619695,0.8723199639619695,0.8723199639619695,0.4214876033057851,0.8884297520661157,0.4214876033057851,0.8884297520661157,0.44036697247706424,0.4059981815959619,0.4059981815959619,0.4059981815959619,0.014598540145985401,0.058394160583941604,0.029197080291970802,0.058394160583941604,241.0,0.0,0.0,0.3159119134859601,142.0,0.0,0.0,1.0562886563881275,0.0
asap/Bach_Fugue_bwv_885_Huang04M/track.npy,asap,0.8560460652591171,0.79771112161716,0.79771112161716,0.79771112161716,0.12589928057553956,0.6762589928057554,0.12589928057553956,0.6762589928057554,0.5461847389558233,0.5183950297505805,0.5183950297505805,0.5183950297505805,0.011904761904761904,0.07142857142857142,0.017857142857142856,0.10119047619047619,286.0,0.04912280701754386,0.056140350877192984,2.0794415416797523,171.0,0.01764705882352941,0.023529411764705882,1.5289600204811633,0.0
asap/Bach_Fugue_bwv_885_JeonH01M/track.npy,asap,0.9064449064449064,0.8319552247270813,0.8319552247270813,0.8319552247270813,0.29045643153526973,0.8506224066390041,0.29045643153526973,0.8506224066390041,0.34389140271493207,0.3134239876731839,0.3134239876731839,0.3134239876731839,0.014285714285714285,0.014285714285714285,0.02142857142857143,0.08571428571428572,248.0,0.0,0.0,0.4519851237430815,144.0,0.0,0.0,1.1100220415098812,0.0
asap/Bach_Fugue_bwv_885_SINKEV06/track.npy,asap,0.06779661016949153,0.07546816566550743,0.07546816566550743,0.07546816566550743,0.024896265560165973,0.34439834024896265,0.024896265560165973,0.34439834024896265,0.018604651162790694,0.028330920191016747,0.03145661152611693,0.02989376585856684,0.007462686567164179,0.014925373134328358,0.024844720496894408,0.05223880597014925,240.0,0.0,0.0,0.6331222484280844,139.0,0.0,0.0,1.1231890127642843,0.0
asap/Bach_Prelude_bwv_857_Bult-ItoS02M/track.npy,asap,1.0,0.9370556876294903,0.9370556876294903,0.9370556876294903,1.0,1.0,1.0,1.0,0.5,0.45232513683063535,0.535300333346702,0.4938127350886687,0.0,0.0,0.2553191489361702,0.5531914893617021,85.0,0.0,0.0,0.15339595926372496,49.0,0.0,0.0,0.738976174042147,0.0
asap/Bach_Prelude_bwv_857_Lan01M/track.npy,asap,0.8148148148148148,0.7750804334105009,0.7750804334105009,0.7750804334105009,0.12962962962962962,0.4722222222222222,0.13043478260869565,0.4722222222222222,0.5128205128205128,0.48989489860414054,0.6170273679108336,0.553461133257487,0.0,0.0,0.14035087719298245,0.38596491228070173,115.0,0.0,0.0,0.7091475219063764,60.0,0.0,0.0,0.708933335184837,0.0
asap/Bach_Prelude_bwv_857_Lisiecki04M/track.npy,asap,0.8876404494382022,0.8274277240086715,0.8274277240086715,0.8274277240086715,0.3645833333333333,0.6979166666666666,0.3645833333333333,0.6979166666666666,0.46341463414634154,0.4423919101515862,0.5706205083922522,0.5065062092719192,0.0,0.0,0.13114754098360656,0.22950819672131148,100.0,0.030303030303030304,0.030303030303030304,2.1085261669032285,64.0,0.031746031746031744,0.031746031746031744,2.5772456462880444,0.0
asap/Bach_Prelude_bwv_857_ToA01M/track.npy,asap,0.8421052631578947,0.7948305663258898,0.7948305663258898,0.7948305663258898,0.12037037037037036,0.5370370370370371,0.12037037037037036,0.5370370370370371,0.44680851063829785,0.4291875349813899,0.48229574885198906,0.4557416419166895,0.0,0.0,0.0547945205479452,0.1643835616438356,116.0,0.034782608695652174,0.034782608695652174,2.0476928433651187,78.0,0.012987012987012988,0.012987012987012988,1.3683295330324816,0.0
asap/Bach_Prelude_bwv_857_WangA01M/track.npy,asap,0.7368421052631579,0.6743086947050526,0.6812489658441326,0.6777788302745926,0.047244094488188976,0.28346456692913385,0.049079754601226995,0.44171779141104295,0.37837837837837834,0.35018799590626765,0.4965473364619908,0.42336766618412924,0.0,0.0,0.022222222222222223,0.07777777777777778,131.0,0.046153846153846156,0.046153846153846156,2.1281249782364147,92.0,0.01098901098901099,0.01098901098901099,1.3054243591014698,0.0
asap/Bach_Prelude_bwv_857_YuP01M/track.npy,asap,0.9411764705882353,0.8562142918752181,0.8562142918752181,0.8562142918752181,0.7752808988764045,0.8089887640449438,0.7752808988764045,0.8089887640449438,0.4772727272727273,0.4191001554974784,0.5141265496573965,0.4666133525774374,0.0,0.0,0.04477611940298507,0.23880597014925373,96.0,0.0,0.0,0.22432798560869713,70.0,0.0,0.0,0.7639354084799277,0.0
asap/Bach_Prelude_bwv_864_SunD01M/track.npy,asap,0.7076923076923077,0.6726339021776806,0.7198157397164915,0.696224820947086,0.1588785046728972,0.4205607476635514,0.1588785046728972,0.4205607476635514,0.20689655172413793,0.2017343830747377,0.3364435651249444,0.26908897409984106,0.0,0.0,0.046511627906976744,0.09302325581395349,114.0,0.0,0.0,0.7555330570708888,38.0,0.0,0.0,0.5673106705360806,0.0
asap/Bach_Prelude_bwv_865_Rizikov01M/track.npy,asap,0.7872340425531915,0.6966216146891343,0.6966216146891343,0.6966216146891343,0.14285714285714285,0.41964285714285715,0.14285714285714285,0.41964285714285715,0.5,0.43793009212472783,0.43793009212472783,0.43793009212472783,0.045454545454545456,0.09090909090909091,0.045454545454545456,0.09090909090909091,119.0,0.07627118644067797,0.1271186440677966,1.1810732415435938,69.0,0.014705882352941176,0.04411764705882353,1.4706117673987507,0.0
asap/Bach_Prelude_bwv_865_Teo01M/track.npy,asap,0.6632653061224489,0.5591406859873169,0.5591406859873169,0.5591406859873169,0.0743801652892562,0.30578512396694213,0.0743801652892562,0.30578512396694213,0.475,0.4192234495273766,0.4192234495273766,0.4192234495273766,0.03636363636363636,0.10909090909090909,0.03636363636363636,0.10909090909090909,130.0,0.10852713178294573,0.1937984496124031,2.0030374774557833,58.0,0.017543859649122806,0.05263157894736842,1.8820020621852365,0.0
asap/Bach_Prelude_bwv_865_ZhangE01M/track.npy,asap,0.8505747126436782,0.7938198114956774,0.7938198114956774,0.7938198114956774,0.14285714285714285,0.5408163265306123,0.14285714285714285,0.5408163265306123,0.5609756097560976,0.5232721567295544,0.5232721567295544,0.5232721567295544,0.03571428571428571,0.07142857142857142,0.03571428571428571,0.07142857142857142,104.0,0.038834951456310676,0.0970873786407767,1.126972603660311,60.0,0.0,0.01694915254237288,1.1905037317067648,0.0
asap/Bach_Prelude_bwv_867_HuNY01M/track.npy,asap,0.5844155844155845,0.5634230669613747,0.6386817523090528,0.6010524096352137,0.05092592592592592,0.125,0.08796296296296297,0.3101851851851852,0.3833333333333333,0.36971898206633286,0.3970028769548438,0.3833609295105883,0.0,0.0,0.010309278350515464,0.030927835051546393,221.0,0.0,0.0,0.6931471805599297,101.0,0.0,0.0,0.7686498019068728,0.0
asap/Bach_Prelude_bwv_867_Sham01M/track.npy,asap,0.5798045602605864,0.5448993941579702,0.7599160787631657,0.6524077364605679,0.004651162790697674,0.004651162790697674,0.20465116279069767,0.6325581395348837,0.3559322033898305,0.33614862130439743,0.44629921358453795,0.3912239174444677,0.0,0.0,0.010526315789473684,0.021052631578947368,220.0,0.0091324200913242,0.0091324200913242,0.8710328945331655,97.0,0.0,0.0,0.7373070001270032,0.0
asap/Bach_Prelude_bwv_875_Ahfat01M/track.npy,asap,0.7378640776699028,0.6370322324986603,0.6370322324986603,0.6370322324986603,0.06639004149377593,0.35269709543568467,0.06639004149377593,0.35269709543568467,0.7132867132867133,0.6314861162118087,0.6314861162118087,0.6314861162118087,0.09302325581395349,0.3953488372093023,0.09302325581395349,0.3953488372093023,251.0,0.08,0.16,1.6094379124341227,92.0,0.01098901098901099,0.03296703296703297,1.6625834199787624,0.0
asap/Bach_Prelude_bwv_875_CaoJ01M/track.npy,asap,0.8815426997245179,0.7796481496769675,0.7796481496769675,0.7796481496769675,0.1518324607329843,0.680628272251309,0.1518324607329843,0.680628272251309,0.7938931297709924,0.7302822875205092,0.7302822875205092,0.7302822875205092,0.2191780821917808,0.5342465753424658,0.2191780821917808,0.5342465753424658,200.0,0.020100502512562814,0.09045226130653267,0.9195875678819826,78.0,0.0,0.0,0.8244239699349974,0.0
asap/Bach_Prelude_bwv_875_HONG04M/track.npy,asap,0.815347721822542,0.7195681599254373,0.7195681599254373,0.7195681599254373,0.09387755102040816,0.4530612244897959,0.09387755102040816,0.4530612244897959,0.7012987012987013,0.6388191075330764,0.6388191075330764,0.6388191075330764,0.0625,0.23958333333333334,0.0625,0.23958333333333334,254.0,0.07905138339920949,0.21739130434782608,1.011600911678447,101.0,0.03,0.04,1.4855261695744062,0.0
asap/Balakirev_Islamey_CHEN10M/track.npy,asap,0.6734201640135071,0.5275635367130231,0.5275635367130231,0.5275635367130231,0.034482758620689655,0.3955938697318008,0.034482758620689655,0.3955938697318008,0.5150115473441108,0.41258236224084693,0.41258236224084693,0.41258236224084693,0.015209125475285171,0.20912547528517111,0.015209125475285171,0.20912547528517111,1052.0,0.20361560418648905,0.23311132254995243,1.899429719750863,529.0,0.10984848484848485,0.12878787878787878,2.4181376351039354,0.0
asap/Balakirev_Islamey_Na08M/track.npy,asap,0.6758817921830313,0.5145104300759781,0.5145104300759781,0.5145104300759781,0.013992537313432836,0.3031716417910448,0.013992537313432836,0.3031716417910448,0.5324232081911263,0.44028281014957227,0.44028281014957227,0.44028281014957227,0.014814814814814815,0.24074074074074073,0.01624815361890694,0.24074074074074073,1086.0,0.24331797235023042,0.26912442396313363,1.9799634024400992,545.0,0.15441176470588236,0.17095588235294118,2.4997830215439047,0.0
asap/Balakirev_Islamey_Yi04M/track.npy,asap,0.7138863000931965,0.586139983951854,0.586139983951854,0.586139983951854,0.0242152466367713,0.452914798206278,0.0242152466367713,0.452914798206278,0.5423340961098398,0.4640551805160472,0.4640551805160472,0.4640551805160472,0.016853932584269662,0.21161048689138576,0.023564064801178203,0.21161048689138576,1127.0,0.12788632326820604,0.15808170515097691,1.6753593522065984,540.0,0.07421150278293136,0.08348794063079777,2.3025850929936547,0.0
asap/Beethoven_Piano_Sonatas_24-2_Lisiecki05M/track.npy,asap,0.7248322147651005,0.5796539095475371,0.5796539095475371,0.5796539095475371,0.04336734693877551,0.4413265306122449,0.04336734693877551,0.4413265306122449,0.6276595744680852,0.5303472857921917,0.5303472857921917,0.5303472857921917,0.06532663316582915,0.40703517587939697,0.06532663316582915,0.40703517587939697,402.0,0.2344139650872818,0.2593516209476309,1.611398948091783,204.0,0.16748768472906403,0.18719211822660098,2.3795461341302353,0.0
asap/Beethoven_Piano_Sonatas_4-1_Chon03M/track.npy,asap,0.8018867924528301,0.6760222124979918,0.6760222124979918,0.6760222124979918,0.03880983182406209,0.6235446313065977,0.03880983182406209,0.6235446313065977,0.6164978292329956,0.5474307875353773,0.5474307875353773,0.5474307875353773,0.03651685393258427,0.31741573033707865,0.03651685393258427,0.31741573033707865,781.0,0.11538461538461539,0.14615384615384616,1.704748092238459,339.0,0.05621301775147929,0.07100591715976332,2.289139398340948,0.0
asap/Beethoven_Piano_Sonatas_4-1_LeeE02M/track.npy,asap,0.8313090418353576,0.7385951209025134,0.7385951209025134,0.7385951209025134,0.054474708171206226,0.6394293125810635,0.054474708171206226,0.6394293125810635,0.6916890080428955,0.6433936706008716,0.6433936706008716,0.6433936706008716,0.035897435897435895,0.3769230769230769,0.035897435897435895,0.3769230769230769,792.0,0.05309734513274336,0.12389380530973451,1.3217558399823313,395.0,0.015228426395939087,0.03553299492385787,1.37973691880061,0.0
asap/Beethoven_Piano_Sonatas_4-1_LiA04M/track.npy,asap,0.7804551539491299,0.6557613247804531,0.6557613247804531,0.6557613247804531,0.04086845466155811,0.5504469987228607,0.04086845466155811,0.5504469987228607,0.6542857142857142,0.5814193354737044,0.5814193354737044,0.5814193354737044,0.0449438202247191,0.38202247191011235,0.0449438202247191,0.38202247191011235,794.0,0.10844892812105927,0.1626733921815889,1.6270872333531845,347.0,0.046242774566473986,0.06358381502890173,2.2985445515305143,0.0
asap/Beethoven_Piano_Sonatas_4-1_SirajA02M/track.npy,asap,0.8241683638832316,0.6965519826921971,0.6965519826921971,0.6965519826921971,0.051248357424441525,0.6583442838370565,0.051248357424441525,0.6583442838370565,0.661111111111111,0.5908238119862709,0.5908238119862709,0.5908238119862709,0.04120879120879121,0.37637362637362637,0.04120879120879121,0.37637362637362637,770.0,0.08322496749024708,0.11183355006501951,1.4350845252896018,369.0,0.03804347826086957,0.04891304347826087,1.6940708087075393,0.0
asap/Chopin_Ballades_4_ChenC04M/track.npy,asap,0.6126543209876544,0.5189483429528117,0.5189483429528117,0.5189483429528117,0.01838235294117647,0.27328431372549017,0.01838235294117647,0.27328431372549017,0.4676470588235294,0.3994585128903081,0.4049721613775179,0.402215337133913,0.013636363636363636,0.1431818181818182,0.020876826722338204,0.2546972860125261,822.0,0.22168087697929353,0.23751522533495736,2.0624720340326457,442.0,0.13151927437641722,0.14058956916099774,2.251291798605995,0.0
asap/Chopin_Ballades_4_Kociuban07M/track.npy,asap,0.6309813463098134,0.5375989713811286,0.5375989713811286,0.5375989713811286,0.0199468085106383,0.32978723404255317,0.0199468085106383,0.32978723404255317,0.48175182481751816,0.40008213173185897,0.40008213173185897,0.40008213173185897,0.018018018018018018,0.14864864864864866,0.029106029106029108,0.30561330561330563,755.0,0.16578249336870027,0.1830238726790451,2.108189589659388,447.0,0.09417040358744394,0.10986547085201794,2.1266380719193134,0.0
asap/Chopin_Ballades_4_Levitsky18M/track.npy,asap,0.6881143878462913,0.5903342542618693,0.5903342542618693,0.5903342542618693,0.04538341158059468,0.4241001564945227,0.04538341158059468,0.4241001564945227,0.5263157894736841,0.4560542824304396,0.4560542824304396,0.4560542824304396,0.019021739130434784,0.20380434782608695,0.019021739130434784,0.22964509394572025,642.0,0.0,0.0093603744149766,0.7314400003520933,370.0,0.0,0.008130081300813009,1.2788810536536426,0.0
asap/Chopin_Ballades_4_LuEric04M/track.npy,asap,0.6449563145353455,0.5393903393376817,0.5393903393376817,0.5393903393376817,0.03465982028241335,0.31065468549422337,0.03465982028241335,0.31065468549422337,0.4977777777777777,0.4152656404079237,0.4152656404079237,0.4152656404079237,0.020689655172413793,0.167816091954023,0.020876826722338204,0.2818371607515658,784.0,0.1673052362707535,0.18773946360153257,1.7917594692278607,439.0,0.07990867579908675,0.091324200913242,2.0534708847729832,0.0
asap/Chopin_Ballades_4_MiyashitaM04M/track.npy,asap,0.6042296072507553,0.5166918920454798,0.5166918920454798,0.5166918920454798,0.04976303317535545,0.283175355450237,0.04976303317535545,0.283175355450237,0.4926253687315633,0.4060566205505822,0.42184728739017424,0.4139519539703782,0.0273972602739726,0.16210045662100456,0.0273972602739726,0.2881002087682672,847.0,0.15839243498817968,0.18912529550827423,1.8562979903656047,441.0,0.08636363636363636,0.10227272727272728,2.1435347192952863,0.0
asap/Chopin_Ballades_4_Mizumoto02M/track.npy,asap,0.6443514644351465,0.5458651240017007,0.5458651240017007,0.5458651240017007,0.03776223776223776,0.3356643356643357,0.03776223776223776,0.3356643356643357,0.47751937984496123,0.4035439659789911,0.4035439659789911,0.4035439659789911,0.012345679012345678,0.16296296296296298,0.016701461377870562,0.23382045929018788,723.0,0.0,0.008310249307479225,0.7318616927406736,407.0,0.0,0.007389162561576354,1.124009816561034,0.0
asap/Chopin_Ballades_4_Nikiforov13M/track.npy,asap,0.6334208223972002,0.5303733825784223,0.5303733825784223,0.5303733825784223,0.05731523378582202,0.3559577677224736,0.05731523378582202,0.3559577677224736,0.47770700636942676,0.3902854799530297,0.3902854799530297,0.3902854799530297,0.015463917525773196,0.14432989690721648,0.015463917525773196,0.27348643006263046,669.0,0.0,0.01347305389221557,0.7330446751189799,391.0,0.0,0.005128205128205128,1.1242681487863155,0.0
asap/Chopin_Etudes_op_25_11_KimSuyeon03M/track.npy,asap,0.7601476014760148,0.6249475380730756,0.6249475380730756,0.6249475380730756,0.036613272311212815,0.5080091533180778,0.036613272311212815,0.5080091533180778,0.5894736842105263,0.5194110882807307,0.6003357966832776,0.5598734424820042,0.015706806282722512,0.09424083769633508,0.06282722513089005,0.5654450261780105,442.0,0.19954648526077098,0.24036281179138322,1.7513278355302297,195.0,0.06701030927835051,0.07731958762886598,2.278091896281938,0.0
asap/Chopin_Etudes_op_25_11_KyykhynenT10M/track.npy,asap,0.9202614379084968,0.7465271688825498,0.7465271688825498,0.7465271688825498,0.28350515463917525,0.845360824742268,0.28350515463917525,0.845360824742268,0.5659163987138264,0.487964025722866,0.6743179336050472,0.5811409796639566,0.004629629629629629,0.013888888888888888,0.09259259259259259,0.6064814814814815,396.0,0.0,0.007594936708860759,0.4244623582224478,220.0,0.0,0.0,0.8615267524931836,0.0
asap/Chopin_Etudes_op_25_11_Lisiecki07M/track.npy,asap,0.7591933570581257,0.6588809640507193,0.6588809640507193,0.6588809640507193,0.04946236559139785,0.5591397849462365,0.04946236559139785,0.5591397849462365,0.5,0.4513279921073124,0.6016393610512418,0.5264836765792771,0.004081632653061225,0.012244897959183673,0.08571428571428572,0.5142857142857142,468.0,0.20556745182012848,0.23768736616702354,1.832581463748331,248.0,0.10931174089068826,0.12955465587044535,2.141374952531258,0.0
asap/Chopin_Etudes_op_25_11_MiyashitaM03M/track.npy,asap,0.7862068965517242,0.6491556925173951,0.6491556925173951,0.6491556925173951,0.05476673427991886,0.5720081135902637,0.05476673427991886,0.5720081135902637,0.5116279069767442,0.4477204175548041,0.6292435303733526,0.5384819739640783,0.008032128514056224,0.008032128514056224,0.060240963855421686,0.5020080321285141,497.0,0.20161290322580644,0.24193548387096775,1.8718021769014614,253.0,0.08333333333333333,0.09523809523809523,2.0774845920193266,0.0
asap/Chopin_Etudes_op_25_11_Richardson_2013_08M/track.npy,asap,0.9028871391076115,0.7652342914314906,0.7652342914314906,0.7652342914314906,0.23636363636363636,0.8389610389610389,0.23636363636363636,0.8389610389610389,0.6007067137809188,0.5310795658886465,0.714100220451494,0.6225898931700702,0.015957446808510637,0.05851063829787234,0.13756613756613756,0.7037037037037037,393.0,0.0,0.007653061224489796,0.5007583963059546,192.0,0.0,0.005235602094240838,1.0296194171811552,0.0
asap/Chopin_Etudes_op_25_11_Richardson_2015_03M/track.npy,asap,0.7822120866590649,0.6490358155465746,0.6490358155465746,0.6490358155465746,0.1,0.54,0.1,0.54,0.4804469273743017,0.42662017275595493,0.5732981659393289,0.49995916934764195,0.0038022813688212928,0.0076045627376425855,0.09885931558935361,0.4448669201520912,507.0,0.2015810276679842,0.2391304347826087,1.6582280766035575,266.0,0.08679245283018867,0.09811320754716982,2.174751721484212,0.0
asap/Chopin_Etudes_op_25_11_Sham02M/track.npy,asap,0.7939110070257611,0.650238621988754,0.650238621988754,0.650238621988754,0.07352941176470588,0.5819327731092437,0.07352941176470588,0.5819327731092437,0.52046783625731,0.4539629595032192,0.5917554963096912,0.5228592279064552,0.004048582995951417,0.016194331983805668,0.05668016194331984,0.5870445344129555,479.0,0.2175732217573222,0.25523012552301255,1.7491998548094752,250.0,0.14859437751004015,0.1606425702811245,2.4638532405903644,0.0
asap/Chopin_Etudes_op_25_11_Shychko03M/track.npy,asap,0.8246318607764391,0.673724129392314,0.673724129392314,0.673724129392314,0.0797872340425532,0.7393617021276596,0.0797872340425532,0.7393617021276596,0.5957446808510637,0.5024228279358339,0.5935056093942018,0.5479642186650179,0.026595744680851064,0.07446808510638298,0.14361702127659576,0.6702127659574468,376.0,0.0,0.013333333333333334,0.6380415585283454,192.0,0.0,0.0,0.9152319366141607,0.0
asap/Chopin_Etudes_op_25_11_Song02M/track.npy,asap,0.8390243902439024,0.7216220768848766,0.7216220768848766,0.7216220768848766,0.06561085972850679,0.6787330316742082,0.06561085972850679,0.6787330316742082,0.5256797583081572,0.4569098003606134,0.6032383322398773,0.5300740663002453,0.00423728813559322,0.01694915254237288,0.08050847457627118,0.5042372881355932,445.0,0.12837837837837837,0.14189189189189189,1.7917594692280843,239.0,0.07142857142857142,0.07142857142857142,2.5257286443082765,0.0
asap/Chopin_Etudes_op_25_11_WangA02M/track.npy,asap,0.7596899224806202,0.6403788754556563,0.6403788754556563,0.6403788754556563,0.03977272727272727,0.48863636363636365,0.03977272727272727,0.48863636363636365,0.484149855907781,0.4379150708492887,0.6095201008687882,0.5237175858590384,0.0,0.0,0.05533596837944664,0.5296442687747036,535.0,0.21910112359550563,0.26779026217228463,1.7917594692279186,257.0,0.10546875,0.12109375,2.0886730392798816,0.0
asap/Chopin_Etudes_op_25_1_LeeN03M/track.npy,asap,0.5824915824915825,0.44528105843512455,0.5244464496225124,0.4848637540288185,0.014742014742014743,0.1375921375921376,0.014742014742014743,0.21867321867321868,0.3925233644859813,0.33447481401322654,0.40325734145731046,0.36886607773526847,0.0,0.0,0.03592814371257485,0.24550898203592814,421.0,0.29523809523809524,0.3619047619047619,1.760368553048297,176.0,0.13142857142857142,0.13142857142857142,2.6390573296152837,0.0
asap/Chopin_Etudes_op_25_1_TongB02M/track.npy,asap,0.5812274368231047,0.4245520983348834,0.42608576520455554,0.42531893176971947,0.01634877384196185,0.22070844686648503,0.021447721179624665,0.22070844686648503,0.39639639639639646,0.3157615563662829,0.38854362958437566,0.3521525929753293,0.0,0.0,0.06285714285714286,0.3028571428571429,375.0,0.35561497326203206,0.39572192513368987,2.014903020542281,179.0,0.2752808988764045,0.28651685393258425,2.2008944050699264,0.0
asap/Chopin_Etudes_op_25_1_TuanS04M/track.npy,asap,0.7587719298245614,0.6231961549787218,0.6231961549787218,0.6231961549787218,0.048327137546468404,0.4646840148698885,0.048327137546468404,0.4646840148698885,0.46808510638297873,0.4142913324152498,0.4855062233044881,0.449898777859869,0.0070921985815602835,0.0070921985815602835,0.05673758865248227,0.3191489361702128,277.0,0.21014492753623187,0.23550724637681159,2.047692843365197,148.0,0.14285714285714285,0.17687074829931973,1.7917594692280843,0.0
asap/Chopin_Etudes_op_25_1_Wong03M/track.npy,asap,0.6960167714884696,0.6074500743278984,0.6074500743278984,0.6074500743278984,0.06206896551724138,0.3793103448275862,0.06206896551724138,0.3793103448275862,0.4568527918781726,0.3967035463533137,0.5042406753999624,0.4504721108766381,0.006666666666666667,0.006666666666666667,0.07333333333333333,0.4266666666666667,297.0,0.2195945945945946,0.2702702702702703,1.5199545523771758,154.0,0.19607843137254902,0.21568627450980393,1.4201449006768287,0.0
asap/Haydn_Keyboard_Sonatas_31-1_Song05M/track.npy,asap,0.6391096979332274,0.5079094888995981,0.5079094888995981,0.5079094888995981,0.026595744680851064,0.2845744680851064,0.026595744680851064,0.2845744680851064,0.4253393665158371,0.3695916464298408,0.4575523001829334,0.4135719733063871,0.012658227848101266,0.03164556962025317,0.056962025316455694,0.35443037974683544,382.0,0.1942257217847769,0.1994750656167979,2.1747517214841525,161.0,0.0625,0.0625,2.7741391408933995,0.0
asap/Haydn_Keyboard_Sonatas_48-1_GarritsonL02M/track.npy,asap,0.6153846153846155,0.49465010504054874,0.49465010504054874,0.49465010504054874,0.023769100169779286,0.3073005093378608,0.023769100169779286,0.3073005093378608,0.5132743362831858,0.4574457618199859,0.4574457618199859,0.4574457618199859,0.017064846416382253,0.15358361774744028,0.017064846416382253,0.15358361774744028,594.0,0.0,0.008431703204047217,0.8320227407931976,296.0,0.0,0.0,1.455104830438377,0.0
asap/Haydn_Keyboard_Sonatas_48-1_PrjevalskayaM02M/track.npy,asap,0.6559679037111333,0.5013772020867071,0.5013772020867071,0.5013772020867071,0.028790786948176585,0.4088291746641075,0.028790786948176585,0.4088291746641075,0.5777777777777777,0.4578366429254623,0.4578366429254623,0.4578366429254623,0.028455284552845527,0.21544715447154472,0.028455284552845527,0.21544715447154472,526.0,0.0,0.009523809523809525,0.9142772788243196,248.0,0.0,0.008097165991902834,1.5256534025214337,0.0
asap/Rachmaninoff_Preludes_op_23_4_ChenGuang12M/track.npy,asap,0.5187032418952618,0.41828830812886003,0.41828830812886003,0.41828830812886003,0.017777777777777778,0.21777777777777776,0.028409090909090908,0.21777777777777776,0.511904761904762,0.43396670615658534,0.43396670615658534,0.43396670615658534,0.053763440860215055,0.24731182795698925,0.053763440860215055,0.24731182795698925,176.0,0.0,0.0,0.6753820664404356,93.0,0.0,0.0,1.349861879162829,0.0
asap/Rachmaninoff_Preludes_op_23_4_WuuE07M/track.npy,asap,0.6061855670103093,0.504863926506359,0.504863926506359,0.504863926506359,0.04597701149425287,0.2720306513409962,0.04597701149425287,0.2720306513409962,0.492462311557789,0.415478922850538,0.415478922850538,0.415478922850538,0.03225806451612903,0.20161290322580644,0.03225806451612903,0.20161290322580644,265.0,0.0,0.0,0.7710125082785251,126.0,0.0,0.0,1.3430976062405062,0.0
asap/Schubert_Moment_Musical_no_1_MunA10M/track.npy,asap,0.6681715575620768,0.5488099628644991,0.5488099628644991,0.5488099628644991,0.03325942350332594,0.4878048780487805,0.03325942350332594,0.4878048780487805,0.42,0.36294603320942914,0.36294603320942914,0.36294603320942914,0.008032128514056224,0.0963855421686747,0.008032128514056224,0.0963855421686747,443.0,0.0,0.0,0.8574502318512177,255.0,0.0,0.0,1.3476235100626184,0.0
ballroom/ballroom_Albums-Ballroom_Classics4-05/track.npy,ballroom,0.9315068493150684,0.7223682630578867,0.7223682630578867,0.7223682630578867,0.972972972972973,0.972972972972973,0.972972972972973,0.972972972972973,0.9166666666666666,0.8044928780006129,0.8044928780006129,0.8044928780006129,1.0,1.0,1.0,1.0,43.0,0.0,0.0,0.08961215868968525,15.0,0.0,0.0,0.07207514011741199,0.0
ballroom/ballroom_Albums-Ballroom_Magic-02/track.npy,ballroom,0.9722222222222222,0.8792705139742876,0.8792705139742876,0.8792705139742876,1.0,1.0,1.0,1.0,1.0,0.9543946592859726,0.9543946592859726,0.9543946592859726,1.0,1.0,1.0,1.0,44.0,0.0,0.0,0.05715841383994862,15.0,0.0,0.0,0.01923136192788899,0.0
ballroom/ballroom_Albums-Ballroom_Magic-07/track.npy,ballroom,0.9906542056074767,0.7196275500061503,0.7196275500061503,0.7196275500061503,0.9814814814814815,0.9814814814814815,0.9814814814814815,0.9814814814814815,1.0,0.7508977498437587,0.7508977498437587,0.7508977498437587,1.0,1.0,1.0,1.0,59.0,0.0,0.0,0.05107925320310341,14.0,0.0,0.0,0.1909590072986925,0.0
ballroom/ballroom_Albums-Cafe_Paradiso-01/track.npy,ballroom,1.0,0.938455336925797,0.938455336925797,0.938455336925797,1.0,1.0,1.0,1.0,1.0,0.8998726701235829,0.8998726701235829,0.8998726701235829,1.0,1.0,1.0,1.0,51.0,0.0,0.0,0.06669137449867549,13.0,0.0,0.0,0.016949558313772484,0.0
ballroom/ballroom_Albums-Cafe_Paradiso-06/track.npy,ballroom,1.0,0.8019919747425874,0.8019919747425874,0.8019919747425874,1.0,1.0,1.0,1.0,1.0,0.8108655104022068,0.8108655104022068,0.8108655104022068,1.0,1.0,1.0,1.0,61.0,0.0,0.0,0.04082199452025829,16.0,0.0,0.0,0.0371207070550431,0.0
ballroom/ballroom_Albums-Cafe_Paradiso-07/track.npy,ballroom,0.9902912621359222,0.9247653443314954,0.9247653443314954,0.9247653443314954,0.9807692307692307,0.9807692307692307,0.9807692307692307,0.9807692307692307,1.0,0.9245426347671474,0.9245426347671474,0.9245426347671474,1.0,1.0,1.0,1.0,63.0,0.0,0.0,0.04082199452025603,16.0,0.0,0.0,0.020619287202736404,0.0
ballroom/ballroom_Albums-Cafe_Paradiso-12/track.npy,ballroom,0.85,0.8115165558511901,0.8115165558511901,0.8115165558511901,0.675,0.825,0.675,0.825,0.7,0.6846166172381724,0.6846166172381724,0.6846166172381724,0.8,0.8,0.8,0.8,48.0,0.0,0.0,0.4161603972249083,12.0,0.0,0.0,0.11686047673373649,0.0
ballroom/ballroom_Albums-Chrisanne1-03/track.npy,ballroom,0.9705882352941176,0.7367939850167385,0.7367939850167385,0.7367939850167385,1.0,1.0,1.0,1.0,1.0,0.7681901080043254,0.7681901080043254,0.7681901080043254,1.0,1.0,1.0,1.0,42.0,0.0,0.0,0.10836418716373471,14.0,0.0,0.0,0.12583256329516262,0.0
ballroom/ballroom_Albums-Chrisanne1-07/track.npy,ballroom,1.0,0.9393599095410957,0.9393599095410957,0.9393599095410957,1.0,1.0,1.0,1.0,1.0,0.9263619162502073,0.9263619162502073,0.9263619162502073,1.0,1.0,1.0,1.0,90.0,0.0,0.0,0.11778303565638115,30.0,0.0,0.0,0.03973071710255266,0.0
ballroom/ballroom_Albums-Chrisanne1-08/track.npy,ballroom,0.979591836734694,0.838812392207423,0.838812392207423,0.838812392207423,0.9459459459459459,0.9459459459459459,0.9459459459459459,0.9459459459459459,0.96,0.8290348599127246,0.8290348599127246,0.8290348599127246,0.92,0.92,0.92,0.92,79.0,0.0,0.0,0.19313500104800702,26.0,0.0,0.0,0.23024320258042094,0.0
ballroom/ballroom_Albums-Chrisanne3-01/track.npy,ballroom,0.9859154929577464,0.8724924690446327,0.8724924690446327,0.8724924690446327,0.9722222222222222,0.9722222222222222,0.9722222222222222,0.9722222222222222,0.9565217391304348,0.8561493339871423,0.8561493339871423,0.8561493339871423,0.9166666666666666,0.9166666666666666,0.9166666666666666,0.9166666666666666,42.0,0.0,0.0,0.055649279289068876,14.0,0.0,0.0,0.032318371763912265,0.0
ballroom/ballroom_Albums-Chrisanne3-03/track.npy,ballroom,1.0,0.9479535341165044,0.9479535341165044,0.9479535341165044,1.0,1.0,1.0,1.0,0.4444444444444445,0.37955295335251343,0.37955295335251343,0.37955295335251343,0.2,0.3333333333333333,0.2,0.3333333333333333,44.0,0.0,0.0,0.02985296314968583,20.0,0.0,0.0,1.1193432931916503,0.0
ballroom/ballroom_Albums-Commitments-08/track.npy,ballroom,0.8333333333333333,0.8016042733696432,0.8016042733696432,0.8016042733696432,0.417910447761194,0.4925373134328358,0.417910447761194,0.4925373134328358,0.6206896551724138,0.588599764876457,0.588599764876457,0.588599764876457,0.4375,0.4375,0.4375,0.4375,66.0,0.0,0.0,0.6664789334777885,17.0,0.0,0.0,0.4054651081081653,0.0
ballroom/ballroom_Albums-Commitments-11/track.npy,ballroom,1.0,0.9215233045830986,0.9215233045830986,0.9215233045830986,1.0,1.0,1.0,1.0,1.0,0.9526769457573517,0.9526769457573517,0.9526769457573517,1.0,1.0,1.0,1.0,44.0,0.0,0.0,0.058840500022933506,15.0,0.0,0.0,0.023588603729642985,0.0
ballroom/ballroom_Albums-Fire-02/track.npy,ballroom,1.0,0.9215979190957128,0.9215979190957128,0.9215979190957128,1.0,1.0,1.0,1.0,1.0,0.9419119004888353,0.9419119004888353,0.9419119004888353,1.0,1.0,1.0,1.0,52.0,0.0,0.0,0.0689928714869561,13.0,0.0,0.0,0.030494244239719748,0.0
ballroom/ballroom_Albums-Fire-03/track.npy,ballroom,1.0,0.9710741141409439,0.9710741141409439,0.9710741141409439,1.0,1.0,1.0,1.0,1.0,0.9784632641334419,0.9784632641334419,0.9784632641334419,1.0,1.0,1.0,1.0,48.0,0.0,0.0,0.06453852113757488,12.0,0.0,0.0,0.02051187523693065,0.0
ballroom/ballroom_Albums-Fire-12/track.npy,ballroom,1.0,0.8737119947454791,0.8737119947454791,0.8737119947454791,0.4666666666666667,0.92,0.4666666666666667,0.92,1.0,0.901768509039837,0.901768509039837,0.901768509039837,1.0,1.0,1.0,1.0,89.0,0.0,0.0,0.1941560144409639,23.0,0.0,0.0,0.04580953603129598,0.0
ballroom/ballroom_Albums-GloriaEstefan_MiTierra-01/track.npy,ballroom,1.0,0.9451668569002545,0.9451668569002545,0.9451668569002545,1.0,1.0,1.0,1.0,1.0,0.9595958642661484,0.9595958642661484,0.9595958642661484,1.0,1.0,1.0,1.0,43.0,0.0,0.0,0.05884050002293284,11.0,0.0,0.0,0.01586429386015315,0.0
ballroom/ballroom_Albums-GloriaEstefan_MiTierra-08/track.npy,ballroom,0.9142857142857143,0.7431453174179744,0.7431453174179744,0.7431453174179744,0.8648648648648649,0.8648648648648649,0.8648648648648649,0.8648648648648649,0.9411764705882353,0.8279092398079018,0.8279092398079018,0.8279092398079018,0.8888888888888888,0.8888888888888888,0.8888888888888888,0.8888888888888888,40.0,0.0,0.0,0.06062462181643377,10.0,0.0,0.0,0.027475212766646603,0.0
ballroom/ballroom_Albums-GloriaEstefan_MiTierra-11/track.npy,ballroom,1.0,0.9562314306623114,0.9562314306623114,0.9562314306623114,1.0,1.0,1.0,1.0,1.0,0.9829073524868573,0.9829073524868573,0.9829073524868573,1.0,1.0,1.0,1.0,43.0,0.0,0.0,0.05884050002293223,11.0,0.0,0.0,0.023064581651051557,0.0
ballroom/ballroom_Albums-Latin_Jam2-02/track.npy,ballroom,1.0,0.956188337296006,0.956188337296006,0.956188337296006,1.0,1.0,1.0,1.0,1.0,0.9439213044293769,0.9439213044293769,0.9439213044293769,1.0,1.0,1.0,1.0,57.0,0.0,0.0,0.7384089658739212,14.0,0.0,0.0,0.34310400059046686,0.0
ballroom/ballroom_Albums-Latin_Jam2-06/track.npy,ballroom,1.0,0.9318952475014816,0.9318952475014816,0.9318952475014816,1.0,1.0,1.0,1.0,0.5161290322580646,0.47425490205649434,0.7260162121698691,0.6001355571131817,0.16666666666666666,0.16666666666666666,0.2777777777777778,0.36,64.0,0.0,0.0,0.04255961441880263,24.0,0.0,0.0,0.6915597456442144,0.0
ballroom/ballroom_Albums-Latin_Jam2-11/track.npy,ballroom,1.0,0.9683776516081826,0.9683776516081826,0.9683776516081826,1.0,1.0,1.0,1.0,1.0,0.9658909141113899,0.9658909141113899,0.9658909141113899,1.0,1.0,1.0,1.0,88.0,0.0,0.0,0.11778303565638115,22.0,0.0,0.0,0.014598799421154884,0.0
ballroom/ballroom_Albums-Latin_Jam3-04/track.npy,ballroom,1.0,0.9768245840932084,0.9768245840932084,0.9768245840932084,1.0,1.0,1.0,1.0,1.0,0.9803454228088375,0.9803454228088375,0.9803454228088375,1.0,1.0,1.0,1.0,51.0,0.0,0.0,0.03390155167568665,13.0,0.0,0.0,0.008368249670514971,0.0
ballroom/ballroom_Albums-Latin_Jam3-06/track.npy,ballroom,1.0,0.9760208982131015,0.9760208982131015,0.9760208982131015,1.0,1.0,1.0,1.0,1.0,0.9815399406858101,0.9815399406858101,0.9815399406858101,1.0,1.0,1.0,1.0,50.0,0.0,0.0,0.055214936510622474,12.0,0.0,0.0,0.008368249670516536,0.0
ballroom/ballroom_Albums-Latin_Jam3-07/track.npy,ballroom,0.9885057471264368,0.888765545147489,0.888765545147489,0.888765545147489,0.9772727272727273,0.9772727272727273,0.9772727272727273,0.9772727272727273,1.0,0.9009708260607655,0.9009708260607655,0.9009708260607655,1.0,1.0,1.0,1.0,53.0,0.0,0.0,0.07145896398214424,13.0,0.0,0.0,0.00865806274311487,0.0
ballroom/ballroom_Albums-Latin_Jam4-10/track.npy,ballroom,0.9113924050632911,0.7346509575853178,0.7346509575853178,0.7346509575853178,0.16470588235294117,0.5647058823529412,0.16470588235294117,0.5647058823529412,0.65,0.590911494864973,0.590911494864973,0.590911494864973,0.18181818181818182,0.4090909090909091,0.18181818181818182,0.4090909090909091,101.0,0.13,0.13,1.1860657935570187,26.0,0.0,0.0,0.6599340121416889,0.0
ballroom/ballroom_Albums-Latin_Jam5-01/track.npy,ballroom,1.0,0.9788887562974573,0.9788887562974573,0.9788887562974573,1.0,1.0,1.0,1.0,1.0,0.9725360281311531,0.9725360281311531,0.9725360281311531,1.0,1.0,1.0,1.0,50.0,0.0,0.0,0.032789822822996084,13.0,0.0,0.0,0.008298802814696415,0.0
ballroom/ballroom_Albums-Latin_Jam5-02/track.npy,ballroom,1.0,0.9347143443470943,0.9347143443470943,0.9347143443470943,1.0,1.0,1.0,1.0,1.0,0.9225290557654026,0.9225290557654026,0.9225290557654026,1.0,1.0,1.0,1.0,62.0,0.0,0.0,0.08338160893905211,16.0,0.0,0.0,1.887379141862766e-15,0.0
ballroom/ballroom_Albums-Latin_Jam5-06/track.npy,ballroom,0.9879518072289156,0.9514464982054948,0.9514464982054948,0.9514464982054948,0.9761904761904762,0.9761904761904762,0.9761904761904762,0.9761904761904762,1.0,0.9884183450895213,0.9884183450895213,0.9884183450895213,1.0,1.0,1.0,1.0,50.0,0.0,0.0,0.06669137449866863,13.0,0.0,0.0,0.020713426786469147,0.0
ballroom/ballroom_Albums-Macumba-05/track.npy,ballroom,1.0,0.9488996887480707,0.9488996887480707,0.9488996887480707,1.0,1.0,1.0,1.0,1.0,0.8662484959955351,0.8662484959955351,0.8662484959955351,1.0,1.0,1.0,1.0,48.0,0.0,0.0,0.06669137449867674,12.0,0.0,0.0,0.016667052485211702,0.0
ballroom/ballroom_Albums-Macumba-10/track.npy,ballroom,1.0,0.9009570919703785,0.9009570919703785,0.9009570919703785,1.0,1.0,1.0,1.0,1.0,0.9365999579539886,0.9365999579539886,0.9365999579539886,1.0,1.0,1.0,1.0,48.0,0.0,0.0,0.06453852113757089,12.0,0.0,0.0,0.01600034134644125,0.0
ballroom/ballroom_Albums-Macumba-14/track.npy,ballroom,1.0,0.9452435914188917,0.9452435914188917,0.9452435914188917,1.0,1.0,1.0,1.0,0.48275862068965514,0.44555692797880747,0.7477400776881622,0.5966485028334848,0.025,0.025,0.125,0.425,87.0,0.0,0.0,0.057158413839957234,47.0,0.0,0.0,0.7221347174331978,0.0
ballroom/ballroom_Albums-Mambo_Kings-03/track.npy,ballroom,0.9894736842105264,0.9345685563778748,0.9345685563778748,0.9345685563778748,0.9791666666666666,0.9791666666666666,0.9791666666666666,0.9791666666666666,1.0,0.9573410762880231,0.9573410762880231,0.9573410762880231,1.0,1.0,1.0,1.0,58.0,0.0,0.0,0.03811042427545727,15.0,0.0,0.0,0.01886848430438228,0.0
ballroom/ballroom_Albums-Mambo_Kings-12/track.npy,ballroom,0.9400000000000001,0.8516907939019768,0.8516907939019768,0.8516907939019768,0.7735849056603774,0.7735849056603774,0.7735849056603774,0.7735849056603774,0.7857142857142858,0.6827464650441205,0.6956160590009994,0.6891812620225599,0.35294117647058826,0.35294117647058826,0.35294117647058826,0.42857142857142855,70.0,0.0,0.0,0.10060000984719604,23.0,0.0,0.0,0.6931471805599453,0.0
ballroom/ballroom_Albums-Pais_Tropical-09/track.npy,ballroom,0.9879518072289156,0.9646302505368836,0.9646302505368836,0.9646302505368836,0.9761904761904762,0.9761904761904762,0.9761904761904762,0.9761904761904762,1.0,0.9815399406858061,0.9815399406858061,0.9815399406858061,1.0,1.0,1.0,1.0,51.0,0.0,0.0,0.0666913744986719,13.0,0.0,0.0,0.008298802814695971,0.0
ballroom/ballroom_Albums-Pais_Tropical-14/track.npy,ballroom,1.0,0.9137260315680378,0.9137260315680378,0.9137260315680378,1.0,1.0,1.0,1.0,1.0,0.9130948999312528,0.9130948999312528,0.9130948999312528,1.0,1.0,1.0,1.0,79.0,0.0,0.0,0.1112256351102248,20.0,0.0,0.0,0.12341777195894393,0.0
ballroom/ballroom_Albums-Secret_Garden-02/track.npy,ballroom,0.8055555555555556,0.5868396183871905,0.5868396183871905,0.5868396183871905,0.7222222222222222,0.9166666666666666,0.7222222222222222,0.9166666666666666,0.8333333333333334,0.6092019376011745,0.6092019376011745,0.6092019376011745,1.0,1.0,1.0,1.0,43.0,0.0,0.0,0.09237332013101313,15.0,0.0,0.0,0.11003339698388165,0.0
ballroom/ballroom_Albums-Secret_Garden-06/track.npy,ballroom,0.7164179104477612,0.6214769621673807,0.6214769621673807,0.6214769621673807,0.43243243243243246,0.5675675675675675,0.43243243243243246,0.5675675675675675,0.8695652173913043,0.717020130983246,0.717020130983246,0.717020130983246,0.8333333333333334,0.8333333333333334,0.8333333333333334,0.8333333333333334,37.0,0.0,0.0,0.4656663167468104,14.0,0.0,0.0,0.48919253471795954,0.0
ballroom/ballroom_Albums-Step_By_Step-06/track.npy,ballroom,0.9719626168224299,0.9031058350526591,0.9031058350526591,0.9031058350526591,0.9814814814814815,0.9814814814814815,0.9814814814814815,0.9814814814814815,1.0,0.8572585911160187,0.8572585911160187,0.8572585911160187,1.0,1.0,1.0,1.0,63.0,0.0,0.0,0.04445176257083494,16.0,0.0,0.0,0.02548333782726729,0.0
ballroom/ballroom_Albums-StrictlyDancing_Tango-09/track.npy,ballroom,0.9052631578947368,0.8119669125700087,0.8119669125700087,0.8119669125700087,0.6538461538461539,0.6538461538461539,0.6538461538461539,0.6538461538461539,0.0,3.375901812800816e-116,0.7766379860232782,0.3883189930116391,0.0,0.0,0.6666666666666666,0.6666666666666666,53.0,0.0,0.0,0.04255961441879885,13.0,0.0,0.0,0.3728083929955779,0.0
ballroom/ballroom_Media-100614/track.npy,ballroom,0.9772727272727273,0.9433890629942046,0.9433890629942046,0.9433890629942046,0.9204545454545454,0.9772727272727273,0.9204545454545454,0.9772727272727273,1.0,0.9510970705540516,0.9510970705540516,0.9510970705540516,1.0,1.0,1.0,1.0,105.0,0.0,0.0,0.14310084364068332,27.0,0.0,0.0,0.03571808260208004,0.0
ballroom/ballroom_Media-103313/track.npy,ballroom,0.9941520467836257,0.9426152787676298,0.9426152787676298,0.9426152787676298,0.9883720930232558,0.9883720930232558,0.9883720930232558,0.9883720930232558,1.0,0.9570713648275484,0.9570713648275484,0.9570713648275484,1.0,1.0,1.0,1.0,102.0,0.0,0.0,0.06899287148696231,26.0,0.0,0.0,0.017094433359300276,0.0
ballroom/ballroom_Media-103314/track.npy,ballroom,1.0,0.9444862012993531,0.9444862012993531,0.9444862012993531,1.0,1.0,1.0,1.0,1.0,0.9498282281698648,0.9498282281698648,0.9498282281698648,1.0,1.0,1.0,1.0,96.0,0.0,0.0,0.1335313926245194,24.0,0.0,0.0,0.050430853626892286,0.0
ballroom/ballroom_Media-103407/track.npy,ballroom,0.9902912621359222,0.7890086216996719,0.7890086216996719,0.7890086216996719,0.9807692307692307,0.9807692307692307,0.9807692307692307,0.9807692307692307,1.0,0.828661586172095,0.828661586172095,0.828661586172095,1.0,1.0,1.0,1.0,61.0,0.0,0.0,0.05009293433069028,16.0,0.0,0.0,0.01036278703554816,0.0
ballroom/ballroom_Media-103417/track.npy,ballroom,1.0,0.9379853723168243,0.9379853723168243,0.9379853723168243,1.0,1.0,1.0,1.0,1.0,0.9322469125897666,0.9322469125897666,0.9322469125897666,1.0,1.0,1.0,1.0,56.0,0.0,0.0,0.07410797215372045,14.0,0.0,0.0,0.018692133012152223,0.0
ballroom/ballroom_Media-103504/track.npy,ballroom,0.7857142857142857,0.7313412066738626,0.7313412066738626,0.7313412066738626,0.7619047619047619,0.7619047619047619,0.7619047619047619,0.7619047619047619,0.5161290322580645,0.4626244687051869,0.5842508323726003,0.5234376505388936,0.14285714285714285,0.14285714285714285,0.2857142857142857,0.38095238095238093,55.0,0.0,0.0,0.21730426448987583,25.0,0.0,0.0,0.6931471805599456,0.0
ballroom/ballroom_Media-103515/track.npy,ballroom,1.0,0.9717344102902012,0.9717344102902012,0.9717344102902012,1.0,1.0,1.0,1.0,1.0,0.9716976282929395,0.9716976282929395,0.9716976282929395,1.0,1.0,1.0,1.0,80.0,0.0,0.0,0.05406722127028396,20.0,0.0,0.0,0.0134230203321416,0.0
ballroom/ballroom_Media-103601/track.npy,ballroom,0.9896907216494846,0.9189647196293684,0.9189647196293684,0.9189647196293684,0.9795918367346939,0.9795918367346939,0.9795918367346939,0.9795918367346939,1.0,0.9752883561768234,0.9752883561768234,0.9752883561768234,1.0,1.0,1.0,1.0,58.0,0.0,0.0,0.048655795148997205,15.0,0.0,0.0,0.019418085857101898,0.0
ballroom/ballroom_Media-103602/track.npy,ballroom,1.0,0.9137818347592042,0.9137818347592042,0.9137818347592042,1.0,1.0,1.0,1.0,1.0,0.9047861461396738,0.9047861461396738,0.9047861461396738,1.0,1.0,1.0,1.0,61.0,0.0,0.0,0.3961242872280492,15.0,0.0,0.0,0.12699969076130752,0.0
ballroom/ballroom_Media-103615/track.npy,ballroom,0.9206349206349207,0.7989798454874626,0.7989798454874626,0.7989798454874626,0.8787878787878788,0.8787878787878788,0.8787878787878788,0.8787878787878788,0.875,0.7728458674674556,0.7728458674674556,0.7728458674674556,1.0,1.0,1.0,1.0,37.0,0.0,0.0,0.10988341953380128,10.0,0.0,0.0,0.0758795939729914,0.0
ballroom/ballroom_Media-103705/track.npy,ballroom,1.0,0.9236647284647094,0.9236647284647094,0.9236647284647094,1.0,1.0,1.0,1.0,1.0,0.945577871233144,0.945577871233144,0.945577871233144,1.0,1.0,1.0,1.0,51.0,0.0,0.0,0.06721113134719503,13.0,0.0,0.0,0.029684553450699536,0.0
ballroom/ballroom_Media-103712/track.npy,ballroom,0.6172839506172839,0.5848761112170247,0.6091230644425479,0.5969995878297862,0.5853658536585366,0.5853658536585366,0.5853658536585366,0.5853658536585366,0.6,0.5458299876116051,0.5458299876116051,0.5458299876116051,1.0,1.0,1.0,1.0,48.0,0.0,0.0,0.39726765240241285,12.0,0.0,0.0,0.11354329185538009,0.0
ballroom/ballroom_Media-103715/track.npy,ballroom,0.6744186046511628,0.6066401683791641,0.890374821458848,0.748507494919006,0.0,0.0,1.0,1.0,0.6363636363636364,0.6158426747176311,0.8917812670757854,0.7538119708967083,0.0,0.0,0.8666666666666667,0.8666666666666667,69.0,0.0,0.0,0.09097177820573105,18.0,0.0,0.0,0.1005286751641849,0.0
ballroom/ballroom_Media-103807/track.npy,ballroom,0.988235294117647,0.9519505050611488,0.9519505050611488,0.9519505050611488,0.9767441860465116,0.9767441860465116,0.9767441860465116,0.9767441860465116,1.0,0.9806771898714327,0.9806771898714327,0.9806771898714327,1.0,1.0,1.0,1.0,51.0,0.0,0.0,0.03390155167568665,13.0,0.0,0.0,0.025752496102415257,0.0
ballroom/ballroom_Media-103912/track.npy,ballroom,0.911764705882353,0.8335205082608735,0.8335205082608735,0.8335205082608735,0.6486486486486487,0.6486486486486487,0.6486486486486487,0.6486486486486487,0.823529411764706,0.7561379558113327,0.7561379558113327,0.7561379558113327,0.5555555555555556,0.5555555555555556,0.5555555555555556,0.5555555555555556,38.0,0.0,0.0,0.2257857891515188,10.0,0.0,0.0,0.4848798756057723,0.0
ballroom/ballroom_Media-104003/track.npy,ballroom,1.0,0.9791480062486593,0.9791480062486593,0.9791480062486593,1.0,1.0,1.0,1.0,1.0,0.9876932937905372,0.9876932937905372,0.9876932937905372,1.0,1.0,1.0,1.0,56.0,0.0,0.0,0.06609754375985334,14.0,0.0,0.0,0.33324625261910845,0.0
ballroom/ballroom_Media-104005/track.npy,ballroom,0.9876543209876543,0.8734816024227497,0.8734816024227497,0.8734816024227497,0.975609756097561,0.975609756097561,0.975609756097561,0.975609756097561,0.9523809523809523,0.8035392009836395,0.8035392009836395,0.8035392009836395,0.9090909090909091,0.9090909090909091,0.9090909090909091,0.9090909090909091,48.0,0.0,0.0,0.4694342281053512,12.0,0.0,0.0,0.024097551579060978,0.0
ballroom/ballroom_Media-104008/track.npy,ballroom,0.8611111111111112,0.8185279603240878,0.8185279603240878,0.8185279603240878,0.7560975609756098,0.7560975609756098,0.7560975609756098,0.7560975609756098,0.888888888888889,0.8567275559648082,0.8567275559648082,0.8567275559648082,0.8,0.8,0.8,0.8,50.0,0.0,0.0,0.1029383606622251,12.0,0.0,0.0,0.08238237744685589,0.0
ballroom/ballroom_Media-104012/track.npy,ballroom,0.8039215686274509,0.6644878971270228,0.6644878971270228,0.6644878971270228,0.7843137254901961,0.7843137254901961,0.7843137254901961,0.7843137254901961,0.7692307692307693,0.6284554913592113,0.6284554913592113,0.6284554913592113,1.0,1.0,1.0,1.0,60.0,0.0,0.0,0.08926471591204342,15.0,0.0,0.0,0.12991450210325262,0.0
ballroom/ballroom_Media-104103/track.npy,ballroom,1.0,0.9517831570758994,0.9517831570758994,0.9517831570758994,1.0,1.0,1.0,1.0,1.0,0.9860151065801568,0.9860151065801568,0.9860151065801568,1.0,1.0,1.0,1.0,51.0,0.0,0.0,0.06899287148694999,13.0,0.0,0.0,0.00851068966790991,0.0
ballroom/ballroom_Media-104107/track.npy,ballroom,1.0,0.8867756077459057,0.8867756077459057,0.8867756077459057,1.0,1.0,1.0,1.0,1.0,0.9060372378817598,0.9060372378817598,0.9060372378817598,1.0,1.0,1.0,1.0,62.0,0.0,0.0,0.04460071414480756,16.0,0.0,0.0,0.02061928720273698,0.0
ballroom/ballroom_Media-104108/track.npy,ballroom,0.9902912621359222,0.8954221461327146,0.8954221461327146,0.8954221461327146,0.9807692307692307,0.9807692307692307,0.9807692307692307,0.9807692307692307,1.0,0.9052561453294443,0.9052561453294443,0.9052561453294443,1.0,1.0,1.0,1.0,62.0,0.0,0.0,0.08338160893904922,16.0,0.0,0.0,0.010362787035547272,0.0
ballroom/ballroom_Media-104116/track.npy,ballroom,0.9911504424778761,0.4389983255497736,0.4389983255497736,0.4389983255497736,0.9824561403508771,0.9824561403508771,0.9824561403508771,0.9824561403508771,0.9655172413793104,0.43844368475191603,0.43844368475191603,0.43844368475191603,0.9333333333333333,0.9333333333333333,0.9333333333333333,0.9333333333333333,69.0,0.0,0.0,0.09097177820573288,18.0,0.0,0.0,0.03984485767481086,0.0
ballroom/ballroom_Media-104118/track.npy,ballroom,0.8387096774193548,0.7568746701407681,0.7568746701407681,0.7568746701407681,0.22535211267605634,0.39436619718309857,0.22535211267605634,0.39436619718309857,0.5454545454545454,0.5271452308767006,0.5271452308767006,0.5271452308767006,0.2222222222222222,0.2777777777777778,0.2222222222222222,0.2777777777777778,68.0,0.0,0.0,0.7221347174331978,19.0,0.0,0.0,0.48092395433645874,0.0
ballroom/ballroom_Media-104212/track.npy,ballroom,0.9933774834437086,0.9476246869911025,0.9476246869911025,0.9476246869911025,0.9868421052631579,0.9868421052631579,0.9868421052631579,0.9868421052631579,0.9803921568627451,0.9273622304923147,0.9273622304923147,0.9273622304923147,0.9615384615384616,0.9615384615384616,0.9615384615384616,0.9615384615384616,91.0,0.0,0.0,0.11778303565638741,31.0,0.0,0.0,0.05237690693534051,0.0
ballroom/ballroom_Media-104308/track.npy,ballroom,0.9933774834437086,0.9725399647866011,0.9725399647866011,0.9725399647866011,0.9868421052631579,0.9868421052631579,0.9868421052631579,0.9868421052631579,0.9803921568627451,0.9622275759928755,0.9622275759928755,0.9622275759928755,0.9615384615384616,0.9615384615384616,0.9615384615384616,0.9615384615384616,91.0,0.0,0.0,0.06062462181644461,31.0,0.0,0.0,0.040005334613698304,0.0
ballroom/ballroom_Media-104402/track.npy,ballroom,1.0,0.8885313985626789,0.8885313985626789,0.8885313985626789,1.0,1.0,1.0,1.0,1.0,0.9122772865340112,0.9122772865340112,0.9122772865340112,1.0,1.0,1.0,1.0,44.0,0.0,0.0,0.058756395713783105,15.0,0.0,0.0,0.02882107827876059,0.0
ballroom/ballroom_Media-104403/track.npy,ballroom,0.9863013698630138,0.8881037195570152,0.8881037195570152,0.8881037195570152,0.972972972972973,0.972972972972973,0.972972972972973,0.972972972972973,0.9600000000000001,0.8658466484230393,0.8658466484230393,0.8658466484230393,0.9230769230769231,0.9230769230769231,0.9230769230769231,0.9230769230769231,44.0,0.0,0.0,0.05875639571378323,15.0,0.0,0.0,0.022696264710843437,0.0
ballroom/ballroom_Media-104501/track.npy,ballroom,1.0,0.816642896987855,0.816642896987855,0.816642896987855,1.0,1.0,1.0,1.0,1.0,0.9098836814846939,0.9098836814846939,0.9098836814846939,1.0,1.0,1.0,1.0,43.0,0.0,0.0,0.1144103511777419,15.0,0.0,0.0,0.03170028569889372,0.0
ballroom/ballroom_Media-104507/track.npy,ballroom,0.9733333333333334,0.9125436554805835,0.9125436554805835,0.9125436554805835,0.5733333333333334,0.9466666666666667,0.5733333333333334,0.9466666666666667,0.9387755102040817,0.877859106277596,0.877859106277596,0.877859106277596,0.56,0.88,0.56,0.88,90.0,0.0,0.0,0.15550976703623148,29.0,0.0,0.0,0.2875794611787289,0.0
ballroom/ballroom_Media-104607/track.npy,ballroom,0.9934640522875817,0.9426937859778346,0.9426937859778346,0.9426937859778346,0.987012987012987,0.987012987012987,0.987012987012987,0.987012987012987,0.9803921568627451,0.9257217962069579,0.9257217962069579,0.9257217962069579,0.9615384615384616,0.9615384615384616,0.9615384615384616,0.9615384615384616,88.0,0.0,0.0,0.11778303565638482,30.0,0.0,0.0,0.03307441506003679,0.0
ballroom/ballroom_Media-104708/track.npy,ballroom,0.9902912621359222,0.8573576890971917,0.8573576890971917,0.8573576890971917,0.9615384615384616,0.9615384615384616,0.9615384615384616,0.9615384615384616,1.0,0.9048251419435539,0.9048251419435539,0.9048251419435539,1.0,1.0,1.0,1.0,62.0,0.0,0.0,0.13015937229163071,16.0,0.0,0.0,0.03198900041808178,0.0
ballroom/ballroom_Media-104807/track.npy,ballroom,0.9423076923076923,0.8662755398323576,0.8662755398323576,0.8662755398323576,0.7818181818181819,0.7818181818181819,0.7818181818181819,0.7818181818181819,0.923076923076923,0.8951048291073348,0.8951048291073348,0.8951048291073348,0.7857142857142857,0.7857142857142857,0.7857142857142857,0.7857142857142857,60.0,0.0,0.0,0.13976194237515646,15.0,0.0,0.0,0.29059275429480363,0.0
ballroom/ballroom_Media-104809/track.npy,ballroom,0.9523809523809524,0.9096740301570153,0.9096740301570153,0.9096740301570153,0.88,0.88,0.88,0.88,0.9387755102040817,0.8967937290456319,0.8967937290456319,0.8967937290456319,0.92,0.92,0.92,0.92,77.0,0.0,0.0,0.1493911903537427,26.0,0.0,0.0,0.0565107075922348,0.0
ballroom/ballroom_Media-105005/track.npy,ballroom,1.0,0.946334872161228,0.946334872161228,0.946334872161228,1.0,1.0,1.0,1.0,1.0,0.963198088965029,0.963198088965029,0.963198088965029,1.0,1.0,1.0,1.0,43.0,0.0,0.0,0.057158413839947464,15.0,0.0,0.0,0.04831857727080735,0.0
ballroom/ballroom_Media-105007/track.npy,ballroom,0.9041095890410958,0.6458691367057008,0.6458691367057008,0.6458691367057008,0.6486486486486487,0.918918918918919,0.6486486486486487,0.918918918918919,1.0,0.6250767634081161,0.6250767634081161,0.6250767634081161,1.0,1.0,1.0,1.0,44.0,0.0,0.0,0.3035525433820053,15.0,0.0,0.0,0.11869146481093931,0.0
ballroom/ballroom_Media-105122/track.npy,ballroom,0.9826589595375722,0.8912092496920618,0.8912092496920618,0.8912092496920618,0.28735632183908044,0.9080459770114943,0.28735632183908044,0.9080459770114943,0.9767441860465117,0.9041402011059252,0.9041402011059252,0.9041402011059252,0.9545454545454546,0.9545454545454546,0.9545454545454546,0.9545454545454546,103.0,0.0,0.0,0.14310084364067066,27.0,0.0,0.0,0.03448617607116858,0.0
ballroom/ballroom_Media-105213/track.npy,ballroom,0.9599999999999999,0.7550775118081942,0.7550775118081942,0.7550775118081942,0.9736842105263158,0.9736842105263158,0.9736842105263158,0.9736842105263158,0.9600000000000001,0.7192569381000715,0.7192569381000715,0.7192569381000715,0.9230769230769231,0.9230769230769231,0.9230769230769231,0.9230769230769231,45.0,0.0,0.0,0.08961215868969025,15.0,0.0,0.0,0.041242958534049134,0.0
ballroom/ballroom_Media-105214/track.npy,ballroom,0.8787878787878788,0.732870368988879,0.732870368988879,0.732870368988879,0.7272727272727273,0.8787878787878788,0.7272727272727273,0.8787878787878788,0.761904761904762,0.6555766316922269,0.6555766316922269,0.6555766316922269,0.7272727272727273,0.7272727272727273,0.7272727272727273,0.7272727272727273,40.0,0.0,0.0,0.11452387740160043,13.0,0.0,0.0,0.4571135543049299,0.0
ballroom/ballroom_Media-105305/track.npy,ballroom,0.9904761904761905,0.913196920086625,0.913196920086625,0.913196920086625,0.9811320754716981,0.9811320754716981,0.9811320754716981,0.9811320754716981,1.0,0.9103659857549329,0.9103659857549329,0.9103659857549329,1.0,1.0,1.0,1.0,64.0,0.0,0.0,0.04255961441880263,16.0,0.0,0.0,0.044486949473808206,0.0
ballroom/ballroom_Media-105306/track.npy,ballroom,0.9814814814814815,0.9215475920771896,0.9215475920771896,0.9215475920771896,0.9636363636363636,0.9636363636363636,0.9636363636363636,0.9636363636363636,0.962962962962963,0.8857422756241247,0.8857422756241247,0.8857422756241247,0.9285714285714286,0.9285714285714286,0.9285714285714286,0.9285714285714286,65.0,0.0,0.0,0.08701137698963499,17.0,0.0,0.0,0.04665976440872954,0.0
ballroom/ballroom_Media-105309/track.npy,ballroom,0.9931972789115647,0.9290900820343091,0.9290900820343091,0.9290900820343091,0.9864864864864865,0.9864864864864865,0.9864864864864865,0.9864864864864865,1.0,0.9599503623359373,0.9599503623359373,0.9599503623359373,1.0,1.0,1.0,1.0,88.0,0.0,0.0,0.11778303565638115,30.0,0.0,0.0,0.03922071315328133,0.0
ballroom/ballroom_Media-105313/track.npy,ballroom,0.988095238095238,0.8941420262386556,0.8941420262386556,0.8941420262386556,0.7058823529411765,0.9647058823529412,0.7058823529411765,0.9647058823529412,0.975609756097561,0.8786125592517534,0.8786125592517534,0.8786125592517534,0.9523809523809523,0.9523809523809523,0.9523809523809523,0.9523809523809523,102.0,0.0,0.0,0.13656262371535327,26.0,0.0,0.0,0.04786668862299729,0.0
ballroom/ballroom_Media-105317/track.npy,ballroom,0.9906542056074767,0.8286300459443273,0.8286300459443273,0.8286300459443273,0.9814814814814815,0.9814814814814815,0.9814814814814815,0.9814814814814815,0.4375,0.3678804775623803,0.38314117152103044,0.37551082454170537,0.10526315789473684,0.10526315789473684,0.2,0.2,65.0,0.0,0.0,0.07948862430222833,23.0,0.0,0.0,1.0704414117014163,0.0
ballroom/ballroom_Media-105318/track.npy,ballroom,0.9933774834437086,0.8607048118064684,0.8607048118064684,0.8607048118064684,0.9868421052631579,0.9868421052631579,0.9868421052631579,0.9868421052631579,0.9803921568627451,0.8691319554731086,0.8691319554731086,0.8691319554731086,0.9615384615384616,0.9615384615384616,0.9615384615384616,0.9615384615384616,90.0,0.0,0.0,0.11778303565638518,30.0,0.0,0.0,0.03922071315328218,0.0
ballroom/ballroom_Media-105401/track.npy,ballroom,0.9879518072289156,0.9657342351920138,0.9657342351920138,0.9657342351920138,0.9761904761904762,0.9761904761904762,0.9761904761904762,0.9761904761904762,1.0,0.978463264133443,0.978463264133443,0.978463264133443,1.0,1.0,1.0,1.0,51.0,0.0,0.0,0.06669137449867163,13.0,0.0,0.0,0.008368249670516859,0.0
ballroom/ballroom_Media-105404/track.npy,ballroom,0.9176470588235294,0.8992240004375395,0.8992240004375395,0.8992240004375395,0.9302325581395349,0.9302325581395349,0.9302325581395349,0.9302325581395349,0.9090909090909091,0.8994443108654466,0.8994443108654466,0.8994443108654466,1.0,1.0,1.0,1.0,54.0,0.0,0.0,0.08317860886577946,14.0,0.0,0.0,0.09787156555669116,0.0
ballroom/ballroom_Media-105413/track.npy,ballroom,0.9924812030075187,0.9578645369545116,0.9578645369545116,0.9578645369545116,0.9850746268656716,0.9850746268656716,0.9850746268656716,0.9850746268656716,0.9696969696969697,0.9325219479929346,0.9325219479929346,0.9325219479929346,0.9411764705882353,0.9411764705882353,0.9411764705882353,0.9411764705882353,74.0,0.0,0.0,0.10536051565782856,19.0,0.0,0.0,0.3085779213423379,0.0
ballroom/ballroom_Media-105420/track.npy,ballroom,0.9904761904761905,0.9452122751901441,0.9452122751901441,0.9452122751901441,0.9811320754716981,0.9811320754716981,0.9811320754716981,0.9811320754716981,0.962962962962963,0.8896117799675232,0.8896117799675232,0.8896117799675232,0.9285714285714286,0.9285714285714286,0.9285714285714286,0.9285714285714286,63.0,0.0,0.0,0.12260232209232969,16.0,0.0,0.0,0.03428927621547992,0.0
ballroom/ballroom_Media-105604/track.npy,ballroom,0.9902912621359222,0.8387083620238711,0.8387083620238711,0.8387083620238711,0.9807692307692307,0.9807692307692307,0.9807692307692307,0.9807692307692307,1.0,0.8797256276446094,0.8797256276446094,0.8797256276446094,1.0,1.0,1.0,1.0,63.0,0.0,0.0,0.040821994520255145,16.0,0.0,0.0,0.01036278703554816,0.0
ballroom/ballroom_Media-105605/track.npy,ballroom,0.9902912621359222,0.8912591629776175,0.8912591629776175,0.8912591629776175,0.9807692307692307,0.9807692307692307,0.9807692307692307,0.9807692307692307,1.0,0.9119281708595748,0.9119281708595748,0.9119281708595748,1.0,1.0,1.0,1.0,63.0,0.0,0.0,0.08338160893905111,16.0,0.0,0.0,0.013952562094063488,0.0
ballroom/ballroom_Media-105612/track.npy,ballroom,0.9767441860465116,0.8023955608704771,0.8023955608704771,0.8023955608704771,0.9767441860465116,0.9767441860465116,0.9767441860465116,0.9767441860465116,1.0,0.8249363657788028,0.8249363657788028,0.8249363657788028,1.0,1.0,1.0,1.0,51.0,0.0,0.0,0.0704725269840676,13.0,0.0,0.0,0.39405294038337285,0.0
ballroom/ballroom_Media-105702/track.npy,ballroom,0.8918918918918918,0.7632825006168262,0.7632825006168262,0.7632825006168262,0.47368421052631576,0.9210526315789473,0.47368421052631576,0.9210526315789473,1.0,0.8326669165364932,0.8326669165364932,0.8326669165364932,1.0,1.0,1.0,1.0,43.0,0.0,0.0,0.2623642644674894,15.0,0.0,0.0,0.07976703028749059,0.0
ballroom/ballroom_Media-105708/track.npy,ballroom,0.9798657718120806,0.9457401070206699,0.9457401070206699,0.9457401070206699,0.9605263157894737,0.9605263157894737,0.9605263157894737,0.9605263157894737,0.9795918367346939,0.9431554643807216,0.9431554643807216,0.9431554643807216,0.96,0.96,0.96,0.96,90.0,0.0,0.0,0.11778303565638115,30.0,0.0,0.0,0.032424383103297864,0.0
ballroom/ballroom_Media-105807/track.npy,ballroom,0.9411764705882353,0.7868404503017373,0.7868404503017373,0.7868404503017373,0.8148148148148148,0.8148148148148148,0.8148148148148148,0.8148148148148148,0.8461538461538461,0.7106417325459422,0.7106417325459422,0.7106417325459422,0.7857142857142857,0.7857142857142857,0.7857142857142857,0.7857142857142857,59.0,0.0,0.0,0.14169579152857137,15.0,0.0,0.0,0.18719942337409567,0.0
ballroom/ballroom_Media-105820/track.npy,ballroom,0.9882352941176471,0.8581453649414328,0.8581453649414328,0.8581453649414328,0.9882352941176471,0.9882352941176471,0.9882352941176471,0.9882352941176471,1.0,0.9135228327968247,0.9135228327968247,0.9135228327968247,1.0,1.0,1.0,1.0,102.0,0.0,0.0,0.13353139262452268,26.0,0.0,0.0,0.03390155167568171,0.0
ballroom/ballroom_Media-105907/track.npy,ballroom,1.0,0.7472379712836141,0.7472379712836141,0.7472379712836141,0.44594594594594594,0.9594594594594594,0.44594594594594594,0.9594594594594594,1.0,0.7208490489517395,0.7208490489517395,0.7208490489517395,1.0,1.0,1.0,1.0,89.0,0.0,0.0,0.11778303565638286,30.0,0.0,0.0,0.039220713153280476,0.0
ballroom/ballroom_Media-106003/track.npy,ballroom,0.9885057471264368,0.9533898862001797,0.9533898862001797,0.9533898862001797,0.9772727272727273,0.9772727272727273,0.9772727272727273,0.9772727272727273,1.0,0.9754178254131929,0.9754178254131929,0.9754178254131929,1.0,1.0,1.0,1.0,52.0,0.0,0.0,0.03390155167568665,13.0,0.0,0.0,0.012730123990841169,0.0
ballroom/ballroom_Media-106009/track.npy,ballroom,0.972972972972973,0.9449140084947598,0.9449140084947598,0.9449140084947598,0.9473684210526315,0.9473684210526315,0.9473684210526315,0.9473684210526315,1.0,0.945719033996022,0.945719033996022,0.945719033996022,1.0,1.0,1.0,1.0,45.0,0.0,0.0,0.05884050002293223,11.0,0.0,0.0,0.0073260400920737824,0.0
ballroom/ballroom_Media-106015/track.npy,ballroom,0.9790209790209791,0.8572228419389626,0.8572228419389626,0.8572228419389626,0.958904109589041,0.958904109589041,0.958904109589041,0.958904109589041,0.9714285714285714,0.8484756243370899,0.8484756243370899,0.8484756243370899,0.9444444444444444,0.9444444444444444,0.9444444444444444,0.9444444444444444,87.0,0.0,0.0,0.057158413839949684,22.0,0.0,0.0,0.028831593926501357,0.0
ballroom/ballroom_Media-106103/track.npy,ballroom,0.9811320754716981,0.9572435352490191,0.9572435352490191,0.9572435352490191,0.9629629629629629,0.9629629629629629,0.9629629629629629,0.9629629629629629,1.0,0.9740817556579133,0.9740817556579133,0.9740817556579133,1.0,1.0,1.0,1.0,64.0,0.0,0.0,0.04082199452025599,16.0,0.0,0.0,0.010362787035546828,0.0
ballroom/ballroom_Media-106110/track.npy,ballroom,0.975609756097561,0.887701197232425,0.887701197232425,0.887701197232425,0.9523809523809523,0.9523809523809523,0.9523809523809523,0.9523809523809523,0.9523809523809523,0.9101621237676405,0.9101621237676405,0.9101621237676405,0.9090909090909091,0.9090909090909091,0.9090909090909091,0.9090909090909091,50.0,0.0,0.0,0.06453852113757458,13.0,0.0,0.0,0.0240660565080289,0.0
beatles/beatles_01_Please_Please_Me_02_Misery/track.npy,beatles,0.9773755656108598,0.9273397869544378,0.9273397869544378,0.9273397869544378,0.9684684684684685,0.9684684684684685,0.9684684684684685,0.9684684684684685,0.9818181818181818,0.9349013643423933,0.9349013643423933,0.9349013643423933,0.9818181818181818,0.9818181818181818,0.9818181818181818,0.9818181818181818,229.0,0.0,0.0,0.08701137698962402,57.0,0.0,0.0,0.05280800337393926,0.0
beatles/beatles_01_Please_Please_Me_03_Anna_(Go_To_Him)/track.npy,beatles,0.9918433931484503,0.9194728538186806,0.9194728538186806,0.9194728538186806,0.990228013029316,0.990228013029316,0.990228013029316,0.990228013029316,0.987012987012987,0.9276335068349527,0.9276335068349527,0.9276335068349527,1.0,1.0,1.0,1.0,316.0,0.0,0.0,0.07410797215373355,79.0,0.0,0.0,0.04740223889458128,0.0
beatles/beatles_01_Please_Please_Me_07_Please_Please_Me/track.npy,beatles,0.9921875,0.8748889420373331,0.8748889420373331,0.8748889420373331,0.7587548638132295,0.9883268482490273,0.7587548638132295,0.9883268482490273,1.0,0.861376555162802,0.861376555162802,0.861376555162802,1.0,1.0,1.0,1.0,268.0,0.0,0.0,0.13976194237516415,67.0,0.0,0.0,0.03509131981126723,0.0
beatles/beatles_01_Please_Please_Me_10_Baby_Its_You/track.npy,beatles,0.9927536231884057,0.7741860461744006,0.7741860461744006,0.7741860461744006,0.9927797833935018,0.9927797833935018,0.9927797833935018,0.9927797833935018,0.9927007299270074,0.7995898508602057,0.7995898508602057,0.7995898508602057,0.9855072463768116,0.9855072463768116,0.9855072463768116,0.9855072463768116,284.0,0.0,0.0,0.07410797215373355,71.0,0.0,0.0,0.03670136685042713,0.0
beatles/beatles_01_Please_Please_Me_11_Do_You_Want_To_Know_A_Secret/track.npy,beatles,0.9655172413793105,0.8273513897941246,0.8273513897941246,0.8273513897941246,0.9372197309417041,0.9372197309417041,0.9372197309417041,0.9372197309417041,0.9629629629629629,0.833209583407824,0.833209583407824,0.833209583407824,0.9454545454545454,0.9454545454545454,0.9454545454545454,0.9454545454545454,229.0,0.0,0.0,0.08338160893904922,57.0,0.0,0.0,0.05223588495436513,0.0
beatles/beatles_02_With_the_Beatles_02_All_Ive_Got_To_Do/track.npy,beatles,0.9978213507625272,0.870964054234737,0.870964054234737,0.870964054234737,0.9956521739130435,0.9956521739130435,0.9956521739130435,0.9956521739130435,0.9913043478260869,0.8552982661755523,0.8552982661755523,0.8552982661755523,0.9827586206896551,0.9827586206896551,0.9827586206896551,0.9827586206896551,238.0,0.0,0.0,0.07773145777047522,59.0,0.0,0.0,0.029160622128537404,0.0
beatles/beatles_03_A_Hard_Days_Night_06_Tell_Me_Why/track.npy,beatles,1.0,0.9426125494557518,0.9426125494557518,0.9426125494557518,1.0,1.0,1.0,1.0,1.0,0.9426184628103269,0.9426184628103269,0.9426184628103269,1.0,1.0,1.0,1.0,318.0,0.0,0.0,0.10536051565784188,80.0,0.0,0.0,0.02796042128935225,0.0
beatles/beatles_03_A_Hard_Days_Night_11_When_I_Get_Home/track.npy,beatles,0.9981167608286252,0.960428915518576,0.960428915518576,0.960428915518576,0.9962406015037594,0.9962406015037594,0.9962406015037594,0.9962406015037594,1.0,0.9609732563230514,0.9609732563230514,0.9609732563230514,1.0,1.0,1.0,1.0,276.0,0.0,0.0,0.08338160893906466,69.0,0.0,0.0,0.03268345870203809,0.0
beatles/beatles_04_Beatles_for_Sale_11_Every_Little_Thing/track.npy,beatles,0.9936034115138592,0.5947272687697475,0.5947272687697475,0.5947272687697475,0.9957446808510638,0.9957446808510638,0.9957446808510638,0.9957446808510638,1.0,0.5732211061607169,0.5732211061607169,0.5732211061607169,1.0,1.0,1.0,1.0,245.0,0.0,0.0,0.04255961441881784,61.0,0.0,0.0,0.03049045260290447,0.0
beatles/beatles_06_Rubber_Soul_07_Michelle/track.npy,beatles,0.93048128342246,0.8933293745909443,0.8933293745909443,0.8933293745909443,0.4816053511705686,0.7558528428093646,0.4816053511705686,0.7558528428093646,0.8652482269503545,0.8276532920547193,0.8276532920547193,0.8276532920547193,0.48,0.7333333333333333,0.48,0.7333333333333333,267.0,0.0,0.0,0.1033679751067481,67.0,0.0,0.0,0.4009771465795805,0.0
beatles/beatles_06_Rubber_Soul_08_What_Goes_On/track.npy,beatles,0.7309352517985612,0.710587843240024,0.710587843240024,0.710587843240024,0.06575963718820861,0.3242630385487528,0.06575963718820861,0.3242630385487528,0.9880478087649402,0.9636174951274662,0.9636174951274662,0.9636174951274662,0.4015748031496063,0.952755905511811,0.4015748031496063,0.952755905511811,449.0,0.16741071428571427,0.17410714285714285,1.1786549963416513,128.0,0.0,0.0,0.032789822822984344,0.0
beatles/beatles_07_Revolver_03_Im_Only_Sleeping/track.npy,beatles,0.9458987783595114,0.8182885867581215,0.8182885867581215,0.8182885867581215,0.3890784982935154,0.9078498293515358,0.3890784982935154,0.9078498293515358,0.9241379310344827,0.7566950759393043,0.7566950759393043,0.7566950759393043,0.6756756756756757,0.9054054054054054,0.6756756756756757,0.9054054054054054,288.0,0.0,0.0,0.07410797215370724,73.0,0.0,0.0,0.2627641418409125,0.0
beatles/beatles_08_Sgt_Peppers_Lonely_Hearts_Club_Band_06_Shes_Leaving_Home/track.npy,beatles,0.7201086956521741,0.5233296411252766,0.5233296411252766,0.5233296411252766,0.059770114942528735,0.367816091954023,0.059770114942528735,0.367816091954023,0.5487364620938628,0.3735661534045142,0.3735661534045142,0.3735661534045142,0.12413793103448276,0.3103448275862069,0.12413793103448276,0.3103448275862069,311.0,0.0,0.0,0.672604192490314,136.0,0.0,0.0,1.1574527886910522,0.0
beatles/beatles_08_Sgt_Peppers_Lonely_Hearts_Club_Band_09_When_Im_Sixty-Four/track.npy,beatles,0.9376854599406528,0.825728770524964,0.825728770524964,0.825728770524964,0.30337078651685395,0.7808988764044944,0.30337078651685395,0.7808988764044944,0.9294117647058823,0.7998543626698804,0.7998543626698804,0.7998543626698804,0.30337078651685395,0.797752808988764,0.30337078651685395,0.797752808988764,329.0,0.0,0.0,0.1466034741918597,84.0,0.0,0.0,0.40937451728516727,0.0
beatles/beatles_08_Sgt_Peppers_Lonely_Hearts_Club_Band_13_A_Day_In_The_Life/track.npy,beatles,0.711217183770883,0.6339385864996547,0.6650292834600606,0.6494839349798577,0.1285140562248996,0.37751004016064255,0.1285140562248996,0.37751004016064255,0.5447761194029851,0.48815970082525756,0.6010098850972482,0.5445847929612528,0.04419889502762431,0.143646408839779,0.07734806629834254,0.40331491712707185,505.0,0.023809523809523808,0.025793650793650792,1.0986122886682044,184.0,0.00546448087431694,0.00546448087431694,1.4372407753413372,0.0
beatles/beatles_09_Magical_Mystery_Tour_05_Your_Mother_Should_Know/track.npy,beatles,0.9436893203883495,0.7383141944451187,0.7383141944451187,0.7383141944451187,0.27205882352941174,0.7941176470588235,0.27205882352941174,0.7941176470588235,0.8769230769230769,0.6878196314952058,0.6878196314952058,0.6878196314952058,0.2608695652173913,0.7536231884057971,0.2608695652173913,0.7536231884057971,252.0,0.0,0.0,0.07696104113612758,64.0,0.0,0.0,0.3953671235558594,0.0
beatles/beatles_09_Magical_Mystery_Tour_06_I_Am_The_Walrus/track.npy,beatles,0.9700910273081925,0.8465846216478742,0.8465846216478742,0.8465846216478742,0.45219638242894056,0.9715762273901809,0.45219638242894056,0.9715762273901809,0.9842931937172775,0.8471378715899064,0.8471378715899064,0.8471378715899064,0.9895833333333334,0.9895833333333334,0.9895833333333334,0.9895833333333334,389.0,0.0,0.0,0.05884050002295079,97.0,0.0,0.0,0.05190850660124851,0.0
beatles/beatles_09_Magical_Mystery_Tour_09_Penny_Lane/track.npy,beatles,0.978125,0.7624055056610691,0.7624055056610691,0.7624055056610691,0.9571865443425076,0.9571865443425076,0.9571865443425076,0.9571865443425076,0.9813664596273292,0.7829899834542645,0.7829899834542645,0.7829899834542645,0.9634146341463414,0.9634146341463414,0.9634146341463414,0.9634146341463414,336.0,0.0,0.0029850746268656717,0.1122036022569446,84.0,0.0,0.0,0.029256240028785182,0.0
beatles/beatles_10_CD1_The_Beatles_05_Wild_Honey_Pie/track.npy,beatles,0.9645390070921985,0.8286661232284146,0.8286661232284146,0.8286661232284146,0.9859154929577465,0.9859154929577465,0.9859154929577465,0.9859154929577465,0.6428571428571429,0.5352277343828763,0.5683291290798088,0.5517784317313426,0.027777777777777776,0.08333333333333333,0.1282051282051282,0.38461538461538464,78.0,0.0,0.0,0.05884050002293412,40.0,0.0,0.0,1.1299286780595956,0.0
beatles/beatles_10_CD1_The_Beatles_06_The_Continuing_Story_of_Bungalow_Bill/track.npy,beatles,0.9652777777777778,0.9150608656157748,0.9150608656157748,0.9150608656157748,0.3877551020408163,0.9251700680272109,0.3877551020408163,0.9251700680272109,0.7719298245614036,0.728221383972746,0.728221383972746,0.728221383972746,0.09574468085106383,0.4787234042553192,0.09574468085106383,0.4787234042553192,294.0,0.0,0.0,0.07834779107796112,94.0,0.0,0.0,0.7067701891805792,0.0
beatles/beatles_10_CD1_The_Beatles_13_Rocky_Raccoon/track.npy,beatles,0.9130434782608696,0.8673491068182735,0.8673491068182735,0.8673491068182735,0.3476923076923077,0.7107692307692308,0.3476923076923077,0.7107692307692308,0.7320261437908496,0.6813824732493934,0.6813824732493934,0.6813824732493934,0.32941176470588235,0.5176470588235295,0.32941176470588235,0.5176470588235295,332.0,0.021148036253776436,0.021148036253776436,0.8627918427189017,86.0,0.0,0.0,0.679790801526216,0.0
beatles/beatles_10_CD2_The_Beatles_03_Mother_Natures_Son/track.npy,beatles,0.9646017699115045,0.8686165588290831,0.8686165588290831,0.8686165588290831,0.4956896551724138,0.8879310344827587,0.4956896551724138,0.8879310344827587,0.6627218934911243,0.599549006001739,0.599549006001739,0.599549006001739,0.04504504504504504,0.04504504504504504,0.4827586206896552,0.4827586206896552,238.0,0.0,0.0,0.10682679552092043,59.0,0.0,0.0,0.23757371593577095,0.0
beatles/beatles_11_Abbey_Road_01_Come_Together/track.npy,beatles,0.9393063583815028,0.8881855544453219,0.8881855544453219,0.8881855544453219,0.47564469914040114,0.8968481375358166,0.47564469914040114,0.8968481375358166,0.8813559322033897,0.8311796009777416,0.8311796009777416,0.8311796009777416,0.6373626373626373,0.8351648351648352,0.6373626373626373,0.8351648351648352,360.0,0.0,0.0,0.11170334252040066,94.0,0.0,0.0,0.15721611391838128,0.0
beatles/beatles_11_Abbey_Road_12_Polythene_Pam/track.npy,beatles,0.80625,0.7113616158384051,0.7457421613918853,0.7285518886151452,0.0962566844919786,0.3689839572192513,0.2857142857142857,0.42857142857142855,0.5,0.4670988005084073,0.46922068323526195,0.4681597418718346,0.08695652173913043,0.15217391304347827,0.2647058823529412,0.29411764705882354,140.0,0.02877697841726619,0.02877697841726619,1.1765926336090475,36.0,0.0,0.0,0.6018027495949007,0.0
beatles/beatles_11_Abbey_Road_17_Her_Majesty/track.npy,beatles,0.9836065573770492,0.9489669339224492,0.9489669339224492,0.9489669339224492,0.967741935483871,0.967741935483871,0.967741935483871,0.967741935483871,0.6363636363636364,0.602261592906616,0.9464110745675394,0.7743363337370777,0.0,0.0,1.0,1.0,38.0,0.0,0.0,0.06854552391243629,9.0,0.0,0.0,0.02291544689853146,0.0
beatles/beatles_12_Let_It_Be_04_I_Me_Mine/track.npy,beatles,0.7636363636363637,0.6984126135155415,0.6984126135155415,0.6984126135155415,0.1132596685082873,0.430939226519337,0.1132596685082873,0.430939226519337,0.6101694915254237,0.5578142034300861,0.5578142034300861,0.5578142034300861,0.08771929824561403,0.23684210526315788,0.08771929824561403,0.23684210526315788,253.0,0.003968253968253968,0.003968253968253968,1.0142279934734786,66.0,0.0,0.0,1.0489425310154092,0.0
beatles/beatles_12_Let_It_Be_10_The_Long_and_Winding_Road/track.npy,beatles,0.9664429530201342,0.8931810132312648,0.8931810132312648,0.8931810132312648,0.9598214285714286,0.9598214285714286,0.9598214285714286,0.9598214285714286,0.9642857142857143,0.8948201895845563,0.8948201895845563,0.8948201895845563,1.0,1.0,1.0,1.0,231.0,0.0,0.0,0.06595796779179211,58.0,0.0,0.0,0.10081076674639367,0.0
candombe/csic.1995_ansina1_03/track.npy,candombe,0.9864864864864865,0.6461496188119411,0.6461496188119411,0.6461496188119411,0.6456456456456456,0.993993993993994,0.6456456456456456,0.993993993993994,0.9880239520958084,0.5898442536234104,0.5898442536234104,0.5898442536234104,1.0,1.0,1.0,1.0,677.0,0.0,0.0,0.14660347419188213,170.0,0.0,0.0,0.0465200156349167,0.0
candombe/csic.1995_ansina2_01/track.npy,candombe,1.0,0.9317826050937346,0.9317826050937346,0.9317826050937346,1.0,1.0,1.0,1.0,1.0,0.9261051059497244,0.9261051059497244,0.9261051059497244,1.0,1.0,1.0,1.0,686.0,0.0,0.0,0.044451762570918096,172.0,0.0,0.0,0.0222505787420609,0.0
candombe/csic.1995_ansina2_04/track.npy,candombe,1.0,0.9490002053857277,0.9490002053857277,0.9490002053857277,1.0,1.0,1.0,1.0,1.0,0.9174518128384371,0.9174518128384371,0.9174518128384371,1.0,1.0,1.0,1.0,850.0,0.0,0.0,0.09531017980430556,213.0,0.0,0.0,0.03509131981127134,0.0
candombe/csic.1995_cuareim_02/track.npy,candombe,0.9974683544303797,0.7717743466873302,0.7717743466873302,0.7717743466873302,1.0,1.0,1.0,1.0,0.9949494949494949,0.7487841388131407,0.7487841388131407,0.7487841388131407,1.0,1.0,1.0,1.0,801.0,0.0,0.0,0.14660347419188213,201.0,0.0,0.0,0.04706751085797932,0.0
candombe/zavala.muniz.2014_41/track.npy,candombe,1.0,0.9424395041667494,0.9424395041667494,0.9424395041667494,1.0,1.0,1.0,1.0,1.0,0.9138313480633229,0.9138313480633229,0.9138313480633229,1.0,1.0,1.0,1.0,339.0,0.0,0.0,0.06453852113760372,85.0,0.0,0.0,0.01707994585474718,0.0
filosax/filosax_05/track.npy,filosax,0.9982517482517482,0.9009694935152903,0.9009694935152903,0.9009694935152903,0.9965034965034965,0.9965034965034965,0.9965034965034965,0.9965034965034965,1.0,0.9038555681897911,0.9038555681897911,0.9038555681897911,1.0,1.0,1.0,1.0,575.0,0.0,0.0,0.07410797215373355,144.0,0.0,0.0,0.019231361927897317,0.0
filosax/filosax_18/track.npy,filosax,0.9922928709055876,0.9160898688673093,0.9160898688673093,0.9160898688673093,0.6319311663479924,0.9818355640535373,0.6319311663479924,0.9818355640535373,0.9923076923076923,0.9115744240073946,0.9115744240073946,0.9115744240073946,0.9847328244274809,0.9847328244274809,0.9847328244274809,0.9847328244274809,1059.0,0.0,0.0,0.11122563511020256,265.0,0.0,0.0,0.04971788115316165,0.0
filosax/filosax_22/track.npy,filosax,0.8944530046224962,0.733598491038048,0.733598491038048,0.733598491038048,0.04120111731843575,0.6180167597765364,0.04120111731843575,0.6180167597765364,0.8126888217522659,0.6723368286109604,0.6723368286109604,0.6723368286109604,0.04851752021563342,0.660377358490566,0.04851752021563342,0.660377358490566,1447.0,0.17496542185338865,0.20401106500691563,1.321755839982556,375.0,0.12299465240641712,0.12566844919786097,2.724579503053263,0.0
filosax/filosax_26/track.npy,filosax,0.9579360628154795,0.7839183549615875,0.7839183549615875,0.7839183549615875,0.29,0.95,0.29,0.95,0.9506726457399103,0.8076962763567985,0.8076962763567985,0.8076962763567985,0.9822222222222222,0.9822222222222222,0.9822222222222222,0.9822222222222222,912.0,0.0,0.0,0.1910552367627724,228.0,0.0,0.0,0.04820210181787446,0.0
filosax/filosax_35/track.npy,filosax,0.9303944315545244,0.7737640793988381,0.7737640793988381,0.7737640793988381,0.08396946564885496,0.8298800436205016,0.08396946564885496,0.8298800436205016,0.7016129032258065,0.5760338902510509,0.5936049890341875,0.5848194396426192,0.023728813559322035,0.3728813559322034,0.023728813559322035,0.3728813559322034,928.0,0.11542610571736785,0.11650485436893204,1.791759469227877,300.0,0.09364548494983277,0.09364548494983277,3.1570004211503115,0.0
filosax/filosax_37/track.npy,filosax,0.9698832206515059,0.8248023853042072,0.8248023853042072,0.8248023853042072,0.27682926829268295,0.9646341463414634,0.27682926829268295,0.9646341463414634,0.9705882352941178,0.826067494165949,0.826067494165949,0.826067494165949,0.8640776699029126,0.970873786407767,0.8640776699029126,0.970873786407767,832.0,0.0,0.0,0.19105523676267666,209.0,0.0,0.0,0.0486137454640012,0.0
filosax/filosax_38/track.npy,filosax,0.9019430637144148,0.7828262514825024,0.7828262514825024,0.7828262514825024,0.051174496644295304,0.6401006711409396,0.051174496644295304,0.6401006711409396,0.6572438162544169,0.5792983018424056,0.5792983018424056,0.5792983018424056,0.11935483870967742,0.4645161290322581,0.11935483870967742,0.4645161290322581,1206.0,0.12780082987551866,0.13278008298755187,1.3862943611197127,313.0,0.0,0.0,0.590868331439521,0.0
groove_midi/drummer10_session1_3_jazz-swing_215_beat_4-4/track.npy,groove_midi,0.6693227091633466,0.6072216210361235,0.7996148407390594,0.7034182308875915,0.0,0.0,0.4523809523809524,0.8571428571428571,0.5714285714285714,0.5329440133208455,0.7994160199812683,0.666180016651057,0.0,0.0,1.0,1.0,93.0,0.0,0.0,0.08794533323183648,24.0,0.0,0.0,0.14203216729699505,0.0
groove_midi/drummer1_eval_session_3_soul-groove3_86_beat_4-4/track.npy,groove_midi,1.0,0.9593336269454488,0.9593336269454488,0.9593336269454488,1.0,1.0,1.0,1.0,1.0,0.9563140628340459,0.9563140628340459,0.9563140628340459,1.0,1.0,1.0,1.0,65.0,0.0,0.0,0.057158413839948075,17.0,0.0,0.0,0.014388737452100342,0.0
groove_midi/drummer1_eval_session_7_pop-groove7_138_beat_4-4/track.npy,groove_midi,1.0,0.9039225672617953,0.9039225672617953,0.9039225672617953,1.0,1.0,1.0,1.0,1.0,0.8925103501852647,0.8925103501852647,0.8925103501852647,1.0,1.0,1.0,1.0,64.0,0.0,0.0,0.04652001563489594,16.0,0.0,0.0,0.026774538917933133,0.0
groove_midi/drummer1_eval_session_8_rock-groove8_65_beat_4-4/track.npy,groove_midi,1.0,0.8998255314552976,0.8998255314552976,0.8998255314552976,1.0,1.0,1.0,1.0,1.0,0.8623418534242442,0.8623418534242442,0.8623418534242442,1.0,1.0,1.0,1.0,64.0,0.0,0.0,0.06224254466899556,16.0,0.0,0.0,0.03417867523584016,0.0
groove_midi/drummer1_session1_38_latin-samba_116_beat_4-4/track.npy,groove_midi,0.9951219512195122,0.9218637391708437,0.9218637391708437,0.9218637391708437,0.9902912621359223,0.9902912621359223,0.9902912621359223,0.9902912621359223,0.9803921568627451,0.9009682136414079,0.9009682136414079,0.9009682136414079,0.9615384615384616,0.9615384615384616,0.9615384615384616,0.9615384615384616,113.0,0.0,0.0,0.039220713153287345,29.0,0.0,0.0,0.02617381722778909,0.0
groove_midi/drummer1_session2_32_punk_140_beat_4-4/track.npy,groove_midi,0.9926578560939794,0.8466521757359659,0.8466521757359659,0.8466521757359659,0.34017595307917886,0.9882697947214076,0.34017595307917886,0.9882697947214076,0.9941520467836257,0.7995954188434906,0.7995954188434906,0.7995954188434906,0.9883720930232558,0.9883720930232558,0.9883720930232558,0.9883720930232558,353.0,0.0,0.0,0.18232155679398138,89.0,0.0,0.0,0.06682647582920348,0.0
groove_midi/drummer1_session2_5_jazz_200_beat_3-4/track.npy,groove_midi,0.6526655896607432,0.544179080164715,0.544179080164715,0.544179080164715,0.010582010582010581,0.10052910052910052,0.06639004149377593,0.3029045643153527,0.4615384615384615,0.3883847298893495,0.4377119688169347,0.4130483493531421,0.015873015873015872,0.1111111111111111,0.037037037037037035,0.14814814814814814,250.0,0.06827309236947791,0.07630522088353414,1.386294361119853,112.0,0.009009009009009009,0.009009009009009009,1.5730129167395144,0.0
groove_midi/drummer1_session3_12_latin-bomba_96_beat_4-4/track.npy,groove_midi,0.9985652797704447,0.9260622324446028,0.9260622324446028,0.9260622324446028,0.997134670487106,0.997134670487106,0.997134670487106,0.997134670487106,0.9942857142857142,0.9185541651427067,0.9185541651427067,0.9185541651427067,0.9886363636363636,0.9886363636363636,0.9886363636363636,0.9886363636363636,357.0,0.0,0.0,0.06453852113760372,90.0,0.0,0.0,0.024097551579060017,0.0
groove_midi/drummer1_session3_17_afrocuban-calypso_108_beat_4-4/track.npy,groove_midi,0.9547038327526132,0.8193820104948938,0.8193820104948938,0.8193820104948938,0.9327146171693735,0.9767981438515081,0.9327146171693735,0.9767981438515081,0.9488372093023255,0.826075696406141,0.826075696406141,0.826075696406141,0.9166666666666666,0.9722222222222222,0.9166666666666666,0.9722222222222222,440.0,0.0,0.0,0.1133286853069641,111.0,0.0,0.0,0.04156992954615316,0.0
groove_midi/drummer1_session3_18_rock_128_beat_4-4/track.npy,groove_midi,0.9914236706689538,0.8896353606860842,0.8896353606860842,0.8896353606860842,0.9863481228668942,0.9863481228668942,0.9863481228668942,0.9863481228668942,0.9863013698630136,0.8920451860582018,0.8920451860582018,0.8920451860582018,1.0,1.0,1.0,1.0,300.0,0.0,0.0,0.08701137698961359,75.0,0.0,0.0,0.021599717787138536,0.0
groove_midi/drummer1_session3_3_rock-rockabilly_200_beat_4-4/track.npy,groove_midi,0.7433090024330901,0.6782435454934622,0.8354518886603952,0.7568477170769288,0.05842259006815969,0.17234664070107109,0.233387358184765,0.6645056726094003,0.7373493975903614,0.6894497578076357,0.8148113026854141,0.7521305302465249,0.0625,0.2109375,0.2138364779874214,0.5849056603773585,625.0,0.0,0.0,0.2231435513142203,161.0,0.0,0.0,0.41164052767324794,0.0
groove_midi/drummer1_session3_4_jazz-linear_182_beat_4-4/track.npy,groove_midi,0.5422582826233941,0.4194584996062173,0.4194584996062173,0.4194584996062173,0.01125,0.1,0.03240058910162003,0.17673048600883653,0.3564814814814815,0.2763039342104175,0.2763039342104175,0.2763039342104175,0.021551724137931036,0.17672413793103448,0.021551724137931036,0.17672413793103448,694.0,0.14862914862914864,0.227994227994228,1.481604540924252,237.0,0.05084745762711865,0.09322033898305085,2.201949084426746,0.0
groove_midi/drummer1_session3_9_rock_135_beat_4-4/track.npy,groove_midi,0.9988465974625144,0.9054872707947397,0.9054872707947397,0.9054872707947397,0.9976958525345622,0.9976958525345622,0.9976958525345622,0.9976958525345622,1.0,0.897682304156119,0.897682304156119,0.897682304156119,1.0,1.0,1.0,1.0,444.0,0.0,0.0,0.1335313926245261,111.0,0.0,0.0,0.04525797959096167,0.0
groove_midi/drummer3_session1_7_rock_105_beat_4-4/track.npy,groove_midi,1.0,0.7887700364616292,0.7887700364616292,0.7887700364616292,1.0,1.0,1.0,1.0,1.0,0.7742618304510918,0.7742618304510918,0.7742618304510918,1.0,1.0,1.0,1.0,61.0,0.0,0.0,0.07145896398215029,16.0,0.0,0.0,0.03509131981127008,0.0
groove_midi/drummer3_session1_8_jazz_105_beat_4-4/track.npy,groove_midi,0.897119341563786,0.680161158958983,0.680161158958983,0.680161158958983,0.8524590163934426,0.8934426229508197,0.8524590163934426,0.8934426229508197,0.6,0.42560797086092983,0.42560797086092983,0.42560797086092983,0.2,0.32,0.2,0.32,131.0,0.0,0.0,0.11167692797020272,54.0,0.0,0.0,1.3121208178545134,0.0
groove_midi/drummer3_session2_16_rock_100_beat_4-4/track.npy,groove_midi,1.0,0.9290103826585866,0.9290103826585866,0.9290103826585866,1.0,1.0,1.0,1.0,1.0,0.8873719482672456,0.8873719482672456,0.8873719482672456,1.0,1.0,1.0,1.0,104.0,0.0,0.0,0.06669137449868245,26.0,0.0,0.0,0.0318676210914159,0.0
groove_midi/drummer3_session2_6_rock_100_beat_4-4/track.npy,groove_midi,0.9824561403508771,0.8872329741493151,0.8872329741493151,0.8872329741493151,0.9655172413793104,0.9655172413793104,0.9655172413793104,0.9655172413793104,1.0,0.8531633107303256,0.8531633107303256,0.8531633107303256,1.0,1.0,1.0,1.0,34.0,0.0,0.0,0.10178269430994025,9.0,0.0,0.0,0.053676021333349644,0.0
groove_midi/drummer5_eval_session_10_soul-groove10_102_beat_4-4/track.npy,groove_midi,1.0,0.9587835582373467,0.9587835582373467,0.9587835582373467,1.0,1.0,1.0,1.0,1.0,0.9643944294447058,0.9643944294447058,0.9643944294447058,1.0,1.0,1.0,1.0,64.0,0.0,0.0,0.06723830549638077,16.0,0.0,0.0,0.01694955831377299,0.0
groove_midi/drummer5_eval_session_6_hiphop-groove6_87_beat_4-4/track.npy,groove_midi,1.0,0.9241587009159714,0.9241587009159714,0.9241587009159714,1.0,1.0,1.0,1.0,1.0,0.9247596522539311,0.9247596522539311,0.9247596522539311,1.0,1.0,1.0,1.0,64.0,0.0,0.0,0.058756395713773266,16.0,0.0,0.0,0.02181904739463989,0.0
groove_midi/drummer5_eval_session_8_rock-groove8_65_beat_4-4/track.npy,groove_midi,0.9914529914529915,0.8905782153198479,0.8905782153198479,0.8905782153198479,0.9830508474576272,0.9830508474576272,0.9830508474576272,0.9830508474576272,0.9655172413793104,0.8717797668390831,0.8717797668390831,0.8717797668390831,0.9333333333333333,0.9333333333333333,0.9333333333333333,0.9333333333333333,65.0,0.0,0.0,0.06252984528090033,17.0,0.0,0.0,0.02334856957882116,0.0
groove_midi/drummer5_session1_20_latin-brazilian-baiao_110_beat_4-4/track.npy,groove_midi,0.9656862745098039,0.8697027716203313,0.8697027716203313,0.8697027716203313,0.8875305623471883,0.960880195599022,0.8875305623471883,0.960880195599022,0.9607843137254902,0.882672272796695,0.882672272796695,0.882672272796695,1.0,1.0,1.0,1.0,419.0,0.0,0.0,0.11332868530700724,105.0,0.0,0.0,0.06132906052089395,0.0
groove_midi/drummer5_session1_7_latin-brazilian-maracatu_96_beat_4-4/track.npy,groove_midi,0.9167733674775929,0.7502445757431959,0.7502445757431959,0.7502445757431959,0.21628498727735368,0.905852417302799,0.21628498727735368,0.905852417302799,0.8832487309644671,0.7576103229997152,0.7576103229997152,0.7576103229997152,0.5959595959595959,0.9494949494949495,0.5959595959595959,0.9494949494949495,397.0,0.0,0.0,0.36583643116812153,101.0,0.0,0.0,0.14501459384776416,0.0
groove_midi/drummer5_session2_21_latin-brazilian-ijexa_108_beat_4-4/track.npy,groove_midi,1.0,0.9266949416162091,0.9266949416162091,0.9266949416162091,1.0,1.0,1.0,1.0,0.0,3.7893246459416404e-159,0.8989231803324434,0.4494615901662217,0.0,0.0,0.9333333333333333,0.9333333333333333,127.0,0.0,0.0,0.07145896398215579,32.0,0.0,0.0,0.03589510223669447,0.0
groove_midi/drummer5_session2_5_reggae_126_beat_4-4/track.npy,groove_midi,0.9720372836218375,0.9094522107732367,0.9094522107732367,0.9094522107732367,0.7131578947368421,0.9578947368421052,0.7131578947368421,0.9578947368421052,0.0,3.895950058641583e-29,6.737765680596992e-10,3.368882840298496e-10,0.0,0.0,0.010638297872340425,0.010638297872340425,382.0,0.0,0.0,0.08338160893906466,96.0,0.0,0.0,0.04226833052416771,0.0
groove_midi/drummer6_session1_5_rock_60_beat_6-8/track.npy,groove_midi,0.5609756097560975,0.4526037861314727,0.4526037861314727,0.4526037861314727,0.03418803418803419,0.05128205128205128,0.03418803418803419,0.05128205128205128,0.21276595744680848,0.1910224494594573,0.3360597535779402,0.26354110151869875,0.0,0.0,0.0,0.0,127.0,0.0,0.0,0.6931471805599451,42.0,0.0,0.0,0.6674778964243527,0.0
groove_midi/drummer6_session3_1_rock_90_beat_4-4/track.npy,groove_midi,0.9801324503311258,0.7987864655088694,0.7987864655088694,0.7987864655088694,0.9868421052631579,0.9868421052631579,0.9868421052631579,0.9868421052631579,0.0,4.802964040107327e-222,0.7776621248434576,0.3888310624217288,0.0,0.0,0.9473684210526315,0.9473684210526315,83.0,0.0,0.0,0.06062462181643358,21.0,0.0,0.0,0.023540955513285295,0.0
groove_midi/drummer6_session3_3_rock_100_beat_4-4/track.npy,groove_midi,0.9789156626506024,0.7400288977611748,0.7400288977611748,0.7400288977611748,0.7048192771084337,0.9969879518072289,0.7048192771084337,0.9969879518072289,0.963855421686747,0.7314130883045132,0.7314130883045132,0.7314130883045132,1.0,1.0,1.0,1.0,341.0,0.0,0.0,0.06669137449868491,86.0,0.0,0.0,0.04002685323933588,0.0
groove_midi/drummer6_session3_7_rock_88_beat_4-4/track.npy,groove_midi,0.9710982658959537,0.8010548681599219,0.8010548681599219,0.8010548681599219,1.0,1.0,1.0,1.0,0.9772727272727273,0.7760869459850226,0.7760869459850226,0.7760869459850226,1.0,1.0,1.0,1.0,181.0,0.0,0.0,0.058840500022942666,46.0,0.0,0.0,0.036594159828442364,0.0
groove_midi/drummer7_session1_13_funk_102_beat_4-4/track.npy,groove_midi,0.977491961414791,0.7972257165762756,0.7972257165762756,0.7972257165762756,0.9935897435897436,0.9935897435897436,0.9935897435897436,0.9935897435897436,0.0,2.0224932451977526e-170,0.7940877491162502,0.3970438745581251,0.0,0.0,0.9487179487179487,0.9487179487179487,163.0,0.0,0.0,0.06899287148696154,41.0,0.0,0.0,0.034191364748273154,0.0
groove_midi/drummer7_session1_14_jazz_100_beat_4-4/track.npy,groove_midi,0.9555555555555556,0.7717237760125537,0.7717237760125537,0.7717237760125537,0.5222222222222223,0.9666666666666667,0.5222222222222223,0.9666666666666667,0.0,9.831280149445197e-48,0.6971200097591677,0.34856000487958383,0.0,0.0,0.43478260869565216,0.8260869565217391,99.0,0.0,0.0,0.10678400921160086,25.0,0.0,0.0,0.3605648639069717,0.0
groove_midi/drummer7_session1_38_hiphop_100_beat_4-4/track.npy,groove_midi,1.0,0.8605381418727932,0.8605381418727932,0.8605381418727932,1.0,1.0,1.0,1.0,0.0,1.0412854322731688e-46,1.0412854322731688e-46,1.0412854322731688e-46,0.0,0.0,0.0,0.0,43.0,0.0,0.0,0.09844007281325629,11.0,0.0,0.0,0.03162268587060423,0.0
groove_midi/drummer7_session1_8_rock_93_beat_4-4/track.npy,groove_midi,0.9623762376237625,0.8048462262753943,0.8048462262753943,0.8048462262753943,0.9960474308300395,0.9960474308300395,0.9960474308300395,0.9960474308300395,0.9606299212598425,0.7725536096805722,0.7725536096805722,0.7725536096805722,0.984375,0.984375,0.984375,0.984375,261.0,0.0,0.0,0.06252035698132147,66.0,0.0,0.0,0.038870329231391235,0.0
groove_midi/drummer7_session2_15_rock_118_beat_4-4/track.npy,groove_midi,1.0,0.9089721702469725,0.9089721702469725,0.9089721702469725,1.0,1.0,1.0,1.0,1.0,0.8974785032288103,0.8974785032288103,0.8974785032288103,1.0,1.0,1.0,1.0,225.0,0.0,0.0,0.07696104113613988,57.0,0.0,0.0,0.03922071315328046,0.0
groove_midi/drummer7_session2_37_rock_112_beat_4-4/track.npy,groove_midi,0.9959514170040485,0.8683074572324294,0.8683074572324294,0.8683074572324294,1.0,1.0,1.0,1.0,1.0,0.8892953614371836,0.8892953614371836,0.8892953614371836,1.0,1.0,1.0,1.0,257.0,0.0,0.0,0.07696104113611754,65.0,0.0,0.0,0.037352906032491716,0.0
groove_midi/drummer7_session2_45_rock_135_beat_4-4/track.npy,groove_midi,0.9966329966329966,0.9250675953192182,0.9250675953192182,0.9250675953192182,0.9932885906040269,0.9932885906040269,0.9932885906040269,0.9932885906040269,0.9866666666666666,0.91748312537899,0.91748312537899,0.91748312537899,0.9736842105263158,0.9736842105263158,0.9736842105263158,0.9736842105263158,160.0,0.0,0.0,0.09097177820572444,40.0,0.0,0.0,0.03390155167568265,0.0
groove_midi/drummer7_session2_64_rock_145_beat_4-4/track.npy,groove_midi,0.9859943977591036,0.8462104262362888,0.8462104262362888,0.8462104262362888,0.9555555555555556,0.9555555555555556,0.9555555555555556,0.9555555555555556,0.9887640449438202,0.8418914534356539,0.8418914534356539,0.8418914534356539,0.9555555555555556,0.9555555555555556,0.9555555555555556,0.9555555555555556,190.0,0.0,0.0,0.14660347419187864,48.0,0.0,0.0,0.03670239088476021,0.0
groove_midi/drummer7_session3_106_hiphop_70_beat_4-4/track.npy,groove_midi,0.873015873015873,0.7462677164413881,0.7462677164413881,0.7462677164413881,0.44776119402985076,0.8059701492537313,0.44776119402985076,0.8059701492537313,0.6666666666666666,0.5611704947363174,0.5611704947363174,0.5611704947363174,0.3888888888888889,0.5,0.3888888888888889,0.5,73.0,0.041666666666666664,0.041666666666666664,0.69314718055996,20.0,0.0,0.0,0.6390129155960602,0.0
groove_midi/drummer7_session3_119_rock_95_beat_4-4/track.npy,groove_midi,0.8979591836734694,0.8580426415150734,0.8580426415150734,0.8580426415150734,0.84,0.84,0.84,0.84,0.923076923076923,0.9097796472853884,0.9097796472853884,0.9097796472853884,0.8571428571428571,0.8571428571428571,0.8571428571428571,0.8571428571428571,33.0,0.0,0.0,0.13358021836549303,9.0,0.0,0.0,0.11266748062596761,0.0
groove_midi/drummer7_session3_159_soul_98_beat_4-4/track.npy,groove_midi,0.9873417721518987,0.8604357235862501,0.8604357235862501,0.8604357235862501,0.975,0.975,0.975,0.975,0.9473684210526316,0.8146694866133376,0.8146694866133376,0.8146694866133376,0.9,0.9,0.9,0.9,47.0,0.0,0.0,0.05818878147465963,12.0,0.0,0.0,0.029146078218311736,0.0
groove_midi/drummer7_session3_38_hiphop_67_beat_4-4/track.npy,groove_midi,0.967741935483871,0.8810899214382687,0.8810899214382687,0.8810899214382687,0.8387096774193549,0.9516129032258065,0.8387096774193549,0.9516129032258065,0.8666666666666667,0.796494111316121,0.796494111316121,0.796494111316121,0.8666666666666667,0.8666666666666667,0.8666666666666667,0.8666666666666667,64.0,0.0,0.0,0.04445176257083479,16.0,0.0,0.0,0.21703794948799035,0.0
groove_midi/drummer7_session3_92_hiphop_70_beat_4-4/track.npy,groove_midi,0.897142857142857,0.7875885053649703,0.7875885053649703,0.7875885053649703,0.22916666666666666,0.6875,0.22916666666666666,0.6875,0.7816091954022988,0.7003074388415955,0.7003074388415955,0.7003074388415955,0.22916666666666666,0.6875,0.22916666666666666,0.6875,194.0,0.025906735751295335,0.03626943005181347,0.761622770071074,49.0,0.0,0.0,0.6627414322818593,0.0
groove_midi/drummer8_eval_session_2_funk-groove2_105_beat_4-4/track.npy,groove_midi,0.9909909909909909,0.892016629202202,0.892016629202202,0.892016629202202,0.9821428571428571,0.9821428571428571,0.9821428571428571,0.9821428571428571,0.962962962962963,0.869531964066583,0.869531964066583,0.869531964066583,0.9285714285714286,0.9285714285714286,0.9285714285714286,0.9285714285714286,65.0,0.0,0.0,0.0689928714869561,17.0,0.0,0.0,0.022716851581262146,0.0
groove_midi/drummer8_eval_session_3_soul-groove3_86_beat_4-4/track.npy,groove_midi,1.0,0.9514538453187057,0.9514538453187057,0.9514538453187057,1.0,1.0,1.0,1.0,1.0,0.9742370570494397,0.9742370570494397,0.9742370570494397,1.0,1.0,1.0,1.0,64.0,0.0,0.0,0.057158413839947464,16.0,0.0,0.0,0.009729219291001266,0.0
groove_midi/drummer8_session1_13_latin_118_beat_4-4/track.npy,groove_midi,0.9616858237547893,0.8747011311051273,0.8747011311051273,0.8747011311051273,0.9198473282442748,0.9618320610687023,0.9198473282442748,0.9618320610687023,0.9692307692307692,0.8777024093216328,0.8777024093216328,0.8777024093216328,1.0,1.0,1.0,1.0,270.0,0.0,0.0,0.11778303565639263,68.0,0.0,0.0,0.05644813726890027,0.0
groove_midi/drummer8_session1_1_funk_95_beat_4-4/track.npy,groove_midi,1.0,0.9282568551935051,0.9282568551935051,0.9282568551935051,1.0,1.0,1.0,1.0,1.0,0.9208521980659653,0.9208521980659653,0.9208521980659653,1.0,1.0,1.0,1.0,416.0,0.0,0.0,0.06252035698132147,104.0,0.0,0.0,0.023905520853549293,0.0
groove_midi/drummer8_session1_23_hiphop_70_beat_4-4/track.npy,groove_midi,0.9954128440366973,0.8707638099279897,0.8707638099279897,0.8707638099279897,1.0,1.0,1.0,1.0,1.0,0.8725452795264149,0.8725452795264149,0.8725452795264149,1.0,1.0,1.0,1.0,224.0,0.0,0.0,0.047628048989245705,56.0,0.0,0.0,0.02339287957470241,0.0
groove_midi/drummer8_session1_24_funk-latin_100_beat_4-4/track.npy,groove_midi,1.0,0.9191550768770028,0.9191550768770028,0.9191550768770028,1.0,1.0,1.0,1.0,1.0,0.9344080611644089,0.9344080611644089,0.9344080611644089,1.0,1.0,1.0,1.0,321.0,0.0,0.0,0.06669137449868245,81.0,0.0,0.0,0.026065009468166134,0.0
groove_midi/drummer8_session1_2_funk_95_beat_4-4/track.npy,groove_midi,0.9959677419354839,0.8783831691675286,0.8783831691675286,0.8783831691675286,0.5362903225806451,0.9919354838709677,0.5362903225806451,0.9919354838709677,1.0,0.8690694711729999,0.8690694711729999,0.8690694711729999,1.0,1.0,1.0,1.0,256.0,0.0,0.0,0.06453852113755837,64.0,0.0,0.0,0.02389607114174881,0.0
groove_midi/drummer9_session1_18_rock_120_beat_4-4/track.npy,groove_midi,0.8918918918918919,0.7602880778308452,0.7602880778308452,0.7602880778308452,0.3076923076923077,0.717948717948718,0.3076923076923077,0.717948717948718,0.7000000000000001,0.6019015187865614,0.6019015187865614,0.6019015187865614,0.2727272727272727,0.5454545454545454,0.2727272727272727,0.5454545454545454,46.0,0.0,0.0,0.6872640735869533,13.0,0.0,0.0,0.6882210323384398,0.0
groove_midi/drummer9_session1_19_rock_120_beat_4-4/track.npy,groove_midi,0.9,0.8069217112431812,0.8069217112431812,0.8069217112431812,0.6621621621621622,0.7297297297297297,0.6621621621621622,0.7297297297297297,0.7647058823529411,0.6820458283561533,0.6820458283561533,0.6820458283561533,0.6666666666666666,0.6666666666666666,0.6666666666666666,0.6666666666666666,85.0,0.023809523809523808,0.05952380952380952,0.7651856174661258,21.0,0.0,0.0,0.3223653703435227,0.0
groove_midi/drummer9_session1_1_rock_100_beat_4-4/track.npy,groove_midi,0.9787234042553191,0.8839053681741358,0.8839053681741358,0.8839053681741358,0.9583333333333334,0.9583333333333334,0.9583333333333334,0.9583333333333334,0.5142857142857143,0.46728447531956113,0.5505383303132165,0.5089114028163888,0.5,0.5,0.5,0.5,78.0,0.0,0.0,0.06669137449867674,20.0,0.0,0.0,0.2801564052260575,0.0
guitarset/00_BN1-147-Gb_comp_mix/track.npy,guitarset,0.9859154929577464,0.8777744758127533,0.8777744758127533,0.8777744758127533,0.9722222222222222,0.9722222222222222,0.9722222222222222,0.9722222222222222,0.9411764705882353,0.8555796289128444,0.8555796289128444,0.8555796289128444,0.8888888888888888,0.8888888888888888,0.8888888888888888,0.8888888888888888,49.0,0.0,0.0,0.08210511417929103,13.0,0.0,0.0,0.030753292856544018,0.0
guitarset/00_Rock1-90-C#_comp_mix/track.npy,guitarset,0.9135802469135802,0.7993622751906189,0.7993622751906189,0.7993622751906189,0.9024390243902439,0.9024390243902439,0.9024390243902439,0.9024390243902439,0.9523809523809523,0.8310340797797577,0.8310340797797577,0.8310340797797577,0.9090909090909091,0.9090909090909091,0.9090909090909091,0.9090909090909091,49.0,0.0,0.0,0.10855153805635501,13.0,0.0,0.0,0.04959382827537229,0.0
guitarset/00_SS3-84-Bb_comp_mix/track.npy,guitarset,0.9473684210526315,0.6842618755931995,0.6842618755931995,0.6842618755931995,1.0,1.0,1.0,1.0,0.9285714285714286,0.7184987272072398,0.7184987272072398,0.7184987272072398,1.0,1.0,1.0,1.0,64.0,0.0,0.0,0.10989222275611867,16.0,0.0,0.0,0.05129913548694595,0.0
guitarset/01_Jazz1-200-B_comp_mix/track.npy,guitarset,0.8148148148148149,0.7741300768874498,0.7741300768874498,0.7741300768874498,0.45161290322580644,0.45161290322580644,0.45161290322580644,0.45161290322580644,0.7692307692307692,0.7692307692307693,0.7692307692307693,0.7692307692307693,0.5714285714285714,0.5714285714285714,0.5714285714285714,0.5714285714285714,32.0,0.0,0.0,0.4226742225673794,9.0,0.0,0.0,0.38617586350666,0.0
guitarset/01_Jazz2-187-F#_comp_mix/track.npy,guitarset,0.9787234042553191,0.9535483697723399,0.9535483697723399,0.9535483697723399,0.8958333333333334,0.8958333333333334,0.8958333333333334,0.8958333333333334,0.9166666666666666,0.8881554995145949,0.8881554995145949,0.8881554995145949,0.75,0.75,0.75,0.75,59.0,0.0,0.0,0.6931471805599444,16.0,0.0,0.0,0.5181943169852322,0.0
guitarset/01_Rock1-130-A_comp_mix/track.npy,guitarset,0.9599999999999999,0.9158239977333104,0.9158239977333104,0.9158239977333104,0.5,0.9210526315789473,0.5,0.9210526315789473,0.9473684210526316,0.9003119843596534,0.9003119843596534,0.9003119843596534,0.9,0.9,0.9,0.9,49.0,0.0,0.0,0.29970982917779604,13.0,0.0,0.0,0.021739986636405417,0.0
guitarset/02_BN3-154-E_comp_mix/track.npy,guitarset,1.0,0.8972162480546364,0.8972162480546364,0.8972162480546364,1.0,1.0,1.0,1.0,1.0,0.8842463418946012,0.8842463418946012,0.8842463418946012,1.0,1.0,1.0,1.0,64.0,0.0,0.0,0.10509666280278235,16.0,0.0,0.0,0.03043414542535812,0.0
guitarset/02_Funk2-108-Eb_comp_mix/track.npy,guitarset,0.9908256880733944,0.9098649057243832,0.9098649057243832,0.9098649057243832,0.9818181818181818,0.9818181818181818,0.9818181818181818,0.9818181818181818,1.0,0.9104145268102957,0.9104145268102957,0.9104145268102957,1.0,1.0,1.0,1.0,63.0,0.0,0.0,0.07145896398214668,16.0,0.0,0.0,0.027150989065951037,0.0
guitarset/02_Funk2-119-G_comp_mix/track.npy,guitarset,0.9158878504672898,0.8163719252761308,0.8163719252761308,0.8163719252761308,0.8518518518518519,0.8888888888888888,0.8518518518518519,0.8888888888888888,0.8461538461538461,0.7701071246299313,0.7701071246299313,0.7701071246299313,0.9230769230769231,0.9230769230769231,0.9230769230769231,0.9230769230769231,63.0,0.0,0.0,0.579818495252938,16.0,0.0,0.0,0.06712218129053907,0.0
guitarset/02_Funk3-98-A_comp_mix/track.npy,guitarset,0.897196261682243,0.7837755921441357,0.7837755921441357,0.7837755921441357,0.5818181818181818,0.8363636363636363,0.5818181818181818,0.8363636363636363,0.7692307692307693,0.7291327663625254,0.7291327663625254,0.7291327663625254,0.6923076923076923,0.9230769230769231,0.6923076923076923,0.9230769230769231,61.0,0.0,0.0,0.30515954553025415,16.0,0.0,0.0,0.1829049214972425,0.0
guitarset/02_Jazz3-150-C_comp_mix/track.npy,guitarset,0.9902912621359222,0.8083820227991269,0.8083820227991269,0.8083820227991269,0.9807692307692307,0.9807692307692307,0.9807692307692307,0.9807692307692307,0.9600000000000001,0.7584148728036081,0.7584148728036081,0.7584148728036081,0.9230769230769231,0.9230769230769231,0.9230769230769231,0.9230769230769231,64.0,0.0,0.0,0.10008345855698275,16.0,0.0,0.0,0.029295834612552397,0.0
guitarset/02_Rock2-142-D_comp_mix/track.npy,guitarset,1.0,0.7579742821445735,0.7579742821445735,0.7579742821445735,1.0,1.0,1.0,1.0,1.0,0.8125378424566588,0.8125378424566588,0.8125378424566588,1.0,1.0,1.0,1.0,64.0,0.0,0.0,0.09531017980433143,16.0,0.0,0.0,0.035506688456910115,0.0
guitarset/03_Funk1-114-Ab_comp_mix/track.npy,guitarset,0.7857142857142858,0.7326253919853822,0.7326253919853822,0.7326253919853822,0.5434782608695652,0.5652173913043478,0.5434782608695652,0.5652173913043478,0.5925925925925926,0.5376018304113092,0.5376018304113092,0.5376018304113092,0.2222222222222222,0.3333333333333333,0.2222222222222222,0.3333333333333333,57.0,0.017857142857142856,0.017857142857142856,0.7549003208448588,22.0,0.0,0.0,1.965578623350656,0.0
guitarset/03_Funk2-108-Eb_comp_mix/track.npy,guitarset,0.7903225806451614,0.7570497855405539,0.7570497855405539,0.7570497855405539,0.2028985507246377,0.5072463768115942,0.2028985507246377,0.5072463768115942,0.7333333333333334,0.7077852103428416,0.7077852103428416,0.7077852103428416,0.29411764705882354,0.7647058823529411,0.29411764705882354,0.7647058823529411,83.0,0.0,0.0,0.7308875085427916,22.0,0.0,0.0,2.135983500106869,0.0
guitarset/03_Funk2-119-G_comp_mix/track.npy,guitarset,0.9629629629629629,0.8100455404890853,0.8100455404890853,0.8100455404890853,0.5925925925925926,0.9444444444444444,0.5925925925925926,0.9444444444444444,0.25,0.24050021235851743,0.3729795700097268,0.30673989118412215,0.15789473684210525,0.15789473684210525,0.15789473684210525,0.15789473684210525,64.0,0.0,0.0,0.2485842215791617,24.0,0.0,0.0,1.2812640439795824,0.0
guitarset/03_Funk3-112-C#_comp_mix/track.npy,guitarset,0.7894736842105262,0.6921868799311124,0.6921868799311124,0.6921868799311124,0.6,0.6666666666666666,0.6,0.6666666666666666,0.7142857142857142,0.6416198803535558,0.6416198803535558,0.6416198803535558,0.5333333333333333,0.6666666666666666,0.5333333333333333,0.6666666666666666,69.0,0.0,0.0,0.5468740354507826,17.0,0.0,0.0,0.6266345508015108,0.0
guitarset/03_Rock1-130-A_comp_mix/track.npy,guitarset,0.9866666666666666,0.9130237216602054,0.9130237216602054,0.9130237216602054,0.9736842105263158,0.9736842105263158,0.9736842105263158,0.9736842105263158,0.9473684210526316,0.9045432646649374,0.9045432646649374,0.9045432646649374,0.9,0.9,0.9,0.9,47.0,0.0,0.0,0.09017969796250777,12.0,0.0,0.0,0.03278982282299138,0.0
guitarset/03_Rock3-117-Bb_comp_mix/track.npy,guitarset,0.9908256880733944,0.9180463935208901,0.9180463935208901,0.9180463935208901,0.9818181818181818,0.9818181818181818,0.9818181818181818,0.9818181818181818,0.962962962962963,0.8872760056576048,0.8872760056576048,0.8872760056576048,0.9285714285714286,0.9285714285714286,0.9285714285714286,0.9285714285714286,64.0,0.0,0.0,0.07696104113612752,16.0,0.0,0.0,0.02299014020748436,0.0
guitarset/03_SS1-100-C#_comp_mix/track.npy,guitarset,0.9873417721518987,0.9278465329542236,0.9278465329542236,0.9278465329542236,0.975,0.975,0.975,0.975,0.9473684210526316,0.897893432667198,0.897893432667198,0.897893432667198,0.9,0.9,0.9,0.9,49.0,0.0,0.0,0.0568544276517753,13.0,0.0,0.0,0.016667052485211553,0.0
guitarset/03_SS3-84-Bb_comp_mix/track.npy,guitarset,0.9649122807017544,0.7638261880163082,0.7638261880163082,0.7638261880163082,0.5964912280701754,0.9649122807017544,0.5964912280701754,0.9649122807017544,1.0,0.7863953950259132,0.7863953950259132,0.7863953950259132,1.0,1.0,1.0,1.0,64.0,0.0,0.0,0.4256049818040525,16.0,0.0,0.0,0.05556985115481039,0.0
guitarset/04_BN1-147-Gb_comp_mix/track.npy,guitarset,0.9859154929577464,0.9183704290486423,0.9183704290486423,0.9183704290486423,0.9722222222222222,0.9722222222222222,0.9722222222222222,0.9722222222222222,0.9411764705882353,0.8598456197576889,0.8598456197576889,0.8598456197576889,0.8888888888888888,0.8888888888888888,0.8888888888888888,0.8888888888888888,49.0,0.0,0.0,0.09865147493118306,13.0,0.0,0.0,0.03681397312271592,0.0
guitarset/04_Funk2-119-G_comp_mix/track.npy,guitarset,1.0,0.9248687302501567,0.9248687302501567,0.9248687302501567,1.0,1.0,1.0,1.0,1.0,0.9307856653941644,0.9307856653941644,0.9307856653941644,1.0,1.0,1.0,1.0,64.0,0.0,0.0,0.08004270767353472,16.0,0.0,0.0,0.013398634608222456,0.0
guitarset/05_BN2-166-Ab_comp_mix/track.npy,guitarset,1.0,0.8993603367275266,0.8993603367275266,0.8993603367275266,1.0,1.0,1.0,1.0,1.0,0.9073530100423,0.9073530100423,0.9073530100423,1.0,1.0,1.0,1.0,64.0,0.0,0.0,0.11122563511022676,16.0,0.0,0.0,0.04138521616285478,0.0
guitarset/05_BN3-154-E_comp_mix/track.npy,guitarset,0.9902912621359222,0.9395068831808276,0.9395068831808276,0.9395068831808276,0.9807692307692307,0.9807692307692307,0.9807692307692307,0.9807692307692307,0.9600000000000001,0.9185945576688234,0.9185945576688234,0.9185945576688234,0.9230769230769231,0.9230769230769231,0.9230769230769231,0.9230769230769231,65.0,0.0,0.0,0.10483280994773946,17.0,0.0,0.0,0.025642430613338152,0.0
guitarset/05_Funk3-98-A_comp_mix/track.npy,guitarset,0.761904761904762,0.6446068567564276,0.6446068567564276,0.6446068567564276,0.2727272727272727,0.6727272727272727,0.2727272727272727,0.6727272727272727,0.21428571428571427,0.19082926153756238,0.2662804506060089,0.22855485607178566,0.06666666666666667,0.13333333333333333,0.08,0.13333333333333333,58.0,0.0,0.0,0.6809517899061082,16.0,0.0,0.0,1.2648800994531848,0.0
guitarset/05_Jazz2-187-F#_comp_mix/track.npy,guitarset,0.9896907216494846,0.8427737942042374,0.8427737942042374,0.8427737942042374,0.9795918367346939,0.9795918367346939,0.9795918367346939,0.9795918367346939,0.9600000000000001,0.8166745755253056,0.8166745755253056,0.8166745755253056,0.9230769230769231,0.9230769230769231,0.9230769230769231,0.9230769230769231,65.0,0.0,0.0,0.1251631429540063,17.0,0.0,0.0,0.031748698314582435,0.0
guitarset/05_Rock3-117-Bb_comp_mix/track.npy,guitarset,0.9908256880733944,0.9416828491532236,0.9416828491532236,0.9416828491532236,0.9818181818181818,0.9818181818181818,0.9818181818181818,0.9818181818181818,0.962962962962963,0.9228259462785575,0.9228259462785575,0.9228259462785575,0.9285714285714286,0.9285714285714286,0.9285714285714286,0.9285714285714286,65.0,0.0,0.0,0.0731870083378428,17.0,0.0,0.0,0.022507044661896947,0.0
hainsworth/hainsworth_007/track.npy,hainsworth,0.6428571428571429,0.5149844063694271,0.5149844063694271,0.5149844063694271,0.3559322033898305,0.6440677966101694,0.3559322033898305,0.6440677966101694,0.16216216216216214,0.12292173271844736,0.1773915179768748,0.15015662534766108,0.0,0.0,0.07407407407407407,0.14814814814814814,59.0,0.0,0.0,0.5290122314716459,25.0,0.0,0.0,1.2537143313318981,0.0
hainsworth/hainsworth_019/track.npy,hainsworth,1.0,0.9586273169203742,0.9586273169203742,0.9586273169203742,1.0,1.0,1.0,1.0,1.0,0.9678304604645451,0.9678304604645451,0.9678304604645451,1.0,1.0,1.0,1.0,64.0,0.0,0.0,0.028170876966698233,16.0,0.0,0.0,0.00701757265864702,0.0
hainsworth/hainsworth_020/track.npy,hainsworth,1.0,0.9650997908664877,0.9650997908664877,0.9650997908664877,1.0,1.0,1.0,1.0,1.0,0.9779445917080365,0.9779445917080365,0.9779445917080365,1.0,1.0,1.0,1.0,114.0,0.0,0.0,0.037740327982853095,29.0,0.0,0.0,0.00921665510492542,0.0
hainsworth/hainsworth_035/track.npy,hainsworth,0.8078817733990149,0.7168882961750842,0.7168882961750842,0.7168882961750842,0.4117647058823529,0.7647058823529411,0.4117647058823529,0.7647058823529411,0.45454545454545453,0.3844649887155309,0.3844649887155309,0.3844649887155309,0.125,0.25,0.125,0.25,106.0,0.0,0.0,0.3359161649879345,44.0,0.0,0.0,1.6497742601013374,0.0
hainsworth/hainsworth_042/track.npy,hainsworth,0.99581589958159,0.9636667193989665,0.9636667193989665,0.9636667193989665,0.9916666666666667,0.9916666666666667,0.9916666666666667,0.9916666666666667,1.0,0.9692717450961996,0.9692717450961996,0.9692717450961996,1.0,1.0,1.0,1.0,133.0,0.0,0.0,0.05004172927848993,33.0,0.0,0.0,0.024244502351609853,0.0
hainsworth/hainsworth_054/track.npy,hainsworth,0.9738219895287958,0.8801168707684807,0.8801168707684807,0.8801168707684807,0.9583333333333334,0.9583333333333334,0.9583333333333334,0.9583333333333334,0.9583333333333334,0.8559295805912664,0.8559295805912664,0.8559295805912664,1.0,1.0,1.0,1.0,107.0,0.0,0.0,0.08004270767353472,26.0,0.0,0.0,0.048215049029430836,0.0
hainsworth/hainsworth_057/track.npy,hainsworth,0.8862275449101796,0.7825424118410508,0.7825424118410508,0.7825424118410508,0.3176470588235294,0.8352941176470589,0.3176470588235294,0.8352941176470589,0.5853658536585366,0.5332847722692993,0.5526536459800766,0.5429692091246879,0.2857142857142857,0.5714285714285714,0.2857142857142857,0.5714285714285714,92.0,0.0,0.0,0.2295744416444929,23.0,0.0,0.0,0.12562621311741062,0.0
hainsworth/hainsworth_059/track.npy,hainsworth,0.8222222222222223,0.7971071954741258,0.7971071954741258,0.7971071954741258,0.16161616161616163,0.5757575757575758,0.16161616161616163,0.5757575757575758,0.8985507246376813,0.86695005262147,0.86695005262147,0.86695005262147,0.3055555555555556,0.6944444444444444,0.3055555555555556,0.6944444444444444,88.0,0.0,0.0,0.7237392787582324,39.0,0.0,0.0,1.1033183881501467,0.0
hainsworth/hainsworth_079/track.npy,hainsworth,0.9074074074074074,0.8208017971175714,0.8208017971175714,0.8208017971175714,0.452991452991453,0.6752136752136753,0.452991452991453,0.6752136752136753,0.5483870967741935,0.5059627643549542,0.5059627643549542,0.5059627643549542,0.2727272727272727,0.30303030303030304,0.2727272727272727,0.30303030303030304,106.0,0.0,0.0,0.6931471805599451,36.0,0.0,0.0,0.9841446422263175,0.0
hainsworth/hainsworth_092/track.npy,hainsworth,0.8333333333333333,0.7839911703511492,0.80297971262962,0.7934854414903846,0.14285714285714285,0.4365079365079365,0.14285714285714285,0.4365079365079365,0.6545454545454547,0.6370494429447237,0.6370494429447237,0.6370494429447237,0.125,0.34375,0.125,0.34375,101.0,0.0,0.0,0.7216544477616472,25.0,0.0,0.0,0.6988979988488402,0.0
hainsworth/hainsworth_103/track.npy,hainsworth,0.630952380952381,0.5552750995433706,0.5821740220009245,0.5687245607721476,0.12871287128712872,0.25742574257425743,0.12871287128712872,0.3082706766917293,0.39999999999999997,0.36351462717124344,0.4510822820548794,0.4072984546130614,0.041666666666666664,0.0625,0.041666666666666664,0.20833333333333334,118.0,0.03418803418803419,0.1111111111111111,1.271856213191514,56.0,0.03636363636363636,0.07272727272727272,2.0342105639703565,0.0
hainsworth/hainsworth_111/track.npy,hainsworth,0.7104247104247104,0.6427598776492337,0.8188100000929455,0.7307849388710896,0.12650602409638553,0.12650602409638553,0.2864864864864865,0.6918918918918919,0.7076923076923077,0.6629605655446865,0.8477003874231557,0.755330476483921,0.11904761904761904,0.11904761904761904,0.5333333333333333,0.7777777777777778,184.0,0.0,0.0,0.26130415408494023,46.0,0.0,0.0,0.09429666243489383,0.0
hainsworth/hainsworth_120/track.npy,hainsworth,0.9515151515151515,0.8683201827599676,0.8683201827599676,0.8683201827599676,0.10982658959537572,0.7687861271676301,0.10982658959537572,0.7687861271676301,0.7789473684210527,0.7283292931359449,0.7283292931359449,0.7283292931359449,0.1346153846153846,0.4423076923076923,0.1346153846153846,0.4423076923076923,179.0,0.0,0.09550561797752809,0.6931471805599421,58.0,0.0,0.0,1.4269765479600145,0.0
hainsworth/hainsworth_128/track.npy,hainsworth,0.4464285714285714,0.3255633859805464,0.3255633859805464,0.3255633859805464,0.39344262295081966,0.639344262295082,0.39344262295081966,0.639344262295082,0.2325581395348837,0.14670413130796647,0.15796211958982734,0.1523331254488969,0.037037037037037035,0.037037037037037035,0.037037037037037035,0.0967741935483871,57.0,0.0,0.0,0.6355523511499389,32.0,0.0,0.0,1.3367642412074652,0.0
hainsworth/hainsworth_147/track.npy,hainsworth,1.0,0.9310321031708532,0.9310321031708532,0.9310321031708532,1.0,1.0,1.0,1.0,1.0,0.9379639902441212,0.9379639902441212,0.9379639902441212,1.0,1.0,1.0,1.0,67.0,0.0,0.0,0.031748698314585266,17.0,0.0,0.0,0.007968169649178635,0.0
hainsworth/hainsworth_150/track.npy,hainsworth,0.8760330578512396,0.7850614623308616,0.7850614623308616,0.7850614623308616,0.47540983606557374,0.8852459016393442,0.47540983606557374,0.8852459016393442,0.8666666666666667,0.8000912167700076,0.8000912167700076,0.8000912167700076,0.5333333333333333,0.8666666666666667,0.5333333333333333,0.8666666666666667,72.0,0.0,0.0,0.24942702848879794,18.0,0.0,0.0,0.35854532728968536,0.0
hainsworth/hainsworth_158/track.npy,hainsworth,1.0,0.9807440627644052,0.9807440627644052,0.9807440627644052,1.0,1.0,1.0,1.0,0.0,2.2104058754809196e-97,0.9588887772995379,0.47944438864976896,0.0,0.0,0.9583333333333334,0.9583333333333334,106.0,0.0,0.0,0.04652001563490016,27.0,0.0,0.0,0.011696039763192912,0.0
hainsworth/hainsworth_161/track.npy,hainsworth,1.0,0.9524586247719251,0.9524586247719251,0.9524586247719251,1.0,1.0,1.0,1.0,1.0,0.9539841009765229,0.9539841009765229,0.9539841009765229,1.0,1.0,1.0,1.0,76.0,0.0,0.0,0.031748698314585266,19.0,0.0,0.0,0.009473814999318158,0.0
hainsworth/hainsworth_162/track.npy,hainsworth,1.0,0.9610674373937906,0.9610674373937906,0.9610674373937906,1.0,1.0,1.0,1.0,1.0,0.9421356541252284,0.9421356541252284,0.9421356541252284,1.0,1.0,1.0,1.0,84.0,0.0,0.0,0.02817087696671078,21.0,0.0,0.0,0.00771443959025729,0.0
hainsworth/hainsworth_172/track.npy,hainsworth,1.0,0.967023886882813,0.967023886882813,0.967023886882813,1.0,1.0,1.0,1.0,1.0,0.9541645050695478,0.9541645050695478,0.9541645050695478,1.0,1.0,1.0,1.0,114.0,0.0,0.0,0.08338160893904922,29.0,0.0,0.0,0.02083408690284516,0.0
hainsworth/hainsworth_173/track.npy,hainsworth,0.9587628865979382,0.8662453663863269,0.8662453663863269,0.8662453663863269,0.5463917525773195,0.9484536082474226,0.5463917525773195,0.9484536082474226,0.9583333333333334,0.8367779047256468,0.8367779047256468,0.8367779047256468,1.0,1.0,1.0,1.0,107.0,0.0,0.0,0.08338160893904922,26.0,0.0,0.0,0.128207824244893,0.0
hainsworth/hainsworth_175/track.npy,hainsworth,1.0,0.8605044607823653,0.8605044607823653,0.8605044607823653,1.0,1.0,1.0,1.0,1.0,0.9122245744086791,0.9122245744086791,0.9122245744086791,1.0,1.0,1.0,1.0,102.0,0.0,0.0,0.04255961441880263,25.0,0.0,0.0,0.010471299867297001,0.0
hainsworth/hainsworth_185/track.npy,hainsworth,1.0,0.9503045138702988,0.9503045138702988,0.9503045138702988,1.0,1.0,1.0,1.0,1.0,0.9560639247426819,0.9560639247426819,0.9560639247426819,1.0,1.0,1.0,1.0,80.0,0.0,0.0,0.06669137449865972,20.0,0.0,0.0,0.016529301951211717,0.0
hainsworth/hainsworth_190/track.npy,hainsworth,0.8125,0.7092656998635034,0.7092656998635034,0.7092656998635034,0.2261904761904762,0.4880952380952381,0.2261904761904762,0.4880952380952381,0.7380952380952381,0.6274211314486863,0.6274211314486863,0.6274211314486863,0.10869565217391304,0.34782608695652173,0.10869565217391304,0.34782608695652173,102.0,0.039603960396039604,0.0891089108910891,1.3893255922107106,52.0,0.0,0.0,0.7550100714446301,0.0
hainsworth/hainsworth_195/track.npy,hainsworth,1.0,0.9091292838244716,0.9091292838244716,0.9091292838244716,1.0,1.0,1.0,1.0,1.0,0.9066626676871788,0.9066626676871788,0.9066626676871788,1.0,1.0,1.0,1.0,81.0,0.0,0.0,0.14518200984449492,20.0,0.0,0.0,0.035462041884267305,0.0
hainsworth/hainsworth_197/track.npy,hainsworth,0.8625954198473282,0.8068067970550109,0.8068067970550109,0.8068067970550109,0.18055555555555555,0.5,0.18055555555555555,0.5,0.8571428571428571,0.8341124094673538,0.8341124094673538,0.8341124094673538,0.5121951219512195,0.6829268292682927,0.5121951219512195,0.6829268292682927,126.0,0.024,0.024,0.9315582040049549,45.0,0.022727272727272728,0.022727272727272728,1.0766231363397514,0.0
hainsworth/hainsworth_200/track.npy,hainsworth,0.9655172413793104,0.9064150986538936,0.9064150986538936,0.9064150986538936,0.7945205479452054,0.958904109589041,0.7945205479452054,0.958904109589041,1.0,0.9312388561257876,0.9312388561257876,0.9312388561257876,1.0,1.0,1.0,1.0,81.0,0.0,0.0,0.0717238647993037,21.0,0.0,0.0,0.05310982531394899,0.0
hainsworth/hainsworth_201/track.npy,hainsworth,1.0,0.8692941017038938,0.8692941017038938,0.8692941017038938,1.0,1.0,1.0,1.0,1.0,0.917523916669683,0.917523916669683,0.917523916669683,1.0,1.0,1.0,1.0,79.0,0.0,0.0,0.07881685282316497,26.0,0.0,0.0,0.09183286404474557,0.0
hainsworth/hainsworth_207/track.npy,hainsworth,0.6033519553072626,0.5081840561979291,0.5081840561979291,0.5081840561979291,0.08771929824561403,0.21052631578947367,0.08771929824561403,0.21052631578947367,0.6478873239436619,0.5540861635289852,0.5540861635289852,0.5540861635289852,0.15789473684210525,0.5526315789473685,0.15789473684210525,0.5526315789473685,71.0,0.014285714285714285,0.04285714285714286,1.3077315630089679,37.0,0.0,0.027777777777777776,1.9661305141499557,0.0
hainsworth/hainsworth_228/track.npy,hainsworth,1.0,0.9508636376704823,0.9508636376704823,0.9508636376704823,1.0,1.0,1.0,1.0,1.0,0.9457918760142157,0.9457918760142157,0.9457918760142157,1.0,1.0,1.0,1.0,124.0,0.0,0.0,0.10900735314963324,31.0,0.0,0.0,0.035155602664716956,0.0
hainsworth/hainsworth_232/track.npy,hainsworth,1.0,0.920184817047006,0.920184817047006,0.920184817047006,1.0,1.0,1.0,1.0,1.0,0.9352417929724138,0.9352417929724138,0.9352417929724138,1.0,1.0,1.0,1.0,119.0,0.0,0.0,0.08004270767352051,30.0,0.0,0.0,0.04000533461369837,0.0
hainsworth/hainsworth_243/track.npy,hainsworth,0.8611111111111112,0.7983122976200083,0.7983122976200083,0.7983122976200083,0.21311475409836064,0.5163934426229508,0.21311475409836064,0.5163934426229508,0.2592592592592593,0.2459972867805385,0.5068628081158614,0.37643004744819997,0.16666666666666666,0.16666666666666666,0.20689655172413793,0.3448275862068966,104.0,0.0,0.009708737864077669,0.6666557547664025,26.0,0.0,0.0,0.6984431478479868,0.0
hainsworth/hainsworth_244/track.npy,hainsworth,1.0,0.9093868714297749,0.9093868714297749,0.9093868714297749,1.0,1.0,1.0,1.0,0.5454545454545455,0.5051379542790394,0.7409582057750034,0.6230480800270214,0.0,0.0,0.23333333333333334,0.4666666666666667,61.0,0.0,0.0,0.10178269430993414,35.0,0.0,0.0,1.0986122886681102,0.0
harmonix/0015_babygotback/track.npy,harmonix,0.9817578772802654,0.8414498960397265,0.8414498960397265,0.8414498960397265,0.9536423841059603,0.9768211920529801,0.9536423841059603,0.9768211920529801,0.9605263157894737,0.8332574781324944,0.8332574781324944,0.8332574781324944,0.9736842105263158,0.9736842105263158,0.9736842105263158,0.9736842105263158,311.0,0.0,0.0,0.08701137698962251,78.0,0.0,0.0,0.03485432815238648,0.0
harmonix/0020_becauseofyou/track.npy,harmonix,0.9956204379562044,0.9222923887610286,0.9222923887610286,0.9222923887610286,0.9912790697674418,0.9912790697674418,0.9912790697674418,0.9912790697674418,1.0,0.923666258975884,0.923666258975884,0.923666258975884,1.0,1.0,1.0,1.0,344.0,0.0,0.0,0.036367644170893665,86.0,0.0,0.0,0.00921665510492864,0.0
harmonix/0038_bringmetolife/track.npy,harmonix,0.9714285714285714,0.9079496568951575,0.9079496568951575,0.9079496568951575,0.7876344086021505,0.9381720430107527,0.7876344086021505,0.9381720430107527,0.8924731182795699,0.8431776424074279,0.8431776424074279,0.8431776424074279,0.6808510638297872,0.8723404255319149,0.6808510638297872,0.8723404255319149,382.0,0.0,0.0026246719160104987,0.12942771453723123,96.0,0.0,0.0,0.28610875361662624,0.0
harmonix/0044_cameraeye/track.npy,harmonix,0.8932968536251711,0.8353050387589565,0.8353050387589565,0.8353050387589565,0.25798212005108556,0.7726692209450831,0.25798212005108556,0.7726692209450831,0.7072135785007071,0.6695988459100553,0.6695988459100553,0.6695988459100553,0.1046831955922865,0.6336088154269972,0.1046831955922865,0.6336088154269972,1358.0,0.0,0.0,0.15537918352793403,344.0,0.0,0.0,0.30818785222779055,0.0
harmonix/0063_daysgoby/track.npy,harmonix,0.9559471365638766,0.7090702310514589,0.7090702310514589,0.7090702310514589,0.8739130434782608,0.9130434782608695,0.8739130434782608,0.9130434782608695,0.8947368421052632,0.6997405027071356,0.6997405027071356,0.6997405027071356,0.8620689655172413,0.8620689655172413,0.8620689655172413,0.8620689655172413,235.0,0.0,0.0,0.1823215567939509,59.0,0.0,0.0,0.1639570986911372,0.0
harmonix/0078_donttouchme/track.npy,harmonix,0.9738480697384806,0.8825875622414292,0.8825875622414292,0.8825875622414292,0.4292682926829268,0.9097560975609756,0.4292682926829268,0.9097560975609756,0.9261083743842364,0.8278858521736403,0.8278858521736403,0.8278858521736403,0.41346153846153844,0.875,0.41346153846153844,0.875,419.0,0.0,0.0,0.11332868530700724,106.0,0.0,0.0,0.45510240026014753,0.0
harmonix/0086_escapade/track.npy,harmonix,0.9990662931839402,0.7885004825415761,0.7885004825415761,0.7885004825415761,0.9981343283582089,0.9981343283582089,0.9981343283582089,0.9981343283582089,1.0,0.7663349141336687,0.7663349141336687,0.7663349141336687,1.0,1.0,1.0,1.0,541.0,0.0,0.0,0.07696104113611357,136.0,0.0,0.0,0.019231361927883772,0.0
harmonix/0090_fearofthedarklive/track.npy,harmonix,0.9171326893746822,0.8422539537097612,0.8422539537097612,0.8422539537097612,0.3782696177062374,0.823943661971831,0.3782696177062374,0.823943661971831,0.8356997971602435,0.7695930664008854,0.7695930664008854,0.7695930664008854,0.412,0.8,0.412,0.8,994.0,0.0,0.005035246727089627,0.3034943904547183,250.0,0.0,0.0,0.40444980581713574,0.0
harmonix/0092_fergalicious/track.npy,harmonix,0.9975669099756691,0.9511942868667125,0.9511942868667125,0.9511942868667125,0.7941653160453809,0.993517017828201,0.7941653160453809,0.993517017828201,0.9838187702265372,0.9252466913954377,0.9252466913954377,0.9252466913954377,0.7806451612903226,0.9741935483870968,0.7806451612903226,0.9741935483870968,627.0,0.0,0.0,0.08701137698964323,158.0,0.0,0.0,0.03278982282299603,0.0
harmonix/0099_forgetyou/track.npy,harmonix,0.9615806805708014,0.8279782992836192,0.8279782992836192,0.8279782992836192,0.8574561403508771,0.956140350877193,0.8574561403508771,0.956140350877193,0.9298245614035088,0.7887840233989237,0.7887840233989237,0.7887840233989237,0.8859649122807017,0.9649122807017544,0.8859649122807017,0.9649122807017544,465.0,0.0,0.0,0.042559614418878344,117.0,0.0,0.0,0.1115935631282631,0.0
harmonix/0101_galang/track.npy,harmonix,1.0,0.8668031313953791,0.8668031313953791,0.8668031313953791,1.0,1.0,1.0,1.0,1.0,0.8379746086918589,0.8379746086918589,0.8379746086918589,1.0,1.0,1.0,1.0,227.0,0.0,0.0,0.06669137449867488,57.0,0.0,0.0,0.008438868645868958,0.0
harmonix/0104_getbusy/track.npy,harmonix,0.9941747572815534,0.7369667708124461,0.7369667708124461,0.7369667708124461,0.9961240310077519,0.9961240310077519,0.9961240310077519,0.9961240310077519,0.9922480620155039,0.7729742454005883,0.7729742454005883,0.7729742454005883,0.9846153846153847,0.9846153846153847,0.9846153846153847,0.9846153846153847,268.0,0.0,0.0,0.06669137449868245,67.0,0.0,0.0,0.016667052485220157,0.0
harmonix/0108_getup/track.npy,harmonix,0.8821170809943865,0.8287879356790446,0.8287879356790446,0.8287879356790446,0.08683068017366136,0.613603473227207,0.08683068017366136,0.613603473227207,0.5956112852664577,0.5497837286557428,0.5497837286557428,0.5497837286557428,0.07222222222222222,0.4,0.07222222222222222,0.4,692.0,0.01881331403762663,0.02170767004341534,0.8109302162163051,180.0,0.0,0.0,0.6751286750572582,0.0
harmonix/0113_giveituptome/track.npy,harmonix,1.0,0.7166276591995456,0.7166276591995456,0.7166276591995456,1.0,1.0,1.0,1.0,1.0,0.7193706679303388,0.7193706679303388,0.7193706679303388,1.0,1.0,1.0,1.0,243.0,0.0,0.0,0.06453852113757563,61.0,0.0,0.0,0.01600034134644357,0.0
harmonix/0125_hellogoodmorning/track.npy,harmonix,0.937394247038917,0.7508169560861468,0.7508169560861468,0.7508169560861468,0.15064102564102563,0.8782051282051282,0.15064102564102563,0.8782051282051282,0.8846153846153846,0.6107922073836658,0.6107922073836658,0.6107922073836658,0.20689655172413793,0.7931034482758621,0.20689655172413793,0.7931034482758621,323.0,0.09316770186335403,0.09316770186335403,1.9459101490553383,90.0,0.19101123595505617,0.19101123595505617,3.3586377672431955,0.0
harmonix/0129_hotinherre/track.npy,harmonix,0.9761904761904762,0.831526445975408,0.831526445975408,0.831526445975408,0.9604743083003953,0.9604743083003953,0.9604743083003953,0.9604743083003953,0.9763779527559054,0.7614768097600918,0.7614768097600918,0.7614768097600918,0.953125,0.953125,0.953125,0.953125,257.0,0.0,0.0,0.21511137961694482,65.0,0.0,0.0,0.07059315770783156,0.0
harmonix/0130_hotstuff/track.npy,harmonix,1.0,0.7644266672911428,0.7644266672911428,0.7644266672911428,1.0,1.0,1.0,1.0,1.0,0.765837586125425,0.765837586125425,0.765837586125425,1.0,1.0,1.0,1.0,282.0,0.0,0.0,0.04082199452027646,71.0,0.0,0.0,0.03015303817068853,0.0
harmonix/0137_iknowyouwantme/track.npy,harmonix,1.0,0.7883627459971848,0.7883627459971848,0.7883627459971848,1.0,1.0,1.0,1.0,1.0,0.8128160614385066,0.8128160614385066,0.8128160614385066,1.0,1.0,1.0,1.0,281.0,0.0,0.0,0.04255961441881784,71.0,0.0,0.0,0.010582109330542266,0.0
harmonix/0164_low/track.npy,harmonix,0.9984962406015038,0.7307361184952994,0.7307361184952994,0.7307361184952994,0.996996996996997,0.996996996996997,0.996996996996997,0.996996996996997,0.9940119760479043,0.6738138001043261,0.6738138001043261,0.6738138001043261,0.9880952380952381,0.9880952380952381,0.9880952380952381,0.9880952380952381,340.0,0.0,0.0,0.04868291359690536,85.0,0.0,0.0,0.010695289116753538,0.0
harmonix/0167_makesomenoise/track.npy,harmonix,0.9939939939939939,0.9645078655334897,0.9645078655334897,0.9645078655334897,0.9940119760479041,0.9940119760479041,0.9940119760479041,0.9940119760479041,1.0,0.976119602568301,0.976119602568301,0.976119602568301,1.0,1.0,1.0,1.0,343.0,0.0,0.0,0.06453852113758152,86.0,0.0,0.0,0.023276438473401693,0.0
harmonix/0173_massiveattack/track.npy,harmonix,0.31216931216931215,0.26970404124787756,0.5692587671411579,0.41948140419451774,0.04477611940298507,0.15920398009950248,0.13930348258706468,0.5373134328358209,0.3008849557522124,0.25863049244652664,0.25863049244652664,0.25863049244652664,0.04411764705882353,0.17647058823529413,0.04411764705882353,0.17647058823529413,207.0,0.014563106796116505,0.019417475728155338,1.1512147720389456,71.0,0.0,0.0,1.4266396660958678,0.0
harmonix/0177_milkshake/track.npy,harmonix,1.0,0.7644195607088627,0.7644195607088627,0.7644195607088627,1.0,1.0,1.0,1.0,1.0,0.7787575858921707,0.7787575858921707,0.7787575858921707,1.0,1.0,1.0,1.0,261.0,0.0,0.0,0.07410797215371426,65.0,0.0,0.0,0.028170876966693736,0.0
harmonix/0190_newfang/track.npy,harmonix,0.6978636826042726,0.5259668579667178,0.6034173480688058,0.5646921030177618,0.02857142857142857,0.20952380952380953,0.02857142857142857,0.39290780141843973,0.5153846153846153,0.4038358014371315,0.42215921257664124,0.41299750700688637,0.029239766081871343,0.19298245614035087,0.029239766081871343,0.2542372881355932,645.0,0.09782608695652174,0.10403726708074534,1.2453521712798732,176.0,0.045714285714285714,0.045714285714285714,2.257378908555773,0.0
harmonix/0200_oceansize/track.npy,harmonix,0.8618266978922717,0.7582974758658589,0.7582974758658589,0.7582974758658589,0.16808510638297872,0.6617021276595745,0.16808510638297872,0.6617021276595745,0.6944444444444444,0.6158089240697676,0.6158089240697676,0.6158089240697676,0.15833333333333333,0.5333333333333333,0.15833333333333333,0.5333333333333333,476.0,0.10105263157894737,0.14736842105263157,0.9555114450274962,121.0,0.0,0.0,0.45682504695005527,0.0
harmonix/0201_oh/track.npy,harmonix,0.7402135231316727,0.5706775552206031,0.5706775552206031,0.5706775552206031,0.04225352112676056,0.358148893360161,0.04225352112676056,0.358148893360161,0.6761904761904761,0.5366469807935182,0.5366469807935182,0.5366469807935182,0.06504065040650407,0.6747967479674797,0.06504065040650407,0.6747967479674797,511.0,0.30392156862745096,0.3058823529411765,1.4350845252892412,126.0,0.28,0.28,2.8094026953624844,0.0
harmonix/0223_reallove/track.npy,harmonix,1.0,0.7041934571309805,0.7041934571309805,0.7041934571309805,1.0,1.0,1.0,1.0,0.0,1.2270585002699633e-202,0.7170370772887472,0.3585185386443736,0.0,0.0,0.9838709677419355,0.9838709677419355,256.0,0.0,0.0,0.03174869831459676,64.0,0.0,0.0,0.007905179507127985,0.0
harmonix/0226_rendezvu/track.npy,harmonix,0.8178294573643411,0.5658568496290965,0.5658568496290965,0.5658568496290965,0.6918032786885245,0.6918032786885245,0.6918032786885245,0.6918032786885245,0.8217054263565892,0.5681991089832011,0.5681991089832011,0.5681991089832011,0.6973684210526315,0.6973684210526315,0.6973684210526315,0.6973684210526315,319.0,0.14465408805031446,0.25157232704402516,0.8836331362579705,80.0,0.0,0.0,0.30043185461551875,0.0
harmonix/0239_sandm/track.npy,harmonix,0.9984447900466563,0.7284161607043881,0.7284161607043881,0.7284161607043881,0.9968944099378882,0.9968944099378882,0.9968944099378882,0.9968944099378882,1.0,0.7548901289823511,0.7548901289823511,0.7548901289823511,1.0,1.0,1.0,1.0,333.0,0.0,0.0,0.042559614418878344,83.0,0.0,0.0,0.010695289116753437,0.0
harmonix/0240_sandstorm/track.npy,harmonix,0.8910569105691057,0.6888400199727913,0.6888400199727913,0.6888400199727913,0.2485207100591716,0.6627218934911243,0.2485207100591716,0.6627218934911243,0.6835443037974683,0.5091474011065862,0.5091474011065862,0.5091474011065862,0.23863636363636365,0.45454545454545453,0.23863636363636365,0.45454545454545453,350.0,0.10315186246418338,0.16332378223495703,1.2237754316221663,91.0,0.0,0.0,0.6387025988829917,0.0
harmonix/0244_sayaah/track.npy,harmonix,1.0,0.8026967414770183,0.8026967414770183,0.8026967414770183,1.0,1.0,1.0,1.0,1.0,0.7790606182825444,0.7790606182825444,0.7790606182825444,1.0,1.0,1.0,1.0,209.0,0.0,0.0,0.030771658666769175,53.0,0.0,0.0,0.00775209326798193,0.0
harmonix/0245_sayhey/track.npy,harmonix,0.9971264367816092,0.9191942470198868,0.9191942470198868,0.9191942470198868,0.994269340974212,0.994269340974212,0.994269340974212,0.994269340974212,1.0,0.9282532164810856,0.9282532164810856,0.9282532164810856,1.0,1.0,1.0,1.0,356.0,0.0,0.0,0.06252035698132546,89.0,0.0,0.0,0.01550418653597152,0.0
harmonix/0266_straightup/track.npy,harmonix,1.0,0.8083192633156068,0.8083192633156068,0.8083192633156068,1.0,1.0,1.0,1.0,1.0,0.8596216633473958,0.8596216633473958,0.8596216633473958,1.0,1.0,1.0,1.0,245.0,0.0,0.0,0.06453852113756964,62.0,0.0,0.0,0.007968169649181012,0.0
harmonix/0283_thehumptydance/track.npy,harmonix,1.0,0.8621319650169346,0.8621319650169346,0.8621319650169346,1.0,1.0,1.0,1.0,1.0,0.8573234355455474,0.8573234355455474,0.8573234355455474,1.0,1.0,1.0,1.0,275.0,0.0,0.0,0.0689928714869619,69.0,0.0,0.0,0.032142927180768714,0.0
harmonix/0288_thewayiare/track.npy,harmonix,0.9913793103448275,0.5610039064039142,0.5610039064039142,0.5610039064039142,0.9829059829059829,0.9829059829059829,0.9829059829059829,0.9829059829059829,0.9914529914529915,0.5565838594496499,0.5565838594496499,0.5565838594496499,0.9830508474576272,0.9830508474576272,0.9830508474576272,0.9830508474576272,230.0,0.0,0.0,0.07696104113612216,58.0,0.0,0.0,0.009569451016155583,0.0
harmonix/0305_wenospeakamericano/track.npy,harmonix,0.8807017543859649,0.6501351823709987,0.6501351823709987,0.6501351823709987,0.4025974025974026,0.6948051948051948,0.4025974025974026,0.6948051948051948,0.8531468531468531,0.6281081788727908,0.6281081788727908,0.6281081788727908,0.3717948717948718,0.6538461538461539,0.3717948717948718,0.6538461538461539,323.0,0.0,0.0,0.1670540846631774,81.0,0.0,0.0,0.31342732600792683,0.0
harmonix/0309_whatsmyname/track.npy,harmonix,0.9979550102249488,0.8262413637265765,0.8262413637265765,0.8262413637265765,0.8571428571428571,0.9918367346938776,0.8571428571428571,0.9918367346938776,1.0,0.8390794430366162,0.8390794430366162,0.8390794430366162,1.0,1.0,1.0,1.0,252.0,0.0,0.0,0.16989903679541307,64.0,0.0,0.0,0.03361661079898992,0.0
harmonix/0311_whipmyhair/track.npy,harmonix,0.7600849256900212,0.6213042967415816,0.6673493904012353,0.6443268435714085,0.03832752613240418,0.3344947735191638,0.051771117166212535,0.4087193460490463,0.7826086956521738,0.5907915396587982,0.5907915396587982,0.5907915396587982,0.13043478260869565,0.4927536231884058,0.13043478260869565,0.4927536231884058,297.0,0.057432432432432436,0.057432432432432436,1.6859181378473942,71.0,0.14285714285714285,0.14285714285714285,3.6041382256588657,0.0
harmonix/0318_windup/track.npy,harmonix,0.9983844911147012,0.9246778964547869,0.9246778964547869,0.9246778964547869,0.9967741935483871,0.9967741935483871,0.9967741935483871,0.9967741935483871,0.9299363057324842,0.8639491499773907,0.8639491499773907,0.8639491499773907,0.6708860759493671,0.9113924050632911,0.6708860759493671,0.9113924050632911,322.0,0.0,0.0,0.04445176257082693,81.0,0.0,0.0,0.03178265993827216,0.0
harmonix/0323_yeah/track.npy,harmonix,1.0,0.8620621665249959,0.8620621665249959,0.8620621665249959,1.0,1.0,1.0,1.0,1.0,0.8680236898096694,0.8680236898096694,0.8680236898096694,1.0,1.0,1.0,1.0,227.0,0.0,0.0,0.03509131981128799,57.0,0.0,0.0,0.008733679968756392,0.0
harmonix/0335_allyourlife/track.npy,harmonix,0.7163398692810458,0.6608500823910696,0.8178758541166874,0.7393629682538785,0.0511727078891258,0.1791044776119403,0.14527027027027026,0.6283783783783784,0.7428571428571428,0.6783903375505098,0.6783903375505098,0.6783903375505098,0.05128205128205128,0.3247863247863248,0.06451612903225806,0.3333333333333333,307.0,0.05228758169934641,0.05555555555555555,2.3513752571636806,96.0,0.06315789473684211,0.06315789473684211,3.8030413104881964,0.0
harmonix/0345_beinlovetonight/track.npy,harmonix,0.9947916666666666,0.8978800003347884,0.8978800003347884,0.8978800003347884,0.9896373056994818,0.9896373056994818,0.9896373056994818,0.9896373056994818,0.9948186528497409,0.9065740245723315,0.9065740245723315,0.9065740245723315,0.9896907216494846,0.9896907216494846,0.9896907216494846,0.9896907216494846,393.0,0.0,0.0,0.04255961441881784,99.0,0.0,0.0,0.010695289116753437,0.0
harmonix/0346_birthdaydress/track.npy,harmonix,0.9245810055865922,0.8264278789354527,0.8264278789354527,0.8264278789354527,0.3426183844011142,0.9136490250696379,0.3426183844011142,0.9136490250696379,0.8666666666666666,0.7709857073959258,0.7709857073959258,0.7709857073959258,0.3626373626373626,0.9010989010989011,0.3626373626373626,0.9010989010989011,367.0,0.0,0.0,0.187857911069629,93.0,0.0,0.0,0.19933290262050002,0.0
harmonix/0349_blow/track.npy,harmonix,0.9940119760479043,0.7566250926444881,0.7566250926444881,0.7566250926444881,0.9880952380952381,0.9880952380952381,0.9880952380952381,0.9880952380952381,0.9952153110047847,0.7503841167417371,0.7503841167417371,0.7503841167417371,0.9904761904761905,0.9904761904761905,0.9904761904761905,0.9904761904761905,426.0,0.0,0.0,0.08004270767357746,107.0,0.0,0.0,0.02000066670667966,0.0
harmonix/0352_boogiewonderland/track.npy,harmonix,0.9935275080906149,0.92486242292425,0.92486242292425,0.92486242292425,0.7637540453074434,0.9967637540453075,0.7637540453074434,0.9967637540453075,1.0,0.9420752816449256,0.9420752816449256,0.9420752816449256,1.0,1.0,1.0,1.0,628.0,0.0,0.0,0.08701137698961359,157.0,0.0,0.0,0.022223136784715315,0.0
harmonix/0360_coolerthanme/track.npy,harmonix,0.9954853273137697,0.9220497103332927,0.9220497103332927,0.9220497103332927,0.9910112359550561,0.9910112359550561,0.9910112359550561,0.9910112359550561,0.9954751131221719,0.9268636321897304,0.9268636321897304,0.9268636321897304,0.990990990990991,0.990990990990991,0.990990990990991,0.990990990990991,456.0,0.0,0.0,0.08701137698962769,114.0,0.0,0.0,0.03224444709223855,0.0
harmonix/0361_countrymustbecountrywide/track.npy,harmonix,0.9868421052631579,0.9376099558829301,0.9376099558829301,0.9376099558829301,0.7705627705627706,0.9567099567099567,0.7705627705627706,0.9567099567099567,0.8,0.7559807086402472,0.7559807086402472,0.7559807086402472,0.7931034482758621,0.7931034482758621,0.7931034482758621,0.7931034482758621,238.0,0.0,0.0,0.05129329438757668,60.0,0.0,0.0,0.013843381526686809,0.0
harmonix/0366_domino/track.npy,harmonix,0.8905419766206163,0.8507529257451575,0.8507529257451575,0.8507529257451575,0.7330508474576272,0.8813559322033898,0.7330508474576272,0.8813559322033898,0.8898305084745762,0.8525450485754417,0.8525450485754417,0.8525450485754417,1.0,1.0,1.0,1.0,483.0,0.0,0.0,0.042559614418878344,120.0,0.0,0.0,0.010582109330542266,0.0
harmonix/0370_downonme/track.npy,harmonix,0.9613445378151261,0.9104616740807855,0.9104616740807855,0.9104616740807855,0.9081967213114754,0.9180327868852459,0.9081967213114754,0.9180327868852459,0.9261744966442953,0.8674528913283882,0.8674528913283882,0.8674528913283882,0.9210526315789473,0.9210526315789473,0.9210526315789473,0.9210526315789473,318.0,0.0,0.0,0.12404895870711384,79.0,0.0,0.0,0.165451131431891,0.0
harmonix/0375_dynamite/track.npy,harmonix,0.7864406779661017,0.6298033004371196,0.6298033004371196,0.6298033004371196,0.0851063829787234,0.6723404255319149,0.0851063829787234,0.6723404255319149,0.6942148760330579,0.5530527599489037,0.5530527599489037,0.5530527599489037,0.06521739130434782,0.4492753623188406,0.06521739130434782,0.4492753623188406,486.0,0.07628865979381444,0.07628865979381444,1.6582280766033461,143.0,0.07746478873239436,0.07746478873239436,3.1884166173833344,0.0
harmonix/0378_effinperfect/track.npy,harmonix,0.9967532467532468,0.968199397430545,0.968199397430545,0.968199397430545,0.9935275080906149,0.9935275080906149,0.9935275080906149,0.9935275080906149,1.0,0.9776250338870838,0.9776250338870838,0.9776250338870838,1.0,1.0,1.0,1.0,316.0,0.0,0.0,0.04185527154021056,79.0,0.0,0.0,0.01529096147252651,0.0
harmonix/0395_gold/track.npy,harmonix,1.0,0.9628250803248063,0.9628250803248063,0.9628250803248063,1.0,1.0,1.0,1.0,1.0,0.9569168842001154,0.9569168842001154,0.9569168842001154,1.0,1.0,1.0,1.0,282.0,0.0,0.0,0.06453852113757563,70.0,0.0,0.0,0.016000341346449343,0.0
harmonix/0396_goodfeeling/track.npy,harmonix,0.9647749510763208,0.8626860915981327,0.8626860915981327,0.8626860915981327,0.4140625,0.95703125,0.4140625,0.95703125,0.9534883720930233,0.8516789487433614,0.8516789487433614,0.8516789487433614,0.4076923076923077,0.9230769230769231,0.4076923076923077,0.9230769230769231,523.0,0.0,0.0,0.042559614418878344,133.0,0.0,0.0,0.37901265896722725,0.0
harmonix/0410_idontwantthisnighttoend/track.npy,harmonix,0.8982456140350877,0.7963431635646724,0.7963431635646724,0.7963431635646724,0.07218683651804671,0.802547770700637,0.07218683651804671,0.802547770700637,0.9142857142857143,0.8283624315461338,0.8283624315461338,0.8283624315461338,0.17543859649122806,0.8421052631578947,0.17543859649122806,0.8421052631578947,481.0,0.18125,0.18125,1.9095425048842671,117.0,0.15517241379310345,0.15517241379310345,3.2865344733420367,0.0
harmonix/0416_impossible/track.npy,harmonix,0.9923195084485407,0.8593842377490972,0.8593842377490972,0.8593842377490972,0.7730061349693251,0.99079754601227,0.7730061349693251,0.99079754601227,1.0,0.8672626546535063,0.8672626546535063,0.8672626546535063,1.0,1.0,1.0,1.0,334.0,0.0,0.0,0.061477702640648835,84.0,0.0,0.0,0.02210110692767332,0.0
harmonix/0418_inthedark/track.npy,harmonix,0.994535519125683,0.9375516583058893,0.9375516583058893,0.9375516583058893,0.6157205240174672,0.9912663755458515,0.6157205240174672,0.9912663755458515,0.991304347826087,0.9301145824690373,0.9301145824690373,0.9301145824690373,1.0,1.0,1.0,1.0,468.0,0.0,0.0,0.042559614418816616,118.0,0.0,0.0,0.023562703665882007,0.0
harmonix/0419_itgirl/track.npy,harmonix,0.9781818181818183,0.9405063973559142,0.9405063973559142,0.9405063973559142,0.9169675090252708,0.9638989169675091,0.9169675090252708,0.9638989169675091,0.9784172661870504,0.9463374460483647,0.9463374460483647,0.9463374460483647,0.9857142857142858,0.9857142857142858,0.9857142857142858,0.9857142857142858,285.0,0.0,0.0,0.060624621816464,72.0,0.0,0.0,0.027061803117822136,0.0
harmonix/0420_itsrainingmen/track.npy,harmonix,0.9577464788732396,0.8685143080030501,0.8685143080030501,0.8685143080030501,0.9506437768240343,0.9506437768240343,0.9506437768240343,0.9506437768240343,0.9568965517241379,0.8659290520740877,0.8659290520740877,0.8659290520740877,0.9829059829059829,0.9829059829059829,0.9829059829059829,0.9829059829059829,478.0,0.0,0.0,0.12783337150989005,120.0,0.0,0.0,0.034348546155021184,0.0
harmonix/0423_iwannago/track.npy,harmonix,0.996594778660613,0.9364131803549959,0.9364131803549959,0.9364131803549959,0.9954648526077098,0.9954648526077098,0.9954648526077098,0.9954648526077098,0.9954751131221719,0.9375734050116137,0.9375734050116137,0.9375734050116137,0.990990990990991,0.990990990990991,0.990990990990991,0.990990990990991,451.0,0.0,0.0,0.0870113769896131,112.0,0.0,0.0,0.021739986636412616,0.0
harmonix/0428_kingofanything/track.npy,harmonix,0.8308823529411765,0.7354901958151333,0.7354901958151333,0.7354901958151333,0.15898617511520738,0.6612903225806451,0.15898617511520738,0.6612903225806451,0.6124401913875599,0.5455909865419311,0.5455909865419311,0.5455909865419311,0.14912280701754385,0.5175438596491229,0.14912280701754385,0.5175438596491229,446.0,0.0449438202247191,0.04719101123595506,1.6582280766035575,117.0,0.0,0.0,0.6763296525197158,0.0
harmonix/0431_letitrain/track.npy,harmonix,0.9946524064171123,0.9452461599979547,0.9452461599979547,0.9452461599979547,0.9893617021276596,0.9893617021276596,0.9893617021276596,0.9893617021276596,1.0,0.9486843564683951,0.9486843564683951,0.9486843564683951,1.0,1.0,1.0,1.0,288.0,0.0,0.0,0.052643733485411126,72.0,0.0,0.0,0.012987195526817708,0.0
harmonix/0432_letsgo/track.npy,harmonix,0.9912663755458515,0.940245509183598,0.940245509183598,0.940245509183598,0.9826839826839827,0.9826839826839827,0.9826839826839827,0.9826839826839827,0.9913043478260869,0.9518908234413467,0.9518908234413467,0.9518908234413467,0.9827586206896551,0.9827586206896551,0.9827586206896551,0.9827586206896551,473.0,0.0,0.0,0.042559614418878344,119.0,0.0,0.0,0.02127739844728054,0.0
harmonix/0433_lighters/track.npy,harmonix,0.9988571428571429,0.9387555540293372,0.9387555540293372,0.9387555540293372,0.997716894977169,0.997716894977169,0.997716894977169,0.997716894977169,1.0,0.9577049808675663,0.9577049808675663,0.9577049808675663,1.0,1.0,1.0,1.0,446.0,0.0,0.0,0.06062462181643358,112.0,0.0,0.0,0.015037877364540209,0.0
harmonix/0444_maybe/track.npy,harmonix,0.9943289224952742,0.9474854039731392,0.9474854039731392,0.9474854039731392,0.6716981132075471,0.9849056603773585,0.6716981132075471,0.9849056603773585,0.9924812030075187,0.9266230887110536,0.9266230887110536,0.9266230887110536,0.6716417910447762,0.9701492537313433,0.6716417910447762,0.9701492537313433,272.0,0.0,0.0,0.05644356063162144,69.0,0.0,0.0,0.02777956410708693,0.0
harmonix/0466_onthedarkside/track.npy,harmonix,0.8427672955974843,0.5484380359831434,0.5484380359831434,0.5484380359831434,0.14617169373549885,0.5707656612529002,0.14617169373549885,0.5707656612529002,0.8099999999999999,0.5279438891926896,0.5279438891926896,0.5279438891926896,0.6851851851851852,0.6851851851851852,0.6851851851851852,0.6851851851851852,368.0,0.0,0.0,0.11778303565639348,93.0,0.0,0.0,0.10075580289854369,0.0
harmonix/0467_onthefloor/track.npy,harmonix,1.0,0.9662480981206812,0.9662480981206812,0.9662480981206812,1.0,1.0,1.0,1.0,1.0,0.9629610435604454,0.9629610435604454,0.9629610435604454,1.0,1.0,1.0,1.0,463.0,0.0,0.0,0.0870113769896318,116.0,0.0,0.0,0.021739986636405417,0.0
harmonix/0472_partofme/track.npy,harmonix,0.9605411499436303,0.6960234499136987,0.6960234499136987,0.6960234499136987,0.5685393258426966,0.9595505617977528,0.5685393258426966,0.9595505617977528,0.954954954954955,0.6649254154325535,0.6649254154325535,0.6649254154325535,1.0,1.0,1.0,1.0,456.0,0.0,0.0,0.08701137698964323,114.0,0.0,0.0,0.021978906718778668,0.0
harmonix/0482_redsolocup/track.npy,harmonix,0.8381330685203575,0.7264606627167307,0.7264606627167307,0.7264606627167307,0.10178571428571428,0.5482142857142858,0.10178571428571428,0.5482142857142858,0.6823529411764705,0.5895669496430332,0.5895669496430332,0.5895669496430332,0.09285714285714286,0.4785714285714286,0.09285714285714286,0.4785714285714286,455.0,0.0,0.0,0.6390799592896574,117.0,0.0,0.0,0.5238655140125257,0.0
harmonix/0483_ridinsolo/track.npy,harmonix,1.0,0.9099976817541056,0.9099976817541056,0.9099976817541056,1.0,1.0,1.0,1.0,1.0,0.8954474324506301,0.8954474324506301,0.8954474324506301,1.0,1.0,1.0,1.0,305.0,0.0,0.0,0.06062462181644401,77.0,0.0,0.0,0.015037877364544506,0.0
harmonix/0486_rundatback/track.npy,harmonix,0.9956140350877193,0.9627510688465197,0.9627510688465197,0.9627510688465197,0.9912663755458515,0.9912663755458515,0.9912663755458515,0.9912663755458515,0.8995633187772927,0.8667788729202823,0.8667788729202823,0.8667788729202823,0.8869565217391304,0.8869565217391304,0.8869565217391304,0.8869565217391304,469.0,0.0,0.0,0.08701137698961359,118.0,0.0,0.0,0.021739986636416964,0.0
harmonix/0511_theonlyexception/track.npy,harmonix,0.9676290463692039,0.7950470752992683,0.7950470752992683,0.7950470752992683,0.34305317324185247,0.9176672384219554,0.34305317324185247,0.9176672384219554,0.6408450704225352,0.5263488287003188,0.7630993510085242,0.6447240898544215,0.016129032258064516,0.026881720430107527,0.4307692307692308,0.8871794871794871,572.0,0.0,0.0,0.09531017980430556,190.0,0.0,0.0,0.25687789084545526,0.0
harmonix/0520_tonight/track.npy,harmonix,0.9861554845580406,0.7675028260360719,0.7675028260360719,0.7675028260360719,0.7574468085106383,0.9851063829787234,0.7574468085106383,0.9851063829787234,0.9914529914529915,0.7814394615418399,0.7814394615418399,0.7814394615418399,1.0,1.0,1.0,1.0,479.0,0.0,0.0,0.042559614418878344,120.0,0.0,0.0,0.02105340919783672,0.0
harmonix/0521_tooclose/track.npy,harmonix,0.9135538954108858,0.8754618627265504,0.8754618627265504,0.8754618627265504,0.24302788844621515,0.7350597609561753,0.24302788844621515,0.7350597609561753,0.865546218487395,0.8361569834188638,0.8361569834188638,0.8361569834188638,0.23809523809523808,0.7380952380952381,0.23809523809523808,0.7380952380952381,438.0,0.0,0.0,0.18415856543305148,112.0,0.0,0.0,0.5671563117138001,0.0
harmonix/0525_venus/track.npy,harmonix,1.0,0.8694965445694175,0.8694965445694175,0.8694965445694175,1.0,1.0,1.0,1.0,1.0,0.8749337114625342,0.8749337114625342,0.8749337114625342,1.0,1.0,1.0,1.0,446.0,0.0,0.0,0.042559614418878344,112.0,0.0,0.0,0.010471299867300776,0.0
harmonix/0541_youdroppedabombonme/track.npy,harmonix,0.9766497461928934,0.8213279284524923,0.8213279284524923,0.8213279284524923,0.9779116465863453,0.9779116465863453,0.9779116465863453,0.9779116465863453,0.975609756097561,0.8130783587754686,0.8130783587754686,0.8130783587754686,0.9838709677419355,0.9838709677419355,0.9838709677419355,0.9838709677419355,508.0,0.0,0.0,0.042559614418878344,127.0,0.0,0.0,0.021053409197828256,0.0
harmonix/0542_yougetwhatyougive/track.npy,harmonix,0.8342764753435733,0.7964058031191416,0.7964058031191416,0.7964058031191416,0.04184100418410042,0.704323570432357,0.04184100418410042,0.704323570432357,0.8242811501597443,0.7755099914300321,0.7755099914300321,0.7755099914300321,0.04371584699453552,0.7103825136612022,0.04371584699453552,0.7103825136612022,727.0,0.2713498622589532,0.2713498622589532,1.8718021769017552,186.0,0.2864864864864865,0.2864864864864865,3.26766598903784,0.0
harmonix/0551_accordingtoyou/track.npy,harmonix,0.9901960784313726,0.9350600453496966,0.9350600453496966,0.9350600453496966,0.9803921568627451,0.9950980392156863,0.9803921568627451,0.9950980392156863,0.9901960784313726,0.9533704536568794,0.9533704536568794,0.9533704536568794,1.0,1.0,1.0,1.0,419.0,0.0,0.0,0.12260232209236566,105.0,0.0,0.0,0.02219871377811666,0.0
harmonix/0553_alivefeatthegoodnatured/track.npy,harmonix,0.999140154772141,0.7525462935219456,0.7525462935219456,0.7525462935219456,0.9982817869415808,0.9982817869415808,0.9982817869415808,0.9982817869415808,0.9965635738831615,0.7540066761593397,0.7540066761593397,0.7540066761593397,0.9931506849315068,0.9931506849315068,0.9931506849315068,0.9931506849315068,592.0,0.0,0.0,0.042559614418878344,148.0,0.0,0.0,0.010695289116768647,0.0
harmonix/0565_americanhoney/track.npy,harmonix,0.9966996699669968,0.9079018901385042,0.9079018901385042,0.9079018901385042,0.993421052631579,0.993421052631579,0.993421052631579,0.993421052631579,1.0,0.9041030874596281,0.9041030874596281,0.9041030874596281,1.0,1.0,1.0,1.0,306.0,0.0,0.0,0.05715841383993703,76.0,0.0,0.0,0.009659603197726577,0.0
harmonix/0566_americanwoman/track.npy,harmonix,0.9902912621359222,0.9685017875863521,0.9685017875863521,0.9685017875863521,0.9807692307692307,0.9807692307692307,0.9807692307692307,0.9807692307692307,0.9935483870967742,0.9778442156012903,0.9778442156012903,0.9778442156012903,0.9871794871794872,0.9871794871794872,0.9871794871794872,0.9871794871794872,319.0,0.0,0.0,0.028170876966730762,80.0,0.0,0.0,0.01398624197473719,0.0
harmonix/0567_anythingcouldhappen/track.npy,harmonix,0.9818569903948772,0.9432090770456987,0.9432090770456987,0.9432090770456987,0.8792372881355932,0.9576271186440678,0.8792372881355932,0.9576271186440678,0.9572649572649573,0.9269367206847555,0.9269367206847555,0.9269367206847555,0.8728813559322034,0.9491525423728814,0.8728813559322034,0.9491525423728814,474.0,0.0,0.0,0.03509131981126312,119.0,0.0,0.0,0.04873862509952946,0.0
harmonix/0568_apologize/track.npy,harmonix,0.7213822894168467,0.6860303928851236,0.845481640573847,0.7657560167294852,0.05102040816326531,0.17687074829931973,0.142433234421365,0.685459940652819,0.5689655172413793,0.5306323616688419,0.689562963282611,0.6100976624757264,0.05333333333333334,0.09333333333333334,0.13580246913580246,0.5555555555555556,304.0,0.033003300330033,0.033003300330033,1.6582280766037583,78.0,0.0,0.0,0.6882331657575181,0.0
harmonix/0573_babyludacris/track.npy,harmonix,0.9873417721518988,0.9349846419384304,0.9349846419384304,0.9349846419384304,0.958904109589041,0.9634703196347032,0.958904109589041,0.9634703196347032,0.9908256880733944,0.9447401097282125,0.9447401097282125,0.9447401097282125,0.9545454545454546,0.9545454545454546,0.9545454545454546,0.9545454545454546,442.0,0.0,0.0,0.12260232209236566,111.0,0.0,0.0,0.03243527575315377,0.0
harmonix/0574_badromanceappboyz/track.npy,harmonix,0.9969418960244648,0.9790390500691538,0.9790390500691538,0.9790390500691538,0.9939024390243902,0.9939024390243902,0.9939024390243902,0.9939024390243902,1.0,0.9845409619681267,0.9845409619681267,0.9845409619681267,1.0,1.0,1.0,1.0,503.0,0.0,0.0,0.04445176257085626,125.0,0.0,0.0,0.010810916104224633,0.0
harmonix/0593_blameitradioedit/track.npy,harmonix,0.986449864498645,0.9033558262366942,0.9033558262366942,0.9033558262366942,0.5663956639566395,0.9728997289972899,0.5663956639566395,0.9728997289972899,0.989247311827957,0.8762318146014714,0.8762318146014714,0.8762318146014714,0.5698924731182796,0.978494623655914,0.5698924731182796,0.978494623655914,377.0,0.0,0.0,0.058840500022942666,95.0,0.0,0.0,0.007326040092076713,0.0
harmonix/0610_castle/track.npy,harmonix,0.9394871794871795,0.7810093550388255,0.7810093550388255,0.7810093550388255,0.2889344262295082,0.9364754098360656,0.2889344262295082,0.9364754098360656,0.946938775510204,0.7765672185183206,0.7765672185183206,0.7765672185183206,0.6747967479674797,0.967479674796748,0.6747967479674797,0.967479674796748,496.0,0.0,0.0,0.12260232209239652,125.0,0.0,0.0,0.1382570337481563,0.0
harmonix/0621_clubcanthandleme/track.npy,harmonix,0.9957716701902748,0.9058029771743379,0.9058029771743379,0.9058029771743379,0.991578947368421,0.991578947368421,0.991578947368421,0.991578947368421,0.9957805907172996,0.9110603947394914,0.9110603947394914,0.9110603947394914,0.9915966386554622,0.9915966386554622,0.9915966386554622,0.9915966386554622,485.0,0.0,0.0,0.042559614418878344,122.0,0.0,0.0,0.010695289116753548,0.0
harmonix/0630_crushcrushcrush/track.npy,harmonix,0.9924242424242423,0.8600418161522196,0.8600418161522196,0.8600418161522196,0.9949622166246851,0.9949622166246851,0.9949622166246851,0.9949622166246851,0.98989898989899,0.8317435866100003,0.8317435866100003,0.8317435866100003,1.0,1.0,1.0,1.0,409.0,0.0,0.0,0.18232155679397488,102.0,0.0,0.0,0.057158413839945355,0.0
harmonix/0653_dynamite/track.npy,harmonix,0.9,0.7096067988484416,0.7096067988484416,0.7096067988484416,0.29542302357836336,0.8932038834951457,0.29542302357836336,0.8932038834951457,0.8729281767955802,0.6577297098348575,0.6577297098348575,0.6577297098348575,0.29120879120879123,0.9010989010989011,0.29120879120879123,0.9010989010989011,731.0,0.0,0.0,0.08004270767353641,185.0,0.0,0.0,0.12727179763131174,0.0
harmonix/0654_dynamitemixinmarc/track.npy,harmonix,0.8374512353706113,0.5695734591910732,0.5695734591910732,0.5695734591910732,0.27979274611398963,0.8264248704663213,0.27979274611398963,0.8264248704663213,0.7755102040816326,0.5275687409767361,0.5275687409767361,0.5275687409767361,0.27,0.77,0.27,0.77,396.0,0.0,0.0,0.08004270767357746,103.0,0.0,0.0,0.3011050927839285,0.0
harmonix/0661_everythingaboutyou/track.npy,harmonix,0.9955555555555555,0.9063574595941375,0.9063574595941375,0.9063574595941375,0.9911504424778761,0.9911504424778761,0.9911504424778761,0.9911504424778761,0.9955555555555555,0.9119656382423356,0.9119656382423356,0.9119656382423356,0.9911504424778761,0.9911504424778761,0.9911504424778761,0.9911504424778761,462.0,0.0,0.0,0.08701137698967287,116.0,0.0,0.0,0.021739986636409303,0.0
harmonix/0668_fallinganthem/track.npy,harmonix,0.9808568824065633,0.9474165774794262,0.9474165774794262,0.9474165774794262,0.6848816029143898,0.9781420765027322,0.6848816029143898,0.9781420765027322,0.9672727272727273,0.9378732227457214,0.9378732227457214,0.9378732227457214,0.8043478260869565,0.9855072463768116,0.8043478260869565,0.9855072463768116,559.0,0.0,0.0,0.042559614418878344,141.0,0.0,0.0,0.07847773414456648,0.0
harmonix/0693_gold/track.npy,harmonix,0.9896296296296296,0.9497684399455636,0.9497684399455636,0.9497684399455636,0.9822485207100592,0.9822485207100592,0.9822485207100592,0.9822485207100592,0.9940828402366864,0.9605219580005582,0.9605219580005582,0.9605219580005582,0.9882352941176471,0.9882352941176471,0.9882352941176471,0.9882352941176471,337.0,0.0,0.0,0.05715841383997883,84.0,0.0,0.0,0.01438873745209679,0.0
harmonix/0697_goodlife/track.npy,harmonix,0.9535962877030163,0.7639453804809084,0.7639453804809084,0.7639453804809084,0.4133949191685912,0.9284064665127021,0.4133949191685912,0.9284064665127021,0.9585253456221199,0.7660045555392687,0.7660045555392687,0.7660045555392687,0.48623853211009177,0.9541284403669725,0.48623853211009177,0.9541284403669725,440.0,0.0,0.0,0.04652001563495463,110.0,0.0,0.0,0.06603431710181892,0.0
harmonix/0698_goodtime/track.npy,harmonix,0.9901477832512315,0.8487779112612098,0.8487779112612098,0.8487779112612098,0.9804878048780488,0.9804878048780488,0.9804878048780488,0.9804878048780488,0.9901960784313726,0.850564174549924,0.850564174549924,0.850564174549924,0.9805825242718447,0.9805825242718447,0.9805825242718447,0.9805825242718447,421.0,0.0,0.0,0.04255961441885057,106.0,0.0,0.0,0.010471299867313422,0.0
harmonix/0701_gottabeyou/track.npy,harmonix,0.8622950819672132,0.8105279220455543,0.8105279220455543,0.8105279220455543,0.4721311475409836,0.8524590163934426,0.4721311475409836,0.8524590163934426,0.8104575163398693,0.7668820651947171,0.7668820651947171,0.7668820651947171,0.44155844155844154,0.9090909090909091,0.44155844155844154,0.9090909090909091,305.0,0.0,0.0,0.30578239302701865,77.0,0.0,0.0,0.21940273033988728,0.0
harmonix/0708_haloradioedit/track.npy,harmonix,0.9183999999999999,0.8676622837365765,0.8676622837365765,0.8676622837365765,0.11641791044776119,0.8537313432835821,0.11641791044776119,0.8537313432835821,0.8674698795180723,0.8074948041676447,0.8074948041676447,0.8074948041676447,0.12903225806451613,0.7526881720430108,0.12903225806451613,0.7526881720430108,342.0,0.11730205278592376,0.12316715542521994,2.2246235515242594,95.0,0.18085106382978725,0.18085106382978725,3.624340932976243,0.0
harmonix/0709_hangingon/track.npy,harmonix,0.7707910750507099,0.5176213921954629,0.5176213921954629,0.5176213921954629,0.3814814814814815,0.6666666666666666,0.3814814814814815,0.6666666666666666,0.6559999999999999,0.41301211576259544,0.41301211576259544,0.41301211576259544,0.4057971014492754,0.5652173913043478,0.4057971014492754,0.5652173913043478,280.0,0.0,0.017921146953405017,0.47461937804575216,72.0,0.0,0.0,0.5943606189749534,0.0
harmonix/0721_holdup/track.npy,harmonix,0.985549132947977,0.8843693739007255,0.8843693739007255,0.8843693739007255,0.5706051873198847,0.968299711815562,0.5706051873198847,0.968299711815562,0.9826589595375722,0.8854541603178357,0.8854541603178357,0.8854541603178357,0.9655172413793104,0.9655172413793104,0.9655172413793104,0.9655172413793104,351.0,0.0,0.0,0.13976194237516182,88.0,0.0,0.0,0.061634491216753684,0.0
harmonix/0730_hurtssogood/track.npy,harmonix,1.0,0.9625633596514802,0.9625633596514802,0.9625633596514802,1.0,1.0,1.0,1.0,1.0,0.9674959338810845,0.9674959338810845,0.9674959338810845,1.0,1.0,1.0,1.0,398.0,0.0,0.0,0.042559614418878344,99.0,0.0,0.0,0.021277398447285222,0.0
harmonix/0732_idontwannabeinlove/track.npy,harmonix,0.9978021978021978,0.9436581185878352,0.9436581185878352,0.9436581185878352,0.9956140350877193,0.9956140350877193,0.9956140350877193,0.9956140350877193,1.0,0.9476787779577909,0.9476787779577909,0.9476787779577909,1.0,1.0,1.0,1.0,467.0,0.0,0.0,0.1177830356563897,117.0,0.0,0.0,0.03174869831458602,0.0
harmonix/0745_immabewolf/track.npy,harmonix,0.9811320754716981,0.8689848714496162,0.8689848714496162,0.8689848714496162,0.7631975867269984,0.9788838612368024,0.7631975867269984,0.9788838612368024,0.972972972972973,0.8927308443952502,0.8927308443952502,0.8927308443952502,0.7544910179640718,0.9700598802395209,0.7544910179640718,0.9700598802395209,674.0,0.0,0.0,0.042559614418878344,170.0,0.0,0.0,0.021277398447292005,0.0
harmonix/0747_imreal/track.npy,harmonix,0.9956331877729258,0.9149777479620633,0.9149777479620633,0.9149777479620633,0.991304347826087,0.991304347826087,0.991304347826087,0.991304347826087,1.0,0.929759547354137,0.929759547354137,0.929759547354137,1.0,1.0,1.0,1.0,352.0,0.0,0.0,0.05556985115481905,88.0,0.0,0.0,0.013889112160669237,0.0
harmonix/0766_justdance/track.npy,harmonix,0.9945828819068255,0.8358752927332623,0.8358752927332623,0.8358752927332623,0.9892241379310345,0.9892241379310345,0.9892241379310345,0.9892241379310345,0.9956709956709957,0.8143901127857132,0.8143901127857132,0.8143901127857132,0.9913793103448276,0.9913793103448276,0.9913793103448276,0.9913793103448276,474.0,0.0,0.0,0.04082199452027646,119.0,0.0,0.0,0.01980262729618416,0.0
harmonix/0771_kisskissmainversion/track.npy,harmonix,0.7404255319148936,0.6319543738021566,0.6530082133023231,0.6424812935522398,0.04976303317535545,0.3412322274881517,0.04976303317535545,0.39469026548672564,0.717391304347826,0.6263532659059419,0.6457440583416453,0.6360486621237935,0.04424778761061947,0.3008849557522124,0.0851063829787234,0.475177304964539,431.0,0.046511627906976744,0.05116279069767442,1.5123533900555957,119.0,0.025423728813559324,0.03389830508474576,2.7972813348302186,0.0
harmonix/0784_lightweight/track.npy,harmonix,0.8760456273764259,0.8154035035292719,0.8154035035292719,0.8154035035292719,0.08299319727891157,0.5986394557823129,0.08299319727891157,0.5986394557823129,0.5460526315789473,0.5205435612430751,0.6969689368708522,0.6087562490569636,0.011049723756906077,0.027624309392265192,0.19183673469387755,0.5265306122448979,596.0,0.0,0.0,0.5773371121551578,185.0,0.0,0.0,0.6826758806926363,0.0
harmonix/0792_lovedrunk/track.npy,harmonix,0.980544747081712,0.9344004439647159,0.9344004439647159,0.9344004439647159,0.9284332688588007,0.9593810444874274,0.9284332688588007,0.9593810444874274,0.9457364341085271,0.9068599077223559,0.9068599077223559,0.9068599077223559,0.9230769230769231,0.9230769230769231,0.9230769230769231,0.9230769230769231,521.0,0.0,0.0,0.10008345855703227,131.0,0.0,0.0,0.04077649751470261,0.0
harmonix/0801_lovesong/track.npy,harmonix,0.9298751200768492,0.8798690894565714,0.8798690894565714,0.8798690894565714,0.19888475836431227,0.8420074349442379,0.19888475836431227,0.8420074349442379,0.9288389513108614,0.8797624508050501,0.8797624508050501,0.8797624508050501,0.19148936170212766,0.8652482269503546,0.19148936170212766,0.8652482269503546,547.0,0.09523809523809523,0.09523809523809523,1.791759469227877,146.0,0.1103448275862069,0.1103448275862069,3.1884166173835182,0.0
harmonix/0807_makemebetter/track.npy,harmonix,1.0,0.8962792347378585,0.8962792347378585,0.8962792347378585,1.0,1.0,1.0,1.0,1.0,0.891608450548483,0.891608450548483,0.891608450548483,1.0,1.0,1.0,1.0,365.0,0.0,0.0,0.028987536873308406,92.0,0.0,0.0,0.014388737452107003,0.0
harmonix/0808_makethemoney/track.npy,harmonix,0.9841772151898734,0.8651939825771456,0.8651939825771456,0.8651939825771456,0.6050156739811913,0.9655172413793104,0.6050156739811913,0.9655172413793104,0.9937106918238994,0.8686225051733699,0.8686225051733699,0.8686225051733699,0.7,0.975,0.7,0.975,326.0,0.0,0.0,0.08701137698962802,82.0,0.0,0.0,0.022305757514299085,0.0
harmonix/0811_miami2ibiza/track.npy,harmonix,0.9723756906077348,0.8846121862838622,0.8846121862838622,0.8846121862838622,0.4697802197802198,0.9505494505494505,0.4697802197802198,0.9505494505494505,0.9171270718232044,0.8333403733684979,0.8333403733684979,0.8333403733684979,0.7362637362637363,0.9340659340659341,0.7362637362637363,0.9340659340659341,371.0,0.0,0.0,0.08338160893906466,93.0,0.0,0.0,0.11313183932523585,0.0
harmonix/0829_nevertoolate/track.npy,harmonix,0.6382978723404255,0.599078543012203,0.8545030476721527,0.7267907953421778,0.014112903225806451,0.014112903225806451,0.5625,0.859375,0.5925925925925926,0.5381181609331146,0.7879285921033746,0.6630233765182446,0.03225806451612903,0.03225806451612903,0.5538461538461539,0.8,262.0,0.0,0.0,0.3184537311184944,67.0,0.0,0.0,0.29761554043403554,0.0
harmonix/0831_noair/track.npy,harmonix,0.9777117384843982,0.8628182704304695,0.8628182704304695,0.8628182704304695,0.9910979228486647,0.9910979228486647,0.9910979228486647,0.9910979228486647,0.9822485207100591,0.8713953435498771,0.8713953435498771,0.8713953435498771,0.9882352941176471,0.9882352941176471,0.9882352941176471,0.9882352941176471,343.0,0.0,0.0,0.05406722127030272,86.0,0.0,0.0,0.026465469377540084,0.0
harmonix/0846_onelove/track.npy,harmonix,0.9873684210526317,0.9605919184244243,0.9605919184244243,0.9605919184244243,0.9770833333333333,0.9770833333333333,0.9770833333333333,0.9770833333333333,0.9915966386554621,0.9595929071211854,0.9595929071211854,0.9595929071211854,0.9833333333333333,0.9833333333333333,0.9833333333333333,0.9833333333333333,486.0,0.0,0.0,0.042559614418878344,121.0,0.0,0.0,0.021277398447280715,0.0
harmonix/0851_openurmind/track.npy,harmonix,0.5142857142857143,0.4087870144756246,0.4087870144756246,0.4087870144756246,0.051908396946564885,0.22290076335877862,0.051908396946564885,0.22290076335877862,0.3356164383561644,0.27524243381460994,0.3072688245142135,0.2912556291644117,0.09580838323353294,0.3712574850299401,0.09580838323353294,0.3712574850299401,667.0,0.23123123123123124,0.23123123123123124,1.3760357022424121,170.0,0.0,0.0,0.6190534182677784,0.0
harmonix/0857_paralyzer/track.npy,harmonix,0.9985775248933144,0.8757439056541009,0.8757439056541009,0.8757439056541009,0.9971590909090909,0.9971590909090909,0.9971590909090909,0.9971590909090909,0.9942857142857142,0.8644153340144398,0.8644153340144398,0.8644153340144398,0.9886363636363636,0.9886363636363636,0.9886363636363636,0.9886363636363636,360.0,0.0,0.0,0.036367644170893665,90.0,0.0,0.0,0.017699577099399566,0.0
harmonix/0866_pokerfacedave/track.npy,harmonix,0.9040214477211796,0.6427479156144018,0.6427479156144018,0.6427479156144018,0.548936170212766,0.8808510638297873,0.548936170212766,0.8808510638297873,0.8736616702355461,0.619070884440929,0.619070884440929,0.619070884440929,0.5550847457627118,0.9449152542372882,0.5550847457627118,0.9449152542372882,951.0,0.0,0.0,0.042559614418878344,239.0,0.0,0.0,0.1137588853566552,0.0
harmonix/0867_pokerfacedos/track.npy,harmonix,0.9989023051591658,0.7997161495738105,0.7997161495738105,0.7997161495738105,0.9978070175438597,0.9978070175438597,0.9978070175438597,0.9978070175438597,1.0,0.7788827486321627,0.7788827486321627,0.7788827486321627,1.0,1.0,1.0,1.0,466.0,0.0,0.0,0.039220713153301,117.0,0.0,0.0,0.019802627296175768,0.0
harmonix/0869_raiseyourweapon/track.npy,harmonix,0.7301905717151453,0.6100440186319319,0.6100440186319319,0.6100440186319319,0.21005917159763313,0.46449704142011833,0.21005917159763313,0.46449704142011833,0.7086330935251798,0.6005233741904502,0.6005233741904502,0.6005233741904502,0.056291390728476824,0.5,0.056291390728476824,0.5,987.0,0.11561866125760649,0.15212981744421908,1.558144618046026,304.0,0.11551155115511551,0.12871287128712872,2.8332133440559817,0.0
harmonix/0875_redbelt/track.npy,harmonix,0.9962121212121212,0.8871923958123923,0.8871923958123923,0.8871923958123923,0.9924528301886792,0.9924528301886792,0.9924528301886792,0.9924528301886792,1.0,0.8751099387759326,0.8751099387759326,0.8751099387759326,1.0,1.0,1.0,1.0,276.0,0.0,0.0,0.08701137698964323,69.0,0.0,0.0,0.02173998663640425,0.0
harmonix/0876_rehab/track.npy,harmonix,0.9658792650918636,0.8595576872419998,0.8595576872419998,0.8595576872419998,0.9295039164490861,0.95822454308094,0.9295039164490861,0.95822454308094,0.9738219895287958,0.8224475209913842,0.8224475209913842,0.8224475209913842,0.9895833333333334,0.9895833333333334,0.9895833333333334,0.9895833333333334,389.0,0.0,0.0,0.054067221270274655,98.0,0.0,0.0,0.02817512349231044,0.0
harmonix/0878_replay/track.npy,harmonix,1.0,0.9666267342599952,0.9666267342599952,0.9666267342599952,1.0,1.0,1.0,1.0,1.0,0.9539296595320474,0.9539296595320474,0.9539296595320474,1.0,1.0,1.0,1.0,272.0,0.0,0.0,0.06062462181646622,68.0,0.0,0.0,0.028389631308931018,0.0
harmonix/0881_rightround/track.npy,harmonix,0.9938650306748466,0.8158800054465281,0.8158800054465281,0.8158800054465281,0.9902200488997555,0.9902200488997555,0.9902200488997555,0.9902200488997555,0.9951219512195122,0.8152007088868497,0.8152007088868497,0.8152007088868497,0.9902912621359223,0.9902912621359223,0.9902912621359223,0.9902912621359223,420.0,0.0,0.0,0.04255961441879885,105.0,0.0,0.0,0.02083408690284113,0.0
harmonix/0883_rocksatmywindow/track.npy,harmonix,0.7360208062418725,0.680926641880954,0.680926641880954,0.680926641880954,0.051440329218107,0.2716049382716049,0.051440329218107,0.30973451327433627,0.6602870813397129,0.6017098125739923,0.8821190637830683,0.7419144381785303,0.014492753623188406,0.028985507246376812,0.3120567375886525,0.9219858156028369,494.0,0.0973630831643002,0.1075050709939148,1.2527629684952954,140.0,0.007194244604316547,0.007194244604316547,0.6931471805599507,0.0
harmonix/0889_samelove/track.npy,harmonix,0.7670588235294119,0.6056735397578672,0.6056735397578672,0.6056735397578672,0.2692307692307692,0.7171945701357466,0.2692307692307692,0.7171945701357466,0.7102803738317758,0.5625122012202708,0.5625122012202708,0.5625122012202708,0.36936936936936937,0.7387387387387387,0.36936936936936937,0.7387387387387387,408.0,0.0,0.0,0.38054220087683893,103.0,0.0,0.0,0.38467433843909005,0.0
harmonix/0890_samemistakes/track.npy,harmonix,0.9967845659163987,0.9537596084629729,0.9537596084629729,0.9537596084629729,0.9935897435897436,0.9935897435897436,0.9935897435897436,0.9935897435897436,1.0,0.9489488331446023,0.9489488331446023,0.9489488331446023,1.0,1.0,1.0,1.0,319.0,0.0,0.0,0.029852963149696377,80.0,0.0,0.0,0.007490671729161402,0.0
harmonix/0905_shocktoyoursystem/track.npy,harmonix,0.9942363112391931,0.9699044793620759,0.9699044793620759,0.9699044793620759,0.9885386819484241,0.9885386819484241,0.9885386819484241,0.9885386819484241,0.9942857142857142,0.9737807417377966,0.9737807417377966,0.9737807417377966,0.9886363636363636,0.9886363636363636,0.9886363636363636,0.9886363636363636,353.0,0.0,0.0,0.06899287148694977,89.0,0.0,0.0,0.008583743691395807,0.0
harmonix/0912_somenights/track.npy,harmonix,0.9524815205913411,0.7439561781102999,0.7439561781102999,0.7439561781102999,0.5021008403361344,0.9369747899159664,0.5021008403361344,0.9369747899159664,0.9367088607594938,0.729488787699941,0.729488787699941,0.729488787699941,0.6050420168067226,0.9327731092436975,0.6050420168067226,0.9327731092436975,479.0,0.0,0.0,0.18232155679395937,120.0,0.0,0.0,0.06257852732441921,0.0
harmonix/0917_spacemanties/track.npy,harmonix,0.5153153153153154,0.32206100140085786,0.32206100140085786,0.32206100140085786,0.045454545454545456,0.5687645687645687,0.045454545454545456,0.5687645687645687,0.4188235294117647,0.26434192814611124,0.26434192814611124,0.26434192814611124,0.15246636771300448,0.7040358744394619,0.15246636771300448,0.7040358744394619,877.0,0.08447488584474885,0.09018264840182648,1.2237754316221823,227.0,0.0,0.0,0.5402147549251257,0.0
harmonix/0919_stereolove/track.npy,harmonix,0.9881422924901185,0.8981986670878003,0.8981986670878003,0.8981986670878003,0.5009784735812133,0.9765166340508806,0.5009784735812133,0.9765166340508806,0.9881422924901185,0.8970643764781827,0.8970643764781827,0.8970643764781827,0.9765625,0.9765625,0.9765625,0.9765625,516.0,0.0,0.0,0.042559614418878344,129.0,0.0,0.0,0.0179120192376422,0.0
harmonix/0932_tattoo/track.npy,harmonix,0.9855072463768115,0.8918665981679068,0.8918665981679068,0.8918665981679068,0.9935691318327974,0.9935691318327974,0.9935691318327974,0.9935691318327974,0.9871794871794872,0.8357516669087138,0.8357516669087138,0.8357516669087138,1.0,1.0,1.0,1.0,317.0,0.0,0.0,0.06520116231813616,80.0,0.0,0.0,0.029305921936457913,0.0
harmonix/0941_theocean/track.npy,harmonix,0.7123848515864891,0.6214731592803725,0.7973102045095518,0.7093916818949622,0.021346469622331693,0.10344827586206896,0.14402173913043478,0.6929347826086957,0.08627450980392157,0.048949216948591834,0.049506201089446804,0.04922770901901932,0.006535947712418301,0.013071895424836602,0.08823529411764706,0.3627450980392157,377.0,0.031914893617021274,0.0425531914893617,0.8754687373539944,104.0,0.009708737864077669,0.009708737864077669,1.898015545465102,0.0
harmonix/0954_timeaftertimevan/track.npy,harmonix,0.8169556840077071,0.5807478035552747,0.5807478035552747,0.5807478035552747,0.06333333333333334,0.44333333333333336,0.06333333333333334,0.44333333333333336,0.7583643122676581,0.5431576882315384,0.5431576882315384,0.5431576882315384,0.06289308176100629,0.5849056603773585,0.06289308176100629,0.5849056603773585,612.0,0.2635024549918167,0.26677577741407527,1.481604540924164,162.0,0.2360248447204969,0.2360248447204969,2.867898902043873,0.0
harmonix/0967_walkingonadream/track.npy,harmonix,1.0,0.9109286903100084,0.9109286903100084,0.9109286903100084,1.0,1.0,1.0,1.0,1.0,0.9153989763251504,0.9153989763251504,0.9153989763251504,1.0,1.0,1.0,1.0,865.0,0.0,0.0,0.042559614418878344,217.0,0.0,0.0,0.010695289116741658,0.0
harmonix/0975_whathappensinvegas/track.npy,harmonix,0.9883720930232557,0.9514400930084164,0.9514400930084164,0.9514400930084164,0.5404624277456648,0.9855491329479769,0.5404624277456648,0.9855491329479769,0.9942196531791908,0.9577922198881162,0.9577922198881162,0.9577922198881162,0.9885057471264368,0.9885057471264368,0.9885057471264368,0.9885057471264368,357.0,0.0,0.0,0.08701137698967287,90.0,0.0,0.0,0.010810916104221135,0.0
harmonix/0977_wheelsnow/track.npy,harmonix,0.83303730017762,0.5248146760008352,0.5248146760008352,0.5248146760008352,0.0374414976599064,0.49297971918876754,0.0374414976599064,0.49297971918876754,0.8140350877192982,0.5015818899360854,0.5015818899360854,0.5015818899360854,0.09202453987730061,0.6748466257668712,0.09202453987730061,0.6748466257668712,661.0,0.25303030303030305,0.2590909090909091,1.4586150226995893,167.0,0.2289156626506024,0.23493975903614459,2.876325706882449,0.0
harmonix/0982_whoknewdos/track.npy,harmonix,0.9544468546637744,0.835569096842731,0.835569096842731,0.835569096842731,0.5835140997830802,0.982646420824295,0.5835140997830802,0.982646420824295,0.9310344827586207,0.8066321753434889,0.8066321753434889,0.8066321753434889,1.0,1.0,1.0,1.0,473.0,0.0,0.0,0.14660347419188213,119.0,0.0,0.0,0.04674162230577082,0.0
harmonix/0988_withyoukovas/track.npy,harmonix,0.9946768060836502,0.953051513187685,0.953051513187685,0.953051513187685,0.6641337386018237,0.9954407294832827,0.6641337386018237,0.9954407294832827,0.9908814589665653,0.9565121790159701,0.9565121790159701,0.9565121790159701,0.9939393939393939,0.9939393939393939,0.9939393939393939,0.9939393939393939,669.0,0.0,0.0,0.042559614418878344,168.0,0.0,0.0,0.010695289116798956,0.0
hjdb/hjdb_2_Bad_Mice_Take_You/track.npy,hjdb,1.0,0.9713417702464993,0.9713417702464993,0.9713417702464993,1.0,1.0,1.0,1.0,1.0,0.9843512275602637,0.9843512275602637,0.9843512275602637,1.0,1.0,1.0,1.0,159.0,0.0,0.0,0.09531017980432333,40.0,0.0,0.0,0.024097551579060017,0.0
hjdb/hjdb_A_Musical_Box/track.npy,hjdb,1.0,0.9712208996108249,0.9712208996108249,0.9712208996108249,1.0,1.0,1.0,1.0,1.0,0.9861549555143568,0.9861549555143568,0.9861549555143568,1.0,1.0,1.0,1.0,96.0,0.0,0.0,0.10536051565781435,24.0,0.0,0.0,0.025663704239007375,0.0
hjdb/hjdb_Bish_Bosh/track.npy,hjdb,1.0,0.9744616107667249,0.9744616107667249,0.9744616107667249,1.0,1.0,1.0,1.0,1.0,0.9838069655138639,0.9838069655138639,0.9838069655138639,1.0,1.0,1.0,1.0,89.0,0.0,0.0,0.04879016416943971,22.0,0.0,0.0,4.3298697960381105e-15,0.0
hjdb/hjdb_Cookin_Up_Yah_Brain/track.npy,hjdb,0.9956709956709957,0.975046388825722,0.975046388825722,0.975046388825722,0.9913793103448276,0.9913793103448276,0.9913793103448276,0.9913793103448276,1.0,0.9757906330219008,0.9757906330219008,0.9757906330219008,1.0,1.0,1.0,1.0,128.0,0.0,0.0,0.08042637469665426,32.0,0.0,0.0,0.018267279516758494,0.0
hjdb/hjdb_Damage/track.npy,hjdb,1.0,0.9598811432464033,0.9598811432464033,0.9598811432464033,1.0,1.0,1.0,1.0,1.0,0.9772031240912199,0.9772031240912199,0.9772031240912199,1.0,1.0,1.0,1.0,94.0,0.0,0.0,0.14660347419186737,23.0,0.0,0.0,0.012270092591816328,0.0
hjdb/hjdb_Darkman/track.npy,hjdb,1.0,0.9640407767458297,0.9640407767458297,0.9640407767458297,1.0,1.0,1.0,1.0,1.0,0.9553445777062631,0.9553445777062631,0.9553445777062631,1.0,1.0,1.0,1.0,160.0,0.0,0.0,0.05129329438757657,40.0,0.0,0.0,0.012903404835909904,0.0
hjdb/hjdb_Ecstatic_House/track.npy,hjdb,0.75,0.7366203819599072,0.7366203819599072,0.7366203819599072,0.7283950617283951,0.7283950617283951,0.7283950617283951,0.7283950617283951,0.0,1.1936895803999318e-47,0.7809164001056469,0.39045820005282345,0.0,0.0,1.0,1.0,92.0,0.0,0.0,0.10536051565782856,23.0,0.0,0.0,0.10919929196499178,0.0
hjdb/hjdb_Exodus_(When_The_Lion_Awakes)/track.npy,hjdb,0.8540925266903915,0.7823317417448854,0.7823317417448854,0.7823317417448854,0.851063829787234,0.851063829787234,0.851063829787234,0.851063829787234,0.8571428571428571,0.7766650452923525,0.7766650452923525,0.7766650452923525,1.0,1.0,1.0,1.0,153.0,0.0,0.0,0.09531017980433942,38.0,0.0,0.0,0.05294732594401899,0.0
hjdb/hjdb_Fires_Burning/track.npy,hjdb,0.9967532467532467,0.8512441471520548,0.8512441471520548,0.8512441471520548,1.0,1.0,1.0,1.0,0.987012987012987,0.8571013679293903,0.8571013679293903,0.8571013679293903,1.0,1.0,1.0,1.0,319.0,0.0,0.0,0.13353139262452177,80.0,0.0,0.0,0.05781957088882694,0.0
hjdb/hjdb_Flammable_(Tango_Remix)/track.npy,hjdb,0.9969230769230769,0.949590484559478,0.949590484559478,0.949590484559478,0.9938650306748467,0.9938650306748467,0.9938650306748467,0.9938650306748467,0.9876543209876543,0.9530487342672065,0.9530487342672065,0.9530487342672065,0.975609756097561,0.975609756097561,0.975609756097561,0.975609756097561,177.0,0.0,0.0,0.10536051565782412,45.0,0.0,0.0,0.026317308317374,0.0
hjdb/hjdb_Future_Funk/track.npy,hjdb,0.9788732394366197,0.9199951168282918,0.9199951168282918,0.9199951168282918,0.7062937062937062,0.958041958041958,0.7062937062937062,0.958041958041958,1.0,0.9405854549626161,0.9405854549626161,0.9405854549626161,1.0,1.0,1.0,1.0,156.0,0.0,0.0,0.13997331680564995,39.0,0.0,0.0,0.02852329155874598,0.0
hjdb/hjdb_Ghetto_People_(Remix)/track.npy,hjdb,1.0,0.9757023229852344,0.9757023229852344,0.9757023229852344,1.0,1.0,1.0,1.0,1.0,0.9773885895805253,0.9773885895805253,0.9773885895805253,1.0,1.0,1.0,1.0,64.0,0.0,0.0,0.051293294387558364,16.0,0.0,0.0,0.02564243061333704,0.0
hjdb/hjdb_Here_Comes_The_Drumz_(Drumz_VIP_Mix)/track.npy,hjdb,1.0,0.9511822299961299,0.9511822299961299,0.9511822299961299,1.0,1.0,1.0,1.0,1.0,0.9613976379075172,0.9613976379075172,0.9613976379075172,1.0,1.0,1.0,1.0,121.0,0.0,0.0,0.04879016416943971,31.0,0.0,0.0,0.012270092591816328,0.0
hjdb/hjdb_In_Complete_Darkness_(Slipmatt_remix)/track.npy,hjdb,1.0,0.9479696132652837,0.9479696132652837,0.9479696132652837,1.0,1.0,1.0,1.0,1.0,0.9563396559387324,0.9563396559387324,0.9563396559387324,1.0,1.0,1.0,1.0,127.0,0.0,0.0,0.05129329438757657,32.0,0.0,0.0,0.012903404835909904,0.0
hjdb/hjdb_Jump_Mk_II/track.npy,hjdb,0.995433789954338,0.9641573306118327,0.9641573306118327,0.9641573306118327,0.990909090909091,0.990909090909091,0.990909090909091,0.990909090909091,0.9818181818181818,0.9642615748005349,0.9642615748005349,0.9642615748005349,0.9642857142857143,0.9642857142857143,0.9642857142857143,0.9642857142857143,123.0,0.0,0.0,0.1112256351102221,31.0,0.0,0.0,0.01360565205578369,0.0
hjdb/hjdb_Keep_The_Fires_Burning/track.npy,hjdb,0.9768339768339768,0.9435356449607262,0.9435356449607262,0.9435356449607262,0.5135135135135135,0.972972972972973,0.5135135135135135,0.972972972972973,0.9846153846153847,0.9564268114945236,0.9564268114945236,0.9564268114945236,1.0,1.0,1.0,1.0,270.0,0.0,0.0,0.08701137698963374,68.0,0.0,0.0,0.02173998663640736,0.0
hjdb/hjdb_Lords_Of_The_Null_Lines_(Foul_Play_Remix)/track.npy,hjdb,1.0,0.9730471297186206,0.9730471297186206,0.9730471297186206,1.0,1.0,1.0,1.0,1.0,0.9775165944250215,0.9775165944250215,0.9775165944250215,1.0,1.0,1.0,1.0,115.0,0.0,0.0,0.05406722127028396,29.0,0.0,0.0,0.036192203521206966,0.0
hjdb/hjdb_Method_To_My_Madness/track.npy,hjdb,0.9906542056074767,0.9663417746018633,0.9663417746018633,0.9663417746018633,0.9814814814814815,0.9814814814814815,0.9814814814814815,0.9814814814814815,0.962962962962963,0.9470098252840334,0.9470098252840334,0.9470098252840334,0.9285714285714286,0.9285714285714286,0.9285714285714286,0.9285714285714286,66.0,0.0,0.0,0.0879916551789092,17.0,0.0,0.0,0.011696039763192412,0.0
hjdb/hjdb_No_Worries/track.npy,hjdb,0.6513761467889909,0.6296512585100064,0.6357955894109744,0.6327234239604904,0.509090909090909,0.6272727272727273,0.509090909090909,0.6272727272727273,0.509090909090909,0.5001414941825842,0.5001414941825842,0.5001414941825842,0.5714285714285714,0.5714285714285714,0.5714285714285714,0.5714285714285714,122.0,0.0,0.0,0.3390369013405975,30.0,0.0,0.0,0.1236139559671776,0.0
hjdb/hjdb_Obsession_(Musics_So_Wonderful)/track.npy,hjdb,1.0,0.971412584584719,0.971412584584719,0.971412584584719,1.0,1.0,1.0,1.0,1.0,0.9772031240912146,0.9772031240912146,0.9772031240912146,1.0,1.0,1.0,1.0,96.0,0.0,0.0,0.07201987430592102,24.0,0.0,0.0,0.013245226750021061,0.0
hjdb/hjdb_Phizical_(Moody_Mix)/track.npy,hjdb,0.7627118644067797,0.7029786421821737,0.8037522294078076,0.7533654357949906,0.06976744186046512,0.2558139534883721,0.18705035971223022,0.5611510791366906,0.8867924528301887,0.826604072192717,0.826604072192717,0.826604072192717,0.2222222222222222,0.7222222222222222,0.2222222222222222,0.7222222222222222,151.0,0.0,0.006666666666666667,0.7095865650728143,56.0,0.0,0.01818181818181818,0.8924515737557589,0.0
hjdb/hjdb_Re-Baptised_By_Dub_(Selectors_Revenge)/track.npy,hjdb,1.0,0.9724535666464003,0.9724535666464003,0.9724535666464003,1.0,1.0,1.0,1.0,1.0,0.9876932937905387,0.9876932937905387,0.9876932937905387,1.0,1.0,1.0,1.0,130.0,0.0,0.0,0.0465200156349167,33.0,0.0,0.0,0.011834457647004637,0.0
hjdb/hjdb_Showtime/track.npy,hjdb,1.0,0.9407708381899633,0.9407708381899633,0.9407708381899633,1.0,1.0,1.0,1.0,1.0,0.9454489180997053,0.9454489180997053,0.9454489180997053,1.0,1.0,1.0,1.0,60.0,0.0,0.0,0.04652001563490016,15.0,0.0,0.0,0.01183445764700275,0.0
hjdb/hjdb_Spiritual_Aura/track.npy,hjdb,1.0,0.9761716035051515,0.9761716035051515,0.9761716035051515,1.0,1.0,1.0,1.0,1.0,0.9673642352538847,0.9673642352538847,0.9673642352538847,1.0,1.0,1.0,1.0,290.0,0.0,0.0,0.10536051565780635,73.0,0.0,0.0,0.013245226750022654,0.0
hjdb/hjdb_Sub_Dub/track.npy,hjdb,1.0,0.969946563281371,0.969946563281371,0.969946563281371,1.0,1.0,1.0,1.0,1.0,0.9772031240912165,0.9772031240912165,0.9772031240912165,1.0,1.0,1.0,1.0,90.0,0.0,0.0,0.0830069010976792,23.0,0.0,0.0,0.025001302205418963,0.0
hjdb/hjdb_Take_Me_To_The_Top/track.npy,hjdb,1.0,0.9758163777275635,0.9758163777275635,0.9758163777275635,1.0,1.0,1.0,1.0,1.0,0.9820527201112016,0.9820527201112016,0.9820527201112016,1.0,1.0,1.0,1.0,110.0,0.0,0.0,0.05129329438755681,27.0,0.0,0.0,0.01242251999855798,0.0
hjdb/hjdb_Terrorist_(original)/track.npy,hjdb,1.0,0.9686212835421706,0.9686212835421706,0.9686212835421706,1.0,1.0,1.0,1.0,1.0,0.9499454906364919,0.9499454906364919,0.9499454906364919,1.0,1.0,1.0,1.0,128.0,0.0,0.0,0.0878859175146163,32.0,0.0,0.0,0.025001302205418463,0.0
hjdb/hjdb_The_Core/track.npy,hjdb,0.963855421686747,0.9212115401800047,0.9212115401800047,0.9212115401800047,0.7349397590361446,0.9518072289156626,0.7349397590361446,0.9518072289156626,1.0,0.9471630107237652,0.9471630107237652,0.9471630107237652,1.0,1.0,1.0,1.0,96.0,0.0,0.0,0.05129329438757657,24.0,0.0,0.0,0.012903404835909904,0.0
hjdb/hjdb_The_Criminal/track.npy,hjdb,0.9936305732484078,0.9644815478001935,0.9644815478001935,0.9644815478001935,0.9873417721518988,0.9873417721518988,0.9873417721518988,0.9873417721518988,1.0,0.9815399406858087,0.9815399406858087,0.9815399406858087,1.0,1.0,1.0,1.0,92.0,0.0,0.0,0.04879016416943971,23.0,0.0,0.0,0.012270092591816328,0.0
hjdb/hjdb_This_Way/track.npy,hjdb,0.5871559633027523,0.5263992762545007,0.6968311270525823,0.6116152016535414,0.13114754098360656,0.2786885245901639,0.13114754098360656,0.28421052631578947,0.7333333333333334,0.6536002437597073,0.6536002437597073,0.6536002437597073,0.1111111111111111,0.6111111111111112,0.1111111111111111,0.6111111111111112,76.0,0.0,0.26666666666666666,1.1934132337247911,22.0,0.0,0.14285714285714285,2.1900622700101406,0.0
hjdb/hjdb_Time_Bomb/track.npy,hjdb,1.0,0.9555689481023335,0.9555689481023335,0.9555689481023335,1.0,1.0,1.0,1.0,1.0,0.9802798006435853,0.9802798006435853,0.9802798006435853,1.0,1.0,1.0,1.0,96.0,0.0,0.0,0.051293294387558364,24.0,0.0,0.0,0.012903404835908738,0.0
hjdb/hjdb_Unfriendly/track.npy,hjdb,0.7326732673267328,0.7170655261902598,0.7170655261902598,0.7170655261902598,0.7058823529411765,0.7058823529411765,0.7058823529411765,0.7058823529411765,0.7199999999999999,0.7076935919227911,0.7076935919227911,0.7076935919227911,0.6923076923076923,0.6923076923076923,0.6923076923076923,0.6923076923076923,64.0,0.0,0.0,0.10536051565782845,16.0,0.0,0.0,0.1976778417495662,0.0
hjdb/hjdb_Wind_It_Up_(Rewound)/track.npy,hjdb,0.4509803921568628,0.42882576905273206,0.6289236205847939,0.528874694818763,0.4423076923076923,0.4423076923076923,0.5,0.5,0.3846153846153846,0.359437962199862,0.359437962199862,0.359437962199862,0.35714285714285715,0.35714285714285715,0.42857142857142855,0.42857142857142855,64.0,0.0,0.0,0.04879016416943971,17.0,0.0,0.0,0.1982029979380584,0.0
hjdb/hjdb_Yaaah/track.npy,hjdb,0.9983579638752053,0.9607921831202859,0.9607921831202859,0.9607921831202859,0.9967213114754099,0.9967213114754099,0.9967213114754099,0.9967213114754099,0.9934640522875817,0.9470109522652447,0.9470109522652447,0.9470109522652447,0.987012987012987,0.987012987012987,0.987012987012987,0.987012987012987,316.0,0.0,0.0,0.08701137698964323,79.0,0.0,0.0,0.021600745520521582,0.0
hjdb/hjdb_You_Got_Me_Burnin_(A.A.S_Mix)/track.npy,hjdb,0.9911504424778761,0.9576319555653681,0.9576319555653681,0.9576319555653681,0.9824561403508771,0.9824561403508771,0.9824561403508771,0.9824561403508771,1.0,0.9594373820777262,0.9594373820777262,0.9594373820777262,1.0,1.0,1.0,1.0,70.0,0.0,0.0,0.04879016416943971,17.0,0.0,0.0,0.012270092591814441,0.0
jaah/jaah_000-tito_puente-airegin/track.npy,jaah,0.3967611336032389,0.3085804408084414,0.31102507342467134,0.30980275711655636,0.04452690166975881,0.32653061224489793,0.05194805194805195,0.32653061224489793,0.2919254658385093,0.23898272584117736,0.2582978328135119,0.24864027932734462,0.02857142857142857,0.14761904761904762,0.053811659192825115,0.4484304932735426,553.0,0.07427536231884058,0.11594202898550725,1.492840968850102,216.0,0.023255813953488372,0.037209302325581395,1.8733691894273823,0.0
jaah/jaah_004-dexter_gordon_quartet-bikini/track.npy,jaah,0.9671801741460148,0.899371157114253,0.899371157114253,0.899371157114253,0.21143617021276595,0.9002659574468085,0.21143617021276595,0.9002659574468085,0.9386666666666666,0.8793429391455374,0.8793429391455374,0.8793429391455374,0.8617021276595744,0.9308510638297872,0.8617021276595744,0.9308510638297872,747.0,0.0,0.004021447721179625,0.24116205681689729,189.0,0.0,0.0,0.09425939063894898,0.0
jaah/jaah_010-duke_ellington_his_orchestra-blue_serge/track.npy,jaah,0.9924242424242423,0.9276327250639459,0.9276327250639459,0.9276327250639459,0.9924528301886792,0.9924528301886792,0.9924528301886792,0.9924528301886792,0.9848484848484849,0.930166665265582,0.930166665265582,0.930166665265582,1.0,1.0,1.0,1.0,268.0,0.0,0.0,0.1053605156578376,67.0,0.0,0.0,0.03534628478300354,0.0
jaah/jaah_011-charlie_parker-blues_for_alice/track.npy,jaah,0.9955357142857143,0.9183380165992059,0.9183380165992059,0.9183380165992059,0.8325892857142857,0.9933035714285714,0.8325892857142857,0.9933035714285714,0.9910714285714286,0.9233870804978819,0.9233870804978819,0.9233870804978819,1.0,1.0,1.0,1.0,461.0,0.0,0.0,0.11122563511023142,116.0,0.0,0.0,0.028170876966717953,0.0
jaah/jaah_021-the_clifford_brownmax_roach_quintet-daahoud/track.npy,jaah,0.7396265560165975,0.527084559657105,0.527084559657105,0.527084559657105,0.03128153380423814,0.39152371342078707,0.03128153380423814,0.39152371342078707,0.6968503937007875,0.48401259220478987,0.48401259220478987,0.48401259220478987,0.16483516483516483,0.7032967032967034,0.16483516483516483,0.7032967032967034,1010.0,0.16848364717542122,0.3419226957383548,0.95164400236218,278.0,0.07942238267148015,0.09386281588447654,2.1517622032595347,0.0
jaah/jaah_033-the_boswell_sisters-everybody_loves_my_baby/track.npy,jaah,0.863905325443787,0.7198779634555905,0.7198779634555905,0.7198779634555905,0.12142857142857143,0.4107142857142857,0.12142857142857143,0.4107142857142857,0.6299212598425197,0.5585284540093473,0.5585284540093473,0.5585284540093473,0.12142857142857143,0.35714285714285715,0.12142857142857143,0.35714285714285715,472.0,0.03821656050955414,0.1613588110403397,0.8472978603871358,118.0,0.0,0.0,0.5127053318694882,0.0
jaah/jaah_048-louis_armstrong_and_his_hot_five-hotter_than_that/track.npy,jaah,0.8860569715142429,0.723470841796284,0.723470841796284,0.723470841796284,0.07062146892655367,0.5240112994350282,0.07062146892655367,0.5240112994350282,0.772972972972973,0.6365702912957037,0.6365702912957037,0.6365702912957037,0.13615023474178403,0.5352112676056338,0.13615023474178403,0.5352112676056338,727.0,0.14049586776859505,0.24380165289256198,1.1786549963416062,217.0,0.06944444444444445,0.08333333333333333,2.3795461341302064,0.0
jaah/jaah_050-dizzy_gillespie_sextet-i_cant_get_started/track.npy,jaah,0.953757225433526,0.8310384495497323,0.8310384495497323,0.8310384495497323,0.7988505747126436,0.9367816091954023,0.7988505747126436,0.9367816091954023,0.9767441860465116,0.8539583497626201,0.8539583497626201,0.8539583497626201,0.9767441860465116,0.9767441860465116,0.9767441860465116,0.9767441860465116,177.0,0.0,0.0,0.16763295753841534,45.0,0.0,0.0,0.04260049319006647,0.0
jaah/jaah_058-jelly_roll_morton-king_porter_stomp/track.npy,jaah,0.899795501022495,0.8186012554379479,0.8186012554379479,0.8186012554379479,0.1328125,0.611328125,0.1328125,0.611328125,0.8768115942028986,0.8086404977992645,0.8086404977992645,0.8086404977992645,0.19594594594594594,0.7094594594594594,0.19594594594594594,0.7094594594594594,474.0,0.0507399577167019,0.0507399577167019,1.1786549963414545,152.0,0.026490066225165563,0.026490066225165563,2.2684382919413326,0.0
jaah/jaah_072-bennie_moten_and_his_kansas_city_orchestra-moten_swing/track.npy,jaah,0.9459671104150351,0.6363386874813765,0.6363386874813765,0.6363386874813765,0.06259780907668232,0.7355242566510172,0.06259780907668232,0.7355242566510172,0.9748427672955975,0.6799771186270961,0.6799771186270961,0.6799771186270961,1.0,1.0,1.0,1.0,653.0,0.0,0.0,0.1335313926244972,163.0,0.0,0.0,0.0339015516756746,0.0
jaah/jaah_076-charlie_parker-oh_lady_be_good_feat_jazz_at_the_philharmonic/track.npy,jaah,0.9836065573770492,0.8024006553440122,0.8024006553440122,0.8024006553440122,0.8056206088992974,0.9836065573770492,0.8056206088992974,0.9836065573770492,0.9859154929577464,0.8116219104331306,0.8116219104331306,0.8116219104331306,0.9906542056074766,0.9906542056074766,0.9906542056074766,0.9906542056074766,427.0,0.0,0.0,0.18072792286409647,107.0,0.0,0.0,0.04641303515628625,0.0
jaah/jaah_082-louis_armstrong_and_his_hot_five-potato_head_blues/track.npy,jaah,0.900749063670412,0.7035457062586524,0.7035457062586524,0.7035457062586524,0.05415162454873646,0.5234657039711191,0.05415162454873646,0.5234657039711191,0.9104477611940298,0.7459339915310219,0.7459339915310219,0.7459339915310219,0.17857142857142858,0.8214285714285714,0.17857142857142858,0.8214285714285714,571.0,0.11228070175438597,0.11754385964912281,1.3862943611198681,144.0,0.027972027972027972,0.03496503496503497,2.6654625905653733,0.0
jaah/jaah_084-gene_krupa_and_his_orchestra-rockin_chair/track.npy,jaah,0.8186714542190304,0.7417748903391936,0.7417748903391936,0.7417748903391936,0.6046511627906976,0.6744186046511628,0.6046511627906976,0.6744186046511628,0.5123152709359606,0.47934525536673545,0.5042133878174141,0.49177932159207477,0.03597122302158273,0.12949640287769784,0.03597122302158273,0.23741007194244604,318.0,0.11987381703470032,0.167192429022082,1.367306005131717,145.0,0.06944444444444445,0.10416666666666667,1.9762564903387398,0.0
jaah/jaah_085-the_george_shearing_quintet-september_in_the_rain/track.npy,jaah,0.9767441860465116,0.9113505459659491,0.9113505459659491,0.9113505459659491,0.9767441860465116,0.9767441860465116,0.9767441860465116,0.9767441860465116,0.4297520661157025,0.3940119288445121,0.3940119288445121,0.3940119288445121,0.04827586206896552,0.18620689655172415,0.04827586206896552,0.18620689655172415,398.0,0.0,0.0,0.08338160893909552,149.0,0.0,0.0,1.3758230612525943,0.0
jaah/jaah_100-fletcher_henderson_and_his_orchestra-the_stampede/track.npy,jaah,0.7235023041474654,0.4877240765777149,0.4877240765777149,0.4877240765777149,0.014104372355430184,0.28913963328631875,0.03541315345699832,0.28913963328631875,0.5365853658536586,0.3372585936826267,0.3372585936826267,0.3372585936826267,0.14689265536723164,0.4519774011299435,0.14689265536723164,0.4519774011299435,604.0,0.02321724709784411,0.04311774461028192,0.8602012652230797,154.0,0.0,0.0,0.6879338713849483,0.0
jaah/jaah_105-louis_armstrong_earl_hines-weather_bird/track.npy,jaah,0.9067713444553483,0.7818509900802469,0.7818509900802469,0.7818509900802469,0.06640625,0.798828125,0.06640625,0.798828125,0.8784313725490196,0.7476199263914524,0.7476199263914524,0.7476199263914524,0.5703125,0.890625,0.5703125,0.890625,524.0,0.0,0.0019120458891013384,0.29948346645038615,132.0,0.0,0.0,0.16757461728042797,0.0
jaah/jaah_111-fletcher_henderson_and_his_orchestra-wrappin_it_up/track.npy,jaah,0.9560117302052786,0.9027022588078487,0.9027022588078487,0.9027022588078487,0.18164794007490637,0.8164794007490637,0.18164794007490637,0.8164794007490637,0.9420849420849421,0.8996258532934867,0.8996258532934867,0.8996258532934867,0.3358208955223881,0.835820895522388,0.3358208955223881,0.835820895522388,504.0,0.0,0.0,0.2076393647782996,128.0,0.0,0.0,0.4317835979666086,0.0
rwc/rwc_classical_CD1_01/track.npy,rwc_classical,0.7056778679026652,0.48626670129816774,0.48626670129816774,0.48626670129816774,0.004935834155972359,0.09723593287265547,0.004935834155972359,0.09723593287265547,0.7515151515151516,0.5298401097755473,0.5298401097755473,0.5298401097755473,0.05439330543933055,0.46234309623430964,0.05439330543933055,0.46234309623430964,1430.0,0.1245626312106368,0.3100069979006298,1.06365968515153,480.0,0.010438413361169102,0.03549060542797495,1.225723510951502,0.0
rwc/rwc_classical_CD1_03/track.npy,rwc_classical,0.6410018552875695,0.4960889414603672,0.5059053272850328,0.5009971343727,0.012861736334405145,0.18006430868167203,0.027412280701754384,0.2565789473684211,0.603585657370518,0.4688665155116811,0.4688665155116811,0.4688665155116811,0.017684887459807074,0.18006430868167203,0.031413612565445025,0.23036649214659685,921.0,0.10217391304347827,0.15434782608695652,1.321755839982556,385.0,0.020833333333333332,0.03125,1.7002247719122885,0.0
rwc/rwc_classical_CD1_05/track.npy,rwc_classical,0.7142857142857143,0.5818047612197866,0.5818047612197866,0.5818047612197866,0.0449438202247191,0.4550561797752809,0.0449438202247191,0.4550561797752809,0.6055045871559633,0.500959658012746,0.5196759256836078,0.5103177918481769,0.037122969837587005,0.27842227378190254,0.037122969837587005,0.27842227378190254,1079.0,0.0,0.015769944341372914,0.7408335149801275,438.0,0.0,0.002288329519450801,1.4215590343161482,0.0
rwc/rwc_classical_CD2_03/track.npy,rwc_classical,0.41229909154437455,0.2789343996198706,0.2789343996198706,0.2789343996198706,0.012282497441146366,0.23132036847492324,0.012282497441146366,0.23132036847492324,0.3515358361774744,0.23589036696449064,0.23589036696449064,0.23589036696449064,0.016722408026755852,0.06688963210702341,0.016722408026755852,0.1423785594639866,454.0,0.01545253863134658,0.01545253863134658,2.07944154167979,287.0,0.0034965034965034965,0.0034965034965034965,1.5605182906167399,0.0
rwc/rwc_classical_CD2_05/track.npy,rwc_classical,0.8227920227920229,0.6112238057350009,0.6112238057350009,0.6112238057350009,0.16968325791855204,0.8110859728506787,0.16968325791855204,0.8110859728506787,0.5492610837438424,0.40696342521915296,0.40696342521915296,0.40696342521915296,0.013409961685823755,0.16666666666666666,0.013409961685823755,0.16666666666666666,890.0,0.0,0.007874015748031496,0.4393666597838623,526.0,0.0,0.0,1.0986122886681542,0.0
rwc/rwc_classical_CD3_06/track.npy,rwc_classical,0.7761904761904761,0.618904035363162,0.618904035363162,0.618904035363162,0.12895927601809956,0.6900452488687783,0.12895927601809956,0.6900452488687783,0.5490196078431372,0.4467558188246157,0.4645285614127243,0.45564219011867,0.09174311926605505,0.26605504587155965,0.09174311926605505,0.26605504587155965,406.0,0.0,0.0,0.6772400093895712,225.0,0.0,0.0,1.1312979990402228,0.0
rwc/rwc_classical_CD3_07/track.npy,rwc_classical,0.5453200147983721,0.4213014774833419,0.4213014774833419,0.4213014774833419,0.004235044997353097,0.05187930121757544,0.011652542372881356,0.1016949152542373,0.6297640653357532,0.4980210670063754,0.4980210670063754,0.4980210670063754,0.025437201907790145,0.23370429252782193,0.025437201907790145,0.23370429252782193,841.0,0.09166666666666666,0.1773809523809524,1.3230803626567136,494.0,0.058823529411764705,0.10547667342799188,1.5747111543020007,0.0
rwc/rwc_classical_CD4_04/track.npy,rwc_classical,0.963531669865643,0.7974475304501392,0.7974475304501392,0.7974475304501392,0.2840909090909091,0.9015151515151515,0.2840909090909091,0.9015151515151515,0.7453874538745388,0.6226885198240514,0.6226885198240514,0.6226885198240514,0.18181818181818182,0.4965034965034965,0.18181818181818182,0.4965034965034965,275.0,0.0,0.0,0.23769060898253924,148.0,0.0,0.0,0.8421430385865379,0.0
rwc/rwc_classical_CD4_09/track.npy,rwc_classical,0.7989556135770235,0.6146752115398876,0.6146752115398876,0.6146752115398876,0.09821428571428571,0.4330357142857143,0.09821428571428571,0.4330357142857143,0.5917159763313609,0.4793617466565316,0.4793617466565316,0.4793617466565316,0.034482758620689655,0.11206896551724138,0.034482758620689655,0.11206896551724138,232.0,0.05194805194805195,0.06060606060606061,1.704748092238619,121.0,0.03333333333333333,0.03333333333333333,1.959557518234687,0.0
rwc/rwc_classical_CD4_15/track.npy,rwc_classical,0.44155844155844154,0.2801959364936962,0.37543906365546154,0.3278175000745789,0.06626506024096386,0.28313253012048195,0.1144578313253012,0.3132530120481928,0.36363636363636365,0.22790429568793633,0.22790429568793633,0.22790429568793633,0.05333333333333334,0.2,0.05333333333333334,0.2,180.0,0.03910614525139665,0.0893854748603352,1.1526795099383744,80.0,0.0379746835443038,0.0759493670886076,2.1030912349802207,0.0
rwc/rwc_classical_CD5_03/track.npy,rwc_classical,0.8497359577532405,0.6675381768091416,0.6675381768091416,0.6675381768091416,0.11494252873563218,0.7825670498084292,0.11494252873563218,0.7825670498084292,0.7916666666666666,0.6371451870534398,0.6371451870534398,0.6371451870534398,0.21189591078066913,0.7806691449814126,0.21189591078066913,0.7806691449814126,1053.0,0.0,0.0009505703422053232,0.4861999985211489,271.0,0.0,0.0,0.5906075412437898,0.0
rwc/rwc_classical_CD6_01/track.npy,rwc_classical,0.7832167832167832,0.6115290075357646,0.6115290075357646,0.6115290075357646,0.17511520737327188,0.728110599078341,0.17511520737327188,0.728110599078341,0.5236051502145922,0.40363592934340703,0.40363592934340703,0.40363592934340703,0.03937007874015748,0.2992125984251969,0.03937007874015748,0.2992125984251969,222.0,0.0,0.0,0.5284154770187771,130.0,0.0,0.0,0.8228746169861195,0.0
rwc/rwc_classical_CD6_02/track.npy,rwc_classical,0.7446393762183237,0.5728261868595295,0.5728261868595295,0.5728261868595295,0.03435114503816794,0.1984732824427481,0.043824701195219126,0.1984732824427481,0.52,0.40296015307873406,0.40296015307873406,0.40296015307873406,0.061946902654867256,0.26548672566371684,0.061946902654867256,0.26548672566371684,276.0,0.23272727272727273,0.38545454545454544,1.152679509938375,127.0,0.07936507936507936,0.12698412698412698,1.7635885922613492,0.0
rwc/rwc_jazz_CD1_05/track.npy,rwc_jazz,0.3742454728370222,0.2974412739198146,0.2974412739198146,0.2974412739198146,0.018518518518518517,0.08333333333333333,0.018518518518518517,0.08333333333333333,0.38144329896907214,0.3197870978232407,0.3197870978232407,0.3197870978232407,0.09259259259259259,0.2962962962962963,0.10465116279069768,0.2962962962962963,177.0,0.03977272727272727,0.03977272727272727,1.368576441593521,87.0,0.023255813953488372,0.023255813953488372,0.9202920380139638,0.0
rwc/rwc_jazz_CD1_08/track.npy,rwc_jazz,0.6358148893360162,0.5243689719558347,0.5294252558045085,0.5268971138801716,0.023890784982935155,0.27303754266211605,0.03931203931203931,0.3095823095823096,0.5198237885462554,0.42196377607778823,0.42196377607778823,0.42196377607778823,0.088,0.384,0.088,0.384,299.0,0.013422818791946308,0.03691275167785235,1.4436880023061087,127.0,0.0,0.015873015873015872,2.184608108994597,0.0
rwc/rwc_jazz_CD2_04/track.npy,rwc_jazz,0.9749182115594329,0.8491502431565396,0.8491502431565396,0.8491502431565396,0.9088937093275488,0.9609544468546638,0.9088937093275488,0.9609544468546638,0.6376811594202898,0.5542235166113063,0.8236613888075284,0.6889424527094173,0.0,0.0,0.896551724137931,0.9482758620689655,460.0,0.0,0.0,0.06282308160478778,115.0,0.0,0.0,0.046032267212652384,0.0
rwc/rwc_jazz_CD3_04/track.npy,rwc_jazz,0.9052631578947368,0.8040013936368386,0.8040013936368386,0.8040013936368386,0.1440677966101695,0.7457627118644068,0.1440677966101695,0.7457627118644068,0.8730650154798761,0.7629908092234887,0.7629908092234887,0.7629908092234887,0.18562874251497005,0.7544910179640718,0.18562874251497005,0.7544910179640718,361.0,0.016666666666666666,0.022222222222222223,0.8649974374865739,170.0,0.011834319526627219,0.011834319526627219,1.2247320695777106,0.0
rwc/rwc_jazz_CD3_06/track.npy,rwc_jazz,0.47046632124352333,0.41754017387673736,0.6783310345535567,0.5479356042151471,0.0,0.0,0.05555555555555555,0.24796747967479674,0.5473684210526315,0.4847606296239316,0.7414036446438682,0.6130821371338999,0.0037593984962406013,0.0037593984962406013,0.10150375939849623,0.6428571428571429,748.0,0.029451137884872823,0.029451137884872823,1.0384952604164046,270.0,0.022304832713754646,0.022304832713754646,0.873472133607144,0.0
rwc/rwc_jazz_CD3_09/track.npy,rwc_jazz,0.875251509054326,0.7711305071484168,0.7711305071484168,0.7711305071484168,0.12222222222222222,0.6796296296296296,0.12222222222222222,0.6796296296296296,0.7789473684210526,0.6758265341783928,0.6758265341783928,0.6758265341783928,0.1774193548387097,0.6209677419354839,0.1774193548387097,0.6209677419354839,545.0,0.01838235294117647,0.027573529411764705,0.8043728156701833,250.0,0.008032128514056224,0.01606425702811245,1.113445569264875,0.0
rwc/rwc_jazz_CD3_10/track.npy,rwc_jazz,0.9544764795144157,0.8283251795140241,0.8283251795140241,0.8283251795140241,0.12099125364431487,0.8411078717201166,0.12099125364431487,0.8411078717201166,0.8610478359908885,0.7300071164852568,0.7300071164852568,0.7300071164852568,0.19213973799126638,0.7729257641921398,0.19213973799126638,0.7729257641921398,642.0,0.0,0.0,0.18232155679397874,214.0,0.0,0.0,0.4700629704117368,0.0
rwc/rwc_jazz_CD4_07/track.npy,rwc_jazz,0.978689818468824,0.8243747706903382,0.8243747706903382,0.8243747706903382,0.95625,0.9609375,0.95625,0.9609375,0.9685534591194969,0.8157438329113879,0.8157438329113879,0.8157438329113879,0.9506172839506173,0.9506172839506173,0.9506172839506173,0.9506172839506173,632.0,0.0,0.0,0.08004270767346344,158.0,0.0,0.0,0.030191116001852647,0.0
rwc/rwc_jazz_CD4_15/track.npy,rwc_jazz,0.7773359840954274,0.6728162755028998,0.7593987951114382,0.716107535307169,0.11889250814332247,0.2768729641693811,0.21428571428571427,0.5561224489795918,0.6956521739130435,0.6206433135689781,0.6206433135689781,0.6206433135689781,0.1111111111111111,0.21568627450980393,0.22,0.41,399.0,0.0,0.0,0.26995403366537724,102.0,0.0,0.0,0.29357122423461773,0.0
rwc/rwc_popular_CD1_05/track.npy,rwc_popular,0.7929589270746018,0.48862142130726494,0.48862142130726494,0.48862142130726494,0.02824858757062147,0.3884180790960452,0.02824858757062147,0.3884180790960452,0.6990881458966565,0.4061347863499123,0.4061347863499123,0.4061347863499123,0.028846153846153848,0.46153846153846156,0.028846153846153848,0.46153846153846156,721.0,0.3138888888888889,0.31805555555555554,1.5040773967760845,211.0,0.32857142857142857,0.32857142857142857,2.8791984572980365,0.0
rwc/rwc_popular_CD1_11/track.npy,rwc_popular,0.9896373056994818,0.9542405051047866,0.9542405051047866,0.9542405051047866,0.6246786632390745,0.9794344473007712,0.6246786632390745,0.9794344473007712,1.0,0.9574952759431616,0.9574952759431616,0.9574952759431616,1.0,1.0,1.0,1.0,387.0,0.0,0.0,0.03077165866676096,98.0,0.0,0.0,0.01503787736452944,0.0
rwc/rwc_popular_CD2_01/track.npy,rwc_popular,0.9986320109439125,0.9572085858750564,0.9572085858750564,0.9572085858750564,0.994535519125683,0.994535519125683,0.994535519125683,0.994535519125683,0.9891304347826086,0.9668018976883509,0.9668018976883509,0.9668018976883509,0.9891304347826086,0.9891304347826086,0.9891304347826086,0.9891304347826086,374.0,0.0,0.0,0.06453852113756964,94.0,0.0,0.0,0.011711687496396717,0.0
rwc/rwc_popular_CD2_03/track.npy,rwc_popular,0.9991728701406121,0.9331409463585774,0.9331409463585774,0.9331409463585774,0.9983471074380166,0.9983471074380166,0.9983471074380166,0.9983471074380166,1.0,0.9297168187352551,0.9297168187352551,0.9297168187352551,1.0,1.0,1.0,1.0,615.0,0.0,0.0,0.08701137698967287,154.0,0.0,0.0,0.02652814024348591,0.0
rwc/rwc_popular_CD3_09/track.npy,rwc_popular,0.7241659886086249,0.45420302814578367,0.45420302814578367,0.45420302814578367,0.005578800557880056,0.11854951185495119,0.026499302649930265,0.11854951185495119,0.7790262172284644,0.45504462431981807,0.45504462431981807,0.45504462431981807,0.08633093525179857,0.6690647482014388,0.08633093525179857,0.6690647482014388,742.0,0.3535762483130904,0.5479082321187584,1.0986122886681817,144.0,0.1958041958041958,0.1958041958041958,2.4849066497880705,0.0
rwc/rwc_popular_CD4_02/track.npy,rwc_popular,0.6653992395437263,0.6085278912167679,0.8577967915447832,0.7331623413807755,0.0,0.0,0.717948717948718,0.9344729344729344,0.6212121212121212,0.5790760836761498,0.5790760836761498,0.5790760836761498,0.0,0.0,0.2808988764044944,0.5393258426966292,361.0,0.0,0.0,0.07696104113613988,92.0,0.0,0.0,0.2356326736384189,0.0
rwc/rwc_popular_CD4_05/track.npy,rwc_popular,0.9977973568281938,0.963616853954062,0.963616853954062,0.963616853954062,0.9977973568281938,0.9977973568281938,0.9977973568281938,0.9977973568281938,0.9912280701754386,0.9556108308779497,0.9556108308779497,0.9556108308779497,1.0,1.0,1.0,1.0,465.0,0.0,0.0,0.08701137698964323,117.0,0.0,0.0,0.021978906718781034,0.0
rwc/rwc_popular_CD4_08/track.npy,rwc_popular,0.99867197875166,0.8572867715170078,0.8572867715170078,0.8572867715170078,0.9973474801061007,0.9973474801061007,0.9973474801061007,0.9973474801061007,1.0,0.8721059503526607,0.8721059503526607,0.8721059503526607,1.0,1.0,1.0,1.0,383.0,0.0,0.0,0.02469261259041916,96.0,0.0,0.0,0.006191970247927392,0.0
rwc/rwc_popular_CD4_16/track.npy,rwc_popular,1.0,0.9502752425167688,0.9502752425167688,0.9502752425167688,1.0,1.0,1.0,1.0,1.0,0.9516293297145091,0.9516293297145091,0.9516293297145091,1.0,1.0,1.0,1.0,472.0,0.0,0.0,0.06669137449868245,118.0,0.0,0.0,0.016667052485212025,0.0
rwc/rwc_popular_CD5_15/track.npy,rwc_popular,0.9290322580645162,0.8255275275293595,0.8255275275293595,0.8255275275293595,0.17480719794344474,0.8817480719794345,0.17480719794344474,0.8817480719794345,0.9090909090909091,0.7959285539228431,0.7959285539228431,0.7959285539228431,0.58,0.89,0.58,0.89,394.0,0.0,0.0,0.3746934494414242,102.0,0.0,0.0,0.4024506361600584,0.0
rwc/rwc_popular_CD7_06/track.npy,rwc_popular,0.9940222032450897,0.9232284550307445,0.9232284550307445,0.9232284550307445,0.9881154499151104,0.9881154499151104,0.9881154499151104,0.9881154499151104,0.9965870307167235,0.9324875915480452,0.9324875915480452,0.9324875915480452,0.9931972789115646,0.9931972789115646,0.9931972789115646,0.9931972789115646,593.0,0.0,0.0,0.09097177820574909,149.0,0.0,0.0,0.03283303948728284,0.0
rwc/rwc_royalty-free_CD1_14/track.npy,rwc_royalty-free,0.664092664092664,0.5639653249754916,0.84676532851357,0.7053653267445308,0.0,0.0,0.9942196531791907,0.9942196531791907,0.6615384615384615,0.5693178774896591,0.8507048744098354,0.7100113759497473,0.0,0.0,0.9772727272727273,0.9772727272727273,180.0,0.0,0.0,0.029852963149696377,45.0,0.0,0.0,0.007490671729158738,0.0
tapcorrect/004_youtube_IwOfCgkyEj0/track.npy,tapcorrect,0.9991189427312775,0.9487072353778685,0.9487072353778685,0.9487072353778685,0.801056338028169,0.9964788732394366,0.801056338028169,0.9964788732394366,0.9964664310954063,0.9447186807549486,0.9447186807549486,0.9447186807549486,0.795774647887324,0.9859154929577465,0.795774647887324,0.9859154929577465,575.0,0.0,0.0,0.06453852113755931,144.0,0.0,0.0,0.024481103636312115,0.0
tapcorrect/006_youtube_I3gHugP6bPE/track.npy,tapcorrect,0.899761336515513,0.8429102942747808,0.8429102942747808,0.8429102942747808,0.3721973094170404,0.7488789237668162,0.3721973094170404,0.7488789237668162,0.8351648351648351,0.7862482027739099,0.7862482027739099,0.7862482027739099,0.37583892617449666,0.6644295302013423,0.37583892617449666,0.6644295302013423,396.0,0.0,0.0,0.20067069546214883,126.0,0.0,0.0,0.39840067646804417,0.0
tapcorrect/010_youtube_80tX5MLX8QY/track.npy,tapcorrect,0.9528415961305925,0.8646975532515134,0.8646975532515134,0.8646975532515134,0.9143518518518519,0.9143518518518519,0.9143518518518519,0.9143518518518519,0.937799043062201,0.8472311133809958,0.8472311133809958,0.8472311133809958,0.44954128440366975,0.8807339449541285,0.44954128440366975,0.8807339449541285,436.0,0.0,0.011494252873563218,0.22945002824022667,110.0,0.0,0.0,0.23000370822408467,0.0
tapcorrect/012_youtube_Va0vs1fhhNI/track.npy,tapcorrect,0.6856240126382306,0.6511942332096643,0.8946294906417465,0.7729118619257054,0.01932367149758454,0.04589371980676329,0.6727688787185355,0.9038901601830663,0.5822784810126582,0.544973641891564,0.8285437614568703,0.6867587016742172,0.0,0.0,0.6822429906542056,0.8504672897196262,425.0,0.0,0.0,0.1910552367627384,106.0,0.0,0.0,0.40546510810816266,0.0
tapcorrect/024_youtube_S4X_l8PIobc/track.npy,tapcorrect,0.9677419354838709,0.8957388723421222,0.8957388723421222,0.8957388723421222,0.6094420600858369,0.9527896995708155,0.6094420600858369,0.9527896995708155,0.8135593220338985,0.7626581231530268,0.7626581231530268,0.7626581231530268,0.6271186440677966,0.8135593220338984,0.6271186440677966,0.8135593220338984,236.0,0.0,0.0,0.2748929936101984,60.0,0.0,0.0,0.157532355497567,0.0
tapcorrect/029_youtube_41TNDPn9x2Y/track.npy,tapcorrect,0.8105590062111802,0.7630387508723361,0.7630387508723361,0.7630387508723361,0.1282798833819242,0.7113702623906706,0.1282798833819242,0.7113702623906706,0.7222222222222222,0.6880653551819218,0.6880653551819218,0.6880653551819218,0.20192307692307693,0.5673076923076923,0.20192307692307693,0.5673076923076923,343.0,0.05555555555555555,0.07309941520467836,2.3272777055846077,104.0,0.05825242718446602,0.06796116504854369,3.7809084985129555,0.0
tapcorrect/030_youtube_U8EDgciZZFc/track.npy,tapcorrect,0.7868312757201646,0.7233182231375695,0.7233182231375695,0.7233182231375695,0.4296407185628742,0.6107784431137725,0.4296407185628742,0.6107784431137725,0.6537216828478964,0.6174817204269948,0.6174817204269948,0.6174817204269948,0.4186046511627907,0.563953488372093,0.4186046511627907,0.563953488372093,668.0,0.0,0.0074962518740629685,0.5732101809859148,172.0,0.0,0.0,0.5025604225925421,0.0
tapcorrect/037_youtube_VYCOg-yglNM/track.npy,tapcorrect,0.7161749745676501,0.660346962156477,0.660346962156477,0.660346962156477,0.03184713375796178,0.24363057324840764,0.03943661971830986,0.3323943661971831,0.8755760368663595,0.8200345161397741,0.8200345161397741,0.8200345161397741,0.16071428571428573,0.6607142857142857,0.16071428571428573,0.6607142857142857,359.0,0.0,0.0,0.7884573603642693,115.0,0.0,0.0,0.766674844038393,0.0
tapcorrect/045_youtube_SYUgGs9IStY/track.npy,tapcorrect,0.8927875243664718,0.8188986625962563,0.8188986625962563,0.8188986625962563,0.18661971830985916,0.6161971830985915,0.18661971830985916,0.6161971830985915,0.7260273972602741,0.6794269310639075,0.7199426781476236,0.6996848046057655,0.03260869565217391,0.22826086956521738,0.11214953271028037,0.4672897196261682,288.0,0.006968641114982578,0.006968641114982578,0.6873998010037712,93.0,0.0,0.0,0.710743547833404,0.0
tapcorrect/053_youtube_yuxchcK5Gek/track.npy,tapcorrect,0.9979550102249488,0.870173645814874,0.870173645814874,0.870173645814874,0.9959183673469387,0.9959183673469387,0.9959183673469387,0.9959183673469387,1.0,0.8329737175123992,0.8329737175123992,0.8329737175123992,1.0,1.0,1.0,1.0,499.0,0.0,0.0,0.04804980384344347,125.0,0.0,0.0,0.019802627296175768,0.0
tapcorrect/066_youtube_H4BB9eGUEaE/track.npy,tapcorrect,0.9965277777777778,0.9220297679984465,0.9220297679984465,0.9220297679984465,0.986159169550173,0.986159169550173,0.986159169550173,0.986159169550173,0.9452054794520548,0.8637382774183707,0.8637382774183707,0.8637382774183707,0.6351351351351351,0.9054054054054054,0.6351351351351351,0.9054054054054054,287.0,0.0,0.0,0.051293294387503796,72.0,0.0,0.0,0.018039710476255015,0.0
tapcorrect/069_youtube_8kl6q_9qZOs/track.npy,tapcorrect,0.9459119496855346,0.8458318834058937,0.8458318834058937,0.8458318834058937,0.8972520908004779,0.8972520908004779,0.8972520908004779,0.8972520908004779,0.9423558897243107,0.8057171550319748,0.8057171550319748,0.8057171550319748,0.8952380952380953,0.8952380952380953,0.8952380952380953,0.8952380952380953,837.0,0.0,0.0,0.10712005149365744,210.0,0.0,0.0,0.23229757678337706,0.0
tapcorrect/087_youtube_ej93qIAlhXs/track.npy,tapcorrect,0.9976507439310885,0.9654486721719515,0.9654486721719515,0.9654486721719515,0.9953125,0.9953125,0.9953125,0.9953125,0.9968652037617556,0.9686015517800933,0.9686015517800933,0.9686015517800933,0.99375,0.99375,0.99375,0.99375,651.0,0.0,0.0,0.09097177820573987,163.0,0.0,0.0,0.02298951822470041,0.0
tapcorrect/093_youtube_C1lbOgBtE3w/track.npy,tapcorrect,0.9023569023569025,0.8167208867116762,0.8167208867116762,0.8167208867116762,0.1092436974789916,0.7016806722689075,0.1092436974789916,0.7016806722689075,0.7292418772563177,0.6610178610810347,0.8149375492361054,0.7379777051585701,0.023121387283236993,0.1791907514450867,0.07729468599033816,0.6714975845410628,477.0,0.008403361344537815,0.008403361344537815,0.7396671961947952,174.0,0.0,0.0,0.7015379653668139,0.0
tapcorrect/097_youtube_Nco69szMp0Y/track.npy,tapcorrect,0.8574938574938575,0.779898762250084,0.779898762250084,0.779898762250084,0.2562358276643991,0.655328798185941,0.2562358276643991,0.655328798185941,0.7563025210084033,0.6953716624318148,0.701503113029993,0.6984373877309039,0.08333333333333333,0.3263888888888889,0.08333333333333333,0.44385026737967914,441.0,0.022727272727272728,0.029545454545454545,1.1050661407819036,144.0,0.0,0.0,0.7697098132136125,0.0
