piece,dataset,source_path,candidate_count,direct_count,structured_count,final_count,count_ratio,beat_fallback,direct_casm_agreement,period_margin_mean,period_margin_median,period_margin_q10,period_margin_q90,low_margin_fraction,high_margin_fraction,edge_coefficient_median,edge_coefficient_q10,edge_coefficient_q90,direct_beat_fmeasure,direct_beat_cmlt,direct_beat_amlt,casm_beat_fmeasure,casm_beat_cmlt,casm_beat_amlt,delta_fmeasure,delta_cmlt,delta_amlt,panel,trace_file
smc/smc_001/track.npy,smc,/media/mengh/SharedData/zhanh/auto_structbeat/caches/8fold/beat_this_fold2_val/smc__smc_001__track.npy.npz,161,50,45,45,0.9,False,0.9473684210526315,0.28000885248184204,0.34818050265312195,0.03351005166769028,0.5089025497436523,0.36024844720496896,0.0,0.7737832015072863,0.08482415652599204,6.440392044284997,0.5945945945945946,0.3695652173913043,0.3695652173913043,0.6376811594202899,0.4878048780487805,0.4878048780487805,0.043086564825695284,0.11823966065747615,0.11823966065747615,bt_smc_oof,bt_smc_oof__smc__smc_001.npz
smc/smc_002/track.npy,smc,/media/mengh/SharedData/zhanh/auto_structbeat/caches/8fold/beat_this_fold4_val/smc__smc_002__track.npy.npz,177,134,133,133,0.9925373134328358,False,0.9962546816479401,0.1374175101518631,0.12593060731887817,0.11242045611143112,0.1747040718793869,0.9717514124293786,0.0,1.0208052421545188,0.8790255305054032,1.5609541636421351,0.45751633986928103,0.0,0.0,0.46052631578947373,0.0,0.0,0.003009975920192698,0.0,0.0,bt_smc_oof,bt_smc_oof__smc__smc_002.npz
smc/smc_003/track.npy,smc,/media/mengh/SharedData/zhanh/auto_structbeat/caches/8fold/beat_this_fold2_val/smc__smc_003__track.npy.npz,170,97,92,92,0.9484536082474226,False,0.9735449735449735,0.25827938318252563,0.26531416177749634,0.1878144830465317,0.3296124041080475,0.13529411764705881,0.0,2.6374552897565815,1.0846892675342137,3.7760727188994303,0.5,0.0,0.5697674418604651,0.5042016806722688,0.0,0.6296296296296297,0.004201680672268782,0.0,0.05986218776916452,bt_smc_oof,bt_smc_oof__smc__smc_003.npz
smc/smc_004/track.npy,smc,/media/mengh/SharedData/zhanh/auto_structbeat/caches/8fold/beat_this_fold5_val/smc__smc_004__track.npy.npz,147,34,35,35,1.0294117647058822,False,0.9565217391304348,0.15651360154151917,0.16697002947330475,0.01799600012600422,0.27701839804649353,0.6190476190476191,0.0,2.3179772200928657,1.0174881960320812,3.6537521079305986,0.5714285714285713,0.45454545454545453,0.45454545454545453,0.59375,0.5454545454545454,0.5454545454545454,0.022321428571428714,0.09090909090909088,0.09090909090909088,bt_smc_oof,bt_smc_oof__smc__smc_004.npz
smc/smc_005/track.npy,smc,/media/mengh/SharedData/zhanh/auto_structbeat/caches/8fold/beat_this_fold0_val/smc__smc_005__track.npy.npz,54,32,30,30,0.9375,False,0.967741935483871,0.1497003585100174,0.16019803285598755,0.05924369767308235,0.2011831492185593,0.8888888888888888,0.0,1.2901173733568692,0.42776106483876747,1.740532514674583,0.39215686274509803,0.6428571428571429,0.6428571428571429,0.40816326530612246,0.7692307692307693,0.7692307692307693,0.016006402561024424,0.12637362637362637,0.12637362637362637,bt_smc_oof,bt_smc_oof__smc__smc_005.npz
smc/smc_006/track.npy,smc,/media/mengh/SharedData/zhanh/auto_structbeat/caches/8fold/beat_this_fold1_val/smc__smc_006__track.npy.npz,51,30,32,32,1.0666666666666667,False,0.9354838709677419,0.17571362853050232,0.16276800632476807,0.01921265199780464,0.3148844838142395,0.6862745098039216,0.0,1.3845465865777322,0.4403044509989425,3.444789276808113,0.8571428571428571,0.5555555555555556,0.5555555555555556,0.8437499999999999,0.5833333333333334,0.5833333333333334,-0.013392857142857206,0.02777777777777779,0.02777777777777779,bt_smc_oof,bt_smc_oof__smc__smc_006.npz
smc/smc_007/track.npy,smc,/media/mengh/SharedData/zhanh/auto_structbeat/caches/8fold/beat_this_fold5_val/smc__smc_007__track.npy.npz,46,35,35,35,1.0,False,1.0,0.14910286664962769,0.14049306511878967,0.11435716599225998,0.18853570520877838,0.9130434782608695,0.0,1.1594908313710282,0.9161618207082999,1.484883065450474,0.6,0.8,0.8,0.6,0.8,0.8,0.0,0.0,0.0,bt_smc_oof,bt_smc_oof__smc__smc_007.npz
smc/smc_008/track.npy,smc,/media/mengh/SharedData/zhanh/auto_structbeat/caches/8fold/beat_this_fold7_val/smc__smc_008__track.npy.npz,96,64,50,64,0.78125,True,1.0,0.13543342053890228,0.1143517792224884,0.047795619815588,0.23738160729408264,0.71875,0.0,0.7514739216631269,0.34119147407587763,2.040948105310535,0.5185185185185185,0.12658227848101267,0.12658227848101267,0.5185185185185185,0.12658227848101267,0.12658227848101267,0.0,0.0,0.0,bt_smc_oof,bt_smc_oof__smc__smc_008.npz
smc/smc_009/track.npy,smc,/media/mengh/SharedData/zhanh/auto_structbeat/caches/8fold/beat_this_fold4_val/smc__smc_009__track.npy.npz,125,112,112,112,1.0,False,1.0,0.11382497847080231,0.10999002307653427,0.09521784782409667,0.13872137665748596,1.0,0.0,0.8623412618362165,0.7435209336639226,1.0812564427549083,0.44274809160305345,0.0,0.0,0.44274809160305345,0.0,0.0,0.0,0.0,0.0,bt_smc_oof,bt_smc_oof__smc__smc_009.npz
smc/smc_010/track.npy,smc,/media/mengh/SharedData/zhanh/auto_structbeat/caches/8fold/beat_this_fold7_val/smc__smc_010__track.npy.npz,53,50,50,50,1.0,False,1.0,0.22202202677726746,0.23538990318775177,0.08502011299133301,0.3208162188529968,0.2830188679245283,0.0,2.265610592693923,0.6507057168806842,3.5162738422050746,0.8888888888888888,0.9777777777777777,0.9777777777777777,0.8888888888888888,0.9777777777777777,0.9777777777777777,0.0,0.0,0.0,bt_smc_oof,bt_smc_oof__smc__smc_010.npz
smc/smc_011/track.npy,smc,/media/mengh/SharedData/zhanh/auto_structbeat/caches/8fold/beat_this_fold0_val/smc__smc_011__track.npy.npz,95,71,62,62,0.8732394366197183,False,0.9323308270676691,0.24035122990608215,0.2443465143442154,0.1767777383327484,0.31770328879356385,0.2,0.0,2.126692946991202,1.3431350677182992,3.416766821294985,0.7652173913043478,0.515625,0.515625,0.8301886792452831,0.6909090909090909,0.6909090909090909,0.06497128794093521,0.17528409090909092,0.17528409090909092,bt_smc_oof,bt_smc_oof__smc__smc_011.npz
smc/smc_012/track.npy,smc,/media/mengh/SharedData/zhanh/auto_structbeat/caches/8fold/beat_this_fold2_val/smc__smc_012__track.npy.npz,132,62,60,60,0.967741935483871,False,0.9016393442622951,0.1309823989868164,0.1291455626487732,0.060061711445450784,0.20683757960796356,0.8484848484848485,0.0,1.1203616123465618,0.6456756788273531,1.8169302086212324,0.5471698113207548,0.5272727272727272,0.5272727272727272,0.576923076923077,0.6792452830188679,0.6792452830188679,0.029753265602322165,0.15197255574614066,0.15197255574614066,bt_smc_oof,bt_smc_oof__smc__smc_012.npz
smc/smc_013/track.npy,smc,/media/mengh/SharedData/zhanh/auto_structbeat/caches/8fold/beat_this_fold5_val/smc__smc_013__track.npy.npz,66,64,64,64,1.0,False,1.0,0.17905490100383759,0.17246469855308533,0.08225011825561523,0.30644167959690094,0.6060606060606061,0.0,1.4902475249160678,0.5846906975210695,3.3045877826502275,0.9464285714285714,1.0,1.0,0.9464285714285714,1.0,1.0,0.0,0.0,0.0,bt_smc_oof,bt_smc_oof__smc__smc_013.npz
smc/smc_014/track.npy,smc,/media/mengh/SharedData/zhanh/auto_structbeat/caches/8fold/beat_this_fold7_val/smc__smc_014__track.npy.npz,103,40,46,46,1.15,False,0.9302325581395349,0.14186133444309235,0.11922138184309006,0.02684575505554676,0.2874619722366333,0.6990291262135923,0.0,1.1572682185754426,0.288171391640548,2.184137398500848,0.7901234567901234,0.6222222222222222,0.6222222222222222,0.8275862068965518,0.7777777777777778,0.7777777777777778,0.03746275010642841,0.15555555555555556,0.15555555555555556,bt_smc_oof,bt_smc_oof__smc__smc_014.npz
smc/smc_015/track.npy,smc,/media/mengh/SharedData/zhanh/auto_structbeat/caches/8fold/beat_this_fold7_val/smc__smc_015__track.npy.npz,107,49,46,46,0.9387755102040817,False,0.9473684210526315,0.20268850028514862,0.22694014012813568,0.07150224596261978,0.29990917444229126,0.411214953271028,0.0,2.175252807098063,0.49562624829892454,3.313401455280707,0.43076923076923074,0.0,0.5227272727272727,0.4516129032258065,0.0,0.5853658536585366,0.020843672456575757,0.0,0.06263858093126384,bt_smc_oof,bt_smc_oof__smc__smc_015.npz
smc/smc_016/track.npy,smc,/media/mengh/SharedData/zhanh/auto_structbeat/caches/8fold/beat_this_fold4_val/smc__smc_016__track.npy.npz,64,48,46,46,0.9583333333333334,False,0.9787234042553191,0.148079052567482,0.13259489834308624,0.06379648298025131,0.25516238808631897,0.671875,0.0,1.3561142204524483,0.46383853759868987,2.5255871392831817,0.7951807228915663,0.9523809523809523,0.9523809523809523,0.8148148148148149,0.975609756097561,0.975609756097561,0.01963409192324861,0.023228803716608626,0.023228803716608626,bt_smc_oof,bt_smc_oof__smc__smc_016.npz
smc/smc_017/track.npy,smc,/media/mengh/SharedData/zhanh/auto_structbeat/caches/8fold/beat_this_fold3_val/smc__smc_017__track.npy.npz,77,47,47,47,1.0,False,0.9787234042553191,0.149250790476799,0.1744079440832138,0.05852855294942857,0.22097810208797455,0.8181818181818182,0.0,1.5584439161743915,0.5299479933790445,2.0660768772744484,0.8915662650602411,0.9047619047619048,0.9047619047619048,0.8809523809523809,0.9523809523809523,0.9523809523809523,-0.010613884107860128,0.04761904761904756,0.04761904761904756,bt_smc_oof,bt_smc_oof__smc__smc_017.npz
smc/smc_018/track.npy,smc,/media/mengh/SharedData/zhanh/auto_structbeat/caches/8fold/beat_this_fold1_val/smc__smc_018__track.npy.npz,263,67,61,61,0.9104477611940298,False,0.875,0.11343437433242798,0.1318647563457489,0.02882426418364048,0.18732425272464753,0.9391634980988594,0.0,1.0646079554064274,0.23203348250387193,2.024206566205532,0.33962264150943394,0.21052631578947367,0.24561403508771928,0.3636363636363636,0.26,0.32,0.02401372212692965,0.049473684210526336,0.07438596491228072,bt_smc_oof,bt_smc_oof__smc__smc_018.npz
smc/smc_019/track.npy,smc,/media/mengh/SharedData/zhanh/auto_structbeat/caches/8fold/beat_this_fold2_val/smc__smc_019__track.npy.npz,82,38,36,36,0.9473684210526315,False,0.972972972972973,0.2045029252767563,0.1849597990512848,0.1554551526904106,0.30100875198841104,0.6097560975609756,0.0,1.694952934798144,1.3590745772220973,3.070917283630405,0.8679245283018869,0.5333333333333333,0.5333333333333333,0.8846153846153846,0.5862068965517241,0.5862068965517241,0.01669085631349765,0.05287356321839076,0.05287356321839076,bt_smc_oof,bt_smc_oof__smc__smc_019.npz
smc/smc_021/track.npy,smc,/media/mengh/SharedData/zhanh/auto_structbeat/caches/8fold/beat_this_fold5_val/smc__smc_021__track.npy.npz,98,60,60,60,1.0,False,1.0,0.12328892946243286,0.11760835349559784,0.07036173269152642,0.19461111724376678,0.9183673469387755,0.0,1.0144765281518797,0.6876193807282284,1.939291945628345,0.4672897196261682,0.6111111111111112,0.6111111111111112,0.4672897196261682,0.6111111111111112,0.6111111111111112,0.0,0.0,0.0,bt_smc_oof,bt_smc_oof__smc__smc_021.npz
smc/smc_022/track.npy,smc,/media/mengh/SharedData/zhanh/auto_structbeat/caches/8fold/beat_this_fold0_val/smc__smc_022__track.npy.npz,87,44,43,43,0.9772727272727273,False,0.9885057471264368,0.14356444776058197,0.13347506523132324,0.0583933413028717,0.23043556511402136,0.7701149425287356,0.0,1.6057844920449695,0.5671433099656135,2.3119559130806673,0.9487179487179489,0.875,0.875,0.9610389610389611,0.9230769230769231,0.9230769230769231,0.012321012321012237,0.04807692307692313,0.04807692307692313,bt_smc_oof,bt_smc_oof__smc__smc_022.npz
smc/smc_023/track.npy,smc,/media/mengh/SharedData/zhanh/auto_structbeat/caches/8fold/beat_this_fold7_val/smc__smc_023__track.npy.npz,56,43,45,45,1.0465116279069768,False,0.9772727272727273,0.25444987416267395,0.2322409451007843,0.1506468802690506,0.39226385951042175,0.19642857142857142,0.0,2.1287180765297427,1.3005892409510273,3.358757521904712,0.6666666666666666,0.05128205128205128,0.8048780487804879,0.6451612903225806,0.0,0.9024390243902439,-0.021505376344086002,-0.05128205128205128,0.09756097560975607,bt_smc_oof,bt_smc_oof__smc__smc_023.npz
smc/smc_024/track.npy,smc,/media/mengh/SharedData/zhanh/auto_structbeat/caches/8fold/beat_this_fold7_val/smc__smc_024__track.npy.npz,151,56,52,52,0.9285714285714286,False,0.9074074074074074,0.16999559104442596,0.12695731222629547,0.030194859951734543,0.35947105288505554,0.5894039735099338,0.0,2.5472414821078027,0.2930561798925999,4.883187341999458,0.7096774193548387,0.21333333333333335,0.42857142857142855,0.6890756302521007,0.17333333333333334,0.4318181818181818,-0.020601789102738022,-0.04000000000000001,0.0032467532467532756,bt_smc_oof,bt_smc_oof__smc__smc_024.npz
smc/smc_026/track.npy,smc,/media/mengh/SharedData/zhanh/auto_structbeat/caches/8fold/beat_this_fold1_val/smc__smc_026__track.npy.npz,35,35,35,35,1.0,False,1.0,0.4222922921180725,0.42324233055114746,0.34991945028305055,0.48766831755638124,0.0,0.0,5.830020650411694,4.225660029013955,7.2015896760411815,0.7457627118644068,0.9333333333333333,0.9333333333333333,0.7457627118644068,0.9333333333333333,0.9333333333333333,0.0,0.0,0.0,bt_smc_oof,bt_smc_oof__smc__smc_026.npz
smc/smc_027/track.npy,smc,/media/mengh/SharedData/zhanh/auto_structbeat/caches/8fold/beat_this_fold1_val/smc__smc_027__track.npy.npz,100,60,56,56,0.9333333333333333,False,0.9482758620689655,0.12196135520935059,0.09405776858329773,0.02686982974410057,0.2551410496234894,0.76,0.0,1.0851426563548001,0.2767425043167546,2.9063984843241086,0.5681818181818181,0.39215686274509803,0.39215686274509803,0.5476190476190476,0.44680851063829785,0.44680851063829785,-0.02056277056277056,0.05465164789319982,0.05465164789319982,bt_smc_oof,bt_smc_oof__smc__smc_027.npz
smc/smc_028/track.npy,smc,/media/mengh/SharedData/zhanh/auto_structbeat/caches/8fold/beat_this_fold6_val/smc__smc_028__track.npy.npz,74,36,36,36,1.0,False,0.9166666666666666,0.21450026333332062,0.21830326318740845,0.09282350018620492,0.3234388828277588,0.44594594594594594,0.0,2.223831792218775,0.9287667168631302,3.648041700520064,0.425531914893617,0.016129032258064516,0.71875,0.4042553191489362,0.0,0.71875,-0.021276595744680826,-0.016129032258064516,0.0,bt_smc_oof,bt_smc_oof__smc__smc_028.npz
smc/smc_030/track.npy,smc,/media/mengh/SharedData/zhanh/auto_structbeat/caches/8fold/beat_this_fold4_val/smc__smc_030__track.npy.npz,148,136,133,133,0.9779411764705882,False,0.9888475836431226,0.14176824688911438,0.13715730607509613,0.09546149075031281,0.17770749628543855,0.9594594594594594,0.0,1.1032057599300422,0.6939247144673344,1.545643468323589,0.9406779661016949,0.825,0.825,0.9527896995708154,0.8632478632478633,0.8632478632478633,0.012111733469120534,0.038247863247863334,0.038247863247863334,bt_smc_oof,bt_smc_oof__smc__smc_030.npz
smc/smc_032/track.npy,smc,/media/mengh/SharedData/zhanh/auto_structbeat/caches/8fold/beat_this_fold5_val/smc__smc_032__track.npy.npz,163,31,30,30,0.967741935483871,False,0.9836065573770492,0.07402470707893372,0.07615956664085388,0.014512879215180874,0.15184833705425263,1.0,0.0,0.7629325716149248,0.06970985298192633,1.3221203121049938,0.6117647058823529,0.5,0.5,0.6190476190476191,0.5,0.5,0.007282913165266192,0.0,0.0,bt_smc_oof,bt_smc_oof__smc__smc_032.npz
smc/smc_033/track.npy,smc,/media/mengh/SharedData/zhanh/auto_structbeat/caches/8fold/beat_this_fold3_val/smc__smc_033__track.npy.npz,104,67,64,64,0.9552238805970149,False,0.9618320610687023,0.22479963302612305,0.21936985850334167,0.16771646291017533,0.29680391252040866,0.36538461538461536,0.0,2.1598238347388046,1.6116245868017516,3.4447343513458275,0.7027027027027026,0.7068965517241379,0.7068965517241379,0.7037037037037037,0.7636363636363637,0.7636363636363637,0.0010010010010010895,0.05673981191222577,0.05673981191222577,bt_smc_oof,bt_smc_oof__smc__smc_033.npz
smc/smc_034/track.npy,smc,/media/mengh/SharedData/zhanh/auto_structbeat/caches/8fold/beat_this_fold5_val/smc__smc_034__track.npy.npz,44,41,41,41,1.0,False,1.0,0.2232765555381775,0.22232060134410858,0.15606314241886138,0.29352581501007086,0.22727272727272727,0.0,2.091571227846361,1.0455100702538964,3.103671901303344,0.9459459459459459,1.0,1.0,0.9459459459459459,1.0,1.0,0.0,0.0,0.0,bt_smc_oof,bt_smc_oof__smc__smc_034.npz
smc/smc_035/track.npy,smc,/media/mengh/SharedData/zhanh/auto_structbeat/caches/8fold/beat_this_fold2_val/smc__smc_035__track.npy.npz,47,39,39,39,1.0,False,1.0,0.1648029237985611,0.18590110540390015,0.08050295859575272,0.22203158438205717,0.6170212765957447,0.0,1.673294232728639,0.6674054277725882,2.0985700461328687,0.7536231884057971,0.9714285714285714,0.9714285714285714,0.7536231884057971,0.9714285714285714,0.9714285714285714,0.0,0.0,0.0,bt_smc_oof,bt_smc_oof__smc__smc_035.npz
smc/smc_036/track.npy,smc,/media/mengh/SharedData/zhanh/auto_structbeat/caches/8fold/beat_this_fold7_val/smc__smc_036__track.npy.npz,112,66,58,58,0.8787878787878788,False,0.9032258064516129,0.10343366116285324,0.10830600559711456,0.05196321308612824,0.15724343955516815,1.0,0.0,0.7465249897738493,0.3895458880312925,1.2123536775091797,0.736842105263158,0.22033898305084745,0.6056338028169014,0.813953488372093,0.44,0.44,0.07711138310893506,0.21966101694915255,-0.16563380281690138,bt_smc_oof,bt_smc_oof__smc__smc_036.npz
smc/smc_037/track.npy,smc,/media/mengh/SharedData/zhanh/auto_structbeat/caches/8fold/beat_this_fold5_val/smc__smc_037__track.npy.npz,43,20,26,26,1.3,False,0.8260869565217391,0.2766750752925873,0.21568669378757477,0.12485369443893432,0.47549780607223513,0.4883720930232558,0.0,2.6620307152238576,1.136990500960021,7.258373287742855,0.5882352941176471,0.029411764705882353,0.7647058823529411,0.6666666666666667,0.2647058823529412,0.43478260869565216,0.07843137254901966,0.23529411764705882,-0.32992327365728896,bt_smc_oof,bt_smc_oof__smc__smc_037.npz
smc/smc_038/track.npy,smc,/media/mengh/SharedData/zhanh/auto_structbeat/caches/8fold/beat_this_fold3_val/smc__smc_038__track.npy.npz,66,44,41,41,0.9318181818181818,False,0.9647058823529412,0.25213807821273804,0.28078049421310425,0.09361208975315094,0.40394265949726105,0.3181818181818182,0.0,2.7396182599446166,0.7217309795329392,4.270048226855691,0.7733333333333334,0.8205128205128205,0.8205128205128205,0.7777777777777778,0.9444444444444444,0.9444444444444444,0.004444444444444362,0.12393162393162394,0.12393162393162394,bt_smc_oof,bt_smc_oof__smc__smc_038.npz
smc/smc_041/track.npy,smc,/media/mengh/SharedData/zhanh/auto_structbeat/caches/8fold/beat_this_fold5_val/smc__smc_041__track.npy.npz,91,47,48,48,1.0212765957446808,False,0.968421052631579,0.15197458863258362,0.13194742798805237,0.09899654984474182,0.23241496086120605,0.8131868131868132,0.0,1.455086395163098,0.7978350067212299,2.568813483375771,0.926829268292683,0.8780487804878049,0.8780487804878049,0.963855421686747,0.9285714285714286,0.9285714285714286,0.03702615339406401,0.05052264808362372,0.05052264808362372,bt_smc_oof,bt_smc_oof__smc__smc_041.npz
smc/smc_042/track.npy,smc,/media/mengh/SharedData/zhanh/auto_structbeat/caches/8fold/beat_this_fold0_val/smc__smc_042__track.npy.npz,60,41,41,41,1.0,False,0.975609756097561,0.36129501461982727,0.36099550127983093,0.14685791730880737,0.5305247843265534,0.16666666666666666,0.0,2.7558740145347516,1.2162586925127779,8.957467692899442,0.8333333333333334,0.6060606060606061,0.6060606060606061,0.8333333333333334,0.6060606060606061,0.6060606060606061,0.0,0.0,0.0,bt_smc_oof,bt_smc_oof__smc__smc_042.npz
smc/smc_043/track.npy,smc,/media/mengh/SharedData/zhanh/auto_structbeat/caches/8fold/beat_this_fold5_val/smc__smc_043__track.npy.npz,195,63,62,62,0.9841269841269841,False,0.944,0.1328851878643036,0.12928542494773865,0.0630414515733719,0.2868699789047241,0.8769230769230769,0.0,1.0097137138410426,0.5278554474881655,3.027325734020991,0.8113207547169812,0.6964285714285714,0.6964285714285714,0.8113207547169812,0.7321428571428571,0.7321428571428571,0.0,0.0357142857142857,0.0357142857142857,bt_smc_oof,bt_smc_oof__smc__smc_043.npz
smc/smc_044/track.npy,smc,/media/mengh/SharedData/zhanh/auto_structbeat/caches/8fold/beat_this_fold0_val/smc__smc_044__track.npy.npz,80,41,40,40,0.975609756097561,False,0.9382716049382716,0.1256502866744995,0.08776753395795822,0.025850441306829453,0.2223772063851361,0.8375,0.0,0.8989472997572903,0.20421747507576685,1.592312019102166,0.7749999999999999,0.627906976744186,0.627906976744186,0.8,0.6511627906976745,0.6511627906976745,0.025000000000000133,0.023255813953488413,0.023255813953488413,bt_smc_oof,bt_smc_oof__smc__smc_044.npz
smc/smc_046/track.npy,smc,/media/mengh/SharedData/zhanh/auto_structbeat/caches/8fold/beat_this_fold7_val/smc__smc_046__track.npy.npz,58,45,43,43,0.9555555555555556,False,0.9772727272727273,0.31551989912986755,0.2956916093826294,0.21194828301668167,0.4646981567144394,0.05172413793103448,0.0,2.859408268430938,1.9466932699830002,5.1778708123316175,0.6410256410256411,0.825,0.825,0.6052631578947368,0.8157894736842105,0.8157894736842105,-0.03576248313090424,-0.009210526315789447,-0.009210526315789447,bt_smc_oof,bt_smc_oof__smc__smc_046.npz
smc/smc_047/track.npy,smc,/media/mengh/SharedData/zhanh/auto_structbeat/caches/8fold/beat_this_fold2_val/smc__smc_047__track.npy.npz,60,27,27,27,1.0,False,0.9629629629629629,0.1426720768213272,0.1511092483997345,0.057013072073459625,0.22264332473278048,0.7166666666666667,0.0,1.3879359778952565,0.7603061241691635,2.062803531439056,0.5333333333333333,0.0196078431372549,0.8461538461538461,0.5066666666666667,0.0,0.9230769230769231,-0.026666666666666616,-0.0196078431372549,0.07692307692307698,bt_smc_oof,bt_smc_oof__smc__smc_047.npz
smc/smc_048/track.npy,smc,/media/mengh/SharedData/zhanh/auto_structbeat/caches/8fold/beat_this_fold2_val/smc__smc_048__track.npy.npz,119,26,25,25,0.9615384615384616,False,0.9803921568627451,0.07460887730121613,0.07006646692752838,0.04232250154018402,0.11641622334718704,1.0,0.0,0.44080709055643624,0.34202173369543115,1.0622073947544275,0.5,0.7083333333333334,0.7083333333333334,0.5116279069767442,0.7391304347826086,0.7391304347826086,0.011627906976744207,0.030797101449275277,0.030797101449275277,bt_smc_oof,bt_smc_oof__smc__smc_048.npz
smc/smc_051/track.npy,smc,/media/mengh/SharedData/zhanh/auto_structbeat/caches/8fold/beat_this_fold2_val/smc__smc_051__track.npy.npz,72,63,63,63,1.0,False,1.0,0.1572229564189911,0.12709461152553558,0.10134324729442597,0.22815796732902527,0.7361111111111112,0.0,1.0385392563264044,0.8048003098940344,2.1661308201727323,0.5473684210526315,0.4482758620689655,0.4482758620689655,0.5473684210526315,0.4482758620689655,0.4482758620689655,0.0,0.0,0.0,bt_smc_oof,bt_smc_oof__smc__smc_051.npz
smc/smc_052/track.npy,smc,/media/mengh/SharedData/zhanh/auto_structbeat/caches/8fold/beat_this_fold4_val/smc__smc_052__track.npy.npz,70,62,61,61,0.9838709677419355,False,0.991869918699187,0.2747913897037506,0.2700035274028778,0.20353518426418304,0.3417127788066864,0.1,0.0,2.827595518190651,1.7764684415966423,4.272916250160109,0.7102803738317758,0.8703703703703703,0.8703703703703703,0.7169811320754716,0.9056603773584906,0.9056603773584906,0.00670075824369587,0.03529000698812024,0.03529000698812024,bt_smc_oof,bt_smc_oof__smc__smc_052.npz
smc/smc_054/track.npy,smc,/media/mengh/SharedData/zhanh/auto_structbeat/caches/8fold/beat_this_fold0_val/smc__smc_054__track.npy.npz,63,41,42,42,1.024390243902439,False,0.9879518072289156,0.11379310488700867,0.10318522900342941,0.08844037204980851,0.1444205343723297,1.0,0.0,0.8737912021038308,0.6515042594074494,1.2486427102788376,0.9444444444444445,0.9459459459459459,0.9459459459459459,0.9444444444444445,0.9459459459459459,0.9459459459459459,0.0,0.0,0.0,bt_smc_oof,bt_smc_oof__smc__smc_054.npz
smc/smc_055/track.npy,smc,/media/mengh/SharedData/zhanh/auto_structbeat/caches/8fold/beat_this_fold0_val/smc__smc_055__track.npy.npz,188,27,27,27,1.0,False,0.8888888888888888,0.0677153691649437,0.07530538737773895,0.02579563669860363,0.11076389253139496,1.0,0.0,0.39701037839446573,0.19773384207065142,0.8386498863040248,0.5396825396825398,0.1282051282051282,0.4166666666666667,0.6031746031746031,0.1282051282051282,0.625,0.06349206349206338,0.0,0.20833333333333331,bt_smc_oof,bt_smc_oof__smc__smc_055.npz
smc/smc_056/track.npy,smc,/media/mengh/SharedData/zhanh/auto_structbeat/caches/8fold/beat_this_fold3_val/smc__smc_056__track.npy.npz,318,110,107,107,0.9727272727272728,False,0.8847926267281107,0.051793474704027176,0.0527670755982399,0.024234767071902752,0.07503792345523834,1.0,0.0,0.35433041026279355,0.16028447875123003,0.535856949363329,0.3205128205128205,0.10309278350515463,0.1452991452991453,0.36129032258064514,0.14583333333333334,0.14583333333333334,0.040777502067824656,0.04274054982817871,0.0005341880341880323,bt_smc_oof,bt_smc_oof__smc__smc_056.npz
smc/smc_057/track.npy,smc,/media/mengh/SharedData/zhanh/auto_structbeat/caches/8fold/beat_this_fold2_val/smc__smc_057__track.npy.npz,137,30,38,38,1.2666666666666666,False,0.8823529411764706,0.15152524411678314,0.14640501141548157,0.09954766929149628,0.21072855293750772,0.8467153284671532,0.0,1.2093149048507126,0.5744275296641402,2.035305154218305,0.48387096774193544,0.6571428571428571,0.6571428571428571,0.46376811594202894,0.6571428571428571,0.6571428571428571,-0.020102851799906507,0.0,0.0,bt_smc_oof,bt_smc_oof__smc__smc_057.npz
smc/smc_058/track.npy,smc,/media/mengh/SharedData/zhanh/auto_structbeat/caches/8fold/beat_this_fold4_val/smc__smc_058__track.npy.npz,91,37,39,39,1.054054054054054,False,0.9473684210526315,0.07955603301525116,0.07995370030403137,0.02066131867468357,0.1433025300502777,1.0,0.0,0.7121297754511746,0.1400429932433845,1.398169140479978,0.463768115942029,0.75,0.75,0.47887323943661975,0.8333333333333334,0.8333333333333334,0.015105123494590755,0.08333333333333337,0.08333333333333337,bt_smc_oof,bt_smc_oof__smc__smc_058.npz
smc/smc_059/track.npy,smc,/media/mengh/SharedData/zhanh/auto_structbeat/caches/8fold/beat_this_fold3_val/smc__smc_059__track.npy.npz,231,187,154,187,0.8235294117647058,True,1.0,0.043445538729429245,0.04174305126070976,0.02895226702094078,0.058934323489665985,1.0,0.0,0.3117100928984199,0.20643648081057847,0.43261707169272157,0.375,0.0,0.0,0.375,0.0,0.0,0.0,0.0,0.0,bt_smc_oof,bt_smc_oof__smc__smc_059.npz
smc/smc_060/track.npy,smc,/media/mengh/SharedData/zhanh/auto_structbeat/caches/8fold/beat_this_fold3_val/smc__smc_060__track.npy.npz,79,40,41,41,1.025,False,0.9876543209876543,0.16707606613636017,0.17448391020298004,0.08015721142292023,0.264532071352005,0.620253164556962,0.0,1.7802609238889728,0.7543267386534044,2.800549570416338,0.605263157894737,0.6097560975609756,0.6097560975609756,0.5974025974025975,0.6097560975609756,0.6097560975609756,-0.007860560492139457,0.0,0.0,bt_smc_oof,bt_smc_oof__smc__smc_060.npz
smc/smc_061/track.npy,smc,/media/mengh/SharedData/zhanh/auto_structbeat/caches/8fold/beat_this_fold6_val/smc__smc_061__track.npy.npz,80,43,45,45,1.0465116279069768,False,0.9545454545454546,0.12946490943431854,0.13047540187835693,0.06449887715280056,0.19521546363830566,0.9375,0.0,1.1576644729595387,0.5996664144224721,1.8553826439838839,0.5396825396825397,0.1,0.7333333333333333,0.523076923076923,0.07142857142857142,0.8222222222222222,-0.016605616605616658,-0.02857142857142858,0.0888888888888889,bt_smc_oof,bt_smc_oof__smc__smc_061.npz
smc/smc_063/track.npy,smc,/media/mengh/SharedData/zhanh/auto_structbeat/caches/8fold/beat_this_fold5_val/smc__smc_063__track.npy.npz,116,53,54,54,1.0188679245283019,False,0.9906542056074766,0.12743951380252838,0.1282891184091568,0.06705424934625626,0.19581225514411926,0.9051724137931034,0.0,1.2185849993908795,0.6170501758662594,2.105624873976598,0.7000000000000001,0.7254901960784313,0.7254901960784313,0.693069306930693,0.7647058823529411,0.7647058823529411,-0.006930693069307048,0.039215686274509776,0.039215686274509776,bt_smc_oof,bt_smc_oof__smc__smc_063.npz
smc/smc_064/track.npy,smc,/media/mengh/SharedData/zhanh/auto_structbeat/caches/8fold/beat_this_fold7_val/smc__smc_064__track.npy.npz,91,60,52,52,0.8666666666666667,False,0.9285714285714286,0.10424511134624481,0.09836862236261368,0.03552554175257683,0.18865984678268433,0.9230769230769231,0.0,0.6669870382042848,0.12908826857084346,0.9764150094861394,0.0,0.018518518518518517,0.2222222222222222,0.0,0.10638297872340426,0.12244897959183673,0.0,0.08786446020488574,-0.09977324263038548,bt_smc_oof,bt_smc_oof__smc__smc_064.npz
smc/smc_065/track.npy,smc,/media/mengh/SharedData/zhanh/auto_structbeat/caches/8fold/beat_this_fold1_val/smc__smc_065__track.npy.npz,49,49,49,49,1.0,False,1.0,0.21211956441402435,0.19336453080177307,0.15982041358947754,0.3017900288105011,0.5510204081632653,0.0,1.7440971109491055,1.3506604709039653,3.1257940487612763,0.9767441860465116,1.0,1.0,0.9767441860465116,1.0,1.0,0.0,0.0,0.0,bt_smc_oof,bt_smc_oof__smc__smc_065.npz
smc/smc_066/track.npy,smc,/media/mengh/SharedData/zhanh/auto_structbeat/caches/8fold/beat_this_fold5_val/smc__smc_066__track.npy.npz,128,26,31,31,1.1923076923076923,False,0.9122807017543859,0.10094507038593292,0.08583560585975647,0.04514809548854828,0.17671197652816772,1.0,0.0,1.1195135855015685,0.36712952362157586,1.534367055779287,0.5306122448979591,0.6666666666666666,0.6666666666666666,0.6296296296296297,0.8518518518518519,0.8518518518518519,0.09901738473167054,0.18518518518518523,0.18518518518518523,bt_smc_oof,bt_smc_oof__smc__smc_066.npz
smc/smc_067/track.npy,smc,/media/mengh/SharedData/zhanh/auto_structbeat/caches/8fold/beat_this_fold0_val/smc__smc_067__track.npy.npz,68,58,58,58,1.0,False,1.0,0.16855892539024353,0.16116678714752197,0.12131829261779785,0.23052027970552447,0.7794117647058824,0.0,1.3299068944759045,0.9829599444234141,2.118708857351814,0.8712871287128714,0.9411764705882353,0.9411764705882353,0.8712871287128714,0.9411764705882353,0.9411764705882353,0.0,0.0,0.0,bt_smc_oof,bt_smc_oof__smc__smc_067.npz
smc/smc_068/track.npy,smc,/media/mengh/SharedData/zhanh/auto_structbeat/caches/8fold/beat_this_fold1_val/smc__smc_068__track.npy.npz,61,61,61,61,1.0,False,1.0,0.25844067335128784,0.26287877559661865,0.17498593032360077,0.30122432112693787,0.18032786885245902,0.0,2.638853524715565,1.5586450743969569,3.2715162008578025,0.9245283018867925,0.9811320754716981,0.9811320754716981,0.9245283018867925,0.9811320754716981,0.9811320754716981,0.0,0.0,0.0,bt_smc_oof,bt_smc_oof__smc__smc_068.npz
smc/smc_069/track.npy,smc,/media/mengh/SharedData/zhanh/auto_structbeat/caches/8fold/beat_this_fold2_val/smc__smc_069__track.npy.npz,118,57,58,58,1.0175438596491229,False,0.9391304347826087,0.23936429619789124,0.23558126389980316,0.1927257627248764,0.28131661713123324,0.1440677966101695,0.0,2.243469620886332,1.5977500282325083,2.725530162200248,0.8041237113402061,0.8979591836734694,0.8979591836734694,0.787878787878788,0.8235294117647058,0.8235294117647058,-0.016244923461418148,-0.07442977190876354,-0.07442977190876354,bt_smc_oof,bt_smc_oof__smc__smc_069.npz
smc/smc_071/track.npy,smc,/media/mengh/SharedData/zhanh/auto_structbeat/caches/8fold/beat_this_fold6_val/smc__smc_071__track.npy.npz,54,51,52,52,1.0196078431372548,False,0.9902912621359223,0.31081241369247437,0.310517281293869,0.2552764415740967,0.3618702292442322,0.018518518518518517,0.0,3.5146943352682958,2.6434315283696552,4.406895111898183,0.967032967032967,0.9565217391304348,0.9565217391304348,0.9782608695652174,1.0,1.0,0.011227902532250367,0.04347826086956519,0.04347826086956519,bt_smc_oof,bt_smc_oof__smc__smc_071.npz
smc/smc_072/track.npy,smc,/media/mengh/SharedData/zhanh/auto_structbeat/caches/8fold/beat_this_fold4_val/smc__smc_072__track.npy.npz,58,46,45,45,0.9782608695652174,False,0.989010989010989,0.2780504524707794,0.26500675082206726,0.14719274640083313,0.4224980503320694,0.1896551724137931,0.0,2.69446206911466,1.6808014453140754,5.339241933742579,0.8860759493670887,0.975,0.975,0.8717948717948718,1.0,1.0,-0.01428107757221686,0.025000000000000022,0.025000000000000022,bt_smc_oof,bt_smc_oof__smc__smc_072.npz
smc/smc_073/track.npy,smc,/media/mengh/SharedData/zhanh/auto_structbeat/caches/8fold/beat_this_fold3_val/smc__smc_073__track.npy.npz,60,46,46,46,1.0,False,1.0,0.16467128694057465,0.1578051745891571,0.09427539259195328,0.24878166615962982,0.65,0.0,1.672266750399095,0.8029482688635095,2.367273023339597,0.888888888888889,0.9512195121951219,0.9512195121951219,0.888888888888889,0.9512195121951219,0.9512195121951219,0.0,0.0,0.0,bt_smc_oof,bt_smc_oof__smc__smc_073.npz
smc/smc_074/track.npy,smc,/media/mengh/SharedData/zhanh/auto_structbeat/caches/8fold/beat_this_fold4_val/smc__smc_074__track.npy.npz,44,20,8,20,0.4,True,1.0,0.27264919877052307,0.18885329365730286,0.05318514630198479,0.787068247795105,0.5227272727272727,0.0,0.4300533310228086,0.30385186603267006,1.1555154322109564,0.5070422535211268,0.0,0.0,0.5070422535211268,0.0,0.0,0.0,0.0,0.0,bt_smc_oof,bt_smc_oof__smc__smc_074.npz
smc/smc_075/track.npy,smc,/media/mengh/SharedData/zhanh/auto_structbeat/caches/8fold/beat_this_fold3_val/smc__smc_075__track.npy.npz,121,45,49,49,1.0888888888888888,False,0.9574468085106383,0.16447818279266357,0.15927837789058685,0.08939278870820999,0.27502986788749695,0.7851239669421488,0.0,1.3629811572518804,0.6784559198699351,2.2739221368579052,0.5882352941176471,0.5957446808510638,0.5957446808510638,0.6067415730337079,0.6808510638297872,0.6808510638297872,0.018506278916060825,0.08510638297872342,0.08510638297872342,bt_smc_oof,bt_smc_oof__smc__smc_075.npz
smc/smc_076/track.npy,smc,/media/mengh/SharedData/zhanh/auto_structbeat/caches/8fold/beat_this_fold5_val/smc__smc_076__track.npy.npz,328,63,60,60,0.9523809523809523,False,0.9105691056910569,0.07936534285545349,0.07695238292217255,0.01594644784927368,0.16103388369083405,1.0,0.0,0.3675095792626048,0.13074500244351198,1.2276533772234501,0.46464646464646464,0.1346153846153846,0.1346153846153846,0.46938775510204084,0.11764705882352941,0.11764705882352941,0.004741290455576197,-0.0169683257918552,-0.0169683257918552,bt_smc_oof,bt_smc_oof__smc__smc_076.npz
smc/smc_079/track.npy,smc,/media/mengh/SharedData/zhanh/auto_structbeat/caches/8fold/beat_this_fold7_val/smc__smc_079__track.npy.npz,221,79,65,79,0.8227848101265823,True,1.0,0.24670638144016266,0.260091096162796,0.09600129723548889,0.344550222158432,0.248868778280543,0.0,2.5677541319941604,0.8371847828334359,4.17331481415747,0.6971428571428571,0.1574074074074074,0.5373134328358209,0.6971428571428571,0.1574074074074074,0.5373134328358209,0.0,0.0,0.0,bt_smc_oof,bt_smc_oof__smc__smc_079.npz
smc/smc_080/track.npy,smc,/media/mengh/SharedData/zhanh/auto_structbeat/caches/8fold/beat_this_fold7_val/smc__smc_080__track.npy.npz,315,51,54,54,1.0588235294117647,False,0.9333333333333333,0.09723123908042908,0.09051749855279922,0.02395559996366501,0.17361478507518768,0.9555555555555556,0.0,0.8361105216771589,0.22337022963817918,1.4577381351360803,0.38095238095238093,0.0,0.25,0.3636363636363636,0.0,0.23404255319148937,-0.01731601731601734,0.0,-0.015957446808510634,bt_smc_oof,bt_smc_oof__smc__smc_080.npz
smc/smc_082/track.npy,smc,/media/mengh/SharedData/zhanh/auto_structbeat/caches/8fold/beat_this_fold1_val/smc__smc_082__track.npy.npz,134,69,71,71,1.0289855072463767,False,0.9714285714285714,0.1496942788362503,0.1458028256893158,0.11422908529639245,0.19605186879634862,0.9104477611940298,0.0,1.243181126018148,0.9588410563867609,1.6804390353736036,0.9661016949152543,0.8852459016393442,0.8852459016393442,0.9421487603305785,0.84375,0.84375,-0.023952934584675845,-0.041495901639344246,-0.041495901639344246,bt_smc_oof,bt_smc_oof__smc__smc_082.npz
smc/smc_084/track.npy,smc,/media/mengh/SharedData/zhanh/auto_structbeat/caches/8fold/beat_this_fold2_val/smc__smc_084__track.npy.npz,335,6,2,6,0.3333333333333333,True,1.0,0.09083004295825958,0.08891915529966354,0.03182759955525398,0.13695383071899414,1.0,0.0,0.22544326781920415,0.22544326781920415,0.22544326781920415,0.06666666666666667,0.08,0.08,0.06666666666666667,0.08,0.08,0.0,0.0,0.0,bt_smc_oof,bt_smc_oof__smc__smc_084.npz
smc/smc_085/track.npy,smc,/media/mengh/SharedData/zhanh/auto_structbeat/caches/8fold/beat_this_fold2_val/smc__smc_085__track.npy.npz,42,37,37,37,1.0,False,0.972972972972973,0.16627342998981476,0.15741053223609924,0.11836016178131104,0.2506434008479118,0.7857142857142857,0.0,1.3153112783086929,0.9369014600731471,2.4842347940407206,0.28125,0.65625,0.65625,0.28125,0.65625,0.65625,0.0,0.0,0.0,bt_smc_oof,bt_smc_oof__smc__smc_085.npz
smc/smc_086/track.npy,smc,/media/mengh/SharedData/zhanh/auto_structbeat/caches/8fold/beat_this_fold2_val/smc__smc_086__track.npy.npz,92,46,45,45,0.9782608695652174,False,0.967032967032967,0.19881974160671234,0.19076785445213318,0.1072319820523262,0.3488308995962144,0.5652173913043478,0.0,1.8971918207851912,0.8339783245115023,3.627062371142583,0.875,0.75,0.75,0.8860759493670887,0.8,0.8,0.011075949367088667,0.050000000000000044,0.050000000000000044,bt_smc_oof,bt_smc_oof__smc__smc_086.npz
smc/smc_087/track.npy,smc,/media/mengh/SharedData/zhanh/auto_structbeat/caches/8fold/beat_this_fold4_val/smc__smc_087__track.npy.npz,125,89,79,79,0.8876404494382022,False,0.9404761904761905,0.11450214684009552,0.126689612865448,0.058350960910320285,0.1555687040090561,1.0,0.0,0.9954477840083495,0.34577552795595645,1.2889533655215621,0.7971014492753623,0.5384615384615384,0.5384615384615384,0.8527131782945736,0.7391304347826086,0.7391304347826086,0.0556117290192113,0.2006688963210702,0.2006688963210702,bt_smc_oof,bt_smc_oof__smc__smc_087.npz
smc/smc_088/track.npy,smc,/media/mengh/SharedData/zhanh/auto_structbeat/caches/8fold/beat_this_fold0_val/smc__smc_088__track.npy.npz,184,43,32,43,0.7441860465116279,True,1.0,0.12246465682983398,0.13353244960308075,0.03295987658202648,0.20711918771266938,0.8804347826086957,0.0,1.5479935060907672,0.9675248708233651,1.9862679209703584,0.5,0.5526315789473685,0.5526315789473685,0.5,0.5526315789473685,0.5526315789473685,0.0,0.0,0.0,bt_smc_oof,bt_smc_oof__smc__smc_088.npz
smc/smc_089/track.npy,smc,/media/mengh/SharedData/zhanh/auto_structbeat/caches/8fold/beat_this_fold1_val/smc__smc_089__track.npy.npz,111,43,38,38,0.8837209302325582,False,0.9382716049382716,0.09526818990707397,0.0785745307803154,0.022735606878995895,0.18010753393173218,0.9279279279279279,0.0,0.5212223989056902,0.16643341959936503,1.4548078084002265,0.6046511627906976,0.4,0.4,0.5679012345679013,0.26,0.4838709677419355,-0.036749928222796324,-0.14,0.08387096774193548,bt_smc_oof,bt_smc_oof__smc__smc_089.npz
smc/smc_092/track.npy,smc,/media/mengh/SharedData/zhanh/auto_structbeat/caches/8fold/beat_this_fold7_val/smc__smc_092__track.npy.npz,140,54,52,52,0.9629629629629629,False,0.9811320754716981,0.14615516364574432,0.17020854353904724,0.024910420179367065,0.21733606159687044,0.7285714285714285,0.0,1.272942136721939,0.14285893502746114,1.9396803890616625,0.7479674796747967,0.2972972972972973,0.5306122448979592,0.7272727272727273,0.24324324324324326,0.5957446808510638,-0.020694752402069416,-0.05405405405405406,0.06513243595310458,bt_smc_oof,bt_smc_oof__smc__smc_092.npz
smc/smc_093/track.npy,smc,/media/mengh/SharedData/zhanh/auto_structbeat/caches/8fold/beat_this_fold6_val/smc__smc_093__track.npy.npz,246,78,72,72,0.9230769230769231,False,0.9466666666666667,0.11798874288797379,0.1266823559999466,0.0445244126021862,0.16591225564479828,0.9715447154471545,0.0,1.0623154772480834,0.5116917240095644,1.5367969559817376,0.7832167832167832,0.631578947368421,0.631578947368421,0.802919708029197,0.6052631578947368,0.6052631578947368,0.019702924812413758,-0.02631578947368418,-0.02631578947368418,bt_smc_oof,bt_smc_oof__smc__smc_093.npz
smc/smc_095/track.npy,smc,/media/mengh/SharedData/zhanh/auto_structbeat/caches/8fold/beat_this_fold3_val/smc__smc_095__track.npy.npz,71,52,50,50,0.9615384615384616,False,0.9803921568627451,0.21222162246704102,0.2491879016160965,0.0899021327495575,0.32307523488998413,0.36619718309859156,0.0,2.5018436024699757,0.6775987280683332,3.2443340075768954,0.8387096774193549,0.8723404255319149,0.8723404255319149,0.8351648351648351,0.851063829787234,0.851063829787234,-0.0035448422545197866,-0.021276595744680882,-0.021276595744680882,bt_smc_oof,bt_smc_oof__smc__smc_095.npz
smc/smc_096/track.npy,smc,/media/mengh/SharedData/zhanh/auto_structbeat/caches/8fold/beat_this_fold2_val/smc__smc_096__track.npy.npz,71,70,70,70,1.0,False,1.0,0.1866559535264969,0.18517868220806122,0.14409951865673065,0.23917298018932343,0.6619718309859155,0.0,1.635074368405912,1.1901524539814337,2.2544659529140505,0.9838709677419355,1.0,1.0,0.9838709677419355,1.0,1.0,0.0,0.0,0.0,bt_smc_oof,bt_smc_oof__smc__smc_096.npz
smc/smc_098/track.npy,smc,/media/mengh/SharedData/zhanh/auto_structbeat/caches/8fold/beat_this_fold3_val/smc__smc_098__track.npy.npz,199,94,86,86,0.9148936170212766,False,0.9333333333333333,0.11105279624462128,0.10774222016334534,0.03658643215894699,0.2048563659191133,0.8592964824120602,0.0,0.8344175679470033,0.25657270109501573,1.8713807218414222,0.7014925373134329,0.2235294117647059,0.4639175257731959,0.7401574803149606,0.358974358974359,0.36082474226804123,0.038664943001527785,0.13544494720965308,-0.10309278350515466,bt_smc_oof,bt_smc_oof__smc__smc_098.npz
smc/smc_099/track.npy,smc,/media/mengh/SharedData/zhanh/auto_structbeat/caches/8fold/beat_this_fold0_val/smc__smc_099__track.npy.npz,67,38,38,38,1.0,False,1.0,0.2584075331687927,0.21558405458927155,0.15095716416835786,0.4225689768791199,0.26865671641791045,0.0,1.9674009992853396,1.3660123969138243,5.498329518722424,0.5454545454545454,0.9090909090909091,0.9090909090909091,0.5454545454545454,0.9090909090909091,0.9090909090909091,0.0,0.0,0.0,bt_smc_oof,bt_smc_oof__smc__smc_099.npz
smc/smc_100/track.npy,smc,/media/mengh/SharedData/zhanh/auto_structbeat/caches/8fold/beat_this_fold5_val/smc__smc_100__track.npy.npz,218,66,60,60,0.9090909090909091,False,0.9206349206349206,0.06498515605926514,0.04868368059396744,0.011523610912263393,0.15421875268220903,1.0,0.0,0.40865244447113463,0.11878631772058323,1.4137366220299246,0.46464646464646464,0.1935483870967742,0.273972602739726,0.44680851063829785,0.17543859649122806,0.3013698630136986,-0.01783795400816679,-0.018109790605546128,0.0273972602739726,bt_smc_oof,bt_smc_oof__smc__smc_100.npz
smc/smc_101/track.npy,smc,/media/mengh/SharedData/zhanh/auto_structbeat/caches/8fold/beat_this_fold6_val/smc__smc_101__track.npy.npz,110,25,28,28,1.12,False,0.8679245283018868,0.19254598021507263,0.1425972729921341,0.06393612176179886,0.3578038275241853,0.5454545454545454,0.0,1.0095825249044157,0.5019624973117223,3.7387260894974776,0.4938271604938271,0.03389830508474576,0.1,0.5476190476190477,0.05084745762711865,0.10344827586206896,0.053791887125220594,0.016949152542372885,0.0034482758620689585,bt_smc_oof,bt_smc_oof__smc__smc_101.npz
smc/smc_103/track.npy,smc,/media/mengh/SharedData/zhanh/auto_structbeat/caches/8fold/beat_this_fold0_val/smc__smc_103__track.npy.npz,211,46,36,46,0.782608695652174,True,1.0,0.0897018313407898,0.0835442766547203,0.035716600716114044,0.16978336870670319,0.976303317535545,0.0,0.5940494735707214,0.33998879516864977,0.9997485146882028,0.43010752688172044,0.18518518518518517,0.18518518518518517,0.43010752688172044,0.18518518518518517,0.18518518518518517,0.0,0.0,0.0,bt_smc_oof,bt_smc_oof__smc__smc_103.npz
smc/smc_104/track.npy,smc,/media/mengh/SharedData/zhanh/auto_structbeat/caches/8fold/beat_this_fold1_val/smc__smc_104__track.npy.npz,144,78,76,76,0.9743589743589743,False,0.9090909090909091,0.08976638317108154,0.09376268088817596,0.03444075211882591,0.13611309230327606,1.0,0.0,0.6929397236295083,0.3654951782889452,1.1000295643683826,0.6355140186915887,0.058823529411764705,0.7272727272727273,0.6476190476190476,0.15151515151515152,0.6363636363636364,0.012105028927458905,0.09269162210338681,-0.09090909090909094,bt_smc_oof,bt_smc_oof__smc__smc_104.npz
smc/smc_105/track.npy,smc,/media/mengh/SharedData/zhanh/auto_structbeat/caches/8fold/beat_this_fold4_val/smc__smc_105__track.npy.npz,190,42,39,39,0.9285714285714286,False,0.9382716049382716,0.1473710685968399,0.11318820714950562,0.0470895428210497,0.3255773663520813,0.6842105263157895,0.0,0.8176572172895079,0.2973249167226798,3.6323687500985296,0.2568807339449541,0.0,0.2702702702702703,0.24528301886792453,0.0,0.32432432432432434,-0.011597715077029558,0.0,0.05405405405405406,bt_smc_oof,bt_smc_oof__smc__smc_105.npz
smc/smc_106/track.npy,smc,/media/mengh/SharedData/zhanh/auto_structbeat/caches/8fold/beat_this_fold1_val/smc__smc_106__track.npy.npz,114,80,81,81,1.0125,False,0.9937888198757764,0.19455383718013763,0.18296706676483154,0.12423280626535416,0.2610238552093506,0.5701754385964912,0.0,1.6292758170485617,0.9921492972723732,2.5857970170682294,0.35514018691588783,0.0,0.5352112676056338,0.35185185185185186,0.0,0.5277777777777778,-0.0032883350640359743,0.0,-0.007433489827855966,bt_smc_oof,bt_smc_oof__smc__smc_106.npz
smc/smc_109/track.npy,smc,/media/mengh/SharedData/zhanh/auto_structbeat/caches/8fold/beat_this_fold5_val/smc__smc_109__track.npy.npz,206,87,67,87,0.7701149425287356,True,1.0,0.06451413035392761,0.056577157229185104,0.013189509510993958,0.12402316927909851,1.0,0.0,0.3625540205784891,0.09443206764822548,0.9903967497143485,0.38983050847457623,0.05,0.125,0.38983050847457623,0.05,0.125,0.0,0.0,0.0,bt_smc_oof,bt_smc_oof__smc__smc_109.npz
smc/smc_111/track.npy,smc,/media/mengh/SharedData/zhanh/auto_structbeat/caches/8fold/beat_this_fold1_val/smc__smc_111__track.npy.npz,189,42,39,39,0.9285714285714286,False,0.8888888888888888,0.10636229813098907,0.08428538590669632,0.03357035592198372,0.23352579176425942,0.8571428571428571,0.0,0.7060621665527909,0.2519341147136335,1.9994794691313256,0.47058823529411764,0.1875,0.1875,0.48780487804878053,0.22916666666666666,0.22916666666666666,0.017216642754662892,0.04166666666666666,0.04166666666666666,bt_smc_oof,bt_smc_oof__smc__smc_111.npz
smc/smc_113/track.npy,smc,/media/mengh/SharedData/zhanh/auto_structbeat/caches/8fold/beat_this_fold2_val/smc__smc_113__track.npy.npz,76,56,47,56,0.8392857142857143,True,1.0,0.17421627044677734,0.19755159318447113,0.0383208803832531,0.2680523693561554,0.5263157894736842,0.0,1.876709847068103,0.22832833164421967,2.7515892720418957,0.5897435897435898,0.0,0.0,0.5897435897435898,0.0,0.0,0.0,0.0,0.0,bt_smc_oof,bt_smc_oof__smc__smc_113.npz
smc/smc_114/track.npy,smc,/media/mengh/SharedData/zhanh/auto_structbeat/caches/8fold/beat_this_fold3_val/smc__smc_114__track.npy.npz,158,33,24,33,0.7272727272727273,True,1.0,0.08610974997282028,0.057321835309267044,0.027042260952293874,0.1680807754397393,0.9556962025316456,0.0,1.2346550092869084,0.9115997592368115,1.538523944762866,0.5970149253731344,0.4473684210526316,0.4473684210526316,0.5970149253731344,0.4473684210526316,0.4473684210526316,0.0,0.0,0.0,bt_smc_oof,bt_smc_oof__smc__smc_114.npz
smc/smc_116/track.npy,smc,/media/mengh/SharedData/zhanh/auto_structbeat/caches/8fold/beat_this_fold6_val/smc__smc_116__track.npy.npz,315,151,104,151,0.6887417218543046,True,1.0,0.040973734110593796,0.01905675046145916,0.008743994496762752,0.10630144476890564,1.0,0.0,0.1269809583074192,0.057586640322910304,0.8478095320977775,0.26744186046511625,0.007518796992481203,0.007518796992481203,0.26744186046511625,0.007518796992481203,0.007518796992481203,0.0,0.0,0.0,bt_smc_oof,bt_smc_oof__smc__smc_116.npz
smc/smc_117/track.npy,smc,/media/mengh/SharedData/zhanh/auto_structbeat/caches/8fold/beat_this_fold5_val/smc__smc_117__track.npy.npz,242,42,44,44,1.0476190476190477,False,0.9069767441860465,0.07326798886060715,0.06552134454250336,0.022243488952517508,0.1324438601732254,1.0,0.0,0.3725946183904885,0.1742369966733115,1.0587526953107402,0.647887323943662,0.6388888888888888,0.6388888888888888,0.684931506849315,0.7894736842105263,0.7894736842105263,0.037044182905653034,0.1505847953216375,0.1505847953216375,bt_smc_oof,bt_smc_oof__smc__smc_117.npz
smc/smc_118/track.npy,smc,/media/mengh/SharedData/zhanh/auto_structbeat/caches/8fold/beat_this_fold1_val/smc__smc_118__track.npy.npz,225,65,60,60,0.9230769230769231,False,0.944,0.09358345717191696,0.07900060713291168,0.04422414228320122,0.13414333760738373,0.9422222222222222,0.0,0.5632932811968082,0.32500239873227316,1.0238130980606843,0.3076923076923077,0.10344827586206896,0.16923076923076924,0.27906976744186046,0.09433962264150944,0.16923076923076924,-0.028622540250447248,-0.009108653220559523,0.0,bt_smc_oof,bt_smc_oof__smc__smc_118.npz
smc/smc_119/track.npy,smc,/media/mengh/SharedData/zhanh/auto_structbeat/caches/8fold/beat_this_fold7_val/smc__smc_119__track.npy.npz,83,64,55,55,0.859375,False,0.907563025210084,0.18580317497253418,0.16465291380882263,0.050276377052068714,0.36257754564285277,0.6024096385542169,0.0,1.6428862746805435,0.5601994460406102,4.39827767081886,0.3908045977011494,0.32727272727272727,0.32727272727272727,0.375,0.4375,0.4375,-0.015804597701149392,0.11022727272727273,0.11022727272727273,bt_smc_oof,bt_smc_oof__smc__smc_119.npz
smc/smc_120/track.npy,smc,/media/mengh/SharedData/zhanh/auto_structbeat/caches/8fold/beat_this_fold6_val/smc__smc_120__track.npy.npz,69,59,59,59,1.0,False,1.0,0.26194268465042114,0.25221267342567444,0.19596101045608522,0.3445178925991058,0.13043478260869565,0.0,2.7789716918945984,1.8906099687285682,4.230393420702045,0.9719626168224299,0.9814814814814815,0.9814814814814815,0.9719626168224299,0.9814814814814815,0.9814814814814815,0.0,0.0,0.0,bt_smc_oof,bt_smc_oof__smc__smc_120.npz
smc/smc_121/track.npy,smc,/media/mengh/SharedData/zhanh/auto_structbeat/caches/8fold/beat_this_fold3_val/smc__smc_121__track.npy.npz,78,33,32,32,0.9696969696969697,False,0.9538461538461539,0.11960315704345703,0.10526132583618164,0.05447842925786972,0.20579682290554038,0.8974358974358975,0.0,0.9253006467463923,0.3931902610607926,1.9732246141127314,0.32,0.3333333333333333,0.38461538461538464,0.32653061224489793,0.3793103448275862,0.3793103448275862,0.0065306122448979265,0.04597701149425287,-0.005305039787798449,bt_smc_oof,bt_smc_oof__smc__smc_121.npz
smc/smc_124/track.npy,smc,/media/mengh/SharedData/zhanh/auto_structbeat/caches/8fold/beat_this_fold3_val/smc__smc_124__track.npy.npz,51,45,44,44,0.9777777777777777,False,0.9887640449438202,0.1502653807401657,0.16022905707359314,0.12422681599855423,0.18158100545406342,1.0,0.0,1.1496455720826404,0.943855552067339,1.6253623091712293,0.49350649350649345,0.9230769230769231,0.9230769230769231,0.47368421052631576,0.9473684210526315,0.9473684210526315,-0.019822282980177686,0.024291497975708398,0.024291497975708398,bt_smc_oof,bt_smc_oof__smc__smc_124.npz
smc/smc_126/track.npy,smc,/media/mengh/SharedData/zhanh/auto_structbeat/caches/8fold/beat_this_fold4_val/smc__smc_126__track.npy.npz,51,42,42,42,1.0,False,1.0,0.19226175546646118,0.16606862843036652,0.12543077766895294,0.2876872718334198,0.6666666666666666,0.0,1.3517779210121887,1.0041381985957332,2.36110280391289,0.9473684210526315,0.9736842105263158,0.9736842105263158,0.9473684210526315,0.9736842105263158,0.9736842105263158,0.0,0.0,0.0,bt_smc_oof,bt_smc_oof__smc__smc_126.npz
smc/smc_127/track.npy,smc,/media/mengh/SharedData/zhanh/auto_structbeat/caches/8fold/beat_this_fold4_val/smc__smc_127__track.npy.npz,150,39,41,41,1.0512820512820513,False,0.925,0.14242026209831238,0.14137864112854004,0.03582587093114853,0.23385232239961623,0.7933333333333333,0.0,1.1641270221439228,0.4276026238755784,2.2298207074963594,0.4923076923076923,0.14705882352941177,0.22950819672131148,0.4776119402985074,0.1111111111111111,0.2459016393442623,-0.014695752009184881,-0.035947712418300665,0.01639344262295081,bt_smc_oof,bt_smc_oof__smc__smc_127.npz
smc/smc_130/track.npy,smc,/media/mengh/SharedData/zhanh/auto_structbeat/caches/8fold/beat_this_fold1_val/smc__smc_130__track.npy.npz,163,50,44,44,0.88,False,0.8936170212765957,0.10183998942375183,0.10355651378631592,0.015196399018168449,0.18599119782447815,0.9079754601226994,0.0,0.7525654616142271,0.11067066626366678,1.5738316629243063,0.4225352112676057,0.15217391304347827,0.15217391304347827,0.4923076923076923,0.275,0.275,0.0697724810400866,0.12282608695652175,0.12282608695652175,bt_smc_oof,bt_smc_oof__smc__smc_130.npz
smc/smc_133/track.npy,smc,/media/mengh/SharedData/zhanh/auto_structbeat/caches/8fold/beat_this_fold6_val/smc__smc_133__track.npy.npz,61,44,44,44,1.0,False,1.0,0.21219772100448608,0.21569626033306122,0.15366768836975098,0.28538617491722107,0.45901639344262296,0.0,2.194266152778853,1.3391789279080968,2.9767374128938426,0.7894736842105263,0.9736842105263158,0.9736842105263158,0.7894736842105263,0.9736842105263158,0.9736842105263158,0.0,0.0,0.0,bt_smc_oof,bt_smc_oof__smc__smc_133.npz
smc/smc_135/track.npy,smc,/media/mengh/SharedData/zhanh/auto_structbeat/caches/8fold/beat_this_fold0_val/smc__smc_135__track.npy.npz,106,46,45,45,0.9782608695652174,False,0.967032967032967,0.14415320754051208,0.13800087571144104,0.0322489608079195,0.25193020701408386,0.7169811320754716,0.0,1.5458478556620512,0.38742502607800505,2.370978326152152,0.8409090909090908,0.6739130434782609,0.6739130434782609,0.8372093023255814,0.6304347826086957,0.6304347826086957,-0.003699788583509389,-0.04347826086956519,-0.04347826086956519,bt_smc_oof,bt_smc_oof__smc__smc_135.npz
smc/smc_137/track.npy,smc,/media/mengh/SharedData/zhanh/auto_structbeat/caches/8fold/beat_this_fold3_val/smc__smc_137__track.npy.npz,180,94,88,88,0.9361702127659575,False,0.945054945054945,0.16458237171173096,0.1683928668498993,0.06826550364494324,0.2399669215083122,0.75,0.0,1.4781915789780344,0.5416974019203071,2.4378695400560355,0.8414634146341463,0.6853932584269663,0.6853932584269663,0.8717948717948718,0.8271604938271605,0.8271604938271605,0.030331457160725495,0.1417672354001942,0.1417672354001942,bt_smc_oof,bt_smc_oof__smc__smc_137.npz
smc/smc_139/track.npy,smc,/media/mengh/SharedData/zhanh/auto_structbeat/caches/8fold/beat_this_fold3_val/smc__smc_139__track.npy.npz,185,57,55,55,0.9649122807017544,False,0.9464285714285714,0.1290193498134613,0.13990764319896698,0.05152646303176881,0.17480401694774628,1.0,0.0,1.1733059666083803,0.48108788614012765,1.5166104332378136,0.5070422535211269,0.041666666666666664,0.8125,0.4788732394366197,0.0,0.875,-0.02816901408450717,-0.041666666666666664,0.0625,bt_smc_oof,bt_smc_oof__smc__smc_139.npz
smc/smc_140/track.npy,smc,/media/mengh/SharedData/zhanh/auto_structbeat/caches/8fold/beat_this_fold3_val/smc__smc_140__track.npy.npz,219,62,65,65,1.0483870967741935,False,0.9448818897637795,0.06668824702501297,0.06640660762786865,0.025879884138703346,0.10639586299657822,1.0,0.0,0.3918256417722542,0.16191600411947876,0.8241291142331991,0.6491228070175439,0.55,0.55,0.6324786324786326,0.65,0.65,-0.016644174538911316,0.09999999999999998,0.09999999999999998,bt_smc_oof,bt_smc_oof__smc__smc_140.npz
smc/smc_142/track.npy,smc,/media/mengh/SharedData/zhanh/auto_structbeat/caches/8fold/beat_this_fold1_val/smc__smc_142__track.npy.npz,95,38,42,42,1.105263157894737,False,0.95,0.10122411698102951,0.08598825335502625,0.036316366493701936,0.1706363171339035,0.9789473684210527,0.0,1.1237415476462227,0.35960181537092467,1.576512059171771,0.6133333333333333,0.4883720930232558,0.4883720930232558,0.5822784810126581,0.5116279069767442,0.5116279069767442,-0.031054852320675175,0.023255813953488413,0.023255813953488413,bt_smc_oof,bt_smc_oof__smc__smc_142.npz
smc/smc_143/track.npy,smc,/media/mengh/SharedData/zhanh/auto_structbeat/caches/8fold/beat_this_fold2_val/smc__smc_143__track.npy.npz,75,60,59,59,0.9833333333333333,False,0.9915966386554622,0.12489930540323257,0.11740097403526306,0.1087281882762909,0.1624188661575319,1.0,0.0,0.9445433221614706,0.8514753524499032,1.40336506334638,0.5384615384615384,0.8461538461538461,0.8461538461538461,0.5436893203883495,0.8653846153846154,0.8653846153846154,0.005227781926811059,0.019230769230769273,0.019230769230769273,bt_smc_oof,bt_smc_oof__smc__smc_143.npz
smc/smc_146/track.npy,smc,/media/mengh/SharedData/zhanh/auto_structbeat/caches/8fold/beat_this_fold7_val/smc__smc_146__track.npy.npz,58,36,37,37,1.0277777777777777,False,0.9863013698630136,0.16873973608016968,0.18190127611160278,0.07927347123622894,0.22484011948108673,0.6724137931034483,0.0,1.8227915406675874,1.1866760357252193,2.1290878389929824,0.676923076923077,0.8484848484848485,0.8484848484848485,0.696969696969697,0.9090909090909091,0.9090909090909091,0.020046620046620056,0.06060606060606055,0.06060606060606055,bt_smc_oof,bt_smc_oof__smc__smc_146.npz
smc/smc_147/track.npy,smc,/media/mengh/SharedData/zhanh/auto_structbeat/caches/8fold/beat_this_fold3_val/smc__smc_147__track.npy.npz,119,91,85,85,0.9340659340659341,False,0.9545454545454546,0.08487866073846817,0.06472330540418625,0.012508888728916645,0.1961580514907837,0.907563025210084,0.0,0.45042443249249386,0.08574269867068286,1.763034066970089,0.7050359712230215,0.38271604938271603,0.38271604938271603,0.7259259259259259,0.45454545454545453,0.45454545454545453,0.020889954702904334,0.0718294051627385,0.0718294051627385,bt_smc_oof,bt_smc_oof__smc__smc_147.npz
smc/smc_148/track.npy,smc,/media/mengh/SharedData/zhanh/auto_structbeat/caches/8fold/beat_this_fold7_val/smc__smc_148__track.npy.npz,292,14,5,14,0.35714285714285715,True,1.0,0.06432303041219711,0.0501876138150692,0.006573990918695927,0.14702691733837128,1.0,0.0,0.3447401586796346,0.32064893245759796,0.4070995611582445,0.14035087719298245,0.0,0.11904761904761904,0.14035087719298245,0.0,0.11904761904761904,0.0,0.0,0.0,bt_smc_oof,bt_smc_oof__smc__smc_148.npz
smc/smc_149/track.npy,smc,/media/mengh/SharedData/zhanh/auto_structbeat/caches/8fold/beat_this_fold4_val/smc__smc_149__track.npy.npz,234,119,110,110,0.9243697478991597,False,0.9432314410480349,0.16733619570732117,0.16574345529079437,0.10205439701676369,0.24005846679210663,0.7051282051282052,0.0,1.4458838137700478,1.0120853173517106,2.3442638700309857,0.4161073825503355,0.0,0.33962264150943394,0.41726618705035967,0.0,0.3958333333333333,0.0011588045000241465,0.0,0.05621069182389937,bt_smc_oof,bt_smc_oof__smc__smc_149.npz
smc/smc_150/track.npy,smc,/media/mengh/SharedData/zhanh/auto_structbeat/caches/8fold/beat_this_fold0_val/smc__smc_150__track.npy.npz,86,76,75,75,0.9868421052631579,False,0.9933774834437086,0.23330211639404297,0.22614479064941406,0.145382359623909,0.32141733169555664,0.3023255813953488,0.0,2.3984862900787443,1.2112677988866483,3.694086532855309,0.9696969696969697,0.9117647058823529,0.9117647058823529,0.9770992366412213,0.9402985074626866,0.9402985074626866,0.007402266944251612,0.028533801580333695,0.028533801580333695,bt_smc_oof,bt_smc_oof__smc__smc_150.npz
smc/smc_151/track.npy,smc,/media/mengh/SharedData/zhanh/auto_structbeat/caches/8fold/beat_this_fold7_val/smc__smc_151__track.npy.npz,142,54,61,61,1.1296296296296295,False,0.9217391304347826,0.14474131166934967,0.1528954803943634,0.02001161500811577,0.24851820319890977,0.676056338028169,0.0,1.1196389848458617,0.20196628585586474,2.2090417113776786,0.6984126984126985,0.3116883116883117,0.3116883116883117,0.7384615384615384,0.38961038961038963,0.38961038961038963,0.04004884004883991,0.07792207792207795,0.07792207792207795,bt_smc_oof,bt_smc_oof__smc__smc_151.npz
smc/smc_152/track.npy,smc,/media/mengh/SharedData/zhanh/auto_structbeat/caches/8fold/beat_this_fold6_val/smc__smc_152__track.npy.npz,48,19,12,19,0.631578947368421,True,1.0,0.39226236939430237,0.3324141502380371,0.23090177178382873,0.6932611644268036,0.020833333333333332,0.08333333333333333,2.6243340157995965,1.5099033538589297,3.2131715718088034,0.5,0.0,0.0,0.5,0.0,0.0,0.0,0.0,0.0,bt_smc_oof,bt_smc_oof__smc__smc_152.npz
smc/smc_153/track.npy,smc,/media/mengh/SharedData/zhanh/auto_structbeat/caches/8fold/beat_this_fold7_val/smc__smc_153__track.npy.npz,107,67,54,67,0.8059701492537313,True,1.0,0.20771053433418274,0.22091302275657654,0.1287563592195511,0.2798774540424347,0.3925233644859813,0.0,2.001758693526723,1.0674060524746727,2.6987772990992815,0.31578947368421056,0.1864406779661017,0.5084745762711864,0.31578947368421056,0.1864406779661017,0.5084745762711864,0.0,0.0,0.0,bt_smc_oof,bt_smc_oof__smc__smc_153.npz
smc/smc_154/track.npy,smc,/media/mengh/SharedData/zhanh/auto_structbeat/caches/8fold/beat_this_fold6_val/smc__smc_154__track.npy.npz,213,37,37,37,1.0,False,0.918918918918919,0.09203192591667175,0.06731925904750824,0.023635064810514455,0.22054141759872437,0.863849765258216,0.0,0.502085499941815,0.22681670444144103,2.7237231626457197,0.4444444444444444,0.15625,0.15625,0.40625,0.15625,0.15625,-0.03819444444444442,0.0,0.0,bt_smc_oof,bt_smc_oof__smc__smc_154.npz
smc/smc_157/track.npy,smc,/media/mengh/SharedData/zhanh/auto_structbeat/caches/8fold/beat_this_fold1_val/smc__smc_157__track.npy.npz,72,51,52,52,1.0196078431372548,False,0.9902912621359223,0.15356789529323578,0.138850137591362,0.1040196493268013,0.21828335523605347,0.7638888888888888,0.0,1.003871842933741,0.7400315222603313,2.0233529482609893,0.6590909090909091,0.9090909090909091,0.9090909090909091,0.651685393258427,0.9333333333333333,0.9333333333333333,-0.007405515832482057,0.024242424242424288,0.024242424242424288,bt_smc_oof,bt_smc_oof__smc__smc_157.npz
smc/smc_158/track.npy,smc,/media/mengh/SharedData/zhanh/auto_structbeat/caches/8fold/beat_this_fold6_val/smc__smc_158__track.npy.npz,187,38,22,38,0.5789473684210527,True,1.0,0.08659642934799194,0.06210150197148323,0.02286801747977734,0.20840775966644287,0.8823529411764706,0.0,0.25222851041764494,0.0890025854049414,1.9207139863355898,0.21818181818181817,0.03125,0.08888888888888889,0.21818181818181817,0.03125,0.08888888888888889,0.0,0.0,0.0,bt_smc_oof,bt_smc_oof__smc__smc_158.npz
smc/smc_159/track.npy,smc,/media/mengh/SharedData/zhanh/auto_structbeat/caches/8fold/beat_this_fold7_val/smc__smc_159__track.npy.npz,79,31,31,31,1.0,False,1.0,0.151410311460495,0.1536993384361267,0.1036476269364357,0.19674481451511383,0.9367088607594937,0.0,1.3320952102632087,0.9554183702118182,1.725665708865773,0.4444444444444444,0.0,1.0,0.4444444444444444,0.0,1.0,0.0,0.0,0.0,bt_smc_oof,bt_smc_oof__smc__smc_159.npz
smc/smc_161/track.npy,smc,/media/mengh/SharedData/zhanh/auto_structbeat/caches/8fold/beat_this_fold6_val/smc__smc_161__track.npy.npz,45,39,40,40,1.0256410256410255,False,0.9873417721518988,0.20307502150535583,0.20472748577594757,0.10351596474647522,0.285235196352005,0.4888888888888889,0.0,2.094200644959725,0.796323418009899,3.0259253021284,0.6956521739130436,0.9428571428571428,0.9428571428571428,0.6857142857142857,0.9714285714285714,0.9714285714285714,-0.00993788819875785,0.02857142857142858,0.02857142857142858,bt_smc_oof,bt_smc_oof__smc__smc_161.npz
smc/smc_166/track.npy,smc,/media/mengh/SharedData/zhanh/auto_structbeat/caches/8fold/beat_this_fold3_val/smc__smc_166__track.npy.npz,52,52,52,52,1.0,False,1.0,0.2884954512119293,0.2715195417404175,0.22923985123634338,0.3646933138370514,0.0,0.0,2.724902917295662,2.2118756993564412,4.466129995438221,0.8478260869565218,1.0,1.0,0.8478260869565218,1.0,1.0,0.0,0.0,0.0,bt_smc_oof,bt_smc_oof__smc__smc_166.npz
smc/smc_167/track.npy,smc,/media/mengh/SharedData/zhanh/auto_structbeat/caches/8fold/beat_this_fold1_val/smc__smc_167__track.npy.npz,71,28,28,28,1.0,False,0.9642857142857143,0.09245076030492783,0.06531254202127457,0.01900443434715271,0.18325293064117432,0.9014084507042254,0.0,0.7824485351116466,0.29472506985877006,1.9068776715935818,0.5333333333333333,0.7083333333333334,0.7083333333333334,0.5333333333333333,0.7083333333333334,0.7083333333333334,0.0,0.0,0.0,bt_smc_oof,bt_smc_oof__smc__smc_167.npz
smc/smc_168/track.npy,smc,/media/mengh/SharedData/zhanh/auto_structbeat/caches/8fold/beat_this_fold0_val/smc__smc_168__track.npy.npz,118,45,43,43,0.9555555555555556,False,0.9545454545454546,0.07158881425857544,0.06353277713060379,0.03198974207043648,0.12512051984667777,0.9830508474576272,0.0,0.4802992819196132,0.23995387718534011,1.0711449301025753,0.3,0.024390243902439025,0.6097560975609756,0.3157894736842105,0.02631578947368421,0.6842105263157895,0.01578947368421052,0.0019255455712451838,0.0744544287548139,bt_smc_oof,bt_smc_oof__smc__smc_168.npz
smc/smc_169/track.npy,smc,/media/mengh/SharedData/zhanh/auto_structbeat/caches/8fold/beat_this_fold1_val/smc__smc_169__track.npy.npz,246,52,51,51,0.9807692307692307,False,0.912621359223301,0.09812217205762863,0.08118974417448044,0.026857067830860615,0.18186351656913757,0.9512195121951219,0.0,1.0266773500880007,0.21666358129468222,1.4485299523994455,0.5616438356164384,0.16494845360824742,0.16494845360824742,0.5793103448275861,0.1958762886597938,0.1958762886597938,0.017666509211147763,0.030927835051546393,0.030927835051546393,bt_smc_oof,bt_smc_oof__smc__smc_169.npz
smc/smc_170/track.npy,smc,/media/mengh/SharedData/zhanh/auto_structbeat/caches/8fold/beat_this_fold6_val/smc__smc_170__track.npy.npz,54,49,49,49,1.0,False,1.0,0.19228853285312653,0.17986837029457092,0.11875321194529534,0.2551673650741577,0.6111111111111112,0.0,1.5761690876931433,0.9459320082530609,2.556719139844958,0.8372093023255814,1.0,1.0,0.8372093023255814,1.0,1.0,0.0,0.0,0.0,bt_smc_oof,bt_smc_oof__smc__smc_170.npz
smc/smc_171/track.npy,smc,/media/mengh/SharedData/zhanh/auto_structbeat/caches/8fold/beat_this_fold0_val/smc__smc_171__track.npy.npz,141,70,69,69,0.9857142857142858,False,0.9784172661870504,0.16111154854297638,0.16061776876449585,0.12245172262191772,0.21001514792442322,0.8226950354609929,0.0,1.1550345496187295,0.9657805015677152,1.88369765074036,0.49462365591397855,0.0,0.8253968253968254,0.5,0.0,0.8387096774193549,0.005376344086021445,0.0,0.01331285202252952,bt_smc_oof,bt_smc_oof__smc__smc_171.npz
smc/smc_172/track.npy,smc,/media/mengh/SharedData/zhanh/auto_structbeat/caches/8fold/beat_this_fold3_val/smc__smc_172__track.npy.npz,293,78,50,78,0.6410256410256411,True,1.0,0.06868185102939606,0.05652785673737526,0.03542083278298378,0.12342395633459091,1.0,0.0,0.6956324932812967,0.1582938563194014,1.4751454135135835,0.5,0.18055555555555555,0.18055555555555555,0.5,0.18055555555555555,0.18055555555555555,0.0,0.0,0.0,bt_smc_oof,bt_smc_oof__smc__smc_172.npz
smc/smc_173/track.npy,smc,/media/mengh/SharedData/zhanh/auto_structbeat/caches/8fold/beat_this_fold5_val/smc__smc_173__track.npy.npz,89,57,55,55,0.9649122807017544,False,0.9821428571428571,0.14979299902915955,0.1390683352947235,0.1229838877916336,0.1839420109987259,0.9662921348314607,0.0,1.1795150333337916,0.9787224800886323,1.6429779272296905,0.5945945945945945,0.0,0.92,0.611111111111111,0.0,0.9791666666666666,0.016516516516516533,0.0,0.05916666666666659,bt_smc_oof,bt_smc_oof__smc__smc_173.npz
smc/smc_174/track.npy,smc,/media/mengh/SharedData/zhanh/auto_structbeat/caches/8fold/beat_this_fold1_val/smc__smc_174__track.npy.npz,293,63,58,58,0.9206349206349206,False,0.859504132231405,0.08009825646877289,0.06837396323680878,0.019436125084757807,0.1840158611536026,0.9180887372013652,0.0,0.5568685428065494,0.1303892948010409,1.8672085286180973,0.27999999999999997,0.18518518518518517,0.18518518518518517,0.32989690721649484,0.27450980392156865,0.27450980392156865,0.04989690721649487,0.08932461873638348,0.08932461873638348,bt_smc_oof,bt_smc_oof__smc__smc_174.npz
smc/smc_175/track.npy,smc,/media/mengh/SharedData/zhanh/auto_structbeat/caches/8fold/beat_this_fold4_val/smc__smc_175__track.npy.npz,103,28,29,29,1.0357142857142858,False,0.8771929824561403,0.06347039341926575,0.06027641147375107,0.017034485936164856,0.12335292994976044,1.0,0.0,0.6369871774517677,0.3343237590990228,1.036542662019299,0.2380952380952381,0.3333333333333333,0.3333333333333333,0.23255813953488372,0.24,0.24,-0.005537098560354392,-0.09333333333333332,-0.09333333333333332,bt_smc_oof,bt_smc_oof__smc__smc_175.npz
smc/smc_176/track.npy,smc,/media/mengh/SharedData/zhanh/auto_structbeat/caches/8fold/beat_this_fold5_val/smc__smc_176__track.npy.npz,133,29,25,25,0.8620689655172413,False,0.8148148148148148,0.05101771652698517,0.04362557828426361,0.020610932633280756,0.09202766418457031,1.0,0.0,0.29874162918606306,0.19231634938823133,0.6489712779253447,0.3428571428571429,0.08888888888888889,0.08888888888888889,0.3428571428571429,0.08888888888888889,0.08888888888888889,0.0,0.0,0.0,bt_smc_oof,bt_smc_oof__smc__smc_176.npz
smc/smc_178/track.npy,smc,/media/mengh/SharedData/zhanh/auto_structbeat/caches/8fold/beat_this_fold2_val/smc__smc_178__track.npy.npz,47,24,24,24,1.0,False,1.0,0.19169194996356964,0.1998138576745987,0.14197032153606415,0.2171020209789276,0.5531914893617021,0.0,1.8053938977649608,1.5839615084964973,2.0609437845587424,0.8571428571428571,1.0,1.0,0.8571428571428571,1.0,1.0,0.0,0.0,0.0,bt_smc_oof,bt_smc_oof__smc__smc_178.npz
smc/smc_179/track.npy,smc,/media/mengh/SharedData/zhanh/auto_structbeat/caches/8fold/beat_this_fold0_val/smc__smc_179__track.npy.npz,102,37,41,41,1.1081081081081081,False,0.8461538461538461,0.08407498151063919,0.06352396309375763,0.024776345677673818,0.1572747066617012,0.9803921568627451,0.0,1.0180150188189092,0.32398699140357357,1.7793054176177154,0.6037735849056604,0.21875,0.4634146341463415,0.5357142857142858,0.2,0.4634146341463415,-0.06805929919137454,-0.01874999999999999,0.0,bt_smc_oof,bt_smc_oof__smc__smc_179.npz
smc/smc_181/track.npy,smc,/media/mengh/SharedData/zhanh/auto_structbeat/caches/8fold/beat_this_fold5_val/smc__smc_181__track.npy.npz,150,111,114,114,1.027027027027027,False,0.9777777777777777,0.1542702466249466,0.15355582535266876,0.10398747771978378,0.20705868303775787,0.8466666666666667,0.0,1.2138336459070316,0.8046210656817531,1.8372240433921274,0.33587786259541985,0.0,0.0,0.3283582089552239,0.0,0.0,-0.007519653640195967,0.0,0.0,bt_smc_oof,bt_smc_oof__smc__smc_181.npz
smc/smc_182/track.npy,smc,/media/mengh/SharedData/zhanh/auto_structbeat/caches/8fold/beat_this_fold7_val/smc__smc_182__track.npy.npz,56,46,46,46,1.0,False,0.9782608695652174,0.26079803705215454,0.245347261428833,0.13615839928388596,0.42398250102996826,0.3392857142857143,0.0,2.3309204811634916,1.0346379260321075,5.181746223129511,0.8192771084337348,0.9761904761904762,0.9761904761904762,0.8048780487804877,1.0,1.0,-0.01439905965324706,0.023809523809523836,0.023809523809523836,bt_smc_oof,bt_smc_oof__smc__smc_182.npz
smc/smc_184/track.npy,smc,/media/mengh/SharedData/zhanh/auto_structbeat/caches/8fold/beat_this_fold6_val/smc__smc_184__track.npy.npz,91,33,31,31,0.9393939393939394,False,0.96875,0.1593727171421051,0.14170882105827332,0.06750784069299698,0.2506793439388275,0.6483516483516484,0.0,2.1786620908230554,1.348072860178445,3.2123320409063787,0.8307692307692308,0.8823529411764706,0.8823529411764706,0.8307692307692308,0.8823529411764706,0.8823529411764706,0.0,0.0,0.0,bt_smc_oof,bt_smc_oof__smc__smc_184.npz
smc/smc_187/track.npy,smc,/media/mengh/SharedData/zhanh/auto_structbeat/caches/8fold/beat_this_fold6_val/smc__smc_187__track.npy.npz,261,41,23,41,0.5609756097560976,True,1.0,0.06417480111122131,0.05505084991455078,0.027962038293480873,0.12149947136640549,1.0,0.0,0.45200048248594604,0.26344433236645837,0.6629131456841773,0.339622641509434,0.3235294117647059,0.3235294117647059,0.339622641509434,0.3235294117647059,0.3235294117647059,0.0,0.0,0.0,bt_smc_oof,bt_smc_oof__smc__smc_187.npz
smc/smc_188/track.npy,smc,/media/mengh/SharedData/zhanh/auto_structbeat/caches/8fold/beat_this_fold0_val/smc__smc_188__track.npy.npz,35,30,32,32,1.0666666666666667,False,0.9354838709677419,0.33064475655555725,0.3029279112815857,0.17653292417526248,0.48966159820556643,0.11428571428571428,0.0,3.241571591403295,1.5825678671794985,7.6478056462684645,0.9090909090909091,0.8571428571428571,0.8571428571428571,0.9642857142857143,1.0,1.0,0.05519480519480524,0.1428571428571429,0.1428571428571429,bt_smc_oof,bt_smc_oof__smc__smc_188.npz
smc/smc_190/track.npy,smc,/media/mengh/SharedData/zhanh/auto_structbeat/caches/8fold/beat_this_fold0_val/smc__smc_190__track.npy.npz,149,60,49,60,0.8166666666666667,True,1.0,0.14863690733909607,0.1311209499835968,0.035479430109262466,0.29318339824676515,0.5906040268456376,0.0,0.49983805667001946,0.1854416272931664,2.9675788202788485,0.4819277108433735,0.1320754716981132,0.3898305084745763,0.4819277108433735,0.1320754716981132,0.3898305084745763,0.0,0.0,0.0,bt_smc_oof,bt_smc_oof__smc__smc_190.npz
smc/smc_192/track.npy,smc,/media/mengh/SharedData/zhanh/auto_structbeat/caches/8fold/beat_this_fold7_val/smc__smc_192__track.npy.npz,181,19,15,19,0.7894736842105263,True,1.0,0.07848866283893585,0.05220811441540718,0.026850594207644463,0.1747744232416153,0.9060773480662984,0.0,0.23547934781070518,0.11727410249323567,0.41405147939794273,0.28571428571428575,0.4444444444444444,0.4444444444444444,0.28571428571428575,0.4444444444444444,0.4444444444444444,0.0,0.0,0.0,bt_smc_oof,bt_smc_oof__smc__smc_192.npz
smc/smc_193/track.npy,smc,/media/mengh/SharedData/zhanh/auto_structbeat/caches/8fold/beat_this_fold7_val/smc__smc_193__track.npy.npz,76,45,46,46,1.0222222222222221,False,0.967032967032967,0.1377050280570984,0.134097620844841,0.08594867959618568,0.23545225709676743,0.881578947368421,0.0,1.145192095259151,0.85638053798306,2.491633860957885,0.8705882352941177,0.8837209302325582,0.8837209302325582,0.8809523809523809,0.8837209302325582,0.8837209302325582,0.010364145658263269,0.0,0.0,bt_smc_oof,bt_smc_oof__smc__smc_193.npz
smc/smc_194/track.npy,smc,/media/mengh/SharedData/zhanh/auto_structbeat/caches/8fold/beat_this_fold5_val/smc__smc_194__track.npy.npz,245,16,3,16,0.1875,True,1.0,0.05501750484108925,0.06140582263469696,0.018283265084028246,0.07657502591609955,1.0,0.0,0.12109008479194396,0.08811280664686705,0.15406736293702086,0.24489795918367346,0.0,0.11764705882352941,0.24489795918367346,0.0,0.11764705882352941,0.0,0.0,0.0,bt_smc_oof,bt_smc_oof__smc__smc_194.npz
smc/smc_195/track.npy,smc,/media/mengh/SharedData/zhanh/auto_structbeat/caches/8fold/beat_this_fold7_val/smc__smc_195__track.npy.npz,248,52,54,54,1.0384615384615385,False,0.8679245283018868,0.11751431226730347,0.07284323871135712,0.00942740235477686,0.2579719364643097,0.7137096774193549,0.0,2.2431569885922906,0.0973530122363156,4.107607567614547,0.35443037974683544,0.0,0.38636363636363635,0.34567901234567905,0.0,0.3695652173913043,-0.008751367401156396,0.0,-0.01679841897233203,bt_smc_oof,bt_smc_oof__smc__smc_195.npz
smc/smc_197/track.npy,smc,/media/mengh/SharedData/zhanh/auto_structbeat/caches/8fold/beat_this_fold0_val/smc__smc_197__track.npy.npz,27,24,24,24,1.0,False,1.0,0.3058607578277588,0.3079148828983307,0.2728031277656555,0.3454664647579193,0.0,0.0,3.486518883687138,2.8162198198739885,4.137375283309748,0.42857142857142855,1.0,1.0,0.42857142857142855,1.0,1.0,0.0,0.0,0.0,bt_smc_oof,bt_smc_oof__smc__smc_197.npz
smc/smc_198/track.npy,smc,/media/mengh/SharedData/zhanh/auto_structbeat/caches/8fold/beat_this_fold1_val/smc__smc_198__track.npy.npz,137,81,79,79,0.9753086419753086,False,0.9875,0.15674863755702972,0.17240047454833984,0.05947389751672745,0.23106963634490968,0.6788321167883211,0.0,1.4668560943566076,0.42154584868919326,2.6551821325057086,0.7226890756302521,0.5797101449275363,0.5797101449275363,0.735042735042735,0.6119402985074627,0.6119402985074627,0.012353659412482898,0.032230153579926424,0.032230153579926424,bt_smc_oof,bt_smc_oof__smc__smc_198.npz
smc/smc_199/track.npy,smc,/media/mengh/SharedData/zhanh/auto_structbeat/caches/8fold/beat_this_fold2_val/smc__smc_199__track.npy.npz,219,61,62,62,1.0163934426229508,False,0.926829268292683,0.07854370772838593,0.07940526306629181,0.026318560540676116,0.12773984968662264,1.0,0.0,0.755907648047132,0.22627088799678263,1.061888613181633,0.3578947368421052,0.23636363636363636,0.23636363636363636,0.32989690721649484,0.24561403508771928,0.24561403508771928,-0.02799782962561037,0.009250398724082926,0.009250398724082926,bt_smc_oof,bt_smc_oof__smc__smc_199.npz
smc/smc_202/track.npy,smc,/media/mengh/SharedData/zhanh/auto_structbeat/caches/8fold/beat_this_fold2_val/smc__smc_202__track.npy.npz,215,34,30,30,0.8823529411764706,False,0.875,0.08246266841888428,0.07867073267698288,0.026712038367986683,0.14009393751621246,0.9674418604651163,0.0,0.5684773544956201,0.2257022313446744,1.8122524743702384,0.21875,0.25,0.25,0.19354838709677422,0.25,0.25,-0.025201612903225784,0.0,0.0,bt_smc_oof,bt_smc_oof__smc__smc_202.npz
smc/smc_203/track.npy,smc,/media/mengh/SharedData/zhanh/auto_structbeat/caches/8fold/beat_this_fold4_val/smc__smc_203__track.npy.npz,204,74,67,67,0.9054054054054054,False,0.9078014184397163,0.1682823747396469,0.17553865909576416,0.10213674232363701,0.24155466258525848,0.6764705882352942,0.0,1.4956410277581234,0.8067734105994151,2.3825872003482833,0.25,0.0,0.012987012987012988,0.2222222222222222,0.0,0.025974025974025976,-0.02777777777777779,0.0,0.012987012987012988,bt_smc_oof,bt_smc_oof__smc__smc_203.npz
smc/smc_204/track.npy,smc,/media/mengh/SharedData/zhanh/auto_structbeat/caches/8fold/beat_this_fold5_val/smc__smc_204__track.npy.npz,201,62,62,62,1.0,False,0.9032258064516129,0.09588674455881119,0.09028280526399612,0.018042851239442825,0.17124049365520477,0.9601990049751243,0.0,0.6355775067957725,0.17105873012982184,1.6410372499025734,0.3063063063063063,0.12280701754385964,0.12280701754385964,0.3063063063063063,0.14035087719298245,0.14035087719298245,0.0,0.017543859649122806,0.017543859649122806,bt_smc_oof,bt_smc_oof__smc__smc_204.npz
smc/smc_205/track.npy,smc,/media/mengh/SharedData/zhanh/auto_structbeat/caches/8fold/beat_this_fold7_val/smc__smc_205__track.npy.npz,107,57,54,54,0.9473684210526315,False,0.954954954954955,0.23482315242290497,0.2291332483291626,0.14190880954265594,0.3289474844932556,0.2616822429906542,0.0,2.2230645863197416,1.091800196676151,3.480947554632048,0.8636363636363636,0.782608695652174,0.782608695652174,0.8837209302325582,0.8863636363636364,0.8863636363636364,0.02008456659619451,0.1037549407114624,0.1037549407114624,bt_smc_oof,bt_smc_oof__smc__smc_205.npz
smc/smc_206/track.npy,smc,/media/mengh/SharedData/zhanh/auto_structbeat/caches/8fold/beat_this_fold3_val/smc__smc_206__track.npy.npz,134,44,43,43,0.9772727272727273,False,0.9195402298850575,0.12420042604207993,0.11751773208379745,0.06472334042191505,0.18636032938957214,0.9029850746268657,0.0,0.9309999119231933,0.46854585570013607,1.5585667263573917,0.64,0.5121951219512195,0.5121951219512195,0.6849315068493151,0.6410256410256411,0.6410256410256411,0.04493150684931513,0.12883051907442156,0.12883051907442156,bt_smc_oof,bt_smc_oof__smc__smc_206.npz
smc/smc_207/track.npy,smc,/media/mengh/SharedData/zhanh/auto_structbeat/caches/8fold/beat_this_fold3_val/smc__smc_207__track.npy.npz,81,76,76,76,1.0,False,1.0,0.20258809626102448,0.18688054382801056,0.15031011402606964,0.29947546124458313,0.6172839506172839,0.0,1.658585376140791,1.2532737602105075,3.226986447020161,0.9552238805970149,1.0,1.0,0.9552238805970149,1.0,1.0,0.0,0.0,0.0,bt_smc_oof,bt_smc_oof__smc__smc_207.npz
smc/smc_208/track.npy,smc,/media/mengh/SharedData/zhanh/auto_structbeat/caches/8fold/beat_this_fold0_val/smc__smc_208__track.npy.npz,80,37,35,35,0.9459459459459459,False,0.9722222222222222,0.2515224814414978,0.27135100960731506,0.15994480550289153,0.3183790445327759,0.1875,0.0,2.897193546639418,1.638038382465303,3.4128011011471835,0.8125,0.8787878787878788,0.8787878787878788,0.8387096774193549,1.0,1.0,0.02620967741935487,0.12121212121212122,0.12121212121212122,bt_smc_oof,bt_smc_oof__smc__smc_208.npz
smc/smc_209/track.npy,smc,/media/mengh/SharedData/zhanh/auto_structbeat/caches/8fold/beat_this_fold4_val/smc__smc_209__track.npy.npz,68,46,47,47,1.0217391304347827,False,0.989247311827957,0.16257867217063904,0.17127186059951782,0.06634327657520771,0.22091239392757417,0.75,0.0,1.4861753168743177,1.1402370272973172,2.0858440275033168,0.6419753086419754,0.8536585365853658,0.8536585365853658,0.6341463414634146,0.8333333333333334,0.8333333333333334,-0.007828967178560742,-0.020325203252032464,-0.020325203252032464,bt_smc_oof,bt_smc_oof__smc__smc_209.npz
smc/smc_211/track.npy,smc,/media/mengh/SharedData/zhanh/auto_structbeat/caches/8fold/beat_this_fold7_val/smc__smc_211__track.npy.npz,130,42,49,49,1.1666666666666667,False,0.9230769230769231,0.09682131558656693,0.0930868536233902,0.04774895086884499,0.144675835967064,1.0,0.0,1.002121075391032,0.5168356852014172,1.4587019856570136,0.5647058823529412,0.6326530612244898,0.6326530612244898,0.5494505494505494,0.6530612244897959,0.6530612244897959,-0.015255332902391783,0.020408163265306034,0.020408163265306034,bt_smc_oof,bt_smc_oof__smc__smc_211.npz
smc/smc_212/track.npy,smc,/media/mengh/SharedData/zhanh/auto_structbeat/caches/8fold/beat_this_fold0_val/smc__smc_212__track.npy.npz,230,27,17,27,0.6296296296296297,True,1.0,0.054135579615831375,0.04017550125718117,0.00851214611902833,0.12118552550673482,1.0,0.0,0.17178719913714952,0.08147841820671958,0.3630265206531701,0.4782608695652174,0.5,0.5,0.4782608695652174,0.5,0.5,0.0,0.0,0.0,bt_smc_oof,bt_smc_oof__smc__smc_212.npz
smc/smc_213/track.npy,smc,/media/mengh/SharedData/zhanh/auto_structbeat/caches/8fold/beat_this_fold2_val/smc__smc_213__track.npy.npz,66,39,41,41,1.0512820512820513,False,0.975,0.14742763340473175,0.1606270968914032,0.07570822164416313,0.21170717477798462,0.803030303030303,0.0,1.2723564092226889,0.27024242936088727,2.079896483776987,0.5277777777777778,0.7105263157894737,0.7105263157894737,0.5135135135135136,0.7631578947368421,0.7631578947368421,-0.014264264264264193,0.052631578947368474,0.052631578947368474,bt_smc_oof,bt_smc_oof__smc__smc_213.npz
smc/smc_214/track.npy,smc,/media/mengh/SharedData/zhanh/auto_structbeat/caches/8fold/beat_this_fold3_val/smc__smc_214__track.npy.npz,95,26,29,29,1.1153846153846154,False,0.9454545454545454,0.11270926892757416,0.1005530133843422,0.05883192867040634,0.19434438049793243,0.9157894736842105,0.0,1.2067990324092315,0.5468818089127797,1.9622455200530624,0.4782608695652174,0.5416666666666666,0.5416666666666666,0.4489795918367347,0.6,0.6,-0.029281277728482713,0.05833333333333335,0.05833333333333335,bt_smc_oof,bt_smc_oof__smc__smc_214.npz
smc/smc_215/track.npy,smc,/media/mengh/SharedData/zhanh/auto_structbeat/caches/8fold/beat_this_fold6_val/smc__smc_215__track.npy.npz,97,37,37,37,1.0,False,0.972972972972973,0.1231425404548645,0.1242852434515953,0.06489767581224443,0.18967322409152987,0.9278350515463918,0.0,1.0490706129391167,0.5602672637989246,1.512299013747205,0.8787878787878788,0.8787878787878788,0.8787878787878788,0.8787878787878788,0.9090909090909091,0.9090909090909091,0.0,0.030303030303030276,0.030303030303030276,bt_smc_oof,bt_smc_oof__smc__smc_215.npz
smc/smc_216/track.npy,smc,/media/mengh/SharedData/zhanh/auto_structbeat/caches/8fold/beat_this_fold5_val/smc__smc_216__track.npy.npz,169,39,39,39,1.0,False,0.9230769230769231,0.07782096415758133,0.07141589373350143,0.046649206429719925,0.11674034595489526,1.0,0.0,0.679063892562847,0.4681512958016253,1.5058442613869654,0.732394366197183,0.8333333333333334,0.8333333333333334,0.7714285714285715,0.8333333333333334,0.8333333333333334,0.03903420523138845,0.0,0.0,bt_smc_oof,bt_smc_oof__smc__smc_216.npz
smc/smc_217/track.npy,smc,/media/mengh/SharedData/zhanh/auto_structbeat/caches/8fold/beat_this_fold5_val/smc__smc_217__track.npy.npz,40,35,35,35,1.0,False,1.0,0.16247093677520752,0.1693674921989441,0.09808204844594001,0.22994224429130555,0.725,0.0,1.426374437658921,0.7310911871354586,2.225436222100213,0.7741935483870968,1.0,1.0,0.7741935483870968,1.0,1.0,0.0,0.0,0.0,bt_smc_oof,bt_smc_oof__smc__smc_217.npz
smc/smc_219/track.npy,smc,/media/mengh/SharedData/zhanh/auto_structbeat/caches/8fold/beat_this_fold1_val/smc__smc_219__track.npy.npz,204,59,56,56,0.9491525423728814,False,0.9217391304347826,0.09109864383935928,0.0936724841594696,0.04312796890735626,0.13852617144584656,1.0,0.0,0.7225847209016253,0.37844311213865434,1.1549146261660286,0.8076923076923076,0.7636363636363637,0.7636363636363637,0.8484848484848485,0.92,0.92,0.04079254079254091,0.15636363636363637,0.15636363636363637,bt_smc_oof,bt_smc_oof__smc__smc_219.npz
smc/smc_220/track.npy,smc,/media/mengh/SharedData/zhanh/auto_structbeat/caches/8fold/beat_this_fold4_val/smc__smc_220__track.npy.npz,181,67,63,63,0.9402985074626866,False,0.9230769230769231,0.10205520689487457,0.10458917915821075,0.03895596042275429,0.14850740134716034,0.9834254143646409,0.0,0.8670569848287705,0.2389604208694279,1.4272202270681582,0.7835051546391754,0.5454545454545454,0.5454545454545454,0.8222222222222222,0.75,0.75,0.03871706758304683,0.20454545454545459,0.20454545454545459,bt_smc_oof,bt_smc_oof__smc__smc_220.npz
smc/smc_221/track.npy,smc,/media/mengh/SharedData/zhanh/auto_structbeat/caches/8fold/beat_this_fold6_val/smc__smc_221__track.npy.npz,181,33,33,33,1.0,False,0.8787878787878788,0.11769194900989532,0.07841696590185165,0.03989601135253906,0.2526347041130066,0.861878453038674,0.0,0.8897603675166544,0.4083571044209591,5.063151865967901,0.4918032786885246,0.5161290322580645,0.5161290322580645,0.5172413793103449,0.6333333333333333,0.6333333333333333,0.02543810062182028,0.1172043010752688,0.1172043010752688,bt_smc_oof,bt_smc_oof__smc__smc_221.npz
smc/smc_222/track.npy,smc,/media/mengh/SharedData/zhanh/auto_structbeat/caches/8fold/beat_this_fold4_val/smc__smc_222__track.npy.npz,158,43,35,43,0.813953488372093,True,1.0,0.10354688763618469,0.1073346883058548,0.03933301568031311,0.15358301848173142,1.0,0.0,0.8191488580597968,0.2035584560336114,1.2988573944418325,0.5625,0.46153846153846156,0.46153846153846156,0.5625,0.46153846153846156,0.46153846153846156,0.0,0.0,0.0,bt_smc_oof,bt_smc_oof__smc__smc_222.npz
smc/smc_223/track.npy,smc,/media/mengh/SharedData/zhanh/auto_structbeat/caches/8fold/beat_this_fold2_val/smc__smc_223__track.npy.npz,90,47,45,45,0.9574468085106383,False,0.9782608695652174,0.12247589230537415,0.11897080391645432,0.023030212335288524,0.21267644762992866,0.8555555555555555,0.0,1.4409441510377448,0.3673039066948451,2.101824284735299,0.6849315068493151,0.55,0.55,0.704225352112676,0.5789473684210527,0.5789473684210527,0.019293845263360865,0.02894736842105261,0.02894736842105261,bt_smc_oof,bt_smc_oof__smc__smc_223.npz
smc/smc_224/track.npy,smc,/media/mengh/SharedData/zhanh/auto_structbeat/caches/8fold/beat_this_fold6_val/smc__smc_224__track.npy.npz,210,49,47,47,0.9591836734693877,False,0.9375,0.11445490270853043,0.12236275523900986,0.04935909062623978,0.16341404467821122,0.9857142857142858,0.0,0.9663533258527447,0.4524323634186219,1.4269255635708453,0.35000000000000003,0.5116279069767442,0.5116279069767442,0.3544303797468354,0.5476190476190477,0.5476190476190477,0.004430379746835356,0.035991140642303465,0.035991140642303465,bt_smc_oof,bt_smc_oof__smc__smc_224.npz
smc/smc_225/track.npy,smc,/media/mengh/SharedData/zhanh/auto_structbeat/caches/8fold/beat_this_fold3_val/smc__smc_225__track.npy.npz,155,93,89,89,0.956989247311828,False,0.978021978021978,0.15655815601348877,0.16494786739349365,0.10729244351387024,0.19011440575122834,1.0,0.0,1.196430449632009,0.8150202858019933,1.658304605275804,0.411214953271028,0.0,0.0,0.3883495145631068,0.0,0.0,-0.022865438707921237,0.0,0.0,bt_smc_oof,bt_smc_oof__smc__smc_225.npz
smc/smc_226/track.npy,smc,/media/mengh/SharedData/zhanh/auto_structbeat/caches/8fold/beat_this_fold6_val/smc__smc_226__track.npy.npz,65,39,36,36,0.9230769230769231,False,0.96,0.15489786863327026,0.16094307601451874,0.04687318205833435,0.275544422864914,0.6923076923076923,0.0,1.610208127389505,0.6035536656190564,2.577580314038949,0.5074626865671641,0.6857142857142857,0.6857142857142857,0.5,0.75,0.75,-0.00746268656716409,0.06428571428571428,0.06428571428571428,bt_smc_oof,bt_smc_oof__smc__smc_226.npz
smc/smc_227/track.npy,smc,/media/mengh/SharedData/zhanh/auto_structbeat/caches/8fold/beat_this_fold4_val/smc__smc_227__track.npy.npz,70,37,40,40,1.0810810810810811,False,0.961038961038961,0.1322571337223053,0.13475386798381805,0.09328973144292832,0.17577944695949554,1.0,0.0,1.0923152199261363,0.7161778952996993,1.527847403611785,0.5633802816901409,0.6052631578947368,0.6052631578947368,0.547945205479452,0.631578947368421,0.631578947368421,-0.015435076210688847,0.02631578947368418,0.02631578947368418,bt_smc_oof,bt_smc_oof__smc__smc_227.npz
smc/smc_229/track.npy,smc,/media/mengh/SharedData/zhanh/auto_structbeat/caches/8fold/beat_this_fold4_val/smc__smc_229__track.npy.npz,137,52,51,51,0.9807692307692307,False,0.9902912621359223,0.1561223417520523,0.1594194769859314,0.1117611512541771,0.19264528155326843,0.9635036496350365,0.0,1.3874873370658496,0.9732690674712616,1.6806605865666406,0.9318181818181818,1.0,1.0,0.9318181818181818,1.0,1.0,0.0,0.0,0.0,bt_smc_oof,bt_smc_oof__smc__smc_229.npz
smc/smc_232/track.npy,smc,/media/mengh/SharedData/zhanh/auto_structbeat/caches/8fold/beat_this_fold2_val/smc__smc_232__track.npy.npz,215,61,74,74,1.2131147540983607,False,0.9037037037037037,0.09913115203380585,0.052550580352544785,0.01780315674841404,0.2394563168287277,0.7627906976744186,0.0,1.8908959963017775,0.24825271567141402,2.985919801762251,0.7610619469026548,0.515625,0.515625,0.7936507936507936,0.65625,0.65625,0.03258884674813878,0.140625,0.140625,bt_smc_oof,bt_smc_oof__smc__smc_232.npz
smc/smc_235/track.npy,smc,/media/mengh/SharedData/zhanh/auto_structbeat/caches/8fold/beat_this_fold6_val/smc__smc_235__track.npy.npz,140,41,42,42,1.024390243902439,False,0.9397590361445783,0.13811151683330536,0.16229820251464844,0.022170006670057772,0.2568449884653091,0.6642857142857143,0.0,1.921164573406554,0.17935083762983686,3.942704577268594,0.5833333333333334,0.6111111111111112,0.6111111111111112,0.6027397260273972,0.7027027027027027,0.7027027027027027,0.019406392694063856,0.09159159159159158,0.09159159159159158,bt_smc_oof,bt_smc_oof__smc__smc_235.npz
smc/smc_236/track.npy,smc,/media/mengh/SharedData/zhanh/auto_structbeat/caches/8fold/beat_this_fold7_val/smc__smc_236__track.npy.npz,109,34,35,35,1.0294117647058822,False,0.9855072463768116,0.12429343163967133,0.04255473613739014,0.017806482315063477,0.3158489763736725,0.7155963302752294,0.0,2.1870684741360344,0.5147309310654281,4.326625736224097,0.7500000000000001,0.8484848484848485,0.8484848484848485,0.7384615384615385,0.7941176470588235,0.7941176470588235,-0.011538461538461608,-0.054367201426025025,-0.054367201426025025,bt_smc_oof,bt_smc_oof__smc__smc_236.npz
smc/smc_237/track.npy,smc,/media/mengh/SharedData/zhanh/auto_structbeat/caches/8fold/beat_this_fold0_val/smc__smc_237__track.npy.npz,99,37,39,39,1.054054054054054,False,0.9736842105263158,0.14646345376968384,0.139277845621109,0.10210424363613128,0.19400627017021183,0.898989898989899,0.0,1.4932951504732186,1.1157160163981625,2.0709258840858076,0.5070422535211268,0.7368421052631579,0.7368421052631579,0.4931506849315068,0.7894736842105263,0.7894736842105263,-0.01389156858961993,0.052631578947368474,0.052631578947368474,bt_smc_oof,bt_smc_oof__smc__smc_237.npz
smc/smc_239/track.npy,smc,/media/mengh/SharedData/zhanh/auto_structbeat/caches/8fold/beat_this_fold6_val/smc__smc_239__track.npy.npz,168,38,47,47,1.236842105263158,False,0.8941176470588236,0.08006623387336731,0.0672018900513649,0.03704703785479069,0.1371817469596863,1.0,0.0,0.5547593544319249,0.2019203089180439,1.1536274013201497,0.41269841269841273,0.2571428571428571,0.2571428571428571,0.3888888888888889,0.1590909090909091,0.3090909090909091,-0.023809523809523836,-0.09805194805194803,0.051948051948051965,bt_smc_oof,bt_smc_oof__smc__smc_239.npz
smc/smc_241/track.npy,smc,/media/mengh/SharedData/zhanh/auto_structbeat/caches/8fold/beat_this_fold0_val/smc__smc_241__track.npy.npz,105,51,49,49,0.9607843137254902,False,0.98,0.1480221450328827,0.1475546956062317,0.10025950819253922,0.20340292155742645,0.8666666666666667,0.0,1.4157863537319173,0.9189451851911671,1.8627471302130394,0.3409090909090909,0.6888888888888889,0.6888888888888889,0.3488372093023256,0.7441860465116279,0.7441860465116279,0.007928118393234707,0.05529715762273901,0.05529715762273901,bt_smc_oof,bt_smc_oof__smc__smc_241.npz
smc/smc_242/track.npy,smc,/media/mengh/SharedData/zhanh/auto_structbeat/caches/8fold/beat_this_fold4_val/smc__smc_242__track.npy.npz,59,53,52,52,0.9811320754716981,False,0.9904761904761905,0.20659896731376648,0.20518498122692108,0.14218148589134216,0.25169649124145516,0.423728813559322,0.0,1.8539583206454202,1.1693775876114314,2.653176009898754,0.7032967032967032,0.8695652173913043,0.8695652173913043,0.7111111111111111,0.8888888888888888,0.8888888888888888,0.007814407814407898,0.019323671497584516,0.019323671497584516,bt_smc_oof,bt_smc_oof__smc__smc_242.npz
smc/smc_243/track.npy,smc,/media/mengh/SharedData/zhanh/auto_structbeat/caches/8fold/beat_this_fold1_val/smc__smc_243__track.npy.npz,70,30,32,32,1.0666666666666667,False,0.9354838709677419,0.20766115188598633,0.11794789880514145,0.030165309086441994,0.5046346187591553,0.6285714285714286,0.0,3.97997021826946,0.4177646940825068,8.326909339365889,0.8148148148148148,0.8518518518518519,0.8518518518518519,0.75,0.7586206896551724,0.7586206896551724,-0.06481481481481477,-0.09323116219667948,-0.09323116219667948,bt_smc_oof,bt_smc_oof__smc__smc_243.npz
smc/smc_244/track.npy,smc,/media/mengh/SharedData/zhanh/auto_structbeat/caches/8fold/beat_this_fold2_val/smc__smc_244__track.npy.npz,106,36,36,36,1.0,False,0.9444444444444444,0.14381280541419983,0.15539100766181946,0.06462809816002846,0.19260889291763306,0.9339622641509434,0.0,1.4970895504115465,0.7419888323494098,2.2102532275339835,0.25531914893617025,0.0,0.46875,0.25531914893617025,0.0,0.46875,0.0,0.0,0.0,bt_smc_oof,bt_smc_oof__smc__smc_244.npz
smc/smc_248/track.npy,smc,/media/mengh/SharedData/zhanh/auto_structbeat/caches/8fold/beat_this_fold1_val/smc__smc_248__track.npy.npz,115,29,33,33,1.1379310344827587,False,0.8387096774193549,0.17106851935386658,0.14041262865066528,0.04608142599463463,0.3466555535793305,0.7130434782608696,0.0,1.3443273833710192,0.44488915442004945,4.082844121068858,0.3947368421052631,0.07692307692307693,0.4230769230769231,0.325,0.0,0.4642857142857143,-0.0697368421052631,-0.07692307692307693,0.04120879120879123,bt_smc_oof,bt_smc_oof__smc__smc_248.npz
smc/smc_249/track.npy,smc,/media/mengh/SharedData/zhanh/auto_structbeat/caches/8fold/beat_this_fold6_val/smc__smc_249__track.npy.npz,51,45,45,45,1.0,False,1.0,0.19696977734565735,0.20240795612335205,0.10743649303913116,0.3015103042125702,0.45098039215686275,0.0,1.840109664068218,0.8746100708467821,3.1247529866075663,0.8799999999999999,0.8717948717948718,0.8717948717948718,0.8799999999999999,0.8717948717948718,0.8717948717948718,0.0,0.0,0.0,bt_smc_oof,bt_smc_oof__smc__smc_249.npz
smc/smc_251/track.npy,smc,/media/mengh/SharedData/zhanh/auto_structbeat/caches/8fold/beat_this_fold1_val/smc__smc_251__track.npy.npz,93,75,72,72,0.96,False,0.9659863945578231,0.14729955792427063,0.13379722833633423,0.1008715033531189,0.20054650008678435,0.8924731182795699,0.0,1.103215887361574,0.8096032112999219,2.176917096681599,0.9022556390977444,0.8985507246376812,0.8985507246376812,0.9160305343511451,0.9552238805970149,0.9552238805970149,0.013774895253400699,0.056673155959333754,0.056673155959333754,bt_smc_oof,bt_smc_oof__smc__smc_251.npz
smc/smc_252/track.npy,smc,/media/mengh/SharedData/zhanh/auto_structbeat/caches/8fold/beat_this_fold2_val/smc__smc_252__track.npy.npz,61,61,61,61,1.0,False,1.0,0.2481696754693985,0.25399601459503174,0.172651007771492,0.3167476952075958,0.22950819672131148,0.0,2.5580003781171614,1.5076875558307636,3.48332992855093,0.9444444444444444,1.0,1.0,0.9444444444444444,1.0,1.0,0.0,0.0,0.0,bt_smc_oof,bt_smc_oof__smc__smc_252.npz
smc/smc_253/track.npy,smc,/media/mengh/SharedData/zhanh/auto_structbeat/caches/8fold/beat_this_fold4_val/smc__smc_253__track.npy.npz,90,44,44,44,1.0,False,0.9545454545454546,0.21281693875789642,0.21968978643417358,0.14324716329574586,0.2865974634885788,0.4444444444444444,0.0,1.7657933605801142,1.1142687256499624,2.8230529338016637,0.6410256410256411,0.6923076923076923,0.6923076923076923,0.6410256410256411,0.7692307692307693,0.7692307692307693,0.0,0.07692307692307698,0.07692307692307698,bt_smc_oof,bt_smc_oof__smc__smc_253.npz
smc/smc_254/track.npy,smc,/media/mengh/SharedData/zhanh/auto_structbeat/caches/8fold/beat_this_fold3_val/smc__smc_254__track.npy.npz,63,30,32,32,1.0666666666666667,False,0.8709677419354839,0.14907029271125793,0.14446642994880676,0.04071144014596939,0.24687714874744415,0.7936507936507936,0.0,1.0598296052757863,0.21927741734542153,1.8021803417101294,0.16867469879518074,0.017543859649122806,0.2857142857142857,0.18604651162790697,0.017543859649122806,0.27586206896551724,0.017371812832726236,0.0,-0.009852216748768461,bt_smc_oof,bt_smc_oof__smc__smc_254.npz
smc/smc_255/track.npy,smc,/media/mengh/SharedData/zhanh/auto_structbeat/caches/8fold/beat_this_fold2_val/smc__smc_255__track.npy.npz,74,42,43,43,1.0238095238095237,False,0.9176470588235294,0.270054429769516,0.2575026750564575,0.1643005758523941,0.3770477503538132,0.20270270270270271,0.0,2.747712641453351,1.0343390311960527,4.972151357518057,0.7945205479452055,0.6756756756756757,0.6756756756756757,0.8378378378378378,0.7837837837837838,0.7837837837837838,0.04331728989263228,0.10810810810810811,0.10810810810810811,bt_smc_oof,bt_smc_oof__smc__smc_255.npz
smc/smc_256/track.npy,smc,/media/mengh/SharedData/zhanh/auto_structbeat/caches/8fold/beat_this_fold1_val/smc__smc_256__track.npy.npz,74,25,19,25,0.76,True,1.0,0.2762758135795593,0.26082324981689453,0.0794752985239029,0.49592854678630827,0.4189189189189189,0.0,1.2070578978596398,0.5927469327013002,2.8207550706507347,0.631578947368421,0.0,0.7142857142857143,0.631578947368421,0.0,0.7142857142857143,0.0,0.0,0.0,bt_smc_oof,bt_smc_oof__smc__smc_256.npz
smc/smc_257/track.npy,smc,/media/mengh/SharedData/zhanh/auto_structbeat/caches/8fold/beat_this_fold7_val/smc__smc_257__track.npy.npz,259,58,58,58,1.0,False,0.8793103448275862,0.09673357754945755,0.10713164508342743,0.018019211292266846,0.15639971792697907,1.0,0.0,0.8246822739400224,0.14538387408412154,1.2783180604190927,0.6218487394957983,0.19117647058823528,0.37254901960784315,0.576271186440678,0.14705882352941177,0.36,-0.045577553055120346,-0.04411764705882351,-0.01254901960784316,bt_smc_oof,bt_smc_oof__smc__smc_257.npz
smc/smc_258/track.npy,smc,/media/mengh/SharedData/zhanh/auto_structbeat/caches/8fold/beat_this_fold3_val/smc__smc_258__track.npy.npz,327,97,111,111,1.1443298969072164,False,0.8076923076923077,0.09415650367736816,0.06141047179698944,0.021833430975675583,0.20164099633693713,0.8990825688073395,0.0,0.5872658499466863,0.1628008781288591,2.2593397712284062,0.33333333333333326,0.06976744186046512,0.06976744186046512,0.3733333333333333,0.04081632653061224,0.1650485436893204,0.040000000000000036,-0.028951115329852874,0.09528110182885528,bt_smc_oof,bt_smc_oof__smc__smc_258.npz
smc/smc_259/track.npy,smc,/media/mengh/SharedData/zhanh/auto_structbeat/caches/8fold/beat_this_fold4_val/smc__smc_259__track.npy.npz,101,48,50,50,1.0416666666666667,False,0.9591836734693877,0.16658957302570343,0.16446201503276825,0.09066703170537949,0.23224599659442902,0.7326732673267327,0.0,1.567989241877609,0.8588572676049373,2.9483729801587937,0.5588235294117647,0.5,0.5,0.5428571428571428,0.4772727272727273,0.4772727272727273,-0.015966386554621903,-0.022727272727272707,-0.022727272727272707,bt_smc_oof,bt_smc_oof__smc__smc_259.npz
smc/smc_260/track.npy,smc,/media/mengh/SharedData/zhanh/auto_structbeat/caches/8fold/beat_this_fold0_val/smc__smc_260__track.npy.npz,164,64,66,66,1.03125,False,0.9384615384615385,0.20417994260787964,0.22256684303283691,0.06653334200382233,0.3149101734161377,0.4268292682926829,0.0,2.1399286191833413,0.7738175452140936,3.726156583071577,0.8440366972477065,0.7321428571428571,0.7321428571428571,0.8288288288288289,0.7241379310344828,0.7241379310344828,-0.015207868418877557,-0.008004926108374333,-0.008004926108374333,bt_smc_oof,bt_smc_oof__smc__smc_260.npz
smc/smc_261/track.npy,smc,/media/mengh/SharedData/zhanh/auto_structbeat/caches/8fold/beat_this_fold1_val/smc__smc_261__track.npy.npz,156,46,45,45,0.9782608695652174,False,0.9230769230769231,0.14684346318244934,0.1310807466506958,0.07263947278261185,0.2504613548517227,0.7692307692307693,0.0,1.200607945480864,0.5202861207244639,2.745216309410423,0.4615384615384615,0.47619047619047616,0.47619047619047616,0.4155844155844156,0.4878048780487805,0.4878048780487805,-0.0459540459540459,0.011614401858304313,0.011614401858304313,bt_smc_oof,bt_smc_oof__smc__smc_261.npz
smc/smc_262/track.npy,smc,/media/mengh/SharedData/zhanh/auto_structbeat/caches/8fold/beat_this_fold4_val/smc__smc_262__track.npy.npz,127,39,47,47,1.205128205128205,False,0.8837209302325582,0.14458395540714264,0.140510693192482,0.0480705887079239,0.2255253791809082,0.8346456692913385,0.0,1.0827786935809693,0.3455529823867036,1.9733830278688531,0.6938775510204082,0.36507936507936506,0.36507936507936506,0.6923076923076923,0.3968253968253968,0.3968253968253968,-0.0015698587127158659,0.031746031746031744,0.031746031746031744,bt_smc_oof,bt_smc_oof__smc__smc_262.npz
smc/smc_263/track.npy,smc,/media/mengh/SharedData/zhanh/auto_structbeat/caches/8fold/beat_this_fold3_val/smc__smc_263__track.npy.npz,87,38,40,40,1.0526315789473684,False,0.9487179487179487,0.328203409910202,0.3510987162590027,0.11098574101924896,0.476781189441681,0.22988505747126436,0.0,4.001117950164651,1.169135987557444,7.450418515776528,0.7213114754098361,0.6875,0.6875,0.7213114754098361,0.75,0.75,0.0,0.0625,0.0625,bt_smc_oof,bt_smc_oof__smc__smc_263.npz
smc/smc_264/track.npy,smc,/media/mengh/SharedData/zhanh/auto_structbeat/caches/8fold/beat_this_fold2_val/smc__smc_264__track.npy.npz,168,99,95,95,0.9595959595959596,False,0.979381443298969,0.22235457599163055,0.2159964144229889,0.14577311277389526,0.31775751411914827,0.375,0.0,1.8390784118835648,1.2036579041797244,3.133449596527845,0.44615384615384607,0.0,0.6704545454545454,0.4285714285714286,0.0,0.7023809523809523,-0.017582417582417464,0.0,0.031926406926406914,bt_smc_oof,bt_smc_oof__smc__smc_264.npz
smc/smc_265/track.npy,smc,/media/mengh/SharedData/zhanh/auto_structbeat/caches/8fold/beat_this_fold6_val/smc__smc_265__track.npy.npz,126,85,81,81,0.9529411764705882,False,0.9759036144578314,0.20110450685024261,0.19249072670936584,0.0536526907235384,0.3229047358036041,0.5158730158730159,0.0,1.8204752259594736,0.7973812237169479,3.5212998188445024,0.8176100628930819,0.6904761904761905,0.6904761904761905,0.8129032258064516,0.6666666666666666,0.6666666666666666,-0.004706837086630333,-0.023809523809523836,-0.023809523809523836,bt_smc_oof,bt_smc_oof__smc__smc_265.npz
smc/smc_266/track.npy,smc,/media/mengh/SharedData/zhanh/auto_structbeat/caches/8fold/beat_this_fold5_val/smc__smc_266__track.npy.npz,168,38,34,34,0.8947368421052632,False,0.9166666666666666,0.12979725003242493,0.12044651806354523,0.049307845532894135,0.21458082050085067,0.8095238095238095,0.0,1.0371635692916497,0.43352318737865103,1.9494231093801686,0.634920634920635,0.5142857142857142,0.5142857142857142,0.5423728813559322,0.45161290322580644,0.45161290322580644,-0.0925477535647028,-0.0626728110599078,-0.0626728110599078,bt_smc_oof,bt_smc_oof__smc__smc_266.npz
smc/smc_269/track.npy,smc,/media/mengh/SharedData/zhanh/auto_structbeat/caches/8fold/beat_this_fold5_val/smc__smc_269__track.npy.npz,69,36,35,35,0.9722222222222222,False,0.9295774647887324,0.17125996947288513,0.1350163072347641,0.04842112883925439,0.32667418122291575,0.6521739130434783,0.0,1.8939519581952573,0.48647567951978543,4.347483285545735,0.8571428571428571,0.84375,0.84375,0.819672131147541,0.8387096774193549,0.8387096774193549,-0.03747072599531609,-0.005040322580645129,-0.005040322580645129,bt_smc_oof,bt_smc_oof__smc__smc_269.npz
smc/smc_271/track.npy,smc,/media/mengh/SharedData/zhanh/auto_structbeat/caches/8fold/beat_this_fold1_val/smc__smc_271__track.npy.npz,71,69,69,69,1.0,False,1.0,0.1034885123372078,0.11148487776517868,0.04413776472210884,0.15825694799423218,0.9577464788732394,0.0,0.8670621734084931,0.3032469186659575,1.1643869795960267,1.0,1.0,1.0,1.0,1.0,1.0,0.0,0.0,0.0,bt_smc_oof,bt_smc_oof__smc__smc_271.npz
smc/smc_272/track.npy,smc,/media/mengh/SharedData/zhanh/auto_structbeat/caches/8fold/beat_this_fold7_val/smc__smc_272__track.npy.npz,69,68,68,68,1.0,False,1.0,0.14085860550403595,0.13597923517227173,0.09787829220294952,0.1763522982597351,0.927536231884058,0.0,1.1188047359032185,0.7501218609963652,1.41711378128465,0.6408839779005524,0.0,0.5245901639344263,0.6408839779005524,0.0,0.5245901639344263,0.0,0.0,0.0,bt_smc_oof,bt_smc_oof__smc__smc_272.npz
smc/smc_273/track.npy,smc,/media/mengh/SharedData/zhanh/auto_structbeat/caches/8fold/beat_this_fold3_val/smc__smc_273__track.npy.npz,64,64,64,64,1.0,False,1.0,0.06300561875104904,0.061837710440158844,0.039995089173316956,0.09919964596629142,1.0,0.0,0.44825651397941574,0.27992008123189815,0.7273695651085459,1.0,1.0,1.0,1.0,1.0,1.0,0.0,0.0,0.0,bt_smc_oof,bt_smc_oof__smc__smc_273.npz
smc/smc_274/track.npy,smc,/media/mengh/SharedData/zhanh/auto_structbeat/caches/8fold/beat_this_fold0_val/smc__smc_274__track.npy.npz,101,95,95,95,1.0,False,1.0,0.10587646812200546,0.10002736002206802,0.09602441638708115,0.13545849919319153,1.0,0.0,0.7676560564176296,0.7321377578694085,1.03111013458326,0.0,0.0,0.9879518072289156,0.0,0.0,0.9879518072289156,0.0,0.0,0.0,bt_smc_oof,bt_smc_oof__smc__smc_274.npz
smc/smc_275/track.npy,smc,/media/mengh/SharedData/zhanh/auto_structbeat/caches/8fold/beat_this_fold5_val/smc__smc_275__track.npy.npz,106,80,80,80,1.0,False,1.0,0.10899797827005386,0.1032671183347702,0.10121104121208191,0.13077790290117264,1.0,0.0,0.7941813137667305,0.7796569298850553,1.0025463128944165,0.4946236559139785,0.0,0.0,0.4946236559139785,0.0,0.0,0.0,0.0,0.0,bt_smc_oof,bt_smc_oof__smc__smc_275.npz
smc/smc_276/track.npy,smc,/media/mengh/SharedData/zhanh/auto_structbeat/caches/8fold/beat_this_fold1_val/smc__smc_276__track.npy.npz,63,63,63,63,1.0,False,1.0,0.11325008422136307,0.11981937289237976,0.08231554925441742,0.13757908046245576,1.0,0.0,0.9455964140740198,0.6034821827164873,1.1156190322584532,0.6666666666666666,0.0,1.0,0.6666666666666666,0.0,1.0,0.0,0.0,0.0,bt_smc_oof,bt_smc_oof__smc__smc_276.npz
smc/smc_277/track.npy,smc,/media/mengh/SharedData/zhanh/auto_structbeat/caches/8fold/beat_this_fold5_val/smc__smc_277__track.npy.npz,154,94,59,94,0.6276595744680851,True,1.0,0.1790427565574646,0.100201815366745,0.020078659988939762,0.39448173642158507,0.5844155844155844,0.0,0.679266682490656,0.13029842871819686,4.971393559934567,0.5636363636363637,0.0,0.46835443037974683,0.5636363636363637,0.0,0.46835443037974683,0.0,0.0,0.0,bt_smc_oof,bt_smc_oof__smc__smc_277.npz
smc/smc_278/track.npy,smc,/media/mengh/SharedData/zhanh/auto_structbeat/caches/8fold/beat_this_fold6_val/smc__smc_278__track.npy.npz,72,69,69,69,1.0,False,1.0,0.1467185616493225,0.1439528465270996,0.11815690249204636,0.18839634954929352,1.0,0.0,1.1829501766473864,0.9436822727242042,1.6725192936181594,1.0,1.0,1.0,1.0,1.0,1.0,0.0,0.0,0.0,bt_smc_oof,bt_smc_oof__smc__smc_278.npz
smc/smc_279/track.npy,smc,/media/mengh/SharedData/zhanh/auto_structbeat/caches/8fold/beat_this_fold4_val/smc__smc_279__track.npy.npz,69,69,69,69,1.0,False,1.0,0.15987864136695862,0.157178595662117,0.13982412219047546,0.18933993577957153,0.9710144927536232,0.0,1.3248397964740204,1.1456039736693382,1.5564637950701117,1.0,1.0,1.0,1.0,1.0,1.0,0.0,0.0,0.0,bt_smc_oof,bt_smc_oof__smc__smc_279.npz
smc/smc_280/track.npy,smc,/media/mengh/SharedData/zhanh/auto_structbeat/caches/8fold/beat_this_fold6_val/smc__smc_280__track.npy.npz,57,57,57,57,1.0,False,1.0,0.1630324274301529,0.1536041796207428,0.11126554757356644,0.21222843527793883,0.7894736842105263,0.0,1.2814386735137926,0.8908244945625553,1.9230483027853646,1.0,1.0,1.0,1.0,1.0,1.0,0.0,0.0,0.0,bt_smc_oof,bt_smc_oof__smc__smc_280.npz
smc/smc_281/track.npy,smc,/media/mengh/SharedData/zhanh/auto_structbeat/caches/8fold/beat_this_fold4_val/smc__smc_281__track.npy.npz,65,62,62,62,1.0,False,1.0,0.11329711973667145,0.10353818535804749,0.0742000862956047,0.17586993873119355,0.9538461538461539,0.0,0.7900173228370162,0.5477657213861078,1.3778441375420438,1.0,1.0,1.0,1.0,1.0,1.0,0.0,0.0,0.0,bt_smc_oof,bt_smc_oof__smc__smc_281.npz
smc/smc_282/track.npy,smc,/media/mengh/SharedData/zhanh/auto_structbeat/caches/8fold/beat_this_fold5_val/smc__smc_282__track.npy.npz,63,63,63,63,1.0,False,1.0,0.12092110514640808,0.10879861563444138,0.0961514562368393,0.16956639885902408,0.9523809523809523,0.0,0.8655089996060108,0.7348989934747688,1.4352055559552719,0.9818181818181818,0.9636363636363636,0.9636363636363636,0.9818181818181818,0.9636363636363636,0.9636363636363636,0.0,0.0,0.0,bt_smc_oof,bt_smc_oof__smc__smc_282.npz
smc/smc_283/track.npy,smc,/media/mengh/SharedData/zhanh/auto_structbeat/caches/8fold/beat_this_fold2_val/smc__smc_283__track.npy.npz,99,72,67,67,0.9305555555555556,False,0.9640287769784173,0.13134193420410156,0.13270451128482819,0.09030724316835403,0.15866298973560333,1.0,0.0,1.0540967155457164,0.6603060011601463,1.3394812995894116,0.8695652173913044,0.5538461538461539,0.5538461538461539,0.9090909090909091,0.6666666666666666,0.6666666666666666,0.039525691699604626,0.11282051282051275,0.11282051282051275,bt_smc_oof,bt_smc_oof__smc__smc_283.npz
smc/smc_284/track.npy,smc,/media/mengh/SharedData/zhanh/auto_structbeat/caches/8fold/beat_this_fold6_val/smc__smc_284__track.npy.npz,68,66,66,66,1.0,False,1.0,0.1715770959854126,0.17630359530448914,0.11247935891151428,0.21493084728717804,0.7058823529411765,0.0,1.5251150286386377,0.8621112475576513,1.9963698687224605,1.0,1.0,1.0,1.0,1.0,1.0,0.0,0.0,0.0,bt_smc_oof,bt_smc_oof__smc__smc_284.npz
smc/smc_285/track.npy,smc,/media/mengh/SharedData/zhanh/auto_structbeat/caches/8fold/beat_this_fold7_val/smc__smc_285__track.npy.npz,130,87,78,78,0.896551724137931,False,0.9212121212121213,0.09081404656171799,0.0912305936217308,0.022322995960712435,0.1626846045255661,1.0,0.0,0.6976881902729825,0.1558724843962204,1.3757010046784197,0.35374149659863946,0.14285714285714285,0.4675324675324675,0.2898550724637681,0.17142857142857143,0.5942028985507246,-0.06388642413487133,0.02857142857142858,0.1266704310182571,bt_smc_oof,bt_smc_oof__smc__smc_285.npz
smc/smc_286/track.npy,smc,/media/mengh/SharedData/zhanh/auto_structbeat/caches/8fold/beat_this_fold0_val/smc__smc_286__track.npy.npz,79,57,57,57,1.0,False,1.0,0.09199442714452744,0.09531095623970032,0.08355120271444322,0.09984754770994186,1.0,0.0,0.7271501201283291,0.6387992533574176,0.7666305386234515,1.0,1.0,1.0,1.0,1.0,1.0,0.0,0.0,0.0,bt_smc_oof,bt_smc_oof__smc__smc_286.npz
smc/smc_287/track.npy,smc,/media/mengh/SharedData/zhanh/auto_structbeat/caches/8fold/beat_this_fold6_val/smc__smc_287__track.npy.npz,68,68,68,68,1.0,False,1.0,0.032824911177158356,0.030568189918994904,0.009097165428102016,0.06427857950329781,1.0,0.0,0.21139863403780668,0.0708526219022284,0.4507691538041007,1.0,0.9833333333333333,0.9833333333333333,1.0,0.9833333333333333,0.9833333333333333,0.0,0.0,0.0,bt_smc_oof,bt_smc_oof__smc__smc_287.npz
smc/smc_288/track.npy,smc,/media/mengh/SharedData/zhanh/auto_structbeat/caches/8fold/beat_this_fold4_val/smc__smc_288__track.npy.npz,87,66,66,66,1.0,False,1.0,0.14408348500728607,0.14043006300926208,0.12336667776107788,0.1685982495546341,0.9655172413793104,0.0,1.1726088938456702,0.96705542327723,1.452556617370083,0.9914529914529915,0.9830508474576272,0.9830508474576272,0.9914529914529915,0.9830508474576272,0.9830508474576272,0.0,0.0,0.0,bt_smc_oof,bt_smc_oof__smc__smc_288.npz
smc/smc_289/track.npy,smc,/media/mengh/SharedData/zhanh/auto_structbeat/caches/8fold/beat_this_fold0_val/smc__smc_289__track.npy.npz,66,66,66,66,1.0,False,1.0,0.16762471199035645,0.16910913586616516,0.1354922652244568,0.19770951569080353,0.9242424242424242,0.0,1.4475464224489798,1.0990384307516934,1.782349479059474,1.0,1.0,1.0,1.0,1.0,1.0,0.0,0.0,0.0,bt_smc_oof,bt_smc_oof__smc__smc_289.npz
