piece,dataset,beat_fmeasure,beat_cemgil,beat_cemgil_max,beat_cemgil_bt_legacy,beat_cmlc,beat_cmlt,beat_amlc,beat_amlt,downbeat_fmeasure,downbeat_cemgil,downbeat_cemgil_max,downbeat_cemgil_bt_legacy,downbeat_cmlc,downbeat_cmlt,downbeat_amlc,downbeat_amlt,beat_diag_count,beat_diag_ibi_lt_140ms,beat_diag_ibi_lt_200ms,beat_diag_log_ibi_jump_p95,downbeat_diag_count,downbeat_diag_ibi_lt_140ms,downbeat_diag_ibi_lt_200ms,downbeat_diag_log_ibi_jump_p95,downbeats_off_beat
smc/smc_001/track.npy,smc,0.41025641025641024,0.3055164029064165,0.34634023204308806,0.32592831747475226,0.06,0.24,0.10909090909090909,0.3090909090909091,nan,nan,nan,nan,nan,nan,nan,nan,56.0,0.05454545454545454,0.09090909090909091,2.1089535755828597,34.0,0.0,0.030303030303030304,0.8386416468655388,0.0
smc/smc_002/track.npy,smc,0.4297520661157025,0.34429744020049946,0.34429744020049946,0.34429744020049946,0.024096385542168676,0.03614457831325301,0.024096385542168676,0.03614457831325301,nan,nan,nan,nan,nan,nan,nan,nan,98.0,0.010309278350515464,0.010309278350515464,1.067840630001362,61.0,0.0,0.0,1.4090940402473957,0.0
smc/smc_003/track.npy,smc,0.3673469387755102,0.2986853199736229,0.46041497579247576,0.3795501478830493,0.0,0.0,0.04430379746835443,0.0759493670886076,nan,nan,nan,nan,nan,nan,nan,nan,180.0,0.09497206703910614,0.4748603351955307,0.9205163634191889,142.0,0.02127659574468085,0.2907801418439716,1.0306295525470575,0.0
smc/smc_004/track.npy,smc,0.5192307692307692,0.4027409957001401,0.41670783247483284,0.4097244140874865,0.056338028169014086,0.19718309859154928,0.14084507042253522,0.2535211267605634,nan,nan,nan,nan,nan,nan,nan,nan,77.0,0.09210526315789473,0.2236842105263158,1.6185295172826883,59.0,0.034482758620689655,0.1206896551724138,1.2835434261796665,0.0
smc/smc_005/track.npy,smc,0.36363636363636365,0.2596315531987497,0.2788525667201338,0.2692420599594417,0.0625,0.25,0.13333333333333333,0.25,nan,nan,nan,nan,nan,nan,nan,nan,35.0,0.029411764705882353,0.029411764705882353,1.618675788927983,21.0,0.0,0.0,0.7354328656419475,0.0
smc/smc_006/track.npy,smc,0.8888888888888888,0.798973992485227,0.798973992485227,0.798973992485227,0.2777777777777778,0.6944444444444444,0.2777777777777778,0.6944444444444444,nan,nan,nan,nan,nan,nan,nan,nan,42.0,0.0,0.024390243902439025,1.222200826691077,35.0,0.0,0.029411764705882353,1.4740354379021352,0.0
smc/smc_007/track.npy,smc,0.2857142857142857,0.1388507880136991,0.2815449989043502,0.21019789345902465,0.03333333333333333,0.03333333333333333,0.10344827586206896,0.10344827586206896,nan,nan,nan,nan,nan,nan,nan,nan,22.0,0.0,0.0,2.345101150060188,22.0,0.0,0.0,2.345101150060188,0.0
smc/smc_008/track.npy,smc,0.384,0.30042942236526765,0.3159836398196741,0.30820653109247087,0.0,0.0,0.0,0.0,nan,nan,nan,nan,nan,nan,nan,nan,54.0,0.0,0.0,0.6644747844946998,21.0,0.0,0.0,1.1155281327996072,0.0
smc/smc_009/track.npy,smc,0.5094339622641509,0.3367384073988003,0.3367384073988003,0.3367384073988003,0.0,0.0,0.0136986301369863,0.0410958904109589,nan,nan,nan,nan,nan,nan,nan,nan,80.0,0.0,0.012658227848101266,0.8275830848823498,36.0,0.0,0.02857142857142857,1.7272031952515159,0.0
smc/smc_010/track.npy,smc,0.8735632183908046,0.738719634370465,0.738719634370465,0.738719634370465,0.4222222222222222,0.8444444444444444,0.4222222222222222,0.8444444444444444,nan,nan,nan,nan,nan,nan,nan,nan,46.0,0.0,0.0,0.7654678421395714,24.0,0.0,0.0,1.1296794546470998,0.0
smc/smc_011/track.npy,smc,0.7678571428571429,0.637024509324746,0.637024509324746,0.637024509324746,0.16393442622950818,0.47540983606557374,0.16393442622950818,0.47540983606557374,nan,nan,nan,nan,nan,nan,nan,nan,69.0,0.029411764705882353,0.04411764705882353,1.7815890037253446,42.0,0.0,0.024390243902439025,1.0569588240940335,0.0
smc/smc_012/track.npy,smc,0.4485981308411215,0.38638352648220486,0.38638352648220486,0.38638352648220486,0.25,0.42857142857142855,0.25,0.42857142857142855,nan,nan,nan,nan,nan,nan,nan,nan,65.0,0.015625,0.046875,1.2586842420291309,37.0,0.0,0.027777777777777776,1.5248948954446666,0.0
smc/smc_013/track.npy,smc,0.8431372549019608,0.6877240363386224,0.6877240363386224,0.6877240363386224,0.5178571428571429,0.7321428571428571,0.5178571428571429,0.7321428571428571,nan,nan,nan,nan,nan,nan,nan,nan,54.0,0.0,0.0,0.6839032654859336,34.0,0.0,0.0,1.2221953913152048,0.0
smc/smc_014/track.npy,smc,0.7532467532467533,0.6150371808530737,0.6150371808530737,0.6150371808530737,0.1111111111111111,0.4444444444444444,0.1111111111111111,0.4444444444444444,nan,nan,nan,nan,nan,nan,nan,nan,37.0,0.0,0.0,1.1311898354043357,35.0,0.0,0.0,1.3105812602464086,0.0
smc/smc_015/track.npy,smc,0.32967032967032966,0.282547181515583,0.324304379108411,0.30342578031199696,0.0,0.0,0.02857142857142857,0.1,nan,nan,nan,nan,nan,nan,nan,nan,78.0,0.03896103896103896,0.03896103896103896,1.1367636853086673,43.0,0.047619047619047616,0.047619047619047616,1.673976433571672,0.0
smc/smc_016/track.npy,smc,0.6734693877551021,0.5359805719576256,0.5359805719576256,0.5359805719576256,0.12280701754385964,0.45614035087719296,0.12280701754385964,0.45614035087719296,nan,nan,nan,nan,nan,nan,nan,nan,63.0,0.016129032258064516,0.0967741935483871,1.5314763709643855,36.0,0.0,0.11428571428571428,2.1423599390053907,0.0
smc/smc_017/track.npy,smc,0.45033112582781454,0.3422121933325858,0.3776440918720679,0.35992814260232686,0.0,0.0,0.027522935779816515,0.08256880733944955,nan,nan,nan,nan,nan,nan,nan,nan,122.0,0.024793388429752067,0.12396694214876033,1.0986122886681076,76.0,0.0,0.04,1.1486227092427626,0.0
smc/smc_018/track.npy,smc,0.42580645161290326,0.3367612639096939,0.46641265598378095,0.40158695994673743,0.009433962264150943,0.02830188679245283,0.07547169811320754,0.3490566037735849,nan,nan,nan,nan,nan,nan,nan,nan,118.0,0.03418803418803419,0.21367521367521367,1.1077041997108301,85.0,0.0,0.09523809523809523,1.2046170207588531,0.0
smc/smc_019/track.npy,smc,0.6440677966101694,0.46248162764263817,0.5597702690494086,0.5111259483460234,0.08333333333333333,0.08333333333333333,0.26666666666666666,0.5777777777777777,nan,nan,nan,nan,nan,nan,nan,nan,43.0,0.023809523809523808,0.023809523809523808,1.3499267169490112,25.0,0.0,0.0,1.1589041919222811,0.0
smc/smc_021/track.npy,smc,0.5322580645161291,0.40120842321101124,0.40120842321101124,0.40120842321101124,0.08450704225352113,0.30985915492957744,0.08450704225352113,0.30985915492957744,nan,nan,nan,nan,nan,nan,nan,nan,82.0,0.08641975308641975,0.1728395061728395,1.6094379124340863,50.0,0.04081632653061224,0.12244897959183673,1.76833258206972,0.0
smc/smc_022/track.npy,smc,0.7628865979381443,0.5718867412800916,0.5718867412800916,0.5718867412800916,0.1016949152542373,0.3389830508474576,0.1016949152542373,0.3389830508474576,nan,nan,nan,nan,nan,nan,nan,nan,65.0,0.0,0.03125,1.2252977070249333,46.0,0.0,0.044444444444444446,1.4624407458329405,0.0
smc/smc_023/track.npy,smc,0.5882352941176471,0.5468095988887821,0.7380330700765391,0.6424213344826606,0.0425531914893617,0.06382978723404255,0.19148936170212766,0.5106382978723404,nan,nan,nan,nan,nan,nan,nan,nan,53.0,0.019230769230769232,0.038461538461538464,1.7621287372096934,37.0,0.0,0.0,1.3075465675250437,0.0
smc/smc_024/track.npy,smc,0.7891156462585034,0.6590731434876965,0.6590731434876965,0.6590731434876965,0.28,0.5733333333333334,0.28,0.5733333333333334,nan,nan,nan,nan,nan,nan,nan,nan,80.0,0.012658227848101266,0.0379746835443038,1.126215462687105,60.0,0.0,0.03389830508474576,1.180483969377934,0.0
smc/smc_026/track.npy,smc,0.625,0.4440046485087328,0.4440046485087328,0.4440046485087328,0.2857142857142857,0.6571428571428571,0.2857142857142857,0.6571428571428571,nan,nan,nan,nan,nan,nan,nan,nan,40.0,0.0,0.0,0.8002071301633074,34.0,0.0,0.0,0.3354275675270827,0.0
smc/smc_027/track.npy,smc,0.4,0.278692375177304,0.30108566639109186,0.2898890207841979,0.06349206349206349,0.19047619047619047,0.0684931506849315,0.19047619047619047,nan,nan,nan,nan,nan,nan,nan,nan,71.0,0.04285714285714286,0.08571428571428572,1.6424519735681855,40.0,0.05128205128205128,0.10256410256410256,2.459239087592666,0.0
smc/smc_028/track.npy,smc,0.6333333333333333,0.5181724765374645,0.5181724765374645,0.5181724765374645,0.14516129032258066,0.5,0.14516129032258066,0.5,nan,nan,nan,nan,nan,nan,nan,nan,65.0,0.0,0.09375,1.188491159820615,52.0,0.0,0.09803921568627451,1.791759469228055,0.0
smc/smc_030/track.npy,smc,0.7652173913043477,0.5779616834819344,0.5779616834819344,0.5779616834819344,0.06896551724137931,0.47413793103448276,0.06896551724137931,0.47413793103448276,nan,nan,nan,nan,nan,nan,nan,nan,132.0,0.06870229007633588,0.15267175572519084,1.2503835764028346,61.0,0.05,0.06666666666666667,1.7065499427886275,0.0
smc/smc_032/track.npy,smc,0.5625000000000001,0.43106479424947947,0.43106479424947947,0.43106479424947947,0.37037037037037035,0.37037037037037035,0.37037037037037035,0.37037037037037035,nan,nan,nan,nan,nan,nan,nan,nan,44.0,0.023255813953488372,0.023255813953488372,1.2726007106888513,34.0,0.030303030303030304,0.030303030303030304,1.3709255910969742,0.0
smc/smc_033/track.npy,smc,0.6306306306306305,0.4932708136756348,0.4932708136756348,0.4932708136756348,0.1724137931034483,0.5344827586206896,0.1724137931034483,0.5344827586206896,nan,nan,nan,nan,nan,nan,nan,nan,67.0,0.030303030303030304,0.09090909090909091,1.6943830786655012,41.0,0.025,0.075,1.793594383094901,0.0
smc/smc_034/track.npy,smc,0.88,0.7127355098464647,0.7127355098464647,0.7127355098464647,0.8947368421052632,0.9473684210526315,0.8947368421052632,0.9473684210526315,nan,nan,nan,nan,nan,nan,nan,nan,43.0,0.023809523809523808,0.023809523809523808,0.6312717768418554,39.0,0.02631578947368421,0.02631578947368421,0.7281842635593584,0.0
smc/smc_035/track.npy,smc,0.29629629629629634,0.17061895968556265,0.20820931402817164,0.18941413685686714,0.058823529411764705,0.058823529411764705,0.3,0.5,nan,nan,nan,nan,nan,nan,nan,nan,22.0,0.0,0.0,1.3917993927215584,19.0,0.0,0.0,1.2127509571802886,0.0
smc/smc_036/track.npy,smc,0.735632183908046,0.5707876281845675,0.6475230177414446,0.609155322963006,0.11764705882352941,0.29411764705882354,0.28169014084507044,0.4788732394366197,nan,nan,nan,nan,nan,nan,nan,nan,52.0,0.0,0.0,0.7620218382151763,39.0,0.0,0.0,1.040071400420919,0.0
smc/smc_037/track.npy,smc,0.576271186440678,0.41457200407241096,0.41457200407241096,0.41457200407241096,0.11764705882352941,0.20588235294117646,0.11764705882352941,0.20588235294117646,nan,nan,nan,nan,nan,nan,nan,nan,30.0,0.0,0.0,1.1370873956528138,30.0,0.0,0.0,1.1370873956528138,0.0
smc/smc_038/track.npy,smc,0.6419753086419753,0.4987204796667389,0.4987204796667389,0.4987204796667389,0.15555555555555556,0.35555555555555557,0.15555555555555556,0.35555555555555557,nan,nan,nan,nan,nan,nan,nan,nan,51.0,0.04,0.08,1.7997517104093799,40.0,0.02564102564102564,0.05128205128205128,1.6073146547669102,0.0
smc/smc_041/track.npy,smc,0.52,0.41270590975347354,0.41270590975347354,0.41270590975347354,0.05084745762711865,0.1694915254237288,0.09876543209876543,0.1694915254237288,nan,nan,nan,nan,nan,nan,nan,nan,65.0,0.046875,0.078125,2.1712831656853737,38.0,0.0,0.05405405405405406,1.822945366258626,0.0
smc/smc_042/track.npy,smc,0.5822784810126582,0.46415944023765277,0.7150723907921347,0.5896159155148937,0.019230769230769232,0.019230769230769232,0.9245283018867925,0.9622641509433962,nan,nan,nan,nan,nan,nan,nan,nan,60.0,0.0,0.0,0.1716698334631781,39.0,0.0,0.0,0.787008602470364,0.0
smc/smc_043/track.npy,smc,0.68,0.5278115930580495,0.5278115930580495,0.5278115930580495,0.12,0.48,0.12,0.48,nan,nan,nan,nan,nan,nan,nan,nan,56.0,0.0,0.01818181818181818,1.1728546874630656,33.0,0.0,0.0,1.471250411665555,0.0
smc/smc_044/track.npy,smc,0.6835443037974683,0.47372652855409236,0.47372652855409236,0.47372652855409236,0.11627906976744186,0.46511627906976744,0.11627906976744186,0.46511627906976744,nan,nan,nan,nan,nan,nan,nan,nan,40.0,0.0,0.0,1.0895648830095248,36.0,0.0,0.0,1.1004907507107484,0.0
smc/smc_046/track.npy,smc,0.3902439024390244,0.33962260075453915,0.33962260075453915,0.33962260075453915,0.11363636363636363,0.36363636363636365,0.11363636363636363,0.36363636363636365,nan,nan,nan,nan,nan,nan,nan,nan,49.0,0.020833333333333332,0.020833333333333332,1.1723658807531065,29.0,0.0,0.0,0.9136027326716009,0.0
smc/smc_047/track.npy,smc,0.6428571428571428,0.44625160211444137,0.44625160211444137,0.44625160211444137,0.43137254901960786,0.5490196078431373,0.43137254901960786,0.5490196078431373,nan,nan,nan,nan,nan,nan,nan,nan,37.0,0.0,0.0,1.7860207310328604,22.0,0.0,0.0,1.274316671497649,0.0
smc/smc_048/track.npy,smc,0.6666666666666666,0.5079746483739941,0.5079746483739941,0.5079746483739941,0.6363636363636364,0.8636363636363636,0.6363636363636364,0.8636363636363636,nan,nan,nan,nan,nan,nan,nan,nan,24.0,0.0,0.0,1.1733104567914057,23.0,0.0,0.0,1.1913940221190749,0.0
smc/smc_051/track.npy,smc,0.5436893203883495,0.434251187534077,0.434251187534077,0.434251187534077,0.12121212121212122,0.2727272727272727,0.12121212121212122,0.2727272727272727,nan,nan,nan,nan,nan,nan,nan,nan,74.0,0.0684931506849315,0.1095890410958904,1.1587014153491566,42.0,0.0,0.024390243902439025,1.0154693680412465,0.0
smc/smc_052/track.npy,smc,0.5691056910569106,0.3474442128345216,0.3474442128345216,0.3474442128345216,0.07142857142857142,0.3142857142857143,0.07142857142857142,0.3142857142857143,nan,nan,nan,nan,nan,nan,nan,nan,80.0,0.05063291139240506,0.10126582278481013,1.626437215230146,64.0,0.031746031746031744,0.07936507936507936,1.7171001634757568,0.0
smc/smc_054/track.npy,smc,0.8,0.616174801331546,0.616174801331546,0.616174801331546,0.17777777777777778,0.5333333333333333,0.17777777777777778,0.5333333333333333,nan,nan,nan,nan,nan,nan,nan,nan,46.0,0.022222222222222223,0.022222222222222223,1.2770753710196068,20.0,0.0,0.0,0.809678935594363,0.0
smc/smc_055/track.npy,smc,0.36666666666666664,0.28963253744628065,0.28963253744628065,0.28963253744628065,0.05128205128205128,0.07692307692307693,0.05128205128205128,0.09523809523809523,nan,nan,nan,nan,nan,nan,nan,nan,24.0,0.0,0.0,1.4810920069316214,17.0,0.0,0.0,1.5640459920221745,0.0
smc/smc_056/track.npy,smc,0.27631578947368424,0.20070578364078856,0.31803621698626,0.2593710003135243,0.010752688172043012,0.03225806451612903,0.02564102564102564,0.08547008547008547,nan,nan,nan,nan,nan,nan,nan,nan,103.0,0.0784313725490196,0.16666666666666666,1.6863989535702126,54.0,0.0,0.0,1.1485288614356985,0.0
smc/smc_057/track.npy,smc,0.22222222222222224,0.17046508369448024,0.2241122664662512,0.19728867508036574,0.02702702702702703,0.02702702702702703,0.08695652173913043,0.15942028985507245,nan,nan,nan,nan,nan,nan,nan,nan,39.0,0.0,0.02631578947368421,1.5775449461720414,29.0,0.0,0.03571428571428571,1.6360875613269688,0.0
smc/smc_058/track.npy,smc,0.3384615384615385,0.2730438674923511,0.3520929138076282,0.31256839064998965,0.05555555555555555,0.1388888888888889,0.10344827586206896,0.3103448275862069,nan,nan,nan,nan,nan,nan,nan,nan,36.0,0.02857142857142857,0.02857142857142857,1.9998088038212027,28.0,0.037037037037037035,0.037037037037037035,2.344423883159785,0.0
smc/smc_059/track.npy,smc,0.7766990291262135,0.5906935161945535,0.5906935161945535,0.5906935161945535,0.14754098360655737,0.3770491803278688,0.14754098360655737,0.3770491803278688,nan,nan,nan,nan,nan,nan,nan,nan,65.0,0.0,0.0,0.7947055256107415,46.0,0.0,0.0,0.7382334528408244,0.0
smc/smc_060/track.npy,smc,0.4999999999999999,0.36816375632499704,0.36816375632499704,0.36816375632499704,0.0975609756097561,0.17073170731707318,0.14285714285714285,0.17073170731707318,nan,nan,nan,nan,nan,nan,nan,nan,19.0,0.0,0.0,1.439147140204088,16.0,0.0,0.0,1.3487596884104316,0.0
smc/smc_061/track.npy,smc,0.5531914893617021,0.4307295372821221,0.4373396870725961,0.43403461217735906,0.08333333333333333,0.16666666666666666,0.1111111111111111,0.3111111111111111,nan,nan,nan,nan,nan,nan,nan,nan,25.0,0.0,0.0,1.3416989713625938,24.0,0.0,0.0,1.3523542956856087,0.0
smc/smc_063/track.npy,smc,0.5576923076923078,0.4106643839654429,0.4106643839654429,0.4106643839654429,0.1509433962264151,0.41509433962264153,0.1509433962264151,0.41509433962264153,nan,nan,nan,nan,nan,nan,nan,nan,57.0,0.0,0.0,1.115917970008959,34.0,0.0,0.0,1.2187201264083276,0.0
smc/smc_064/track.npy,smc,0.20689655172413796,0.155941398857874,0.16465051044833406,0.16029595465310403,0.0,0.0,0.0967741935483871,0.2903225806451613,nan,nan,nan,nan,nan,nan,nan,nan,65.0,0.078125,0.140625,1.7303085509163942,59.0,0.08620689655172414,0.15517241379310345,1.94590056642386,0.0
smc/smc_065/track.npy,smc,0.6304347826086958,0.44745779159639043,0.44745779159639043,0.44745779159639043,0.10204081632653061,0.3469387755102041,0.10204081632653061,0.3469387755102041,nan,nan,nan,nan,nan,nan,nan,nan,54.0,0.0,0.018867924528301886,1.3613993452877327,34.0,0.0,0.030303030303030304,1.4602307342009606,0.0
smc/smc_066/track.npy,smc,0.3870967741935484,0.27884793173706635,0.27884793173706635,0.27884793173706635,0.17142857142857143,0.4,0.17142857142857143,0.4,nan,nan,nan,nan,nan,nan,nan,nan,41.0,0.0,0.0,0.8541971475359011,24.0,0.0,0.0,0.8472978603872068,0.0
smc/smc_067/track.npy,smc,0.7676767676767676,0.5454523202684861,0.5454523202684861,0.5454523202684861,0.36,0.74,0.36,0.74,nan,nan,nan,nan,nan,nan,nan,nan,56.0,0.01818181818181818,0.03636363636363636,1.2354214172768636,25.0,0.0,0.0,1.2113031380414925,0.0
smc/smc_068/track.npy,smc,0.8235294117647058,0.5694402832332439,0.5694402832332439,0.5694402832332439,0.2641509433962264,0.8113207547169812,0.2641509433962264,0.8113207547169812,nan,nan,nan,nan,nan,nan,nan,nan,55.0,0.018518518518518517,0.018518518518518517,1.0552077804898459,32.0,0.03225806451612903,0.03225806451612903,1.4011377739736983,0.0
smc/smc_069/track.npy,smc,0.717948717948718,0.5619586070007097,0.5619586070007097,0.5619586070007097,0.11594202898550725,0.4492753623188406,0.11594202898550725,0.4492753623188406,nan,nan,nan,nan,nan,nan,nan,nan,84.0,0.060240963855421686,0.14457831325301204,1.1987047785430487,45.0,0.0,0.0,1.534115383365763,0.0
smc/smc_071/track.npy,smc,0.7291666666666667,0.5263267406783553,0.5263267406783553,0.5263267406783553,0.26,0.56,0.26,0.56,nan,nan,nan,nan,nan,nan,nan,nan,57.0,0.0,0.0,0.8506262894131922,36.0,0.0,0.0,1.2950554946803545,0.0
smc/smc_072/track.npy,smc,0.8089887640449438,0.6267221514915878,0.6267221514915878,0.6267221514915878,0.16,0.5,0.16,0.5,nan,nan,nan,nan,nan,nan,nan,nan,56.0,0.05454545454545454,0.09090909090909091,1.8197744169137944,32.0,0.03225806451612903,0.03225806451612903,2.000529634559409,0.0
smc/smc_073/track.npy,smc,0.559322033898305,0.45084776840954105,0.45084776840954105,0.45084776840954105,0.03896103896103896,0.18181818181818182,0.03896103896103896,0.18181818181818182,nan,nan,nan,nan,nan,nan,nan,nan,86.0,0.08235294117647059,0.15294117647058825,1.5581446180465697,44.0,0.06976744186046512,0.06976744186046512,2.80229397092349,0.0
smc/smc_074/track.npy,smc,0.8,0.6216180159898024,0.6216180159898024,0.6216180159898024,0.1320754716981132,0.5471698113207547,0.1320754716981132,0.5471698113207547,nan,nan,nan,nan,nan,nan,nan,nan,46.0,0.0,0.0,1.0109501514386903,40.0,0.0,0.0,1.0856710575723243,0.0
smc/smc_075/track.npy,smc,0.5333333333333333,0.37721985811361686,0.37721985811361686,0.37721985811361686,0.14893617021276595,0.425531914893617,0.14893617021276595,0.425531914893617,nan,nan,nan,nan,nan,nan,nan,nan,51.0,0.0,0.0,1.3943883525092724,29.0,0.0,0.0,1.5756493617607692,0.0
smc/smc_076/track.npy,smc,0.4842105263157895,0.2885913077144025,0.2926456216162415,0.29061846466532204,0.08333333333333333,0.1875,0.08333333333333333,0.1875,nan,nan,nan,nan,nan,nan,nan,nan,54.0,0.0,0.018867924528301886,1.19472063380223,45.0,0.0,0.0,0.897310726426531,0.0
smc/smc_079/track.npy,smc,0.8623853211009175,0.7280645035280834,0.7280645035280834,0.7280645035280834,0.09090909090909091,0.5363636363636364,0.09090909090909091,0.5363636363636364,nan,nan,nan,nan,nan,nan,nan,nan,120.0,0.04201680672268908,0.14285714285714285,0.8916513255318774,95.0,0.010638297872340425,0.07446808510638298,0.9607604925711994,0.0
smc/smc_080/track.npy,smc,0.32,0.23372697879591467,0.23372697879591467,0.23372697879591467,0.0,0.0,0.05357142857142857,0.125,nan,nan,nan,nan,nan,nan,nan,nan,64.0,0.015873015873015872,0.06349206349206349,1.3231710461048622,52.0,0.0196078431372549,0.058823529411764705,1.6822850709157087,0.0
smc/smc_082/track.npy,smc,0.8141592920353982,0.6783995045053169,0.6783995045053169,0.6783995045053169,0.17543859649122806,0.6140350877192983,0.17543859649122806,0.6140350877192983,nan,nan,nan,nan,nan,nan,nan,nan,61.0,0.016666666666666666,0.1,1.1516259379526592,35.0,0.0,0.0,1.4916119725797423,0.0
smc/smc_084/track.npy,smc,0.1111111111111111,0.07188253910501224,0.11251180033828002,0.09219716972164613,0.04,0.04,0.041666666666666664,0.041666666666666664,nan,nan,nan,nan,nan,nan,nan,nan,12.0,0.09090909090909091,0.09090909090909091,3.4587162573447365,12.0,0.09090909090909091,0.09090909090909091,3.4587162573447365,0.0
smc/smc_085/track.npy,smc,0.26666666666666666,0.1900388006175574,0.1900388006175574,0.1900388006175574,0.125,0.25,0.125,0.25,nan,nan,nan,nan,nan,nan,nan,nan,32.0,0.03225806451612903,0.03225806451612903,2.031480690325975,29.0,0.03571428571428571,0.03571428571428571,2.128449700314079,0.0
smc/smc_086/track.npy,smc,0.5454545454545454,0.43915958832024005,0.5073175891153021,0.4732385887177711,0.04938271604938271,0.1111111111111111,0.08641975308641975,0.32098765432098764,nan,nan,nan,nan,nan,nan,nan,nan,88.0,0.022988505747126436,0.11494252873563218,1.4372344808323159,54.0,0.018867924528301886,0.05660377358490566,1.4545438523427352,0.0
smc/smc_087/track.npy,smc,0.8455284552845528,0.6689091030537594,0.6689091030537594,0.6689091030537594,0.25396825396825395,0.7142857142857143,0.25396825396825395,0.7142857142857143,nan,nan,nan,nan,nan,nan,nan,nan,69.0,0.014705882352941176,0.058823529411764705,1.1435184927803625,38.0,0.02702702702702703,0.02702702702702703,1.641683035369467,0.0
smc/smc_088/track.npy,smc,0.2911392405063291,0.2072855143303473,0.2568438457881151,0.2320646800592312,0.008064516129032258,0.008064516129032258,0.008064516129032258,0.024193548387096774,nan,nan,nan,nan,nan,nan,nan,nan,136.0,0.14074074074074075,0.2518518518518518,1.407512978755633,76.0,0.09333333333333334,0.12,1.6928211521040752,0.0
smc/smc_089/track.npy,smc,0.13114754098360654,0.08063557220476388,0.11039811061048614,0.09551684140762501,0.02,0.02,0.02040816326530612,0.04081632653061224,nan,nan,nan,nan,nan,nan,nan,nan,13.0,0.0,0.0,2.8348390313245813,13.0,0.0,0.0,2.8348390313245813,0.0
smc/smc_092/track.npy,smc,0.7187499999999999,0.59337262397506,0.59337262397506,0.59337262397506,0.20270270270270271,0.4864864864864865,0.20270270270270271,0.4864864864864865,nan,nan,nan,nan,nan,nan,nan,nan,62.0,0.03278688524590164,0.03278688524590164,1.7513278355302202,38.0,0.0,0.0,1.6739764335716667,0.0
smc/smc_093/track.npy,smc,0.498220640569395,0.3392671552012909,0.48260373301456616,0.41093544410792854,0.004878048780487805,0.00975609756097561,0.00975609756097561,0.1024390243902439,nan,nan,nan,nan,nan,nan,nan,nan,235.0,0.36752136752136755,0.7136752136752137,0.9808292530117211,171.0,0.24705882352941178,0.5,1.3126232836906193,0.0
smc/smc_095/track.npy,smc,0.5063291139240507,0.41360446711115023,0.41360446711115023,0.41360446711115023,0.14893617021276595,0.2127659574468085,0.14893617021276595,0.2127659574468085,nan,nan,nan,nan,nan,nan,nan,nan,38.0,0.0,0.0,1.307035083022979,23.0,0.0,0.0,1.4144652380865876,0.0
smc/smc_096/track.npy,smc,0.9180327868852459,0.7259851615643068,0.7259851615643068,0.7259851615643068,0.5161290322580645,0.9354838709677419,0.5161290322580645,0.9354838709677419,nan,nan,nan,nan,nan,nan,nan,nan,68.0,0.014925373134328358,0.014925373134328358,1.0853011600384246,45.0,0.0,0.0,1.0699742220456048,0.0
smc/smc_098/track.npy,smc,0.6105263157894736,0.46254228120217117,0.46254228120217117,0.46254228120217117,0.24489795918367346,0.5102040816326531,0.24489795918367346,0.5102040816326531,nan,nan,nan,nan,nan,nan,nan,nan,54.0,0.05660377358490566,0.09433962264150944,1.9299350017985435,30.0,0.034482758620689655,0.034482758620689655,2.6729017529865264,0.0
smc/smc_099/track.npy,smc,0.360655737704918,0.29246202301701796,0.29246202301701796,0.29246202301701796,0.06060606060606061,0.12121212121212122,0.1076923076923077,0.16923076923076924,nan,nan,nan,nan,nan,nan,nan,nan,34.0,0.0,0.0,1.2057754376850032,30.0,0.0,0.0,1.111187187830574,0.0
smc/smc_100/track.npy,smc,0.3220338983050847,0.21224386303347578,0.26635701271909834,0.23930043787628708,0.024691358024691357,0.04938271604938271,0.024691358024691357,0.08641975308641975,nan,nan,nan,nan,nan,nan,nan,nan,88.0,0.09195402298850575,0.1724137931034483,1.8067805119250915,45.0,0.045454545454545456,0.09090909090909091,2.4783209237973427,0.0
smc/smc_101/track.npy,smc,0.6732673267326733,0.5401022884434117,0.5401022884434117,0.5401022884434117,0.0847457627118644,0.3728813559322034,0.0847457627118644,0.3728813559322034,nan,nan,nan,nan,nan,nan,nan,nan,46.0,0.0,0.022222222222222223,1.2900307234185064,38.0,0.0,0.02702702702702703,1.5555790348265364,0.0
smc/smc_103/track.npy,smc,0.6782608695652174,0.47486298586584236,0.47486298586584236,0.47486298586584236,0.11475409836065574,0.5573770491803278,0.11475409836065574,0.5573770491803278,nan,nan,nan,nan,nan,nan,nan,nan,67.0,0.06060606060606061,0.12121212121212122,1.7212474663341588,51.0,0.04,0.08,2.0908494133099524,0.0
smc/smc_104/track.npy,smc,0.1935483870967742,0.16541130469545987,0.20379408928707232,0.18460269699126608,0.0,0.0,0.043478260869565216,0.21739130434782608,nan,nan,nan,nan,nan,nan,nan,nan,25.0,0.0,0.041666666666666664,2.159673912851,23.0,0.0,0.045454545454545456,2.228477120840317,0.0
smc/smc_105/track.npy,smc,0.2675159235668789,0.16681113884167525,0.26832333310241396,0.2175672359720446,0.023809523809523808,0.05952380952380952,0.023809523809523808,0.08333333333333333,nan,nan,nan,nan,nan,nan,nan,nan,103.0,0.17647058823529413,0.30392156862745096,1.4816045409242147,66.0,0.09230769230769231,0.15384615384615385,1.3130896771741782,0.0
smc/smc_106/track.npy,smc,0.23214285714285712,0.18117182102643029,0.19778963608833977,0.18948072855738501,0.02631578947368421,0.06578947368421052,0.02631578947368421,0.09210526315789473,nan,nan,nan,nan,nan,nan,nan,nan,85.0,0.05952380952380952,0.10714285714285714,1.776806295830955,31.0,0.03333333333333333,0.03333333333333333,1.8769172775683594,0.0
smc/smc_109/track.npy,smc,0.3157894736842105,0.2612625294982896,0.2801829101062464,0.27072271980226803,0.13157894736842105,0.18421052631578946,0.13157894736842105,0.18421052631578946,nan,nan,nan,nan,nan,nan,nan,nan,41.0,0.0,0.025,1.267704850965414,30.0,0.0,0.034482758620689655,1.582455702231541,0.0
smc/smc_111/track.npy,smc,0.6355140186915889,0.5293976845901681,0.5293976845901681,0.5293976845901681,0.06779661016949153,0.4406779661016949,0.06779661016949153,0.4406779661016949,nan,nan,nan,nan,nan,nan,nan,nan,68.0,0.014925373134328358,0.07462686567164178,1.4916548767777225,47.0,0.021739130434782608,0.10869565217391304,2.2357862587905206,0.0
smc/smc_113/track.npy,smc,0.5396825396825397,0.3763149703610919,0.3763149703610919,0.3763149703610919,0.1388888888888889,0.3055555555555556,0.1388888888888889,0.3055555555555556,nan,nan,nan,nan,nan,nan,nan,nan,37.0,0.0,0.0,1.148082180577874,18.0,0.0,0.0,0.6433924011961867,0.0
smc/smc_114/track.npy,smc,0.43243243243243246,0.3430876379709439,0.3430876379709439,0.3430876379709439,0.02631578947368421,0.13157894736842105,0.05333333333333334,0.13333333333333333,nan,nan,nan,nan,nan,nan,nan,nan,41.0,0.0,0.075,1.5214216733998052,34.0,0.0,0.0,1.6763299608208175,0.0
smc/smc_116/track.npy,smc,0.23076923076923075,0.17031598661301922,0.2496169918320783,0.20996648922254876,0.0,0.0,0.017094017094017096,0.042735042735042736,nan,nan,nan,nan,nan,nan,nan,nan,132.0,0.04580152671755725,0.16030534351145037,1.1776891011931547,105.0,0.019230769230769232,0.08653846153846154,1.1911389128391305,0.0
smc/smc_117/track.npy,smc,0.4166666666666667,0.313782302007646,0.313782302007646,0.313782302007646,0.01639344262295082,0.04918032786885246,0.01639344262295082,0.10144927536231885,nan,nan,nan,nan,nan,nan,nan,nan,70.0,0.043478260869565216,0.07246376811594203,1.6626348731440146,36.0,0.02857142857142857,0.05714285714285714,2.4490184298220203,0.0
smc/smc_118/track.npy,smc,0.39560439560439564,0.25770791725106534,0.2745928433352556,0.26615038029316046,0.034482758620689655,0.06896551724137931,0.06153846153846154,0.18461538461538463,nan,nan,nan,nan,nan,nan,nan,nan,65.0,0.046875,0.109375,1.5750109683542663,45.0,0.022727272727272728,0.06818181818181818,1.7759965748077184,0.0
smc/smc_119/track.npy,smc,0.2748091603053435,0.19112590271341998,0.22911081536981076,0.21011835904161535,0.010101010101010102,0.010101010101010102,0.010101010101010102,0.010101010101010102,nan,nan,nan,nan,nan,nan,nan,nan,112.0,0.08108108108108109,0.12612612612612611,1.3632123786455332,51.0,0.0,0.02,1.5416873560672302,0.0
smc/smc_120/track.npy,smc,0.9345794392523364,0.7005120988787867,0.7005120988787867,0.7005120988787867,0.9814814814814815,0.9814814814814815,0.9814814814814815,0.9814814814814815,nan,nan,nan,nan,nan,nan,nan,nan,59.0,0.0,0.017241379310344827,0.11925905711590816,33.0,0.0,0.0,1.1399228030122772,0.0
smc/smc_121/track.npy,smc,0.25641025641025644,0.20100819327366581,0.20100819327366581,0.20100819327366581,0.1,0.15,0.10526315789473684,0.15789473684210525,nan,nan,nan,nan,nan,nan,nan,nan,22.0,0.0,0.0,1.6633054201893878,18.0,0.0,0.0,1.8260001160301518,0.0
smc/smc_124/track.npy,smc,0.40625000000000006,0.31380307329727125,0.31380307329727125,0.31380307329727125,0.23684210526315788,0.2894736842105263,0.23684210526315788,0.2894736842105263,nan,nan,nan,nan,nan,nan,nan,nan,28.0,0.037037037037037035,0.07407407407407407,2.5180461440185864,25.0,0.041666666666666664,0.08333333333333333,2.5714332517366625,0.0
smc/smc_126/track.npy,smc,0.6268656716417911,0.43526352142278507,0.43526352142278507,0.43526352142278507,0.10526315789473684,0.34210526315789475,0.13793103448275862,0.41379310344827586,nan,nan,nan,nan,nan,nan,nan,nan,30.0,0.034482758620689655,0.034482758620689655,2.002300912889656,25.0,0.041666666666666664,0.041666666666666664,2.33603028309692,0.0
smc/smc_127/track.npy,smc,0.41379310344827586,0.3295812164910518,0.3295812164910518,0.3295812164910518,0.07142857142857142,0.125,0.07142857142857142,0.125,nan,nan,nan,nan,nan,nan,nan,nan,63.0,0.06451612903225806,0.12903225806451613,1.8870696490324421,34.0,0.06060606060606061,0.15151515151515152,2.4784348090984363,0.0
smc/smc_130/track.npy,smc,0.4473684210526316,0.3495021573194072,0.3495021573194072,0.3495021573194072,0.058823529411764705,0.13725490196078433,0.0784313725490196,0.23529411764705882,nan,nan,nan,nan,nan,nan,nan,nan,55.0,0.018518518518518517,0.05555555555555555,1.5786619358015503,44.0,0.0,0.023255813953488372,1.5977342813417699,0.0
smc/smc_133/track.npy,smc,0.43478260869565216,0.2941056849009204,0.2941056849009204,0.2941056849009204,0.012987012987012988,0.07792207792207792,0.012987012987012988,0.07792207792207792,nan,nan,nan,nan,nan,nan,nan,nan,86.0,0.08235294117647059,0.09411764705882353,1.6373092618336653,45.0,0.06818181818181818,0.06818181818181818,2.3272777055844163,0.0
smc/smc_135/track.npy,smc,0.6744186046511628,0.49872642202933704,0.49872642202933704,0.49872642202933704,0.2608695652173913,0.391304347826087,0.2608695652173913,0.391304347826087,nan,nan,nan,nan,nan,nan,nan,nan,43.0,0.0,0.023809523809523808,1.498506351726819,28.0,0.0,0.0,0.9682191094370787,0.0
smc/smc_137/track.npy,smc,0.6504065040650406,0.5104350748858971,0.5104350748858971,0.5104350748858971,0.08,0.25333333333333335,0.08,0.25333333333333335,nan,nan,nan,nan,nan,nan,nan,nan,51.0,0.0,0.0,0.9631548604938929,40.0,0.0,0.0,1.2188263169411666,0.0
smc/smc_139/track.npy,smc,0.25333333333333335,0.17985206226391123,0.3130711900623328,0.246461626163122,0.0,0.0,0.007874015748031496,0.007874015748031496,nan,nan,nan,nan,nan,nan,nan,nan,148.0,0.1564625850340136,0.2925170068027211,1.1631508098056806,75.0,0.02702702702702703,0.0945945945945946,1.7611795315423822,0.0
smc/smc_140/track.npy,smc,0.5957446808510639,0.43694534602491625,0.43694534602491625,0.43694534602491625,0.07407407407407407,0.35802469135802467,0.07407407407407407,0.35802469135802467,nan,nan,nan,nan,nan,nan,nan,nan,92.0,0.03296703296703297,0.04395604395604396,1.5669725575900544,51.0,0.0,0.0,1.3780690245440659,0.0
smc/smc_142/track.npy,smc,0.4705882352941176,0.35086038607776193,0.35086038607776193,0.35086038607776193,0.13953488372093023,0.32558139534883723,0.13953488372093023,0.32558139534883723,nan,nan,nan,nan,nan,nan,nan,nan,50.0,0.02040816326530612,0.02040816326530612,1.4607008973205828,32.0,0.0,0.0,1.4798434161654608,0.0
smc/smc_143/track.npy,smc,0.5263157894736843,0.3882166005902321,0.3882166005902321,0.3882166005902321,0.06172839506172839,0.20987654320987653,0.06172839506172839,0.20987654320987653,nan,nan,nan,nan,nan,nan,nan,nan,89.0,0.045454545454545456,0.1590909090909091,1.4451167671041343,47.0,0.0,0.021739130434782608,1.5270268777531972,0.0
smc/smc_146/track.npy,smc,0.4406779661016949,0.31333097975676655,0.31333097975676655,0.31333097975676655,0.09090909090909091,0.18181818181818182,0.09090909090909091,0.18181818181818182,nan,nan,nan,nan,nan,nan,nan,nan,29.0,0.0,0.0,1.580683276857028,25.0,0.0,0.0,1.6116007681416231,0.0
smc/smc_147/track.npy,smc,0.4642857142857143,0.3198432263383895,0.35993785376074156,0.33989054004956554,0.10344827586206896,0.29310344827586204,0.10344827586206896,0.29310344827586204,nan,nan,nan,nan,nan,nan,nan,nan,58.0,0.0,0.0,1.3581458117107676,35.0,0.0,0.0,1.795661939206204,0.0
smc/smc_148/track.npy,smc,0.34285714285714286,0.2469837582030372,0.27544505391053753,0.26121440605678736,0.03225806451612903,0.0967741935483871,0.03225806451612903,0.0967741935483871,nan,nan,nan,nan,nan,nan,nan,nan,69.0,0.07352941176470588,0.1323529411764706,1.8491830323804734,40.0,0.0,0.02564102564102564,1.7869148742955723,0.0
smc/smc_149/track.npy,smc,0.4142011834319527,0.3116604676384395,0.39278227233880236,0.35222136998862097,0.007936507936507936,0.023809523809523808,0.031746031746031744,0.14285714285714285,nan,nan,nan,nan,nan,nan,nan,nan,140.0,0.11510791366906475,0.3237410071942446,1.3953880543923651,97.0,0.052083333333333336,0.15625,1.5040773967762715,0.0
smc/smc_150/track.npy,smc,0.7862068965517242,0.6319886321598565,0.6319886321598565,0.6319886321598565,0.14814814814814814,0.48148148148148145,0.14814814814814814,0.48148148148148145,nan,nan,nan,nan,nan,nan,nan,nan,93.0,0.07608695652173914,0.21739130434782608,1.7144670683168768,56.0,0.03636363636363636,0.14545454545454545,1.8723895358884703,0.0
smc/smc_151/track.npy,smc,0.5652173913043478,0.37544865193709276,0.46885067249593854,0.4221496622165156,0.0457516339869281,0.08496732026143791,0.0457516339869281,0.0915032679738562,nan,nan,nan,nan,nan,nan,nan,nan,169.0,0.13095238095238096,0.44642857142857145,0.9437452310814562,92.0,0.0,0.14285714285714285,1.4270760889969858,0.0
smc/smc_152/track.npy,smc,0.5714285714285714,0.5044760088319769,0.5044760088319769,0.5044760088319769,0.08,0.22,0.08,0.22,nan,nan,nan,nan,nan,nan,nan,nan,56.0,0.01818181818181818,0.05454545454545454,1.3173259820551881,39.0,0.0,0.02631578947368421,1.3598685936551664,0.0
smc/smc_153/track.npy,smc,0.47619047619047616,0.3778528097560515,0.3778528097560515,0.3778528097560515,0.09090909090909091,0.18181818181818182,0.10344827586206896,0.18181818181818182,nan,nan,nan,nan,nan,nan,nan,nan,36.0,0.0,0.0,1.6502833490783386,23.0,0.0,0.0,1.2074151485169122,0.0
smc/smc_154/track.npy,smc,0.3448275862068966,0.27961627264330874,0.27961627264330874,0.27961627264330874,0.0625,0.09375,0.0625,0.09375,nan,nan,nan,nan,nan,nan,nan,nan,30.0,0.0,0.0,1.2864751674830133,20.0,0.0,0.0,1.4943249621304875,0.0
smc/smc_157/track.npy,smc,0.3376623376623376,0.22357585208318131,0.24077848335025942,0.23217716771672037,0.045454545454545456,0.1590909090909091,0.04597701149425287,0.1590909090909091,nan,nan,nan,nan,nan,nan,nan,nan,40.0,0.05128205128205128,0.10256410256410256,2.6665785615581896,22.0,0.0,0.047619047619047616,2.6700156059136213,0.0
smc/smc_158/track.npy,smc,0.38095238095238093,0.32107359774418526,0.32107359774418526,0.32107359774418526,0.025,0.05,0.044444444444444446,0.1111111111111111,nan,nan,nan,nan,nan,nan,nan,nan,47.0,0.021739130434782608,0.043478260869565216,1.882107527725598,36.0,0.02857142857142857,0.02857142857142857,1.9552982697489893,0.0
smc/smc_159/track.npy,smc,0.5,0.3574976624905153,0.3574976624905153,0.3574976624905153,0.09259259259259259,0.5,0.09259259259259259,0.5,nan,nan,nan,nan,nan,nan,nan,nan,45.0,0.0,0.022727272727272728,1.6978689227413402,30.0,0.0,0.034482758620689655,1.929176057356839,0.0
smc/smc_161/track.npy,smc,0.5588235294117646,0.36687790493145017,0.36687790493145017,0.36687790493145017,0.5428571428571428,0.7714285714285715,0.5428571428571428,0.7714285714285715,nan,nan,nan,nan,nan,nan,nan,nan,36.0,0.0,0.0,1.2618214450027356,30.0,0.0,0.0,1.1970877971543752,0.0
smc/smc_166/track.npy,smc,0.6363636363636365,0.5187181247754432,0.5187181247754432,0.5187181247754432,0.17391304347826086,0.45652173913043476,0.17391304347826086,0.45652173913043476,nan,nan,nan,nan,nan,nan,nan,nan,46.0,0.0,0.0,1.1775731759421062,36.0,0.0,0.0,1.1042369729004307,0.0
smc/smc_167/track.npy,smc,0.3548387096774194,0.24990168465698803,0.2683529919038756,0.25912733828043183,0.024390243902439025,0.12195121951219512,0.0975609756097561,0.24390243902439024,nan,nan,nan,nan,nan,nan,nan,nan,46.0,0.022222222222222223,0.1111111111111111,2.331911373158031,38.0,0.02702702702702703,0.13513513513513514,2.3787337174248577,0.0
smc/smc_168/track.npy,smc,0.4,0.2940790862948647,0.2940790862948647,0.2940790862948647,0.09523809523809523,0.14285714285714285,0.1891891891891892,0.2972972972972973,nan,nan,nan,nan,nan,nan,nan,nan,24.0,0.0,0.0,0.9967973424768605,18.0,0.0,0.0,0.966588423397228,0.0
smc/smc_169/track.npy,smc,0.588957055214724,0.5109250817753599,0.5109250817753599,0.5109250817753599,0.09278350515463918,0.23711340206185566,0.09278350515463918,0.23711340206185566,nan,nan,nan,nan,nan,nan,nan,nan,73.0,0.06944444444444445,0.06944444444444445,1.6211263099351023,47.0,0.08695652173913043,0.08695652173913043,2.481065310654773,0.0
smc/smc_170/track.npy,smc,0.3928571428571429,0.30044359876155535,0.31342020091304207,0.30693189983729874,0.016,0.016,0.024,0.056,nan,nan,nan,nan,nan,nan,nan,nan,142.0,0.10638297872340426,0.24113475177304963,1.1823603949493569,86.0,0.047058823529411764,0.11764705882352941,1.562954138161304,0.0
smc/smc_171/track.npy,smc,0.23391812865497078,0.176054400801938,0.2935431213197956,0.23479876106086678,0.0,0.0,0.014184397163120567,0.04964539007092199,nan,nan,nan,nan,nan,nan,nan,nan,163.0,0.21604938271604937,0.41358024691358025,1.3217558399822866,98.0,0.05154639175257732,0.17525773195876287,1.4341590748818154,0.0
smc/smc_172/track.npy,smc,0.27218934911242604,0.1766107096732944,0.25311156934870827,0.21486113951100133,0.008,0.016,0.016,0.016,nan,nan,nan,nan,nan,nan,nan,nan,134.0,0.18045112781954886,0.42857142857142855,1.446108354298551,74.0,0.0821917808219178,0.2191780821917808,1.9715288172659289,0.0
smc/smc_173/track.npy,smc,0.296875,0.2306918511116125,0.3297557595567186,0.2802238053341656,0.0,0.0,0.009615384615384616,0.019230769230769232,nan,nan,nan,nan,nan,nan,nan,nan,116.0,0.09565217391304348,0.16521739130434782,1.5144806778661732,50.0,0.061224489795918366,0.061224489795918366,2.043660288611755,0.0
smc/smc_174/track.npy,smc,0.3428571428571428,0.2656162465319367,0.3480126687644258,0.30681445764818127,0.010638297872340425,0.0425531914893617,0.031914893617021274,0.09574468085106383,nan,nan,nan,nan,nan,nan,nan,nan,106.0,0.047619047619047616,0.18095238095238095,1.2416467726723115,70.0,0.014492753623188406,0.07246376811594203,1.5787304703800036,0.0
smc/smc_175/track.npy,smc,0.16,0.13926509086464786,0.13926509086464786,0.13926509086464786,0.16666666666666666,0.16666666666666666,0.16666666666666666,0.16666666666666666,nan,nan,nan,nan,nan,nan,nan,nan,7.0,0.0,0.0,1.2910604937337407,6.0,0.0,0.0,1.2021243796307304,0.0
smc/smc_176/track.npy,smc,0.25,0.1987215682140502,0.1987215682140502,0.1987215682140502,0.0,0.0,0.045454545454545456,0.045454545454545456,nan,nan,nan,nan,nan,nan,nan,nan,11.0,0.0,0.0,1.8933457010951609,11.0,0.0,0.0,1.8933457010951609,0.0
smc/smc_178/track.npy,smc,0.6,0.40720830190977286,0.5416039640228488,0.47440613296631085,0.05128205128205128,0.10256410256410256,0.1951219512195122,0.7317073170731707,nan,nan,nan,nan,nan,nan,nan,nan,43.0,0.023809523809523808,0.047619047619047616,1.8458266904983196,25.0,0.041666666666666664,0.08333333333333333,2.5639682194596767,0.0
smc/smc_179/track.npy,smc,0.31578947368421056,0.24438867327851105,0.2540880624837442,0.24923836788112763,0.047619047619047616,0.14285714285714285,0.12195121951219512,0.21951219512195122,nan,nan,nan,nan,nan,nan,nan,nan,19.0,0.0,0.0,1.3858792840172875,16.0,0.0,0.0,1.4071833050919575,0.0
smc/smc_181/track.npy,smc,0.36879432624113473,0.2327463404957737,0.23596813624564825,0.23435723837071099,0.0,0.0,0.009259259259259259,0.009259259259259259,nan,nan,nan,nan,nan,nan,nan,nan,121.0,0.03333333333333333,0.09166666666666666,1.1700500969543948,80.0,0.02531645569620253,0.0379746835443038,1.3953880543923574,0.0
smc/smc_182/track.npy,smc,0.7415730337078651,0.5648629331961074,0.5648629331961074,0.5648629331961074,0.25,0.7083333333333334,0.25,0.7083333333333334,nan,nan,nan,nan,nan,nan,nan,nan,57.0,0.0,0.03571428571428571,1.2206008230063472,43.0,0.0,0.023809523809523808,1.1939224684724383,0.0
smc/smc_184/track.npy,smc,0.5283018867924528,0.38342329580884194,0.4051411969369935,0.39428224637291776,0.08823529411764706,0.2647058823529412,0.10526315789473684,0.2647058823529412,nan,nan,nan,nan,nan,nan,nan,nan,20.0,0.0,0.0,1.601098673412848,19.0,0.0,0.0,1.4923356743087792,0.0
smc/smc_187/track.npy,smc,0.25,0.18745652081022138,0.18745652081022138,0.18745652081022138,0.06896551724137931,0.1724137931034483,0.06896551724137931,0.1724137931034483,nan,nan,nan,nan,nan,nan,nan,nan,35.0,0.0,0.0,2.0053535139350034,31.0,0.0,0.0,1.8346542657050926,0.0
smc/smc_188/track.npy,smc,0.7714285714285715,0.5859336415871993,0.5859336415871993,0.5859336415871993,0.07142857142857142,0.35714285714285715,0.10909090909090909,0.35714285714285715,nan,nan,nan,nan,nan,nan,nan,nan,49.0,0.0,0.0,0.8608316881030684,36.0,0.0,0.0,0.810709340737153,0.0
smc/smc_190/track.npy,smc,0.3711340206185567,0.2842079826127269,0.2842079826127269,0.2842079826127269,0.029850746268656716,0.07462686567164178,0.029850746268656716,0.07462686567164178,nan,nan,nan,nan,nan,nan,nan,nan,74.0,0.0684931506849315,0.1232876712328767,1.5749066454251297,32.0,0.0,0.03225806451612903,1.7951785734731016,0.0
smc/smc_192/track.npy,smc,0.12903225806451615,0.11547265870196471,0.11615311773697658,0.11581288821947064,0.05555555555555555,0.05555555555555555,0.23076923076923078,0.23076923076923078,nan,nan,nan,nan,nan,nan,nan,nan,15.0,0.07142857142857142,0.07142857142857142,1.3416656508570342,12.0,0.09090909090909091,0.09090909090909091,1.461611082296675,0.0
smc/smc_193/track.npy,smc,0.4022346368715084,0.30242047087994045,0.3438344688930648,0.32312746988650265,0.0,0.0,0.014705882352941176,0.058823529411764705,nan,nan,nan,nan,nan,nan,nan,nan,149.0,0.08783783783783784,0.25,0.9808292530117422,74.0,0.0273972602739726,0.0410958904109589,1.2673588425842912,0.0
smc/smc_194/track.npy,smc,0.0,3.673163675602151e-06,6.644721637713489e-06,5.15894265665782e-06,0.0,0.0,0.0,0.0,nan,nan,nan,nan,nan,nan,nan,nan,4.0,0.0,0.0,0.24089049964957177,4.0,0.0,0.0,0.24089049964957177,0.0
smc/smc_195/track.npy,smc,0.34782608695652173,0.2886303386179194,0.2886303386179194,0.2886303386179194,0.11650485436893204,0.21359223300970873,0.11650485436893204,0.21359223300970873,nan,nan,nan,nan,nan,nan,nan,nan,117.0,0.10344827586206896,0.16379310344827586,1.4469189829363565,96.0,0.12631578947368421,0.18947368421052632,1.836501149256529,0.0
smc/smc_197/track.npy,smc,0.3508771929824561,0.22247777386637824,0.2651560091316719,0.24381689149902508,0.05555555555555555,0.19444444444444445,0.14634146341463414,0.36585365853658536,nan,nan,nan,nan,nan,nan,nan,nan,39.0,0.0,0.02631578947368421,1.2348029402913903,27.0,0.0,0.038461538461538464,1.9076488889463432,0.0
smc/smc_198/track.npy,smc,0.6176470588235294,0.4669097418322864,0.4669097418322864,0.4669097418322864,0.08139534883720931,0.26744186046511625,0.08139534883720931,0.26744186046511625,nan,nan,nan,nan,nan,nan,nan,nan,99.0,0.061224489795918366,0.10204081632653061,1.4694410467844823,46.0,0.044444444444444446,0.044444444444444446,2.344419670741346,0.0
smc/smc_199/track.npy,smc,0.31055900621118016,0.2348867444086727,0.40112229663162907,0.3180045205201509,0.01652892561983471,0.024793388429752067,0.01652892561983471,0.10743801652892562,nan,nan,nan,nan,nan,nan,nan,nan,139.0,0.14492753623188406,0.3115942028985507,1.1717880013885338,77.0,0.013157894736842105,0.10526315789473684,1.491084481403349,0.0
smc/smc_202/track.npy,smc,0.25882352941176473,0.1836915799725624,0.20976355645673145,0.19672756821464693,0.03773584905660377,0.05660377358490566,0.03773584905660377,0.12698412698412698,nan,nan,nan,nan,nan,nan,nan,nan,60.0,0.03389830508474576,0.03389830508474576,2.152749771700479,48.0,0.0425531914893617,0.0425531914893617,2.203484204517319,0.0
smc/smc_203/track.npy,smc,0.25263157894736843,0.14712659383234492,0.14712659383234492,0.14712659383234492,0.10714285714285714,0.14285714285714285,0.10714285714285714,0.14285714285714285,nan,nan,nan,nan,nan,nan,nan,nan,62.0,0.03278688524590164,0.13114754098360656,1.8874113796330203,36.0,0.02857142857142857,0.08571428571428572,2.35374756284149,0.0
smc/smc_204/track.npy,smc,0.39189189189189194,0.28481905794442625,0.3230944664736448,0.30395676220903556,0.010638297872340425,0.06382978723404255,0.010638297872340425,0.07476635514018691,nan,nan,nan,nan,nan,nan,nan,nan,109.0,0.06481481481481481,0.12037037037037036,1.1364593435573103,71.0,0.02857142857142857,0.04285714285714286,1.442383827770935,0.0
smc/smc_205/track.npy,smc,0.4395604395604395,0.34983790673928145,0.5198461782757756,0.43484204250752856,0.0,0.0,0.05,0.29285714285714287,nan,nan,nan,nan,nan,nan,nan,nan,156.0,0.1870967741935484,0.36774193548387096,1.098612288668139,92.0,0.054945054945054944,0.12087912087912088,1.2803129446361468,0.0
smc/smc_206/track.npy,smc,0.45454545454545453,0.34496745939127743,0.34496745939127743,0.34496745939127743,0.05555555555555555,0.16666666666666666,0.05555555555555555,0.16666666666666666,nan,nan,nan,nan,nan,nan,nan,nan,57.0,0.03571428571428571,0.10714285714285714,1.746285345717749,33.0,0.0,0.0625,2.0215256339172867,0.0
smc/smc_207/track.npy,smc,0.4736842105263158,0.34914191095975455,0.37463012258878575,0.3618860167742701,0.029850746268656716,0.1044776119402985,0.0851063829787234,0.1702127659574468,nan,nan,nan,nan,nan,nan,nan,nan,52.0,0.0196078431372549,0.0392156862745098,1.8445321205889091,28.0,0.0,0.0,2.028593875431806,0.0
smc/smc_208/track.npy,smc,0.5454545454545455,0.3924420794503274,0.4090663444732565,0.40075421196179195,0.14285714285714285,0.34285714285714286,0.14285714285714285,0.34285714285714286,nan,nan,nan,nan,nan,nan,nan,nan,37.0,0.0,0.0,0.9815495414729861,31.0,0.0,0.0,0.9296084822677694,0.0
smc/smc_209/track.npy,smc,0.525,0.3284675268528785,0.3284675268528785,0.3284675268528785,0.15,0.55,0.15,0.55,nan,nan,nan,nan,nan,nan,nan,nan,44.0,0.023255813953488372,0.046511627906976744,1.8634008333461793,23.0,0.0,0.045454545454545456,1.4136933353080092,0.0
smc/smc_211/track.npy,smc,0.4421052631578947,0.2907575304103113,0.2907575304103113,0.2907575304103113,0.3673469387755102,0.40816326530612246,0.3673469387755102,0.40816326530612246,nan,nan,nan,nan,nan,nan,nan,nan,50.0,0.0,0.02040816326530612,1.2781769834764054,34.0,0.0,0.030303030303030304,1.3365257281891627,0.0
smc/smc_212/track.npy,smc,0.08888888888888889,0.06778168779715217,0.06778168779715217,0.06778168779715217,0.041666666666666664,0.08333333333333333,0.047619047619047616,0.08333333333333333,nan,nan,nan,nan,nan,nan,nan,nan,25.0,0.0,0.0,2.1702592882541945,20.0,0.0,0.0,2.1917941179904084,0.0
smc/smc_213/track.npy,smc,0.4155844155844156,0.3484287543771959,0.3580232832687941,0.353226018822995,0.15384615384615385,0.2564102564102564,0.15384615384615385,0.2564102564102564,nan,nan,nan,nan,nan,nan,nan,nan,43.0,0.0,0.023809523809523808,1.637608789400791,27.0,0.0,0.038461538461538464,2.256982196684279,0.0
smc/smc_214/track.npy,smc,0.16216216216216217,0.12475381178401705,0.15866344405167068,0.14170862791784386,0.041666666666666664,0.041666666666666664,0.07692307692307693,0.07692307692307693,nan,nan,nan,nan,nan,nan,nan,nan,14.0,0.0,0.0,1.9980106285590455,14.0,0.0,0.0,1.9980106285590455,0.0
smc/smc_215/track.npy,smc,0.49438202247191004,0.40247687467529364,0.40247687467529364,0.40247687467529364,0.03571428571428571,0.17857142857142858,0.046153846153846156,0.23076923076923078,nan,nan,nan,nan,nan,nan,nan,nan,62.0,0.0,0.04918032786885246,1.2031882736570512,55.0,0.0,0.037037037037037035,1.4103988330927506,0.0
smc/smc_216/track.npy,smc,0.3958333333333333,0.2730093584176713,0.2985351070138912,0.2857722327157812,0.05,0.15,0.05,0.15,nan,nan,nan,nan,nan,nan,nan,nan,69.0,0.029411764705882353,0.04411764705882353,1.5231332906985646,54.0,0.03773584905660377,0.03773584905660377,1.8061295995256916,0.0
smc/smc_217/track.npy,smc,0.5862068965517241,0.44164875522588304,0.44164875522588304,0.44164875522588304,0.16129032258064516,0.3225806451612903,0.16129032258064516,0.3225806451612903,nan,nan,nan,nan,nan,nan,nan,nan,30.0,0.0,0.0,1.096444879200315,20.0,0.0,0.0,0.62850849503021,0.0
smc/smc_219/track.npy,smc,0.53125,0.45359359206685135,0.5158044645634247,0.484699028315138,0.06329113924050633,0.20253164556962025,0.06329113924050633,0.23711340206185566,nan,nan,nan,nan,nan,nan,nan,nan,89.0,0.07954545454545454,0.11363636363636363,1.597191314078024,61.0,0.08333333333333333,0.1,2.004125125251493,0.0
smc/smc_220/track.npy,smc,0.43137254901960786,0.3167856968466913,0.33503466269259885,0.3259101797696451,0.009009009009009009,0.009009009009009009,0.02702702702702703,0.09009009009009009,nan,nan,nan,nan,nan,nan,nan,nan,124.0,0.04878048780487805,0.13008130081300814,0.9903046462286114,70.0,0.028985507246376812,0.10144927536231885,1.289789512346937,0.0
smc/smc_221/track.npy,smc,0.23880597014925373,0.1911919834459627,0.24292059114272377,0.21705628729434323,0.0,0.0,0.009615384615384616,0.09615384615384616,nan,nan,nan,nan,nan,nan,nan,nan,117.0,0.0603448275862069,0.25,1.5010968500901927,59.0,0.034482758620689655,0.13793103448275862,2.123523139063556,0.0
smc/smc_222/track.npy,smc,0.29545454545454547,0.25059467040732153,0.328952881398343,0.28977377590283226,0.031746031746031744,0.06349206349206349,0.047619047619047616,0.20634920634920634,nan,nan,nan,nan,nan,nan,nan,nan,72.0,0.056338028169014086,0.11267605633802817,1.7946276344664167,42.0,0.024390243902439025,0.04878048780487805,2.1761452101414873,0.0
smc/smc_223/track.npy,smc,0.4132231404958678,0.3114859124151816,0.3270284909503614,0.3192572016827715,0.03409090909090909,0.045454545454545456,0.056818181818181816,0.10227272727272728,nan,nan,nan,nan,nan,nan,nan,nan,95.0,0.07446808510638298,0.1595744680851064,1.5136758535673245,56.0,0.03636363636363636,0.05454545454545454,2.099529713816822,0.0
smc/smc_224/track.npy,smc,0.26470588235294124,0.15944816983853613,0.1899319710942196,0.17469007046637786,0.010101010101010102,0.010101010101010102,0.010101010101010102,0.010101010101010102,nan,nan,nan,nan,nan,nan,nan,nan,111.0,0.09090909090909091,0.2,1.4716138264324365,64.0,0.031746031746031744,0.12698412698412698,1.8969184758996225,0.0
smc/smc_225/track.npy,smc,0.29411764705882354,0.21606008285137152,0.27484342998845734,0.24545175641991443,0.0,0.0,0.009009009009009009,0.009009009009009009,nan,nan,nan,nan,nan,nan,nan,nan,123.0,0.13114754098360656,0.27049180327868855,1.3217558399823548,69.0,0.058823529411764705,0.08823529411764706,1.821155261027245,0.0
smc/smc_226/track.npy,smc,0.4415584415584416,0.25285279192886617,0.25285279192886617,0.25285279192886617,0.06666666666666667,0.13333333333333333,0.06666666666666667,0.13333333333333333,nan,nan,nan,nan,nan,nan,nan,nan,47.0,0.0,0.0,2.063197143545003,35.0,0.0,0.0,1.7446123386309722,0.0
smc/smc_227/track.npy,smc,0.37037037037037035,0.29064680358733125,0.3223836147835047,0.30651520918541797,0.05263157894736842,0.13157894736842105,0.10526315789473684,0.13157894736842105,nan,nan,nan,nan,nan,nan,nan,nan,17.0,0.0,0.0,1.29053369109413,15.0,0.0,0.0,1.35262899045514,0.0
smc/smc_229/track.npy,smc,0.6666666666666667,0.49525365188727616,0.49525365188727616,0.49525365188727616,0.13793103448275862,0.5172413793103449,0.13793103448275862,0.5172413793103449,nan,nan,nan,nan,nan,nan,nan,nan,70.0,0.028985507246376812,0.057971014492753624,1.533714388142264,43.0,0.023809523809523808,0.023809523809523808,1.9600947840472693,0.0
smc/smc_232/track.npy,smc,0.5714285714285715,0.44818051677934284,0.44818051677934284,0.44818051677934284,0.171875,0.3125,0.171875,0.3125,nan,nan,nan,nan,nan,nan,nan,nan,57.0,0.03571428571428571,0.05357142857142857,2.255419797742361,37.0,0.027777777777777776,0.027777777777777776,2.0107301575557335,0.0
smc/smc_235/track.npy,smc,0.3176470588235294,0.2529769815086923,0.30299510279330916,0.27798604215100076,0.0,0.0,0.029850746268656716,0.07462686567164178,nan,nan,nan,nan,nan,nan,nan,nan,151.0,0.12666666666666668,0.2866666666666667,1.1724533217272604,96.0,0.05263157894736842,0.10526315789473684,1.582903615995937,0.0
smc/smc_236/track.npy,smc,0.35114503816793896,0.26895354268647864,0.26895354268647864,0.26895354268647864,0.0,0.0,0.0,0.0,nan,nan,nan,nan,nan,nan,nan,nan,111.0,0.11818181818181818,0.14545454545454545,1.5469527751655636,52.0,0.0196078431372549,0.0196078431372549,1.5072546131883227,0.0
smc/smc_237/track.npy,smc,0.2962962962962963,0.21815597166610326,0.26400600335741636,0.24108098751175983,0.02857142857142857,0.05714285714285714,0.02857142857142857,0.08,nan,nan,nan,nan,nan,nan,nan,nan,74.0,0.0547945205479452,0.0821917808219178,1.6458638677642567,40.0,0.0,0.0,1.5337502976531652,0.0
smc/smc_239/track.npy,smc,0.2857142857142857,0.19089386029758162,0.2964609436730099,0.24367740198529575,0.02857142857142857,0.11428571428571428,0.05714285714285714,0.23636363636363636,nan,nan,nan,nan,nan,nan,nan,nan,37.0,0.0,0.0,1.6898362313008797,25.0,0.0,0.0,1.2625019343248534,0.0
smc/smc_241/track.npy,smc,0.304,0.1857100625237822,0.19315377206545684,0.1894319172946195,0.024390243902439025,0.07317073170731707,0.024390243902439025,0.07317073170731707,nan,nan,nan,nan,nan,nan,nan,nan,90.0,0.0898876404494382,0.1348314606741573,1.8437872292158555,66.0,0.03076923076923077,0.046153846153846156,1.3603036029288074,0.0
smc/smc_242/track.npy,smc,0.6666666666666666,0.40445893107292624,0.40445893107292624,0.40445893107292624,0.28888888888888886,0.6222222222222222,0.28888888888888886,0.6222222222222222,nan,nan,nan,nan,nan,nan,nan,nan,46.0,0.022222222222222223,0.022222222222222223,1.458835505707225,29.0,0.0,0.0,0.7266804708136285,0.0
smc/smc_243/track.npy,smc,0.5428571428571429,0.3992405933787259,0.3992405933787259,0.3992405933787259,0.046511627906976744,0.2558139534883721,0.046511627906976744,0.2558139534883721,nan,nan,nan,nan,nan,nan,nan,nan,50.0,0.0,0.02040816326530612,1.1812812625406952,32.0,0.0,0.0,1.3503562516581786,0.0
smc/smc_244/track.npy,smc,0.3177570093457943,0.2440083815073773,0.2440083815073773,0.2440083815073773,0.015873015873015872,0.015873015873015872,0.045454545454545456,0.20454545454545456,nan,nan,nan,nan,nan,nan,nan,nan,51.0,0.08,0.1,2.2864130892645,36.0,0.02857142857142857,0.02857142857142857,1.7205464537795514,0.0
smc/smc_248/track.npy,smc,0.4347826086956522,0.32724698474376784,0.32724698474376784,0.32724698474376784,0.057692307692307696,0.17307692307692307,0.057692307692307696,0.17307692307692307,nan,nan,nan,nan,nan,nan,nan,nan,47.0,0.0,0.021739130434782608,1.4660073923948866,42.0,0.0,0.0,1.3571817591643784,0.0
smc/smc_249/track.npy,smc,0.49206349206349204,0.39879090531201794,0.39879090531201794,0.39879090531201794,0.022222222222222223,0.05555555555555555,0.022222222222222223,0.08888888888888889,nan,nan,nan,nan,nan,nan,nan,nan,106.0,0.05714285714285714,0.12380952380952381,1.2484148379644018,47.0,0.0,0.0,1.1214343550322972,0.0
smc/smc_251/track.npy,smc,0.5573770491803278,0.44945221849246403,0.44945221849246403,0.44945221849246403,0.078125,0.21875,0.078125,0.21875,nan,nan,nan,nan,nan,nan,nan,nan,63.0,0.016129032258064516,0.04838709677419355,1.4966424182887552,50.0,0.0,0.02040816326530612,1.2025568139863623,0.0
smc/smc_252/track.npy,smc,0.6115702479338844,0.4858354149089665,0.4858354149089665,0.4858354149089665,0.16417910447761194,0.373134328358209,0.16417910447761194,0.373134328358209,nan,nan,nan,nan,nan,nan,nan,nan,74.0,0.0,0.0,1.0044112668164318,26.0,0.0,0.0,1.9899670651984327,0.0
smc/smc_253/track.npy,smc,0.5636363636363636,0.40098597482068177,0.40098597482068177,0.40098597482068177,0.028169014084507043,0.14084507042253522,0.028169014084507043,0.14084507042253522,nan,nan,nan,nan,nan,nan,nan,nan,82.0,0.024691358024691357,0.037037037037037035,1.6173491126948534,42.0,0.0,0.0,1.677685393533655,0.0
smc/smc_254/track.npy,smc,0.25531914893617025,0.21813470545235628,0.22752154143100647,0.22282812344168137,0.10526315789473684,0.15789473684210525,0.10526315789473684,0.15789473684210525,nan,nan,nan,nan,nan,nan,nan,nan,41.0,0.0,0.025,1.1854401402691264,31.0,0.0,0.0,1.0414433989725218,0.0
smc/smc_255/track.npy,smc,0.7647058823529411,0.6441531949581578,0.6441531949581578,0.6441531949581578,0.13513513513513514,0.4864864864864865,0.13513513513513514,0.4864864864864865,nan,nan,nan,nan,nan,nan,nan,nan,38.0,0.0,0.0,1.1198157471841157,35.0,0.0,0.0,1.1240869783646736,0.0
smc/smc_256/track.npy,smc,0.4197530864197531,0.35521734443866587,0.42689453236214286,0.39105593840040437,0.044444444444444446,0.06666666666666667,0.044444444444444446,0.06666666666666667,nan,nan,nan,nan,nan,nan,nan,nan,51.0,0.0,0.0,0.8305799155682193,41.0,0.0,0.0,1.0823631523813657,0.0
smc/smc_257/track.npy,smc,0.5666666666666668,0.40137813789240345,0.4023301046117181,0.40185412125206077,0.10294117647058823,0.20588235294117646,0.10294117647058823,0.2692307692307692,nan,nan,nan,nan,nan,nan,nan,nan,58.0,0.0,0.10526315789473684,1.4547147147954966,45.0,0.0,0.09090909090909091,1.7790842986641395,0.0
smc/smc_258/track.npy,smc,0.3127572016460905,0.2298622772525669,0.39183532866992826,0.31084880296124756,0.0,0.0,0.005235602094240838,0.031413612565445025,nan,nan,nan,nan,nan,nan,nan,nan,211.0,0.23809523809523808,0.6238095238095238,0.9555114450274143,145.0,0.10416666666666667,0.3611111111111111,1.2703036517474473,0.0
smc/smc_259/track.npy,smc,0.34693877551020413,0.2707357574587233,0.2707357574587233,0.2707357574587233,0.09722222222222222,0.20833333333333334,0.09722222222222222,0.20833333333333334,nan,nan,nan,nan,nan,nan,nan,nan,78.0,0.11688311688311688,0.15584415584415584,1.7624074641656615,62.0,0.06557377049180328,0.09836065573770492,1.74016233714361,0.0
smc/smc_260/track.npy,smc,0.7179487179487181,0.5847144576842145,0.5847144576842145,0.5847144576842145,0.203125,0.515625,0.203125,0.515625,nan,nan,nan,nan,nan,nan,nan,nan,73.0,0.041666666666666664,0.06944444444444445,1.5150668501356392,60.0,0.03389830508474576,0.05084745762711865,1.616205977726168,0.0
smc/smc_261/track.npy,smc,0.4421052631578947,0.28298880790475767,0.3150394023480553,0.29901410512640647,0.0847457627118644,0.2711864406779661,0.0847457627118644,0.2711864406779661,nan,nan,nan,nan,nan,nan,nan,nan,62.0,0.03278688524590164,0.14754098360655737,1.911325197441067,46.0,0.022222222222222223,0.1111111111111111,2.262860827656765,0.0
smc/smc_262/track.npy,smc,0.6666666666666666,0.5254790702447982,0.5254790702447982,0.5254790702447982,0.12698412698412698,0.2857142857142857,0.12698412698412698,0.2857142857142857,nan,nan,nan,nan,nan,nan,nan,nan,36.0,0.0,0.0,1.7771521129242156,34.0,0.0,0.0,1.7793993985094219,0.0
smc/smc_263/track.npy,smc,0.48717948717948717,0.39238252055892714,0.39238252055892714,0.39238252055892714,0.04081632653061224,0.16326530612244897,0.10526315789473684,0.16326530612244897,nan,nan,nan,nan,nan,nan,nan,nan,56.0,0.0,0.03636363636363636,1.1659308079811421,30.0,0.0,0.0,1.3741253482090923,0.0
smc/smc_264/track.npy,smc,0.33557046979865773,0.2545369258112829,0.37774592749636665,0.3161414266538248,0.009345794392523364,0.028037383177570093,0.037383177570093455,0.2336448598130841,nan,nan,nan,nan,nan,nan,nan,nan,118.0,0.1452991452991453,0.3162393162393162,1.5858641357855672,43.0,0.023809523809523808,0.11904761904761904,2.251291798606494,0.0
smc/smc_265/track.npy,smc,0.691358024691358,0.5280364514626367,0.5280364514626367,0.5280364514626367,0.07142857142857142,0.42857142857142855,0.07142857142857142,0.42857142857142855,nan,nan,nan,nan,nan,nan,nan,nan,86.0,0.03529411764705882,0.07058823529411765,1.463558832740529,43.0,0.023809523809523808,0.047619047619047616,1.6945957207744127,0.0
smc/smc_266/track.npy,smc,0.4242424242424242,0.2948548357829392,0.32591314481096567,0.3103839902969524,0.05263157894736842,0.15789473684210525,0.05263157894736842,0.2,nan,nan,nan,nan,nan,nan,nan,nan,43.0,0.023809523809523808,0.023809523809523808,1.272965675812896,38.0,0.02702702702702703,0.02702702702702703,1.2837521872340054,0.0
smc/smc_269/track.npy,smc,0.46153846153846156,0.32250637479883604,0.32250637479883604,0.32250637479883604,0.06382978723404255,0.2765957446808511,0.06382978723404255,0.2765957446808511,nan,nan,nan,nan,nan,nan,nan,nan,52.0,0.0196078431372549,0.058823529411764705,1.510241363702736,38.0,0.0,0.02702702702702703,1.994960042790033,0.0
smc/smc_271/track.npy,smc,0.8592592592592593,0.8094613837199329,0.8094613837199329,0.8094613837199329,0.04,0.5733333333333334,0.04,0.5733333333333334,nan,nan,nan,nan,nan,nan,nan,nan,86.0,0.058823529411764705,0.2,1.4213856809311562,35.0,0.0,0.0,0.07231239261282915,0.0
smc/smc_272/track.npy,smc,0.6408839779005524,0.6250583452853504,0.6250583452853504,0.6250583452853504,0.0,0.0,0.5245901639344263,0.5245901639344263,nan,nan,nan,nan,nan,nan,nan,nan,69.0,0.0,0.0,0.07071913623358732,18.0,0.0,0.0,0.008658062743115397,0.0
smc/smc_273/track.npy,smc,1.0,0.8226995621782949,0.8226995621782949,0.8226995621782949,1.0,1.0,1.0,1.0,nan,nan,nan,nan,nan,nan,nan,nan,64.0,0.0,0.0,0.031748698314585266,16.0,0.0,0.0,0.016000341346440905,0.0
smc/smc_274/track.npy,smc,0.3601895734597157,0.2862145179819734,0.6526831609057079,0.46944883944384064,0.0,0.0,0.0546875,0.296875,nan,nan,nan,nan,nan,nan,nan,nan,149.0,0.06756756756756757,0.3310810810810811,0.9947740716831643,54.0,0.05660377358490566,0.16981132075471697,2.258164081822776,0.0
smc/smc_275/track.npy,smc,0.4946236559139785,0.40041395067784213,0.40041395067784213,0.40041395067784213,0.0,0.0,0.0,0.0,nan,nan,nan,nan,nan,nan,nan,nan,80.0,0.0,0.0,0.08004270767354893,37.0,0.0,0.0,0.7163349871334171,0.0
smc/smc_276/track.npy,smc,0.6666666666666666,0.6171245824896381,0.925686873719829,0.7714057281047335,0.0,0.0,1.0,1.0,nan,nan,nan,nan,nan,nan,nan,nan,63.0,0.0,0.0,0.06252035698133257,16.0,0.0,0.0,0.00784317746102714,0.0
smc/smc_277/track.npy,smc,0.673913043478261,0.6527636184679341,0.9365775337002163,0.7946705760840752,0.0,0.0,1.0,1.0,nan,nan,nan,nan,nan,nan,nan,nan,69.0,0.0,0.0,0.12880688553408093,35.0,0.0,0.0,0.048651940481542644,0.0
smc/smc_278/track.npy,smc,0.9917355371900827,0.8508041828700937,0.8508041828700937,0.8508041828700937,0.9836065573770492,0.9836065573770492,0.9836065573770492,0.9836065573770492,nan,nan,nan,nan,nan,nan,nan,nan,70.0,0.0,0.0,0.06899287148694999,30.0,0.0,0.0,0.7105389232718142,0.0
smc/smc_279/track.npy,smc,1.0,0.8954984391369124,0.8954984391369124,0.8954984391369124,1.0,1.0,1.0,1.0,nan,nan,nan,nan,nan,nan,nan,nan,69.0,0.0,0.0,0.0689928714869552,35.0,0.0,0.0,0.0347282335672102,0.0
smc/smc_280/track.npy,smc,1.0,0.9171409195072477,0.9171409195072477,0.9171409195072477,1.0,1.0,1.0,1.0,nan,nan,nan,nan,nan,nan,nan,nan,57.0,0.0,0.0,0.057158413839947846,24.0,0.0,0.0,0.7073318155519017,0.0
smc/smc_281/track.npy,smc,1.0,0.8869954262436229,0.8869954262436229,0.8869954262436229,1.0,1.0,1.0,1.0,nan,nan,nan,nan,nan,nan,nan,nan,63.0,0.0,0.016129032258064516,0.0625203569813354,19.0,0.0,0.05555555555555555,0.9732075581754223,0.0
smc/smc_282/track.npy,smc,0.9818181818181818,0.9123478784299108,0.9123478784299108,0.9123478784299108,0.6909090909090909,0.9636363636363636,0.6909090909090909,0.9636363636363636,nan,nan,nan,nan,nan,nan,nan,nan,63.0,0.0,0.0,0.06252035698133257,30.0,0.0,0.0,0.01574835696813974,0.0
smc/smc_283/track.npy,smc,0.9607843137254902,0.8544478084240756,0.8544478084240756,0.8544478084240756,0.8846153846153846,0.9038461538461539,0.8846153846153846,0.9038461538461539,nan,nan,nan,nan,nan,nan,nan,nan,63.0,0.0,0.0,0.693147180559945,30.0,0.0,0.0,0.9178282780664746,0.0
smc/smc_284/track.npy,smc,0.9193548387096775,0.798766876032926,0.798766876032926,0.798766876032926,0.21212121212121213,0.7575757575757576,0.21212121212121213,0.7575757575757576,nan,nan,nan,nan,nan,nan,nan,nan,74.0,0.0958904109589041,0.1095890410958904,1.6094379124341076,26.0,0.28,0.28,3.142853569260787,0.0
smc/smc_285/track.npy,smc,0.14457831325301204,0.11583440187278636,0.6791137681714756,0.397474085022131,0.0,0.0,0.19791666666666666,0.53125,nan,nan,nan,nan,nan,nan,nan,nan,110.0,0.11009174311926606,0.14678899082568808,1.4350845252893478,57.0,0.08928571428571429,0.14285714285714285,2.03544637266187,0.0
smc/smc_286/track.npy,smc,1.0,0.9622977378794708,0.9622977378794708,0.9622977378794708,1.0,1.0,1.0,1.0,nan,nan,nan,nan,nan,nan,nan,nan,59.0,0.0,0.0,0.0664221291910848,30.0,0.0,0.0,0.047986577294929736,0.0
smc/smc_287/track.npy,smc,1.0,0.8372156282106674,0.8372156282106674,0.8372156282106674,1.0,1.0,1.0,1.0,nan,nan,nan,nan,nan,nan,nan,nan,68.0,0.0,0.0,0.03390155167568665,33.0,0.0,0.0,0.3551208069596218,0.0
smc/smc_288/track.npy,smc,0.859375,0.7899011592632147,0.7899011592632147,0.7899011592632147,0.10144927536231885,0.5797101449275363,0.10144927536231885,0.5797101449275363,nan,nan,nan,nan,nan,nan,nan,nan,79.0,0.15384615384615385,0.15384615384615385,1.6422277352570929,22.0,0.0,0.0,0.7015860492058112,0.0
smc/smc_289/track.npy,smc,0.9827586206896551,0.7846671612491245,0.7846671612491245,0.7846671612491245,1.0,1.0,1.0,1.0,nan,nan,nan,nan,nan,nan,nan,nan,66.0,0.0,0.0,0.06669137449867606,32.0,0.0,0.0,0.40354957282068715,0.0
gtzan/gtzan_blues_00000/track.npy,gtzan,0.9811320754716981,0.8773198488284323,0.8773198488284323,0.8773198488284323,0.9811320754716981,0.9811320754716981,0.9811320754716981,0.9811320754716981,0.65,0.5738019307822407,0.7838774046862641,0.6788396677342524,0.038461538461538464,0.038461538461538464,0.7407407407407407,0.9259259259259259,63.0,0.0,0.0,0.08338160893904922,31.0,0.0,0.0,0.4387750591175207,0.0
gtzan/gtzan_blues_00001/track.npy,gtzan,0.49122807017543857,0.4219882490007596,0.4219882490007596,0.4219882490007596,0.0,0.0,0.011627906976744186,0.011627906976744186,0.2692307692307693,0.25407309098878306,0.40985497967383466,0.33196403533130886,0.0,0.0,0.0,0.0,101.0,0.01,0.02,0.6011609598604502,55.0,0.0,0.0,1.0851285751568736,0.0
gtzan/gtzan_blues_00002/track.npy,gtzan,0.9848484848484849,0.8872879369185508,0.8872879369185508,0.8872879369185508,0.9253731343283582,0.9552238805970149,0.9253731343283582,0.9552238805970149,0.6956521739130436,0.6452138155944044,0.8414750061804445,0.7433444108874244,0.03333333333333333,0.1,0.4838709677419355,0.8064516129032258,80.0,0.02531645569620253,0.02531645569620253,0.4385446616841969,37.0,0.027777777777777776,0.027777777777777776,1.0318813242575189,0.0
gtzan/gtzan_blues_00003/track.npy,gtzan,0.5591397849462366,0.4289752978118541,0.4289752978118541,0.4289752978118541,0.0,0.0,0.014925373134328358,0.029850746268656716,0.3,0.2078576543304465,0.3103554993939818,0.25910657686221417,0.0,0.0,0.029411764705882353,0.029411764705882353,82.0,0.0,0.037037037037037035,0.8297098042752861,41.0,0.0,0.0,1.192689654888862,0.0
gtzan/gtzan_blues_00004/track.npy,gtzan,0.9821428571428571,0.8518024151047398,0.8518024151047398,0.8518024151047398,1.0,1.0,1.0,1.0,0.7027027027027025,0.6275452732239317,0.6275452732239317,0.6275452732239317,0.17391304347826086,0.30434782608695654,0.17391304347826086,0.30434782608695654,67.0,0.0,0.0,0.08701137698963499,29.0,0.0,0.0,1.2857390832074276,0.0
gtzan/gtzan_blues_00005/track.npy,gtzan,0.5154639175257733,0.444960345889069,0.444960345889069,0.444960345889069,0.029411764705882353,0.029411764705882353,0.029411764705882353,0.08823529411764706,0.22641509433962262,0.2104926146755309,0.3343106431217089,0.2724016288986199,0.0,0.0,0.0,0.0,79.0,0.01282051282051282,0.038461538461538464,1.0049618694267153,55.0,0.0,0.0,1.1080244876321925,0.0
gtzan/gtzan_blues_00006/track.npy,gtzan,0.49122807017543857,0.39069894055609106,0.39069894055609106,0.39069894055609106,0.012048192771084338,0.012048192771084338,0.024096385542168676,0.12048192771084337,0.09999999999999999,0.0976182977662333,0.17670614272759305,0.13716222024691319,0.0,0.0,0.0,0.0,98.0,0.1134020618556701,0.26804123711340205,1.3307133820046155,61.0,0.06666666666666667,0.1,1.6127168947164037,0.0
gtzan/gtzan_blues_00007/track.npy,gtzan,0.7628865979381444,0.6907355766374453,0.6907355766374453,0.6907355766374453,0.20689655172413793,0.43103448275862066,0.20689655172413793,0.43103448275862066,0.17777777777777776,0.17597854262805565,0.20061482452038895,0.1882966835742223,0.0,0.0,0.0,0.0,67.0,0.045454545454545456,0.12121212121212122,0.9931551058223546,43.0,0.0,0.0,0.8622235106038776,0.0
gtzan/gtzan_blues_00008/track.npy,gtzan,0.971830985915493,0.8552066161500931,0.8552066161500931,0.8552066161500931,0.971830985915493,0.971830985915493,0.971830985915493,0.971830985915493,0.6538461538461539,0.5688703964972924,0.8434672231276626,0.7061688098124775,0.0,0.0,0.9428571428571428,0.9428571428571428,85.0,0.0,0.0,0.11122563511022676,42.0,0.0,0.0,0.02817087696670073,0.0
gtzan/gtzan_blues_00009/track.npy,gtzan,0.5882352941176471,0.39733129316511806,0.39733129316511806,0.39733129316511806,0.028985507246376812,0.08695652173913043,0.028985507246376812,0.08695652173913043,0.16949152542372883,0.13962580695232035,0.2914765492065718,0.21555117807944607,0.0,0.0,0.02,0.02,81.0,0.075,0.2125,1.389034258538725,58.0,0.07017543859649122,0.14035087719298245,1.6802194764130687,0.0
gtzan/gtzan_blues_00010/track.npy,gtzan,0.6666666666666666,0.588342317356672,0.8154676714239695,0.7019049943903207,0.0,0.0,0.4411764705882353,0.8235294117647058,0.29090909090909095,0.2276072617548505,0.3411864236703422,0.28439684271259635,0.0,0.0,0.021739130434782608,0.021739130434782608,81.0,0.0125,0.0125,0.7411580376410446,57.0,0.0,0.0,1.1196763779922858,0.0
gtzan/gtzan_blues_00011/track.npy,gtzan,0.5106382978723404,0.45507585527460015,0.45507585527460015,0.45507585527460015,0.0,0.0,0.0,0.0,0.5789473684210527,0.5064902751344945,0.7928652196405475,0.649677747387521,0.0,0.0,0.7692307692307693,0.7692307692307693,83.0,0.0,0.012195121951219513,0.3364722366212063,32.0,0.0,0.0,0.7653750302033557,0.0
gtzan/gtzan_blues_00012/track.npy,gtzan,0.6538461538461539,0.5323632782911243,0.6532576345935979,0.5928104564423611,0.07692307692307693,0.18461538461538463,0.16883116883116883,0.5194805194805194,0.1702127659574468,0.1697158733027971,0.18345606270291454,0.1765859680028558,0.0,0.0,0.02702702702702703,0.02702702702702703,80.0,0.0,0.0,0.6931471805599453,47.0,0.0,0.0,1.0095575288100382,0.0
gtzan/gtzan_blues_00013/track.npy,gtzan,0.5277777777777778,0.4449203438992229,0.6488221949093779,0.5468712694043004,0.0,0.0,0.2828282828282828,0.5959595959595959,0.18181818181818182,0.1459322184207046,0.2955252576899836,0.2207287380553441,0.0,0.0,0.0,0.0,119.0,0.06779661016949153,0.19491525423728814,0.9353527678350394,89.0,0.022727272727272728,0.045454545454545456,1.1987828792165973,0.0
gtzan/gtzan_blues_00014/track.npy,gtzan,0.7654320987654321,0.6166559603641877,0.6166559603641877,0.6166559603641877,0.15217391304347827,0.5,0.15217391304347827,0.5,0.3888888888888889,0.29804401867188796,0.43492693584416253,0.36648547725802527,0.0,0.0,0.10714285714285714,0.21428571428571427,58.0,0.07017543859649122,0.08771929824561403,1.53041752569072,35.0,0.058823529411764705,0.058823529411764705,1.8971284247078057,0.0
gtzan/gtzan_blues_00015/track.npy,gtzan,0.7428571428571428,0.6359293887078972,0.6359293887078972,0.6359293887078972,0.078125,0.328125,0.14814814814814814,0.328125,0.3448275862068965,0.30292220740651904,0.4087110103124578,0.3558166088594884,0.0,0.0,0.02127659574468085,0.0425531914893617,72.0,0.056338028169014086,0.08450704225352113,1.4697617521813902,55.0,0.037037037037037035,0.037037037037037035,1.5365792830386644,0.0
gtzan/gtzan_blues_00016/track.npy,gtzan,0.578125,0.47225551202294297,0.7316912267480926,0.6019733693855178,0.0,0.0,0.5465116279069767,0.7325581395348837,0.3157894736842105,0.24278992231114715,0.4314540478294556,0.3371219850703014,0.0,0.0,0.0425531914893617,0.06382978723404255,104.0,0.038834951456310676,0.05825242718446602,0.9245657137172196,58.0,0.03508771929824561,0.03508771929824561,1.350128507379193,0.0
gtzan/gtzan_blues_00017/track.npy,gtzan,0.8875,0.6889287389209007,0.6889287389209007,0.6889287389209007,0.3146067415730337,0.5730337078651685,0.3146067415730337,0.5730337078651685,0.23880597014925373,0.19204116516238195,0.22216333567829313,0.20710225042033753,0.0,0.0,0.02040816326530612,0.04081632653061224,104.0,0.11650485436893204,0.21359223300970873,0.9555114450274635,59.0,0.017241379310344827,0.06896551724137931,1.4251255640080873,0.0
gtzan/gtzan_blues_00018/track.npy,gtzan,0.7160493827160493,0.5496788182202498,0.5496788182202498,0.5496788182202498,0.2553191489361702,0.5106382978723404,0.2553191489361702,0.5106382978723404,0.3181818181818182,0.25535203308350424,0.37692123174285336,0.3161366324131788,0.0,0.0,0.02857142857142857,0.02857142857142857,59.0,0.0,0.08620689655172414,1.13497993283899,44.0,0.0,0.023255813953488372,1.1849971033407223,0.0
gtzan/gtzan_blues_00019/track.npy,gtzan,0.48684210526315785,0.36929288927688936,0.6713338419470862,0.5203133656119878,0.0,0.0,0.0891089108910891,0.43564356435643564,0.05194805194805195,0.03237496614444068,0.10916374952457288,0.07076935783450677,0.0,0.0,0.0,0.0,119.0,0.0423728813559322,0.22033898305084745,0.8383675513927104,76.0,0.013333333333333334,0.05333333333333334,0.921634347119936,0.0
gtzan/gtzan_blues_00020/track.npy,gtzan,0.5240641711229946,0.3997665929689816,0.5606122408644227,0.48018941691670214,0.007692307692307693,0.007692307692307693,0.023076923076923078,0.16153846153846155,0.1754385964912281,0.13925126185506062,0.24019233572982013,0.1897217987924404,0.0,0.0,0.0,0.0,155.0,0.22077922077922077,0.5454545454545454,1.000345318679497,115.0,0.07894736842105263,0.32456140350877194,1.0268893968065567,0.0
gtzan/gtzan_blues_00021/track.npy,gtzan,0.8282828282828282,0.5257489565687283,0.5257489565687283,0.5257489565687283,0.22807017543859648,0.5087719298245614,0.22807017543859648,0.5087719298245614,0.3703703703703703,0.21577569450461034,0.37003225809947443,0.2929039763020424,0.0,0.0,0.0,0.0,70.0,0.014492753623188406,0.043478260869565216,0.9582407706135841,51.0,0.02,0.04,0.5814954451598144,0.0
gtzan/gtzan_blues_00022/track.npy,gtzan,0.5306122448979591,0.43030782855720595,0.6582073396338693,0.5442575840955377,0.0,0.0,0.12264150943396226,0.3867924528301887,0.25,0.19108076718264816,0.3538322898215,0.2724565285020741,0.0,0.0,0.0,0.0,124.0,0.13008130081300814,0.3008130081300813,1.0408621519458037,81.0,0.075,0.1125,1.170511991539983,0.0
gtzan/gtzan_blues_00023/track.npy,gtzan,0.5289256198347108,0.40143366855993956,0.4970544964357839,0.44924408249786174,0.025,0.05,0.16049382716049382,0.4691358024691358,0.21428571428571427,0.17693949617802432,0.32950874586287904,0.25322412102045166,0.0,0.0,0.043478260869565216,0.10869565217391304,94.0,0.021505376344086023,0.053763440860215055,0.8889596184710725,50.0,0.0,0.0,1.4565871347173909,0.0
gtzan/gtzan_blues_00024/track.npy,gtzan,0.7476635514018692,0.5737152937982088,0.5753258757512656,0.5745205847747372,0.140625,0.34375,0.140625,0.34375,0.8444444444444444,0.6340720085409866,0.6340720085409866,0.6340720085409866,0.7083333333333334,0.7083333333333334,0.7083333333333334,0.7083333333333334,78.0,0.0,0.025974025974025976,0.7204470035512005,30.0,0.0,0.0,0.9266150051773188,0.0
gtzan/gtzan_blues_00025/track.npy,gtzan,0.49253731343283574,0.3378100581258273,0.4899649255503913,0.4138874918381093,0.0,0.0,0.14893617021276595,0.39361702127659576,0.1971830985915493,0.14564637922741902,0.1477922161172482,0.1467192976723336,0.0,0.0,0.0,0.0,115.0,0.17543859649122806,0.23684210526315788,1.029619417181171,73.0,0.041666666666666664,0.041666666666666664,1.2617722212467206,0.0
gtzan/gtzan_blues_00026/track.npy,gtzan,0.8108108108108109,0.6806398360715918,0.6806398360715918,0.6806398360715918,0.3170731707317073,0.5365853658536586,0.3170731707317073,0.5365853658536586,0.32432432432432434,0.2503165760126892,0.4101719981037958,0.3302442870582425,0.0,0.0,0.034482758620689655,0.06896551724137931,49.0,0.0,0.041666666666666664,1.2408408699005167,36.0,0.0,0.02857142857142857,1.2180880810369281,0.0
gtzan/gtzan_blues_00027/track.npy,gtzan,0.6265060240963856,0.5470893466819245,0.5470893466819245,0.5470893466819245,0.29545454545454547,0.5227272727272727,0.29545454545454547,0.5227272727272727,0.33333333333333337,0.2705863460326917,0.2705863460326917,0.2705863460326917,0.0,0.0,0.07692307692307693,0.07692307692307693,53.0,0.019230769230769232,0.057692307692307696,1.3195286648076263,32.0,0.0,0.0,1.3888450609806327,0.0
gtzan/gtzan_blues_00028/track.npy,gtzan,0.735042735042735,0.5841900445697894,0.7090128061273051,0.6466014253485473,0.02702702702702703,0.17567567567567569,0.16470588235294117,0.6588235294117647,0.8936170212765957,0.7245430725438219,0.7245430725438219,0.7245430725438219,0.2692307692307692,0.6153846153846154,0.2692307692307692,0.6153846153846154,87.0,0.023255813953488372,0.03488372093023256,0.802346472524937,32.0,0.0,0.0,1.1963369361487117,0.0
gtzan/gtzan_blues_00029/track.npy,gtzan,0.6991869918699187,0.45561988483415095,0.45561988483415095,0.45561988483415095,0.1267605633802817,0.4647887323943662,0.1267605633802817,0.4647887323943662,0.339622641509434,0.22059299853174108,0.22454602089912182,0.22256950971543144,0.0,0.0,0.075,0.075,82.0,0.04938271604938271,0.16049382716049382,1.4827281837167998,47.0,0.021739130434782608,0.043478260869565216,1.7821073688212874,0.0
gtzan/gtzan_blues_00030/track.npy,gtzan,0.37168141592920356,0.2793529676168955,0.37798061345481637,0.3286667905358559,0.04477611940298507,0.13432835820895522,0.04477611940298507,0.13432835820895522,0.14285714285714288,0.12481677251237759,0.16071434694201403,0.14276555972719582,0.06666666666666667,0.06666666666666667,0.06666666666666667,0.06666666666666667,82.0,0.12345679012345678,0.20987654320987653,1.72480769746712,38.0,0.05405405405405406,0.13513513513513514,2.414237952643356,0.0
gtzan/gtzan_blues_00031/track.npy,gtzan,0.2931034482758621,0.22328614301491337,0.4354753482996574,0.32938074565728537,0.029850746268656716,0.08955223880597014,0.061855670103092786,0.19402985074626866,0.05128205128205128,0.05793456529383498,0.07757207173971746,0.06775331851677621,0.037037037037037035,0.07407407407407407,0.037037037037037035,0.07407407407407407,79.0,0.05128205128205128,0.14102564102564102,1.3141002791693979,34.0,0.030303030303030304,0.06060606060606061,1.5601512251547633,0.0
gtzan/gtzan_blues_00032/track.npy,gtzan,0.4954128440366972,0.3913294230364745,0.3917839514756601,0.3915566872560673,0.07017543859649122,0.19298245614035087,0.07017543859649122,0.19298245614035087,0.22727272727272727,0.1373402407504463,0.3158713997749566,0.22660582026270143,0.0,0.0,0.0967741935483871,0.22580645161290322,66.0,0.07692307692307693,0.18461538461538463,1.8249175403548863,37.0,0.027777777777777776,0.027777777777777776,1.6869673872100843,0.0
gtzan/gtzan_blues_00033/track.npy,gtzan,0.7272727272727274,0.549709973076187,0.5873060900994371,0.568508031587812,0.12307692307692308,0.2923076923076923,0.12307692307692308,0.4666666666666667,0.6111111111111112,0.4915965950006608,0.4915965950006608,0.4915965950006608,0.3,0.5,0.3,0.5,54.0,0.0,0.0,0.7444404749474993,25.0,0.0,0.0,1.125145491840484,0.0
gtzan/gtzan_blues_00034/track.npy,gtzan,0.8837209302325582,0.6766922864804195,0.6766922864804195,0.6766922864804195,0.44680851063829785,0.6595744680851063,0.44680851063829785,0.6595744680851063,0.5294117647058825,0.3968431515159844,0.674135418464901,0.5354892849904427,0.0,0.0,0.5,0.6666666666666666,60.0,0.0,0.0,0.6977629293599599,28.0,0.0,0.0,0.7365240187764966,0.0
gtzan/gtzan_blues_00035/track.npy,gtzan,0.5625,0.38251070881050975,0.47054422001613383,0.4265274644133218,0.1506849315068493,0.1780821917808219,0.1506849315068493,0.1780821917808219,0.36065573770491804,0.23753743069642475,0.3530521046645783,0.29529476768050156,0.0,0.0,0.06382978723404255,0.06382978723404255,85.0,0.05952380952380952,0.2619047619047619,1.0986122886681369,55.0,0.018518518518518517,0.14814814814814814,1.3747951203931246,0.0
gtzan/gtzan_blues_00036/track.npy,gtzan,0.14414414414414414,0.07818696185889895,0.5041424498845675,0.2911647058717332,0.015625,0.015625,0.109375,0.40625,0.04,0.026833615601033825,0.07331923098830585,0.05007642329466984,0.02631578947368421,0.02631578947368421,0.02631578947368421,0.05263157894736842,75.0,0.06756756756756757,0.0945945945945946,1.388723623343945,46.0,0.0,0.0,1.1292275993797785,0.0
gtzan/gtzan_blues_00037/track.npy,gtzan,0.6666666666666666,0.5256881762768807,0.5256881762768807,0.5256881762768807,0.05357142857142857,0.17857142857142858,0.05357142857142857,0.17857142857142858,0.3902439024390244,0.31520536999865345,0.4962715767547797,0.40573847337671654,0.0,0.0,0.030303030303030304,0.09090909090909091,71.0,0.04285714285714286,0.1,1.3941326326554757,42.0,0.024390243902439025,0.024390243902439025,1.4888770724971556,0.0
gtzan/gtzan_blues_00038/track.npy,gtzan,0.38655462184873945,0.2759662519216092,0.29232487670843377,0.28414556431502147,0.0,0.0,0.012048192771084338,0.07228915662650602,0.1509433962264151,0.09910339705532323,0.09910339705532323,0.09910339705532323,0.0,0.0,0.022727272727272728,0.022727272727272728,100.0,0.10101010101010101,0.23232323232323232,1.323302584789221,53.0,0.038461538461538464,0.11538461538461539,2.134548934694097,0.0
gtzan/gtzan_blues_00039/track.npy,gtzan,0.6808510638297872,0.5773210905468921,0.5773210905468921,0.5773210905468921,0.3333333333333333,0.5625,0.3333333333333333,0.5625,0.4166666666666667,0.3536164603508611,0.3536164603508611,0.3536164603508611,0.09375,0.09375,0.09375,0.09375,56.0,0.0,0.03636363636363636,1.0353784971356308,42.0,0.0,0.0,0.9825838190022791,0.0
gtzan/gtzan_blues_00040/track.npy,gtzan,0.9859154929577464,0.9417462710171146,0.9417462710171146,0.9417462710171146,0.9722222222222222,0.9722222222222222,0.9722222222222222,0.9722222222222222,0.7346938775510204,0.710747718782462,0.8777607300692118,0.7942542244258369,0.0967741935483871,0.16129032258064516,0.2857142857142857,0.7142857142857143,87.0,0.0,0.0,0.11778303565638115,38.0,0.0,0.0,0.6823556274708713,0.0
gtzan/gtzan_blues_00041/track.npy,gtzan,0.9906542056074767,0.9342516665305939,0.9342516665305939,0.9342516665305939,0.9814814814814815,0.9814814814814815,0.9814814814814815,0.9814814814814815,0.6842105263157895,0.66511156275863,0.8930529868102108,0.7790822747844204,0.04,0.08,0.44,0.84,65.0,0.0,0.0,0.08701137698962036,29.0,0.0,0.0,0.7038894546320585,0.0
gtzan/gtzan_blues_00042/track.npy,gtzan,0.4631578947368421,0.39468837854341665,0.39468837854341665,0.39468837854341665,0.0,0.0,0.0,0.0,0.3448275862068966,0.29971255063016106,0.43652527485327014,0.3681189127417156,0.0,0.0,0.08695652173913043,0.13043478260869565,84.0,0.0,0.0,0.6034324425067935,30.0,0.0,0.0,1.09861228866811,0.0
gtzan/gtzan_blues_00043/track.npy,gtzan,0.9906542056074767,0.9123439095515368,0.9123439095515368,0.9123439095515368,0.9814814814814815,0.9814814814814815,0.9814814814814815,0.9814814814814815,0.65,0.6165428872050165,0.9046622040860943,0.7606025456455554,0.0,0.0,0.9259259259259259,0.9259259259259259,65.0,0.0,0.0,0.08701137698962769,33.0,0.0,0.0,0.021506205220965524,0.0
gtzan/gtzan_blues_00044/track.npy,gtzan,0.9316770186335404,0.7498078063287591,0.7498078063287591,0.7498078063287591,0.2619047619047619,0.7142857142857143,0.2619047619047619,0.7142857142857143,0.6923076923076923,0.5962381209294318,0.5962381209294318,0.5962381209294318,0.12903225806451613,0.3548387096774194,0.12903225806451613,0.3548387096774194,95.0,0.0,0.0,0.6601067702287009,39.0,0.0,0.0,1.3994859546782468,0.0
gtzan/gtzan_blues_00045/track.npy,gtzan,0.8315789473684211,0.7755751212657883,0.7755751212657883,0.7755751212657883,0.2909090909090909,0.39090909090909093,0.2909090909090909,0.39090909090909093,0.717948717948718,0.665731917518681,0.8364107724582397,0.7510713449884603,0.02,0.14,0.18181818181818182,0.6727272727272727,97.0,0.010416666666666666,0.13541666666666666,0.9005597327777172,59.0,0.0,0.017241379310344827,0.8195938786600895,0.0
gtzan/gtzan_blues_00046/track.npy,gtzan,1.0,0.9432994602663963,0.9432994602663963,0.9432994602663963,1.0,1.0,1.0,1.0,0.8666666666666666,0.8023192672159178,0.8023192672159178,0.8023192672159178,0.5294117647058824,0.5294117647058824,0.5294117647058824,0.5294117647058824,61.0,0.0,0.0,0.04082199452025792,20.0,0.0,0.0,0.6931471805599437,0.0
gtzan/gtzan_blues_00047/track.npy,gtzan,0.943089430894309,0.7647510204922535,0.7647510204922535,0.7647510204922535,0.4126984126984127,0.8253968253968254,0.4126984126984127,0.8253968253968254,0.42857142857142855,0.3560484066117243,0.44618658413071216,0.4011174953712182,0.09523809523809523,0.09523809523809523,0.09523809523809523,0.09523809523809523,73.0,0.013888888888888888,0.013888888888888888,0.7567867812426847,27.0,0.0,0.0,1.0717286020036003,0.0
gtzan/gtzan_blues_00048/track.npy,gtzan,1.0,0.8969335083472916,0.8969335083472916,0.8969335083472916,1.0,1.0,1.0,1.0,0.6666666666666666,0.6052085738012586,0.8862370842328421,0.7457228290170503,0.0,0.0,0.9615384615384616,0.9615384615384616,61.0,0.0,0.0,0.08004270767353774,31.0,0.0,0.0,0.04082199452025424,0.0
gtzan/gtzan_blues_00049/track.npy,gtzan,0.5833333333333333,0.5189701616472097,0.6681774033546208,0.5935737825009153,0.043478260869565216,0.10869565217391304,0.3137254901960784,0.6666666666666666,0.5714285714285714,0.5053141622194148,0.6476209205693122,0.5764675413943635,0.0,0.0,0.9285714285714286,0.9285714285714286,56.0,0.0,0.01818181818181818,0.9299643633220042,17.0,0.0,0.0,0.6360971977070962,0.0
gtzan/gtzan_blues_00050/track.npy,gtzan,1.0,0.8355489827867199,0.8355489827867199,0.8355489827867199,1.0,1.0,1.0,1.0,0.7317073170731707,0.6031177798201365,0.8078679708916533,0.7054928753558949,0.11538461538461539,0.11538461538461539,0.4482758620689655,0.7931034482758621,68.0,0.0,0.0,0.09097177820572677,31.0,0.0,0.0,0.4396407640511326,0.0
gtzan/gtzan_blues_00051/track.npy,gtzan,0.9878048780487805,0.9082257404203076,0.9082257404203076,0.9082257404203076,0.9518072289156626,0.9518072289156626,0.9518072289156626,0.9518072289156626,0.6229508196721312,0.570632831903879,0.8453112252682329,0.707972028586056,0.0,0.0,0.9024390243902439,0.9024390243902439,99.0,0.0,0.0,0.13353139262452585,49.0,0.0,0.0,0.032789822822996084,0.0
gtzan/gtzan_blues_00052/track.npy,gtzan,0.6060606060606061,0.5445686792711062,0.5445686792711062,0.5445686792711062,0.0,0.0,0.0,0.0,0.3571428571428571,0.27286061869989764,0.4652274536895133,0.3690440361947055,0.0,0.0,0.043478260869565216,0.17391304347826086,54.0,0.0,0.0,0.7042588562256147,28.0,0.0,0.0,1.6193882432872722,0.0
gtzan/gtzan_blues_00053/track.npy,gtzan,1.0,0.8342855198140083,0.8342855198140083,0.8342855198140083,1.0,1.0,1.0,1.0,0.9523809523809523,0.7969282731953249,0.7969282731953249,0.7969282731953249,0.5454545454545454,0.8181818181818182,0.5454545454545454,0.8181818181818182,51.0,0.0,0.0,0.0666913744986708,14.0,0.0,0.0,0.688544643241162,0.0
gtzan/gtzan_blues_00054/track.npy,gtzan,1.0,0.8683505680873668,0.8683505680873668,0.8683505680873668,0.9868421052631579,0.9868421052631579,0.9868421052631579,0.9868421052631579,0.6666666666666666,0.5758992892886368,0.8730705160966661,0.7244849026926514,0.0,0.0,0.9736842105263158,0.9736842105263158,91.0,0.0,0.0,0.12516314295400344,45.0,0.0,0.0,0.06062462181643358,0.0
gtzan/gtzan_blues_00055/track.npy,gtzan,0.9174311926605504,0.7736192183106515,0.7736192183106515,0.7736192183106515,0.6181818181818182,0.9090909090909091,0.6181818181818182,0.9090909090909091,0.6,0.5125285694960806,0.7403646727835661,0.6264466211398234,0.0,0.0,0.9259259259259259,0.9259259259259259,66.0,0.015384615384615385,0.015384615384615385,0.3223807677939947,33.0,0.0,0.0,0.12711706919211987,0.0
gtzan/gtzan_blues_00056/track.npy,gtzan,0.5499999999999999,0.4942958863379509,0.4942958863379509,0.4942958863379509,0.0,0.0,0.0,0.0,0.5,0.46312357519134084,0.710842421781182,0.5869829984862613,0.0,0.0,0.26666666666666666,0.4666666666666667,69.0,0.0,0.0,0.7685575185606718,18.0,0.0,0.0,1.2398354999271755,0.0
gtzan/gtzan_blues_00057/track.npy,gtzan,1.0,0.9087466415452289,0.9087466415452289,0.9087466415452289,0.8974358974358975,0.9871794871794872,0.8974358974358975,0.9871794871794872,0.6785714285714285,0.6187974083663779,0.9086673027363737,0.7637323555513758,0.02702702702702703,0.02702702702702703,0.7027027027027027,0.9459459459459459,93.0,0.0,0.0,0.1823215567939509,45.0,0.0,0.0,0.09223301393764945,0.0
gtzan/gtzan_blues_00058/track.npy,gtzan,1.0,0.8434974222559212,0.8434974222559212,0.8434974222559212,1.0,1.0,1.0,1.0,1.0,0.82950455972035,0.82950455972035,0.82950455972035,1.0,1.0,1.0,1.0,53.0,0.0,0.0,0.07145896398214346,13.0,0.0,0.0,0.022066417083778045,0.0
gtzan/gtzan_blues_00059/track.npy,gtzan,0.989010989010989,0.8690017528377718,0.8690017528377718,0.8690017528377718,0.9782608695652174,0.9782608695652174,0.9782608695652174,0.9782608695652174,0.7857142857142858,0.6427605534677973,0.6870497517168201,0.6649051525923086,0.23529411764705882,0.35294117647058826,0.23529411764705882,0.47619047619047616,55.0,0.0,0.0,0.10919929196499215,20.0,0.0,0.0,0.7200546334798674,0.0
gtzan/gtzan_blues_00060/track.npy,gtzan,0.9612403100775194,0.771885978943281,0.771885978943281,0.771885978943281,0.835820895522388,0.8805970149253731,0.835820895522388,0.8805970149253731,0.7142857142857143,0.556645779570603,0.7279645817095528,0.6423051806400779,0.07407407407407407,0.14814814814814814,0.41379310344827586,0.7241379310344828,79.0,0.05128205128205128,0.05128205128205128,1.0434179914785735,32.0,0.0,0.0,0.7055697005585011,0.0
gtzan/gtzan_blues_00061/track.npy,gtzan,1.0,0.9413960767466429,0.9413960767466429,0.9413960767466429,1.0,1.0,1.0,1.0,0.6829268292682926,0.6454903964890754,0.954995335812701,0.8002428661508882,0.0,0.0,1.0,1.0,66.0,0.0,0.0,0.0870113769896318,33.0,0.0,0.0,0.0439684372552893,0.0
gtzan/gtzan_blues_00062/track.npy,gtzan,1.0,0.8763065065988815,0.8763065065988815,0.8763065065988815,1.0,1.0,1.0,1.0,0.6486486486486487,0.5608958852164987,0.8222399399727168,0.6915679125946077,0.0,0.0,0.76,0.88,57.0,0.0,0.0,0.04865062123411098,30.0,0.0,0.0,0.46375478215796107,0.0
gtzan/gtzan_blues_00063/track.npy,gtzan,1.0,0.8465654252506377,0.8465654252506377,0.8465654252506377,1.0,1.0,1.0,1.0,0.6428571428571429,0.5517668265218398,0.8148865143311569,0.6833266704264984,0.0,0.0,0.8947368421052632,0.8947368421052632,46.0,0.0,0.0,0.060624621816436186,23.0,0.0,0.0,0.015267472130789439,0.0
gtzan/gtzan_blues_00064/track.npy,gtzan,1.0,0.9731214875501736,0.9731214875501736,0.9731214875501736,1.0,1.0,1.0,1.0,0.6666666666666666,0.646770109185813,0.9570471440849048,0.8019086266353589,0.0,0.0,0.96875,0.96875,78.0,0.0,0.0,0.07848183302067782,39.0,0.0,0.0,0.026043850786086363,0.0
gtzan/gtzan_blues_00065/track.npy,gtzan,1.0,0.8748069965634204,0.8748069965634204,0.8748069965634204,1.0,1.0,1.0,1.0,0.7058823529411764,0.6084042601622055,0.8379326219895836,0.7231684410758945,0.045454545454545456,0.045454545454545456,0.782608695652174,0.9130434782608695,54.0,0.0,0.0,0.08989906606879214,26.0,0.0,0.0,0.5869094463809167,0.0
gtzan/gtzan_blues_00066/track.npy,gtzan,1.0,0.8863449717260032,0.8863449717260032,0.8863449717260032,1.0,1.0,1.0,1.0,0.8292682926829268,0.7070797925829265,0.7420570872923558,0.7245684399376411,0.375,0.4166666666666667,0.375,0.42424242424242425,82.0,0.0,0.0,0.11122563511023142,31.0,0.0,0.0,0.7151038939257482,0.0
gtzan/gtzan_blues_00067/track.npy,gtzan,1.0,0.9287091961296761,0.9287091961296761,0.9287091961296761,1.0,1.0,1.0,1.0,0.7234042553191489,0.6676904445789796,0.893066973648473,0.7803787091137263,0.1,0.1,0.45454545454545453,0.8181818181818182,81.0,0.0,0.0,0.16251892949777158,37.0,0.0,0.0,0.2377907349325295,0.0
gtzan/gtzan_blues_00068/track.npy,gtzan,1.0,0.8457360155626358,0.8457360155626358,0.8457360155626358,1.0,1.0,1.0,1.0,0.7234042553191489,0.6301051792511291,0.797711916787985,0.713908548019557,0.06666666666666667,0.13333333333333333,0.36363636363636365,0.7575757575757576,81.0,0.0,0.0,0.10594702760306599,36.0,0.0,0.0,0.6931471805599437,0.0
gtzan/gtzan_blues_00069/track.npy,gtzan,0.8888888888888888,0.7782312685771635,0.7782312685771635,0.7782312685771635,0.2564102564102564,0.6153846153846154,0.2564102564102564,0.6153846153846154,0.5925925925925926,0.578272742971119,0.8024490682803178,0.6903609056257184,0.0,0.0,0.47368421052631576,0.6842105263157895,48.0,0.0,0.02127659574468085,1.1721611247408243,22.0,0.0,0.0,1.1069649929012677,0.0
gtzan/gtzan_blues_00070/track.npy,gtzan,1.0,0.900565806807845,0.900565806807845,0.900565806807845,1.0,1.0,1.0,1.0,0.6521739130434783,0.6003013730144516,0.8926483001852551,0.7464748365998534,0.0,0.0,0.9354838709677419,0.9354838709677419,74.0,0.0,0.0,0.10008345855698275,37.0,0.0,0.0,0.048790164169431605,0.0
gtzan/gtzan_blues_00071/track.npy,gtzan,1.0,0.9482604950492405,0.9482604950492405,0.9482604950492405,1.0,1.0,1.0,1.0,0.6521739130434783,0.6106696751714022,0.9311107010919136,0.7708901881316579,0.0,0.0,0.8709677419354839,0.9354838709677419,74.0,0.0,0.0,0.09531017980432574,36.0,0.0,0.0,0.2837507009761412,0.0
gtzan/gtzan_blues_00072/track.npy,gtzan,0.5918367346938774,0.5402598970816026,0.5402598970816026,0.5402598970816026,0.014492753623188406,0.014492753623188406,0.014492753623188406,0.014492753623188406,0.6086956521739131,0.5674756173055813,0.8221494200961905,0.6948125187008859,0.0,0.0,0.625,0.75,80.0,0.0,0.0,0.9080306467420383,19.0,0.0,0.0,0.6933082270280227,0.0
gtzan/gtzan_blues_00073/track.npy,gtzan,0.963855421686747,0.7521450331778128,0.7521450331778128,0.7521450331778128,0.9761904761904762,0.9761904761904762,0.9761904761904762,0.9761904761904762,0.6451612903225806,0.47105527960844235,0.6891785027647627,0.5801168911866025,0.09523809523809523,0.09523809523809523,0.5238095238095238,0.7142857142857143,55.0,0.05555555555555555,0.07407407407407407,0.823636496535304,27.0,0.0,0.038461538461538464,1.4624534516220067,0.0
gtzan/gtzan_blues_00074/track.npy,gtzan,0.9787234042553191,0.8585424784558188,0.8585424784558188,0.8585424784558188,0.9787234042553191,0.9787234042553191,0.9787234042553191,0.9787234042553191,0.6857142857142856,0.6420385946883405,0.8881598194424744,0.7650992070654075,0.043478260869565216,0.043478260869565216,0.8260869565217391,0.9130434782608695,56.0,0.0,0.0,0.11332868530700313,27.0,0.0,0.0,0.5840186498132548,0.0
gtzan/gtzan_blues_00075/track.npy,gtzan,1.0,0.8939800408954804,0.8939800408954804,0.8939800408954804,1.0,1.0,1.0,1.0,1.0,0.8601598398565043,0.8601598398565043,0.8601598398565043,1.0,1.0,1.0,1.0,59.0,0.0,0.0,0.08004270767353472,15.0,0.0,0.0,0.019608471388375848,0.0
gtzan/gtzan_blues_00076/track.npy,gtzan,1.0,0.8210876575949285,0.8210876575949285,0.8210876575949285,1.0,1.0,1.0,1.0,0.4,0.3113019146586269,0.3891273933232836,0.35021465399095525,0.0,0.0,0.0,0.0,58.0,0.0,0.0,0.07696104113613084,30.0,0.0,0.0,0.7323678937132275,0.0
gtzan/gtzan_blues_00077/track.npy,gtzan,0.9838709677419355,0.8955205129103994,0.8955205129103994,0.8955205129103994,0.9838709677419355,0.9838709677419355,0.9838709677419355,0.9838709677419355,0.9090909090909091,0.8481018246835395,0.8481018246835395,0.8481018246835395,0.3888888888888889,0.6666666666666666,0.3888888888888889,0.6666666666666666,74.0,0.0,0.0,0.10008345855698275,21.0,0.0,0.0,0.6821040972273125,0.0
gtzan/gtzan_blues_00078/track.npy,gtzan,0.5536723163841808,0.41653104819811565,0.44225497176000267,0.42939300997905916,0.04,0.11,0.09090909090909091,0.24675324675324675,0.2926829268292683,0.2636793774629295,0.3861019455707182,0.3248906615168239,0.0,0.0,0.5625,0.625,96.0,0.14736842105263157,0.22105263157894736,1.386294361119883,23.0,0.0,0.045454545454545456,1.7462970951512957,0.0
gtzan/gtzan_blues_00079/track.npy,gtzan,0.8843537414965986,0.813070358805417,0.813070358805417,0.813070358805417,0.5061728395061729,0.6296296296296297,0.5061728395061729,0.6296296296296297,0.6122448979591837,0.5728642151443204,0.6920856299560256,0.632474922550173,0.06060606060606061,0.15151515151515152,0.48484848484848486,0.5757575757575758,94.0,0.08602150537634409,0.1827956989247312,0.9941855384377543,38.0,0.05405405405405406,0.10810810810810811,2.3577156152760894,0.0
gtzan/gtzan_blues_00080/track.npy,gtzan,1.0,0.8898312305489968,0.8898312305489968,0.8898312305489968,1.0,1.0,1.0,1.0,1.0,0.8460677778722824,0.8460677778722824,0.8460677778722824,1.0,1.0,1.0,1.0,58.0,0.0,0.0,0.039220713153284764,15.0,0.0,0.0,0.12813450938340695,0.0
gtzan/gtzan_blues_00081/track.npy,gtzan,0.8268156424581005,0.7569756887658183,0.7569756887658183,0.7569756887658183,0.6451612903225806,0.6666666666666666,0.6451612903225806,0.6666666666666666,0.6428571428571428,0.5923564251823933,0.7273467817843761,0.6598516034833847,0.14705882352941177,0.20588235294117646,0.4883720930232558,0.5348837209302325,110.0,0.045871559633027525,0.1559633027522936,0.7616315157375378,43.0,0.0,0.023809523809523808,1.4469189829363351,0.0
gtzan/gtzan_blues_00082/track.npy,gtzan,0.9811320754716981,0.8923975312460825,0.8923975312460825,0.8923975312460825,0.9811320754716981,0.9811320754716981,0.9811320754716981,0.9811320754716981,0.8387096774193549,0.7507765798584353,0.7507765798584353,0.7507765798584353,0.35294117647058826,0.6470588235294118,0.35294117647058826,0.6470588235294118,63.0,0.0,0.0,0.08338160893905688,19.0,0.0,0.0,0.6826758806926488,0.0
gtzan/gtzan_blues_00083/track.npy,gtzan,1.0,0.9748726592509648,0.9748726592509648,0.9748726592509648,1.0,1.0,1.0,1.0,0.6222222222222222,0.6087062927634839,0.9081077795083273,0.7584070361359057,0.0,0.0,0.5161290322580645,0.7741935483870968,67.0,0.0,0.0,0.044451762570840825,38.0,0.0,0.0,0.7211147630916956,0.0
gtzan/gtzan_blues_00084/track.npy,gtzan,1.0,0.8385853062263482,0.8385853062263482,0.8385853062263482,1.0,1.0,1.0,1.0,1.0,0.8542706196775492,0.8542706196775492,0.8542706196775492,1.0,1.0,1.0,1.0,56.0,0.0,0.0,0.07410797215372075,14.0,0.0,0.0,0.01834913866819654,0.0
gtzan/gtzan_blues_00085/track.npy,gtzan,0.9917355371900827,0.9074406645484897,0.9074406645484897,0.9074406645484897,0.5245901639344263,0.9672131147540983,0.5245901639344263,0.9672131147540983,0.6521739130434783,0.6296358055258704,0.9125099725223108,0.7710728890240905,0.0,0.0,0.9354838709677419,0.9354838709677419,73.0,0.013888888888888888,0.013888888888888888,0.1958629661124346,37.0,0.027777777777777776,0.027777777777777776,0.07232066157962522,0.0
gtzan/gtzan_blues_00086/track.npy,gtzan,0.9902912621359222,0.8990505865657735,0.8990505865657735,0.8990505865657735,0.9807692307692307,0.9807692307692307,0.9807692307692307,0.9807692307692307,0.6666666666666667,0.5914682309946566,0.8615504221032695,0.726509326548963,0.043478260869565216,0.043478260869565216,0.68,0.84,63.0,0.016129032258064516,0.016129032258064516,0.12260232209233357,27.0,0.0,0.0,0.7299286336166957,0.0
gtzan/gtzan_blues_00087/track.npy,gtzan,0.9931972789115647,0.8782535860139976,0.8782535860139976,0.8782535860139976,0.972972972972973,0.972972972972973,0.972972972972973,0.972972972972973,0.6666666666666666,0.5766917011304828,0.877452072959064,0.7270718870447734,0.0,0.0,0.9722222222222222,0.9722222222222222,89.0,0.0,0.0,0.1823215567939671,44.0,0.0,0.0,0.058840500022937156,0.0
gtzan/gtzan_blues_00088/track.npy,gtzan,0.22754491017964074,0.1757103695735708,0.606847610270878,0.3912789899222244,0.0,0.0,0.1875,0.4895833333333333,0.11538461538461539,0.10569708939410943,0.10569708939410943,0.10569708939410943,0.17647058823529413,0.20588235294117646,0.17647058823529413,0.20588235294117646,119.0,0.15254237288135594,0.4152542372881356,1.0319863087105434,46.0,0.06666666666666667,0.2,1.9122375117097414,0.0
gtzan/gtzan_blues_00089/track.npy,gtzan,0.7999999999999999,0.7000342919332163,0.7000342919332163,0.7000342919332163,0.16363636363636364,0.5818181818181818,0.16363636363636364,0.5818181818181818,0.27450980392156865,0.2389537998415438,0.3307095429534387,0.2848316713974912,0.0,0.0,0.0,0.0,66.0,0.06153846153846154,0.13846153846153847,1.5325898431195413,46.0,0.044444444444444446,0.1111111111111111,2.1000999007895618,0.0
gtzan/gtzan_blues_00090/track.npy,gtzan,1.0,0.8771486776751378,0.8771486776751378,0.8771486776751378,1.0,1.0,1.0,1.0,0.967741935483871,0.8682349224846376,0.8682349224846376,0.8682349224846376,0.9375,0.9375,0.9375,0.9375,71.0,0.0,0.0,0.14386686146519037,19.0,0.0,0.0,0.17439330745509288,0.0
gtzan/gtzan_blues_00091/track.npy,gtzan,1.0,0.9326547256059031,0.9326547256059031,0.9326547256059031,1.0,1.0,1.0,1.0,0.5945945945945945,0.5837356213424485,0.9019286218808191,0.7428321216116338,0.0,0.0,0.44,0.84,63.0,0.0,0.0,0.12260232209233246,30.0,0.0,0.0,0.7035099675954913,0.0
gtzan/gtzan_blues_00092/track.npy,gtzan,0.4235294117647058,0.3332174660676558,0.3847517343102332,0.3589846001889445,0.02,0.02,0.02,0.02,0.6666666666666667,0.5162412791647161,0.5162412791647161,0.5162412791647161,0.11764705882352941,0.35294117647058826,0.11764705882352941,0.35294117647058826,43.0,0.023809523809523808,0.023809523809523808,1.185623665657743,20.0,0.0,0.0,1.0787248681661414,0.0
gtzan/gtzan_blues_00093/track.npy,gtzan,0.7294117647058824,0.5982009623601755,0.5986918299850891,0.5984463961726323,0.0625,0.3541666666666667,0.0821917808219178,0.3541666666666667,0.4444444444444444,0.39443615079647754,0.39443615079647754,0.39443615079647754,0.0,0.0,0.037037037037037035,0.037037037037037035,55.0,0.0,0.0,1.0364335301409542,33.0,0.0,0.0,1.1190232859282367,0.0
gtzan/gtzan_blues_00094/track.npy,gtzan,0.9767441860465116,0.8538129128500853,0.8538129128500853,0.8538129128500853,1.0,1.0,1.0,1.0,0.6060606060606061,0.5547626397219854,0.7974463692892085,0.6761045045055969,0.0,0.0,0.9545454545454546,0.9545454545454546,52.0,0.0,0.0,0.10178269430994288,27.0,0.0,0.0,0.061974607524695996,0.0
gtzan/gtzan_blues_00095/track.npy,gtzan,0.5966850828729282,0.4923369675827621,0.653187687556658,0.57276232756971,0.008064516129032258,0.016129032258064516,0.04838709677419355,0.33064516129032256,0.29213483146067415,0.21464309976178197,0.3466439500954306,0.2806435249286063,0.0,0.0,0.013333333333333334,0.013333333333333334,148.0,0.16326530612244897,0.5238095238095238,0.9162907318741571,89.0,0.045454545454545456,0.23863636363636365,1.260538055620535,0.0
gtzan/gtzan_blues_00096/track.npy,gtzan,0.4615384615384615,0.3591004839047156,0.4603996803526584,0.409750082128687,0.05,0.1,0.14285714285714285,0.3673469387755102,0.3870967741935483,0.3033906677421716,0.32578457836879143,0.3145876230554815,0.0,0.0,0.08333333333333333,0.08333333333333333,51.0,0.04,0.1,1.3437347467010974,29.0,0.07142857142857142,0.07142857142857142,2.4938297275825825,0.0
gtzan/gtzan_blues_00097/track.npy,gtzan,0.6242038216560509,0.5659721347245257,0.731948882367199,0.6489605085458623,0.030303030303030304,0.04040404040404041,0.6551724137931034,0.6551724137931034,0.0,4.7915424269647136e-05,0.1085490738723104,0.05429849464829002,0.037037037037037035,0.037037037037037035,0.037037037037037035,0.07407407407407407,68.0,0.029850746268656716,0.1044776119402985,0.5753641449035642,32.0,0.0,0.03225806451612903,1.106837711788792,0.0
gtzan/gtzan_blues_00098/track.npy,gtzan,1.0,0.9182455590861293,0.9182455590861293,0.9182455590861293,1.0,1.0,1.0,1.0,0.962962962962963,0.9075113852213049,0.9075113852213049,0.9075113852213049,0.9285714285714286,0.9285714285714286,0.9285714285714286,0.9285714285714286,63.0,0.0,0.0,0.08338160893905111,17.0,0.0,0.0,0.2164957544456454,0.0
gtzan/gtzan_blues_00099/track.npy,gtzan,0.9620253164556962,0.8139583941281029,0.8139583941281029,0.8139583941281029,0.4,0.925,0.4,0.925,0.47368421052631576,0.41034688056487445,0.41034688056487445,0.41034688056487445,0.0,0.0,0.04,0.04,48.0,0.0,0.02127659574468085,0.2887570279757509,30.0,0.0,0.0,0.7556675375412794,0.0
gtzan/gtzan_classical_00000/track.npy,gtzan,0.951219512195122,0.8410310605524397,0.8410310605524397,0.8410310605524397,0.32558139534883723,0.813953488372093,0.32558139534883723,0.813953488372093,0.6,0.5457767392610495,0.8694660991021659,0.7076214191816077,0.0,0.0,0.75,0.85,51.0,0.0,0.0,0.7576857016975174,24.0,0.0,0.0,1.145892247324158,0.0
gtzan/gtzan_classical_00001/track.npy,gtzan,0.6829268292682927,0.5285516865680966,0.5285516865680966,0.5285516865680966,0.1702127659574468,0.3617021276595745,0.1702127659574468,0.3617021276595745,0.27906976744186046,0.17560794631809484,0.17560794631809484,0.17560794631809484,0.037037037037037035,0.037037037037037035,0.037037037037037035,0.1111111111111111,45.0,0.022727272727272728,0.022727272727272728,1.4135001004060852,33.0,0.0,0.0,1.3843885597382255,0.0
gtzan/gtzan_classical_00002/track.npy,gtzan,0.9171974522292995,0.7617214553872935,0.7617214553872935,0.7617214553872935,0.2289156626506024,0.6626506024096386,0.2289156626506024,0.6626506024096386,0.625,0.5233260026480114,0.6378206931785244,0.580573347913268,0.046511627906976744,0.09302325581395349,0.11627906976744186,0.4418604651162791,89.0,0.0,0.011363636363636364,0.7259370033829395,53.0,0.0,0.0,1.211090272094801,0.0
gtzan/gtzan_classical_00003/track.npy,gtzan,0.6399999999999999,0.5694649292976768,0.5694649292976768,0.5694649292976768,0.25925925925925924,0.5185185185185185,0.25925925925925924,0.5185185185185185,0.1,0.051620567394550565,0.0645257092431882,0.058073138318869386,0.0,0.0,0.07692307692307693,0.07692307692307693,30.0,0.0,0.034482758620689655,1.4712994810924562,18.0,0.0,0.0,1.4733034355241839,0.0
gtzan/gtzan_classical_00004/track.npy,gtzan,0.7543859649122806,0.5328577025579548,0.5906896329286364,0.5617736677432956,0.14705882352941177,0.29411764705882354,0.2608695652173913,0.4782608695652174,0.7619047619047621,0.5897226530943274,0.6132253563886134,0.6014740047414704,0.08,0.28,0.12121212121212122,0.42424242424242425,54.0,0.0,0.0,0.7204780896747018,29.0,0.0,0.0,1.02312796860136,0.0
gtzan/gtzan_classical_00005/track.npy,gtzan,0.7603305785123967,0.55614701638305,0.55614701638305,0.55614701638305,0.23809523809523808,0.6349206349206349,0.23809523809523808,0.6349206349206349,0.4363636363636364,0.3150152775331658,0.3150152775331658,0.3150152775331658,0.027777777777777776,0.08333333333333333,0.027777777777777776,0.08333333333333333,75.0,0.02702702702702703,0.05405405405405406,0.9757356410804968,41.0,0.0,0.0,1.1491814404384761,0.0
gtzan/gtzan_classical_00006/track.npy,gtzan,0.6944444444444444,0.5251276887582679,0.5251276887582679,0.5251276887582679,0.225,0.525,0.225,0.525,0.3125,0.23503892617872452,0.3239900048477558,0.27951446551324016,0.045454545454545456,0.045454545454545456,0.045454545454545456,0.18181818181818182,40.0,0.05128205128205128,0.05128205128205128,1.8897695230627756,27.0,0.038461538461538464,0.038461538461538464,2.3794892657736506,0.0
gtzan/gtzan_classical_00007/track.npy,gtzan,0.5714285714285715,0.41749981857090074,0.46567972687852294,0.44158977272471184,0.16666666666666666,0.25,0.16666666666666666,0.25,0.3050847457627119,0.25971130867888903,0.37738000746058586,0.31854565806973745,0.02702702702702703,0.02702702702702703,0.09302325581395349,0.27906976744186046,69.0,0.058823529411764705,0.08823529411764706,1.1066123757446542,44.0,0.023255813953488372,0.046511627906976744,1.4990732238484261,0.0
gtzan/gtzan_classical_00008/track.npy,gtzan,0.9026548672566371,0.7029474912621405,0.7029474912621405,0.7029474912621405,0.42105263157894735,0.8421052631578947,0.42105263157894735,0.8421052631578947,0.5833333333333334,0.44312264761020353,0.48680111613633964,0.4649618818732716,0.0,0.0,0.14705882352941177,0.20588235294117646,65.0,0.0,0.015625,0.8013991982358978,39.0,0.0,0.0,1.1817084907678077,0.0
gtzan/gtzan_classical_00009/track.npy,gtzan,0.048780487804878044,0.05748082855658061,0.06920275390241064,0.06334179122949563,0.16,0.24,0.1875,0.25,0.10526315789473684,0.07296841051695029,0.08149223336568726,0.07723032194131876,0.0,0.0,0.23076923076923078,0.3076923076923077,22.0,0.09523809523809523,0.09523809523809523,2.4052770727386728,18.0,0.0,0.0,0.9631000684355562,0.0
gtzan/gtzan_classical_00010/track.npy,gtzan,0.5631067961165048,0.4015147965842379,0.48550579063467114,0.4435102936094545,0.0847457627118644,0.2033898305084746,0.1016949152542373,0.2413793103448276,0.21739130434782608,0.12692852445589006,0.21835448711290423,0.17264150578439713,0.0,0.0,0.02857142857142857,0.02857142857142857,68.0,0.029850746268656716,0.029850746268656716,1.6406137820593374,42.0,0.0,0.0,1.155495329560057,0.0
gtzan/gtzan_classical_00011/track.npy,gtzan,0.6779661016949152,0.4975979702177231,0.4975979702177231,0.4975979702177231,0.78125,0.8125,0.78125,0.8125,0.35714285714285715,0.21255456417410926,0.40717993514788103,0.30986724966099516,0.05,0.05,0.05,0.2,32.0,0.0,0.0,0.8646209283067708,24.0,0.0,0.0,1.0657586124988199,0.0
gtzan/gtzan_classical_00012/track.npy,gtzan,0.5423728813559322,0.3946212368497663,0.3946212368497663,0.3946212368497663,0.18421052631578946,0.3157894736842105,0.18421052631578946,0.3157894736842105,0.1904761904761905,0.11793315178619461,0.11793315178619461,0.11793315178619461,0.0,0.0,0.08333333333333333,0.08333333333333333,27.0,0.0,0.0,1.5388841909414457,16.0,0.0,0.0,1.4498257348422015,0.0
gtzan/gtzan_classical_00013/track.npy,gtzan,0.9230769230769231,0.7089144266006926,0.7089144266006926,0.7089144266006926,0.7692307692307693,0.9423076923076923,0.7692307692307693,0.9423076923076923,0.43478260869565216,0.34858160091265294,0.34858160091265294,0.34858160091265294,0.0,0.0,0.0,0.0,63.0,0.0,0.0,0.08338160893905111,32.0,0.0,0.0,1.3454723665996355,0.0
gtzan/gtzan_classical_00014/track.npy,gtzan,0.6326530612244898,0.4195811940531473,0.4909814296086352,0.45528131183089127,0.04918032786885246,0.14754098360655737,0.2972972972972973,0.43243243243243246,0.6341463414634146,0.45988360420578633,0.46209722316033697,0.46099041368306165,0.11538461538461539,0.23076923076923078,0.20689655172413793,0.27586206896551724,50.0,0.08163265306122448,0.08163265306122448,2.0199768788014447,33.0,0.0,0.0,1.9670879050346364,0.0
gtzan/gtzan_classical_00015/track.npy,gtzan,0.4827586206896552,0.4308993713391448,0.4308993713391448,0.4308993713391448,0.21212121212121213,0.5757575757575758,0.21212121212121213,0.5757575757575758,0.26666666666666666,0.23671035453969136,0.36554742328059364,0.3011288889101425,0.0,0.0,0.14285714285714285,0.23809523809523808,28.0,0.0,0.0,1.07680968968905,24.0,0.0,0.0,1.1091824178187557,0.0
gtzan/gtzan_classical_00016/track.npy,gtzan,0.8292682926829269,0.6355006254900193,0.6355006254900193,0.6355006254900193,0.9285714285714286,0.9285714285714286,0.9285714285714286,0.9285714285714286,0.43999999999999995,0.34335815566489347,0.34335815566489347,0.34335815566489347,0.0,0.0,0.027777777777777776,0.027777777777777776,44.0,0.0,0.0,0.17797098794447297,40.0,0.0,0.0,1.1205911953868832,0.0
gtzan/gtzan_classical_00017/track.npy,gtzan,0.5405405405405405,0.3785854688316548,0.5467348890721379,0.4626601789518963,0.0273972602739726,0.0273972602739726,0.39473684210526316,0.7894736842105263,0.6122448979591837,0.3950128296870278,0.49145311333883135,0.44323297151292956,0.0967741935483871,0.1935483870967742,0.2857142857142857,0.6285714285714286,45.0,0.0,0.0,0.6311685565382105,36.0,0.0,0.0,0.7211021516878592,0.0
gtzan/gtzan_classical_00018/track.npy,gtzan,0.16666666666666666,0.16852202117554616,0.24623537296917944,0.20737869707236278,0.030303030303030304,0.030303030303030304,0.11764705882352941,0.35294117647058826,0.3,0.3004003547875226,0.3004003547875226,0.3004003547875226,0.25,0.3333333333333333,0.26666666666666666,0.3333333333333333,18.0,0.0,0.0,1.9179775705004678,15.0,0.0,0.0,1.925062220557269,0.0
gtzan/gtzan_classical_00019/track.npy,gtzan,0.7323943661971831,0.5011142016835625,0.5011142016835625,0.5011142016835625,0.25,0.575,0.25,0.575,0.13333333333333333,0.10333549755920216,0.12399500235451344,0.1136652499568578,0.0,0.0,0.05,0.05,33.0,0.03125,0.0625,1.660500170546125,22.0,0.0,0.0,1.3590612830513262,0.0
gtzan/gtzan_classical_00020/track.npy,gtzan,0.7818181818181819,0.6177435943612569,0.6177435943612569,0.6177435943612569,0.1694915254237288,0.6610169491525424,0.1694915254237288,0.6610169491525424,0.6382978723404256,0.5006295355654123,0.5006295355654123,0.5006295355654123,0.1111111111111111,0.3333333333333333,0.1111111111111111,0.3333333333333333,60.0,0.0,0.0,0.7430381245726476,34.0,0.0,0.0,1.1684883482708912,0.0
gtzan/gtzan_classical_00021/track.npy,gtzan,0.5333333333333334,0.4451981577121116,0.6722421920471956,0.5587201748796535,0.0,0.0,0.32142857142857145,0.6607142857142857,0.84,0.683210071876944,0.683210071876944,0.683210071876944,0.39285714285714285,0.5714285714285714,0.39285714285714285,0.5714285714285714,65.0,0.03125,0.03125,0.9122085324221244,28.0,0.0,0.0,0.5171337960967476,0.0
gtzan/gtzan_classical_00022/track.npy,gtzan,0.8089887640449439,0.617403342854633,0.617403342854633,0.617403342854633,0.5,0.625,0.5,0.625,0.48648648648648646,0.36688350681310966,0.4945007993743082,0.4306921530937089,0.0,0.0,0.3333333333333333,0.4444444444444444,57.0,0.03571428571428571,0.03571428571428571,1.6156042000618331,31.0,0.0,0.0,1.306811099688226,0.0
gtzan/gtzan_classical_00023/track.npy,gtzan,0.2295081967213115,0.18953530155320686,0.18953530155320686,0.18953530155320686,0.10256410256410256,0.1794871794871795,0.10256410256410256,0.1794871794871795,0.23076923076923078,0.18445486021214055,0.2511518645066776,0.21780336235940906,0.15384615384615385,0.23076923076923078,0.15384615384615385,0.23076923076923078,28.0,0.0,0.0,1.5339490112608538,18.0,0.0,0.0,1.5011961329572734,0.0
gtzan/gtzan_classical_00024/track.npy,gtzan,0.9523809523809523,0.7766665187347094,0.7766665187347094,0.7766665187347094,0.875,0.90625,0.875,0.90625,0.5,0.4291607182858227,0.4291607182858227,0.4291607182858227,0.029411764705882353,0.058823529411764705,0.058823529411764705,0.08823529411764706,75.0,0.0,0.0,0.24512245803298416,42.0,0.0,0.0,1.0839443005877136,0.0
gtzan/gtzan_classical_00025/track.npy,gtzan,0.9454545454545454,0.7985941618847646,0.7985941618847646,0.7985941618847646,0.7818181818181819,0.9454545454545454,0.7818181818181819,0.9454545454545454,0.65,0.5656441700739686,0.7646341538606442,0.6651391619673064,0.07692307692307693,0.07692307692307693,0.8888888888888888,0.8888888888888888,66.0,0.0,0.0,0.17435338714477938,30.0,0.0,0.0,0.4811125039853649,0.0
gtzan/gtzan_classical_00026/track.npy,gtzan,0.43010752688172044,0.2742544447967198,0.4181254448197411,0.34618994480823045,0.0,0.0,0.6129032258064516,0.7419354838709677,0.6666666666666665,0.44753656523248164,0.44753656523248164,0.44753656523248164,0.25,0.3,0.25,0.3548387096774194,37.0,0.0,0.05555555555555555,1.6252345337405654,27.0,0.0,0.0,1.2391966911657413,0.0
gtzan/gtzan_classical_00027/track.npy,gtzan,0.03846153846153846,0.03733876404685053,0.43258838747185824,0.2349635757593544,0.0,0.0,0.26666666666666666,0.43333333333333335,0.07692307692307691,0.07170019171996447,0.08473659021450347,0.07821839096723397,0.05555555555555555,0.1111111111111111,0.05555555555555555,0.1111111111111111,23.0,0.0,0.0,1.2685113254635065,20.0,0.0,0.0,1.0265352325070445,0.0
gtzan/gtzan_classical_00028/track.npy,gtzan,0.5750000000000001,0.46305169068602936,0.56495643156734,0.5140040611266847,0.043478260869565216,0.1956521739130435,0.10869565217391304,0.3582089552238806,0.6060606060606061,0.5057352078830544,0.6148682247320566,0.5603017163075554,0.045454545454545456,0.045454545454545456,0.22727272727272727,0.6363636363636364,54.0,0.0,0.0,0.7472144018302219,26.0,0.0,0.0,1.0643031934622178,0.0
gtzan/gtzan_classical_00029/track.npy,gtzan,0.6746987951807228,0.5287001659000811,0.7066890122314238,0.6176945890657524,0.05555555555555555,0.09259259259259259,0.42105263157894735,0.7894736842105263,0.45714285714285713,0.3227444915422566,0.5184365832883373,0.42059053741529695,0.0,0.0,0.037037037037037035,0.037037037037037035,60.0,0.03389830508474576,0.03389830508474576,0.8854514351030226,32.0,0.03225806451612903,0.03225806451612903,1.116593697882081,0.0
gtzan/gtzan_classical_00030/track.npy,gtzan,0.4117647058823529,0.3043015371590059,0.3043015371590059,0.3043015371590059,0.19230769230769232,0.38461538461538464,0.19230769230769232,0.38461538461538464,0.2448979591836735,0.2401657729313321,0.29765977865613624,0.2689127757937342,0.02702702702702703,0.02702702702702703,0.08108108108108109,0.1891891891891892,69.0,0.0,0.07352941176470588,0.8897651418026638,49.0,0.0,0.0625,1.5618496576473293,0.0
gtzan/gtzan_classical_00031/track.npy,gtzan,0.5060240963855421,0.4303178965363998,0.5001436802831507,0.4652307884097753,0.008333333333333333,0.016666666666666666,0.025,0.09166666666666666,0.19753086419753088,0.15577779000011904,0.2526947540552275,0.20423627202767328,0.0,0.0,0.0,0.0,147.0,0.17123287671232876,0.6575342465753424,1.0548065642991873,87.0,0.11627906976744186,0.38372093023255816,1.1928387171932164,0.0
gtzan/gtzan_classical_00032/track.npy,gtzan,0.05555555555555555,0.053248554208244286,0.08709169221426123,0.07017012321125277,0.0,0.0,0.17391304347826086,0.17391304347826086,0.0,0.00018340108300734132,0.0009311368503770456,0.0005572689666921935,0.0,0.0,0.08333333333333333,0.08333333333333333,13.0,0.0,0.0,1.9985175152739223,13.0,0.0,0.0,1.9985175152739223,0.0
gtzan/gtzan_classical_00033/track.npy,gtzan,0.13559322033898305,0.13542109045695366,0.13542109045695366,0.13542109045695366,0.022727272727272728,0.045454545454545456,0.045454545454545456,0.13636363636363635,0.08,0.07496735104106104,0.10073943544725084,0.08785339324415595,0.07142857142857142,0.07142857142857142,0.07142857142857142,0.09523809523809523,16.0,0.0,0.06666666666666667,2.176327665961597,15.0,0.0,0.07142857142857142,2.3024574034071215,0.0
gtzan/gtzan_classical_00034/track.npy,gtzan,0.1639344262295082,0.14942250020622455,0.15706088322672393,0.15324169171647423,0.0,0.0,0.05660377358490566,0.07547169811320754,0.0,0.0231432937490769,0.0231432937490769,0.0231432937490769,0.0,0.0,0.05263157894736842,0.05263157894736842,40.0,0.0,0.02564102564102564,1.2193070865835167,24.0,0.0,0.043478260869565216,1.72039176046788,0.0
gtzan/gtzan_classical_00035/track.npy,gtzan,0.6976744186046512,0.591466134972835,0.591466134972835,0.591466134972835,0.4393939393939394,0.5,0.4393939393939394,0.5,0.3870967741935484,0.33022669701200663,0.4089993477947956,0.3696130224034011,0.024390243902439025,0.024390243902439025,0.14634146341463414,0.17073170731707318,77.0,0.05263157894736842,0.14473684210526316,1.068820558574949,48.0,0.0,0.10638297872340426,1.4145223874753348,0.0
gtzan/gtzan_classical_00036/track.npy,gtzan,0.3673469387755102,0.2725864908406189,0.3173917298226492,0.29498911033163405,0.03571428571428571,0.07142857142857142,0.0975609756097561,0.24390243902439024,0.12903225806451613,0.08079014338240982,0.11155600740471724,0.09617307539356354,0.0,0.0,0.0,0.0,33.0,0.03125,0.03125,1.7202090474077125,31.0,0.03333333333333333,0.03333333333333333,1.7345191317717783,0.0
gtzan/gtzan_classical_00037/track.npy,gtzan,0.4299065420560748,0.3347370020760868,0.3441737168801965,0.33945535947814165,0.09259259259259259,0.24074074074074073,0.09259259259259259,0.24074074074074073,0.1702127659574468,0.16164154699412622,0.23180141146918937,0.19672147923165778,0.0,0.0,0.058823529411764705,0.14705882352941177,70.0,0.057971014492753624,0.13043478260869565,1.1451323043030035,42.0,0.024390243902439025,0.024390243902439025,1.6361616086262185,0.0
gtzan/gtzan_classical_00038/track.npy,gtzan,0.3513513513513513,0.22520556692219187,0.24862315972002091,0.23691436332110638,0.06976744186046512,0.11627906976744186,0.08196721311475409,0.11627906976744186,0.17142857142857143,0.15111732087901117,0.16999905595995188,0.16055818841948152,0.0,0.0,0.0,0.0,48.0,0.06382978723404255,0.0851063829787234,2.210361744814983,32.0,0.0,0.0,1.28262876205764,0.0
gtzan/gtzan_classical_00039/track.npy,gtzan,0.16666666666666666,0.11819148099552809,0.16960119315255084,0.14389633707403948,0.0625,0.0625,0.0625,0.07272727272727272,0.058823529411764705,0.05268910854976288,0.08297726245214407,0.06783318550095348,0.0,0.0,0.037037037037037035,0.037037037037037035,36.0,0.05714285714285714,0.08571428571428572,2.072996409943372,31.0,0.06666666666666667,0.1,2.0736721085065684,0.0
gtzan/gtzan_classical_00040/track.npy,gtzan,0.33333333333333337,0.2620965282022964,0.2620965282022964,0.2620965282022964,0.07692307692307693,0.15384615384615385,0.07692307692307693,0.15384615384615385,0.0,0.0009759507457554995,0.14213543639264264,0.07155569356919907,0.0,0.0,0.07407407407407407,0.1111111111111111,36.0,0.0,0.02857142857142857,1.4973956936762671,29.0,0.0,0.03571428571428571,1.72991980758175,0.0
gtzan/gtzan_classical_00041/track.npy,gtzan,0.13636363636363635,0.10727560510933426,0.12036936161720799,0.11382248336327112,0.043478260869565216,0.043478260869565216,0.047619047619047616,0.047619047619047616,0.16666666666666666,0.14895918747609915,0.14895918747609915,0.14895918747609915,0.0,0.0,0.0,0.0,23.0,0.045454545454545456,0.045454545454545456,2.3795461341301745,21.0,0.05,0.05,2.4666289699099146,0.0
gtzan/gtzan_classical_00042/track.npy,gtzan,0.6271186440677966,0.4600028373285874,0.6111320310062164,0.5355674341674019,0.03896103896103896,0.09090909090909091,0.16049382716049382,0.5679012345679012,0.48148148148148157,0.3534084176269684,0.5014991331210807,0.42745377537402457,0.0,0.0,0.15,0.3,93.0,0.010869565217391304,0.03260869565217391,0.7276436163034258,49.0,0.0,0.0,1.1352376531867439,0.0
gtzan/gtzan_classical_00043/track.npy,gtzan,0.6444444444444445,0.4957755567227396,0.4957755567227396,0.4957755567227396,0.13725490196078433,0.3137254901960784,0.13725490196078433,0.3137254901960784,0.5161290322580646,0.4303419836481795,0.4303419836481795,0.4303419836481795,0.16666666666666666,0.2222222222222222,0.2,0.28,48.0,0.02127659574468085,0.02127659574468085,1.4863846601674036,22.0,0.047619047619047616,0.047619047619047616,2.2833925210424235,0.0
gtzan/gtzan_classical_00044/track.npy,gtzan,0.2580645161290323,0.21448735306674835,0.25125500336454937,0.23287117821564884,0.0,0.0,0.06060606060606061,0.09090909090909091,0.13793103448275865,0.12074919927704818,0.2589401021884416,0.1898446507327449,0.05,0.05,0.05,0.05,35.0,0.029411764705882353,0.029411764705882353,1.9171659601676454,26.0,0.0,0.0,1.478603170229271,0.0
gtzan/gtzan_classical_00045/track.npy,gtzan,0.8607594936708861,0.6548442844882363,0.6548442844882363,0.6548442844882363,0.85,0.9,0.85,0.9,0.5882352941176471,0.42416847102463157,0.520693457497448,0.4724309642610398,0.041666666666666664,0.041666666666666664,0.08333333333333333,0.2916666666666667,48.0,0.0,0.02127659574468085,0.7606776871308497,30.0,0.0,0.0,1.1569418202933939,0.0
gtzan/gtzan_classical_00046/track.npy,gtzan,0.4380952380952381,0.3129582650328056,0.34984074191932707,0.33139950347606634,0.16981132075471697,0.24528301886792453,0.16981132075471697,0.24528301886792453,0.26666666666666666,0.16894265035916414,0.17572969499692578,0.17233617267804496,0.0,0.0,0.06451612903225806,0.12903225806451613,63.0,0.016129032258064516,0.04838709677419355,1.0473189942805632,37.0,0.0,0.027777777777777776,1.0226215584116067,0.0
gtzan/gtzan_classical_00047/track.npy,gtzan,0.0,0.0007723001767850133,0.08560675382659153,0.043189527001688266,0.0,0.0,0.0,0.0,0.0,0.001496309316476921,0.0017100671479237006,0.0016031882322003108,0.09090909090909091,0.09090909090909091,0.09090909090909091,0.09090909090909091,14.0,0.0,0.0,1.638106122779603,13.0,0.0,0.0,1.6616528375165378,0.0
gtzan/gtzan_classical_00048/track.npy,gtzan,0.32432432432432434,0.25394812335597206,0.3698968323734096,0.31192247786469085,0.02666666666666667,0.05333333333333334,0.12,0.25333333333333335,0.14285714285714285,0.11572464845324203,0.2026169599234903,0.15917080418836616,0.0,0.0,0.0,0.0,86.0,0.09411764705882353,0.21176470588235294,1.4469189829363018,54.0,0.07547169811320754,0.09433962264150944,1.6158590690322,0.0
gtzan/gtzan_classical_00049/track.npy,gtzan,0.4273504273504274,0.31258810433331596,0.3706709323382248,0.3416295183357704,0.023255813953488372,0.03488372093023256,0.03488372093023256,0.13953488372093023,0.22222222222222218,0.1798444977989828,0.23975691697885743,0.2098007073889201,0.0,0.0,0.06521739130434782,0.06521739130434782,100.0,0.18181818181818182,0.32323232323232326,1.5121874799668125,52.0,0.1568627450980392,0.2549019607843137,2.3445492920930873,0.0
gtzan/gtzan_classical_00050/track.npy,gtzan,0.1764705882352941,0.1181603128761691,0.1181603128761691,0.1181603128761691,0.07692307692307693,0.07692307692307693,0.07692307692307693,0.07692307692307693,0.125,0.09953419339118166,0.1327122578549089,0.11612322562304528,0.0,0.0,0.0,0.0,9.0,0.0,0.0,1.942935661884774,9.0,0.0,0.0,1.942935661884774,0.0
gtzan/gtzan_classical_00051/track.npy,gtzan,0.5647058823529412,0.4663171822371982,0.5170547193095884,0.4916859507733933,0.08695652173913043,0.2608695652173913,0.10256410256410256,0.2608695652173913,0.21052631578947367,0.18035755006695098,0.4487434197697591,0.314550484918355,0.0,0.0,0.07407407407407407,0.25925925925925924,46.0,0.06666666666666667,0.08888888888888889,1.4926138885858447,32.0,0.06451612903225806,0.06451612903225806,1.9138143662802696,0.0
gtzan/gtzan_classical_00052/track.npy,gtzan,0.9767441860465116,0.7760099563507694,0.7760099563507694,0.7760099563507694,0.9538461538461539,0.9538461538461539,0.9538461538461539,0.9538461538461539,0.49350649350649345,0.3863465510557571,0.6545495741326917,0.5204480625942244,0.022222222222222223,0.044444444444444446,0.09523809523809523,0.47619047619047616,77.0,0.0,0.0,0.2578291093021001,55.0,0.0,0.0,1.0986122886681098,0.0
gtzan/gtzan_classical_00053/track.npy,gtzan,0.8466257668711656,0.5983583748813753,0.5983583748813753,0.5983583748813753,0.08888888888888889,0.4111111111111111,0.08888888888888889,0.4111111111111111,0.6176470588235295,0.4548846940258754,0.4548846940258754,0.4548846940258754,0.02631578947368421,0.13157894736842105,0.05263157894736842,0.13157894736842105,86.0,0.0,0.03529411764705882,0.9239124673932985,48.0,0.0,0.06382978723404255,1.2192402764567238,0.0
gtzan/gtzan_classical_00054/track.npy,gtzan,0.825,0.6590973169157573,0.6590973169157573,0.6590973169157573,0.46511627906976744,0.6511627906976745,0.46511627906976744,0.6511627906976745,0.5,0.40262545842037256,0.48354822180701856,0.4430868401136956,0.0,0.0,0.34782608695652173,0.5217391304347826,51.0,0.1,0.1,1.6291118061278984,30.0,0.06896551724137931,0.06896551724137931,2.3064453707252293,0.0
gtzan/gtzan_classical_00055/track.npy,gtzan,0.5714285714285714,0.3572136082220353,0.3871630586026899,0.37218833341236257,0.09090909090909091,0.18181818181818182,0.15384615384615385,0.3076923076923077,0.761904761904762,0.4424720669745027,0.4424720669745027,0.4424720669745027,0.2727272727272727,0.5454545454545454,0.2727272727272727,0.5454545454545454,17.0,0.0,0.0,1.961414432734885,14.0,0.0,0.0,2.1392579825835467,0.0
gtzan/gtzan_classical_00056/track.npy,gtzan,0.4533333333333333,0.2966924553190626,0.2966924553190626,0.2966924553190626,0.15217391304347827,0.2391304347826087,0.15217391304347827,0.27586206896551724,0.5161290322580646,0.3466072540150763,0.3466072540150763,0.3466072540150763,0.29411764705882354,0.47058823529411764,0.29411764705882354,0.47058823529411764,38.0,0.05405405405405406,0.08108108108108109,1.9496151699778597,21.0,0.0,0.0,1.0457733476446454,0.0
gtzan/gtzan_classical_00057/track.npy,gtzan,0.2912621359223301,0.25128316381578253,0.29446191578562175,0.27287253980070214,0.06779661016949153,0.11864406779661017,0.0847457627118644,0.13559322033898305,0.14285714285714285,0.11936489157668033,0.1874408519399207,0.1534028717583005,0.0,0.0,0.022222222222222223,0.022222222222222223,73.0,0.06944444444444445,0.20833333333333334,1.5077674504250875,54.0,0.05660377358490566,0.1320754716981132,1.870507564835417,0.0
gtzan/gtzan_classical_00058/track.npy,gtzan,0.6,0.49444302525609124,0.49444302525609124,0.49444302525609124,0.2857142857142857,0.5357142857142857,0.2857142857142857,0.5357142857142857,0.761904761904762,0.6648256719380122,0.6648256719380122,0.6648256719380122,0.25,0.5833333333333334,0.25,0.5833333333333334,24.0,0.043478260869565216,0.043478260869565216,1.7890506364761969,14.0,0.0,0.0,1.134963383578068,0.0
gtzan/gtzan_classical_00059/track.npy,gtzan,0.8275862068965516,0.7620094047650456,0.7620094047650456,0.7620094047650456,0.22388059701492538,0.47761194029850745,0.22388059701492538,0.47761194029850745,0.5306122448979591,0.4865097952696589,0.7450199600735951,0.6157648776716269,0.0,0.0,0.1111111111111111,0.4166666666666667,81.0,0.0125,0.125,1.0000137917777823,42.0,0.0,0.024390243902439025,1.429855206694967,0.0
gtzan/gtzan_classical_00060/track.npy,gtzan,0.99009900990099,0.8938602693281856,0.8938602693281856,0.8938602693281856,0.9803921568627451,0.9803921568627451,0.9803921568627451,0.9803921568627451,0.5853658536585366,0.5303473428780262,0.8229134573306818,0.6766304001043539,0.0,0.0,0.6206896551724138,0.6551724137931034,61.0,0.0,0.0,0.08004270767353658,39.0,0.0,0.0,0.7013115794639959,0.0
gtzan/gtzan_classical_00061/track.npy,gtzan,0.984375,0.8588200049135568,0.8588200049135568,0.8588200049135568,0.640625,0.984375,0.640625,0.984375,0.5925925925925926,0.5028095563972573,0.662921545250094,0.5828655508236756,0.02631578947368421,0.02631578947368421,0.13157894736842105,0.4473684210526316,77.0,0.0,0.0,0.2578291093020847,44.0,0.0,0.0,1.0295047932486292,0.0
gtzan/gtzan_classical_00062/track.npy,gtzan,0.44705882352941173,0.35633745554336976,0.35868723610918124,0.3575123458262755,0.043478260869565216,0.08695652173913043,0.043478260869565216,0.12987012987012986,0.4666666666666666,0.3062388284716476,0.3062388284716476,0.3062388284716476,0.3333333333333333,0.3888888888888889,0.3333333333333333,0.3888888888888889,60.0,0.03389830508474576,0.05084745762711865,1.4230227963439255,23.0,0.045454545454545456,0.045454545454545456,2.0368819272610312,0.0
gtzan/gtzan_classical_00063/track.npy,gtzan,0.8571428571428572,0.7780025670974043,0.7780025670974043,0.7780025670974043,0.4358974358974359,0.6923076923076923,0.4358974358974359,0.6923076923076923,0.5806451612903225,0.5378149726139321,0.5442470092481175,0.5410309909310248,0.047619047619047616,0.09523809523809523,0.19047619047619047,0.3333333333333333,37.0,0.0,0.0,1.1206030961606135,27.0,0.0,0.0,1.2905215299181483,0.0
gtzan/gtzan_classical_00064/track.npy,gtzan,0.5614035087719298,0.4761957899073471,0.4761957899073471,0.4761957899073471,0.10810810810810811,0.21621621621621623,0.10810810810810811,0.21621621621621623,0.625,0.5519227565953274,0.5519227565953274,0.5519227565953274,0.05263157894736842,0.05263157894736842,0.12,0.2,26.0,0.0,0.0,1.2311106903083986,25.0,0.0,0.0,1.2353385597098019,0.0
gtzan/gtzan_classical_00065/track.npy,gtzan,0.4943820224719101,0.3737474466592272,0.3737474466592272,0.3737474466592272,0.018518518518518517,0.037037037037037035,0.037037037037037035,0.07246376811594203,0.2916666666666667,0.21895910943334032,0.21895910943334032,0.21895910943334032,0.02702702702702703,0.02702702702702703,0.02702702702702703,0.02702702702702703,65.0,0.015625,0.09375,1.2451313657460235,48.0,0.0,0.06382978723404255,1.577371402362612,0.0
gtzan/gtzan_classical_00066/track.npy,gtzan,0.8118811881188118,0.65512470730809,0.65512470730809,0.65512470730809,0.2222222222222222,0.5740740740740741,0.2222222222222222,0.5740740740740741,0.43478260869565216,0.34963132172694594,0.4678482413395473,0.40873978153324664,0.03125,0.03125,0.0625,0.28125,50.0,0.04081632653061224,0.08163265306122448,1.6441818411043025,35.0,0.0,0.0,1.3314531377257426,0.0
gtzan/gtzan_classical_00067/track.npy,gtzan,0.5915492957746479,0.481427966470716,0.6317135279532998,0.5565707472120079,0.044444444444444446,0.08888888888888889,0.38461538461538464,0.6153846153846154,0.5333333333333333,0.4469646550547026,0.5539849212009896,0.5004747881278462,0.10526315789473684,0.10526315789473684,0.14285714285714285,0.38095238095238093,30.0,0.034482758620689655,0.034482758620689655,1.8976238324200188,23.0,0.045454545454545456,0.045454545454545456,2.0014800002101074,0.0
gtzan/gtzan_classical_00068/track.npy,gtzan,0.6538461538461539,0.5604060150533016,0.8446699357323999,0.7025379753928507,0.0,0.0,0.9714285714285714,0.9714285714285714,0.9444444444444444,0.8023800773163445,0.8023800773163445,0.8023800773163445,0.3684210526315789,0.7894736842105263,0.3684210526315789,0.7894736842105263,42.0,0.0,0.0,0.05556985115481089,24.0,0.0,0.0,0.7062508365856643,0.0
gtzan/gtzan_classical_00069/track.npy,gtzan,0.7924528301886793,0.4586350961052399,0.4586350961052399,0.4586350961052399,0.2857142857142857,0.7142857142857143,0.2857142857142857,0.7142857142857143,0.5,0.3141347080208191,0.329008512593285,0.32157161030705206,0.058823529411764705,0.058823529411764705,0.35294117647058826,0.5294117647058824,30.0,0.034482758620689655,0.034482758620689655,1.9080055419889186,22.0,0.0,0.0,0.7962818126797805,0.0
gtzan/gtzan_classical_00070/track.npy,gtzan,0.7037037037037038,0.596236434552451,0.596236434552451,0.596236434552451,0.15151515151515152,0.3484848484848485,0.15151515151515152,0.3484848484848485,0.7391304347826088,0.6548238976323139,0.6548238976323139,0.6548238976323139,0.16666666666666666,0.4166666666666667,0.16666666666666666,0.4166666666666667,50.0,0.0,0.0,0.8122686498922564,29.0,0.0,0.0,1.1694378144956896,0.0
gtzan/gtzan_classical_00071/track.npy,gtzan,0.890909090909091,0.7307772609667691,0.7307772609667691,0.7307772609667691,0.3275862068965517,0.7586206896551724,0.3275862068965517,0.7586206896551724,0.56,0.48311778564913554,0.48311778564913554,0.48311778564913554,0.1,0.13333333333333333,0.1,0.13333333333333333,66.0,0.015384615384615385,0.046153846153846156,1.1470860894722439,34.0,0.0,0.0,1.3782263187683552,0.0
gtzan/gtzan_classical_00072/track.npy,gtzan,0.875,0.706150638189738,0.706150638189738,0.706150638189738,0.5,0.8958333333333334,0.5,0.8958333333333334,0.35000000000000003,0.31552099355215746,0.4277612534225769,0.3716411234873672,0.0,0.0,0.03571428571428571,0.17857142857142858,59.0,0.017241379310344827,0.017241379310344827,0.3243277749214424,34.0,0.0,0.0,1.389891492401716,0.0
gtzan/gtzan_classical_00073/track.npy,gtzan,0.9444444444444444,0.8193578983655954,0.8193578983655954,0.8193578983655954,0.9259259259259259,0.9629629629629629,0.9259259259259259,0.9629629629629629,0.4814814814814815,0.3988052464029738,0.3988052464029738,0.3988052464029738,0.0,0.0,0.027777777777777776,0.027777777777777776,65.0,0.0,0.0,0.12783337150988458,43.0,0.0,0.0,0.7375989431307771,0.0
gtzan/gtzan_classical_00074/track.npy,gtzan,0.7857142857142858,0.6749770646851708,0.6749770646851708,0.6749770646851708,0.13432835820895522,0.29850746268656714,0.2222222222222222,0.35555555555555557,0.2857142857142857,0.22576189511014944,0.43356313897101,0.3296625170405797,0.0,0.0,0.24242424242424243,0.42424242424242425,54.0,0.018867924528301886,0.018867924528301886,0.8952997188574411,36.0,0.0,0.0,0.9618738352006666,0.0
gtzan/gtzan_classical_00075/track.npy,gtzan,0.36065573770491804,0.2406293313656961,0.38627340035019636,0.3134513658579462,0.0,0.0,0.4782608695652174,0.5217391304347826,0.4,0.22547451346475053,0.33525281827341386,0.2803636658690822,0.07692307692307693,0.07692307692307693,0.17391304347826086,0.30434782608695654,17.0,0.0,0.0,1.8679623382774804,15.0,0.0,0.0,1.8795136269896648,0.0
gtzan/gtzan_classical_00076/track.npy,gtzan,0.6666666666666666,0.5707397780076789,0.8561096670114867,0.7134247225095829,0.0,0.0,1.0,1.0,0.972972972972973,0.8154122017723473,0.8154122017723473,0.8154122017723473,0.6842105263157895,0.8947368421052632,0.6842105263157895,0.8947368421052632,43.0,0.0,0.0,0.057158413839944855,22.0,0.0,0.0,0.6816364885737065,0.0
gtzan/gtzan_classical_00077/track.npy,gtzan,0.459016393442623,0.303323361989923,0.303323361989923,0.303323361989923,0.0,0.0,0.18181818181818182,0.18181818181818182,0.4,0.2647041597146737,0.3292080985445193,0.2969561291295965,0.1,0.1,0.2,0.35,26.0,0.0,0.04,1.9307141755789212,24.0,0.0,0.043478260869565216,1.9605993563007633,0.0
gtzan/gtzan_classical_00078/track.npy,gtzan,0.723404255319149,0.6634643314683302,0.6634643314683302,0.6634643314683302,0.25925925925925924,0.4074074074074074,0.25925925925925924,0.4074074074074074,0.46153846153846156,0.399963987015151,0.399963987015151,0.399963987015151,0.0,0.0,0.2631578947368421,0.3157894736842105,23.0,0.0,0.0,0.8209805520698272,22.0,0.0,0.0,1.2928393241776879,0.0
gtzan/gtzan_classical_00079/track.npy,gtzan,0.5217391304347827,0.398039391022761,0.5450040597845175,0.47152172540363924,0.020618556701030927,0.041237113402061855,0.05154639175257732,0.23711340206185566,0.1978021978021978,0.16341127258461577,0.27846361464251546,0.2209374436135656,0.0,0.0,0.0,0.0,111.0,0.24545454545454545,0.43636363636363634,1.0986122886681284,90.0,0.19101123595505617,0.30337078651685395,1.1951115715314287,0.0
gtzan/gtzan_classical_00080/track.npy,gtzan,0.2608695652173913,0.19578639341456636,0.2834988127201636,0.23964260306736496,0.16666666666666666,0.16666666666666666,0.16666666666666666,0.16666666666666666,0.2222222222222222,0.21884536449291214,0.3282680467393682,0.2735567056161402,0.0,0.0,0.3333333333333333,0.3333333333333333,6.0,0.0,0.0,3.039189416233785,4.0,0.0,0.0,2.4068469793136904,0.0
gtzan/gtzan_classical_00081/track.npy,gtzan,0.7368421052631579,0.6020633264022531,0.6020633264022531,0.6020633264022531,0.06666666666666667,0.25,0.08571428571428572,0.34285714285714286,0.8275862068965517,0.7279204232529476,0.7279204232529476,0.7279204232529476,0.17647058823529413,0.4117647058823529,0.17647058823529413,0.4117647058823529,44.0,0.0,0.023255813953488372,1.1453221711467156,22.0,0.0,0.047619047619047616,1.6796598713739304,0.0
gtzan/gtzan_classical_00082/track.npy,gtzan,0.8735632183908046,0.7183187318677027,0.7183187318677027,0.7183187318677027,0.3695652173913043,0.8260869565217391,0.3695652173913043,0.8260869565217391,0.21621621621621623,0.21177597808670762,0.27846312841454407,0.24511955325062584,0.0,0.0,0.12,0.16,52.0,0.0,0.0196078431372549,0.7843853163153538,33.0,0.0,0.03125,1.144202514710106,0.0
gtzan/gtzan_classical_00083/track.npy,gtzan,0.6885245901639345,0.5616538601830522,0.5616538601830522,0.5616538601830522,0.47058823529411764,0.5294117647058824,0.47058823529411764,0.5294117647058824,0.3448275862068966,0.26566066359271423,0.4101678255185738,0.337914244555644,0.0,0.0,0.1,0.2,31.0,0.03333333333333333,0.03333333333333333,1.714517819049845,24.0,0.0,0.0,1.0942617198186266,0.0
gtzan/gtzan_classical_00084/track.npy,gtzan,0.6881720430107527,0.5447995569440818,0.5447995569440818,0.5447995569440818,0.6041666666666666,0.625,0.6041666666666666,0.625,0.16326530612244897,0.11040296077109282,0.21053330976370765,0.16046813526740022,0.0,0.0,0.0,0.0,51.0,0.0,0.0,0.5108256237659955,40.0,0.0,0.0,1.3467523478302363,0.0
gtzan/gtzan_classical_00085/track.npy,gtzan,0.9361702127659575,0.7837698381065693,0.7837698381065693,0.7837698381065693,0.7755102040816326,0.8571428571428571,0.7755102040816326,0.8571428571428571,0.46808510638297873,0.39219135353744783,0.6058081877706077,0.4989997706540278,0.0,0.0,0.1111111111111111,0.1388888888888889,58.0,0.05263157894736842,0.07017543859649122,1.529653487858058,44.0,0.023255813953488372,0.023255813953488372,1.0810423943262095,0.0
gtzan/gtzan_classical_00086/track.npy,gtzan,0.7368421052631579,0.6499177682826025,0.7752462950837661,0.7125820316831843,0.1388888888888889,0.16666666666666666,0.1566265060240964,0.6506024096385542,0.0,1.5425586110635115e-13,2.3533144144442314e-12,1.2537851377752913e-12,0.0,0.0,0.0,0.0,89.0,0.0,0.0,0.6515615353984748,42.0,0.0,0.0,1.3862943611198906,0.0
gtzan/gtzan_classical_00087/track.npy,gtzan,0.6785714285714285,0.544285499990044,0.5514596905130625,0.5478725952515533,0.22580645161290322,0.2903225806451613,0.22580645161290322,0.32653061224489793,0.34285714285714286,0.29172938402160103,0.29172938402160103,0.29172938402160103,0.037037037037037035,0.037037037037037035,0.037037037037037035,0.037037037037037035,36.0,0.05714285714285714,0.05714285714285714,2.3973475561595037,32.0,0.03225806451612903,0.03225806451612903,2.4030602398953635,0.0
gtzan/gtzan_classical_00088/track.npy,gtzan,1.0,0.8978447933394723,0.8978447933394723,0.8978447933394723,1.0,1.0,1.0,1.0,0.6666666666666666,0.6004569917483654,0.8874184608183617,0.7439377262833635,0.0,0.0,0.9545454545454546,0.9545454545454546,55.0,0.018518518518518517,0.05555555555555555,1.1743090885235212,28.0,0.0,0.037037037037037035,0.47531092551743603,0.0
gtzan/gtzan_classical_00089/track.npy,gtzan,0.7816091954022988,0.6267210069354292,0.6267210069354292,0.6267210069354292,0.5,0.6086956521739131,0.5,0.6086956521739131,0.25641025641025644,0.21216733551256978,0.2278841802437023,0.22002575787813605,0.0,0.0,0.0,0.0,56.0,0.0,0.0,1.108316166325491,34.0,0.0,0.0,1.8395886591836201,0.0
gtzan/gtzan_classical_00090/track.npy,gtzan,0.49056603773584906,0.43064541534080036,0.43064541534080036,0.43064541534080036,0.03125,0.0625,0.07317073170731707,0.34146341463414637,0.07142857142857142,0.07142857142857142,0.08,0.0757142857142857,0.047619047619047616,0.047619047619047616,0.047619047619047616,0.047619047619047616,38.0,0.0,0.02702702702702703,1.3526092597087427,25.0,0.0,0.041666666666666664,1.7396625227498328,0.0
gtzan/gtzan_classical_00091/track.npy,gtzan,0.88,0.7182623884118212,0.7182623884118212,0.7182623884118212,0.3684210526315789,0.7631578947368421,0.3684210526315789,0.7631578947368421,0.43243243243243246,0.37941739950683145,0.5144320657928969,0.4469247326498642,0.0,0.0,0.037037037037037035,0.1111111111111111,45.0,0.022727272727272728,0.022727272727272728,1.2217415299792198,33.0,0.03125,0.03125,1.5239105848669285,0.0
gtzan/gtzan_classical_00092/track.npy,gtzan,0.43678160919540227,0.31252923998492194,0.4687497377020991,0.3906394888435105,0.0,0.0,0.2413793103448276,0.6551724137931034,0.5945945945945945,0.40116859926648935,0.42015900388737276,0.41066380157693105,0.18181818181818182,0.36363636363636365,0.18181818181818182,0.3793103448275862,35.0,0.029411764705882353,0.08823529411764706,1.744026807082593,27.0,0.0,0.038461538461538464,1.1120320582256273,0.0
gtzan/gtzan_classical_00093/track.npy,gtzan,0.983050847457627,0.8506251666477188,0.8506251666477188,0.8506251666477188,0.6833333333333333,0.9666666666666667,0.6833333333333333,0.9666666666666667,0.6511627906976745,0.5503293114431488,0.8376774735297852,0.694003392486467,0.0,0.0,0.9310344827586207,0.9310344827586207,71.0,0.014285714285714285,0.014285714285714285,0.21309753342648763,35.0,0.0,0.0,0.04652001563489273,0.0
gtzan/gtzan_classical_00094/track.npy,gtzan,0.5517241379310345,0.41354765356404855,0.41354765356404855,0.41354765356404855,0.20588235294117646,0.47058823529411764,0.20588235294117646,0.47058823529411764,0.4,0.3107592818998641,0.3107592818998641,0.3107592818998641,0.2857142857142857,0.2857142857142857,0.2857142857142857,0.2857142857142857,31.0,0.0,0.0,1.2831312552752012,21.0,0.0,0.0,1.6206939341937099,0.0
gtzan/gtzan_classical_00095/track.npy,gtzan,0.380952380952381,0.2815645116502763,0.2815645116502763,0.2815645116502763,0.15151515151515152,0.42424242424242425,0.15151515151515152,0.42424242424242425,0.2857142857142857,0.24694917480076894,0.24694917480076894,0.24694917480076894,0.037037037037037035,0.037037037037037035,0.037037037037037035,0.07407407407407407,37.0,0.027777777777777776,0.027777777777777776,1.6263051905097692,33.0,0.03125,0.03125,1.7557727194154957,0.0
gtzan/gtzan_classical_00096/track.npy,gtzan,0.8596491228070176,0.6929481882074648,0.6929481882074648,0.6929481882074648,0.5689655172413793,0.8448275862068966,0.5689655172413793,0.8448275862068966,0.5333333333333333,0.4071617378954453,0.4071617378954453,0.4071617378954453,0.024390243902439025,0.04878048780487805,0.024390243902439025,0.04878048780487805,75.0,0.06756756756756757,0.12162162162162163,1.4058104267876783,54.0,0.05660377358490566,0.09433962264150944,1.802348193062641,0.0
gtzan/gtzan_classical_00097/track.npy,gtzan,0.4504504504504505,0.3115011809817083,0.6318185640946669,0.4716598725381876,0.014705882352941176,0.029411764705882353,0.1411764705882353,0.4117647058823529,0.21874999999999997,0.16461737376329086,0.20523249034687652,0.1849249320550837,0.0,0.0,0.046511627906976744,0.06976744186046512,82.0,0.012345679012345678,0.012345679012345678,0.8026374088612492,50.0,0.02040816326530612,0.02040816326530612,1.352392809444207,0.0
gtzan/gtzan_classical_00098/track.npy,gtzan,0.9876543209876543,0.8352396408496201,0.8352396408496201,0.8352396408496201,0.975609756097561,0.975609756097561,0.975609756097561,0.975609756097561,0.6451612903225806,0.5577976733942651,0.8653573860335925,0.7115775297139288,0.0,0.0,0.9047619047619048,0.9047619047619048,51.0,0.0,0.02,0.4645740028619323,27.0,0.0,0.038461538461538464,1.7552825278881488,0.0
gtzan/gtzan_classical_00099/track.npy,gtzan,0.9411764705882354,0.7924251741902232,0.7924251741902232,0.7924251741902232,0.6857142857142857,0.8285714285714286,0.6857142857142857,0.8285714285714286,0.48275862068965514,0.4141463143121261,0.4243092608903051,0.4192277876012156,0.0,0.0,0.14285714285714285,0.2857142857142857,39.0,0.0,0.0,0.7818651941139609,26.0,0.0,0.0,0.8550934730270406,0.0
gtzan/gtzan_country_00000/track.npy,gtzan,0.9577464788732395,0.907816088148066,0.907816088148066,0.907816088148066,0.9722222222222222,0.9722222222222222,0.9722222222222222,0.9722222222222222,0.72,0.6691777777566489,0.9216248836490071,0.795401330702828,0.125,0.125,0.8235294117647058,0.8235294117647058,43.0,0.0,0.0,0.057158413839952404,19.0,0.0,0.0,0.6777079677334087,0.0
gtzan/gtzan_country_00001/track.npy,gtzan,1.0,0.9175392435239429,0.9175392435239429,0.9175392435239429,1.0,1.0,1.0,1.0,1.0,0.8880528517751315,0.8880528517751315,0.8880528517751315,1.0,1.0,1.0,1.0,65.0,0.0,0.0,0.08275541554774823,16.0,0.0,0.0,0.014554267295077156,0.0
gtzan/gtzan_country_00002/track.npy,gtzan,1.0,0.939974059375866,0.939974059375866,0.939974059375866,1.0,1.0,1.0,1.0,0.64,0.5913067736054639,0.8842840455620224,0.7377954095837431,0.0,0.0,0.8787878787878788,0.9393939393939394,83.0,0.0,0.0,0.16251892949777602,40.0,0.0,0.0,0.1857456045414385,0.0
gtzan/gtzan_country_00003/track.npy,gtzan,0.9850746268656716,0.9184724402542256,0.9184724402542256,0.9184724402542256,0.9705882352941176,0.9705882352941176,0.9705882352941176,0.9705882352941176,0.6399999999999999,0.5919999988490304,0.8699401731701345,0.7309700860095825,0.0,0.0,0.8823529411764706,0.8823529411764706,41.0,0.0,0.0,0.08004270767353944,21.0,0.0,0.0,0.04266558293325903,0.0
gtzan/gtzan_country_00004/track.npy,gtzan,1.0,0.9280218862824517,0.9280218862824517,0.9280218862824517,1.0,1.0,1.0,1.0,1.0,0.9142031077242101,0.9142031077242101,0.9142031077242101,1.0,1.0,1.0,1.0,59.0,0.0,0.0,0.07696104113612875,15.0,0.0,0.0,0.027569861639020105,0.0
gtzan/gtzan_country_00005/track.npy,gtzan,1.0,0.9203095477388867,0.9203095477388867,0.9203095477388867,1.0,1.0,1.0,1.0,0.6829268292682926,0.6432106042752661,0.9220299187764978,0.7826202615258819,0.037037037037037035,0.037037037037037035,0.5185185185185185,0.9259259259259259,66.0,0.0,0.0,0.0870113769896318,32.0,0.0,0.0,0.38295984801661614,0.0
gtzan/gtzan_country_00006/track.npy,gtzan,1.0,0.8726028152635449,0.8726028152635449,0.8726028152635449,1.0,1.0,1.0,1.0,0.7857142857142857,0.6890796063386925,0.732095911982578,0.7105877591606352,0.375,0.375,0.375,0.391304347826087,57.0,0.0,0.0,0.07410797215372453,21.0,0.0,0.0,0.6931471805599447,0.0
gtzan/gtzan_country_00007/track.npy,gtzan,0.5846153846153846,0.5070957227517391,0.7745387168751543,0.6408172198134467,0.0,0.0,0.45454545454545453,0.8409090909090909,0.39999999999999997,0.3637756933581971,0.6103635177803474,0.48706960556927226,0.0,0.0,0.10526315789473684,0.21052631578947367,52.0,0.0196078431372549,0.0196078431372549,0.9282413887147594,23.0,0.0,0.0,1.8718021769015905,0.0
gtzan/gtzan_country_00008/track.npy,gtzan,0.9032258064516129,0.8530858350249235,0.8530858350249235,0.8530858350249235,0.23529411764705882,0.6470588235294118,0.23529411764705882,0.6470588235294118,0.6363636363636364,0.5902188821248768,0.8765128173727269,0.7333658497488018,0.0,0.0,0.8666666666666667,0.8666666666666667,44.0,0.0,0.0,0.7156200364120053,18.0,0.0,0.0,0.1843366313265723,0.0
gtzan/gtzan_country_00009/track.npy,gtzan,1.0,0.9748026102322331,0.9748026102322331,0.9748026102322331,1.0,1.0,1.0,1.0,0.5128205128205129,0.501049436995345,0.693150836641386,0.5971001368183655,0.0,0.0,0.2413793103448276,0.3448275862068966,50.0,0.02040816326530612,0.02040816326530612,0.06453852113756867,33.0,0.0,0.0,0.713493657528349,0.0
gtzan/gtzan_country_00010/track.npy,gtzan,0.9846153846153847,0.9181133886153532,0.9181133886153532,0.9181133886153532,0.9696969696969697,0.9696969696969697,0.9696969696969697,0.9696969696969697,0.6666666666666666,0.6192848836113193,0.9155255021503982,0.7674051928808587,0.0,0.0,0.9375,0.9375,40.0,0.0,0.0,0.0838403788711828,20.0,0.0,0.0,0.0266682470821607,0.0
gtzan/gtzan_country_00011/track.npy,gtzan,0.9787234042553191,0.8283114978500856,0.8283114978500856,0.8283114978500856,0.9583333333333334,0.9583333333333334,0.9583333333333334,0.9583333333333334,0.6666666666666666,0.5509700684973101,0.8279496339434101,0.6894598512203601,0.0,0.0,0.9583333333333334,0.9583333333333334,58.0,0.0,0.0,0.07696104113612845,29.0,0.0,0.0,0.03224365534512137,0.0
gtzan/gtzan_country_00012/track.npy,gtzan,0.7627118644067796,0.6476855623222381,0.7477411928978059,0.697713377610022,0.0821917808219178,0.2465753424657534,0.15555555555555556,0.6222222222222222,0.878048780487805,0.738230549657379,0.738230549657379,0.738230549657379,0.2608695652173913,0.5652173913043478,0.2608695652173913,0.5652173913043478,54.0,0.0,0.0,0.6931471805599452,30.0,0.0,0.0,0.7170986593249633,0.0
gtzan/gtzan_country_00013/track.npy,gtzan,1.0,0.9165687827660238,0.9165687827660238,0.9165687827660238,1.0,1.0,1.0,1.0,1.0,0.8792138907740659,0.8792138907740659,0.8792138907740659,1.0,1.0,1.0,1.0,64.0,0.0,0.0,0.04255961441879885,16.0,0.0,0.0,0.021053409197830053,0.0
gtzan/gtzan_country_00014/track.npy,gtzan,1.0,0.8786875469769575,0.8786875469769575,0.8786875469769575,1.0,1.0,1.0,1.0,0.9333333333333333,0.8080313139655868,0.8080313139655868,0.8080313139655868,0.6875,0.6875,0.6875,0.6875,69.0,0.0,0.0,0.13353139262452784,21.0,0.0,0.0,0.6828613543186841,0.0
gtzan/gtzan_country_00015/track.npy,gtzan,0.9448818897637796,0.7763904683384384,0.7763904683384384,0.7763904683384384,0.8307692307692308,0.8923076923076924,0.8307692307692308,0.8923076923076924,0.588235294117647,0.4814428364644265,0.6020038553709238,0.5417233459176751,0.11428571428571428,0.11428571428571428,0.14285714285714285,0.37142857142857144,77.0,0.039473684210526314,0.039473684210526314,1.2971540118431506,44.0,0.0,0.0,1.0072964946511447,0.0
gtzan/gtzan_country_00016/track.npy,gtzan,0.6716417910447761,0.6411174001419501,0.9545525733199964,0.7978349867309733,0.0,0.0,1.0,1.0,0.9565217391304348,0.9121870620437523,0.9121870620437523,0.9121870620437523,0.6086956521739131,0.8695652173913043,0.6086956521739131,0.8695652173913043,54.0,0.0,0.0,0.07145896398214413,27.0,0.0,0.0,0.6896072651400598,0.0
gtzan/gtzan_country_00017/track.npy,gtzan,0.9931972789115647,0.9550538305124736,0.9550538305124736,0.9550538305124736,0.9864864864864865,0.9864864864864865,0.9864864864864865,0.9864864864864865,0.6785714285714285,0.6623262162622724,0.9796441470085129,0.8209851816353926,0.0,0.0,1.0,1.0,89.0,0.0,0.0,0.11778303565639092,44.0,0.0,0.0,0.05734785186544833,0.0
gtzan/gtzan_country_00018/track.npy,gtzan,0.9253731343283582,0.8781103081391022,0.8781103081391022,0.8781103081391022,0.3472222222222222,0.7361111111111112,0.3472222222222222,0.7361111111111112,0.7659574468085106,0.7308626060542264,0.7942051978582056,0.7625339019562161,0.21428571428571427,0.2857142857142857,0.21621621621621623,0.5135135135135135,77.0,0.0,0.0,0.7018434416219138,34.0,0.0,0.0,0.7061915721529087,0.0
gtzan/gtzan_country_00019/track.npy,gtzan,1.0,0.945048521059302,0.945048521059302,0.945048521059302,1.0,1.0,1.0,1.0,0.6666666666666666,0.6397843036525368,0.921526746909296,0.7806555252809164,0.0,0.0,0.9444444444444444,0.9444444444444444,43.0,0.0,0.0,0.1144103511777419,21.0,0.0,0.0,0.027858944940771117,0.0
gtzan/gtzan_country_00020/track.npy,gtzan,1.0,0.9197808669223164,0.9197808669223164,0.9197808669223164,1.0,1.0,1.0,1.0,0.7586206896551725,0.7258837172789664,0.8244049931471256,0.7751443552130459,0.16666666666666666,0.2777777777777778,0.47619047619047616,0.5714285714285714,52.0,0.0,0.0,0.10536051565782888,20.0,0.0,0.0,0.6844891178168302,0.0
gtzan/gtzan_country_00021/track.npy,gtzan,0.9438202247191012,0.8112191437349212,0.8112191437349212,0.8112191437349212,0.9777777777777777,0.9777777777777777,0.9777777777777777,0.9777777777777777,0.6666666666666666,0.5536665431253849,0.8228695653176845,0.6882680542215347,0.0,0.0,0.9545454545454546,0.9545454545454546,54.0,0.0,0.0,0.07410797215372329,27.0,0.0,0.0,0.03636764417087666,0.0
gtzan/gtzan_country_00022/track.npy,gtzan,0.43243243243243246,0.3158438692006429,0.3278288261392709,0.3218363476699569,0.0,0.0,0.0,0.0,0.4666666666666667,0.3248499147483249,0.5453886735474791,0.435119294147902,0.0,0.0,0.08695652173913043,0.17391304347826086,64.0,0.015873015873015872,0.031746031746031744,0.855911648917883,28.0,0.0,0.0,0.9937525791302994,0.0
gtzan/gtzan_country_00023/track.npy,gtzan,1.0,0.8291834518502577,0.8291834518502577,0.8291834518502577,1.0,1.0,1.0,1.0,0.7499999999999999,0.5539750204870459,0.6369339128158006,0.5954544666514232,0.13333333333333333,0.2,0.23529411764705882,0.47058823529411764,41.0,0.0,0.0,0.05556985115481235,18.0,0.0,0.0,1.0800476091381985,0.0
gtzan/gtzan_country_00024/track.npy,gtzan,1.0,0.9185913527516067,0.9185913527516067,0.9185913527516067,1.0,1.0,1.0,1.0,0.6842105263157895,0.6239935288262222,0.8761979664031098,0.7500957476146659,0.04,0.04,0.92,0.92,64.0,0.0,0.0,0.04255961441880263,31.0,0.0,0.0,0.03413825073966488,0.0
gtzan/gtzan_country_00025/track.npy,gtzan,0.9333333333333333,0.7888316816808434,0.7888316816808434,0.7888316816808434,0.8,0.9333333333333333,0.8,0.9333333333333333,0.6956521739130436,0.595407094035614,0.8473416451968282,0.7213743696162211,0.0,0.0,1.0,1.0,34.0,0.0,0.0,0.3684414698794328,16.0,0.0,0.0,0.14037319891608166,0.0
gtzan/gtzan_country_00026/track.npy,gtzan,1.0,0.905662200452904,0.905662200452904,0.905662200452904,1.0,1.0,1.0,1.0,0.7058823529411764,0.6207718259493394,0.8603160975659822,0.7405439617576608,0.045454545454545456,0.045454545454545456,0.8260869565217391,0.9130434782608695,54.0,0.0,0.0,0.07145896398214668,26.0,0.0,0.0,0.5641724456544959,0.0
gtzan/gtzan_country_00027/track.npy,gtzan,1.0,0.8351234561415865,0.8351234561415865,0.8351234561415865,1.0,1.0,1.0,1.0,0.4615384615384615,0.3943987084776666,0.7340684028119883,0.5642335556448275,0.0,0.0,0.631578947368421,0.631578947368421,47.0,0.0,0.0,0.06413488830632576,20.0,0.0,0.0,0.14413702920695357,0.0
gtzan/gtzan_country_00028/track.npy,gtzan,1.0,0.9575868323353236,0.9575868323353236,0.9575868323353236,1.0,1.0,1.0,1.0,0.6896551724137931,0.6712038681066493,0.9655332778141965,0.8183685729604229,0.0,0.0,1.0,1.0,45.0,0.0,0.0,0.06062462181643592,22.0,0.0,0.0,0.029852963149680556,0.0
gtzan/gtzan_country_00029/track.npy,gtzan,0.8421052631578947,0.607823656221648,0.607823656221648,0.607823656221648,0.9736842105263158,0.9736842105263158,0.9736842105263158,0.9736842105263158,0.4390243902439024,0.31268341789706516,0.4720260995277314,0.3923547587123983,0.0,0.0,0.06451612903225806,0.1935483870967742,46.0,0.0,0.0,0.030771658666753587,37.0,0.0,0.0,0.702378678159972,0.0
gtzan/gtzan_country_00030/track.npy,gtzan,0.9705882352941176,0.8336893578505651,0.8336893578505651,0.8336893578505651,0.7428571428571429,0.9142857142857143,0.7428571428571429,0.9142857142857143,0.6923076923076924,0.5473646016175822,0.8598131632263774,0.7035888824219798,0.0,0.0,1.0,1.0,41.0,0.0,0.0,0.18208217420269365,20.0,0.0,0.0,0.06538275926285152,0.0
gtzan/gtzan_country_00031/track.npy,gtzan,1.0,0.9071333776913602,0.9071333776913602,0.9071333776913602,1.0,1.0,1.0,1.0,0.6470588235294118,0.5938012940828084,0.871945609078433,0.7328734515806207,0.0,0.0,0.9130434782608695,0.9130434782608695,55.0,0.0,0.0,0.07410797215372256,27.0,0.0,0.0,0.036906546178455436,0.0
gtzan/gtzan_country_00032/track.npy,gtzan,1.0,0.9311383728838563,0.9311383728838563,0.9311383728838563,1.0,1.0,1.0,1.0,0.5789473684210527,0.5230353658162873,0.5230353658162873,0.5230353658162873,0.0,0.0,0.0,0.0,49.0,0.0,0.0,0.09531017980432566,30.0,0.0,0.0,1.0261888860708162,0.0
gtzan/gtzan_country_00033/track.npy,gtzan,1.0,0.950316298157552,0.950316298157552,0.950316298157552,1.0,1.0,1.0,1.0,0.7142857142857143,0.6509476938400461,0.9140411604132253,0.7824944271266356,0.05555555555555555,0.05555555555555555,0.5789473684210527,0.8947368421052632,46.0,0.0,0.0,0.05614667734398237,22.0,0.0,0.0,0.6946624480347132,0.0
gtzan/gtzan_country_00034/track.npy,gtzan,0.6666666666666666,0.5869568353030091,0.880426763297473,0.7336917993002411,0.0,0.0,1.0,1.0,0.7333333333333334,0.679386762193038,0.679386762193038,0.679386762193038,0.28125,0.34375,0.28125,0.34375,69.0,0.0,0.0,0.13789277744996165,43.0,0.0,0.0,1.0678406300013545,0.0
gtzan/gtzan_country_00035/track.npy,gtzan,0.608,0.24768435435805083,0.3730142055094003,0.3103492799337256,0.0,0.0,0.9761904761904762,0.9761904761904762,0.909090909090909,0.34446689850833645,0.34446689850833645,0.34446689850833645,0.7391304347826086,0.8260869565217391,0.7391304347826086,0.8260869565217391,53.0,0.0,0.0,0.154711029544094,28.0,0.0,0.0,0.7055441570233526,0.0
gtzan/gtzan_country_00036/track.npy,gtzan,0.989247311827957,0.8124234159406278,0.8124234159406278,0.8124234159406278,0.723404255319149,0.9574468085106383,0.723404255319149,0.9574468085106383,0.6896551724137931,0.5991746578633079,0.5991746578633079,0.5991746578633079,0.29411764705882354,0.29411764705882354,0.29411764705882354,0.29411764705882354,56.0,0.0,0.01818181818181818,0.7063562953539407,21.0,0.0,0.0,1.4198601227188163,0.0
gtzan/gtzan_country_00037/track.npy,gtzan,1.0,0.8416337931004646,0.8416337931004646,0.8416337931004646,1.0,1.0,1.0,1.0,0.7000000000000001,0.5725055639224721,0.5725055639224721,0.5725055639224721,0.07692307692307693,0.19230769230769232,0.07692307692307693,0.19230769230769232,49.0,0.0,0.0,0.08891546331888228,28.0,0.0,0.0,1.0456274919495772,0.0
gtzan/gtzan_country_00038/track.npy,gtzan,0.9922480620155039,0.9541846959574785,0.9541846959574785,0.9541846959574785,0.9846153846153847,0.9846153846153847,0.9846153846153847,0.9846153846153847,0.6808510638297872,0.6516200712218246,0.9341535802059433,0.7928868257138839,0.03225806451612903,0.03225806451612903,0.8387096774193549,0.9354838709677419,79.0,0.0,0.0,0.105360515657833,38.0,0.0,0.0,0.20853091472167173,0.0
gtzan/gtzan_country_00039/track.npy,gtzan,0.631578947368421,0.5682223872571168,0.5682223872571168,0.5682223872571168,0.07792207792207792,0.24675324675324675,0.14285714285714285,0.26785714285714285,0.41379310344827586,0.3908933038053537,0.5726403072087276,0.48176680550704065,0.0,0.0,0.3333333333333333,0.5897435897435898,71.0,0.014285714285714285,0.07142857142857142,1.2005517107453487,48.0,0.0,0.02127659574468085,0.895782993094776,0.0
gtzan/gtzan_country_00040/track.npy,gtzan,1.0,0.924512316261754,0.924512316261754,0.924512316261754,1.0,1.0,1.0,1.0,0.6511627906976745,0.613388735182805,0.8836891832504415,0.7485389592166233,0.0,0.0,0.9310344827586207,0.9310344827586207,70.0,0.0,0.0,0.09531017980432663,35.0,0.0,0.0,0.046963228976639015,0.0
gtzan/gtzan_country_00041/track.npy,gtzan,1.0,0.8874951532725752,0.8874951532725752,0.8874951532725752,0.9818181818181818,0.9818181818181818,0.9818181818181818,0.9818181818181818,0.5641025641025641,0.4981677700436728,0.8354141705226936,0.6667909702831832,0.0,0.0,0.6666666666666666,0.7777777777777778,66.0,0.0,0.0,0.08701137698963488,30.0,0.0,0.0,0.4586615606969502,0.0
gtzan/gtzan_country_00042/track.npy,gtzan,0.970059880239521,0.9339694730577116,0.9339694730577116,0.9339694730577116,0.8604651162790697,0.8837209302325582,0.8604651162790697,0.8837209302325582,0.8400000000000001,0.8200207278317225,0.8200207278317225,0.8200207278317225,0.27586206896551724,0.4482758620689655,0.2926829268292683,0.4482758620689655,98.0,0.0,0.0,0.3947506421837319,34.0,0.0,0.0,0.7008396755716304,0.0
gtzan/gtzan_country_00043/track.npy,gtzan,1.0,0.9177197725400094,0.9177197725400094,0.9177197725400094,1.0,1.0,1.0,1.0,0.6511627906976745,0.6235187544502363,0.9040958406647475,0.7638072975574919,0.0,0.0,0.9310344827586207,0.9310344827586207,69.0,0.0,0.0,0.09400865932474718,35.0,0.0,0.0,0.046520015634891915,0.0
gtzan/gtzan_country_00044/track.npy,gtzan,0.9696969696969697,0.8669352506288506,0.8669352506288506,0.8669352506288506,0.9696969696969697,0.9696969696969697,0.9696969696969697,0.9696969696969697,0.6399999999999999,0.593844897035626,0.806470893702003,0.7001578953688146,0.0,0.0,0.8235294117647058,0.8235294117647058,40.0,0.0,0.0,0.0838403788711828,21.0,0.0,0.0,0.6614149137299877,0.0
gtzan/gtzan_country_00045/track.npy,gtzan,0.9696969696969697,0.8895481258224336,0.8895481258224336,0.8895481258224336,0.9696969696969697,0.9696969696969697,0.9696969696969697,0.9696969696969697,0.6153846153846153,0.56248160525084,0.812110878822448,0.687296242036644,0.0,0.0,1.0,1.0,40.0,0.0,0.0,0.05644140468306849,20.0,0.0,0.0,0.039298655477716084,0.0
gtzan/gtzan_country_00046/track.npy,gtzan,0.9923664122137404,0.8858109472525437,0.8858109472525437,0.8858109472525437,0.9848484848484849,0.9848484848484849,0.9848484848484849,0.9848484848484849,0.6938775510204082,0.6072635700024905,0.8386121154314914,0.722937842716991,0.03125,0.03125,0.696969696969697,0.9393939393939394,79.0,0.0,0.0,0.1558243297613654,37.0,0.0,0.0,0.6710933186268924,0.0
gtzan/gtzan_country_00047/track.npy,gtzan,0.991869918699187,0.9389558064873414,0.9389558064873414,0.9389558064873414,0.9838709677419355,0.9838709677419355,0.9838709677419355,0.9838709677419355,0.6976744186046512,0.6606472848754923,0.8677491243777785,0.7641982046266353,0.03571428571428571,0.10714285714285714,0.41379310344827586,0.7931034482758621,74.0,0.0,0.0,0.10008345855698919,34.0,0.0,0.0,0.686398629634448,0.0
gtzan/gtzan_country_00048/track.npy,gtzan,0.9320388349514563,0.6966220239399947,0.6966220239399947,0.6966220239399947,0.8148148148148148,0.8333333333333334,0.8148148148148148,0.8333333333333334,0.8275862068965517,0.6209606018390325,0.6209606018390325,0.6209606018390325,0.5294117647058824,0.5882352941176471,0.5294117647058824,0.5882352941176471,67.0,0.0,0.030303030303030304,0.717292853292385,20.0,0.0,0.05263157894736842,2.053301090247936,0.0
gtzan/gtzan_country_00049/track.npy,gtzan,1.0,0.9509266433432284,0.9509266433432284,0.9509266433432284,1.0,1.0,1.0,1.0,0.6666666666666666,0.6409908499518711,0.9081705956742815,0.7745807228130763,0.0,0.0,0.9583333333333334,0.9583333333333334,57.0,0.0,0.0,0.11332868530700184,27.0,0.0,0.0,0.057158413839950094,0.0
gtzan/gtzan_country_00050/track.npy,gtzan,1.0,0.9499693488784753,0.9499693488784753,0.9499693488784753,1.0,1.0,1.0,1.0,1.0,0.970721640582382,0.970721640582382,0.970721640582382,1.0,1.0,1.0,1.0,60.0,0.0,0.0,0.08004270767353498,15.0,0.0,0.0,0.009891510207075016,0.0
gtzan/gtzan_country_00051/track.npy,gtzan,0.7105263157894737,0.6748290614420591,0.8845289076785725,0.7796789845603158,0.061224489795918366,0.10204081632653061,0.4716981132075472,0.8113207547169812,0.6363636363636364,0.6266000498911186,0.8807182490010239,0.7536591494460713,0.0,0.0,0.8666666666666667,0.8666666666666667,59.0,0.0,0.0,0.7375989431307806,17.0,0.0,0.0,0.7039580966641608,0.0
gtzan/gtzan_country_00052/track.npy,gtzan,0.8787878787878789,0.6796200961441193,0.6796200961441193,0.6796200961441193,0.25,0.6666666666666666,0.25,0.6666666666666666,0.6451612903225806,0.5408765128683249,0.5408765128683249,0.5408765128683249,0.047619047619047616,0.047619047619047616,0.047619047619047616,0.047619047619047616,43.0,0.023809523809523808,0.023809523809523808,1.196250758232019,25.0,0.0,0.0,1.1282052645963774,0.0
gtzan/gtzan_country_00053/track.npy,gtzan,0.728813559322034,0.7073551991023888,0.9130208091318264,0.8101880041171076,0.09333333333333334,0.14666666666666667,0.4186046511627907,0.7441860465116279,0.8444444444444443,0.8160144322516008,0.8160144322516008,0.8160144322516008,0.2692307692307692,0.46153846153846156,0.3783783783783784,0.46153846153846156,53.0,0.0,0.0,0.6936065283184815,30.0,0.0,0.0,0.4720909299137652,0.0
gtzan/gtzan_country_00054/track.npy,gtzan,1.0,0.9807674130857591,0.9807674130857591,0.9807674130857591,1.0,1.0,1.0,1.0,0.6666666666666666,0.6530076715756136,0.9411903218510138,0.7970989967133137,0.0,0.0,0.9375,0.9375,38.0,0.0,0.0,0.05001042057466308,19.0,0.0,0.0,0.02500130220541743,0.0
gtzan/gtzan_country_00055/track.npy,gtzan,1.0,0.948098926925416,0.948098926925416,0.948098926925416,1.0,1.0,1.0,1.0,0.6829268292682926,0.6452208707777729,0.9466178031192976,0.7959193369485352,0.0,0.0,1.0,1.0,66.0,0.0,0.0,0.08701137698963121,33.0,0.0,0.0,0.021978906718777218,0.0
gtzan/gtzan_country_00056/track.npy,gtzan,1.0,0.8776603732810503,0.8776603732810503,0.8776603732810503,1.0,1.0,1.0,1.0,0.9166666666666666,0.7762894290779077,0.7762894290779077,0.7762894290779077,0.9166666666666666,0.9166666666666666,0.9166666666666666,0.9166666666666666,41.0,0.0,0.0,0.054217484258732386,14.0,0.0,0.0,0.49610366433968495,0.0
gtzan/gtzan_country_00057/track.npy,gtzan,0.8999999999999999,0.7305644702131321,0.7305644702131321,0.7305644702131321,0.53125,0.78125,0.53125,0.78125,0.6363636363636364,0.5233264442099539,0.7562735191775397,0.6397999816937467,0.0,0.0,0.6666666666666666,0.8,39.0,0.0,0.02631578947368421,0.9300689590900793,18.0,0.0,0.0,0.6992220978335548,0.0
gtzan/gtzan_country_00058/track.npy,gtzan,0.9894736842105264,0.959356784660886,0.959356784660886,0.959356784660886,0.9791666666666666,0.9791666666666666,0.9791666666666666,0.9791666666666666,0.7058823529411764,0.6780496993989965,0.9024381629487356,0.790243931173866,0.045454545454545456,0.09090909090909091,0.5652173913043478,0.8260869565217391,57.0,0.0,0.0,0.07696104113612678,26.0,0.0,0.0,0.7079163346918553,0.0
gtzan/gtzan_country_00059/track.npy,gtzan,1.0,0.9587520330888862,0.9587520330888862,0.9587520330888862,1.0,1.0,1.0,1.0,0.6666666666666666,0.6355639535275944,0.8929205302095532,0.7642422418685738,0.0,0.0,0.9285714285714286,0.9285714285714286,34.0,0.0,0.0,0.04546237407675839,17.0,0.0,0.0,0.034289073478632026,0.0
gtzan/gtzan_country_00060/track.npy,gtzan,0.9666666666666666,0.9344536070840316,0.9344536070840316,0.9344536070840316,0.6129032258064516,0.9032258064516129,0.6129032258064516,0.9032258064516129,0.6451612903225806,0.6255966619837036,0.6255966619837036,0.6255966619837036,0.047619047619047616,0.047619047619047616,0.047619047619047616,0.047619047619047616,37.0,0.0,0.0,0.4875432165847483,26.0,0.0,0.0,0.8098209108200105,0.0
gtzan/gtzan_country_00061/track.npy,gtzan,0.6753246753246753,0.6544972909640373,0.9580747270907105,0.8062860090273739,0.0,0.0,1.0,1.0,0.6666666666666666,0.6270811196029527,0.9178898167032349,0.7724854681530937,0.0,0.0,0.8571428571428571,0.8571428571428571,61.0,0.0,0.0,0.08004270767353472,17.0,0.0,0.0,0.225131760729452,0.0
gtzan/gtzan_country_00062/track.npy,gtzan,0.9931972789115647,0.943646268704735,0.943646268704735,0.943646268704735,0.9864864864864865,0.9864864864864865,0.9864864864864865,0.9864864864864865,0.6923076923076924,0.6678280618905658,0.8894174271775873,0.7786227445340765,0.058823529411764705,0.11764705882352941,0.45714285714285713,0.8,89.0,0.0,0.0,0.11778303565638337,41.0,0.0,0.0,0.7091848537263099,0.0
gtzan/gtzan_country_00063/track.npy,gtzan,0.9859154929577464,0.9466302853087597,0.9466302853087597,0.9466302853087597,0.9722222222222222,0.9722222222222222,0.9722222222222222,0.9722222222222222,0.64,0.6205783721198416,0.8139382269574805,0.717258299538661,0.0625,0.0625,0.7647058823529411,0.8235294117647058,42.0,0.0,0.0,0.028170876966698358,20.0,0.0,0.0,0.6861785112438546,0.0
gtzan/gtzan_country_00064/track.npy,gtzan,0.9473684210526316,0.9211060908451993,0.9211060908451993,0.9211060908451993,0.43333333333333335,0.8333333333333334,0.43333333333333335,0.8333333333333334,0.6086956521739131,0.57924979115623,0.8703041355479983,0.7247769633521142,0.0,0.0,0.375,0.75,38.0,0.0,0.0,0.7211147630916979,21.0,0.0,0.0,0.7041970167465302,0.0
gtzan/gtzan_country_00065/track.npy,gtzan,0.8979591836734694,0.7930667069477577,0.7930667069477577,0.7930667069477577,0.38,0.76,0.38,0.76,0.7027027027027027,0.6343572040471779,0.8499868807025742,0.7421720423748761,0.041666666666666664,0.08333333333333333,0.32,0.8,57.0,0.03571428571428571,0.05357142857142857,1.6070622312578144,28.0,0.0,0.0,1.2547550109076577,0.0
gtzan/gtzan_country_00066/track.npy,gtzan,0.6715328467153284,0.6203869102473819,0.9238370189992229,0.7721119646233023,0.0,0.0,1.0,1.0,0.676470588235294,0.6140916552245453,0.9030610486311618,0.7585763519278536,0.0,0.0,1.0,1.0,55.0,0.0,0.0,0.0741079721537217,54.0,0.0,0.0,0.07410797215372185,0.0
gtzan/gtzan_country_00067/track.npy,gtzan,0.8852459016393442,0.7020160499026386,0.7020160499026386,0.7020160499026386,0.35294117647058826,0.6470588235294118,0.35294117647058826,0.6470588235294118,0.6363636363636364,0.4070948302812826,0.6562838803979961,0.5316893553396393,0.0,0.0,0.5333333333333333,0.8666666666666667,39.0,0.02631578947368421,0.02631578947368421,1.07607558709475,17.0,0.0625,0.0625,2.736480969387266,0.0
gtzan/gtzan_country_00068/track.npy,gtzan,0.9859154929577464,0.8437026733442484,0.8437026733442484,0.8437026733442484,0.75,0.9444444444444444,0.75,0.9444444444444444,0.6666666666666666,0.5949452232495103,0.8621784867547515,0.7285618550021309,0.0,0.0,0.9444444444444444,0.9444444444444444,43.0,0.0,0.0,0.08455738802806617,21.0,0.0,0.0,0.029550209179931574,0.0
gtzan/gtzan_country_00069/track.npy,gtzan,0.924731182795699,0.75513490603271,0.75513490603271,0.75513490603271,0.3404255319148936,0.8085106382978723,0.3404255319148936,0.8085106382978723,0.7894736842105263,0.6718328883264589,0.6718328883264589,0.6718328883264589,0.18181818181818182,0.45454545454545453,0.18181818181818182,0.45454545454545453,59.0,0.06896551724137931,0.08620689655172414,1.7227827550561454,29.0,0.07142857142857142,0.10714285714285714,2.088655381502749,0.0
gtzan/gtzan_country_00070/track.npy,gtzan,0.6666666666666666,0.5867808851653926,0.8801713233688114,0.7334761042671021,0.0,0.0,1.0,1.0,1.0,0.8886728801982318,0.8886728801982318,0.8886728801982318,1.0,1.0,1.0,1.0,56.0,0.0,0.0,0.07410797215372204,28.0,0.0,0.0,0.04450540223849858,0.0
gtzan/gtzan_country_00071/track.npy,gtzan,0.8732394366197184,0.749015589008348,0.749015589008348,0.749015589008348,0.175,0.575,0.19672131147540983,0.575,0.45161290322580644,0.39209654339165134,0.6356029367239362,0.5138497400577937,0.0,0.0,0.16666666666666666,0.2916666666666667,49.0,0.041666666666666664,0.041666666666666664,1.8910163512582183,30.0,0.06896551724137931,0.06896551724137931,2.3254374669096753,0.0
gtzan/gtzan_country_00072/track.npy,gtzan,1.0,0.863035953119939,0.863035953119939,0.863035953119939,1.0,1.0,1.0,1.0,0.8,0.6945749662705817,0.7500773863601998,0.7223261763153908,0.16666666666666666,0.2916666666666667,0.3548387096774194,0.5483870967741935,75.0,0.0,0.0,0.10008345855698919,29.0,0.0,0.0,0.701842944558936,0.0
gtzan/gtzan_country_00073/track.npy,gtzan,1.0,0.8650778958204445,0.8650778958204445,0.8650778958204445,1.0,1.0,1.0,1.0,0.8648648648648648,0.7537404660724439,0.7537404660724439,0.7537404660724439,0.3333333333333333,0.5238095238095238,0.3333333333333333,0.5238095238095238,76.0,0.0,0.0,0.15415067982725644,24.0,0.0,0.0,0.7058862063373725,0.0
gtzan/gtzan_country_00074/track.npy,gtzan,0.8484848484848484,0.7050773239193456,0.7050773239193456,0.7050773239193456,0.13157894736842105,0.47368421052631576,0.14545454545454545,0.47368421052631576,0.6086956521739131,0.5559074010726588,0.7998225101891508,0.6778649556309049,0.0,0.0,0.3125,0.6875,44.0,0.0,0.0,0.7817929579839271,20.0,0.0,0.0,1.1117899660129922,0.0
gtzan/gtzan_country_00075/track.npy,gtzan,1.0,0.8682492556809429,0.8682492556809429,0.8682492556809429,1.0,1.0,1.0,1.0,0.8333333333333333,0.6800474414681218,0.6998743457222222,0.689960893595172,0.21428571428571427,0.35714285714285715,0.21428571428571427,0.47368421052631576,48.0,0.0,0.0,0.06403398009851108,16.0,0.0,0.0,0.7091475219063862,0.0
gtzan/gtzan_country_00076/track.npy,gtzan,1.0,0.8883627108879205,0.8883627108879205,0.8883627108879205,1.0,1.0,1.0,1.0,0.6829268292682926,0.6230571783804111,0.825129412858045,0.7240932956192281,0.07692307692307693,0.11538461538461539,0.41379310344827586,0.7241379310344828,73.0,0.0,0.0,0.13976194237516193,32.0,0.0,0.0,0.6944246428817127,0.0
gtzan/gtzan_country_00077/track.npy,gtzan,0.7874015748031497,0.7038267673192388,0.7656008484207906,0.7347138078700146,0.07894736842105263,0.3157894736842105,0.19607843137254902,0.5098039215686274,0.8260869565217391,0.7201745731778074,0.7501467575715621,0.7351606653746847,0.14814814814814814,0.37037037037037035,0.1891891891891892,0.4594594594594595,59.0,0.0,0.0,0.7239188392266983,33.0,0.0,0.0,0.7080736621347856,0.0
gtzan/gtzan_country_00078/track.npy,gtzan,0.8620689655172413,0.6894545046638312,0.6894545046638312,0.6894545046638312,0.5172413793103449,0.7931034482758621,0.5172413793103449,0.7931034482758621,0.56,0.45044070818611553,0.6455780964340972,0.5480094023101064,0.0,0.0,0.6666666666666666,0.6666666666666666,35.0,0.029411764705882353,0.029411764705882353,0.6916964718065978,21.0,0.05,0.05,0.8860710736030826,0.0
gtzan/gtzan_country_00079/track.npy,gtzan,0.9714285714285714,0.8907575422262185,0.8907575422262185,0.8907575422262185,1.0,1.0,1.0,1.0,0.8799999999999999,0.7747463051123025,0.7747463051123025,0.7747463051123025,0.6923076923076923,0.8461538461538461,0.6923076923076923,0.8461538461538461,42.0,0.0,0.0,0.10536051565782642,15.0,0.0,0.0,0.8579010682936142,0.0
gtzan/gtzan_country_00080/track.npy,gtzan,0.6984126984126985,0.650600354404378,0.9135125120837584,0.7820564332440683,0.07317073170731707,0.07317073170731707,0.7045454545454546,0.8636363636363636,0.8400000000000001,0.7888780789388234,0.7888780789388234,0.7888780789388234,0.27586206896551724,0.4482758620689655,0.34146341463414637,0.4482758620689655,52.0,0.0,0.0,0.268263986594673,33.0,0.0,0.0,0.6768866596881631,0.0
gtzan/gtzan_country_00081/track.npy,gtzan,0.8188976377952756,0.7831243954890624,0.7996390271263152,0.7913817113076889,0.13333333333333333,0.4,0.19230769230769232,0.4230769230769231,0.7659574468085107,0.7433714465678696,0.8470671951497192,0.7952193208587943,0.1724137931034483,0.27586206896551724,0.5714285714285714,0.5714285714285714,65.0,0.0,0.0,0.7239188392266983,33.0,0.0,0.0,0.693147180559945,0.0
gtzan/gtzan_country_00082/track.npy,gtzan,0.6712328767123288,0.646615535319554,0.9633251621271399,0.8049703487233469,0.0,0.0,1.0,1.0,0.761904761904762,0.7320775742861633,0.8268257747191953,0.7794516745026793,0.05128205128205128,0.28205128205128205,0.1276595744680851,0.5531914893617021,59.0,0.0,0.0,0.07696104113612678,44.0,0.0,0.0,0.7323678937132257,0.0
gtzan/gtzan_country_00083/track.npy,gtzan,0.9523809523809523,0.8895519690428181,0.8895519690428181,0.8895519690428181,0.3939393939393939,0.8181818181818182,0.3939393939393939,0.8181818181818182,0.6956521739130436,0.6640043792749948,0.9605143304781818,0.8122593548765883,0.0,0.0,1.0,1.0,40.0,0.0,0.0,0.7419373447293731,19.0,0.0,0.0,0.03636764417087457,0.0
gtzan/gtzan_country_00084/track.npy,gtzan,0.7586206896551725,0.7058713718219515,0.8360673273642789,0.7709693495931151,0.16666666666666666,0.2222222222222222,0.5681818181818182,0.6363636363636364,0.6938775510204082,0.6289661852477509,0.8420074989380997,0.7354868420929253,0.06451612903225806,0.12903225806451613,0.3142857142857143,0.7142857142857143,52.0,0.0,0.0,0.6519319120002861,37.0,0.0,0.0,0.7221347174331977,0.0
gtzan/gtzan_country_00085/track.npy,gtzan,0.967741935483871,0.8686392758914444,0.8686392758914444,0.8686392758914444,0.65625,0.90625,0.65625,0.90625,0.6956521739130436,0.6349974427156502,0.9313975340619528,0.7831974883888015,0.0,0.0,1.0,1.0,40.0,0.0,0.0,0.6480609082790729,18.0,0.0,0.0,0.027385500885837605,0.0
gtzan/gtzan_country_00086/track.npy,gtzan,0.8950276243093923,0.7920703167096887,0.7920703167096887,0.7920703167096887,0.08163265306122448,0.5510204081632653,0.08163265306122448,0.5510204081632653,0.8461538461538461,0.787030354899467,0.787030354899467,0.787030354899467,0.2222222222222222,0.5555555555555556,0.2222222222222222,0.5555555555555556,102.0,0.009900990099009901,0.039603960396039604,0.8602012652231078,36.0,0.0,0.02857142857142857,1.5867070087145752,0.0
gtzan/gtzan_country_00087/track.npy,gtzan,0.923076923076923,0.8701361708329035,0.8701361708329035,0.8701361708329035,0.22857142857142856,0.6857142857142857,0.22857142857142856,0.6857142857142857,0.5833333333333334,0.5776476807286299,0.7666939338449555,0.6721708072867927,0.0,0.0,0.5294117647058824,0.5294117647058824,47.0,0.0,0.0,0.7371178344135608,22.0,0.0,0.0,0.7601759524379452,0.0
gtzan/gtzan_country_00088/track.npy,gtzan,1.0,0.9350371049311302,0.9350371049311302,0.9350371049311302,1.0,1.0,1.0,1.0,0.7857142857142858,0.7274789958019765,0.7785779877586186,0.7530284917802976,0.17647058823529413,0.29411764705882354,0.2857142857142857,0.5238095238095238,53.0,0.0,0.0,0.035091319811275556,20.0,0.0,0.0,0.6971121691201702,0.0
gtzan/gtzan_country_00089/track.npy,gtzan,0.8450704225352113,0.7361406379806122,0.7361406379806122,0.7361406379806122,0.21951219512195122,0.4878048780487805,0.21951219512195122,0.4878048780487805,0.6399999999999999,0.618498982262837,0.8582589864970221,0.7383789843799295,0.0,0.0,0.5882352941176471,0.7058823529411765,48.0,0.0425531914893617,0.0425531914893617,1.0506197511906556,21.0,0.0,0.0,0.7299611536826599,0.0
gtzan/gtzan_country_00090/track.npy,gtzan,1.0,0.9677811593361342,0.9677811593361342,0.9677811593361342,1.0,1.0,1.0,1.0,0.6818181818181819,0.6619566228782234,0.9722959088590035,0.8171262658686135,0.0,0.0,1.0,1.0,68.0,0.0,0.0,0.09097177820572577,34.0,0.0,0.0,0.022472855852062087,0.0
gtzan/gtzan_country_00091/track.npy,gtzan,0.5,0.4764617477810085,0.4764617477810085,0.4764617477810085,0.0,0.0,0.0,0.0,0.23529411764705882,0.2178983241042443,0.3517666999636487,0.2848325120339465,0.0,0.0,0.0,0.0,58.0,0.0,0.0,0.14985267379552192,36.0,0.0,0.0,0.9071027498818832,0.0
gtzan/gtzan_country_00092/track.npy,gtzan,1.0,0.908772983424339,0.908772983424339,0.908772983424339,1.0,1.0,1.0,1.0,0.4927536231884058,0.4508846146894323,0.4508846146894323,0.4508846146894323,0.0,0.0,0.019230769230769232,0.019230769230769232,82.0,0.0,0.0,0.11122563511022221,63.0,0.0,0.0,1.0445450673978365,0.0
gtzan/gtzan_country_00093/track.npy,gtzan,0.9714285714285714,0.8671735416167079,0.8671735416167079,0.8671735416167079,1.0,1.0,1.0,1.0,0.923076923076923,0.8164741727963851,0.8164741727963851,0.8164741727963851,0.5714285714285714,0.7142857142857143,0.5714285714285714,0.7142857142857143,43.0,0.0,0.0,0.1144103511777419,17.0,0.0,0.0,0.8479340857816501,0.0
gtzan/gtzan_country_00094/track.npy,gtzan,1.0,0.901086524669558,0.901086524669558,0.901086524669558,1.0,1.0,1.0,1.0,0.8275862068965517,0.7292791396694018,0.7292791396694018,0.7292791396694018,0.23529411764705882,0.47058823529411764,0.23529411764705882,0.47058823529411764,57.0,0.0,0.0,0.07696104113612678,19.0,0.0,0.0,0.7121953755306397,0.0
gtzan/gtzan_country_00095/track.npy,gtzan,1.0,0.9421558101786985,0.9421558101786985,0.9421558101786985,1.0,1.0,1.0,1.0,0.6428571428571429,0.603245104891361,0.8977818217247435,0.7505134633080522,0.0,0.0,0.8947368421052632,0.8947368421052632,45.0,0.0,0.0,0.029852963149681767,22.0,0.0,0.0,0.015778631653797868,0.0
gtzan/gtzan_country_00096/track.npy,gtzan,1.0,0.934601657164371,0.934601657164371,0.934601657164371,1.0,1.0,1.0,1.0,1.0,0.9230340648989991,0.9230340648989991,0.9230340648989991,1.0,1.0,1.0,1.0,58.0,0.0,0.0,0.07696104113613,14.0,0.0,0.0,0.028987536873252416,0.0
gtzan/gtzan_country_00097/track.npy,gtzan,0.5079365079365079,0.4740911937890473,0.4740911937890473,0.4740911937890473,0.0,0.0,0.0,0.0,0.3076923076923077,0.2933243018874561,0.44559422626570466,0.36945926407658036,0.0,0.0,0.09090909090909091,0.09090909090909091,58.0,0.017543859649122806,0.017543859649122806,0.11332868530700169,27.0,0.0,0.0,1.11760470121689,0.0
gtzan/gtzan_country_00098/track.npy,gtzan,1.0,0.9357890566551021,0.9357890566551021,0.9357890566551021,1.0,1.0,1.0,1.0,1.0,0.9555210259450116,0.9555210259450116,0.9555210259450116,1.0,1.0,1.0,1.0,60.0,0.0,0.0,0.04082199452025388,15.0,0.0,0.0,0.019802627296180986,0.0
gtzan/gtzan_country_00099/track.npy,gtzan,0.991869918699187,0.9002363808531418,0.9002363808531418,0.9002363808531418,0.9838709677419355,0.9838709677419355,0.9838709677419355,0.9838709677419355,1.0,0.9694898287989059,0.9694898287989059,0.9694898287989059,1.0,1.0,1.0,1.0,74.0,0.0,0.0,0.12101746559268875,18.0,0.0,0.0,0.024466742990713414,0.0
gtzan/gtzan_disco_00000/track.npy,gtzan,1.0,0.9068855135623842,0.9068855135623842,0.9068855135623842,1.0,1.0,1.0,1.0,0.923076923076923,0.8088687587999979,0.8088687587999979,0.8088687587999979,0.6428571428571429,0.7142857142857143,0.6428571428571429,0.7142857142857143,58.0,0.0,0.0,0.07696104113612759,17.0,0.0,0.0,0.6798134440804611,0.0
gtzan/gtzan_disco_00001/track.npy,gtzan,0.6620689655172414,0.6073532790163878,0.8986349325214287,0.7529941057689082,0.0,0.0,0.96,0.96,0.9600000000000001,0.8768323995571259,0.8768323995571259,0.8768323995571259,0.9230769230769231,0.9230769230769231,0.9230769230769231,0.9230769230769231,60.0,0.0,0.0,0.039220713153287345,31.0,0.0,0.0,0.10799968514074729,0.0
gtzan/gtzan_disco_00002/track.npy,gtzan,0.6713286713286714,0.6341962734650846,0.9446881937289149,0.7894422335969997,0.0,0.0,1.0,1.0,0.7368421052631579,0.6863985262135954,0.8558445199535061,0.7711215230835508,0.16666666666666666,0.16666666666666666,0.7142857142857143,0.7142857142857143,57.0,0.0,0.0,0.07696104113612907,17.0,0.0,0.0,0.22414872595231622,0.0
gtzan/gtzan_disco_00003/track.npy,gtzan,1.0,0.9424972510166575,0.9424972510166575,0.9424972510166575,1.0,1.0,1.0,1.0,0.8125000000000001,0.7604111592908448,0.7604111592908448,0.7604111592908448,0.2631578947368421,0.42105263157894735,0.2631578947368421,0.42105263157894735,64.0,0.0,0.0,0.08338160893905101,23.0,0.0,0.0,0.7037292898904816,0.0
gtzan/gtzan_disco_00004/track.npy,gtzan,1.0,0.9539007823391553,0.9539007823391553,0.9539007823391553,1.0,1.0,1.0,1.0,0.7647058823529412,0.703619421194607,0.8579525452250717,0.7807859832098394,0.14285714285714285,0.23809523809523808,0.56,0.64,61.0,0.0,0.0,0.0800427076735349,25.0,0.0,0.0,0.6820816075600418,0.0
gtzan/gtzan_disco_00005/track.npy,gtzan,0.9887640449438202,0.8919929971923485,0.8919929971923485,0.8919929971923485,0.9777777777777777,0.9777777777777777,0.9777777777777777,0.9777777777777777,0.7096774193548387,0.57670863350432,0.8019853714752707,0.6893470024897954,0.15,0.15,0.7619047619047619,0.7619047619047619,55.0,0.0,0.0,0.07410797215372356,24.0,0.0,0.0,0.6257589417781602,0.0
gtzan/gtzan_disco_00006/track.npy,gtzan,1.0,0.9696118807461649,0.9696118807461649,0.9696118807461649,1.0,1.0,1.0,1.0,0.6842105263157895,0.6496573543820962,0.92471611579703,0.787186735089563,0.04,0.04,0.76,0.92,62.0,0.0,0.0,0.08338160893904922,28.0,0.0,0.0,0.711202342720882,0.0
gtzan/gtzan_disco_00007/track.npy,gtzan,0.9908256880733944,0.9652219717639465,0.9652219717639465,0.9652219717639465,0.9818181818181818,0.9818181818181818,0.9818181818181818,0.9818181818181818,0.65,0.6325931446365981,0.9416018005731067,0.7870974726048524,0.0,0.0,0.9259259259259259,0.9259259259259259,65.0,0.0,0.0,0.08701137698962402,32.0,0.0,0.0,0.02150620522096696,0.0
gtzan/gtzan_disco_00008/track.npy,gtzan,0.9902912621359222,0.9531646042272133,0.9531646042272133,0.9531646042272133,0.9807692307692307,0.9807692307692307,0.9807692307692307,0.9807692307692307,0.631578947368421,0.5964796121861142,0.8912858626958841,0.7438827374409991,0.0,0.0,0.8846153846153846,0.8846153846153846,62.0,0.0,0.0,0.08020965273682414,31.0,0.0,0.0,0.032740911593246595,0.0
gtzan/gtzan_disco_00009/track.npy,gtzan,1.0,0.8970671548656848,0.8970671548656848,0.8970671548656848,1.0,1.0,1.0,1.0,1.0,0.9041374003420507,0.9041374003420507,0.9041374003420507,1.0,1.0,1.0,1.0,65.0,0.0,0.0,0.044262547755622814,16.0,0.0,0.0,0.021506205220963796,0.0
gtzan/gtzan_disco_00010/track.npy,gtzan,1.0,0.9295740013690139,0.9295740013690139,0.9295740013690139,1.0,1.0,1.0,1.0,1.0,0.9425111486184676,0.9425111486184676,0.9425111486184676,1.0,1.0,1.0,1.0,54.0,0.0,0.0,0.052158738085949355,14.0,0.0,0.0,0.01785761740000726,0.0
gtzan/gtzan_disco_00011/track.npy,gtzan,1.0,0.9288025197377368,0.9288025197377368,0.9288025197377368,1.0,1.0,1.0,1.0,0.9090909090909091,0.8512810021256114,0.8512810021256114,0.8512810021256114,0.5833333333333334,0.5833333333333334,0.5833333333333334,0.5833333333333334,47.0,0.0,0.0,0.0317486983145846,14.0,0.0,0.0,0.699422156790969,0.0
gtzan/gtzan_disco_00012/track.npy,gtzan,1.0,0.8714035847304337,0.8714035847304337,0.8714035847304337,1.0,1.0,1.0,1.0,0.5625000000000001,0.46169112494775066,0.8054202653115524,0.6335556951296515,0.0,0.0,0.6956521739130435,0.7391304347826086,57.0,0.0,0.0,0.07410797215372045,24.0,0.0,0.0,0.6833753008801415,0.0
gtzan/gtzan_disco_00013/track.npy,gtzan,0.972972972972973,0.8345193405571744,0.8345193405571744,0.8345193405571744,0.47368421052631576,0.9210526315789473,0.47368421052631576,0.9210526315789473,0.6428571428571429,0.5959183918963455,0.8397837256152348,0.7178510587557903,0.0,0.0,0.42105263157894735,0.8421052631578947,46.0,0.0,0.0,0.06196837843757451,23.0,0.0,0.0,1.0216512475319828,0.0
gtzan/gtzan_disco_00014/track.npy,gtzan,1.0,0.9530534520245048,0.9530534520245048,0.9530534520245048,1.0,1.0,1.0,1.0,0.846153846153846,0.7889453281754395,0.7889453281754395,0.7889453281754395,0.26666666666666666,0.4666666666666667,0.2857142857142857,0.4666666666666667,52.0,0.0,0.0,0.0689928714869561,19.0,0.0,0.0,0.6931471805599454,0.0
gtzan/gtzan_disco_00015/track.npy,gtzan,0.9607843137254902,0.9106190933759147,0.9106190933759147,0.9106190933759147,0.9803921568627451,0.9803921568627451,0.9803921568627451,0.9803921568627451,0.8387096774193548,0.7760805302761453,0.789359789186617,0.7827201597313811,0.2222222222222222,0.4444444444444444,0.4,0.4444444444444444,61.0,0.0,0.0,0.08682175161078408,21.0,0.0,0.0,0.6851171154381959,0.0
gtzan/gtzan_disco_00016/track.npy,gtzan,1.0,0.9565273187452319,0.9565273187452319,0.9565273187452319,1.0,1.0,1.0,1.0,0.14285714285714288,0.12889886627575523,0.8781309473274503,0.5035149068016028,0.0,0.0,0.5333333333333333,0.6666666666666666,62.0,0.0,0.0,0.040821994520261584,18.0,0.0,0.0,0.6779951500718059,0.0
gtzan/gtzan_disco_00017/track.npy,gtzan,0.99009900990099,0.9624361165579691,0.9624361165579691,0.9624361165579691,0.9803921568627451,0.9803921568627451,0.9803921568627451,0.9803921568627451,0.6842105263157895,0.672593035892751,0.9770685091658572,0.824830772529304,0.0,0.0,1.0,1.0,62.0,0.0,0.0,0.08338160893904922,30.0,0.0,0.0,0.020619287202738274,0.0
gtzan/gtzan_disco_00018/track.npy,gtzan,1.0,0.9689398766815667,0.9689398766815667,0.9689398766815667,1.0,1.0,1.0,1.0,1.0,0.985553133288376,0.985553133288376,0.985553133288376,1.0,1.0,1.0,1.0,63.0,0.0,0.0,0.08338160893905111,16.0,0.0,0.0,0.017731480254788077,0.0
gtzan/gtzan_disco_00019/track.npy,gtzan,1.0,0.9316945584200567,0.9316945584200567,0.9316945584200567,1.0,1.0,1.0,1.0,0.6842105263157895,0.6194278622361631,0.926820717257651,0.7731242897469071,0.0,0.0,1.0,1.0,59.0,0.0,0.0,0.08004270767353472,30.0,0.0,0.0,0.03922071315328284,0.0
gtzan/gtzan_disco_00020/track.npy,gtzan,0.9705882352941176,0.8610724378284674,0.8610724378284674,0.8610724378284674,1.0,1.0,1.0,1.0,0.5925925925925926,0.5519767816251953,0.8091797875472047,0.6805782845862,0.0,0.0,0.7222222222222222,0.8888888888888888,41.0,0.0,0.0,0.08004270767352994,22.0,0.0,0.0,0.7065702008920836,0.0
gtzan/gtzan_disco_00021/track.npy,gtzan,0.9777777777777777,0.7933909488270888,0.7933909488270888,0.7933909488270888,0.9777777777777777,0.9777777777777777,0.9777777777777777,0.9777777777777777,1.0,0.8560650544983827,0.8560650544983827,0.8560650544983827,1.0,1.0,1.0,1.0,56.0,0.01818181818181818,0.01818181818181818,0.08638993408766758,17.0,0.0625,0.0625,1.1330483011979713,0.0
gtzan/gtzan_disco_00022/track.npy,gtzan,1.0,0.9725220269570758,0.9725220269570758,0.9725220269570758,1.0,1.0,1.0,1.0,0.888888888888889,0.8713578870345023,0.8713578870345023,0.8713578870345023,0.6666666666666666,0.6666666666666666,0.6666666666666666,0.6666666666666666,60.0,0.0,0.0,0.08004270767353472,19.0,0.0,0.0,0.6931471805599453,0.0
gtzan/gtzan_disco_00023/track.npy,gtzan,1.0,0.9184648935585323,0.9184648935585323,0.9184648935585323,1.0,1.0,1.0,1.0,0.5806451612903226,0.5159387449659325,0.7599766819671568,0.6379577134665446,0.05263157894736842,0.10526315789473684,0.30434782608695654,0.5652173913043478,58.0,0.0,0.0,0.11332868530700424,23.0,0.0,0.0,0.7121953755306359,0.0
gtzan/gtzan_disco_00024/track.npy,gtzan,1.0,0.9442212062969825,0.9442212062969825,0.9442212062969825,1.0,1.0,1.0,1.0,0.6842105263157895,0.6572427110828002,0.9644726418520138,0.8108576764674069,0.0,0.0,1.0,1.0,64.0,0.0,0.0,0.04255961441879885,30.0,0.0,0.0,0.4654415324105428,0.0
gtzan/gtzan_disco_00025/track.npy,gtzan,1.0,0.9716302009853567,0.9716302009853567,0.9716302009853567,1.0,1.0,1.0,1.0,0.0,2.6310746777642433e-31,3.6975807745415416e-31,3.1643277261528927e-31,0.0,0.0,0.0,0.0,62.0,0.0,0.0,0.040821994520255186,23.0,0.0,0.0,0.7035099675954908,0.0
gtzan/gtzan_disco_00026/track.npy,gtzan,1.0,0.9467923559260071,0.9467923559260071,0.9467923559260071,1.0,1.0,1.0,1.0,0.8,0.7485480062908009,0.7793195195859662,0.7639337629383836,0.3333333333333333,0.3333333333333333,0.4782608695652174,0.4782608695652174,60.0,0.0,0.0,0.039220713153282113,23.0,0.0,0.0,0.04000533461369897,0.0
gtzan/gtzan_disco_00027/track.npy,gtzan,1.0,0.9205658428791937,0.9205658428791937,0.9205658428791937,1.0,1.0,1.0,1.0,0.6470588235294118,0.6059700280736948,0.9018179824429716,0.7538940052583332,0.0,0.0,0.9130434782608695,0.9130434782608695,56.0,0.0,0.0,0.11332868530700173,28.0,0.0,0.0,0.03704127168034861,0.0
gtzan/gtzan_disco_00028/track.npy,gtzan,1.0,0.9466225241729349,0.9466225241729349,0.9466225241729349,1.0,1.0,1.0,1.0,0.6842105263157895,0.6455173635760585,0.9513602287274923,0.7984387961517754,0.0,0.0,1.0,1.0,61.0,0.0,0.0,0.04082199452025792,29.0,0.0,0.0,0.04082199452025489,0.0
gtzan/gtzan_disco_00029/track.npy,gtzan,1.0,0.9090960316673372,0.9090960316673372,0.9090960316673372,1.0,1.0,1.0,1.0,1.0,0.8700850078360233,0.8700850078360233,0.8700850078360233,1.0,1.0,1.0,1.0,53.0,0.0,0.0,0.06899287148694999,14.0,0.0,0.0,0.008733679968755348,0.0
gtzan/gtzan_disco_00030/track.npy,gtzan,1.0,0.9540171331908823,0.9540171331908823,0.9540171331908823,1.0,1.0,1.0,1.0,0.6666666666666666,0.6430039998022467,0.9488441896225998,0.7959240947124232,0.0,0.0,0.9642857142857143,0.9642857142857143,68.0,0.0,0.0,0.09097177820572677,34.0,0.0,0.0,0.022705353919748372,0.0
gtzan/gtzan_disco_00031/track.npy,gtzan,1.0,0.9485793715234555,0.9485793715234555,0.9485793715234555,1.0,1.0,1.0,1.0,0.8125000000000001,0.7834921980161169,0.8347623569026225,0.8091272774593696,0.2631578947368421,0.3684210526315789,0.48,0.48,62.0,0.01639344262295082,0.01639344262295082,0.5581587877625356,24.0,0.0,0.0,0.7024790032353532,0.0
gtzan/gtzan_disco_00032/track.npy,gtzan,0.989247311827957,0.8441910969614774,0.8441910969614774,0.8441910969614774,0.9787234042553191,0.9787234042553191,0.9787234042553191,0.9787234042553191,0.7272727272727273,0.627134408726048,0.8244824689416487,0.7258084388338484,0.09523809523809523,0.09523809523809523,0.6521739130434783,0.8260869565217391,55.0,0.0,0.0,0.07410797215372189,26.0,0.0,0.0,0.576330706408214,0.0
gtzan/gtzan_disco_00033/track.npy,gtzan,0.25925925925925924,0.22788158104860368,0.6264766165030718,0.42717909877583776,0.23636363636363636,0.23636363636363636,0.36363636363636365,0.6727272727272727,0.20689655172413793,0.17691497498808958,0.17691497498808958,0.17691497498808958,0.3125,0.6875,0.3125,0.6875,65.0,0.0,0.0,0.12731026656812697,20.0,0.0,0.0,1.327985748862314,0.0
gtzan/gtzan_disco_00034/track.npy,gtzan,0.9818181818181818,0.9546937026297257,0.9546937026297257,0.9546937026297257,0.9818181818181818,0.9818181818181818,0.9818181818181818,0.9818181818181818,0.65,0.6348477112718001,0.9356638626868462,0.7852557869793231,0.0,0.0,0.9259259259259259,0.9259259259259259,66.0,0.0,0.0,0.08701137698963579,33.0,0.0,0.0,0.032732009329258266,0.0
gtzan/gtzan_disco_00035/track.npy,gtzan,0.9803921568627451,0.9620177558691099,0.9620177558691099,0.9620177558691099,0.9803921568627451,0.9803921568627451,0.9803921568627451,0.9803921568627451,0.6842105263157895,0.6742426367792181,0.9811689008390551,0.8277057688091366,0.0,0.0,1.0,1.0,61.0,0.0,0.0,0.044744065835588674,29.0,0.0,0.0,0.020202707317522637,0.0
gtzan/gtzan_disco_00036/track.npy,gtzan,1.0,0.9426961522938395,0.9426961522938395,0.9426961522938395,1.0,1.0,1.0,1.0,0.7894736842105263,0.7241459710970548,0.8243650737698941,0.7742555224334744,0.21739130434782608,0.30434782608695654,0.5517241379310345,0.5517241379310345,68.0,0.0,0.0,0.09097177820572677,27.0,0.0,0.0,0.6819228009167212,0.0
gtzan/gtzan_disco_00037/track.npy,gtzan,1.0,0.9777003462851447,0.9777003462851447,0.9777003462851447,1.0,1.0,1.0,1.0,0.6666666666666666,0.6506403181821864,0.958460016835793,0.8045501675089897,0.0,0.0,0.9642857142857143,0.9642857142857143,66.0,0.0,0.0,0.08701137698963118,33.0,0.0,0.0,0.021978906718773804,0.0
gtzan/gtzan_disco_00038/track.npy,gtzan,1.0,0.9482170550560225,0.9482170550560225,0.9482170550560225,1.0,1.0,1.0,1.0,0.7027027027027027,0.669534463190049,0.9366242824456112,0.80307937281783,0.08333333333333333,0.08333333333333333,0.88,0.88,62.0,0.0,0.0,0.08338160893904942,29.0,0.0,0.0,0.490270074631005,0.0
gtzan/gtzan_disco_00039/track.npy,gtzan,0.9787234042553191,0.892359415567773,0.892359415567773,0.892359415567773,0.9787234042553191,0.9787234042553191,0.9787234042553191,0.9787234042553191,0.8,0.7049328843182364,0.7794068146284077,0.742169849473322,0.1111111111111111,0.2777777777777778,0.30434782608695654,0.5652173913043478,56.0,0.0,0.0,0.03684808350506291,22.0,0.0,0.0,0.7028204598430329,0.0
gtzan/gtzan_disco_00040/track.npy,gtzan,1.0,0.9230701104792854,0.9230701104792854,0.9230701104792854,1.0,1.0,1.0,1.0,0.6818181818181819,0.6175739776946995,0.9222951069262624,0.7699345423104809,0.0,0.0,1.0,1.0,69.0,0.0,0.0,0.07763624943447697,35.0,0.0,0.0,0.032401717188778115,0.0
gtzan/gtzan_disco_00041/track.npy,gtzan,0.5633802816901408,0.5059488545305993,0.5059488545305993,0.5059488545305993,0.0,0.0,0.0,0.0,0.5,0.4387237721726273,0.6325714330493243,0.5356476026109758,0.0,0.0,0.5,0.7142857142857143,58.0,0.0,0.0,0.7472144018302224,17.0,0.0,0.0,1.754374752438454,0.0
gtzan/gtzan_disco_00042/track.npy,gtzan,0.9885057471264368,0.8983442169524671,0.8983442169524671,0.8983442169524671,0.9772727272727273,0.9772727272727273,0.9772727272727273,0.9772727272727273,0.7586206896551725,0.6895136188075884,0.807786846239964,0.7486502325237763,0.1111111111111111,0.2222222222222222,0.23809523809523808,0.6190476190476191,52.0,0.0,0.0,0.07145896398214437,21.0,0.0,0.0,0.7134443062996747,0.0
gtzan/gtzan_disco_00043/track.npy,gtzan,1.0,0.9680313187355857,0.9680313187355857,0.9680313187355857,1.0,1.0,1.0,1.0,0.6842105263157895,0.6564371784857685,0.8867827392226285,0.7716099588541985,0.04,0.08,0.4,0.84,64.0,0.0,0.0,0.04255961441880263,28.0,0.0,0.0,0.6931471805599458,0.0
gtzan/gtzan_disco_00044/track.npy,gtzan,1.0,0.9748022593523801,0.9748022593523801,0.9748022593523801,1.0,1.0,1.0,1.0,0.7428571428571429,0.7294559402326638,0.9203796855794685,0.8249178129060661,0.13636363636363635,0.18181818181818182,0.72,0.72,61.0,0.0,0.0,0.040821994520261584,25.0,0.0,0.0,0.7014480388752182,0.0
gtzan/gtzan_disco_00045/track.npy,gtzan,1.0,0.9651292306911843,0.9651292306911843,0.9651292306911843,1.0,1.0,1.0,1.0,0.6666666666666666,0.6522511955526842,0.958464639413487,0.8053579174830856,0.0,0.0,0.9615384615384616,0.9615384615384616,62.0,0.0,0.0,0.04082199452026148,31.0,0.0,0.0,0.02061928720273524,0.0
gtzan/gtzan_disco_00046/track.npy,gtzan,1.0,0.9717551157416919,0.9717551157416919,0.9717551157416919,1.0,1.0,1.0,1.0,0.6486486486486487,0.6320143526001236,0.9379868399854497,0.7850005962927866,0.0,0.0,0.92,0.92,61.0,0.0,0.0,0.08004270767354253,30.0,0.0,0.0,0.020202707317522002,0.0
gtzan/gtzan_disco_00047/track.npy,gtzan,0.13559322033898305,0.06468929293712912,0.06857549968893907,0.0666323963130341,0.02631578947368421,0.05263157894736842,0.04878048780487805,0.12195121951219512,0.0625,0.04953521108541921,0.07009162783776018,0.0598134194615897,0.0,0.0,0.0,0.0,47.0,0.021739130434782608,0.043478260869565216,1.2739704394685747,34.0,0.030303030303030304,0.030303030303030304,1.57037351841687,0.0
gtzan/gtzan_disco_00048/track.npy,gtzan,1.0,0.9153378978017337,0.9153378978017337,0.9153378978017337,1.0,1.0,1.0,1.0,0.7586206896551725,0.6763216808358784,0.8156757411863786,0.7459987110111286,0.1111111111111111,0.2222222222222222,0.38095238095238093,0.6666666666666666,51.0,0.0,0.0,0.03390155167568665,20.0,0.0,0.0,0.694413010856825,0.0
gtzan/gtzan_disco_00049/track.npy,gtzan,1.0,0.9217376281463574,0.9217376281463574,0.9217376281463574,1.0,1.0,1.0,1.0,1.0,0.8993737655069328,0.8993737655069328,0.8993737655069328,1.0,1.0,1.0,1.0,60.0,0.0,0.0,0.0800427076735375,15.0,0.0,0.0,0.009950330853170009,0.0
gtzan/gtzan_disco_00050/track.npy,gtzan,0.989010989010989,0.8507015429796931,0.8507015429796931,0.8507015429796931,0.9782608695652174,0.9782608695652174,0.9782608695652174,0.9782608695652174,0.9600000000000001,0.8001418085057833,0.8001418085057833,0.8001418085057833,0.8461538461538461,0.8461538461538461,0.8461538461538461,0.8461538461538461,55.0,0.0,0.0,0.08814450007822598,15.0,0.0,0.0,0.3046608943238912,0.0
gtzan/gtzan_disco_00051/track.npy,gtzan,0.9887640449438202,0.9376099375238235,0.9376099375238235,0.9376099375238235,0.9777777777777777,0.9777777777777777,0.9777777777777777,0.9777777777777777,0.9166666666666666,0.8613845051536152,0.8613845051536152,0.8613845051536152,0.7692307692307693,0.7692307692307693,0.7692307692307693,0.7692307692307693,55.0,0.0,0.0,0.05040417209538592,16.0,0.0,0.0,0.702197016079862,0.0
gtzan/gtzan_disco_00052/track.npy,gtzan,1.0,0.9692882502228571,0.9692882502228571,0.9692882502228571,1.0,1.0,1.0,1.0,0.7647058823529412,0.7312432065131805,0.8400834041620806,0.7856633053376305,0.14285714285714285,0.23809523809523808,0.24,0.6,63.0,0.0,0.0,0.08338160893904922,27.0,0.0,0.0,0.6720937713621116,0.0
gtzan/gtzan_disco_00053/track.npy,gtzan,0.9913043478260869,0.9147859985516342,0.9147859985516342,0.9147859985516342,0.9827586206896551,0.9827586206896551,0.9827586206896551,0.9827586206896551,0.6511627906976745,0.6199041830767681,0.9202308947960264,0.7700675389363972,0.0,0.0,0.9310344827586207,0.9310344827586207,70.0,0.0,0.0,0.09097177820573141,35.0,0.0,0.0,0.055509157975718794,0.0
gtzan/gtzan_disco_00054/track.npy,gtzan,1.0,0.9308508074607587,0.9308508074607587,0.9308508074607587,1.0,1.0,1.0,1.0,0.6470588235294118,0.5694653175688559,0.8628069063811181,0.7161361119749869,0.0,0.0,0.9130434782608695,0.9130434782608695,57.0,0.0,0.0,0.11332868530700184,28.0,0.0,0.0,0.05689117704272324,0.0
gtzan/gtzan_disco_00055/track.npy,gtzan,1.0,0.929249478717695,0.929249478717695,0.929249478717695,1.0,1.0,1.0,1.0,0.65,0.6260786509695891,0.9142176489277442,0.7701481499486666,0.0,0.0,0.9259259259259259,0.9259259259259259,65.0,0.0,0.0,0.08701137698963049,32.0,0.0,0.0,0.021766191044763405,0.0
gtzan/gtzan_disco_00056/track.npy,gtzan,1.0,0.954428589812619,0.954428589812619,0.954428589812619,1.0,1.0,1.0,1.0,0.6923076923076924,0.6728520236675247,0.9166479085686756,0.7947499661181001,0.058823529411764705,0.058823529411764705,0.7058823529411765,0.8823529411764706,44.0,0.0,0.0,0.0298529631496815,21.0,0.0,0.0,0.6800082610809087,0.0
gtzan/gtzan_disco_00057/track.npy,gtzan,1.0,0.9788164499727225,0.9788164499727225,0.9788164499727225,1.0,1.0,1.0,1.0,0.6857142857142856,0.6724403268617057,0.9352362291197324,0.803838277990719,0.043478260869565216,0.043478260869565216,0.4782608695652174,0.9130434782608695,59.0,0.0,0.0,0.039220713153287345,28.0,0.0,0.0,0.5248110422440047,0.0
gtzan/gtzan_disco_00058/track.npy,gtzan,1.0,0.9518484290831155,0.9518484290831155,0.9518484290831155,1.0,1.0,1.0,1.0,0.6829268292682926,0.6590565305596854,0.967242067638547,0.8131492990991163,0.0,0.0,1.0,1.0,66.0,0.0,0.0,0.0870113769896352,33.0,0.0,0.0,0.03273200932925878,0.0
gtzan/gtzan_disco_00059/track.npy,gtzan,1.0,0.9461169154141912,0.9461169154141912,0.9461169154141912,1.0,1.0,1.0,1.0,0.7647058823529412,0.7272601349266208,0.8376834948398971,0.782471814883259,0.19047619047619047,0.23809523809523808,0.32,0.6,63.0,0.0,0.0,0.08338160893905311,24.0,0.0,0.0,0.6926236155665805,0.0
gtzan/gtzan_disco_00060/track.npy,gtzan,0.9908256880733944,0.9181566738936148,0.9181566738936148,0.9181566738936148,0.9818181818181818,0.9818181818181818,0.9818181818181818,0.9818181818181818,0.6341463414634146,0.6060681625020935,0.8988543679159622,0.7524612652090279,0.0,0.0,0.8928571428571429,0.8928571428571429,66.0,0.0,0.0,0.0870113769896318,33.0,0.0,0.0,0.043485111939737905,0.0
gtzan/gtzan_disco_00061/track.npy,gtzan,1.0,0.8987857310757691,0.8987857310757691,0.8987857310757691,1.0,1.0,1.0,1.0,0.7777777777777778,0.7039115533624963,0.81092799037784,0.7574197718701682,0.18181818181818182,0.2727272727272727,0.5185185185185185,0.5925925925925926,63.0,0.0,0.0,0.08338160893904922,24.0,0.0,0.0,0.6715919124685026,0.0
gtzan/gtzan_disco_00062/track.npy,gtzan,0.989010989010989,0.9340923379856135,0.9340923379856135,0.9340923379856135,0.9782608695652174,0.9782608695652174,0.9782608695652174,0.9782608695652174,0.6857142857142856,0.6421619779793315,0.9440916826063616,0.7931268302928465,0.0,0.0,1.0,1.0,55.0,0.0,0.0,0.03636764417088045,27.0,0.0,0.0,0.01834913866819752,0.0
gtzan/gtzan_disco_00063/track.npy,gtzan,1.0,0.9589364527800532,0.9589364527800532,0.9589364527800532,1.0,1.0,1.0,1.0,0.6666666666666666,0.6433399178531928,0.9018223821812038,0.7725811500171983,0.038461538461538464,0.038461538461538464,0.7307692307692307,0.8846153846153846,65.0,0.0,0.0,0.0870113769896318,32.0,0.0,0.0,0.40079924968084996,0.0
gtzan/gtzan_disco_00064/track.npy,gtzan,1.0,0.9748663662440306,0.9748663662440306,0.9748663662440306,1.0,1.0,1.0,1.0,0.6842105263157895,0.6724067702270853,0.9833614814198127,0.8278841258234491,0.0,0.0,1.0,1.0,61.0,0.0,0.0,0.044744065835588674,30.0,0.0,0.0,0.033751046959123204,0.0
gtzan/gtzan_disco_00065/track.npy,gtzan,1.0,0.9207879095511665,0.9207879095511665,0.9207879095511665,1.0,1.0,1.0,1.0,0.6666666666666666,0.623915306376443,0.918306322343349,0.7711108143598959,0.0,0.0,0.9642857142857143,0.9642857142857143,66.0,0.0,0.0,0.0870113769896318,33.0,0.0,0.0,0.021978906718778682,0.0
gtzan/gtzan_disco_00066/track.npy,gtzan,1.0,0.9623936603633249,0.9623936603633249,0.9623936603633249,1.0,1.0,1.0,1.0,0.6666666666666666,0.6409449205800326,0.9440410976593995,0.792493009119716,0.0,0.0,0.9642857142857143,0.9642857142857143,67.0,0.0,0.0,0.044451762570840825,33.0,0.0,0.0,0.04445176257083342,0.0
gtzan/gtzan_disco_00067/track.npy,gtzan,1.0,0.8747474577313173,0.8747474577313173,0.8747474577313173,1.0,1.0,1.0,1.0,1.0,0.8555389071032723,0.8555389071032723,0.8555389071032723,1.0,1.0,1.0,1.0,50.0,0.0,0.0,0.06669137449867218,12.0,0.0,0.0,0.013041405964649219,0.0
gtzan/gtzan_disco_00068/track.npy,gtzan,1.0,0.8343034406725217,0.8343034406725217,0.8343034406725217,1.0,1.0,1.0,1.0,1.0,0.8044874518067041,0.8044874518067041,0.8044874518067041,1.0,1.0,1.0,1.0,54.0,0.0,0.0,0.03636764417088045,14.0,0.0,0.0,0.3258264356162093,0.0
gtzan/gtzan_disco_00069/track.npy,gtzan,1.0,0.8937451012316014,0.8937451012316014,0.8937451012316014,1.0,1.0,1.0,1.0,0.6666666666666666,0.541340056741026,0.8509220167584364,0.6961310367497312,0.0,0.0,0.9545454545454546,0.9545454545454546,54.0,0.0,0.0,0.07145896398214803,27.0,0.0,0.0,0.03636764417087552,0.0
gtzan/gtzan_disco_00070/track.npy,gtzan,1.0,0.8086489001034906,0.8086489001034906,0.8086489001034906,1.0,1.0,1.0,1.0,0.923076923076923,0.6961438450073685,0.6961438450073685,0.6961438450073685,0.7142857142857143,0.7142857142857143,0.7142857142857143,0.7142857142857143,55.0,0.0,0.0,0.0741079721537217,16.0,0.0,0.0,0.26357828885022516,0.0
gtzan/gtzan_disco_00071/track.npy,gtzan,1.0,0.8760196136308724,0.8760196136308724,0.8760196136308724,1.0,1.0,1.0,1.0,1.0,0.7933970547540761,0.7933970547540761,0.7933970547540761,1.0,1.0,1.0,1.0,57.0,0.0,0.0,0.07696104113612953,17.0,0.0,0.0,0.23202692756107707,0.0
gtzan/gtzan_disco_00072/track.npy,gtzan,1.0,0.8661382551897804,0.8661382551897804,0.8661382551897804,1.0,1.0,1.0,1.0,0.7000000000000001,0.6311838713762192,0.8426603278061074,0.7369220995911634,0.07692307692307693,0.11538461538461539,0.4444444444444444,0.8148148148148148,69.0,0.0,0.0,0.09097177820573288,30.0,0.0,0.0,0.6891471370216774,0.0
gtzan/gtzan_disco_00073/track.npy,gtzan,1.0,0.8433867006349968,0.8433867006349968,0.8433867006349968,1.0,1.0,1.0,1.0,0.8275862068965517,0.7041501902614722,0.7041501902614722,0.7041501902614722,0.4117647058823529,0.4117647058823529,0.4117647058823529,0.4117647058823529,57.0,0.0,0.0,0.03774032798285287,21.0,0.0,0.0,0.6836684366053986,0.0
gtzan/gtzan_disco_00074/track.npy,gtzan,1.0,0.8415149289822548,0.8415149289822548,0.8415149289822548,1.0,1.0,1.0,1.0,0.846153846153846,0.6246134366366791,0.6246134366366791,0.6246134366366791,0.4,0.5333333333333333,0.4,0.5333333333333333,56.0,0.0,0.0,0.07410797215372678,19.0,0.0,0.0,0.6838447878976313,0.0
gtzan/gtzan_disco_00075/track.npy,gtzan,1.0,0.9656901134736645,0.9656901134736645,0.9656901134736645,1.0,1.0,1.0,1.0,0.7000000000000001,0.6799646090086741,0.9576975081299073,0.8188310585692906,0.038461538461538464,0.038461538461538464,0.5555555555555556,0.9259259259259259,67.0,0.0,0.0,0.090179697962506,32.0,0.0,0.0,0.4073116523674673,0.0
gtzan/gtzan_disco_00076/track.npy,gtzan,0.9906542056074767,0.9422452890769337,0.9422452890769337,0.9422452890769337,0.9814814814814815,0.9814814814814815,0.9814814814814815,0.9814814814814815,0.65,0.6071669579209507,0.8972765249733328,0.7522217414471417,0.0,0.0,0.9259259259259259,0.9259259259259259,65.0,0.0,0.0,0.08256620073254882,33.0,0.0,0.0,0.07509513930558195,0.0
gtzan/gtzan_disco_00077/track.npy,gtzan,0.9896907216494846,0.912586708766713,0.912586708766713,0.912586708766713,0.9795918367346939,0.9795918367346939,0.9795918367346939,0.9795918367346939,0.7058823529411764,0.6351077510103623,0.8228550650275406,0.7289814080189514,0.09090909090909091,0.13636363636363635,0.2608695652173913,0.7391304347826086,59.0,0.0,0.0,0.03954096942668072,27.0,0.0,0.0,0.7086816492456275,0.0
gtzan/gtzan_disco_00078/track.npy,gtzan,1.0,0.9654310575371603,0.9654310575371603,0.9654310575371603,1.0,1.0,1.0,1.0,1.0,0.9517149317265617,0.9517149317265617,0.9517149317265617,1.0,1.0,1.0,1.0,68.0,0.05970149253731343,0.07462686567164178,1.3350010667323422,17.0,0.0625,0.0625,2.9079435900736703,0.0
gtzan/gtzan_disco_00079/track.npy,gtzan,1.0,0.9741768825160284,0.9741768825160284,0.9741768825160284,1.0,1.0,1.0,1.0,0.8666666666666666,0.8370540100913093,0.8370540100913093,0.8370540100913093,0.5294117647058824,0.5294117647058824,0.5294117647058824,0.5294117647058824,61.0,0.0,0.0,0.040821994520261584,20.0,0.0,0.0,0.1196368279258599,0.0
gtzan/gtzan_disco_00080/track.npy,gtzan,1.0,0.8887723954092358,0.8887723954092358,0.8887723954092358,1.0,1.0,1.0,1.0,1.0,0.8779047624593632,0.8779047624593632,0.8779047624593632,1.0,1.0,1.0,1.0,50.0,0.0,0.0,0.032789822822996084,13.0,0.0,0.0,0.020612086450024436,0.0
gtzan/gtzan_disco_00081/track.npy,gtzan,0.918918918918919,0.8267073378952909,0.8267073378952909,0.8267073378952909,0.8245614035087719,0.8596491228070176,0.8245614035087719,0.8596491228070176,0.5909090909090909,0.5136709844316679,0.793132112593236,0.653401548512452,0.0,0.0,0.7666666666666667,0.8,68.0,0.0,0.04477611940298507,0.8899506029596944,35.0,0.0,0.058823529411764705,1.6137632933112989,0.0
gtzan/gtzan_disco_00082/track.npy,gtzan,1.0,0.9709036171840185,0.9709036171840185,0.9709036171840185,1.0,1.0,1.0,1.0,0.6666666666666666,0.6558108586761321,0.9660607729316188,0.8109358158038755,0.0,0.0,0.9615384615384616,0.9615384615384616,62.0,0.0,0.0,0.08338160893904922,31.0,0.0,0.0,0.020619287202737813,0.0
gtzan/gtzan_disco_00083/track.npy,gtzan,0.9896907216494846,0.9284616109564148,0.9284616109564148,0.9284616109564148,0.9795918367346939,0.9795918367346939,0.9795918367346939,0.9795918367346939,0.6486486486486487,0.595402572897513,0.8822471043316775,0.7388248386145952,0.0,0.0,0.92,0.92,59.0,0.0,0.0,0.07824515469671124,30.0,0.0,0.0,0.060204201345462,0.0
gtzan/gtzan_disco_00084/track.npy,gtzan,0.9894736842105264,0.9256086058386109,0.9256086058386109,0.9256086058386109,0.9791666666666666,0.9791666666666666,0.9791666666666666,0.9791666666666666,0.6666666666666666,0.6283654328002354,0.8413019201697085,0.7348336764849719,0.09090909090909091,0.13636363636363635,0.45454545454545453,0.7272727272727273,58.0,0.0,0.0,0.03811042427545727,27.0,0.0,0.0,0.7102996267397299,0.0
gtzan/gtzan_disco_00085/track.npy,gtzan,1.0,0.9735249463398306,0.9735249463398306,0.9735249463398306,1.0,1.0,1.0,1.0,0.6666666666666666,0.6410524587023476,0.9597680630451214,0.8004102608737345,0.0,0.0,0.9615384615384616,0.9615384615384616,62.0,0.0,0.0,0.04268283176644395,31.0,0.0,0.0,0.020619287202738906,0.0
gtzan/gtzan_disco_00086/track.npy,gtzan,1.0,0.9196160910409209,0.9196160910409209,0.9196160910409209,1.0,1.0,1.0,1.0,0.962962962962963,0.8899311709808474,0.8899311709808474,0.8899311709808474,0.9285714285714286,0.9285714285714286,0.9285714285714286,0.9285714285714286,63.0,0.0,0.0,0.08338160893905111,17.0,0.0,0.0,0.6784097941214624,0.0
gtzan/gtzan_disco_00087/track.npy,gtzan,1.0,0.9360138632175139,0.9360138632175139,0.9360138632175139,1.0,1.0,1.0,1.0,1.0,0.9387520070309524,0.9387520070309524,0.9387520070309524,1.0,1.0,1.0,1.0,53.0,0.0,0.0,0.0714589639821403,13.0,0.0,0.0,0.035364118438096837,0.0
gtzan/gtzan_disco_00088/track.npy,gtzan,1.0,0.9722605287649949,0.9722605287649949,0.9722605287649949,1.0,1.0,1.0,1.0,0.787878787878788,0.7505995978131192,0.8098106498075397,0.7802051238103295,0.2,0.35,0.48,0.48,63.0,0.0,0.0,0.08338160893905089,24.0,0.0,0.0,0.7024790032353554,0.0
gtzan/gtzan_disco_00089/track.npy,gtzan,0.9908256880733944,0.9277328349675383,0.9277328349675383,0.9277328349675383,0.9818181818181818,0.9818181818181818,0.9818181818181818,0.9818181818181818,0.6341463414634146,0.5957276362742937,0.8840649400378926,0.7398962881560931,0.0,0.0,0.8928571428571429,0.8928571428571429,65.0,0.0,0.0,0.08701137698962949,33.0,0.0,0.0,0.032495658580354365,0.0
gtzan/gtzan_disco_00090/track.npy,gtzan,0.9906542056074767,0.9594915719580055,0.9594915719580055,0.9594915719580055,0.9814814814814815,0.9814814814814815,0.9814814814814815,0.9814814814814815,0.65,0.630660039272236,0.9365375576279875,0.7835987984501118,0.0,0.0,0.9259259259259259,0.9259259259259259,65.0,0.0,0.0,0.04255961441880263,32.0,0.0,0.0,0.02150620522096696,0.0
gtzan/gtzan_disco_00091/track.npy,gtzan,1.0,0.9138486701761682,0.9138486701761682,0.9138486701761682,1.0,1.0,1.0,1.0,0.6451612903225806,0.5813288913573326,0.8548047347815727,0.7180668130694526,0.0,0.0,0.9047619047619048,0.9047619047619048,51.0,0.0,0.0,0.06669137449867271,24.0,0.0,0.0,0.016807118316382274,0.0
gtzan/gtzan_disco_00092/track.npy,gtzan,1.0,0.9687149854564489,0.9687149854564489,0.9687149854564489,1.0,1.0,1.0,1.0,0.6666666666666666,0.6391545179508681,0.9297695877515002,0.7844620528511841,0.0,0.0,0.9583333333333334,0.9583333333333334,58.0,0.0,0.0,0.07696104113612884,29.0,0.0,0.0,0.03846628082779696,0.0
gtzan/gtzan_disco_00093/track.npy,gtzan,1.0,0.9247830030989043,0.9247830030989043,0.9247830030989043,1.0,1.0,1.0,1.0,0.7586206896551725,0.7204734221840576,0.8316403754498094,0.7760568988169335,0.16666666666666666,0.2777777777777778,0.47619047619047616,0.5714285714285714,55.0,0.0,0.0,0.07410797215372356,21.0,0.0,0.0,0.6959909740920015,0.0
gtzan/gtzan_disco_00094/track.npy,gtzan,1.0,0.9517681278950608,0.9517681278950608,0.9517681278950608,1.0,1.0,1.0,1.0,0.6818181818181819,0.6505247912806066,0.960733487766781,0.8056291395236939,0.0,0.0,1.0,1.0,70.0,0.0,0.0,0.04652001563489868,35.0,0.0,0.0,0.0229895182247003,0.0
gtzan/gtzan_disco_00095/track.npy,gtzan,0.99009900990099,0.97231727403917,0.97231727403917,0.97231727403917,0.9803921568627451,0.9803921568627451,0.9803921568627451,0.9803921568627451,0.6486486486486487,0.6307712851468168,0.9394266248493232,0.78509895499807,0.0,0.0,0.92,0.92,61.0,0.0,0.0,0.04082199452025829,29.0,0.0,0.0,0.020202707317522092,0.0
gtzan/gtzan_disco_00096/track.npy,gtzan,1.0,0.8748316643799138,0.8748316643799138,0.8748316643799138,1.0,1.0,1.0,1.0,0.7333333333333334,0.6395173201239951,0.6395173201239951,0.6395173201239951,0.10526315789473684,0.21052631578947367,0.19047619047619047,0.2857142857142857,51.0,0.0,0.0,0.03390155167568665,21.0,0.0,0.0,1.1385246965236862,0.0
gtzan/gtzan_disco_00097/track.npy,gtzan,1.0,0.976930109128639,0.976930109128639,0.976930109128639,1.0,1.0,1.0,1.0,0.6829268292682926,0.6754698777467261,0.9922103836422539,0.83384013069449,0.0,0.0,1.0,1.0,66.0,0.0,0.0,0.08701137698963171,33.0,0.0,0.0,0.02197890671877551,0.0
gtzan/gtzan_disco_00098/track.npy,gtzan,0.9902912621359222,0.9582574804876259,0.9582574804876259,0.9582574804876259,0.9807692307692307,0.9807692307692307,0.9807692307692307,0.9807692307692307,0.6842105263157895,0.6594836176425126,0.6594836176425126,0.6594836176425126,0.08,0.16,0.16,0.28,62.0,0.0,0.0,0.0408219945202581,30.0,0.0,0.0,1.2820635169712193,0.0
gtzan/gtzan_disco_00099/track.npy,gtzan,0.9902912621359222,0.9500506034963977,0.9500506034963977,0.9500506034963977,0.9807692307692307,0.9807692307692307,0.9807692307692307,0.9807692307692307,0.6842105263157895,0.6504863032584577,0.6504863032584577,0.6504863032584577,0.08,0.16,0.16,0.28,62.0,0.0,0.0,0.0408219945202581,30.0,0.0,0.0,1.2820635169712193,0.0
gtzan/gtzan_hiphop_00000/track.npy,gtzan,1.0,0.931856252395799,0.931856252395799,0.931856252395799,1.0,1.0,1.0,1.0,0.8571428571428571,0.7816914679047685,0.7816914679047685,0.7816914679047685,0.5,0.5,0.5,0.5,60.0,0.0,0.0,0.08004270767353486,21.0,0.0,0.0,0.12379082956503107,0.0
gtzan/gtzan_hiphop_00001/track.npy,gtzan,0.9870129870129869,0.9351368642326482,0.9351368642326482,0.9351368642326482,0.9743589743589743,0.9743589743589743,0.9743589743589743,0.9743589743589743,0.6896551724137931,0.6313423050018893,0.9298568232768002,0.7805995641393447,0.0,0.0,1.0,1.0,45.0,0.0,0.0,0.06062462181643358,22.0,0.0,0.0,0.03030534949532835,0.0
gtzan/gtzan_hiphop_00002/track.npy,gtzan,1.0,0.8797787025064034,0.8797787025064034,0.8797787025064034,1.0,1.0,1.0,1.0,1.0,0.8580784076149621,0.8580784076149621,0.8580784076149621,1.0,1.0,1.0,1.0,50.0,0.0,0.0,0.06669137449867568,12.0,0.0,0.0,0.008298802814694861,0.0
gtzan/gtzan_hiphop_00003/track.npy,gtzan,0.9873417721518987,0.8987191235689331,0.8987191235689331,0.8987191235689331,0.975,0.975,0.975,0.975,0.6666666666666666,0.6217591981561256,0.9076536372995648,0.7647064177278452,0.0,0.0,0.95,0.95,46.0,0.0,0.0,0.06252035698133473,23.0,0.0,0.0,0.030771658666752993,0.0
gtzan/gtzan_hiphop_00004/track.npy,gtzan,1.0,0.9066570506701419,0.9066570506701419,0.9066570506701419,1.0,1.0,1.0,1.0,0.6666666666666666,0.5903071316790662,0.8507159134080661,0.7205115225435661,0.0,0.0,0.95,0.95,48.0,0.0,0.0,0.06453852113757264,24.0,0.0,0.0,0.03226086221822361,0.0
gtzan/gtzan_hiphop_00005/track.npy,gtzan,0.9666666666666667,0.8402663673992917,0.8402663673992917,0.8402663673992917,0.6666666666666666,0.95,0.6666666666666666,0.95,0.9333333333333333,0.8065847522998594,0.8065847522998594,0.8065847522998594,1.0,1.0,1.0,1.0,72.0,0.0,0.0,0.20652181447493362,18.0,0.0,0.0,0.014758467587801555,0.0
gtzan/gtzan_hiphop_00006/track.npy,gtzan,0.9879518072289156,0.9359382972686957,0.9359382972686957,0.9359382972686957,0.9761904761904762,0.9761904761904762,0.9761904761904762,0.9761904761904762,0.5517241379310345,0.5103792855143849,0.8408166133948481,0.6755979494546165,0.0,0.0,0.5263157894736842,0.7894736842105263,50.0,0.0,0.0,0.06669137449867674,23.0,0.0,0.0,0.6682496289382157,0.0
gtzan/gtzan_hiphop_00007/track.npy,gtzan,0.94,0.879545242545418,0.879545242545418,0.879545242545418,0.94,0.94,0.94,0.94,0.7058823529411765,0.6620252990735839,0.8048328904506805,0.7334290947621322,0.14285714285714285,0.23809523809523808,0.4,0.64,60.0,0.0,0.0,0.0800427076735365,26.0,0.0,0.0,0.7017766963043605,0.0
gtzan/gtzan_hiphop_00008/track.npy,gtzan,0.9722222222222222,0.8415410817153678,0.8415410817153678,0.8415410817153678,1.0,1.0,1.0,1.0,0.6153846153846153,0.5392784640326405,0.7811645689762958,0.6602215165044681,0.0,0.0,1.0,1.0,43.0,0.0,0.0,0.08455738802806378,21.0,0.0,0.0,0.675163145522223,0.0
gtzan/gtzan_hiphop_00009/track.npy,gtzan,0.9885057471264368,0.8498464459067817,0.8498464459067817,0.8498464459067817,0.9545454545454546,0.9545454545454546,0.9545454545454546,0.9545454545454546,0.9523809523809523,0.8216720546508582,0.8216720546508582,0.8216720546508582,0.9090909090909091,0.9090909090909091,0.9090909090909091,0.9090909090909091,52.0,0.0,0.0,0.052471349889339616,13.0,0.0,0.0,0.01724180643450568,0.0
gtzan/gtzan_hiphop_00010/track.npy,gtzan,0.963855421686747,0.8511058741844542,0.8511058741844542,0.8511058741844542,0.9285714285714286,0.9285714285714286,0.9285714285714286,0.9285714285714286,0.8333333333333333,0.7228256617890968,0.7480129299967875,0.7354192958929422,0.2857142857142857,0.35714285714285715,0.3157894736842105,0.47368421052631576,50.0,0.02040816326530612,0.02040816326530612,0.13691741559953358,16.0,0.0,0.0,0.6935679897592356,0.0
gtzan/gtzan_hiphop_00011/track.npy,gtzan,1.0,0.9148241114523392,0.9148241114523392,0.9148241114523392,1.0,1.0,1.0,1.0,0.6666666666666666,0.6215771618075102,0.8326281902832434,0.7271026760453768,0.05,0.05,0.6,0.85,50.0,0.0,0.0,0.06669137449867565,25.0,0.0,0.0,0.700616103093171,0.0
gtzan/gtzan_hiphop_00012/track.npy,gtzan,0.9879518072289156,0.8347903214134454,0.8347903214134454,0.8347903214134454,0.9761904761904762,0.9761904761904762,0.9761904761904762,0.9761904761904762,0.6666666666666666,0.5425173429342565,0.8087293799412227,0.6756233614377396,0.0,0.0,0.95,0.95,49.0,0.0,0.0,0.06453852113757007,24.0,0.0,0.0,0.032789822822990145,0.0
gtzan/gtzan_hiphop_00013/track.npy,gtzan,1.0,0.9601395062195183,0.9601395062195183,0.9601395062195183,1.0,1.0,1.0,1.0,0.5714285714285715,0.5487342722877879,0.7323718713041156,0.6405530717959518,0.16666666666666666,0.16666666666666666,0.16666666666666666,0.2916666666666667,51.0,0.0,0.0,0.06669137449867218,26.0,0.0,0.0,0.7102416139192511,0.0
gtzan/gtzan_hiphop_00014/track.npy,gtzan,1.0,0.90199008690754,0.90199008690754,0.90199008690754,1.0,1.0,1.0,1.0,0.6666666666666666,0.6284950614333095,0.917074714674477,0.7727848880538932,0.0,0.0,0.9642857142857143,0.9642857142857143,67.0,0.0,0.0,0.1335313926245228,34.0,0.0,0.0,0.05479704577194929,0.0
gtzan/gtzan_hiphop_00015/track.npy,gtzan,0.9425287356321839,0.7727510025719573,0.7727510025719573,0.7727510025719573,0.6086956521739131,0.8260869565217391,0.6086956521739131,0.8260869565217391,0.7142857142857143,0.596333991597685,0.6759116184066332,0.636122805002159,0.1111111111111111,0.2222222222222222,0.3684210526315789,0.47368421052631576,58.0,0.017543859649122806,0.017543859649122806,0.8252700891209539,20.0,0.0,0.0,1.9764761856030326,0.0
gtzan/gtzan_hiphop_00016/track.npy,gtzan,1.0,0.9321227178123137,0.9321227178123137,0.9321227178123137,1.0,1.0,1.0,1.0,0.6666666666666666,0.6058507158431077,0.845317725175686,0.7255842205093969,0.05,0.05,0.6,0.85,51.0,0.0,0.0,0.03390155167568665,25.0,0.0,0.0,0.6406395808203316,0.0
gtzan/gtzan_hiphop_00017/track.npy,gtzan,0.9876543209876543,0.9079955677488566,0.9079955677488566,0.9079955677488566,0.975609756097561,0.975609756097561,0.975609756097561,0.975609756097561,0.9090909090909091,0.8222125707127348,0.8222125707127348,0.8222125707127348,0.25,0.6666666666666666,0.25,0.6666666666666666,49.0,0.0,0.0,0.06453852113756797,14.0,0.0,0.0,0.7049542358037851,0.0
gtzan/gtzan_hiphop_00018/track.npy,gtzan,0.3458646616541354,0.26336864585546604,0.38603522667206536,0.3247019362637657,0.011235955056179775,0.033707865168539325,0.056179775280898875,0.1797752808988764,0.29268292682926833,0.21231269561731592,0.21231269561731592,0.21231269561731592,0.03333333333333333,0.06666666666666667,0.06666666666666667,0.06666666666666667,109.0,0.18518518518518517,0.4166666666666667,1.4271163556401478,36.0,0.08571428571428572,0.11428571428571428,2.413406067898696,0.0
gtzan/gtzan_hiphop_00019/track.npy,gtzan,1.0,0.8838351101365978,0.8838351101365978,0.8838351101365978,1.0,1.0,1.0,1.0,0.6875000000000001,0.6244719696873479,0.8945465722137184,0.7595092709505331,0.0,0.0,1.0,1.0,51.0,0.0,0.0,0.0666913744986708,28.0,0.0,0.0,0.668142606537816,0.0
gtzan/gtzan_hiphop_00020/track.npy,gtzan,0.9795918367346939,0.8398809381202633,0.8398809381202633,0.8398809381202633,0.9795918367346939,0.9795918367346939,0.9795918367346939,0.9795918367346939,0.9230769230769231,0.7416178534100784,0.7416178534100784,0.7416178534100784,1.0,1.0,1.0,1.0,59.0,0.0,0.0,0.15415067982725517,15.0,0.0,0.0,0.029385750276685572,0.0
gtzan/gtzan_hiphop_00021/track.npy,gtzan,1.0,0.9171761834562708,0.9171761834562708,0.9171761834562708,1.0,1.0,1.0,1.0,0.6451612903225806,0.5728473693055529,0.8660379190762116,0.7194426441908823,0.0,0.0,0.9047619047619048,0.9047619047619048,50.0,0.0,0.0,0.06669137449867674,25.0,0.0,0.0,0.016807118316381625,0.0
gtzan/gtzan_hiphop_00022/track.npy,gtzan,1.0,0.911008285803521,0.911008285803521,0.911008285803521,1.0,1.0,1.0,1.0,1.0,0.9004627814145896,0.9004627814145896,0.9004627814145896,1.0,1.0,1.0,1.0,51.0,0.0,0.0,0.05357544536947342,13.0,0.0,0.0,0.016807118316381542,0.0
gtzan/gtzan_hiphop_00023/track.npy,gtzan,0.9873417721518987,0.8709959913099188,0.8709959913099188,0.8709959913099188,0.975,0.975,0.975,0.975,0.8695652173913044,0.7675018545655032,0.7675018545655032,0.7675018545655032,0.23076923076923078,0.5384615384615384,0.23076923076923078,0.5384615384615384,47.0,0.0,0.0,0.06252035698133372,15.0,0.0,0.0,0.6994465233472007,0.0
gtzan/gtzan_hiphop_00024/track.npy,gtzan,1.0,0.9466781842570582,0.9466781842570582,0.9466781842570582,1.0,1.0,1.0,1.0,0.88,0.8430572160714297,0.8430572160714297,0.8430572160714297,0.21428571428571427,0.5714285714285714,0.21428571428571427,0.5714285714285714,51.0,0.0,0.0,0.03390155167568665,17.0,0.0,0.0,0.6982755105677354,0.0
gtzan/gtzan_hiphop_00025/track.npy,gtzan,1.0,0.759405846007419,0.759405846007419,0.759405846007419,1.0,1.0,1.0,1.0,1.0,0.8242182821181221,0.8242182821181221,0.8242182821181221,1.0,1.0,1.0,1.0,53.0,0.0,0.0,0.07145896398214585,13.0,0.0,0.0,0.013294262258323641,0.0
gtzan/gtzan_hiphop_00026/track.npy,gtzan,1.0,0.8940806876956868,0.8940806876956868,0.8940806876956868,1.0,1.0,1.0,1.0,0.9166666666666666,0.8222319528736572,0.8222319528736572,0.8222319528736572,0.6923076923076923,0.6923076923076923,0.6923076923076923,0.6923076923076923,52.0,0.0,0.0,0.06899287148695475,15.0,0.0,0.0,0.2941955273622222,0.0
gtzan/gtzan_hiphop_00027/track.npy,gtzan,1.0,0.9289043495879064,0.9289043495879064,0.9289043495879064,1.0,1.0,1.0,1.0,0.6896551724137931,0.6234940397986016,0.9050128626801185,0.7642534512393601,0.0,0.0,1.0,1.0,46.0,0.0,0.0,0.06062462181643871,22.0,0.0,0.0,0.06458817493686947,0.0
gtzan/gtzan_hiphop_00028/track.npy,gtzan,0.8354430379746836,0.5171802206278796,0.5171802206278796,0.5171802206278796,0.5853658536585366,0.8780487804878049,0.5853658536585366,0.8780487804878049,0.5517241379310346,0.31680629583236575,0.45532012435532926,0.3860632100938475,0.0,0.0,0.7,0.85,48.0,0.0425531914893617,0.06382978723404255,1.472461612076231,24.0,0.043478260869565216,0.043478260869565216,2.622816995947308,0.0
gtzan/gtzan_hiphop_00029/track.npy,gtzan,0.6722689075630253,0.6096411346674403,0.7277438368523358,0.668692485759888,0.02531645569620253,0.06329113924050633,0.24050632911392406,0.569620253164557,0.39215686274509803,0.3754570545675723,0.5744927904542169,0.47497492251089457,0.0,0.0,0.024390243902439025,0.0975609756097561,95.0,0.0425531914893617,0.20212765957446807,1.4663370687934179,49.0,0.0,0.08333333333333333,2.0517718278620554,0.0
gtzan/gtzan_hiphop_00030/track.npy,gtzan,0.7035175879396985,0.6233077646370483,0.7851937532038412,0.7042507589204448,0.024193548387096774,0.1774193548387097,0.053691275167785234,0.37583892617449666,0.41791044776119407,0.37999396343981284,0.6440151641318617,0.5120045637858373,0.0,0.0,0.0625,0.375,151.0,0.14666666666666667,0.6933333333333334,1.0172040261015876,58.0,0.03508771929824561,0.22807017543859648,1.6332654573851793,0.0
gtzan/gtzan_hiphop_00031/track.npy,gtzan,1.0,0.9533768095159968,0.9533768095159968,0.9533768095159968,1.0,1.0,1.0,1.0,0.9523809523809523,0.9241429024628774,0.9241429024628774,0.9241429024628774,0.8181818181818182,0.8181818181818182,0.8181818181818182,0.8181818181818182,50.0,0.0,0.0,0.03390155167568665,13.0,0.0,0.0,0.359196583761096,0.0
gtzan/gtzan_hiphop_00032/track.npy,gtzan,0.9302325581395349,0.640291766835603,0.640291766835603,0.640291766835603,0.4666666666666667,0.8444444444444444,0.4666666666666667,0.8444444444444444,0.6896551724137931,0.5090028421472282,0.6088700576062066,0.5589364498767174,0.2222222222222222,0.2777777777777778,0.47619047619047616,0.5238095238095238,54.0,0.018867924528301886,0.018867924528301886,0.6904408167572688,20.0,0.0,0.0,1.1008266225327135,0.0
gtzan/gtzan_hiphop_00033/track.npy,gtzan,0.9761904761904763,0.8641739193641148,0.8641739193641148,0.8641739193641148,0.8372093023255814,0.9302325581395349,0.8372093023255814,0.9302325581395349,0.7407407407407407,0.6676453428974283,0.8164051320807351,0.7420252374890817,0.17647058823529413,0.17647058823529413,0.5789473684210527,0.6842105263157895,54.0,0.0,0.0,0.7259370033829337,22.0,0.0,0.0,0.6913439826217777,0.0
gtzan/gtzan_hiphop_00034/track.npy,gtzan,0.9397590361445782,0.8072840779331119,0.8072840779331119,0.8072840779331119,0.9523809523809523,0.9523809523809523,0.9523809523809523,0.9523809523809523,0.9523809523809523,0.7785052153256805,0.7785052153256805,0.7785052153256805,0.7272727272727273,0.7272727272727273,0.7272727272727273,0.7272727272727273,52.0,0.0392156862745098,0.0392156862745098,0.96723555239603,13.0,0.0,0.0,0.6889630557246873,0.0
gtzan/gtzan_hiphop_00035/track.npy,gtzan,1.0,0.9551340299660005,0.9551340299660005,0.9551340299660005,1.0,1.0,1.0,1.0,0.7499999999999999,0.7045096444150949,0.8956936277697878,0.8001016360924413,0.06666666666666667,0.13333333333333333,0.6470588235294118,0.7647058823529411,43.0,0.0,0.0,0.08455738802806378,18.0,0.0,0.0,0.7071334225346838,0.0
gtzan/gtzan_hiphop_00036/track.npy,gtzan,0.9702970297029702,0.8455998872348156,0.8455998872348156,0.8455998872348156,0.8235294117647058,0.9019607843137255,0.8235294117647058,0.9019607843137255,1.0,0.8721741404530808,0.8721741404530808,0.8721741404530808,1.0,1.0,1.0,1.0,59.0,0.06896551724137931,0.06896551724137931,1.764638227887509,15.0,0.0,0.0,0.051796939754839844,0.0
gtzan/gtzan_hiphop_00037/track.npy,gtzan,0.738095238095238,0.6687620661903243,0.8428957377987752,0.7558289019945498,0.05660377358490566,0.1509433962264151,0.29508196721311475,0.7049180327868853,0.6956521739130436,0.6439233875979048,0.9306797304259562,0.7873015590119306,0.0,0.0,1.0,1.0,65.0,0.03125,0.046875,1.0353914126465165,19.0,0.05555555555555555,0.05555555555555555,2.4232250338556818,0.0
gtzan/gtzan_hiphop_00038/track.npy,gtzan,1.0,0.9029907362394755,0.9029907362394755,0.9029907362394755,1.0,1.0,1.0,1.0,0.7142857142857143,0.6137641335936027,0.8569729238515027,0.7353685287225527,0.1111111111111111,0.1111111111111111,0.8421052631578947,0.8421052631578947,44.0,0.023255813953488372,0.023255813953488372,0.030771658666758572,21.0,0.0,0.0,0.6870693283878047,0.0
gtzan/gtzan_hiphop_00039/track.npy,gtzan,1.0,0.9213798588004519,0.9213798588004519,0.9213798588004519,1.0,1.0,1.0,1.0,0.9166666666666666,0.7868608302931291,0.7868608302931291,0.7868608302931291,0.6153846153846154,0.6923076923076923,0.6153846153846154,0.6923076923076923,49.0,0.0,0.0,0.053601196733830944,15.0,0.0,0.0,0.693147180559944,0.0
gtzan/gtzan_hiphop_00040/track.npy,gtzan,1.0,0.9062956549873177,0.9062956549873177,0.9062956549873177,1.0,1.0,1.0,1.0,0.6399999999999999,0.6170241135026585,0.8640021009283394,0.7405131072154989,0.0,0.0,0.8823529411764706,0.8823529411764706,41.0,0.0,0.0,0.08004270767353483,20.0,0.0,0.0,0.026668247082165475,0.0
gtzan/gtzan_hiphop_00041/track.npy,gtzan,0.9873417721518987,0.8682588803468089,0.8682588803468089,0.8682588803468089,0.975,0.975,0.975,0.975,0.9090909090909091,0.7337400342598709,0.7337400342598709,0.7337400342598709,0.6666666666666666,0.75,0.6666666666666666,0.75,48.0,0.0,0.02127659574468085,0.17442202178333543,15.0,0.0,0.07142857142857142,2.5023954589411312,0.0
gtzan/gtzan_hiphop_00042/track.npy,gtzan,1.0,0.7179351300629214,0.7179351300629214,0.7179351300629214,1.0,1.0,1.0,1.0,0.6666666666666666,0.44358724907229535,0.6227054415239398,0.5331463452981176,0.0,0.0,0.95,0.95,46.0,0.0,0.0,0.06062462181643358,23.0,0.0,0.0,0.030305349495328315,0.0
gtzan/gtzan_hiphop_00043/track.npy,gtzan,1.0,0.930758781870139,0.930758781870139,0.930758781870139,1.0,1.0,1.0,1.0,0.9090909090909091,0.8695788086685898,0.8695788086685898,0.8695788086685898,0.5833333333333334,0.5833333333333334,0.5833333333333334,0.5833333333333334,49.0,0.041666666666666664,0.041666666666666664,1.3658565816027273,19.0,0.0,0.0,1.2601121593752138,0.0
gtzan/gtzan_hiphop_00044/track.npy,gtzan,0.8214285714285714,0.6298437565886025,0.6298437565886025,0.6298437565886025,0.3064516129032258,0.46774193548387094,0.3064516129032258,0.46774193548387094,0.0851063829787234,0.07520734913826456,0.17048070566463422,0.1228440274014494,0.0,0.0,0.0,0.0,79.0,0.0641025641025641,0.14102564102564102,1.4726424585007434,45.0,0.06818181818181818,0.11363636363636363,2.010356783134588,0.0
gtzan/gtzan_hiphop_00045/track.npy,gtzan,1.0,0.9213798588004519,0.9213798588004519,0.9213798588004519,1.0,1.0,1.0,1.0,0.9166666666666666,0.7868608302931291,0.7868608302931291,0.7868608302931291,0.6153846153846154,0.6923076923076923,0.6153846153846154,0.6923076923076923,49.0,0.0,0.0,0.053601196733830944,15.0,0.0,0.0,0.693147180559944,0.0
gtzan/gtzan_hiphop_00046/track.npy,gtzan,0.975609756097561,0.8739800361086104,0.8739800361086104,0.8739800361086104,0.975609756097561,0.975609756097561,0.975609756097561,0.975609756097561,0.6249999999999999,0.5612030064163577,0.8283673269232449,0.6947851666698013,0.0,0.0,1.0,1.0,49.0,0.0,0.0,0.0317486983145844,25.0,0.0,0.0,0.016000341346443625,0.0
gtzan/gtzan_hiphop_00047/track.npy,gtzan,0.9876543209876543,0.9373069430172297,0.9373069430172297,0.9373069430172297,0.975609756097561,0.975609756097561,0.975609756097561,0.975609756097561,0.6666666666666666,0.6087325001129689,0.9137909143232804,0.7612617072181247,0.0,0.0,0.95,0.95,48.0,0.0,0.0,0.06453852113757194,24.0,0.0,0.0,0.0322608622182235,0.0
gtzan/gtzan_hiphop_00048/track.npy,gtzan,1.0,0.8836281846328266,0.8836281846328266,0.8836281846328266,1.0,1.0,1.0,1.0,1.0,0.9019037606588876,0.9019037606588876,0.9019037606588876,1.0,1.0,1.0,1.0,49.0,0.0,0.0,0.05957973055220717,12.0,0.0,0.0,0.008032171697264478,0.0
gtzan/gtzan_hiphop_00049/track.npy,gtzan,0.9523809523809523,0.9312281215900848,0.9312281215900848,0.9312281215900848,0.7619047619047619,0.9285714285714286,0.7619047619047619,0.9285714285714286,0.6249999999999999,0.6079038381370943,0.8826150801625119,0.7452594591498031,0.0,0.0,1.0,1.0,51.0,0.0,0.0,0.0689928714869537,25.0,0.0,0.0,0.03222083984404312,0.0
gtzan/gtzan_hiphop_00050/track.npy,gtzan,0.9761904761904762,0.8176263061133514,0.8176263061133514,0.8176263061133514,0.9761904761904762,0.9761904761904762,0.9761904761904762,0.9761904761904762,1.0,0.8625663796760736,0.8625663796760736,0.8625663796760736,1.0,1.0,1.0,1.0,50.0,0.0,0.0,0.0548258314121846,12.0,0.0,0.0,0.016393809775676903,0.0
gtzan/gtzan_hiphop_00051/track.npy,gtzan,1.0,0.8544576806372405,0.8544576806372405,0.8544576806372405,1.0,1.0,1.0,1.0,0.9166666666666666,0.73873666624751,0.73873666624751,0.73873666624751,0.3076923076923077,0.6153846153846154,0.3076923076923077,0.6153846153846154,53.0,0.0,0.0,0.10536051565782872,15.0,0.0,0.0,0.7053440856259464,0.0
gtzan/gtzan_hiphop_00052/track.npy,gtzan,1.0,0.9175214327878195,0.9175214327878195,0.9175214327878195,1.0,1.0,1.0,1.0,0.6666666666666666,0.6354922350001164,0.8945295916442412,0.7650109133221787,0.0,0.0,0.9545454545454546,0.9545454545454546,53.0,0.0,0.0,0.035091319811275556,24.0,0.0,0.0,0.035091319811270935,0.0
gtzan/gtzan_hiphop_00053/track.npy,gtzan,1.0,0.9360225315928421,0.9360225315928421,0.9360225315928421,1.0,1.0,1.0,1.0,0.7857142857142858,0.730762951703121,0.7888973736385415,0.7598301626708313,0.17647058823529413,0.29411764705882354,0.23809523809523808,0.5238095238095238,55.0,0.0,0.0,0.07145896398214346,21.0,0.0,0.0,0.7111656860626233,0.0
gtzan/gtzan_hiphop_00054/track.npy,gtzan,0.989247311827957,0.8538443428226985,0.8538443428226985,0.8538443428226985,0.9787234042553191,0.9787234042553191,0.9787234042553191,0.9787234042553191,0.8,0.7261699891382704,0.8012034750265381,0.7636867320824042,0.2222222222222222,0.3333333333333333,0.5217391304347826,0.5217391304347826,57.0,0.0,0.0,0.07410797215372356,20.0,0.0,0.0,0.686648607849452,0.0
gtzan/gtzan_hiphop_00055/track.npy,gtzan,0.9855072463768115,0.9015994790747255,0.9015994790747255,0.9015994790747255,0.9428571428571428,0.9428571428571428,0.9428571428571428,0.9428571428571428,0.6923076923076924,0.5911162779094167,0.8573929776744953,0.7242546277919559,0.0,0.0,1.0,1.0,42.0,0.0,0.024390243902439025,0.08560278002367476,20.0,0.0,0.0,0.015834169940704704,0.0
gtzan/gtzan_hiphop_00056/track.npy,gtzan,1.0,0.9061813733491526,0.9061813733491526,0.9061813733491526,1.0,1.0,1.0,1.0,0.6,0.514531837585466,0.8644439995175428,0.6894879185515044,0.0,0.0,0.8571428571428571,0.8571428571428571,50.0,0.0,0.0,0.03390155167568665,22.0,0.0,0.0,0.05020570894503515,0.0
gtzan/gtzan_hiphop_00057/track.npy,gtzan,0.989247311827957,0.7487214574657375,0.7487214574657375,0.7487214574657375,0.9787234042553191,0.9787234042553191,0.9787234042553191,0.9787234042553191,0.888888888888889,0.5778222733553446,0.5778222733553446,0.5778222733553446,0.26666666666666666,0.6,0.26666666666666666,0.6,55.0,0.0,0.0,0.109199291964993,18.0,0.0,0.0,0.6862978178874911,0.0
gtzan/gtzan_hiphop_00058/track.npy,gtzan,0.9736842105263158,0.837812388028392,0.837812388028392,0.837812388028392,1.0,1.0,1.0,1.0,0.8571428571428571,0.7059644063500832,0.7059644063500832,0.7059644063500832,0.3333333333333333,0.5,0.3333333333333333,0.5,46.0,0.0,0.0,0.06062462181643358,14.0,0.0,0.0,0.7041685061182601,0.0
gtzan/gtzan_hiphop_00059/track.npy,gtzan,1.0,0.8411497684262251,0.8411497684262251,0.8411497684262251,1.0,1.0,1.0,1.0,0.6428571428571429,0.5237378713864093,0.8068687347987188,0.665303303092564,0.0,0.0,0.8947368421052632,0.8947368421052632,46.0,0.0,0.0,0.060624621816444346,23.0,0.0,0.0,0.03077165866675438,0.0
gtzan/gtzan_hiphop_00060/track.npy,gtzan,1.0,0.8910618169088679,0.8910618169088679,0.8910618169088679,1.0,1.0,1.0,1.0,0.6428571428571429,0.5779853192471193,0.8365111589932969,0.7072482391202081,0.0,0.0,0.8947368421052632,0.8947368421052632,46.0,0.0,0.0,0.06062462181643523,23.0,0.0,0.0,0.03030534949532898,0.0
gtzan/gtzan_hiphop_00061/track.npy,gtzan,1.0,0.9678522476994129,0.9678522476994129,0.9678522476994129,1.0,1.0,1.0,1.0,0.6896551724137931,0.6512455208475337,0.9628362400483167,0.8070408804479252,0.0,0.0,1.0,1.0,46.0,0.0,0.0,0.056293233291157305,23.0,0.0,0.0,0.03125254350410511,0.0
gtzan/gtzan_hiphop_00062/track.npy,gtzan,1.0,0.9316233882820221,0.9316233882820221,0.9316233882820221,1.0,1.0,1.0,1.0,0.5925925925925926,0.5658290819810219,0.8494709852784922,0.7076500336297571,0.0,0.0,0.8333333333333334,0.8333333333333334,46.0,0.0,0.0,0.05614667734398237,22.0,0.0,0.0,0.7008100533055139,0.0
gtzan/gtzan_hiphop_00063/track.npy,gtzan,1.0,0.9591207524297237,0.9591207524297237,0.9591207524297237,1.0,1.0,1.0,1.0,0.6428571428571429,0.631376709523371,0.9158499177275251,0.773613313625448,0.0,0.0,0.8947368421052632,0.8947368421052632,47.0,0.0,0.0,0.06413488830631892,23.0,0.0,0.0,0.031748698314582435,0.0
gtzan/gtzan_hiphop_00064/track.npy,gtzan,0.9859154929577464,0.9339419558230959,0.9339419558230959,0.9339419558230959,0.9722222222222222,0.9722222222222222,0.9722222222222222,0.9722222222222222,0.72,0.6634607744983714,0.8550075223305162,0.7592341484144438,0.125,0.125,0.5882352941176471,0.7647058823529411,44.0,0.0,0.0,0.055749869991612806,19.0,0.0,0.0,0.690290136467476,0.0
gtzan/gtzan_hiphop_00065/track.npy,gtzan,1.0,0.9236559925277905,0.9236559925277905,0.9236559925277905,1.0,1.0,1.0,1.0,0.6666666666666666,0.6239667344224685,0.9001354435239111,0.7620510889731897,0.0,0.0,0.95,0.95,49.0,0.0,0.0,0.06453852113757222,25.0,0.0,0.0,0.030634810131044313,0.0
gtzan/gtzan_hiphop_00066/track.npy,gtzan,0.9866666666666666,0.9335851516964002,0.9335851516964002,0.9335851516964002,0.9736842105263158,0.9736842105263158,0.9736842105263158,0.9736842105263158,0.6428571428571429,0.6105852497478476,0.9092717449267114,0.7599284973372795,0.0,0.0,0.8947368421052632,0.8947368421052632,46.0,0.0,0.0,0.060624621816444346,23.0,0.0,0.0,0.03077165866675577,0.0
gtzan/gtzan_hiphop_00067/track.npy,gtzan,0.9879518072289156,0.922920865796172,0.922920865796172,0.922920865796172,0.9285714285714286,0.9523809523809523,0.9285714285714286,0.9523809523809523,0.6451612903225806,0.5987022778935924,0.8853516070904177,0.7420269424920051,0.0,0.0,0.9047619047619048,0.9047619047619048,50.0,0.0,0.02040816326530612,0.14109749431421542,25.0,0.0,0.041666666666666664,0.09641269726858151,0.0
gtzan/gtzan_hiphop_00068/track.npy,gtzan,1.0,0.8876082971259145,0.8876082971259145,0.8876082971259145,1.0,1.0,1.0,1.0,0.8695652173913044,0.8293703302756035,0.8293703302756035,0.8293703302756035,0.46153846153846156,0.5384615384615384,0.46153846153846156,0.5384615384615384,49.0,0.0,0.0,0.06453852113757473,17.0,0.0,0.0,0.7053937789160228,0.0
gtzan/gtzan_hiphop_00069/track.npy,gtzan,0.9885057471264368,0.7369263156758047,0.7369263156758047,0.7369263156758047,0.9318181818181818,0.9545454545454546,0.9318181818181818,0.9545454545454546,0.6875000000000001,0.48407044266850907,0.6647008054047913,0.5743856240366502,0.0,0.0,1.0,1.0,52.0,0.0,0.0196078431372549,0.18656556821493608,25.0,0.0,0.0,0.03222083984404251,0.0
gtzan/gtzan_hiphop_00070/track.npy,gtzan,1.0,0.8672359778492783,0.8672359778492783,0.8672359778492783,1.0,1.0,1.0,1.0,0.6666666666666666,0.535676723781146,0.7974447567413957,0.6665607402612708,0.0,0.0,0.95,0.95,49.0,0.0,0.0,0.06453852113757563,25.0,0.0,0.0,0.03226086221822332,0.0
gtzan/gtzan_hiphop_00071/track.npy,gtzan,0.9620253164556962,0.8545122167402964,0.8545122167402964,0.8545122167402964,0.975,0.975,0.975,0.975,0.6896551724137931,0.5567814415521419,0.7912859523903888,0.6740336969712654,0.10526315789473684,0.10526315789473684,0.8421052631578947,0.8421052631578947,48.0,0.0,0.0,0.0876172651376359,23.0,0.0,0.0,0.6694306539426284,0.0
gtzan/gtzan_hiphop_00072/track.npy,gtzan,0.975609756097561,0.8659016237507673,0.8659016237507673,0.8659016237507673,1.0,1.0,1.0,1.0,1.0,0.8672375835475359,0.8672375835475359,0.8672375835475359,1.0,1.0,1.0,1.0,49.0,0.0,0.0,0.032789822822996084,12.0,0.0,0.0,0.008163310639161554,0.0
gtzan/gtzan_hiphop_00073/track.npy,gtzan,1.0,0.9530107952820404,0.9530107952820404,0.9530107952820404,1.0,1.0,1.0,1.0,0.6896551724137931,0.6515537920267085,0.9454135293540368,0.7984836606903727,0.0,0.0,1.0,1.0,47.0,0.0,0.0,0.06252035698133387,23.0,0.0,0.0,0.030771658666752993,0.0
gtzan/gtzan_hiphop_00074/track.npy,gtzan,1.0,0.8317298220247297,0.8317298220247297,0.8317298220247297,1.0,1.0,1.0,1.0,1.0,0.7445322734437124,0.7445322734437124,0.7445322734437124,1.0,1.0,1.0,1.0,50.0,0.0,0.0,0.09844007281325318,13.0,0.0,0.0,0.025215426813445962,0.0
gtzan/gtzan_hiphop_00075/track.npy,gtzan,1.0,0.952763391020883,0.952763391020883,0.952763391020883,1.0,1.0,1.0,1.0,0.6428571428571429,0.608192440343401,0.8844208426507276,0.7463066414970643,0.0,0.0,0.8947368421052632,0.8947368421052632,46.0,0.0,0.0,0.030771658666758572,23.0,0.0,0.0,0.030771658666752993,0.0
gtzan/gtzan_hiphop_00076/track.npy,gtzan,1.0,0.9326352410245549,0.9326352410245549,0.9326352410245549,1.0,1.0,1.0,1.0,0.7692307692307693,0.694536108739321,0.8414777213492374,0.7680069150442792,0.1875,0.25,0.3157894736842105,0.631578947368421,49.0,0.0,0.0,0.06669137449867177,18.0,0.0,0.0,0.6951880082197364,0.0
gtzan/gtzan_hiphop_00077/track.npy,gtzan,0.8909090909090909,0.7884893220376625,0.7884893220376625,0.7884893220376625,0.22950819672131148,0.639344262295082,0.22950819672131148,0.639344262295082,0.35555555555555557,0.32297711131060586,0.35014082189217527,0.33655896660139056,0.0,0.0,0.03125,0.03125,76.0,0.04,0.17333333333333334,1.6250139509134962,40.0,0.0,0.02564102564102564,1.3453766574873118,0.0
gtzan/gtzan_hiphop_00078/track.npy,gtzan,1.0,0.9326352410245549,0.9326352410245549,0.9326352410245549,1.0,1.0,1.0,1.0,0.7692307692307693,0.694536108739321,0.8414777213492374,0.7680069150442792,0.1875,0.25,0.3157894736842105,0.631578947368421,49.0,0.0,0.0,0.06669137449867177,18.0,0.0,0.0,0.6951880082197364,0.0
gtzan/gtzan_hiphop_00079/track.npy,gtzan,1.0,0.8843563928124638,0.8843563928124638,0.8843563928124638,1.0,1.0,1.0,1.0,0.88,0.7858981719443993,0.7858981719443993,0.7858981719443993,0.2857142857142857,0.5,0.2857142857142857,0.5,53.0,0.0,0.0,0.035091319811275556,17.0,0.0,0.0,0.7018808605287006,0.0
gtzan/gtzan_hiphop_00080/track.npy,gtzan,0.5801526717557252,0.41177857256200895,0.4763072288462909,0.4440429007041499,0.07692307692307693,0.08791208791208792,0.07692307692307693,0.21978021978021978,0.24390243902439024,0.19080578385247224,0.25614716777143604,0.22347647581195412,0.0,0.0,0.0967741935483871,0.22580645161290322,116.0,0.22608695652173913,0.4260869565217391,1.3672414178500825,41.0,0.075,0.1,1.903775057498697,0.0
gtzan/gtzan_hiphop_00081/track.npy,gtzan,0.988235294117647,0.8679967579013441,0.8679967579013441,0.8679967579013441,0.9767441860465116,0.9767441860465116,0.9767441860465116,0.9767441860465116,0.7692307692307693,0.6685821759643976,0.766290828942159,0.7174365024532783,0.125,0.3125,0.21052631578947367,0.5263157894736842,52.0,0.0,0.0,0.0689928714869561,20.0,0.0,0.0,0.6957113455638405,0.0
gtzan/gtzan_hiphop_00082/track.npy,gtzan,1.0,0.8457107511007966,0.8457107511007966,0.8457107511007966,1.0,1.0,1.0,1.0,1.0,0.8254676020865861,0.8254676020865861,0.8254676020865861,1.0,1.0,1.0,1.0,53.0,0.0,0.0,0.07145896398214346,13.0,0.0,0.0,0.00881062968215629,0.0
gtzan/gtzan_hiphop_00083/track.npy,gtzan,1.0,0.8408955854372688,0.8408955854372688,0.8408955854372688,1.0,1.0,1.0,1.0,1.0,0.8558599801285987,0.8558599801285987,0.8558599801285987,1.0,1.0,1.0,1.0,52.0,0.0,0.0,0.0689928714869516,13.0,0.0,0.0,0.00865806274311498,0.0
gtzan/gtzan_hiphop_00084/track.npy,gtzan,0.5333333333333333,0.39258282259381444,0.5600876286749188,0.4763352256343666,0.009708737864077669,0.038834951456310676,0.02912621359223301,0.20388349514563106,0.4444444444444445,0.40851959158203877,0.40851959158203877,0.40851959158203877,0.0,0.0,0.023809523809523808,0.023809523809523808,121.0,0.18333333333333332,0.39166666666666666,1.2555800561920587,48.0,0.0425531914893617,0.0851063829787234,1.7204325223630597,0.0
gtzan/gtzan_hiphop_00085/track.npy,gtzan,1.0,0.8404958851048192,0.8404958851048192,0.8404958851048192,1.0,1.0,1.0,1.0,0.88,0.7067689340909162,0.7067689340909162,0.7067689340909162,0.5714285714285714,0.5714285714285714,0.5714285714285714,0.5714285714285714,56.0,0.0,0.0,0.07410797215372468,19.0,0.0,0.0,0.7242845813504901,0.0
gtzan/gtzan_hiphop_00086/track.npy,gtzan,1.0,0.9466001061795123,0.9466001061795123,0.9466001061795123,1.0,1.0,1.0,1.0,0.6896551724137931,0.653144891752149,0.8501666877040136,0.7516557897280813,0.10526315789473684,0.10526315789473684,0.7894736842105263,0.7894736842105263,49.0,0.0,0.0,0.032789822822996084,22.0,0.0,0.0,0.6935621207006815,0.0
gtzan/gtzan_hiphop_00087/track.npy,gtzan,1.0,0.8910394428051442,0.8910394428051442,0.8910394428051442,1.0,1.0,1.0,1.0,1.0,0.9288547056635779,0.9288547056635779,0.9288547056635779,1.0,1.0,1.0,1.0,51.0,0.0,0.0,0.06669137449866491,13.0,0.0,0.0,0.008438868645865849,0.0
gtzan/gtzan_hiphop_00088/track.npy,gtzan,1.0,0.8720369382608885,0.8720369382608885,0.8720369382608885,1.0,1.0,1.0,1.0,0.923076923076923,0.7690681565184789,0.7690681565184789,0.7690681565184789,0.5714285714285714,0.7857142857142857,0.5714285714285714,0.7857142857142857,58.0,0.0,0.0,0.07696104113613,16.0,0.0,0.0,0.6812819417863502,0.0
gtzan/gtzan_hiphop_00089/track.npy,gtzan,0.9904761904761905,0.9337021072380881,0.9337021072380881,0.9337021072380881,0.9811320754716981,0.9811320754716981,0.9811320754716981,0.9811320754716981,1.0,0.9542541469733263,0.9542541469733263,0.9542541469733263,1.0,1.0,1.0,1.0,64.0,0.0,0.0,0.08701137698962769,16.0,0.0,0.0,0.02105340919783194,0.0
gtzan/gtzan_hiphop_00090/track.npy,gtzan,1.0,0.9186988704818404,0.9186988704818404,0.9186988704818404,1.0,1.0,1.0,1.0,0.9600000000000001,0.8895367632102281,0.8895367632102281,0.8895367632102281,0.8461538461538461,0.8461538461538461,0.8461538461538461,0.8461538461538461,58.0,0.0,0.0,0.08836420208190227,16.0,0.0,0.0,0.2744009257840335,0.0
gtzan/gtzan_hiphop_00091/track.npy,gtzan,1.0,0.823209739029408,0.823209739029408,0.823209739029408,1.0,1.0,1.0,1.0,0.846153846153846,0.6860034828563711,0.6860034828563711,0.6860034828563711,0.2,0.4,0.2,0.42857142857142855,51.0,0.0,0.0,0.03390155167568665,19.0,0.0,0.0,0.7119293876484185,0.0
gtzan/gtzan_hiphop_00092/track.npy,gtzan,1.0,0.8404556269215822,0.8404556269215822,0.8404556269215822,1.0,1.0,1.0,1.0,0.9600000000000001,0.8138886251126545,0.8138886251126545,0.8138886251126545,0.9230769230769231,0.9230769230769231,0.9230769230769231,0.9230769230769231,57.0,0.0,0.0,0.07696104113612845,15.0,0.0,0.0,0.2848962916245772,0.0
gtzan/gtzan_hiphop_00093/track.npy,gtzan,1.0,0.9436833842712357,0.9436833842712357,0.9436833842712357,1.0,1.0,1.0,1.0,1.0,0.9528850668244874,0.9528850668244874,0.9528850668244874,1.0,1.0,1.0,1.0,59.0,0.0,0.0,0.039220713153283904,15.0,0.0,0.0,0.009852296443011443,0.0
gtzan/gtzan_hiphop_00094/track.npy,gtzan,0.6666666666666666,0.5804802011632533,0.8459282494389111,0.7132042253010822,0.0,0.0,0.9838709677419355,0.9838709677419355,0.3636363636363636,0.30299135613055533,0.4390237187120266,0.371007537421291,0.0,0.0,0.05555555555555555,0.05555555555555555,75.0,0.0,0.0,0.1466034741918809,45.0,0.0,0.0,1.0953862024462868,0.0
gtzan/gtzan_hiphop_00095/track.npy,gtzan,1.0,0.8540964291213932,0.8540964291213932,0.8540964291213932,1.0,1.0,1.0,1.0,0.8,0.6826818953882625,0.7614616312938041,0.7220717633410333,0.2222222222222222,0.2777777777777778,0.43478260869565216,0.5652173913043478,55.0,0.0,0.0,0.07410797215372356,22.0,0.0,0.0,0.7132525560758799,0.0
gtzan/gtzan_hiphop_00096/track.npy,gtzan,0.6716417910447761,0.5889591179996345,0.7480077585513804,0.6684834382755074,0.02247191011235955,0.07865168539325842,0.07865168539325842,0.6179775280898876,0.4,0.3359883717657049,0.5182468823366471,0.42711762705117595,0.0,0.0,0.022727272727272728,0.11363636363636363,106.0,0.0380952380952381,0.09523809523809523,1.0269166413557524,53.0,0.019230769230769232,0.019230769230769232,1.4143390944454095,0.0
gtzan/gtzan_hiphop_00097/track.npy,gtzan,0.7500000000000001,0.5712235786798796,0.5712235786798796,0.5712235786798796,0.0684931506849315,0.3287671232876712,0.0684931506849315,0.3287671232876712,0.6111111111111112,0.4466615529198113,0.4466615529198113,0.4466615529198113,0.08,0.28,0.08,0.28,96.0,0.11578947368421053,0.2736842105263158,1.3201715261843359,34.0,0.09090909090909091,0.09090909090909091,2.300053645397287,0.0
gtzan/gtzan_hiphop_00098/track.npy,gtzan,1.0,0.8822392942802922,0.8822392942802922,0.8822392942802922,1.0,1.0,1.0,1.0,1.0,0.8262178620152457,0.8262178620152457,0.8262178620152457,1.0,1.0,1.0,1.0,54.0,0.0,0.0,0.07145896398214668,14.0,0.0,0.0,0.008845872662946608,0.0
gtzan/gtzan_hiphop_00099/track.npy,gtzan,0.989010989010989,0.8373021590965088,0.8373021590965088,0.8373021590965088,0.9782608695652174,0.9782608695652174,0.9782608695652174,0.9782608695652174,0.6470588235294118,0.5256169001267197,0.7975445009622534,0.6615807005444865,0.0,0.0,0.9130434782608695,0.9130434782608695,55.0,0.0,0.0,0.10689602618069165,28.0,0.0,0.0,0.05481163820483998,0.0
gtzan/gtzan_jazz_00000/track.npy,gtzan,0.5454545454545455,0.3998237550396143,0.5017915945350664,0.45080767478734035,0.06666666666666667,0.17777777777777778,0.06666666666666667,0.17777777777777778,0.19999999999999998,0.1412981266869378,0.2375260348677667,0.18941208077735225,0.0,0.0,0.03508771929824561,0.05263157894736842,109.0,0.1111111111111111,0.3055555555555556,0.9947740716831626,69.0,0.0,0.07352941176470588,1.1446790358137313,0.0
gtzan/gtzan_jazz_00001/track.npy,gtzan,0.37500000000000006,0.2540173451531918,0.3032257506062689,0.27862154787973037,0.0392156862745098,0.11764705882352941,0.15789473684210525,0.2631578947368421,0.05128205128205128,0.02866834533971099,0.13806569544742267,0.08336702039356683,0.0,0.0,0.03225806451612903,0.06451612903225806,62.0,0.04918032786885246,0.11475409836065574,2.157262248020163,37.0,0.05555555555555555,0.1111111111111111,2.3177958706167834,0.0
gtzan/gtzan_jazz_00002/track.npy,gtzan,0.5384615384615384,0.4406400856107922,0.4406400856107922,0.4406400856107922,0.12195121951219512,0.2682926829268293,0.12195121951219512,0.2682926829268293,0.2777777777777778,0.21843038417514396,0.3172069564258331,0.2678186703004885,0.0,0.0,0.19230769230769232,0.3076923076923077,47.0,0.0,0.043478260869565216,1.0840604178116253,32.0,0.0,0.03225806451612903,1.3140728296741166,0.0
gtzan/gtzan_jazz_00004/track.npy,gtzan,0.6666666666666667,0.5013776061449288,0.5013776061449288,0.5013776061449288,0.125,0.225,0.125,0.225,0.3529411764705882,0.2677750273784614,0.2677750273784614,0.2677750273784614,0.0,0.0,0.11538461538461539,0.15384615384615385,51.0,0.0,0.0,1.0727968802130798,32.0,0.0,0.0,1.2010968891235059,0.0
gtzan/gtzan_jazz_00005/track.npy,gtzan,0.5882352941176471,0.5233506727410681,0.7849165925176279,0.654133632629348,0.0,0.0,0.2717391304347826,0.75,0.35714285714285715,0.3216068021789999,0.3216068021789999,0.3216068021789999,0.0,0.0,0.047619047619047616,0.047619047619047616,117.0,0.08620689655172414,0.16379310344827586,0.814560773461159,52.0,0.0,0.0392156862745098,1.6901265804110661,0.0
gtzan/gtzan_jazz_00006/track.npy,gtzan,1.0,0.8812448794921262,0.8812448794921262,0.8812448794921262,1.0,1.0,1.0,1.0,0.5333333333333333,0.48834552768286477,0.7892958468171599,0.6388206872500124,0.0,0.0,0.3225806451612903,0.6129032258064516,67.0,0.0,0.0,0.09097177820572781,40.0,0.0,0.0,0.7375989431307768,0.0
gtzan/gtzan_jazz_00007/track.npy,gtzan,0.7499999999999999,0.6521320856016164,0.6521320856016164,0.6521320856016164,0.13157894736842105,0.34210526315789475,0.13157894736842105,0.34210526315789475,0.5384615384615384,0.4352058372725019,0.6807484874645385,0.5579771623685202,0.0,0.0,0.21052631578947367,0.42105263157894735,45.0,0.022727272727272728,0.045454545454545456,1.5131226990444289,23.0,0.045454545454545456,0.09090909090909091,2.515678308454753,0.0
gtzan/gtzan_jazz_00008/track.npy,gtzan,0.968421052631579,0.844907674211842,0.844907674211842,0.844907674211842,0.40816326530612246,0.8775510204081632,0.40816326530612246,0.8775510204081632,0.43999999999999995,0.38344569768622633,0.6589621399684442,0.5212039188273353,0.0,0.0,0.07894736842105263,0.21052631578947367,61.0,0.06666666666666667,0.08333333333333333,1.52749517724024,48.0,0.02127659574468085,0.0425531914893617,0.93127532876605,0.0
gtzan/gtzan_jazz_00011/track.npy,gtzan,0.9822485207100591,0.818062707139728,0.818062707139728,0.818062707139728,0.6705882352941176,0.9058823529411765,0.6705882352941176,0.9058823529411765,0.5882352941176471,0.5138895992906148,0.8032319808950963,0.6585607900928556,0.0,0.0,0.2553191489361702,0.7659574468085106,103.0,0.00980392156862745,0.00980392156862745,0.268263986594673,57.0,0.017857142857142856,0.017857142857142856,0.7036745765033242,0.0
gtzan/gtzan_jazz_00012/track.npy,gtzan,0.9292929292929293,0.7516255476387271,0.7516255476387271,0.7516255476387271,0.7692307692307693,0.8269230769230769,0.7692307692307693,0.8269230769230769,0.5217391304347826,0.4202440636653937,0.66747488176493,0.5438594727151618,0.0,0.0,0.35294117647058826,0.47058823529411764,63.0,0.04838709677419355,0.0967741935483871,1.0986122886681096,40.0,0.05128205128205128,0.10256410256410256,1.6209820686045233,0.0
gtzan/gtzan_jazz_00013/track.npy,gtzan,0.6310160427807486,0.536957585328583,0.7529526182818834,0.6449551018052332,0.007936507936507936,0.023809523809523808,0.07936507936507936,0.5158730158730159,0.2903225806451613,0.2554057043805013,0.4062115926966457,0.3308086485385735,0.0,0.0,0.009615384615384616,0.009615384615384616,152.0,0.11258278145695365,0.4768211920529801,0.8253422865109566,127.0,0.06349206349206349,0.3412698412698413,0.9081263329701381,0.0
gtzan/gtzan_jazz_00015/track.npy,gtzan,0.4651162790697674,0.34923844234891127,0.5293197189228185,0.43927908063586485,0.0,0.0,0.04032258064516129,0.25,0.25225225225225223,0.19372006647602869,0.3027038342084389,0.24821195034223378,0.0,0.0,0.0,0.0,149.0,0.20270270270270271,0.4391891891891892,1.0116009116784515,114.0,0.04424778761061947,0.17699115044247787,0.794005803949613,0.0
gtzan/gtzan_jazz_00016/track.npy,gtzan,0.5833333333333334,0.43799817011135356,0.43799817011135356,0.43799817011135356,0.13953488372093023,0.3023255813953488,0.13953488372093023,0.3023255813953488,0.4666666666666667,0.36710429421156443,0.5331773847751753,0.45014083949336986,0.0,0.0,0.2727272727272727,0.3181818181818182,49.0,0.041666666666666664,0.10416666666666667,1.7833082061380447,27.0,0.038461538461538464,0.07692307692307693,2.0608921733703807,0.0
gtzan/gtzan_jazz_00017/track.npy,gtzan,0.7722772277227723,0.5603098722866772,0.5631921548121553,0.5617510135494163,0.10619469026548672,0.415929203539823,0.10619469026548672,0.415929203539823,0.39999999999999997,0.27733792752846403,0.38075367516101816,0.3290458013447411,0.0,0.0,0.15873015873015872,0.3333333333333333,130.0,0.13178294573643412,0.3798449612403101,0.8849264763327763,73.0,0.06944444444444445,0.20833333333333334,1.4552872326068427,0.0
gtzan/gtzan_jazz_00019/track.npy,gtzan,0.35443037974683544,0.21387737394396916,0.28090712806020707,0.24739225100208811,0.04878048780487805,0.0975609756097561,0.04878048780487805,0.0975609756097561,0.7586206896551724,0.5102768248889185,0.5102768248889185,0.5102768248889185,0.4375,0.75,0.4375,0.75,51.0,0.04,0.06,1.5814500746203974,20.0,0.05263157894736842,0.05263157894736842,2.7742452368668404,0.0
gtzan/gtzan_jazz_00021/track.npy,gtzan,0.4431818181818181,0.33474290422544595,0.5286931410851927,0.43171802265531933,0.0,0.0,0.024,0.152,0.198019801980198,0.1520357940158122,0.2508962594251102,0.20146602672046118,0.0,0.0,0.0,0.0,150.0,0.19463087248322147,0.5637583892617449,0.9162907318741562,104.0,0.05825242718446602,0.24271844660194175,0.9958254690476082,0.0
gtzan/gtzan_jazz_00022/track.npy,gtzan,0.7096774193548386,0.4683000761211547,0.4683000761211547,0.4683000761211547,0.2641509433962264,0.4528301886792453,0.2641509433962264,0.4528301886792453,0.4571428571428572,0.3839908452213595,0.5054351178241674,0.44471298152276345,0.13636363636363635,0.13636363636363635,0.48,0.48,51.0,0.0,0.0,1.1705110972342538,28.0,0.0,0.0,1.0849102295443611,0.0
gtzan/gtzan_jazz_00023/track.npy,gtzan,0.7951807228915662,0.6495430862516682,0.6495430862516682,0.6495430862516682,0.2553191489361702,0.574468085106383,0.2553191489361702,0.574468085106383,0.42424242424242425,0.37004800858103826,0.6001521581957431,0.48510008338839067,0.0,0.0,0.125,0.5,59.0,0.05172413793103448,0.13793103448275862,1.6094379124341018,29.0,0.07142857142857142,0.10714285714285714,2.2594454088931006,0.0
gtzan/gtzan_jazz_00024/track.npy,gtzan,0.5777777777777778,0.45777246786727877,0.5438603601967125,0.5008164140319956,0.03333333333333333,0.08888888888888889,0.06666666666666667,0.3333333333333333,0.3793103448275862,0.2952693769212919,0.3928196694223746,0.34404452317183326,0.0,0.0,0.02127659574468085,0.1276595744680851,110.0,0.11009174311926606,0.24770642201834864,1.098612288668134,58.0,0.03508771929824561,0.07017543859649122,1.7991702555497904,0.0
gtzan/gtzan_jazz_00025/track.npy,gtzan,0.9707602339181286,0.8123832261055085,0.8123832261055085,0.8123832261055085,0.36046511627906974,0.9069767441860465,0.36046511627906974,0.9069767441860465,0.3888888888888889,0.3372295199353538,0.5429814974701224,0.4401055087027381,0.02,0.02,0.08,0.24,106.0,0.02857142857142857,0.06666666666666667,0.5762425087316988,61.0,0.016666666666666666,0.016666666666666666,1.2417131323087842,0.0
gtzan/gtzan_jazz_00026/track.npy,gtzan,0.38095238095238093,0.2752565519317332,0.2752565519317332,0.2752565519317332,0.025,0.075,0.08695652173913043,0.08695652173913043,0.26666666666666666,0.14845490226876695,0.18857504784594803,0.1685149750573575,0.1,0.15,0.1,0.15,27.0,0.0,0.0,0.9458722862395951,24.0,0.0,0.0,0.9934412110357831,0.0
gtzan/gtzan_jazz_00027/track.npy,gtzan,0.5,0.3973678000806556,0.6277630390900307,0.5125654195853432,0.0,0.0,0.03676470588235294,0.2647058823529412,0.15,0.11375907587734528,0.18218234717679918,0.14797071152707222,0.0,0.0,0.0,0.0,165.0,0.2682926829268293,0.6707317073170732,0.8109302162163472,130.0,0.17054263565891473,0.4573643410852713,0.8588025855018072,0.0
gtzan/gtzan_jazz_00028/track.npy,gtzan,0.9585798816568047,0.8073148243895812,0.8073148243895812,0.8073148243895812,0.5232558139534884,0.8255813953488372,0.5232558139534884,0.8255813953488372,0.5970149253731344,0.509159630466428,0.7864289067870776,0.6477942686267528,0.0,0.0,0.45652173913043476,0.7608695652173914,105.0,0.028846153846153848,0.0673076923076923,0.6768952876101701,60.0,0.0,0.0,0.8362480242006287,0.0
gtzan/gtzan_jazz_00029/track.npy,gtzan,0.5752212389380531,0.38607201963206517,0.5490694468728482,0.4675707332524567,0.03759398496240601,0.13533834586466165,0.03759398496240601,0.13533834586466165,0.2300884955752212,0.1823528926549416,0.2648539983268028,0.2236034454908722,0.0,0.0,0.03333333333333333,0.07777777777777778,156.0,0.27741935483870966,0.5741935483870968,0.9162907318741536,106.0,0.0761904761904762,0.29523809523809524,1.098612288668108,0.0
gtzan/gtzan_jazz_00030/track.npy,gtzan,0.2647058823529412,0.24532602604479634,0.27521853494179993,0.26027228049329815,0.046511627906976744,0.046511627906976744,0.046511627906976744,0.047619047619047616,0.14285714285714285,0.14491241382833134,0.16444694843620156,0.15467968113226643,0.0,0.0,0.0,0.0,34.0,0.030303030303030304,0.030303030303030304,1.5730272591039731,25.0,0.041666666666666664,0.041666666666666664,1.5084955415547883,0.0
gtzan/gtzan_jazz_00031/track.npy,gtzan,0.7829457364341087,0.60953241880237,0.6581973840287731,0.6338649014155715,0.03676470588235294,0.19117647058823528,0.03676470588235294,0.19117647058823528,0.28800000000000003,0.23483843635008142,0.4015817640678936,0.3182101002089875,0.01098901098901099,0.02197802197802198,0.0989010989010989,0.1978021978021978,146.0,0.21379310344827587,0.5862068965517241,0.9358878467648543,106.0,0.09523809523809523,0.3047619047619048,0.9538539695994348,0.0
gtzan/gtzan_jazz_00032/track.npy,gtzan,0.5343511450381679,0.4206518985178921,0.4253953914790372,0.4230236449984647,0.03896103896103896,0.12987012987012986,0.03896103896103896,0.12987012987012986,0.24,0.2194435735638795,0.32758515219264717,0.27351436287826336,0.0,0.0,0.05405405405405406,0.13513513513513514,91.0,0.1,0.16666666666666666,1.290087176840383,47.0,0.08695652173913043,0.08695652173913043,2.063653729725933,0.0
gtzan/gtzan_jazz_00033/track.npy,gtzan,1.0,0.8721778862956278,0.8721778862956278,0.8721778862956278,1.0,1.0,1.0,1.0,0.6666666666666666,0.5918701917239848,0.8753800279078541,0.7336251098159194,0.0,0.0,0.95,0.95,48.0,0.0,0.0,0.06453852113757194,24.0,0.0,0.0,0.031748698314582435,0.0
gtzan/gtzan_jazz_00034/track.npy,gtzan,0.9937888198757764,0.8725843819436804,0.8725843819436804,0.8725843819436804,0.9876543209876543,0.9876543209876543,0.9876543209876543,0.9876543209876543,0.6440677966101694,0.5712817116125622,0.8242273437449646,0.6977545276787634,0.02564102564102564,0.05128205128205128,0.5641025641025641,0.7948717948717948,98.0,0.0,0.0,0.1941560144409531,48.0,0.0,0.0,0.6931471805599496,0.0
gtzan/gtzan_jazz_00035/track.npy,gtzan,1.0,0.7077047824334515,0.7077047824334515,0.7077047824334515,1.0,1.0,1.0,1.0,0.4324324324324324,0.3130456820136172,0.46576415162737794,0.3894049168204976,0.0,0.0,0.0,0.0,35.0,0.0,0.0,0.0706175672139519,35.0,0.0,0.0,0.0706175672139519,0.0
gtzan/gtzan_jazz_00036/track.npy,gtzan,0.5,0.26742514258800376,0.3618242510216633,0.3146246968048335,0.0,0.0,0.025,0.16666666666666666,0.18032786885245905,0.09346534800249477,0.14687706234908196,0.12017120517578836,0.0,0.0,0.0,0.0,142.0,0.14893617021276595,0.2553191489361702,0.8754687373538935,130.0,0.046511627906976744,0.11627906976744186,0.616962050974306,0.0
gtzan/gtzan_jazz_00037/track.npy,gtzan,1.0,0.9468729235359898,0.9468729235359898,0.9468729235359898,1.0,1.0,1.0,1.0,0.5882352941176471,0.5633786478606589,0.8357572972155992,0.6995679725381291,0.0,0.0,0.3333333333333333,0.6666666666666666,49.0,0.0,0.0,0.06453852113757563,29.0,0.0,0.0,0.6931471805599512,0.0
gtzan/gtzan_jazz_00038/track.npy,gtzan,0.9682539682539683,0.7734814627706227,0.7734814627706227,0.7734814627706227,0.859375,0.921875,0.859375,0.921875,0.5555555555555556,0.4228497570042292,0.6080019969968449,0.5154258770005371,0.02564102564102564,0.02564102564102564,0.1282051282051282,0.41025641025641024,81.0,0.025,0.0625,0.9467378930291869,46.0,0.022222222222222223,0.022222222222222223,1.2018389230536635,0.0
gtzan/gtzan_jazz_00039/track.npy,gtzan,0.993939393939394,0.9485277263009005,0.9485277263009005,0.9485277263009005,0.9879518072289156,0.9879518072289156,0.9879518072289156,0.9879518072289156,0.6557377049180327,0.6379228808649651,0.9497774760407373,0.7938501784528511,0.0,0.0,0.9512195121951219,0.9512195121951219,100.0,0.0,0.0,0.13353139262452585,49.0,0.0,0.0,0.032789822822996084,0.0
gtzan/gtzan_jazz_00040/track.npy,gtzan,1.0,0.807112476281435,0.807112476281435,0.807112476281435,1.0,1.0,1.0,1.0,0.6451612903225806,0.5031482629695789,0.7615387193644085,0.6323434911669937,0.0,0.0,0.9047619047619048,0.9047619047619048,50.0,0.0,0.0,0.06669137449867514,25.0,0.0,0.0,0.03333642026759401,0.0
gtzan/gtzan_jazz_00041/track.npy,gtzan,1.0,0.913640182851685,0.913640182851685,0.913640182851685,1.0,1.0,1.0,1.0,0.06557377049180328,0.06240923049318969,0.07464633450545957,0.06852778249932463,0.0,0.0,0.0,0.0,95.0,0.0,0.0,0.12516314295400344,52.0,0.0,0.0,0.6931471805599447,0.0
gtzan/gtzan_jazz_00042/track.npy,gtzan,0.8857142857142858,0.7180095309399075,0.7180095309399075,0.7180095309399075,0.28205128205128205,0.5641025641025641,0.28205128205128205,0.5641025641025641,0.43750000000000006,0.3495850111171204,0.5563277013837779,0.45295635625044917,0.0,0.0,0.08,0.16,47.0,0.021739130434782608,0.043478260869565216,1.3627377539886043,32.0,0.0,0.03225806451612903,1.0261637481621242,0.0
gtzan/gtzan_jazz_00043/track.npy,gtzan,0.8484848484848485,0.6941687844799895,0.6941687844799895,0.6941687844799895,0.4117647058823529,0.6911764705882353,0.4117647058823529,0.6911764705882353,0.4126984126984127,0.34300126250381535,0.4358411136799899,0.3894211880919026,0.02127659574468085,0.02127659574468085,0.0425531914893617,0.14893617021276595,81.0,0.0375,0.0625,0.8788831553290538,57.0,0.03571428571428571,0.05357142857142857,1.4128241242719979,0.0
gtzan/gtzan_jazz_00044/track.npy,gtzan,0.9887640449438202,0.8526929208288778,0.8526929208288778,0.8526929208288778,0.9777777777777777,0.9777777777777777,0.9777777777777777,0.9777777777777777,0.6666666666666666,0.5932701089788709,0.8503385672156653,0.7218043380972681,0.0,0.0,0.9545454545454546,0.9545454545454546,53.0,0.019230769230769232,0.019230769230769232,0.0884097398199869,27.0,0.0,0.0,0.0357180826020778,0.0
gtzan/gtzan_jazz_00045/track.npy,gtzan,0.9032258064516129,0.7737854691727258,0.7737854691727258,0.7737854691727258,0.967741935483871,0.967741935483871,0.967741935483871,0.967741935483871,0.43750000000000006,0.3906542625362262,0.5973326564456866,0.4939934594909564,0.0,0.0,0.125,0.2916666666666667,38.0,0.0,0.0,0.056034808469426524,30.0,0.0,0.0,0.7257186774963423,0.0
gtzan/gtzan_jazz_00046/track.npy,gtzan,0.9888888888888889,0.9074626071686516,0.9074626071686516,0.9074626071686516,0.8,0.9333333333333333,0.8,0.9333333333333333,0.5714285714285715,0.5335676390783772,0.7218157978103374,0.6276917184443573,0.01818181818181818,0.01818181818181818,0.12727272727272726,0.38181818181818183,108.0,0.0,0.009345794392523364,0.30453671434082236,69.0,0.0,0.014705882352941176,1.0986122886681091,0.0
gtzan/gtzan_jazz_00047/track.npy,gtzan,0.9281767955801106,0.7910316705321887,0.7910316705321887,0.7910316705321887,0.3617021276595745,0.7340425531914894,0.3617021276595745,0.7340425531914894,0.5000000000000001,0.423467802394898,0.5794842626421063,0.5014760325185021,0.017241379310344827,0.017241379310344827,0.13793103448275862,0.25862068965517243,111.0,0.05454545454545454,0.1,0.8651573832701924,69.0,0.014705882352941176,0.04411764705882353,1.1290518670259269,0.0
gtzan/gtzan_jazz_00048/track.npy,gtzan,0.954954954954955,0.813982658099257,0.813982658099257,0.813982658099257,0.3333333333333333,0.8947368421052632,0.3333333333333333,0.8947368421052632,0.4761904761904762,0.37889516242073684,0.6004656930339771,0.489680427727357,0.0,0.0,0.7142857142857143,0.7142857142857143,68.0,0.014925373134328358,0.029850746268656716,0.6105867588423013,34.0,0.0,0.030303030303030304,0.9806544836672813,0.0
gtzan/gtzan_jazz_00049/track.npy,gtzan,0.43750000000000006,0.3205677134704464,0.45595554434680496,0.3882616289086257,0.0,0.0,0.10869565217391304,0.45652173913043476,0.20689655172413793,0.15276659129963943,0.2499253200750887,0.20134595568736408,0.0,0.0,0.0,0.0,55.0,0.018518518518518517,0.05555555555555555,1.155122568449676,29.0,0.0,0.0,1.0814647645161246,0.0
gtzan/gtzan_jazz_00050/track.npy,gtzan,0.6705882352941177,0.5551745849143676,0.5551745849143676,0.5551745849143676,0.04807692307692308,0.25,0.04807692307692308,0.25,0.49315068493150693,0.42219449676782195,0.42219449676782195,0.42219449676782195,0.0392156862745098,0.0784313725490196,0.0392156862745098,0.13725490196078433,120.0,0.14285714285714285,0.40336134453781514,1.1067223718586503,60.0,0.06779661016949153,0.11864406779661017,1.8520131342784276,0.0
gtzan/gtzan_jazz_00051/track.npy,gtzan,1.0,0.8720904443019529,0.8720904443019529,0.8720904443019529,1.0,1.0,1.0,1.0,0.6666666666666666,0.5847788979068278,0.8754701162511015,0.7301245070789646,0.0,0.0,0.95,0.95,48.0,0.0,0.0,0.06453852113757194,24.0,0.0,0.0,0.031748698314582297,0.0
gtzan/gtzan_jazz_00052/track.npy,gtzan,0.9662921348314608,0.8635115815285632,0.8635115815285632,0.8635115815285632,0.9777777777777777,0.9777777777777777,0.9777777777777777,0.9777777777777777,0.6875000000000001,0.605498363205768,0.7290756064438714,0.6672869848248197,0.09523809523809523,0.14285714285714285,0.19047619047619047,0.5714285714285714,54.0,0.0,0.0,0.10512016325471857,24.0,0.0,0.0,0.7486950034578432,0.0
gtzan/gtzan_jazz_00053/track.npy,gtzan,0.9937888198757764,0.8743336421251167,0.8743336421251167,0.8743336421251167,0.8395061728395061,0.9753086419753086,0.8395061728395061,0.9753086419753086,0.6545454545454545,0.5816885267569775,0.7418027533566611,0.6617456400568194,0.08571428571428572,0.11428571428571428,0.28205128205128205,0.5897435897435898,98.0,0.0,0.0,0.1941560144409547,44.0,0.0,0.0,1.1504841801838177,0.0
gtzan/gtzan_jazz_00054/track.npy,gtzan,0.6666666666666667,0.5798247359985303,0.5798247359985303,0.5798247359985303,0.36538461538461536,0.4423076923076923,0.36538461538461536,0.4423076923076923,0.7857142857142858,0.6810774162371224,0.6972034736693498,0.6891404449532361,0.23529411764705882,0.35294117647058826,0.23529411764705882,0.38095238095238093,63.0,0.03225806451612903,0.06451612903225806,1.2878542883066342,22.0,0.0,0.047619047619047616,2.025249145597547,0.0
gtzan/gtzan_jazz_00055/track.npy,gtzan,1.0,0.7173611947653813,0.7173611947653813,0.7173611947653813,1.0,1.0,1.0,1.0,0.3888888888888889,0.25341210666925207,0.4370585279668614,0.34523531731805673,0.0,0.0,0.0,0.0,35.0,0.0,0.0,0.0706175672139519,35.0,0.0,0.0,0.0706175672139519,0.0
gtzan/gtzan_jazz_00056/track.npy,gtzan,0.37931034482758624,0.32150041748350977,0.4467993428325435,0.38414988015802665,0.00819672131147541,0.00819672131147541,0.040983606557377046,0.14754098360655737,0.09375,0.08367658388064333,0.095688791981624,0.08968268793113367,0.0196078431372549,0.0196078431372549,0.0196078431372549,0.0392156862745098,149.0,0.25,0.5405405405405406,1.0986122886681302,63.0,0.04838709677419355,0.14516129032258066,1.7129785913749478,0.0
gtzan/gtzan_jazz_00057/track.npy,gtzan,0.9873417721518987,0.8769212552969466,0.8769212552969466,0.8769212552969466,0.975,0.975,0.975,0.975,0.625,0.5401422934057178,0.8027441105605703,0.671443201983144,0.0,0.0,0.45454545454545453,0.7727272727272727,48.0,0.0,0.0,0.0625203569813354,26.0,0.0,0.0,0.7043852171592002,0.0
gtzan/gtzan_jazz_00058/track.npy,gtzan,0.6153846153846153,0.5380328532021146,0.7709806930225035,0.6545067731123091,0.0,0.0,0.10256410256410256,0.6752136752136753,0.21666666666666667,0.18298557092769344,0.32564810268762595,0.2543168368076597,0.0,0.0,0.0,0.0,140.0,0.1366906474820144,0.23741007194244604,0.7108146359084283,128.0,0.031496062992125984,0.09448818897637795,0.6175555245262903,0.0
gtzan/gtzan_jazz_00059/track.npy,gtzan,0.9782608695652174,0.8688893352522895,0.8688893352522895,0.8688893352522895,0.48936170212765956,0.9148936170212766,0.48936170212765956,0.9148936170212766,0.7741935483870968,0.6436397623320901,0.7379962385173834,0.6908180004247367,0.10526315789473684,0.3157894736842105,0.2608695652173913,0.5217391304347826,56.0,0.0,0.03636363636363636,1.098738804329976,22.0,0.0,0.047619047619047616,2.738483907648308,0.0
gtzan/gtzan_jazz_00060/track.npy,gtzan,1.0,0.9491078364244684,0.9491078364244684,0.9491078364244684,1.0,1.0,1.0,1.0,0.5882352941176471,0.5633786478606589,0.8357572972155992,0.6995679725381291,0.0,0.0,0.3333333333333333,0.6666666666666666,49.0,0.0,0.0,0.06453852113757563,29.0,0.0,0.0,0.6931471805599512,0.0
gtzan/gtzan_jazz_00061/track.npy,gtzan,0.7904191616766468,0.645817889427639,0.645817889427639,0.645817889427639,0.11827956989247312,0.46236559139784944,0.11827956989247312,0.46236559139784944,0.5060240963855422,0.41124469331088637,0.41124469331088637,0.41124469331088637,0.01694915254237288,0.05084745762711865,0.03389830508474576,0.06779661016949153,115.0,0.13157894736842105,0.34210526315789475,1.1844486156132188,72.0,0.056338028169014086,0.1267605633802817,1.3388821290738653,0.0
gtzan/gtzan_jazz_00062/track.npy,gtzan,0.9682539682539683,0.7885544924473563,0.7885544924473563,0.7885544924473563,0.859375,0.921875,0.859375,0.921875,0.5769230769230769,0.4456378390375303,0.631750470245111,0.5386941546413206,0.02702702702702703,0.02702702702702703,0.16216216216216217,0.4864864864864865,84.0,0.03614457831325301,0.08433734939759036,0.8462668960270677,44.0,0.023255813953488372,0.023255813953488372,1.2197232522954253,0.0
gtzan/gtzan_jazz_00063/track.npy,gtzan,0.8127853881278538,0.6414682557910725,0.6414682557910725,0.6414682557910725,0.08547008547008547,0.4017094017094017,0.08547008547008547,0.4017094017094017,0.42592592592592593,0.3133144297679182,0.4482314191472544,0.38077292445758626,0.0,0.0,0.024096385542168676,0.1927710843373494,137.0,0.10294117647058823,0.3088235294117647,0.7884573603642584,98.0,0.07216494845360824,0.16494845360824742,1.1391721962275811,0.0
gtzan/gtzan_jazz_00064/track.npy,gtzan,0.9941520467836257,0.9485382198271498,0.9485382198271498,0.9485382198271498,0.9883720930232558,0.9883720930232558,0.9883720930232558,0.9883720930232558,0.6774193548387097,0.642717161351905,0.8625917177665219,0.7526544395592134,0.024390243902439025,0.0975609756097561,0.3170731707317073,0.7560975609756098,103.0,0.0,0.0,0.13353139262453206,49.0,0.0,0.0,0.6712117322357796,0.0
gtzan/gtzan_jazz_00065/track.npy,gtzan,0.993939393939394,0.9453017074890528,0.9453017074890528,0.9453017074890528,0.9879518072289156,0.9879518072289156,0.9879518072289156,0.9879518072289156,0.6557377049180327,0.6379228808649657,0.9496260449323793,0.7937744628986725,0.0,0.0,0.9512195121951219,0.9512195121951219,100.0,0.0,0.0,0.13353139262452585,49.0,0.0,0.0,0.06669137449866891,0.0
gtzan/gtzan_jazz_00066/track.npy,gtzan,0.5811965811965811,0.46222100339637784,0.6799018969746942,0.571061450185536,0.013333333333333334,0.013333333333333334,0.30952380952380953,0.7380952380952381,0.7804878048780488,0.6056518983676938,0.6056518983676938,0.6056518983676938,0.21739130434782608,0.5217391304347826,0.21739130434782608,0.5217391304347826,54.0,0.03773584905660377,0.09433962264150944,1.4556571215720229,33.0,0.03125,0.0625,1.2578391542273757,0.0
gtzan/gtzan_jazz_00067/track.npy,gtzan,1.0,0.8105800471656424,0.8105800471656424,0.8105800471656424,1.0,1.0,1.0,1.0,0.6451612903225806,0.5221711143306418,0.7762814291692324,0.6492262717499371,0.0,0.0,0.9047619047619048,0.9047619047619048,50.0,0.0,0.0,0.06669137449867674,25.0,0.0,0.0,0.03333642026759401,0.0
gtzan/gtzan_jazz_00068/track.npy,gtzan,0.898550724637681,0.7336248401173644,0.7336248401173644,0.7336248401173644,0.2894736842105263,0.6052631578947368,0.2894736842105263,0.6052631578947368,0.45161290322580644,0.39068569772693995,0.5910672417984731,0.49087646976270655,0.0,0.0,0.08333333333333333,0.20833333333333334,46.0,0.022222222222222223,0.044444444444444446,1.4791720647824007,31.0,0.0,0.03333333333333333,1.0530912567511668,0.0
gtzan/gtzan_jazz_00069/track.npy,gtzan,0.8421052631578948,0.7038015817966181,0.7038015817966181,0.7038015817966181,0.37681159420289856,0.6376811594202898,0.37681159420289856,0.6376811594202898,0.44444444444444436,0.36446917683399066,0.46805077237302684,0.4162599746035087,0.02127659574468085,0.02127659574468085,0.0425531914893617,0.14893617021276595,82.0,0.06172839506172839,0.07407407407407407,1.0362959868123625,56.0,0.07272727272727272,0.07272727272727272,1.667924763645813,0.0
gtzan/gtzan_jazz_00070/track.npy,gtzan,0.9887640449438202,0.8494246245504975,0.8494246245504975,0.8494246245504975,0.9777777777777777,0.9777777777777777,0.9777777777777777,0.9777777777777777,0.6666666666666666,0.5829888740781688,0.8424483171755915,0.7127185956268802,0.0,0.0,0.9545454545454546,0.9545454545454546,53.0,0.019230769230769232,0.019230769230769232,0.0884097398199869,27.0,0.0,0.0,0.06233791370997683,0.0
gtzan/gtzan_jazz_00071/track.npy,gtzan,0.8571428571428571,0.7501020388372077,0.7501020388372077,0.7501020388372077,0.9375,0.9375,0.9375,0.9375,0.43750000000000006,0.3906542625362262,0.5973326564456866,0.4939934594909564,0.0,0.0,0.125,0.2916666666666667,39.0,0.0,0.0,0.2459414384390865,30.0,0.0,0.0,0.7257186774963423,0.0
gtzan/gtzan_jazz_00072/track.npy,gtzan,0.9888888888888889,0.9103386965647096,0.9103386965647096,0.9103386965647096,0.8,0.9333333333333333,0.8,0.9333333333333333,0.5714285714285715,0.5382232597522308,0.7255974027129715,0.6319103312326011,0.01818181818181818,0.01818181818181818,0.12727272727272726,0.38181818181818183,108.0,0.0,0.009345794392523364,0.30453671434082247,68.0,0.0,0.014925373134328358,1.0986122886681113,0.0
gtzan/gtzan_jazz_00073/track.npy,gtzan,0.8490566037735848,0.6806653284985457,0.6806653284985457,0.6806653284985457,0.07758620689655173,0.5,0.07758620689655173,0.5,0.4516129032258065,0.3490966575147386,0.49366811670199173,0.4213823871083652,0.014492753623188406,0.014492753623188406,0.043478260869565216,0.2028985507246377,138.0,0.17518248175182483,0.31386861313868614,1.0333537559258585,85.0,0.05952380952380952,0.10714285714285714,1.121398315853964,0.0
gtzan/gtzan_jazz_00074/track.npy,gtzan,0.7631578947368423,0.6939451838675614,0.6939451838675614,0.6939451838675614,0.35714285714285715,0.5238095238095238,0.35714285714285715,0.5238095238095238,0.6153846153846153,0.5492674625664711,0.7734239794329575,0.6613457209997142,0.05555555555555555,0.05555555555555555,0.6111111111111112,0.7222222222222222,50.0,0.02040816326530612,0.08163265306122448,1.5619307014364219,22.0,0.0,0.09523809523809523,2.3640047851404016,0.0
gtzan/gtzan_jazz_00075/track.npy,gtzan,0.854054054054054,0.6074000687217882,0.6074000687217882,0.6074000687217882,0.1836734693877551,0.5612244897959183,0.1836734693877551,0.5612244897959183,0.4578313253012048,0.33841497795722164,0.43179978698996035,0.385107382473591,0.01639344262295082,0.01639344262295082,0.09836065573770492,0.21311475409836064,117.0,0.09482758620689655,0.1810344827586207,1.0170064633292848,76.0,0.05333333333333334,0.08,1.2472552241424564,0.0
gtzan/gtzan_jazz_00076/track.npy,gtzan,0.5609756097560975,0.4382420188421075,0.5577238321902616,0.4979829255161845,0.03508771929824561,0.05263157894736842,0.10526315789473684,0.40350877192982454,0.42857142857142855,0.34041939393308934,0.5594075634527489,0.4499134786929191,0.0,0.0,0.13636363636363635,0.22727272727272727,67.0,0.06060606060606061,0.13636363636363635,1.4418166043749574,26.0,0.0,0.04,1.9290161341605265,0.0
gtzan/gtzan_jazz_00077/track.npy,gtzan,0.6666666666666665,0.5074345312982692,0.582970041830036,0.5452022865641526,0.024793388429752067,0.17355371900826447,0.024793388429752067,0.17355371900826447,0.23529411764705885,0.17774360178903215,0.2458280703285514,0.21178583605879175,0.015151515151515152,0.015151515151515152,0.030303030303030304,0.06060606060606061,146.0,0.2689655172413793,0.5379310344827586,1.1763293683612475,77.0,0.07894736842105263,0.15789473684210525,1.329352413502124,0.0
gtzan/gtzan_jazz_00078/track.npy,gtzan,0.8904109589041096,0.6985539097258572,0.6985539097258572,0.6985539097258572,0.14102564102564102,0.6153846153846154,0.14102564102564102,0.6153846153846154,0.41935483870967744,0.3570600406463637,0.5349965702106013,0.4460283054284825,0.0,0.0,0.2,0.35555555555555557,91.0,0.044444444444444446,0.13333333333333333,0.9745299102244762,52.0,0.0196078431372549,0.0392156862745098,1.26328452454309,0.0
gtzan/gtzan_jazz_00079/track.npy,gtzan,1.0,0.934699323084046,0.934699323084046,0.934699323084046,1.0,1.0,1.0,1.0,0.6857142857142856,0.6288263204704861,0.9168614785395038,0.772843899504995,0.0,0.0,1.0,1.0,54.0,0.0,0.0,0.07410797215372185,27.0,0.0,0.0,0.054861266000479164,0.0
gtzan/gtzan_jazz_00080/track.npy,gtzan,0.8427672955974843,0.7298597006323421,0.7298597006323421,0.7298597006323421,0.12048192771084337,0.5662650602409639,0.12048192771084337,0.5662650602409639,0.634920634920635,0.5759937794919057,0.6755611277827679,0.6257774536373368,0.047619047619047616,0.16666666666666666,0.11904761904761904,0.42857142857142855,93.0,0.06521739130434782,0.13043478260869565,1.2157089824185077,51.0,0.04,0.12,1.7134837804396204,0.0
gtzan/gtzan_jazz_00081/track.npy,gtzan,1.0,0.9006732622302346,0.9006732622302346,0.9006732622302346,1.0,1.0,1.0,1.0,0.8571428571428571,0.7553610749242567,0.7553610749242567,0.7553610749242567,0.375,0.5,0.375,0.5,58.0,0.0,0.0,0.0769610411361272,20.0,0.0,0.0,0.6960044098055507,0.0
gtzan/gtzan_jazz_00082/track.npy,gtzan,0.875,0.7771454399642717,0.7771454399642717,0.7771454399642717,0.1595744680851064,0.6702127659574468,0.1595744680851064,0.6702127659574468,0.5483870967741935,0.48482699364022785,0.7069789027957049,0.5959029482179663,0.07142857142857142,0.09523809523809523,0.47619047619047616,0.7380952380952381,117.0,0.13793103448275862,0.29310344827586204,1.2734608299414534,49.0,0.14583333333333334,0.16666666666666666,2.5120122455320026,0.0
gtzan/gtzan_jazz_00083/track.npy,gtzan,0.6386554621848739,0.48214430122897933,0.48214430122897933,0.48214430122897933,0.14864864864864866,0.24324324324324326,0.14864864864864866,0.24324324324324326,0.45161290322580644,0.3722662400771273,0.37365572758844984,0.37296098383278853,0.09523809523809523,0.09523809523809523,0.23809523809523808,0.2857142857142857,84.0,0.0963855421686747,0.18072289156626506,1.538626658738595,23.0,0.09090909090909091,0.13636363636363635,2.9087208965643674,0.0
gtzan/gtzan_jazz_00084/track.npy,gtzan,0.99009900990099,0.9187055375338616,0.9187055375338616,0.9187055375338616,0.9215686274509803,0.9607843137254902,0.9215686274509803,0.9607843137254902,0.6874999999999999,0.6301932246549701,0.7746903293172059,0.702441776986088,0.1,0.2,0.43478260869565216,0.6086956521739131,61.0,0.0,0.0,0.09057047149989796,26.0,0.0,0.0,0.7019555495401596,0.0
gtzan/gtzan_jazz_00085/track.npy,gtzan,0.732824427480916,0.6408945435237166,0.6408945435237166,0.6408945435237166,0.45454545454545453,0.6212121212121212,0.45454545454545453,0.6212121212121212,0.5238095238095238,0.5063899239972761,0.5063899239972761,0.5063899239972761,0.12,0.4,0.12,0.4,81.0,0.0625,0.1375,1.6227910516965274,30.0,0.034482758620689655,0.10344827586206896,2.666694135102324,0.0
gtzan/gtzan_jazz_00086/track.npy,gtzan,0.5636363636363636,0.4477433059300513,0.4967880713690956,0.4722656886495734,0.029850746268656716,0.11940298507462686,0.21176470588235294,0.2823529411764706,0.25,0.22092180057870564,0.3119422972570534,0.2664320489178795,0.03571428571428571,0.03571428571428571,0.10714285714285714,0.2857142857142857,85.0,0.08333333333333333,0.14285714285714285,1.1613489592554143,34.0,0.0,0.12121212121212122,2.4378758618623433,0.0
gtzan/gtzan_jazz_00087/track.npy,gtzan,0.9821428571428572,0.7915869027052036,0.7915869027052036,0.7915869027052036,0.8771929824561403,0.9473684210526315,0.8771929824561403,0.9473684210526315,0.6046511627906977,0.49262175705759914,0.7720498696965475,0.6323358133770733,0.0,0.0,0.3448275862068966,0.7931034482758621,68.0,0.029850746268656716,0.04477611940298507,0.9808292530117255,37.0,0.0,0.027777777777777776,1.043149925525611,0.0
gtzan/gtzan_jazz_00088/track.npy,gtzan,1.0,0.9340823605570184,0.9340823605570184,0.9340823605570184,1.0,1.0,1.0,1.0,0.717948717948718,0.6829310258712566,0.9022309091527388,0.7925809675119977,0.08,0.08,0.7407407407407407,0.8518518518518519,64.0,0.0,0.0,0.08143511662063932,30.0,0.0,0.0,0.46576545654287316,0.0
gtzan/gtzan_jazz_00089/track.npy,gtzan,0.6551724137931034,0.46805593499504144,0.5330437289268648,0.5005498319609532,0.05714285714285714,0.2571428571428571,0.1111111111111111,0.4222222222222222,0.5,0.39165505060893874,0.5488565987794928,0.4702558246942158,0.0,0.0,0.35714285714285715,0.7142857142857143,43.0,0.023809523809523808,0.047619047619047616,1.1999647829283973,17.0,0.0625,0.0625,3.2749233780167937,0.0
gtzan/gtzan_jazz_00090/track.npy,gtzan,0.9911504424778761,0.8641231828037926,0.8641231828037926,0.8641231828037926,0.9824561403508771,0.9824561403508771,0.9824561403508771,0.9824561403508771,0.8260869565217391,0.7257202399270248,0.7257202399270248,0.7257202399270248,0.1111111111111111,0.4074074074074074,0.1111111111111111,0.4074074074074074,69.0,0.0,0.0,0.1378927774499658,35.0,0.0,0.0,1.0954669563354524,0.0
gtzan/gtzan_jazz_00091/track.npy,gtzan,0.7142857142857143,0.609414345570605,0.6103003499983398,0.6098573477844724,0.09375,0.3125,0.09375,0.3404255319148936,0.37037037037037035,0.34013677738195586,0.4735705063540099,0.4068536418679829,0.0,0.0,0.047619047619047616,0.09523809523809523,37.0,0.027777777777777776,0.027777777777777776,1.3011241644127451,25.0,0.0,0.0,1.1165192994370288,0.0
gtzan/gtzan_jazz_00092/track.npy,gtzan,0.7083333333333333,0.5025174796416837,0.5025174796416837,0.5025174796416837,0.2692307692307692,0.5384615384615384,0.2692307692307692,0.5384615384615384,0.24,0.1882038326591426,0.3533355996924877,0.27076971617581513,0.0,0.0,0.0,0.0,33.0,0.0,0.0,0.8977364021763569,24.0,0.0,0.0,0.11122563511022364,0.0
gtzan/gtzan_jazz_00093/track.npy,gtzan,0.6666666666666666,0.5768948647080908,0.836779795345232,0.7068373300266614,0.028985507246376812,0.028985507246376812,0.6666666666666666,0.8888888888888888,0.75,0.6242076123341621,0.6740089931777559,0.649108302755959,0.08695652173913043,0.30434782608695654,0.18181818181818182,0.3939393939393939,43.0,0.0,0.023809523809523808,0.6931471805599501,29.0,0.0,0.0,0.9984003875051634,0.0
gtzan/gtzan_jazz_00094/track.npy,gtzan,0.98989898989899,0.8650900385810023,0.8650900385810023,0.8650900385810023,0.94,0.96,0.94,0.96,0.7027027027027027,0.5914842166609917,0.8656117280065369,0.7285479723337642,0.041666666666666664,0.041666666666666664,0.84,0.92,62.0,0.03278688524590164,0.04918032786885246,1.158693818232109,31.0,0.03333333333333333,0.06666666666666667,1.9307698927593016,0.0
gtzan/gtzan_jazz_00095/track.npy,gtzan,0.5323741007194244,0.4034052865304734,0.5263826457579336,0.46489396614420353,0.033707865168539325,0.07865168539325842,0.050505050505050504,0.20202020202020202,0.38461538461538464,0.29458467807653005,0.39979008690724965,0.34718738249188985,0.02564102564102564,0.05128205128205128,0.07692307692307693,0.1794871794871795,102.0,0.09900990099009901,0.22772277227722773,1.1004306708766802,46.0,0.044444444444444446,0.15555555555555556,2.0195038332071045,0.0
gtzan/gtzan_jazz_00096/track.npy,gtzan,0.9122807017543859,0.7638054170394745,0.7638054170394745,0.7638054170394745,0.8305084745762712,0.8813559322033898,0.8305084745762712,0.8813559322033898,0.5833333333333334,0.4575557958132841,0.7047756489203916,0.5811657223668378,0.0,0.0,0.5,0.6470588235294118,71.0,0.014285714285714285,0.04285714285714286,0.9118165678258408,39.0,0.0,0.02631578947368421,0.9808275505423316,0.0
gtzan/gtzan_jazz_00097/track.npy,gtzan,0.5652173913043478,0.43410174261848594,0.4503013902322473,0.4422015664253666,0.08333333333333333,0.25,0.09302325581395349,0.25,0.19047619047619047,0.13360896027443056,0.14693578060338505,0.1402723704389078,0.0,0.0,0.0,0.0,30.0,0.0,0.034482758620689655,1.7982681384478527,21.0,0.0,0.05,2.2318559975004715,0.0
gtzan/gtzan_jazz_00098/track.npy,gtzan,0.767123287671233,0.6157151314214945,0.6157151314214945,0.6157151314214945,0.21794871794871795,0.47435897435897434,0.21794871794871795,0.47435897435897434,0.3037974683544304,0.23004304865714664,0.36828435109386765,0.29916369987550717,0.0,0.0,0.03225806451612903,0.08064516129032258,94.0,0.08602150537634409,0.15053763440860216,1.2494967178500775,74.0,0.0547945205479452,0.0547945205479452,1.0558959248464195,0.0
gtzan/gtzan_jazz_00099/track.npy,gtzan,0.9572649572649572,0.8396030754519319,0.8396030754519319,0.8396030754519319,0.4,0.8666666666666667,0.4,0.8666666666666667,0.5416666666666666,0.4927755791244761,0.4927755791244761,0.4927755791244761,0.0,0.0,0.0,0.0,72.0,0.028169014084507043,0.056338028169014086,0.8380191811459741,32.0,0.0,0.03225806451612903,1.3905812944502796,0.0
gtzan/gtzan_metal_00000/track.npy,gtzan,1.0,0.8105291189275752,0.8105291189275752,0.8105291189275752,1.0,1.0,1.0,1.0,0.7142857142857143,0.5496301716648663,0.7643812892952951,0.6570057304800807,0.05555555555555555,0.05555555555555555,0.7368421052631579,0.8947368421052632,47.0,0.0,0.0,0.06252035698133512,20.0,0.0,0.0,0.6630250395888593,0.0
gtzan/gtzan_metal_00001/track.npy,gtzan,0.8724832214765101,0.7981623311322794,0.7981623311322794,0.7981623311322794,0.17857142857142858,0.5595238095238095,0.17857142857142858,0.5595238095238095,0.43589743589743585,0.40939679004613694,0.6052471668411706,0.5073219784436538,0.0,0.0,0.03278688524590164,0.09836065573770492,98.0,0.08247422680412371,0.27835051546391754,0.9862662031573612,72.0,0.0,0.07042253521126761,1.0446781198810182,0.0
gtzan/gtzan_metal_00002/track.npy,gtzan,1.0,0.8458110321355878,0.8458110321355878,0.8458110321355878,1.0,1.0,1.0,1.0,0.9565217391304348,0.8050196531449479,0.8050196531449479,0.8050196531449479,0.5833333333333334,0.8333333333333334,0.5833333333333334,0.8333333333333334,56.0,0.0,0.0,0.0896897165959347,15.0,0.0,0.0,0.6912524070045268,0.0
gtzan/gtzan_metal_00003/track.npy,gtzan,0.7628865979381444,0.6120788853735415,0.6120788853735415,0.6120788853735415,0.07894736842105263,0.34210526315789475,0.07894736842105263,0.34210526315789475,0.44155844155844154,0.3401251360502721,0.5255988387935442,0.4328619874219082,0.0,0.0,0.07017543859649122,0.3684210526315789,132.0,0.22900763358778625,0.42748091603053434,0.8472978603872076,64.0,0.14285714285714285,0.23809523809523808,1.5737817947678516,0.0
gtzan/gtzan_metal_00004/track.npy,gtzan,0.3219512195121951,0.22348519861272764,0.31231064055861707,0.26789791958567233,0.006756756756756757,0.006756756756756757,0.006756756756756757,0.013513513513513514,0.07142857142857142,0.05682404529891345,0.07096660323271056,0.06389532426581201,0.0,0.0,0.014285714285714285,0.02857142857142857,175.0,0.3390804597701149,0.7011494252873564,0.9555114450274458,81.0,0.1,0.325,1.740316896772093,0.0
gtzan/gtzan_metal_00005/track.npy,gtzan,0.9922480620155039,0.8859637784849829,0.8859637784849829,0.8859637784849829,0.9846153846153847,0.9846153846153847,0.9846153846153847,0.9846153846153847,0.7111111111111111,0.6130090441896472,0.8083511802825788,0.710680112236113,0.10344827586206896,0.10344827586206896,0.5161290322580645,0.8064516129032258,78.0,0.0,0.0,0.1175580567001851,34.0,0.0,0.0,0.6931471805599475,0.0
gtzan/gtzan_metal_00006/track.npy,gtzan,0.94,0.8132090013775922,0.8132090013775922,0.8132090013775922,0.96,0.96,0.96,0.96,0.7333333333333334,0.664993912625684,0.756874867119248,0.710934389872466,0.1111111111111111,0.2777777777777778,0.17391304347826086,0.5652173913043478,60.0,0.0,0.0,0.1177830356563836,22.0,0.0,0.0,0.6931471805599453,0.0
gtzan/gtzan_metal_00007/track.npy,gtzan,0.6704545454545455,0.5417730878057619,0.5647759934985623,0.5532745406521622,0.08849557522123894,0.21238938053097345,0.08849557522123894,0.21238938053097345,0.34285714285714286,0.2559631515293678,0.44723568524825624,0.35159941838881204,0.0,0.0,0.14814814814814814,0.3333333333333333,128.0,0.2204724409448819,0.49606299212598426,1.2124953228020003,60.0,0.1694915254237288,0.3050847457627119,2.1773891780427426,0.0
gtzan/gtzan_metal_00008/track.npy,gtzan,1.0,0.9632327778799185,0.9632327778799185,0.9632327778799185,1.0,1.0,1.0,1.0,0.888888888888889,0.8594580875775256,0.8594580875775256,0.8594580875775256,0.26666666666666666,0.6666666666666666,0.26666666666666666,0.6666666666666666,59.0,0.0,0.0,0.07696104113612678,19.0,0.0,0.0,0.7049126459754734,0.0
gtzan/gtzan_metal_00009/track.npy,gtzan,0.569620253164557,0.43036271592250863,0.4920018620542702,0.4611822889883894,0.01818181818181818,0.045454545454545456,0.01818181818181818,0.1,0.2222222222222222,0.16090687729791253,0.2623131193192614,0.21160999830858696,0.0,0.0,0.01282051282051282,0.02564102564102564,129.0,0.1953125,0.515625,1.2381259192445344,91.0,0.15555555555555556,0.4,1.8247338284410979,0.0
gtzan/gtzan_metal_00010/track.npy,gtzan,0.5229357798165137,0.3643069262109207,0.5831161697364092,0.473711547973665,0.007633587786259542,0.03816793893129771,0.028901734104046242,0.12213740458015267,0.1473684210526316,0.09761546808474998,0.21227805308713887,0.15494676058594442,0.0,0.0,0.027777777777777776,0.041666666666666664,163.0,0.2654320987654321,0.654320987654321,0.9444616088408457,92.0,0.10989010989010989,0.3516483516483517,1.5496656096694392,0.0
gtzan/gtzan_metal_00011/track.npy,gtzan,0.4875621890547264,0.3964922068973935,0.5685067174625819,0.4824994621799877,0.007407407407407408,0.014814814814814815,0.037037037037037035,0.14814814814814814,0.10852713178294573,0.09575781618705125,0.17473478049694752,0.1352462983419994,0.0,0.0,0.0,0.0,163.0,0.2654320987654321,0.5925925925925926,1.0296194171811586,137.0,0.19852941176470587,0.4411764705882353,1.1132978660183233,0.0
gtzan/gtzan_metal_00012/track.npy,gtzan,0.9859154929577464,0.924116087338347,0.924116087338347,0.924116087338347,0.9166666666666666,0.9722222222222222,0.9166666666666666,0.9722222222222222,0.7234042553191489,0.6947480936624301,0.8490719651292322,0.7719100293958312,0.1,0.16666666666666666,0.42424242424242425,0.6666666666666666,86.0,0.011764705882352941,0.011764705882352941,0.22314355131421237,37.0,0.0,0.0,0.7396696440812518,0.0
gtzan/gtzan_metal_00013/track.npy,gtzan,0.5612244897959183,0.44046388217830024,0.6346133522565521,0.5375386172174261,0.007194244604316547,0.014388489208633094,0.04316546762589928,0.2733812949640288,0.27272727272727276,0.2028172898708025,0.2599649881911512,0.23139113903097686,0.0,0.0,0.013513513513513514,0.013513513513513514,164.0,0.26993865030674846,0.6257668711656442,0.9162907318741561,88.0,0.12643678160919541,0.3218390804597701,1.630566070159117,0.0
gtzan/gtzan_metal_00014/track.npy,gtzan,0.6818181818181819,0.5545468603616984,0.7033219130732795,0.628934386717489,0.05263157894736842,0.15789473684210525,0.2459016393442623,0.5901639344262295,0.32432432432432434,0.29049554526899163,0.445193367623613,0.3678444564463023,0.0,0.0,0.06896551724137931,0.13793103448275862,65.0,0.0,0.078125,0.8632274797766639,33.0,0.0,0.09375,2.0704884025024306,0.0
gtzan/gtzan_metal_00015/track.npy,gtzan,0.5986394557823129,0.4543351146915351,0.5916170071143438,0.5229760609029395,0.02,0.06,0.12,0.33,0.41509433962264153,0.28474106024553897,0.29364189933683266,0.2891914797911858,0.023809523809523808,0.023809523809523808,0.047619047619047616,0.047619047619047616,119.0,0.11864406779661017,0.3728813559322034,1.1294424246335601,53.0,0.038461538461538464,0.07692307692307693,1.919085705331672,0.0
gtzan/gtzan_metal_00016/track.npy,gtzan,0.484472049689441,0.4027763606041026,0.5935973775616425,0.4981868690828726,0.0,0.0,0.04918032786885246,0.22950819672131148,0.2631578947368421,0.2077736584805175,0.3492970441077369,0.2785353512941272,0.0,0.0,0.015151515151515152,0.015151515151515152,142.0,0.23404255319148937,0.574468085106383,1.0986122886680822,76.0,0.09333333333333334,0.3333333333333333,1.8325814637483169,0.0
gtzan/gtzan_metal_00017/track.npy,gtzan,0.411764705882353,0.2653776295969365,0.5254046969499503,0.39539116327344337,0.034782608695652174,0.06086956521739131,0.043478260869565216,0.23478260869565218,0.14814814814814814,0.1128128056825308,0.15336473418360017,0.13308876993306548,0.017241379310344827,0.034482758620689655,0.017241379310344827,0.06896551724137931,140.0,0.22302158273381295,0.4460431654676259,1.1722445030781434,71.0,0.05714285714285714,0.14285714285714285,1.546536463825564,0.0
gtzan/gtzan_metal_00018/track.npy,gtzan,0.42682926829268286,0.3453448721263135,0.5180787915611434,0.43171183184372847,0.0,0.0,0.13114754098360656,0.22131147540983606,0.12000000000000001,0.11903817097381028,0.22353225427726187,0.1712852126255361,0.0,0.0,0.0,0.0,148.0,0.2585034013605442,0.564625850340136,0.9162907318741726,108.0,0.14018691588785046,0.308411214953271,1.2972607378922447,0.0
gtzan/gtzan_metal_00019/track.npy,gtzan,0.7177033492822966,0.4980184698856466,0.4998571407606985,0.49893780532317256,0.025210084033613446,0.18487394957983194,0.025210084033613446,0.18487394957983194,0.2580645161290323,0.19304239854336133,0.34173517315987034,0.26738878585161585,0.0,0.0,0.04285714285714286,0.18571428571428572,137.0,0.22794117647058823,0.4411764705882353,1.1786549963416422,81.0,0.0625,0.1875,1.4193143336417067,0.0
gtzan/gtzan_metal_00020/track.npy,gtzan,0.5573770491803278,0.4683026795955407,0.4683026795955407,0.4683026795955407,0.2077922077922078,0.2077922077922078,0.2077922077922078,0.24444444444444444,0.3,0.2813893238391364,0.34807950914254815,0.3147344164908423,0.0,0.0,0.20512820512820512,0.20512820512820512,56.0,0.03636363636363636,0.07272727272727272,1.8810274591173295,22.0,0.0,0.0,0.6665872263407602,0.0
gtzan/gtzan_metal_00021/track.npy,gtzan,1.0,0.8817670266305813,0.8817670266305813,0.8817670266305813,1.0,1.0,1.0,1.0,0.7586206896551725,0.6316049031835074,0.6791745514162634,0.6553897272998854,0.3333333333333333,0.3333333333333333,0.47619047619047616,0.47619047619047616,54.0,0.0,0.0,0.07265101765935576,21.0,0.0,0.0,0.6723480548176758,0.0
gtzan/gtzan_metal_00022/track.npy,gtzan,1.0,0.9012521341770252,0.9012521341770252,0.9012521341770252,1.0,1.0,1.0,1.0,0.6829268292682926,0.5818566991881349,0.8460818191352023,0.7139692591616686,0.037037037037037035,0.037037037037037035,0.7407407407407407,0.9259259259259259,69.0,0.0,0.0,0.09097177820572866,31.0,0.0,0.0,0.7274362540385768,0.0
gtzan/gtzan_metal_00023/track.npy,gtzan,0.9268292682926829,0.8254400023092797,0.8254400023092797,0.8254400023092797,0.4838709677419355,0.9032258064516129,0.4838709677419355,0.9032258064516129,0.5777777777777778,0.5423920737789723,0.8173782042236428,0.6798851390013075,0.0,0.0,0.4,0.9,74.0,0.0136986301369863,0.0136986301369863,0.27902047611930725,35.0,0.029411764705882353,0.029411764705882353,1.2385686922936532,0.0
gtzan/gtzan_metal_00024/track.npy,gtzan,0.989247311827957,0.6625278022535177,0.6625278022535177,0.6625278022535177,0.9787234042553191,0.9787234042553191,0.9787234042553191,0.9787234042553191,0.9600000000000001,0.6328860824443353,0.6328860824443353,0.6328860824443353,0.46153846153846156,0.8461538461538461,0.46153846153846156,0.8461538461538461,57.0,0.0,0.0,0.07410797215372064,16.0,0.0,0.0,0.7156854558680582,0.0
gtzan/gtzan_metal_00025/track.npy,gtzan,1.0,0.9060774919242085,0.9060774919242085,0.9060774919242085,1.0,1.0,1.0,1.0,0.6511627906976745,0.5936933709001807,0.9036038723785279,0.7486486216393543,0.0,0.0,0.9310344827586207,0.9310344827586207,69.0,0.0,0.0,0.12642641360390255,35.0,0.0,0.0,0.06899287148695203,0.0
gtzan/gtzan_metal_00026/track.npy,gtzan,0.9252336448598131,0.6763863520634958,0.6763863520634958,0.6763863520634958,0.1981981981981982,0.5495495495495496,0.1981981981981982,0.5495495495495496,0.44897959183673475,0.3302149090180879,0.45265386829719617,0.391434388657642,0.013888888888888888,0.013888888888888888,0.16666666666666666,0.25,133.0,0.10606060606060606,0.3181818181818182,0.8109302162163483,86.0,0.023529411764705882,0.17647058823529413,1.1951467293224938,0.0
gtzan/gtzan_metal_00027/track.npy,gtzan,0.8868778280542987,0.6928663223589595,0.6928663223589595,0.6928663223589595,0.07017543859649122,0.40350877192982454,0.07017543859649122,0.40350877192982454,0.3783783783783784,0.2649274912131273,0.36994420878793793,0.31743585000053265,0.0,0.0,0.011764705882352941,0.058823529411764705,135.0,0.06716417910447761,0.3358208955223881,0.6931471805599556,102.0,0.019801980198019802,0.2079207920792079,1.139434283188364,0.0
gtzan/gtzan_metal_00028/track.npy,gtzan,0.7943262411347517,0.597322621501838,0.597322621501838,0.597322621501838,0.20481927710843373,0.42168674698795183,0.20481927710843373,0.42168674698795183,0.4745762711864407,0.3373382369859539,0.5346987997926138,0.43601851838928385,0.0,0.0,0.1111111111111111,0.3333333333333333,97.0,0.08333333333333333,0.28125,1.1125682933585945,50.0,0.0,0.04081632653061224,0.7792463024531846,0.0
gtzan/gtzan_metal_00029/track.npy,gtzan,1.0,0.8601330669425192,0.8601330669425192,0.8601330669425192,1.0,1.0,1.0,1.0,0.7058823529411764,0.5904840462163435,0.7596154743942426,0.6750497603052931,0.09090909090909091,0.13636363636363635,0.43478260869565216,0.7391304347826086,61.0,0.0,0.0,0.0800427076735349,26.0,0.0,0.0,0.7017766963043619,0.0
gtzan/gtzan_metal_00030/track.npy,gtzan,1.0,0.9559169206213088,0.9559169206213088,0.9559169206213088,1.0,1.0,1.0,1.0,0.8484848484848484,0.7940065382465655,0.7940065382465655,0.7940065382465655,0.5263157894736842,0.5263157894736842,0.5263157894736842,0.5263157894736842,66.0,0.0,0.0,0.08062743482680941,22.0,0.0,0.0,0.7047434702731395,0.0
gtzan/gtzan_metal_00031/track.npy,gtzan,1.0,0.8540640102475352,0.8540640102475352,0.8540640102475352,1.0,1.0,1.0,1.0,0.6818181818181819,0.5427088738559931,0.8305472201648768,0.6866280470104349,0.0,0.0,1.0,1.0,69.0,0.0,0.0,0.09097177820573162,35.0,0.0,0.0,0.04652001563489332,0.0
gtzan/gtzan_metal_00032/track.npy,gtzan,0.8827586206896552,0.7309559394223866,0.7309559394223866,0.7309559394223866,0.36486486486486486,0.6891891891891891,0.36486486486486486,0.6891891891891891,0.9230769230769231,0.6920636206382074,0.6920636206382074,0.6920636206382074,0.4,0.8,0.4,0.8,86.0,0.023529411764705882,0.12941176470588237,1.0269050349300557,26.0,0.0,0.0,1.2695830019924048,0.0
gtzan/gtzan_metal_00033/track.npy,gtzan,1.0,0.9263157768968681,0.9263157768968681,0.9263157768968681,1.0,1.0,1.0,1.0,0.3157894736842105,0.2480237586957129,0.304440784648872,0.2762322716722924,0.04,0.04,0.04,0.04,62.0,0.0,0.0,0.08534264459672042,32.0,0.0,0.0,1.139434283188364,0.0
gtzan/gtzan_metal_00034/track.npy,gtzan,0.6535947712418302,0.5285991051188017,0.5285991051188017,0.5285991051188017,0.125,0.29545454545454547,0.125,0.29545454545454547,0.2807017543859649,0.22607753682857284,0.3892960236892866,0.3076867802589297,0.0,0.0,0.175,0.25,103.0,0.12745098039215685,0.2647058823529412,1.343734746701084,49.0,0.041666666666666664,0.125,1.8366836068776664,0.0
gtzan/gtzan_metal_00035/track.npy,gtzan,0.98989898989899,0.8872067130049931,0.8872067130049931,0.8872067130049931,0.98,0.98,0.98,0.98,0.6857142857142856,0.5917462919597571,0.8390912868947674,0.7154187894272623,0.043478260869565216,0.043478260869565216,0.5217391304347826,0.9130434782608695,63.0,0.016129032258064516,0.03225806451612903,0.5108256237659906,30.0,0.0,0.0,1.1059774436167567,0.0
gtzan/gtzan_metal_00036/track.npy,gtzan,1.0,0.868404567751247,0.868404567751247,0.868404567751247,1.0,1.0,1.0,1.0,0.6511627906976745,0.5701802750022114,0.8260007788859351,0.6980905269440733,0.034482758620689655,0.034482758620689655,0.5862068965517241,0.8275862068965517,71.0,0.0,0.0,0.14660347419187394,35.0,0.0,0.0,0.7523360519502746,0.0
gtzan/gtzan_metal_00037/track.npy,gtzan,1.0,0.9142809427276327,0.9142809427276327,0.9142809427276327,1.0,1.0,1.0,1.0,0.6511627906976745,0.5642610324110495,0.8738340415133701,0.7190475369622098,0.0,0.0,0.9310344827586207,0.9310344827586207,69.0,0.0,0.0,0.12206502877846286,35.0,0.0,0.0,0.07863189211857402,0.0
gtzan/gtzan_metal_00038/track.npy,gtzan,0.8139534883720929,0.6940317930519891,0.6940317930519891,0.6940317930519891,0.7272727272727273,0.7272727272727273,0.7272727272727273,0.7272727272727273,0.5333333333333333,0.43210283375288916,0.5823999510115547,0.5072513923822219,0.05263157894736842,0.10526315789473684,0.47619047619047616,0.47619047619047616,52.0,0.0196078431372549,0.0392156862745098,0.8140016785494658,22.0,0.0,0.0,1.1243915475811297,0.0
gtzan/gtzan_metal_00039/track.npy,gtzan,0.6666666666666666,0.632102648691283,0.9286484907171122,0.7803755697041976,0.0,0.0,0.98,0.98,0.631578947368421,0.612195045601212,0.8918497399751875,0.7520223927881997,0.0,0.0,0.8461538461538461,0.8461538461538461,60.0,0.0,0.0,0.08004270767353472,18.0,0.0,0.0,0.698197857389325,0.0
gtzan/gtzan_metal_00040/track.npy,gtzan,0.43209876543209874,0.30477265380841007,0.4797829456812074,0.3922777997448087,0.008620689655172414,0.008620689655172414,0.04310344827586207,0.2413793103448276,0.028985507246376812,0.012454109761455867,0.03423026151841968,0.023342185639937774,0.0,0.0,0.0,0.0,136.0,0.18518518518518517,0.3925925925925926,1.0986122886681116,68.0,0.029850746268656716,0.14925373134328357,1.3772024500771656,0.0
gtzan/gtzan_metal_00041/track.npy,gtzan,1.0,0.9469459455538821,0.9469459455538821,0.9469459455538821,1.0,1.0,1.0,1.0,1.0,0.9430206649347141,0.9430206649347141,0.9430206649347141,1.0,1.0,1.0,1.0,59.0,0.0,0.0,0.08759077327010513,15.0,0.0,0.0,0.019608471388375938,0.0
gtzan/gtzan_metal_00042/track.npy,gtzan,1.0,0.9173930449524669,0.9173930449524669,0.9173930449524669,1.0,1.0,1.0,1.0,0.7567567567567568,0.6953045804521637,0.8439786684309537,0.7696416244415587,0.13043478260869565,0.17391304347826086,0.37037037037037035,0.7037037037037037,65.0,0.0,0.0,0.08701137698962752,27.0,0.0,0.0,0.6931471805599453,0.0
gtzan/gtzan_metal_00043/track.npy,gtzan,0.9873417721518987,0.9335918280476957,0.9335918280476957,0.9335918280476957,0.975,0.975,0.975,0.975,0.6896551724137931,0.6463581720370073,0.9477885429226385,0.7970733574798229,0.0,0.0,1.0,1.0,47.0,0.0,0.0,0.06252035698133415,23.0,0.0,0.0,0.0317486983145768,0.0
gtzan/gtzan_metal_00044/track.npy,gtzan,0.9411764705882353,0.8629395514322085,0.8629395514322085,0.8629395514322085,0.7358490566037735,0.8490566037735849,0.7358490566037735,0.8490566037735849,0.8275862068965517,0.7372594622387605,0.7372594622387605,0.7372594622387605,0.5,0.625,0.5,0.625,63.0,0.0,0.03225806451612903,0.5500463369192689,20.0,0.0,0.05263157894736842,2.242392553712414,0.0
gtzan/gtzan_metal_00045/track.npy,gtzan,0.6578947368421052,0.624433609136303,0.8973474296885049,0.7608905194124039,0.02,0.02,0.49019607843137253,0.9411764705882353,0.6,0.5785880947013482,0.8459510392308498,0.712269566966099,0.0,0.0,0.7857142857142857,0.7857142857142857,57.0,0.0,0.0,0.6931471805599452,17.0,0.0,0.0,1.1755207961711451,0.0
gtzan/gtzan_metal_00046/track.npy,gtzan,0.7714285714285714,0.6222991508360606,0.6222991508360606,0.6222991508360606,0.05263157894736842,0.3508771929824561,0.05263157894736842,0.3508771929824561,0.2105263157894737,0.162347942145628,0.27240779832352485,0.21737787023457644,0.028169014084507043,0.028169014084507043,0.028169014084507043,0.028169014084507043,138.0,0.20437956204379562,0.44525547445255476,1.1677664545151116,83.0,0.06097560975609756,0.18292682926829268,1.563975538357348,0.0
gtzan/gtzan_metal_00047/track.npy,gtzan,0.6938775510204082,0.5811645150327643,0.5811645150327643,0.5811645150327643,0.30275229357798167,0.3944954128440367,0.30275229357798167,0.3944954128440367,0.3255813953488372,0.27424448860699957,0.43146707436633824,0.3528557814866689,0.0,0.0,0.12307692307692308,0.26153846153846155,133.0,0.1893939393939394,0.4166666666666667,1.0116009116784797,84.0,0.10843373493975904,0.2289156626506024,1.5243362321592047,0.0
gtzan/gtzan_metal_00048/track.npy,gtzan,0.7281553398058253,0.5489617039599136,0.5525085226848448,0.5507351133223792,0.043478260869565216,0.3565217391304348,0.043478260869565216,0.3565217391304348,0.32967032967032966,0.22858678537490149,0.40207023228467426,0.31532850882978786,0.014492753623188406,0.014492753623188406,0.043478260869565216,0.17391304347826086,135.0,0.208955223880597,0.3805970149253731,1.0986122886681151,83.0,0.10975609756097561,0.25609756097560976,1.4350845252893214,0.0
gtzan/gtzan_metal_00049/track.npy,gtzan,0.7329842931937173,0.5965463233014143,0.5965463233014143,0.5965463233014143,0.09174311926605505,0.3394495412844037,0.09174311926605505,0.3394495412844037,0.38202247191011235,0.2968206328060446,0.42401300377434625,0.36041681829019545,0.014705882352941176,0.04411764705882353,0.029411764705882353,0.14705882352941177,135.0,0.2462686567164179,0.4552238805970149,1.073076520016832,81.0,0.1375,0.25,1.6422277352570787,0.0
gtzan/gtzan_metal_00050/track.npy,gtzan,0.7567567567567568,0.5222842353510422,0.5412733365538378,0.53177878595244,0.0234375,0.1484375,0.0234375,0.1484375,0.24299065420560748,0.17049418030140934,0.2944526429744735,0.2324734116379414,0.011904761904761904,0.011904761904761904,0.011904761904761904,0.011904761904761904,154.0,0.24836601307189543,0.5294117647058824,1.0986122886680798,102.0,0.07920792079207921,0.24752475247524752,1.3684160868634012,0.0
gtzan/gtzan_metal_00051/track.npy,gtzan,0.751219512195122,0.6229460143067502,0.6229460143067502,0.6229460143067502,0.08771929824561403,0.3508771929824561,0.08771929824561403,0.3508771929824561,0.27499999999999997,0.226227648869351,0.37357903214492166,0.29990334050713635,0.017241379310344827,0.034482758620689655,0.05172413793103448,0.1206896551724138,137.0,0.2647058823529412,0.38235294117647056,1.1921911269257863,71.0,0.12857142857142856,0.12857142857142856,2.121024303648192,0.0
gtzan/gtzan_metal_00052/track.npy,gtzan,0.9777777777777777,0.8869638306165435,0.8869638306165435,0.8869638306165435,0.7101449275362319,0.8840579710144928,0.7101449275362319,0.8840579710144928,0.6808510638297872,0.6475116092348506,0.6475116092348506,0.6475116092348506,0.1935483870967742,0.1935483870967742,0.1935483870967742,0.1935483870967742,84.0,0.012048192771084338,0.060240963855421686,0.6385293991089522,35.0,0.0,0.0,1.1700712526502561,0.0
gtzan/gtzan_metal_00053/track.npy,gtzan,0.8372093023255813,0.6719880679131689,0.6719880679131689,0.6719880679131689,0.09009009009009009,0.36936936936936937,0.09009009009009009,0.36936936936936937,0.3058823529411765,0.24178498974154325,0.262229203577858,0.2520070966597006,0.01694915254237288,0.03389830508474576,0.01694915254237288,0.05084745762711865,127.0,0.16666666666666666,0.35714285714285715,1.1511700688112998,66.0,0.09230769230769231,0.13846153846153847,1.9664728596734977,0.0
gtzan/gtzan_metal_00054/track.npy,gtzan,0.6666666666666666,0.6016884315506416,0.9025318395893331,0.7521101355699873,0.0,0.0,1.0,1.0,0.0,1.4145189077867306e-06,1.712433522866981e-06,1.5634762153268558e-06,0.0,0.0,0.0,0.0,62.0,0.0,0.0,0.21546111669720464,31.0,0.0,0.0,0.06317890162153406,0.0
gtzan/gtzan_metal_00055/track.npy,gtzan,0.8888888888888888,0.7604521540043581,0.7604521540043581,0.7604521540043581,0.3048780487804878,0.6707317073170732,0.3048780487804878,0.6707317073170732,0.6792452830188679,0.5461826265779023,0.5925644866253764,0.5693735566016394,0.05714285714285714,0.14285714285714285,0.17142857142857143,0.42857142857142855,98.0,0.030927835051546393,0.1958762886597938,0.8784273517656538,40.0,0.0,0.10256410256410256,1.8390531759291697,0.0
gtzan/gtzan_metal_00056/track.npy,gtzan,0.8241206030150754,0.6500449131557826,0.6500449131557826,0.6500449131557826,0.09174311926605505,0.47706422018348627,0.09174311926605505,0.47706422018348627,0.4533333333333333,0.3448528359106803,0.5179177771123988,0.43138530651153956,0.019230769230769232,0.019230769230769232,0.07692307692307693,0.36538461538461536,135.0,0.20149253731343283,0.35074626865671643,1.0986122886680822,71.0,0.12857142857142856,0.18571428571428572,1.934315134305998,0.0
gtzan/gtzan_metal_00057/track.npy,gtzan,1.0,0.8558210131612934,0.8558210131612934,0.8558210131612934,1.0,1.0,1.0,1.0,0.631578947368421,0.5339824877676344,0.8103813841784613,0.6721819359730479,0.0,0.0,0.72,0.92,64.0,0.0,0.0,0.0870113769896356,31.0,0.0,0.0,0.4396316187101845,0.0
gtzan/gtzan_metal_00058/track.npy,gtzan,0.9500000000000001,0.7831285452957872,0.7831285452957872,0.7831285452957872,0.7666666666666667,0.8833333333333333,0.7666666666666667,0.8833333333333333,0.6976744186046512,0.5821102383282861,0.8374001963621587,0.7097552173452224,0.07142857142857142,0.07142857142857142,0.7241379310344828,0.8620689655172413,73.0,0.013888888888888888,0.013888888888888888,0.5038202552311905,35.0,0.0,0.0,0.31188269732990004,0.0
gtzan/gtzan_metal_00059/track.npy,gtzan,0.9425287356321839,0.8494447174313314,0.8494447174313314,0.8494447174313314,0.41304347826086957,0.8260869565217391,0.41304347826086957,0.8260869565217391,0.625,0.5552843125907236,0.8277367711761641,0.6915105418834439,0.0,0.0,0.6363636363636364,0.8636363636363636,54.0,0.07547169811320754,0.09433962264150944,1.648658625587376,25.0,0.041666666666666664,0.041666666666666664,2.093028234801015,0.0
gtzan/gtzan_metal_00060/track.npy,gtzan,0.9866666666666666,0.9440139411723618,0.9440139411723618,0.9440139411723618,0.9736842105263158,0.9736842105263158,0.9736842105263158,0.9736842105263158,0.6896551724137931,0.6474113448088338,0.9464538563319124,0.7969326005703731,0.0,0.0,1.0,1.0,46.0,0.0,0.0,0.08961215868968676,23.0,0.0,0.0,0.015037877364541208,0.0
gtzan/gtzan_metal_00061/track.npy,gtzan,0.7246376811594202,0.5198285307162879,0.5377649791406359,0.5287967549284619,0.05172413793103448,0.29310344827586204,0.05172413793103448,0.29310344827586204,0.430379746835443,0.29396166968256604,0.4211195555286865,0.3575406126056263,0.0,0.0,0.12280701754385964,0.3333333333333333,136.0,0.18518518518518517,0.3925925925925926,1.0986122886681116,68.0,0.029850746268656716,0.14925373134328357,1.3772024500771656,0.0
gtzan/gtzan_metal_00062/track.npy,gtzan,1.0,0.9457907743700352,0.9457907743700352,0.9457907743700352,1.0,1.0,1.0,1.0,1.0,0.9430206649347141,0.9430206649347141,0.9430206649347141,1.0,1.0,1.0,1.0,59.0,0.0,0.0,0.08759077327010513,15.0,0.0,0.0,0.019608471388375938,0.0
gtzan/gtzan_metal_00063/track.npy,gtzan,1.0,0.92738013436376,0.92738013436376,0.92738013436376,1.0,1.0,1.0,1.0,0.7567567567567568,0.6953045804521637,0.8439786684309537,0.7696416244415587,0.13043478260869565,0.17391304347826086,0.37037037037037035,0.7037037037037037,65.0,0.0,0.0,0.08701137698962752,27.0,0.0,0.0,0.6931471805599453,0.0
gtzan/gtzan_metal_00064/track.npy,gtzan,1.0,0.948207775352863,0.948207775352863,0.948207775352863,1.0,1.0,1.0,1.0,0.6896551724137931,0.6463581720370073,0.9477885429226385,0.7970733574798229,0.0,0.0,1.0,1.0,47.0,0.0,0.0,0.06252035698133415,23.0,0.0,0.0,0.0317486983145768,0.0
gtzan/gtzan_metal_00065/track.npy,gtzan,0.9411764705882353,0.8011531717208036,0.8011531717208036,0.8011531717208036,0.7358490566037735,0.8490566037735849,0.7358490566037735,0.8490566037735849,0.8275862068965517,0.6670106211895944,0.6670106211895944,0.6670106211895944,0.5,0.625,0.5,0.625,63.0,0.0,0.03225806451612903,0.5500463369192689,20.0,0.0,0.05263157894736842,2.242392553712414,0.0
gtzan/gtzan_metal_00066/track.npy,gtzan,0.6666666666666666,0.6424032190489196,0.9143828862146539,0.7783930526317868,0.02,0.02,0.48,0.94,0.6,0.5802904338911788,0.8315521332307797,0.7059212835609793,0.0,0.0,0.7857142857142857,0.7857142857142857,57.0,0.0,0.0,0.6931471805599452,17.0,0.0,0.0,1.1755207961711451,0.0
gtzan/gtzan_metal_00067/track.npy,gtzan,1.0,0.9557982942793941,0.9557982942793941,0.9557982942793941,1.0,1.0,1.0,1.0,0.6666666666666666,0.6296971903104718,0.928751126499819,0.7792241584051454,0.0,0.0,0.9642857142857143,0.9642857142857143,67.0,0.0,0.0,0.044451762570840825,33.0,0.0,0.0,0.033215334644806284,0.0
gtzan/gtzan_metal_00068/track.npy,gtzan,1.0,0.9577218205964697,0.9577218205964697,0.9577218205964697,1.0,1.0,1.0,1.0,0.6799999999999999,0.6463172543729664,0.9271520922979587,0.7867346733354625,0.030303030303030304,0.030303030303030304,0.7575757575757576,0.9393939393939394,83.0,0.0,0.0,0.11122563511023142,36.0,0.0,0.0,0.6404954389923255,0.0
gtzan/gtzan_metal_00069/track.npy,gtzan,1.0,0.8336890743856586,0.8336890743856586,0.8336890743856586,0.7941176470588235,0.9852941176470589,0.7941176470588235,0.9852941176470589,0.8095238095238095,0.6369627082390531,0.6922085746682549,0.664585641453654,0.08,0.36,0.12121212121212122,0.48484848484848486,82.0,0.0,0.0,0.2231435513142055,30.0,0.0,0.0,0.7196814769981097,0.0
gtzan/gtzan_metal_00070/track.npy,gtzan,1.0,0.9121494987723019,0.9121494987723019,0.9121494987723019,1.0,1.0,1.0,1.0,0.923076923076923,0.8208993618803329,0.8208993618803329,0.8208993618803329,0.5,0.7857142857142857,0.5,0.7857142857142857,58.0,0.0,0.0,0.048655795148997205,18.0,0.0,0.0,0.6931471805599454,0.0
gtzan/gtzan_metal_00071/track.npy,gtzan,1.0,0.9200054602622485,0.9200054602622485,0.9200054602622485,1.0,1.0,1.0,1.0,0.6666666666666666,0.6130051719061628,0.9017999526989047,0.7574025623025338,0.0,0.0,0.9444444444444444,0.9444444444444444,42.0,0.0,0.0,0.02817087696670073,21.0,0.0,0.0,0.0141846349919586,0.0
gtzan/gtzan_metal_00072/track.npy,gtzan,1.0,0.9648131549738832,0.9648131549738832,0.9648131549738832,1.0,1.0,1.0,1.0,0.8,0.7565345322044386,0.7565345322044386,0.7565345322044386,0.4444444444444444,0.4444444444444444,0.4444444444444444,0.4444444444444444,61.0,0.0,0.016666666666666666,0.11826496429997917,24.0,0.0,0.043478260869565216,0.7208024354572893,0.0
gtzan/gtzan_metal_00073/track.npy,gtzan,0.8051948051948052,0.7099239325541138,0.7773530598310646,0.7436384961925893,0.30434782608695654,0.34782608695652173,0.30434782608695654,0.4918032786885246,0.375,0.30962499745009614,0.488278519398142,0.39895175842411906,0.0,0.0,0.3333333333333333,0.375,52.0,0.0,0.0,0.6357832667144745,27.0,0.0,0.0,1.0630455660596478,0.0
gtzan/gtzan_metal_00074/track.npy,gtzan,0.9902912621359222,0.9367395397309591,0.9367395397309591,0.9367395397309591,0.9807692307692307,0.9807692307692307,0.9807692307692307,0.9807692307692307,0.6666666666666666,0.6314691442128347,0.9211529526341053,0.7763110484234701,0.0,0.0,0.9615384615384616,0.9615384615384616,64.0,0.015873015873015872,0.015873015873015872,0.12260232209233148,31.0,0.0,0.0,0.05379432079107846,0.0
gtzan/gtzan_metal_00075/track.npy,gtzan,0.9894736842105264,0.9277663198792107,0.9277663198792107,0.9277663198792107,0.9791666666666666,0.9791666666666666,0.9791666666666666,0.9791666666666666,0.846153846153846,0.8147063267505297,0.8147063267505297,0.8147063267505297,0.3333333333333333,0.6,0.3333333333333333,0.6,57.0,0.0,0.0,0.11332868530700167,19.0,0.0,0.0,0.7119105259638064,0.0
gtzan/gtzan_metal_00076/track.npy,gtzan,0.9914529914529915,0.8430309872651944,0.8430309872651944,0.8430309872651944,0.9830508474576272,0.9830508474576272,0.9830508474576272,0.9830508474576272,0.11428571428571427,0.09606713225834805,0.6300302332733736,0.36304868276586083,0.0,0.0,0.23809523809523808,0.38095238095238093,79.0,0.01282051282051282,0.10256410256410256,0.6931471805599438,28.0,0.0,0.0,1.693189768516088,0.0
gtzan/gtzan_metal_00077/track.npy,gtzan,0.9531249999999999,0.8430861974736732,0.8430861974736732,0.8430861974736732,0.42424242424242425,0.8787878787878788,0.42424242424242425,0.8787878787878788,0.8205128205128205,0.692721507060178,0.7087769537110853,0.7007492303856316,0.17391304347826086,0.34782608695652173,0.22580645161290322,0.4838709677419355,81.0,0.05,0.0625,1.1273804959133071,29.0,0.0,0.0,0.7018429445589367,0.0
gtzan/gtzan_metal_00078/track.npy,gtzan,0.988095238095238,0.9080843549521153,0.9080843549521153,0.9080843549521153,0.5058823529411764,0.9647058823529412,0.5058823529411764,0.9647058823529412,0.6461538461538462,0.5954582514787564,0.8816090374233315,0.738533644451044,0.0,0.0,0.6590909090909091,0.9090909090909091,103.0,0.029411764705882353,0.049019607843137254,0.287682072451781,54.0,0.03773584905660377,0.03773584905660377,0.8282784623390643,0.0
gtzan/gtzan_metal_00079/track.npy,gtzan,1.0,0.940016029420822,0.940016029420822,0.940016029420822,1.0,1.0,1.0,1.0,0.787878787878788,0.7504494085414883,0.8513420542692925,0.8008957314053904,0.1,0.25,0.36,0.6,62.0,0.0,0.0,0.12260232209232969,24.0,0.0,0.0,0.7024790032353532,0.0
gtzan/gtzan_metal_00080/track.npy,gtzan,0.8620689655172413,0.8087322562912663,0.8087322562912663,0.8087322562912663,0.48484848484848486,0.5151515151515151,0.48484848484848486,0.5151515151515151,0.787878787878788,0.7232069100465892,0.7866571672086947,0.7549320386276419,0.15,0.3,0.28,0.52,79.0,0.0,0.0,0.6498934035437234,24.0,0.0,0.0,0.7198658721452679,0.0
gtzan/gtzan_metal_00081/track.npy,gtzan,0.96,0.8907400817586844,0.8907400817586844,0.8907400817586844,0.6666666666666666,0.9365079365079365,0.6666666666666666,0.9365079365079365,0.5116279069767441,0.493574050102694,0.7041349208058688,0.5988544854542814,0.0,0.0,0.6551724137931034,0.6551724137931034,76.0,0.05333333333333334,0.05333333333333334,1.5372872135880724,32.0,0.03225806451612903,0.03225806451612903,2.405243353049074,0.0
gtzan/gtzan_metal_00082/track.npy,gtzan,0.9902912621359222,0.9275790691363174,0.9275790691363174,0.9275790691363174,0.9807692307692307,0.9807692307692307,0.9807692307692307,0.9807692307692307,0.962962962962963,0.9245477399831473,0.9245477399831473,0.9245477399831473,0.6428571428571429,0.8571428571428571,0.6428571428571429,0.8571428571428571,62.0,0.0,0.0,0.08338160893904922,17.0,0.0,0.0,0.682890680392757,0.0
gtzan/gtzan_metal_00083/track.npy,gtzan,1.0,0.9461621761160756,0.9461621761160756,0.9461621761160756,1.0,1.0,1.0,1.0,0.8571428571428571,0.7820408694083302,0.7820408694083302,0.7820408694083302,0.25,0.5,0.25,0.5,59.0,0.0,0.0,0.08004270767353472,19.0,0.0,0.0,0.7289191467164676,0.0
gtzan/gtzan_metal_00084/track.npy,gtzan,0.9919999999999999,0.8794654556536157,0.8794654556536157,0.8794654556536157,0.9841269841269841,0.9841269841269841,0.9841269841269841,0.9841269841269841,0.6382978723404256,0.5548859274404319,0.8220119500877225,0.6884489387640772,0.0,0.0,0.90625,0.90625,75.0,0.0,0.0,0.10008345855698156,38.0,0.0,0.0,0.05001042057466098,0.0
gtzan/gtzan_metal_00085/track.npy,gtzan,1.0,0.8624399088724758,0.8624399088724758,0.8624399088724758,1.0,1.0,1.0,1.0,0.7142857142857143,0.5989532071951021,0.732645805206631,0.6657995062008666,0.1111111111111111,0.1111111111111111,0.47368421052631576,0.7894736842105263,51.0,0.0,0.0,0.0554322508166763,22.0,0.0,0.0,0.7191226669632054,0.0
gtzan/gtzan_metal_00086/track.npy,gtzan,1.0,0.954630077793579,0.954630077793579,0.954630077793579,1.0,1.0,1.0,1.0,0.8125000000000001,0.7727949037130255,0.826956830413615,0.7998758670633203,0.21052631578947367,0.3684210526315789,0.32,0.48,61.0,0.0,0.0,0.08338160893905101,22.0,0.0,0.0,0.6834035054011158,0.0
gtzan/gtzan_metal_00087/track.npy,gtzan,0.9493670886075949,0.8016976242508201,0.8016976242508201,0.8016976242508201,0.65,0.85,0.65,0.85,0.6333333333333334,0.4837671401272133,0.5000624936829259,0.49191481690506955,0.05,0.1,0.1,0.25,96.0,0.042105263157894736,0.06315789473684211,0.9034836850396352,52.0,0.0392156862745098,0.058823529411764705,1.4486877478744489,0.0
gtzan/gtzan_metal_00088/track.npy,gtzan,1.0,0.9165444948783574,0.9165444948783574,0.9165444948783574,1.0,1.0,1.0,1.0,0.7027027027027027,0.610292784741792,0.8792930126317315,0.7447928986867618,0.041666666666666664,0.041666666666666664,0.8,0.92,58.0,0.0,0.0,0.07696104113612759,28.0,0.0,0.0,0.5344276124509535,0.0
gtzan/gtzan_metal_00089/track.npy,gtzan,1.0,0.8789223963589331,0.8789223963589331,0.8789223963589331,1.0,1.0,1.0,1.0,0.3333333333333333,0.2655525194948017,0.2655525194948017,0.2655525194948017,0.0,0.0,0.0,0.0,38.0,0.0,0.0,0.08201029487268824,26.0,0.0,0.0,0.7039753524707614,0.0
gtzan/gtzan_metal_00090/track.npy,gtzan,0.9932885906040269,0.8370979584655969,0.8370979584655969,0.8370979584655969,0.9866666666666667,0.9866666666666667,0.9866666666666667,0.9866666666666667,0.6440677966101694,0.5360239457478385,0.7461722035721418,0.6410980746599901,0.025,0.075,0.15,0.625,90.0,0.011235955056179775,0.011235955056179775,0.2864581221065786,47.0,0.0,0.0,0.7450282433652538,0.0
gtzan/gtzan_metal_00091/track.npy,gtzan,0.6495726495726496,0.5384520285683622,0.5384520285683622,0.5384520285683622,0.15,0.31666666666666665,0.15,0.31666666666666665,0.5945945945945946,0.48797978620122556,0.5031535497406548,0.4955666679709402,0.13043478260869565,0.21739130434782608,0.18518518518518517,0.3333333333333333,73.0,0.013888888888888888,0.125,1.3862943611198955,31.0,0.0,0.03333333333333333,1.3769147090951457,0.0
gtzan/gtzan_metal_00092/track.npy,gtzan,0.9391304347826087,0.8640670193945559,0.8640670193945559,0.8640670193945559,0.4827586206896552,0.8793103448275862,0.4827586206896552,0.8793103448275862,0.3,0.2546397071570833,0.3357465266197962,0.29519311688843974,0.038461538461538464,0.038461538461538464,0.3333333333333333,0.3333333333333333,69.0,0.014705882352941176,0.029411764705882353,1.0237355389447669,30.0,0.0,0.0,0.9083149387736795,0.0
gtzan/gtzan_metal_00093/track.npy,gtzan,0.9078947368421054,0.8217915736175424,0.8217915736175424,0.8217915736175424,0.25,0.7,0.25,0.7,0.64,0.5543626256005334,0.7928968364545302,0.6736297310275319,0.09375,0.09375,0.22857142857142856,0.7142857142857143,96.0,0.08421052631578947,0.14736842105263157,1.0986122886681267,39.0,0.0,0.02631578947368421,0.8496990484098704,0.0
gtzan/gtzan_metal_00094/track.npy,gtzan,0.7532467532467532,0.568304064619622,0.568304064619622,0.568304064619622,0.07954545454545454,0.29545454545454547,0.07954545454545454,0.29545454545454547,0.4999999999999999,0.4042269625544206,0.4493661096408287,0.42679653609762463,0.025,0.025,0.175,0.25,103.0,0.12745098039215685,0.2647058823529412,1.343734746701084,49.0,0.041666666666666664,0.125,1.8366836068776664,0.0
gtzan/gtzan_metal_00095/track.npy,gtzan,1.0,0.7756357080480863,0.7756357080480863,0.7756357080480863,1.0,1.0,1.0,1.0,0.6666666666666666,0.5000675250088112,0.7617108574474053,0.6308891912281083,0.0,0.0,0.9375,0.9375,38.0,0.0,0.0,0.05129329438755087,19.0,0.0,0.0,0.028158187054708784,0.0
gtzan/gtzan_metal_00096/track.npy,gtzan,0.8,0.6852352166283586,0.6852352166283586,0.6852352166283586,0.6842105263157895,0.6842105263157895,0.6842105263157895,0.6842105263157895,0.5185185185185185,0.4532982629427788,0.6629331996159701,0.5581157312793744,0.0,0.0,0.6842105263157895,0.6842105263157895,51.0,0.02,0.1,1.375026010333212,25.0,0.041666666666666664,0.08333333333333333,2.7121093800031075,0.0
gtzan/gtzan_metal_00097/track.npy,gtzan,0.9714285714285714,0.8630238554861208,0.8630238554861208,0.8630238554861208,0.5277777777777778,0.8888888888888888,0.5277777777777778,0.8888888888888888,0.8181818181818181,0.6706276145684781,0.6706276145684781,0.6706276145684781,0.38461538461538464,0.46153846153846156,0.38461538461538464,0.46153846153846156,45.0,0.0,0.0,0.769133087537868,17.0,0.0,0.0,2.013423609823947,0.0
gtzan/gtzan_metal_00098/track.npy,gtzan,0.9850746268656716,0.9234949229939546,0.9234949229939546,0.9234949229939546,0.6764705882352942,0.9411764705882353,0.6764705882352942,0.9411764705882353,0.6956521739130436,0.6439577436696808,0.8744177554525597,0.7591877495611203,0.06666666666666667,0.06666666666666667,0.8666666666666667,0.8666666666666667,40.0,0.0,0.02564102564102564,0.44611440293471755,18.0,0.0,0.0,0.20720882829374632,0.0
gtzan/gtzan_metal_00099/track.npy,gtzan,0.9836065573770492,0.8639676729554391,0.8639676729554391,0.8639676729554391,0.967741935483871,0.967741935483871,0.967741935483871,0.967741935483871,0.6956521739130436,0.5505182481153905,0.8650876970997726,0.7078029726075816,0.0,0.0,1.0,1.0,37.0,0.0,0.0,0.07285685475185379,18.0,0.0,0.0,0.015155231617291903,0.0
gtzan/gtzan_pop_00000/track.npy,gtzan,0.6666666666666666,0.6053044613342133,0.8862178030573137,0.7457611321957636,0.0,0.0,0.9821428571428571,0.9821428571428571,0.6363636363636364,0.5835185135164456,0.8500714575147124,0.716794985515579,0.0,0.0,0.5333333333333333,0.8,67.0,0.0,0.0,0.1250194697407606,20.0,0.0,0.0,0.6931471805599456,0.0
gtzan/gtzan_pop_00001/track.npy,gtzan,0.9887640449438202,0.9183353294402937,0.9183353294402937,0.9183353294402937,0.9777777777777777,0.9777777777777777,0.9777777777777777,0.9777777777777777,0.846153846153846,0.7926636319835728,0.7926636319835728,0.7926636319835728,0.26666666666666666,0.5333333333333333,0.26666666666666666,0.5333333333333333,54.0,0.0,0.0,0.035091319811275556,19.0,0.0,0.0,0.6887594699394946,0.0
gtzan/gtzan_pop_00002/track.npy,gtzan,0.9904761904761905,0.9627512927518975,0.9627512927518975,0.9627512927518975,0.9811320754716981,0.9811320754716981,0.9811320754716981,0.9811320754716981,0.7428571428571429,0.7247655487045315,0.8775455872295144,0.8011555679670229,0.22727272727272727,0.22727272727272727,0.64,0.64,64.0,0.0,0.0,0.08338160893905659,27.0,0.0,0.0,0.5503513863936839,0.0
gtzan/gtzan_pop_00003/track.npy,gtzan,0.9743589743589743,0.9020765859268979,0.9020765859268979,0.9020765859268979,0.9743589743589743,0.9743589743589743,0.9743589743589743,0.9743589743589743,0.9,0.8036908833546448,0.8036908833546448,0.8036908833546448,1.0,1.0,1.0,1.0,47.0,0.0,0.0,0.030771658666758572,12.0,0.0,0.0,0.015517138324460689,0.0
gtzan/gtzan_pop_00004/track.npy,gtzan,1.0,0.9140637473306539,0.9140637473306539,0.9140637473306539,1.0,1.0,1.0,1.0,0.6666666666666666,0.6438789858226598,0.8559819913345961,0.749930488578628,0.0,0.0,0.9375,0.9375,40.0,0.0,0.0,0.08004270767353137,20.0,0.0,0.0,0.06713930283762709,0.0
gtzan/gtzan_pop_00005/track.npy,gtzan,0.9859154929577464,0.8870366374595847,0.8870366374595847,0.8870366374595847,0.8611111111111112,0.9444444444444444,0.8611111111111112,0.9444444444444444,0.9,0.8112189214202112,0.8112189214202112,0.8112189214202112,0.5454545454545454,0.5454545454545454,0.5454545454545454,0.5454545454545454,46.0,0.044444444444444446,0.06666666666666667,1.575966379736971,15.0,0.0,0.0,1.5529822624541092,0.0
gtzan/gtzan_pop_00006/track.npy,gtzan,0.9743589743589743,0.9107322648785833,0.9107322648785833,0.9107322648785833,0.9743589743589743,0.9743589743589743,0.9743589743589743,0.9743589743589743,0.9,0.8161911383217049,0.8161911383217049,0.8161911383217049,1.0,1.0,1.0,1.0,47.0,0.0,0.0,0.06214120994835419,13.0,0.0,0.0,0.35833883898507,0.0
gtzan/gtzan_pop_00007/track.npy,gtzan,0.6923076923076924,0.6330466987974928,0.8811561112812915,0.757101405039392,0.0196078431372549,0.058823529411764705,0.5283018867924528,0.8679245283018868,0.5,0.46839003697107023,0.6902269593284069,0.5793084981497386,0.0,0.0,0.16666666666666666,0.3888888888888889,62.0,0.0,0.01639344262295082,0.7157060562408035,23.0,0.0,0.0,0.7357067949787441,0.0
gtzan/gtzan_pop_00008/track.npy,gtzan,1.0,0.9556284544594935,0.9556284544594935,0.9556284544594935,1.0,1.0,1.0,1.0,0.6399999999999999,0.6141632959434022,0.8980785732880335,0.7561209346157178,0.0,0.0,0.8823529411764706,0.8823529411764706,42.0,0.0,0.0,0.029540825676105848,21.0,0.0,0.0,0.01398624197474213,0.0
gtzan/gtzan_pop_00009/track.npy,gtzan,0.9885057471264368,0.888322115894662,0.888322115894662,0.888322115894662,0.9772727272727273,0.9772727272727273,0.9772727272727273,0.9772727272727273,0.9523809523809523,0.8533535372680341,0.8533535372680341,0.8533535372680341,0.9090909090909091,0.9090909090909091,0.9090909090909091,0.9090909090909091,52.0,0.0,0.0,0.035091319811275556,13.0,0.0,0.0,0.013177469666532327,0.0
gtzan/gtzan_pop_00010/track.npy,gtzan,0.9777777777777777,0.8753306196909827,0.8753306196909827,0.8753306196909827,0.9777777777777777,0.9777777777777777,0.9777777777777777,0.9777777777777777,0.6875000000000001,0.6226085241925182,0.861858022207243,0.7422332731998806,0.047619047619047616,0.047619047619047616,0.9047619047619048,0.9047619047619048,54.0,0.0,0.0,0.07145896398214668,25.0,0.0,0.0,0.033948124892141586,0.0
gtzan/gtzan_pop_00011/track.npy,gtzan,0.16666666666666666,0.12415740612943653,0.1773738403630901,0.1507656232462633,0.05714285714285714,0.08571428571428572,0.05714285714285714,0.11428571428571428,0.08333333333333333,0.08515224171771735,0.08973975160032048,0.08744599665901892,0.05555555555555555,0.05555555555555555,0.05555555555555555,0.05555555555555555,43.0,0.047619047619047616,0.09523809523809523,2.1972245773362133,23.0,0.0,0.0,1.7719568419318752,0.0
gtzan/gtzan_pop_00012/track.npy,gtzan,0.9523809523809524,0.7702599592895787,0.7702599592895787,0.7702599592895787,0.8837209302325582,0.9069767441860465,0.8837209302325582,0.9069767441860465,0.47058823529411764,0.413502257133062,0.4317667307888535,0.42263449396095776,0.047619047619047616,0.047619047619047616,0.047619047619047616,0.047619047619047616,51.0,0.0,0.02,0.1816520543995142,26.0,0.0,0.04,1.3128946586892691,0.0
gtzan/gtzan_pop_00013/track.npy,gtzan,1.0,0.9210335732473675,0.9210335732473675,0.9210335732473675,1.0,1.0,1.0,1.0,0.6363636363636364,0.5589555929560568,0.8529757524194811,0.705965672687769,0.0,0.0,0.8666666666666667,0.8666666666666667,36.0,0.0,0.0,0.02409755157906071,18.0,0.0,0.0,0.011976191046715823,0.0
gtzan/gtzan_pop_00014/track.npy,gtzan,0.9896907216494846,0.960770247473786,0.960770247473786,0.960770247473786,0.9795918367346939,0.9795918367346939,0.9795918367346939,0.9795918367346939,0.6486486486486487,0.6255343225009808,0.9270496999070766,0.7762920112040288,0.0,0.0,0.92,0.92,59.0,0.0,0.0,0.07696104113613333,30.0,0.0,0.0,0.019418085857104597,0.0
gtzan/gtzan_pop_00015/track.npy,gtzan,1.0,0.9083378728134637,0.9083378728134637,0.9083378728134637,1.0,1.0,1.0,1.0,0.846153846153846,0.7803170324343601,0.7803170324343601,0.7803170324343601,0.2,0.5333333333333333,0.2,0.5333333333333333,52.0,0.0,0.0,0.0689928714869561,19.0,0.0,0.0,0.7105389232718148,0.0
gtzan/gtzan_pop_00016/track.npy,gtzan,0.9565217391304348,0.8076640443615715,0.8076640443615715,0.8076640443615715,0.8913043478260869,0.9565217391304348,0.8913043478260869,0.9565217391304348,0.8275862068965517,0.7285422350723295,0.7609285489340157,0.7447353920031726,0.23529411764705882,0.4117647058823529,0.2608695652173913,0.43478260869565216,55.0,0.018518518518518517,0.037037037037037035,1.02123643766115,19.0,0.0,0.0,0.7041903323775223,0.0
gtzan/gtzan_pop_00017/track.npy,gtzan,0.693069306930693,0.6033792359895267,0.6033792359895267,0.6033792359895267,0.12727272727272726,0.4909090909090909,0.12727272727272726,0.4909090909090909,0.6486486486486487,0.5925569257659739,0.5925569257659739,0.5925569257659739,0.12,0.2,0.12,0.2,66.0,0.03076923076923077,0.07692307692307693,1.6158441352875286,28.0,0.0,0.0,1.9891819084603592,0.0
gtzan/gtzan_pop_00018/track.npy,gtzan,1.0,0.973371305891554,0.973371305891554,0.973371305891554,1.0,1.0,1.0,1.0,0.6842105263157895,0.6666366708245774,0.9729227572676982,0.8197797140461378,0.0,0.0,1.0,1.0,61.0,0.0,0.0,0.040821994520261584,30.0,0.0,0.0,0.03360524399929875,0.0
gtzan/gtzan_pop_00019/track.npy,gtzan,1.0,0.9185835773791348,0.9185835773791348,0.9185835773791348,1.0,1.0,1.0,1.0,0.6666666666666666,0.6254573403604085,0.9023125544691462,0.7638849474147773,0.0,0.0,0.95,0.95,47.0,0.0,0.0,0.030771658666758572,24.0,0.0,0.0,0.015504186535967662,0.0
gtzan/gtzan_pop_00020/track.npy,gtzan,1.0,0.9216792510111739,0.9216792510111739,0.9216792510111739,1.0,1.0,1.0,1.0,0.7096774193548387,0.6672117527691122,0.8245571821413589,0.7458844674552355,0.05,0.15,0.2857142857142857,0.7142857142857143,54.0,0.0,0.0,0.07145896398214432,24.0,0.0,0.0,0.7107172525634838,0.0
gtzan/gtzan_pop_00021/track.npy,gtzan,0.988235294117647,0.9345660559399441,0.9345660559399441,0.9345660559399441,0.9767441860465116,0.9767441860465116,0.9767441860465116,0.9767441860465116,0.7333333333333334,0.6958431758100081,0.9023451617118232,0.7990941687609157,0.15789473684210525,0.15789473684210525,0.7619047619047619,0.7619047619047619,50.0,0.0,0.0,0.03390155167568665,21.0,0.0,0.0,0.08190934374230832,0.0
gtzan/gtzan_pop_00022/track.npy,gtzan,1.0,0.8292305882898673,0.8292305882898673,0.8292305882898673,1.0,1.0,1.0,1.0,0.846153846153846,0.6751006197208738,0.6751006197208738,0.6751006197208738,0.2,0.5333333333333333,0.2,0.5333333333333333,52.0,0.0,0.0,0.0689928714869517,19.0,0.0,0.0,0.7105389232718148,0.0
gtzan/gtzan_pop_00023/track.npy,gtzan,1.0,0.9023179728951338,0.9023179728951338,0.9023179728951338,1.0,1.0,1.0,1.0,0.9166666666666666,0.8369363890621129,0.8369363890621129,0.8369363890621129,0.7692307692307693,0.7692307692307693,0.7692307692307693,0.7692307692307693,52.0,0.0,0.0,0.03390155167568665,15.0,0.0,0.0,0.28751553223955706,0.0
gtzan/gtzan_pop_00024/track.npy,gtzan,1.0,0.9201528419227226,0.9201528419227226,0.9201528419227226,1.0,1.0,1.0,1.0,1.0,0.9325885661504989,0.9325885661504989,0.9325885661504989,1.0,1.0,1.0,1.0,59.0,0.0,0.0,0.039220713153283904,16.0,0.0,0.0,0.6839400859837068,0.0
gtzan/gtzan_pop_00025/track.npy,gtzan,1.0,0.9794564897637918,0.9794564897637918,0.9794564897637918,1.0,1.0,1.0,1.0,0.6666666666666666,0.6495215857487582,0.9425240291235004,0.7960228074361293,0.0,0.0,0.9375,0.9375,38.0,0.0,0.0,4.440892098500626e-15,19.0,0.0,0.0,2.220446049250313e-15,0.0
gtzan/gtzan_pop_00026/track.npy,gtzan,0.96875,0.920827981582531,0.920827981582531,0.920827981582531,0.96875,0.96875,0.96875,0.96875,0.6666666666666666,0.6402946730657977,0.9160913821400061,0.7781930276029019,0.0,0.0,0.9375,0.9375,39.0,0.0,0.0,0.02531780798429384,19.0,0.0,0.0,0.015254782218801879,0.0
gtzan/gtzan_pop_00027/track.npy,gtzan,0.9859154929577464,0.9546172678220302,0.9546172678220302,0.9546172678220302,0.9722222222222222,0.9722222222222222,0.9722222222222222,0.9722222222222222,0.7499999999999999,0.7170607211782323,0.8392315771028236,0.7781461491405279,0.2,0.2,0.6470588235294118,0.6470588235294118,43.0,0.0,0.0,0.02817087696670073,18.0,0.0,0.0,0.6844118922435537,0.0
gtzan/gtzan_pop_00028/track.npy,gtzan,1.0,0.9415236743636076,0.9415236743636076,0.9415236743636076,1.0,1.0,1.0,1.0,1.0,0.9508823462846042,0.9508823462846042,0.9508823462846042,1.0,1.0,1.0,1.0,51.0,0.0,0.0,0.03390155167568665,13.0,0.0,0.0,0.008438868645865016,0.0
gtzan/gtzan_pop_00029/track.npy,gtzan,1.0,0.8549433972716384,0.8549433972716384,0.8549433972716384,1.0,1.0,1.0,1.0,0.6399999999999999,0.5686095756444639,0.8322222026437216,0.7004158891440928,0.0,0.0,0.8823529411764706,0.8823529411764706,41.0,0.0,0.0,0.056664769910602486,20.0,0.0,0.0,0.015409804344643783,0.0
gtzan/gtzan_pop_00030/track.npy,gtzan,1.0,0.9414720344838929,0.9414720344838929,0.9414720344838929,1.0,1.0,1.0,1.0,1.0,0.9582846785700638,0.9582846785700638,0.9582846785700638,1.0,1.0,1.0,1.0,48.0,0.0,0.0,0.031748698314585266,12.0,0.0,0.0,0.007905179507113247,0.0
gtzan/gtzan_pop_00031/track.npy,gtzan,1.0,0.9112620691925365,0.9112620691925365,0.9112620691925365,1.0,1.0,1.0,1.0,1.0,0.8991757412402668,0.8991757412402668,0.8991757412402668,1.0,1.0,1.0,1.0,48.0,0.0,0.0,0.054827442314645744,12.0,0.0,0.0,0.00790517950711378,0.0
gtzan/gtzan_pop_00032/track.npy,gtzan,1.0,0.9048313809121297,0.9048313809121297,0.9048313809121297,1.0,1.0,1.0,1.0,0.6666666666666666,0.5907158613147726,0.8716828519586247,0.7311993566366987,0.0,0.0,0.95,0.95,48.0,0.0,0.0,0.06252035698133722,23.0,0.0,0.0,0.031748698314582435,0.0
gtzan/gtzan_pop_00033/track.npy,gtzan,0.4893617021276596,0.4612708761198086,0.6506243773043473,0.555947626712078,0.09433962264150944,0.20754716981132076,0.24528301886792453,0.2716049382716049,0.31249999999999994,0.30892326428057093,0.32975084859642745,0.3193370564384992,0.14285714285714285,0.38095238095238093,0.14285714285714285,0.38095238095238093,63.0,0.016129032258064516,0.016129032258064516,0.836248024200615,24.0,0.043478260869565216,0.043478260869565216,2.1064575802343355,0.0
gtzan/gtzan_pop_00034/track.npy,gtzan,0.9873417721518987,0.8925927014386026,0.8925927014386026,0.8925927014386026,0.975,0.975,0.975,0.975,1.0,0.9564623832646681,0.9564623832646681,0.9564623832646681,1.0,1.0,1.0,1.0,48.0,0.0,0.0,0.03174869831458238,12.0,0.0,0.0,0.0044176944334955535,0.0
gtzan/gtzan_pop_00035/track.npy,gtzan,1.0,0.8875151968550338,0.8875151968550338,0.8875151968550338,1.0,1.0,1.0,1.0,0.7857142857142858,0.7115015432858026,0.7676404949458416,0.7395710191158221,0.17647058823529413,0.35294117647058826,0.19047619047619047,0.47619047619047616,54.0,0.0,0.0,0.07145896398214346,19.0,0.0,0.0,0.7021970160798626,0.0
gtzan/gtzan_pop_00036/track.npy,gtzan,1.0,0.911002446084079,0.911002446084079,0.911002446084079,1.0,1.0,1.0,1.0,0.9523809523809523,0.8343199483532748,0.8343199483532748,0.8343199483532748,0.9090909090909091,0.9090909090909091,0.9090909090909091,0.9090909090909091,49.0,0.0,0.0,0.032789822822996084,13.0,0.0,0.0,0.3425249851636645,0.0
gtzan/gtzan_pop_00037/track.npy,gtzan,1.0,0.8842742779943815,0.8842742779943815,0.8842742779943815,1.0,1.0,1.0,1.0,0.88,0.7640961481433713,0.7640961481433713,0.7640961481433713,0.21428571428571427,0.5714285714285714,0.21428571428571427,0.5714285714285714,52.0,0.0,0.0,0.053737173232894626,17.0,0.0,0.0,0.7105389232718142,0.0
gtzan/gtzan_pop_00038/track.npy,gtzan,1.0,0.9029028897485423,0.9029028897485423,0.9029028897485423,1.0,1.0,1.0,1.0,0.6428571428571429,0.6111531868197163,0.8858038058862839,0.7484784963530001,0.0,0.0,0.8947368421052632,0.8947368421052632,47.0,0.0,0.0,0.05636602524798188,23.0,0.0,0.0,0.015504186535967662,0.0
gtzan/gtzan_pop_00039/track.npy,gtzan,1.0,0.8784468776581469,0.8784468776581469,0.8784468776581469,1.0,1.0,1.0,1.0,0.72,0.6251418041190482,0.8454638219803556,0.7353028130497019,0.0625,0.0625,0.7647058823529411,0.8823529411764706,41.0,0.0,0.0,0.027398974188113878,18.0,0.0,0.0,0.7000676234045214,0.0
gtzan/gtzan_pop_00040/track.npy,gtzan,0.6923076923076924,0.6261624557050736,0.8783142194554264,0.7522383375802499,0.0196078431372549,0.058823529411764705,0.33962264150943394,0.8867924528301887,0.4615384615384615,0.39059768204862844,0.6226247979950067,0.5066112400218176,0.0,0.0,0.2,0.3,61.0,0.0,0.0,0.6952978010820413,23.0,0.0,0.0,1.3545456628053092,0.0
gtzan/gtzan_pop_00041/track.npy,gtzan,0.6363636363636364,0.5458886473289082,0.7389407406999315,0.6424146940144199,0.046511627906976744,0.046511627906976744,0.7777777777777778,0.8888888888888888,0.5555555555555556,0.5005213600283052,0.6999589257102663,0.6002401428692857,0.0,0.0,0.9166666666666666,0.9166666666666666,52.0,0.0,0.0,0.07217417864730385,14.0,0.0,0.0,0.017857617400007686,0.0
gtzan/gtzan_pop_00042/track.npy,gtzan,1.0,0.9214270318339862,0.9214270318339862,0.9214270318339862,1.0,1.0,1.0,1.0,1.0,0.9102456784737367,0.9102456784737367,0.9102456784737367,1.0,1.0,1.0,1.0,47.0,0.0,0.0,0.030771658666755797,12.0,0.0,0.0,0.01550418653596467,0.0
gtzan/gtzan_pop_00043/track.npy,gtzan,0.6666666666666666,0.5085334831635935,0.7559198874788866,0.63222668532124,0.0,0.0,0.9821428571428571,0.9821428571428571,0.9818181818181818,0.789521900517186,0.789521900517186,0.789521900517186,0.9642857142857143,0.9642857142857143,0.9642857142857143,0.9642857142857143,67.0,0.0,0.0,0.0784994541058702,34.0,0.0,0.0,0.021978906718775015,0.0
gtzan/gtzan_pop_00044/track.npy,gtzan,0.98989898989899,0.9336580579650864,0.9336580579650864,0.9336580579650864,0.98,0.98,0.98,0.98,0.8275862068965517,0.7825885239765212,0.7825885239765212,0.7825885239765212,0.4117647058823529,0.47058823529411764,0.4117647058823529,0.47058823529411764,60.0,0.0,0.0,0.039220713153283904,20.0,0.0,0.0,0.6862652782113607,0.0
gtzan/gtzan_pop_00045/track.npy,gtzan,1.0,0.9508626532063158,0.9508626532063158,0.9508626532063158,1.0,1.0,1.0,1.0,0.8181818181818181,0.7856457704658628,0.7856457704658628,0.7856457704658628,0.15384615384615385,0.46153846153846156,0.15384615384615385,0.46153846153846156,44.0,0.0,0.0,0.028987536873251674,15.0,0.0,0.0,0.6960775965967757,0.0
gtzan/gtzan_pop_00046/track.npy,gtzan,1.0,0.9323315984532182,0.9323315984532182,0.9323315984532182,1.0,1.0,1.0,1.0,0.9,0.851705674469018,0.851705674469018,0.851705674469018,0.36363636363636365,0.6363636363636364,0.36363636363636365,0.6363636363636364,44.0,0.0,0.0,0.05884050002293473,13.0,0.0,0.0,0.7004732206520187,0.0
gtzan/gtzan_pop_00047/track.npy,gtzan,0.9782608695652174,0.7704174970892982,0.7704174970892982,0.7704174970892982,0.9782608695652174,0.9782608695652174,0.9782608695652174,0.9782608695652174,0.8148148148148148,0.6157756520896093,0.6465292697525125,0.6311524609210608,0.1875,0.4375,0.2857142857142857,0.4375,56.0,0.0,0.0,0.14842000511827347,19.0,0.0,0.0,0.6949905115809284,0.0
gtzan/gtzan_pop_00048/track.npy,gtzan,0.9811320754716981,0.9473016560361162,0.9473016560361162,0.9473016560361162,0.9629629629629629,0.9629629629629629,0.9629629629629629,0.9629629629629629,0.8666666666666666,0.8192548724089481,0.8192548724089481,0.8192548724089481,0.23529411764705882,0.5882352941176471,0.23529411764705882,0.5882352941176471,65.0,0.0,0.0,0.04255961441880263,23.0,0.0,0.0,0.6931471805599457,0.0
gtzan/gtzan_pop_00049/track.npy,gtzan,0.6666666666666666,0.6178127128969858,0.9275355574633516,0.7726741351801687,0.0,0.0,0.98,0.98,0.6666666666666666,0.6191500319896067,0.8658941439633017,0.7425220879764542,0.0,0.0,0.9166666666666666,0.9166666666666666,60.0,0.0,0.0,0.08004270767353472,15.0,0.0,0.0,0.01375476642115819,0.0
gtzan/gtzan_pop_00050/track.npy,gtzan,0.983050847457627,0.8674290871950812,0.8674290871950812,0.8674290871950812,0.9666666666666667,0.9666666666666667,0.9666666666666667,0.9666666666666667,0.6956521739130436,0.6091777466565251,0.8922278573837695,0.7507028020201474,0.0,0.0,1.0,1.0,36.0,0.0,0.0,0.04652001563489332,18.0,0.0,0.0,0.02642070301046298,0.0
gtzan/gtzan_pop_00051/track.npy,gtzan,0.9583333333333334,0.7512627347567684,0.7512627347567684,0.7512627347567684,0.8958333333333334,0.9583333333333334,0.8958333333333334,0.9583333333333334,0.8148148148148148,0.6162850488063478,0.6162850488063478,0.6162850488063478,0.5333333333333333,0.5333333333333333,0.5333333333333333,0.5333333333333333,58.0,0.017543859649122806,0.017543859649122806,0.46547659232539695,18.0,0.0,0.0,1.656416934703857,0.0
gtzan/gtzan_pop_00052/track.npy,gtzan,0.9772727272727273,0.890498547574585,0.890498547574585,0.890498547574585,0.9772727272727273,0.9772727272727273,0.9772727272727273,0.9772727272727273,0.6875000000000001,0.6251879775765233,0.8646810117186641,0.7449344946475938,0.047619047619047616,0.047619047619047616,0.47619047619047616,0.9047619047619048,52.0,0.0,0.0,0.018645853421627865,25.0,0.0,0.0,0.6238324625039502,0.0
gtzan/gtzan_pop_00053/track.npy,gtzan,0.23008849557522124,0.17420244183959488,0.23795886682974474,0.20608065433466982,0.0,0.0,0.023255813953488372,0.05813953488372093,0.18181818181818182,0.07792110709178553,0.17561878492206848,0.126769946006927,0.0,0.0,0.02631578947368421,0.02631578947368421,103.0,0.16666666666666666,0.29411764705882354,1.4469189829363018,45.0,0.022727272727272728,0.045454545454545456,1.6925337920541332,0.0
gtzan/gtzan_pop_00054/track.npy,gtzan,1.0,0.9181019480949238,0.9181019480949238,0.9181019480949238,1.0,1.0,1.0,1.0,0.8333333333333333,0.7790165161492331,0.7993450912128643,0.7891808036810487,0.2857142857142857,0.35714285714285715,0.3684210526315789,0.47368421052631576,49.0,0.0,0.0,0.06669137449866891,16.0,0.0,0.0,0.6931471805599453,0.0
gtzan/gtzan_pop_00055/track.npy,gtzan,0.9772727272727273,0.9029743723648204,0.9029743723648204,0.9029743723648204,0.9772727272727273,0.9772727272727273,0.9772727272727273,0.9772727272727273,0.6249999999999999,0.5931735121354041,0.8016929702695548,0.6974332412024795,0.047619047619047616,0.047619047619047616,0.7142857142857143,0.9047619047619048,53.0,0.0,0.0,0.05204209564911583,25.0,0.0,0.0,0.6485001406440618,0.0
gtzan/gtzan_pop_00056/track.npy,gtzan,1.0,0.9089258213944028,0.9089258213944028,0.9089258213944028,1.0,1.0,1.0,1.0,0.9090909090909091,0.8275956884474712,0.8275956884474712,0.8275956884474712,0.5,0.6666666666666666,0.5,0.6666666666666666,45.0,0.0,0.0,0.05884050002293284,14.0,0.0,0.0,0.678332094774805,0.0
gtzan/gtzan_pop_00057/track.npy,gtzan,0.9772727272727273,0.9244672686232547,0.9244672686232547,0.9244672686232547,1.0,1.0,1.0,1.0,0.6666666666666666,0.6313486207627236,0.9254559364342342,0.7784022785984789,0.0,0.0,0.9545454545454546,0.9545454545454546,52.0,0.0,0.0,0.06899287148694999,26.0,0.0,0.0,0.01709443335929975,0.0
gtzan/gtzan_pop_00058/track.npy,gtzan,0.9879518072289156,0.8267174075897199,0.8267174075897199,0.8267174075897199,0.9761904761904762,0.9761904761904762,0.9761904761904762,0.9761904761904762,1.0,0.8610208147925056,0.8610208147925056,0.8610208147925056,1.0,1.0,1.0,1.0,50.0,0.0,0.0,0.0666913744986753,12.0,0.0,0.0,0.004489820851539364,0.0
gtzan/gtzan_pop_00059/track.npy,gtzan,1.0,0.9090512958524505,0.9090512958524505,0.9090512958524505,1.0,1.0,1.0,1.0,0.9090909090909091,0.8374714555630883,0.8374714555630883,0.8374714555630883,0.5,0.6666666666666666,0.5,0.6666666666666666,45.0,0.0,0.0,0.05884050002293223,14.0,0.0,0.0,0.6964929208793277,0.0
gtzan/gtzan_pop_00060/track.npy,gtzan,0.926829268292683,0.816907322984525,0.816907322984525,0.816907322984525,0.9512195121951219,0.9512195121951219,0.9512195121951219,0.9512195121951219,0.8333333333333333,0.6916005325637086,0.7247088030064327,0.7081546677850706,0.2857142857142857,0.35714285714285715,0.3684210526315789,0.47368421052631576,49.0,0.0,0.0,0.06669137449866891,16.0,0.0,0.0,0.6931471805599453,0.0
gtzan/gtzan_pop_00061/track.npy,gtzan,1.0,0.9602201670039532,0.9602201670039532,0.9602201670039532,1.0,1.0,1.0,1.0,0.6666666666666666,0.6465298167543906,0.94065432609975,0.7935920714270703,0.0,0.0,0.95,0.95,48.0,0.0,0.0,0.06403398009851174,24.0,0.0,0.0,0.03096128046617282,0.0
gtzan/gtzan_pop_00062/track.npy,gtzan,0.9565217391304348,0.606826475443751,0.606826475443751,0.606826475443751,0.8611111111111112,0.8611111111111112,0.8611111111111112,0.8611111111111112,0.6399999999999999,0.3662489628815886,0.4701394150015927,0.41819418894159066,0.058823529411764705,0.058823529411764705,0.7647058823529411,0.7647058823529411,43.0,0.0,0.0,0.10821358464023523,21.0,0.0,0.0,0.7079307660976637,0.0
gtzan/gtzan_pop_00063/track.npy,gtzan,0.3950617283950617,0.3184220235031384,0.47712735428709036,0.39777468889511436,0.01818181818181818,0.03636363636363636,0.07272727272727272,0.3090909090909091,0.3448275862068965,0.3284731996825419,0.39913581884651145,0.3638045092645267,0.0,0.0,0.13636363636363635,0.4090909090909091,68.0,0.0,0.07462686567164178,1.15740604032669,27.0,0.0,0.038461538461538464,2.213225110701561,0.0
gtzan/gtzan_pop_00064/track.npy,gtzan,0.6857142857142857,0.5627340286500172,0.5627340286500172,0.5627340286500172,0.12962962962962962,0.42592592592592593,0.12962962962962962,0.42592592592592593,0.46511627906976744,0.420363135032309,0.4756115419621908,0.4479873384972499,0.03571428571428571,0.07142857142857142,0.27586206896551724,0.3103448275862069,62.0,0.01639344262295082,0.11475409836065574,1.5163335196779202,33.0,0.0,0.0,1.1517252596352374,0.0
gtzan/gtzan_pop_00065/track.npy,gtzan,0.6666666666666666,0.5930881980640891,0.8510079241208522,0.7220480610924707,0.0,0.0,0.9791666666666666,0.9791666666666666,0.5454545454545454,0.4961945753527305,0.7378126364339197,0.617003605893325,0.0,0.0,0.1875,0.4375,58.0,0.0,0.0,0.11444227289434775,18.0,0.0,0.0,1.3886867238739298,0.0
gtzan/gtzan_pop_00066/track.npy,gtzan,1.0,0.9678279609956286,0.9678279609956286,0.9678279609956286,1.0,1.0,1.0,1.0,0.8181818181818181,0.795485581007038,0.848958091370827,0.8222218361889325,0.23076923076923078,0.3076923076923077,0.29411764705882354,0.5294117647058824,41.0,0.0,0.0,0.054067221270276154,17.0,0.0,0.0,0.6951949700810667,0.0
gtzan/gtzan_pop_00067/track.npy,gtzan,1.0,0.9330164571124142,0.9330164571124142,0.9330164571124142,1.0,1.0,1.0,1.0,0.6857142857142856,0.6328662162442664,0.9322066830648955,0.782536449654581,0.0,0.0,1.0,1.0,57.0,0.0,0.0,0.03774032798285287,28.0,0.0,0.0,0.01904819497069666,0.0
gtzan/gtzan_pop_00068/track.npy,gtzan,0.6506024096385542,0.5437378136789088,0.8503802441950779,0.6970590289369933,0.0,0.0,0.5535714285714286,0.8928571428571429,0.4,0.3271311077112982,0.5214161603472416,0.4242736340292699,0.0,0.0,0.03571428571428571,0.07142857142857142,67.0,0.0,0.015151515151515152,0.5616545059534448,35.0,0.0,0.0,1.2453746260875795,0.0
gtzan/gtzan_pop_00069/track.npy,gtzan,1.0,0.9290322323003813,0.9290322323003813,0.9290322323003813,1.0,1.0,1.0,1.0,1.0,0.9446741196282035,0.9446741196282035,0.9446741196282035,1.0,1.0,1.0,1.0,53.0,0.0,0.0,0.035091319811275556,13.0,0.0,0.0,0.00881062968215629,0.0
gtzan/gtzan_pop_00070/track.npy,gtzan,1.0,0.9590863519229604,0.9590863519229604,0.9590863519229604,1.0,1.0,1.0,1.0,0.6666666666666666,0.6527326082256589,0.6527326082256589,0.6527326082256589,0.0,0.0,0.0,0.0,62.0,0.0,0.0,0.12783337150989005,32.0,0.0,0.0,1.148758230259688,0.0
gtzan/gtzan_pop_00071/track.npy,gtzan,1.0,0.9432954866540457,0.9432954866540457,0.9432954866540457,1.0,1.0,1.0,1.0,0.6857142857142856,0.6485666258368931,0.9534849746740496,0.8010258002554713,0.0,0.0,1.0,1.0,57.0,0.0,0.0,0.03774032798285287,28.0,0.0,0.0,0.01904819497069666,0.0
gtzan/gtzan_pop_00072/track.npy,gtzan,1.0,0.8727001999704312,0.8727001999704312,0.8727001999704312,1.0,1.0,1.0,1.0,0.6285714285714286,0.538459730194975,0.8260494769094532,0.6822546035522141,0.0,0.0,0.9565217391304348,0.9565217391304348,58.0,0.0,0.0,0.0894777896692463,28.0,0.0,0.0,0.07228800788309037,0.0
gtzan/gtzan_pop_00073/track.npy,gtzan,1.0,0.9338662123474863,0.9338662123474863,0.9338662123474863,1.0,1.0,1.0,1.0,0.787878787878788,0.7329045514426945,0.822290641827672,0.7775975966351832,0.2,0.25,0.52,0.6,64.0,0.0,0.0,0.04255961441879885,26.0,0.0,0.0,0.6899891691802685,0.0
gtzan/gtzan_pop_00074/track.npy,gtzan,1.0,0.9365667438307185,0.9365667438307185,0.9365667438307185,1.0,1.0,1.0,1.0,0.6399999999999999,0.6179477814232286,0.909819586543123,0.7638836839831757,0.0,0.0,0.8823529411764706,0.8823529411764706,42.0,0.0,0.0,0.05556985115481095,21.0,0.0,0.0,0.027437033180010128,0.0
gtzan/gtzan_pop_00075/track.npy,gtzan,1.0,0.9539751778843845,0.9539751778843845,0.9539751778843845,1.0,1.0,1.0,1.0,0.6896551724137931,0.664044681707741,0.9502894746138646,0.8071670781608028,0.0,0.0,1.0,1.0,47.0,0.0,0.0,0.05636602524798302,23.0,0.0,0.0,0.0312525435041037,0.0
gtzan/gtzan_pop_00076/track.npy,gtzan,0.3835616438356165,0.30803048668069627,0.3394173672570652,0.32372392696888075,0.0,0.0,0.04,0.12,0.07692307692307691,0.03857071931023997,0.15126616075179766,0.09491844003101882,0.0,0.0,0.05,0.05,61.0,0.05,0.1,1.592880147228598,26.0,0.0,0.0,1.4354356562246637,0.0
gtzan/gtzan_pop_00077/track.npy,gtzan,1.0,0.9745870772430552,0.9745870772430552,0.9745870772430552,1.0,1.0,1.0,1.0,0.9565217391304348,0.9324825045099487,0.9324825045099487,0.9324825045099487,0.5833333333333334,0.8333333333333334,0.5833333333333334,0.8333333333333334,56.0,0.0,0.0,0.07410797215372678,15.0,0.0,0.0,0.6968338426019148,0.0
gtzan/gtzan_pop_00078/track.npy,gtzan,1.0,0.9460574865865279,0.9460574865865279,0.9460574865865279,1.0,1.0,1.0,1.0,0.6875000000000001,0.656923668522045,0.9053014611163392,0.7811125648191921,0.047619047619047616,0.047619047619047616,0.5714285714285714,0.9047619047619048,53.0,0.0,0.0,0.05204209564911427,26.0,0.0,0.0,0.5944388014476426,0.0
gtzan/gtzan_pop_00079/track.npy,gtzan,1.0,0.8667572166363289,0.8667572166363289,0.8667572166363289,1.0,1.0,1.0,1.0,0.6857142857142856,0.6037865532270519,0.9055115549910187,0.7546490541090353,0.0,0.0,1.0,1.0,56.0,0.0,0.0,0.11332868530700145,28.0,0.0,0.0,0.05150218198399439,0.0
gtzan/gtzan_pop_00080/track.npy,gtzan,1.0,0.7820341326990647,0.7820341326990647,0.7820341326990647,1.0,1.0,1.0,1.0,0.846153846153846,0.5941208093113869,0.6314147613199914,0.6127677853156892,0.2,0.4666666666666667,0.2857142857142857,0.4666666666666667,55.0,0.0,0.0,0.14842000511827347,18.0,0.0,0.0,0.6886019816637212,0.0
gtzan/gtzan_pop_00081/track.npy,gtzan,0.8823529411764706,0.7813507139498281,0.7813507139498281,0.7813507139498281,0.21052631578947367,0.5526315789473685,0.21052631578947367,0.5526315789473685,0.6956521739130436,0.6028915683367366,0.8544105137569719,0.7286510410468543,0.0,0.0,1.0,1.0,46.0,0.022222222222222223,0.044444444444444446,1.1099305278833975,19.0,0.0,0.05555555555555555,0.48575057563696317,0.0
gtzan/gtzan_pop_00082/track.npy,gtzan,0.9906542056074767,0.9425705547516187,0.9425705547516187,0.9425705547516187,0.9814814814814815,0.9814814814814815,0.9814814814814815,0.9814814814814815,0.8387096774193548,0.8214301171016457,0.8214301171016457,0.8214301171016457,0.3333333333333333,0.4444444444444444,0.3333333333333333,0.4444444444444444,64.0,0.0,0.0,0.08338160893905301,21.0,0.0,0.0,0.6931471805599436,0.0
gtzan/gtzan_pop_00083/track.npy,gtzan,1.0,0.9816371240909961,0.9816371240909961,0.9816371240909961,1.0,1.0,1.0,1.0,0.6666666666666666,0.6575710315149988,0.9679400977261948,0.8127555646205968,0.0,0.0,0.9615384615384616,0.9615384615384616,62.0,0.0,0.0,0.08338160893904922,31.0,0.0,0.0,0.02061928720273892,0.0
gtzan/gtzan_pop_00084/track.npy,gtzan,1.0,0.860334129919553,0.860334129919553,0.860334129919553,1.0,1.0,1.0,1.0,0.9523809523809523,0.7820360762025703,0.7820360762025703,0.7820360762025703,0.45454545454545453,0.8181818181818182,0.45454545454545453,0.8181818181818182,50.0,0.0,0.0,0.03390155167568284,13.0,0.0,0.0,0.6848825295843398,0.0
gtzan/gtzan_pop_00085/track.npy,gtzan,1.0,0.9167852766999445,0.9167852766999445,0.9167852766999445,1.0,1.0,1.0,1.0,0.4375,0.40953469906299006,0.7998027016911923,0.6046687003770912,0.0,0.0,0.3157894736842105,0.52,60.0,0.0,0.0,0.08004270767354893,22.0,0.0,0.0,0.7133498878774643,0.0
gtzan/gtzan_pop_00086/track.npy,gtzan,1.0,0.9622116134378264,0.9622116134378264,0.9622116134378264,1.0,1.0,1.0,1.0,0.6666666666666666,0.6326867729835749,0.942461441222504,0.7875741071030394,0.0,0.0,0.9642857142857143,0.9642857142857143,67.0,0.0,0.0,0.044451762570840825,34.0,0.0,0.0,0.03165669906821206,0.0
gtzan/gtzan_pop_00087/track.npy,gtzan,1.0,0.797413470371213,0.797413470371213,0.797413470371213,1.0,1.0,1.0,1.0,1.0,0.7889511573709321,0.7889511573709321,0.7889511573709321,1.0,1.0,1.0,1.0,51.0,0.0,0.0,0.03390155167568665,13.0,0.0,0.0,0.008510689667908966,0.0
gtzan/gtzan_pop_00088/track.npy,gtzan,1.0,0.8830809584335861,0.8830809584335861,0.8830809584335861,1.0,1.0,1.0,1.0,0.9090909090909091,0.7790210187943413,0.7790210187943413,0.7790210187943413,0.75,0.75,0.75,0.75,50.0,0.0,0.0,0.055214936510620684,14.0,0.0,0.0,0.3164805728000557,0.0
gtzan/gtzan_pop_00089/track.npy,gtzan,1.0,0.9099165469052359,0.9099165469052359,0.9099165469052359,1.0,1.0,1.0,1.0,0.7857142857142858,0.7211976020537463,0.8177751531644045,0.7694863776090755,0.17647058823529413,0.29411764705882354,0.38095238095238093,0.5714285714285714,50.0,0.0,0.0,0.03390155167568105,19.0,0.0,0.0,0.6898140044868096,0.0
gtzan/gtzan_pop_00090/track.npy,gtzan,1.0,0.8016083286370046,0.8016083286370046,0.8016083286370046,1.0,1.0,1.0,1.0,1.0,0.8009483230249154,0.8009483230249154,0.8009483230249154,1.0,1.0,1.0,1.0,51.0,0.0,0.0,0.06669137449867311,13.0,0.0,0.0,0.008510689667908633,0.0
gtzan/gtzan_pop_00091/track.npy,gtzan,1.0,0.9337066836013452,0.9337066836013452,0.9337066836013452,1.0,1.0,1.0,1.0,0.6666666666666666,0.6504492697028929,0.9481274108888468,0.7992883402958698,0.0,0.0,0.9583333333333334,0.9583333333333334,58.0,0.0,0.0,0.07696104113612778,28.0,0.0,0.0,0.5317995224247454,0.0
gtzan/gtzan_pop_00092/track.npy,gtzan,1.0,0.8975339444279954,0.8975339444279954,0.8975339444279954,1.0,1.0,1.0,1.0,0.846153846153846,0.7896060615257663,0.7896060615257663,0.7896060615257663,0.2,0.4666666666666667,0.2,0.4666666666666667,55.0,0.0,0.0,0.08979625741503511,19.0,0.0,0.0,0.6949571476639298,0.0
gtzan/gtzan_pop_00093/track.npy,gtzan,1.0,0.9681905914825334,0.9681905914825334,0.9681905914825334,1.0,1.0,1.0,1.0,0.717948717948718,0.6954585227998283,0.8961030038869858,0.7957807633434071,0.08,0.12,0.4444444444444444,0.7777777777777778,67.0,0.0,0.0,0.044451762570840825,29.0,0.0,0.0,0.7088781796563863,0.0
gtzan/gtzan_pop_00094/track.npy,gtzan,1.0,0.907833598463572,0.907833598463572,0.907833598463572,1.0,1.0,1.0,1.0,0.6666666666666666,0.6241324279790956,0.8641357186142476,0.7441340732966717,0.0,0.0,0.9375,0.9375,38.0,0.0,0.0,0.050010420574662096,19.0,0.0,0.0,0.025001302205417852,0.0
gtzan/gtzan_pop_00095/track.npy,gtzan,1.0,0.9016289486917447,0.9016289486917447,0.9016289486917447,1.0,1.0,1.0,1.0,1.0,0.874318543860015,0.874318543860015,0.874318543860015,1.0,1.0,1.0,1.0,53.0,0.0,0.0,0.035091319811275556,14.0,0.0,0.0,0.008733679968755048,0.0
gtzan/gtzan_pop_00096/track.npy,gtzan,1.0,0.9243127403632455,0.9243127403632455,0.9243127403632455,1.0,1.0,1.0,1.0,0.7407407407407407,0.6885614009029815,0.8737913938912543,0.7811763973971179,0.11764705882352941,0.11764705882352941,0.6842105263157895,0.7894736842105263,46.0,0.0,0.0,0.06062462181643466,21.0,0.0,0.0,0.679613090931859,0.0
gtzan/gtzan_pop_00097/track.npy,gtzan,1.0,0.8337782785917234,0.8337782785917234,0.8337782785917234,1.0,1.0,1.0,1.0,1.0,0.7706020495637611,0.7706020495637611,0.7706020495637611,1.0,1.0,1.0,1.0,50.0,0.0,0.0,0.032789822822996084,12.0,0.0,0.0,0.008230499136516444,0.0
gtzan/gtzan_pop_00098/track.npy,gtzan,1.0,0.9116360019499066,0.9116360019499066,0.9116360019499066,1.0,1.0,1.0,1.0,0.8275862068965517,0.7651743437393159,0.7651743437393159,0.7651743437393159,0.4117647058823529,0.4117647058823529,0.4117647058823529,0.4117647058823529,57.0,0.0,0.0,0.07696104113612678,22.0,0.0,0.0,0.05323161680096618,0.0
gtzan/gtzan_pop_00099/track.npy,gtzan,1.0,0.9155845266579009,0.9155845266579009,0.9155845266579009,1.0,1.0,1.0,1.0,0.6399999999999999,0.5927987464691661,0.8761513217859395,0.7344750341275528,0.0,0.0,0.8823529411764706,0.8823529411764706,39.0,0.0,0.0,0.05264373348542198,20.0,0.0,0.0,0.013245226750020364,0.0
gtzan/gtzan_reggae_00000/track.npy,gtzan,1.0,0.93704054965614,0.93704054965614,0.93704054965614,1.0,1.0,1.0,1.0,0.5945945945945945,0.5656049747557012,0.8744011580819394,0.7200030664188203,0.0,0.0,0.48,0.8,62.0,0.0,0.0,0.0408219945202581,30.0,0.0,0.0,0.6931471805599467,0.0
gtzan/gtzan_reggae_00001/track.npy,gtzan,0.6666666666666667,0.6067584384862171,0.8569527248025703,0.7318555816443937,0.06557377049180328,0.06557377049180328,0.8253968253968254,0.8571428571428571,0.4,0.37233777976034343,0.5557908713467868,0.46406432555356514,0.0,0.0,0.0625,0.09375,74.0,0.0,0.0,0.15415067982725628,39.0,0.0,0.0,0.7449952603240374,0.0
gtzan/gtzan_reggae_00002/track.npy,gtzan,0.6666666666666666,0.6291701043334715,0.9437551564372013,0.7864626303853364,0.0,0.0,1.0,1.0,0.9523809523809523,0.8954249467696078,0.8954249467696078,0.8954249467696078,0.5,0.8181818181818182,0.5,0.8181818181818182,52.0,0.0,0.0,0.035091319811275556,24.0,0.0,0.0,0.6519889707295473,0.0
gtzan/gtzan_reggae_00003/track.npy,gtzan,0.991869918699187,0.9008151038071713,0.9008151038071713,0.9008151038071713,0.9838709677419355,0.9838709677419355,0.9838709677419355,0.9838709677419355,0.0,2.0067827159908537e-84,0.8573406085369308,0.4286703042684654,0.0,0.0,0.9333333333333333,0.9333333333333333,75.0,0.0,0.0,0.10008345855698283,20.0,0.0,0.0,0.6845809798566872,0.0
gtzan/gtzan_reggae_00004/track.npy,gtzan,0.9807692307692307,0.9233346596649087,0.9233346596649087,0.9233346596649087,0.9807692307692307,0.9807692307692307,0.9807692307692307,0.9807692307692307,0.4262295081967213,0.40357089615200176,0.6504281080098658,0.5269995020809338,0.0,0.0,0.020833333333333332,0.08333333333333333,63.0,0.0,0.0,0.08338160893905111,56.0,0.0,0.0,0.7137664677626782,0.0
gtzan/gtzan_reggae_00005/track.npy,gtzan,1.0,0.9706403042782914,0.9706403042782914,0.9706403042782914,1.0,1.0,1.0,1.0,0.5652173913043479,0.5478945972334207,0.8878536047323086,0.7178741009828646,0.0,0.0,0.3870967741935484,0.8064516129032258,79.0,0.0,0.0,0.105360515657833,36.0,0.0,0.0,0.7062192621272981,0.0
gtzan/gtzan_reggae_00006/track.npy,gtzan,0.9919999999999999,0.9588135573511886,0.9588135573511886,0.9588135573511886,0.9841269841269841,0.9841269841269841,0.9841269841269841,0.9841269841269841,0.6511627906976744,0.6359876081987428,0.9072176754826395,0.7716026418406912,0.07407407407407407,0.1111111111111111,0.3548387096774194,0.7096774193548387,76.0,0.0,0.0,0.10008345855698919,33.0,0.0,0.0,0.6995166934486616,0.0
gtzan/gtzan_reggae_00007/track.npy,gtzan,0.9841269841269841,0.928734312691023,0.928734312691023,0.928734312691023,0.96875,0.96875,0.96875,0.96875,0.7272727272727273,0.694757001224429,0.9071103178550269,0.800933659539728,0.03571428571428571,0.10714285714285714,0.41935483870967744,0.8064516129032258,76.0,0.0,0.0,0.15415067982725875,34.0,0.0,0.0,0.6792223861685907,0.0
gtzan/gtzan_reggae_00008/track.npy,gtzan,0.71875,0.6625029123363726,0.8317103629916563,0.7471066376640145,0.13580246913580246,0.16049382716049382,0.3617021276595745,0.7021276595744681,0.588235294117647,0.509104444250163,0.7017991849845459,0.6054518146173544,0.16666666666666666,0.23333333333333334,0.16666666666666666,0.4146341463414634,55.0,0.0,0.0,0.718962589014972,37.0,0.0,0.0,0.7646386574625529,0.0
gtzan/gtzan_reggae_00009/track.npy,gtzan,1.0,0.9048924062335674,0.9048924062335674,0.9048924062335674,1.0,1.0,1.0,1.0,0.6938775510204082,0.6205458128953234,0.8812082457009692,0.7508770292981464,0.03125,0.03125,0.7575757575757576,0.9393939393939394,79.0,0.0,0.0,0.21130909366720707,37.0,0.0,0.0,0.7009398264809228,0.0
gtzan/gtzan_reggae_00010/track.npy,gtzan,1.0,0.9187371695643897,0.9187371695643897,0.9187371695643897,1.0,1.0,1.0,1.0,0.8275862068965517,0.7876544273947536,0.7876544273947536,0.7876544273947536,0.29411764705882354,0.47058823529411764,0.29411764705882354,0.47058823529411764,58.0,0.0,0.0,0.11332868530700266,20.0,0.0,0.0,0.7136038365831169,0.0
gtzan/gtzan_reggae_00011/track.npy,gtzan,1.0,0.900659797036432,0.900659797036432,0.900659797036432,1.0,1.0,1.0,1.0,0.2745098039215686,0.24614317322552542,0.3063572532486106,0.276250213237068,0.0,0.0,0.0,0.0,63.0,0.0,0.0,0.04255961441880263,45.0,0.0,0.0,0.7314508335368591,0.0
gtzan/gtzan_reggae_00012/track.npy,gtzan,0.6707317073170732,0.6099663403534183,0.909402807015087,0.7596845736842527,0.0,0.0,1.0,1.0,0.28571428571428575,0.2773672143565636,0.7413634469365189,0.5093653306465412,0.027777777777777776,0.027777777777777776,0.19444444444444445,0.4722222222222222,66.0,0.0,0.0,0.08701137698962733,40.0,0.0,0.0,0.6931471805599414,0.0
gtzan/gtzan_reggae_00013/track.npy,gtzan,0.9902912621359222,0.9288069246136724,0.9288069246136724,0.9288069246136724,0.9807692307692307,0.9807692307692307,0.9807692307692307,0.9807692307692307,0.5909090909090909,0.541585513785668,0.833260507592592,0.6874230106891299,0.0,0.0,0.25806451612903225,0.6451612903225806,63.0,0.0,0.0,0.08338160893905111,39.0,0.0,0.0,0.7424810979639594,0.0
gtzan/gtzan_reggae_00014/track.npy,gtzan,0.9908256880733944,0.7815187647174475,0.7815187647174475,0.7815187647174475,0.9818181818181818,0.9818181818181818,0.9818181818181818,0.9818181818181818,0.1935483870967742,0.17471591882737508,0.7782216538067527,0.4764687863170639,0.0,0.0,0.5294117647058824,0.6470588235294118,66.0,0.0,0.0,0.0870113769896318,20.0,0.0,0.0,0.6964440165677634,0.0
gtzan/gtzan_reggae_00015/track.npy,gtzan,1.0,0.9567635986449696,0.9567635986449696,0.9567635986449696,1.0,1.0,1.0,1.0,0.0,4.460767002397207e-30,0.21844838924036064,0.10922419462018032,0.0,0.0,0.0,0.0,63.0,0.0,0.0,0.08338160893904922,28.0,0.0,0.0,1.0951157281744224,0.0
gtzan/gtzan_reggae_00016/track.npy,gtzan,0.9914529914529915,0.9534818612318203,0.9534818612318203,0.9534818612318203,0.9830508474576272,0.9830508474576272,0.9830508474576272,0.9830508474576272,0.5217391304347825,0.5097334210963629,0.5097334210963629,0.5097334210963629,0.0,0.0,0.09375,0.125,71.0,0.0,0.0,0.09531017980433143,37.0,0.0,0.0,1.1709609057131793,0.0
gtzan/gtzan_reggae_00017/track.npy,gtzan,0.9904761904761905,0.802095152030821,0.802095152030821,0.802095152030821,0.9811320754716981,0.9811320754716981,0.9811320754716981,0.9811320754716981,0.0,5.7289693271175185e-27,0.4436512625657847,0.22182563128289234,0.0,0.0,0.0,0.0,64.0,0.0,0.0,0.08338160893905101,40.0,0.0,0.0,1.1411719030869025,0.0
gtzan/gtzan_reggae_00018/track.npy,gtzan,0.9922480620155039,0.9399155952315076,0.9399155952315076,0.9399155952315076,0.9846153846153847,0.9846153846153847,0.9846153846153847,0.9846153846153847,0.4,0.376838539701354,0.7843422059163384,0.5805903728088462,0.0,0.0,0.3548387096774194,0.4838709677419355,78.0,0.0,0.0,0.11755805670019018,30.0,0.0,0.0,0.697127841886156,0.0
gtzan/gtzan_reggae_00019/track.npy,gtzan,0.9917355371900827,0.9243870535550649,0.9243870535550649,0.9243870535550649,0.9836065573770492,0.9836065573770492,0.9836065573770492,0.9836065573770492,0.8823529411764706,0.8047808094330015,0.8047808094330015,0.8047808094330015,0.2631578947368421,0.631578947368421,0.2631578947368421,0.631578947368421,74.0,0.0,0.0,0.09745815524302744,24.0,0.0,0.0,0.7046624730656729,0.0
gtzan/gtzan_reggae_00020/track.npy,gtzan,0.9906542056074767,0.9235544035679839,0.9235544035679839,0.9235544035679839,0.9814814814814815,0.9814814814814815,0.9814814814814815,0.9814814814814815,0.65,0.6094036232110117,0.9043369380754075,0.7568702806432096,0.0,0.0,0.9259259259259259,0.9259259259259259,65.0,0.0,0.0,0.04255961441880263,33.0,0.0,0.0,0.02174255596987282,0.0
gtzan/gtzan_reggae_00021/track.npy,gtzan,1.0,0.7998672026878421,0.7998672026878421,0.7998672026878421,0.8615384615384616,0.9846153846153847,0.8615384615384616,0.9846153846153847,0.358974358974359,0.28853567614309217,0.6148178010988835,0.45167673862098784,0.0,0.0,0.25806451612903225,0.45161290322580644,78.0,0.0,0.0,0.15415067982725278,26.0,0.0,0.0,0.7042584498921968,0.0
gtzan/gtzan_reggae_00022/track.npy,gtzan,0.991869918699187,0.9272136584718792,0.9272136584718792,0.9272136584718792,0.9838709677419355,0.9838709677419355,0.9838709677419355,0.9838709677419355,0.0,2.5010265213631055e-17,3.0138798127909907e-17,2.7574531670770482e-17,0.0,0.0,0.0,0.0,75.0,0.0,0.0,0.04879016416943971,38.0,0.0,0.0,0.02469261259037539,0.0
gtzan/gtzan_reggae_00023/track.npy,gtzan,1.0,0.9264387991292438,0.9264387991292438,0.9264387991292438,1.0,1.0,1.0,1.0,0.5405405405405405,0.5053917311117307,0.8641204396472214,0.6847560853794761,0.0,0.0,0.3333333333333333,0.7037037037037037,65.0,0.0,0.0,0.08701137698962733,29.0,0.0,0.0,0.6931471805599464,0.0
gtzan/gtzan_reggae_00024/track.npy,gtzan,0.9824561403508771,0.874469642746554,0.874469642746554,0.874469642746554,0.9655172413793104,0.9655172413793104,0.9655172413793104,0.9655172413793104,0.6511627906976745,0.553814605479003,0.8467211973029812,0.700267901390992,0.0,0.0,0.9310344827586207,0.9310344827586207,70.0,0.0,0.0,0.0953101798043263,35.0,0.0,0.0,0.04652001563489394,0.0
gtzan/gtzan_reggae_00025/track.npy,gtzan,0.98989898989899,0.8979534141752266,0.8979534141752266,0.8979534141752266,0.98,0.98,0.98,0.98,0.36363636363636365,0.3480864886082724,0.6816864921938378,0.514886490401055,0.0,0.0,0.23809523809523808,0.43478260869565216,60.0,0.0,0.0,0.0800427076735371,26.0,0.0,0.0,0.6901767864655184,0.0
gtzan/gtzan_reggae_00026/track.npy,gtzan,0.9913043478260869,0.8739257417907106,0.8739257417907106,0.8739257417907106,0.9827586206896551,0.9827586206896551,0.9827586206896551,0.9827586206896551,0.6511627906976745,0.6031935400094816,0.9046485750744103,0.7539210575419459,0.0,0.0,0.9310344827586207,0.9310344827586207,69.0,0.0,0.0,0.13976194237515582,35.0,0.0,0.0,0.046520015634893525,0.0
gtzan/gtzan_reggae_00027/track.npy,gtzan,0.9824561403508771,0.9045609707413762,0.9045609707413762,0.9045609707413762,0.9824561403508771,0.9824561403508771,0.9824561403508771,0.9824561403508771,0.6511627906976745,0.6028632929047265,0.8635533377469737,0.7332083153258502,0.0,0.0,0.41379310344827586,0.8275862068965517,68.0,0.0,0.0,0.04600295236887908,37.0,0.0,0.0,0.715620036412003,0.0
gtzan/gtzan_reggae_00028/track.npy,gtzan,0.7962962962962964,0.76080400042522,0.8256679919986493,0.7932359962119346,0.09230769230769231,0.3384615384615385,0.16279069767441862,0.5116279069767442,1.0,0.9702167711732209,0.9702167711732209,0.9702167711732209,1.0,1.0,1.0,1.0,50.0,0.0,0.0,0.7731898882334819,20.0,0.0,0.0,0.015007592292740672,0.0
gtzan/gtzan_reggae_00029/track.npy,gtzan,1.0,0.9233531732310745,0.9233531732310745,0.9233531732310745,1.0,1.0,1.0,1.0,0.5161290322580645,0.4827490635232798,0.6325707945907774,0.5576599290570285,0.0,0.0,0.06521739130434782,0.17391304347826086,75.0,0.0,0.0,0.10008345855698667,55.0,0.0,0.0,1.0986122886681082,0.0
gtzan/gtzan_reggae_00030/track.npy,gtzan,1.0,0.8886468135170728,0.8886468135170728,0.8886468135170728,1.0,1.0,1.0,1.0,0.411764705882353,0.3878329033247336,0.5562684766305414,0.47205068997763744,0.0,0.0,0.018867924528301886,0.07547169811320754,76.0,0.0,0.0,0.20067069546214922,64.0,0.0,0.0,0.744440474947497,0.0
gtzan/gtzan_reggae_00031/track.npy,gtzan,0.7307692307692308,0.679045210373351,0.8652074324745846,0.7721263214239678,0.06060606060606061,0.15151515151515152,0.34210526315789475,0.7368421052631579,0.9411764705882353,0.9166367560869529,0.9166367560869529,0.9166367560869529,0.4444444444444444,0.7777777777777778,0.4444444444444444,0.7777777777777778,48.0,0.0,0.0,0.7472144018302239,24.0,0.0,0.0,1.4369959599891524,0.0
gtzan/gtzan_reggae_00032/track.npy,gtzan,0.9682539682539683,0.9169079938994925,0.9169079938994925,0.9169079938994925,0.9682539682539683,0.9682539682539683,0.9682539682539683,0.9682539682539683,0.4761904761904763,0.44215572048326,0.44215572048326,0.44215572048326,0.0,0.0,0.02127659574468085,0.02127659574468085,78.0,0.025974025974025976,0.025974025974025976,0.5827931374614894,62.0,0.03278688524590164,0.03278688524590164,1.3249827660391975,0.0
gtzan/gtzan_reggae_00033/track.npy,gtzan,0.9863013698630138,0.953154980504412,0.953154980504412,0.953154980504412,0.972972972972973,0.972972972972973,0.972972972972973,0.972972972972973,0.5161290322580644,0.4988993877734007,0.4988993877734007,0.4988993877734007,0.0,0.0,0.0,0.0,45.0,0.0,0.0,0.028987536873256725,27.0,0.0,0.0,1.1160979923428636,0.0
gtzan/gtzan_reggae_00034/track.npy,gtzan,0.6722689075630253,0.6450236790002022,0.9594727225120616,0.8022482007561319,0.0,0.0,1.0,1.0,1.0,0.9502182217192672,0.9502182217192672,0.9502182217192672,1.0,1.0,1.0,1.0,47.0,0.0,0.0,0.05636602524798302,24.0,0.0,0.0,0.030477334177305637,0.0
gtzan/gtzan_reggae_00035/track.npy,gtzan,1.0,0.8849477074725807,0.8849477074725807,0.8849477074725807,1.0,1.0,1.0,1.0,0.1111111111111111,0.10938953988433278,0.8464440809599418,0.4779168104221373,0.0,0.0,0.42105263157894735,0.7368421052631579,82.0,0.0,0.0,0.1629854958692242,23.0,0.0,0.0,0.7205461547480592,0.0
gtzan/gtzan_reggae_00036/track.npy,gtzan,0.6545454545454545,0.5851366650833657,0.869797745388477,0.7274672052359213,0.0,0.0,0.972972972972973,0.972972972972973,0.8095238095238096,0.7087142302946292,0.7087142302946292,0.7087142302946292,0.125,0.4583333333333333,0.14285714285714285,0.4583333333333333,44.0,0.0,0.0,0.02898753687325417,28.0,0.0,0.0,0.7185375330701734,0.0
gtzan/gtzan_reggae_00037/track.npy,gtzan,0.984375,0.9548584687104292,0.9548584687104292,0.9548584687104292,0.984375,0.984375,0.984375,0.984375,0.06060606060606061,0.059928063309771656,0.9228715433929185,0.4913998033513451,0.0,0.0,0.8823529411764706,0.8823529411764706,77.0,0.0,0.0,0.10008345855698031,21.0,0.0,0.0,0.09337464781959616,0.0
gtzan/gtzan_reggae_00038/track.npy,gtzan,1.0,0.9539861865792083,0.9539861865792083,0.9539861865792083,1.0,1.0,1.0,1.0,0.6666666666666666,0.6409564995067146,0.9311086914477409,0.7860325954772278,0.0,0.0,0.95,0.95,48.0,0.0,0.0,0.09531017980432566,24.0,0.0,0.0,0.031748698314582435,0.0
gtzan/gtzan_reggae_00039/track.npy,gtzan,0.6938775510204082,0.5169232639994334,0.714760917266215,0.6158420906328242,0.078125,0.078125,0.8529411764705882,0.8529411764705882,1.0,0.6878984884669703,0.6878984884669703,0.6878984884669703,1.0,1.0,1.0,1.0,47.0,0.0,0.0,0.14439264699337193,21.0,0.0,0.0,1.0799586527438045,0.0
gtzan/gtzan_reggae_00040/track.npy,gtzan,0.44642857142857145,0.39390253820938714,0.4599357622633137,0.4269191502363504,0.0136986301369863,0.0273972602739726,0.05194805194805195,0.18181818181818182,0.1509433962264151,0.1333082345566035,0.14916769732181454,0.141237965939209,0.0,0.0,0.06818181818181818,0.13636363636363635,92.0,0.08791208791208792,0.2857142857142857,1.269070297853321,56.0,0.01818181818181818,0.14545454545454545,1.5330348117040562,0.0
gtzan/gtzan_reggae_00041/track.npy,gtzan,1.0,0.890028367995385,0.890028367995385,0.890028367995385,1.0,1.0,1.0,1.0,0.6976744186046512,0.6248247972871929,0.8403649786678702,0.7325948879775315,0.07407407407407407,0.1111111111111111,0.3870967741935484,0.7419354838709677,73.0,0.0,0.0,0.14660347419186814,33.0,0.0,0.0,0.6746658279688522,0.0
gtzan/gtzan_reggae_00042/track.npy,gtzan,1.0,0.9292234742791508,0.9292234742791508,0.9292234742791508,1.0,1.0,1.0,1.0,0.30434782608695654,0.2880899735111166,0.6139983587017115,0.45104416610641407,0.0,0.0,0.06060606060606061,0.15151515151515152,61.0,0.0,0.0,0.09008854285630497,39.0,0.0,0.0,1.164748135919882,0.0
gtzan/gtzan_reggae_00043/track.npy,gtzan,1.0,0.8633262809558022,0.8633262809558022,0.8633262809558022,1.0,1.0,1.0,1.0,0.6037735849056604,0.5375015936009147,0.7980534148704921,0.6677775042357034,0.0,0.0,0.21621621621621623,0.7027027027027027,78.0,0.0,0.0,0.15415067982725697,44.0,0.0,0.0,0.7178238926430469,0.0
gtzan/gtzan_reggae_00044/track.npy,gtzan,0.6545454545454545,0.628124780654096,0.9464893955061685,0.7873070880801323,0.0,0.0,0.972972972972973,0.972972972972973,0.3181818181818182,0.3011879097840738,0.7680635343387535,0.5346257220614137,0.0,0.0,0.14285714285714285,0.38461538461538464,44.0,0.0,0.0,0.029852963149680556,31.0,0.0,0.0,0.6931471805599473,0.0
gtzan/gtzan_reggae_00045/track.npy,gtzan,0.7047619047619048,0.6320478221490988,0.8817990594010381,0.7569234407750685,0.058823529411764705,0.08823529411764706,0.8108108108108109,0.8378378378378378,1.0,0.9356460222535146,0.9356460222535146,0.9356460222535146,1.0,1.0,1.0,1.0,48.0,0.0,0.0,0.7700820268985615,20.0,0.0,0.0,0.02702867238791915,0.0
gtzan/gtzan_reggae_00046/track.npy,gtzan,1.0,0.8117091805653306,0.8117091805653306,0.8117091805653306,1.0,1.0,1.0,1.0,0.409090909090909,0.34351085945379994,0.6687163757092794,0.5061136175815397,0.0,0.0,0.30303030303030304,0.5454545454545454,85.0,0.0,0.0,0.1112256351102241,32.0,0.0,0.0,0.7073318155519014,0.0
gtzan/gtzan_reggae_00047/track.npy,gtzan,1.0,0.9005551679593613,0.9005551679593613,0.9005551679593613,1.0,1.0,1.0,1.0,0.0625,0.04717747512431195,0.8240271040905421,0.43560228960742703,0.0,0.0,0.4117647058823529,0.7647058823529411,73.0,0.0,0.0,0.12334346637443505,20.0,0.0,0.0,0.684535805936754,0.0
gtzan/gtzan_reggae_00048/track.npy,gtzan,0.9264705882352942,0.7906626376491532,0.7906626376491532,0.7906626376491532,0.3561643835616438,0.7397260273972602,0.3561643835616438,0.7397260273972602,0.4,0.32953162528892505,0.719585420111693,0.524558522700309,0.0,0.0,0.2571428571428571,0.4857142857142857,78.0,0.0,0.0,0.5954383507672918,32.0,0.0,0.0,0.7156597855797522,0.0
gtzan/gtzan_reggae_00049/track.npy,gtzan,0.975,0.824195326237955,0.824195326237955,0.824195326237955,0.45121951219512196,0.9390243902439024,0.45121951219512196,0.9390243902439024,0.5671641791044776,0.4911438100308514,0.6480144789059443,0.5695791444683979,0.020833333333333332,0.041666666666666664,0.10416666666666667,0.375,99.0,0.01020408163265306,0.01020408163265306,0.26826398659468675,59.0,0.0,0.0,1.1763021825430178,0.0
gtzan/gtzan_reggae_00050/track.npy,gtzan,0.6666666666666666,0.6480939418148984,0.972140912722171,0.8101174272685348,0.0,0.0,1.0,1.0,0.45454545454545453,0.4421561243762,0.7391880160401381,0.590672070208169,0.0,0.0,0.05128205128205128,0.38461538461538464,47.0,0.0,0.0,0.06252035698133346,28.0,0.0,0.0,1.1198896871153958,0.0
gtzan/gtzan_reggae_00051/track.npy,gtzan,1.0,0.987825787133488,0.987825787133488,0.987825787133488,1.0,1.0,1.0,1.0,0.6666666666666666,0.6596102342504613,0.9703969757724721,0.8150036050114666,0.0,0.0,0.9615384615384616,0.9615384615384616,64.0,0.0,0.0,0.04255961441880244,32.0,0.0,0.0,0.0330855802797694,0.0
gtzan/gtzan_reggae_00052/track.npy,gtzan,1.0,0.8618636959654871,0.8618636959654871,0.8618636959654871,1.0,1.0,1.0,1.0,0.6666666666666666,0.5823129826253369,0.7966196725427234,0.6894663275840301,0.05,0.05,0.85,0.85,50.0,0.0,0.0,0.06669137449866863,24.0,0.0,0.0,0.6601566425453245,0.0
gtzan/gtzan_reggae_00053/track.npy,gtzan,1.0,0.923325860739785,0.923325860739785,0.923325860739785,1.0,1.0,1.0,1.0,0.11764705882352941,0.10997900636645862,0.8345709208894028,0.4722749636279307,0.0,0.0,0.5,0.7777777777777778,77.0,0.0,0.0,0.14660347419187558,22.0,0.0,0.0,0.6802600068554882,0.0
gtzan/gtzan_reggae_00054/track.npy,gtzan,0.991869918699187,0.9011716480316506,0.9011716480316506,0.9011716480316506,0.9838709677419355,0.9838709677419355,0.9838709677419355,0.9838709677419355,0.06451612903225808,0.062122159128475345,0.8665001022130968,0.46431113067078605,0.0,0.0,0.625,0.8125,75.0,0.0,0.0,0.09721949130538075,21.0,0.0,0.0,0.7055697005585012,0.0
gtzan/gtzan_reggae_00055/track.npy,gtzan,0.8807339449541284,0.853757059545676,0.853757059545676,0.853757059545676,0.8727272727272727,0.8727272727272727,0.8727272727272727,0.8727272727272727,0.6153846153846153,0.5922366460590305,0.783683046889241,0.6879598464741357,0.08,0.08,0.4074074074074074,0.7407407407407407,66.0,0.0,0.0,0.08701137698963164,30.0,0.0,0.0,0.6931471805599443,0.0
gtzan/gtzan_reggae_00056/track.npy,gtzan,1.0,0.9033826619453369,0.9033826619453369,0.9033826619453369,1.0,1.0,1.0,1.0,0.5652173913043479,0.5125542824460415,0.793260910104934,0.6529075962754878,0.0,0.0,0.25806451612903225,0.8064516129032258,78.0,0.0,0.0,0.10536051565782661,35.0,0.0,0.0,0.7191226669632074,0.0
gtzan/gtzan_reggae_00057/track.npy,gtzan,0.7499999999999999,0.6929680759228208,0.8406016769438227,0.7667848764333218,0.125,0.2,0.375,0.6666666666666666,0.6530612244897959,0.5896745774317158,0.7220904645866474,0.6558825210091817,0.20689655172413793,0.2413793103448276,0.20689655172413793,0.41025641025641024,57.0,0.0,0.0,0.8266785731844695,35.0,0.0,0.0,0.8345420651232681,0.0
gtzan/gtzan_reggae_00058/track.npy,gtzan,1.0,0.9198694176561922,0.9198694176561922,0.9198694176561922,1.0,1.0,1.0,1.0,0.6046511627906976,0.548035901073,0.8083971161215339,0.6782165085972669,0.0,0.0,0.36666666666666664,0.7,62.0,0.0,0.0,0.04082199452025792,37.0,0.0,0.0,0.7198272799579365,0.0
gtzan/gtzan_reggae_00059/track.npy,gtzan,1.0,0.9552589303055913,0.9552589303055913,0.9552589303055913,1.0,1.0,1.0,1.0,0.7111111111111111,0.6902062262764713,0.9005239261193706,0.795365076197921,0.06896551724137931,0.10344827586206896,0.45161290322580644,0.8064516129032258,77.0,0.0,0.0,0.10536051565782856,36.0,0.0,0.0,0.6802437757240388,0.0
gtzan/gtzan_reggae_00060/track.npy,gtzan,1.0,0.8956547381900214,0.8956547381900214,0.8956547381900214,1.0,1.0,1.0,1.0,0.7272727272727273,0.6778639958220416,0.8025894557307137,0.7402267257763777,0.14285714285714285,0.19047619047619047,0.2608695652173913,0.6086956521739131,58.0,0.017543859649122806,0.017543859649122806,0.1268749466991134,25.0,0.0,0.0,0.7206461418454959,0.0
gtzan/gtzan_reggae_00061/track.npy,gtzan,0.8636363636363636,0.814695220635175,0.814695220635175,0.814695220635175,0.18,0.54,0.18,0.54,0.6428571428571429,0.6264286425156037,0.9224311870962654,0.7744299148059346,0.0,0.0,0.8947368421052632,0.8947368421052632,62.0,0.0,0.0,0.7271457652835819,23.0,0.0,0.0,0.03077165866675166,0.0
gtzan/gtzan_reggae_00062/track.npy,gtzan,1.0,0.9362435206873281,0.9362435206873281,0.9362435206873281,1.0,1.0,1.0,1.0,0.3684210526315789,0.34053007291424103,0.7784200382883777,0.5594750556013094,0.0,0.0,0.20689655172413793,0.4482758620689655,76.0,0.0,0.0,0.10008345855698497,28.0,0.0,0.0,0.7279462981478957,0.0
gtzan/gtzan_reggae_00063/track.npy,gtzan,0.7741935483870968,0.7363999113794455,0.8312016261643518,0.7838007687718986,0.13333333333333333,0.26666666666666666,0.3673469387755102,0.5714285714285714,0.7,0.6784380907637073,0.6784380907637073,0.6784380907637073,0.23809523809523808,0.3333333333333333,0.23809523809523808,0.3333333333333333,57.0,0.0,0.0,0.7113345671048752,26.0,0.0,0.0,1.0884599172040919,0.0
gtzan/gtzan_reggae_00064/track.npy,gtzan,0.6728971962616822,0.6433455081334251,0.9560829079205061,0.7997142080269656,0.0,0.0,1.0,1.0,0.9142857142857143,0.8927899706307557,0.8927899706307557,0.8927899706307557,0.4444444444444444,0.8333333333333334,0.4444444444444444,0.8333333333333334,43.0,0.0,0.0,0.057158413839952404,18.0,0.0,0.0,0.711185617867333,0.0
gtzan/gtzan_reggae_00065/track.npy,gtzan,0.6727272727272727,0.6358282765251428,0.945150140780606,0.7904892086528744,0.0,0.0,1.0,1.0,0.9714285714285714,0.9356904504880873,0.9356904504880873,0.9356904504880873,0.8888888888888888,0.8888888888888888,0.8888888888888888,0.8888888888888888,44.0,0.0,0.0,0.029852963149680556,21.0,0.0,0.0,0.08191028453285845,0.0
gtzan/gtzan_reggae_00066/track.npy,gtzan,1.0,0.9635042610285511,0.9635042610285511,0.9635042610285511,1.0,1.0,1.0,1.0,0.6666666666666666,0.6496817554519705,0.9452833167837483,0.7974825361178595,0.0,0.0,0.9375,0.9375,40.0,0.0,0.0,0.052643733485422006,20.0,0.0,0.0,0.013245226750021488,0.0
gtzan/gtzan_reggae_00067/track.npy,gtzan,1.0,0.9495237614229707,0.9495237614229707,0.9495237614229707,1.0,1.0,1.0,1.0,0.5714285714285714,0.548804316774831,0.8912386634691707,0.7200214901220008,0.0,0.0,0.696969696969697,0.8181818181818182,84.0,0.0,0.0,0.11745516562907368,37.0,0.0,0.0,0.6931471805599443,0.0
gtzan/gtzan_reggae_00068/track.npy,gtzan,0.9913043478260869,0.8996806418240656,0.8996806418240656,0.8996806418240656,0.9827586206896551,0.9827586206896551,0.9827586206896551,0.9827586206896551,0.6222222222222223,0.5581529878384384,0.5581529878384384,0.5581529878384384,0.03333333333333333,0.03333333333333333,0.06666666666666667,0.1,70.0,0.014492753623188406,0.014492753623188406,0.19105523676269665,38.0,0.0,0.0,1.2489752322011116,0.0
gtzan/gtzan_reggae_00069/track.npy,gtzan,1.0,0.9181983270123519,0.9181983270123519,0.9181983270123519,1.0,1.0,1.0,1.0,0.6363636363636364,0.5850534614376672,0.8712560068041865,0.7281547341209269,0.034482758620689655,0.034482758620689655,0.6896551724137931,0.8620689655172413,73.0,0.0,0.0,0.12334346637442634,34.0,0.0,0.0,0.6448799682215933,0.0
gtzan/gtzan_reggae_00070/track.npy,gtzan,0.6434782608695653,0.593227924277932,0.8510758118028713,0.7221518680404017,0.02702702702702703,0.02702702702702703,0.34146341463414637,0.7317073170731707,0.8571428571428572,0.7989547255730864,0.7989547255730864,0.7989547255730864,0.5789473684210527,0.6842105263157895,0.5789473684210527,0.6842105263157895,48.0,0.02127659574468085,0.0425531914893617,1.3456646287454406,18.0,0.0,0.0,0.7225610657662392,0.0
gtzan/gtzan_reggae_00071/track.npy,gtzan,0.6666666666666666,0.6206059557540794,0.9309089336311192,0.7757574446925992,0.0,0.0,1.0,1.0,1.0,0.9411845804444983,0.9411845804444983,0.9411845804444983,1.0,1.0,1.0,1.0,35.0,0.0,0.0,0.023530497410194667,17.0,0.0,0.0,0.023530497410194483,0.0
gtzan/gtzan_reggae_00072/track.npy,gtzan,1.0,0.9452638107798275,0.9452638107798275,0.9452638107798275,1.0,1.0,1.0,1.0,0.72,0.7002764842692207,0.9462343793733006,0.8232554318212606,0.0625,0.0625,0.7058823529411765,0.8823529411764706,42.0,0.0,0.0,0.02817087696670073,20.0,0.0,0.0,0.6861785112438515,0.0
gtzan/gtzan_reggae_00073/track.npy,gtzan,1.0,0.8762069738598492,0.8762069738598492,0.8762069738598492,1.0,1.0,1.0,1.0,0.6399999999999999,0.5816621273652047,0.845732725959782,0.7136974266624934,0.0,0.0,0.8823529411764706,0.8823529411764706,42.0,0.0,0.0,0.028170876966698358,21.0,0.0,0.0,0.015404705473937528,0.0
gtzan/gtzan_reggae_00074/track.npy,gtzan,1.0,0.8155701000948531,0.8155701000948531,0.8155701000948531,1.0,1.0,1.0,1.0,0.6399999999999999,0.49764060250715725,0.7452623191517675,0.6214514608294623,0.0,0.0,0.8823529411764706,0.8823529411764706,42.0,0.0,0.0,0.055649279289068876,21.0,0.0,0.0,0.015583259189430092,0.0
gtzan/gtzan_reggae_00075/track.npy,gtzan,0.9836065573770492,0.7761127394516638,0.7761127394516638,0.7761127394516638,0.9354838709677419,0.9516129032258065,0.9354838709677419,0.9516129032258065,0.3243243243243243,0.24840199815142627,0.633117508740292,0.44075975344585916,0.0,0.0,0.18181818181818182,0.4090909090909091,74.0,0.0136986301369863,0.0136986301369863,0.1466034741918767,25.0,0.0,0.0,0.7177802870491841,0.0
gtzan/gtzan_reggae_00076/track.npy,gtzan,1.0,0.8482990575780792,0.8482990575780792,0.8482990575780792,1.0,1.0,1.0,1.0,0.6399999999999999,0.5359063597662587,0.7564070538299466,0.6461567067981027,0.0,0.0,0.8823529411764706,0.8823529411764706,40.0,0.0,0.0,0.03056457004265445,20.0,0.0,0.0,0.026317308317372834,0.0
gtzan/gtzan_reggae_00077/track.npy,gtzan,0.991869918699187,0.9461194397667374,0.9461194397667374,0.9461194397667374,0.9838709677419355,0.9838709677419355,0.9838709677419355,0.9838709677419355,0.5306122448979592,0.5107397752871199,0.8003078687261098,0.6555238220066149,0.029411764705882353,0.029411764705882353,0.14705882352941177,0.5294117647058824,75.0,0.0,0.0,0.1466034741918767,44.0,0.0,0.0,0.7178397931503208,0.0
gtzan/gtzan_reggae_00078/track.npy,gtzan,0.9090909090909091,0.8138892485702619,0.8138892485702619,0.8138892485702619,0.21212121212121213,0.6666666666666666,0.21212121212121213,0.6666666666666666,0.6956521739130436,0.645383979924129,0.8466981377371829,0.746041058830656,0.1,0.1,0.8387096774193549,0.8387096774193549,64.0,0.0,0.0,0.7178238926430467,35.0,0.0,0.0,0.6852000445099334,0.0
gtzan/gtzan_reggae_00079/track.npy,gtzan,1.0,0.9341412956360724,0.9341412956360724,0.9341412956360724,1.0,1.0,1.0,1.0,0.6956521739130436,0.6425451877185872,0.9058688047149285,0.7742069962167578,0.03333333333333333,0.03333333333333333,0.4838709677419355,0.9354838709677419,77.0,0.0,0.0,0.10008345855698497,35.0,0.0,0.0,0.6957270344295442,0.0
gtzan/gtzan_reggae_00080/track.npy,gtzan,1.0,0.9273566709651939,0.9273566709651939,0.9273566709651939,1.0,1.0,1.0,1.0,0.9090909090909091,0.854313702637701,0.854313702637701,0.854313702637701,0.3333333333333333,0.6666666666666666,0.3333333333333333,0.6666666666666666,50.0,0.0,0.0,0.0666913744986708,14.0,0.0,0.0,0.6931471805599464,0.0
gtzan/gtzan_reggae_00081/track.npy,gtzan,1.0,0.9248891184662993,0.9248891184662993,0.9248891184662993,1.0,1.0,1.0,1.0,0.8695652173913044,0.7931344122745582,0.7931344122745582,0.7931344122745582,0.3076923076923077,0.5384615384615384,0.3157894736842105,0.5384615384615384,51.0,0.0,0.0,0.0666913744986708,16.0,0.0,0.0,0.6990296719706791,0.0
gtzan/gtzan_reggae_00082/track.npy,gtzan,1.0,0.9248891184662993,0.9248891184662993,0.9248891184662993,1.0,1.0,1.0,1.0,0.8695652173913044,0.7931344122745582,0.7931344122745582,0.7931344122745582,0.3076923076923077,0.5384615384615384,0.3157894736842105,0.5384615384615384,51.0,0.0,0.0,0.0666913744986708,16.0,0.0,0.0,0.6990296719706791,0.0
gtzan/gtzan_reggae_00083/track.npy,gtzan,0.7936507936507937,0.6708857551399781,0.6708857551399781,0.6708857551399781,0.34285714285714286,0.5714285714285714,0.34285714285714286,0.5714285714285714,0.5,0.3933426221674991,0.6557696077905875,0.5245561149790433,0.0,0.0,0.9230769230769231,0.9230769230769231,43.0,0.023809523809523808,0.023809523809523808,1.018569580994573,18.0,0.0,0.0,1.1666728461003104,0.0
gtzan/gtzan_reggae_00084/track.npy,gtzan,1.0,0.9398591536504,0.9398591536504,0.9398591536504,1.0,1.0,1.0,1.0,0.060606060606060615,0.0520989553698496,0.06140234025732274,0.05675064781358617,0.0,0.0,0.0,0.0,50.0,0.0,0.0,0.09030625632188746,26.0,0.0,0.0,0.5570214096822859,0.0
gtzan/gtzan_reggae_00085/track.npy,gtzan,1.0,0.9106054107220731,0.9106054107220731,0.9106054107220731,1.0,1.0,1.0,1.0,0.6666666666666666,0.5991611042341835,0.8675528957660026,0.7333570000000931,0.027777777777777776,0.027777777777777776,0.9166666666666666,0.9166666666666666,87.0,0.0,0.0,0.11778303565638315,46.0,0.0,0.0,0.6931471805599453,0.0
gtzan/gtzan_reggae_00087/track.npy,gtzan,1.0,0.9062744041467942,0.9062744041467942,0.9062744041467942,1.0,1.0,1.0,1.0,1.0,0.9310901817935795,0.9310901817935795,0.9310901817935795,1.0,1.0,1.0,1.0,41.0,0.0,0.0,0.05556985115481211,10.0,0.0,0.0,0.0069204428445741595,0.0
gtzan/gtzan_reggae_00088/track.npy,gtzan,1.0,0.9316161642558587,0.9316161642558587,0.9316161642558587,1.0,1.0,1.0,1.0,0.7333333333333334,0.7013725194986541,0.8608477392237868,0.7811101293612204,0.21052631578947367,0.21052631578947367,0.6666666666666666,0.6666666666666666,54.0,0.0,0.0,0.07145896398214968,21.0,0.0,0.0,0.08463450601012995,0.0
gtzan/gtzan_reggae_00089/track.npy,gtzan,0.9919999999999999,0.8681462173389063,0.8681462173389063,0.8681462173389063,0.9841269841269841,0.9841269841269841,0.9841269841269841,0.9841269841269841,0.0,1.4121596048958754e-82,0.8592862687452646,0.4296431343726323,0.0,0.0,0.875,0.875,75.0,0.0,0.0,0.14660347419187472,19.0,0.0,0.0,0.025001302205418074,0.0
gtzan/gtzan_reggae_00090/track.npy,gtzan,1.0,0.8709926476998702,0.8709926476998702,0.8709926476998702,1.0,1.0,1.0,1.0,0.06060606060606061,0.046599154541260186,0.8273904153818954,0.4369947849615778,0.0,0.0,0.8823529411764706,0.8823529411764706,77.0,0.0,0.0,0.10536051565782989,20.0,0.0,0.0,0.11114229999687056,0.0
gtzan/gtzan_reggae_00091/track.npy,gtzan,0.9917355371900827,0.9096519284485146,0.9096519284485146,0.9096519284485146,0.9836065573770492,0.9836065573770492,0.9836065573770492,0.9836065573770492,0.28571428571428575,0.275304317111032,0.7983402631234842,0.5368222901172581,0.0,0.0,0.3,0.5,74.0,0.0136986301369863,0.0136986301369863,0.14660347419187456,23.0,0.0,0.0,0.705268541092292,0.0
gtzan/gtzan_reggae_00092/track.npy,gtzan,1.0,0.8048928123999793,0.8048928123999793,0.8048928123999793,0.9836065573770492,0.9836065573770492,0.9836065573770492,0.9836065573770492,0.2777777777777778,0.19865801806012462,0.6967635612289584,0.44771078964454153,0.0,0.0,0.3,0.55,73.0,0.0,0.0,0.1199227004660684,24.0,0.0,0.0,0.7299611536826607,0.0
gtzan/gtzan_reggae_00093/track.npy,gtzan,0.9285714285714286,0.853045023898306,0.853045023898306,0.853045023898306,0.32,0.7333333333333333,0.32,0.7333333333333333,0.6909090909090909,0.6459071648652536,0.8989105790768235,0.7724088719710385,0.027777777777777776,0.05555555555555555,0.7837837837837838,0.8918918918918919,78.0,0.0,0.0,0.678450372864373,43.0,0.0,0.0,0.6931471805599453,0.0
gtzan/gtzan_reggae_00094/track.npy,gtzan,1.0,0.9420140333500081,0.9420140333500081,0.9420140333500081,1.0,1.0,1.0,1.0,0.6842105263157895,0.6501859922283189,0.9177433051224847,0.7839646486754017,0.04,0.04,0.52,0.92,64.0,0.0,0.0,0.0870113769896317,31.0,0.0,0.0,0.4411598689845787,0.0
gtzan/gtzan_reggae_00095/track.npy,gtzan,1.0,0.9657248081575248,0.9657248081575248,0.9657248081575248,1.0,1.0,1.0,1.0,0.5128205128205128,0.4927670785900827,0.7166401561390849,0.6047036173645838,0.0,0.0,0.6923076923076923,0.6923076923076923,62.0,0.0,0.0,0.04294997524120094,29.0,0.0,0.0,0.04082199452025553,0.0
gtzan/gtzan_reggae_00096/track.npy,gtzan,1.0,0.9407967396944309,0.9407967396944309,0.9407967396944309,1.0,1.0,1.0,1.0,0.5538461538461539,0.5284113513218646,0.7674140690062223,0.6479127101640434,0.02127659574468085,0.0425531914893617,0.14893617021276595,0.3829787234042553,89.0,0.0,0.0,0.1823215567939543,55.0,0.0,0.0,0.7537718023763952,0.0
gtzan/gtzan_reggae_00097/track.npy,gtzan,0.4819277108433735,0.43747394551126745,0.43747394551126745,0.43747394551126745,0.0,0.0,0.03278688524590164,0.04918032786885246,0.3125,0.2911152417690131,0.4379377279869379,0.3645264848779755,0.0,0.0,0.0,0.0,73.0,0.013888888888888888,0.013888888888888888,0.7444404749474993,32.0,0.0,0.0,1.0675654964989851,0.0
gtzan/gtzan_reggae_00098/track.npy,gtzan,0.6666666666666666,0.5729424669724531,0.8594129160471831,0.7161776915098181,0.0,0.0,1.0,1.0,0.9803921568627451,0.838889897400521,0.838889897400521,0.838889897400521,0.9230769230769231,0.9230769230769231,0.9230769230769231,0.9230769230769231,61.0,0.0,0.0,0.08004270767353774,32.0,0.0,0.0,0.04045449756230408,0.0
gtzan/gtzan_reggae_00099/track.npy,gtzan,0.7547169811320755,0.6603748566087868,0.7838627143764041,0.7221187854925954,0.09183673469387756,0.15306122448979592,0.5409836065573771,0.639344262295082,0.21428571428571427,0.19202933354099191,0.7224257094654928,0.45722752150324236,0.03225806451612903,0.03225806451612903,0.5483870967741935,0.5806451612903226,73.0,0.013888888888888888,0.06944444444444445,0.9359010884507988,36.0,0.0,0.02857142857142857,0.8106534277006014,0.0
gtzan/gtzan_rock_00000/track.npy,gtzan,0.8571428571428571,0.7598731466595228,0.7598731466595228,0.7598731466595228,0.7592592592592593,0.8148148148148148,0.7592592592592593,0.8148148148148148,0.7647058823529412,0.6499306035575105,0.6499306035575105,0.6499306035575105,0.14285714285714285,0.3333333333333333,0.2,0.44,64.0,0.047619047619047616,0.047619047619047616,1.3464770733746938,26.0,0.12,0.12,2.8801601035595987,0.0
gtzan/gtzan_rock_00001/track.npy,gtzan,0.9538461538461539,0.7011105273233691,0.7011105273233691,0.7011105273233691,0.7647058823529411,0.8823529411764706,0.7647058823529411,0.8823529411764706,0.6399999999999999,0.4300333517933164,0.6086504210837151,0.5193418864385158,0.0,0.0,0.8235294117647058,0.8235294117647058,41.0,0.05,0.05,2.1999644747550104,20.0,0.0,0.0,1.0910876180354105,0.0
gtzan/gtzan_rock_00002/track.npy,gtzan,1.0,0.9141920879878204,0.9141920879878204,0.9141920879878204,1.0,1.0,1.0,1.0,1.0,0.9429827488597113,0.9429827488597113,0.9429827488597113,1.0,1.0,1.0,1.0,53.0,0.0,0.0,0.07022591773454445,13.0,0.0,0.0,0.02183753175133135,0.0
gtzan/gtzan_rock_00003/track.npy,gtzan,1.0,0.8960667371691585,0.8960667371691585,0.8960667371691585,1.0,1.0,1.0,1.0,0.6666666666666666,0.5915326092086094,0.8697874277155692,0.7306600184620893,0.0,0.0,0.95,0.95,48.0,0.0,0.0,0.06252035698133686,24.0,0.0,0.0,0.031748698314582366,0.0
gtzan/gtzan_rock_00004/track.npy,gtzan,0.9850746268656716,0.7216195656063075,0.7216195656063075,0.7216195656063075,0.7941176470588235,0.9705882352941176,0.7941176470588235,0.9705882352941176,0.6666666666666666,0.4199090340554906,0.6530570340785746,0.5364830340670326,0.0,0.0,0.7777777777777778,0.9444444444444444,41.0,0.0,0.05,1.2355580992677837,22.0,0.0,0.09523809523809523,2.307350601984257,0.0
gtzan/gtzan_rock_00005/track.npy,gtzan,0.40860215053763443,0.3131153887638336,0.6414715123040532,0.4772934505339434,0.1346153846153846,0.1346153846153846,0.1346153846153846,0.40384615384615385,0.2,0.1203782097990833,0.13448466011604,0.12743143495756165,0.1,0.1,0.2,0.2,66.0,0.0,0.0,0.6931471805599394,25.0,0.0,0.0,0.9095458978922957,0.0
gtzan/gtzan_rock_00006/track.npy,gtzan,0.6478873239436619,0.5886560847701751,0.7415440780900724,0.6651000814301238,0.02127659574468085,0.02127659574468085,0.7446808510638298,0.9148936170212766,0.5,0.42498100717251985,0.631608195172891,0.5282946011727054,0.0,0.0,0.7142857142857143,0.7142857142857143,57.0,0.0,0.0,0.29442392920739646,17.0,0.0,0.0,0.2393633266805388,0.0
gtzan/gtzan_rock_00007/track.npy,gtzan,1.0,0.8304690608735618,0.8304690608735618,0.8304690608735618,1.0,1.0,1.0,1.0,0.6896551724137931,0.5936583198358736,0.8644982745841032,0.7290782972099884,0.0,0.0,1.0,1.0,45.0,0.0,0.0,0.029852963149684237,23.0,0.0,0.0,0.015037877364540209,0.0
gtzan/gtzan_rock_00008/track.npy,gtzan,0.8493150684931507,0.6949874359295682,0.6949874359295682,0.6949874359295682,0.5405405405405406,0.9459459459459459,0.5405405405405406,0.9459459459459459,0.5161290322580645,0.3892889101329525,0.6040293731334995,0.496659141633226,0.0,0.0,0.42857142857142855,0.8095238095238095,44.0,0.0,0.0,0.11991148016061261,25.0,0.0,0.0,0.7200148473946607,0.0
gtzan/gtzan_rock_00009/track.npy,gtzan,1.0,0.8653888426438906,0.8653888426438906,0.8653888426438906,1.0,1.0,1.0,1.0,0.6666666666666666,0.5487298557871942,0.796576217972401,0.6726530368797976,0.0,0.0,0.9375,0.9375,38.0,0.0,0.0,0.050010420574660236,19.0,0.0,0.0,0.025001302205416742,0.0
gtzan/gtzan_rock_00010/track.npy,gtzan,0.9315068493150684,0.7835137460835787,0.7835137460835787,0.7835137460835787,0.631578947368421,0.8421052631578947,0.631578947368421,0.8421052631578947,0.6666666666666667,0.5239490653395967,0.5335896126355179,0.5287693389875573,0.13333333333333333,0.26666666666666666,0.29411764705882354,0.4117647058823529,47.0,0.0,0.0,0.6878135311435147,18.0,0.0,0.0,1.2088711490403095,0.0
gtzan/gtzan_rock_00011/track.npy,gtzan,1.0,0.8379103028322096,0.8379103028322096,0.8379103028322096,1.0,1.0,1.0,1.0,1.0,0.8046195793461145,0.8046195793461145,0.8046195793461145,1.0,1.0,1.0,1.0,59.0,0.017241379310344827,0.034482758620689655,1.0316122950079172,15.0,0.0,0.0,0.2509898831941355,0.0
gtzan/gtzan_rock_00012/track.npy,gtzan,1.0,0.8790535477947167,0.8790535477947167,0.8790535477947167,1.0,1.0,1.0,1.0,0.7096774193548387,0.6084463327084195,0.7677226640618685,0.688084498385144,0.2,0.2,0.6666666666666666,0.6666666666666666,57.0,0.0,0.0,0.07496389284844451,25.0,0.0,0.0,0.6276064953022341,0.0
gtzan/gtzan_rock_00013/track.npy,gtzan,0.9268292682926829,0.7683927149067349,0.7683927149067349,0.7683927149067349,0.18181818181818182,0.7045454545454546,0.18181818181818182,0.7045454545454546,0.9473684210526316,0.7934414335902203,0.7934414335902203,0.7934414335902203,0.5,0.8,0.5,0.8,54.0,0.03773584905660377,0.11320754716981132,1.4135754409372878,12.0,0.0,0.0,0.7808953836802511,0.0
gtzan/gtzan_rock_00014/track.npy,gtzan,0.608695652173913,0.5110825952602559,0.6768596646578628,0.5939711299590593,0.03333333333333333,0.1111111111111111,0.10526315789473684,0.5052631578947369,0.09230769230769231,0.08899298200240578,0.12509579825616077,0.10704439012928327,0.0,0.0,0.0,0.0,105.0,0.04807692307692308,0.17307692307692307,0.8873031950009213,60.0,0.0,0.01694915254237288,1.318010462410563,0.0
gtzan/gtzan_rock_00015/track.npy,gtzan,0.6341463414634146,0.5028103818982075,0.5365416873082498,0.5196760346032286,0.025,0.0875,0.03529411764705882,0.24705882352941178,0.44000000000000006,0.3350871276413309,0.40972594236168064,0.3724065350015058,0.0,0.0,0.02564102564102564,0.07692307692307693,95.0,0.10638297872340426,0.2765957446808511,1.3583373836526873,47.0,0.043478260869565216,0.13043478260869565,1.9293718058862905,0.0
gtzan/gtzan_rock_00016/track.npy,gtzan,0.7603305785123967,0.6509081156894394,0.6509081156894394,0.6509081156894394,0.7540983606557377,0.7540983606557377,0.7540983606557377,0.7540983606557377,0.5116279069767441,0.45628210511508477,0.6429425724456279,0.5496123387803563,0.07142857142857142,0.07142857142857142,0.7241379310344828,0.7241379310344828,73.0,0.013888888888888888,0.013888888888888888,0.5038202552311905,35.0,0.0,0.0,0.31188269732990004,0.0
gtzan/gtzan_rock_00017/track.npy,gtzan,0.9803921568627451,0.8732113919100866,0.8732113919100866,0.8732113919100866,0.9803921568627451,0.9803921568627451,0.9803921568627451,0.9803921568627451,0.8571428571428571,0.791350894063662,0.791350894063662,0.791350894063662,0.7333333333333333,0.7333333333333333,0.7333333333333333,0.7333333333333333,61.0,0.0,0.0,0.08004270767353472,18.0,0.0,0.0,0.19348950245750535,0.0
gtzan/gtzan_rock_00018/track.npy,gtzan,0.9795918367346939,0.9142651409329059,0.9142651409329059,0.9142651409329059,0.9795918367346939,0.9795918367346939,0.9795918367346939,0.9795918367346939,0.6486486486486487,0.5923656295644997,0.8974370401817234,0.7449013348731115,0.0,0.0,0.92,0.92,59.0,0.0,0.0,0.08759077327010506,30.0,0.0,0.0,0.058268908123976254,0.0
gtzan/gtzan_rock_00019/track.npy,gtzan,0.98,0.908102121901036,0.908102121901036,0.908102121901036,1.0,1.0,1.0,1.0,0.9230769230769231,0.8780302549707983,0.8780302549707983,0.8780302549707983,1.0,1.0,1.0,1.0,60.0,0.0,0.0,0.08004270767353686,18.0,0.0,0.0,0.2032907961002601,0.0
gtzan/gtzan_rock_00020/track.npy,gtzan,0.5736434108527132,0.5191755743382427,0.7799773701413887,0.6495764722398156,0.0,0.0,0.375,0.7386363636363636,0.13888888888888887,0.1333967489478251,0.20225688187331461,0.16782681541056987,0.0,0.0,0.0,0.0,108.0,0.037383177570093455,0.12149532710280374,0.8171232699794133,73.0,0.027777777777777776,0.09722222222222222,1.2218318456269772,0.0
gtzan/gtzan_rock_00021/track.npy,gtzan,0.8771929824561402,0.6943784682588556,0.6943784682588556,0.6943784682588556,0.2391304347826087,0.6195652173913043,0.2391304347826087,0.6195652173913043,0.3513513513513513,0.26736094559959417,0.43106552300246886,0.3492132343010315,0.0,0.0,0.05555555555555555,0.16666666666666666,110.0,0.11009174311926606,0.1559633027522936,1.252762968495366,60.0,0.05084745762711865,0.05084745762711865,1.7512713314839725,0.0
gtzan/gtzan_rock_00022/track.npy,gtzan,0.9318181818181818,0.817973369674009,0.817973369674009,0.817973369674009,0.3010752688172043,0.7419354838709677,0.3010752688172043,0.7419354838709677,0.45454545454545453,0.3841435395832064,0.639352788804005,0.5117481641936057,0.0,0.0,0.04477611940298507,0.23880597014925373,111.0,0.08181818181818182,0.18181818181818182,0.9808292530117215,78.0,0.03896103896103896,0.07792207792207792,0.9996351083211203,0.0
gtzan/gtzan_rock_00023/track.npy,gtzan,0.9841269841269841,0.8605696005843771,0.8605696005843771,0.8605696005843771,0.96875,0.96875,0.96875,0.96875,0.6666666666666666,0.5695203690319156,0.8639256586820784,0.716723013856997,0.0,0.0,0.9375,0.9375,38.0,0.0,0.0,0.05001042057466052,19.0,0.0,0.0,0.027455320723781554,0.0
gtzan/gtzan_rock_00024/track.npy,gtzan,0.8943089430894309,0.5950078308195121,0.5950078308195121,0.5950078308195121,0.6612903225806451,0.9032258064516129,0.6612903225806451,0.9032258064516129,0.9333333333333333,0.6217119002138467,0.6217119002138467,0.6217119002138467,1.0,1.0,1.0,1.0,75.0,0.0,0.013513513513513514,0.41870119851300913,19.0,0.0,0.0,0.05462443962948893,0.0
gtzan/gtzan_rock_00025/track.npy,gtzan,0.8863636363636364,0.6372600130051335,0.6372600130051335,0.6372600130051335,0.6,0.8666666666666667,0.6,0.8666666666666667,0.9090909090909091,0.6371129091536214,0.6371129091536214,0.6371129091536214,1.0,1.0,1.0,1.0,54.0,0.0,0.03773584905660377,1.0316042048353518,14.0,0.0,0.0,0.32281554473843066,0.0
gtzan/gtzan_rock_00026/track.npy,gtzan,0.9787234042553191,0.7843682604970543,0.7843682604970543,0.7843682604970543,1.0,1.0,1.0,1.0,0.6666666666666667,0.5493225526242449,0.721212271137018,0.6352674118806314,0.14285714285714285,0.14285714285714285,0.391304347826087,0.7391304347826086,57.0,0.0,0.0,0.08787133438739031,26.0,0.0,0.0,0.587583317386273,0.0
gtzan/gtzan_rock_00027/track.npy,gtzan,0.9465648854961831,0.8059543659798569,0.8059543659798569,0.8059543659798569,0.2647058823529412,0.8382352941176471,0.2647058823529412,0.8382352941176471,0.5161290322580645,0.440611224898702,0.6654201119241895,0.5530156684114458,0.021739130434782608,0.021739130434782608,0.08695652173913043,0.34782608695652173,83.0,0.06097560975609756,0.08536585365853659,1.163150809805685,57.0,0.07142857142857142,0.07142857142857142,1.6900883076091902,0.0
gtzan/gtzan_rock_00028/track.npy,gtzan,1.0,0.8550644677155953,0.8550644677155953,0.8550644677155953,1.0,1.0,1.0,1.0,0.8484848484848484,0.7126274397159564,0.7126274397159564,0.7126274397159564,0.42105263157894735,0.5789473684210527,0.42105263157894735,0.5789473684210527,69.0,0.0,0.0,0.09097177820572618,23.0,0.0,0.0,0.7047080029610231,0.0
gtzan/gtzan_rock_00029/track.npy,gtzan,1.0,0.9129861961537734,0.9129861961537734,0.9129861961537734,1.0,1.0,1.0,1.0,0.5555555555555556,0.472337247614328,0.472337247614328,0.472337247614328,0.09090909090909091,0.13636363636363635,0.25925925925925924,0.25925925925925924,64.0,0.0,0.0,0.12783337150988194,27.0,0.0,0.0,1.4288539755386878,0.0
gtzan/gtzan_rock_00030/track.npy,gtzan,0.7047619047619048,0.5964251245078672,0.5964251245078672,0.5964251245078672,0.47368421052631576,0.543859649122807,0.47368421052631576,0.543859649122807,0.6,0.4950930651391265,0.4950930651391265,0.4950930651391265,0.3888888888888889,0.4444444444444444,0.3888888888888889,0.4444444444444444,67.0,0.045454545454545456,0.06060606060606061,1.3447664881642232,21.0,0.0,0.0,1.8176827153088468,0.0
gtzan/gtzan_rock_00031/track.npy,gtzan,1.0,0.9412741173944421,0.9412741173944421,0.9412741173944421,1.0,1.0,1.0,1.0,1.0,0.9467823506690415,0.9467823506690415,0.9467823506690415,1.0,1.0,1.0,1.0,59.0,0.0,0.0,0.039220713153283904,15.0,0.0,0.0,0.013737432854741525,0.0
gtzan/gtzan_rock_00032/track.npy,gtzan,0.9870129870129869,0.7496105956231559,0.7496105956231559,0.7496105956231559,0.9743589743589743,0.9743589743589743,0.9743589743589743,0.9743589743589743,0.6206896551724138,0.39023648268655015,0.6169641250466359,0.503600303866593,0.0,0.0,0.9473684210526315,0.9473684210526315,46.0,0.0,0.0,0.06062462181643358,23.0,0.0,0.0,0.04652001563489322,0.0
gtzan/gtzan_rock_00033/track.npy,gtzan,1.0,0.8770209712874164,0.8770209712874164,0.8770209712874164,1.0,1.0,1.0,1.0,1.0,0.7982932407614135,0.7982932407614135,0.7982932407614135,1.0,1.0,1.0,1.0,59.0,0.0,0.0,0.0769610411361272,14.0,0.0,0.0,0.028987536873253394,0.0
gtzan/gtzan_rock_00034/track.npy,gtzan,0.8405797101449275,0.741798259869626,0.741798259869626,0.741798259869626,0.1,0.475,0.10526315789473684,0.475,0.6666666666666666,0.5596457252853734,0.7962493399331253,0.6779475326092493,0.0,0.0,0.9285714285714286,0.9285714285714286,48.0,0.0,0.0,0.8053120022533139,17.0,0.0,0.0,0.026566525558577546,0.0
gtzan/gtzan_rock_00035/track.npy,gtzan,1.0,0.9125042503033363,0.9125042503033363,0.9125042503033363,1.0,1.0,1.0,1.0,0.65,0.5911323914310876,0.8736653842845633,0.7323988878578255,0.0,0.0,0.9259259259259259,0.9259259259259259,66.0,0.0,0.0,0.08062743482680941,33.0,0.0,0.0,0.04348511193974032,0.0
gtzan/gtzan_rock_00036/track.npy,gtzan,0.7272727272727273,0.5634478058908969,0.7447770985270832,0.6541124522089901,0.10204081632653061,0.14285714285714285,0.5818181818181818,0.7454545454545455,0.6666666666666666,0.4857655775995927,0.7467184267491269,0.6162420021743598,0.0,0.0,0.9285714285714286,0.9285714285714286,61.0,0.0,0.0,0.6570908131682314,18.0,0.0,0.0,0.45576610021482256,0.0
gtzan/gtzan_rock_00037/track.npy,gtzan,0.9906542056074767,0.9181163158429978,0.9181163158429978,0.9181163158429978,0.9814814814814815,0.9814814814814815,0.9814814814814815,0.9814814814814815,0.6666666666666666,0.597764298252394,0.8633334078162457,0.7305488530343198,0.038461538461538464,0.038461538461538464,0.8076923076923077,0.8846153846153846,65.0,0.0,0.0,0.08701137698963499,31.0,0.0,0.0,0.42686517964180964,0.0
gtzan/gtzan_rock_00038/track.npy,gtzan,0.9032258064516129,0.8252597183954788,0.8252597183954788,0.8252597183954788,0.20588235294117646,0.6470588235294118,0.20588235294117646,0.6470588235294118,0.6666666666666666,0.6072746471679983,0.8748057523752388,0.7410401997716185,0.0,0.0,0.9285714285714286,0.9285714285714286,43.0,0.0,0.0,0.6931471805599448,17.0,0.0,0.0,0.022223136784710284,0.0
gtzan/gtzan_rock_00039/track.npy,gtzan,0.9256198347107439,0.7214090428872508,0.7214090428872508,0.7214090428872508,0.6885245901639344,0.8852459016393442,0.6885245901639344,0.8852459016393442,0.9032258064516129,0.7704526521923409,0.7704526521923409,0.7704526521923409,0.875,0.875,0.875,0.875,74.0,0.0273972602739726,0.0410958904109589,1.0581618686287142,19.0,0.0,0.0,0.22916656798452062,0.0
gtzan/gtzan_rock_00040/track.npy,gtzan,0.5301204819277109,0.40042395333802167,0.40042395333802167,0.40042395333802167,0.1111111111111111,0.26666666666666666,0.1111111111111111,0.26666666666666666,0.30303030303030304,0.2596392341174948,0.28156879117471995,0.27060401264610734,0.0,0.0,0.13636363636363635,0.4090909090909091,58.0,0.08771929824561403,0.12280701754385964,1.9666745823278187,29.0,0.0,0.0,1.3677317400044613,0.0
gtzan/gtzan_rock_00041/track.npy,gtzan,1.0,0.9367807934101701,0.9367807934101701,0.9367807934101701,1.0,1.0,1.0,1.0,0.0,4.844640161044649e-137,0.9103821354241093,0.45519106771205464,0.0,0.0,0.9166666666666666,0.9166666666666666,59.0,0.0,0.0,0.08004270767353472,15.0,0.0,0.0,0.023588603729643696,0.0
gtzan/gtzan_rock_00042/track.npy,gtzan,0.759493670886076,0.6981374548729493,0.6981374548729493,0.6981374548729493,0.13043478260869565,0.43478260869565216,0.13043478260869565,0.43478260869565216,0.5714285714285715,0.48492199994029644,0.767122429209577,0.6260222145749367,0.0,0.0,0.5,0.65,55.0,0.018518518518518517,0.018518518518518517,0.7434095202840418,25.0,0.041666666666666664,0.041666666666666664,1.242327095460304,0.0
gtzan/gtzan_rock_00043/track.npy,gtzan,0.7079646017699115,0.6491633021106149,0.8977329359968458,0.7734481190537303,0.0273972602739726,0.0547945205479452,0.6,0.85,0.7878787878787877,0.7352907957414762,0.7352907957414762,0.7352907957414762,0.5,0.6111111111111112,0.5,0.6111111111111112,47.0,0.0,0.0,0.7534052247437036,17.0,0.0,0.0,1.530565706340127,0.0
gtzan/gtzan_rock_00044/track.npy,gtzan,0.9156626506024096,0.8036058927954406,0.8036058927954406,0.8036058927954406,0.37777777777777777,0.7111111111111111,0.37777777777777777,0.7111111111111111,0.6060606060606061,0.5172224188160148,0.5172224188160148,0.5172224188160148,0.0,0.0,0.0,0.0,54.0,0.018867924528301886,0.1320754716981132,1.5111641574119326,25.0,0.0,0.08333333333333333,2.5358971336012104,0.0
gtzan/gtzan_rock_00045/track.npy,gtzan,0.8157894736842106,0.7137614399396978,0.7137614399396978,0.7137614399396978,0.13636363636363635,0.4090909090909091,0.13636363636363635,0.4126984126984127,0.19354838709677416,0.16635020179072643,0.3342525344361671,0.2503013681134468,0.0,0.0,0.0,0.0,55.0,0.0,0.0,0.744440474947491,29.0,0.0,0.0,0.714691353882176,0.0
gtzan/gtzan_rock_00046/track.npy,gtzan,0.9885057471264368,0.799837761502006,0.799837761502006,0.799837761502006,0.9090909090909091,0.9545454545454546,0.9090909090909091,0.9545454545454546,0.9565217391304348,0.7502758934572737,0.7502758934572737,0.7502758934572737,0.75,0.75,0.75,0.75,52.0,0.0196078431372549,0.0196078431372549,0.17178892049749564,14.0,0.0,0.0,0.676465079607891,0.0
gtzan/gtzan_rock_00047/track.npy,gtzan,0.7835051546391751,0.668480631446661,0.668480631446661,0.668480631446661,0.5294117647058824,0.6862745098039216,0.5294117647058824,0.6862745098039216,0.7058823529411764,0.6095737069412255,0.6576775749426412,0.6336256409419334,0.045454545454545456,0.13636363636363635,0.34782608695652173,0.7391304347826086,60.0,0.06779661016949153,0.06779661016949153,1.333298982034997,24.0,0.08695652173913043,0.08695652173913043,2.1370349324054496,0.0
gtzan/gtzan_rock_00048/track.npy,gtzan,1.0,0.8903412471954979,0.8903412471954979,0.8903412471954979,1.0,1.0,1.0,1.0,0.6,0.5246627626630234,0.8337612745712133,0.6792120186171183,0.0,0.0,0.37037037037037035,0.8518518518518519,66.0,0.0,0.0,0.044451762570840825,31.0,0.0,0.0,0.6931471805599465,0.0
gtzan/gtzan_rock_00049/track.npy,gtzan,1.0,0.9167439711686658,0.9167439711686658,0.9167439711686658,1.0,1.0,1.0,1.0,0.5714285714285715,0.5421900953622135,0.8273768120423216,0.6847834537022676,0.0,0.0,0.45,0.6,43.0,0.0,0.0,0.08223809823697031,24.0,0.0,0.0,0.7055515244869277,0.0
gtzan/gtzan_rock_00050/track.npy,gtzan,1.0,0.9607783805465308,0.9607783805465308,0.9607783805465308,1.0,1.0,1.0,1.0,0.7222222222222222,0.6875399824910856,0.8827453654088302,0.7851426739499578,0.08695652173913043,0.13043478260869565,0.4,0.76,62.0,0.0,0.0,0.08338160893905111,28.0,0.0,0.0,0.6957644490359207,0.0
gtzan/gtzan_rock_00051/track.npy,gtzan,1.0,0.9010021041623457,0.9010021041623457,0.9010021041623457,1.0,1.0,1.0,1.0,0.8181818181818181,0.6969995688214561,0.7652226644278584,0.7311111166246572,0.15384615384615385,0.38461538461538464,0.35294117647058826,0.47058823529411764,45.0,0.0,0.0,0.0588405000229369,15.0,0.0,0.0,0.7020036309108308,0.0
gtzan/gtzan_rock_00052/track.npy,gtzan,0.9876543209876543,0.8425837715433393,0.8425837715433393,0.8425837715433393,0.9024390243902439,0.975609756097561,0.9024390243902439,0.975609756097561,0.9523809523809523,0.785341449218599,0.785341449218599,0.785341449218599,0.9090909090909091,0.9090909090909091,0.9090909090909091,0.9090909090909091,52.0,0.058823529411764705,0.0784313725490196,1.6486586255873819,16.0,0.06666666666666667,0.13333333333333333,2.465302553915819,0.0
gtzan/gtzan_rock_00053/track.npy,gtzan,1.0,0.9537569338044146,0.9537569338044146,0.9537569338044146,1.0,1.0,1.0,1.0,0.6486486486486487,0.6298370605349097,0.9295015586721574,0.7796693096035336,0.0,0.0,0.92,0.92,60.0,0.0,0.0,0.08004270767353486,30.0,0.0,0.0,0.020202707317519015,0.0
gtzan/gtzan_rock_00054/track.npy,gtzan,0.7524752475247526,0.5832576537898474,0.5832576537898474,0.5832576537898474,0.19642857142857142,0.4642857142857143,0.19642857142857142,0.4642857142857143,0.5106382978723404,0.38856466224949665,0.5923695705964902,0.49046711642299345,0.0,0.0,0.17142857142857143,0.4,69.0,0.04411764705882353,0.11764705882352941,1.3303992179298623,43.0,0.023809523809523808,0.07142857142857142,1.6796421711073537,0.0
gtzan/gtzan_rock_00055/track.npy,gtzan,0.9818181818181818,0.9009119096046782,0.9009119096046782,0.9009119096046782,0.9818181818181818,0.9818181818181818,0.9818181818181818,0.9818181818181818,0.8387096774193548,0.7284891597388621,0.7284891597388621,0.7284891597388621,0.2777777777777778,0.4444444444444444,0.2777777777777778,0.4444444444444444,66.0,0.0,0.0,0.12655339027928958,21.0,0.0,0.0,1.347990708142974,0.0
gtzan/gtzan_rock_00056/track.npy,gtzan,1.0,0.9312768755721595,0.9312768755721595,0.9312768755721595,1.0,1.0,1.0,1.0,1.0,0.9358852956541739,0.9358852956541739,0.9358852956541739,1.0,1.0,1.0,1.0,69.0,0.0,0.0,0.09097177820572677,17.0,0.0,0.0,0.014989431148162567,0.0
gtzan/gtzan_rock_00057/track.npy,gtzan,1.0,0.952612227693109,0.952612227693109,0.952612227693109,1.0,1.0,1.0,1.0,0.7428571428571429,0.7050801246544436,0.8974643885802159,0.8012722566173298,0.13636363636363635,0.13636363636363635,0.4,0.76,63.0,0.0,0.0,0.08338160893905311,25.0,0.0,0.0,0.6900381218529421,0.0
gtzan/gtzan_rock_00058/track.npy,gtzan,0.5894736842105263,0.47816248602980393,0.47816248602980393,0.47816248602980393,0.125,0.5416666666666666,0.125,0.5416666666666666,0.3333333333333333,0.3164580647769694,0.38165037077563363,0.3490542177763015,0.041666666666666664,0.125,0.20833333333333334,0.4166666666666667,57.0,0.017857142857142856,0.05357142857142857,1.14180438290185,31.0,0.03333333333333333,0.06666666666666667,2.1931745136080516,0.0
gtzan/gtzan_rock_00059/track.npy,gtzan,0.9896907216494846,0.9258472775961869,0.9258472775961869,0.9258472775961869,0.9795918367346939,0.9795918367346939,0.9795918367346939,0.9795918367346939,0.6382978723404255,0.5953034700379329,0.5953034700379329,0.5953034700379329,0.03225806451612903,0.06451612903225806,0.03225806451612903,0.06451612903225806,59.0,0.0,0.0,0.08937102421263943,37.0,0.0,0.0,1.085708883832202,0.0
gtzan/gtzan_rock_00060/track.npy,gtzan,0.9932885906040269,0.9016052394849315,0.9016052394849315,0.9016052394849315,0.9333333333333333,0.9733333333333334,0.9333333333333333,0.9733333333333334,0.6923076923076924,0.630870794847347,0.7990845361209694,0.7149776654841582,0.029411764705882353,0.08823529411764706,0.5428571428571428,0.7714285714285715,89.0,0.011363636363636364,0.011363636363636364,0.39664094254628,40.0,0.02564102564102564,0.02564102564102564,1.156047709646631,0.0
gtzan/gtzan_rock_00061/track.npy,gtzan,1.0,0.9591122184571278,0.9591122184571278,0.9591122184571278,1.0,1.0,1.0,1.0,0.2631578947368421,0.25679799210136584,0.5075408874058793,0.3821694397536226,0.0,0.0,0.04,0.08,61.0,0.0,0.0,0.08004270767354182,30.0,0.0,0.0,1.3788987006368871,0.0
gtzan/gtzan_rock_00062/track.npy,gtzan,1.0,0.8866155390633526,0.8866155390633526,0.8866155390633526,1.0,1.0,1.0,1.0,1.0,0.9085998370772845,0.9085998370772845,0.9085998370772845,1.0,1.0,1.0,1.0,62.0,0.0,0.0,0.08338160893905311,16.0,0.0,0.0,0.020619287202735648,0.0
gtzan/gtzan_rock_00063/track.npy,gtzan,1.0,0.9248499604714482,0.9248499604714482,0.9248499604714482,1.0,1.0,1.0,1.0,0.8666666666666666,0.7833226940508268,0.7833226940508268,0.7833226940508268,0.47058823529411764,0.5882352941176471,0.47058823529411764,0.5882352941176471,63.0,0.0,0.0,0.1743533871447821,22.0,0.0,0.0,0.6736755472885315,0.0
gtzan/gtzan_rock_00064/track.npy,gtzan,0.96875,0.7194286392713372,0.7194286392713372,0.7194286392713372,0.8153846153846154,0.9384615384615385,0.8153846153846154,0.9384615384615385,0.4262295081967213,0.3220257852994722,0.3220257852994722,0.3220257852994722,0.0,0.0,0.020833333333333332,0.020833333333333332,80.0,0.0,0.0379746835443038,0.5599604654208589,58.0,0.0,0.0,1.120277639719804,0.0
gtzan/gtzan_rock_00065/track.npy,gtzan,0.6666666666666666,0.6236335762803006,0.9284308024490275,0.776032189364664,0.0,0.0,0.9807692307692307,0.9807692307692307,0.5,0.47928314008096085,0.7290121081123426,0.6041476240966517,0.0,0.0,0.14285714285714285,0.2857142857142857,62.0,0.0,0.0,0.08338160893905111,25.0,0.0,0.0,0.7117045390424069,0.0
gtzan/gtzan_rock_00066/track.npy,gtzan,1.0,0.8311053949028565,0.8311053949028565,0.8311053949028565,1.0,1.0,1.0,1.0,0.6666666666666666,0.5603647690305297,0.8020200134349426,0.6811923912327361,0.0,0.0,0.9375,0.9375,38.0,0.0,0.0,0.056996963829093,19.0,0.0,0.0,0.025975486403260195,0.0
gtzan/gtzan_rock_00067/track.npy,gtzan,1.0,0.8859049826470771,0.8859049826470771,0.8859049826470771,1.0,1.0,1.0,1.0,0.3846153846153846,0.33630268559924004,0.6765580346590112,0.5064303601291256,0.06666666666666667,0.06666666666666667,0.2,0.4,53.0,0.0,0.0,0.08840973981998368,20.0,0.0,0.0,0.703357722429515,0.0
gtzan/gtzan_rock_00068/track.npy,gtzan,0.9320388349514563,0.8210804641273557,0.8210804641273557,0.8210804641273557,0.5769230769230769,0.8846153846153846,0.5769230769230769,0.8846153846153846,0.391304347826087,0.33422733996684445,0.33422733996684445,0.33422733996684445,0.034482758620689655,0.034482758620689655,0.034482758620689655,0.09090909090909091,62.0,0.01639344262295082,0.03278688524590164,1.2914698970278313,35.0,0.0,0.0,1.1366785616890922,0.0
gtzan/gtzan_rock_00069/track.npy,gtzan,0.9558823529411765,0.8525944372343525,0.8525944372343525,0.8525944372343525,0.35714285714285715,0.8571428571428571,0.35714285714285715,0.8571428571428571,0.9387755102040817,0.8149646935352655,0.8149646935352655,0.8149646935352655,0.52,0.88,0.52,0.88,82.0,0.0,0.012345679012345678,0.6403747765048541,30.0,0.0,0.0,0.9818355557585757,0.0
gtzan/gtzan_rock_00070/track.npy,gtzan,0.9076923076923077,0.8077448866459732,0.8077448866459732,0.8077448866459732,0.17142857142857143,0.6714285714285714,0.17142857142857143,0.6714285714285714,0.5,0.46593158367077797,0.47015398962214977,0.46804278664646387,0.05555555555555555,0.08333333333333333,0.05555555555555555,0.08333333333333333,74.0,0.0136986301369863,0.0821917808219178,0.963702963920177,42.0,0.024390243902439025,0.024390243902439025,1.3949201777904459,0.0
gtzan/gtzan_rock_00071/track.npy,gtzan,0.989247311827957,0.895499774994869,0.895499774994869,0.895499774994869,0.9787234042553191,0.9787234042553191,0.9787234042553191,0.9787234042553191,0.6666666666666666,0.5981937118253837,0.8995539091378834,0.7488738104816335,0.0,0.0,0.9583333333333334,0.9583333333333334,57.0,0.0,0.0,0.03774032798284954,29.0,0.0,0.0,0.01869213301215547,0.0
gtzan/gtzan_rock_00072/track.npy,gtzan,0.9767441860465117,0.8531695716921899,0.8531695716921899,0.8531695716921899,0.9545454545454546,0.9545454545454546,0.9545454545454546,0.9545454545454546,1.0,0.9019229126139477,0.9019229126139477,0.9019229126139477,1.0,1.0,1.0,1.0,53.0,0.0,0.0,0.0689928714869561,13.0,0.0,0.0,0.00865806274311598,0.0
gtzan/gtzan_rock_00073/track.npy,gtzan,1.0,0.9032066327688845,0.9032066327688845,0.9032066327688845,1.0,1.0,1.0,1.0,1.0,0.9241889589525563,0.9241889589525563,0.9241889589525563,1.0,1.0,1.0,1.0,47.0,0.0,0.0,0.05636602524798203,12.0,0.0,0.0,0.00784317746102659,0.0
gtzan/gtzan_rock_00074/track.npy,gtzan,1.0,0.8862325381963628,0.8862325381963628,0.8862325381963628,1.0,1.0,1.0,1.0,0.7857142857142857,0.7195771672281513,0.7492056676525899,0.7343914174403706,0.25,0.4375,0.25,0.4375,56.0,0.0,0.0,0.07410797215372678,19.0,0.0,0.0,0.7025369209097838,0.0
gtzan/gtzan_rock_00075/track.npy,gtzan,1.0,0.9359440373470927,0.9359440373470927,0.9359440373470927,1.0,1.0,1.0,1.0,1.0,0.939002743411763,0.939002743411763,0.939002743411763,1.0,1.0,1.0,1.0,60.0,0.0,0.0,0.08004270767353568,15.0,0.0,0.0,0.014030468194768372,0.0
gtzan/gtzan_rock_00076/track.npy,gtzan,1.0,0.9253984999517371,0.9253984999517371,0.9253984999517371,1.0,1.0,1.0,1.0,1.0,0.9146038911742679,0.9146038911742679,0.9146038911742679,1.0,1.0,1.0,1.0,48.0,0.0,0.0,0.032789822822989825,12.0,0.0,0.0,0.016000341346440905,0.0
gtzan/gtzan_rock_00077/track.npy,gtzan,0.9662921348314608,0.8859427493041129,0.8859427493041129,0.8859427493041129,0.9555555555555556,0.9555555555555556,0.9555555555555556,0.9555555555555556,0.88,0.8086620799152969,0.8086620799152969,0.8086620799152969,0.21428571428571427,0.5714285714285714,0.21428571428571427,0.5714285714285714,53.0,0.0,0.0,0.03636764417087568,16.0,0.0,0.0,0.7020361279771898,0.0
gtzan/gtzan_rock_00078/track.npy,gtzan,1.0,0.9302932795826842,0.9302932795826842,0.9302932795826842,1.0,1.0,1.0,1.0,1.0,0.9594953459401784,0.9594953459401784,0.9594953459401784,1.0,1.0,1.0,1.0,49.0,0.0,0.0,0.032789822822996084,13.0,0.0,0.0,0.008163310639162202,0.0
gtzan/gtzan_rock_00079/track.npy,gtzan,1.0,0.9437163810885753,0.9437163810885753,0.9437163810885753,1.0,1.0,1.0,1.0,0.787878787878788,0.731253033825344,0.8439301401801682,0.7875915870027561,0.15,0.3,0.4,0.56,63.0,0.0,0.0,0.08338160893905311,26.0,0.0,0.0,0.6915764855798495,0.0
gtzan/gtzan_rock_00080/track.npy,gtzan,1.0,0.9301305406847111,0.9301305406847111,0.9301305406847111,1.0,1.0,1.0,1.0,1.0,0.9450876487139341,0.9450876487139341,0.9450876487139341,1.0,1.0,1.0,1.0,59.0,0.0,0.0,0.08004270767353472,15.0,0.0,0.0,0.029558802241543947,0.0
gtzan/gtzan_rock_00081/track.npy,gtzan,0.9702970297029702,0.9217724587685802,0.9217724587685802,0.9217724587685802,0.9411764705882353,0.9411764705882353,0.9411764705882353,0.9411764705882353,0.923076923076923,0.8982066289696207,0.8982066289696207,0.8982066289696207,0.5,0.7142857142857143,0.5,0.7142857142857143,61.0,0.016666666666666666,0.016666666666666666,0.08004270767353507,17.0,0.0,0.0,0.6890387979461037,0.0
gtzan/gtzan_rock_00082/track.npy,gtzan,1.0,0.9477498012999237,0.9477498012999237,0.9477498012999237,1.0,1.0,1.0,1.0,0.6896551724137931,0.6436589721840641,0.8136355243367824,0.7286472482604233,0.16666666666666666,0.16666666666666666,0.3333333333333333,0.6666666666666666,50.0,0.0,0.0,0.06453852113757458,22.0,0.0,0.0,0.7096764825111559,0.0
gtzan/gtzan_rock_00083/track.npy,gtzan,1.0,0.9712564440230714,0.9712564440230714,0.9712564440230714,1.0,1.0,1.0,1.0,0.8125000000000001,0.7822764064784153,0.8368634140605458,0.8095699102694806,0.21052631578947367,0.3684210526315789,0.24,0.48,61.0,0.0,0.0,0.04082199452025829,22.0,0.0,0.0,0.7032995520239631,0.0
gtzan/gtzan_rock_00084/track.npy,gtzan,1.0,0.900571282902478,0.900571282902478,0.900571282902478,1.0,1.0,1.0,1.0,0.9333333333333333,0.8497188589903134,0.8497188589903134,0.8497188589903134,0.625,0.75,0.625,0.75,65.0,0.0,0.0,0.08701137698962969,20.0,0.0,0.0,0.6856778222263419,0.0
gtzan/gtzan_rock_00085/track.npy,gtzan,1.0,0.8723058236305897,0.8723058236305897,0.8723058236305897,1.0,1.0,1.0,1.0,0.6666666666666666,0.5697787001144929,0.8495474254066357,0.7096630627605643,0.0,0.0,0.9090909090909091,0.9090909090909091,50.0,0.0,0.0,0.12241934821441453,26.0,0.0,0.0,0.062297284137841594,0.0
gtzan/gtzan_rock_00086/track.npy,gtzan,0.9909909909909909,0.8993196810596249,0.8993196810596249,0.8993196810596249,0.6428571428571429,0.9642857142857143,0.6428571428571429,0.9642857142857143,0.6666666666666666,0.6226229532250891,0.9218761682237296,0.7722495607244093,0.0,0.0,0.9615384615384616,0.9615384615384616,67.0,0.0,0.015151515151515152,0.25260623163361434,32.0,0.0,0.0,0.4230004335096042,0.0
gtzan/gtzan_rock_00087/track.npy,gtzan,0.9818181818181818,0.8429344327945297,0.8429344327945297,0.8429344327945297,0.9818181818181818,0.9818181818181818,0.9818181818181818,0.9818181818181818,0.6842105263157894,0.5765004101014622,0.7569340719251251,0.6667172410132937,0.125,0.125,0.5185185185185185,0.7407407407407407,67.0,0.0,0.0,0.08701137698963579,28.0,0.0,0.0,0.7014345576998839,0.0
gtzan/gtzan_rock_00088/track.npy,gtzan,1.0,0.924721102198541,0.924721102198541,0.924721102198541,1.0,1.0,1.0,1.0,0.6666666666666666,0.5947416310548256,0.8956513445157952,0.7451964877853103,0.0,0.0,0.95,0.95,46.0,0.0,0.0,0.030771658666758156,23.0,0.0,0.0,0.03077165866675438,0.0
gtzan/gtzan_rock_00089/track.npy,gtzan,1.0,0.9048988796246298,0.9048988796246298,0.9048988796246298,1.0,1.0,1.0,1.0,0.6666666666666666,0.6008681170523152,0.8872851138134351,0.7440766154328752,0.0,0.0,0.9545454545454546,0.9545454545454546,54.0,0.0,0.0,0.03636764417088045,27.0,0.0,0.0,0.03276394307034168,0.0
gtzan/gtzan_rock_00090/track.npy,gtzan,0.99009900990099,0.9137514301729686,0.9137514301729686,0.9137514301729686,0.9803921568627451,0.9803921568627451,0.9803921568627451,0.9803921568627451,0.8125000000000001,0.754297700539956,0.754297700539956,0.754297700539956,0.42105263157894735,0.42105263157894735,0.42105263157894735,0.42105263157894735,61.0,0.0,0.0,0.08037659780008606,24.0,0.0,0.0,0.6701756741487807,0.0
gtzan/gtzan_rock_00091/track.npy,gtzan,1.0,0.9071593702993073,0.9071593702993073,0.9071593702993073,1.0,1.0,1.0,1.0,0.8108108108108109,0.7240975237089183,0.7440256207581387,0.7340615722335285,0.13636363636363635,0.4090909090909091,0.13636363636363635,0.41379310344827586,72.0,0.0,0.0,0.19105523676271052,28.0,0.0,0.0,0.693147180559947,0.0
gtzan/gtzan_rock_00092/track.npy,gtzan,1.0,0.8922915721945176,0.8922915721945176,0.8922915721945176,1.0,1.0,1.0,1.0,1.0,0.8915566834573367,0.8915566834573367,0.8915566834573367,1.0,1.0,1.0,1.0,66.0,0.0,0.0,0.08701137698963148,16.0,0.0,0.0,0.010929070532191054,0.0
gtzan/gtzan_rock_00093/track.npy,gtzan,0.9885057471264368,0.8567070568832381,0.8567070568832381,0.8567070568832381,0.9772727272727273,0.9772727272727273,0.9772727272727273,0.9772727272727273,0.7096774193548387,0.642011168022645,0.877350893907285,0.7596810309649651,0.05,0.05,0.6666666666666666,0.9047619047619048,55.0,0.05555555555555555,0.05555555555555555,1.2682681845722594,23.0,0.0,0.0,0.6931471805599454,0.0
gtzan/gtzan_rock_00094/track.npy,gtzan,0.989247311827957,0.8944453022276309,0.8944453022276309,0.8944453022276309,0.9787234042553191,0.9787234042553191,0.9787234042553191,0.9787234042553191,0.1,0.09493597785329341,0.22191327218398263,0.15842462501863802,0.0,0.0,0.0,0.0,56.0,0.0,0.0,0.07803962442422284,31.0,0.0,0.0,0.7041566637608662,0.0
gtzan/gtzan_rock_00095/track.npy,gtzan,0.5411764705882354,0.46668112869096606,0.5564618617175658,0.5115714952042659,0.5116279069767442,0.5116279069767442,0.5116279069767442,0.5116279069767442,0.5,0.44677714247393024,0.4792194271000228,0.4629982847869765,0.42857142857142855,0.5,0.42857142857142855,0.5,51.0,0.0,0.0,0.035091319811275556,17.0,0.0,0.0,0.7043733239574794,0.0
gtzan/gtzan_rock_00096/track.npy,gtzan,0.9896907216494846,0.8769699193242811,0.8769699193242811,0.8769699193242811,0.9183673469387755,0.9591836734693877,0.9183673469387755,0.9591836734693877,1.0,0.9037713194420358,0.9037713194420358,0.9037713194420358,1.0,1.0,1.0,1.0,57.0,0.0,0.0,0.13922072485102663,15.0,0.0,0.0,0.6366235560265545,0.0
gtzan/gtzan_rock_00097/track.npy,gtzan,0.9906542056074767,0.908440768990873,0.908440768990873,0.908440768990873,0.9814814814814815,0.9814814814814815,0.9814814814814815,0.9814814814814815,0.7777777777777778,0.7218176313584549,0.8251644631327152,0.773491047245585,0.09090909090909091,0.22727272727272727,0.25925925925925924,0.6296296296296297,65.0,0.0,0.0,0.08701137698962769,25.0,0.0,0.0,0.7037292898904822,0.0
gtzan/gtzan_rock_00098/track.npy,gtzan,0.7610619469026548,0.5992730479445239,0.6039658480878628,0.6016194480161934,0.08955223880597014,0.373134328358209,0.10989010989010989,0.373134328358209,0.6285714285714286,0.4419572665412897,0.4419572665412897,0.4419572665412897,0.13043478260869565,0.21739130434782608,0.17391304347826086,0.21739130434782608,76.0,0.05333333333333334,0.09333333333333334,1.625013950913514,25.0,0.0,0.0,1.8024104811103658,0.0
gtzan/gtzan_rock_00099/track.npy,gtzan,0.6875,0.5615714011512055,0.5615714011512055,0.5615714011512055,0.11764705882352941,0.39215686274509803,0.11764705882352941,0.39215686274509803,0.1111111111111111,0.11891748270002195,0.32169134492525725,0.2203044138126396,0.0,0.0,0.08,0.2,53.0,0.0,0.09615384615384616,1.4533493255917964,27.0,0.0,0.038461538461538464,2.196180797135851,0.0
